data,hora,natureza_acidente,situacao,bairro,endereco,detalhe_endereco_acidente,complemento,bairro_cruzamento,sentido_via,tipo,descricao,auto,moto,ciclom,ciclista,pedestre,onibus,caminhao,viatura,outros,vitimas,vitimasfatais,acidente_verificado,tempo_clima,situacao_semaforo,sinalizacao,condicao_via,conservacao_via,ponto_controle,situacao_placa,velocidade_max_via,mao_direcao,divisao_via1,natureza,ano,mes,dia,dia_semana,hora_ocorrencia
2020-01-05,13:14:00,SEM VÍTIMA,FINALIZADA,Não informado,AV CAXANGA,RUA VISCONDE DO URUGUAI,Não informado,Não informado,SUBURBIO,ABALROAMENTO TRANSVERSAL,COLISÃO SEM VITIMA,1.0,1.0,0.0,0.0,0.0,1.0,0.0,0.0,0.0,0.0,0.0,Longo da via,Bom,Sem defeito,Perfeito estado,Seca,Perfeito estado,Outros,Outras,60.0,Única,Faixa seccionada,Não informado,2020,1,5,6,13.0
2020-01-05,13:28:00,SEM VÍTIMA,FINALIZADA,GRAÇAS,RUA DO ESPINHEIRO,Não informado,CLIN ( PLANO ODONTOLÓGICO DIGITAL),GRAÇAS,CIDADE,ABALROAMENTO TRANSVERSAL,SEM VITIMAS,2.0,1.0,0.0,0.0,0.0,0.0,0.0,0.0,0.0,0.0,0.0,Longo da via,Bom,Não existe,Perfeito estado,Seca,Perfeito estado,Não existe,Outras,60.0,Única,Faixa seccionada,Não informado,2020,1,5,6,13.0
2020-01-05,14:29:00,SEM VÍTIMA,FINALIZADA,PINA,AV ANTONIO DE GOES,RUA CACILDA IOLANDA PORCIUNCULA,PONTE GOV. PAULO GUERRA,PINA,Não informado,COLISÃO TRASEIRA,SEM VITIMAS,3.0,1.0,0.0,0.0,0.0,0.0,0.0,0.0,0.0,0.0,0.0,Longo da via,Bom,Não existe,Perfeito estado,Seca,Perfeito estado,Não existe,R-19,40.0,Única,Faixa seccionada,Não informado,2020,1,5,6,14.0
2020-01-05,16:05:00,COM VÍTIMA,FINALIZADA,MADALENA,RUA PROFESSOR BENEDITO MONTEIRO,Não informado,RUA AO LADO DO INTERNACIONAL- JUNTO A ESCOLA POLITECNICA DE PE,MADALENA,Não informado,COLISÃO TRASEIRA,COLISÃO COM VITIMA,1.0,1.0,0.0,0.0,0.0,0.0,0.0,0.0,0.0,1.0,0.0,Longo da via,Bom,Não existe,Perfeito estado,Seca,Perfeito estado,Não existe,R-6a,60.0,Única,Faixa seccionada,Não informado,2020,1,5,6,16.0
2020-01-05,17:07:00,SEM VÍTIMA,FINALIZADA,PINA,AV CONSELHEIRO AGUIAR,RUA TOME GIBSON,PADARIA MIRAMAR,PINA,Não informado,ABALROAMENTO TRANSVERSAL,SEM VITIMAS,1.0,1.0,0.0,0.0,0.0,1.0,0.0,0.0,0.0,0.0,0.0,Cruzamento,Bom,Sem defeito,Perfeito estado,Seca,Perfeito estado,Faixa de pedestre,Não há placas,60.0,Dupla,Faixa seccionada,Não informado,2020,1,5,6,17.0
2020-01-05,19:23:00,COM VÍTIMA,FINALIZADA,MUSTARDINHA,RUA VINTE E UM DE ABRIL,RUA JOAO LEITE,E/F A CAPELA DE SÃO JOSÉ / PRÓX A MT-MOTOS,MUSTARDINHA,SUBURBIO,ATROPELAMENTO,ENTRE MOTO E PEDESTRE. C/V,1.0,1.0,0.0,0.0,1.0,0.0,0.0,0.0,0.0,2.0,0.0,Longo da via,Bom,Não existe,Não existente,Seca,Perfeito estado,Não existe,Não há placas,60.0,Dupla,Não existe,Não informado,2020,1,5,6,19.0
2020-01-05,19:31:00,SEM VÍTIMA,FINALIZADA,ROSARINHO,AV SANTOS DUMONT,Não informado,Não informado,ROSARINHO,Não informado,COLISÃO TRASEIRA,COLISAO SEM VITIMAS,2.0,1.0,0.0,0.0,0.0,0.0,0.0,0.0,0.0,0.0,0.0,Longo da via,Bom,Sem defeito,Perfeito estado,Seca,Perfeito estado,Não existe,R-6a,60.0,Única,Não existe,Não informado,2020,1,5,6,19.0
2020-01-05,19:35:00,COM VÍTIMA,FINALIZADA,LINHA DO TIRO,RUA PROFESSOR JOSE AMARINO DOS REIS,Não informado,E/F A ASSEMBLEIA DE DEUS,LINHA DO TIRO,SUBURBIO,ATROPELAMENTO,ENTRE MOTO E PEDESTRE. C/V,1.0,1.0,0.0,0.0,1.0,0.0,0.0,0.0,0.0,1.0,0.0,Longo da via,Bom,Não existe,Não existente,Seca,Perfeito estado,Não existe,Não há placas,60.0,Dupla,Não existe,Não informado,2020,1,5,6,19.0
2020-01-05,19:47:00,SEM VÍTIMA,CANCELADA,CÓRREGO DO JENIPAPO,RUA ERUNDINA NEGREIROS DE ARAUJO,Não informado,PROX AO TERMINAL DO LARGO DO MARACANA,CÓRREGO DO JENIPAPO,Não informado,COLISÃO,COLISAO SEM VITMAS,1.0,1.0,0.0,0.0,0.0,0.0,0.0,0.0,0.0,0.0,0.0,Não informado,Não informado,Não informado,Não informado,Não informado,Não informado,Não informado,Não informado,60.0,Não informado,Não informado,Não informado,2020,1,5,6,19.0
2020-01-05,19:49:00,COM VÍTIMA,FINALIZADA,IBURA,AV DOIS RIOS,LAD DA COHAB,AO LADO DA POLICLINICA ARNALDO BARROS. LADO OPOSTO AO POSTE B041617.,IBURA,SUBURBIO,ABALROAMENTO TRANSVERSAL,ENTRE AUTO E MOTO. C/V,1.0,1.0,0.0,0.0,0.0,0.0,0.0,0.0,0.0,2.0,0.0,Esquina,Bom,Não existe,Perfeito estado,Seca,Perfeito estado,Não existe,Não há placas,60.0,Dupla,Canteiro central,Não informado,2020,1,5,6,19.0
2020-01-05,20:08:00,SEM VÍTIMA,FINALIZADA,TORRÕES,AV ENGENHEIRO ABDIAS DE CARVALHO,Não informado,EM FRENTE AO PLATO TURBO,TORRÕES,CIDADE,ABALROAMENTO LONGITUDINAL,COLISAO SEM VITIMAS,1.0,1.0,0.0,0.0,0.0,0.0,0.0,0.0,2.0,0.0,0.0,Longo da via,Bom,Não existe,Perfeito estado,Seca,Perfeito estado,Não existe,Não há placas,60.0,Única,Faixa seccionada,Não informado,2020,1,5,6,20.0
2020-01-05,22:35:00,COM VÍTIMA,FINALIZADA,CASA FORTE,EST DO ENCANAMENTO,EST DAS UBAIAS-,NO CRUZAMENTO MESMO,CASA FORTE,SUBURBIO,ABALROAMENTO TRANSVERSAL,COLISAO COM VITIMAS,1.0,1.0,0.0,0.0,0.0,0.0,0.0,0.0,0.0,1.0,0.0,Cruzamento,Bom,Sem defeito,Perfeito estado,Seca,Perfeito estado,Faixa de pedestre,Outras,60.0,Única,Faixa contínua,Não informado,2020,1,5,6,22.0
2020-01-06,06:47:00,SEM VÍTIMA,FINALIZADA,ÁGUA FRIA,AV BEBERIBE,RUA ZEFERINO AGRA,Não informado,ÁGUA FRIA,CIDADE,ABALROAMENTO LONGITUDINAL,S/VITIMA,1.0,1.0,0.0,0.0,0.0,0.0,0.0,0.0,0.0,0.0,0.0,Longo da via,Bom,Não existe,Perfeito estado,Seca,Perfeito estado,Faixa de pedestre,R-6a,60.0,Dupla,Faixa contínua,Não informado,2020,1,6,0,6.0
2020-01-06,07:00:00,SEM VÍTIMA,FINALIZADA,ILHA DO LEITE,AV GOVERNADOR AGAMENON MAGALHAES,RUA HENRIQUE DIAS,SOB A LINHA DE RETENÇÃO DO SEMÁFORO Nº 068,ILHA DO LEITE,Não informado,COLISÃO TRASEIRA,COLISAO S/ VITIMA. ENTRE DOIS VEICULOS. GM: JOAO VITOR E MAURICIOS SANTOS NO LOCAL,2.0,1.0,0.0,0.0,0.0,0.0,0.0,0.0,0.0,0.0,0.0,Longo da via,Bom,Sem defeito,Perfeito estado,Seca,Perfeito estado,Agente,Não há placas,60.0,Dupla,Faixa seccionada,Não informado,2020,1,6,0,7.0
2020-01-06,07:31:00,COM VÍTIMA,FINALIZADA,PRADO,AV ENGENHEIRO ABDIAS DE CARVALHO,RUA CARLOS GOMES,PRÓXIMO A FARMÁCIA PAGUE MENOS,PRADO,CIDADE,COLISÃO COM CICLISTA,AUTO E BICICLETA.,1.0,1.0,0.0,1.0,0.0,0.0,0.0,0.0,0.0,1.0,0.0,Esquina,Bom,Sem defeito,Perfeito estado,Seca,Perfeito estado,Não informado,Outras,60.0,Única,Não informado,Não informado,2020,1,6,0,7.0
2020-01-06,08:35:00,SEM VÍTIMA,FINALIZADA,IMBIRIBEIRA,RUA ENGENHEIRO JOSE BRANDAO CAVALCANTE,RUA GENERAL GOES MONTEIRO,Não informado,IMBIRIBEIRA,CIDADE,ABALROAMENTO TRANSVERSAL,SEM VITIMAS,2.0,1.0,0.0,0.0,0.0,0.0,0.0,0.0,0.0,0.0,0.0,Cruzamento,Bom,Não existe,Não existente,Seca,Perfeito estado,Não existe,Não há placas,60.0,Dupla,Não existe,Não informado,2020,1,6,0,8.0
2020-01-06,08:54:00,SEM VÍTIMA,CANCELADA,CASA AMARELA,RUA PADRE LEMOS,Não informado,EM FRENTE A CAIXA ECONOMICA,CASA AMARELA,Não informado,COLISÃO,COLISAO S/ VITIMA ENTRE ONIBUS E CARRO PASSEIO,1.0,1.0,0.0,0.0,0.0,1.0,0.0,0.0,0.0,0.0,0.0,Não informado,Não informado,Não informado,Não informado,Não informado,Não informado,Não informado,Não informado,60.0,Não informado,Não informado,Não informado,2020,1,6,0,8.0
2020-01-06,09:03:00,COM VÍTIMA,FINALIZADA,MANGABEIRA,AV NORTE,RUA RODRIGUES SETE,PROX. TOTAL CAR,MANGABEIRA,CIDADE,ABALROAMENTO TRANSVERSAL,COLISAO COM VITIMA ENTRE VEICULO E MOTO,1.0,1.0,0.0,0.0,0.0,0.0,0.0,0.0,0.0,1.0,0.0,Longo da via,Bom,Sem defeito,Perfeito estado,Seca,Perfeito estado,Outros,Não há placas,60.0,Dupla,Canteiro central,Não informado,2020,1,6,0,9.0
2020-01-06,09:30:00,SEM VÍTIMA,FINALIZADA,AREIAS,AV RECIFE,Não informado,MAKRO,AREIAS,SUBURBIO,COLISÃO TRASEIRA,SEM VITIMAS,1.0,1.0,0.0,0.0,0.0,0.0,1.0,0.0,0.0,0.0,0.0,Longo da via,Bom,Não informado,Perfeito estado,Seca,Perfeito estado,Faixa de pedestre,Não informado,60.0,Dupla,Canteiro central,Não informado,2020,1,6,0,9.0
2020-01-06,10:21:00,SEM VÍTIMA,FINALIZADA,ESPINHEIRO,AV GOVERNADOR AGAMENON MAGALHAES,Não informado,EM FRENTE A MEDICAL,ESPINHEIRO,Não informado,CHOQUE VEÍCULO PARADO,DOIS AUTOS,2.0,1.0,0.0,0.0,0.0,0.0,0.0,0.0,0.0,0.0,0.0,Longo da via,Bom,Não existe,Perfeito estado,Seca,Perfeito estado,Não existe,Não há placas,60.0,Dupla,Faixa seccionada,Não informado,2020,1,6,0,10.0
2020-01-06,10:21:00,SEM VÍTIMA,FINALIZADA,BOA VISTA,RUA DO HOSPICIO,Não informado,EM FRENTE A LOJAS AMERICANAS,BOA VISTA,CIDADE,ABALROAMENTO LONGITUDINAL,COLISÃO S/VITIMAS ENTRE UM AUTO E UM ONIBUS,1.0,1.0,0.0,0.0,0.0,1.0,0.0,0.0,0.0,0.0,0.0,Longo da via,Bom,Não existe,Perfeito estado,Seca,Perfeito estado,Não existe,Outras,60.0,Única,Não existe,Não informado,2020,1,6,0,10.0
2020-01-06,11:15:00,SEM VÍTIMA,FINALIZADA,SAN MARTIN,AV ENGENHEIRO ABDIAS DE CARVALHO,RUA QUINZE DE MARCO,SEMÁFORO 422,SAN MARTIN,CIDADE,COLISÃO TRASEIRA,DOIS AUTOS,2.0,1.0,0.0,0.0,0.0,0.0,0.0,0.0,0.0,0.0,0.0,Cruzamento,Bom,Sem defeito,Perfeito estado,Seca,Perfeito estado,Faixa de pedestre,Não há placas,60.0,Dupla,Canteiro central,Não informado,2020,1,6,0,11.0
2020-01-06,11:49:00,SEM VÍTIMA,FINALIZADA,SANTO AMARO,TRV CRUZ CABUGA,Não informado,AO LADO DO SHOPPING TACARUNA,SANTO AMARO,CIDADE,ABALROAMENTO LONGITUDINAL,COLISAO S/ VITIMA ENTRE VEICULO E MOTO,1.0,1.0,0.0,0.0,0.0,0.0,0.0,0.0,0.0,0.0,0.0,Longo da via,Bom,Não existe,Perfeito estado,Seca,Perfeito estado,Não existe,R-6a,60.0,Única,Não existe,Não informado,2020,1,6,0,11.0
2020-01-06,11:53:00,SEM VÍTIMA,FINALIZADA,PAISSANDU,AV GOVERNADOR AGAMENON MAGALHAES,Não informado,LADO OPOSTO AO Nº 4575,PAISSANDU,Não informado,ABALROAMENTO LONGITUDINAL,DOIS AUTOS,2.0,1.0,0.0,0.0,0.0,0.0,0.0,0.0,0.0,0.0,0.0,Longo da via,Bom,Sem defeito,Perfeito estado,Seca,Perfeito estado,Faixa de pedestre,Outras,60.0,Dupla,Canteiro central,Não informado,2020,1,6,0,11.0
2020-01-06,12:10:00,SEM VÍTIMA,FINALIZADA,PINA,AV ANTONIO DE GOES,Não informado,EM FRENTE A LOJA FBA NAUTICA,PINA,CIDADE,COLISÃO TRASEIRA,COLISAO ENTRE AUTO E MOTO S/V,1.0,1.0,0.0,0.0,0.0,0.0,0.0,0.0,0.0,0.0,0.0,Longo da via,Bom,Sem defeito,Perfeito estado,Seca,Perfeito estado,Agente,Não há placas,60.0,Única,Faixa contínua,Não informado,2020,1,6,0,12.0
2020-01-06,12:47:00,SEM VÍTIMA,FINALIZADA,PINA,AV HERCULANO BANDEIRA,RUA ARQUITETO AUGUSTO REINALDO,EM FRENTE AO ATACADO DA CONTRUÇAO,PINA,SUBURBIO,ABALROAMENTO LONGITUDINAL,COLISAO ENTRE,1.0,1.0,0.0,0.0,0.0,1.0,0.0,0.0,0.0,0.0,0.0,Cruzamento,Bom,Sem defeito,Perfeito estado,Seca,Perfeito estado,Faixa de pedestre,Não há placas,60.0,Única,Não informado,Não informado,2020,1,6,0,12.0
2020-01-06,13:00:00,SEM VÍTIMA,FINALIZADA,IMBIRIBEIRA,AV MARECHAL MASCARENHAS DE MORAES,Não informado,Não informado,IMBIRIBEIRA,CIDADE,COLISÃO TRASEIRA,COLISAO ENTRE AUTO E MOTO S/V,1.0,1.0,0.0,0.0,0.0,0.0,0.0,0.0,0.0,0.0,0.0,Cruzamento,Bom,Sem defeito,Perfeito estado,Seca,Perfeito estado,Não informado,Outras,60.0,Dupla,Canteiro central,Não informado,2020,1,6,0,13.0
2020-01-06,13:04:00,SEM VÍTIMA,FINALIZADA,IMBIRIBEIRA,AV MARECHAL MASCARENHAS DE MORAES,Não informado,AEROPORTO,IMBIRIBEIRA,SUBURBIO,ABALROAMENTO LONGITUDINAL,COLISAO ENTRE DOIS AUTOS S/V,2.0,1.0,0.0,0.0,0.0,0.0,0.0,0.0,0.0,0.0,0.0,Longo da via,Bom,Sem defeito,Perfeito estado,Seca,Perfeito estado,Faixa de pedestre,Não há placas,60.0,Dupla,Canteiro central,Não informado,2020,1,6,0,13.0
2020-01-06,13:14:00,COM VÍTIMA,FINALIZADA,IMBIRIBEIRA,RUA ARQUITETO LUIZ NUNES,Não informado,AO LADO DA DROGASIL,IMBIRIBEIRA,SUBURBIO,ABALROAMENTO LONGITUDINAL,COLISAO COM VITIMA ENTRE VEICULO E MOTO,1.0,1.0,0.0,0.0,0.0,0.0,0.0,0.0,0.0,1.0,0.0,Longo da via,Bom,Não existe,Ilegível,Seca,Mal iluminada,Não existe,Outras,60.0,Dupla,Faixa seccionada,Não informado,2020,1,6,0,13.0
2020-01-06,13:36:00,SEM VÍTIMA,FINALIZADA,BOA VISTA,RUA DOM BOSCO,RUA JOAQUIM DE BRITO,Não informado,BOA VISTA,CIDADE,ABALROAMENTO LONGITUDINAL,COLISÃO SEM VITIMA,2.0,1.0,0.0,0.0,0.0,0.0,0.0,0.0,0.0,0.0,0.0,Cruzamento,Bom,Não existe,Incompleta,Seca,Perfeito estado,Não informado,Placas Pare,60.0,Não informado,Não existe,Não informado,2020,1,6,0,13.0
2020-01-06,13:44:00,COM VÍTIMA,FINALIZADA,PINA,AV REPUBLICA DO LIBANO,Não informado,VIADUTO SHOPPING RIO MAR.,PINA,SUBURBIO,ABALROAMENTO LONGITUDINAL,COLISAO COM VITIMA ENTRE VEICULO E MOTO,1.0,1.0,0.0,0.0,0.0,0.0,0.0,0.0,0.0,1.0,0.0,Longo da via,Bom,Não existe,Perfeito estado,Seca,Perfeito estado,Agente,Não há placas,60.0,Única,Faixa contínua,Não informado,2020,1,6,0,13.0
2020-01-06,14:02:00,COM VÍTIMA,FINALIZADA,AREIAS,AV DR JOSE RUFINO,Não informado,E/F A IGREJA PRESBITERIANA,AREIAS,CIDADE,COLISÃO TRASEIRA,COLISAO ENTRE AUTO E MOTO,1.0,1.0,0.0,0.0,0.0,0.0,0.0,0.0,0.0,2.0,0.0,Longo da via,Bom,Sem defeito,Incompleta,Seca,Perfeito estado,Faixa de pedestre,R-6a,60.0,Dupla,Faixa contínua,Não informado,2020,1,6,0,14.0
2020-01-06,14:25:00,SEM VÍTIMA,FINALIZADA,SANTO AMARO,AV NORTE,RUA VINTE E QUATRO DE AGOSTO,EM FRENTE AO 21º CSM,SANTO AMARO,SUBURBIO,ABALROAMENTO LONGITUDINAL,Não informado,1.0,1.0,0.0,0.0,0.0,1.0,0.0,0.0,0.0,0.0,0.0,Longo da via,Bom,Sem defeito,Perfeito estado,Seca,Perfeito estado,Faixa de retenção,Outras,60.0,Dupla,Faixa contínua,Não informado,2020,1,6,0,14.0
2020-01-06,14:38:00,SEM VÍTIMA,FINALIZADA,NOVA DESCOBERTA,AV VEREADOR OTACILIO AZEVEDO,Não informado,E/F A ESCOLA ROTARY,NOVA DESCOBERTA,SUBURBIO,COLISÃO TRASEIRA,COLISAO SEM VITIMAS,1.0,1.0,0.0,0.0,0.0,0.0,0.0,0.0,0.0,0.0,0.0,Longo da via,Bom,Não existe,Perfeito estado,Seca,Perfeito estado,Faixa de pedestre,Outras,60.0,Dupla,Faixa contínua,Não informado,2020,1,6,0,14.0
2020-01-06,14:46:00,SEM VÍTIMA,FINALIZADA,PINA,RUA CONSUL JOSEPH NOUJAIM,RUA NOGUEIRA DE SOUZA,Não informado,PINA,CIDADE,ABALROAMENTO LONGITUDINAL,COLISAO DE DOIS AUTOS SEM VITIMAS,2.0,1.0,0.0,0.0,0.0,0.0,0.0,0.0,0.0,0.0,0.0,Cruzamento,Bom,Sem defeito,Perfeito estado,Seca,Perfeito estado,Faixa de pedestre,Não há placas,60.0,Única,Faixa seccionada,Não informado,2020,1,6,0,14.0
2020-01-06,14:48:00,SEM VÍTIMA,FINALIZADA,BOA VIAGEM,AV ENGENHEIRO DOMINGOS FERREIRA,Não informado,POSTO BR,BOA VIAGEM,SUBURBIO,COLISÃO TRASEIRA,COLISÃO SEM VITIMA,3.0,1.0,0.0,0.0,0.0,0.0,0.0,0.0,0.0,0.0,0.0,Longo da via,Bom,Não existe,Perfeito estado,Seca,Perfeito estado,Não existe,Não há placas,60.0,Única,Faixa seccionada,Não informado,2020,1,6,0,14.0
2020-01-06,14:59:00,SEM VÍTIMA,DUPLICIDADE,PINA,RUA CONSUL JOSEPH NOUJAIM,Não informado,Não informado,PINA,Não informado,COLISÃO,COLISÃO SEM VITIMA,2.0,1.0,0.0,0.0,0.0,0.0,0.0,0.0,0.0,0.0,0.0,Não informado,Não informado,Não informado,Não informado,Não informado,Não informado,Não informado,Não informado,60.0,Não informado,Não informado,Não informado,2020,1,6,0,14.0
2020-01-06,15:27:00,SEM VÍTIMA,FINALIZADA,ILHA DO LEITE,RUA GENERAL JOAQUIM INACIO,Não informado,AO LADO DO BANCO,ILHA DO LEITE,SUBURBIO,COLISÃO TRASEIRA,COLISAO SEM VITIMAS,2.0,1.0,0.0,0.0,0.0,0.0,0.0,0.0,0.0,0.0,0.0,Longo da via,Bom,Sem defeito,Perfeito estado,Seca,Perfeito estado,Faixa de pedestre,Não há placas,40.0,Única,Faixa contínua,Não informado,2020,1,6,0,15.0
2020-01-06,17:24:00,SEM VÍTIMA,FINALIZADA,IMBIRIBEIRA,AV MARECHAL MASCARENHAS DE MORAES,Não informado,E/F A IMBIRIBEIRA DIESEL,IMBIRIBEIRA,CIDADE,COLISÃO TRASEIRA,COLISAO ENTRE ONIBUS E AUTOS S/V,1.0,1.0,0.0,0.0,0.0,1.0,0.0,0.0,0.0,0.0,0.0,Longo da via,Bom,Sem defeito,Perfeito estado,Seca,Perfeito estado,Faixa de pedestre,Não informado,60.0,Única,Canteiro central,Não informado,2020,1,6,0,17.0
2020-01-06,17:46:00,SEM VÍTIMA,FINALIZADA,BOA VIAGEM,RUA ANTONIO FALCAO,RUA MINISTRO NELSON HUNGRIA,PARQUE TRIGO,BOA VIAGEM,Não informado,ABALROAMENTO TRANSVERSAL,COLISÃO COM VITIMA/ AGUARDANDO SAMU NO LOCAL,2.0,1.0,0.0,0.0,0.0,0.0,0.0,0.0,0.0,0.0,0.0,Cruzamento,Bom,Não existe,Incompleta,Seca,Perfeito estado,Não existe,Não há placas,60.0,Única,Não existe,Não informado,2020,1,6,0,17.0
2020-01-06,18:38:00,SEM VÍTIMA,FINALIZADA,ÁGUA FRIA,AV BEBERIBE,Não informado,MERCADINHO DOIS IRMÃOS / SOBERANO,ÁGUA FRIA,SUBURBIO,ABALROAMENTO LONGITUDINAL,COLISAO SEM VITIMAS,1.0,1.0,0.0,0.0,0.0,1.0,0.0,0.0,0.0,0.0,0.0,Longo da via,Bom,Não existe,Perfeito estado,Seca,Perfeito estado,Não existe,Não há placas,60.0,Dupla,Faixa contínua,Não informado,2020,1,6,0,18.0
2020-01-06,18:49:00,SEM VÍTIMA,FINALIZADA,BOA VIAGEM,AV CONSELHEIRO AGUIAR,Não informado,LOJA CORTA JACA,BOA VIAGEM,CIDADE,ABALROAMENTO LONGITUDINAL,ENTRE 2 AUTOS. S/V,2.0,1.0,0.0,0.0,0.0,0.0,0.0,0.0,0.0,0.0,0.0,Longo da via,Bom,Não existe,Perfeito estado,Seca,Perfeito estado,Não existe,R-6a,60.0,Única,Faixa seccionada,Não informado,2020,1,6,0,18.0
2020-01-06,18:58:00,COM VÍTIMA,FINALIZADA,SANTO ANTÔNIO,RUA DO SOL,AV GUARARAPES,CRUZAMENTO C/AV GUARARAPES,SANTO ANTÔNIO,SUBURBIO,ATROPELAMENTO,ATROPELAMENTO ENTRE CAMINHONETE E PEDESTRE.,1.0,1.0,0.0,0.0,2.0,0.0,0.0,0.0,0.0,2.0,0.0,Cruzamento,Bom,Sem defeito,Perfeito estado,Seca,Perfeito estado,Agente,R-6a,60.0,Única,Não informado,Não informado,2020,1,6,0,18.0
2020-01-06,19:32:00,SEM VÍTIMA,FINALIZADA,ROSARINHO,AV CONS ROSA E SILVA,Não informado,FARMÁCIA PAGUE MENOS,ROSARINHO,SUBURBIO,ABALROAMENTO TRANSVERSAL,ENTRE AUTO E CAMINHÃO. S/V,1.0,1.0,0.0,0.0,0.0,0.0,1.0,0.0,0.0,0.0,0.0,Longo da via,Bom,Não existe,Perfeito estado,Seca,Perfeito estado,Não existe,Não há placas,60.0,Única,Faixa contínua,Não informado,2020,1,6,0,19.0
2020-01-06,19:52:00,SEM VÍTIMA,FINALIZADA,IBURA,AV DOIS RIOS,Não informado,EM FRENTE AO Nº 1103,IBURA,Não informado,COLISÃO TRASEIRA,COLISAO SEM VITIMAS,2.0,1.0,0.0,0.0,0.0,0.0,0.0,0.0,0.0,0.0,0.0,Longo da via,Bom,Sem defeito,Perfeito estado,Seca,Mal iluminada,Não existe,Não há placas,60.0,Dupla,Faixa contínua,Não informado,2020,1,6,0,19.0
2020-01-06,20:11:00,SEM VÍTIMA,FINALIZADA,BOA VISTA,RUA LUIZ BARBALHO,RUA MIGUEL COUTO,EMLURB,BOA VISTA,CIDADE,ABALROAMENTO LONGITUDINAL,ENTRE 2 AUTOS. S/V,2.0,1.0,0.0,0.0,0.0,0.0,0.0,0.0,0.0,0.0,0.0,Cruzamento,Bom,Não existe,Não informado,Seca,Perfeito estado,Não existe,Não há placas,60.0,Dupla,Não existe,Não informado,2020,1,6,0,20.0
2020-01-06,20:28:00,SEM VÍTIMA,FINALIZADA,SANTO ANTÔNIO,C SANTA RITA,Não informado,PRÓXIMO A ENTRADA DO TERMINAL,SANTO ANTÔNIO,CIDADE,ABALROAMENTO LONGITUDINAL,ENTRE AUTO E ÔNIBUS. S/V,1.0,1.0,0.0,0.0,0.0,1.0,0.0,0.0,0.0,0.0,0.0,Longo da via,Bom,Sem defeito,Perfeito estado,Seca,Perfeito estado,Não existe,Não há placas,60.0,Dupla,Canteiro central,Não informado,2020,1,6,0,20.0
2020-01-07,07:32:00,SEM VÍTIMA,CANCELADA,JARDIM SÃO PAULO,AV SAO PAULO,RUA CAPETINGA,200METROS APÓS O CONDOMINIO EL SALVADOR,JARDIM SÃO PAULO,BR 101,COLISÃO,SEM VITIMAS,2.0,1.0,0.0,0.0,0.0,0.0,0.0,0.0,0.0,0.0,0.0,Não informado,Não informado,Não informado,Não informado,Não informado,Não informado,Não informado,Não informado,60.0,Não informado,Não informado,Não informado,2020,1,7,1,7.0
2020-01-07,07:32:00,SEM VÍTIMA,FINALIZADA,DOIS IRMÃOS,RUA DOIS IRMAOS,AV DA RECUPERACAO,Não informado,DOIS IRMÃOS,CIDADE,ABALROAMENTO LONGITUDINAL,COLISÃO SEM VITIMAS  GM  ANDRE MANOEL QTH,1.0,2.0,0.0,0.0,0.0,0.0,0.0,0.0,0.0,0.0,0.0,Cruzamento,Chuvoso,Sem defeito,Perfeito estado,Molhada,Perfeito estado,Não existe,Não há placas,60.0,Dupla,Não existe,Não informado,2020,1,7,1,7.0
2020-01-07,08:01:00,SEM VÍTIMA,FINALIZADA,VÁRZEA,AV CAXANGA,Não informado,LADO OPOSTO A UPA ESCRITOR PAULO CAVALCANTI CAXANGÁ,VÁRZEA,CIDADE,COLISÃO TRASEIRA,SEM VITIMA. ENTRE TRES VEICULOS. GM: FONTENELE. PONTO FIXO NO LOCAL,3.0,1.0,0.0,0.0,0.0,0.0,0.0,0.0,0.0,0.0,0.0,Longo da via,Chuvoso,Sem defeito,Perfeito estado,Molhada,Perfeito estado,Agente,Não há placas,60.0,Dupla,Faixa seccionada,Não informado,2020,1,7,1,8.0
2020-01-07,08:06:00,SEM VÍTIMA,FINALIZADA,ESPINHEIRO,AV CONS ROSA E SILVA,Não informado,EM FRENTE AO HOSPITAL DOS SERVIDORES DO ESTADO - HSE,ESPINHEIRO,SUBURBIO,COLISÃO TRASEIRA,SEM VITIMAS,2.0,1.0,0.0,0.0,0.0,0.0,0.0,0.0,0.0,0.0,0.0,Longo da via,Bom,Sem defeito,Perfeito estado,Seca,Perfeito estado,Faixa de pedestre,Não informado,60.0,Única,Faixa seccionada,Não informado,2020,1,7,1,8.0
2020-01-07,08:11:00,SEM VÍTIMA,FINALIZADA,GRAÇAS,AV RUI BARBOSA,Não informado,EM FRENTE AO Nº 870,GRAÇAS,CIDADE,COLISÃO TRASEIRA,DOIS AUTOS PONTO FIXO GM PARAISO E LUCAS,2.0,1.0,0.0,0.0,0.0,0.0,0.0,0.0,0.0,0.0,0.0,Longo da via,Bom,Sem defeito,Perfeito estado,Seca,Perfeito estado,Agente,Outras,60.0,Única,Faixa seccionada,Não informado,2020,1,7,1,8.0
2020-01-07,09:23:00,SEM VÍTIMA,FINALIZADA,AFOGADOS,RUA SAO MIGUEL,Não informado,LADO OP A PORTUGUÊS STO INÁCIO AUTO PEÇAS,AFOGADOS,CIDADE,ABALROAMENTO LONGITUDINAL,COLISÃO SEM VITIMAS,1.0,1.0,0.0,0.0,0.0,1.0,0.0,0.0,0.0,0.0,0.0,Longo da via,Bom,Sem defeito,Incompleta,Seca,Não informado,Não informado,Outras,50.0,Dupla,Não informado,Não informado,2020,1,7,1,9.0
2020-01-07,09:25:00,SEM VÍTIMA,CANCELADA,IMBIRIBEIRA,AV MARECHAL MASCARENHAS DE MORAES,Não informado,EM FRENTE AO JUIZADO DE PEQUENAS CAUSAS,IMBIRIBEIRA,AFOGADOS,COLISÃO,COLISÃO SEM VITIMAS,1.0,1.0,0.0,0.0,0.0,1.0,0.0,0.0,0.0,0.0,0.0,Não informado,Não informado,Não informado,Não informado,Não informado,Não informado,Não informado,Não informado,60.0,Não informado,Não informado,Não informado,2020,1,7,1,9.0