data,hora,natureza_acidente,situacao,bairro,endereco,detalhe_endereco_acidente,complemento,bairro_cruzamento,sentido_via,tipo,descricao,auto,moto,ciclom,ciclista,pedestre,onibus,caminhao,viatura,outros,vitimas,vitimasfatais,acidente_verificado,tempo_clima,situacao_semaforo,sinalizacao,condicao_via,conservacao_via,ponto_controle,situacao_placa,velocidade_max_via,mao_direcao,divisao_via1,natureza,ano,mes,dia,dia_semana,hora_ocorrencia
2020-01-07,09:58:00,SEM VÍTIMA,FINALIZADA,IMBIRIBEIRA,AV MARECHAL MASCARENHAS DE MORAES,RUA JOAQUIM BANDEIRA,CONCESSIONÁRIA MITSUBISH MOTORS,IMBIRIBEIRA,SUBURBIO,ABALROAMENTO LONGITUDINAL,COLISAO S/ VITIMA CAMINHAO E ONIBUS,1.0,1.0,0.0,0.0,0.0,1.0,1.0,0.0,0.0,0.0,0.0,Cruzamento,Bom,Sem defeito,Perfeito estado,Seca,Perfeito estado,Faixa de pedestre,Não há placas,60.0,Dupla,Canteiro central,Não informado,2020,1,7,1,9.0
2020-01-07,11:05:00,SEM VÍTIMA,FINALIZADA,AFLITOS,AV CONS ROSA E SILVA,Não informado,GALERIA MOLDULAR,AFLITOS,SUBURBIO,COLISÃO TRASEIRA,COLISÃO SEM VITIMAS,2.0,1.0,0.0,0.0,0.0,0.0,0.0,0.0,0.0,0.0,0.0,Longo da via,Bom,Sem defeito,Perfeito estado,Seca,Perfeito estado,Não existe,R-6a,40.0,Única,Faixa contínua,Não informado,2020,1,7,1,11.0
2020-01-07,11:20:00,SEM VÍTIMA,FINALIZADA,CAMPO GRANDE,RUA DR MACHADO,RUA VOLUNTARIOS DA PATRIA,Não informado,CAMPO GRANDE,Não informado,COLISÃO TRASEIRA,COLISÃO SEM VITIMAS,2.0,1.0,0.0,0.0,0.0,0.0,0.0,0.0,0.0,0.0,0.0,Cruzamento,Bom,Sem defeito,Perfeito estado,Seca,Perfeito estado,Não existe,Placas Pare,60.0,Única,Não existe,Não informado,2020,1,7,1,11.0
2020-01-07,11:27:00,COM VÍTIMA,FINALIZADA,IPUTINGA,RUA EMILIANO BRAGA,RUA MANOEL JOAQUIM DE ALMEIDA,ED NOVA ESPERANÇA,IPUTINGA,Não informado,ABALROAMENTO TRANSVERSAL,COLISAO COM VITIMA. ENTRE CARRO E MOTO,1.0,1.0,0.0,0.0,0.0,0.0,0.0,0.0,0.0,1.0,0.0,Cruzamento,Bom,Não existe,Incompleta,Seca,Perfeito estado,Não existe,Não há placas,60.0,Dupla,Não existe,Não informado,2020,1,7,1,11.0
2020-01-07,11:28:00,SEM VÍTIMA,FINALIZADA,ESPINHEIRO,RUA CONS PORTELA,RUA BARAO DE ITAMARACA,IGREJA MATRIZ DO ESPINHEIRO,ESPINHEIRO,CIDADE,ABALROAMENTO LONGITUDINAL,AUTO E CAMINHÃO,1.0,1.0,0.0,0.0,0.0,0.0,1.0,0.0,0.0,0.0,0.0,Longo da via,Bom,Sem defeito,Perfeito estado,Seca,Perfeito estado,Faixa de pedestre,R-6a,60.0,Única,Faixa seccionada,Não informado,2020,1,7,1,11.0
2020-01-07,11:32:00,SEM VÍTIMA,FINALIZADA,PRADO,AV ENGENHEIRO ABDIAS DE CARVALHO,Não informado,ZERO GRAU / ESTÁCIO CLÍNICA DE PSICOLOGIA,PRADO,CIDADE,COLISÃO TRASEIRA,SEM VITIMAS,2.0,1.0,0.0,0.0,0.0,0.0,0.0,0.0,0.0,0.0,0.0,Longo da via,Bom,Sem defeito,Perfeito estado,Seca,Perfeito estado,Faixa de pedestre,R-6a,60.0,Única,Faixa contínua,Não informado,2020,1,7,1,11.0
2020-01-07,12:39:00,SEM VÍTIMA,FINALIZADA,TORRE,RUA REAL DA TORRE,RUA VITORIANO PALHARES,EDF. AMADEUS E MOZART,TORRE,CIDADE,CHOQUE VEÍCULO PARADO,COLISAO ENTRE DOIS AUTOS S/V,2.0,1.0,0.0,0.0,0.0,0.0,0.0,0.0,0.0,0.0,0.0,Não informado,Bom,Não existe,Perfeito estado,Seca,Perfeito estado,Não existe,Não há placas,30.0,Única,Não existe,Não informado,2020,1,7,1,12.0
2020-01-07,12:53:00,SEM VÍTIMA,FINALIZADA,ESPINHEIRO,RUA DO ESPINHEIRO,Não informado,EM FRENTE AO HOSPITAL DE ESPINHEIRO,ESPINHEIRO,SUBURBIO,ABALROAMENTO LONGITUDINAL,COLISAO ENTRE DOIS AUTOS S/V,2.0,1.0,0.0,0.0,0.0,0.0,0.0,0.0,0.0,0.0,0.0,Longo da via,Bom,Não existe,Não existente,Seca,Perfeito estado,Não existe,Não há placas,60.0,Única,Faixa seccionada,Não informado,2020,1,7,1,12.0
2020-01-07,13:21:00,SEM VÍTIMA,FINALIZADA,CIDADE UNIVERSITÁRIA,AV PROFESSOR ARTUR DE SA,Não informado,LADO OPOSTO AO CEMITÉRIO DA VÁRZEA,CIDADE UNIVERSITÁRIA,SUBURBIO,ABALROAMENTO TRANSVERSAL,COLISÃO SEM VITIMAS,1.0,1.0,0.0,0.0,0.0,0.0,0.0,0.0,0.0,0.0,0.0,Longo da via,Bom,Não existe,Perfeito estado,Seca,Perfeito estado,Outros,Outras,30.0,Dupla,Faixa seccionada,Não informado,2020,1,7,1,13.0
2020-01-07,13:24:00,SEM VÍTIMA,FINALIZADA,ESPINHEIRO,RUA ANGUSTURA,Não informado,CHINA 48,ESPINHEIRO,CIDADE,ABALROAMENTO TRANSVERSAL,COLISAO ENTRE DOIS AUTOS S/V,2.0,1.0,0.0,0.0,0.0,0.0,0.0,0.0,0.0,0.0,0.0,Longo da via,Bom,Não existe,Perfeito estado,Seca,Perfeito estado,Não existe,Outras,60.0,Única,Não existe,Não informado,2020,1,7,1,13.0
2020-01-07,13:28:00,SEM VÍTIMA,CANCELADA,AREIAS,RUA JOAO TEIXEIRA,Não informado,EM FRENTE AO MC AÇAI LANCHES,AREIAS,Não informado,COLISÃO,COLISÃO SEM VÍTIMA,1.0,1.0,0.0,0.0,0.0,0.0,1.0,0.0,0.0,0.0,0.0,Não informado,Não informado,Não informado,Não informado,Não informado,Não informado,Não informado,Não informado,60.0,Não informado,Não informado,Não informado,2020,1,7,1,13.0
2020-01-07,13:37:00,SEM VÍTIMA,FINALIZADA,PINA,AV ANTONIO DE GOES,Não informado,EMPRESARIAL JOPIN,PINA,CIDADE,COLISÃO TRASEIRA,COLISÃO S/VITIMAS ENTRE DUAS MOTOS,1.0,2.0,0.0,0.0,0.0,0.0,0.0,0.0,0.0,0.0,0.0,Cruzamento,Bom,Sem defeito,Perfeito estado,Seca,Perfeito estado,Agente,Não informado,60.0,Única,Canteiro central,Não informado,2020,1,7,1,13.0
2020-01-07,13:57:00,SEM VÍTIMA,FINALIZADA,BAIRRO DO RECIFE,CAIS DO APOLO,Não informado,TRIBUNAL REGIONAL DA 5º REGIÃO,BAIRRO DO RECIFE,CIDADE,ABALROAMENTO LONGITUDINAL,COLISÃO SEM VITIMA,1.0,1.0,0.0,0.0,0.0,0.0,1.0,0.0,0.0,0.0,0.0,Longo da via,Bom,Sem defeito,Perfeito estado,Seca,Perfeito estado,Faixa de pedestre,R-6a,60.0,Única,Faixa seccionada,Não informado,2020,1,7,1,13.0
2020-01-07,14:21:00,SEM VÍTIMA,FINALIZADA,SANTO AMARO,AV NORTE,Não informado,EVALDO DE ALBUQUERQUE BATERIAS HELIAR,SANTO AMARO,CIDADE,ABALROAMENTO LONGITUDINAL,COLISÃO SEM VÍTIMA,1.0,1.0,0.0,0.0,0.0,1.0,0.0,0.0,0.0,0.0,0.0,Longo da via,Bom,Não existe,Perfeito estado,Seca,Perfeito estado,Outros,Outras,60.0,Dupla,Faixa seccionada,Não informado,2020,1,7,1,14.0
2020-01-07,14:40:00,SEM VÍTIMA,FINALIZADA,DERBY,AV RUI BARBOSA,AV GOVERNADOR AGAMENON MAGALHAES,Não informado,DERBY,CIDADE,ABALROAMENTO LONGITUDINAL,COLISÃO S/VITIMAS ENTRE DOIS AUTOS (GM VIEIRA NUNES E WILAMS OLIVEIRA NO QTH),2.0,1.0,0.0,0.0,0.0,0.0,0.0,0.0,0.0,0.0,0.0,Cruzamento,Bom,Sem defeito,Perfeito estado,Seca,Perfeito estado,Não informado,Outras,40.0,Única,Faixa contínua,Não informado,2020,1,7,1,14.0
2020-01-07,14:52:00,SEM VÍTIMA,FINALIZADA,IPSEP,RUA POTENGY,Não informado,Não informado,IPSEP,CIDADE,ABALROAMENTO LONGITUDINAL,COLISÃO SEM VÍTIMA,2.0,1.0,0.0,0.0,0.0,0.0,0.0,0.0,0.0,0.0,0.0,Não informado,Bom,Não existe,Perfeito estado,Seca,Perfeito estado,Não existe,Placas Pare,60.0,Única,Não existe,Não informado,2020,1,7,1,14.0
2020-01-07,15:16:00,SEM VÍTIMA,FINALIZADA,AFOGADOS,RUA IMPERIAL,Não informado,CORE,AFOGADOS,SUBURBIO,COLISÃO TRASEIRA,COLISAO ENTRE AUTO E CAMINHAO S/V,1.0,1.0,0.0,0.0,0.0,0.0,1.0,0.0,0.0,0.0,0.0,Longo da via,Bom,Sem defeito,Perfeito estado,Seca,Perfeito estado,Faixa de pedestre,Outras,60.0,Única,Faixa seccionada,Não informado,2020,1,7,1,15.0
2020-01-07,15:15:00,SEM VÍTIMA,FINALIZADA,IPSEP,AV RECIFE,Não informado,EM FRENTE A IBEX,IPSEP,SUBURBIO,ABALROAMENTO LONGITUDINAL,COLISÃO COM DOIS AUTOS E UM DOS AUTO SE CHOCOU COM O POSTE/ SEM VÍTIMA,2.0,1.0,0.0,0.0,0.0,0.0,0.0,0.0,0.0,0.0,0.0,Longo da via,Bom,Não existe,Perfeito estado,Seca,Perfeito estado,Agente,Não há placas,60.0,Dupla,Canteiro central,Não informado,2020,1,7,1,15.0
2020-01-07,15:34:00,SEM VÍTIMA,FINALIZADA,Não informado,RUA WALDEMAR NERY CARNEIRO MONTEIRO,RUA DA CONFRATERNIZACAO,COLÉGIO GESTÃO RECIFE,Não informado,SUBURBIO,COLISÃO FRONTAL,COLISÃO SEM VÍTIMA,2.0,1.0,0.0,0.0,0.0,0.0,0.0,0.0,0.0,0.0,0.0,Cruzamento,Bom,Não existe,Perfeito estado,Seca,Perfeito estado,Não existe,Não há placas,60.0,Dupla,Não existe,Não informado,2020,1,7,1,15.0
2020-01-07,15:35:00,SEM VÍTIMA,FINALIZADA,CORDEIRO,AV ENGENHEIRO ABDIAS DE CARVALHO,RUA TIJUCAS,DROGARIA DROGA MARIA,CORDEIRO,Não informado,COLISÃO TRASEIRA,COLISÃO SEM VÍTIMA,2.0,1.0,0.0,0.0,0.0,0.0,0.0,0.0,0.0,0.0,0.0,Longo da via,Bom,Sem defeito,Perfeito estado,Seca,Perfeito estado,Faixa de pedestre,Não há placas,60.0,Dupla,Canteiro central,Não informado,2020,1,7,1,15.0
2020-01-07,15:40:00,SEM VÍTIMA,FINALIZADA,CASA AMARELA,AV PEDRO ALLAIN,Não informado,EM FRENTE AO EDF EDUARDO CARDOSO,CASA AMARELA,Não informado,ABALROAMENTO LONGITUDINAL,COLISÃO S/VITIMAS ENTRE DOIS AUTOS,2.0,1.0,0.0,0.0,0.0,0.0,0.0,0.0,0.0,0.0,0.0,Longo da via,Bom,Não existe,Não existente,Seca,Perfeito estado,Não existe,Não há placas,30.0,Dupla,Não existe,Não informado,2020,1,7,1,15.0
2020-01-07,15:50:00,SEM VÍTIMA,FINALIZADA,CAMPO GRANDE,RUA ODORICO MENDES,Não informado,EM FRENTE A ULTRAGÁS,CAMPO GRANDE,SUBURBIO,COLISÃO FRONTAL,COLISÃO SEM VÍTIMA,3.0,1.0,0.0,0.0,0.0,0.0,0.0,0.0,0.0,0.0,0.0,Longo da via,Bom,Não existe,Perfeito estado,Seca,Perfeito estado,Não existe,R-6a,60.0,Dupla,Faixa seccionada,Não informado,2020,1,7,1,15.0
2020-01-07,15:59:00,SEM VÍTIMA,FINALIZADA,JARDIM SÃO PAULO,RUA LORENA,RUA BRAGANCA,AO LADO DO Nº 093,JARDIM SÃO PAULO,Não informado,ABALROAMENTO TRANSVERSAL,COLISAO ENTRE DOIS AUTOS S/V,2.0,1.0,0.0,0.0,0.0,0.0,0.0,0.0,0.0,0.0,0.0,Cruzamento,Bom,Não existe,Incompleta,Seca,Perfeito estado,Não existe,Placas Pare,60.0,Dupla,Não existe,Não informado,2020,1,7,1,15.0
2020-01-07,17:37:00,COM VÍTIMA,FINALIZADA,BOA VIAGEM,RUA VISCONDE DE JEQUITINHONHA,RUA ERNESTO DE PAULA SANTOS,NO SEMAFORO 304,BOA VIAGEM,CIDADE,COLISÃO COM CICLISTA,COLISAO COM CICLISTA,1.0,1.0,0.0,1.0,0.0,0.0,0.0,0.0,0.0,1.0,0.0,Cruzamento,Bom,Sem defeito,Perfeito estado,Seca,Perfeito estado,Faixa de pedestre,R-6a,30.0,Única,Não existe,Não informado,2020,1,7,1,17.0
2020-01-07,18:55:00,SEM VÍTIMA,FINALIZADA,BOA VIAGEM,RUA JOSE DOMINGUES DA SILVA,RUA PADRE CABRAL,EDF MONTE CATINE,BOA VIAGEM,SUBURBIO,ABALROAMENTO TRANSVERSAL,ENTRE AUTO PASSEIO X MOTO COM VÍTIMA,1.0,1.0,0.0,0.0,0.0,0.0,0.0,0.0,0.0,0.0,0.0,Cruzamento,Bom,Não existe,Perfeito estado,Seca,Perfeito estado,Faixa de retenção,Placas Pare,60.0,Dupla,Faixa contínua,Não informado,2020,1,7,1,18.0
2020-01-08,04:11:00,SEM VÍTIMA,FINALIZADA,BOA VISTA,AV CONDE DA BOA VISTA,RUA DA AURORA,CINEMA SÃO LUIZ,BOA VISTA,CIDADE,ABALROAMENTO TRANSVERSAL,COLISÃO ENTRE DOIS ÔNIBUS S/V,1.0,1.0,0.0,0.0,0.0,2.0,0.0,0.0,0.0,0.0,0.0,Cruzamento,Bom,Sem defeito,Perfeito estado,Seca,Perfeito estado,Faixa de pedestre,Outras,60.0,Dupla,Canteiro central,Não informado,2020,1,8,2,4.0
2020-01-08,07:14:00,COM VÍTIMA,FINALIZADA,IPUTINGA,RUA MAURICIO DE NASSAU,Não informado,EM FRENTE A IGREJA CONGREGAÇÃO CRISTÃ,IPUTINGA,CIDADE,COLISÃO TRASEIRA,COLISÃO COM VITIMA A ESPERA  DO SAMU,1.0,1.0,0.0,0.0,0.0,0.0,0.0,0.0,0.0,1.0,0.0,Longo da via,Bom,Não informado,Não informado,Seca,Perfeito estado,Não informado,Não informado,60.0,Dupla,Não informado,Não informado,2020,1,8,2,7.0
2020-01-08,08:47:00,SEM VÍTIMA,FINALIZADA,DERBY,PRC DO DERBY,Não informado,LADO OPOSTO AO LABORATÓRIO MARCELO MAGALHÃES,DERBY,CIDADE,ABALROAMENTO TRANSVERSAL,COLISAO S/ VITIMA. ENTRE DOIS VEICULOS,2.0,1.0,0.0,0.0,0.0,0.0,0.0,0.0,0.0,0.0,0.0,Longo da via,Bom,Não existe,Perfeito estado,Seca,Perfeito estado,Não existe,Outras,60.0,Dupla,Faixa seccionada,Não informado,2020,1,8,2,8.0
2020-01-08,09:38:00,SEM VÍTIMA,FINALIZADA,CASA AMARELA,EST DO ARRAIAL,RUA ANTONIO DE CASTRO,E/F AO EDF. VALDIR PESSOA,CASA AMARELA,SUBURBIO,ABALROAMENTO LONGITUDINAL,COLISÃO S/VITIMAS ENTRE DOIS AUTOS,2.0,1.0,0.0,0.0,0.0,0.0,0.0,0.0,0.0,0.0,0.0,Longo da via,Bom,Não existe,Perfeito estado,Seca,Perfeito estado,Não informado,Não informado,60.0,Única,Não existe,Não informado,2020,1,8,2,9.0
2020-01-08,10:28:00,COM VÍTIMA,FINALIZADA,COELHOS,RUA DOS COELHOS,PTE JOAQUIM CARDOSO,AO LADO DO IMIP,COELHOS,SUBURBIO,ABALROAMENTO LONGITUDINAL,COM DUAS VITIMAS /SAMU ACIONADO/VT 05 NO QTH,1.0,2.0,0.0,0.0,0.0,0.0,0.0,0.0,0.0,2.0,0.0,Longo da via,Bom,Não existe,Perfeito estado,Seca,Perfeito estado,Não existe,R-6a,60.0,Dupla,Faixa contínua,Não informado,2020,1,8,2,10.0
2020-01-08,10:47:00,SEM VÍTIMA,FINALIZADA,DERBY,PRC DO DERBY,RUA JENER DE SOUZA,SOB O SEMÁFORO 418,DERBY,CIDADE,COLISÃO TRASEIRA,SEM VITIMAS,2.0,1.0,0.0,0.0,0.0,0.0,0.0,0.0,0.0,0.0,0.0,Cruzamento,Bom,Sem defeito,Perfeito estado,Seca,Perfeito estado,Faixa de pedestre,Outras,60.0,Dupla,Blocos,Não informado,2020,1,8,2,10.0
2020-01-08,11:07:00,COM VÍTIMA,FINALIZADA,ARRUDA,RUA SAO BENTO,EST VELHA DE AGUA FRIA,APÓS O POSTO NORTE BRAZ,ARRUDA,SUBURBIO,ABALROAMENTO LONGITUDINAL,COLISAO COM VITIMA. ENTRE DUAS MOTOS,1.0,2.0,0.0,0.0,0.0,0.0,0.0,0.0,0.0,1.0,0.0,Longo da via,Bom,Não existe,Perfeito estado,Seca,Perfeito estado,Não existe,Não há placas,60.0,Única,Faixa seccionada,Não informado,2020,1,8,2,11.0
2020-01-08,11:22:00,SEM VÍTIMA,FINALIZADA,TORRE,RUA PADRE ANCHIETA,RUA JOSE BONIFACIO,AO LADO DO MINUTO PÃO DE AÇUCAR,TORRE,CIDADE,ABALROAMENTO LONGITUDINAL,SEM VITIMAS,2.0,1.0,0.0,0.0,0.0,0.0,0.0,0.0,0.0,0.0,0.0,Cruzamento,Bom,Sem defeito,Perfeito estado,Seca,Perfeito estado,Faixa de pedestre,R-6a,60.0,Única,Faixa seccionada,Não informado,2020,1,8,2,11.0
2020-01-08,11:41:00,SEM VÍTIMA,FINALIZADA,ARRUDA,RUA DR RAIMUNDO CAVALCANTI UCHOA,RUA DESPORTIST WALDIR SANTANA,ESQUINA DAS RUAS,ARRUDA,Não informado,ABALROAMENTO TRANSVERSAL,COLISAO S/ VITIMA. ENTRE DOIS VEICULOS,2.0,1.0,0.0,0.0,0.0,0.0,0.0,0.0,0.0,0.0,0.0,Não informado,Bom,Não existe,Não existente,Seca,Mal conservada,Não existe,Não há placas,60.0,Dupla,Não existe,Não informado,2020,1,8,2,11.0
2020-01-08,11:46:00,SEM VÍTIMA,FINALIZADA,BOA VISTA,AV GOVERNADOR AGAMENON MAGALHAES,Não informado,EM FRENTE AO CÍRCULO MILITAR DO RECIFE,BOA VISTA,Não informado,COLISÃO TRASEIRA,COLISAO S/ VITIMA. ENTRE DOIS VEICULOS. GM: JOBSON E RODRIGO NO LOCAL,2.0,1.0,0.0,0.0,0.0,0.0,0.0,0.0,0.0,0.0,0.0,Longo da via,Bom,Não existe,Perfeito estado,Seca,Perfeito estado,Não existe,Não há placas,60.0,Dupla,Canteiro central,Não informado,2020,1,8,2,11.0
2020-01-08,12:33:00,SEM VÍTIMA,FINALIZADA,IBURA,AV DOIS RIOS,RUA PINTOR AGENOR DE ALBUQUERQUE CESAR,Não informado,IBURA,SUBURBIO,ABALROAMENTO TRANSVERSAL,COLISÃO SEM VÍTIMA,1.0,1.0,0.0,0.0,0.0,1.0,0.0,0.0,0.0,0.0,0.0,Cruzamento,Bom,Sem defeito,Perfeito estado,Seca,Perfeito estado,Faixa de pedestre,Não há placas,60.0,Dupla,Faixa contínua,Não informado,2020,1,8,2,12.0
2020-01-08,13:21:00,SEM VÍTIMA,FINALIZADA,BAIRRO DO RECIFE,CAIS DO APOLO,Não informado,AREA INTERNA DO ESTACIONAMENTO DA PCR,BAIRRO DO RECIFE,Não informado,ABALROAMENTO TRANSVERSAL,COLISAO ENTRE DOIS AUTOS S/V,2.0,1.0,0.0,0.0,0.0,0.0,0.0,0.0,0.0,0.0,0.0,Não informado,Bom,Não existe,Não existente,Seca,Perfeito estado,Não existe,Não há placas,60.0,Dupla,Não existe,Não informado,2020,1,8,2,13.0
2020-01-08,13:21:00,SEM VÍTIMA,FINALIZADA,ESPINHEIRO,RUA MARQUES DO PARANA,RUA GOMES PACHECO,OFICERTA,ESPINHEIRO,Não informado,ABALROAMENTO LONGITUDINAL,ENTRE DOIS AUTOS S/V,2.0,1.0,0.0,0.0,0.0,0.0,0.0,0.0,0.0,0.0,0.0,Cruzamento,Bom,Não existe,Perfeito estado,Seca,Perfeito estado,Faixa de pedestre,Placas Pare,60.0,Única,Faixa seccionada,Não informado,2020,1,8,2,13.0
2020-01-08,13:23:00,SEM VÍTIMA,FINALIZADA,BOA VISTA,RUA DO RIACHUELO,RUA DA UNIAO,Não informado,BOA VISTA,CIDADE,COLISÃO TRASEIRA,COLISÃO SEM VÍTIMA,2.0,1.0,0.0,0.0,0.0,0.0,0.0,0.0,0.0,0.0,0.0,Longo da via,Bom,Não existe,Perfeito estado,Seca,Perfeito estado,Faixa de pedestre,Outras,60.0,Dupla,Faixa seccionada,Não informado,2020,1,8,2,13.0
2020-01-08,13:32:00,SEM VÍTIMA,FINALIZADA,COELHOS,RUA DO JARDIM,Não informado,EM FRENTE AO Nº 37 / SENTIDO ÚNICO,COELHOS,Não informado,COLISÃO TRASEIRA,ENTRE DOIS AUTOS S/V,2.0,1.0,0.0,0.0,0.0,0.0,0.0,0.0,0.0,0.0,0.0,Longo da via,Bom,Não existe,Não existente,Seca,Mal conservada,Não existe,Não há placas,60.0,Única,Não existe,Não informado,2020,1,8,2,13.0
2020-01-08,13:48:00,COM VÍTIMA,FINALIZADA,CORDEIRO,AV CAXANGA,AV INACIO MONTEIRO,PROX AO POSTO SILVA E ARAUJO,CORDEIRO,CIDADE,ABALROAMENTO LONGITUDINAL,ENTRE MOTO- AUTO PASSEIO E REBOQUE COM VÍTIMA.,1.0,1.0,0.0,0.0,0.0,0.0,0.0,0.0,1.0,1.0,0.0,Esquina,Bom,Sem defeito,Perfeito estado,Seca,Perfeito estado,Faixa de pedestre,Outras,60.0,Dupla,Faixa contínua,Não informado,2020,1,8,2,13.0
2020-01-08,14:08:00,SEM VÍTIMA,FINALIZADA,BOA VIAGEM,AV ENGENHEIRO DOMINGOS FERREIRA,Não informado,CERPE,BOA VIAGEM,SUBURBIO,COLISÃO TRASEIRA,ENTRE DOIS AUTOS S/V,2.0,1.0,0.0,0.0,0.0,0.0,0.0,0.0,0.0,0.0,0.0,Longo da via,Bom,Sem defeito,Perfeito estado,Seca,Perfeito estado,Faixa de pedestre,Não informado,60.0,Única,Faixa contínua,Não informado,2020,1,8,2,14.0
2020-01-08,14:52:00,SEM VÍTIMA,FINALIZADA,AREIAS,AV RECIFE,Não informado,LADO OPOSTO AO BIG BOMPREÇO,AREIAS,Não informado,COLISÃO TRASEIRA,COLISÃO SEM VÍTIMA,2.0,1.0,0.0,0.0,0.0,0.0,0.0,0.0,0.0,0.0,0.0,Longo da via,Bom,Sem defeito,Perfeito estado,Seca,Perfeito estado,Não informado,Outras,60.0,Dupla,Canteiro central,Não informado,2020,1,8,2,14.0
2020-01-08,15:15:00,SEM VÍTIMA,FINALIZADA,BOA VIAGEM,RUA RIBEIRO DE BRITO,RUA DOS NAVEGANTES,EDIFÍCIO LUIZA RAMOS,BOA VIAGEM,Não informado,ABALROAMENTO TRANSVERSAL,COLISAO ENTRE DOIS AUTOS S/V,2.0,1.0,0.0,0.0,0.0,0.0,0.0,0.0,0.0,0.0,0.0,Cruzamento,Bom,Não existe,Ilegível,Seca,Perfeito estado,Faixa de retenção,Placas Pare,60.0,Única,Não existe,Não informado,2020,1,8,2,15.0
2020-01-08,15:37:00,SEM VÍTIMA,CANCELADA,SANTO AMARO,AV GOVERNADOR AGAMENON MAGALHAES,Não informado,PROX AO SHOPPING TACARUNA S/T OLINDA,SANTO AMARO,Não informado,COLISÃO,COLISAO ENTRE DOIS AUTOS S/V,2.0,1.0,0.0,0.0,0.0,0.0,0.0,0.0,0.0,0.0,0.0,Não informado,Não informado,Não informado,Não informado,Não informado,Não informado,Não informado,Não informado,60.0,Não informado,Não informado,Não informado,2020,1,8,2,15.0
2020-01-08,15:43:00,SEM VÍTIMA,FINALIZADA,JORDÃO,RUA BOANERGES PEREIRA,AV MARIA IRENE,Não informado,JORDÃO,CIDADE,ABALROAMENTO LONGITUDINAL,COLISAO ENTRE DOIS AUTOS S/V,1.0,1.0,0.0,0.0,0.0,0.0,2.0,0.0,0.0,0.0,0.0,Cruzamento,Bom,Não existe,Perfeito estado,Seca,Perfeito estado,Não informado,Não informado,60.0,Não informado,Não informado,Não informado,2020,1,8,2,15.0
2020-01-08,15:47:00,COM VÍTIMA,FINALIZADA,SOLEDADE,RUA BARAO DE SAO BORJA,Não informado,E/F AO CENTRO UNIVERSITARIO TIRADENTES,SOLEDADE,SUBURBIO,ATROPELAMENTO,ATROPELAMENTO COM UMA VITIMA,1.0,1.0,0.0,0.0,1.0,0.0,0.0,0.0,0.0,1.0,0.0,Longo da via,Bom,Não existe,Perfeito estado,Seca,Perfeito estado,Não existe,R-6a,60.0,Única,Não existe,Não informado,2020,1,8,2,15.0
2020-01-08,15:54:00,SEM VÍTIMA,FINALIZADA,CASA FORTE,AV DEZESSETE DE AGOSTO,Não informado,EM FRENTE A FARMACIA PAGUE MENOS,CASA FORTE,CIDADE,COLISÃO TRASEIRA,COLISÃO SEM VÍTIMA,2.0,1.0,0.0,0.0,0.0,0.0,0.0,0.0,0.0,0.0,0.0,Longo da via,Bom,Sem defeito,Perfeito estado,Seca,Perfeito estado,Faixa de pedestre,Outras,60.0,Dupla,Faixa contínua,Não informado,2020,1,8,2,15.0
2020-01-08,16:42:00,SEM VÍTIMA,FINALIZADA,VÁRZEA,AV CAXANGA,Não informado,Não informado,VÁRZEA,CIDADE,COLISÃO TRASEIRA,COLISÃO SEM VÍTIMA,1.0,1.0,0.0,0.0,0.0,0.0,1.0,0.0,0.0,0.0,0.0,Longo da via,Bom,Sem defeito,Perfeito estado,Seca,Perfeito estado,Faixa de pedestre,R-6a,60.0,Dupla,Canteiro central,Não informado,2020,1,8,2,16.0
2020-01-08,16:59:00,SEM VÍTIMA,FINALIZADA,IMBIRIBEIRA,RUA JOAQUIM BANDEIRA,AV SUL,EM FRENTE A MICAELLY PEDROSA,IMBIRIBEIRA,SUBURBIO,ABALROAMENTO LONGITUDINAL,COLISÃO SEM VÍTIMA,2.0,1.0,0.0,0.0,0.0,0.0,0.0,0.0,0.0,0.0,0.0,Cruzamento,Bom,Não existe,Perfeito estado,Seca,Perfeito estado,Não existe,Não há placas,60.0,Única,Faixa seccionada,Não informado,2020,1,8,2,16.0
2020-01-08,17:18:00,SEM VÍTIMA,FINALIZADA,CASA FORTE,AV DEZESSETE DE AGOSTO,RUA PIAUI,AO LADO DO CENTRO MÉDICO SEN JOSE ERMIRIO DE MORRES,CASA FORTE,CIDADE,CHOQUE OBJETO FIXO,CAMINHÃO CHOCOU-SE COM O SEMÁFORO,1.0,1.0,0.0,0.0,0.0,0.0,1.0,0.0,0.0,0.0,0.0,Não informado,Bom,Sem defeito,Perfeito estado,Seca,Perfeito estado,Faixa de pedestre,R-6a,60.0,Dupla,Faixa seccionada,Não informado,2020,1,8,2,17.0
2020-01-08,17:27:00,SEM VÍTIMA,FINALIZADA,BOA VIAGEM,RUA AMALIA BERNARDINO DE SOUZA,Não informado,POR TRÁS DA FACULDADE MAURICIO DE NASSAU,BOA VIAGEM,CIDADE,COLISÃO TRASEIRA,ENTRE DOIS AUTOS S/V,2.0,1.0,0.0,0.0,0.0,0.0,0.0,0.0,0.0,0.0,0.0,Longo da via,Bom,Sem defeito,Perfeito estado,Seca,Perfeito estado,Não existe,Não há placas,60.0,Dupla,Não existe,Não informado,2020,1,8,2,17.0
2020-01-08,17:29:00,SEM VÍTIMA,FINALIZADA,AFOGADOS,RUA MOTOCOLOMBO,RUA FRANCISCO SILVEIRA,Não informado,AFOGADOS,SUBURBIO,ABALROAMENTO LONGITUDINAL,COLISÃO SEM VÍTIMA,2.0,1.0,0.0,0.0,0.0,0.0,0.0,0.0,0.0,0.0,0.0,Cruzamento,Bom,Não existe,Não existente,Seca,Perfeito estado,Não existe,Não há placas,60.0,Única,Faixa seccionada,Não informado,2020,1,8,2,17.0
2020-01-08,17:46:00,SEM VÍTIMA,FINALIZADA,SANTO ANTÔNIO,PRC DA REPUBLICA,RUA IMPERADOR PEDRO SEGUNDO,Não informado,SANTO ANTÔNIO,Não informado,ABALROAMENTO TRANSVERSAL,ENTRE ONIBUS X AUTO PASSEIO S/V,1.0,1.0,0.0,0.0,0.0,1.0,0.0,0.0,0.0,0.0,0.0,Cruzamento,Bom,Sem defeito,Perfeito estado,Seca,Perfeito estado,Não informado,Outras,60.0,Única,Faixa contínua,Não informado,2020,1,8,2,17.0