data,hora,natureza_acidente,situacao,bairro,endereco,detalhe_endereco_acidente,complemento,bairro_cruzamento,sentido_via,tipo,descricao,auto,moto,ciclom,ciclista,pedestre,onibus,caminhao,viatura,outros,vitimas,vitimasfatais,acidente_verificado,tempo_clima,situacao_semaforo,sinalizacao,condicao_via,conservacao_via,ponto_controle,situacao_placa,velocidade_max_via,mao_direcao,divisao_via1,natureza,ano,mes,dia,dia_semana,hora_ocorrencia
2020-01-08,17:58:00,SEM VÍTIMA,FINALIZADA,DERBY,AV GOVERNADOR AGAMENON MAGALHAES,Não informado,AO LADO DO CLUBE PORTUGUÊS,DERBY,Não informado,COLISÃO TRASEIRA,COLISÃO SEM VÍTIMA,3.0,1.0,0.0,0.0,0.0,0.0,0.0,0.0,0.0,0.0,0.0,Longo da via,Bom,Sem defeito,Perfeito estado,Seca,Perfeito estado,Não informado,Não há placas,60.0,Única,Faixa contínua,Não informado,2020,1,8,2,17.0
2020-01-08,18:28:00,SEM VÍTIMA,CANCELADA,CAXANGÁ,AV CAXANGA,Não informado,SOBRE PONTE DA CAXANGA/ LADO OPOSTO A INTEGRAÇÃO DA CAXANGA,CAXANGÁ,Não informado,COLISÃO,ENTRE DOIS AUTOS S/V,2.0,1.0,0.0,0.0,0.0,0.0,0.0,0.0,0.0,0.0,0.0,Não informado,Não informado,Não informado,Não informado,Não informado,Não informado,Não informado,Não informado,60.0,Não informado,Não informado,Não informado,2020,1,8,2,18.0
2020-01-08,18:37:00,SEM VÍTIMA,FINALIZADA,IPUTINGA,AV LUIZ DE LACERDA,RUA PROFESSOR MUSSA HAZIN,EM FRENTE AO COLÉGIO DESAFIO,IPUTINGA,SUBURBIO,ABALROAMENTO LONGITUDINAL,ENTRE DOIS AUTOS S/V,2.0,1.0,0.0,0.0,0.0,0.0,0.0,0.0,0.0,0.0,0.0,Longo da via,Bom,Não existe,Perfeito estado,Seca,Perfeito estado,Não existe,R-6a,60.0,Única,Faixa seccionada,Não informado,2020,1,8,2,18.0
2020-01-08,19:00:00,SEM VÍTIMA,FINALIZADA,ILHA DO RETIRO,PRC DA BANDEIRA,Não informado,EM FRENTEAO SPORT CLUB DO RECIFE,ILHA DO RETIRO,CIDADE,ABALROAMENTO LONGITUDINAL,COLISAO SEM VITIMAS,2.0,1.0,0.0,0.0,0.0,0.0,0.0,0.0,0.0,0.0,0.0,Não informado,Bom,Não existe,Perfeito estado,Seca,Perfeito estado,Não existe,R-6a,30.0,Única,Não existe,Não informado,2020,1,8,2,19.0
2020-01-08,22:39:00,SEM VÍTIMA,FINALIZADA,BOA VIAGEM,RUA BRUNO VELOSO,Não informado,Não informado,BOA VIAGEM,SUBURBIO,COLISÃO TRASEIRA,COLISAO SEM VITIMAS,2.0,1.0,0.0,0.0,0.0,0.0,0.0,0.0,0.0,0.0,0.0,Longo da via,Bom,Sem defeito,Perfeito estado,Seca,Perfeito estado,Faixa de retenção,Outras,60.0,Única,Faixa seccionada,Não informado,2020,1,8,2,22.0
2020-01-08,23:26:00,SEM VÍTIMA,FINALIZADA,ESPINHEIRO,AV JOAO DE BARROS,Não informado,Não informado,ESPINHEIRO,SUBURBIO,COLISÃO TRASEIRA,COLISAO SEM VITIMAS,2.0,1.0,0.0,0.0,0.0,0.0,0.0,0.0,0.0,0.0,0.0,Longo da via,Bom,Intermitente,Perfeito estado,Seca,Perfeito estado,Faixa de pedestre,Não há placas,60.0,Única,Faixa contínua,Não informado,2020,1,8,2,23.0
2020-01-09,01:24:00,COM VÍTIMA,FINALIZADA,ARRUDA,RUA MEM DE SA,RUA PROFESSOR JERONIMO GUEIROS,AO LADO DA FÁBRICA COCA-COLA,ARRUDA,Não informado,ABALROAMENTO TRANSVERSAL,COLISÃO ENTRE DOIS AUTOS- S/V,2.0,1.0,0.0,0.0,0.0,0.0,0.0,0.0,0.0,1.0,0.0,Cruzamento,Bom,Sem defeito,Perfeito estado,Seca,Perfeito estado,Não existe,Não há placas,30.0,Dupla,Não existe,Não informado,2020,1,9,3,1.0
2020-01-09,07:14:00,COM VÍTIMA,FINALIZADA,IPSEP,RUA PINTOR ANTONIO ALBUQUERQUE,Não informado,EM FRENTE AO SMOEPE,IPSEP,Não informado,ACID. DE PERCURSO,ACID. C/V,1.0,1.0,0.0,0.0,0.0,0.0,0.0,0.0,0.0,1.0,0.0,Longo da via,Chuvoso,Não existe,Perfeito estado,Molhada,Perfeito estado,Não existe,Não há placas,40.0,Dupla,Não existe,Não informado,2020,1,9,3,7.0
2020-01-09,07:59:00,SEM VÍTIMA,FINALIZADA,IBURA,AV ENGENHO SERRA VERDE,Não informado,MASTER PIZZA,IBURA,CIDADE,COLISÃO TRASEIRA,COLISÃO SEM VITIMAS,1.0,1.0,0.0,0.0,0.0,0.0,0.0,0.0,0.0,0.0,0.0,Longo da via,Chuvoso,Não existe,Incompleta,Molhada,Perfeito estado,Não existe,Não há placas,40.0,Única,Não existe,Não informado,2020,1,9,3,7.0
2020-01-09,08:03:00,SEM VÍTIMA,FINALIZADA,CASA AMARELA,AV NORTE,Não informado,EM FRENTE A ESCOLA MUNICIPAL ROZEMAR DE MACEDO LIMA,CASA AMARELA,SUBURBIO,COLISÃO TRASEIRA,COLISAO S/ VITIMA. ENTRE DOIS VEICULOS. VT 08 - GM: RONALDO LUIZ E RICARDO NO LOCAL,2.0,1.0,0.0,0.0,0.0,0.0,0.0,0.0,0.0,0.0,0.0,Longo da via,Chuvoso,Não existe,Perfeito estado,Molhada,Perfeito estado,Não existe,Não há placas,60.0,Dupla,Canteiro central,Não informado,2020,1,9,3,8.0
2020-01-09,08:28:00,COM VÍTIMA,FINALIZADA,PINA,AV HERCULANO BANDEIRA,Não informado,E/F JSA PNEUS,PINA,SUBURBIO,COLISÃO TRASEIRA,COLISÃO C/VITIMA ENTRE DUAS MOTOS (GMC ADELMO FERREIRA E WEMERSON NO QTH),1.0,2.0,0.0,0.0,0.0,0.0,0.0,0.0,0.0,1.0,0.0,Longo da via,Bom,Sem defeito,Perfeito estado,Seca,Perfeito estado,Não existe,Não há placas,60.0,Única,Faixa seccionada,Não informado,2020,1,9,3,8.0
2020-01-09,08:49:00,COM VÍTIMA,FINALIZADA,SAN MARTIN,AV ENGENHEIRO ABDIAS DE CARVALHO,Não informado,AO  LADO  DA CHESF,SAN MARTIN,CIDADE,COLISÃO TRASEIRA,COLISÃO C/ VITIMA  GM LUANA QTH,1.0,1.0,0.0,0.0,0.0,0.0,0.0,0.0,0.0,1.0,0.0,Longo da via,Bom,Não existe,Perfeito estado,Seca,Perfeito estado,Não existe,Não informado,60.0,Dupla,Canteiro central,Não informado,2020,1,9,3,8.0
2020-01-09,09:06:00,SEM VÍTIMA,CANCELADA,GRAÇAS,RUA ALBERTO PAIVA,Não informado,EM FRENTE A PRAÇA ELVIRA DE SOUZA,GRAÇAS,Não informado,COLISÃO,DOIS AUTOS,2.0,1.0,0.0,0.0,0.0,0.0,0.0,0.0,0.0,0.0,0.0,Não informado,Não informado,Não informado,Não informado,Não informado,Não informado,Não informado,Não informado,60.0,Não informado,Não informado,Não informado,2020,1,9,3,9.0
2020-01-09,09:34:00,SEM VÍTIMA,FINALIZADA,IMBIRIBEIRA,RUA ITACARI,RUA ITAJAI,YNOVE DRYWALL,IMBIRIBEIRA,SUBURBIO,ABALROAMENTO LONGITUDINAL,DOIS AUTOS,2.0,1.0,0.0,0.0,0.0,0.0,0.0,0.0,0.0,0.0,0.0,Cruzamento,Bom,Não existe,Perfeito estado,Seca,Perfeito estado,Faixa de pedestre,Placas Pare,30.0,Única,Faixa seccionada,Não informado,2020,1,9,3,9.0
2020-01-09,11:10:00,SEM VÍTIMA,FINALIZADA,AFOGADOS,RUA SAO MIGUEL,RUA SANTOS ARAUJO,Não informado,AFOGADOS,SUBURBIO,COLISÃO TRASEIRA,CAMINHÃO E VT-PM,1.0,1.0,0.0,0.0,0.0,0.0,1.0,0.0,1.0,0.0,0.0,Cruzamento,Bom,Sem defeito,Perfeito estado,Seca,Perfeito estado,Faixa de pedestre,Outras,60.0,Dupla,Faixa contínua,Não informado,2020,1,9,3,11.0
2020-01-09,11:18:00,SEM VÍTIMA,CANCELADA,SOLEDADE,AV JOAO DE BARROS,Não informado,EM FRENTE AO BANCO SANTANDER,SOLEDADE,CIDADE,COLISÃO,COLISÃO SEM VITIMAS,2.0,1.0,0.0,0.0,0.0,0.0,0.0,0.0,0.0,0.0,0.0,Não informado,Não informado,Não informado,Não informado,Não informado,Não informado,Não informado,Não informado,60.0,Não informado,Não informado,Não informado,2020,1,9,3,11.0
2020-01-09,11:53:00,SEM VÍTIMA,FINALIZADA,CORDEIRO,AV ENGENHEIRO ABDIAS DE CARVALHO,AV GENERAL SAN MARTIN,SOB O SEMÁFORO Nº 058,CORDEIRO,CIDADE,ABALROAMENTO LONGITUDINAL,COLISAO S/ VITIMA ENTRE VEICULO PARTICULAR E UMA VIATURA DA POLICIA.,1.0,1.0,0.0,0.0,0.0,0.0,0.0,0.0,1.0,0.0,0.0,Cruzamento,Bom,Sem defeito,Perfeito estado,Seca,Perfeito estado,Faixa de pedestre,Não há placas,60.0,Dupla,Canteiro central,Não informado,2020,1,9,3,11.0
2020-01-09,12:19:00,SEM VÍTIMA,FINALIZADA,IPSEP,AV RECIFE,Não informado,Não informado,IPSEP,Não informado,COLISÃO TRASEIRA,SEM VITIMA,3.0,1.0,0.0,0.0,0.0,0.0,0.0,0.0,0.0,0.0,0.0,Longo da via,Bom,Sem defeito,Incompleta,Seca,Perfeito estado,Não existe,Outras,60.0,Dupla,Canteiro central,Não informado,2020,1,9,3,12.0
2020-01-09,12:42:00,SEM VÍTIMA,CANCELADA,CASA AMARELA,RUA VISCONDE DE TAUNAY,RUA XAVANTES,E/F A GALERIA,CASA AMARELA,Não informado,COLISÃO,Não informado,2.0,1.0,0.0,0.0,0.0,0.0,0.0,0.0,0.0,0.0,0.0,Não informado,Não informado,Não informado,Não informado,Não informado,Não informado,Não informado,Não informado,60.0,Não informado,Não informado,Não informado,2020,1,9,3,12.0
2020-01-09,13:25:00,COM VÍTIMA,FINALIZADA,IMBIRIBEIRA,AV MARECHAL MASCARENHAS DE MORAES,Não informado,FAC. SAUDE,IMBIRIBEIRA,CIDADE,COLISÃO TRASEIRA,COLISÃO COM VITIMA...BOMBEIRO NO LOCAL,1.0,1.0,0.0,0.0,0.0,0.0,0.0,0.0,0.0,2.0,0.0,Longo da via,Bom,Sem defeito,Perfeito estado,Seca,Perfeito estado,Não existe,Outras,60.0,Dupla,Canteiro central,Não informado,2020,1,9,3,13.0
2020-01-09,13:56:00,SEM VÍTIMA,FINALIZADA,MADALENA,RUA JOAO IVO DA SILVA,AV ENGENHEIRO ABDIAS DE CARVALHO,PRÓXIMO DO HABIBS,MADALENA,Não informado,COLISÃO TRASEIRA,COLISÃO SEM VITIMA,1.0,1.0,0.0,0.0,0.0,0.0,1.0,0.0,0.0,0.0,0.0,Longo da via,Bom,Sem defeito,Perfeito estado,Seca,Perfeito estado,Agente,Não há placas,60.0,Dupla,Canal,Não informado,2020,1,9,3,13.0
2020-01-09,16:12:00,SEM VÍTIMA,FINALIZADA,ESPINHEIRO,RUA CONS PORTELA,RUA QUARENTA E OITO,FARMÁCIA PAGUE MENOS,ESPINHEIRO,CIDADE,ABALROAMENTO LONGITUDINAL,COLISAO ENTRE DOIS AUTOS S/V VT 18 NO LOCAL,2.0,1.0,0.0,0.0,0.0,0.0,0.0,0.0,0.0,0.0,0.0,Cruzamento,Bom,Sem defeito,Perfeito estado,Seca,Perfeito estado,Faixa de pedestre,R-6a,60.0,Única,Faixa contínua,Não informado,2020,1,9,3,16.0
2020-01-09,16:31:00,SEM VÍTIMA,FINALIZADA,TORRE,RUA REAL DA TORRE,Não informado,CONSUL ZELIA MACEDO,TORRE,CIDADE,CHOQUE OBJETO FIXO,CAMINÃO CHOCOU-SE COM UM POSTE DE ILUMINAÇÃO,1.0,1.0,0.0,0.0,0.0,0.0,1.0,0.0,0.0,0.0,0.0,Longo da via,Bom,Sem defeito,Perfeito estado,Seca,Perfeito estado,Outros,Outras,60.0,Única,Faixa seccionada,Não informado,2020,1,9,3,16.0
2020-01-09,16:39:00,SEM VÍTIMA,FINALIZADA,TORRE,RUA CONDE DE IRAJA,Não informado,LENDS CLUB TABULEIRA,TORRE,SUBURBIO,ABALROAMENTO LONGITUDINAL,COLISAO ENTRE ONIBUS E AUTO S/V,1.0,1.0,0.0,0.0,0.0,1.0,0.0,0.0,0.0,0.0,0.0,Longo da via,Bom,Não existe,Perfeito estado,Seca,Perfeito estado,Não existe,R-6a,60.0,Única,Faixa seccionada,Não informado,2020,1,9,3,16.0
2020-01-09,17:25:00,SEM VÍTIMA,FINALIZADA,IPSEP,AV RECIFE,AV DOM HELDER CAMARA,Não informado,IPSEP,Não informado,ABALROAMENTO TRANSVERSAL,COLISÃO SEM VÍTIMA,2.0,1.0,0.0,0.0,0.0,0.0,0.0,0.0,0.0,0.0,0.0,Cruzamento,Bom,Sem defeito,Perfeito estado,Seca,Perfeito estado,Faixa de pedestre,Não informado,60.0,Dupla,Faixa contínua,Não informado,2020,1,9,3,17.0
2020-01-09,17:30:00,COM VÍTIMA,FINALIZADA,BOA VISTA,AV GOVERNADOR AGAMENON MAGALHAES,Não informado,E/F AO COLEGIO AMERICANO BATISTA NO SEMAFORO 037 S/T OLINDA,BOA VISTA,OLINDA,ABALROAMENTO LONGITUDINAL,COLISAO ENTRE DUAS MOTO COM UM VITIMA,1.0,2.0,0.0,0.0,0.0,0.0,0.0,0.0,0.0,1.0,0.0,Longo da via,Bom,Sem defeito,Perfeito estado,Seca,Perfeito estado,Não informado,Não informado,60.0,Dupla,Canal,Não informado,2020,1,9,3,17.0
2020-01-09,17:36:00,SEM VÍTIMA,FINALIZADA,CASA FORTE,AV DEZESSETE DE AGOSTO,RUA JACO VELOSINO,FARMÁCIA DROGASIL,CASA FORTE,Não informado,COLISÃO FRONTAL,COLISÃO SEM VÍTIMA,2.0,1.0,0.0,0.0,0.0,0.0,0.0,0.0,0.0,0.0,0.0,Longo da via,Bom,Não existe,Perfeito estado,Seca,Perfeito estado,Não existe,Outras,60.0,Dupla,Faixa seccionada,Não informado,2020,1,9,3,17.0
2020-01-09,17:43:00,SEM VÍTIMA,FINALIZADA,CAMPO GRANDE,EST DE BELEM,RUA VOLUNTARIOS DA PATRIA,PRÓXIMO A CHURRASCARIA O JARDIM,CAMPO GRANDE,SUBURBIO,COLISÃO TRASEIRA,COLISAO ENTRE DOIS AUTOS S/V,2.0,1.0,0.0,0.0,0.0,0.0,0.0,0.0,0.0,0.0,0.0,Não informado,Bom,Não existe,Perfeito estado,Seca,Perfeito estado,Não existe,R-6a,60.0,Dupla,Faixa seccionada,Não informado,2020,1,9,3,17.0
2020-01-09,18:11:00,SEM VÍTIMA,FINALIZADA,CASA AMARELA,AV DR EURICO CHAVES,Não informado,FRENTE IGREJA NOSSA SRA DE LOURDES,CASA AMARELA,SUBURBIO,COLISÃO TRASEIRA,ENTRE DOIS AUTOS S/V,2.0,1.0,0.0,0.0,0.0,0.0,0.0,0.0,0.0,0.0,0.0,Longo da via,Bom,Não existe,Perfeito estado,Seca,Perfeito estado,Não informado,Outras,60.0,Dupla,Não existe,Não informado,2020,1,9,3,18.0
2020-01-09,18:28:00,SEM VÍTIMA,FINALIZADA,SÃO JOSÉ,RUA FLORIANO PEIXOTO,Não informado,CASA DA CULTURA,SÃO JOSÉ,SUBURBIO,CHOQUE VEÍCULO PARADO,COLISAO SEM VITINAS,1.0,1.0,0.0,0.0,0.0,1.0,0.0,0.0,0.0,0.0,0.0,Longo da via,Bom,Não existe,Perfeito estado,Seca,Perfeito estado,Não existe,Não há placas,60.0,Única,Faixa seccionada,Não informado,2020,1,9,3,18.0
2020-01-09,18:34:00,SEM VÍTIMA,FINALIZADA,AREIAS,AV DR JOSE RUFINO,Não informado,FARMÁCIA DROGASIL,AREIAS,Não informado,ABALROAMENTO LONGITUDINAL,CAMINHÃO X AUTO PASSEIO S/V,1.0,1.0,0.0,0.0,0.0,0.0,1.0,0.0,0.0,0.0,0.0,Longo da via,Bom,Sem defeito,Perfeito estado,Seca,Perfeito estado,Faixa de pedestre,Não informado,60.0,Dupla,Faixa seccionada,Não informado,2020,1,9,3,18.0
2020-01-09,19:07:00,SEM VÍTIMA,FINALIZADA,IMBIRIBEIRA,AV MARECHAL MASCARENHAS DE MORAES,Não informado,POSTE DE ILUMINAÇÃO PÚBLICA B 029297 - PRÓXIMO INFRAERO,IMBIRIBEIRA,SUBURBIO,COLISÃO TRASEIRA,ENTRE MOTO X AUTO PASSEIO S/V,1.0,1.0,0.0,0.0,0.0,0.0,0.0,0.0,0.0,0.0,0.0,Longo da via,Bom,Não existe,Perfeito estado,Seca,Mal conservada,Não existe,Não há placas,60.0,Dupla,Faixa seccionada,Não informado,2020,1,9,3,19.0
2020-01-09,19:12:00,COM VÍTIMA,FINALIZADA,ESTÂNCIA,AV RECIFE,Não informado,AO LADO DO LABORATORIO CERPE/ PROX A ENTRADA DE SAN MARTINS,ESTÂNCIA,CEASA,ABALROAMENTO LONGITUDINAL,COLISAO COM VITIMAS,1.0,1.0,0.0,0.0,0.0,0.0,0.0,0.0,0.0,1.0,0.0,Longo da via,Bom,Não existe,Perfeito estado,Seca,Perfeito estado,Não existe,Não há placas,60.0,Dupla,Canteiro central,Não informado,2020,1,9,3,19.0
2020-01-09,20:06:00,COM VÍTIMA,CANCELADA,ÁGUA FRIA,AV BEBERIBE,RUA DR PEREIRA DA SILVA,E/F A CLINICA OFTALMO30,ÁGUA FRIA,Não informado,COLISÃO,AUTO PASSEIO X MOTO COM VÍTIMA,1.0,1.0,0.0,0.0,0.0,0.0,0.0,0.0,0.0,1.0,0.0,Não informado,Não informado,Não informado,Não informado,Não informado,Não informado,Não informado,Não informado,60.0,Não informado,Não informado,Não informado,2020,1,9,3,20.0
2020-01-09,20:34:00,COM VÍTIMA,FINALIZADA,AFOGADOS,RUA SAO MIGUEL,EST DOS REMEDIOS,PROX A FARMACIA DO TRABALHADOR,AFOGADOS,SUBURBIO,CHOQUE OBJETO FIXO,MOTO X AUTO PASSEIO COM VÍTIMA,1.0,1.0,0.0,0.0,0.0,0.0,0.0,0.0,0.0,1.0,0.0,Longo da via,Bom,Sem defeito,Perfeito estado,Seca,Perfeito estado,Não existe,Não há placas,60.0,Dupla,Faixa contínua,Não informado,2020,1,9,3,20.0
2020-01-09,20:57:00,SEM VÍTIMA,FINALIZADA,BOA VIAGEM,RUA FRANCISCO DA CUNHA,RUA PROFESSOR EDUARDO WANDERLEY FILHO,EDIFÍCIO PUERTO VALENCIA,BOA VIAGEM,Não informado,ABALROAMENTO TRANSVERSAL,COLISAO SEM VITIMAS,2.0,1.0,0.0,0.0,0.0,0.0,0.0,0.0,0.0,0.0,0.0,Cruzamento,Bom,Não informado,Perfeito estado,Seca,Perfeito estado,Faixa de retenção,Placas Pare,60.0,Única,Não informado,Não informado,2020,1,9,3,20.0
2020-01-09,21:11:00,SEM VÍTIMA,FINALIZADA,TORRE,RUA DOM MANOEL DA COSTA,RUA BELARMINO CARNEIRO,Não informado,TORRE,SUBURBIO,ABALROAMENTO LONGITUDINAL,ENTRE CAMINHÃO X AUTO PASSEIO S/V,1.0,1.0,0.0,0.0,0.0,0.0,1.0,0.0,0.0,0.0,0.0,Cruzamento,Bom,Não existe,Incompleta,Seca,Mal conservada,Não existe,R-6a,40.0,Única,Faixa seccionada,Não informado,2020,1,9,3,21.0
2020-01-09,21:58:00,SEM VÍTIMA,FINALIZADA,CAMPO GRANDE,RUA PROFESSOR FRANCISCO DA TRINDADE,Não informado,Não informado,CAMPO GRANDE,SUBURBIO,ABALROAMENTO TRANSVERSAL,ENTRE AUTO PASSEIO X MOTO S/V,1.0,1.0,0.0,0.0,0.0,0.0,0.0,0.0,0.0,0.0,0.0,Longo da via,Bom,Não existe,Perfeito estado,Seca,Perfeito estado,Não existe,Não há placas,60.0,Dupla,Faixa seccionada,Não informado,2020,1,9,3,21.0
2020-01-09,22:59:00,COM VÍTIMA,FINALIZADA,BOA VIAGEM,RUA VISCONDE DE JEQUITINHONHA,Não informado,E/F AO CONDOMINIO VIA FARINI,BOA VIAGEM,SUBURBIO,ABALROAMENTO LONGITUDINAL,MOTO X AUTO PASSEIO COM VÍTIMA,1.0,1.0,0.0,0.0,0.0,0.0,0.0,0.0,0.0,1.0,0.0,Longo da via,Bom,Não existe,Perfeito estado,Seca,Perfeito estado,Não existe,Outras,60.0,Dupla,Faixa seccionada,Não informado,2020,1,9,3,22.0
2020-01-10,03:03:00,COM VÍTIMA,FINALIZADA,AFOGADOS,PTE DO MOTOCOLOMBO,Não informado,PRÓX A ESTAÇÃO LARGO DA PAZ,AFOGADOS,CIDADE,ABALROAMENTO LONGITUDINAL,COLISÃO ENTRE AUTO E MOTO- COM VÍTIMA,1.0,1.0,0.0,0.0,0.0,0.0,0.0,0.0,0.0,1.0,0.0,Ponte,Bom,Não existe,Perfeito estado,Seca,Perfeito estado,Não existe,Não há placas,60.0,Dupla,Não informado,Não informado,2020,1,10,4,3.0
2020-01-10,09:02:00,SEM VÍTIMA,FINALIZADA,BOA VISTA,RUA DR JOSE MARIANO,Não informado,EM FRENTE AO Nº 817,BOA VISTA,SUBURBIO,COLISÃO TRASEIRA,SEM VITIMAS,2.0,1.0,0.0,0.0,0.0,0.0,0.0,0.0,0.0,0.0,0.0,Longo da via,Bom,Sem defeito,Perfeito estado,Seca,Perfeito estado,Não existe,Não informado,60.0,Não informado,Não informado,Não informado,2020,1,10,4,9.0
2020-01-10,09:16:00,SEM VÍTIMA,FINALIZADA,PARNAMIRIM,RUA ALBINO MEIRA,Não informado,AO LADO DO PÃO DE AÇUCAR,PARNAMIRIM,SUBURBIO,ABALROAMENTO LONGITUDINAL,DOIS AUTOS,2.0,1.0,0.0,0.0,0.0,0.0,0.0,0.0,0.0,0.0,0.0,Longo da via,Bom,Não existe,Perfeito estado,Seca,Perfeito estado,Não existe,R-6a,60.0,Única,Não existe,Não informado,2020,1,10,4,9.0
2020-01-10,09:56:00,SEM VÍTIMA,FINALIZADA,CAMPO GRANDE,RUA MANUEL DE BARROS LIMA,Não informado,Não informado,CAMPO GRANDE,SUBURBIO,ABALROAMENTO LONGITUDINAL,SEM VITIMAS,2.0,1.0,0.0,0.0,0.0,0.0,0.0,0.0,0.0,0.0,0.0,Longo da via,Bom,Não existe,Ilegível,Seca,Perfeito estado,Não existe,Outras,30.0,Dupla,Não existe,Não informado,2020,1,10,4,9.0
2020-01-10,10:23:00,SEM VÍTIMA,CANCELADA,CORDEIRO,RUA DR JOAO LACERDA,Não informado,EM FRENTE AO RESTAURANTE REI DA  CHARQUE,CORDEIRO,Não informado,COLISÃO,COLISÃO SEM VITIMAS,1.0,1.0,0.0,0.0,0.0,0.0,1.0,0.0,0.0,0.0,0.0,Não informado,Não informado,Não informado,Não informado,Não informado,Não informado,Não informado,Não informado,60.0,Não informado,Não informado,Não informado,2020,1,10,4,10.0
2020-01-10,10:37:00,COM VÍTIMA,FINALIZADA,BOA VISTA,AV GOVERNADOR CARLOS DE LIMA CAVALCANTI,Não informado,E/F AO CLINICA LUCILO MARANHÃO,BOA VISTA,SUBURBIO,ABALROAMENTO LONGITUDINAL,COLISÃO C/VITIMA ENTRE UMA MOTO E UM AUTO,1.0,1.0,0.0,0.0,0.0,0.0,0.0,0.0,0.0,1.0,0.0,Longo da via,Bom,Não existe,Perfeito estado,Seca,Perfeito estado,Não existe,Outras,60.0,Dupla,Canteiro central,Não informado,2020,1,10,4,10.0
2020-01-10,11:45:00,SEM VÍTIMA,FINALIZADA,IPUTINGA,RUA BARAO DE ITAPISSUMA,RUA LINDOIA DO NORTE,Não informado,IPUTINGA,CIDADE,ABALROAMENTO TRANSVERSAL,SEM VITIMAS,2.0,1.0,0.0,0.0,0.0,0.0,0.0,0.0,0.0,0.0,0.0,Não informado,Bom,Não existe,Perfeito estado,Seca,Perfeito estado,Não existe,Não há placas,60.0,Única,Faixa contínua,Não informado,2020,1,10,4,11.0
2020-01-10,11:52:00,SEM VÍTIMA,FINALIZADA,IMBIRIBEIRA,AV GENERAL MAC ARTHUR,AV SUL,Não informado,IMBIRIBEIRA,Não informado,ABALROAMENTO TRANSVERSAL,COLISÃO S/VITIMAS ENTRE DOIS AUTOS,2.0,1.0,0.0,0.0,0.0,0.0,0.0,0.0,0.0,0.0,0.0,Cruzamento,Bom,Não existe,Perfeito estado,Seca,Perfeito estado,Faixa de pedestre,Placas Pare,60.0,Única,Faixa seccionada,Não informado,2020,1,10,4,11.0
2020-01-10,12:10:00,SEM VÍTIMA,FINALIZADA,IPSEP,RUA DR RAPOSO PINTO,RUA LANDELINO CAMARA,MARVEL BURGUER,IPSEP,CIDADE,ABALROAMENTO LONGITUDINAL,SEM VITIMAS,2.0,1.0,0.0,0.0,0.0,0.0,0.0,0.0,0.0,0.0,0.0,Cruzamento,Bom,Não existe,Perfeito estado,Seca,Perfeito estado,Faixa de retenção,Placas Pare,30.0,Dupla,Faixa contínua,Não informado,2020,1,10,4,12.0
2020-01-10,13:47:00,SEM VÍTIMA,FINALIZADA,VÁRZEA,AV JOAQUIM RIBEIRO,Não informado,LADO OPOSTO A UPA DA CAXANGÁ,VÁRZEA,CIDADE,COLISÃO TRASEIRA,COLISÃO SEM VITIMA,3.0,1.0,0.0,0.0,0.0,0.0,0.0,0.0,0.0,0.0,0.0,Viaduto,Bom,Não existe,Incompleta,Seca,Perfeito estado,Não existe,R-6a,60.0,Dupla,Faixa contínua,Não informado,2020,1,10,4,13.0
2020-01-10,13:59:00,SEM VÍTIMA,FINALIZADA,AFOGADOS,RUA COSME VIANA,Não informado,CHURRASCARIA BOI GRILL,AFOGADOS,SUBURBIO,ABALROAMENTO LONGITUDINAL,COLISÃO SEM VITIMA,2.0,1.0,0.0,0.0,0.0,0.0,0.0,0.0,0.0,0.0,0.0,Longo da via,Bom,Sem defeito,Perfeito estado,Seca,Perfeito estado,Faixa de pedestre,Outras,60.0,Única,Faixa contínua,Não informado,2020,1,10,4,13.0
2020-01-10,13:59:00,SEM VÍTIMA,FINALIZADA,ILHA DO RETIRO,RUA SPORT CLUBE DO RECIFE,Não informado,EM FRENTE AO SPORT CLUB DO RECIFE,ILHA DO RETIRO,CIDADE,ABALROAMENTO LONGITUDINAL,COLISÃO SEM VITIMA,1.0,1.0,0.0,0.0,0.0,1.0,0.0,0.0,0.0,0.0,0.0,Longo da via,Bom,Não existe,Perfeito estado,Seca,Perfeito estado,Não existe,R-6a,60.0,Dupla,Canteiro central,Não informado,2020,1,10,4,13.0
2020-01-10,14:26:00,SEM VÍTIMA,FINALIZADA,BOA VIAGEM,AV FERNANDO SIMOES BARBOSA,Não informado,CHURRASCARIA PAJUÇARA,BOA VIAGEM,SUBURBIO,ABALROAMENTO TRANSVERSAL,COLISAO ENTRE DOIS AUTOS S/V,2.0,1.0,0.0,0.0,0.0,0.0,0.0,0.0,0.0,0.0,0.0,Longo da via,Bom,Não existe,Perfeito estado,Seca,Perfeito estado,Não existe,R-6a,60.0,Única,Faixa seccionada,Não informado,2020,1,10,4,14.0
2020-01-10,14:32:00,SEM VÍTIMA,FINALIZADA,BOA VISTA,RUA PRINCESA IZABEL,Não informado,EM FRENTE AO Nº 96,BOA VISTA,CIDADE,COLISÃO TRASEIRA,COLISÃO SEM VÍTIMA,2.0,1.0,0.0,0.0,0.0,0.0,0.0,0.0,0.0,0.0,0.0,Longo da via,Bom,Sem defeito,Perfeito estado,Seca,Perfeito estado,Faixa de pedestre,R-6a,60.0,Única,Faixa seccionada,Não informado,2020,1,10,4,14.0
2020-01-10,15:06:00,SEM VÍTIMA,FINALIZADA,PRADO,RUA GOMES TABORDA,Não informado,COMERCIAL SONHO MEU,PRADO,SUBURBIO,ABALROAMENTO LONGITUDINAL,COLISÃO SEM VITIMA,1.0,1.0,0.0,0.0,0.0,1.0,0.0,0.0,0.0,0.0,0.0,Longo da via,Bom,Não informado,Não informado,Seca,Perfeito estado,Não informado,Não informado,60.0,Dupla,Não informado,Não informado,2020,1,10,4,15.0
2020-01-10,15:11:00,SEM VÍTIMA,DUPLICIDADE,PRADO,RUA GOMES TABORDA,Não informado,NO SEMAFORO 558,PRADO,Não informado,COLISÃO,COLISAO ENTRE ONIBU E AUTOS S/V,1.0,1.0,0.0,0.0,0.0,1.0,0.0,0.0,0.0,0.0,0.0,Não informado,Não informado,Não informado,Não informado,Não informado,Não informado,Não informado,Não informado,60.0,Não informado,Não informado,Não informado,2020,1,10,4,15.0