data,hora,natureza_acidente,situacao,bairro,endereco,detalhe_endereco_acidente,complemento,bairro_cruzamento,sentido_via,tipo,descricao,auto,moto,ciclom,ciclista,pedestre,onibus,caminhao,viatura,outros,vitimas,vitimasfatais,acidente_verificado,tempo_clima,situacao_semaforo,sinalizacao,condicao_via,conservacao_via,ponto_controle,situacao_placa,velocidade_max_via,mao_direcao,divisao_via1,natureza,ano,mes,dia,dia_semana,hora_ocorrencia
2020-01-10,15:46:00,SEM VÍTIMA,CANCELADA,BOA VIAGEM,RUA SA E SOUZA,RUA BALTAZAR PASSOS,EM FRENTE A CULTURA INGLESA,BOA VIAGEM,Não informado,COLISÃO,COLISÃO SEM VÍTIMA,2.0,1.0,0.0,0.0,0.0,0.0,0.0,0.0,0.0,0.0,0.0,Não informado,Não informado,Não informado,Não informado,Não informado,Não informado,Não informado,Não informado,60.0,Não informado,Não informado,Não informado,2020,1,10,4,15.0
2020-01-10,15:57:00,COM VÍTIMA,FINALIZADA,MADALENA,RUA RICARDO SALAZAR,Não informado,PROX AO TUNEL DA ABOLIÇAO. EM FRENTE A CASA DE APOIO DO CANHOTINHO.,MADALENA,SUBURBIO,ABALROAMENTO TRANSVERSAL,COLISAO ENTRE AUTO E MOTO COM UMA VITIMA,1.0,1.0,0.0,0.0,0.0,0.0,0.0,0.0,0.0,1.0,0.0,Longo da via,Bom,Não existe,Perfeito estado,Seca,Perfeito estado,Não informado,Outras,60.0,Dupla,Canal,Não informado,2020,1,10,4,15.0
2020-01-10,16:49:00,SEM VÍTIMA,FINALIZADA,SANTO AMARO,RUA TREZE DE MAIO,Não informado,SER EDUCACIONAL,SANTO AMARO,SUBURBIO,ABALROAMENTO LONGITUDINAL,COLISÃO SEM VITIMA,2.0,1.0,0.0,0.0,0.0,0.0,0.0,0.0,0.0,0.0,0.0,Longo da via,Bom,Não existe,Perfeito estado,Seca,Perfeito estado,Não existe,Outras,30.0,Dupla,Faixa contínua,Não informado,2020,1,10,4,16.0
2020-01-10,17:08:00,SEM VÍTIMA,FINALIZADA,PRADO,AV ENGENHEIRO ABDIAS DE CARVALHO,Não informado,POSTO BR,PRADO,SUBURBIO,COLISÃO TRASEIRA,COLISÃO SEM VITIMA,2.0,1.0,0.0,0.0,0.0,0.0,0.0,0.0,0.0,0.0,0.0,Longo da via,Bom,Não existe,Perfeito estado,Seca,Perfeito estado,Não existe,Outras,60.0,Dupla,Faixa contínua,Não informado,2020,1,10,4,17.0
2020-01-10,17:33:00,SEM VÍTIMA,FINALIZADA,CASA AMARELA,COR DO BARTOLOMEU,Não informado,CASA AMARELA EM FRENTE AO Nº 143,CASA AMARELA,SUBURBIO,COLISÃO TRASEIRA,COLISAO ENTRE DOIS AUTOS S/V,2.0,1.0,0.0,0.0,0.0,0.0,0.0,0.0,0.0,0.0,0.0,Longo da via,Bom,Não existe,Perfeito estado,Seca,Perfeito estado,Não existe,Outras,60.0,Dupla,Faixa seccionada,Não informado,2020,1,10,4,17.0
2020-01-10,17:35:00,COM VÍTIMA,CANCELADA,TEJIPIÓ,AV DR JOSE RUFINO,Não informado,PROX. AO ARMAZEM CORAL,TEJIPIÓ,CIDADE,ATROPELAMENTO,PEDESTRE E AUTO,1.0,1.0,0.0,0.0,1.0,0.0,1.0,0.0,0.0,1.0,0.0,Não informado,Não informado,Não informado,Não informado,Não informado,Não informado,Não informado,Não informado,60.0,Não informado,Não informado,Não informado,2020,1,10,4,17.0
2020-01-10,17:39:00,SEM VÍTIMA,FINALIZADA,CASA AMARELA,RUA PADRE LEMOS,AV NORTE,AO LADO DO POSTO DE COMBUSTÍVEL BR,CASA AMARELA,SUBURBIO,ABALROAMENTO LONGITUDINAL,COLISÃO SEM VÍTIMA,1.0,1.0,0.0,0.0,0.0,0.0,1.0,0.0,0.0,0.0,0.0,Longo da via,Bom,Sem defeito,Ilegível,Seca,Mal conservada,Outros,R-6a,60.0,Dupla,Não informado,Não informado,2020,1,10,4,17.0
2020-01-10,17:53:00,SEM VÍTIMA,FINALIZADA,ESTÂNCIA,AV RECIFE,Não informado,LADO OPOSTO AO MAKRO,ESTÂNCIA,SUBURBIO,COLISÃO TRASEIRA,COLISÃO SEM VÍTIMA,1.0,1.0,0.0,0.0,0.0,0.0,1.0,0.0,0.0,0.0,0.0,Longo da via,Bom,Sem defeito,Perfeito estado,Seca,Perfeito estado,Faixa de pedestre,Outras,60.0,Dupla,Canteiro central,Não informado,2020,1,10,4,17.0
2020-01-10,18:10:00,SEM VÍTIMA,FINALIZADA,BOA VIAGEM,RUA VISCONDE DE JEQUITINHONHA,AV ARMINDO MOURA,Não informado,BOA VIAGEM,Não informado,COLISÃO TRASEIRA,COLISAO SEM VITIMAS,2.0,1.0,0.0,0.0,0.0,0.0,0.0,0.0,0.0,0.0,0.0,Cruzamento,Bom,Sem defeito,Perfeito estado,Seca,Perfeito estado,Faixa de pedestre,Não há placas,60.0,Única,Faixa contínua,Não informado,2020,1,10,4,18.0
2020-01-10,18:15:00,SEM VÍTIMA,FINALIZADA,ÁGUA FRIA,RUA DA REGENERACAO,Não informado,AO LADO DO POSTO DE COMBUSTÍVEL IPIRANGA,ÁGUA FRIA,SUBURBIO,ABALROAMENTO LONGITUDINAL,ENTRE AUTO E CAMINHÃO. S/V,1.0,1.0,0.0,0.0,0.0,0.0,1.0,0.0,0.0,0.0,0.0,Longo da via,Bom,Sem defeito,Perfeito estado,Seca,Perfeito estado,Não informado,Não há placas,60.0,Única,Faixa contínua,Não informado,2020,1,10,4,18.0
2020-01-10,18:37:00,SEM VÍTIMA,FINALIZADA,PINA,RUA BARAO DE SANTO ANGELO,Não informado,HOTEL LUZEIROS,PINA,CIDADE,COLISÃO TRASEIRA,COLISAO SEM VITIMAS,2.0,1.0,0.0,0.0,0.0,0.0,0.0,0.0,0.0,0.0,0.0,Longo da via,Bom,Não existe,Perfeito estado,Seca,Perfeito estado,Não existe,R-6a,60.0,Única,Faixa seccionada,Não informado,2020,1,10,4,18.0
2020-01-10,18:46:00,SEM VÍTIMA,FINALIZADA,BOA VIAGEM,RUA ERNESTO DE PAULA SANTOS,AV CONSELHEIRO AGUIAR,ACADEMIA SMART FIT,BOA VIAGEM,Não informado,ABALROAMENTO LONGITUDINAL,COLISAO SEM VITIMAS,2.0,1.0,0.0,0.0,0.0,0.0,0.0,0.0,0.0,0.0,0.0,Cruzamento,Bom,Sem defeito,Perfeito estado,Seca,Perfeito estado,Não existe,R-6a,60.0,Única,Faixa seccionada,Não informado,2020,1,10,4,18.0
2020-01-10,19:10:00,SEM VÍTIMA,FINALIZADA,SANTO AMARO,AV CRUZ CABUGA,RUA DOIS DE JULHO,EM FRENTE AO NÚMERO 555 ( SHEKINA IGREJA MISSIONÁRIA),SANTO AMARO,SUBURBIO,ABALROAMENTO LONGITUDINAL,COLISAO SEM VITIMAS,1.0,1.0,0.0,0.0,0.0,1.0,1.0,0.0,0.0,0.0,0.0,Longo da via,Bom,Não existe,Perfeito estado,Seca,Perfeito estado,Faixa de pedestre,R-6a,60.0,Dupla,Faixa contínua,Não informado,2020,1,10,4,19.0
2020-01-10,18:59:00,COM VÍTIMA,FINALIZADA,AFOGADOS,RUA VINTE E UM DE ABRIL,Não informado,E/F A PADARIA IPIRANGA / PRÓX A FÁBRICA DE CAFÉ PETINHO. KARMÉLIA CONFECÇÕES E CALÇADOS.,AFOGADOS,SUBURBIO,ABALROAMENTO TRANSVERSAL,ENTRE AUTO E MOTO. C/V,1.0,1.0,0.0,0.0,0.0,0.0,0.0,0.0,0.0,1.0,0.0,Longo da via,Bom,Não existe,Incompleta,Seca,Perfeito estado,Não existe,R-19,30.0,Dupla,Outros,Não informado,2020,1,10,4,18.0
2020-01-10,19:41:00,SEM VÍTIMA,FINALIZADA,PARNAMIRIM,RUA PADRE ROMA,RUA SEBASTIAO ALVES,E/F AO FAACA BUTECO,PARNAMIRIM,SUBURBIO,ABALROAMENTO LONGITUDINAL,COLISAO SEM VITIMAS,2.0,1.0,0.0,0.0,0.0,0.0,0.0,0.0,0.0,0.0,0.0,Longo da via,Bom,Não existe,Perfeito estado,Seca,Perfeito estado,Não existe,Outras,60.0,Única,Não existe,Não informado,2020,1,10,4,19.0
2020-01-10,19:38:00,SEM VÍTIMA,FINALIZADA,TAMARINEIRA,RUA EUCLIDES GOMES DE FREITAS,AV PROFESSOR JOSE DOS ANJOS,Não informado,TAMARINEIRA,CIDADE,ABALROAMENTO LONGITUDINAL,ENTRE 2 AUTOS. S/V,2.0,1.0,0.0,0.0,0.0,0.0,0.0,0.0,0.0,0.0,0.0,Não informado,Bom,Não existe,Perfeito estado,Seca,Perfeito estado,Faixa de pedestre,Não há placas,60.0,Única,Faixa seccionada,Não informado,2020,1,10,4,19.0
2020-01-10,19:48:00,SEM VÍTIMA,CANCELADA,BOA VISTA,AV CONDE DA BOA VISTA,Não informado,E/F A POLITEC- SNT SUB/CID / PRÓX AO COPE,BOA VISTA,Não informado,COLISÃO,ENTRE AUTO E ÕNIBUS. S/V,1.0,1.0,0.0,0.0,0.0,1.0,0.0,0.0,0.0,0.0,0.0,Não informado,Não informado,Não informado,Não informado,Não informado,Não informado,Não informado,Não informado,60.0,Não informado,Não informado,Não informado,2020,1,10,4,19.0
2020-01-10,20:12:00,SEM VÍTIMA,FINALIZADA,Não informado,PTE RAIMUNDO FARIAS,AV GOVERNADOR AGAMENON MAGALHAES,Não informado,Não informado,CIDADE,ABALROAMENTO LONGITUDINAL,ENTRE 2 AUTOS. S/V,2.0,1.0,0.0,0.0,0.0,0.0,0.0,0.0,0.0,0.0,0.0,Cruzamento,Bom,Sem defeito,Perfeito estado,Seca,Perfeito estado,Faixa de pedestre,Não há placas,60.0,Dupla,Canal,Não informado,2020,1,10,4,20.0
2020-01-10,20:23:00,SEM VÍTIMA,FINALIZADA,IMBIRIBEIRA,AV GENERAL MAC ARTHUR,Não informado,LAFITTE GRAFICA E ESTAMPARIA,IMBIRIBEIRA,SUBURBIO,COLISÃO TRASEIRA,COLISAO SEM VITIMAS,1.0,1.0,0.0,0.0,0.0,0.0,0.0,0.0,0.0,0.0,0.0,Longo da via,Bom,Não informado,Perfeito estado,Seca,Perfeito estado,Não existe,Não há placas,60.0,Única,Faixa seccionada,Não informado,2020,1,10,4,20.0
2020-01-10,20:35:00,SEM VÍTIMA,CANCELADA,JARDIM SÃO PAULO,AV LIBERDADE,Não informado,E/F A FARMÁCIA DISK REMÉDIOS E AO ( CENTRO DESPORTIVO E FISIOTERAPEUTICO) CDF,JARDIM SÃO PAULO,Não informado,COLISÃO,ENTRE AUTO E MOTO. C/V,1.0,1.0,0.0,0.0,0.0,0.0,0.0,0.0,0.0,0.0,0.0,Não informado,Não informado,Não informado,Não informado,Não informado,Não informado,Não informado,Não informado,60.0,Não informado,Não informado,Não informado,2020,1,10,4,20.0
2020-01-10,21:00:00,SEM VÍTIMA,CANCELADA,LINHA DO TIRO,RUA URIEL DE HOLANDA,Não informado,E/F A ESCOLA PADRE NERCIO RODRIGUES,LINHA DO TIRO,Não informado,COLISÃO,ENTRE 2 AUTOS. S/V,2.0,1.0,0.0,0.0,0.0,0.0,0.0,0.0,0.0,0.0,0.0,Não informado,Não informado,Não informado,Não informado,Não informado,Não informado,Não informado,Não informado,60.0,Não informado,Não informado,Não informado,2020,1,10,4,21.0
2020-01-11,00:25:00,SEM VÍTIMA,CANCELADA,MACAXEIRA,AV NORTE,RUA BUJARU,PRÓX AO PARQUE URBANO DA MACAXEIRA,MACAXEIRA,Não informado,COLISÃO,COLISÃO ENTRE DOIS AUTOS- S/V,2.0,1.0,0.0,0.0,0.0,0.0,0.0,0.0,0.0,0.0,0.0,Não informado,Não informado,Não informado,Não informado,Não informado,Não informado,Não informado,Não informado,60.0,Não informado,Não informado,Não informado,2020,1,11,5,0.0
2020-01-11,04:58:00,SEM VÍTIMA,FINALIZADA,BOA VIAGEM,RUA DEZ DE JULHO,RUA WALDEMAR NERY CARNEIRO MONTEIRO,Não informado,BOA VIAGEM,CIDADE,ABALROAMENTO TRANSVERSAL,ENTRE 2 AUTOS. S/V,2.0,1.0,0.0,0.0,0.0,0.0,0.0,0.0,0.0,0.0,0.0,Cruzamento,Bom,Intermitente,Incompleta,Seca,Perfeito estado,Faixa de pedestre,Não há placas,60.0,Única,Faixa seccionada,Não informado,2020,1,11,5,4.0
2020-01-11,06:16:00,COM VÍTIMA,FINALIZADA,TORRE,RUA REAL DA TORRE,Não informado,APOS O ATACADO DOS PRESENTES  EM FRENTE A DROGARIA SÃO PAULO,TORRE,SUBURBIO,CHOQUE OBJETO FIXO,CONDUTOR BATEU  CONTRA POSTE  VITIMA A ESPERA DO SAMU,1.0,1.0,0.0,0.0,0.0,0.0,0.0,0.0,0.0,1.0,0.0,Longo da via,Bom,Não existe,Perfeito estado,Seca,Perfeito estado,Não existe,R-6a,60.0,Única,Faixa seccionada,Não informado,2020,1,11,5,6.0
2020-01-11,06:19:00,SEM VÍTIMA,FINALIZADA,MADALENA,AV ENGENHEIRO ABDIAS DE CARVALHO,EST DOS REMEDIOS,SEMÁFORO Nº 052,MADALENA,CIDADE,COLISÃO TRASEIRA,COLISÃO SEM VITIMAS,2.0,1.0,0.0,0.0,0.0,0.0,0.0,0.0,0.0,0.0,0.0,Cruzamento,Bom,Sem defeito,Perfeito estado,Seca,Perfeito estado,Faixa de pedestre,R-6a,40.0,Dupla,Canteiro central,Não informado,2020,1,11,5,6.0
2020-01-11,07:29:00,COM VÍTIMA,FINALIZADA,ROSARINHO,AV NORTE,Não informado,POSTO IPIRANGA,ROSARINHO,CIDADE,ATROPELAMENTO,ATROPELAMENTO -COM UMA BICICLETA ELETRICA,1.0,1.0,0.0,1.0,1.0,0.0,0.0,0.0,0.0,1.0,0.0,Longo da via,Bom,Sem defeito,Perfeito estado,Seca,Perfeito estado,Faixa de pedestre,Outras,60.0,Única,Faixa seccionada,Não informado,2020,1,11,5,7.0
2020-01-11,09:52:00,SEM VÍTIMA,FINALIZADA,SANTO ANTÔNIO,RUA DO SOL,Não informado,EM FRENTE AO EDIFÍCIO AVENIDA GUARARAPES,SANTO ANTÔNIO,SUBURBIO,ABALROAMENTO LONGITUDINAL,CAMINHÃO E AUTO,2.0,1.0,0.0,0.0,0.0,0.0,0.0,0.0,1.0,0.0,0.0,Longo da via,Bom,Sem defeito,Perfeito estado,Seca,Perfeito estado,Faixa de pedestre,R-6b,60.0,Única,Faixa seccionada,Não informado,2020,1,11,5,9.0
2020-01-11,10:03:00,SEM VÍTIMA,FINALIZADA,TORRE,RUA DOM MANOEL DA COSTA,RUA PADRE LANDIM,SOB O SEMÁFORO Nº 252,TORRE,Não informado,ABALROAMENTO TRANSVERSAL,COLISÃO SEM VITIMAS,2.0,1.0,0.0,0.0,0.0,0.0,0.0,0.0,0.0,0.0,0.0,Cruzamento,Bom,Sem defeito,Perfeito estado,Seca,Perfeito estado,Faixa de retenção,R-6a,60.0,Única,Faixa seccionada,Não informado,2020,1,11,5,10.0
2020-01-11,10:08:00,SEM VÍTIMA,FINALIZADA,IPSEP,RUA DR RAPOSO PINTO,RUA ADERBAL DE MELO,Não informado,IPSEP,SUBURBIO,COLISÃO FRONTAL,SEM VITIMAS,1.0,1.0,0.0,0.0,0.0,1.0,0.0,0.0,0.0,0.0,0.0,Cruzamento,Bom,Não existe,Incompleta,Seca,Perfeito estado,Não existe,Placas Pare,60.0,Dupla,Não existe,Não informado,2020,1,11,5,10.0
2020-01-11,10:51:00,SEM VÍTIMA,FINALIZADA,BOA VIAGEM,RUA BARAO DE SOUZA LEAO,AV DES JOSE NEVES,SUPERMERCADO TREVO,BOA VIAGEM,Não informado,COLISÃO TRASEIRA,COLISAO S/ VITIMA. CARRETA E UM VEICULO,1.0,1.0,0.0,0.0,0.0,0.0,1.0,0.0,1.0,0.0,0.0,Ponte,Bom,Sem defeito,Perfeito estado,Seca,Perfeito estado,Faixa de retenção,Outras,60.0,Única,Faixa seccionada,Não informado,2020,1,11,5,10.0
2020-01-11,11:04:00,SEM VÍTIMA,FINALIZADA,ARRUDA,RUA SAO BENTO,Não informado,EM FRENTE AO Nº 204,ARRUDA,Não informado,COLISÃO TRASEIRA,DOIS AUTOS,2.0,1.0,0.0,0.0,0.0,0.0,0.0,0.0,0.0,0.0,0.0,Longo da via,Bom,Não existe,Perfeito estado,Seca,Perfeito estado,Não existe,Não há placas,60.0,Única,Faixa seccionada,Não informado,2020,1,11,5,11.0
2020-01-11,11:16:00,SEM VÍTIMA,FINALIZADA,NOVA DESCOBERTA,RUA CORREGO DO JOAQUIM,Não informado,Não informado,NOVA DESCOBERTA,SUBURBIO,ABALROAMENTO LONGITUDINAL,ONIBUS E AUTO,1.0,1.0,0.0,0.0,0.0,1.0,0.0,0.0,0.0,0.0,0.0,Longo da via,Bom,Não existe,Não existente,Seca,Mal conservada,Não existe,Não há placas,60.0,Dupla,Não existe,Não informado,2020,1,11,5,11.0
2020-01-11,11:47:00,SEM VÍTIMA,FINALIZADA,TORRE,RUA PROFESSOR TRAJANO DE MENDONCA,Não informado,RAMPA DE ACESSO AO ESTACIONAMENTO DO ATACADO DOS PRESENTES,TORRE,Não informado,COLISÃO TRASEIRA,SEM VITIMAS,2.0,1.0,0.0,0.0,0.0,0.0,0.0,0.0,0.0,0.0,0.0,Não informado,Bom,Não existe,Perfeito estado,Seca,Perfeito estado,Não existe,Outras,60.0,Única,Faixa seccionada,Não informado,2020,1,11,5,11.0
2020-01-11,12:00:00,SEM VÍTIMA,FINALIZADA,ESTÂNCIA,AV ESTANCIA,Não informado,PANIFICADORA SITIENCE,ESTÂNCIA,SUBURBIO,ABALROAMENTO LONGITUDINAL,COLISAO ENTRE DOIS AUTOS S/V,2.0,1.0,0.0,0.0,0.0,0.0,0.0,0.0,0.0,0.0,0.0,Longo da via,Bom,Não existe,Incompleta,Seca,Não informado,Não existe,Não há placas,60.0,Única,Não existe,Não informado,2020,1,11,5,12.0
2020-01-11,12:10:00,COM VÍTIMA,CANCELADA,ÁGUA FRIA,RUA ALEGRE,Não informado,NA PRAÇA DA DELEGACIA DE AGUA FRIA,ÁGUA FRIA,Não informado,COLISÃO,Não informado,1.0,1.0,0.0,0.0,0.0,0.0,0.0,0.0,0.0,1.0,0.0,Não informado,Não informado,Não informado,Não informado,Não informado,Não informado,Não informado,Não informado,60.0,Não informado,Não informado,Não informado,2020,1,11,5,12.0
2020-01-11,13:09:00,SEM VÍTIMA,FINALIZADA,SÃO JOSÉ,RUA IMPERIAL,TRV DO RAPOSO,SOB O SEMAFORO DE Nº 510,SÃO JOSÉ,Não informado,ABALROAMENTO LONGITUDINAL,COLISAO ENTRE DOIS AUTOS S/V,2.0,1.0,0.0,0.0,0.0,0.0,0.0,0.0,0.0,0.0,0.0,Cruzamento,Bom,Sem defeito,Perfeito estado,Seca,Perfeito estado,Faixa de pedestre,R-4a,60.0,Única,Faixa seccionada,Não informado,2020,1,11,5,13.0
2020-01-11,13:12:00,SEM VÍTIMA,FINALIZADA,IBURA,AV DOIS RIOS,Não informado,POLICLÍNICA E MATERNIDADE PROFESSOR ARNALDO MARQUES,IBURA,SUBURBIO,ABALROAMENTO LONGITUDINAL,COLISÃO SEM VÍTIMA,2.0,1.0,0.0,0.0,0.0,0.0,0.0,0.0,0.0,0.0,0.0,Longo da via,Bom,Não existe,Não existente,Seca,Mal conservada,Não existe,R-6a,60.0,Dupla,Faixa contínua,Não informado,2020,1,11,5,13.0
2020-01-11,14:32:00,SEM VÍTIMA,FINALIZADA,BOA VIAGEM,AV MARECHAL JUAREZ TAVORA,RUA DEZ DE JULHO,D.J MOVEIS,BOA VIAGEM,Não informado,ABALROAMENTO LONGITUDINAL,COLISÃO SEM VITIMA,2.0,1.0,0.0,0.0,0.0,0.0,0.0,0.0,0.0,0.0,0.0,Cruzamento,Bom,Sem defeito,Perfeito estado,Seca,Perfeito estado,Faixa de pedestre,Não há placas,60.0,Dupla,Canal,Não informado,2020,1,11,5,14.0
2020-01-11,15:03:00,SEM VÍTIMA,CANCELADA,BOA VIAGEM,AV BOA VIAGEM,Não informado,E/F AO BAR SUBURBAN BAR VT 25 NO LOCAL,BOA VIAGEM,Não informado,COLISÃO,COLISAO ENTRE DOIS AUTOS S/V,2.0,1.0,0.0,0.0,0.0,0.0,0.0,0.0,0.0,0.0,0.0,Não informado,Não informado,Não informado,Não informado,Não informado,Não informado,Não informado,Não informado,60.0,Não informado,Não informado,Não informado,2020,1,11,5,15.0
2020-01-11,15:24:00,SEM VÍTIMA,CANCELADA,DERBY,AV GOVERNADOR AGAMENON MAGALHAES,Não informado,EM FRENTE A O HOSP. DA RESTAURAÇÃO- SENTIDO BOA VIAGEM,DERBY,Não informado,COLISÃO,COLISÃO SEM VITIMA,1.0,1.0,0.0,0.0,0.0,0.0,1.0,0.0,0.0,0.0,0.0,Não informado,Não informado,Não informado,Não informado,Não informado,Não informado,Não informado,Não informado,60.0,Não informado,Não informado,Não informado,2020,1,11,5,15.0
2020-01-11,15:39:00,SEM VÍTIMA,FINALIZADA,IPSEP,AV RECIFE,RUA PINTOR ANTONIO ALBUQUERQUE,POSTO SHELL,IPSEP,SUBURBIO,COLISÃO TRASEIRA,COLISAO ENTRE DOIS AUTOS S/V,2.0,1.0,0.0,0.0,0.0,0.0,0.0,0.0,0.0,0.0,0.0,Longo da via,Bom,Sem defeito,Perfeito estado,Seca,Perfeito estado,Faixa de pedestre,Não há placas,60.0,Dupla,Canteiro central,Não informado,2020,1,11,5,15.0
2020-01-11,15:51:00,COM VÍTIMA,FINALIZADA,SANTO ANTÔNIO,RUA PRIMEIRO DE MARCO,AV DANTAS BARRETO,EM FRENTE A FARMACIA PERMANENTE,SANTO ANTÔNIO,SUBURBIO,ABALROAMENTO LONGITUDINAL,COLISÃO COM VITIMA,1.0,1.0,0.0,0.0,0.0,0.0,0.0,1.0,0.0,1.0,0.0,Cruzamento,Bom,Sem defeito,Perfeito estado,Seca,Perfeito estado,Faixa de pedestre,Não há placas,60.0,Única,Não existe,Não informado,2020,1,11,5,15.0
2020-01-11,15:53:00,SEM VÍTIMA,FINALIZADA,ARRUDA,AV PROFESSOR JOSE DOS ANJOS,RUA DA REGENERACAO,FW REFRIGERAÇÕES,ARRUDA,SUBURBIO,COLISÃO TRASEIRA,COLISÃO SEM VÍTIMA,2.0,1.0,0.0,0.0,0.0,0.0,0.0,0.0,0.0,0.0,0.0,Longo da via,Bom,Não existe,Perfeito estado,Seca,Perfeito estado,Não existe,Outras,60.0,Única,Canal,Não informado,2020,1,11,5,15.0
2020-01-11,16:10:00,SEM VÍTIMA,FINALIZADA,TEJIPIÓ,AV DR JOSE RUFINO,Não informado,LADO OPOSTO AO ED. NINA MACHADO,TEJIPIÓ,SUBURBIO,ABALROAMENTO TRANSVERSAL,COLISÃO SEM VÍTIMA,1.0,1.0,0.0,0.0,0.0,0.0,0.0,0.0,0.0,0.0,0.0,Longo da via,Bom,Sem defeito,Perfeito estado,Seca,Perfeito estado,Faixa de pedestre,R-6a,60.0,Dupla,Faixa contínua,Não informado,2020,1,11,5,16.0
2020-01-11,16:15:00,SEM VÍTIMA,CANCELADA,IBURA,RUA ROSARIO D'OESTE,Não informado,CASA,IBURA,Não informado,COLISÃO,COLISÃO SEM VITIMA,1.0,1.0,0.0,0.0,0.0,0.0,0.0,0.0,1.0,0.0,0.0,Não informado,Não informado,Não informado,Não informado,Não informado,Não informado,Não informado,Não informado,60.0,Não informado,Não informado,Não informado,2020,1,11,5,16.0
2020-01-11,16:19:00,SEM VÍTIMA,FINALIZADA,IBURA,AV DOIS RIOS,Não informado,Não informado,IBURA,SUBURBIO,COLISÃO FRONTAL,COLISAO ENTRE AUTO E MOTO S/V,1.0,1.0,0.0,0.0,0.0,0.0,0.0,0.0,0.0,0.0,0.0,Longo da via,Bom,Não existe,Não existente,Seca,Perfeito estado,Não existe,Não há placas,60.0,Dupla,Faixa contínua,Não informado,2020,1,11,5,16.0
2020-01-11,17:25:00,COM VÍTIMA,FINALIZADA,BARRO,AV DR JOSE RUFINO,Não informado,E/F A SOCORRO VENACIO RECEPÇOES,BARRO,SUBURBIO,ABALROAMENTO LONGITUDINAL,COLISAO ENTRE AUTO E MOTO COM UMA VITIMA,1.0,1.0,0.0,0.0,0.0,0.0,0.0,0.0,0.0,1.0,0.0,Longo da via,Bom,Não existe,Perfeito estado,Seca,Perfeito estado,Não existe,R-6a,60.0,Dupla,Faixa seccionada,Não informado,2020,1,11,5,17.0
2020-01-11,18:32:00,SEM VÍTIMA,CANCELADA,SANTO AMARO,AV CRUZ CABUGA,Não informado,PRÓX A PRAÇA CARLOS PINTO / AO LADO DO SHOPPING TACARUNA,SANTO AMARO,Não informado,COLISÃO,ENTRE 2 AUTOS. S/V,2.0,1.0,0.0,0.0,0.0,0.0,0.0,0.0,0.0,0.0,0.0,Não informado,Não informado,Não informado,Não informado,Não informado,Não informado,Não informado,Não informado,60.0,Não informado,Não informado,Não informado,2020,1,11,5,18.0
2020-01-11,19:06:00,SEM VÍTIMA,FINALIZADA,GRAÇAS,RUA CONS PORTELA,Não informado,Não informado,GRAÇAS,SUBURBIO,COLISÃO TRASEIRA,ENTRE 4 AUTOS. S/V,4.0,1.0,0.0,0.0,0.0,0.0,0.0,0.0,0.0,0.0,0.0,Longo da via,Bom,Não existe,Perfeito estado,Seca,Perfeito estado,Não existe,R-6a,60.0,Única,Faixa seccionada,Não informado,2020,1,11,5,19.0
2020-01-11,19:21:00,COM VÍTIMA,CANCELADA,AFOGADOS,RUA SAO MIGUEL,Não informado,E/F AO BODE DO NÔ,AFOGADOS,Não informado,COLISÃO,ENTRE AUTO E MOTO. C/V,1.0,1.0,0.0,0.0,0.0,0.0,0.0,0.0,0.0,1.0,0.0,Não informado,Não informado,Não informado,Não informado,Não informado,Não informado,Não informado,Não informado,60.0,Não informado,Não informado,Não informado,2020,1,11,5,19.0
2020-01-11,19:50:00,SEM VÍTIMA,CANCELADA,DERBY,AV GOVERNADOR AGAMENON MAGALHAES,Não informado,E/F A PRAÇA DO DERBY,DERBY,BOA VIAGEM,COLISÃO,COLISAO SEM VITIMAS,2.0,1.0,0.0,0.0,0.0,0.0,0.0,0.0,0.0,0.0,0.0,Não informado,Não informado,Não informado,Não informado,Não informado,Não informado,Não informado,Não informado,60.0,Não informado,Não informado,Não informado,2020,1,11,5,19.0
2020-01-11,20:19:00,SEM VÍTIMA,FINALIZADA,BREJO DE BEBERIBE,AV VEREADOR OTACILIO AZEVEDO,Não informado,POSTE DE Nº B 078225,BREJO DE BEBERIBE,CIDADE,COLISÃO FRONTAL,ENTRE 2 AUTOS. S/V,2.0,1.0,0.0,0.0,0.0,0.0,0.0,0.0,0.0,0.0,0.0,Longo da via,Bom,Não existe,Incompleta,Seca,Perfeito estado,Não existe,Outras,60.0,Dupla,Faixa contínua,Não informado,2020,1,11,5,20.0
2020-01-11,19:54:00,COM VÍTIMA,FINALIZADA,ALTO JOSÉ DO PINHO,RUA CECILIA REIS,RUA ITAPICURU,PROX AO CLUBE BOM SUCESSO,ALTO JOSÉ DO PINHO,SUBURBIO,CHOQUE VEÍCULO PARADO,COLISAO COM VITIMAS/ ENTRE UM CAMINHAO E MOTO COM ATROPELAMENTO DE UMA CRIANÇA,1.0,1.0,0.0,0.0,0.0,0.0,1.0,0.0,0.0,2.0,0.0,Cruzamento,Bom,Não existe,Não existente,Seca,Perfeito estado,Não existe,Não há placas,60.0,Dupla,Não existe,Não informado,2020,1,11,5,19.0