data,hora,natureza_acidente,situacao,bairro,endereco,detalhe_endereco_acidente,complemento,bairro_cruzamento,sentido_via,tipo,descricao,auto,moto,ciclom,ciclista,pedestre,onibus,caminhao,viatura,outros,vitimas,vitimasfatais,acidente_verificado,tempo_clima,situacao_semaforo,sinalizacao,condicao_via,conservacao_via,ponto_controle,situacao_placa,velocidade_max_via,mao_direcao,divisao_via1,natureza,ano,mes,dia,dia_semana,hora_ocorrencia
2020-01-11,20:00:00,SEM VÍTIMA,FINALIZADA,BOA VIAGEM,RUA DOS NAVEGANTES,RUA CORONEL BENEDITO CHAVES,EDIFÍCIO SCALA,BOA VIAGEM,SUBURBIO,ABALROAMENTO TRANSVERSAL,COLISAO SEM VITIMAS,2.0,1.0,0.0,0.0,0.0,0.0,0.0,0.0,0.0,0.0,0.0,Cruzamento,Bom,Não existe,Incompleta,Seca,Perfeito estado,Faixa de retenção,Outras,60.0,Única,Não existe,Não informado,2020,1,11,5,20.0
2020-01-11,21:24:00,COM VÍTIMA,CANCELADA,IBURA,AV DOIS RIOS,Não informado,SEMÁFORO 475,IBURA,Não informado,COLISÃO,ENTRE AUTO E MOTO. C/V,1.0,1.0,0.0,0.0,0.0,0.0,0.0,0.0,0.0,1.0,0.0,Não informado,Não informado,Não informado,Não informado,Não informado,Não informado,Não informado,Não informado,60.0,Não informado,Não informado,Não informado,2020,1,11,5,21.0
2020-01-11,22:18:00,SEM VÍTIMA,CANCELADA,IBURA,AV DOIS RIOS,Não informado,NO INÍCIO DA LADEIRA DA COHAB -- IBURA DE BAIXO,IBURA,Não informado,COLISÃO,ENTRE 2 AUTOS. S/V,2.0,1.0,0.0,0.0,0.0,0.0,0.0,0.0,0.0,0.0,0.0,Não informado,Não informado,Não informado,Não informado,Não informado,Não informado,Não informado,Não informado,60.0,Não informado,Não informado,Não informado,2020,1,11,5,22.0
2020-01-11,23:37:00,SEM VÍTIMA,FINALIZADA,SANTO AMARO,AV CRUZ CABUGA,Não informado,E/F A SANTA CASA DE MISERICORDIA,SANTO AMARO,SUBURBIO,ABALROAMENTO LONGITUDINAL,COLISAO SEM VITIMAS,1.0,1.0,0.0,0.0,0.0,1.0,0.0,0.0,0.0,0.0,0.0,Longo da via,Bom,Sem defeito,Perfeito estado,Seca,Perfeito estado,Faixa de retenção,R-6a,60.0,Dupla,Faixa seccionada,Não informado,2020,1,11,5,23.0
2020-01-12,01:03:00,SEM VÍTIMA,FINALIZADA,TORRE,RUA DOM MANOEL DA COSTA,RUA PADRE LANDIM,ALTURA DA ESCOLA MUNICIPAL PAROQUIA CRISTO REI,TORRE,CIDADE,ABALROAMENTO TRANSVERSAL,COLISÃO ENTRE DOIS AUTOS S/V,2.0,1.0,0.0,0.0,0.0,0.0,0.0,0.0,0.0,0.0,0.0,Longo da via,Bom,Sem defeito,Perfeito estado,Seca,Perfeito estado,Faixa de retenção,Não há placas,60.0,Única,Faixa seccionada,Não informado,2020,1,12,6,1.0
2020-01-12,04:24:00,SEM VÍTIMA,FINALIZADA,AFLITOS,AV CONS ROSA E SILVA,AV SANTOS DUMONT,Não informado,AFLITOS,Não informado,ABALROAMENTO TRANSVERSAL,COLISÃO ENTRE DOIS AUTOS C/V,2.0,1.0,0.0,0.0,0.0,0.0,0.0,0.0,0.0,0.0,0.0,Cruzamento,Bom,Sem defeito,Perfeito estado,Seca,Perfeito estado,Faixa de pedestre,R-6a,60.0,Única,Faixa seccionada,Não informado,2020,1,12,6,4.0
2020-01-12,05:47:00,COM VÍTIMA,FINALIZADA,BOA VIAGEM,AV CONSELHEIRO AGUIAR,Não informado,EM FRENTE AO BRADESCO,BOA VIAGEM,SUBURBIO,CHOQUE OBJETO FIXO,VIATURA DA PM CHOCOU-SE EM UMA ÁRVORE C/V,1.0,1.0,0.0,0.0,0.0,0.0,0.0,0.0,0.0,2.0,0.0,Longo da via,Bom,Não existe,Perfeito estado,Seca,Perfeito estado,Não informado,R-6a,60.0,Única,Faixa seccionada,Não informado,2020,1,12,6,5.0
2020-01-12,06:26:00,SEM VÍTIMA,FINALIZADA,BOA VIAGEM,RUA RIBEIRO DE BRITO,AV FERNANDO SIMOES BARBOSA,AO LADO DO EMPRESARIAL MONTEIRO DE MELO,BOA VIAGEM,SUBURBIO,ABALROAMENTO TRANSVERSAL,SEM VITIMAS,2.0,1.0,0.0,0.0,0.0,0.0,0.0,0.0,0.0,0.0,0.0,Cruzamento,Bom,Sem defeito,Perfeito estado,Seca,Perfeito estado,Faixa de pedestre,R-6a,60.0,Dupla,Outros,Não informado,2020,1,12,6,6.0
2020-01-12,06:53:00,COM VÍTIMA,FINALIZADA,SANTO AMARO,AV CRUZ CABUGA,Não informado,EM FRENTE A CASA DA INDUSTRIA,SANTO AMARO,CIDADE,ABALROAMENTO LONGITUDINAL,COM UMA VITIMA -SAMU E BOMBEIROS NO LOCAL,1.0,1.0,0.0,0.0,0.0,0.0,0.0,0.0,0.0,1.0,0.0,Longo da via,Bom,Não informado,Perfeito estado,Seca,Perfeito estado,Não existe,Outras,60.0,Dupla,Faixa contínua,Não informado,2020,1,12,6,6.0
2020-01-12,10:17:00,SEM VÍTIMA,FINALIZADA,DERBY,AV GOVERNADOR AGAMENON MAGALHAES,Não informado,EM FRENTE AO HOSPITAL PORTUGUES,DERBY,SUBURBIO,COLISÃO TRASEIRA,ENTRE QUATRO VEÍCULOS AUTO PASSEIO,4.0,1.0,0.0,0.0,0.0,0.0,0.0,0.0,0.0,0.0,0.0,Longo da via,Bom,Sem defeito,Perfeito estado,Seca,Perfeito estado,Faixa de pedestre,R-6a,60.0,Dupla,Não informado,Não informado,2020,1,12,6,10.0
2020-01-12,10:23:00,SEM VÍTIMA,FINALIZADA,IMBIRIBEIRA,AV MARECHAL MASCARENHAS DE MORAES,Não informado,À ENCRUZILHADA PNEUS,IMBIRIBEIRA,Não informado,ABALROAMENTO LONGITUDINAL,ONIBUS E AUTO,1.0,1.0,0.0,0.0,0.0,1.0,0.0,0.0,0.0,0.0,0.0,Longo da via,Bom,Sem defeito,Perfeito estado,Seca,Perfeito estado,Faixa de pedestre,R-6a,60.0,Dupla,Não informado,Não informado,2020,1,12,6,10.0
2020-01-12,10:30:00,SEM VÍTIMA,FINALIZADA,MANGUEIRA,RUA TAMBAU,Não informado,AO LADO DA IGREJA ASSEMBLEIA DE DEUS,MANGUEIRA,CIDADE,ABALROAMENTO LONGITUDINAL,DOIS AUTOS,2.0,1.0,0.0,0.0,0.0,0.0,0.0,0.0,0.0,0.0,0.0,Longo da via,Bom,Não existe,Perfeito estado,Seca,Perfeito estado,Não existe,Não há placas,40.0,Não informado,Faixa seccionada,Não informado,2020,1,12,6,10.0
2020-01-12,10:39:00,SEM VÍTIMA,DUPLICIDADE,IMBIRIBEIRA,AV MARECHAL MASCARENHAS DE MORAES,Não informado,ENCRUZILHADA PNEUS,IMBIRIBEIRA,Não informado,COLISÃO,COLISAO S/ VITIMA. ENTRE ONIBUS E VEICULO PARTICULAR,1.0,1.0,0.0,0.0,0.0,1.0,0.0,0.0,0.0,0.0,0.0,Não informado,Não informado,Não informado,Não informado,Não informado,Não informado,Não informado,Não informado,60.0,Não informado,Não informado,Não informado,2020,1,12,6,10.0
2020-01-12,12:09:00,COM VÍTIMA,FINALIZADA,BOA VIAGEM,AV BOA VIAGEM,Não informado,STUDIO PORTAL DE BOA VIAGEM,BOA VIAGEM,CIDADE,ATROPELAMENTO,BICICLETA E PEDESTRE,1.0,1.0,0.0,1.0,1.0,0.0,0.0,0.0,0.0,1.0,0.0,Longo da via,Bom,Não existe,Perfeito estado,Seca,Perfeito estado,Não existe,Não há placas,60.0,Única,Faixa contínua,Não informado,2020,1,12,6,12.0
2020-01-12,13:34:00,COM VÍTIMA,FINALIZADA,PASSARINHO,EST DO PASSARINHO,Não informado,PROX AO TERMINAL DE ONIBUS DE DOIS UNIDOS,PASSARINHO,SUBURBIO,COLISÃO FRONTAL,AUTO PASSEIO X MOTO COM VÍTIMA,1.0,1.0,0.0,0.0,0.0,0.0,0.0,0.0,0.0,1.0,0.0,Longo da via,Bom,Não existe,Não existente,Seca,Mal conservada,Não existe,Não há placas,60.0,Dupla,Não existe,Não informado,2020,1,12,6,13.0
2020-01-12,14:13:00,SEM VÍTIMA,CANCELADA,AFOGADOS,RUA NICOLAU PEREIRA,RUA DA PAZ,ANTES DA PONTE MOTOCOLOMBO,AFOGADOS,SUBURBIO,COLISÃO,SEM VITIMA,2.0,1.0,0.0,0.0,0.0,0.0,0.0,0.0,0.0,0.0,0.0,Não informado,Não informado,Não informado,Não informado,Não informado,Não informado,Não informado,Não informado,60.0,Não informado,Não informado,Não informado,2020,1,12,6,14.0
2020-01-12,14:22:00,SEM VÍTIMA,FINALIZADA,BOA VIAGEM,RUA DOS NAVEGANTES,RUA ANTONIO FALCAO,E/F AO ILHA CAMARÕES,BOA VIAGEM,Não informado,ABALROAMENTO LONGITUDINAL,ENTRE AUTO PASSEIO X MOTO S/V,1.0,1.0,0.0,0.0,0.0,0.0,0.0,0.0,0.0,0.0,0.0,Cruzamento,Bom,Não existe,Perfeito estado,Seca,Perfeito estado,Faixa de retenção,R-6a,60.0,Única,Não existe,Não informado,2020,1,12,6,14.0
2020-01-12,16:27:00,SEM VÍTIMA,FINALIZADA,ESPINHEIRO,AV GOVERNADOR AGAMENON MAGALHAES,Não informado,FR SANTANDER SELECT,ESPINHEIRO,SUBURBIO,COLISÃO TRASEIRA,ENTRE DOIS AUTOS S/V,2.0,1.0,0.0,0.0,0.0,0.0,0.0,0.0,0.0,0.0,0.0,Longo da via,Bom,Sem defeito,Perfeito estado,Seca,Perfeito estado,Faixa de pedestre,Não há placas,60.0,Única,Faixa seccionada,Não informado,2020,1,12,6,16.0
2020-01-12,17:13:00,SEM VÍTIMA,FINALIZADA,BOA VIAGEM,AV DOM JOAO VI,Não informado,LADO OPOSTO AO SHOPPING RECIFE,BOA VIAGEM,SUBURBIO,CAPOTAMENTO,VEICULO CAPOTA E CAI SOBRE O CANAL,1.0,1.0,0.0,0.0,0.0,0.0,0.0,0.0,0.0,0.0,0.0,Longo da via,Bom,Sem defeito,Perfeito estado,Seca,Perfeito estado,Não informado,Não informado,60.0,Única,Faixa seccionada,Não informado,2020,1,12,6,17.0
2020-01-12,18:41:00,SEM VÍTIMA,FINALIZADA,IPSEP,RUA JAMAICA,RUA IZABEL DE SOUZA,Não informado,IPSEP,SUBURBIO,ABALROAMENTO TRANSVERSAL,ENTRE 2 AUTOS. S/V,2.0,1.0,0.0,0.0,0.0,0.0,0.0,0.0,0.0,0.0,0.0,Cruzamento,Bom,Não existe,Perfeito estado,Seca,Perfeito estado,Não existe,Não há placas,60.0,Única,Não existe,Não informado,2020,1,12,6,18.0
2020-01-12,18:50:00,SEM VÍTIMA,FINALIZADA,ÁGUA FRIA,RUA JULIO RAMOS,RUA ZEFERINO AGRA,IMÓVEL Nº 102 ( EM FRENTE),ÁGUA FRIA,SUBURBIO,COLISÃO FRONTAL,COLISÃO ENTRE AUTO E MOTO S/V,1.0,1.0,0.0,0.0,0.0,0.0,0.0,0.0,0.0,0.0,0.0,Cruzamento,Bom,Não existe,Perfeito estado,Seca,Perfeito estado,Faixa de pedestre,Placas Pare,30.0,Única,Não informado,Não informado,2020,1,12,6,18.0
2020-01-12,20:38:00,SEM VÍTIMA,FINALIZADA,BOA VIAGEM,RUA MARQUES DE VALENCA,RUA OLAVO BILAC,Não informado,BOA VIAGEM,CIDADE,ABALROAMENTO TRANSVERSAL,COLISÃO ENTRE DOIS AUTOS S/V,2.0,1.0,0.0,0.0,0.0,0.0,0.0,0.0,0.0,0.0,0.0,Longo da via,Bom,Não existe,Perfeito estado,Seca,Perfeito estado,Não existe,Placas Pare,60.0,Única,Não existe,Não informado,2020,1,12,6,20.0
2020-01-12,22:18:00,SEM VÍTIMA,FINALIZADA,PINA,AV HERCULANO BANDEIRA,RUA ARQUITETO AUGUSTO REINALDO,JBS VEÍCULOS,PINA,SUBURBIO,ABALROAMENTO TRANSVERSAL,ENTRE 2 AUTOS. S/V,2.0,1.0,0.0,0.0,0.0,0.0,0.0,0.0,0.0,0.0,0.0,Cruzamento,Bom,Sem defeito,Perfeito estado,Seca,Perfeito estado,Faixa de retenção,Outras,60.0,Única,Faixa seccionada,Não informado,2020,1,12,6,22.0
2020-01-13,06:13:00,SEM VÍTIMA,CANCELADA,IPSEP,RUA JEAN EMILE FAVRE,Não informado,EM FRENTE A GALERIA MARIA DE LOURDES,IPSEP,Não informado,COLISÃO,COLISÃO SEM VITIMAS,2.0,1.0,0.0,0.0,0.0,0.0,0.0,0.0,0.0,0.0,0.0,Não informado,Não informado,Não informado,Não informado,Não informado,Não informado,Não informado,Não informado,60.0,Não informado,Não informado,Não informado,2020,1,13,0,6.0
2020-01-13,06:39:00,SEM VÍTIMA,FINALIZADA,ENCRUZILHADA,RUA FERNANDO CESAR,RUA INACIO GALVAO DOS SANTOS,Não informado,ENCRUZILHADA,CIDADE,ABALROAMENTO TRANSVERSAL,SEM VITIMAS,2.0,1.0,0.0,0.0,0.0,0.0,0.0,0.0,0.0,0.0,0.0,Cruzamento,Bom,Não existe,Perfeito estado,Seca,Perfeito estado,Faixa de pedestre,Placas Pare,60.0,Única,Faixa seccionada,Não informado,2020,1,13,0,6.0
2020-01-13,06:43:00,SEM VÍTIMA,FINALIZADA,ESTÂNCIA,AV RECIFE,Não informado,SOB O SEMÁFORO Nº 261 SENTIDO BR 101,ESTÂNCIA,SUBURBIO,COLISÃO TRASEIRA,AUTO E CAMINHÃO,1.0,1.0,0.0,0.0,0.0,0.0,1.0,0.0,0.0,0.0,0.0,Longo da via,Bom,Sem defeito,Perfeito estado,Seca,Perfeito estado,Faixa de retenção,Outras,60.0,Dupla,Faixa contínua,Não informado,2020,1,13,0,6.0
2020-01-13,07:02:00,SEM VÍTIMA,CANCELADA,PRADO,RUA QUATRO DE OUTUBRO,Não informado,RESIDENCIA  PROX A PADARIA DO DODO,PRADO,Não informado,COLISÃO,COLISÃO SEM VITIMAS,2.0,1.0,0.0,0.0,0.0,0.0,0.0,0.0,0.0,0.0,0.0,Não informado,Não informado,Não informado,Não informado,Não informado,Não informado,Não informado,Não informado,60.0,Não informado,Não informado,Não informado,2020,1,13,0,7.0
2020-01-13,07:30:00,SEM VÍTIMA,FINALIZADA,TORRE,RUA REAL DA TORRE,Não informado,Não informado,TORRE,Não informado,ABALROAMENTO LONGITUDINAL,SEM VITIMAS,2.0,1.0,0.0,0.0,0.0,0.0,0.0,0.0,0.0,0.0,0.0,Longo da via,Chuvoso,Sem defeito,Perfeito estado,Molhada,Perfeito estado,Faixa de pedestre,Outras,40.0,Única,Faixa seccionada,Não informado,2020,1,13,0,7.0
2020-01-13,07:51:00,SEM VÍTIMA,FINALIZADA,CORDEIRO,AV ENGENHEIRO ABDIAS DE CARVALHO,Não informado,LADO OPOSTO AO NÚMERO 3010,CORDEIRO,CIDADE,COLISÃO TRASEIRA,COLISÃO SEM VITIMAS GM LUANA QTH,3.0,1.0,0.0,0.0,0.0,0.0,0.0,0.0,0.0,0.0,0.0,Longo da via,Bom,Não existe,Perfeito estado,Seca,Perfeito estado,Não existe,Não há placas,60.0,Dupla,Canteiro central,Não informado,2020,1,13,0,7.0
2020-01-13,08:10:00,COM VÍTIMA,CANCELADA,BAIRRO DO RECIFE,AV ALFREDO LISBOA,Não informado,EM FRENTE AO ESTACIONAMENTO DO PARADOR E AO LADO DO ITAIPAVA 14,BAIRRO DO RECIFE,Não informado,COLISÃO,AUTO E MOTO,1.0,1.0,0.0,0.0,0.0,0.0,0.0,0.0,0.0,1.0,0.0,Não informado,Não informado,Não informado,Não informado,Não informado,Não informado,Não informado,Não informado,60.0,Não informado,Não informado,Não informado,2020,1,13,0,8.0
2020-01-13,08:19:00,COM VÍTIMA,FINALIZADA,ALTO JOSÉ BONIFÁCIO,RUA ALTO JOSE BONIFACIO,Não informado,PROX: QUADRA DO ALTO JOSE BONIFACIO,ALTO JOSÉ BONIFÁCIO,CIDADE,CHOQUE VEÍCULO PARADO,COLISAO COM VITIMA. ENTRE UM ONIBUS E UMA MOTO,1.0,1.0,0.0,0.0,0.0,1.0,0.0,0.0,0.0,1.0,0.0,Longo da via,Chuvoso,Não existe,Perfeito estado,Molhada,Perfeito estado,Não existe,Não há placas,60.0,Dupla,Faixa seccionada,Não informado,2020,1,13,0,8.0
2020-01-13,08:24:00,SEM VÍTIMA,FINALIZADA,BARRO,AV DR JOSE RUFINO,Não informado,VIADUTO DA BR 101,BARRO,SUBURBIO,ABALROAMENTO TRANSVERSAL,COLISÃO SEM VITIMAS,1.0,1.0,0.0,0.0,0.0,0.0,0.0,0.0,0.0,0.0,0.0,Cruzamento,Bom,Não existe,Incompleta,Seca,Perfeito estado,Não existe,Não há placas,60.0,Dupla,Faixa seccionada,Não informado,2020,1,13,0,8.0
2020-01-13,09:08:00,SEM VÍTIMA,FINALIZADA,ESPINHEIRO,RUA SAO SALVADOR,Não informado,MORADA SÃO SALVADOR,ESPINHEIRO,CIDADE,ABALROAMENTO LONGITUDINAL,DOIS AUTOS,2.0,1.0,0.0,0.0,0.0,0.0,0.0,0.0,0.0,0.0,0.0,Longo da via,Bom,Não existe,Perfeito estado,Seca,Perfeito estado,Não existe,R-6a,60.0,Única,Não existe,Não informado,2020,1,13,0,9.0
2020-01-13,09:35:00,SEM VÍTIMA,FINALIZADA,ILHA JOANA BEZERRA,AV BEIRA RIO,Não informado,EM FRENTE AO CAMPO DE FUTEBOL DA JOANA BEZERRA,ILHA JOANA BEZERRA,CIDADE,COLISÃO TRASEIRA,COLISÃO SEM VITIMAS,5.0,1.0,0.0,0.0,0.0,0.0,0.0,0.0,0.0,0.0,0.0,Longo da via,Bom,Não existe,Perfeito estado,Seca,Perfeito estado,Outros,Não há placas,60.0,Dupla,Faixa contínua,Não informado,2020,1,13,0,9.0
2020-01-13,09:46:00,SEM VÍTIMA,CANCELADA,BOA VIAGEM,RUA MAMANGUAPE,Não informado,EM FRENTE AO EDF CARRARA,BOA VIAGEM,Não informado,COLISÃO,SEM VITIMAS,2.0,1.0,0.0,0.0,0.0,0.0,0.0,0.0,0.0,0.0,0.0,Não informado,Não informado,Não informado,Não informado,Não informado,Não informado,Não informado,Não informado,60.0,Não informado,Não informado,Não informado,2020,1,13,0,9.0
2020-01-13,09:48:00,SEM VÍTIMA,FINALIZADA,CASA AMARELA,RUA BENTO LOYOLA,AV PROFESSOR JOSE DOS ANJOS,POSTE CELPE Nº B 005914,CASA AMARELA,Não informado,ABALROAMENTO TRANSVERSAL,DOIS AUTOS,2.0,1.0,0.0,0.0,0.0,0.0,0.0,0.0,0.0,0.0,0.0,Cruzamento,Bom,Não existe,Perfeito estado,Seca,Perfeito estado,Não existe,Placas Pare,30.0,Dupla,Não existe,Não informado,2020,1,13,0,9.0
2020-01-13,09:55:00,SEM VÍTIMA,FINALIZADA,BOA VISTA,Não informado,Não informado,ANTES DA ESQUINA COM A RUA DR. JOSÉ MARIANO,BOA VISTA,Não informado,COLISÃO TRASEIRA,SEM VITIMAS,2.0,1.0,0.0,0.0,0.0,0.0,0.0,0.0,0.0,0.0,0.0,Longo da via,Bom,Sem defeito,Perfeito estado,Seca,Perfeito estado,Faixa de pedestre,Não há placas,60.0,Única,Faixa contínua,Não informado,2020,1,13,0,9.0
2020-01-13,10:00:00,SEM VÍTIMA,FINALIZADA,SÃO JOSÉ,RUA DA CONCORDIA,Não informado,EM FRENTE A LOJA COMANDO DAS BOMBAS,SÃO JOSÉ,CIDADE,ABALROAMENTO TRANSVERSAL,DOIS AUTOS,2.0,1.0,0.0,0.0,0.0,0.0,0.0,0.0,0.0,0.0,0.0,Longo da via,Bom,Não existe,Perfeito estado,Seca,Perfeito estado,Não existe,Outras,60.0,Única,Não existe,Não informado,2020,1,13,0,10.0
2020-01-13,10:30:00,SEM VÍTIMA,FINALIZADA,BOA VISTA,RUA DA SOLEDADE,AV CONDE DA BOA VISTA,Não informado,BOA VISTA,SUBURBIO,ABALROAMENTO LONGITUDINAL,SEM VITIMAS,1.0,1.0,0.0,0.0,0.0,0.0,1.0,0.0,0.0,0.0,0.0,Cruzamento,Bom,Sem defeito,Perfeito estado,Seca,Perfeito estado,Faixa de pedestre,R-6a,60.0,Única,Faixa contínua,Não informado,2020,1,13,0,10.0
2020-01-13,10:31:00,COM VÍTIMA,FINALIZADA,IPUTINGA,AV CAXANGA,Não informado,PROX. AO POSTO BR- SENT. CIDADE,IPUTINGA,CIDADE,COLISÃO TRASEIRA,DUAS MOTOS- GM REGO BARROS NO LOCAL,1.0,2.0,0.0,0.0,0.0,0.0,0.0,0.0,0.0,1.0,0.0,Longo da via,Bom,Sem defeito,Perfeito estado,Seca,Perfeito estado,Agente,R-5a,60.0,Não informado,Canteiro central,Não informado,2020,1,13,0,10.0
2020-01-13,10:55:00,SEM VÍTIMA,FINALIZADA,IPSEP,AV RECIFE,Não informado,EXATA COR,IPSEP,CIDADE,ABALROAMENTO LONGITUDINAL,COLISAO S/ VITIMA. ENTRE DOIS VEICULOS,2.0,1.0,0.0,0.0,0.0,0.0,0.0,0.0,0.0,0.0,0.0,Longo da via,Bom,Sem defeito,Perfeito estado,Seca,Perfeito estado,Não existe,Outras,60.0,Única,Faixa seccionada,Não informado,2020,1,13,0,10.0
2020-01-13,11:24:00,SEM VÍTIMA,DUPLICIDADE,IPSEP,AV RECIFE,Não informado,EM FRENTE A EMPRESA EXATA  COR,IPSEP,AREIAS,COLISÃO,COLISÃO SEM VITIMAS,2.0,1.0,0.0,0.0,0.0,0.0,0.0,0.0,0.0,0.0,0.0,Não informado,Não informado,Não informado,Não informado,Não informado,Não informado,Não informado,Não informado,60.0,Não informado,Não informado,Não informado,2020,1,13,0,11.0
2020-01-13,11:46:00,SEM VÍTIMA,FINALIZADA,BAIRRO DO RECIFE,RUA DR ASCANIO PEIXOTO,Não informado,DENTRO DO PORTO DO RECIFE,BAIRRO DO RECIFE,CIDADE,ABALROAMENTO LONGITUDINAL,COLISÃO SEM VITIMAS,1.0,1.0,0.0,0.0,0.0,0.0,1.0,0.0,0.0,0.0,0.0,Longo da via,Bom,Não existe,Perfeito estado,Seca,Não informado,Outros,Não há placas,60.0,Dupla,Canteiro central,Não informado,2020,1,13,0,11.0
2020-01-13,11:48:00,SEM VÍTIMA,FINALIZADA,ALTO JOSÉ DO PINHO,RUA CORREGO JOSE GRANDE,Não informado,ESTAÇÃO ELEVATÓRIA DE ÁGUA,ALTO JOSÉ DO PINHO,CIDADE,ABALROAMENTO LONGITUDINAL,SEM VITIMAS,1.0,1.0,0.0,0.0,0.0,0.0,0.0,0.0,0.0,0.0,0.0,Longo da via,Bom,Não existe,Perfeito estado,Seca,Perfeito estado,Não existe,Outras,60.0,Dupla,Não existe,Não informado,2020,1,13,0,11.0
2020-01-13,11:52:00,SEM VÍTIMA,FINALIZADA,SAN MARTIN,RUA COMENDADOR FRANCO FERREIRA,RUA JOSE VELOSO,Não informado,SAN MARTIN,SUBURBIO,ABALROAMENTO LONGITUDINAL,COLISAO S/ VITIMA. ENTRE DOIS VEICULOS,2.0,1.0,0.0,0.0,0.0,0.0,0.0,0.0,0.0,0.0,0.0,Cruzamento,Bom,Não existe,Incompleta,Seca,Perfeito estado,Outros,Placas Pare,30.0,Dupla,Não existe,Não informado,2020,1,13,0,11.0
2020-01-13,12:33:00,SEM VÍTIMA,FINALIZADA,SANTO ANTÔNIO,AV MARTINS DE BARROS,Não informado,EM FRENTE AO POSTO IPIRANGA,SANTO ANTÔNIO,SUBURBIO,COLISÃO TRASEIRA,COLISAO ENTRE DOIS AUTOS S/V,2.0,1.0,0.0,0.0,0.0,0.0,0.0,0.0,0.0,0.0,0.0,Longo da via,Bom,Não existe,Perfeito estado,Seca,Perfeito estado,Faixa de pedestre,Não há placas,60.0,Dupla,Canteiro central,Não informado,2020,1,13,0,12.0
2020-01-13,12:57:00,COM VÍTIMA,CANCELADA,CASA FORTE,AV DEZESSETE DE AGOSTO,RUA DOS ARCOS,CASA ...EM FRENTE AO REAL BOTIQUIM,CASA FORTE,Não informado,COLISÃO,COLISÃO COM VITIMA,1.0,1.0,0.0,0.0,0.0,0.0,0.0,0.0,0.0,1.0,0.0,Não informado,Não informado,Não informado,Não informado,Não informado,Não informado,Não informado,Não informado,60.0,Não informado,Não informado,Não informado,2020,1,13,0,12.0
2020-01-13,13:53:00,SEM VÍTIMA,FINALIZADA,VÁRZEA,RUA MARIO CAMPELO,AV INACIO DE BARROS BARRETO,KITANDA RENASCER,VÁRZEA,Não informado,ABALROAMENTO LONGITUDINAL,COLISÃO SEM VITIMA,1.0,1.0,0.0,0.0,0.0,0.0,0.0,0.0,0.0,0.0,0.0,Cruzamento,Bom,Não existe,Não existente,Seca,Perfeito estado,Não existe,Não há placas,60.0,Dupla,Não existe,Não informado,2020,1,13,0,13.0
2020-01-13,14:28:00,SEM VÍTIMA,CANCELADA,BOA VIAGEM,RUA BARAO DE SOUZA LEAO,Não informado,E/F AO COLÉGIO MARIA TEREZA,BOA VIAGEM,Não informado,CHOQUE,CAMINHÃO QUEBRADO NA VIA APÓS CHOQUE COM VIADUTO,1.0,1.0,0.0,0.0,0.0,0.0,1.0,0.0,0.0,0.0,0.0,Não informado,Não informado,Não informado,Não informado,Não informado,Não informado,Não informado,Não informado,60.0,Não informado,Não informado,Não informado,2020,1,13,0,14.0
2020-01-13,14:42:00,SEM VÍTIMA,FINALIZADA,MADALENA,RUA JOAQUIM NABUCO,Não informado,PONTE DA CAPUNGA,MADALENA,SUBURBIO,COLISÃO TRASEIRA,COLISÃO SEM VÍTIMA / LUIZ BARBOSA DE PO NO LOCAL-TELEFONE 999116655,1.0,1.0,0.0,0.0,0.0,0.0,1.0,0.0,0.0,0.0,0.0,Longo da via,Bom,Não existe,Perfeito estado,Seca,Perfeito estado,Não existe,Não há placas,60.0,Dupla,Faixa contínua,Não informado,2020,1,13,0,14.0
2020-01-13,15:04:00,SEM VÍTIMA,FINALIZADA,AFOGADOS,RUA NICOLAU PEREIRA,RUA DA PAZ,FÁBRICA DA ASA,AFOGADOS,SUBURBIO,ABALROAMENTO TRANSVERSAL,COLISÃO S/VITIMAS ENTRE UMA AMBULÂNCIA E UMA AUTO,1.0,1.0,0.0,0.0,0.0,0.0,0.0,0.0,1.0,0.0,0.0,Cruzamento,Bom,Sem defeito,Perfeito estado,Seca,Perfeito estado,Agente,Outras,40.0,Única,Faixa seccionada,Não informado,2020,1,13,0,15.0
2020-01-13,15:32:00,SEM VÍTIMA,FINALIZADA,ILHA DO RETIRO,RUA BENFICA,RUA SPORT CLUBE DO RECIFE,SPORT CLUBE DO RECIFE,ILHA DO RETIRO,SUBURBIO,COLISÃO TRASEIRA,COLISÃO S/VITIMAS ENTRE TRES AUTOS,3.0,1.0,0.0,0.0,0.0,0.0,0.0,0.0,0.0,0.0,0.0,Longo da via,Bom,Não existe,Perfeito estado,Seca,Perfeito estado,Não existe,Outras,60.0,Única,Não existe,Não informado,2020,1,13,0,15.0
2020-01-13,15:36:00,SEM VÍTIMA,CANCELADA,ARRUDA,AV BEBERIBE,Não informado,EM FRENTE A ANTIGA SÃO PAULO- E AO CANAL DA CONSTRUÇÃO,ARRUDA,Não informado,COLISÃO,COLISÃO SEM VITIMA,1.0,1.0,0.0,0.0,0.0,0.0,0.0,0.0,0.0,0.0,0.0,Não informado,Não informado,Não informado,Não informado,Não informado,Não informado,Não informado,Não informado,60.0,Não informado,Não informado,Não informado,2020,1,13,0,15.0
2020-01-13,15:45:00,SEM VÍTIMA,FINALIZADA,MACAXEIRA,AV NORTE,RUA DO MONTE,ANTIGO TERMINAL DA MACAXEIRA,MACAXEIRA,CIDADE,COLISÃO TRASEIRA,COLISÃO S/VTIMAS ENTRE UMA MOTO E UM AUTO,1.0,1.0,0.0,0.0,0.0,0.0,0.0,0.0,0.0,0.0,0.0,Longo da via,Bom,Sem defeito,Perfeito estado,Seca,Perfeito estado,Não existe,R-6a,60.0,Dupla,Canteiro central,Não informado,2020,1,13,0,15.0