data,hora,natureza_acidente,situacao,bairro,endereco,detalhe_endereco_acidente,complemento,bairro_cruzamento,sentido_via,tipo,descricao,auto,moto,ciclom,ciclista,pedestre,onibus,caminhao,viatura,outros,vitimas,vitimasfatais,acidente_verificado,tempo_clima,situacao_semaforo,sinalizacao,condicao_via,conservacao_via,ponto_controle,situacao_placa,velocidade_max_via,mao_direcao,divisao_via1,natureza,ano,mes,dia,dia_semana,hora_ocorrencia
2020-01-13,16:29:00,SEM VÍTIMA,FINALIZADA,JAQUEIRA,AV RUI BARBOSA,Não informado,EM FRENTE AO CURSO DE INGLÊS RED BALLOON,JAQUEIRA,CIDADE,COLISÃO TRASEIRA,COLISÃO SEM VITIMA,3.0,1.0,0.0,0.0,0.0,0.0,0.0,0.0,0.0,0.0,0.0,Longo da via,Bom,Não existe,Perfeito estado,Seca,Perfeito estado,Não existe,Não há placas,60.0,Única,Faixa contínua,Não informado,2020,1,13,0,16.0
2020-01-13,17:03:00,SEM VÍTIMA,FINALIZADA,DERBY,PRC DO DERBY,RUA JENER DE SOUZA,PRAÇA DO DERBY,DERBY,CIDADE,ABALROAMENTO TRANSVERSAL,COLISÃO SEM VITIMA,2.0,1.0,0.0,0.0,0.0,0.0,0.0,0.0,0.0,0.0,0.0,Longo da via,Bom,Com defeito,Perfeito estado,Seca,Perfeito estado,Faixa de pedestre,Não informado,50.0,Dupla,Faixa contínua,Não informado,2020,1,13,0,17.0
2020-01-13,17:12:00,SEM VÍTIMA,FINALIZADA,Não informado,AV MARTINS DE BARROS,Não informado,EM FRENTE AO DELTA EXPRESSO,Não informado,SUBURBIO,COLISÃO FRONTAL,COLISAO ENTRE TRES AUTOS S/V,3.0,1.0,0.0,0.0,0.0,0.0,0.0,0.0,0.0,0.0,0.0,Longo da via,Bom,Não existe,Perfeito estado,Seca,Perfeito estado,Não existe,R-19,40.0,Única,Faixa seccionada,Não informado,2020,1,13,0,17.0
2020-01-13,17:32:00,SEM VÍTIMA,CANCELADA,BOA VIAGEM,RUA DES JOAO PAES,Não informado,CASA,BOA VIAGEM,Não informado,COLISÃO,COLISÃO SEM VITIMA,1.0,1.0,1.0,0.0,0.0,0.0,0.0,0.0,0.0,0.0,0.0,Não informado,Não informado,Não informado,Não informado,Não informado,Não informado,Não informado,Não informado,60.0,Não informado,Não informado,Não informado,2020,1,13,0,17.0
2020-01-13,17:40:00,SEM VÍTIMA,FINALIZADA,BOA VIAGEM,AV BOA VIAGEM,Não informado,Não informado,BOA VIAGEM,CIDADE,COLISÃO TRASEIRA,COLISÃO SEM VÍTIMA,2.0,1.0,0.0,0.0,0.0,0.0,0.0,0.0,0.0,0.0,0.0,Longo da via,Bom,Sem defeito,Perfeito estado,Seca,Perfeito estado,Não existe,Não há placas,60.0,Única,Faixa seccionada,Não informado,2020,1,13,0,17.0
2020-01-13,17:55:00,SEM VÍTIMA,FINALIZADA,SAN MARTIN,RUA COMENDADOR FRANCO FERREIRA,RUA EDUARDO DE ANDRADE,ACADEMIA DA CIDADE,SAN MARTIN,Não informado,ABALROAMENTO TRANSVERSAL,ENTRE AUTO PASSEIO X MOTO,1.0,1.0,0.0,0.0,0.0,0.0,0.0,0.0,0.0,0.0,0.0,Cruzamento,Bom,Não existe,Perfeito estado,Seca,Perfeito estado,Outros,Placas Pare,60.0,Dupla,Outros,Não informado,2020,1,13,0,17.0
2020-01-13,18:05:00,COM VÍTIMA,FINALIZADA,IMBIRIBEIRA,RUA ENGENHEIRO JOSE APOLINARIO,RUA ALVARO AMORIM,POR TRÁS DA ANTIGA DHPP,IMBIRIBEIRA,SUBURBIO,ABALROAMENTO TRANSVERSAL,MOTO X AUTO PASSEIO COM VÍTIMA,1.0,1.0,0.0,0.0,0.0,0.0,0.0,0.0,0.0,1.0,0.0,Cruzamento,Bom,Não existe,Perfeito estado,Seca,Perfeito estado,Não existe,Placas Pare,60.0,Dupla,Não existe,Não informado,2020,1,13,0,18.0
2020-01-13,18:39:00,SEM VÍTIMA,FINALIZADA,ESPINHEIRO,RUA QUARENTA E OITO,Não informado,Não informado,ESPINHEIRO,CIDADE,COLISÃO TRASEIRA,ENTRE 3 AUTOS. S/V,3.0,1.0,0.0,0.0,0.0,0.0,0.0,0.0,0.0,0.0,0.0,Longo da via,Bom,Não existe,Perfeito estado,Seca,Perfeito estado,Não existe,Não há placas,60.0,Única,Faixa seccionada,Não informado,2020,1,13,0,18.0
2020-01-13,18:43:00,SEM VÍTIMA,CANCELADA,GRAÇAS,RUA ALBERTO PAIVA,Não informado,E/F A FREESABOR,GRAÇAS,Não informado,COLISÃO,ENTRE 2 AUTOS. S/V,2.0,1.0,0.0,0.0,0.0,0.0,0.0,0.0,0.0,0.0,0.0,Não informado,Não informado,Não informado,Não informado,Não informado,Não informado,Não informado,Não informado,60.0,Não informado,Não informado,Não informado,2020,1,13,0,18.0
2020-01-13,18:52:00,SEM VÍTIMA,FINALIZADA,BOA VIAGEM,RUA WALDEMAR NERY CARNEIRO MONTEIRO,Não informado,Não informado,BOA VIAGEM,SUBURBIO,CHOQUE VEÍCULO PARADO,COLISÃO ENTRE DOIS AUTOS- POSTERIORMENTE UM CAPOTAMENTO,3.0,1.0,0.0,0.0,0.0,0.0,0.0,0.0,0.0,0.0,0.0,Longo da via,Bom,Não existe,Não existente,Seca,Perfeito estado,Não existe,Não há placas,60.0,Dupla,Não existe,Não informado,2020,1,13,0,18.0
2020-01-13,18:58:00,SEM VÍTIMA,CANCELADA,IMBIRIBEIRA,AV MARECHAL MASCARENHAS DE MORAES,Não informado,E/F A FLOR ARTE,IMBIRIBEIRA,CIDADE,COLISÃO,ENTRE DOIS AUTOS S/V,2.0,1.0,0.0,0.0,0.0,0.0,0.0,0.0,0.0,0.0,0.0,Não informado,Não informado,Não informado,Não informado,Não informado,Não informado,Não informado,Não informado,60.0,Não informado,Não informado,Não informado,2020,1,13,0,18.0
2020-01-13,19:03:00,SEM VÍTIMA,CANCELADA,BOA VISTA,RUA PRINCESA IZABEL,RUA DA AURORA,APÓS A FACULDADE DE DIREITO / E/F AO PRÉDIO DA POLÍCIA CIVIL,BOA VISTA,Não informado,COLISÃO,ENTRE AUTO E ÕNIBUS DE TURISMO. S/V,1.0,1.0,0.0,0.0,0.0,1.0,0.0,0.0,0.0,0.0,0.0,Não informado,Não informado,Não informado,Não informado,Não informado,Não informado,Não informado,Não informado,60.0,Não informado,Não informado,Não informado,2020,1,13,0,19.0
2020-01-13,19:06:00,SEM VÍTIMA,FINALIZADA,CURADO,AV PREFEITO ANTONIO PEREIRA,RUA MINISTRO MARIO ANDREAZZA,Não informado,CURADO,Não informado,ABALROAMENTO TRANSVERSAL,ENTRE ÕNIBUS E AUTO PASSEIO. S/V,1.0,1.0,0.0,0.0,0.0,1.0,0.0,0.0,0.0,0.0,0.0,Cruzamento,Bom,Não existe,Não existente,Seca,Perfeito estado,Não existe,Não há placas,60.0,Dupla,Canteiro central,Não informado,2020,1,13,0,19.0
2020-01-13,22:24:00,SEM VÍTIMA,FINALIZADA,VÁRZEA,AV AFONSO OLINDENSE,Não informado,FRENTE RESIDÊNCIA DE Nº 188,VÁRZEA,SUBURBIO,ABALROAMENTO LONGITUDINAL,ENTRE 2 AUTOS. S/V,2.0,1.0,0.0,0.0,0.0,0.0,0.0,0.0,0.0,0.0,0.0,Longo da via,Bom,Não existe,Perfeito estado,Seca,Perfeito estado,Faixa de pedestre,Outras,60.0,Dupla,Faixa contínua,Não informado,2020,1,13,0,22.0
2020-01-14,06:52:00,SEM VÍTIMA,FINALIZADA,BOA VIAGEM,RUA VISCONDE DE JEQUITINHONHA,Não informado,EM FRENTE A GALERIA SETUBAL CENTER,BOA VIAGEM,Não informado,COLISÃO TRASEIRA,COLISAO S/ VITIMA. ENTRE DOIS VEICULOS,2.0,1.0,0.0,0.0,0.0,0.0,0.0,0.0,0.0,0.0,0.0,Longo da via,Bom,Sem defeito,Perfeito estado,Seca,Perfeito estado,Faixa de retenção,Não há placas,60.0,Única,Faixa contínua,Não informado,2020,1,14,1,6.0
2020-01-14,07:23:00,SEM VÍTIMA,FINALIZADA,PAISSANDU,AV GOVERNADOR AGAMENON MAGALHAES,RUA PAISSANDU,SOB O SEMÁFORO Nº 069,PAISSANDU,Não informado,ABALROAMENTO TRANSVERSAL,COLISÃO S/VITIMAS ENTRE DOIS AUTOS (PONTO FIXO ERIVAN SILVA E LEILA NO QTH),2.0,1.0,0.0,0.0,0.0,0.0,0.0,0.0,0.0,0.0,0.0,Cruzamento,Bom,Sem defeito,Perfeito estado,Seca,Perfeito estado,Agente,Outras,60.0,Dupla,Canteiro central,Não informado,2020,1,14,1,7.0
2020-01-14,08:02:00,SEM VÍTIMA,FINALIZADA,ESPINHEIRO,AV JOAO DE BARROS,RUA CONS PORTELA,Não informado,ESPINHEIRO,CIDADE,ABALROAMENTO LONGITUDINAL,AUTO X ÔNIBUS,1.0,1.0,0.0,0.0,0.0,1.0,0.0,0.0,0.0,0.0,0.0,Longo da via,Bom,Não existe,Perfeito estado,Seca,Perfeito estado,Faixa de pedestre,Outras,60.0,Única,Faixa seccionada,Não informado,2020,1,14,1,8.0
2020-01-14,09:27:00,SEM VÍTIMA,FINALIZADA,ALTO JOSÉ DO PINHO,AV NORTE,Não informado,APÓS A ENTRADA DO ALTO JOSÉ DO PINHO,ALTO JOSÉ DO PINHO,SUBURBIO,ABALROAMENTO LONGITUDINAL,COLISÃO S/VITIMAS ENTRE TRES CAMINHÕES,1.0,1.0,0.0,0.0,0.0,0.0,2.0,0.0,0.0,0.0,0.0,Longo da via,Bom,Não existe,Perfeito estado,Seca,Perfeito estado,Não existe,R-6a,60.0,Dupla,Faixa seccionada,Não informado,2020,1,14,1,9.0
2020-01-14,09:34:00,COM VÍTIMA,FINALIZADA,TEJIPIÓ,RUA FALCAO DE LACERDA,RUA PAPA JOAO VINTE E TRES,EM FRENTE A ART MOVEIS,TEJIPIÓ,CIDADE,ABALROAMENTO LONGITUDINAL,MOTO E AUTO,1.0,1.0,0.0,0.0,0.0,0.0,0.0,0.0,0.0,1.0,0.0,Esquina,Bom,Sem defeito,Perfeito estado,Seca,Perfeito estado,Faixa de pedestre,Outras,60.0,Dupla,Faixa contínua,Não informado,2020,1,14,1,9.0
2020-01-14,09:39:00,SEM VÍTIMA,CANCELADA,BARRO,AV DR JOSE RUFINO,Não informado,OFICINA DO MAGO// JB MOTOS,BARRO,AFOGADOS,COLISÃO,COLISAO S/ VITIMA. AMBULANCIA E TAXI,1.0,1.0,0.0,0.0,0.0,0.0,0.0,0.0,1.0,0.0,0.0,Não informado,Não informado,Não informado,Não informado,Não informado,Não informado,Não informado,Não informado,60.0,Não informado,Não informado,Não informado,2020,1,14,1,9.0
2020-01-14,10:18:00,SEM VÍTIMA,FINALIZADA,IMBIRIBEIRA,AV GENERAL MAC ARTHUR,AV MARECHAL MASCARENHAS DE MORAES,Não informado,IMBIRIBEIRA,SUBURBIO,ABALROAMENTO LONGITUDINAL,DOIS AUTOS  PONTO FIXO GM RAMBALDI,1.0,1.0,0.0,0.0,0.0,0.0,0.0,0.0,1.0,0.0,0.0,Cruzamento,Bom,Sem defeito,Perfeito estado,Seca,Perfeito estado,Agente,Não há placas,40.0,Única,Faixa seccionada,Não informado,2020,1,14,1,10.0
2020-01-14,10:21:00,COM VÍTIMA,FINALIZADA,ARRUDA,RUA DESENHISTA EULINO SANTOS,RUA DA REGENERACAO,CONJUNTO ELDORADO. PRÓXIMO A ANTIGA FÁBRICA DA COCACOLA,ARRUDA,SUBURBIO,ABALROAMENTO LONGITUDINAL,COLISAO COM VITIMA. ENTRE MOTO E VEICULO. VT 08 NO LOCAL,1.0,1.0,0.0,0.0,0.0,0.0,0.0,0.0,0.0,1.0,0.0,Longo da via,Bom,Não existe,Não existente,Seca,Perfeito estado,Não existe,Não há placas,60.0,Dupla,Canteiro central,Não informado,2020,1,14,1,10.0
2020-01-14,10:22:00,SEM VÍTIMA,FINALIZADA,PRADO,RUA PADRE TEOFILO TWORZ,RUA CARLOS GOMES,Não informado,PRADO,CIDADE,ABALROAMENTO TRANSVERSAL,COLISÃO SEM VITIMAS,1.0,1.0,0.0,0.0,0.0,0.0,0.0,0.0,0.0,0.0,0.0,Cruzamento,Bom,Não existe,Não existente,Seca,Perfeito estado,Não existe,Não há placas,60.0,Dupla,Canteiro central,Não informado,2020,1,14,1,10.0
2020-01-14,10:24:00,SEM VÍTIMA,CANCELADA,MADALENA,RUA REAL DA TORRE,Não informado,AO LADO DO MERCADO DA MADALENA,MADALENA,Não informado,COLISÃO,COLISÃO S/VITIMAS ENTRE DOIS AUTOS,2.0,1.0,0.0,0.0,0.0,0.0,0.0,0.0,0.0,0.0,0.0,Não informado,Não informado,Não informado,Não informado,Não informado,Não informado,Não informado,Não informado,60.0,Não informado,Não informado,Não informado,2020,1,14,1,10.0
2020-01-14,10:26:00,COM VÍTIMA,FINALIZADA,PRADO,RUA GOMES TABORDA,Não informado,PXÓXIMO AO BAILE PERFUMADO,PRADO,SUBURBIO,ABALROAMENTO LONGITUDINAL,COLISÃO COM VITIMA - CICLOMOTOR ENVOLVIDO NÃO POSSUI PLACA DE IDENTIFICAÇÃO.,1.0,1.0,1.0,0.0,0.0,0.0,0.0,0.0,0.0,1.0,0.0,Longo da via,Bom,Não existe,Perfeito estado,Seca,Perfeito estado,Não informado,Outras,60.0,Dupla,Faixa seccionada,Não informado,2020,1,14,1,10.0
2020-01-14,11:12:00,SEM VÍTIMA,FINALIZADA,BOA VIAGEM,AV BOA VIAGEM,Não informado,EDIFICIO JOSE ESTACIO VIEIRA,BOA VIAGEM,CIDADE,ABALROAMENTO LONGITUDINAL,COLISÃO SEM VITIMAS,4.0,1.0,0.0,0.0,0.0,0.0,0.0,0.0,0.0,0.0,0.0,Longo da via,Bom,Não existe,Perfeito estado,Seca,Perfeito estado,Não existe,Não há placas,60.0,Única,Faixa seccionada,Não informado,2020,1,14,1,11.0
2020-01-14,11:15:00,COM VÍTIMA,FINALIZADA,CAMPO GRANDE,EST DE BELEM,Não informado,E/F A ACADEMIA HI,CAMPO GRANDE,Não informado,ABALROAMENTO LONGITUDINAL,COLISÃO C/VITIMA ENTRE UMA MOTO E UM AUTO,1.0,1.0,0.0,0.0,0.0,0.0,0.0,0.0,0.0,1.0,0.0,Longo da via,Bom,Não existe,Perfeito estado,Seca,Perfeito estado,Não informado,Não informado,60.0,Dupla,Faixa contínua,Não informado,2020,1,14,1,11.0
2020-01-14,11:25:00,SEM VÍTIMA,FINALIZADA,IMBIRIBEIRA,AV MARECHAL MASCARENHAS DE MORAES,Não informado,EM FRENTE A CAIXA ECONOMICA FEDERAL,IMBIRIBEIRA,CIDADE,COLISÃO TRASEIRA,COLISÃO S/VITIMAS ENTRE TRES AUTOS,3.0,1.0,0.0,0.0,0.0,0.0,0.0,0.0,0.0,0.0,0.0,Longo da via,Bom,Não existe,Perfeito estado,Seca,Perfeito estado,Não existe,Não informado,60.0,Dupla,Faixa contínua,Não informado,2020,1,14,1,11.0
2020-01-14,11:28:00,SEM VÍTIMA,FINALIZADA,IMBIRIBEIRA,AV DES JOSE NEVES,Não informado,Não informado,IMBIRIBEIRA,SUBURBIO,ABALROAMENTO LONGITUDINAL,COLISAO S/ VITAMO. ENTRE MOTO E VEICULO,2.0,1.0,0.0,0.0,0.0,0.0,0.0,0.0,0.0,0.0,0.0,Longo da via,Bom,Sem defeito,Perfeito estado,Seca,Perfeito estado,Faixa de pedestre,Não há placas,60.0,Dupla,Canal,Não informado,2020,1,14,1,11.0
2020-01-14,13:32:00,COM VÍTIMA,FINALIZADA,BOA VIAGEM,RUA BRUNO VELOSO,RUA PROFESSOR JOAO MEDEIROS,E/F A ACADEMIA R2,BOA VIAGEM,CIDADE,ABALROAMENTO LONGITUDINAL,ENTRE DOIS AUTOS C/V,2.0,1.0,0.0,0.0,0.0,0.0,0.0,0.0,0.0,1.0,0.0,Cruzamento,Bom,Sem defeito,Perfeito estado,Seca,Perfeito estado,Faixa de pedestre,Não há placas,60.0,Dupla,Canteiro central,Não informado,2020,1,14,1,13.0
2020-01-14,13:39:00,SEM VÍTIMA,FINALIZADA,JOANA BEZERRA,AV MARTIN LUTHER KING,Não informado,BORRACHARIA DO GEL,JOANA BEZERRA,Não informado,ABALROAMENTO LONGITUDINAL,COLISÃO SEM VÍTIMA,1.0,1.0,0.0,0.0,0.0,0.0,0.0,0.0,0.0,0.0,0.0,Longo da via,Bom,Não existe,Não informado,Seca,Perfeito estado,Não existe,Outras,60.0,Dupla,Canteiro central,Não informado,2020,1,14,1,13.0
2020-01-14,13:52:00,COM VÍTIMA,FINALIZADA,SÃO JOSÉ,C SANTA RITA,Não informado,NO TERMINAL DO CAIS DE SANTA RITA,SÃO JOSÉ,Não informado,ATROPELAMENTO,ONIBUS ATROPELOU UM PEDESTRE,1.0,1.0,0.0,0.0,1.0,1.0,0.0,0.0,0.0,1.0,0.0,Longo da via,Bom,Não existe,Incompleta,Seca,Mal conservada,Faixa de pedestre,Outras,60.0,Dupla,Não existe,Não informado,2020,1,14,1,13.0
2020-01-14,14:06:00,SEM VÍTIMA,CANCELADA,ENCRUZILHADA,RUA ENGENHEIRO LUIZ VAUTHIER,EST DE BELEM,E/F AO BANCO ITAU,ENCRUZILHADA,Não informado,COLISÃO,ONIBUS X AUTO PASSEIO S/V,1.0,1.0,0.0,0.0,0.0,1.0,0.0,0.0,0.0,0.0,0.0,Não informado,Não informado,Não informado,Não informado,Não informado,Não informado,Não informado,Não informado,60.0,Não informado,Não informado,Não informado,2020,1,14,1,14.0
2020-01-14,14:28:00,COM VÍTIMA,FINALIZADA,SANCHO,AV LIBERDADE,EST DO CURADO,PROXIMO A ANTIGA PIZZARIA MANA E EM FRENTE A MONTE CARLOS. POSTE H030325.,SANCHO,SUBURBIO,ABALROAMENTO TRANSVERSAL,COLISÃO COM VÍTIMA,1.0,1.0,0.0,0.0,0.0,0.0,0.0,0.0,0.0,1.0,0.0,Longo da via,Bom,Não existe,Perfeito estado,Seca,Perfeito estado,Não existe,R-6a,60.0,Dupla,Faixa contínua,Não informado,2020,1,14,1,14.0
2020-01-14,14:32:00,SEM VÍTIMA,CANCELADA,GRAÇAS,RUA DAS PERNAMBUCANAS,Não informado,E/F AO HOSPITAL JAYME DA FONTE,GRAÇAS,Não informado,COLISÃO,ENTRE DOIS AUTOS S/V,2.0,1.0,0.0,0.0,0.0,0.0,0.0,0.0,0.0,0.0,0.0,Não informado,Não informado,Não informado,Não informado,Não informado,Não informado,Não informado,Não informado,60.0,Não informado,Não informado,Não informado,2020,1,14,1,14.0
2020-01-14,14:34:00,SEM VÍTIMA,FINALIZADA,IBURA,AV RECIFE,Não informado,ATACAMAX ATACADO,IBURA,CIDADE,COLISÃO TRASEIRA,COLISÃO SEM VÍTIMA,2.0,1.0,0.0,0.0,0.0,0.0,0.0,0.0,0.0,0.0,0.0,Longo da via,Bom,Não existe,Perfeito estado,Seca,Perfeito estado,Não existe,Não há placas,60.0,Dupla,Canteiro central,Não informado,2020,1,14,1,14.0
2020-01-14,14:39:00,SEM VÍTIMA,CANCELADA,NOVA DESCOBERTA,RUA CORREGO DO JOAQUIM,Não informado,NO TERMINAL DO CORREGO DO JOAQUIM,NOVA DESCOBERTA,Não informado,COLISÃO,COLISAO ENTRE ONIBUS E TAXI S/V,1.0,1.0,0.0,0.0,0.0,0.0,0.0,0.0,0.0,0.0,0.0,Não informado,Não informado,Não informado,Não informado,Não informado,Não informado,Não informado,Não informado,60.0,Não informado,Não informado,Não informado,2020,1,14,1,14.0
2020-01-14,14:58:00,SEM VÍTIMA,FINALIZADA,BOA VIAGEM,AV BOA VIAGEM,RUA ERNESTO DE PAULA SANTOS,Não informado,BOA VIAGEM,CIDADE,COLISÃO TRASEIRA,COLISÃO SEM VÍTIMA,2.0,1.0,0.0,0.0,0.0,0.0,0.0,0.0,0.0,0.0,0.0,Não informado,Bom,Sem defeito,Perfeito estado,Seca,Perfeito estado,Faixa de pedestre,Outras,60.0,Única,Faixa seccionada,Não informado,2020,1,14,1,14.0
2020-01-14,15:04:00,SEM VÍTIMA,FINALIZADA,ILHA DO LEITE,PRC MIGUEL DE CERVANTES,Não informado,EM FRENTE AO POSTE Nº H 027310,ILHA DO LEITE,CIDADE,ABALROAMENTO LONGITUDINAL,COLISAO ENTRE DOIS AUTOS S/V,2.0,1.0,0.0,0.0,0.0,0.0,0.0,0.0,0.0,0.0,0.0,Longo da via,Bom,Não existe,Perfeito estado,Seca,Perfeito estado,Faixa de pedestre,R-6a,60.0,Única,Não existe,Não informado,2020,1,14,1,15.0
2020-01-14,15:21:00,SEM VÍTIMA,FINALIZADA,VÁRZEA,AV JOAQUIM RIBEIRO,RUA GASTAO VIDIGAL,PRÓXIMO A UPA DA CAXANGÁ,VÁRZEA,CIDADE,ABALROAMENTO LONGITUDINAL,COLISÃO SEM VÍTIMA,2.0,1.0,0.0,0.0,0.0,0.0,0.0,0.0,0.0,0.0,0.0,Longo da via,Bom,Sem defeito,Perfeito estado,Seca,Perfeito estado,Agente,Não há placas,60.0,Única,Faixa seccionada,Não informado,2020,1,14,1,15.0
2020-01-14,17:12:00,COM VÍTIMA,FINALIZADA,AFOGADOS,EST DOS REMEDIOS,EST DO BONGI,PROX AO POSTO BR. EM FRENTE AO SOS MINGAU DA SOCORRO.,AFOGADOS,CIDADE,COLISÃO TRASEIRA,COLISAO ENTRE DOIS AUTOS,2.0,1.0,0.0,0.0,0.0,0.0,0.0,0.0,0.0,1.0,0.0,Cruzamento,Bom,Sem defeito,Perfeito estado,Seca,Perfeito estado,Faixa de pedestre,R-6a,60.0,Única,Faixa contínua,Não informado,2020,1,14,1,17.0
2020-01-14,17:45:00,SEM VÍTIMA,FINALIZADA,BOA VIAGEM,RUA DEZ DE JULHO,RUA CAMBOIM,Não informado,BOA VIAGEM,CIDADE,ABALROAMENTO LONGITUDINAL,COLISÃO SEM VÍTIMA,1.0,1.0,0.0,0.0,0.0,0.0,0.0,0.0,0.0,0.0,0.0,Cruzamento,Bom,Não existe,Perfeito estado,Seca,Perfeito estado,Não existe,Placas Pare,60.0,Única,Faixa seccionada,Não informado,2020,1,14,1,17.0
2020-01-14,18:09:00,COM VÍTIMA,FINALIZADA,BOA VIAGEM,AV ARMINDO MOURA,RUA VISCONDE DE JEQUITINHONHA,NO CRUZAMENTO MESMO/ RUA VISCONDE DE JEQUITINHONHA,BOA VIAGEM,SUBURBIO,ATROPELAMENTO,ATROPELAMENTO COM VITIMA,1.0,1.0,0.0,0.0,1.0,0.0,0.0,0.0,0.0,1.0,0.0,Cruzamento,Bom,Sem defeito,Perfeito estado,Seca,Perfeito estado,Faixa de pedestre,Não há placas,60.0,Única,Faixa seccionada,Não informado,2020,1,14,1,18.0
2020-01-14,19:02:00,SEM VÍTIMA,FINALIZADA,IPSEP,RUA PINTOR ANTONIO ALBUQUERQUE,Não informado,Não informado,IPSEP,CIDADE,ABALROAMENTO LONGITUDINAL,CAMINHÃO X ONIBUS S/V,1.0,1.0,0.0,0.0,0.0,1.0,1.0,0.0,0.0,0.0,0.0,Não informado,Bom,Sem defeito,Perfeito estado,Seca,Perfeito estado,Não existe,Outras,60.0,Única,Não informado,Não informado,2020,1,14,1,19.0
2020-01-14,19:11:00,SEM VÍTIMA,CANCELADA,CASA FORTE,AV DEZESSETE DE AGOSTO,Não informado,PROX AO POSTO BR SENTIDO CIDADE,CASA FORTE,Não informado,COLISÃO,COLISAO SEM VITIMAS,1.0,1.0,0.0,0.0,0.0,1.0,0.0,0.0,0.0,0.0,0.0,Não informado,Não informado,Não informado,Não informado,Não informado,Não informado,Não informado,Não informado,60.0,Não informado,Não informado,Não informado,2020,1,14,1,19.0
2020-01-14,19:30:00,SEM VÍTIMA,FINALIZADA,IBURA,AV SERRA DA MANTIQUEIRA,Não informado,Não informado,IBURA,SUBURBIO,ABALROAMENTO TRANSVERSAL,COLISAO SEM VITIMAS,1.0,1.0,0.0,0.0,0.0,1.0,0.0,0.0,0.0,0.0,0.0,Longo da via,Bom,Sem defeito,Perfeito estado,Seca,Perfeito estado,Não existe,Não há placas,60.0,Dupla,Não existe,Não informado,2020,1,14,1,19.0
2020-01-14,20:34:00,SEM VÍTIMA,FINALIZADA,IPSEP,RUA JEAN EMILE FAVRE,RUA ANIZIO GALVAO,AUTOCAR EXPRESS,IPSEP,SUBURBIO,ABALROAMENTO TRANSVERSAL,COLISAO SEM VITIMAS,1.0,1.0,0.0,0.0,0.0,0.0,0.0,0.0,0.0,0.0,0.0,Cruzamento,Bom,Sem defeito,Perfeito estado,Seca,Perfeito estado,Faixa de pedestre,Outras,60.0,Dupla,Faixa contínua,Não informado,2020,1,14,1,20.0
2020-01-15,00:56:00,SEM VÍTIMA,FINALIZADA,PRADO,RUA PADRE TEOFILO TWORZ,RUA SANTA EDWIRGES,IGREJA PRESBITERIANA,PRADO,CIDADE,ABALROAMENTO TRANSVERSAL,COLISÃO ENTRE DOIS AUTOS- S/V,2.0,1.0,0.0,0.0,0.0,0.0,0.0,0.0,0.0,0.0,0.0,Cruzamento,Bom,Não existe,Ilegível,Seca,Perfeito estado,Não existe,Não há placas,60.0,Dupla,Não existe,Não informado,2020,1,15,2,0.0
2020-01-15,07:06:00,SEM VÍTIMA,CANCELADA,AFOGADOS,RUA VINTE E UM DE ABRIL,Não informado,EM FRENTE A GARAGEM DA VITAL ENGENHARIA,AFOGADOS,Não informado,COLISÃO,MOTO E AUTO,1.0,1.0,0.0,0.0,0.0,0.0,0.0,0.0,0.0,0.0,0.0,Não informado,Não informado,Não informado,Não informado,Não informado,Não informado,Não informado,Não informado,60.0,Não informado,Não informado,Não informado,2020,1,15,2,7.0
2020-01-15,07:16:00,SEM VÍTIMA,FINALIZADA,ZUMBI,RUA TOMAZ GONZAGA,RUA SOUZA BANDEIRA,SEMÁFORO DE Nº 448,ZUMBI,SUBURBIO,ABALROAMENTO LONGITUDINAL,COLISÃO S/VITIMAS ENTRE UM AUTO E UMA MOTO,1.0,1.0,0.0,0.0,0.0,0.0,0.0,0.0,0.0,0.0,0.0,Cruzamento,Bom,Sem defeito,Perfeito estado,Seca,Perfeito estado,Faixa de pedestre,R-3,60.0,Dupla,Faixa seccionada,Não informado,2020,1,15,2,7.0
2020-01-15,07:21:00,COM VÍTIMA,FINALIZADA,TEJIPIÓ,AV DR JOSE RUFINO,Não informado,SOBRE O VIADUTO QUE PASSA POR CIMA DA BR 101,TEJIPIÓ,CIDADE,ABALROAMENTO TRANSVERSAL,COM UMA VITIMA AGUARDANDO SAMU,1.0,1.0,0.0,0.0,0.0,0.0,0.0,0.0,0.0,1.0,0.0,Cruzamento,Bom,Não existe,Incompleta,Seca,Perfeito estado,Não informado,Não há placas,60.0,Dupla,Faixa seccionada,Não informado,2020,1,15,2,7.0
2020-01-15,08:07:00,SEM VÍTIMA,FINALIZADA,CORDEIRO,AV CAXANGA,Não informado,EM FRENTE AO LABORATÓRIO NABUCO LOPES- PRÓXIMO AO SEM Nº 268,CORDEIRO,CIDADE,ABALROAMENTO LONGITUDINAL,DOIS AUTOS E UMA MOTO,2.0,1.0,0.0,0.0,0.0,0.0,0.0,0.0,0.0,0.0,0.0,Longo da via,Bom,Sem defeito,Incompleta,Seca,Perfeito estado,Faixa de pedestre,Não há placas,60.0,Dupla,Canteiro central,Não informado,2020,1,15,2,8.0
2020-01-15,08:22:00,SEM VÍTIMA,FINALIZADA,ÁGUA FRIA,RUA DA REGENERACAO,AV BEBERIBE,AO LADO DO POSTO DE COMBUSTÍVEL BR,ÁGUA FRIA,SUBURBIO,ABALROAMENTO TRANSVERSAL,COLISAO S/ VITIMA. ENTRE VEICULO PARTICULAR E CAMINHAO DA COCA COLA. VT. 011. GM. DOUGLAS E RAFAEL LUIZ NO LOCAL,1.0,1.0,0.0,0.0,0.0,0.0,1.0,0.0,0.0,0.0,0.0,Cruzamento,Bom,Sem defeito,Perfeito estado,Seca,Perfeito estado,Não existe,R-6a,60.0,Única,Não existe,Não informado,2020,1,15,2,8.0