data,hora,natureza_acidente,situacao,bairro,endereco,detalhe_endereco_acidente,complemento,bairro_cruzamento,sentido_via,tipo,descricao,auto,moto,ciclom,ciclista,pedestre,onibus,caminhao,viatura,outros,vitimas,vitimasfatais,acidente_verificado,tempo_clima,situacao_semaforo,sinalizacao,condicao_via,conservacao_via,ponto_controle,situacao_placa,velocidade_max_via,mao_direcao,divisao_via1,natureza,ano,mes,dia,dia_semana,hora_ocorrencia
2020-01-15,08:25:00,SEM VÍTIMA,FINALIZADA,ESTÂNCIA,AV DR JOSE RUFINO,Não informado,APÓS O COLÉGIO VISÃO,ESTÂNCIA,CIDADE,COLISÃO TRASEIRA,DOIS AUTOS,2.0,1.0,0.0,0.0,0.0,0.0,0.0,0.0,0.0,0.0,0.0,Longo da via,Bom,Sem defeito,Incompleta,Seca,Não informado,Não existe,Outras,60.0,Dupla,Faixa seccionada,Não informado,2020,1,15,2,8.0
2020-01-15,09:37:00,SEM VÍTIMA,FINALIZADA,SANTO AMARO,AV JOAO DE BARROS,Não informado,EM FRENTE AO SANTANDER,SANTO AMARO,CIDADE,COLISÃO TRASEIRA,SEM VITIMA. ENTRE TRES VEICULOS.,3.0,1.0,0.0,0.0,0.0,0.0,0.0,0.0,0.0,0.0,0.0,Longo da via,Bom,Não existe,Perfeito estado,Seca,Perfeito estado,Outros,Outras,60.0,Dupla,Canteiro central,Não informado,2020,1,15,2,9.0
2020-01-15,09:46:00,SEM VÍTIMA,FINALIZADA,BOA VIAGEM,RUA PROFESSOR JOSE BRANDAO,AV ENGENHEIRO DOMINGOS FERREIRA,Não informado,BOA VIAGEM,SUBURBIO,ABALROAMENTO LONGITUDINAL,COLISÃO S/VITIMAS ENTRE DOIS AUTOS,2.0,1.0,0.0,0.0,0.0,0.0,0.0,0.0,0.0,0.0,0.0,Cruzamento,Bom,Sem defeito,Perfeito estado,Seca,Perfeito estado,Faixa de pedestre,Não há placas,60.0,Única,Faixa contínua,Não informado,2020,1,15,2,9.0
2020-01-15,10:12:00,SEM VÍTIMA,FINALIZADA,IPSEP,AV RECIFE,Não informado,MOTO ELETRICA,IPSEP,SUBURBIO,COLISÃO TRASEIRA,DOIS AUTOS,2.0,1.0,0.0,0.0,0.0,0.0,0.0,0.0,0.0,0.0,0.0,Longo da via,Bom,Sem defeito,Perfeito estado,Seca,Não informado,Outros,Outras,60.0,Única,Faixa seccionada,Não informado,2020,1,15,2,10.0
2020-01-15,10:33:00,SEM VÍTIMA,FINALIZADA,IPUTINGA,AV CAXANGA,Não informado,EM FRENTE A ESCOLA FERNANDES VIEIRA- Nº 3595,IPUTINGA,CIDADE,COLISÃO TRASEIRA,SEM VITIMAS,2.0,1.0,0.0,0.0,0.0,0.0,0.0,0.0,0.0,0.0,0.0,Longo da via,Bom,Sem defeito,Perfeito estado,Seca,Perfeito estado,Não existe,Não há placas,60.0,Dupla,Faixa seccionada,Não informado,2020,1,15,2,10.0
2020-01-15,10:38:00,SEM VÍTIMA,FINALIZADA,CORDEIRO,RUA GOMES TABORDA,Não informado,ARMAZEM SANTO ANDRE,CORDEIRO,Não informado,COLISÃO TRASEIRA,SEM VITIMA. ENTRE TRES VEICULOS,3.0,1.0,0.0,0.0,0.0,0.0,0.0,0.0,0.0,0.0,0.0,Longo da via,Bom,Não existe,Ilegível,Seca,Perfeito estado,Não existe,Não há placas,60.0,Dupla,Faixa seccionada,Não informado,2020,1,15,2,10.0
2020-01-15,10:47:00,SEM VÍTIMA,CANCELADA,AREIAS,RUA BARROS SOBRINHO,Não informado,PROX A HONDA CENTRO DE TREINAMENTO,AREIAS,Não informado,COLISÃO,COLISAO S/ VITIMA ENTRE VEICULO PARTICULAR E CAMINHAO,1.0,1.0,0.0,0.0,0.0,0.0,1.0,0.0,0.0,0.0,0.0,Não informado,Não informado,Não informado,Não informado,Não informado,Não informado,Não informado,Não informado,60.0,Não informado,Não informado,Não informado,2020,1,15,2,10.0
2020-01-15,11:39:00,SEM VÍTIMA,FINALIZADA,IMBIRIBEIRA,AV MARECHAL MASCARENHAS DE MORAES,Não informado,PARVI LOCADORA,IMBIRIBEIRA,CIDADE,COLISÃO TRASEIRA,COLISAO S/ VITIMA. ENTRE DOIS VEICULOS,2.0,1.0,0.0,0.0,0.0,0.0,0.0,0.0,0.0,0.0,0.0,Longo da via,Bom,Não existe,Perfeito estado,Seca,Perfeito estado,Não existe,Não há placas,60.0,Dupla,Canteiro central,Não informado,2020,1,15,2,11.0
2020-01-15,11:44:00,SEM VÍTIMA,CANCELADA,AFLITOS,AV RUI BARBOSA,Não informado,EM FRENTE AO COLEGIO DAMAS,AFLITOS,Não informado,COLISÃO,COLISAO S/ VITIMA.ENTRE DOIS VEICULOS,2.0,1.0,0.0,0.0,0.0,0.0,0.0,0.0,0.0,0.0,0.0,Não informado,Não informado,Não informado,Não informado,Não informado,Não informado,Não informado,Não informado,60.0,Não informado,Não informado,Não informado,2020,1,15,2,11.0
2020-01-15,12:02:00,SEM VÍTIMA,FINALIZADA,ESPINHEIRO,AV GOVERNADOR AGAMENON MAGALHAES,RUA JOSE LUIZ DA SILVEIRA BARROS,Não informado,ESPINHEIRO,SUBURBIO,CHOQUE VEÍCULO PARADO,COLISÃO SEM VITIMA,2.0,1.0,0.0,0.0,0.0,0.0,0.0,0.0,0.0,0.0,0.0,Não informado,Bom,Não existe,Perfeito estado,Seca,Perfeito estado,Não existe,Outras,60.0,Dupla,Faixa seccionada,Não informado,2020,1,15,2,12.0
2020-01-15,12:23:00,COM VÍTIMA,FINALIZADA,BOA VISTA,RUA DOM BOSCO,AV CONDE DA BOA VISTA,ESQUINA DO POSTO DOM BOSCO,BOA VISTA,SUBURBIO,ABALROAMENTO TRANSVERSAL,COM VITIMA,1.0,1.0,0.0,0.0,0.0,0.0,0.0,0.0,0.0,1.0,0.0,Cruzamento,Bom,Sem defeito,Perfeito estado,Seca,Perfeito estado,Faixa de pedestre,Não informado,40.0,Não informado,Faixa,Não informado,2020,1,15,2,12.0
2020-01-15,12:26:00,SEM VÍTIMA,CANCELADA,BOA VIAGEM,AV BOA VIAGEM,Não informado,EM FRENTE AO ORLA BAR E RESTAURANTE,BOA VIAGEM,Não informado,COLISÃO,COLISÃO SEM VÍTIMA,2.0,1.0,0.0,0.0,0.0,0.0,0.0,0.0,0.0,0.0,0.0,Não informado,Não informado,Não informado,Não informado,Não informado,Não informado,Não informado,Não informado,60.0,Não informado,Não informado,Não informado,2020,1,15,2,12.0
2020-01-15,14:08:00,SEM VÍTIMA,FINALIZADA,BOA VIAGEM,RUA PROFESSOR JOAO MEDEIROS,Não informado,ED RENATO MEDEIROS,BOA VIAGEM,CIDADE,COLISÃO TRASEIRA,COLISÃO SEM VITIMA,1.0,1.0,0.0,0.0,0.0,0.0,0.0,0.0,0.0,0.0,0.0,Longo da via,Bom,Sem defeito,Perfeito estado,Seca,Perfeito estado,Faixa de pedestre,Não há placas,60.0,Única,Faixa seccionada,Não informado,2020,1,15,2,14.0
2020-01-15,14:19:00,COM VÍTIMA,FINALIZADA,AFOGADOS,RUA SAO MIGUEL,Não informado,EM FRENTE DO QUARTEL,AFOGADOS,CIDADE,ABALROAMENTO TRANSVERSAL,COM VITIMA,2.0,1.0,0.0,0.0,0.0,0.0,0.0,0.0,0.0,1.0,0.0,Longo da via,Bom,Sem defeito,Incompleta,Seca,Não informado,Faixa de pedestre,Outras,60.0,Dupla,Faixa,Não informado,2020,1,15,2,14.0
2020-01-15,15:48:00,SEM VÍTIMA,FINALIZADA,BRASÍLIA TEIMOSA,RUA ARABAIANA,RUA ARTUR BERNARDES,Não informado,BRASÍLIA TEIMOSA,Não informado,ABALROAMENTO TRANSVERSAL,COLISÃO SEM VÍTIMA,1.0,1.0,0.0,0.0,0.0,1.0,0.0,0.0,0.0,0.0,0.0,Não informado,Bom,Não existe,Não existente,Seca,Perfeito estado,Não existe,Não há placas,60.0,Única,Não existe,Não informado,2020,1,15,2,15.0
2020-01-15,15:55:00,COM VÍTIMA,FINALIZADA,MADALENA,AV JOSE GONCALVES DE MEDEIROS,Não informado,EM FRENTE A ENTRADA DO EXTRA,MADALENA,SUBURBIO,ABALROAMENTO LONGITUDINAL,COLISÃO COM VÍTIMA,1.0,2.0,0.0,0.0,0.0,0.0,0.0,0.0,0.0,2.0,0.0,Longo da via,Bom,Sem defeito,Perfeito estado,Seca,Perfeito estado,Agente,Outras,60.0,Dupla,Faixa contínua,Não informado,2020,1,15,2,15.0
2020-01-15,16:20:00,SEM VÍTIMA,FINALIZADA,GRAÇAS,AV RUI BARBOSA,Não informado,Não informado,GRAÇAS,CIDADE,COLISÃO TRASEIRA,COLISÃO SEM VÍTIMA,1.0,1.0,0.0,0.0,0.0,0.0,0.0,0.0,0.0,0.0,0.0,Longo da via,Bom,Não existe,Perfeito estado,Seca,Perfeito estado,Não existe,R-6a,60.0,Única,Faixa seccionada,Não informado,2020,1,15,2,16.0
2020-01-15,17:03:00,SEM VÍTIMA,FINALIZADA,IPSEP,AV RECIFE,Não informado,EM FRENTE SÃO PAULO VEÍCULOS,IPSEP,SUBURBIO,COLISÃO TRASEIRA,COLISÃO SEM VÍTIMA,2.0,1.0,0.0,0.0,0.0,0.0,0.0,0.0,0.0,0.0,0.0,Longo da via,Bom,Sem defeito,Perfeito estado,Seca,Perfeito estado,Não informado,Não há placas,60.0,Dupla,Faixa seccionada,Não informado,2020,1,15,2,17.0
2020-01-15,17:04:00,SEM VÍTIMA,FINALIZADA,ILHA DO RETIRO,RUA BENFICA,Não informado,SAÍDA DO TÚNEL CHICO SCIENCE,ILHA DO RETIRO,Não informado,ABALROAMENTO LONGITUDINAL,COLISÃO SEM VÍTIMA,1.0,1.0,0.0,0.0,0.0,0.0,1.0,0.0,0.0,0.0,0.0,Longo da via,Bom,Não existe,Incompleta,Seca,Perfeito estado,Não existe,Outras,40.0,Única,Faixa seccionada,Não informado,2020,1,15,2,17.0
2020-01-15,17:33:00,SEM VÍTIMA,FINALIZADA,SANTO ANTÔNIO,RUA IMPERADOR PEDRO SEGUNDO,RUA MARQUES DO RECIFE,EM FRENTE AO EDIFÍCIO ARMANDO MONTEIRO FILHO,SANTO ANTÔNIO,Não informado,ABALROAMENTO LONGITUDINAL,COLISÃO SEM VÍTIMA,1.0,1.0,0.0,0.0,0.0,1.0,1.0,0.0,0.0,0.0,0.0,Longo da via,Bom,Não existe,Perfeito estado,Seca,Perfeito estado,Não existe,Outras,60.0,Única,Faixa seccionada,Não informado,2020,1,15,2,17.0
2020-01-15,17:39:00,SEM VÍTIMA,FINALIZADA,VÁRZEA,RUA GASTAO VIDIGAL,Não informado,EM FRENTE AO CALDINHO DO MARROM E A PARADA DE Nº 090278,VÁRZEA,SUBURBIO,ABALROAMENTO LONGITUDINAL,COLISÃO SEM VÍTIMA,1.0,1.0,0.0,0.0,0.0,1.0,0.0,0.0,0.0,0.0,0.0,Longo da via,Bom,Sem defeito,Perfeito estado,Seca,Perfeito estado,Não existe,Não há placas,60.0,Dupla,Faixa seccionada,Não informado,2020,1,15,2,17.0
2020-01-15,17:56:00,SEM VÍTIMA,FINALIZADA,IMBIRIBEIRA,AV MARECHAL MASCARENHAS DE MORAES,Não informado,TAMBAÍ,IMBIRIBEIRA,SUBURBIO,COLISÃO TRASEIRA,ENTRE ONIBUS X AUTO PASSEIO S/V,1.0,1.0,0.0,0.0,0.0,1.0,0.0,0.0,0.0,0.0,0.0,Longo da via,Bom,Sem defeito,Perfeito estado,Seca,Perfeito estado,Faixa de pedestre,Não há placas,60.0,Dupla,Canteiro central,Não informado,2020,1,15,2,17.0
2020-01-15,18:18:00,SEM VÍTIMA,FINALIZADA,BOA VIAGEM,AVENIDA CELSO FURTADO (VIA MANGUE),Não informado,Não informado,BOA VIAGEM,SUBURBIO,ABALROAMENTO LONGITUDINAL,ENTRE DOIS AUTOS S/V,2.0,1.0,0.0,0.0,0.0,0.0,0.0,0.0,0.0,0.0,0.0,Longo da via,Bom,Não existe,Perfeito estado,Seca,Perfeito estado,Não existe,Não há placas,60.0,Dupla,Canteiro central,Não informado,2020,1,15,2,18.0
2020-01-15,18:34:00,SEM VÍTIMA,FINALIZADA,DOIS IRMÃOS,Não informado,Não informado,PRÓXIMO AO HOTEL SENZALA,DOIS IRMÃOS,Não informado,ABALROAMENTO LONGITUDINAL,DOIS ONIX,2.0,1.0,0.0,0.0,0.0,0.0,0.0,0.0,0.0,0.0,0.0,Cruzamento,Bom,Sem defeito,Incompleta,Não informado,Não informado,Não existe,R-6a,60.0,Dupla,Não existe,Não informado,2020,1,15,2,18.0
2020-01-15,18:58:00,SEM VÍTIMA,FINALIZADA,IMBIRIBEIRA,RUA ARQUITETO LUIZ NUNES,Não informado,Não informado,IMBIRIBEIRA,SUBURBIO,ABALROAMENTO LONGITUDINAL,MOTO X COROLA,1.0,1.0,0.0,0.0,0.0,0.0,0.0,0.0,0.0,0.0,0.0,Longo da via,Bom,Não existe,Perfeito estado,Seca,Perfeito estado,Não existe,Não há placas,40.0,Dupla,Faixa contínua,Não informado,2020,1,15,2,18.0
2020-01-15,19:13:00,SEM VÍTIMA,FINALIZADA,BOA VIAGEM,RUA DOS NAVEGANTES,RUA HENRIQUE CAPITULINO,EDF VIRGINIA WOOLF Nº 74,BOA VIAGEM,SUBURBIO,ABALROAMENTO TRANSVERSAL,HONDA HRV X COROLA,2.0,1.0,0.0,0.0,0.0,0.0,0.0,0.0,0.0,0.0,0.0,Cruzamento,Bom,Não existe,Incompleta,Seca,Perfeito estado,Não existe,Placas Pare,60.0,Única,Faixa seccionada,Não informado,2020,1,15,2,19.0
2020-01-15,19:31:00,COM VÍTIMA,FINALIZADA,VÁRZEA,RUA VALE DO SIRIJI,Não informado,ENF A FABRICA ESTUDIO ZERO,VÁRZEA,SUBURBIO,ABALROAMENTO LONGITUDINAL,SANDERO X MOTO,1.0,1.0,0.0,0.0,0.0,0.0,0.0,0.0,0.0,1.0,0.0,Longo da via,Bom,Não existe,Incompleta,Seca,Perfeito estado,Não existe,Não há placas,60.0,Dupla,Faixa seccionada,Não informado,2020,1,15,2,19.0
2020-01-15,19:58:00,COM VÍTIMA,CANCELADA,BOA VIAGEM,RUA WALDEMAR NERY CARNEIRO MONTEIRO,RUA CRUZEIRO DO FORTE,E/F A ESCOLA VILA APRENDIZ,BOA VIAGEM,Não informado,COLISÃO,ENTRE AUTO PASSEIO X MOTO COM VÍTIMA,1.0,1.0,0.0,0.0,0.0,0.0,0.0,0.0,0.0,1.0,0.0,Não informado,Não informado,Não informado,Não informado,Não informado,Não informado,Não informado,Não informado,60.0,Não informado,Não informado,Não informado,2020,1,15,2,19.0
2020-01-15,20:09:00,SEM VÍTIMA,FINALIZADA,IMBIRIBEIRA,RUA JACI,AV GENERAL MAC ARTHUR,ART LED MAT ELÉTRICOS,IMBIRIBEIRA,CIDADE,ABALROAMENTO LONGITUDINAL,ENTRE AUTO PASSEIO X ONIBUS S/V,1.0,1.0,0.0,0.0,0.0,1.0,0.0,0.0,0.0,0.0,0.0,Cruzamento,Bom,Não existe,Perfeito estado,Seca,Perfeito estado,Outros,Placas Pare,60.0,Única,Não existe,Não informado,2020,1,15,2,20.0
2020-01-15,22:43:00,COM VÍTIMA,FINALIZADA,BOA VIAGEM,RUA RIBEIRO DE BRITO,RUA AMALIA BERNARDINO DE SOUZA,AO LADO DA UNISSAU/ PROX AO RESTAURANTE CARCARÁ,BOA VIAGEM,CIDADE,ABALROAMENTO TRANSVERSAL,ENTRE AUTO PASSEIO X MOTO COM VÍTIMA,1.0,1.0,0.0,0.0,0.0,0.0,0.0,0.0,0.0,2.0,0.0,Cruzamento,Bom,Não existe,Não existente,Seca,Perfeito estado,Não existe,Não há placas,60.0,Única,Faixa seccionada,Não informado,2020,1,15,2,22.0
2020-01-15,22:45:00,SEM VÍTIMA,FINALIZADA,ILHA DO RETIRO,AV ENGENHEIRO ABDIAS DE CARVALHO,RUA SENADOR FABIO DE BARROS,ENTRE AO POSTO IPIRANGA,ILHA DO RETIRO,SUBURBIO,ABALROAMENTO LONGITUDINAL,CELTA X AUTO,2.0,1.0,0.0,0.0,0.0,0.0,0.0,0.0,0.0,0.0,0.0,Longo da via,Bom,Sem defeito,Perfeito estado,Seca,Perfeito estado,Não informado,Não há placas,60.0,Única,Faixa seccionada,Não informado,2020,1,15,2,22.0
2020-01-16,05:33:00,SEM VÍTIMA,CANCELADA,BOA VIAGEM,RUA DR GILSON MACHADO GUIMARAES,AV ENGENHEIRO DOMINGOS FERREIRA,AO LADO DO EXTRA- FAIXA DA DIREITA,BOA VIAGEM,380,COLISÃO,COLISÃO ENTRE DOIS CAMINHÕES S/V,1.0,1.0,0.0,0.0,0.0,0.0,2.0,0.0,0.0,0.0,0.0,Não informado,Não informado,Não informado,Não informado,Não informado,Não informado,Não informado,Não informado,60.0,Não informado,Não informado,Não informado,2020,1,16,3,5.0
2020-01-16,06:45:00,SEM VÍTIMA,FINALIZADA,IPUTINGA,RUA PROFESSOR JULIO OLIVEIRA,AV PROFESSOR JOAQUIM CAVALCANTI,Não informado,IPUTINGA,Não informado,ABALROAMENTO LONGITUDINAL,SEM VITIMAS,1.0,1.0,0.0,0.0,0.0,1.0,0.0,0.0,0.0,0.0,0.0,Não informado,Bom,Não existe,Perfeito estado,Seca,Perfeito estado,Faixa de retenção,Placas Pare,60.0,Única,Não existe,Não informado,2020,1,16,3,6.0
2020-01-16,08:05:00,COM VÍTIMA,FINALIZADA,BOA VIAGEM,RUA CONEGO ROMEU,AV MARECHAL JUAREZ TAVORA,ARMAZEM ECOSEL,BOA VIAGEM,CIDADE,ABALROAMENTO LONGITUDINAL,COLISAO COM VITIMA. ENTRE VEICULO E MOTO,1.0,1.0,0.0,0.0,0.0,0.0,0.0,0.0,0.0,1.0,0.0,Longo da via,Bom,Não existe,Perfeito estado,Seca,Perfeito estado,Não existe,Não há placas,60.0,Dupla,Canal,Não informado,2020,1,16,3,8.0
2020-01-16,09:06:00,SEM VÍTIMA,FINALIZADA,BOA VIAGEM,RUA PETROLINA,RUA CORONEL BENEDITO CHAVES,ANTIGO RECIFE MONTE HOTEL,BOA VIAGEM,CIDADE,ABALROAMENTO LONGITUDINAL,COLISÃO S/VITIMAS ENTRE UM AUTO E UM CAMINHÃO,1.0,1.0,0.0,0.0,0.0,0.0,1.0,0.0,0.0,0.0,0.0,Cruzamento,Bom,Não existe,Incompleta,Seca,Perfeito estado,Não existe,Não há placas,30.0,Única,Não existe,Não informado,2020,1,16,3,9.0
2020-01-16,09:06:00,SEM VÍTIMA,FINALIZADA,PRADO,RUA JOAO IVO DA SILVA,Não informado,Não informado,PRADO,SUBURBIO,ABALROAMENTO LONGITUDINAL,COLISAO S/ VITIMA. ENTRE VEICULO E MOTO,1.0,1.0,0.0,0.0,0.0,0.0,0.0,0.0,0.0,0.0,0.0,Longo da via,Bom,Não existe,Perfeito estado,Seca,Perfeito estado,Não existe,Não há placas,60.0,Única,Não existe,Não informado,2020,1,16,3,9.0
2020-01-16,09:09:00,SEM VÍTIMA,CANCELADA,AFOGADOS,RUA ERNESTO CAVALCANTI,Não informado,EM FRENTE A EMPRESA COMPLACAS,AFOGADOS,Não informado,COLISÃO,SEM VITIMAS,1.0,1.0,0.0,0.0,0.0,0.0,1.0,0.0,0.0,0.0,0.0,Não informado,Não informado,Não informado,Não informado,Não informado,Não informado,Não informado,Não informado,60.0,Não informado,Não informado,Não informado,2020,1,16,3,9.0
2020-01-16,09:35:00,COM VÍTIMA,FINALIZADA,CAMPO GRANDE,RUA JERONIMO VILELA,Não informado,EM FRENTE AO BAR DO ZE E RESTAURANTE ESTAÇÃO DA TERRA,CAMPO GRANDE,SUBURBIO,COLISÃO COM CICLISTA,AUTO E PEDESTRE,1.0,1.0,0.0,1.0,0.0,0.0,0.0,0.0,0.0,1.0,0.0,Longo da via,Bom,Sem defeito,Perfeito estado,Seca,Perfeito estado,Faixa de pedestre,Outras,60.0,Dupla,Faixa contínua,Não informado,2020,1,16,3,9.0
2020-01-16,09:43:00,COM VÍTIMA,FINALIZADA,JOANA BEZERRA,RUA MIRANDOPOLIS,Não informado,TERMINAL DE JOANA BEZERRA. VIA DE ACESSO AO TI. EM FRENTE A LILI MODAS.,JOANA BEZERRA,CIDADE,ABALROAMENTO LONGITUDINAL,COLISAO COM VITIMA. ONIBUS E CARROÇA DA PREFEITURA,1.0,1.0,0.0,0.0,0.0,1.0,0.0,0.0,1.0,1.0,0.0,Longo da via,Bom,Não existe,Perfeito estado,Seca,Perfeito estado,Não existe,R-6a,60.0,Única,Não existe,Não informado,2020,1,16,3,9.0
2020-01-16,09:56:00,SEM VÍTIMA,FINALIZADA,CORDEIRO,AV ENGENHEIRO ABDIAS DE CARVALHO,AV GENERAL SAN MARTIN,SOB O SEMÁFORO 058,CORDEIRO,SUBURBIO,COLISÃO FRONTAL,COLISAO S/ VITIMA. CARRO E MOTO./GM: ANDRE LUCENA NO QTH,1.0,1.0,0.0,0.0,0.0,0.0,0.0,0.0,0.0,0.0,0.0,Longo da via,Bom,Sem defeito,Perfeito estado,Seca,Perfeito estado,Faixa de pedestre,Não há placas,60.0,Dupla,Canteiro central,Não informado,2020,1,16,3,9.0
2020-01-16,10:10:00,SEM VÍTIMA,CANCELADA,IPSEP,AV RECIFE,RUA ARISTIDES LOBO,EM FRENTE A BATERIAS HELIAR,IPSEP,CEASA,COLISÃO,SEM VITIMAS,2.0,1.0,0.0,0.0,0.0,0.0,0.0,0.0,0.0,0.0,0.0,Não informado,Não informado,Não informado,Não informado,Não informado,Não informado,Não informado,Não informado,60.0,Não informado,Não informado,Não informado,2020,1,16,3,10.0
2020-01-16,10:20:00,SEM VÍTIMA,FINALIZADA,BONGI,AV ENGENHEIRO ABDIAS DE CARVALHO,AV GENERAL SAN MARTIN,LADO OPOSTO FUNASE,BONGI,CIDADE,COLISÃO TRASEIRA,COLISÃO S/VITIMAS ENTRE DOIS AUTOS,2.0,1.0,0.0,0.0,0.0,0.0,0.0,0.0,0.0,0.0,0.0,Cruzamento,Bom,Sem defeito,Perfeito estado,Seca,Perfeito estado,Agente,Outras,60.0,Única,Faixa seccionada,Não informado,2020,1,16,3,10.0
2020-01-16,10:52:00,SEM VÍTIMA,FINALIZADA,TORRÕES,AV BICENTENARIO DA REVOLUCAO FRANCESA,Não informado,Não informado,TORRÕES,SUBURBIO,COLISÃO TRASEIRA,COLISAO S/ VITIMA. ENTRE CARRO E MOTO,1.0,1.0,0.0,0.0,0.0,0.0,0.0,0.0,0.0,0.0,0.0,Longo da via,Bom,Não existe,Incompleta,Seca,Perfeito estado,Não existe,Não há placas,60.0,Dupla,Não existe,Não informado,2020,1,16,3,10.0
2020-01-16,11:08:00,SEM VÍTIMA,FINALIZADA,MADALENA,RUA BENFICA,Não informado,EM FRENTE A BOSCH SERVICE,MADALENA,CIDADE,ABALROAMENTO LONGITUDINAL,COLISÃO S/VITIMAS ENTRE DOIS AUTOS,2.0,1.0,0.0,0.0,0.0,0.0,0.0,0.0,0.0,0.0,0.0,Longo da via,Bom,Não existe,Perfeito estado,Seca,Perfeito estado,Não existe,R-6a,60.0,Única,Não existe,Não informado,2020,1,16,3,11.0
2020-01-16,11:39:00,SEM VÍTIMA,FINALIZADA,MADALENA,AV VISCONDE DE ALBUQUERQUE,RUA BARTOLOMEU DE GUSMAO,PADARIA ENGENHO MADALENA,MADALENA,SUBURBIO,ABALROAMENTO TRANSVERSAL,COLISAO S/ VITIMA. DOIS VEICULOS,2.0,1.0,0.0,0.0,0.0,0.0,0.0,0.0,0.0,0.0,0.0,Cruzamento,Bom,Não existe,Perfeito estado,Seca,Perfeito estado,Não existe,Placas Pare,60.0,Única,Faixa contínua,Não informado,2020,1,16,3,11.0
2020-01-16,11:52:00,SEM VÍTIMA,FINALIZADA,BOMBA DO HEMETÉRIO,RUA PROFESSOR JOSE AMARINO DOS REIS,RUA CHA DE ALEGRIA,Não informado,BOMBA DO HEMETÉRIO,SUBURBIO,CHOQUE VEÍCULO PARADO,COLISÃO S/VITIMAS ENTRE UM ONIBUS- UM AUTO E UMA MOTO,1.0,1.0,0.0,0.0,0.0,1.0,0.0,0.0,0.0,0.0,0.0,Cruzamento,Bom,Não existe,Perfeito estado,Seca,Perfeito estado,Outros,R-6a,60.0,Dupla,Não existe,Não informado,2020,1,16,3,11.0
2020-01-16,12:39:00,COM VÍTIMA,FINALIZADA,TEJIPIÓ,AV DR JOSE RUFINO,Não informado,EM FRENTE AO CARTORIO DE TEJIPIO,TEJIPIÓ,SUBURBIO,ABALROAMENTO TRANSVERSAL,COLISÃO COM VITIMA,1.0,1.0,0.0,0.0,0.0,0.0,0.0,0.0,0.0,1.0,0.0,Longo da via,Bom,Sem defeito,Perfeito estado,Seca,Perfeito estado,Faixa de pedestre,Não informado,60.0,Dupla,Não informado,Não informado,2020,1,16,3,12.0
2020-01-16,13:16:00,SEM VÍTIMA,FINALIZADA,ILHA DO LEITE,RUA FRANCISCO ALVES,Não informado,HOSP. UNIMED - BEIRA RIO,ILHA DO LEITE,SUBURBIO,COLISÃO TRASEIRA,COLISÃO SEM COLISÃO,2.0,1.0,0.0,0.0,0.0,0.0,0.0,0.0,0.0,0.0,0.0,Longo da via,Bom,Não existe,Perfeito estado,Seca,Perfeito estado,Não informado,Não informado,60.0,Dupla,Faixa contínua,Não informado,2020,1,16,3,13.0
2020-01-16,13:36:00,SEM VÍTIMA,PENDENTE,MADALENA,RUA JOSE OSORIO,Não informado,EM FRENTE AO RM EXPRESS,MADALENA,Não informado,COLISÃO,COLISÃO SEM VÍTIMA,2.0,1.0,0.0,0.0,0.0,0.0,0.0,0.0,0.0,0.0,0.0,Não informado,Não informado,Não informado,Não informado,Não informado,Não informado,Não informado,Não informado,60.0,Não informado,Não informado,Não informado,2020,1,16,3,13.0
2020-01-16,13:36:00,SEM VÍTIMA,FINALIZADA,BOA VIAGEM,AV BOA VIAGEM,Não informado,EM FRENTE AO HOTEL JANGADEIRO,BOA VIAGEM,CIDADE,COLISÃO TRASEIRA,COLISAO SEM VITIMAS,2.0,1.0,0.0,0.0,0.0,0.0,0.0,0.0,0.0,0.0,0.0,Longo da via,Bom,Sem defeito,Perfeito estado,Seca,Perfeito estado,Faixa de pedestre,Outras,60.0,Única,Faixa contínua,Não informado,2020,1,16,3,13.0
2020-01-16,13:52:00,SEM VÍTIMA,FINALIZADA,ESTÂNCIA,RUA JOSE GOMES DE MOURA,Não informado,AO LADO DA CASA DO PORTA PALETES,ESTÂNCIA,SUBURBIO,ABALROAMENTO LONGITUDINAL,COLISÃO SEM VITIMA,1.0,1.0,0.0,0.0,0.0,1.0,0.0,0.0,0.0,0.0,0.0,Longo da via,Bom,Não existe,Incompleta,Seca,Perfeito estado,Não existe,Não há placas,60.0,Única,Não existe,Não informado,2020,1,16,3,13.0
2020-01-16,14:31:00,SEM VÍTIMA,FINALIZADA,DERBY,AV GOVERNADOR AGAMENON MAGALHAES,AV GOVERNADOR CARLOS DE LIMA CAVALCANTI,SEMÁFORO,DERBY,Não informado,COLISÃO TRASEIRA,COLISAO ENTRE TRES VEICULOS SEM VITIMAS,3.0,1.0,0.0,0.0,0.0,0.0,0.0,0.0,0.0,0.0,0.0,Cruzamento,Bom,Sem defeito,Perfeito estado,Seca,Perfeito estado,Não informado,Não informado,60.0,Dupla,Canal,Não informado,2020,1,16,3,14.0
2020-01-16,15:28:00,SEM VÍTIMA,FINALIZADA,VÁRZEA,AV JOAQUIM RIBEIRO,Não informado,UPA CAXANGÁ,VÁRZEA,SUBURBIO,ABALROAMENTO LONGITUDINAL,COLISÃO SEM VITIMA,2.0,1.0,0.0,0.0,0.0,0.0,0.0,0.0,0.0,0.0,0.0,Longo da via,Bom,Sem defeito,Perfeito estado,Seca,Perfeito estado,Agente,Outras,60.0,Dupla,Faixa contínua,Não informado,2020,1,16,3,15.0
2020-01-16,15:30:00,SEM VÍTIMA,FINALIZADA,ESPINHEIRO,RUA QUARENTA E OITO,Não informado,EM FRENTE AO Nº 97,ESPINHEIRO,Não informado,COLISÃO TRASEIRA,COLISÃO SEM VÍTIMA,2.0,1.0,0.0,0.0,0.0,0.0,0.0,0.0,0.0,0.0,0.0,Longo da via,Bom,Não existe,Perfeito estado,Seca,Perfeito estado,Faixa de pedestre,Outras,60.0,Única,Faixa contínua,Não informado,2020,1,16,3,15.0