data,hora,natureza_acidente,situacao,bairro,endereco,detalhe_endereco_acidente,complemento,bairro_cruzamento,sentido_via,tipo,descricao,auto,moto,ciclom,ciclista,pedestre,onibus,caminhao,viatura,outros,vitimas,vitimasfatais,acidente_verificado,tempo_clima,situacao_semaforo,sinalizacao,condicao_via,conservacao_via,ponto_controle,situacao_placa,velocidade_max_via,mao_direcao,divisao_via1,natureza,ano,mes,dia,dia_semana,hora_ocorrencia
2020-01-16,15:43:00,SEM VÍTIMA,FINALIZADA,Não informado,AV GOVERNADOR AGAMENON MAGALHAES,Não informado,SOB O SEMÁFORO Nº 173- SENTIDO BOA VIAGEM,Não informado,Não informado,COLISÃO TRASEIRA,COLISÃO SEM VÍTIMA,2.0,1.0,0.0,0.0,0.0,0.0,0.0,0.0,0.0,0.0,0.0,Longo da via,Bom,Sem defeito,Perfeito estado,Seca,Perfeito estado,Faixa de pedestre,Não há placas,60.0,Dupla,Faixa contínua,Não informado,2020,1,16,3,15.0
2020-01-16,16:08:00,SEM VÍTIMA,FINALIZADA,IPUTINGA,RUA MINISTRO JOAO ALBERTO,Não informado,AO LADO DO SHOPPING DOS COLCHÕES,IPUTINGA,SUBURBIO,COLISÃO TRASEIRA,COLISÃO SEM VITIMA,1.0,1.0,0.0,0.0,0.0,1.0,0.0,0.0,0.0,0.0,0.0,Longo da via,Bom,Sem defeito,Incompleta,Seca,Perfeito estado,Faixa de pedestre,R-6a,60.0,Única,Faixa contínua,Não informado,2020,1,16,3,16.0
2020-01-16,16:35:00,SEM VÍTIMA,FINALIZADA,BOA VIAGEM,AV CONSELHEIRO AGUIAR,Não informado,EM FRENTE A GALERIA PRAIA SUL,BOA VIAGEM,CIDADE,COLISÃO TRASEIRA,COLISAO SEM VITIMAS,3.0,1.0,0.0,0.0,0.0,0.0,0.0,0.0,0.0,0.0,0.0,Longo da via,Bom,Não existe,Perfeito estado,Seca,Perfeito estado,Não existe,Outras,60.0,Única,Faixa seccionada,Não informado,2020,1,16,3,16.0
2020-01-16,17:06:00,SEM VÍTIMA,FINALIZADA,ILHA DO LEITE,RUA SENADOR JOSE HENRIQUE,AV GOVERNADOR AGAMENON MAGALHAES,EM FRENTE AO RESIDENCIAL ISAAC NEWTON,ILHA DO LEITE,SUBURBIO,COLISÃO TRASEIRA,COLISÃO SEM VITIMA,2.0,1.0,0.0,0.0,0.0,0.0,0.0,0.0,0.0,0.0,0.0,Longo da via,Bom,Não existe,Perfeito estado,Seca,Perfeito estado,Faixa de pedestre,R-6b,30.0,Única,Faixa seccionada,Não informado,2020,1,16,3,17.0
2020-01-16,17:08:00,SEM VÍTIMA,FINALIZADA,ESPINHEIRO,RUA DO ESPINHEIRO,AV JOAO DE BARROS,Não informado,ESPINHEIRO,Não informado,COLISÃO TRASEIRA,AUTO X MOTO SEM VÍTIMA,1.0,1.0,0.0,0.0,0.0,0.0,0.0,0.0,0.0,0.0,0.0,Longo da via,Bom,Sem defeito,Perfeito estado,Seca,Perfeito estado,Faixa de pedestre,Outras,60.0,Única,Faixa contínua,Não informado,2020,1,16,3,17.0
2020-01-16,17:26:00,COM VÍTIMA,EQUIPE EM DESLOCAMENTO,MACAXEIRA,RUA CORONEL JOAO BATISTA DO REGO BARROS,Não informado,EM FRENTE A ENTRADA DO PARQUE DA MACAXEIRA,MACAXEIRA,CIDADE,ABALROAMENTO LONGITUDINAL,COLISÃO COM VITIMA,1.0,1.0,0.0,0.0,0.0,0.0,0.0,0.0,0.0,1.0,0.0,Longo da via,Bom,Não existe,Perfeito estado,Seca,Perfeito estado,Não existe,Não há placas,60.0,Dupla,Não existe,Não informado,2020,1,16,3,17.0
2020-01-16,17:31:00,SEM VÍTIMA,FINALIZADA,AFOGADOS,RUA SAO MIGUEL,EST DOS REMEDIOS,VIDRAÇARIA DIAMANTE LADO OPOSTO,AFOGADOS,SUBURBIO,ABALROAMENTO LONGITUDINAL,COLISÃO SEM VÍTIMA,1.0,1.0,0.0,0.0,0.0,0.0,1.0,0.0,0.0,0.0,0.0,Longo da via,Bom,Sem defeito,Perfeito estado,Seca,Perfeito estado,Faixa de pedestre,Outras,60.0,Dupla,Faixa seccionada,Não informado,2020,1,16,3,17.0
2020-01-16,18:12:00,SEM VÍTIMA,FINALIZADA,PRADO,EST DOS REMEDIOS,AV ENGENHEIRO ABDIAS DE CARVALHO,BOB´S,PRADO,CIDADE,COLISÃO TRASEIRA,ONIX X PRISMA,2.0,1.0,0.0,0.0,0.0,0.0,0.0,0.0,0.0,0.0,0.0,Longo da via,Bom,Sem defeito,Perfeito estado,Seca,Perfeito estado,Faixa de pedestre,Outras,60.0,Única,Faixa contínua,Não informado,2020,1,16,3,18.0
2020-01-16,18:50:00,COM VÍTIMA,FINALIZADA,PINA,AVENIDA CELSO FURTADO (VIA MANGUE),Não informado,SNT BOA VIAGEM / AO LADO DO CAMPO DA AVIAÇÃO / APÓS O RIO MAR,PINA,CIDADE,CHOQUE OBJETO FIXO,AUTO ACABOU SE CHOCANDO COM O POSTE- LOGO EM SEGUIDA SEM CONTROLE ALGUM- ACABOU COLIDINDO CONTRA O CANTEIRO. C/V.,1.0,1.0,0.0,0.0,0.0,0.0,0.0,0.0,0.0,1.0,0.0,Longo da via,Bom,Não existe,Ilegível,Seca,Mal iluminada,Não existe,Não há placas,60.0,Dupla,Canteiro central,Não informado,2020,1,16,3,18.0
2020-01-16,20:23:00,SEM VÍTIMA,CANCELADA,CAMPO GRANDE,EST DE BELEM,RUA GONCALVES DIAS,SEMÁFORO 458,CAMPO GRANDE,Não informado,COLISÃO,TRATOR X AUTO PASSEIO. S/V,2.0,1.0,0.0,0.0,0.0,0.0,0.0,0.0,0.0,0.0,0.0,Não informado,Não informado,Não informado,Não informado,Não informado,Não informado,Não informado,Não informado,60.0,Não informado,Não informado,Não informado,2020,1,16,3,20.0
2020-01-17,00:32:00,SEM VÍTIMA,FINALIZADA,BOA VIAGEM,RUA VISCONDE DE JEQUITINHONHA,Não informado,AO LADO DO RECIFE FLAT HOTEL,BOA VIAGEM,SUBURBIO,CHOQUE VEÍCULO PARADO,CONDUTOR PERDEU O CONTROLE DO SEU VEÍCULO E ACABOU COLIDINDO CONTRA AUTO ESTACIONADO. S/V,2.0,1.0,0.0,0.0,0.0,0.0,0.0,0.0,0.0,0.0,0.0,Longo da via,Bom,Não existe,Perfeito estado,Seca,Perfeito estado,Não existe,Não há placas,60.0,Única,Faixa contínua,Não informado,2020,1,17,4,0.0
2020-01-17,00:52:00,SEM VÍTIMA,CANCELADA,TORRÕES,AV ENGENHEIRO ABDIAS DE CARVALHO,Não informado,EM FRENTE A BLT,TORRÕES,Não informado,COLISÃO,COLISÃO ENTRE DOIS AUTOS- S/V,2.0,1.0,0.0,0.0,0.0,0.0,0.0,0.0,0.0,0.0,0.0,Não informado,Não informado,Não informado,Não informado,Não informado,Não informado,Não informado,Não informado,60.0,Não informado,Não informado,Não informado,2020,1,17,4,0.0
2020-01-17,01:01:00,SEM VÍTIMA,FINALIZADA,PINA,AV CONSELHEIRO AGUIAR,RUA PEREIRA DA COSTA,Não informado,PINA,CIDADE,ABALROAMENTO TRANSVERSAL,ENTRE 2 AUTOS. S/V,2.0,1.0,0.0,0.0,0.0,0.0,0.0,0.0,0.0,0.0,0.0,Cruzamento,Bom,Intermitente,Perfeito estado,Seca,Perfeito estado,Faixa de pedestre,Não informado,60.0,Única,Faixa seccionada,Não informado,2020,1,17,4,1.0
2020-01-17,01:36:00,SEM VÍTIMA,FINALIZADA,SANTO AMARO,AV CRUZ CABUGA,RUA DOS CASADOS,Não informado,SANTO AMARO,CIDADE,COLISÃO TRASEIRA,ENTRE 2 AUTOS. S/V,2.0,1.0,0.0,0.0,0.0,0.0,0.0,0.0,0.0,0.0,0.0,Cruzamento,Bom,Sem defeito,Perfeito estado,Seca,Perfeito estado,Faixa de retenção,Não há placas,60.0,Dupla,Faixa contínua,Não informado,2020,1,17,4,1.0
2020-01-17,02:26:00,SEM VÍTIMA,FINALIZADA,BOA VIAGEM,RUA PROFESSOR AUGUSTO LINS E SILVA,Não informado,ED. FLÁVIA HELENA,BOA VIAGEM,CIDADE,COLISÃO TRASEIRA,ENTRE 6 AUTOS. S/V,6.0,1.0,0.0,0.0,0.0,0.0,0.0,0.0,0.0,0.0,0.0,Longo da via,Bom,Não existe,Perfeito estado,Seca,Perfeito estado,Não existe,Outras,60.0,Dupla,Não existe,Não informado,2020,1,17,4,2.0
2020-01-17,07:18:00,COM VÍTIMA,FINALIZADA,COELHOS,RUA DOS COELHOS,Não informado,ANTIGA MATERNIDADE OSCA COTINHO. EM FRENTE AO IMIP,COELHOS,CIDADE,ATROPELAMENTO,ATROPELAMENTO COM VITIMA/ VEICULO E PEDESTRE. GM. ITALO E MARCOS SOBRINHO NO LOCAL.,1.0,1.0,0.0,0.0,1.0,0.0,0.0,0.0,0.0,1.0,0.0,Longo da via,Bom,Sem defeito,Perfeito estado,Seca,Não informado,Faixa de pedestre,Outras,60.0,Dupla,Faixa contínua,Não informado,2020,1,17,4,7.0
2020-01-17,08:35:00,COM VÍTIMA,FINALIZADA,BOA VIAGEM,RUA RIBEIRO DE BRITO,RUA PROFESSOR JOAO MEDEIROS,TIDELLI,BOA VIAGEM,CIDADE,ABALROAMENTO LONGITUDINAL,COLISAO COM VITIMA. ENTRE MOTO E VEICULO . GM:DECIO E ANDRE SANTO - NO LOCAL,1.0,1.0,0.0,0.0,0.0,0.0,0.0,0.0,0.0,1.0,0.0,Cruzamento,Bom,Sem defeito,Perfeito estado,Seca,Perfeito estado,Faixa de pedestre,Outras,40.0,Única,Faixa contínua,Não informado,2020,1,17,4,8.0
2020-01-17,10:08:00,SEM VÍTIMA,FINALIZADA,PINA,AV ANTONIO DE GOES,Não informado,SOB O SEMÁFORO 103,PINA,CIDADE,COLISÃO TRASEIRA,COLISAO SEM/ VITIMA E A OUTRA PARTE SE EVADIU DO LOCAL APOS DISCUTIR COM AGENTE DE TRANSITO. PONTO FIXO: ALEXANDRA,2.0,1.0,0.0,0.0,0.0,0.0,0.0,0.0,0.0,0.0,0.0,Longo da via,Bom,Sem defeito,Perfeito estado,Seca,Perfeito estado,Agente,Não informado,60.0,Não informado,Faixa contínua,Não informado,2020,1,17,4,10.0
2020-01-17,10:22:00,SEM VÍTIMA,FINALIZADA,BOA VIAGEM,AV CONSELHEIRO AGUIAR,RUA TENENTE JOAO CICERO,Não informado,BOA VIAGEM,CIDADE,ABALROAMENTO LONGITUDINAL,AUTO E MOTO SUB INSP. ROMERO NO LOCAL,1.0,1.0,0.0,0.0,0.0,0.0,0.0,0.0,0.0,0.0,0.0,Cruzamento,Bom,Não existe,Perfeito estado,Seca,Perfeito estado,Não existe,Não há placas,60.0,Única,Faixa seccionada,Não informado,2020,1,17,4,10.0
2020-01-17,10:26:00,COM VÍTIMA,FINALIZADA,BAIRRO DO RECIFE,RUA MARIZ E BARROS,AV ALFREDO LISBOA,EM FRENTE AO POSTO BR,BAIRRO DO RECIFE,SUBURBIO,ABALROAMENTO LONGITUDINAL,COM UMA VITIMA AGUARDANDO SAMU,1.0,1.0,0.0,0.0,0.0,0.0,0.0,0.0,0.0,1.0,0.0,Esquina,Bom,Não existe,Perfeito estado,Seca,Perfeito estado,Não existe,Outras,60.0,Única,Não existe,Não informado,2020,1,17,4,10.0
2020-01-17,10:27:00,SEM VÍTIMA,FINALIZADA,AREIAS,AV RECIFE,Não informado,EM FRENTE AO POSTO BR DO MACRO,AREIAS,Não informado,COLISÃO TRASEIRA,COLISAO S/ VITIMA. ENTRE DOIS VEICULOS,2.0,1.0,0.0,0.0,0.0,0.0,0.0,0.0,0.0,0.0,0.0,Longo da via,Bom,Não existe,Perfeito estado,Seca,Perfeito estado,Não existe,Não há placas,60.0,Dupla,Canteiro central,Não informado,2020,1,17,4,10.0
2020-01-17,11:28:00,SEM VÍTIMA,FINALIZADA,MANGUEIRA,RUA VINTE E UM DE ABRIL,RUA CORACAO DE JESUS,Não informado,MANGUEIRA,SUBURBIO,ABALROAMENTO TRANSVERSAL,COLISAO S/ VITIMA. ENTRE DOIS VEICULOS,2.0,1.0,0.0,0.0,0.0,0.0,0.0,0.0,0.0,0.0,0.0,Cruzamento,Bom,Não existe,Perfeito estado,Seca,Perfeito estado,Outros,Outras,60.0,Dupla,Não existe,Não informado,2020,1,17,4,11.0
2020-01-17,12:14:00,SEM VÍTIMA,FINALIZADA,BOA VIAGEM,RUA JACK AYRES,RUA FRANCISCO DA CUNHA,Não informado,BOA VIAGEM,Não informado,ABALROAMENTO TRANSVERSAL,COLISÃO SEM VITIMA,1.0,1.0,0.0,0.0,0.0,0.0,0.0,0.0,0.0,0.0,0.0,Cruzamento,Bom,Não existe,Perfeito estado,Seca,Perfeito estado,Não existe,Placas Pare,60.0,Dupla,Não existe,Não informado,2020,1,17,4,12.0
2020-01-17,12:16:00,SEM VÍTIMA,FINALIZADA,SANTO AMARO,AV MARIO MELO,RUA DO POMBAL,POSTO DE SAÚDE DO POMBAL ( L.O),SANTO AMARO,SUBURBIO,ABALROAMENTO LONGITUDINAL,COLISAO S/ VITIMAS,1.0,1.0,0.0,0.0,0.0,0.0,0.0,0.0,0.0,0.0,0.0,Cruzamento,Bom,Não existe,Perfeito estado,Seca,Perfeito estado,Não existe,R-4a,60.0,Única,Não informado,Não informado,2020,1,17,4,12.0
2020-01-17,12:17:00,SEM VÍTIMA,FINALIZADA,SANTO AMARO,RUA MARIO ALBUQUERQUE CAVALCANTI,RUA VOLTA DO SINO,POR TRAS DA COMPESA,SANTO AMARO,Não informado,COLISÃO TRASEIRA,COLISÃO SEM VÍTIMA,2.0,1.0,0.0,0.0,0.0,0.0,0.0,0.0,0.0,0.0,0.0,Cruzamento,Bom,Não existe,Não existente,Seca,Perfeito estado,Não existe,Não há placas,60.0,Dupla,Canal,Não informado,2020,1,17,4,12.0
2020-01-17,12:37:00,SEM VÍTIMA,CANCELADA,BAIRRO DO RECIFE,CAIS DA ALFANDEGA,AV MARQUES DE OLINDA,NO CRUZAMENTO MESMO,BAIRRO DO RECIFE,Não informado,COLISÃO,COLISAO SEM VITIMAS,2.0,1.0,0.0,0.0,0.0,0.0,0.0,0.0,0.0,0.0,0.0,Não informado,Não informado,Não informado,Não informado,Não informado,Não informado,Não informado,Não informado,60.0,Não informado,Não informado,Não informado,2020,1,17,4,12.0
2020-01-17,12:45:00,SEM VÍTIMA,FINALIZADA,AFOGADOS,RUA VINTE E UM DE ABRIL,RUA COSME VIANA,FARMACIA DO TRABALHADOR,AFOGADOS,CIDADE,ABALROAMENTO LONGITUDINAL,COLISÃO SEM VITIMA,1.0,1.0,0.0,0.0,0.0,1.0,0.0,0.0,0.0,0.0,0.0,Cruzamento,Bom,Sem defeito,Perfeito estado,Seca,Perfeito estado,Faixa de pedestre,Não há placas,60.0,Dupla,Faixa seccionada,Não informado,2020,1,17,4,12.0
2020-01-17,13:05:00,SEM VÍTIMA,FINALIZADA,SANTO AMARO,RUA TREZE DE MAIO,RUA DOS PALMARES,Não informado,SANTO AMARO,CIDADE,ABALROAMENTO LONGITUDINAL,COLISÃO SEM VITIMA,1.0,1.0,0.0,0.0,0.0,0.0,0.0,0.0,0.0,0.0,0.0,Longo da via,Bom,Sem defeito,Perfeito estado,Seca,Perfeito estado,Não existe,Não há placas,60.0,Dupla,Faixa contínua,Não informado,2020,1,17,4,13.0
2020-01-17,13:39:00,SEM VÍTIMA,CANCELADA,BOA VIAGEM,AVENIDA CELSO FURTADO (VIA MANGUE),Não informado,NA BIFURCAÇÃO DA VIA MANGUE/ SENTIDO BOA VIAGEM,BOA VIAGEM,Não informado,COLISÃO,COLISÃO SEM VÍTIMA,2.0,1.0,0.0,0.0,0.0,0.0,0.0,0.0,0.0,0.0,0.0,Não informado,Não informado,Não informado,Não informado,Não informado,Não informado,Não informado,Não informado,60.0,Não informado,Não informado,Não informado,2020,1,17,4,13.0
2020-01-17,14:31:00,SEM VÍTIMA,FINALIZADA,BOA VISTA,RUA NUNES MACHADO,Não informado,EM FRENTE AO Nº 22,BOA VISTA,CIDADE,COLISÃO TRASEIRA,COLISÃO SEM VÍTIMA,2.0,1.0,0.0,0.0,0.0,0.0,0.0,0.0,0.0,0.0,0.0,Longo da via,Bom,Não existe,Perfeito estado,Seca,Perfeito estado,Faixa de pedestre,R-6a,60.0,Única,Não existe,Não informado,2020,1,17,4,14.0
2020-01-17,16:38:00,SEM VÍTIMA,FINALIZADA,BOA VISTA,RUA GERVASIO PIRES,Não informado,Não informado,BOA VISTA,SUBURBIO,COLISÃO TRASEIRA,COLISAO SEM VITIMAS,2.0,1.0,0.0,0.0,0.0,0.0,0.0,0.0,0.0,0.0,0.0,Longo da via,Bom,Sem defeito,Perfeito estado,Seca,Perfeito estado,Faixa de pedestre,Não informado,60.0,Única,Não existe,Não informado,2020,1,17,4,16.0
2020-01-17,18:02:00,SEM VÍTIMA,FINALIZADA,TORREÃO,AV NORTE,Não informado,NISSAN,TORREÃO,CIDADE,ABALROAMENTO LONGITUDINAL,ENTRE ÕNIBUS E AUTO PASSEIO. S/V,1.0,1.0,0.0,0.0,0.0,1.0,0.0,0.0,0.0,0.0,0.0,Longo da via,Bom,Não existe,Perfeito estado,Seca,Perfeito estado,Não existe,Outras,60.0,Dupla,Canteiro central,Não informado,2020,1,17,4,18.0
2020-01-17,18:13:00,SEM VÍTIMA,FINALIZADA,IPUTINGA,RUA REZENDE,RUA MIGUEL LEAO,Não informado,IPUTINGA,Não informado,ABALROAMENTO TRANSVERSAL,ENTRE 2 AUTOS. S/V,2.0,1.0,0.0,0.0,0.0,0.0,0.0,0.0,0.0,0.0,0.0,Cruzamento,Bom,Não existe,Perfeito estado,Seca,Perfeito estado,Não informado,Não informado,40.0,Dupla,Não existe,Não informado,2020,1,17,4,18.0
2020-01-17,18:44:00,SEM VÍTIMA,FINALIZADA,TAMARINEIRA,AV PROFESSOR JOSE DOS ANJOS,Não informado,EM FRENTE AO POSTO DE GASOLINA PETROBRAS,TAMARINEIRA,CIDADE,ABALROAMENTO LONGITUDINAL,ENTRE 2 AUTOS. S/V,2.0,1.0,0.0,0.0,0.0,0.0,0.0,0.0,0.0,0.0,0.0,Longo da via,Bom,Sem defeito,Perfeito estado,Seca,Perfeito estado,Faixa de pedestre,Não há placas,60.0,Dupla,Faixa seccionada,Não informado,2020,1,17,4,18.0
2020-01-17,18:50:00,COM VÍTIMA,FINALIZADA,BOA VIAGEM,RUA RIBEIRO DE BRITO,RUA JONATHAS DE VASCONCELOS,ENF AO HOTEL NACIONAL INN // BATERIAS HELIAR,BOA VIAGEM,SUBURBIO,COLISÃO TRASEIRA,FIAT TORO X MOTO,1.0,1.0,0.0,0.0,0.0,0.0,0.0,0.0,0.0,1.0,0.0,Longo da via,Bom,Não existe,Perfeito estado,Seca,Perfeito estado,Não existe,Outras,60.0,Única,Faixa seccionada,Não informado,2020,1,17,4,18.0
2020-01-17,19:55:00,SEM VÍTIMA,FINALIZADA,PARNAMIRIM,AV DEZESSETE DE AGOSTO,Não informado,E/F A DROGASIL,PARNAMIRIM,SUBURBIO,ABALROAMENTO LONGITUDINAL,ENTRE 2 AUTOS. S/V,2.0,1.0,0.0,0.0,0.0,0.0,0.0,0.0,0.0,0.0,0.0,Longo da via,Bom,Não existe,Perfeito estado,Seca,Perfeito estado,Não existe,Não há placas,60.0,Única,Faixa seccionada,Não informado,2020,1,17,4,19.0
2020-01-17,20:52:00,SEM VÍTIMA,FINALIZADA,MORRO DA CONCEIÇÃO,AV NORTE,RUA DEPUTADO MARIO MONTEIRO,Não informado,MORRO DA CONCEIÇÃO,SUBURBIO,ABALROAMENTO LONGITUDINAL,ONIBUS PEDROSA X ONIX,1.0,1.0,0.0,0.0,0.0,1.0,0.0,0.0,0.0,0.0,0.0,Cruzamento,Bom,Sem defeito,Incompleta,Seca,Mal conservada,Faixa de pedestre,Outras,60.0,Dupla,Canteiro central,Não informado,2020,1,17,4,20.0
2020-01-17,21:42:00,SEM VÍTIMA,CANCELADA,PRADO,RUA GOMES TABORDA,Não informado,E/F AO ESPETINHO PARADA CERTA E LEO CHOPP,PRADO,Não informado,COLISÃO,ENTRE AUTO E MOTO. S/V,1.0,1.0,0.0,0.0,0.0,0.0,0.0,0.0,0.0,0.0,0.0,Não informado,Não informado,Não informado,Não informado,Não informado,Não informado,Não informado,Não informado,60.0,Não informado,Não informado,Não informado,2020,1,17,4,21.0
2020-01-17,21:47:00,SEM VÍTIMA,FINALIZADA,BOMBA DO HEMETÉRIO,RUA DAS CRIANCAS,RUA BOMBA DO HEMETERIO,Não informado,BOMBA DO HEMETÉRIO,Não informado,ABALROAMENTO LONGITUDINAL,ENTRE 2 AUTOS. S/V,2.0,1.0,0.0,0.0,0.0,0.0,0.0,0.0,0.0,0.0,0.0,Cruzamento,Bom,Não existe,Incompleta,Seca,Não informado,Não existe,Outras,60.0,Dupla,Faixa seccionada,Não informado,2020,1,17,4,21.0
2020-01-17,21:56:00,SEM VÍTIMA,FINALIZADA,COHAB,RUA DR BENIGNO JORDAO DE VASCONCELOS,RUA RADIALISTA TORRES FILHO,Não informado,COHAB,CIDADE,ABALROAMENTO LONGITUDINAL,ENTRE VT DA POLÍCIA E MOTO. S/V,1.0,1.0,0.0,0.0,0.0,0.0,0.0,1.0,0.0,0.0,0.0,Longo da via,Bom,Não existe,Não existente,Seca,Perfeito estado,Não existe,Não há placas,60.0,Única,Não existe,Não informado,2020,1,17,4,21.0
2020-01-17,22:39:00,SEM VÍTIMA,FINALIZADA,SÃO JOSÉ,RUA IMPERIAL,RUA BOM SUCESSO,AO LADO DA PADARIA PÃO PÃO,SÃO JOSÉ,SUBURBIO,ABALROAMENTO TRANSVERSAL,ONIBUS PARTICULAR X POLO,1.0,1.0,0.0,0.0,0.0,1.0,0.0,0.0,0.0,0.0,0.0,Não informado,Bom,Não existe,Perfeito estado,Seca,Perfeito estado,Não existe,Não há placas,60.0,Única,Faixa seccionada,Não informado,2020,1,17,4,22.0
2020-01-18,01:16:00,SEM VÍTIMA,FINALIZADA,MADALENA,AV VISCONDE DE ALBUQUERQUE,RUA JOSE OSORIO,Não informado,MADALENA,SUBURBIO,ABALROAMENTO LONGITUDINAL,COLISÃO ENTRE AUTO E MOTO- S/V,1.0,1.0,0.0,0.0,0.0,0.0,0.0,0.0,0.0,0.0,0.0,Cruzamento,Bom,Sem defeito,Perfeito estado,Seca,Perfeito estado,Faixa de pedestre,Outras,60.0,Única,Faixa contínua,Não informado,2020,1,18,5,1.0
2020-01-18,03:40:00,COM VÍTIMA,FINALIZADA,CORDEIRO,AV CAXANGA,Não informado,EM FRENTE A EXPOSIÇÃO DE ANIMAIS,CORDEIRO,SUBURBIO,ABALROAMENTO TRANSVERSAL,COLISÃO ENTRE AUTO E MOTO- C/V,1.0,1.0,0.0,0.0,0.0,0.0,0.0,0.0,0.0,1.0,0.0,Cruzamento,Bom,Sem defeito,Perfeito estado,Seca,Perfeito estado,Faixa de pedestre,Outras,60.0,Única,Faixa contínua,Não informado,2020,1,18,5,3.0
2020-01-18,09:04:00,SEM VÍTIMA,FINALIZADA,TORRÕES,AV ENGENHEIRO ABDIAS DE CARVALHO,Não informado,LADO DO POSTO SHELL- APÓS A UPA DOS TORRÕES,TORRÕES,SUBURBIO,COLISÃO TRASEIRA,DOIS AUTOS,2.0,1.0,0.0,0.0,0.0,0.0,0.0,0.0,0.0,0.0,0.0,Longo da via,Bom,Não existe,Perfeito estado,Seca,Perfeito estado,Não existe,Não há placas,60.0,Dupla,Canteiro central,Não informado,2020,1,18,5,9.0
2020-01-18,09:27:00,SEM VÍTIMA,FINALIZADA,BOA VIAGEM,RUA DHALIA,Não informado,Não informado,BOA VIAGEM,SUBURBIO,ABALROAMENTO LONGITUDINAL,DOIS AUTOS,2.0,1.0,0.0,0.0,0.0,0.0,0.0,0.0,0.0,0.0,0.0,Longo da via,Bom,Não existe,Perfeito estado,Seca,Perfeito estado,Não existe,R-6a,60.0,Única,Não existe,Não informado,2020,1,18,5,9.0
2020-01-18,09:32:00,SEM VÍTIMA,FINALIZADA,AREIAS,RUA ARAPUA,Não informado,POR TRÁS DA ESCOLA ISAAC PERIM,AREIAS,SUBURBIO,ABALROAMENTO LONGITUDINAL,MOTO E AUTO,1.0,1.0,0.0,0.0,0.0,0.0,0.0,0.0,0.0,0.0,0.0,Longo da via,Bom,Não existe,Não existente,Seca,Perfeito estado,Não existe,Não há placas,60.0,Dupla,Não existe,Não informado,2020,1,18,5,9.0
2020-01-18,10:04:00,SEM VÍTIMA,FINALIZADA,MANGABEIRA,AV PROFESSOR JOSE DOS ANJOS,RUA EUCLIDES GOMES DE FREITAS,ESQUINA DAS RUAS,MANGABEIRA,CIDADE,ABALROAMENTO TRANSVERSAL,COLISÃO S/VITIMAS ENTRE UM AUTO E UMA CARRETA (V.T. 03 NO QTH),1.0,1.0,0.0,0.0,0.0,0.0,1.0,0.0,0.0,0.0,0.0,Não informado,Bom,Não existe,Incompleta,Seca,Perfeito estado,Não existe,Outras,60.0,Única,Faixa seccionada,Não informado,2020,1,18,5,10.0
2020-01-18,10:18:00,COM VÍTIMA,FINALIZADA,BEBERIBE,AV BEBERIBE,Não informado,EM FRENTE A FRIGO ALVES,BEBERIBE,SUBURBIO,ATROPELAMENTO ANIMAL,AUTO X ANIMAL,1.0,1.0,0.0,0.0,0.0,0.0,0.0,0.0,1.0,1.0,0.0,Longo da via,Bom,Não existe,Perfeito estado,Seca,Não informado,Não existe,Não há placas,40.0,Dupla,Faixa seccionada,Não informado,2020,1,18,5,10.0
2020-01-18,10:30:00,SEM VÍTIMA,CANCELADA,JORDÃO,AV MARIA IRENE,Não informado,RUA DA IGREJA LIRIO DOS VALES,JORDÃO,Não informado,COLISÃO,DOIS AUTOS,2.0,1.0,0.0,0.0,0.0,0.0,0.0,0.0,0.0,0.0,0.0,Não informado,Não informado,Não informado,Não informado,Não informado,Não informado,Não informado,Não informado,60.0,Não informado,Não informado,Não informado,2020,1,18,5,10.0
2020-01-18,11:07:00,SEM VÍTIMA,FINALIZADA,SÃO JOSÉ,C SANTA RITA,Não informado,LADO OPOSTO AS TORRES GÊMEAS,SÃO JOSÉ,SUBURBIO,COLISÃO TRASEIRA,DOIS AUTOS,2.0,1.0,0.0,0.0,0.0,0.0,0.0,0.0,0.0,0.0,0.0,Longo da via,Bom,Não existe,Perfeito estado,Seca,Perfeito estado,Não existe,Não há placas,60.0,Dupla,Faixa seccionada,Não informado,2020,1,18,5,11.0
2020-01-18,11:52:00,SEM VÍTIMA,FINALIZADA,BOA VISTA,RUA DO GIRIQUITI,Não informado,EM FRENTE AO Nº 18,BOA VISTA,CIDADE,COLISÃO TRASEIRA,COLISÃO S/VITIMAS ENTRE DOIS AUTOS,2.0,1.0,0.0,0.0,0.0,0.0,0.0,0.0,0.0,0.0,0.0,Longo da via,Bom,Não existe,Perfeito estado,Seca,Perfeito estado,Não existe,Outras,60.0,Única,Não existe,Não informado,2020,1,18,5,11.0
2020-01-18,12:24:00,SEM VÍTIMA,FINALIZADA,JORDÃO,AV DONA CARENTINA,Não informado,ESCOLA ESTADUAL ENELDA RABELO,JORDÃO,SUBURBIO,CHOQUE VEÍCULO PARADO,COLISAO SEM VITIMAS,1.0,1.0,0.0,0.0,0.0,1.0,0.0,0.0,0.0,0.0,0.0,Longo da via,Bom,Não existe,Perfeito estado,Seca,Perfeito estado,Não informado,Não informado,60.0,Dupla,Faixa seccionada,Não informado,2020,1,18,5,12.0
2020-01-18,12:32:00,SEM VÍTIMA,FINALIZADA,BOMBA DO HEMETÉRIO,RUA CHA DE ALEGRIA,RUA TAMBOARA,Não informado,BOMBA DO HEMETÉRIO,CIDADE,COLISÃO TRASEIRA,ENTRE DUAS MOTOS S/V,1.0,2.0,0.0,0.0,0.0,0.0,0.0,0.0,0.0,0.0,0.0,Cruzamento,Bom,Não existe,Perfeito estado,Seca,Perfeito estado,Outros,Outras,60.0,Dupla,Faixa seccionada,Não informado,2020,1,18,5,12.0