data,hora,natureza_acidente,situacao,bairro,endereco,detalhe_endereco_acidente,complemento,bairro_cruzamento,sentido_via,tipo,descricao,auto,moto,ciclom,ciclista,pedestre,onibus,caminhao,viatura,outros,vitimas,vitimasfatais,acidente_verificado,tempo_clima,situacao_semaforo,sinalizacao,condicao_via,conservacao_via,ponto_controle,situacao_placa,velocidade_max_via,mao_direcao,divisao_via1,natureza,ano,mes,dia,dia_semana,hora_ocorrencia
2020-01-18,13:01:00,COM VÍTIMA,FINALIZADA,BOA VIAGEM,RUA SA E SOUZA,RUA LUIZ PIMENTEL,E/F A IGREJA DE JESUS CRISTOS DOS ULTIMOS DIAS,BOA VIAGEM,CIDADE,ABALROAMENTO TRANSVERSAL,COLISAO COM VITIMAS,1.0,1.0,0.0,0.0,0.0,0.0,0.0,0.0,0.0,1.0,0.0,Cruzamento,Bom,Não existe,Perfeito estado,Seca,Perfeito estado,Não existe,Placas Pare,60.0,Dupla,Faixa seccionada,Não informado,2020,1,18,5,13.0
2020-01-18,14:13:00,SEM VÍTIMA,FINALIZADA,BOA VISTA,RUA SAO GONCALO,RUA DA GLORIA,Não informado,BOA VISTA,SUBURBIO,ABALROAMENTO LONGITUDINAL,ENTRE DOIS AUTOS S/V,2.0,1.0,0.0,0.0,0.0,0.0,0.0,0.0,0.0,0.0,0.0,Não informado,Bom,Não existe,Perfeito estado,Seca,Perfeito estado,Não existe,Placas Pare,40.0,Única,Faixa seccionada,Não informado,2020,1,18,5,14.0
2020-01-18,14:22:00,SEM VÍTIMA,FINALIZADA,ILHA DO RETIRO,RUA SPORT CLUBE DO RECIFE,RUA JOAO ELISIO RAMOS,AO LADO DO ESTÁDIO ADELMAR DA COSTA CARVALHO,ILHA DO RETIRO,CIDADE,ABALROAMENTO LONGITUDINAL,COLISÃO SEM VITIMA,2.0,1.0,0.0,0.0,0.0,0.0,0.0,0.0,0.0,0.0,0.0,Não informado,Bom,Sem defeito,Perfeito estado,Seca,Perfeito estado,Não informado,R-6a,60.0,Dupla,Faixa contínua,Não informado,2020,1,18,5,14.0
2020-01-18,14:27:00,SEM VÍTIMA,FINALIZADA,TORRÕES,Não informado,RUA ONZE DE FEVEREIRO,AO LADO DO LAVA JATO BRILHO CAR,TORRÕES,Não informado,ABALROAMENTO LONGITUDINAL,ENTRE AUTO PASSEIO X MOTO COM VÍTIMA,1.0,1.0,0.0,0.0,0.0,0.0,0.0,0.0,0.0,0.0,0.0,Cruzamento,Bom,Não existe,Não informado,Seca,Perfeito estado,Não existe,Placas Pare,60.0,Dupla,Não informado,Não informado,2020,1,18,5,14.0
2020-01-18,14:27:00,SEM VÍTIMA,CANCELADA,BOA VIAGEM,RUA JAIME RAMIRO COSTA,Não informado,PROX A QUADRA DE TENIS,BOA VIAGEM,Não informado,COLISÃO,COLISAO SEM VITIMAS,2.0,1.0,0.0,0.0,0.0,0.0,0.0,0.0,0.0,0.0,0.0,Não informado,Não informado,Não informado,Não informado,Não informado,Não informado,Não informado,Não informado,60.0,Não informado,Não informado,Não informado,2020,1,18,5,14.0
2020-01-18,14:27:00,SEM VÍTIMA,DUPLICIDADE,COELHOS,RUA SAO GONCALO,Não informado,NA RUA DO MERCADO DA BOA VISTA,COELHOS,Não informado,COLISÃO,COLISÃO SEM VITIMA,2.0,1.0,0.0,0.0,0.0,0.0,0.0,0.0,0.0,0.0,0.0,Não informado,Não informado,Não informado,Não informado,Não informado,Não informado,Não informado,Não informado,60.0,Não informado,Não informado,Não informado,2020,1,18,5,14.0
2020-01-18,15:34:00,SEM VÍTIMA,FINALIZADA,JIQUIÁ,RUA SAO MIGUEL,Não informado,Não informado,JIQUIÁ,SUBURBIO,COLISÃO TRASEIRA,COLISÃO SEM VITIMA,2.0,1.0,0.0,0.0,0.0,0.0,0.0,0.0,0.0,0.0,0.0,Longo da via,Bom,Sem defeito,Incompleta,Seca,Perfeito estado,Faixa de pedestre,Outras,60.0,Dupla,Faixa contínua,Não informado,2020,1,18,5,15.0
2020-01-18,16:02:00,SEM VÍTIMA,FINALIZADA,ARRUDA,RUA DAS MOCAS,Não informado,EM FRENTE A IEADALPE,ARRUDA,SUBURBIO,ABALROAMENTO LONGITUDINAL,ENTRE DOIS AUTOS S/V,2.0,1.0,0.0,0.0,0.0,0.0,0.0,0.0,0.0,0.0,0.0,Longo da via,Bom,Não existe,Perfeito estado,Seca,Perfeito estado,Não existe,Não há placas,60.0,Dupla,Faixa seccionada,Não informado,2020,1,18,5,16.0
2020-01-18,16:47:00,SEM VÍTIMA,FINALIZADA,TORREÃO,RUA DJALMA FARIAS,Não informado,EM FRENTE AO Nº 109,TORREÃO,SUBURBIO,ABALROAMENTO LONGITUDINAL,AUTO PASSEIO X MOTO S/V,1.0,1.0,0.0,0.0,0.0,0.0,0.0,0.0,0.0,0.0,0.0,Longo da via,Bom,Não existe,Não existente,Seca,Mal conservada,Não existe,Não há placas,60.0,Dupla,Não existe,Não informado,2020,1,18,5,16.0
2020-01-18,17:18:00,SEM VÍTIMA,CANCELADA,CASA AMARELA,AV NORTE,RUA PADRE LEMOS,E/F A PASSIRA,CASA AMARELA,Não informado,COLISÃO,ENTRE DOIS AUTOS S/V,2.0,1.0,0.0,0.0,0.0,0.0,0.0,0.0,0.0,0.0,0.0,Não informado,Não informado,Não informado,Não informado,Não informado,Não informado,Não informado,Não informado,60.0,Não informado,Não informado,Não informado,2020,1,18,5,17.0
2020-01-18,17:55:00,SEM VÍTIMA,CANCELADA,TORRE,RUA FREI JABOATAO,Não informado,E/F AO CARREFOUR DA TORRE,TORRE,Não informado,COLISÃO,ENTRE 2 AUTOS. S/V,2.0,1.0,0.0,0.0,0.0,0.0,0.0,0.0,0.0,0.0,0.0,Não informado,Não informado,Não informado,Não informado,Não informado,Não informado,Não informado,Não informado,60.0,Não informado,Não informado,Não informado,2020,1,18,5,17.0
2020-01-18,20:49:00,COM VÍTIMA,FINALIZADA,IMBIRIBEIRA,RUA ITACARI,RUA ITAJAI,GRÁFICA YNOVE,IMBIRIBEIRA,SUBURBIO,ABALROAMENTO TRANSVERSAL,SIENA X VOYAGE,2.0,1.0,0.0,0.0,0.0,0.0,0.0,0.0,0.0,1.0,0.0,Cruzamento,Bom,Não existe,Incompleta,Seca,Mal conservada,Não existe,Placas Pare,60.0,Única,Não informado,Não informado,2020,1,18,5,20.0
2020-01-18,21:26:00,SEM VÍTIMA,FINALIZADA,ÁGUA FRIA,AV BEBERIBE,RUA DA REGENERACAO,Não informado,ÁGUA FRIA,SUBURBIO,ABALROAMENTO LONGITUDINAL,ENTRE 3 AUTOS. S/V,3.0,1.0,0.0,0.0,0.0,0.0,0.0,0.0,0.0,0.0,0.0,Longo da via,Bom,Não existe,Ilegível,Seca,Perfeito estado,Não existe,Não há placas,60.0,Única,Faixa seccionada,Não informado,2020,1,18,5,21.0
2020-01-19,00:45:00,SEM VÍTIMA,CANCELADA,CAMPO GRANDE,RUA ODORICO MENDES,Não informado,EM FRENTE AO CLUBE DAS PÁS,CAMPO GRANDE,Não informado,COLISÃO,COLISÃO ENTRE VEÍCULOS- SEGUIDA DE CHOQUE EM DOIS TÁXIS ESTACIONADOS. SEM VÍTIMAS,4.0,1.0,0.0,0.0,0.0,0.0,0.0,0.0,0.0,0.0,0.0,Não informado,Não informado,Não informado,Não informado,Não informado,Não informado,Não informado,Não informado,60.0,Não informado,Não informado,Não informado,2020,1,19,6,0.0
2020-01-19,02:29:00,SEM VÍTIMA,FINALIZADA,BOA VISTA,RUA DOM BOSCO,RUA LUIZ BARBALHO,EM FRENTE AO BATALHÃO DE POLÍCIA RADIOPATRULHA,BOA VISTA,CIDADE,CHOQUE VEÍCULO PARADO,AUTO CHOCOU-SE EM UM VEICULO QUE ENCONTRAVA-SE ESTACIONADO (UM DOS ENVOLVIDOS APRESENTA SINTOMAS DE EMBRIAGUEZ),2.0,1.0,0.0,0.0,0.0,0.0,0.0,0.0,0.0,0.0,0.0,Longo da via,Chuvoso,Não existe,Perfeito estado,Molhada,Perfeito estado,Não existe,R-6a,60.0,Única,Faixa seccionada,Não informado,2020,1,19,6,2.0
2020-01-19,06:02:00,SEM VÍTIMA,FINALIZADA,SANTO AMARO,AV NORTE,Não informado,SENAI,SANTO AMARO,Não informado,COLISÃO TRASEIRA,COLISÃO ENTRE AUTO E ÔNIBUS- S/V,1.0,1.0,0.0,0.0,0.0,1.0,0.0,0.0,0.0,0.0,0.0,Longo da via,Bom,Sem defeito,Perfeito estado,Seca,Perfeito estado,Faixa de pedestre,Outras,60.0,Dupla,Canteiro central,Não informado,2020,1,19,6,6.0
2020-01-19,06:53:00,COM VÍTIMA,FINALIZADA,ROSARINHO,RUA COUTO MAGALHAES,AV SANTOS DUMONT,DE ESQUINA COM O COLEGIO FAZER CRESCER,ROSARINHO,SUBURBIO,ABALROAMENTO LONGITUDINAL,AUTO E MOTO,1.0,1.0,0.0,0.0,0.0,0.0,0.0,0.0,0.0,1.0,0.0,Esquina,Bom,Não existe,Perfeito estado,Seca,Perfeito estado,Faixa de pedestre,Outras,30.0,Única,Não existe,Não informado,2020,1,19,6,6.0
2020-01-19,08:09:00,SEM VÍTIMA,FINALIZADA,CORDEIRO,AV CAXANGA,Não informado,EM FRENTE AO SEMÁFORO Nº 080,CORDEIRO,SUBURBIO,COLISÃO TRASEIRA,AUTO E ONIBUS,1.0,1.0,0.0,0.0,0.0,1.0,0.0,0.0,0.0,0.0,0.0,Longo da via,Bom,Sem defeito,Perfeito estado,Seca,Perfeito estado,Faixa de pedestre,R-6a,60.0,Dupla,Faixa contínua,Não informado,2020,1,19,6,8.0
2020-01-19,09:12:00,SEM VÍTIMA,CANCELADA,AFOGADOS,RUA FRANCISCO SILVEIRA,Não informado,APOS O LARGO DA PAZ PRIMEIRA A ESQUERDA / SENT AEROPORTO,AFOGADOS,Não informado,COLISÃO,CAMINHAO E AUTO,1.0,1.0,0.0,0.0,0.0,0.0,1.0,0.0,0.0,0.0,0.0,Não informado,Não informado,Não informado,Não informado,Não informado,Não informado,Não informado,Não informado,60.0,Não informado,Não informado,Não informado,2020,1,19,6,9.0
2020-01-19,09:35:00,SEM VÍTIMA,FINALIZADA,TEJIPIÓ,AV LIBERDADE,Não informado,PRÓXIMO A DELEGACIA DRACO,TEJIPIÓ,SUBURBIO,ABALROAMENTO LONGITUDINAL,SEM VITIMAS,2.0,1.0,0.0,0.0,0.0,0.0,0.0,0.0,0.0,0.0,0.0,Longo da via,Bom,Não existe,Não existente,Seca,Perfeito estado,Não existe,Não há placas,60.0,Dupla,Faixa contínua,Não informado,2020,1,19,6,9.0
2020-01-19,09:51:00,COM VÍTIMA,FINALIZADA,PINA,AV HERCULANO BANDEIRA,Não informado,EM FRENTE A JBS VEICULOS,PINA,SUBURBIO,CHOQUE OBJETO FIXO,CAMINHAO CHOCOU-SE COM A LOJA / MOTORISTA FOI SOCORRIDO POR TERCEIROS,1.0,1.0,0.0,0.0,0.0,0.0,1.0,0.0,0.0,1.0,0.0,Longo da via,Bom,Sem defeito,Perfeito estado,Seca,Perfeito estado,Faixa de pedestre,Outras,60.0,Única,Faixa seccionada,Não informado,2020,1,19,6,9.0
2020-01-19,10:07:00,SEM VÍTIMA,FINALIZADA,CORDEIRO,AV CAXANGA,RUA CONEGO ANTONIO CAVALCANTE,Não informado,CORDEIRO,CIDADE,CHOQUE OBJETO FIXO,CHOQUE OBJETO FIXO. VEICULO PASSEIO- NAO A VITIMA,1.0,1.0,0.0,0.0,0.0,0.0,0.0,0.0,0.0,0.0,0.0,Cruzamento,Bom,Não existe,Perfeito estado,Seca,Perfeito estado,Outros,Outras,60.0,Dupla,Não existe,Não informado,2020,1,19,6,10.0
2020-01-19,13:15:00,SEM VÍTIMA,FINALIZADA,TORREÃO,AV NORTE,Não informado,CHEVROLET PEDRAGON,TORREÃO,CIDADE,COLISÃO TRASEIRA,COLISÃO SEM VÍTIMA,1.0,1.0,0.0,0.0,0.0,1.0,0.0,0.0,0.0,0.0,0.0,Longo da via,Bom,Sem defeito,Perfeito estado,Seca,Perfeito estado,Faixa de pedestre,Outras,60.0,Única,Faixa seccionada,Não informado,2020,1,19,6,13.0
2020-01-19,13:33:00,SEM VÍTIMA,FINALIZADA,IMBIRIBEIRA,AV SENADOR ROBERT KENNEDY,RUA CONDESSA DE BARRAL,REGIONAL SUL,IMBIRIBEIRA,SUBURBIO,ABALROAMENTO TRANSVERSAL,COLISÃO SEM VÍTIMA,1.0,1.0,0.0,0.0,0.0,0.0,0.0,0.0,0.0,0.0,0.0,Não informado,Bom,Não existe,Não existente,Seca,Perfeito estado,Não existe,Não há placas,60.0,Dupla,Não existe,Não informado,2020,1,19,6,13.0
2020-01-19,15:46:00,COM VÍTIMA,FINALIZADA,DOIS IRMÃOS,RUA DOIS IRMAOS,Não informado,PRÓX. AO VIADUTO DA BR 101,DOIS IRMÃOS,SUBURBIO,ABALROAMENTO TRANSVERSAL,COLISÃO C/VITIMAS ENTRE UMA MOTO E UM AUTO (V.T 26 NO QTH),1.0,1.0,0.0,0.0,0.0,0.0,0.0,0.0,0.0,2.0,0.0,Longo da via,Bom,Sem defeito,Perfeito estado,Seca,Perfeito estado,Não existe,Não há placas,60.0,Dupla,Faixa contínua,Não informado,2020,1,19,6,15.0
2020-01-19,16:40:00,SEM VÍTIMA,FINALIZADA,ARRUDA,RUA SAO BENTO,Não informado,RESIDENCIAL SÃO BENTO,ARRUDA,SUBURBIO,COLISÃO TRASEIRA,COLISÃO S/VITIMAS ENTRE DOIS AUTO,2.0,1.0,0.0,0.0,0.0,0.0,0.0,0.0,0.0,0.0,0.0,Longo da via,Bom,Não existe,Perfeito estado,Seca,Perfeito estado,Não informado,Outras,60.0,Única,Faixa seccionada,Não informado,2020,1,19,6,16.0
2020-01-19,19:37:00,SEM VÍTIMA,CANCELADA,IPUTINGA,AV CAXANGA,Não informado,AO LADO DO VIADUTO DA BR-101- E/F A CHEVROLET,IPUTINGA,Não informado,COLISÃO,ENTRE DOIS AUTOS S/V,2.0,1.0,0.0,0.0,0.0,0.0,0.0,0.0,0.0,0.0,0.0,Não informado,Não informado,Não informado,Não informado,Não informado,Não informado,Não informado,Não informado,60.0,Não informado,Não informado,Não informado,2020,1,19,6,19.0
2020-01-19,20:21:00,SEM VÍTIMA,FINALIZADA,SANTO ANTÔNIO,C SANTA RITA,Não informado,POSTE DE ILUMINAÇÃO PÚBLICA BO 17446 ( POSTE LADO OPOSTO ),SANTO ANTÔNIO,CIDADE,ABALROAMENTO LONGITUDINAL,ONIBUS X AUTO PASSEIO S/V,1.0,1.0,0.0,0.0,0.0,1.0,0.0,0.0,0.0,0.0,0.0,Longo da via,Bom,Sem defeito,Perfeito estado,Seca,Perfeito estado,Faixa de pedestre,Outras,60.0,Única,Faixa contínua,Não informado,2020,1,19,6,20.0
2020-01-19,20:45:00,SEM VÍTIMA,FINALIZADA,TORREÃO,RUA DJALMA FARIAS,RUA PADRE MIGUELINHO,Não informado,TORREÃO,CIDADE,ABALROAMENTO TRANSVERSAL,ENTRE AUTO E MOTO. S/V,1.0,1.0,0.0,0.0,0.0,0.0,0.0,0.0,0.0,0.0,0.0,Cruzamento,Bom,Não existe,Perfeito estado,Seca,Perfeito estado,Não existe,Placas Pare,60.0,Dupla,Não existe,Não informado,2020,1,19,6,20.0
2020-01-19,20:53:00,COM VÍTIMA,FINALIZADA,CORDEIRO,AV CAXANGA,Não informado,E/F A EXPOSIÇÃO DE ANIMAIS,CORDEIRO,SUBURBIO,COLISÃO TRASEIRA,AUTO PASSEIO X MOTO COM VÍTIMA,1.0,1.0,0.0,0.0,0.0,0.0,0.0,0.0,0.0,1.0,0.0,Longo da via,Bom,Sem defeito,Perfeito estado,Seca,Perfeito estado,Faixa de pedestre,Não informado,60.0,Dupla,Canteiro central,Não informado,2020,1,19,6,20.0
2020-01-19,21:06:00,SEM VÍTIMA,CANCELADA,CASA AMARELA,AV NORTE,Não informado,E/F A MATERNIDADE BARROS LIMA,CASA AMARELA,Não informado,COLISÃO,ENTRE 2 AUTOS. S/V,1.0,1.0,0.0,0.0,0.0,1.0,0.0,0.0,0.0,0.0,0.0,Não informado,Não informado,Não informado,Não informado,Não informado,Não informado,Não informado,Não informado,60.0,Não informado,Não informado,Não informado,2020,1,19,6,21.0
2020-01-19,21:41:00,COM VÍTIMA,CANCELADA,ESTÂNCIA,AV DR JOSE RUFINO,Não informado,PRÓX AO COLÉGIO VISÃO E POSTO IPIRANGA / E/F AO POSTO PETROISA,ESTÂNCIA,Não informado,COLISÃO,ENTRE AUTO E MOTO. C/V,1.0,1.0,0.0,0.0,0.0,0.0,0.0,0.0,0.0,1.0,0.0,Não informado,Não informado,Não informado,Não informado,Não informado,Não informado,Não informado,Não informado,60.0,Não informado,Não informado,Não informado,2020,1,19,6,21.0
2020-01-20,07:20:00,COM VÍTIMA,FINALIZADA,TORRE,RUA REAL DA TORRE,Não informado,Não informado,TORRE,CIDADE,COLISÃO COM CICLISTA,COLISÃO COM UMA VITIMA AGUARDANDO SAMU,1.0,1.0,0.0,1.0,0.0,0.0,0.0,0.0,0.0,1.0,0.0,Longo da via,Bom,Sem defeito,Perfeito estado,Seca,Perfeito estado,Não informado,Outras,50.0,Única,Faixa,Não informado,2020,1,20,0,7.0
2020-01-20,08:15:00,SEM VÍTIMA,CANCELADA,DERBY,AV GOVERNADOR AGAMENON MAGALHAES,RUA JORNALISTA PAULO BITTENCOURT,EM FRENTE AO CERPE,DERBY,Não informado,COLISÃO,SEM VITIMAS,1.0,1.0,0.0,0.0,0.0,1.0,0.0,0.0,0.0,0.0,0.0,Não informado,Não informado,Não informado,Não informado,Não informado,Não informado,Não informado,Não informado,60.0,Não informado,Não informado,Não informado,2020,1,20,0,8.0
2020-01-20,08:24:00,SEM VÍTIMA,FINALIZADA,DERBY,AV GOVERNADOR AGAMENON MAGALHAES,RUA JORNALISTA PAULO BITTENCOURT,AO LADO DO BRADESCO,DERBY,CIDADE,ABALROAMENTO LONGITUDINAL,COLISÃO S/VITIMAS ENTRE UM AUTO E UM ONIBUS (V.T 05 NO QTH),1.0,1.0,0.0,0.0,0.0,1.0,0.0,0.0,0.0,0.0,0.0,Cruzamento,Bom,Não existe,Perfeito estado,Seca,Perfeito estado,Faixa de pedestre,Placas Pare,30.0,Dupla,Faixa seccionada,Não informado,2020,1,20,0,8.0
2020-01-20,08:28:00,SEM VÍTIMA,FINALIZADA,ESPINHEIRO,RUA QUARENTA E OITO,RUA CONS PORTELA,CRUZAMENTO DAS RUAS,ESPINHEIRO,Não informado,ABALROAMENTO LONGITUDINAL,SEM VITIMAS,1.0,1.0,0.0,0.0,0.0,1.0,0.0,0.0,0.0,0.0,0.0,Longo da via,Bom,Sem defeito,Perfeito estado,Seca,Perfeito estado,Faixa de pedestre,Não informado,60.0,Única,Faixa seccionada,Não informado,2020,1,20,0,8.0
2020-01-20,08:39:00,SEM VÍTIMA,FINALIZADA,IPSEP,AV RECIFE,RUA JEAN EMILE FAVRE,EM FRENTE A PADARIA VILLA DO PÃO,IPSEP,Não informado,COLISÃO TRASEIRA,COLISÃO S/VITIMAS ENTRE TRES AUTOS,3.0,1.0,0.0,0.0,0.0,0.0,0.0,0.0,0.0,0.0,0.0,Longo da via,Bom,Sem defeito,Perfeito estado,Seca,Perfeito estado,Não informado,Não há placas,60.0,Dupla,Faixa contínua,Não informado,2020,1,20,0,8.0
2020-01-20,09:18:00,SEM VÍTIMA,FINALIZADA,GRAÇAS,RUA ANTONIO NOVAIS,Não informado,Não informado,GRAÇAS,Não informado,ABALROAMENTO LONGITUDINAL,COLISÃO S/VITIMAS ENTRE UMA MOTO E UM AUTO,1.0,1.0,0.0,0.0,0.0,0.0,0.0,0.0,0.0,0.0,0.0,Longo da via,Bom,Não existe,Perfeito estado,Seca,Perfeito estado,Não existe,Não há placas,60.0,Única,Não existe,Não informado,2020,1,20,0,9.0
2020-01-20,09:30:00,COM VÍTIMA,FINALIZADA,CORDEIRO,AV GENERAL SAN MARTIN,Não informado,EM FRENTE AO HOSPITAL GETULIO VARGAS,CORDEIRO,SUBURBIO,ATROPELAMENTO,COM UMA VITIMA AGUARDANDO SOCORRO/ VT 24 NO LOCAL,1.0,1.0,0.0,0.0,1.0,0.0,0.0,0.0,0.0,1.0,0.0,Longo da via,Bom,Sem defeito,Perfeito estado,Seca,Perfeito estado,Não informado,Não informado,60.0,Dupla,Faixa contínua,Não informado,2020,1,20,0,9.0
2020-01-20,09:35:00,SEM VÍTIMA,FINALIZADA,MADALENA,RUA JOSE MUCIO MONTEIRO,Não informado,Não informado,MADALENA,Não informado,ABALROAMENTO LONGITUDINAL,COLISAO S/ VITIMA. DOIS VEICULOS,2.0,1.0,0.0,0.0,0.0,0.0,0.0,0.0,0.0,0.0,0.0,Longo da via,Bom,Não existe,Perfeito estado,Seca,Perfeito estado,Não existe,R-6a,60.0,Única,Faixa seccionada,Não informado,2020,1,20,0,9.0
2020-01-20,10:09:00,SEM VÍTIMA,FINALIZADA,ESPINHEIRO,RUA CONS PORTELA,RUA QUARENTA E OITO,PRÓX. AO SEMÁFORO 011,ESPINHEIRO,CIDADE,COLISÃO TRASEIRA,ONIBUS E AUTO GM RODRIGO NO QTH P.O,1.0,1.0,0.0,0.0,0.0,1.0,0.0,0.0,0.0,0.0,0.0,Cruzamento,Bom,Sem defeito,Perfeito estado,Seca,Perfeito estado,Agente,Outras,40.0,Única,Não informado,Não informado,2020,1,20,0,10.0
2020-01-20,10:11:00,SEM VÍTIMA,FINALIZADA,CORDEIRO,RUA TAMBORIL,RUA TIJUCAS,RESTAURANTE JOÃO DA CARNE DE SOL,CORDEIRO,CIDADE,COLISÃO FRONTAL,COLISÃO S/VITIMAS ENTRE DOIS AUTOS,1.0,1.0,0.0,0.0,0.0,1.0,0.0,0.0,0.0,0.0,0.0,Não informado,Bom,Não existe,Perfeito estado,Seca,Perfeito estado,Não informado,Placas Pare,60.0,Dupla,Não existe,Não informado,2020,1,20,0,10.0
2020-01-20,10:18:00,SEM VÍTIMA,FINALIZADA,IMBIRIBEIRA,AV MARECHAL MASCARENHAS DE MORAES,Não informado,JUSTÇA FEDERAL ( EDIFÍCIO SEDE II),IMBIRIBEIRA,SUBURBIO,COLISÃO TRASEIRA,SEM VITIMAS,2.0,1.0,0.0,0.0,0.0,0.0,0.0,0.0,0.0,0.0,0.0,Longo da via,Bom,Sem defeito,Perfeito estado,Seca,Perfeito estado,Faixa de pedestre,Não há placas,60.0,Dupla,Canteiro central,Não informado,2020,1,20,0,10.0
2020-01-20,10:43:00,SEM VÍTIMA,FINALIZADA,JORDÃO,RUA DR ANDRADE LYRA,Não informado,EM FRENTE AO Nº 10,JORDÃO,CIDADE,COLISÃO TRASEIRA,COLISAO S/ VITIMA. VEICULO E COMBI,2.0,1.0,0.0,0.0,0.0,0.0,0.0,0.0,0.0,0.0,0.0,Longo da via,Bom,Não existe,Perfeito estado,Seca,Perfeito estado,Não existe,Não informado,30.0,Única,Não existe,Não informado,2020,1,20,0,10.0
2020-01-20,10:34:00,SEM VÍTIMA,FINALIZADA,MADALENA,RUA JOAO IVO DA SILVA,Não informado,DENTRO DO TÚNEL DA ABOLIÇÃO,MADALENA,SUBURBIO,ABALROAMENTO LONGITUDINAL,COLISÃO SEM VITIMAS,1.0,1.0,0.0,0.0,0.0,1.0,0.0,0.0,0.0,0.0,0.0,Longo da via,Bom,Não existe,Perfeito estado,Seca,Perfeito estado,Não existe,Não há placas,60.0,Única,Não informado,Não informado,2020,1,20,0,10.0
2020-01-20,11:42:00,COM VÍTIMA,FINALIZADA,BOA VIAGEM,AV CONSELHEIRO AGUIAR,RUA ERNESTO DE PAULA SANTOS,HABIB'S.,BOA VIAGEM,CIDADE,ABALROAMENTO LONGITUDINAL,AUTO E MOTO,1.0,1.0,0.0,0.0,0.0,0.0,0.0,0.0,0.0,1.0,0.0,Cruzamento,Bom,Sem defeito,Perfeito estado,Seca,Perfeito estado,Faixa de pedestre,Não há placas,60.0,Única,Faixa seccionada,Não informado,2020,1,20,0,11.0
2020-01-20,11:59:00,SEM VÍTIMA,FINALIZADA,BOA VISTA,AV GOVERNADOR AGAMENON MAGALHAES,Não informado,AO LADO DO COLEGIO AMERICANO BATISTA,BOA VISTA,Não informado,COLISÃO TRASEIRA,COLISAO S/ VITIMA. ENTRE DOIS VEICULOS. GM: ERIVAN SILVA E LEILA. PONTO FIXO NO LOCAL,2.0,1.0,0.0,0.0,0.0,0.0,0.0,0.0,0.0,0.0,0.0,Longo da via,Bom,Sem defeito,Perfeito estado,Seca,Perfeito estado,Outros,Outras,60.0,Dupla,Canteiro central,Não informado,2020,1,20,0,11.0
2020-01-20,12:26:00,SEM VÍTIMA,FINALIZADA,IMBIRIBEIRA,AV MARECHAL MASCARENHAS DE MORAES,Não informado,FACULDADE FPS,IMBIRIBEIRA,SUBURBIO,COLISÃO TRASEIRA,COLISÃO SEM VÍTIMA,2.0,1.0,0.0,0.0,0.0,0.0,0.0,0.0,0.0,0.0,0.0,Longo da via,Bom,Não existe,Perfeito estado,Seca,Perfeito estado,Não existe,Não há placas,60.0,Dupla,Canteiro central,Não informado,2020,1,20,0,12.0
2020-01-20,12:26:00,SEM VÍTIMA,FINALIZADA,CAMPO GRANDE,RUA ODORICO MENDES,AV GOVERNADOR AGAMENON MAGALHAES,LADO OPOSTO AO INSTITUTO CRIMINALÍSTICO CICS,CAMPO GRANDE,SUBURBIO,ABALROAMENTO TRANSVERSAL,COISAO SEM VITIMAS,1.0,1.0,0.0,0.0,0.0,0.0,0.0,0.0,0.0,0.0,0.0,Cruzamento,Bom,Sem defeito,Perfeito estado,Seca,Perfeito estado,Faixa de pedestre,R-4a,60.0,Dupla,Faixa seccionada,Não informado,2020,1,20,0,12.0
2020-01-20,13:10:00,SEM VÍTIMA,FINALIZADA,DOIS IRMÃOS,RUA DOM MANOEL DA COSTA,Não informado,E/F A UNIVERSIDADE RURAL DE PERNABUCO,DOIS IRMÃOS,Não informado,COLISÃO,COLISAO SEM VITIMAS,1.0,1.0,0.0,0.0,0.0,1.0,0.0,0.0,0.0,0.0,0.0,Não informado,Não informado,Não informado,Não informado,Não informado,Não informado,Não informado,Não informado,60.0,Não informado,Não informado,Não informado,2020,1,20,0,13.0
2020-01-20,13:17:00,SEM VÍTIMA,FINALIZADA,MADALENA,AV VISCONDE DE ALBUQUERQUE,RUA LOPES DE CARVALHO,Não informado,MADALENA,SUBURBIO,ABALROAMENTO TRANSVERSAL,COLISÃO SEM VÍTIMA,2.0,1.0,0.0,0.0,0.0,0.0,0.0,0.0,0.0,0.0,0.0,Cruzamento,Bom,Não existe,Perfeito estado,Seca,Perfeito estado,Não existe,Placas Pare,60.0,Única,Faixa seccionada,Não informado,2020,1,20,0,13.0
2020-01-20,13:26:00,SEM VÍTIMA,FINALIZADA,BOA VIAGEM,AV ENGENHEIRO DOMINGOS FERREIRA,Não informado,E/F AO SUPERMECADO EXTRA,BOA VIAGEM,SUBURBIO,COLISÃO TRASEIRA,COLISAO SEM VITIMAS,2.0,1.0,0.0,0.0,0.0,0.0,0.0,0.0,0.0,0.0,0.0,Longo da via,Bom,Sem defeito,Perfeito estado,Seca,Perfeito estado,Faixa de pedestre,Não há placas,60.0,Dupla,Canteiro central,Não informado,2020,1,20,0,13.0
2020-01-20,13:34:00,COM VÍTIMA,FINALIZADA,BOA VIAGEM,AV ENGENHEIRO DOMINGOS FERREIRA,RUA ERNESTO DE PAULA SANTOS,E/F A ACADEMIA SMAT FIT,BOA VIAGEM,SUBURBIO,ABALROAMENTO LONGITUDINAL,COLISAO COM VITIMAS,2.0,1.0,0.0,0.0,0.0,0.0,0.0,0.0,0.0,1.0,0.0,Cruzamento,Bom,Sem defeito,Perfeito estado,Seca,Perfeito estado,Faixa de pedestre,R-6a,60.0,Única,Faixa seccionada,Não informado,2020,1,20,0,13.0
2020-01-20,13:48:00,SEM VÍTIMA,FINALIZADA,JORDÃO,AV MARIA IRENE,Não informado,MADEREIRA SÃO JOSE,JORDÃO,CIDADE,COLISÃO TRASEIRA,COLISÃO SEM VÍTIMA,1.0,1.0,0.0,0.0,0.0,1.0,0.0,0.0,0.0,0.0,0.0,Longo da via,Bom,Não existe,Ilegível,Seca,Mal conservada,Não existe,Outras,60.0,Dupla,Faixa contínua,Não informado,2020,1,20,0,13.0