data,hora,natureza_acidente,situacao,bairro,endereco,detalhe_endereco_acidente,complemento,bairro_cruzamento,sentido_via,tipo,descricao,auto,moto,ciclom,ciclista,pedestre,onibus,caminhao,viatura,outros,vitimas,vitimasfatais,acidente_verificado,tempo_clima,situacao_semaforo,sinalizacao,condicao_via,conservacao_via,ponto_controle,situacao_placa,velocidade_max_via,mao_direcao,divisao_via1,natureza,ano,mes,dia,dia_semana,hora_ocorrencia
2020-01-20,14:19:00,SEM VÍTIMA,FINALIZADA,ENCRUZILHADA,AV NORTE,AV JOAO DE BARROS,LADO OPOSTO AO BANCO SANTANDER,ENCRUZILHADA,SUBURBIO,COLISÃO TRASEIRA,ENTRE DOIS AUTOS S/V,1.0,1.0,0.0,0.0,0.0,0.0,1.0,0.0,0.0,0.0,0.0,Longo da via,Bom,Sem defeito,Perfeito estado,Seca,Perfeito estado,Agente,Não informado,60.0,Dupla,Canteiro central,Não informado,2020,1,20,0,14.0
2020-01-20,14:27:00,SEM VÍTIMA,FINALIZADA,BOA VISTA,AV MANOEL BORBA,RUA GERVASIO PIRES,EM FRENTE A CASA LUX ÓTICA,BOA VISTA,SUBURBIO,ABALROAMENTO LONGITUDINAL,ONIBUS X MOTO S/V,1.0,1.0,1.0,0.0,0.0,1.0,0.0,0.0,0.0,0.0,0.0,Cruzamento,Bom,Sem defeito,Perfeito estado,Seca,Perfeito estado,Faixa de pedestre,R-6a,60.0,Única,Faixa seccionada,Não informado,2020,1,20,0,14.0
2020-01-20,14:40:00,SEM VÍTIMA,FINALIZADA,SANTO AMARO,RUA TREZE DE MAIO,Não informado,LADO OPOSTO A OFICINA BOY CAR,SANTO AMARO,SUBURBIO,COLISÃO TRASEIRA,ENTRE DOIS AUTOS S/V,2.0,1.0,0.0,0.0,0.0,0.0,0.0,0.0,0.0,0.0,0.0,Longo da via,Bom,Sem defeito,Perfeito estado,Seca,Perfeito estado,Não informado,R-6a,60.0,Dupla,Faixa contínua,Não informado,2020,1,20,0,14.0
2020-01-20,15:42:00,SEM VÍTIMA,FINALIZADA,BOA VISTA,RUA DR LEOPOLDO LINS,Não informado,EM FRENTE AO Nº 237,BOA VISTA,SUBURBIO,COLISÃO TRASEIRA,AUTO PASSEIO X MOTO S/V,1.0,1.0,0.0,0.0,0.0,0.0,0.0,0.0,0.0,0.0,0.0,Longo da via,Bom,Sem defeito,Perfeito estado,Seca,Perfeito estado,Faixa de pedestre,R-6a,60.0,Única,Não existe,Não informado,2020,1,20,0,15.0
2020-01-20,16:15:00,COM VÍTIMA,FINALIZADA,DERBY,AV GOVERNADOR AGAMENON MAGALHAES,Não informado,NA FAIXA DE PEDESTRE DA PRAÇA DO DERBY SENTIDO BOA VIAGEM,DERBY,BOA VIAGEM,ATROPELAMENTO,ATROPELAMENTO ENTRE AUTO E PEDESTRE,1.0,1.0,0.0,0.0,1.0,0.0,0.0,0.0,0.0,1.0,0.0,Cruzamento,Bom,Sem defeito,Perfeito estado,Seca,Perfeito estado,Faixa de pedestre,Não informado,60.0,Única,Faixa seccionada,Não informado,2020,1,20,0,16.0
2020-01-20,16:20:00,SEM VÍTIMA,FINALIZADA,DERBY,PRC DO DERBY,Não informado,APÓS O SEMÁFORO 040,DERBY,CIDADE,COLISÃO TRASEIRA,COLISÃO SEM VÍTIMA,2.0,1.0,0.0,0.0,0.0,0.0,0.0,0.0,0.0,0.0,0.0,Longo da via,Bom,Sem defeito,Perfeito estado,Seca,Perfeito estado,Não existe,Não informado,50.0,Dupla,Canteiro central,Não informado,2020,1,20,0,16.0
2020-01-20,16:34:00,SEM VÍTIMA,FINALIZADA,BOA VIAGEM,RUA ANTONIO VICENTE,Não informado,Não informado,BOA VIAGEM,SUBURBIO,ABALROAMENTO LONGITUDINAL,COLISÃO SEM VÍTIMA,2.0,1.0,0.0,0.0,0.0,0.0,0.0,0.0,0.0,0.0,0.0,Longo da via,Bom,Não existe,Perfeito estado,Seca,Perfeito estado,Não existe,Placas Pare,60.0,Dupla,Faixa seccionada,Não informado,2020,1,20,0,16.0
2020-01-20,16:56:00,SEM VÍTIMA,FINALIZADA,CURADO,RUA MINISTRO MARIO ANDREAZZA,AV PREFEITO ANTONIO PEREIRA,POSTE B 067125,CURADO,Não informado,ABALROAMENTO TRANSVERSAL,ENTRE ONIBUS X AUTO PASSEIO,1.0,1.0,0.0,0.0,0.0,1.0,0.0,0.0,0.0,0.0,0.0,Longo da via,Bom,Não existe,Não existente,Seca,Mal conservada,Não existe,Não há placas,60.0,Dupla,Não existe,Não informado,2020,1,20,0,16.0
2020-01-20,16:57:00,SEM VÍTIMA,FINALIZADA,VÁRZEA,AV AFONSO OLINDENSE,Não informado,PADARIA CAXANGÁ,VÁRZEA,SUBURBIO,COLISÃO TRASEIRA,COLISAO SEM VITIMAS,1.0,1.0,0.0,0.0,0.0,0.0,0.0,0.0,0.0,0.0,0.0,Longo da via,Bom,Sem defeito,Perfeito estado,Seca,Perfeito estado,Não informado,Não informado,60.0,Não informado,Não informado,Não informado,2020,1,20,0,16.0
2020-01-20,17:05:00,SEM VÍTIMA,FINALIZADA,MANGABEIRA,AV NORTE,Não informado,EM FRENTE AO SEMÁFORO Nº 096,MANGABEIRA,SUBURBIO,COLISÃO TRASEIRA,COLISAO SEM VITIMAS,2.0,1.0,0.0,0.0,0.0,0.0,0.0,0.0,0.0,0.0,0.0,Longo da via,Bom,Sem defeito,Perfeito estado,Seca,Perfeito estado,Faixa de pedestre,Outras,60.0,Dupla,Canteiro central,Não informado,2020,1,20,0,17.0
2020-01-20,17:34:00,SEM VÍTIMA,FINALIZADA,BOA VIAGEM,RUA MARQUES DE VALENCA,Não informado,Não informado,BOA VIAGEM,Não informado,ABALROAMENTO TRANSVERSAL,ENTRE DOIS AUTOS S/V,2.0,1.0,0.0,0.0,0.0,0.0,0.0,0.0,0.0,0.0,0.0,Cruzamento,Bom,Não existe,Perfeito estado,Seca,Perfeito estado,Faixa de retenção,R-6a,60.0,Dupla,Faixa seccionada,Não informado,2020,1,20,0,17.0
2020-01-20,17:49:00,SEM VÍTIMA,FINALIZADA,SANTO ANTÔNIO,PRC DA REPUBLICA,RUA IMPERADOR PEDRO SEGUNDO,AO LADO DA SECRETARIA DA FAZENDA,SANTO ANTÔNIO,CIDADE,ABALROAMENTO LONGITUDINAL,COLISAO SEM VITIMAS,1.0,1.0,0.0,0.0,0.0,1.0,0.0,0.0,0.0,0.0,0.0,Longo da via,Bom,Sem defeito,Perfeito estado,Seca,Perfeito estado,Faixa de pedestre,R-6a,30.0,Única,Faixa contínua,Não informado,2020,1,20,0,17.0
2020-01-20,18:34:00,COM VÍTIMA,FINALIZADA,IMBIRIBEIRA,AV PINHEIROS,Não informado,PROX AO POSTO IPIRANGA/ PROX A GRILO FLORES,IMBIRIBEIRA,SUBURBIO,COLISÃO FRONTAL,ENTRE AUTO PASSEIO X MOTO COM VITIMA,1.0,1.0,0.0,0.0,0.0,0.0,0.0,0.0,0.0,1.0,0.0,Longo da via,Bom,Não existe,Perfeito estado,Seca,Perfeito estado,Não existe,Não há placas,60.0,Dupla,Não existe,Não informado,2020,1,20,0,18.0
2020-01-20,18:39:00,SEM VÍTIMA,FINALIZADA,DOIS UNIDOS,AV HILDEBRANDO DE VASCONCELOS,Não informado,EM FRENTE A ESCOLA DR FRANCISCO DE QUEIROZ,DOIS UNIDOS,SUBURBIO,ABALROAMENTO LONGITUDINAL,SIENA X PALIO OBS: OS DOPIS VEICULOS ESTA COM EIXO QUEBRADOS,2.0,1.0,0.0,0.0,0.0,0.0,0.0,0.0,0.0,0.0,0.0,Longo da via,Bom,Não existe,Perfeito estado,Seca,Perfeito estado,Não existe,Não há placas,60.0,Dupla,Faixa seccionada,Não informado,2020,1,20,0,18.0
2020-01-20,19:21:00,SEM VÍTIMA,CANCELADA,TORRÕES,AV INACIO MONTEIRO,RUA DR MIGUEL VIEIRA FERREIRA,ENF A ESCOLA PASTOR MUNGUBA SOBRINHO,TORRÕES,Não informado,COLISÃO,FIAT TORO X ONIX,2.0,1.0,0.0,0.0,0.0,0.0,0.0,0.0,0.0,0.0,0.0,Não informado,Não informado,Não informado,Não informado,Não informado,Não informado,Não informado,Não informado,60.0,Não informado,Não informado,Não informado,2020,1,20,0,19.0
2020-01-20,19:31:00,SEM VÍTIMA,FINALIZADA,JOANA BEZERRA,VIADUTO CAPITAO TEMUDO,RUA DOM PAULO II,ANTES ALÇA ACESSO AFOGADOS,JOANA BEZERRA,SUBURBIO,ABALROAMENTO LONGITUDINAL,CAMINHAO X RENEGADE,1.0,1.0,0.0,0.0,0.0,0.0,1.0,0.0,0.0,0.0,0.0,Viaduto,Bom,Não existe,Perfeito estado,Seca,Perfeito estado,Não existe,Outras,60.0,Dupla,Não informado,Não informado,2020,1,20,0,19.0
2020-01-21,06:57:00,SEM VÍTIMA,FINALIZADA,JORDÃO,RUA BOANERGES PEREIRA,Não informado,GRÁFICA EDX,JORDÃO,CIDADE,ABALROAMENTO LONGITUDINAL,COLISÃO S/VITIMAS ENTRE UM CAMINHÃO E UM MICROONIBUS,1.0,1.0,0.0,0.0,0.0,1.0,0.0,0.0,0.0,0.0,0.0,Longo da via,Bom,Não existe,Perfeito estado,Seca,Perfeito estado,Não existe,Não há placas,30.0,Dupla,Não existe,Não informado,2020,1,21,1,6.0
2020-01-21,08:18:00,SEM VÍTIMA,FINALIZADA,IPSEP,RUA BLUMENAU,RUA IRAPUA,Não informado,IPSEP,SUBURBIO,ABALROAMENTO LONGITUDINAL,COLISÃO S/VITIMAS ENTEE DOIS AUTOS,2.0,1.0,0.0,0.0,0.0,0.0,0.0,0.0,0.0,0.0,0.0,Cruzamento,Bom,Sem defeito,Perfeito estado,Seca,Perfeito estado,Não existe,Não há placas,60.0,Única,Não existe,Não informado,2020,1,21,1,8.0
2020-01-21,08:18:00,SEM VÍTIMA,FINALIZADA,DERBY,AV GOVERNADOR AGAMENON MAGALHAES,Não informado,LADO OPOSTO AO HOSPITAL DA RESTAURAÇÃO,DERBY,Não informado,COLISÃO TRASEIRA,COLISAO S/ VITIMA. ONIBUS E VEICULO. GM: EVERTON SILVA E EVANDRO RAMOS- PONTO FIXO NO LOCAL,1.0,1.0,0.0,0.0,0.0,1.0,0.0,0.0,0.0,0.0,0.0,Longo da via,Bom,Sem defeito,Perfeito estado,Seca,Perfeito estado,Agente,Outras,60.0,Única,Faixa seccionada,Não informado,2020,1,21,1,8.0
2020-01-21,08:29:00,SEM VÍTIMA,CANCELADA,VÁRZEA,RUA BERNARDIM RIBEIRO,Não informado,PROX. AO POSTO DE SAUDE,VÁRZEA,Não informado,COLISÃO,DOIS AUTOS,2.0,1.0,0.0,0.0,0.0,0.0,0.0,0.0,0.0,0.0,0.0,Não informado,Não informado,Não informado,Não informado,Não informado,Não informado,Não informado,Não informado,60.0,Não informado,Não informado,Não informado,2020,1,21,1,8.0
2020-01-21,08:33:00,SEM VÍTIMA,FINALIZADA,CABANGA,RUA COMANDANTE ANTONIO MANHAES DE MATTOS,Não informado,EM FRENTE A COMPESA UNIDADE CABANGA,CABANGA,Não informado,COLISÃO TRASEIRA,COLISAO S/ VITIMA. DOIS VEICULOS,2.0,1.0,0.0,0.0,0.0,0.0,0.0,0.0,0.0,0.0,0.0,Longo da via,Bom,Não existe,Perfeito estado,Seca,Perfeito estado,Não existe,Não há placas,60.0,Única,Faixa seccionada,Não informado,2020,1,21,1,8.0
2020-01-21,08:39:00,COM VÍTIMA,FINALIZADA,CAMPO GRANDE,AV GOVERNADOR AGAMENON MAGALHAES,Não informado,E/F A ANTIGA FÁBRICA TACARUNA (SENT. CIDADADE),CAMPO GRANDE,CIDADE,ATROPELAMENTO,ATROPELAMENTO ENVOLVENDO 3 VITIMAS,1.0,1.0,0.0,0.0,3.0,0.0,0.0,0.0,0.0,3.0,0.0,Longo da via,Bom,Não existe,Não existente,Seca,Mal conservada,Não existe,Não há placas,60.0,Única,Não existe,Não informado,2020,1,21,1,8.0
2020-01-21,08:55:00,SEM VÍTIMA,FINALIZADA,CASA AMARELA,AV NORTE,RUA ARNOLDO MAGALHAES,Não informado,CASA AMARELA,CIDADE,ABALROAMENTO LONGITUDINAL,AUTO E CAMINHAO / VT 8 NO QTH,1.0,1.0,0.0,0.0,0.0,0.0,1.0,0.0,0.0,0.0,0.0,Não informado,Bom,Não existe,Perfeito estado,Seca,Perfeito estado,Não existe,Placas Pare,60.0,Dupla,Canteiro central,Não informado,2020,1,21,1,8.0
2020-01-21,09:36:00,SEM VÍTIMA,FINALIZADA,BAIRRO DO RECIFE,RUA MADRE DEUS,Não informado,EM FRENTE AO SHOPPING PAÇO ALFÂNDEGA,BAIRRO DO RECIFE,SUBURBIO,COLISÃO TRASEIRA,COLISÃO S/VITIMAS ENTRE UMA VAN E UM AUTO,1.0,1.0,0.0,0.0,0.0,1.0,0.0,0.0,0.0,0.0,0.0,Longo da via,Bom,Não existe,Perfeito estado,Seca,Perfeito estado,Faixa de pedestre,Placas Dê a preferência,30.0,Única,Não existe,Não informado,2020,1,21,1,9.0
2020-01-21,09:45:00,COM VÍTIMA,FINALIZADA,IPSEP,RUA ITACARI,RUA CACHOEIRA,VAGNER JOSE GAS NATURAL,IPSEP,SUBURBIO,ABALROAMENTO TRANSVERSAL,COLISAO COM VITIMA. ENTRE VEICULO E MOTO,1.0,1.0,0.0,0.0,0.0,0.0,0.0,0.0,0.0,1.0,0.0,Cruzamento,Bom,Não existe,Incompleta,Seca,Perfeito estado,Não existe,Não há placas,30.0,Única,Faixa seccionada,Não informado,2020,1,21,1,9.0
2020-01-21,10:04:00,SEM VÍTIMA,FINALIZADA,GRAÇAS,RUA AMELIA,Não informado,GRAÇAS CENTER,GRAÇAS,CIDADE,COLISÃO TRASEIRA,COLISÃO S/VITIMAS ENTRE DOIS AUTOS,2.0,1.0,0.0,0.0,0.0,0.0,0.0,0.0,0.0,0.0,0.0,Longo da via,Bom,Sem defeito,Perfeito estado,Seca,Perfeito estado,Faixa de pedestre,R-6a,40.0,Única,Faixa contínua,Não informado,2020,1,21,1,10.0
2020-01-21,10:24:00,SEM VÍTIMA,FINALIZADA,BOA VIAGEM,AV CONSELHEIRO AGUIAR,Não informado,EM FRENTE AO EMPRESARIAL ITALO BRASIL RENDA,BOA VIAGEM,CIDADE,ABALROAMENTO LONGITUDINAL,AUTO E CAMINHÃO,1.0,1.0,0.0,0.0,0.0,0.0,1.0,0.0,0.0,0.0,0.0,Longo da via,Bom,Não existe,Perfeito estado,Seca,Perfeito estado,Não existe,Não há placas,60.0,Única,Faixa seccionada,Não informado,2020,1,21,1,10.0
2020-01-21,12:20:00,SEM VÍTIMA,FINALIZADA,BOA VIAGEM,AV HERCULANO BANDEIRA,Não informado,EM FRENTE A JBS,BOA VIAGEM,SUBURBIO,COLISÃO TRASEIRA,ENTRE TRÊS AUTOS S/V,3.0,1.0,0.0,0.0,0.0,0.0,0.0,0.0,0.0,0.0,0.0,Longo da via,Bom,Sem defeito,Perfeito estado,Seca,Perfeito estado,Agente,Não há placas,60.0,Única,Faixa seccionada,Não informado,2020,1,21,1,12.0
2020-01-21,12:36:00,SEM VÍTIMA,FINALIZADA,ÁGUA FRIA,AV BEBERIBE,Não informado,EM FRENTE A LOJA MI,ÁGUA FRIA,Não informado,ABALROAMENTO LONGITUDINAL,COLISÃO SEM VÍTIMA,1.0,1.0,0.0,0.0,0.0,0.0,1.0,0.0,0.0,0.0,0.0,Longo da via,Bom,Sem defeito,Perfeito estado,Seca,Perfeito estado,Não existe,Não informado,60.0,Única,Não existe,Não informado,2020,1,21,1,12.0
2020-01-21,12:56:00,SEM VÍTIMA,FINALIZADA,ARRUDA,RUA DAS MOCAS,RUA ZEFERINO AGRA,CACULE COMEDORIA,ARRUDA,SUBURBIO,ABALROAMENTO TRANSVERSAL,ENTRE DOIS AUTOS S/V,2.0,1.0,0.0,0.0,0.0,0.0,0.0,0.0,0.0,0.0,0.0,Cruzamento,Bom,Não existe,Perfeito estado,Seca,Perfeito estado,Faixa de pedestre,Placas Pare,30.0,Dupla,Faixa seccionada,Não informado,2020,1,21,1,12.0
2020-01-21,13:33:00,SEM VÍTIMA,FINALIZADA,MADALENA,RUA RODOLFO RANGEL MOREIRA,Não informado,PRÓX. PONTO TÁXI,MADALENA,Não informado,COLISÃO TRASEIRA,COLISÃO SEM VITIMA,3.0,1.0,0.0,0.0,0.0,0.0,0.0,0.0,0.0,0.0,0.0,Longo da via,Bom,Não existe,Não existente,Seca,Não informado,Não existe,Outras,60.0,Única,Não existe,Não informado,2020,1,21,1,13.0
2020-01-21,13:40:00,SEM VÍTIMA,FINALIZADA,BOA VIAGEM,RUA PROFESSOR ARNALDO CARNEIRO LEAO,RUA PADRE CARAPUCEIRO,Não informado,BOA VIAGEM,SUBURBIO,ABALROAMENTO LONGITUDINAL,COLISÃO SEM VITIMA,1.0,1.0,0.0,0.0,0.0,0.0,0.0,0.0,0.0,0.0,0.0,Cruzamento,Bom,Sem defeito,Perfeito estado,Seca,Perfeito estado,Faixa de pedestre,R-6a,60.0,Única,Faixa contínua,Não informado,2020,1,21,1,13.0
2020-01-21,14:11:00,SEM VÍTIMA,CANCELADA,IMBIRIBEIRA,AV MARECHAL MASCARENHAS DE MORAES,Não informado,EM FRENTE AO CENTER AÇO/ SENTIDO CIDADE,IMBIRIBEIRA,Não informado,COLISÃO,COLISÃO SEM VÍTIMA,2.0,1.0,0.0,0.0,0.0,0.0,0.0,0.0,0.0,0.0,0.0,Não informado,Não informado,Não informado,Não informado,Não informado,Não informado,Não informado,Não informado,60.0,Não informado,Não informado,Não informado,2020,1,21,1,14.0
2020-01-21,15:49:00,COM VÍTIMA,FINALIZADA,IPUTINGA,AV MAURICIO DE NASSAU,RUA PEREIRA COUTINHO FILHO,APOS O GOE/ PROX A LOMBADA ELETRONICO,IPUTINGA,SUBURBIO,ABALROAMENTO TRANSVERSAL,ENTRE AUTO PASSEIO X MOTO COM VÍTIMA,1.0,1.0,0.0,0.0,0.0,0.0,0.0,0.0,0.0,1.0,0.0,Cruzamento,Bom,Não existe,Incompleta,Seca,Perfeito estado,Não existe,Não há placas,60.0,Dupla,Faixa contínua,Não informado,2020,1,21,1,15.0
2020-01-21,15:59:00,SEM VÍTIMA,FINALIZADA,BOA VISTA,RUA DOM BOSCO,AV GOVERNADOR CARLOS DE LIMA CAVALCANTI,POSTO BR,BOA VISTA,SUBURBIO,ABALROAMENTO LONGITUDINAL,ENTRE DUAS MOTOS COM VITIMA,1.0,2.0,0.0,0.0,0.0,0.0,0.0,0.0,0.0,0.0,0.0,Longo da via,Bom,Sem defeito,Perfeito estado,Seca,Perfeito estado,Faixa de pedestre,Não há placas,60.0,Única,Não informado,Não informado,2020,1,21,1,15.0
2020-01-21,16:02:00,COM VÍTIMA,FINALIZADA,ILHA JOANA BEZERRA,VDO PAPA JOAO PAULO II,Não informado,EM FRENTE AO FORUM JOANA BEZERRA,ILHA JOANA BEZERRA,CIDADE,ABALROAMENTO LONGITUDINAL,COLISAO ENTRE AUTO E MOTO COM VITIMA,1.0,1.0,0.0,0.0,0.0,0.0,0.0,0.0,0.0,1.0,0.0,Viaduto,Bom,Não existe,Perfeito estado,Seca,Perfeito estado,Não existe,Não há placas,60.0,Dupla,Faixa seccionada,Não informado,2020,1,21,1,16.0
2020-01-21,16:12:00,SEM VÍTIMA,FINALIZADA,BOA VISTA,RUA AURORA,PTE PRINCESA IZABEL,NA DESCIDA DA PONTE,BOA VISTA,Não informado,COLISÃO,COLISÃO SEM VITIMA,2.0,1.0,0.0,0.0,0.0,0.0,0.0,0.0,0.0,0.0,0.0,Não informado,Não informado,Não informado,Não informado,Não informado,Não informado,Não informado,Não informado,60.0,Não informado,Não informado,Não informado,2020,1,21,1,16.0
2020-01-21,16:16:00,SEM VÍTIMA,FINALIZADA,IMBIRIBEIRA,AV ANTONIO TORRES GALVAO,Não informado,Não informado,IMBIRIBEIRA,Não informado,COLISÃO TRASEIRA,TRES AUTOS S/V,3.0,1.0,0.0,0.0,0.0,0.0,0.0,0.0,0.0,0.0,0.0,Longo da via,Bom,Sem defeito,Perfeito estado,Seca,Perfeito estado,Faixa de pedestre,Não há placas,60.0,Única,Faixa contínua,Não informado,2020,1,21,1,16.0
2020-01-21,16:23:00,SEM VÍTIMA,FINALIZADA,IPUTINGA,EST DO BARBALHO,Não informado,BIG BOMPREÇO,IPUTINGA,Não informado,ABALROAMENTO LONGITUDINAL,COLISÃO SEM VITIMA,2.0,1.0,0.0,0.0,0.0,0.0,0.0,0.0,0.0,0.0,0.0,Longo da via,Bom,Sem defeito,Perfeito estado,Seca,Perfeito estado,Faixa de pedestre,Não há placas,60.0,Única,Não existe,Não informado,2020,1,21,1,16.0
2020-01-21,18:07:00,SEM VÍTIMA,FINALIZADA,BOA VIAGEM,AV BOA VIAGEM,Não informado,Não informado,BOA VIAGEM,CIDADE,ABALROAMENTO LONGITUDINAL,COLISAO SEM VITIMAS,2.0,1.0,0.0,0.0,0.0,0.0,0.0,0.0,0.0,0.0,0.0,Longo da via,Bom,Sem defeito,Perfeito estado,Seca,Perfeito estado,Não existe,Não há placas,60.0,Única,Faixa seccionada,Não informado,2020,1,21,1,18.0
2020-01-21,18:10:00,VÍTIMA FATAL,FINALIZADA,CAMPO GRANDE,AV CORREIA DE BRITO,AV PROFESSOR JOSE DOS ANJOS,PROX AO POSTO DE GASOLINA DISLUB,CAMPO GRANDE,Não informado,ABALROAMENTO TRANSVERSAL,COLISAO COM VITIMAS,1.0,1.0,0.0,0.0,0.0,0.0,1.0,0.0,0.0,1.0,1.0,Esquina,Bom,Sem defeito,Perfeito estado,Seca,Perfeito estado,Não informado,Outras,60.0,Dupla,Não existe,Não informado,2020,1,21,1,18.0
2020-01-21,18:59:00,SEM VÍTIMA,FINALIZADA,VÁRZEA,AV CAXANGA,Não informado,BRT CAPIBARIBE DE FRONTE AO POSTO SHELL,VÁRZEA,SUBURBIO,ABALROAMENTO LONGITUDINAL,COLISAO SEM VITMAS,1.0,1.0,0.0,0.0,0.0,0.0,1.0,0.0,0.0,0.0,0.0,Longo da via,Bom,Não existe,Perfeito estado,Seca,Perfeito estado,Não existe,Outras,60.0,Única,Canteiro central,Não informado,2020,1,21,1,18.0
2020-01-21,19:00:00,SEM VÍTIMA,FINALIZADA,AFOGADOS,RUA NICOLAU PEREIRA,RUA IMPERIAL,Não informado,AFOGADOS,SUBURBIO,ABALROAMENTO LONGITUDINAL,HYUNDAI CRETA X VOYAGE,2.0,1.0,0.0,0.0,0.0,0.0,0.0,0.0,0.0,0.0,0.0,Cruzamento,Bom,Sem defeito,Perfeito estado,Seca,Perfeito estado,Não existe,Não há placas,60.0,Única,Faixa seccionada,Não informado,2020,1,21,1,19.0
2020-01-21,19:19:00,SEM VÍTIMA,FINALIZADA,ENGENHO DO MEIO,RUA GOVERNADOR LOPO GARRO,RUA MANOEL CORTE REAL,Não informado,ENGENHO DO MEIO,CIDADE,ABALROAMENTO TRANSVERSAL,COLISAO SEM VITMAS,2.0,1.0,0.0,0.0,0.0,0.0,0.0,0.0,0.0,0.0,0.0,Cruzamento,Bom,Não existe,Incompleta,Seca,Perfeito estado,Não existe,Não há placas,60.0,Dupla,Não existe,Não informado,2020,1,21,1,19.0
2020-01-21,20:13:00,COM VÍTIMA,FINALIZADA,ENCRUZILHADA,AV NORTE,AV JOAO DE BARROS,ENF AO SANTANDER,ENCRUZILHADA,SUBURBIO,ABALROAMENTO TRANSVERSAL,VOYAGE X PCX MOTO,1.0,1.0,0.0,0.0,0.0,0.0,0.0,0.0,0.0,1.0,0.0,Cruzamento,Bom,Sem defeito,Perfeito estado,Seca,Perfeito estado,Agente,Não informado,40.0,Única,Não existe,Não informado,2020,1,21,1,20.0
2020-01-21,20:18:00,SEM VÍTIMA,FINALIZADA,TAMARINEIRA,RUA CONEGO BARATA,Não informado,Não informado,TAMARINEIRA,SUBURBIO,COLISÃO TRASEIRA,PRISMA X ONIX,2.0,1.0,0.0,0.0,0.0,0.0,0.0,0.0,0.0,0.0,0.0,Longo da via,Chuvoso,Não existe,Perfeito estado,Molhada,Perfeito estado,Não existe,Não há placas,60.0,Dupla,Canteiro central,Não informado,2020,1,21,1,20.0
2020-01-21,20:53:00,SEM VÍTIMA,FINALIZADA,BOA VIAGEM,RUA RIBEIRO DE BRITO,Não informado,EM FRENTE AO SEMÁFORO 496,BOA VIAGEM,CIDADE,ABALROAMENTO LONGITUDINAL,COLISAO SEM VITIMAS,1.0,1.0,0.0,0.0,0.0,0.0,0.0,0.0,0.0,0.0,0.0,Longo da via,Bom,Sem defeito,Perfeito estado,Seca,Perfeito estado,Não existe,Não há placas,60.0,Única,Faixa seccionada,Não informado,2020,1,21,1,20.0
2020-01-21,21:52:00,SEM VÍTIMA,FINALIZADA,SANTO AMARO,AV GOVERNADOR AGAMENON MAGALHAES,Não informado,FRENTE AO COLÉGIO AMERICANO BATISTA,SANTO AMARO,SUBURBIO,ABALROAMENTO LONGITUDINAL,COLISAO SEM VITIMAS,1.0,1.0,0.0,0.0,0.0,0.0,1.0,0.0,0.0,0.0,0.0,Longo da via,Bom,Sem defeito,Perfeito estado,Seca,Perfeito estado,Faixa de pedestre,Outras,60.0,Dupla,Canteiro central,Não informado,2020,1,21,1,21.0
2020-01-21,22:25:00,SEM VÍTIMA,FINALIZADA,IPSEP,AV RECIFE,Não informado,EM FRENTE AO SEMÁFORO 016,IPSEP,CIDADE,COLISÃO TRASEIRA,COLISAO SEM VITIMAS,3.0,1.0,0.0,0.0,0.0,0.0,0.0,0.0,0.0,0.0,0.0,Longo da via,Bom,Sem defeito,Perfeito estado,Seca,Perfeito estado,Não existe,Não há placas,60.0,Dupla,Faixa contínua,Não informado,2020,1,21,1,22.0
2020-01-22,07:39:00,SEM VÍTIMA,FINALIZADA,SANTO AMARO,AV GOVERNADOR AGAMENON MAGALHAES,Não informado,EM FRENTE A ECOESTAÇÃO AGAMENON,SANTO AMARO,Não informado,COLISÃO TRASEIRA,SEM VITIMAS,3.0,1.0,0.0,0.0,0.0,0.0,0.0,0.0,0.0,0.0,0.0,Longo da via,Bom,Não existe,Perfeito estado,Molhada,Perfeito estado,Não existe,Não há placas,60.0,Dupla,Faixa seccionada,Não informado,2020,1,22,2,7.0
2020-01-22,07:58:00,SEM VÍTIMA,FINALIZADA,IMBIRIBEIRA,AV MARECHAL MASCARENHAS DE MORAES,Não informado,CHEVROLET TAMBAI,IMBIRIBEIRA,CIDADE,COLISÃO TRASEIRA,ENGAVETAMENTO ENTRE QUATRO VEICULOS. SEM VITIMA,4.0,1.0,0.0,0.0,0.0,0.0,0.0,0.0,0.0,0.0,0.0,Longo da via,Chuvoso,Sem defeito,Perfeito estado,Molhada,Perfeito estado,Faixa de pedestre,Não há placas,60.0,Única,Faixa seccionada,Não informado,2020,1,22,2,7.0
2020-01-22,08:02:00,SEM VÍTIMA,FINALIZADA,SANTO AMARO,AV NORTE,Não informado,SOBRE A PONTE DO LIMOEIRO,SANTO AMARO,CIDADE,COLISÃO TRASEIRA,COLISÃO S/VITIMAS ENTRE DOIS AUTOS,2.0,1.0,0.0,0.0,0.0,0.0,0.0,0.0,0.0,0.0,0.0,Ponte,Chuvoso,Não existe,Perfeito estado,Molhada,Perfeito estado,Não existe,Não há placas,60.0,Dupla,Faixa contínua,Não informado,2020,1,22,2,8.0
2020-01-22,08:20:00,SEM VÍTIMA,FINALIZADA,SANTO AMARO,RUA DOS PALMARES,Não informado,EM FRENTE AO RM EXPRESS,SANTO AMARO,CIDADE,ABALROAMENTO LONGITUDINAL,COLISÃO S/VITIMAS ENTRE VEICULO E CAMINHAO,1.0,1.0,0.0,0.0,0.0,0.0,1.0,0.0,0.0,0.0,0.0,Longo da via,Chuvoso,Não existe,Perfeito estado,Molhada,Perfeito estado,Não existe,Outras,60.0,Dupla,Faixa seccionada,Não informado,2020,1,22,2,8.0