data,hora,natureza_acidente,situacao,bairro,endereco,detalhe_endereco_acidente,complemento,bairro_cruzamento,sentido_via,tipo,descricao,auto,moto,ciclom,ciclista,pedestre,onibus,caminhao,viatura,outros,vitimas,vitimasfatais,acidente_verificado,tempo_clima,situacao_semaforo,sinalizacao,condicao_via,conservacao_via,ponto_controle,situacao_placa,velocidade_max_via,mao_direcao,divisao_via1,natureza,ano,mes,dia,dia_semana,hora_ocorrencia
2020-01-22,08:31:00,SEM VÍTIMA,FINALIZADA,SAN MARTIN,AV GENERAL SAN MARTIN,Não informado,Não informado,SAN MARTIN,SUBURBIO,COLISÃO TRASEIRA,COLISAO S/ VITIMA. ENTRE DOIS VEICULOS,2.0,1.0,0.0,0.0,0.0,0.0,0.0,0.0,0.0,0.0,0.0,Longo da via,Bom,Não existe,Perfeito estado,Seca,Perfeito estado,Não existe,Outras,60.0,Dupla,Faixa contínua,Não informado,2020,1,22,2,8.0
2020-01-22,08:56:00,SEM VÍTIMA,FINALIZADA,AFOGADOS,RUA VINTE E UM DE ABRIL,Não informado,PRÓXIMO AO RESTAURANTE ARRETADO DE BOM,AFOGADOS,SUBURBIO,ABALROAMENTO LONGITUDINAL,COLISAO S/ VITIMA. ENTRE DOIS VEICULOS,2.0,1.0,0.0,0.0,0.0,0.0,0.0,0.0,0.0,0.0,0.0,Longo da via,Bom,Não existe,Perfeito estado,Seca,Perfeito estado,Não informado,Outras,60.0,Dupla,Faixa seccionada,Não informado,2020,1,22,2,8.0
2020-01-22,09:19:00,COM VÍTIMA,CANCELADA,ILHA DO RETIRO,RUA SPORT CLUBE DO RECIFE,Não informado,EM FRENTE A LOJA DO SPORT,ILHA DO RETIRO,SUBURBIO,COLISÃO,COM UMA VITIMA AGUARDANDO SAMU,1.0,1.0,0.0,0.0,0.0,0.0,0.0,0.0,0.0,1.0,0.0,Não informado,Não informado,Não informado,Não informado,Não informado,Não informado,Não informado,Não informado,60.0,Não informado,Não informado,Não informado,2020,1,22,2,9.0
2020-01-22,09:20:00,SEM VÍTIMA,FINALIZADA,SANTO ANTÔNIO,RUA DO SOL,AV GUARARAPES,Não informado,SANTO ANTÔNIO,Não informado,ABALROAMENTO LONGITUDINAL,COLISÃO S/VITIMAS ENTRE DOIS AUTOS (IDEMILSON E DIOLAI NO QTH),2.0,1.0,0.0,0.0,0.0,0.0,0.0,0.0,0.0,0.0,0.0,Cruzamento,Bom,Sem defeito,Perfeito estado,Seca,Perfeito estado,Faixa de pedestre,Não há placas,60.0,Única,Faixa seccionada,Não informado,2020,1,22,2,9.0
2020-01-22,09:25:00,SEM VÍTIMA,CANCELADA,CORDEIRO,RUA ELIZEU CAVALCANTE,Não informado,RUA DO RETORNO /DA AV CAXANGA P/AV GENERAL SAM MARTIN,CORDEIRO,Não informado,COLISÃO,SEM VITIMAS,1.0,1.0,0.0,0.0,0.0,0.0,1.0,0.0,0.0,0.0,0.0,Não informado,Não informado,Não informado,Não informado,Não informado,Não informado,Não informado,Não informado,60.0,Não informado,Não informado,Não informado,2020,1,22,2,9.0
2020-01-22,09:41:00,SEM VÍTIMA,FINALIZADA,IMBIRIBEIRA,RUA ANTONIO CARDOSO DA FONTE,RUA BARAO HOMEM DE MELO,Não informado,IMBIRIBEIRA,Não informado,ABALROAMENTO LONGITUDINAL,SEM VITIMAS,1.0,1.0,0.0,0.0,0.0,0.0,1.0,0.0,0.0,0.0,0.0,Longo da via,Bom,Não existe,Não existente,Molhada,Mal conservada,Não existe,Não há placas,60.0,Dupla,Não existe,Não informado,2020,1,22,2,9.0
2020-01-22,09:52:00,COM VÍTIMA,FINALIZADA,AFOGADOS,RUA VINTE E UM DE ABRIL,Não informado,E/F AO RECANTO 21 SELF SERVICE,AFOGADOS,SUBURBIO,ABALROAMENTO LONGITUDINAL,COLISÃO C/VITIMAS ENTRE UMA MOT E UM AUTO (V.T 17 NO QTH),1.0,1.0,0.0,0.0,0.0,0.0,0.0,0.0,0.0,2.0,0.0,Longo da via,Bom,Não existe,Não existente,Seca,Perfeito estado,Não existe,Não há placas,60.0,Dupla,Não existe,Não informado,2020,1,22,2,9.0
2020-01-22,09:59:00,SEM VÍTIMA,CANCELADA,MADALENA,RUA BENFICA,Não informado,CLUBE INTERNACIONAL,MADALENA,Não informado,COLISÃO,COLISAO S/ VITIMA. ENTRE DOIS VEICULOS. GM: BRANDEIRA E VALDILENE. PONTO FIXO NO LOCAL,2.0,1.0,0.0,0.0,0.0,0.0,0.0,0.0,0.0,0.0,0.0,Não informado,Não informado,Não informado,Não informado,Não informado,Não informado,Não informado,Não informado,60.0,Não informado,Não informado,Não informado,2020,1,22,2,9.0
2020-01-22,10:06:00,SEM VÍTIMA,FINALIZADA,MACAXEIRA,AV NORTE,Não informado,Não informado,MACAXEIRA,SUBURBIO,COLISÃO TRASEIRA,SEM VITIMAS,2.0,1.0,0.0,0.0,0.0,0.0,0.0,0.0,0.0,0.0,0.0,Longo da via,Bom,Sem defeito,Perfeito estado,Seca,Perfeito estado,Faixa de pedestre,Não informado,60.0,Única,Faixa seccionada,Não informado,2020,1,22,2,10.0
2020-01-22,11:33:00,SEM VÍTIMA,FINALIZADA,IPUTINGA,AV CAXANGA,Não informado,E/F A SOPRANOR,IPUTINGA,CIDADE,COLISÃO,COLISÃO S/VITIMAS ENTRE DOIS AUTOS (ADRIANO ALMEIDA E JOSENILDO BELO NO QTH),2.0,1.0,0.0,0.0,0.0,0.0,0.0,0.0,0.0,0.0,0.0,Não informado,Não informado,Não informado,Não informado,Não informado,Não informado,Não informado,Não informado,60.0,Não informado,Não informado,Não informado,2020,1,22,2,11.0
2020-01-22,11:33:00,SEM VÍTIMA,FINALIZADA,BOA VISTA,AV GOVERNADOR AGAMENON MAGALHAES,RUA HENRIQUE DIAS,HOSPITAL MEMORIAL SÃO JOSÉ,BOA VISTA,Não informado,COLISÃO TRASEIRA,ONIBUS E AUTO PONTO FIXO GM´S JOAO VITOR E MAURICIO SANTOS,1.0,1.0,0.0,0.0,0.0,1.0,0.0,0.0,0.0,0.0,0.0,Longo da via,Bom,Sem defeito,Perfeito estado,Seca,Perfeito estado,Agente,Não informado,60.0,Dupla,Canal,Não informado,2020,1,22,2,11.0
2020-01-22,11:37:00,SEM VÍTIMA,FINALIZADA,GRAÇAS,RUA DOM BOSCO,AV GOVERNADOR AGAMENON MAGALHAES,SOB O SEMÁFORO 174,GRAÇAS,SUBURBIO,ABALROAMENTO LONGITUDINAL,COLISÃO S/VITIMAS ENTRE DOIS AUTOS (GOLF MIKE E SUP INS PAULINO NO QTH),2.0,1.0,0.0,0.0,0.0,0.0,0.0,0.0,0.0,0.0,0.0,Cruzamento,Bom,Sem defeito,Perfeito estado,Seca,Perfeito estado,Agente,Outras,60.0,Única,Não existe,Não informado,2020,1,22,2,11.0
2020-01-22,11:40:00,SEM VÍTIMA,FINALIZADA,BOA VIAGEM,RUA CORONEL SERGIO HENRIQUE CARDIM,Não informado,AO LADO DO RESTAURANTE CHICA PITANGA,BOA VIAGEM,SUBURBIO,CHOQUE VEÍCULO PARADO,AUTO E CAMINHÃO,1.0,1.0,0.0,0.0,0.0,0.0,1.0,0.0,0.0,0.0,0.0,Longo da via,Bom,Não existe,Não existente,Seca,Perfeito estado,Não existe,Não há placas,60.0,Única,Não existe,Não informado,2020,1,22,2,11.0
2020-01-22,12:17:00,SEM VÍTIMA,FINALIZADA,CASA FORTE,AV DEZESSETE DE AGOSTO,RUA SAMUEL FARIAS,ESQUINA DAS RUAS,CASA FORTE,Não informado,ABALROAMENTO LONGITUDINAL,COLISÃO SEM VÍTIMA,2.0,1.0,0.0,0.0,0.0,0.0,0.0,0.0,0.0,0.0,0.0,Não informado,Bom,Não existe,Perfeito estado,Seca,Perfeito estado,Não existe,Não informado,60.0,Dupla,Não informado,Não informado,2020,1,22,2,12.0
2020-01-22,12:47:00,SEM VÍTIMA,CANCELADA,CORDEIRO,AV CAXANGA,Não informado,E/F A SEMINOVOS LOCALIZA,CORDEIRO,Não informado,COLISÃO,COLISAO SEM VITIMAS,2.0,1.0,0.0,0.0,0.0,0.0,0.0,0.0,0.0,0.0,0.0,Não informado,Não informado,Não informado,Não informado,Não informado,Não informado,Não informado,Não informado,60.0,Não informado,Não informado,Não informado,2020,1,22,2,12.0
2020-01-22,13:13:00,SEM VÍTIMA,FINALIZADA,BOMBA DO HEMETÉRIO,RUA BOMBA DO HEMETERIO,Não informado,Não informado,BOMBA DO HEMETÉRIO,SUBURBIO,ABALROAMENTO LONGITUDINAL,COLISÃO SEM VITIMA,1.0,1.0,0.0,0.0,0.0,1.0,0.0,0.0,0.0,0.0,0.0,Longo da via,Bom,Não existe,Perfeito estado,Seca,Perfeito estado,Outros,Outras,60.0,Dupla,Faixa seccionada,Não informado,2020,1,22,2,13.0
2020-01-22,14:04:00,COM VÍTIMA,FINALIZADA,BOA VIAGEM,AV ENGENHEIRO DOMINGOS FERREIRA,RUA FAUSTINO PORTO,APOS A PARADA DO CARREFOUR. EXTRAFARMA,BOA VIAGEM,SUBURBIO,ABALROAMENTO TRANSVERSAL,COM VITIMA,1.0,1.0,0.0,0.0,0.0,1.0,0.0,0.0,0.0,2.0,0.0,Longo da via,Bom,Não existe,Perfeito estado,Seca,Perfeito estado,Não existe,R-6a,60.0,Única,Faixa seccionada,Não informado,2020,1,22,2,14.0
2020-01-22,14:11:00,SEM VÍTIMA,FINALIZADA,BOA VISTA,RUA DAS NINFAS,Não informado,EM FRENTE AO SEMÁFORO 083,BOA VISTA,SUBURBIO,ABALROAMENTO LONGITUDINAL,COLISÃO SEM VITIMA,2.0,1.0,0.0,0.0,0.0,0.0,0.0,0.0,0.0,0.0,0.0,Longo da via,Bom,Sem defeito,Perfeito estado,Seca,Perfeito estado,Faixa de pedestre,Outras,60.0,Dupla,Faixa contínua,Não informado,2020,1,22,2,14.0
2020-01-22,14:24:00,SEM VÍTIMA,FINALIZADA,BOA VISTA,RUA DO RIACHUELO,Não informado,EM FRENTE AO Nº 425,BOA VISTA,CIDADE,COLISÃO TRASEIRA,COLISAO SEM VITIMAS,4.0,1.0,0.0,0.0,0.0,0.0,0.0,0.0,0.0,0.0,0.0,Longo da via,Bom,Sem defeito,Perfeito estado,Seca,Perfeito estado,Faixa de pedestre,R-6a,60.0,Única,Não existe,Não informado,2020,1,22,2,14.0
2020-01-22,14:26:00,COM VÍTIMA,FINALIZADA,MADALENA,RUA MONSENHOR JULIO MARIA,Não informado,PROX. O TUNEL DA ABOLIÇÃO E A GALERIA CAMPOLINA CENTER,MADALENA,ABDIAS DE CARVALHO,ABALROAMENTO LONGITUDINAL,COLISÃO COM VITIMA,1.0,1.0,0.0,0.0,0.0,0.0,0.0,0.0,0.0,1.0,0.0,Longo da via,Bom,Não existe,Perfeito estado,Seca,Perfeito estado,Não informado,Não informado,60.0,Única,Não existe,Não informado,2020,1,22,2,14.0
2020-01-22,15:41:00,SEM VÍTIMA,CANCELADA,ÁGUA FRIA,AV BEBERIBE,RUA CORONEL URBANO RIBEIRO DE SENA,ESTAR NO CRUZAMENTO MESMO,ÁGUA FRIA,Não informado,COLISÃO,COLISAO SEM VITIMAS,1.0,1.0,0.0,0.0,0.0,1.0,0.0,0.0,0.0,0.0,0.0,Não informado,Não informado,Não informado,Não informado,Não informado,Não informado,Não informado,Não informado,60.0,Não informado,Não informado,Não informado,2020,1,22,2,15.0
2020-01-22,16:08:00,COM VÍTIMA,FINALIZADA,CABANGA,AV SATURNINO DE BRITO,Não informado,AO LADO DA COMPESA. NA SUBIDA DO VIADUTO DO PINA.,CABANGA,SUBURBIO,COLISÃO TRASEIRA,AUTO E MOTO COM VÍTIMA,1.0,1.0,0.0,0.0,0.0,0.0,0.0,0.0,0.0,1.0,0.0,Longo da via,Bom,Não existe,Perfeito estado,Seca,Perfeito estado,Não informado,Não há placas,30.0,Única,Faixa contínua,Não informado,2020,1,22,2,16.0
2020-01-22,16:22:00,SEM VÍTIMA,FINALIZADA,TEJIPIÓ,AV DR JOSE RUFINO,Não informado,POSTE DE ILUMINAÇÃO Nº H 033924,TEJIPIÓ,CIDADE,COLISÃO TRASEIRA,COLISAO SEM VITMAS,2.0,1.0,0.0,0.0,0.0,0.0,0.0,0.0,0.0,0.0,0.0,Longo da via,Bom,Não existe,Perfeito estado,Seca,Perfeito estado,Não existe,Outras,60.0,Dupla,Faixa contínua,Não informado,2020,1,22,2,16.0
2020-01-22,16:36:00,SEM VÍTIMA,FINALIZADA,VÁRZEA,PRC PINTO DAMASO,Não informado,LADO OPOSTO AO Nº 2005,VÁRZEA,SUBURBIO,ABALROAMENTO TRANSVERSAL,COLISÃO SEM VÍTIMA,2.0,1.0,0.0,0.0,0.0,0.0,0.0,0.0,0.0,0.0,0.0,Longo da via,Bom,Não existe,Não existente,Seca,Mal conservada,Não existe,Não há placas,60.0,Única,Não existe,Não informado,2020,1,22,2,16.0
2020-01-22,16:44:00,COM VÍTIMA,FINALIZADA,SÃO JOSÉ,PRC DAS CINCO PONTAS,Não informado,SUBIDA DO VIADUTO CINCO PONTAS,SÃO JOSÉ,SUBURBIO,CHOQUE OBJETO FIXO,Não informado,1.0,1.0,0.0,0.0,0.0,0.0,0.0,0.0,0.0,1.0,0.0,Longo da via,Bom,Não existe,Perfeito estado,Seca,Perfeito estado,Não existe,R-4b,60.0,Dupla,Canteiro central,Não informado,2020,1,22,2,16.0
2020-01-22,18:02:00,SEM VÍTIMA,FINALIZADA,BOA VIAGEM,RUA BARAO DE SOUZA LEAO,Não informado,IMPERIO DOS PAES,BOA VIAGEM,SUBURBIO,ABALROAMENTO LONGITUDINAL,GOL X MOTO,1.0,1.0,0.0,0.0,0.0,0.0,0.0,0.0,0.0,0.0,0.0,Longo da via,Bom,Não existe,Perfeito estado,Seca,Perfeito estado,Não existe,Não há placas,30.0,Única,Faixa seccionada,Não informado,2020,1,22,2,18.0
2020-01-22,18:20:00,SEM VÍTIMA,FINALIZADA,IMBIRIBEIRA,RUA ITAJAI,RUA ITACARE,PRÓX A FERREIRA COSTA E ESPAÇO ABERTO,IMBIRIBEIRA,Não informado,CHOQUE OBJETO FIXO,CAMINHÃO SE CHOCOU CONTRA O POSTE- CAUSANDO A QUEDA DO MESMO. O POSTE ESTA OCUPANDO A VIA INTEIRA E O VEÍCULO SE EVADIU DO LOCAL.,1.0,1.0,0.0,0.0,0.0,0.0,1.0,0.0,0.0,0.0,0.0,Não informado,Não informado,Não informado,Não informado,Não informado,Não informado,Não informado,Não informado,60.0,Não informado,Não informado,Não informado,2020,1,22,2,18.0
2020-01-22,19:12:00,SEM VÍTIMA,FINALIZADA,BOA VISTA,RUA GERVASIO PIRES,Não informado,AO LADO DO HOSPITAL DO EXÉRCITO - HGE,BOA VISTA,Não informado,ABALROAMENTO LONGITUDINAL,HB 20 X COBALT,2.0,1.0,0.0,0.0,0.0,0.0,0.0,0.0,0.0,0.0,0.0,Longo da via,Bom,Sem defeito,Perfeito estado,Seca,Perfeito estado,Faixa de pedestre,Não há placas,60.0,Única,Não existe,Não informado,2020,1,22,2,19.0
2020-01-22,19:52:00,SEM VÍTIMA,FINALIZADA,BOA VISTA,RUA JOSE DE ALENCAR,RUA BARAO DE SAO BORJA,Não informado,BOA VISTA,Não informado,ABALROAMENTO TRANSVERSAL,ENTRE 2 AUTOS. S/V,2.0,1.0,0.0,0.0,0.0,0.0,0.0,0.0,0.0,0.0,0.0,Cruzamento,Bom,Não existe,Perfeito estado,Seca,Perfeito estado,Não existe,Placas Pare,30.0,Única,Não existe,Não informado,2020,1,22,2,19.0
2020-01-22,20:22:00,SEM VÍTIMA,FINALIZADA,CAÇOTE,RUA GUARACI,RUA AURORA CACOTE,Não informado,CAÇOTE,SUBURBIO,CHOQUE VEÍCULO PARADO,CAMINHÃO ACABOU SE CHOCANDO CONTRA O VEÍCULO ESTACIONAD. S/V,1.0,1.0,0.0,0.0,0.0,0.0,1.0,0.0,0.0,0.0,0.0,Longo da via,Bom,Não existe,Não existente,Seca,Perfeito estado,Não existe,Não há placas,60.0,Dupla,Não existe,Não informado,2020,1,22,2,20.0
2020-01-23,00:43:00,SEM VÍTIMA,FINALIZADA,SÃO JOSÉ,RUA IMPERIAL,Não informado,E/F AO HOTEL CRISTAL,SÃO JOSÉ,SUBURBIO,CHOQUE OBJETO FIXO,VEÍCULO CHOCOU-SE CONTRA O POSTE- DEIXANDO O MESMO FRÁGIL- COM RISCO DE QUEDA.,1.0,1.0,0.0,0.0,0.0,0.0,0.0,0.0,0.0,0.0,0.0,Longo da via,Bom,Não existe,Perfeito estado,Seca,Perfeito estado,Não existe,Não há placas,60.0,Única,Faixa seccionada,Não informado,2020,1,23,3,0.0
2020-01-23,01:00:00,SEM VÍTIMA,FINALIZADA,BOA VIAGEM,RUA DEZ DE JULHO,RUA CAMBOIM,Não informado,BOA VIAGEM,Não informado,ABALROAMENTO TRANSVERSAL,COLISÃO ENTRE AUTO E VAN- S/V,1.0,1.0,0.0,0.0,0.0,1.0,0.0,0.0,0.0,0.0,0.0,Cruzamento,Bom,Não existe,Perfeito estado,Seca,Perfeito estado,Não existe,Placas Pare,60.0,Única,Faixa seccionada,Não informado,2020,1,23,3,1.0
2020-01-23,07:32:00,SEM VÍTIMA,CANCELADA,MACAXEIRA,RUA ESTER,Não informado,APOS A AGUA MINERAL BURITI A PRIMEIRA RUA A DIREITA,MACAXEIRA,Não informado,COLISÃO,DOIS AUTOS,2.0,1.0,0.0,0.0,0.0,0.0,0.0,0.0,0.0,0.0,0.0,Não informado,Não informado,Não informado,Não informado,Não informado,Não informado,Não informado,Não informado,60.0,Não informado,Não informado,Não informado,2020,1,23,3,7.0
2020-01-23,07:34:00,COM VÍTIMA,FINALIZADA,BOA VISTA,RUA AURORA,RUA PRINCESA IZABEL,Não informado,BOA VISTA,CIDADE,TOMBAMENTO,MOTO PCF2822 - ÓLEO NA VIA E O CONDUTOR CAIU DEVIDO AO ÓLEO,1.0,1.0,0.0,0.0,0.0,0.0,0.0,0.0,0.0,1.0,0.0,Cruzamento,Bom,Sem defeito,Perfeito estado,Oleosa,Perfeito estado,Não informado,Não há placas,40.0,Única,Faixa contínua,Não informado,2020,1,23,3,7.0
2020-01-23,09:35:00,SEM VÍTIMA,FINALIZADA,ILHA JOANA BEZERRA,Não informado,Não informado,AO LADO DO FORUM DA JOANA BEZERRA,ILHA JOANA BEZERRA,SUBURBIO,COLISÃO TRASEIRA,DOIS AUTOS,2.0,1.0,0.0,0.0,0.0,0.0,0.0,0.0,0.0,0.0,0.0,Longo da via,Bom,Sem defeito,Perfeito estado,Seca,Perfeito estado,Faixa de pedestre,R-6c,60.0,Dupla,Canteiro central,Não informado,2020,1,23,3,9.0
2020-01-23,10:19:00,SEM VÍTIMA,FINALIZADA,PRADO,EST DOS REMEDIOS,Não informado,AO LADO DO BOB'S,PRADO,Não informado,COLISÃO TRASEIRA,Não informado,2.0,1.0,0.0,0.0,0.0,0.0,0.0,0.0,0.0,0.0,0.0,Longo da via,Bom,Não existe,Perfeito estado,Seca,Perfeito estado,Não existe,R-6a,60.0,Única,Faixa contínua,Não informado,2020,1,23,3,10.0
2020-01-23,10:35:00,SEM VÍTIMA,FINALIZADA,BAIRRO DO RECIFE,CAIS DO APOLO,Não informado,EM FRENTE A PREFEITURA DO RECIFE,BAIRRO DO RECIFE,CIDADE,COLISÃO TRASEIRA,DOIS AUTOS,2.0,1.0,0.0,0.0,0.0,0.0,0.0,0.0,0.0,0.0,0.0,Longo da via,Bom,Sem defeito,Perfeito estado,Seca,Perfeito estado,Agente,Outras,60.0,Dupla,Faixa contínua,Não informado,2020,1,23,3,10.0
2020-01-23,11:03:00,SEM VÍTIMA,FINALIZADA,SANTO AMARO,AV GOVERNADOR AGAMENON MAGALHAES,Não informado,PRÓXIMO AO POSTO DE COMBUSTÍVEL DISLUB,SANTO AMARO,Não informado,ABALROAMENTO LONGITUDINAL,SEM VITIMAS,1.0,1.0,0.0,0.0,0.0,1.0,0.0,0.0,0.0,0.0,0.0,Cruzamento,Bom,Sem defeito,Perfeito estado,Seca,Perfeito estado,Não existe,Não informado,60.0,Dupla,Canteiro central,Não informado,2020,1,23,3,11.0
2020-01-23,11:15:00,SEM VÍTIMA,CANCELADA,ILHA DO RETIRO,AV ENGENHEIRO ABDIAS DE CARVALHO,Não informado,PROX. AO SPORT- SENT. BR,ILHA DO RETIRO,Não informado,COLISÃO,DOIS AUTOS,2.0,1.0,0.0,0.0,0.0,0.0,0.0,0.0,0.0,0.0,0.0,Não informado,Não informado,Não informado,Não informado,Não informado,Não informado,Não informado,Não informado,60.0,Não informado,Não informado,Não informado,2020,1,23,3,11.0
2020-01-23,11:25:00,COM VÍTIMA,FINALIZADA,CAXANGÁ,AV CAXANGA,Não informado,EM FRENTE AO SUPERMERCADO STYLLO- SENT. CIDADE. IGREJA DE SÃO SEBASTIÃO,CAXANGÁ,CIDADE,COLISÃO,DUAS MOTOS E AUTO GM JOSENILSON FARIAS PONTO FIXO,1.0,2.0,0.0,0.0,0.0,0.0,0.0,0.0,0.0,2.0,0.0,Longo da via,Bom,Não informado,Perfeito estado,Seca,Perfeito estado,Não informado,Não informado,60.0,Não informado,Não informado,Não informado,2020,1,23,3,11.0
2020-01-23,11:33:00,SEM VÍTIMA,FINALIZADA,Não informado,RUA GASTAO VIDIGAL,Não informado,EM FRENTE AO Nº 679,Não informado,SUBURBIO,COLISÃO TRASEIRA,DOIS AUTOS,2.0,1.0,0.0,0.0,0.0,0.0,0.0,0.0,0.0,0.0,0.0,Longo da via,Bom,Não existe,Perfeito estado,Seca,Perfeito estado,Não existe,Não há placas,60.0,Dupla,Faixa contínua,Não informado,2020,1,23,3,11.0
2020-01-23,12:31:00,COM VÍTIMA,FINALIZADA,PINA,AVENIDA CELSO FURTADO (VIA MANGUE),Não informado,PRAÇA MARCANTONIO VILLAÇA,PINA,CIDADE,COLISÃO TRASEIRA,COLISAO COM VITIMAS,1.0,1.0,0.0,0.0,0.0,0.0,0.0,0.0,0.0,1.0,0.0,Longo da via,Bom,Não existe,Perfeito estado,Seca,Perfeito estado,Não existe,R-19,60.0,Dupla,Canteiro central,Não informado,2020,1,23,3,12.0
2020-01-23,12:59:00,SEM VÍTIMA,CANCELADA,ENCRUZILHADA,AV JOAO DE BARROS,AV NORTE,NO SEMÁFORO 043,ENCRUZILHADA,Não informado,COLISÃO,COLISÃO SEM VÍTIMA,2.0,1.0,0.0,0.0,0.0,0.0,0.0,0.0,0.0,0.0,0.0,Não informado,Não informado,Não informado,Não informado,Não informado,Não informado,Não informado,Não informado,60.0,Não informado,Não informado,Não informado,2020,1,23,3,12.0
2020-01-23,13:21:00,SEM VÍTIMA,FINALIZADA,TORRE,RUA ANTONIO DE PADUA M FERNANDES,Não informado,Não informado,TORRE,Não informado,CHOQUE VEÍCULO PARADO,COLISAO SEM VITIMAS,1.0,1.0,0.0,0.0,0.0,0.0,1.0,0.0,0.0,0.0,0.0,Longo da via,Bom,Não existe,Não existente,Seca,Perfeito estado,Não existe,Não há placas,60.0,Dupla,Não existe,Não informado,2020,1,23,3,13.0
2020-01-23,14:11:00,SEM VÍTIMA,CANCELADA,MACAXEIRA,AV NORTE,Não informado,EM FRENTE AO PARQUE DA MACAXEIRA,MACAXEIRA,SUBURBIO,COLISÃO,COLISÃO SEM VÍTIMA,1.0,1.0,0.0,0.0,0.0,0.0,1.0,0.0,0.0,0.0,0.0,Não informado,Não informado,Não informado,Não informado,Não informado,Não informado,Não informado,Não informado,60.0,Não informado,Não informado,Não informado,2020,1,23,3,14.0
2020-01-23,14:11:00,COM VÍTIMA,FINALIZADA,JORDÃO,AV DONA CARENTINA,RUA BOANERGES PEREIRA,NA PRAÇA DO JORDÃO,JORDÃO,SUBURBIO,COLISÃO TRASEIRA,COLISÃO COM VITIMA,1.0,2.0,0.0,0.0,0.0,0.0,0.0,0.0,0.0,2.0,0.0,Longo da via,Bom,Sem defeito,Perfeito estado,Seca,Perfeito estado,Faixa de pedestre,Não há placas,60.0,Dupla,Não existe,Não informado,2020,1,23,3,14.0
2020-01-23,14:49:00,SEM VÍTIMA,FINALIZADA,ILHA DO RETIRO,RUA SPORT CLUBE DO RECIFE,Não informado,EM FRENTE AO SPORT CLUB DO RECIFE,ILHA DO RETIRO,SUBURBIO,ABALROAMENTO LONGITUDINAL,COLISÃO SEM VITIMA,2.0,1.0,0.0,0.0,0.0,0.0,0.0,0.0,0.0,0.0,0.0,Não informado,Bom,Sem defeito,Ilegível,Seca,Perfeito estado,Agente,Não há placas,40.0,Única,Faixa seccionada,Não informado,2020,1,23,3,14.0
2020-01-23,15:54:00,COM VÍTIMA,FINALIZADA,ENCRUZILHADA,AV BEBERIBE,Não informado,EM FRENTE A GLAUBEMAR MECÂNICA DE AUTOS,ENCRUZILHADA,CIDADE,COLISÃO,AUTO E MOTOCICLETA,1.0,1.0,0.0,0.0,0.0,0.0,0.0,0.0,0.0,1.0,0.0,Longo da via,Bom,Não existe,Perfeito estado,Seca,Perfeito estado,Não existe,Não há placas,60.0,Dupla,Faixa contínua,Não informado,2020,1,23,3,15.0
2020-01-23,16:16:00,SEM VÍTIMA,FINALIZADA,JARDIM SÃO PAULO,AV CENTRAL,Não informado,ESTAÇÃO WERNECK,JARDIM SÃO PAULO,SUBURBIO,ABALROAMENTO LONGITUDINAL,COLISÃO SEM VITIMA,1.0,1.0,0.0,0.0,0.0,1.0,0.0,0.0,0.0,0.0,0.0,Longo da via,Bom,Não existe,Perfeito estado,Seca,Perfeito estado,Não existe,Não há placas,30.0,Única,Não existe,Não informado,2020,1,23,3,16.0
2020-01-23,16:38:00,SEM VÍTIMA,FINALIZADA,BOA VIAGEM,RUA VISCONDE DE JEQUITINHONHA,RUA JOSE MOREIRA LEAL,Não informado,BOA VIAGEM,SUBURBIO,ABALROAMENTO TRANSVERSAL,COLISÃO SEM VITIMA,2.0,1.0,0.0,0.0,0.0,0.0,0.0,0.0,0.0,0.0,0.0,Não informado,Bom,Não existe,Perfeito estado,Seca,Perfeito estado,Faixa de pedestre,Placas Pare,30.0,Única,Faixa seccionada,Não informado,2020,1,23,3,16.0
2020-01-23,17:02:00,SEM VÍTIMA,FINALIZADA,PINA,AV HERCULANO BANDEIRA,Não informado,ADVOCACIA GERAL DA UNIÃO,PINA,SUBURBIO,COLISÃO TRASEIRA,COLISÃO SEM VITIMA,2.0,1.0,0.0,0.0,0.0,0.0,0.0,0.0,0.0,0.0,0.0,Longo da via,Bom,Não existe,Perfeito estado,Seca,Perfeito estado,Não existe,Não há placas,60.0,Única,Faixa seccionada,Não informado,2020,1,23,3,17.0
2020-01-23,17:42:00,SEM VÍTIMA,FINALIZADA,SANTO ANTÔNIO,RUA IMPERADOR PEDRO SEGUNDO,Não informado,AO LADO DO BANCO SANTANDER,SANTO ANTÔNIO,CIDADE,ABALROAMENTO LONGITUDINAL,COLISÃO SEM VÍTIMA,1.0,1.0,0.0,0.0,0.0,0.0,1.0,0.0,0.0,0.0,0.0,Longo da via,Bom,Não existe,Perfeito estado,Seca,Perfeito estado,Não existe,Não há placas,60.0,Única,Faixa seccionada,Não informado,2020,1,23,3,17.0
2020-01-23,18:47:00,SEM VÍTIMA,FINALIZADA,BOA VIAGEM,RUA FRANCISCO DA CUNHA,RUA DONA BENVINDA DE FARIAS,AO LADO DO EDF. BESSY,BOA VIAGEM,SUBURBIO,ABALROAMENTO LONGITUDINAL,HRV X TAXI,2.0,1.0,0.0,0.0,0.0,0.0,0.0,0.0,0.0,0.0,0.0,Cruzamento,Bom,Não existe,Perfeito estado,Seca,Perfeito estado,Não existe,Placas Pare,60.0,Única,Não existe,Não informado,2020,1,23,3,18.0
2020-01-23,19:21:00,SEM VÍTIMA,FINALIZADA,IPUTINGA,AV CAXANGA,Não informado,ESTAÇÃO DO BRT ENGENHO POETA,IPUTINGA,CIDADE,COLISÃO TRASEIRA,COLISAO SEM VITIMAS,2.0,1.0,0.0,0.0,0.0,0.0,0.0,0.0,0.0,0.0,0.0,Longo da via,Bom,Sem defeito,Perfeito estado,Seca,Mal iluminada,Faixa de pedestre,Outras,60.0,Dupla,Canteiro central,Não informado,2020,1,23,3,19.0