data,hora,natureza_acidente,situacao,bairro,endereco,detalhe_endereco_acidente,complemento,bairro_cruzamento,sentido_via,tipo,descricao,auto,moto,ciclom,ciclista,pedestre,onibus,caminhao,viatura,outros,vitimas,vitimasfatais,acidente_verificado,tempo_clima,situacao_semaforo,sinalizacao,condicao_via,conservacao_via,ponto_controle,situacao_placa,velocidade_max_via,mao_direcao,divisao_via1,natureza,ano,mes,dia,dia_semana,hora_ocorrencia
2020-01-23,19:25:00,SEM VÍTIMA,DUPLICIDADE,BOA VIAGEM,RUA DONA BENVINDA DE FARIAS,RUA FRANCISCO DA CUNHA,NO CRUZAMENTO MESMO,BOA VIAGEM,Não informado,COLISÃO,COLISAO SEM VITIMAS,2.0,1.0,0.0,0.0,0.0,0.0,0.0,0.0,0.0,0.0,0.0,Não informado,Não informado,Não informado,Não informado,Não informado,Não informado,Não informado,Não informado,60.0,Não informado,Não informado,Não informado,2020,1,23,3,19.0
2020-01-23,21:17:00,SEM VÍTIMA,FINALIZADA,DERBY,RUA JENER DE SOUZA,Não informado,SEMÁFORO Nº 418,DERBY,CIDADE,ABALROAMENTO LONGITUDINAL,COLISAO SEM VITIMAS,1.0,1.0,0.0,0.0,0.0,0.0,1.0,0.0,0.0,0.0,0.0,Longo da via,Bom,Sem defeito,Perfeito estado,Seca,Perfeito estado,Faixa de pedestre,Outras,60.0,Única,Faixa contínua,Não informado,2020,1,23,3,21.0
2020-01-23,22:11:00,SEM VÍTIMA,FINALIZADA,BOA VIAGEM,AV MARECHAL JUAREZ TAVORA,Não informado,Não informado,BOA VIAGEM,SUBURBIO,COLISÃO TRASEIRA,COLISAO SEM VITIMAS,2.0,1.0,0.0,0.0,0.0,0.0,0.0,0.0,0.0,0.0,0.0,Longo da via,Bom,Não existe,Perfeito estado,Seca,Perfeito estado,Não existe,Não há placas,60.0,Única,Faixa seccionada,Não informado,2020,1,23,3,22.0
2020-01-23,22:23:00,COM VÍTIMA,FINALIZADA,ESPINHEIRO,RUA DO ESPINHEIRO,RUA SANTO ELIAS,Não informado,ESPINHEIRO,CIDADE,ABALROAMENTO TRANSVERSAL,COLISAO COM VITIMAS,1.0,1.0,0.0,0.0,0.0,0.0,0.0,0.0,0.0,1.0,0.0,Cruzamento,Bom,Não existe,Incompleta,Seca,Perfeito estado,Faixa de pedestre,R-6a,60.0,Única,Faixa contínua,Não informado,2020,1,23,3,22.0
2020-01-24,07:55:00,SEM VÍTIMA,FINALIZADA,TAMARINEIRA,AV CONS ROSA E SILVA,RUA CONEGO BARATA,SOB O SEMÁFORO 061 SENTIDO ÚNICO,TAMARINEIRA,Não informado,COLISÃO TRASEIRA,COLISAO S/ VITIMA. MOTO E VEICULO. GM: ALISON SANTOS PONTO FIXO NO LOCAL,1.0,1.0,0.0,0.0,0.0,0.0,0.0,0.0,0.0,0.0,0.0,Cruzamento,Bom,Sem defeito,Perfeito estado,Seca,Perfeito estado,Agente,Não há placas,60.0,Única,Não existe,Não informado,2020,1,24,4,7.0
2020-01-24,08:39:00,COM VÍTIMA,FINALIZADA,IPUTINGA,AV CAXANGA,Não informado,E/F A DISNOVE,IPUTINGA,CIDADE,COLISÃO TRASEIRA,COLISÃO C/VITIMAS ENTRE DUAS MOTOS (V.T 15 NO QTH),1.0,2.0,0.0,0.0,0.0,0.0,0.0,0.0,0.0,1.0,0.0,Longo da via,Bom,Não existe,Perfeito estado,Seca,Perfeito estado,Não existe,Outras,60.0,Dupla,Faixa contínua,Não informado,2020,1,24,4,8.0
2020-01-24,09:25:00,SEM VÍTIMA,CANCELADA,CORDEIRO,RUA DELMIRO GOUVEIA,1SB BARAO DE CAMAQUA,RESTAURANTE ESPETINHO LEGAL// FARMACIA DROGAMARIA,CORDEIRO,CEASA,COLISÃO,COLISAO S/ VITIMA. ONIBUS E VEICULO,1.0,1.0,0.0,0.0,0.0,1.0,0.0,0.0,0.0,0.0,0.0,Não informado,Não informado,Não informado,Não informado,Não informado,Não informado,Não informado,Não informado,60.0,Não informado,Não informado,Não informado,2020,1,24,4,9.0
2020-01-24,10:02:00,SEM VÍTIMA,CANCELADA,DERBY,RUA HENRIQUE DIAS,RUA BARAO DE GOIANA,COLEGIO MILITAR,DERBY,Não informado,COLISÃO,COLISAO S/ VITIMA. ENTRE MOTO E VEICULO,1.0,1.0,0.0,0.0,0.0,0.0,0.0,0.0,0.0,0.0,0.0,Não informado,Não informado,Não informado,Não informado,Não informado,Não informado,Não informado,Não informado,60.0,Não informado,Não informado,Não informado,2020,1,24,4,10.0
2020-01-24,10:45:00,SEM VÍTIMA,FINALIZADA,TORRÕES,RUA ANTONIO CARLOS,Não informado,ESQUINA DO COLEGIO FANTAINHA DE ABREU,TORRÕES,SUBURBIO,ABALROAMENTO LONGITUDINAL,CAMINHAO DE LIXO E AUTO PASSEIO,1.0,1.0,0.0,0.0,0.0,0.0,1.0,0.0,0.0,0.0,0.0,Longo da via,Bom,Não existe,Incompleta,Seca,Perfeito estado,Não existe,Não há placas,60.0,Única,Não existe,Não informado,2020,1,24,4,10.0
2020-01-24,11:14:00,SEM VÍTIMA,FINALIZADA,PINA,AV HERCULANO BANDEIRA,RUA MANOEL DE BRITO,AO LADO DA PASSARELA DA AV. HERCULANO BANDEIRA,PINA,SUBURBIO,COLISÃO FRONTAL,ONIBUS E AUTO,1.0,1.0,0.0,0.0,0.0,1.0,0.0,0.0,0.0,0.0,0.0,Longo da via,Bom,Não existe,Perfeito estado,Seca,Perfeito estado,Agente,Não há placas,60.0,Única,Faixa seccionada,Não informado,2020,1,24,4,11.0
2020-01-24,11:18:00,SEM VÍTIMA,CANCELADA,CORDEIRO,RUA CAMBUCI,RUA ELIZEU CAVALCANTE,NA RUA DA LANCHONETE BARNEY BURGUER,CORDEIRO,Não informado,COLISÃO,COLISÃO S/VITIMAS ENTRE DOIS AUTOS,2.0,1.0,0.0,0.0,0.0,0.0,0.0,0.0,0.0,0.0,0.0,Não informado,Não informado,Não informado,Não informado,Não informado,Não informado,Não informado,Não informado,60.0,Não informado,Não informado,Não informado,2020,1,24,4,11.0
2020-01-24,11:19:00,SEM VÍTIMA,FINALIZADA,DERBY,RUA HENRIQUE DIAS,Não informado,EM FRENTE AO COLÉGIO DA POLÍCIA MILITAR,DERBY,CIDADE,ABALROAMENTO LONGITUDINAL,AUTO E MOTO,1.0,1.0,0.0,0.0,0.0,0.0,0.0,0.0,0.0,0.0,0.0,Longo da via,Bom,Não existe,Perfeito estado,Seca,Perfeito estado,Outros,Não há placas,60.0,Única,Faixa seccionada,Não informado,2020,1,24,4,11.0
2020-01-24,11:31:00,SEM VÍTIMA,FINALIZADA,SANTO AMARO,AV GOVERNADOR AGAMENON MAGALHAES,Não informado,Não informado,SANTO AMARO,Não informado,ABALROAMENTO LONGITUDINAL,COLISÃO S/VITIMAS ENTRE UM AUTO E CAMINHÃO,1.0,1.0,0.0,0.0,0.0,0.0,1.0,0.0,0.0,0.0,0.0,Longo da via,Bom,Não existe,Perfeito estado,Seca,Perfeito estado,Não existe,R-6a,60.0,Dupla,Canteiro central,Não informado,2020,1,24,4,11.0
2020-01-24,11:56:00,SEM VÍTIMA,FINALIZADA,GRAÇAS,AV GOVERNADOR AGAMENON MAGALHAES,RUA DR BANDEIRA FILHO,Não informado,GRAÇAS,Não informado,COLISÃO TRASEIRA,COLISÃO SEM VITIMA,2.0,1.0,0.0,0.0,0.0,0.0,0.0,0.0,0.0,0.0,0.0,Cruzamento,Bom,Sem defeito,Perfeito estado,Seca,Perfeito estado,Faixa de pedestre,Outras,60.0,Dupla,Faixa contínua,Não informado,2020,1,24,4,11.0
2020-01-24,12:47:00,SEM VÍTIMA,FINALIZADA,CASA AMARELA,AV PROFESSOR JOSE DOS ANJOS,AV NORTE,Não informado,CASA AMARELA,SUBURBIO,ABALROAMENTO LONGITUDINAL,COLISAO S/ VITIMA. CARRETA E VEICULO. VT: 21 NO LOCAL GM: JULIO SANTOS,1.0,1.0,0.0,0.0,0.0,0.0,1.0,0.0,0.0,0.0,0.0,Cruzamento,Bom,Sem defeito,Perfeito estado,Seca,Perfeito estado,Faixa de pedestre,Outras,60.0,Única,Faixa seccionada,Não informado,2020,1,24,4,12.0
2020-01-24,13:21:00,COM VÍTIMA,FINALIZADA,AFOGADOS,RUA SAO MIGUEL,RUA JOVELINO SELVA,E/F A ARMAZEM CORAL,AFOGADOS,SUBURBIO,COLISÃO TRASEIRA,CAMINHÃO X MOTO COM VITIMA,1.0,1.0,0.0,0.0,0.0,0.0,1.0,0.0,0.0,1.0,0.0,Longo da via,Bom,Não existe,Perfeito estado,Seca,Perfeito estado,Não existe,R-6a,60.0,Dupla,Faixa contínua,Não informado,2020,1,24,4,13.0
2020-01-24,13:44:00,SEM VÍTIMA,FINALIZADA,BAIRRO DO RECIFE,RUA MADRE DEUS,RUA PROFESSOR ALOISIO MAGALHAES,PONTE GIRATÓRIA,BAIRRO DO RECIFE,SUBURBIO,COLISÃO TRASEIRA,TRÊS AUTOS S/V,1.0,1.0,0.0,0.0,0.0,0.0,0.0,0.0,1.0,0.0,0.0,Longo da via,Bom,Sem defeito,Perfeito estado,Seca,Perfeito estado,Faixa de retenção,Não informado,60.0,Única,Blocos,Não informado,2020,1,24,4,13.0
2020-01-24,13:52:00,COM VÍTIMA,FINALIZADA,ROSARINHO,AV NORTE,Não informado,PRÓX A PADARIA ROSARINHO,ROSARINHO,SUBURBIO,COLISÃO COM CICLISTA,COLISAO COM CICLISTA COM VITIMA,1.0,1.0,0.0,1.0,0.0,0.0,0.0,0.0,0.0,1.0,0.0,Longo da via,Bom,Sem defeito,Perfeito estado,Seca,Perfeito estado,Faixa de pedestre,Outras,60.0,Dupla,Canteiro central,Não informado,2020,1,24,4,13.0
2020-01-24,14:13:00,SEM VÍTIMA,FINALIZADA,IBURA,AV RECIFE,Não informado,MAXI RATIFICA,IBURA,CIDADE,COLISÃO TRASEIRA,COLISÃO SEM VITIMA,2.0,1.0,0.0,0.0,0.0,0.0,0.0,0.0,0.0,0.0,0.0,Longo da via,Bom,Não existe,Perfeito estado,Seca,Perfeito estado,Não existe,R-6a,60.0,Dupla,Canteiro central,Não informado,2020,1,24,4,14.0
2020-01-24,14:32:00,SEM VÍTIMA,FINALIZADA,IPSEP,RUA ADERBAL DE MELO,RUA PROFESSOR JOSE VICENTE,Não informado,IPSEP,CIDADE,ABALROAMENTO LONGITUDINAL,COLISÃO SEM VITIMA,2.0,1.0,0.0,0.0,0.0,0.0,0.0,0.0,0.0,0.0,0.0,Cruzamento,Bom,Não existe,Não existente,Seca,Perfeito estado,Não existe,Não há placas,60.0,Dupla,Não existe,Não informado,2020,1,24,4,14.0
2020-01-24,14:45:00,SEM VÍTIMA,FINALIZADA,DERBY,RUA DR SEVERINO PINHEIRO,AV GOVERNADOR AGAMENON MAGALHAES,EM FRENTE AO SEMÁFORO 075,DERBY,CIDADE,ABALROAMENTO LONGITUDINAL,COLISAO S/ VITIMA. ENTRE ONIBUS E VEICULO. GM: CELIO LUIZ PONTO FIXO NO LOCAL,1.0,1.0,0.0,0.0,0.0,1.0,0.0,0.0,0.0,0.0,0.0,Longo da via,Bom,Sem defeito,Perfeito estado,Seca,Perfeito estado,Faixa de pedestre,Não há placas,60.0,Dupla,Canteiro central,Não informado,2020,1,24,4,14.0
2020-01-24,15:21:00,SEM VÍTIMA,FINALIZADA,BOA VIAGEM,RUA VISCONDE DE JEQUITINHONHA,Não informado,E/F AO EDF CARA VELAS,BOA VIAGEM,Não informado,COLISÃO,COLISAO SEM VITIMAS,2.0,1.0,0.0,0.0,0.0,0.0,0.0,0.0,0.0,0.0,0.0,Não informado,Não informado,Não informado,Não informado,Não informado,Não informado,Não informado,Não informado,60.0,Não informado,Não informado,Não informado,2020,1,24,4,15.0
2020-01-24,15:31:00,SEM VÍTIMA,FINALIZADA,PARNAMIRIM,AV PARNAMIRIM,Não informado,EM FRENTE AO HOSPITAL MARIA LUCINDA,PARNAMIRIM,CIDADE,ABALROAMENTO LONGITUDINAL,COLISAO SEM VITIMAS,1.0,1.0,0.0,0.0,0.0,1.0,0.0,0.0,0.0,0.0,0.0,Longo da via,Chuvoso,Sem defeito,Perfeito estado,Molhada,Perfeito estado,Faixa de pedestre,Não há placas,60.0,Única,Faixa contínua,Não informado,2020,1,24,4,15.0
2020-01-24,15:32:00,COM VÍTIMA,FINALIZADA,CORDEIRO,AV CAXANGA,RUA ANTERO MOTA,PROX AO PARQUE DE EXPOSIÇÃO DE ANIMAIS. EM FRENTE AO BANCO DO BRASIL,CORDEIRO,SUBURBIO,TOMBAMENTO,VT-17 (INSP ANTONIO) PRESENCIOU QUEDA DO MOTOCICLISTA,1.0,1.0,0.0,0.0,0.0,0.0,0.0,0.0,0.0,1.0,0.0,Longo da via,Chuvoso,Sem defeito,Perfeito estado,Seca,Perfeito estado,Faixa de pedestre,R-6a,60.0,Dupla,Canteiro central,Não informado,2020,1,24,4,15.0
2020-01-24,15:49:00,SEM VÍTIMA,FINALIZADA,BAIRRO DO RECIFE,CAIS DO APOLO,Não informado,EM FRENTE AO SEMÁFORO Nº 019,BAIRRO DO RECIFE,SUBURBIO,COLISÃO TRASEIRA,ENTRE ONIBUS X AUTO PASSEIO S/V,1.0,1.0,0.0,0.0,0.0,1.0,0.0,0.0,0.0,0.0,0.0,Longo da via,Bom,Sem defeito,Perfeito estado,Seca,Perfeito estado,Faixa de pedestre,Outras,60.0,Dupla,Canteiro central,Não informado,2020,1,24,4,15.0
2020-01-24,15:52:00,SEM VÍTIMA,FINALIZADA,AFLITOS,RUA DAS CREOULAS,AV RUI BARBOSA,Não informado,AFLITOS,CIDADE,ABALROAMENTO LONGITUDINAL,ENTRE DOIS AUTOS S/V,2.0,1.0,0.0,0.0,0.0,0.0,0.0,0.0,0.0,0.0,0.0,Cruzamento,Bom,Sem defeito,Perfeito estado,Seca,Perfeito estado,Faixa de pedestre,Não informado,60.0,Única,Não informado,Não informado,2020,1,24,4,15.0
2020-01-24,16:09:00,SEM VÍTIMA,CANCELADA,CORDEIRO,RUA ODETE MONTEIRO,Não informado,PROX. DO COLEGIO JACI RIBEIRO,CORDEIRO,Não informado,COLISÃO,COLISÃO SEM VITIMA,2.0,1.0,0.0,0.0,0.0,0.0,0.0,0.0,0.0,0.0,0.0,Não informado,Não informado,Não informado,Não informado,Não informado,Não informado,Não informado,Não informado,60.0,Não informado,Não informado,Não informado,2020,1,24,4,16.0
2020-01-24,16:10:00,SEM VÍTIMA,FINALIZADA,TAMARINEIRA,AV NORTE,RUA CONEGO BARATA,Não informado,TAMARINEIRA,CIDADE,COLISÃO TRASEIRA,ENTRE DOIS AUTOS S/V,2.0,1.0,0.0,0.0,0.0,0.0,0.0,0.0,0.0,0.0,0.0,Não informado,Chuvoso,Sem defeito,Perfeito estado,Seca,Perfeito estado,Faixa de pedestre,R-6a,60.0,Dupla,Faixa contínua,Não informado,2020,1,24,4,16.0
2020-01-24,16:32:00,COM VÍTIMA,FINALIZADA,TAMARINEIRA,RUA PADRE ROMA,EST DO ARRAIAL,LADO OPOSTO A HI ACADEMIA,TAMARINEIRA,Não informado,COLISÃO COM CICLISTA,AUTO PASSEIO X CICLISTA,1.0,1.0,0.0,1.0,0.0,0.0,0.0,0.0,0.0,1.0,0.0,Cruzamento,Bom,Sem defeito,Perfeito estado,Seca,Perfeito estado,Faixa de pedestre,Outras,60.0,Única,Faixa seccionada,Não informado,2020,1,24,4,16.0
2020-01-24,16:48:00,SEM VÍTIMA,FINALIZADA,MADALENA,RUA BENFICA,Não informado,EM FRENTE A AUTO PNEUS,MADALENA,CIDADE,ABALROAMENTO LONGITUDINAL,COLISÃO SEM VITIMA,2.0,1.0,0.0,0.0,0.0,0.0,0.0,0.0,0.0,0.0,0.0,Longo da via,Bom,Não existe,Perfeito estado,Seca,Perfeito estado,Não existe,Outras,60.0,Única,Faixa seccionada,Não informado,2020,1,24,4,16.0
2020-01-24,16:49:00,SEM VÍTIMA,FINALIZADA,IBURA,AV DOIS RIOS,LAD DA COHAB,Não informado,IBURA,CIDADE,ABALROAMENTO LONGITUDINAL,COLISAO S/ VITIMA. ONIBUS E MOTO,1.0,1.0,0.0,0.0,0.0,1.0,0.0,0.0,0.0,0.0,0.0,Cruzamento,Bom,Não existe,Perfeito estado,Seca,Perfeito estado,Não existe,Placas Pare,60.0,Não informado,Não informado,Não informado,2020,1,24,4,16.0
2020-01-24,18:09:00,COM VÍTIMA,FINALIZADA,BOA VIAGEM,RUA BALTAZAR PASSOS,RUA SETUBAL,E/F AO EDF COSTA DOS NAVEGANTES,BOA VIAGEM,Não informado,ABALROAMENTO LONGITUDINAL,ENTRE AUTO E MOTO. C/V,1.0,1.0,0.0,0.0,0.0,0.0,0.0,0.0,0.0,1.0,0.0,Longo da via,Bom,Não existe,Perfeito estado,Seca,Perfeito estado,Não existe,Outras,60.0,Única,Faixa seccionada,Não informado,2020,1,24,4,18.0
2020-01-24,18:05:00,SEM VÍTIMA,FINALIZADA,IBURA,RUA MARECHAL TAUMATURGO,Não informado,ESCOLA FUTURO CIDADÃO,IBURA,SUBURBIO,CHOQUE VEÍCULO PARADO,COLISAO COM VITIMAS,2.0,1.0,0.0,0.0,0.0,0.0,0.0,0.0,0.0,0.0,0.0,Longo da via,Bom,Não existe,Perfeito estado,Seca,Perfeito estado,Não existe,Não há placas,60.0,Dupla,Não existe,Não informado,2020,1,24,4,18.0
2020-01-24,19:01:00,SEM VÍTIMA,CANCELADA,CORDEIRO,RUA GOMES TABORDA,RUA FRANCISCO VITA,E/F A GALERIA NORONHA CENTER,CORDEIRO,Não informado,COLISÃO,COLISAO SEM VITIMAS,3.0,1.0,0.0,0.0,0.0,0.0,0.0,0.0,0.0,0.0,0.0,Não informado,Não informado,Não informado,Não informado,Não informado,Não informado,Não informado,Não informado,60.0,Não informado,Não informado,Não informado,2020,1,24,4,19.0
2020-01-24,19:20:00,SEM VÍTIMA,FINALIZADA,BOA VISTA,AV CONDE DA BOA VISTA,Não informado,Não informado,BOA VISTA,Não informado,ABALROAMENTO LONGITUDINAL,COLISAO SEM VITIMAS,1.0,1.0,0.0,0.0,0.0,1.0,0.0,0.0,0.0,0.0,0.0,Longo da via,Bom,Não existe,Perfeito estado,Seca,Perfeito estado,Outros,Outras,60.0,Dupla,Canteiro central,Não informado,2020,1,24,4,19.0
2020-01-24,19:44:00,SEM VÍTIMA,FINALIZADA,BOA VIAGEM,RUA VISCONDE DE JEQUITINHONHA,Não informado,SHOPPING RECIFE,BOA VIAGEM,CIDADE,ABALROAMENTO LONGITUDINAL,ENTRE 2 AUTOS. S/V,2.0,1.0,0.0,0.0,0.0,0.0,0.0,0.0,0.0,0.0,0.0,Longo da via,Bom,Não existe,Perfeito estado,Seca,Perfeito estado,Faixa de pedestre,Não há placas,40.0,Única,Não existe,Não informado,2020,1,24,4,19.0
2020-01-24,19:55:00,COM VÍTIMA,FINALIZADA,SÃO JOSÉ,CAIS DA DETENCAO,Não informado,POR TRÁS DA CASA DA CULTURA,SÃO JOSÉ,CIDADE,ATROPELAMENTO,ATROPELAMENTO ENTRE AUTO E PEDESTRE. O CONDUTOR SE EVADIU DO LOCAL. VÍTIMA SE ENCONTRA NA VIA- AGUARDANDO A PRESENÇA DO SAMU,1.0,1.0,0.0,0.0,1.0,0.0,0.0,0.0,0.0,1.0,0.0,Longo da via,Bom,Não existe,Perfeito estado,Seca,Perfeito estado,Não informado,R-6a,40.0,Única,Não informado,Não informado,2020,1,24,4,19.0
2020-01-24,21:14:00,COM VÍTIMA,FINALIZADA,CASA FORTE,AV DEZESSETE DE AGOSTO,RUA PIAUI,SEMÁFORO 251/ PRÓX AO MUSEU DO HOMEM DO NORDESTE E COLÉGIO MONTEIRO,CASA FORTE,CIDADE,ABALROAMENTO TRANSVERSAL,ENTRE MOTO E AUTO. C/V,1.0,1.0,0.0,0.0,0.0,0.0,0.0,0.0,0.0,1.0,0.0,Outros,Bom,Sem defeito,Incompleta,Seca,Perfeito estado,Faixa de pedestre,Não há placas,60.0,Dupla,Faixa contínua,Não informado,2020,1,24,4,21.0
2020-01-24,21:15:00,SEM VÍTIMA,FINALIZADA,AFOGADOS,RUA PADRE TEOFILO TWORZ,RUA COSME VIANA,Não informado,AFOGADOS,SUBURBIO,ABALROAMENTO LONGITUDINAL,COLISAO SEM VITIMAS,2.0,1.0,0.0,0.0,0.0,0.0,0.0,0.0,0.0,0.0,0.0,Cruzamento,Bom,Sem defeito,Perfeito estado,Seca,Perfeito estado,Faixa de pedestre,Outras,60.0,Única,Faixa seccionada,Não informado,2020,1,24,4,21.0
2020-01-24,22:04:00,SEM VÍTIMA,FINALIZADA,SÃO JOSÉ,RUA N S DO CARMO,Não informado,EM FRENTE AO EDIFÍCIO INCONFIDÊNCIA,SÃO JOSÉ,CIDADE,ABALROAMENTO LONGITUDINAL,COLISAO SEM VITIMAS,2.0,1.0,0.0,0.0,0.0,0.0,0.0,0.0,0.0,0.0,0.0,Longo da via,Bom,Sem defeito,Perfeito estado,Seca,Perfeito estado,Faixa de retenção,Não há placas,60.0,Dupla,Faixa contínua,Não informado,2020,1,24,4,22.0
2020-01-25,03:47:00,COM VÍTIMA,FINALIZADA,IMBIRIBEIRA,AV PRESIDENTE DUTRA,Não informado,ANTES DA BIFURCAÇÃO- SENTIDO AEROPORTO E APÓS O RESTAURANTE SAL E BRASA,IMBIRIBEIRA,SUBURBIO,COLISÃO COM CICLISTA,COLISÃO ENTRE AUTO E BICICLETA- C/V,1.0,1.0,0.0,1.0,0.0,0.0,0.0,0.0,0.0,1.0,0.0,Longo da via,Bom,Não existe,Perfeito estado,Seca,Perfeito estado,Outros,Outras,60.0,Dupla,Faixa seccionada,Não informado,2020,1,25,5,3.0
2020-01-25,07:26:00,COM VÍTIMA,FINALIZADA,ÁGUA FRIA,AV BEBERIBE,Não informado,EM FRENTE AO MERCADO DE AGUA FRIA. MAGAZINE LUIZA.,ÁGUA FRIA,SUBURBIO,COLISÃO COM CICLISTA,ONIBUS E CICLISTA,1.0,1.0,0.0,1.0,0.0,1.0,0.0,0.0,0.0,1.0,0.0,Longo da via,Bom,Não existe,Perfeito estado,Seca,Perfeito estado,Não existe,Outras,60.0,Dupla,Faixa contínua,Não informado,2020,1,25,5,7.0
2020-01-25,08:11:00,SEM VÍTIMA,FINALIZADA,BOA VIAGEM,RUA JOAO CARDOSO AIRES,Não informado,EM FRENTE AO COLÉGIO MADRE DE DEUS,BOA VIAGEM,SUBURBIO,COLISÃO TRASEIRA,COLISÃO S/VITIMAS ENTRE DOIS AUTOS (V.T 18 NO QTH),2.0,1.0,0.0,0.0,0.0,0.0,0.0,0.0,0.0,0.0,0.0,Longo da via,Bom,Sem defeito,Perfeito estado,Seca,Perfeito estado,Faixa de pedestre,R-6a,60.0,Única,Faixa seccionada,Não informado,2020,1,25,5,8.0
2020-01-25,08:46:00,SEM VÍTIMA,FINALIZADA,PINA,PTE GOVERNADOR PAULO GUERRA,Não informado,SOBRE A PONTE PISTA DE ACESSO AO SHOPPING RIO MAR,PINA,SUBURBIO,COLISÃO COM CICLISTA,Não informado,1.0,1.0,0.0,1.0,0.0,0.0,0.0,0.0,0.0,0.0,0.0,Longo da via,Bom,Não existe,Perfeito estado,Seca,Perfeito estado,Outros,Outras,60.0,Única,Faixa seccionada,Não informado,2020,1,25,5,8.0
2020-01-25,09:16:00,COM VÍTIMA,FINALIZADA,AFOGADOS,RUA SAO MIGUEL,RUA PEDRO CABRAL DE OLIVEIRA,CARTORIO DE AFOGADOS. FACULDADE FAREC / IPESU.,AFOGADOS,CIDADE,ABALROAMENTO LONGITUDINAL,COLISAO COM VITIMA. ENTRE ONIBUS E MOTO. GM: GERLANE VT: 20 ISP: SILVAN GCM: FELIPE BARRETO NO LOCAL,1.0,1.0,0.0,0.0,0.0,1.0,0.0,0.0,0.0,1.0,0.0,Longo da via,Bom,Sem defeito,Perfeito estado,Seca,Perfeito estado,Agente,R-6a,60.0,Única,Não informado,Não informado,2020,1,25,5,9.0
2020-01-25,10:42:00,SEM VÍTIMA,FINALIZADA,BOA VISTA,RUA PRINCESA IZABEL,RUA DO HOSPICIO,Não informado,BOA VISTA,CIDADE,ABALROAMENTO LONGITUDINAL,COLISÃO S/VITIMAS ENTRE UMA MOTO E UM AUTO (V.T 24 NO QTH),1.0,1.0,0.0,0.0,0.0,0.0,0.0,0.0,0.0,0.0,0.0,Cruzamento,Nublado,Sem defeito,Perfeito estado,Seca,Perfeito estado,Não existe,R-6a,60.0,Única,Faixa seccionada,Não informado,2020,1,25,5,10.0
2020-01-25,10:46:00,SEM VÍTIMA,FINALIZADA,ENCRUZILHADA,AV JOAO DE BARROS,Não informado,EM FRENTE AO ETEPAM,ENCRUZILHADA,CIDADE,ABALROAMENTO LONGITUDINAL,ONIBUS E AUTO,1.0,1.0,0.0,0.0,0.0,1.0,0.0,0.0,0.0,0.0,0.0,Longo da via,Bom,Não existe,Perfeito estado,Seca,Perfeito estado,Não existe,R-6a,60.0,Única,Faixa seccionada,Não informado,2020,1,25,5,10.0
2020-01-25,10:54:00,SEM VÍTIMA,FINALIZADA,PINA,RUA COMENDADOR MORAES,AV ANTONIO DE GOES,AO LADO DO EMPRESARIAL JCPM,PINA,SUBURBIO,ABALROAMENTO LONGITUDINAL,CAMINHÃO E AUTO PASSEIO,1.0,1.0,0.0,0.0,0.0,0.0,1.0,0.0,0.0,0.0,0.0,Longo da via,Bom,Não existe,Perfeito estado,Seca,Perfeito estado,Faixa de pedestre,Não há placas,60.0,Dupla,Não informado,Não informado,2020,1,25,5,10.0
2020-01-25,11:51:00,SEM VÍTIMA,FINALIZADA,BOA VIAGEM,RUA SETUBAL,Não informado,EM FRENTE AO Nº 596,BOA VIAGEM,Não informado,ABALROAMENTO LONGITUDINAL,COLISÃO S/VITIMAS ENTRE UMA MOTO E AUTO,1.0,1.0,0.0,0.0,0.0,0.0,0.0,0.0,0.0,0.0,0.0,Longo da via,Bom,Não existe,Perfeito estado,Seca,Perfeito estado,Não existe,R-6a,60.0,Única,Faixa seccionada,Não informado,2020,1,25,5,11.0
2020-01-25,12:31:00,SEM VÍTIMA,FINALIZADA,CAMPO GRANDE,RUA MARECHAL DEODORO,Não informado,UNIDADE DE SAÚDE DA FAMÍLIA ILHA DE JANEIRO,CAMPO GRANDE,Não informado,CHOQUE VEÍCULO PARADO,TRIO ELETRICO DERRUBOU UM POSTE E CAIU EM CIMA DE UM AUTO PASSEIO,1.0,1.0,0.0,0.0,0.0,0.0,0.0,0.0,0.0,0.0,0.0,Longo da via,Bom,Não existe,Perfeito estado,Seca,Perfeito estado,Não existe,R-6a,30.0,Dupla,Faixa seccionada,Não informado,2020,1,25,5,12.0
2020-01-25,13:21:00,SEM VÍTIMA,FINALIZADA,PARNAMIRIM,RUA JOAO TUDE DE MELO,RUA VIRGINIA LORETO,POSTO DE COMBUSTÍVEL PETRO MEGA,PARNAMIRIM,Não informado,ABALROAMENTO TRANSVERSAL,COLISÃO SEM VÍTIMA,1.0,1.0,0.0,0.0,0.0,0.0,0.0,0.0,0.0,0.0,0.0,Cruzamento,Bom,Sem defeito,Perfeito estado,Seca,Perfeito estado,Faixa de pedestre,R-6a,40.0,Única,Faixa seccionada,Não informado,2020,1,25,5,13.0
2020-01-25,13:27:00,SEM VÍTIMA,FINALIZADA,CASA AMARELA,EST DO ARRAIAL,Não informado,Não informado,CASA AMARELA,SUBURBIO,ABALROAMENTO LONGITUDINAL,COLISAO SEM VITIMAS,3.0,1.0,0.0,0.0,0.0,0.0,0.0,0.0,0.0,0.0,0.0,Longo da via,Bom,Não existe,Perfeito estado,Seca,Perfeito estado,Outros,Outras,60.0,Única,Faixa seccionada,Não informado,2020,1,25,5,13.0
2020-01-25,13:31:00,SEM VÍTIMA,FINALIZADA,PINA,AV REPUBLICA ARABE UNIDA,Não informado,EDF. QUARTIER SAINT HONOÚ,PINA,SUBURBIO,ABALROAMENTO LONGITUDINAL,COLISÃO SEM VÍTIMA,2.0,1.0,0.0,0.0,0.0,0.0,0.0,0.0,0.0,0.0,0.0,Longo da via,Bom,Não existe,Não existente,Seca,Perfeito estado,Não existe,Não há placas,60.0,Única,Faixa seccionada,Não informado,2020,1,25,5,13.0