data,hora,natureza_acidente,situacao,bairro,endereco,detalhe_endereco_acidente,complemento,bairro_cruzamento,sentido_via,tipo,descricao,auto,moto,ciclom,ciclista,pedestre,onibus,caminhao,viatura,outros,vitimas,vitimasfatais,acidente_verificado,tempo_clima,situacao_semaforo,sinalizacao,condicao_via,conservacao_via,ponto_controle,situacao_placa,velocidade_max_via,mao_direcao,divisao_via1,natureza,ano,mes,dia,dia_semana,hora_ocorrencia
2020-01-25,13:59:00,SEM VÍTIMA,FINALIZADA,MUSTARDINHA,RUA JOSE MOREIRA REIS,Não informado,AO LADO DO SESI DA MUSTARDINHA,MUSTARDINHA,Não informado,ABALROAMENTO LONGITUDINAL,COLISÃO SEM VÍTIMA,1.0,1.0,0.0,0.0,0.0,0.0,1.0,0.0,0.0,0.0,0.0,Longo da via,Bom,Não existe,Não existente,Seca,Perfeito estado,Não existe,Não há placas,30.0,Dupla,Não existe,Não informado,2020,1,25,5,13.0
2020-01-25,14:14:00,SEM VÍTIMA,FINALIZADA,BOA VIAGEM,RUA FELIX DE BRITO E MELO,RUA PROFESSOR ARNALDO CARNEIRO LEAO,ESTACIONAMENTO DO BIG BOMPREÇO,BOA VIAGEM,CIDADE,ABALROAMENTO TRANSVERSAL,COLISÃO SEM VÍTIMA,1.0,1.0,0.0,0.0,0.0,0.0,0.0,0.0,0.0,0.0,0.0,Cruzamento,Bom,Sem defeito,Perfeito estado,Seca,Perfeito estado,Faixa de pedestre,R-6a,60.0,Única,Faixa contínua,Não informado,2020,1,25,5,14.0
2020-01-25,14:41:00,COM VÍTIMA,FINALIZADA,MACAXEIRA,RUA JOSE CARLOS NOVAES DA MATA MACHADO,Não informado,E/F AO BAR DO VINHO,MACAXEIRA,SUBURBIO,COLISÃO FRONTAL,COLISAO COM VITIMAS,1.0,1.0,0.0,0.0,0.0,1.0,0.0,0.0,0.0,1.0,0.0,Longo da via,Chuvoso,Não existe,Não existente,Seca,Outros,Não existe,Não há placas,30.0,Dupla,Não existe,Não informado,2020,1,25,5,14.0
2020-01-25,14:47:00,SEM VÍTIMA,FINALIZADA,AREIAS,AV DR JOSE RUFINO,Não informado,EM FRENTE AO Nº 1352,AREIAS,Não informado,ABALROAMENTO LONGITUDINAL,COLISÃO SEM VÍTIMA,2.0,1.0,0.0,0.0,0.0,0.0,0.0,0.0,0.0,0.0,0.0,Longo da via,Bom,Não existe,Perfeito estado,Seca,Perfeito estado,Não existe,R-6a,60.0,Dupla,Faixa contínua,Não informado,2020,1,25,5,14.0
2020-01-25,15:30:00,SEM VÍTIMA,FINALIZADA,BOA VIAGEM,RUA ANTONIO FALCAO,RUA FRANCISCO DA CUNHA,Não informado,BOA VIAGEM,SUBURBIO,ABALROAMENTO LONGITUDINAL,COLISÃO SEM VÍTIMA,1.0,1.0,0.0,0.0,0.0,0.0,0.0,0.0,0.0,0.0,0.0,Cruzamento,Bom,Sem defeito,Perfeito estado,Seca,Perfeito estado,Faixa de pedestre,Não informado,40.0,Única,Não existe,Não informado,2020,1,25,5,15.0
2020-01-25,15:35:00,COM VÍTIMA,FINALIZADA,BOA VIAGEM,AV BOA VIAGEM,Não informado,AO LADO DO HOTEL ATLANTE PLAZA,BOA VIAGEM,CIDADE,ABALROAMENTO LONGITUDINAL,COLISAO COM VITIMAS,1.0,1.0,0.0,0.0,0.0,0.0,0.0,0.0,0.0,1.0,0.0,Longo da via,Bom,Não existe,Perfeito estado,Seca,Perfeito estado,Não existe,Não há placas,60.0,Única,Faixa seccionada,Não informado,2020,1,25,5,15.0
2020-01-25,15:40:00,SEM VÍTIMA,FINALIZADA,SANTO AMARO,AV GOVERNADOR AGAMENON MAGALHAES,Não informado,CIRCULO MILITAR DO RECIFE,SANTO AMARO,SUBURBIO,COLISÃO TRASEIRA,COLISÃO SEM VÍTIMA,3.0,1.0,0.0,0.0,0.0,0.0,0.0,0.0,0.0,0.0,0.0,Longo da via,Nublado,Não existe,Perfeito estado,Seca,Perfeito estado,Não existe,R-19,60.0,Única,Faixa contínua,Não informado,2020,1,25,5,15.0
2020-01-25,16:04:00,SEM VÍTIMA,FINALIZADA,SÃO JOSÉ,AV SUL,RUA CARLOS COELHO LEAL VALENTE,Não informado,SÃO JOSÉ,SUBURBIO,ABALROAMENTO TRANSVERSAL,COLISAO SEM VITIMAS,1.0,1.0,0.0,0.0,0.0,1.0,0.0,0.0,0.0,0.0,0.0,Cruzamento,Bom,Sem defeito,Perfeito estado,Seca,Perfeito estado,Faixa de pedestre,Outras,60.0,Dupla,Canteiro central,Não informado,2020,1,25,5,16.0
2020-01-25,17:37:00,SEM VÍTIMA,FINALIZADA,ROSARINHO,AV NORTE,Não informado,Não informado,ROSARINHO,SUBURBIO,CHOQUE OBJETO FIXO,COLISAO SEM VITIMAS,1.0,1.0,0.0,0.0,0.0,0.0,0.0,0.0,0.0,0.0,0.0,Longo da via,Bom,Sem defeito,Perfeito estado,Seca,Perfeito estado,Faixa de pedestre,Não há placas,60.0,Dupla,Canteiro central,Não informado,2020,1,25,5,17.0
2020-01-25,18:02:00,SEM VÍTIMA,FINALIZADA,ZUMBI,RUA SOUZA BANDEIRA,AV CAXANGA,APÓS A RUA GREGÓRIO JUNIOR,ZUMBI,Não informado,ABALROAMENTO LONGITUDINAL,MOTO X AUTO. S/V,1.0,1.0,0.0,0.0,0.0,0.0,0.0,0.0,0.0,0.0,0.0,Cruzamento,Bom,Sem defeito,Perfeito estado,Seca,Perfeito estado,Faixa de pedestre,Outras,40.0,Única,Faixa seccionada,Não informado,2020,1,25,5,18.0
2020-01-25,18:15:00,SEM VÍTIMA,FINALIZADA,ESPINHEIRO,AV NORTE,RUA MARQUES DO PARANA,SEMÁFORO 056,ESPINHEIRO,CIDADE,ABALROAMENTO TRANSVERSAL,ENTRE AUTO E MOTO. S/V,1.0,1.0,0.0,0.0,0.0,0.0,0.0,0.0,0.0,0.0,0.0,Cruzamento,Bom,Sem defeito,Perfeito estado,Seca,Perfeito estado,Faixa de pedestre,Outras,60.0,Única,Faixa seccionada,Não informado,2020,1,25,5,18.0
2020-01-25,18:28:00,SEM VÍTIMA,FINALIZADA,GRAÇAS,RUA BRUNO MAIA,Não informado,Não informado,GRAÇAS,SUBURBIO,CHOQUE OBJETO FIXO,VEICULO CAI EM DESNIVEL DA VIA,1.0,1.0,0.0,0.0,0.0,0.0,0.0,0.0,0.0,0.0,0.0,Longo da via,Bom,Não existe,Perfeito estado,Seca,Mal conservada,Não existe,Placas Pare,60.0,Única,Não existe,Não informado,2020,1,25,5,18.0
2020-01-25,19:37:00,COM VÍTIMA,FINALIZADA,IBURA,AV RECIFE,AV DOM HELDER CAMARA,E/F AO POSTO SHELL/ EXTRAFARMA,IBURA,CIDADE,COLISÃO COM CICLISTA,AUTO PASSEIO X CICLISTA COM VÍTIMA,1.0,1.0,0.0,1.0,0.0,0.0,0.0,0.0,0.0,1.0,0.0,Longo da via,Bom,Sem defeito,Incompleta,Seca,Perfeito estado,Não existe,Não há placas,60.0,Única,Não existe,Não informado,2020,1,25,5,19.0
2020-01-26,00:19:00,SEM VÍTIMA,FINALIZADA,CABANGA,PRC GOVERNADOR PAULO GUERRA,Não informado,Não informado,CABANGA,Não informado,COLISÃO FRONTAL,COLISÃO ENTRE DOIS AUTOS- S/V,2.0,1.0,0.0,0.0,0.0,0.0,0.0,0.0,0.0,0.0,0.0,Longo da via,Bom,Não existe,Perfeito estado,Seca,Perfeito estado,Faixa de pedestre,Não informado,60.0,Única,Canteiro central,Não informado,2020,1,26,6,0.0
2020-01-26,01:56:00,SEM VÍTIMA,FINALIZADA,CABANGA,AV ENGENHEIRO JOSE ESTELITA,Não informado,PRÓXIMO AO VIADUTO DAS CINCO PONTAS,CABANGA,CIDADE,ABALROAMENTO LONGITUDINAL,COLISÃO ENTRE DOIS AUTOS- S/V,2.0,1.0,0.0,0.0,0.0,0.0,0.0,0.0,0.0,0.0,0.0,Longo da via,Bom,Não existe,Perfeito estado,Seca,Perfeito estado,Não existe,Não há placas,60.0,Dupla,Não informado,Não informado,2020,1,26,6,1.0
2020-01-26,11:11:00,COM VÍTIMA,FINALIZADA,AFOGADOS,RUA SAO MIGUEL,Não informado,EM FRENTE AO POSTO PETROISA,AFOGADOS,Não informado,ABALROAMENTO LONGITUDINAL,COM UMA VITIMA -JA SOCORRIDA PELO SAMU,1.0,1.0,0.0,0.0,0.0,0.0,0.0,0.0,0.0,1.0,0.0,Longo da via,Bom,Não informado,Perfeito estado,Seca,Perfeito estado,Não informado,Não informado,60.0,Dupla,Faixa contínua,Não informado,2020,1,26,6,11.0
2020-01-26,13:50:00,SEM VÍTIMA,FINALIZADA,BOA VISTA,AV GOVERNADOR AGAMENON MAGALHAES,RUA DR LEOPOLDO LINS,CAIXA ECONOMICA FEDERAL,BOA VISTA,SUBURBIO,COLISÃO TRASEIRA,ENTRE DOIS AUTOS S/V,2.0,1.0,0.0,0.0,0.0,0.0,0.0,0.0,0.0,0.0,0.0,Longo da via,Bom,Sem defeito,Perfeito estado,Seca,Perfeito estado,Faixa de pedestre,Outras,60.0,Dupla,Faixa contínua,Não informado,2020,1,26,6,13.0
2020-01-26,14:23:00,SEM VÍTIMA,FINALIZADA,BOA VIAGEM,AV CONSELHEIRO AGUIAR,Não informado,E/F AO EMPRESARIAL JOÃO ROMA,BOA VIAGEM,CIDADE,ABALROAMENTO LONGITUDINAL,ENTRE ONIBUS X AUTO PASSEIO S/V,1.0,1.0,0.0,0.0,0.0,1.0,0.0,0.0,0.0,0.0,0.0,Longo da via,Bom,Não existe,Perfeito estado,Seca,Perfeito estado,Não existe,R-6a,60.0,Única,Faixa seccionada,Não informado,2020,1,26,6,14.0
2020-01-26,15:08:00,SEM VÍTIMA,FINALIZADA,BOA VIAGEM,RUA ERNESTO DE PAULA SANTOS,RUA DOS NAVEGANTES,HOTEL GRAND MERCURE,BOA VIAGEM,Não informado,ABALROAMENTO TRANSVERSAL,COLISÃO SEM VÍTIMA,2.0,1.0,0.0,0.0,0.0,0.0,0.0,0.0,0.0,0.0,0.0,Cruzamento,Bom,Não existe,Perfeito estado,Seca,Perfeito estado,Não informado,Placas Pare,60.0,Única,Não informado,Não informado,2020,1,26,6,15.0
2020-01-26,15:15:00,SEM VÍTIMA,FINALIZADA,IMBIRIBEIRA,RUA ITAMARACA,RUA JAMAICA,LADO OPOSTO AO Nº 238,IMBIRIBEIRA,CIDADE,CHOQUE VEÍCULO PARADO,ENTRE DOIS AUTOS S/V,2.0,1.0,0.0,0.0,0.0,0.0,0.0,0.0,0.0,0.0,0.0,Longo da via,Bom,Não existe,Perfeito estado,Seca,Perfeito estado,Não existe,Não há placas,60.0,Única,Não existe,Não informado,2020,1,26,6,15.0
2020-01-26,15:21:00,SEM VÍTIMA,FINALIZADA,BOA VISTA,AV GOVERNADOR AGAMENON MAGALHAES,AV RUI BARBOSA,Não informado,BOA VISTA,Não informado,COLISÃO TRASEIRA,COLISÃO SEM VÍTIMA,4.0,1.0,0.0,0.0,0.0,0.0,0.0,0.0,0.0,0.0,0.0,Longo da via,Bom,Sem defeito,Perfeito estado,Seca,Perfeito estado,Faixa de pedestre,R-6a,60.0,Dupla,Faixa seccionada,Não informado,2020,1,26,6,15.0
2020-01-26,17:06:00,SEM VÍTIMA,CANCELADA,ESPINHEIRO,AV GOVERNADOR AGAMENON MAGALHAES,RUA BUENOS AYRES,E/ AO BANCO DO NORDESTE,ESPINHEIRO,Não informado,COLISÃO,ENTRE DOIS AUTOS S/V,2.0,1.0,0.0,0.0,0.0,0.0,0.0,0.0,0.0,0.0,0.0,Não informado,Não informado,Não informado,Não informado,Não informado,Não informado,Não informado,Não informado,60.0,Não informado,Não informado,Não informado,2020,1,26,6,17.0
2020-01-26,17:16:00,SEM VÍTIMA,FINALIZADA,SANTO AMARO,AV PREFEITO ARTUR LIMA CAVALCANTI,Não informado,LADO OPOSTO AO HOSPITAL NAVAL,SANTO AMARO,Não informado,ABALROAMENTO LONGITUDINAL,ENTRE DOIS AUTOS S/V,2.0,1.0,0.0,0.0,0.0,0.0,0.0,0.0,0.0,0.0,0.0,Longo da via,Bom,Não existe,Perfeito estado,Seca,Perfeito estado,Outros,R-6a,40.0,Dupla,Canteiro central,Não informado,2020,1,26,6,17.0
2020-01-26,20:45:00,SEM VÍTIMA,FINALIZADA,BOA VIAGEM,RUA RAUL AZEDO,RUA FREI LEANDRO,IMÓVEL Nº 95,BOA VIAGEM,Não informado,ABALROAMENTO TRANSVERSAL,COLISÃO ENTRE DOIS AUTOS S/V,2.0,1.0,0.0,0.0,0.0,0.0,0.0,0.0,0.0,0.0,0.0,Cruzamento,Bom,Não existe,Incompleta,Seca,Perfeito estado,Faixa de pedestre,R-6a,30.0,Única,Não informado,Não informado,2020,1,26,6,20.0
2020-01-26,21:43:00,SEM VÍTIMA,CANCELADA,TEJIPIÓ,RUA FALCAO DE LACERDA,Não informado,PROX DA ESTÇÃO DE TEJIPIÓ- EM FRENTE AO POSTO IPIRANGA- AO LADO DA IGREJA COMUNIDADE EXTREMA UNÇÃO,TEJIPIÓ,Não informado,COLISÃO,COLISÃO ENTRE AUTO E MOTO S/V,2.0,1.0,0.0,0.0,0.0,0.0,0.0,0.0,0.0,0.0,0.0,Não informado,Não informado,Não informado,Não informado,Não informado,Não informado,Não informado,Não informado,60.0,Não informado,Não informado,Não informado,2020,1,26,6,21.0
2020-01-27,05:43:00,SEM VÍTIMA,FINALIZADA,IPSEP,RUA JEAN EMILE FAVRE,RUA PADRE LIMA E SA,LANCHONETE MUSTAPAN,IPSEP,SUBURBIO,ABALROAMENTO TRANSVERSAL,ENTRE AUTO PASSEIO X MOTO S/V,1.0,1.0,0.0,0.0,0.0,0.0,0.0,0.0,0.0,0.0,0.0,Cruzamento,Bom,Não existe,Perfeito estado,Seca,Perfeito estado,Não existe,Placas Pare,40.0,Dupla,Faixa contínua,Não informado,2020,1,27,0,5.0
2020-01-26,22:45:00,COM VÍTIMA,FINALIZADA,SANTO AMARO,AV GOVERNADOR AGAMENON MAGALHAES,Não informado,LADO OPOSTO AO SHOPPING TACARUNA,SANTO AMARO,CIDADE,COLISÃO COM CICLISTA,ENTRE AUTO PASSEIO X CICLISTA COM VÍTIMA,1.0,1.0,0.0,1.0,0.0,0.0,0.0,0.0,0.0,1.0,0.0,Longo da via,Bom,Não existe,Ilegível,Seca,Mal iluminada,Não existe,Não há placas,60.0,Dupla,Canal,Não informado,2020,1,26,6,22.0
2020-01-27,05:47:00,SEM VÍTIMA,FINALIZADA,COELHOS,RUA DR JOSE MARIANO,Não informado,MADELEI,COELHOS,CIDADE,CHOQUE VEÍCULO PARADO,COLISÃO ENTRE DOIS AUTOS S/V,2.0,1.0,0.0,0.0,0.0,0.0,0.0,0.0,0.0,0.0,0.0,Longo da via,Bom,Não existe,Incompleta,Seca,Perfeito estado,Não existe,Não há placas,60.0,Única,Não existe,Não informado,2020,1,27,0,5.0
2020-01-27,06:35:00,SEM VÍTIMA,FINALIZADA,ESPINHEIRO,AV NORTE,RUA JOSE DE SA CARNEIRO,EM FRENTE A CONCESSIONÁRIA RENAULT,ESPINHEIRO,Não informado,ABALROAMENTO LONGITUDINAL,MOTO E AUTO,1.0,1.0,0.0,0.0,0.0,0.0,0.0,0.0,0.0,0.0,0.0,Cruzamento,Bom,Sem defeito,Perfeito estado,Seca,Perfeito estado,Faixa de pedestre,Outras,60.0,Dupla,Faixa seccionada,Não informado,2020,1,27,0,6.0
2020-01-27,06:58:00,SEM VÍTIMA,FINALIZADA,BOA VIAGEM,AV ENGENHEIRO DOMINGOS FERREIRA,Não informado,EM FRENTE AO EDIFÍCIO ALICANTE,BOA VIAGEM,SUBURBIO,CHOQUE OBJETO FIXO,CHOQUE ENTRE AUTO E ÁRVORE- CONDUTOR SE EVADIU DO LOCAL,1.0,1.0,0.0,0.0,0.0,0.0,0.0,0.0,0.0,0.0,0.0,Longo da via,Bom,Não existe,Perfeito estado,Seca,Perfeito estado,Não existe,Não há placas,60.0,Dupla,Canteiro central,Não informado,2020,1,27,0,6.0
2020-01-27,07:11:00,COM VÍTIMA,FINALIZADA,SANTO ANTÔNIO,AV DANTAS BARRETO,RUA SIQUEIRA CAMPOS,EM FRENTE AO ANTIGO PREIO DO INSS / POR TRAS DOS CORREIOS,SANTO ANTÔNIO,SUBURBIO,ATROPELAMENTO,PEDESTRE / ONIBUS BRT,1.0,1.0,0.0,0.0,1.0,1.0,0.0,0.0,0.0,1.0,0.0,Cruzamento,Bom,Sem defeito,Incompleta,Seca,Perfeito estado,Não existe,Não há placas,30.0,Dupla,Canteiro central,Não informado,2020,1,27,0,7.0
2020-01-27,07:51:00,COM VÍTIMA,CANCELADA,CASA FORTE,AV DEZESSETE DE AGOSTO,Não informado,Não informado,CASA FORTE,Não informado,ACID. DE PERCURSO,MOTO / O DONO DA MOTO NAO QUIZ O ATENDIMENTO DA CTTU / SEGUINDO JUNTO COM A AMBULANCIA PARA O HOAPITAL COM A VITIMA,1.0,1.0,0.0,0.0,0.0,0.0,0.0,0.0,0.0,1.0,0.0,Não informado,Não informado,Não informado,Não informado,Não informado,Não informado,Não informado,Não informado,60.0,Não informado,Não informado,Não informado,2020,1,27,0,7.0
2020-01-27,08:44:00,SEM VÍTIMA,CANCELADA,IBURA,AV DOIS RIOS,Não informado,APOS O NUCLEO- PROX. AO POSTO DE GASOLINA BR,IBURA,Não informado,COLISÃO,DOIS AUTOS,2.0,1.0,0.0,0.0,0.0,0.0,0.0,0.0,0.0,0.0,0.0,Não informado,Não informado,Não informado,Não informado,Não informado,Não informado,Não informado,Não informado,60.0,Não informado,Não informado,Não informado,2020,1,27,0,8.0
2020-01-27,08:45:00,SEM VÍTIMA,FINALIZADA,TAMARINEIRA,RUA CONEGO BARATA,Não informado,Não informado,TAMARINEIRA,SUBURBIO,COLISÃO TRASEIRA,SEM VITIMAS,2.0,1.0,0.0,0.0,0.0,0.0,0.0,0.0,0.0,0.0,0.0,Longo da via,Bom,Não existe,Perfeito estado,Seca,Perfeito estado,Não existe,Não há placas,60.0,Dupla,Canteiro central,Não informado,2020,1,27,0,8.0
2020-01-27,08:49:00,SEM VÍTIMA,FINALIZADA,ESPINHEIRO,RUA DR FERNANDO ALLAIN,RUA MARQUES DO PARANA,MARTELINHO DE OURO,ESPINHEIRO,CIDADE,ABALROAMENTO TRANSVERSAL,COLISÃO S/VITIMAS ENTRE DOIS AUTOS,2.0,1.0,0.0,0.0,0.0,0.0,0.0,0.0,0.0,0.0,0.0,Cruzamento,Bom,Não existe,Incompleta,Seca,Perfeito estado,Faixa de pedestre,R-6a,60.0,Única,Não existe,Não informado,2020,1,27,0,8.0
2020-01-27,09:19:00,SEM VÍTIMA,FINALIZADA,MACAXEIRA,AV NORTE,AV DA RECUPERACAO,Não informado,MACAXEIRA,SUBURBIO,COLISÃO TRASEIRA,SEM VITIMAS,2.0,1.0,0.0,0.0,0.0,1.0,0.0,0.0,0.0,0.0,0.0,Não informado,Bom,Não existe,Não existente,Seca,Perfeito estado,Não existe,Não há placas,60.0,Dupla,Não informado,Não informado,2020,1,27,0,9.0
2020-01-27,09:44:00,COM VÍTIMA,FINALIZADA,IPSEP,RUA PAMPULHA,RUA ITAJAI,EM FRENTE AO BUFFET CASA BRABCA,IPSEP,CIDADE,ABALROAMENTO TRANSVERSAL,COLISÃO COM DUAS VITIMAS-SAMU NO LOCAL,1.0,1.0,0.0,0.0,0.0,0.0,0.0,0.0,0.0,2.0,0.0,Cruzamento,Bom,Não existe,Não informado,Seca,Perfeito estado,Outros,Placas Pare,60.0,Dupla,Faixa seccionada,Não informado,2020,1,27,0,9.0
2020-01-27,09:56:00,SEM VÍTIMA,FINALIZADA,AFOGADOS,RUA COSME VIANA,RUA PADRE TEOFILO TWORZ,AO LADO DA TUPAN,AFOGADOS,SUBURBIO,ABALROAMENTO TRANSVERSAL,COLISÃO S/VITIMAS ENTRE DOIS AUTOS,2.0,1.0,0.0,0.0,0.0,0.0,0.0,0.0,0.0,0.0,0.0,Cruzamento,Bom,Sem defeito,Incompleta,Seca,Perfeito estado,Faixa de pedestre,Não há placas,60.0,Única,Faixa contínua,Não informado,2020,1,27,0,9.0
2020-01-27,10:40:00,SEM VÍTIMA,FINALIZADA,TORRE,RUA ALBERTO PAIVA,RUA AMELIA,Não informado,TORRE,SUBURBIO,ABALROAMENTO LONGITUDINAL,COLISÃO S/VITIMAS ENTRE DOIS AUTOS,1.0,1.0,0.0,0.0,0.0,0.0,1.0,0.0,0.0,0.0,0.0,Longo da via,Bom,Sem defeito,Perfeito estado,Seca,Perfeito estado,Faixa de retenção,Outras,60.0,Dupla,Faixa contínua,Não informado,2020,1,27,0,10.0
2020-01-27,10:43:00,SEM VÍTIMA,CANCELADA,MACAXEIRA,AV NORTE,Não informado,EM FRENTE AO COLEGIO ESTADUAL MARIA AMALIA,MACAXEIRA,SUBURBIO,COLISÃO,SEM VITIMAS,2.0,1.0,0.0,0.0,0.0,0.0,0.0,0.0,0.0,0.0,0.0,Não informado,Não informado,Não informado,Não informado,Não informado,Não informado,Não informado,Não informado,60.0,Não informado,Não informado,Não informado,2020,1,27,0,10.0
2020-01-27,10:56:00,SEM VÍTIMA,CANCELADA,AFOGADOS,RUA MOTOCOLOMBO,RUA PROFESSOR AUGUSTO WANDERLEY FILHO,NO CRUZAMENTO / EM FRETE AO TROCAO,AFOGADOS,Não informado,COLISÃO,DOIS AUTOS,2.0,1.0,0.0,0.0,0.0,0.0,0.0,0.0,0.0,0.0,0.0,Não informado,Não informado,Não informado,Não informado,Não informado,Não informado,Não informado,Não informado,60.0,Não informado,Não informado,Não informado,2020,1,27,0,10.0
2020-01-27,11:12:00,SEM VÍTIMA,FINALIZADA,IMBIRIBEIRA,AV MARECHAL MASCARENHAS DE MORAES,Não informado,LOJAS FERREIRA COSTA,IMBIRIBEIRA,CIDADE,ABALROAMENTO LONGITUDINAL,ONIBUS E AUTO,1.0,1.0,0.0,0.0,0.0,1.0,0.0,0.0,0.0,0.0,0.0,Longo da via,Bom,Sem defeito,Perfeito estado,Seca,Perfeito estado,Não informado,Não há placas,60.0,Dupla,Faixa contínua,Não informado,2020,1,27,0,11.0
2020-01-27,11:15:00,SEM VÍTIMA,FINALIZADA,CORDEIRO,EST DO FORTE DO ARRAIAL N. DO B. JESUS,RUA PROFESSORA LAURA FERREIRA DA COSTA,FORTE ARRAIAL DO BOM JESUS,CORDEIRO,SUBURBIO,ABALROAMENTO TRANSVERSAL,COLISÃO S/VITIMAS ENTRE UM ONIBUS E UM AUTO,1.0,1.0,0.0,0.0,0.0,1.0,0.0,0.0,0.0,0.0,0.0,Cruzamento,Bom,Não existe,Não existente,Seca,Perfeito estado,Não existe,Não há placas,60.0,Dupla,Faixa contínua,Não informado,2020,1,27,0,11.0
2020-01-27,11:18:00,SEM VÍTIMA,FINALIZADA,IMBIRIBEIRA,AV MARECHAL MASCARENHAS DE MORAES,Não informado,FORD DIVEPE CAMINHÕES,IMBIRIBEIRA,CIDADE,ABALROAMENTO LONGITUDINAL,ONIBUS E CAMINHAO,1.0,1.0,0.0,0.0,0.0,0.0,1.0,0.0,0.0,0.0,0.0,Longo da via,Bom,Sem defeito,Perfeito estado,Seca,Perfeito estado,Faixa de pedestre,Outras,60.0,Dupla,Canteiro central,Não informado,2020,1,27,0,11.0
2020-01-27,12:13:00,SEM VÍTIMA,CANCELADA,JARDIM SÃO PAULO,AV SAO PAULO,Não informado,EM FRENTE AO SUPERMERCADO RENDE MAIS,JARDIM SÃO PAULO,Não informado,COLISÃO,COLISÃO SEM VÍTIMA,1.0,1.0,0.0,0.0,0.0,0.0,1.0,0.0,0.0,0.0,0.0,Não informado,Não informado,Não informado,Não informado,Não informado,Não informado,Não informado,Não informado,60.0,Não informado,Não informado,Não informado,2020,1,27,0,12.0
2020-01-27,12:55:00,SEM VÍTIMA,FINALIZADA,BOA VISTA,RUA DA AURORA,Não informado,E/F A AGENCIA DO TRABALHO,BOA VISTA,Não informado,ABALROAMENTO LONGITUDINAL,ENTRE CAMINHÃO X AUTO PASSEIO S/V,1.0,1.0,0.0,0.0,0.0,0.0,1.0,0.0,0.0,0.0,0.0,Longo da via,Bom,Sem defeito,Perfeito estado,Seca,Perfeito estado,Faixa de pedestre,Não informado,60.0,Única,Faixa contínua,Não informado,2020,1,27,0,12.0
2020-01-27,13:19:00,SEM VÍTIMA,FINALIZADA,BOA VIAGEM,AV VINTE DE JANEIRO,RUA JORNALISTA ALFREDO PORTO SILVEIRA,Não informado,BOA VIAGEM,SUBURBIO,ABALROAMENTO TRANSVERSAL,COLISÃO SEM VÍTIMA,2.0,1.0,0.0,0.0,0.0,0.0,0.0,0.0,0.0,0.0,0.0,Cruzamento,Bom,Não existe,Perfeito estado,Seca,Perfeito estado,Faixa de retenção,Placas Pare,30.0,Dupla,Faixa contínua,Não informado,2020,1,27,0,13.0
2020-01-27,13:20:00,SEM VÍTIMA,FINALIZADA,MADALENA,RUA JOSE OSORIO,AV BEIRA RIO,Não informado,MADALENA,SUBURBIO,COLISÃO TRASEIRA,ENTRE DOIS AUTOS S/V,2.0,1.0,0.0,0.0,0.0,0.0,0.0,0.0,0.0,0.0,0.0,Longo da via,Bom,Sem defeito,Perfeito estado,Seca,Perfeito estado,Faixa de pedestre,Não há placas,60.0,Dupla,Faixa contínua,Não informado,2020,1,27,0,13.0
2020-01-27,13:50:00,SEM VÍTIMA,CANCELADA,CORDEIRO,EST DO FORTE DO ARRAIAL N. DO B. JESUS,Não informado,PROXIMO A PRAÇA DO QUINZE,CORDEIRO,Não informado,COLISÃO,COLISÃO SEM VÍTIMA,2.0,1.0,0.0,0.0,0.0,0.0,0.0,0.0,0.0,0.0,0.0,Não informado,Não informado,Não informado,Não informado,Não informado,Não informado,Não informado,Não informado,60.0,Não informado,Não informado,Não informado,2020,1,27,0,13.0
2020-01-27,14:45:00,SEM VÍTIMA,FINALIZADA,BOA VIAGEM,AV ENGENHEIRO DOMINGOS FERREIRA,RUA HENRIQUE CAPITULINO,Não informado,BOA VIAGEM,SUBURBIO,COLISÃO TRASEIRA,ENTRE DOIS AUTOS S/V,2.0,1.0,0.0,0.0,0.0,0.0,0.0,0.0,0.0,0.0,0.0,Longo da via,Bom,Sem defeito,Perfeito estado,Seca,Perfeito estado,Faixa de pedestre,Não informado,60.0,Única,Faixa contínua,Não informado,2020,1,27,0,14.0
2020-01-27,14:47:00,SEM VÍTIMA,FINALIZADA,BOA VISTA,RUA PADRE INGLES,Não informado,EM FRENTE AO Nº 367,BOA VISTA,Não informado,ABALROAMENTO LONGITUDINAL,COLISÃO SEM VÍTIMA,2.0,1.0,0.0,0.0,0.0,0.0,0.0,0.0,0.0,0.0,0.0,Longo da via,Bom,Não existe,Perfeito estado,Seca,Mal conservada,Faixa de pedestre,Placas Pare,60.0,Única,Não existe,Não informado,2020,1,27,0,14.0
2020-01-27,15:50:00,SEM VÍTIMA,FINALIZADA,MADALENA,AV CAXANGA,Não informado,ESTAÇÃO ZUMBI - BRT,MADALENA,SUBURBIO,COLISÃO TRASEIRA,COLISÃO SEM VÍTIMA,3.0,1.0,0.0,0.0,0.0,0.0,0.0,0.0,0.0,0.0,0.0,Longo da via,Bom,Sem defeito,Perfeito estado,Seca,Não informado,Faixa de pedestre,Outras,60.0,Única,Não existe,Não informado,2020,1,27,0,15.0
2020-01-27,16:45:00,COM VÍTIMA,FINALIZADA,SANTO AMARO,AV CRUZ CABUGA,RUA PEDRO AFONSO,LADO OPOSTO À ESCOLA SUPERIOR DE MARKETING.,SANTO AMARO,Não informado,ABALROAMENTO TRANSVERSAL,DUAS MOTOCICLETAS,1.0,2.0,0.0,0.0,0.0,0.0,0.0,0.0,0.0,1.0,0.0,Cruzamento,Bom,Não existe,Perfeito estado,Seca,Perfeito estado,Faixa de pedestre,Não há placas,60.0,Dupla,Não existe,Não informado,2020,1,27,0,16.0