data,hora,natureza_acidente,situacao,bairro,endereco,detalhe_endereco_acidente,complemento,bairro_cruzamento,sentido_via,tipo,descricao,auto,moto,ciclom,ciclista,pedestre,onibus,caminhao,viatura,outros,vitimas,vitimasfatais,acidente_verificado,tempo_clima,situacao_semaforo,sinalizacao,condicao_via,conservacao_via,ponto_controle,situacao_placa,velocidade_max_via,mao_direcao,divisao_via1,natureza,ano,mes,dia,dia_semana,hora_ocorrencia
2020-01-27,17:17:00,SEM VÍTIMA,FINALIZADA,ENGENHO DO MEIO,RUA FRANCISCO BEZERRA MONTEIRO,Não informado,EUROFINS,ENGENHO DO MEIO,SUBURBIO,ABALROAMENTO LONGITUDINAL,COLISÃO SEM VÍTIMA,2.0,1.0,0.0,0.0,0.0,0.0,0.0,0.0,0.0,0.0,0.0,Longo da via,Bom,Não existe,Não existente,Seca,Perfeito estado,Não existe,Não há placas,60.0,Dupla,Não existe,Não informado,2020,1,27,0,17.0
2020-01-27,17:58:00,SEM VÍTIMA,FINALIZADA,IPSEP,RUA HELIO BRANDAO,RUA ALVORADA,Não informado,IPSEP,SUBURBIO,ABALROAMENTO LONGITUDINAL,ENTRE ONIBUS X TAXI S/V,1.0,1.0,0.0,0.0,0.0,1.0,0.0,0.0,0.0,0.0,0.0,Longo da via,Bom,Não existe,Não existente,Seca,Perfeito estado,Não existe,Não há placas,30.0,Única,Não existe,Não informado,2020,1,27,0,17.0
2020-01-27,18:21:00,SEM VÍTIMA,CANCELADA,TAMARINEIRA,EST DO ARRAIAL,Não informado,E//F A HI ACADEMIA,TAMARINEIRA,Não informado,COLISÃO,ONIBUS X AUTO PASSEIO S/V,1.0,1.0,0.0,0.0,0.0,1.0,0.0,0.0,0.0,0.0,0.0,Não informado,Não informado,Não informado,Não informado,Não informado,Não informado,Não informado,Não informado,60.0,Não informado,Não informado,Não informado,2020,1,27,0,18.0
2020-01-27,18:24:00,SEM VÍTIMA,FINALIZADA,BOA VIAGEM,AV ENGENHEIRO DOMINGOS FERREIRA,Não informado,EM FRENTE AO ARMAZÉM CORAL,BOA VIAGEM,SUBURBIO,COLISÃO TRASEIRA,COLISÃO SEM VÍTIMA,2.0,1.0,0.0,0.0,0.0,0.0,0.0,0.0,0.0,0.0,0.0,Longo da via,Bom,Não existe,Perfeito estado,Seca,Perfeito estado,Não existe,R-6a,60.0,Dupla,Canteiro central,Não informado,2020,1,27,0,18.0
2020-01-27,18:29:00,COM VÍTIMA,FINALIZADA,IPSEP,AV RECIFE,Não informado,LADO OPOSTO A PADARIA VILA DO PÃO,IPSEP,CIDADE,COLISÃO TRASEIRA,ENTRE AUTO PASSEIO X CARROÇA COM VÍTIMA. APÓS A COLISÃO NA CARROÇA- ELA COLIDIU COM UM TERCEIRO ENVOLVIDO.,2.0,1.0,0.0,0.0,0.0,0.0,0.0,0.0,1.0,1.0,0.0,Longo da via,Bom,Não existe,Perfeito estado,Seca,Perfeito estado,Não existe,Outras,60.0,Dupla,Faixa contínua,Não informado,2020,1,27,0,18.0
2020-01-27,18:38:00,COM VÍTIMA,FINALIZADA,ÁGUA FRIA,RUA DA REGENERACAO,RUA BOM CONSELHO,PROX. A CASA DE FERRAGENS JOSÉ LUIZ DA FONSECA,ÁGUA FRIA,CIDADE,COLISÃO FRONTAL,COLISÃO COM VITIMA,2.0,1.0,0.0,0.0,0.0,0.0,0.0,0.0,0.0,1.0,0.0,Cruzamento,Bom,Não existe,Incompleta,Seca,Não informado,Não existe,Não há placas,60.0,Dupla,Não existe,Não informado,2020,1,27,0,18.0
2020-01-27,18:43:00,SEM VÍTIMA,FINALIZADA,PINA,AV HERCULANO BANDEIRA,Não informado,EM FRENTE AO ATACADO DOS PRESENTES,PINA,SUBURBIO,ABALROAMENTO LONGITUDINAL,ONIBUS BORBOREMA X RENAULT LOGAN,1.0,1.0,0.0,0.0,0.0,1.0,0.0,0.0,0.0,0.0,0.0,Longo da via,Bom,Sem defeito,Perfeito estado,Seca,Perfeito estado,Faixa de pedestre,Não informado,60.0,Única,Faixa contínua,Não informado,2020,1,27,0,18.0
2020-01-27,20:21:00,COM VÍTIMA,FINALIZADA,IPSEP,RUA ALDEMAR DE OLIVEIRA,RUA HELIO BRANDAO,PROX A GUSTAVO VEICULOS DA AV. RECIFE,IPSEP,Não informado,ABALROAMENTO TRANSVERSAL,ENTRE AUTO PASSEIO X MOTO COM VÍTIMA,1.0,1.0,0.0,0.0,0.0,0.0,0.0,0.0,0.0,2.0,0.0,Cruzamento,Bom,Não existe,Ilegível,Seca,Perfeito estado,Faixa de retenção,Não há placas,60.0,Dupla,Faixa contínua,Não informado,2020,1,27,0,20.0
2020-01-27,21:16:00,SEM VÍTIMA,FINALIZADA,JAQUEIRA,RUA SIMAO MENDES,Não informado,FRENTE AO SAINT ELISIO,JAQUEIRA,SUBURBIO,COLISÃO TRASEIRA,ENTRE DOIS AUTOS S/V,2.0,1.0,0.0,0.0,0.0,0.0,0.0,0.0,0.0,0.0,0.0,Longo da via,Bom,Não existe,Não existente,Seca,Perfeito estado,Não existe,Não informado,40.0,Dupla,Não existe,Não informado,2020,1,27,0,21.0
2020-01-27,23:18:00,SEM VÍTIMA,FINALIZADA,BOA VIAGEM,RUA JOAO CARDOSO AIRES,Não informado,SEMÁFORO 478 / APÓS O COLÉGIO MADRE DE DEUS,BOA VIAGEM,SUBURBIO,COLISÃO TRASEIRA,HONDA HRV X SANDERO,2.0,1.0,0.0,0.0,0.0,0.0,0.0,0.0,0.0,0.0,0.0,Longo da via,Bom,Sem defeito,Perfeito estado,Seca,Perfeito estado,Faixa de pedestre,Outras,60.0,Única,Faixa seccionada,Não informado,2020,1,27,0,23.0
2020-01-28,07:05:00,SEM VÍTIMA,FINALIZADA,AFOGADOS,RUA COSME VIANA,Não informado,Não informado,AFOGADOS,SUBURBIO,COLISÃO TRASEIRA,SEM VITIMAS,1.0,1.0,0.0,0.0,0.0,0.0,1.0,0.0,0.0,0.0,0.0,Longo da via,Bom,Sem defeito,Perfeito estado,Seca,Perfeito estado,Faixa de pedestre,R-6a,60.0,Única,Faixa seccionada,Não informado,2020,1,28,1,7.0
2020-01-28,07:07:00,SEM VÍTIMA,FINALIZADA,CORDEIRO,RUA ODETE MONTEIRO,AV PROFESSOR ESTEVAO FRANCISCO DA COSTA,POSTO PETROCAL,CORDEIRO,CIDADE,ABALROAMENTO LONGITUDINAL,COLISÃO S/VITIMAS ENTRE DOIS AUTOS,2.0,1.0,0.0,0.0,0.0,0.0,0.0,0.0,0.0,0.0,0.0,Cruzamento,Bom,Sem defeito,Perfeito estado,Seca,Perfeito estado,Faixa de pedestre,Não informado,60.0,Dupla,Canteiro central,Não informado,2020,1,28,1,7.0
2020-01-28,07:23:00,SEM VÍTIMA,FINALIZADA,BOA VIAGEM,AVENIDA CELSO FURTADO (VIA MANGUE),Não informado,SOBRE AV GENERAL MAC ARTHUR,BOA VIAGEM,SUBURBIO,ABALROAMENTO LONGITUDINAL,SEM VITIMAS,2.0,1.0,0.0,0.0,0.0,0.0,0.0,0.0,0.0,0.0,0.0,Longo da via,Bom,Não existe,Perfeito estado,Seca,Perfeito estado,Não existe,Não há placas,60.0,Dupla,Canteiro central,Não informado,2020,1,28,1,7.0
2020-01-28,07:49:00,SEM VÍTIMA,FINALIZADA,ESPINHEIRO,AV GOVERNADOR AGAMENON MAGALHAES,RUA DR FERNANDO ALLAIN,AO LADO DA JEEP,ESPINHEIRO,Não informado,ABALROAMENTO LONGITUDINAL,COLISÃO S/VITIMAS ENTRE DOIS AUTOS,2.0,1.0,0.0,0.0,0.0,0.0,0.0,0.0,0.0,0.0,0.0,Não informado,Bom,Não existe,Perfeito estado,Seca,Perfeito estado,Não existe,Placas Pare,60.0,Dupla,Não existe,Não informado,2020,1,28,1,7.0
2020-01-28,08:11:00,SEM VÍTIMA,FINALIZADA,JOANA BEZERRA,VIADUTO CAPITAO TEMUDO,Não informado,SOBRE O VIADUTO,JOANA BEZERRA,Não informado,COLISÃO TRASEIRA,ENGAVETAMENTO ENTRE TRES VEICULOS. SEM VITIMA,2.0,1.0,0.0,0.0,0.0,0.0,0.0,0.0,1.0,0.0,0.0,Viaduto,Bom,Não existe,Perfeito estado,Seca,Perfeito estado,Não existe,Não há placas,60.0,Dupla,Faixa seccionada,Não informado,2020,1,28,1,8.0
2020-01-28,08:15:00,SEM VÍTIMA,FINALIZADA,IMBIRIBEIRA,AV MARECHAL MASCARENHAS DE MORAES,Não informado,LADO OPOSTO AO Nº 1482,IMBIRIBEIRA,CIDADE,COLISÃO TRASEIRA,DUAS MOTOS BATEDORES NO LOCAL INSP. ROMERO E BATISTUTA,1.0,2.0,0.0,0.0,0.0,0.0,0.0,0.0,0.0,0.0,0.0,Longo da via,Bom,Sem defeito,Perfeito estado,Seca,Perfeito estado,Faixa de pedestre,Não há placas,60.0,Dupla,Canteiro central,Não informado,2020,1,28,1,8.0
2020-01-28,08:20:00,COM VÍTIMA,FINALIZADA,IMBIRIBEIRA,AV MARECHAL MASCARENHAS DE MORAES,RUA NORUEGA,EM FRENTE A MARAVILHA MOTOS,IMBIRIBEIRA,CIDADE,ABALROAMENTO TRANSVERSAL,COM UMA VITIMA -SAMU NO LOCAL/CTTU NO LOCAL/GM LEONALDO E ANDRE MANOEL,1.0,1.0,0.0,0.0,0.0,0.0,0.0,0.0,0.0,1.0,0.0,Cruzamento,Bom,Sem defeito,Perfeito estado,Seca,Perfeito estado,Faixa de pedestre,Não informado,60.0,Dupla,Faixa contínua,Não informado,2020,1,28,1,8.0
2020-01-28,08:27:00,COM VÍTIMA,FINALIZADA,VASCO DA GAMA,RUA VASCO DA GAMA,Não informado,Não informado,VASCO DA GAMA,SUBURBIO,COLISÃO COM CICLISTA,MOTO E CICLISTA,1.0,1.0,0.0,1.0,0.0,0.0,0.0,0.0,0.0,1.0,0.0,Longo da via,Bom,Não existe,Incompleta,Seca,Perfeito estado,Não existe,Outras,30.0,Dupla,Não existe,Não informado,2020,1,28,1,8.0
2020-01-28,08:47:00,SEM VÍTIMA,FINALIZADA,SÃO JOSÉ,C SANTA RITA,Não informado,GRANDE RECIFE E 16º BATALHÃO DA PM,SÃO JOSÉ,SUBURBIO,ABALROAMENTO LONGITUDINAL,DOIS AUTOS,2.0,1.0,0.0,0.0,0.0,0.0,0.0,0.0,0.0,0.0,0.0,Longo da via,Bom,Não existe,Perfeito estado,Seca,Perfeito estado,Não existe,Não há placas,60.0,Dupla,Canteiro central,Não informado,2020,1,28,1,8.0
2020-01-28,09:40:00,SEM VÍTIMA,FINALIZADA,ESPINHEIRO,RUA DA HORA,Não informado,AO LADO DA HAPVIDA PEDRO DA HORA,ESPINHEIRO,Não informado,ABALROAMENTO LONGITUDINAL,SEM VITIMAS,2.0,1.0,0.0,0.0,0.0,0.0,0.0,0.0,0.0,0.0,0.0,Longo da via,Bom,Não existe,Perfeito estado,Seca,Perfeito estado,Outros,R-6a,60.0,Única,Não informado,Não informado,2020,1,28,1,9.0
2020-01-28,09:58:00,SEM VÍTIMA,FINALIZADA,BOA VISTA,RUA DA MATRIZ,Não informado,EM FRENTE BC INFORMÁTICA,BOA VISTA,CIDADE,ABALROAMENTO LONGITUDINAL,SEM VITIMAS,1.0,1.0,0.0,0.0,0.0,0.0,0.0,0.0,0.0,0.0,0.0,Longo da via,Bom,Não existe,Perfeito estado,Seca,Perfeito estado,Outros,Outras,60.0,Única,Não existe,Não informado,2020,1,28,1,9.0
2020-01-28,11:39:00,SEM VÍTIMA,FINALIZADA,MADALENA,RUA BENFICA,RUA PROFESSOR BENEDITO MONTEIRO,EM FRENTE AO CLUBE INTERNACIONAL,MADALENA,CIDADE,ABALROAMENTO LONGITUDINAL,DOIS AUTOS,2.0,1.0,0.0,0.0,0.0,0.0,0.0,0.0,0.0,0.0,0.0,Longo da via,Bom,Não existe,Perfeito estado,Seca,Perfeito estado,Não existe,Outras,30.0,Única,Faixa seccionada,Não informado,2020,1,28,1,11.0
2020-01-28,12:11:00,SEM VÍTIMA,PENDENTE,AFOGADOS,EST DOS REMEDIOS,RUA VINTE E UM DE ABRIL,EM FRENTE AO TERMINAL INTEGRAL DE AFOGADOS E MERCADÃO SR ANTONIO,AFOGADOS,Não informado,COLISÃO,COLISÃO SEM VÍTIMA,2.0,1.0,0.0,0.0,0.0,0.0,0.0,0.0,0.0,0.0,0.0,Não informado,Não informado,Não informado,Não informado,Não informado,Não informado,Não informado,Não informado,60.0,Não informado,Não informado,Não informado,2020,1,28,1,12.0
2020-01-28,13:05:00,SEM VÍTIMA,FINALIZADA,PINA,AV ANTONIO DE GOES,Não informado,EM FRENTE AO EMPRESARIAL JOPIN,PINA,CIDADE,COLISÃO TRASEIRA,COLISÃO SEM VÍTIMA,2.0,1.0,0.0,0.0,0.0,0.0,0.0,0.0,0.0,0.0,0.0,Longo da via,Bom,Sem defeito,Perfeito estado,Seca,Perfeito estado,Agente,Não informado,60.0,Única,Canteiro central,Não informado,2020,1,28,1,13.0
2020-01-28,13:33:00,SEM VÍTIMA,FINALIZADA,MUSTARDINHA,AV MANOEL GONCALVES DA LUZ,RUA ANA OTILIA DE FARIAS,PROX. DO SESI,MUSTARDINHA,SUBURBIO,ABALROAMENTO TRANSVERSAL,COLISÃO SEM VITIMA,1.0,1.0,0.0,0.0,0.0,0.0,0.0,0.0,0.0,0.0,0.0,Não informado,Bom,Não existe,Perfeito estado,Seca,Perfeito estado,Não informado,Placas Pare,60.0,Dupla,Faixa seccionada,Não informado,2020,1,28,1,13.0
2020-01-28,13:47:00,COM VÍTIMA,FINALIZADA,ENCRUZILHADA,EST DE BELEM,RUA DONA JULIETA,PROX A ESCOLA PROFESSOR OLIVIO MONTENEGRO. AO LADO DA IGREJA DE BELÉM.,ENCRUZILHADA,CIDADE,ABALROAMENTO TRANSVERSAL,MOTO X SAVEIRO OBS : BOMBEIRO NO LOCAL INFORMOU QUE A FRATURA FOI EXPOSTA,1.0,1.0,0.0,0.0,0.0,0.0,0.0,0.0,0.0,1.0,0.0,Esquina,Bom,Não existe,Perfeito estado,Seca,Perfeito estado,Outros,R-6a,60.0,Dupla,Faixa contínua,Não informado,2020,1,28,1,13.0
2020-01-28,14:07:00,SEM VÍTIMA,FINALIZADA,CORDEIRO,AV CAXANGA,Não informado,FARMÁCIA DROGASIL,CORDEIRO,SUBURBIO,COLISÃO TRASEIRA,COLISÃO SEM VÍTIMA,2.0,1.0,0.0,0.0,0.0,0.0,0.0,0.0,0.0,0.0,0.0,Longo da via,Bom,Não existe,Perfeito estado,Seca,Perfeito estado,Não existe,Outras,60.0,Dupla,Faixa contínua,Não informado,2020,1,28,1,14.0
2020-01-28,14:49:00,SEM VÍTIMA,FINALIZADA,ILHA DO RETIRO,EST DOS REMEDIOS,Não informado,HC PNEUS PRÓXIMO,ILHA DO RETIRO,SUB/CID,ABALROAMENTO LONGITUDINAL,COLISÃO SEM VÍTIMA,2.0,1.0,0.0,0.0,0.0,0.0,0.0,0.0,0.0,0.0,0.0,Longo da via,Bom,Não informado,Perfeito estado,Seca,Perfeito estado,Não informado,Não informado,60.0,Única,Não informado,Não informado,2020,1,28,1,14.0
2020-01-28,15:15:00,COM VÍTIMA,FINALIZADA,BOA VIAGEM,RUA DR LUIZ CORREA DE OLIVEIRA,RUA EVARISTO CARNEIRO LEAO,NA ESQUINA SO SQUASH CENTER ACADEMIA DE TENNIS,BOA VIAGEM,CIDADE,COLISÃO FRONTAL,COLISÃO COM VITIMA,1.0,1.0,0.0,0.0,0.0,0.0,0.0,0.0,0.0,2.0,0.0,Cruzamento,Bom,Não existe,Não existente,Seca,Perfeito estado,Não existe,Não há placas,60.0,Dupla,Não existe,Não informado,2020,1,28,1,15.0
2020-01-28,15:22:00,SEM VÍTIMA,FINALIZADA,SANTO AMARO,AV DR JAYME DA FONTE,Não informado,EM FRENTE AO Nº 18,SANTO AMARO,SUBURBIO,ABALROAMENTO LONGITUDINAL,COLISÃO SEM VÍTIMA,1.0,1.0,0.0,0.0,0.0,1.0,0.0,0.0,0.0,0.0,0.0,Longo da via,Bom,Não existe,Perfeito estado,Seca,Perfeito estado,Não existe,R-6a,60.0,Dupla,Faixa seccionada,Não informado,2020,1,28,1,15.0
2020-01-28,15:25:00,SEM VÍTIMA,CANCELADA,IPSEP,RUA DANCING DAYS,Não informado,AO LADO DO ARMAZEM DE CONSTRUÇÃO E NARA MIX,IPSEP,Não informado,COLISÃO,COLISÃO SEM VITIMA,1.0,1.0,0.0,0.0,0.0,1.0,0.0,0.0,0.0,0.0,0.0,Não informado,Não informado,Não informado,Não informado,Não informado,Não informado,Não informado,Não informado,60.0,Não informado,Não informado,Não informado,2020,1,28,1,15.0
2020-01-28,15:49:00,SEM VÍTIMA,FINALIZADA,AREIAS,AV RECIFE,Não informado,LADO OPOSTO AO BIG BOMPREÇO,AREIAS,SUBURBIO,COLISÃO TRASEIRA,COLISÃO SEM VITIMA,1.0,1.0,0.0,0.0,0.0,0.0,0.0,0.0,0.0,0.0,0.0,Longo da via,Bom,Sem defeito,Perfeito estado,Seca,Perfeito estado,Faixa de pedestre,Outras,60.0,Dupla,Canteiro central,Não informado,2020,1,28,1,15.0
2020-01-28,16:25:00,SEM VÍTIMA,CANCELADA,SAN MARTIN,AV CONSUL VILARES FRAGOSO,RUA OUREM,A MAIS OU MENOS 100METROS DA CAVALARIA...RUA AO LADO,SAN MARTIN,Não informado,COLISÃO,COLISÃO SEM VITIMA,2.0,1.0,0.0,0.0,0.0,0.0,0.0,0.0,0.0,0.0,0.0,Não informado,Não informado,Não informado,Não informado,Não informado,Não informado,Não informado,Não informado,60.0,Não informado,Não informado,Não informado,2020,1,28,1,16.0
2020-01-28,17:59:00,SEM VÍTIMA,FINALIZADA,TORRE,RUA PROFESSOR TRAJANO DE MENDONCA,Não informado,EM FRENTE AO ATACADAO DE PRESENTES,TORRE,CIDADE,ABALROAMENTO LONGITUDINAL,CAMINHAO HR X HB20,1.0,1.0,0.0,0.0,0.0,0.0,1.0,0.0,0.0,0.0,0.0,Longo da via,Bom,Não existe,Perfeito estado,Seca,Perfeito estado,Não existe,R-6a,60.0,Única,Faixa contínua,Não informado,2020,1,28,1,17.0
2020-01-28,18:43:00,SEM VÍTIMA,FINALIZADA,AFOGADOS,AV SUL,RUA NICOLAU PEREIRA,Não informado,AFOGADOS,CIDADE,ABALROAMENTO LONGITUDINAL,ENTRE 2 AUTOS.S/V,2.0,1.0,0.0,0.0,0.0,0.0,0.0,0.0,0.0,0.0,0.0,Longo da via,Bom,Não existe,Perfeito estado,Seca,Perfeito estado,Não existe,Não há placas,60.0,Única,Faixa contínua,Não informado,2020,1,28,1,18.0
2020-01-28,19:01:00,COM VÍTIMA,FINALIZADA,AREIAS,AV RECIFE,AV TAPAJOS,PROX AO POSTO BR SENTIDO BOA VIAGEM,AREIAS,CIDADE,ABALROAMENTO LONGITUDINAL,MOTO X FIAT MOBI,1.0,1.0,0.0,0.0,0.0,0.0,0.0,0.0,0.0,1.0,0.0,Longo da via,Bom,Sem defeito,Perfeito estado,Seca,Perfeito estado,Faixa de pedestre,R-4a,60.0,Dupla,Canteiro central,Não informado,2020,1,28,1,19.0
2020-01-28,19:49:00,SEM VÍTIMA,FINALIZADA,SANTO AMARO,AV CRUZ CABUGA,RUA FREI CASSIMIRO,CASA DA INDUSTRIA,SANTO AMARO,SUBURBIO,ABALROAMENTO LONGITUDINAL,Não informado,1.0,1.0,0.0,0.0,0.0,1.0,0.0,0.0,0.0,0.0,0.0,Cruzamento,Bom,Não existe,Perfeito estado,Seca,Perfeito estado,Faixa de pedestre,R-25b,60.0,Dupla,Faixa contínua,Não informado,2020,1,28,1,19.0
2020-01-28,20:01:00,SEM VÍTIMA,FINALIZADA,BOA VIAGEM,RUA ERNESTO DE PAULA SANTOS,Não informado,EM FRENTE A FARMÁCIA PAGUE MENOS,BOA VIAGEM,SUBURBIO,ABALROAMENTO LONGITUDINAL,ENTRE AUTO E MOTO. S/V,1.0,1.0,0.0,0.0,0.0,0.0,0.0,0.0,0.0,0.0,0.0,Longo da via,Bom,Não existe,Ilegível,Seca,Mal iluminada,Não existe,Não há placas,60.0,Única,Faixa seccionada,Não informado,2020,1,28,1,20.0
2020-01-28,21:02:00,SEM VÍTIMA,FINALIZADA,CORDEIRO,AV MAURICIO DE NASSAU,Não informado,AO LADO DO HABITACIONAL DO CORDEIRO,CORDEIRO,SUBURBIO,CHOQUE VEÍCULO PARADO,ENTRE VTS . S/V,2.0,1.0,0.0,0.0,0.0,0.0,0.0,0.0,0.0,0.0,0.0,Longo da via,Bom,Não existe,Ilegível,Seca,Perfeito estado,Não existe,Não há placas,60.0,Dupla,Não existe,Não informado,2020,1,28,1,21.0
2020-01-28,23:52:00,SEM VÍTIMA,FINALIZADA,IMBIRIBEIRA,AV SUL,Não informado,ESTAÇÃO TANCREDO NEVES,IMBIRIBEIRA,SUBURBIO,COLISÃO TRASEIRA,ENTRE 2 AUTOS. S/V,2.0,1.0,0.0,0.0,0.0,0.0,0.0,0.0,0.0,0.0,0.0,Longo da via,Bom,Não existe,Perfeito estado,Seca,Mal iluminada,Não existe,Outras,60.0,Única,Faixa seccionada,Não informado,2020,1,28,1,23.0
2020-01-29,06:38:00,SEM VÍTIMA,FINALIZADA,SANTO AMARO,AV CRUZ CABUGA,Não informado,SOB O SEMÁFORO,SANTO AMARO,CIDADE,ABALROAMENTO LONGITUDINAL,DOIS AUTOS,2.0,1.0,0.0,0.0,0.0,0.0,0.0,0.0,0.0,0.0,0.0,Longo da via,Bom,Sem defeito,Perfeito estado,Seca,Perfeito estado,Não existe,Outras,60.0,Dupla,Faixa seccionada,Não informado,2020,1,29,2,6.0
2020-01-29,07:10:00,COM VÍTIMA,CANCELADA,BOA VIAGEM,RUA VISCONDE DE JEQUITINHONHA,RUA BRUNO VELOSO,PARADA 2 SHOPPING RECIFE,BOA VIAGEM,Não informado,COLISÃO COM CICLISTA,ONIBUS E CICLISTA,1.0,1.0,0.0,1.0,0.0,0.0,0.0,0.0,0.0,1.0,0.0,Não informado,Não informado,Não informado,Não informado,Não informado,Não informado,Não informado,Não informado,60.0,Não informado,Não informado,Não informado,2020,1,29,2,7.0
2020-01-29,08:00:00,COM VÍTIMA,FINALIZADA,BOA VIAGEM,RUA RIBEIRO DE BRITO,RUA AMALIA BERNARDINO DE SOUZA,AO LADO DA UNINASSAU,BOA VIAGEM,SUBURBIO,ABALROAMENTO TRANSVERSAL,DUAS MOTOS /  ANDRE SANTOS E ERNESTO SILVA NO QTH P.O,1.0,2.0,0.0,0.0,0.0,0.0,0.0,0.0,0.0,3.0,0.0,Cruzamento,Bom,Não existe,Perfeito estado,Seca,Perfeito estado,Não existe,Não há placas,60.0,Única,Faixa seccionada,Não informado,2020,1,29,2,8.0
2020-01-29,08:14:00,SEM VÍTIMA,FINALIZADA,BOA VIAGEM,AV ENGENHEIRO DOMINGOS FERREIRA,RUA PADRE CARAPUCEIRO,FARMÁCIA FTB,BOA VIAGEM,SUBURBIO,ABALROAMENTO LONGITUDINAL,COLISAO S/ VITIMA. UM AUTO PASSEIO E UM ONIBUS DA EMPRESA BORBOREMA,1.0,1.0,0.0,0.0,0.0,1.0,0.0,0.0,0.0,0.0,0.0,Longo da via,Bom,Sem defeito,Perfeito estado,Seca,Perfeito estado,Faixa de pedestre,Não há placas,60.0,Única,Faixa contínua,Não informado,2020,1,29,2,8.0
2020-01-29,08:33:00,SEM VÍTIMA,FINALIZADA,TORRE,RUA CONDE DE IRAJA,RUA REAL DA TORRE,Não informado,TORRE,Não informado,ABALROAMENTO LONGITUDINAL,COLISAO S/ VITIMA. ENTRE DOIS VEICULOS PASSEIOS,2.0,1.0,0.0,0.0,0.0,0.0,0.0,0.0,0.0,0.0,0.0,Cruzamento,Bom,Sem defeito,Não informado,Seca,Perfeito estado,Faixa de pedestre,Outras,40.0,Única,Faixa contínua,Não informado,2020,1,29,2,8.0
2020-01-29,08:53:00,SEM VÍTIMA,FINALIZADA,PINA,AV CONSELHEIRO AGUIAR,Não informado,EM FRENTE A IGREJA PRESBITERIANA DO PINA,PINA,CIDADE,ABALROAMENTO LONGITUDINAL,SEM VITIMAS /CTTU NO LOCAL -SUB INSP NATALICIO VAI FAZER O B.O,1.0,1.0,0.0,0.0,0.0,1.0,0.0,0.0,1.0,0.0,0.0,Longo da via,Bom,Não existe,Perfeito estado,Seca,Perfeito estado,Não informado,Não há placas,60.0,Única,Faixa seccionada,Não informado,2020,1,29,2,8.0
2020-01-29,08:55:00,COM VÍTIMA,FINALIZADA,BOA VIAGEM,RUA SETUBAL,Não informado,LADO OPOSTO A FLORICULTURA ALBANETE FLORES,BOA VIAGEM,CIDADE,ABALROAMENTO LONGITUDINAL,AUTOE MOTO GM PAULINO NO LOCAL,1.0,1.0,0.0,0.0,0.0,0.0,0.0,0.0,0.0,1.0,0.0,Longo da via,Bom,Não existe,Não existente,Seca,Perfeito estado,Não existe,Não há placas,60.0,Única,Não existe,Não informado,2020,1,29,2,8.0
2020-01-29,09:28:00,SEM VÍTIMA,DUPLICIDADE,IMBIRIBEIRA,AV MARECHAL MASCARENHAS DE MORAES,Não informado,EM FRENTE A FOCO ALUGUEL DE VEICULOS / EM FRENTE A JUSTIÇA FEDERAL / SENT PRAZERES,IMBIRIBEIRA,Não informado,COLISÃO,TRES AUTOS,3.0,1.0,0.0,0.0,0.0,0.0,0.0,0.0,0.0,0.0,0.0,Não informado,Não informado,Não informado,Não informado,Não informado,Não informado,Não informado,Não informado,60.0,Não informado,Não informado,Não informado,2020,1,29,2,9.0
2020-01-29,09:36:00,SEM VÍTIMA,FINALIZADA,AREIAS,AV RECIFE,Não informado,MESTRE BATERIAS,AREIAS,Não informado,COLISÃO TRASEIRA,DOIS AUTOS,2.0,1.0,0.0,0.0,0.0,0.0,0.0,0.0,0.0,0.0,0.0,Longo da via,Bom,Não existe,Incompleta,Seca,Perfeito estado,Não existe,Não há placas,60.0,Dupla,Canteiro central,Não informado,2020,1,29,2,9.0
2020-01-29,09:39:00,SEM VÍTIMA,FINALIZADA,IMBIRIBEIRA,AV MARECHAL MASCARENHAS DE MORAES,Não informado,EM FRENTE A HOME CENTER TUPAN,IMBIRIBEIRA,CIDADE,ABALROAMENTO LONGITUDINAL,COLISAO S/ VITIMA. ENTRE DOIS VEICULOS PASSEIO,2.0,1.0,0.0,0.0,0.0,0.0,0.0,0.0,0.0,0.0,0.0,Longo da via,Bom,Não existe,Perfeito estado,Seca,Perfeito estado,Não existe,R-6a,60.0,Dupla,Faixa seccionada,Não informado,2020,1,29,2,9.0
2020-01-29,09:40:00,COM VÍTIMA,FINALIZADA,BOA VIAGEM,AV MARECHAL MASCARENHAS DE MORAES,Não informado,EM FRENTE A LOCADORA FOCO. NO MURO DO AEROPORTO.,BOA VIAGEM,SUBURBIO,COLISÃO TRASEIRA,COLISÃO COM VITIMAS,3.0,1.0,0.0,0.0,0.0,0.0,0.0,0.0,0.0,1.0,0.0,Longo da via,Bom,Não existe,Perfeito estado,Seca,Perfeito estado,Não existe,Não há placas,60.0,Dupla,Canteiro central,Não informado,2020,1,29,2,9.0
2020-01-29,10:05:00,SEM VÍTIMA,FINALIZADA,GRAÇAS,AV RUI BARBOSA,Não informado,EM FRENTE AO TRIBUNAL REGIONAL ELEITORAL ( ANEXO DJACI FALCÃO ),GRAÇAS,CIDADE,COLISÃO TRASEIRA,SEM VITIMAS /SUB INSP LUCIO NO LOCAL FAZENDO B.O VT 04,2.0,1.0,0.0,0.0,0.0,0.0,0.0,0.0,0.0,0.0,0.0,Longo da via,Bom,Sem defeito,Perfeito estado,Seca,Perfeito estado,Não existe,Não há placas,60.0,Única,Faixa seccionada,Não informado,2020,1,29,2,10.0
2020-01-29,10:18:00,COM VÍTIMA,FINALIZADA,IPUTINGA,AV CAXANGA,Não informado,EM FRENTE A CAXANGA VEICULOS,IPUTINGA,CIDADE,COLISÃO TRASEIRA,COLISAO COM VITIMA. ENTRE VEICULO- ONIBUS E MOTO. VT: 15 NO LOCAL,2.0,1.0,0.0,0.0,0.0,1.0,0.0,0.0,0.0,1.0,0.0,Longo da via,Bom,Sem defeito,Perfeito estado,Seca,Perfeito estado,Faixa de pedestre,Outras,60.0,Única,Faixa seccionada,Não informado,2020,1,29,2,10.0