data,hora,natureza_acidente,situacao,bairro,endereco,detalhe_endereco_acidente,complemento,bairro_cruzamento,sentido_via,tipo,descricao,auto,moto,ciclom,ciclista,pedestre,onibus,caminhao,viatura,outros,vitimas,vitimasfatais,acidente_verificado,tempo_clima,situacao_semaforo,sinalizacao,condicao_via,conservacao_via,ponto_controle,situacao_placa,velocidade_max_via,mao_direcao,divisao_via1,natureza,ano,mes,dia,dia_semana,hora_ocorrencia
2020-01-29,11:02:00,SEM VÍTIMA,FINALIZADA,BAIRRO DO RECIFE,AV ALFREDO LISBOA,Não informado,EM FRENTE AO MARCO PERNAMBUCANO DA MODA,BAIRRO DO RECIFE,Não informado,ABALROAMENTO LONGITUDINAL,MOTO E AUTO,1.0,1.0,0.0,0.0,0.0,0.0,0.0,0.0,0.0,0.0,0.0,Longo da via,Bom,Não existe,Perfeito estado,Seca,Perfeito estado,Não existe,Não informado,60.0,Única,Faixa seccionada,Não informado,2020,1,29,2,11.0
2020-01-29,11:11:00,SEM VÍTIMA,FINALIZADA,AREIAS,AV RECIFE,Não informado,FILA FRIO EQUIPAMENTOS,AREIAS,Não informado,COLISÃO TRASEIRA,Não informado,3.0,1.0,0.0,0.0,0.0,0.0,0.0,0.0,0.0,0.0,0.0,Longo da via,Bom,Sem defeito,Ilegível,Seca,Perfeito estado,Faixa de pedestre,Não há placas,60.0,Dupla,Canteiro central,Não informado,2020,1,29,2,11.0
2020-01-29,11:14:00,SEM VÍTIMA,FINALIZADA,ESTÂNCIA,AV TAPAJOS,RUA MEARIM,BAR DA SULA,ESTÂNCIA,Não informado,ABALROAMENTO TRANSVERSAL,SEM VITIMAS,2.0,1.0,0.0,0.0,0.0,0.0,0.0,0.0,0.0,0.0,0.0,Não informado,Bom,Sem defeito,Incompleta,Seca,Perfeito estado,Não existe,Outras,60.0,Dupla,Não existe,Não informado,2020,1,29,2,11.0
2020-01-29,11:17:00,SEM VÍTIMA,FINALIZADA,ILHA DO RETIRO,AV ENGENHEIRO ABDIAS DE CARVALHO,Não informado,EM FRENTE AO SEMÁFORO Nº 052,ILHA DO RETIRO,CIDADE,COLISÃO TRASEIRA,Não informado,2.0,1.0,0.0,0.0,0.0,0.0,0.0,0.0,0.0,0.0,0.0,Longo da via,Bom,Sem defeito,Perfeito estado,Seca,Perfeito estado,Faixa de retenção,Não há placas,60.0,Dupla,Canteiro central,Não informado,2020,1,29,2,11.0
2020-01-29,11:32:00,SEM VÍTIMA,FINALIZADA,CORDEIRO,AV ENGENHEIRO ABDIAS DE CARVALHO,Não informado,EM FRENTE AO SEM. Nº 058,CORDEIRO,SUBURBIO,ABALROAMENTO LONGITUDINAL,SEM VITIMAS,1.0,1.0,0.0,0.0,0.0,0.0,1.0,0.0,0.0,0.0,0.0,Longo da via,Bom,Sem defeito,Perfeito estado,Seca,Perfeito estado,Faixa de pedestre,R-5a,60.0,Dupla,Canteiro central,Não informado,2020,1,29,2,11.0
2020-01-29,12:07:00,SEM VÍTIMA,CANCELADA,VÁRZEA,AV AFONSO OLINDENSE,Não informado,EM FRENTE A CLINICA ATIKA CENTRO DE FISIOTERAPIA,VÁRZEA,Não informado,COLISÃO,COLISÃO SEM VÍTIMA,1.0,1.0,0.0,0.0,0.0,0.0,0.0,0.0,0.0,0.0,0.0,Não informado,Não informado,Não informado,Não informado,Não informado,Não informado,Não informado,Não informado,60.0,Não informado,Não informado,Não informado,2020,1,29,2,12.0
2020-01-29,12:14:00,COM VÍTIMA,FINALIZADA,ESPINHEIRO,AV GOVERNADOR AGAMENON MAGALHAES,RUA DR LEOPOLDO LINS,EM FRENTE A CAIXA ECONOMICA/ SENTIDO OLINDA,ESPINHEIRO,SUBURBIO,COLISÃO COM CICLISTA,COLISÃO COM DOIS AUTOS E UM CICLISTA COM VÍTIMA,2.0,1.0,0.0,1.0,0.0,0.0,0.0,0.0,0.0,1.0,0.0,Cruzamento,Bom,Sem defeito,Perfeito estado,Seca,Perfeito estado,Faixa de pedestre,Outras,60.0,Dupla,Canteiro central,Não informado,2020,1,29,2,12.0
2020-01-29,12:17:00,SEM VÍTIMA,FINALIZADA,MADALENA,RUA REAL DA TORRE,RUA JOSE OSORIO,Não informado,MADALENA,Não informado,COLISÃO TRASEIRA,COLISÃO SEM VÍTIMA,1.0,1.0,0.0,0.0,0.0,0.0,1.0,0.0,0.0,0.0,0.0,Cruzamento,Bom,Sem defeito,Perfeito estado,Seca,Perfeito estado,Faixa de pedestre,R-6a,60.0,Única,Faixa seccionada,Não informado,2020,1,29,2,12.0
2020-01-29,12:50:00,COM VÍTIMA,FINALIZADA,TEJIPIÓ,RUA ITANHENGA,Não informado,E/F A DELEGACIA DE CAPTURAS,TEJIPIÓ,CIDADE,CHOQUE OBJETO FIXO,AUTO COLIDIU COM GELO BAIANO,1.0,1.0,0.0,0.0,0.0,0.0,0.0,0.0,0.0,1.0,0.0,Longo da via,Bom,Não existe,Perfeito estado,Seca,Perfeito estado,Não existe,R-6a,60.0,Dupla,Faixa contínua,Não informado,2020,1,29,2,12.0
2020-01-29,13:24:00,SEM VÍTIMA,FINALIZADA,BOA VIAGEM,AV CONSELHEIRO AGUIAR,RUA RIBEIRO DE BRITO,EDIFICIO HOLIDAY,BOA VIAGEM,CIDADE,COLISÃO FRONTAL,COLISÃO SEM VÍTIMA,2.0,1.0,0.0,0.0,0.0,0.0,0.0,0.0,0.0,0.0,0.0,Cruzamento,Bom,Sem defeito,Perfeito estado,Seca,Perfeito estado,Faixa de pedestre,Não há placas,60.0,Única,Faixa seccionada,Não informado,2020,1,29,2,13.0
2020-01-29,14:10:00,SEM VÍTIMA,FINALIZADA,IPUTINGA,RUA DR VIRGINIO MARQUES,Não informado,RESIDENCIAL MORADA DOS RIOS,IPUTINGA,CIDADE,CHOQUE VEÍCULO PARADO,COLISAO SEM VITIMAS,1.0,1.0,0.0,0.0,0.0,0.0,1.0,0.0,0.0,0.0,0.0,Longo da via,Bom,Não existe,Perfeito estado,Seca,Perfeito estado,Não existe,Não há placas,60.0,Dupla,Não existe,Não informado,2020,1,29,2,14.0
2020-01-29,14:21:00,SEM VÍTIMA,FINALIZADA,PINA,AV ANTONIO DE GOES,Não informado,EM FRENTE AO TROCÃO,PINA,CIDADE,COLISÃO TRASEIRA,COLISÃO SEM VÍTIMA,2.0,1.0,0.0,0.0,0.0,0.0,0.0,0.0,0.0,0.0,0.0,Longo da via,Bom,Não existe,Perfeito estado,Seca,Perfeito estado,Não existe,Não informado,60.0,Dupla,Faixa contínua,Não informado,2020,1,29,2,14.0
2020-01-29,15:47:00,SEM VÍTIMA,FINALIZADA,TORRÕES,EST DO FORTE DO ARRAIAL N. DO B. JESUS,RUA GOMES TABORDA,MAGÁ SUSHI BAR E TEMAKERIA,TORRÕES,Não informado,COLISÃO FRONTAL,COLISÃO SEM VÍTIMA,2.0,1.0,0.0,0.0,0.0,0.0,0.0,0.0,0.0,0.0,0.0,Cruzamento,Bom,Sem defeito,Perfeito estado,Seca,Perfeito estado,Faixa de pedestre,Não há placas,60.0,Dupla,Faixa contínua,Não informado,2020,1,29,2,15.0
2020-01-29,16:08:00,SEM VÍTIMA,FINALIZADA,PARNAMIRIM,RUA TITO ROSAS,Não informado,E/F AO EDF QUARTZ VILAGE,PARNAMIRIM,SUBURBIO,COLISÃO TRASEIRA,COLISAO SEM VITIMAS,2.0,1.0,0.0,0.0,0.0,0.0,0.0,0.0,0.0,0.0,0.0,Longo da via,Bom,Não existe,Perfeito estado,Seca,Perfeito estado,Não existe,R-6a,60.0,Única,Faixa seccionada,Não informado,2020,1,29,2,16.0
2020-01-29,17:22:00,SEM VÍTIMA,FINALIZADA,IBURA,LAD DA COHAB,Não informado,PRÓXIMO AO MOTEL,IBURA,CIDADE,COLISÃO TRASEIRA,COLISÃO SEM VITIMA,1.0,1.0,0.0,0.0,0.0,1.0,0.0,0.0,0.0,0.0,0.0,Longo da via,Bom,Não existe,Não existente,Seca,Perfeito estado,Não existe,Não há placas,60.0,Dupla,Faixa contínua,Não informado,2020,1,29,2,17.0
2020-01-29,17:25:00,SEM VÍTIMA,CANCELADA,ROSARINHO,RUA TELES JUNIOR,RUA DES MARTINS PEREIRA,RESTAURANTE FERNANDOS,ROSARINHO,Não informado,COLISÃO,COLISÃO SEM VITIMA,1.0,1.0,0.0,0.0,0.0,0.0,0.0,0.0,0.0,0.0,0.0,Não informado,Não informado,Não informado,Não informado,Não informado,Não informado,Não informado,Não informado,60.0,Não informado,Não informado,Não informado,2020,1,29,2,17.0
2020-01-29,17:40:00,SEM VÍTIMA,CANCELADA,ILHA DO LEITE,AV GOVERNADOR AGAMENON MAGALHAES,Não informado,E/F AO BANCO ITAU E AO LADO DO BANCO SAFRA,ILHA DO LEITE,Não informado,COLISÃO,COLISÃO SEM VITIMA,1.0,1.0,0.0,0.0,0.0,0.0,0.0,0.0,0.0,0.0,0.0,Não informado,Não informado,Não informado,Não informado,Não informado,Não informado,Não informado,Não informado,60.0,Não informado,Não informado,Não informado,2020,1,29,2,17.0
2020-01-29,17:41:00,SEM VÍTIMA,FINALIZADA,MADALENA,RUA LOPES DE CARVALHO,AV VISCONDE DE ALBUQUERQUE,LADO OP. AO MADALENA CENTER,MADALENA,SUBURBIO,ABALROAMENTO TRANSVERSAL,COLISÃO SEM VITIMA,1.0,1.0,0.0,0.0,0.0,0.0,0.0,0.0,0.0,0.0,0.0,Longo da via,Bom,Não existe,Perfeito estado,Seca,Perfeito estado,Não informado,Outras,60.0,Única,Faixa seccionada,Não informado,2020,1,29,2,17.0
2020-01-29,17:55:00,SEM VÍTIMA,FINALIZADA,ILHA DO LEITE,RUA ESTADO DE ISRAEL,Não informado,HOTEL OTHON,ILHA DO LEITE,SUBURBIO,ABALROAMENTO LONGITUDINAL,COLISAO SEM VITIMAS,2.0,1.0,0.0,0.0,0.0,0.0,0.0,0.0,0.0,0.0,0.0,Longo da via,Bom,Não existe,Perfeito estado,Seca,Perfeito estado,Não informado,Não informado,60.0,Única,Faixa seccionada,Não informado,2020,1,29,2,17.0
2020-01-29,18:02:00,SEM VÍTIMA,FINALIZADA,AFOGADOS,RUA SANTO CRISTO,Não informado,PROX A PETRO ISA,AFOGADOS,Não informado,COLISÃO,COLISAO SEM VITIMAS,2.0,1.0,0.0,0.0,0.0,0.0,0.0,0.0,0.0,0.0,0.0,Não informado,Não informado,Não informado,Não informado,Não informado,Não informado,Não informado,Não informado,60.0,Não informado,Não informado,Não informado,2020,1,29,2,18.0
2020-01-29,18:26:00,COM VÍTIMA,FINALIZADA,CASA AMARELA,EST DO ARRAIAL,RUA DA HARMONIA,Não informado,CASA AMARELA,Não informado,ABALROAMENTO TRANSVERSAL,CAMINHÃO E MOTO,1.0,1.0,0.0,0.0,0.0,0.0,1.0,0.0,0.0,1.0,0.0,Cruzamento,Bom,Sem defeito,Perfeito estado,Seca,Perfeito estado,Faixa de pedestre,Outras,40.0,Dupla,Faixa contínua,Não informado,2020,1,29,2,18.0
2020-01-29,18:40:00,SEM VÍTIMA,FINALIZADA,BOA VIAGEM,AV ENGENHEIRO DOMINGOS FERREIRA,Não informado,EM FRENTE A FARMÁCIA DROGASIL,BOA VIAGEM,SUBURBIO,COLISÃO TRASEIRA,ENTRE 2 AUTOS. S/V,2.0,1.0,0.0,0.0,0.0,0.0,0.0,0.0,0.0,0.0,0.0,Longo da via,Bom,Sem defeito,Perfeito estado,Seca,Perfeito estado,Faixa de pedestre,Não há placas,60.0,Dupla,Faixa contínua,Não informado,2020,1,29,2,18.0
2020-01-29,18:44:00,SEM VÍTIMA,FINALIZADA,SANTO AMARO,RUA ENGENHO TAQUARA,Não informado,EM FRENTE AO Nº 88,SANTO AMARO,SUBURBIO,CHOQUE VEÍCULO PARADO,AUTO ESTACIONADO FOI COLIDIDO POR VEÍCULO NO LOCAL. S.V,2.0,1.0,0.0,0.0,0.0,0.0,0.0,0.0,0.0,0.0,0.0,Longo da via,Bom,Não existe,Não existente,Seca,Perfeito estado,Não existe,Não há placas,60.0,Dupla,Não existe,Não informado,2020,1,29,2,18.0
2020-01-29,19:07:00,SEM VÍTIMA,FINALIZADA,AREIAS,RUA BARROS SOBRINHO,RUA MANOEL RODRIGUES PORTO,Não informado,AREIAS,Não informado,ABALROAMENTO TRANSVERSAL,ENTRE 2 AUTOS. S/V,2.0,1.0,0.0,0.0,0.0,0.0,0.0,0.0,0.0,0.0,0.0,Cruzamento,Bom,Não existe,Não existente,Seca,Mal conservada,Não existe,Não há placas,60.0,Única,Não existe,Não informado,2020,1,29,2,19.0
2020-01-29,20:34:00,SEM VÍTIMA,CANCELADA,BOA VIAGEM,RUA AGENOR LOPES,Não informado,NA ENTRADA DO SHOPPING RECIFE / ESUINA DO POSTO BR,BOA VIAGEM,Não informado,COLISÃO,ENTRE 2 AUTOS. S/V,2.0,1.0,0.0,0.0,0.0,0.0,0.0,0.0,0.0,0.0,0.0,Não informado,Não informado,Não informado,Não informado,Não informado,Não informado,Não informado,Não informado,60.0,Não informado,Não informado,Não informado,2020,1,29,2,20.0
2020-01-29,21:54:00,SEM VÍTIMA,CANCELADA,BOA VIAGEM,RUA BALTAZAR PASSOS,RUA SA E SOUZA,E/F A GALERIA NATIVA,BOA VIAGEM,Não informado,COLISÃO,ENTRE 2 AUTOS. S/V,2.0,1.0,0.0,0.0,0.0,0.0,0.0,0.0,0.0,0.0,0.0,Não informado,Não informado,Não informado,Não informado,Não informado,Não informado,Não informado,Não informado,60.0,Não informado,Não informado,Não informado,2020,1,29,2,21.0
2020-01-30,00:49:00,SEM VÍTIMA,FINALIZADA,IMBIRIBEIRA,RUA PINTOR LULA CARDOSO AYRES,RUA ARCELINA DE OLIVEIRA,Não informado,IMBIRIBEIRA,CIDADE,CHOQUE VEÍCULO PARADO,COLISÃO ENTRE DOIS AUTOS S/V,2.0,1.0,0.0,0.0,0.0,0.0,0.0,0.0,0.0,0.0,0.0,Não informado,Bom,Não existe,Não existente,Seca,Perfeito estado,Não existe,Não há placas,60.0,Dupla,Não existe,Não informado,2020,1,30,3,0.0
2020-01-30,02:52:00,SEM VÍTIMA,FINALIZADA,AFOGADOS,AV SUL,Não informado,EM FRENTE AO TRT 6º REGIÃO DO CANTEIRO CENTRAL,AFOGADOS,CIDADE,CHOQUE OBJETO FIXO,VEÍCULO CHOCOU-SE CONTRA UM POSTE,1.0,1.0,0.0,0.0,0.0,0.0,0.0,0.0,0.0,0.0,0.0,Longo da via,Bom,Não existe,Não existente,Seca,Perfeito estado,Não existe,Não há placas,60.0,Única,Faixa seccionada,Não informado,2020,1,30,3,2.0
2020-01-30,07:06:00,SEM VÍTIMA,CANCELADA,TORRÕES,RUA EPAMINONDAS CRISTOVAO DE OLIVEIRA,AV ENGENHEIRO ABDIAS DE CARVALHO,AO LADO DO RESTAURANTE YOKI,TORRÕES,SUBURBIO,COLISÃO,SEM VITIMAS,2.0,1.0,0.0,0.0,0.0,0.0,0.0,0.0,0.0,0.0,0.0,Não informado,Não informado,Não informado,Não informado,Não informado,Não informado,Não informado,Não informado,60.0,Não informado,Não informado,Não informado,2020,1,30,3,7.0
2020-01-30,07:38:00,SEM VÍTIMA,FINALIZADA,IMBIRIBEIRA,AV MARECHAL MASCARENHAS DE MORAES,RUA MURITIBA,CASAS BAHIA,IMBIRIBEIRA,SUBURBIO,COLISÃO TRASEIRA,SEM VITIMAS,2.0,1.0,0.0,0.0,0.0,0.0,0.0,0.0,0.0,0.0,0.0,Cruzamento,Bom,Sem defeito,Perfeito estado,Seca,Perfeito estado,Faixa de retenção,Não há placas,60.0,Não informado,Faixa contínua,Não informado,2020,1,30,3,7.0
2020-01-30,07:39:00,COM VÍTIMA,FINALIZADA,AFOGADOS,AV SUL,RUA DOUTOR LEONIDAS CRAVO GAMA,EM FRENTE AO ATACAREJO MILANO- SENT. CIDADE,AFOGADOS,CIDADE,ABALROAMENTO LONGITUDINAL,MOTO E AUTO,1.0,1.0,0.0,0.0,0.0,0.0,0.0,0.0,0.0,2.0,0.0,Longo da via,Bom,Sem defeito,Perfeito estado,Seca,Perfeito estado,Faixa de retenção,R-6a,60.0,Única,Faixa,Não informado,2020,1,30,3,7.0
2020-01-30,07:55:00,SEM VÍTIMA,FINALIZADA,IMBIRIBEIRA,AV MARECHAL MASCARENHAS DE MORAES,Não informado,EM FRENTE A GRAN VIA FORD,IMBIRIBEIRA,CIDADE,COLISÃO TRASEIRA,SEM VITIMAS,2.0,1.0,0.0,0.0,0.0,0.0,0.0,0.0,0.0,0.0,0.0,Longo da via,Bom,Não existe,Perfeito estado,Seca,Perfeito estado,Não existe,Não informado,60.0,Dupla,Faixa contínua,Não informado,2020,1,30,3,7.0
2020-01-30,08:16:00,SEM VÍTIMA,FINALIZADA,CORDEIRO,AV CAXANGA,Não informado,TERMINAL INTEGRADO CAXANGÁ III GETULIO VARGAS ( EM FRENTE),CORDEIRO,CIDADE,COLISÃO TRASEIRA,SEM VITIMAS/CTTU NO LOCAL GM JOSENILSON PONTO FIXO VAI FAZER O B.O,2.0,1.0,0.0,0.0,0.0,0.0,0.0,0.0,0.0,0.0,0.0,Longo da via,Bom,Sem defeito,Perfeito estado,Seca,Perfeito estado,Não informado,Não informado,60.0,Dupla,Canteiro central,Não informado,2020,1,30,3,8.0
2020-01-30,08:31:00,SEM VÍTIMA,FINALIZADA,CASA FORTE,AV DEZESSETE DE AGOSTO,Não informado,Não informado,CASA FORTE,SUBURBIO,ABALROAMENTO LONGITUDINAL,SEM VITIMAS/CTTU NO LOCAL VT 09 GM JOSENILDO GOMES/GM BRITO,2.0,1.0,0.0,0.0,0.0,0.0,0.0,0.0,0.0,0.0,0.0,Longo da via,Bom,Não existe,Perfeito estado,Seca,Perfeito estado,Não existe,R-6a,60.0,Dupla,Faixa seccionada,Não informado,2020,1,30,3,8.0
2020-01-30,08:35:00,SEM VÍTIMA,FINALIZADA,IMBIRIBEIRA,AV GENERAL MAC ARTHUR,Não informado,AO LADO DA GRAFICA LAFITTE,IMBIRIBEIRA,Não informado,ABALROAMENTO LONGITUDINAL,DOIS AUTOS,2.0,1.0,0.0,0.0,0.0,0.0,0.0,0.0,0.0,0.0,0.0,Longo da via,Bom,Não existe,Perfeito estado,Seca,Perfeito estado,Não existe,Placas Dê a preferência,40.0,Única,Faixa seccionada,Não informado,2020,1,30,3,8.0
2020-01-30,08:42:00,COM VÍTIMA,FINALIZADA,GUABIRABA,EST DOS MACACOS,Não informado,APOS O POSTO DE SAUDE DE VILA ARITANA,GUABIRABA,SUBURBIO,ABALROAMENTO LONGITUDINAL,MOTO E AUTO,1.0,1.0,0.0,0.0,0.0,0.0,0.0,0.0,0.0,1.0,0.0,Longo da via,Bom,Não existe,Não existente,Seca,Mal conservada,Não existe,Não há placas,30.0,Dupla,Não existe,Não informado,2020,1,30,3,8.0
2020-01-30,09:08:00,SEM VÍTIMA,FINALIZADA,GRAÇAS,RUA AMELIA,AV CONS ROSA E SILVA,LADO OPOSTO ED. COSTA AZEVEDO,GRAÇAS,CIDADE,COLISÃO TRASEIRA,SEM VITIMAS,2.0,1.0,0.0,0.0,0.0,0.0,0.0,0.0,0.0,0.0,0.0,Cruzamento,Chuvoso,Sem defeito,Perfeito estado,Seca,Perfeito estado,Faixa de pedestre,R-6a,40.0,Única,Faixa contínua,Não informado,2020,1,30,3,9.0
2020-01-30,09:36:00,SEM VÍTIMA,FINALIZADA,SANTO ANTÔNIO,RUA DA PRAIA,TRV DO ARSENAL DE GUERRA,Não informado,SANTO ANTÔNIO,Não informado,ABALROAMENTO LONGITUDINAL,SEM VITIMAS,1.0,1.0,0.0,0.0,0.0,1.0,0.0,0.0,0.0,0.0,0.0,Cruzamento,Bom,Não existe,Perfeito estado,Seca,Perfeito estado,Faixa de pedestre,Outras,60.0,Única,Não existe,Não informado,2020,1,30,3,9.0
2020-01-30,10:46:00,SEM VÍTIMA,FINALIZADA,AFOGADOS,AV SUL,Não informado,E/F A POLICLINA DE AFOGADOS,AFOGADOS,CIDADE,ABALROAMENTO LONGITUDINAL,COLISÃO S/VITIMAS ENTRE UM AUTO E UM CAMINHÃO,1.0,1.0,0.0,0.0,0.0,0.0,1.0,0.0,0.0,0.0,0.0,Longo da via,Bom,Não existe,Não informado,Seca,Não informado,Não existe,Não informado,60.0,Única,Faixa seccionada,Não informado,2020,1,30,3,10.0
2020-01-30,11:48:00,SEM VÍTIMA,FINALIZADA,BOA VIAGEM,RUA ERNESTO DE PAULA SANTOS,AV FERNANDO SIMOES BARBOSA,POSTO SHELL,BOA VIAGEM,Não informado,ABALROAMENTO LONGITUDINAL,DOIS AUTOS,2.0,1.0,0.0,0.0,0.0,0.0,0.0,0.0,0.0,0.0,0.0,Longo da via,Bom,Sem defeito,Perfeito estado,Seca,Perfeito estado,Faixa de pedestre,Não há placas,60.0,Única,Faixa contínua,Não informado,2020,1,30,3,11.0
2020-01-30,12:37:00,COM VÍTIMA,CANCELADA,ENGENHO DO MEIO,RUA ANTONIO CURADO,AV MUCIO UCHOA CAVALCANTE,PROX A CASA LOTERICA DO ENGENHO DO MEIO,ENGENHO DO MEIO,Não informado,COLISÃO,PRISMA X MOTO,1.0,1.0,0.0,0.0,0.0,0.0,0.0,0.0,0.0,1.0,0.0,Não informado,Não informado,Não informado,Não informado,Não informado,Não informado,Não informado,Não informado,60.0,Não informado,Não informado,Não informado,2020,1,30,3,12.0
2020-01-30,14:08:00,SEM VÍTIMA,FINALIZADA,Não informado,RUA SAO SALVADOR,AV GOVERNADOR AGAMENON MAGALHAES,EM FRENTE A UNIMED RECIFE,Não informado,Não informado,ABALROAMENTO LONGITUDINAL,ENTRE ONIBUS X AUTO PASSEIO S/V,1.0,1.0,0.0,0.0,0.0,1.0,0.0,0.0,0.0,0.0,0.0,Cruzamento,Bom,Não existe,Perfeito estado,Seca,Perfeito estado,Não existe,Não informado,40.0,Única,Não existe,Não informado,2020,1,30,3,14.0
2020-01-30,14:10:00,SEM VÍTIMA,FINALIZADA,SANTO AMARO,AV GOVERNADOR AGAMENON MAGALHAES,Não informado,AO LADO DO POSTO PETROBRAS / PRÓXIMO AO SHOPPING TACARUNA,SANTO AMARO,Não informado,ABALROAMENTO LONGITUDINAL,VAN-COMPLIMENTAR X FIAT DOBLO,1.0,1.0,0.0,0.0,0.0,1.0,0.0,0.0,0.0,0.0,0.0,Longo da via,Bom,Não existe,Perfeito estado,Seca,Perfeito estado,Não existe,Outras,60.0,Dupla,Faixa seccionada,Não informado,2020,1,30,3,14.0
2020-01-30,14:13:00,SEM VÍTIMA,FINALIZADA,ENCRUZILHADA,AV NORTE,Não informado,AO LADO CAXANGÁ ACESSÓRIOS,ENCRUZILHADA,CIDADE,ABALROAMENTO LONGITUDINAL,SEM VITIMA,1.0,1.0,0.0,0.0,0.0,0.0,0.0,0.0,0.0,0.0,0.0,Longo da via,Bom,Não existe,Perfeito estado,Seca,Perfeito estado,Outros,R-6a,60.0,Dupla,Faixa seccionada,Não informado,2020,1,30,3,14.0
2020-01-30,14:14:00,SEM VÍTIMA,FINALIZADA,MADALENA,AV BEIRA RIO,RUA JOSE OSORIO,PONTE DA CAPUNGA,MADALENA,SUBURBIO,COLISÃO TRASEIRA,SANDERO X ECOSPORT,2.0,1.0,0.0,0.0,0.0,0.0,0.0,0.0,0.0,0.0,0.0,Cruzamento,Bom,Sem defeito,Perfeito estado,Seca,Perfeito estado,Agente,R-6c,60.0,Única,Faixa seccionada,Não informado,2020,1,30,3,14.0
2020-01-30,15:45:00,SEM VÍTIMA,FINALIZADA,BOA VISTA,RUA DR JOSE MARIANO,Não informado,MADEPORT,BOA VISTA,CIDADE,ABALROAMENTO LONGITUDINAL,ENTRE DOIS AUTOS S/V,2.0,1.0,0.0,0.0,0.0,0.0,0.0,0.0,0.0,0.0,0.0,Longo da via,Bom,Sem defeito,Não existente,Seca,Perfeito estado,Não existe,Não há placas,60.0,Única,Não existe,Não informado,2020,1,30,3,15.0
2020-01-30,15:52:00,SEM VÍTIMA,FINALIZADA,SANTO ANTÔNIO,RUA FLORIANO PEIXOTO,Não informado,CASA DA CULTURA,SANTO ANTÔNIO,SUBURBIO,ABALROAMENTO LONGITUDINAL,ENTRE AUTO PASSEIO X ONIBUS S/V,1.0,1.0,0.0,0.0,0.0,1.0,0.0,0.0,0.0,0.0,0.0,Longo da via,Bom,Sem defeito,Perfeito estado,Seca,Perfeito estado,Faixa de pedestre,Outras,60.0,Única,Faixa seccionada,Não informado,2020,1,30,3,15.0
2020-01-30,17:22:00,SEM VÍTIMA,CANCELADA,PARNAMIRIM,AV PARNAMIRIM,Não informado,EM FRENTE AO SANTANDER/ LADO OPOSTO DO 375,PARNAMIRIM,Não informado,COLISÃO,COLISÃO SEM VITIMA,2.0,1.0,0.0,0.0,0.0,0.0,0.0,0.0,0.0,0.0,0.0,Não informado,Não informado,Não informado,Não informado,Não informado,Não informado,Não informado,Não informado,60.0,Não informado,Não informado,Não informado,2020,1,30,3,17.0
2020-01-30,18:13:00,SEM VÍTIMA,FINALIZADA,PAISSANDU,AV GOVERNADOR AGAMENON MAGALHAES,RUA PAISSANDU,EM FRENTE AO BANCO ITAÚ,PAISSANDU,SUBURBIO,ABALROAMENTO LONGITUDINAL,CAMINHAO X COROLLA,1.0,1.0,0.0,0.0,0.0,0.0,1.0,0.0,0.0,0.0,0.0,Longo da via,Bom,Sem defeito,Perfeito estado,Seca,Perfeito estado,Faixa de pedestre,Não há placas,60.0,Dupla,Faixa seccionada,Não informado,2020,1,30,3,18.0
2020-01-30,18:20:00,SEM VÍTIMA,FINALIZADA,BOA VISTA,RUA HENRIQUE DIAS,RUA DOM BOSCO,Não informado,BOA VISTA,CIDADE,ABALROAMENTO LONGITUDINAL,ONIX X ONIBUS,1.0,1.0,0.0,0.0,0.0,1.0,0.0,0.0,0.0,0.0,0.0,Longo da via,Bom,Sem defeito,Perfeito estado,Seca,Perfeito estado,Agente,Não informado,60.0,Única,Faixa contínua,Não informado,2020,1,30,3,18.0
2020-01-30,19:10:00,SEM VÍTIMA,FINALIZADA,ILHA DO LEITE,AV FREI MATIAS TEVES,RUA FRANCISCO ALVES,HOPE,ILHA DO LEITE,Não informado,ABALROAMENTO LONGITUDINAL,ENTRE 2 AUTOS. S/V,2.0,1.0,0.0,0.0,0.0,0.0,0.0,0.0,0.0,0.0,0.0,Longo da via,Bom,Não existe,Perfeito estado,Seca,Perfeito estado,Faixa de pedestre,Não há placas,60.0,Dupla,Faixa seccionada,Não informado,2020,1,30,3,19.0
2020-01-30,19:23:00,SEM VÍTIMA,FINALIZADA,GRAÇAS,RUA JOAQUIM NABUCO,Não informado,HOSPITAL DA RESTAURAÇAO,GRAÇAS,SUBURBIO,ABALROAMENTO LONGITUDINAL,HB 20 X PALIO,2.0,1.0,0.0,0.0,0.0,0.0,0.0,0.0,1.0,0.0,0.0,Longo da via,Bom,Não existe,Perfeito estado,Seca,Perfeito estado,Não existe,R-6a,60.0,Única,Faixa seccionada,Não informado,2020,1,30,3,19.0
2020-01-30,20:08:00,COM VÍTIMA,CANCELADA,GRAÇAS,RUA DO FUTURO,AV CONS ROSA E SILVA,PROX A EXTRA FARMA,GRAÇAS,Não informado,COLISÃO,PRISMA X MOTO OBS: MOTORISTA SE EVADIU E DEIXOU O VEICULO OBS: SUSPEITA DE EMBRIAGUEZ,1.0,1.0,0.0,0.0,0.0,0.0,0.0,0.0,0.0,1.0,0.0,Não informado,Não informado,Não informado,Não informado,Não informado,Não informado,Não informado,Não informado,60.0,Não informado,Não informado,Não informado,2020,1,30,3,20.0
2020-01-30,20:21:00,SEM VÍTIMA,FINALIZADA,APIPUCOS,RUA DOIS IRMAOS,Não informado,Não informado,APIPUCOS,Não informado,CHOQUE OBJETO FIXO,CONDUTOR PERDEU O CONTROLE DO SEU VEÍCULO E ACABOU SE CHOCANDO CONTRA O POSTE. S/V,1.0,1.0,0.0,0.0,0.0,0.0,0.0,0.0,0.0,0.0,0.0,Longo da via,Bom,Não existe,Perfeito estado,Seca,Perfeito estado,Não existe,Outras,40.0,Dupla,Faixa contínua,Não informado,2020,1,30,3,20.0