data,hora,natureza_acidente,situacao,bairro,endereco,detalhe_endereco_acidente,complemento,bairro_cruzamento,sentido_via,tipo,descricao,auto,moto,ciclom,ciclista,pedestre,onibus,caminhao,viatura,outros,vitimas,vitimasfatais,acidente_verificado,tempo_clima,situacao_semaforo,sinalizacao,condicao_via,conservacao_via,ponto_controle,situacao_placa,velocidade_max_via,mao_direcao,divisao_via1,natureza,ano,mes,dia,dia_semana,hora_ocorrencia
2020-01-30,23:17:00,VÍTIMA FATAL,FINALIZADA,CIDADE UNIVERSITÁRIA,RUA EMILIANO BRAGA,RUA MANOEL JOAQUIM DE ALMEIDA,PROX AO PARAIBANO BAR,CIDADE UNIVERSITÁRIA,Não informado,ABALROAMENTO TRANSVERSAL,MICRO-ÔNIBUS E MOTOCICLETA.,1.0,1.0,0.0,0.0,0.0,1.0,0.0,0.0,0.0,1.0,1.0,Cruzamento,Bom,Não existe,Ilegível,Seca,Mal iluminada,Não existe,Não há placas,60.0,Única,Não existe,Não informado,2020,1,30,3,23.0
2020-01-30,23:29:00,SEM VÍTIMA,CANCELADA,Não informado,AV SERRA DA MANTIQUEIRA,Não informado,NA LADEIRA DE MONTE VERDE,Não informado,Não informado,ENGAVETAMENTO,ENTRE 2 AUTOS E 2 ÕNIBUS. S/V,2.0,1.0,0.0,0.0,0.0,2.0,0.0,0.0,0.0,0.0,0.0,Não informado,Não informado,Não informado,Não informado,Não informado,Não informado,Não informado,Não informado,60.0,Não informado,Não informado,Não informado,2020,1,30,3,23.0
2020-01-31,00:43:00,SEM VÍTIMA,FINALIZADA,PINA,AV BOA VIAGEM,RUA ALCIDES CARNEIRO LEAL,Não informado,PINA,CIDADE,ABALROAMENTO LONGITUDINAL,COLISÃO ENTRE DOIS AUTOS S/V,2.0,1.0,0.0,0.0,0.0,0.0,0.0,0.0,0.0,0.0,0.0,Longo da via,Bom,Sem defeito,Perfeito estado,Seca,Perfeito estado,Não existe,Não informado,60.0,Única,Faixa seccionada,Não informado,2020,1,31,4,0.0
2020-01-31,07:13:00,SEM VÍTIMA,FINALIZADA,IMBIRIBEIRA,AV MARECHAL MASCARENHAS DE MORAES,RUA DEZ DE JULHO,AO LADO DA CAIXA ECONOMICA,IMBIRIBEIRA,SUBURBIO,ABALROAMENTO LONGITUDINAL,SEM VITIMAS,1.0,1.0,0.0,0.0,0.0,1.0,0.0,0.0,0.0,0.0,0.0,Cruzamento,Bom,Não existe,Perfeito estado,Seca,Perfeito estado,Não existe,Não há placas,60.0,Dupla,Não informado,Não informado,2020,1,31,4,7.0
2020-01-31,08:02:00,SEM VÍTIMA,CANCELADA,JORDÃO,AV MARIA IRENE,AV MARECHAL MASCARENHAS DE MORAES,DEBAIXO DO VIAUTO /SENTIDO AEROPORTO,JORDÃO,AEROPORTO,CHOQUE OBJETO FIXO,VEICULO COLIDIU COM MEIO DEVIDO A OLEO NA VIA,1.0,1.0,0.0,0.0,0.0,0.0,0.0,0.0,0.0,0.0,0.0,Não informado,Não informado,Não informado,Não informado,Não informado,Não informado,Não informado,Não informado,60.0,Não informado,Não informado,Não informado,2020,1,31,4,8.0
2020-01-31,08:09:00,SEM VÍTIMA,CANCELADA,JORDÃO,AV MARIA IRENE,Não informado,EM FRENTE A UPINHA,JORDÃO,Não informado,COLISÃO,Não informado,1.0,1.0,0.0,0.0,0.0,1.0,0.0,0.0,0.0,0.0,0.0,Não informado,Não informado,Não informado,Não informado,Não informado,Não informado,Não informado,Não informado,60.0,Não informado,Não informado,Não informado,2020,1,31,4,8.0
2020-01-31,08:14:00,SEM VÍTIMA,FINALIZADA,BOA VISTA,AV GOVERNADOR AGAMENON MAGALHAES,Não informado,EM FRENTE AO AMERICANO BATISTA,BOA VISTA,Não informado,COLISÃO TRASEIRA,COLISAO S/ VITIMA. DOIS VEICULOS PASSEIO. GM: Douglas CALADO E THIAGO SOUZA NO LOCAL,2.0,1.0,0.0,0.0,0.0,0.0,0.0,0.0,0.0,0.0,0.0,Longo da via,Chuvoso,Sem defeito,Perfeito estado,Molhada,Perfeito estado,Agente,Outras,60.0,Dupla,Faixa seccionada,Não informado,2020,1,31,4,8.0
2020-01-31,09:04:00,COM VÍTIMA,FINALIZADA,DERBY,PRC DO DERBY,RUA JENER DE SOUZA,AO LADO DO QUARTEL DO DERBY,DERBY,CIDADE,COLISÃO TRASEIRA,AUTO E MOTO,1.0,1.0,0.0,0.0,0.0,0.0,0.0,0.0,0.0,1.0,0.0,Longo da via,Bom,Sem defeito,Perfeito estado,Seca,Perfeito estado,Faixa de retenção,Outras,60.0,Dupla,Faixa contínua,Não informado,2020,1,31,4,9.0
2020-01-31,09:26:00,SEM VÍTIMA,FINALIZADA,SANTO AMARO,AV CRUZ CABUGA,Não informado,AO LADO DO SHOPPING TACARUNA,SANTO AMARO,CIDADE,CHOQUE OBJETO FIXO,MOTO CHOCOU-SE COM PRISMA GM´S RONILDO E HENRIQUE PEREIRA PONTO FIXO,1.0,1.0,0.0,0.0,0.0,0.0,0.0,0.0,0.0,0.0,0.0,Longo da via,Bom,Sem defeito,Perfeito estado,Seca,Perfeito estado,Agente,Não informado,60.0,Dupla,Faixa seccionada,Não informado,2020,1,31,4,9.0
2020-01-31,10:45:00,SEM VÍTIMA,FINALIZADA,VASCO DA GAMA,RUA ALTO DO EUCALIPTO,Não informado,GRÁFICA VASCO DA GAMA,VASCO DA GAMA,SUBURBIO,COLISÃO FRONTAL,DOIS AUTOS,2.0,1.0,0.0,0.0,0.0,0.0,0.0,0.0,0.0,0.0,0.0,Longo da via,Bom,Não existe,Perfeito estado,Seca,Perfeito estado,Outros,Outras,60.0,Dupla,Não existe,Não informado,2020,1,31,4,10.0
2020-01-31,10:56:00,SEM VÍTIMA,FINALIZADA,BOA VIAGEM,RUA COSMORAMA,RUA GENERAL SALGADO,SHARK ARENA,BOA VIAGEM,CIDADE,ABALROAMENTO LONGITUDINAL,COLISAO S/ VITIMA. ENTRE DOIS VEICULOS,2.0,1.0,0.0,0.0,0.0,0.0,0.0,0.0,0.0,0.0,0.0,Cruzamento,Bom,Não existe,Perfeito estado,Seca,Perfeito estado,Não existe,Placas Pare,40.0,Única,Faixa seccionada,Não informado,2020,1,31,4,10.0
2020-01-31,11:13:00,SEM VÍTIMA,CANCELADA,BOA VIAGEM,RUA ERNESTO DE PAULA SANTOS,RUA CORONEL ANIZIO RODRIGUES COELHO,EM FRENTE A PALADARIA DELICATESSEN,BOA VIAGEM,Não informado,COLISÃO,SEM VITIMAS,2.0,1.0,0.0,0.0,0.0,0.0,0.0,0.0,0.0,0.0,0.0,Não informado,Não informado,Não informado,Não informado,Não informado,Não informado,Não informado,Não informado,60.0,Não informado,Não informado,Não informado,2020,1,31,4,11.0
2020-01-31,11:30:00,SEM VÍTIMA,FINALIZADA,BOA VISTA,RUA JOAO FERNANDES VIEIRA,AV GOVERNADOR AGAMENON MAGALHAES,COLEGIO AMERICANO BATISTA,BOA VISTA,CIDADE,ABALROAMENTO LONGITUDINAL,SEM VITIMAS/ CTTU NO LOCAL /GM VILA NOVA/ARNOSO/JOÃO VITOR,1.0,1.0,0.0,0.0,0.0,0.0,0.0,0.0,0.0,0.0,0.0,Longo da via,Bom,Sem defeito,Perfeito estado,Seca,Perfeito estado,Agente,Não informado,60.0,Dupla,Canteiro central,Não informado,2020,1,31,4,11.0
2020-01-31,11:47:00,SEM VÍTIMA,FINALIZADA,BOA VISTA,RUA DOM BOSCO,Não informado,EM FRENTE AO MERCADO EXTRA Nº 913,BOA VISTA,Não informado,ABALROAMENTO LONGITUDINAL,DOIS AUTOS / GM JOSY CARLA / JEFERSON JOSE NO QTH P.O,2.0,1.0,0.0,0.0,0.0,0.0,0.0,0.0,0.0,0.0,0.0,Longo da via,Bom,Sem defeito,Perfeito estado,Seca,Perfeito estado,Agente,Outras,60.0,Dupla,Canteiro central,Não informado,2020,1,31,4,11.0
2020-01-31,11:48:00,SEM VÍTIMA,DUPLICIDADE,BOA VISTA,AV MANOEL BORBA,Não informado,DE ESQUINA COM O SUPERMERCADO EXTRA,BOA VISTA,Não informado,COLISÃO,DOIS AUTOS  GM´S JOSE JOSI KARLA E JEFERSON,2.0,1.0,0.0,0.0,0.0,0.0,0.0,0.0,0.0,0.0,0.0,Não informado,Não informado,Não informado,Não informado,Não informado,Não informado,Não informado,Não informado,60.0,Não informado,Não informado,Não informado,2020,1,31,4,11.0
2020-01-31,12:21:00,SEM VÍTIMA,FINALIZADA,BOA VIAGEM,AV DES JOSE NEVES,Não informado,E/F AO POSTO SHELL,BOA VIAGEM,SUBURBIO,COLISÃO TRASEIRA,ENTRE DOIS AUTOS S/V,2.0,1.0,0.0,0.0,0.0,0.0,0.0,0.0,0.0,0.0,0.0,Longo da via,Bom,Não existe,Perfeito estado,Seca,Perfeito estado,Não existe,R-6a,60.0,Dupla,Faixa seccionada,Não informado,2020,1,31,4,12.0
2020-01-31,13:39:00,SEM VÍTIMA,FINALIZADA,BREJO DA GUABIRABA,AV VEREADOR OTACILIO AZEVEDO,RUA DOURADINHA,Não informado,BREJO DA GUABIRABA,CIDADE,ABALROAMENTO LONGITUDINAL,COLISÃO S/VITIMAS ENTRE UMA MOTO E UM AUTO,1.0,1.0,0.0,0.0,0.0,0.0,0.0,0.0,0.0,0.0,0.0,Não informado,Bom,Não existe,Incompleta,Seca,Perfeito estado,Não existe,Placas Pare,60.0,Dupla,Faixa seccionada,Não informado,2020,1,31,4,13.0
2020-01-31,14:12:00,SEM VÍTIMA,FINALIZADA,SANTO AMARO,AV NORTE,Não informado,EM FRENTE AO Nº 966,SANTO AMARO,SUBURBIO,COLISÃO TRASEIRA,COLISÃO S/VITIMAS ENTRE UM ONIBUS E UM AUTO,1.0,1.0,0.0,0.0,0.0,1.0,0.0,0.0,0.0,0.0,0.0,Longo da via,Bom,Não existe,Perfeito estado,Seca,Perfeito estado,Não existe,R-6a,40.0,Dupla,Canteiro central,Não informado,2020,1,31,4,14.0
2020-01-31,15:24:00,SEM VÍTIMA,FINALIZADA,ILHA DO LEITE,VIADUTO CAPITAO TEMUDO,Não informado,EM CIMA DO VIATUDO/ SENTIDO CIDADE,ILHA DO LEITE,Não informado,COLISÃO,COLISÃO SEM VÍTIMA,1.0,1.0,0.0,0.0,0.0,0.0,0.0,0.0,0.0,0.0,0.0,Não informado,Não informado,Não informado,Não informado,Não informado,Não informado,Não informado,Não informado,60.0,Não informado,Não informado,Não informado,2020,1,31,4,15.0
2020-01-31,15:50:00,SEM VÍTIMA,FINALIZADA,TORRÕES,AV ENGENHEIRO ABDIAS DE CARVALHO,Não informado,EM FRENTE A CHESF,TORRÕES,CIDADE,COLISÃO TRASEIRA,COLISÃO S/ VITIMAS ENTRE DOIS AUTOS,2.0,1.0,0.0,0.0,0.0,0.0,0.0,0.0,0.0,0.0,0.0,Longo da via,Bom,Sem defeito,Perfeito estado,Seca,Perfeito estado,Agente,Não informado,60.0,Dupla,Canteiro central,Não informado,2020,1,31,4,15.0
2020-01-31,16:37:00,SEM VÍTIMA,FINALIZADA,MUSTARDINHA,AV MUSTARDINHA,RUA APUCARANA,GRANJA GUERALDO DA GALINHA ( COMÉRCIO),MUSTARDINHA,SUBURBIO,ABALROAMENTO TRANSVERSAL,COLISÃO SEM VÍTIMA,1.0,1.0,0.0,0.0,0.0,0.0,0.0,0.0,0.0,0.0,0.0,Cruzamento,Bom,Não existe,Incompleta,Seca,Mal conservada,Não existe,Não há placas,60.0,Dupla,Não existe,Não informado,2020,1,31,4,16.0
2020-01-31,16:46:00,SEM VÍTIMA,FINALIZADA,TAMARINEIRA,RUA SEBASTIAO ALVES,Não informado,BOTECO E PARRILLA FAACA,TAMARINEIRA,CIDADE,ABALROAMENTO LONGITUDINAL,COLISÃO SEM VITIMAS,2.0,1.0,0.0,0.0,0.0,0.0,0.0,0.0,0.0,0.0,0.0,Longo da via,Bom,Não existe,Incompleta,Seca,Perfeito estado,Não existe,Não há placas,20.0,Única,Não existe,Não informado,2020,1,31,4,16.0
2020-01-31,16:53:00,SEM VÍTIMA,FINALIZADA,BOA VIAGEM,RUA SETUBAL,Não informado,EM FRENTE A DROGASIL E IGREJINHA DE BOA VIAGEM,BOA VIAGEM,Não informado,COLISÃO,COLISÃO SEM VÍTIMA,1.0,1.0,0.0,0.0,0.0,1.0,0.0,0.0,0.0,0.0,0.0,Não informado,Não informado,Não informado,Não informado,Não informado,Não informado,Não informado,Não informado,60.0,Não informado,Não informado,Não informado,2020,1,31,4,16.0
2020-01-31,17:32:00,SEM VÍTIMA,FINALIZADA,IMBIRIBEIRA,AV MARECHAL MASCARENHAS DE MORAES,Não informado,VALK IMPORT SERVICE,IMBIRIBEIRA,CIDADE,COLISÃO TRASEIRA,ENTRE DOIS AUTOS S/V,2.0,1.0,0.0,0.0,0.0,0.0,0.0,0.0,0.0,0.0,0.0,Longo da via,Bom,Não existe,Perfeito estado,Seca,Perfeito estado,Agente,Não há placas,60.0,Única,Faixa seccionada,Não informado,2020,1,31,4,17.0
2020-01-31,18:00:00,SEM VÍTIMA,FINALIZADA,VASCO DA GAMA,AV VEREADOR OTACILIO AZEVEDO,Não informado,EM FRENTE AO Nº 955,VASCO DA GAMA,SUBURBIO,ABALROAMENTO LONGITUDINAL,ENTRE CAMINHÃO E AUTO PASSEIO. S.V,1.0,1.0,0.0,0.0,0.0,0.0,1.0,0.0,0.0,0.0,0.0,Longo da via,Bom,Não existe,Incompleta,Seca,Mal conservada,Não existe,R-6c,60.0,Dupla,Faixa seccionada,Não informado,2020,1,31,4,18.0
2020-01-31,18:14:00,COM VÍTIMA,FINALIZADA,MADALENA,AV VISCONDE DE ALBUQUERQUE,RUA LOPES DE CARVALHO,ASTRAL VEÍCULOS MULTIMARCAS,MADALENA,CIDADE,ABALROAMENTO TRANSVERSAL,COLISAO COM VITIMAS,1.0,1.0,0.0,0.0,0.0,1.0,0.0,0.0,0.0,1.0,0.0,Cruzamento,Bom,Não existe,Perfeito estado,Seca,Perfeito estado,Não existe,Placas Pare,60.0,Única,Faixa seccionada,Não informado,2020,1,31,4,18.0
2020-01-31,18:22:00,COM VÍTIMA,FINALIZADA,BOA VIAGEM,RUA PADRE LEANDRO CAMELO,RUA VISCONDE DE JEQUITINHONHA,E/F AO EDF CASABLANCA / AO LADO DO RESTAURANTE PARANOIA DO MAR,BOA VIAGEM,SUBURBIO,CAPOTAMENTO,CONDUTOR PERDEU O CONTROLE DO VEÍCULO E ACABOU CAPOTANDO O CARRO ATÉ O CANAL. O AUTO PERMANECE NO CANAL. O MESMO SOLICITA A PRESENÇA DA CTTU NO LOCAL. S/V,1.0,1.0,0.0,0.0,0.0,0.0,0.0,0.0,0.0,1.0,0.0,Longo da via,Bom,Não existe,Não existente,Seca,Perfeito estado,Não existe,Não há placas,60.0,Única,Faixa seccionada,Não informado,2020,1,31,4,18.0
2020-01-31,19:02:00,SEM VÍTIMA,FINALIZADA,PINA,PTE AGAMENON MAGALHAES,Não informado,PRÓXIMO AO CABANGA IATE CLUBE,PINA,CIDADE,COLISÃO TRASEIRA,ENTRE 2 AUTOS. S/V,2.0,1.0,0.0,0.0,0.0,0.0,0.0,0.0,0.0,0.0,0.0,Não informado,Não informado,Não informado,Não informado,Não informado,Não informado,Não informado,Não informado,60.0,Não informado,Não informado,Não informado,2020,1,31,4,19.0
2020-01-31,19:36:00,SEM VÍTIMA,CANCELADA,CASA AMARELA,AV NORTE,Não informado,E/F AO POSTO BR/ APOS A MATERNIDADE BARROS LIMA/ SENTIDO BR101,CASA AMARELA,Não informado,COLISÃO,COLISAO SEM VITIMAS,2.0,1.0,0.0,0.0,0.0,0.0,0.0,0.0,0.0,0.0,0.0,Não informado,Não informado,Não informado,Não informado,Não informado,Não informado,Não informado,Não informado,60.0,Não informado,Não informado,Não informado,2020,1,31,4,19.0
2020-01-31,19:54:00,SEM VÍTIMA,FINALIZADA,GRAÇAS,AV GOVERNADOR AGAMENON MAGALHAES,RUA JOAQUIM NABUCO,AO LADO DO HOSPITAL DA RESTAURAÇAÕ,GRAÇAS,Não informado,COLISÃO TRASEIRA,COLISAO SEM VITIMAS,1.0,1.0,0.0,0.0,0.0,0.0,1.0,0.0,0.0,0.0,0.0,Cruzamento,Bom,Sem defeito,Perfeito estado,Seca,Perfeito estado,Faixa de pedestre,Não há placas,60.0,Dupla,Faixa contínua,Não informado,2020,1,31,4,19.0
2020-01-31,20:20:00,SEM VÍTIMA,CANCELADA,GRAÇAS,AV RUI BARBOSA,RUA ALBERTO PAIVA,E/F A PEDRAGON / SEMÁFORO 305,GRAÇAS,Não informado,COLISÃO,Não informado,1.0,1.0,0.0,0.0,0.0,0.0,0.0,0.0,0.0,0.0,0.0,Não informado,Não informado,Não informado,Não informado,Não informado,Não informado,Não informado,Não informado,60.0,Não informado,Não informado,Não informado,2020,1,31,4,20.0
2020-01-31,22:33:00,SEM VÍTIMA,FINALIZADA,MADALENA,RUA ENGENHEIRO LEONARDO ARCOVERDE,Não informado,AO LADO DO Nº 464,MADALENA,SUBURBIO,CHOQUE VEÍCULO PARADO,VT DA GUARDA SE CHOCOU CONTRA DOIS AUTOS ESTACIONADOS. S/V,3.0,1.0,0.0,0.0,0.0,0.0,0.0,0.0,0.0,0.0,0.0,Longo da via,Bom,Não existe,Incompleta,Seca,Perfeito estado,Não existe,Não há placas,60.0,Dupla,Não existe,Não informado,2020,1,31,4,22.0
2020-01-31,23:53:00,SEM VÍTIMA,FINALIZADA,BOA VIAGEM,RUA RIBEIRO DE BRITO,RUA DOS NAVEGANTES,POR TRÁS DO HOLIDAY,BOA VIAGEM,SUBURBIO,ABALROAMENTO TRANSVERSAL,COLISAO SEM VITIMAS,2.0,1.0,0.0,0.0,0.0,0.0,0.0,0.0,0.0,0.0,0.0,Longo da via,Bom,Não existe,Perfeito estado,Seca,Perfeito estado,Faixa de retenção,Placas Pare,60.0,Única,Faixa seccionada,Não informado,2020,1,31,4,23.0
2020-02-01,02:30:00,SEM VÍTIMA,FINALIZADA,BAIRRO DO RECIFE,AV MARQUES DE OLINDA,CAIS DA ALFANDEGA,Não informado,BAIRRO DO RECIFE,SUBURBIO,ABALROAMENTO LONGITUDINAL,COLISÃO ENTRE AUTO E CAMINHÃO- SEM VÍTIMAS,1.0,1.0,0.0,0.0,0.0,0.0,1.0,0.0,0.0,0.0,0.0,Cruzamento,Bom,Intermitente,Perfeito estado,Seca,Perfeito estado,Faixa de pedestre,Não há placas,60.0,Não informado,Faixa contínua,Não informado,2020,2,1,5,2.0
2020-02-01,08:10:00,SEM VÍTIMA,FINALIZADA,SANTO AMARO,AV NORTE,RUA DA AURORA,Não informado,SANTO AMARO,SUBURBIO,ABALROAMENTO TRANSVERSAL,SEM VITIMAS,2.0,1.0,0.0,0.0,0.0,0.0,0.0,0.0,0.0,0.0,0.0,Cruzamento,Chuvoso,Sem defeito,Perfeito estado,Molhada,Perfeito estado,Faixa de pedestre,R-25d,60.0,Dupla,Faixa contínua,Não informado,2020,2,1,5,8.0
2020-02-01,08:10:00,SEM VÍTIMA,CANCELADA,IPSEP,AV RECIFE,Não informado,E/F A LOJA IBEX (SENT. BR101),IPSEP,Não informado,COLISÃO,COLISÃO S/VITIMAS ENTRE UM ONIBUS E UM AUTO,1.0,1.0,0.0,0.0,0.0,1.0,0.0,0.0,0.0,0.0,0.0,Não informado,Não informado,Não informado,Não informado,Não informado,Não informado,Não informado,Não informado,60.0,Não informado,Não informado,Não informado,2020,2,1,5,8.0
2020-02-01,08:45:00,SEM VÍTIMA,FINALIZADA,IMBIRIBEIRA,RUA ITACARI,RUA ITAJAI,ESQUINA COM A YNOVE,IMBIRIBEIRA,CIDADE,ABALROAMENTO TRANSVERSAL,COLISÃO S/VITIMAS ENTRE DOIS AUTOS,2.0,1.0,0.0,0.0,0.0,0.0,0.0,0.0,0.0,0.0,0.0,Cruzamento,Chuvoso,Não existe,Perfeito estado,Molhada,Perfeito estado,Faixa de pedestre,Placas Pare,60.0,Única,Faixa contínua,Não informado,2020,2,1,5,8.0
2020-02-01,09:20:00,SEM VÍTIMA,FINALIZADA,SÃO JOSÉ,C SANTA RITA,Não informado,AO LADO DO GRANDE RECIFE,SÃO JOSÉ,SUBURBIO,CHOQUE OBJETO FIXO,AUTO CHOCOU-SE COM MURETA,1.0,1.0,0.0,0.0,0.0,0.0,0.0,0.0,0.0,0.0,0.0,Longo da via,Chuvoso,Não existe,Perfeito estado,Molhada,Perfeito estado,Não existe,Não há placas,60.0,Dupla,Canteiro central,Não informado,2020,2,1,5,9.0
2020-02-01,09:21:00,SEM VÍTIMA,FINALIZADA,DERBY,PRC DO DERBY,Não informado,EM FRENTE AO MEMORIAL DA MEDICINA DE PERNAMBUCO,DERBY,CIDADE,ABALROAMENTO LONGITUDINAL,DOIS AUTOS,2.0,1.0,0.0,0.0,0.0,0.0,0.0,0.0,0.0,0.0,0.0,Longo da via,Chuvoso,Sem defeito,Perfeito estado,Molhada,Perfeito estado,Faixa de pedestre,Outras,40.0,Única,Não existe,Não informado,2020,2,1,5,9.0
2020-02-01,09:38:00,SEM VÍTIMA,FINALIZADA,SAN MARTIN,RUA VINTE E UM DE ABRIL,Não informado,EM FRENTE AO DEPÓSITO DE BEBIDAS JÔ,SAN MARTIN,SUBURBIO,CHOQUE VEÍCULO PARADO,CHOQUE EM VEICULO ESTACIONADO,2.0,1.0,0.0,0.0,0.0,0.0,0.0,0.0,0.0,0.0,0.0,Longo da via,Bom,Não existe,Incompleta,Seca,Mal conservada,Não existe,Não há placas,60.0,Dupla,Não existe,Não informado,2020,2,1,5,9.0
2020-02-01,10:15:00,SEM VÍTIMA,FINALIZADA,ENGENHO DO MEIO,RUA SALVADOR VITAL,Não informado,Não informado,ENGENHO DO MEIO,Não informado,CHOQUE VEÍCULO PARADO,CHOQUE COM MURO,2.0,1.0,0.0,0.0,0.0,0.0,0.0,0.0,0.0,0.0,0.0,Longo da via,Bom,Não existe,Não informado,Seca,Perfeito estado,Não existe,Não há placas,60.0,Dupla,Não informado,Não informado,2020,2,1,5,10.0
2020-02-01,10:30:00,COM VÍTIMA,FINALIZADA,ÁGUA FRIA,EST VELHA DE AGUA FRIA,Não informado,E/F A KI DELICIA E BR BOMBONIERE,ÁGUA FRIA,CIDADE,COLISÃO TRASEIRA,COLICÃO C/VITIMA ENTRE UMA MOTO E UM AUTO (EVADIU-SE DO LOCAL)//(V.T 06 NO QTH),1.0,1.0,0.0,0.0,0.0,0.0,0.0,0.0,0.0,1.0,0.0,Longo da via,Bom,Não existe,Perfeito estado,Seca,Perfeito estado,Não existe,Não há placas,40.0,Única,Faixa seccionada,Não informado,2020,2,1,5,10.0
2020-02-01,10:57:00,SEM VÍTIMA,CANCELADA,MADALENA,RUA JOSE OSORIO,Não informado,EM FRENTE A AUTO CAR RECIFE,MADALENA,Não informado,COLISÃO,DUAS MOTOS,1.0,2.0,0.0,0.0,0.0,0.0,0.0,0.0,0.0,0.0,0.0,Não informado,Não informado,Não informado,Não informado,Não informado,Não informado,Não informado,Não informado,60.0,Não informado,Não informado,Não informado,2020,2,1,5,10.0
2020-02-01,12:35:00,COM VÍTIMA,FINALIZADA,SÃO JOSÉ,RUA IMPERIAL,Não informado,E/F PANIFICADORA PÃO PÃO,SÃO JOSÉ,SUBURBIO,COLISÃO TRASEIRA,COLISAO COM VITIMAS,1.0,1.0,0.0,0.0,0.0,0.0,0.0,0.0,0.0,2.0,0.0,Longo da via,Bom,Não existe,Perfeito estado,Seca,Perfeito estado,Não existe,Outras,60.0,Única,Faixa seccionada,Não informado,2020,2,1,5,12.0
2020-02-01,12:56:00,SEM VÍTIMA,FINALIZADA,CASA AMARELA,RUA PADRE LEMOS,Não informado,EM FRENTE A CAIXA ECONÔMICA FEDERAL,CASA AMARELA,SUBURBIO,ABALROAMENTO LONGITUDINAL,COLISÃO SEM VÍTIMA,2.0,1.0,0.0,0.0,0.0,0.0,0.0,0.0,0.0,0.0,0.0,Longo da via,Bom,Não existe,Perfeito estado,Seca,Mal conservada,Não existe,R-6a,60.0,Dupla,Não existe,Não informado,2020,2,1,5,12.0
2020-02-01,13:49:00,SEM VÍTIMA,FINALIZADA,IMBIRIBEIRA,AV MARECHAL MASCARENHAS DE MORAES,Não informado,SOB O SEMÁFORO 218,IMBIRIBEIRA,SUBURBIO,COLISÃO TRASEIRA,COLISAO SEM VITIMAS,1.0,1.0,0.0,0.0,0.0,0.0,0.0,0.0,0.0,0.0,0.0,Longo da via,Bom,Com defeito,Perfeito estado,Seca,Perfeito estado,Faixa de pedestre,Outras,60.0,Dupla,Canteiro central,Não informado,2020,2,1,5,13.0
2020-02-01,16:50:00,SEM VÍTIMA,FINALIZADA,CURADO,AV PREFEITO ANTONIO PEREIRA,RUA MINISTRO MARIO ANDREAZZA,Não informado,CURADO,Não informado,ABALROAMENTO TRANSVERSAL,COLISÃO SEM VÍTIMA,1.0,1.0,0.0,0.0,0.0,0.0,0.0,0.0,0.0,0.0,0.0,Não informado,Bom,Não existe,Não existente,Seca,Perfeito estado,Não existe,Não há placas,60.0,Única,Não existe,Não informado,2020,2,1,5,16.0
2020-02-01,17:51:00,COM VÍTIMA,FINALIZADA,BOA VIAGEM,RUA COSMORAMA,AV ARMINDO MOURA,AO LADO DA VILA MILITAR DA AERONAUTICA/ PROX AO COMAR,BOA VIAGEM,SUBURBIO,COLISÃO COM CICLISTA,AUTO E BICICLETA.,1.0,1.0,0.0,1.0,0.0,0.0,0.0,0.0,0.0,1.0,0.0,Cruzamento,Bom,Sem defeito,Perfeito estado,Seca,Perfeito estado,Faixa de pedestre,Não informado,60.0,Não informado,Não informado,Não informado,2020,2,1,5,17.0
2020-02-01,18:53:00,SEM VÍTIMA,FINALIZADA,BAIRRO DO RECIFE,AV ALFREDO LISBOA,Não informado,POSTO BR,BAIRRO DO RECIFE,SUBURBIO,ABALROAMENTO LONGITUDINAL,CAMINHÃO X AUTO PASSEIO S/V,1.0,1.0,0.0,0.0,0.0,0.0,1.0,0.0,0.0,0.0,0.0,Longo da via,Bom,Não existe,Perfeito estado,Seca,Perfeito estado,Não existe,Não há placas,30.0,Única,Faixa contínua,Não informado,2020,2,1,5,18.0
2020-02-01,22:15:00,COM VÍTIMA,FINALIZADA,BOA VIAGEM,AV ENGENHEIRO DOMINGOS FERREIRA,Não informado,EMPRESARIAL DOMIGOS FERREIRAS,BOA VIAGEM,SUBURBIO,ATROPELAMENTO,MOTO X PEDESTRE,1.0,1.0,0.0,0.0,1.0,0.0,0.0,0.0,0.0,2.0,0.0,Longo da via,Bom,Não existe,Perfeito estado,Seca,Perfeito estado,Não existe,Não há placas,60.0,Única,Canteiro central,Não informado,2020,2,1,5,22.0
2020-02-01,22:27:00,SEM VÍTIMA,FINALIZADA,BREJO DA GUABIRABA,RUA Z,Não informado,ECO POSTOS,BREJO DA GUABIRABA,SUBURBIO,ABALROAMENTO LONGITUDINAL,ENTRE AUTO PASSEIO X CAMINHÃO,1.0,1.0,0.0,0.0,0.0,0.0,1.0,0.0,0.0,0.0,0.0,Longo da via,Bom,Não existe,Não existente,Seca,Mal conservada,Não existe,Não há placas,60.0,Dupla,Não existe,Não informado,2020,2,1,5,22.0
2020-02-01,22:48:00,COM VÍTIMA,FINALIZADA,CAJUEIRO,AV BEBERIBE,Não informado,ENF ACADEMIA DA CIDADE,CAJUEIRO,SUBURBIO,ABALROAMENTO TRANSVERSAL,DUAS MOTOS,1.0,2.0,0.0,0.0,0.0,0.0,0.0,0.0,0.0,1.0,0.0,Cruzamento,Bom,Sem defeito,Perfeito estado,Seca,Perfeito estado,Faixa de pedestre,Não há placas,60.0,Dupla,Canteiro central,Não informado,2020,2,1,5,22.0