data,hora,natureza_acidente,situacao,bairro,endereco,detalhe_endereco_acidente,complemento,bairro_cruzamento,sentido_via,tipo,descricao,auto,moto,ciclom,ciclista,pedestre,onibus,caminhao,viatura,outros,vitimas,vitimasfatais,acidente_verificado,tempo_clima,situacao_semaforo,sinalizacao,condicao_via,conservacao_via,ponto_controle,situacao_placa,velocidade_max_via,mao_direcao,divisao_via1,natureza,ano,mes,dia,dia_semana,hora_ocorrencia
2020-02-01,23:47:00,COM VÍTIMA,FINALIZADA,MADALENA,RUA REAL DA TORRE,RUA MANUEL BEZERRA,PROX AO TUNEL DA ABOLIÇAO,MADALENA,Não informado,COLISÃO,MOTO X FOX BRANCO,1.0,1.0,0.0,0.0,0.0,0.0,0.0,0.0,0.0,1.0,0.0,Não informado,Não informado,Não informado,Não informado,Não informado,Não informado,Não informado,Não informado,60.0,Não informado,Não informado,Não informado,2020,2,1,5,23.0
2020-02-02,00:20:00,SEM VÍTIMA,FINALIZADA,BOA VIAGEM,RUA DOS NAVEGANTES,RUA ERNESTO DE PAULA SANTOS,Não informado,BOA VIAGEM,SUBURBIO,ABALROAMENTO TRANSVERSAL,COLISÃO ENTRE DOIS AUTOS- S/V,2.0,1.0,0.0,0.0,0.0,0.0,0.0,0.0,0.0,0.0,0.0,Cruzamento,Bom,Não existe,Perfeito estado,Seca,Perfeito estado,Não existe,Placas Pare,60.0,Única,Faixa seccionada,Não informado,2020,2,2,6,0.0
2020-02-02,07:53:00,COM VÍTIMA,FINALIZADA,CAXANGÁ,AV JOAQUIM RIBEIRO,Não informado,AGUA MINERAL CAXANGA,CAXANGÁ,SUBURBIO,COLISÃO COM CICLISTA,COLISAO COM VITIMA. VEICULO E CICLISTA,1.0,1.0,0.0,1.0,0.0,0.0,0.0,0.0,0.0,1.0,0.0,Longo da via,Chuvoso,Não existe,Perfeito estado,Seca,Perfeito estado,Não existe,Não há placas,60.0,Dupla,Canteiro central,Não informado,2020,2,2,6,7.0
2020-02-02,08:32:00,SEM VÍTIMA,FINALIZADA,MACAXEIRA,AV NORTE,Não informado,POSTO SOLAR,MACAXEIRA,CIDADE,COLISÃO TRASEIRA,SEM VITIMAS,2.0,1.0,0.0,0.0,0.0,0.0,0.0,0.0,0.0,0.0,0.0,Longo da via,Bom,Sem defeito,Perfeito estado,Seca,Perfeito estado,Outros,Outras,60.0,Única,Faixa seccionada,Não informado,2020,2,2,6,8.0
2020-02-02,09:07:00,COM VÍTIMA,FINALIZADA,PINA,VIADUTO CAPITAO TEMUDO,Não informado,EM CIMA DO VIATUDO/ SENTIDO BOA VIAGEM,PINA,SUBURBIO,ABALROAMENTO LONGITUDINAL,COLISÃO COM VÍTIMA,1.0,1.0,0.0,0.0,0.0,0.0,0.0,0.0,0.0,2.0,0.0,Longo da via,Bom,Não existe,Não existente,Seca,Perfeito estado,Não existe,Não há placas,60.0,Dupla,Canteiro central,Não informado,2020,2,2,6,9.0
2020-02-02,10:06:00,COM VÍTIMA,FINALIZADA,ESTÂNCIA,AV DR JOSE RUFINO,Não informado,APOS O COLEGIO VISAO EM FRENTE A PADARIA SITIENCE,ESTÂNCIA,SUBURBIO,ATROPELAMENTO,ATROPELAMENTO ENTRE ONIBUS E PEDESTRE,1.0,1.0,0.0,0.0,1.0,1.0,0.0,0.0,0.0,1.0,0.0,Longo da via,Bom,Não existe,Perfeito estado,Seca,Perfeito estado,Não existe,R-6a,60.0,Dupla,Faixa contínua,Não informado,2020,2,2,6,10.0
2020-02-02,13:04:00,SEM VÍTIMA,FINALIZADA,ALTO SANTA TERESINHA,AV ANIBAL BENEVOLO,Não informado,Não informado,ALTO SANTA TERESINHA,SUBURBIO,ABALROAMENTO LONGITUDINAL,COLISÃO SEM VITIMA,1.0,1.0,0.0,0.0,0.0,1.0,0.0,0.0,0.0,0.0,0.0,Longo da via,Bom,Não existe,Incompleta,Seca,Mal conservada,Não existe,R-6c,60.0,Dupla,Faixa contínua,Não informado,2020,2,2,6,13.0
2020-02-02,13:06:00,SEM VÍTIMA,FINALIZADA,AFOGADOS,RUA SAO MIGUEL,RUA PEDRO CABRAL DE OLIVEIRA,OPOSTO AO CARTORIO DE AFOGADOS,AFOGADOS,CIDADE,ABALROAMENTO TRANSVERSAL,COLISÃO SEM VITIMA,1.0,1.0,0.0,0.0,0.0,1.0,0.0,0.0,0.0,0.0,0.0,Longo da via,Bom,Não existe,Perfeito estado,Seca,Perfeito estado,Agente,R-3,40.0,Dupla,Faixa seccionada,Não informado,2020,2,2,6,13.0
2020-02-02,13:38:00,COM VÍTIMA,FINALIZADA,TAMARINEIRA,RUA CONEGO BARATA,Não informado,PROX. DO DENOX E O FITEIRO SÃO JOSÉ. DNOCS.,TAMARINEIRA,AV NORTE,COLISÃO COM CICLISTA,AUTO PASSEIO E CICLISTA,1.0,1.0,0.0,1.0,0.0,0.0,0.0,0.0,0.0,1.0,0.0,Longo da via,Bom,Não existe,Perfeito estado,Seca,Perfeito estado,Não existe,Não há placas,40.0,Dupla,Faixa contínua,Não informado,2020,2,2,6,13.0
2020-02-02,14:03:00,SEM VÍTIMA,FINALIZADA,IBURA,AV SANTA FE,AV ANGRA DOS REIS,ESCOLA PADRE LEBRET,IBURA,SUBURBIO,CHOQUE OBJETO FIXO,VIATURA DA PM CHOCOU-SE COM PORTÃO DE RESIDENCIA/ SEM VÍTIMA,1.0,1.0,0.0,0.0,0.0,0.0,0.0,0.0,0.0,0.0,0.0,Longo da via,Bom,Não existe,Perfeito estado,Seca,Perfeito estado,Não existe,Não há placas,60.0,Dupla,Faixa seccionada,Não informado,2020,2,2,6,14.0
2020-02-02,14:43:00,SEM VÍTIMA,FINALIZADA,SAN MARTIN,RUA COMENDADOR FRANCO FERREIRA,RUA DUARTE FILHO,Não informado,SAN MARTIN,CIDADE,CHOQUE OBJETO FIXO,COLISÃO SEM VITIMA,2.0,1.0,0.0,0.0,0.0,0.0,0.0,0.0,0.0,0.0,0.0,Cruzamento,Bom,Não existe,Incompleta,Seca,Perfeito estado,Não existe,Placas Pare,30.0,Dupla,Não existe,Não informado,2020,2,2,6,14.0
2020-02-02,15:03:00,SEM VÍTIMA,FINALIZADA,PRADO,RUA JOAO IVO DA SILVA,RUA PADRE TEOFILO TWORZ,TUPAN - AFOGADOS,PRADO,SUBURBIO,ABALROAMENTO TRANSVERSAL,SEM VITIMAS,2.0,1.0,0.0,0.0,0.0,0.0,0.0,0.0,0.0,0.0,0.0,Longo da via,Bom,Sem defeito,Perfeito estado,Seca,Perfeito estado,Faixa de pedestre,Outras,60.0,Única,Faixa seccionada,Não informado,2020,2,2,6,15.0
2020-02-02,16:00:00,SEM VÍTIMA,FINALIZADA,BARRO,AV DR JOSE RUFINO,Não informado,SOB O SEMÁFORO,BARRO,SUBURBIO,COLISÃO TRASEIRA,COLISÃO SEM VÍTIMA,2.0,1.0,0.0,0.0,0.0,0.0,0.0,0.0,0.0,0.0,0.0,Longo da via,Bom,Sem defeito,Perfeito estado,Seca,Perfeito estado,Faixa de pedestre,Outras,40.0,Dupla,Faixa seccionada,Não informado,2020,2,2,6,16.0
2020-02-02,19:46:00,SEM VÍTIMA,FINALIZADA,ESPINHEIRO,RUA DO ESPINHEIRO,Não informado,APÓS O POSTO DE GASOLINA IPIRANGA,ESPINHEIRO,SUBURBIO,COLISÃO TRASEIRA,Não informado,2.0,1.0,0.0,0.0,0.0,0.0,0.0,0.0,0.0,0.0,0.0,Longo da via,Bom,Não existe,Perfeito estado,Seca,Perfeito estado,Não existe,Não há placas,60.0,Única,Faixa seccionada,Não informado,2020,2,2,6,19.0
2020-02-03,06:54:00,SEM VÍTIMA,FINALIZADA,Não informado,RUA JOAO FERNANDES VIEIRA,Não informado,EM FRENTE A DROGARIA SÃO PAULO,Não informado,CIDADE,COLISÃO TRASEIRA,COLISÃO ENTRE DOIS AUTOS SEM VÍTIMAS,2.0,1.0,0.0,0.0,0.0,0.0,0.0,0.0,0.0,0.0,0.0,Longo da via,Bom,Não existe,Não existente,Seca,Perfeito estado,Não existe,Não há placas,60.0,Única,Não existe,Não informado,2020,2,3,0,6.0
2020-02-03,07:51:00,SEM VÍTIMA,CANCELADA,GRAÇAS,AV GOVERNADOR AGAMENON MAGALHAES,Não informado,McDONALD'S,GRAÇAS,OLINDA,COLISÃO,COLISÃO SEM VITIMA,0.0,1.0,0.0,0.0,0.0,0.0,0.0,0.0,0.0,0.0,0.0,Não informado,Não informado,Não informado,Não informado,Não informado,Não informado,Não informado,Não informado,60.0,Não informado,Não informado,Não informado,2020,2,3,0,7.0
2020-02-03,08:41:00,SEM VÍTIMA,FINALIZADA,MADALENA,AV JOSE GONCALVES DE MEDEIROS,Não informado,SAÍDA DO ESTACIONAMENTO DO MERCADO EXTRA,MADALENA,CIDADE,ABALROAMENTO LONGITUDINAL,COLISÃO SEM VÍTIMAS ENTRE 2 AUTOS,2.0,1.0,0.0,0.0,0.0,0.0,0.0,0.0,0.0,0.0,0.0,Longo da via,Bom,Não existe,Perfeito estado,Seca,Perfeito estado,Não existe,Não há placas,60.0,Dupla,Faixa contínua,Não informado,2020,2,3,0,8.0
2020-02-03,08:46:00,SEM VÍTIMA,CANCELADA,TORRE,RUA CONDE DE IRAJA,Não informado,COM A BEIRA RIO,TORRE,Não informado,COLISÃO,COLISÃO SEM VÍTIMAS ENTRE 2 AUTOS,2.0,1.0,0.0,0.0,0.0,0.0,0.0,0.0,0.0,0.0,0.0,Não informado,Não informado,Não informado,Não informado,Não informado,Não informado,Não informado,Não informado,60.0,Não informado,Não informado,Não informado,2020,2,3,0,8.0
2020-02-03,09:04:00,SEM VÍTIMA,CANCELADA,BOA VISTA,RUA JOAO FERNANDES VIEIRA,Não informado,EM FRENTE AO HOSPITAL DE FRATURAS,BOA VISTA,Não informado,COLISÃO,COLISÃO SEM VÍTIMAS ENTRE 2 AUTOS,2.0,1.0,0.0,0.0,0.0,0.0,0.0,0.0,0.0,0.0,0.0,Não informado,Não informado,Não informado,Não informado,Não informado,Não informado,Não informado,Não informado,60.0,Não informado,Não informado,Não informado,2020,2,3,0,9.0
2020-02-03,10:43:00,SEM VÍTIMA,FINALIZADA,ENCRUZILHADA,RUA QUARENTA E OITO,Não informado,EM FRENTE AO EDF MUNIQUE,ENCRUZILHADA,CIDADE,ABALROAMENTO LONGITUDINAL,COLISÃO SEM VITIMA,2.0,1.0,0.0,0.0,0.0,0.0,0.0,0.0,0.0,0.0,0.0,Longo da via,Bom,Não existe,Perfeito estado,Seca,Perfeito estado,Não existe,R-6a,60.0,Única,Faixa seccionada,Não informado,2020,2,3,0,10.0
2020-02-03,12:57:00,SEM VÍTIMA,FINALIZADA,ILHA DO RETIRO,AV ENGENHEIRO ABDIAS DE CARVALHO,EST DOS REMEDIOS,EM FRENTE AO BOB'S,ILHA DO RETIRO,Não informado,COLISÃO TRASEIRA,DOIS AUTOS SEM VÍTIMAS,2.0,1.0,0.0,0.0,0.0,0.0,0.0,0.0,0.0,0.0,0.0,Longo da via,Bom,Sem defeito,Perfeito estado,Seca,Perfeito estado,Agente,Não informado,60.0,Dupla,Canteiro central,Não informado,2020,2,3,0,12.0
2020-02-03,13:19:00,SEM VÍTIMA,CANCELADA,AFOGADOS,RUA VISCONDE DE PELOTAS,Não informado,PROXIMO A NANDO MOTOS,AFOGADOS,Não informado,COLISÃO,COLISÃO SEM VITIMA,2.0,1.0,0.0,0.0,0.0,0.0,0.0,0.0,0.0,0.0,0.0,Não informado,Não informado,Não informado,Não informado,Não informado,Não informado,Não informado,Não informado,60.0,Não informado,Não informado,Não informado,2020,2,3,0,13.0
2020-02-03,13:21:00,SEM VÍTIMA,FINALIZADA,CORDEIRO,AV CAXANGA,Não informado,Não informado,CORDEIRO,SUB/CID,COLISÃO TRASEIRA,ENGAVETAMENTO,4.0,1.0,0.0,0.0,0.0,0.0,0.0,0.0,0.0,0.0,0.0,Longo da via,Bom,Não informado,Perfeito estado,Seca,Perfeito estado,Não existe,Não há placas,60.0,Dupla,Canteiro central,Não informado,2020,2,3,0,13.0
2020-02-03,15:12:00,SEM VÍTIMA,FINALIZADA,ILHA DO RETIRO,RUA SPORT CLUBE DO RECIFE,RUA PROFESSOR BENEDITO MONTEIRO,EM FRENTE AO SPORT CLUB DO RECIFE,ILHA DO RETIRO,Não informado,ABALROAMENTO LONGITUDINAL,COLISÃI SEM VITIMA,2.0,1.0,0.0,0.0,0.0,0.0,0.0,0.0,0.0,0.0,0.0,Cruzamento,Bom,Sem defeito,Perfeito estado,Seca,Perfeito estado,Não existe,R-6a,60.0,Dupla,Canteiro central,Não informado,2020,2,3,0,15.0
2020-02-03,16:52:00,COM VÍTIMA,FINALIZADA,SANTO ANTÔNIO,RUA FLORIANO PEIXOTO,Não informado,EM FRENTE A CASA DA CULTURA. HONDA MOTOPARTS,SANTO ANTÔNIO,SUBURBIO,COLISÃO TRASEIRA,AUTO E ÔNIBUS,1.0,1.0,0.0,0.0,0.0,1.0,0.0,0.0,0.0,1.0,0.0,Longo da via,Bom,Sem defeito,Perfeito estado,Seca,Perfeito estado,Faixa de pedestre,R-6a,60.0,Única,Faixa contínua,Não informado,2020,2,3,0,16.0
2020-02-03,17:24:00,COM VÍTIMA,FINALIZADA,JOANA BEZERRA,AV DES GUERRA BARRETO,Não informado,FORUM DESEMBARGADOR RODOLFO AURELIANO.,JOANA BEZERRA,CIDADE,ABALROAMENTO LONGITUDINAL,COM VÍTIMA,1.0,1.0,0.0,0.0,0.0,0.0,0.0,0.0,0.0,1.0,0.0,Longo da via,Bom,Não existe,Perfeito estado,Seca,Perfeito estado,Faixa de pedestre,Outras,60.0,Dupla,Faixa contínua,Não informado,2020,2,3,0,17.0
2020-02-03,17:28:00,SEM VÍTIMA,FINALIZADA,BOA VISTA,RUA DO HOSPICIO,AV CONDE DA BOA VISTA,SOB O SEMÁFORO 023,BOA VISTA,CIDADE,ABALROAMENTO LONGITUDINAL,COLISÃO SEM VITIMA,1.0,1.0,0.0,0.0,0.0,0.0,1.0,0.0,0.0,0.0,0.0,Longo da via,Bom,Sem defeito,Perfeito estado,Seca,Perfeito estado,Não informado,Outras,60.0,Única,Não existe,Não informado,2020,2,3,0,17.0
2020-02-03,17:49:00,SEM VÍTIMA,FINALIZADA,BOA VISTA,RUA PRINCESA IZABEL,RUA DO HOSPICIO,Não informado,BOA VISTA,CIDADE,ABALROAMENTO LONGITUDINAL,COLISÃO SEM VITIMA,1.0,1.0,0.0,0.0,0.0,2.0,0.0,0.0,0.0,0.0,0.0,Cruzamento,Bom,Sem defeito,Perfeito estado,Seca,Perfeito estado,Agente,Outras,60.0,Única,Faixa seccionada,Não informado,2020,2,3,0,17.0
2020-02-03,18:50:00,SEM VÍTIMA,FINALIZADA,BOA VISTA,AV MONTEVIDEU,Não informado,EM FRENTE AO ESTACIONAMENTO DO HOSPITAL DE FRATURAS,BOA VISTA,Não informado,COLISÃO TRASEIRA,QUATRO AUTOS S/VITIMA,4.0,1.0,0.0,0.0,0.0,0.0,0.0,0.0,0.0,0.0,0.0,Longo da via,Bom,Não existe,Perfeito estado,Seca,Perfeito estado,Não existe,Não há placas,60.0,Única,Faixa contínua,Não informado,2020,2,3,0,18.0
2020-02-03,19:36:00,SEM VÍTIMA,FINALIZADA,COHAB,AV SAO PAULO,Não informado,NO TERMINAL DE ONIBUS TRES CARNEIRO,COHAB,SUBURBIO,ABALROAMENTO LONGITUDINAL,CITROEN X ONIBUS,1.0,1.0,0.0,0.0,0.0,1.0,0.0,0.0,0.0,0.0,0.0,Longo da via,Bom,Não existe,Perfeito estado,Seca,Perfeito estado,Não existe,Outras,20.0,Dupla,Não existe,Não informado,2020,2,3,0,19.0
2020-02-03,19:33:00,COM VÍTIMA,FINALIZADA,SANTO AMARO,RUA DOS PALMARES,RUA TREZE DE MAIO,Não informado,SANTO AMARO,CIDADE,ABALROAMENTO TRANSVERSAL,AUTO X MOTO,1.0,1.0,0.0,0.0,0.0,0.0,0.0,0.0,0.0,1.0,0.0,Cruzamento,Bom,Sem defeito,Perfeito estado,Seca,Perfeito estado,Não existe,R-4a,60.0,Dupla,Faixa seccionada,Não informado,2020,2,3,0,19.0
2020-02-03,20:09:00,COM VÍTIMA,FINALIZADA,MADALENA,RUA RICARDO SALAZAR,RUA CARLOS GOMES,CRUZAMENTO COM A RUA CARLOS GOMES,MADALENA,SUBURBIO,ABALROAMENTO TRANSVERSAL,JIPE X PEUJEOT,2.0,1.0,0.0,0.0,0.0,0.0,0.0,0.0,0.0,1.0,0.0,Cruzamento,Bom,Sem defeito,Ilegível,Seca,Mal iluminada,Faixa de pedestre,Não há placas,60.0,Dupla,Canteiro central,Não informado,2020,2,3,0,20.0
2020-02-03,20:37:00,SEM VÍTIMA,FINALIZADA,PINA,AVENIDA CELSO FURTADO (VIA MANGUE),Não informado,EM FRENTE AO 19° BPM,PINA,CIDADE,ABALROAMENTO LONGITUDINAL,AUTO X MOTO (ENVOLVE VIATURA DA CASA MILITAR),1.0,1.0,0.0,0.0,0.0,0.0,0.0,0.0,0.0,0.0,0.0,Longo da via,Bom,Não existe,Perfeito estado,Seca,Perfeito estado,Não existe,Não há placas,60.0,Dupla,Blocos,Não informado,2020,2,3,0,20.0
2020-02-03,21:14:00,SEM VÍTIMA,CANCELADA,VÁRZEA,AV GENERAL JOSE MARIA LATINO,Não informado,NA ENTRADA DA INTEGRAÇAO DE ONIBUS,VÁRZEA,Não informado,COLISÃO,MICRO-ONIBUS X TOYOTA,1.0,1.0,0.0,0.0,0.0,1.0,0.0,0.0,0.0,0.0,0.0,Não informado,Não informado,Não informado,Não informado,Não informado,Não informado,Não informado,Não informado,60.0,Não informado,Não informado,Não informado,2020,2,3,0,21.0
2020-02-04,07:11:00,COM VÍTIMA,FINALIZADA,SANTO AMARO,AV CRUZ CABUGA,RUA ARARIPINA,ARMAZÉM CORAL,SANTO AMARO,CIDADE,COLISÃO TRASEIRA,COM VÍTIMA,1.0,1.0,0.0,0.0,0.0,0.0,0.0,0.0,0.0,2.0,0.0,Longo da via,Bom,Sem defeito,Perfeito estado,Seca,Perfeito estado,Não informado,Outras,60.0,Dupla,Faixa contínua,Não informado,2020,2,4,1,7.0
2020-02-04,07:23:00,SEM VÍTIMA,FINALIZADA,ILHA JOANA BEZERRA,VIADUTO CAPITAO TEMUDO,Não informado,LADO OPOSTO A ACADEMIA DA CIDADE,ILHA JOANA BEZERRA,CIDADE,COLISÃO FRONTAL,VEÍCULO CHOCOU-SE COM O GUARD RAIL (DEMANDA REPASSADA PELO OR-2 LEANDRO),1.0,1.0,0.0,0.0,0.0,0.0,0.0,0.0,0.0,0.0,0.0,Viaduto,Chuvoso,Não existe,Perfeito estado,Molhada,Perfeito estado,Não existe,Não há placas,60.0,Única,Faixa seccionada,Não informado,2020,2,4,1,7.0
2020-02-04,08:07:00,COM VÍTIMA,FINALIZADA,BOA VIAGEM,RUA ERNESTO DE PAULA SANTOS,AV ENGENHEIRO DOMINGOS FERREIRA,EDF ÁVILA,BOA VIAGEM,SUBURBIO,ABALROAMENTO LONGITUDINAL,DUAS MOTOS,1.0,2.0,0.0,0.0,0.0,0.0,0.0,0.0,0.0,1.0,0.0,Longo da via,Bom,Sem defeito,Perfeito estado,Seca,Perfeito estado,Faixa de pedestre,R-6a,60.0,Única,Faixa contínua,Não informado,2020,2,4,1,8.0
2020-02-04,08:25:00,SEM VÍTIMA,FINALIZADA,ZUMBI,AV CAXANGA,RUA CARATINGA,AO LADO DA ESTAÇÃO DO BRT ZUMBI,ZUMBI,CIDADE,COLISÃO TRASEIRA,DOIS AUTOMÓVEIS - NÃO TEM VÍTIMA,2.0,1.0,0.0,0.0,0.0,0.0,0.0,0.0,0.0,0.0,0.0,Longo da via,Bom,Sem defeito,Perfeito estado,Seca,Perfeito estado,Faixa de pedestre,Não há placas,60.0,Dupla,Faixa seccionada,Não informado,2020,2,4,1,8.0
2020-02-04,08:42:00,SEM VÍTIMA,FINALIZADA,AFOGADOS,RUA SAO MIGUEL,RUA DRA ITAMAR DE MORAIS E SILVA,JR MOTOS,AFOGADOS,SUBURBIO,ABALROAMENTO TRANSVERSAL,MOTO E AUTO,1.0,1.0,0.0,0.0,0.0,0.0,0.0,0.0,0.0,0.0,0.0,Cruzamento,Bom,Não existe,Incompleta,Seca,Perfeito estado,Não existe,Não há placas,60.0,Não informado,Faixa contínua,Não informado,2020,2,4,1,8.0
2020-02-04,08:43:00,SEM VÍTIMA,FINALIZADA,VÁRZEA,RUA EMILIANO BRAGA,RUA PROFESSOR ANTONIO COELHO,MARIA BONITA REFEIÇÕES,VÁRZEA,SUBURBIO,ABALROAMENTO TRANSVERSAL,SEM VITIMAS/GESTANTE DE OITO MESES- ENVOLVIDA NA COLISÃO,2.0,1.0,0.0,0.0,0.0,0.0,0.0,0.0,0.0,0.0,0.0,Cruzamento,Bom,Não existe,Perfeito estado,Seca,Perfeito estado,Faixa de pedestre,Placas Pare,30.0,Única,Faixa seccionada,Não informado,2020,2,4,1,8.0
2020-02-04,08:50:00,COM VÍTIMA,FINALIZADA,ALTO JOSÉ BONIFÁCIO,RUA ALTO JOSE BONIFACIO,Não informado,IGREJA BATISTA DO ALTO JOSE BONIFACIO,ALTO JOSÉ BONIFÁCIO,CIDADE,COLISÃO FRONTAL,COLISAO COM VITIMA. ENTRE VEICULO E MOTO,1.0,1.0,0.0,0.0,0.0,0.0,0.0,0.0,0.0,1.0,0.0,Longo da via,Bom,Não existe,Perfeito estado,Seca,Perfeito estado,Não existe,Não há placas,60.0,Dupla,Faixa seccionada,Não informado,2020,2,4,1,8.0
2020-02-04,09:30:00,SEM VÍTIMA,FINALIZADA,MADALENA,RUA REAL DA TORRE,RUA LOPES DE CARVALHO,Não informado,MADALENA,Não informado,ABALROAMENTO LONGITUDINAL,Não informado,1.0,1.0,0.0,0.0,0.0,0.0,0.0,0.0,0.0,0.0,0.0,Cruzamento,Bom,Não existe,Perfeito estado,Seca,Perfeito estado,Não existe,R-6a,60.0,Única,Faixa seccionada,Não informado,2020,2,4,1,9.0
2020-02-04,09:35:00,SEM VÍTIMA,FINALIZADA,SANTO AMARO,RUA FREI CASSIMIRO,RUA ISRAEL FONSECA,EM FRENTE AO SUPERMERCADO SUPREMO,SANTO AMARO,SUBURBIO,ABALROAMENTO TRANSVERSAL,COLISAO SEM VITIMA. ENTRE TAXI E CAMINHAO,1.0,1.0,0.0,0.0,0.0,0.0,1.0,0.0,0.0,0.0,0.0,Longo da via,Bom,Não existe,Perfeito estado,Seca,Perfeito estado,Faixa de pedestre,Placas Pare,60.0,Única,Canteiro central,Não informado,2020,2,4,1,9.0
2020-02-04,09:35:00,SEM VÍTIMA,FINALIZADA,SAN MARTIN,AV GENERAL SAN MARTIN,AV ENGENHEIRO ABDIAS DE CARVALHO,COMPAZ,SAN MARTIN,SUBURBIO,ABALROAMENTO LONGITUDINAL,CARRETA E AUTO PASSEIO,1.0,1.0,0.0,0.0,0.0,0.0,0.0,0.0,1.0,0.0,0.0,Cruzamento,Bom,Sem defeito,Perfeito estado,Seca,Perfeito estado,Agente,Outras,40.0,Dupla,Faixa contínua,Não informado,2020,2,4,1,9.0
2020-02-04,09:40:00,SEM VÍTIMA,FINALIZADA,GRAÇAS,RUA JOAQUIM NABUCO,Não informado,EM FRENTE AO SEMÁFORO 071,GRAÇAS,SUBURBIO,ABALROAMENTO LONGITUDINAL,DOIS AUTOS /  GM SUB PAULINO / GUSTAVO / P.O,2.0,1.0,0.0,0.0,0.0,0.0,0.0,0.0,0.0,0.0,0.0,Cruzamento,Bom,Sem defeito,Perfeito estado,Seca,Perfeito estado,Faixa de pedestre,Não há placas,60.0,Única,Não existe,Não informado,2020,2,4,1,9.0
2020-02-04,09:51:00,SEM VÍTIMA,FINALIZADA,ESPINHEIRO,RUA BARAO DE ITAMARACA,RUA RUI CALACA,Não informado,ESPINHEIRO,SUBURBIO,ABALROAMENTO LONGITUDINAL,DOIS AUTOS,2.0,1.0,0.0,0.0,0.0,0.0,0.0,0.0,0.0,0.0,0.0,Cruzamento,Bom,Não existe,Perfeito estado,Seca,Perfeito estado,Não existe,R-6a,60.0,Dupla,Faixa seccionada,Não informado,2020,2,4,1,9.0
2020-02-04,10:02:00,SEM VÍTIMA,FINALIZADA,AFOGADOS,AV SUL,Não informado,CLIMAR PEÇAS E SERVIÇOS PARA AR CONDICIONADO AUTOMOTIVO,AFOGADOS,Não informado,ABALROAMENTO LONGITUDINAL,CAMINHAO E AUTO PASSEIO,1.0,1.0,0.0,0.0,0.0,0.0,1.0,0.0,0.0,0.0,0.0,Longo da via,Bom,Sem defeito,Perfeito estado,Seca,Perfeito estado,Não existe,Não há placas,60.0,Única,Não existe,Não informado,2020,2,4,1,10.0
2020-02-04,10:03:00,SEM VÍTIMA,CANCELADA,ENCRUZILHADA,AV JOAO DE BARROS,AV NORTE,EM FRENTE AO BANCO BRADESCO,ENCRUZILHADA,Não informado,COLISÃO COM CICLISTA,SEM VITIMAS,1.0,1.0,0.0,1.0,0.0,0.0,1.0,0.0,0.0,0.0,0.0,Não informado,Não informado,Não informado,Não informado,Não informado,Não informado,Não informado,Não informado,60.0,Não informado,Não informado,Não informado,2020,2,4,1,10.0
2020-02-04,10:17:00,SEM VÍTIMA,FINALIZADA,SÃO JOSÉ,RUA IMPERIAL,TRV DO GUSMAO,EM FRENTE A LOJA 05,SÃO JOSÉ,SUBURBIO,ABALROAMENTO LONGITUDINAL,SEM VITIMAS,1.0,1.0,0.0,0.0,0.0,1.0,0.0,0.0,0.0,0.0,0.0,Não informado,Bom,Não existe,Perfeito estado,Seca,Perfeito estado,Não existe,Não há placas,60.0,Única,Faixa seccionada,Não informado,2020,2,4,1,10.0
2020-02-04,10:43:00,SEM VÍTIMA,DUPLICIDADE,SÃO JOSÉ,RUA IMPERIAL,Não informado,APOS O POSTO DE GASOLINA BR- SENT. AFOGADOS,SÃO JOSÉ,Não informado,COLISÃO,ONIBUS E AUTO,1.0,1.0,0.0,0.0,0.0,1.0,0.0,0.0,0.0,0.0,0.0,Não informado,Não informado,Não informado,Não informado,Não informado,Não informado,Não informado,Não informado,60.0,Não informado,Não informado,Não informado,2020,2,4,1,10.0
2020-02-04,11:33:00,SEM VÍTIMA,FINALIZADA,GRAÇAS,AV RUI BARBOSA,Não informado,MEMORIAL DA UPE,GRAÇAS,CIDADE,COLISÃO TRASEIRA,TRES AUTOS / GM SILVIO E ERLY P.O NO QTH,3.0,1.0,0.0,0.0,0.0,0.0,0.0,0.0,0.0,0.0,0.0,Longo da via,Bom,Sem defeito,Perfeito estado,Seca,Perfeito estado,Faixa de pedestre,R-6a,60.0,Única,Faixa seccionada,Não informado,2020,2,4,1,11.0
2020-02-04,12:12:00,SEM VÍTIMA,FINALIZADA,BOA VIAGEM,AV BOA VIAGEM,RUA BARAO DE SOUZA LEAO,Não informado,BOA VIAGEM,CIDADE,ABALROAMENTO LONGITUDINAL,COLISÃO SEM VÍTIMA,2.0,1.0,0.0,0.0,0.0,0.0,0.0,0.0,0.0,0.0,0.0,Não informado,Bom,Sem defeito,Perfeito estado,Seca,Perfeito estado,Faixa de pedestre,Outras,40.0,Única,Faixa seccionada,Não informado,2020,2,4,1,12.0
2020-02-04,12:53:00,SEM VÍTIMA,FINALIZADA,IPUTINGA,RUA PADRE DEHON,Não informado,CRUZAMENTO,IPUTINGA,SUBURBIO,ABALROAMENTO TRANSVERSAL,COLISÃO SEM VÍTIMA,2.0,1.0,0.0,0.0,0.0,0.0,0.0,0.0,0.0,0.0,0.0,Cruzamento,Bom,Não existe,Perfeito estado,Seca,Perfeito estado,Outros,Outras,60.0,Dupla,Não existe,Não informado,2020,2,4,1,12.0
2020-02-04,12:59:00,SEM VÍTIMA,FINALIZADA,BOA VIAGEM,AV CONSELHEIRO AGUIAR,RUA ANTONIO FALCAO,Não informado,BOA VIAGEM,CIDADE,COLISÃO TRASEIRA,COLISÃO SEM VÍTIMA,2.0,1.0,0.0,0.0,0.0,0.0,0.0,0.0,0.0,0.0,0.0,Longo da via,Bom,Sem defeito,Perfeito estado,Seca,Perfeito estado,Não existe,Não há placas,60.0,Única,Faixa seccionada,Não informado,2020,2,4,1,12.0
2020-02-04,13:52:00,SEM VÍTIMA,FINALIZADA,PINA,AV REPUBLICA DO LIBANO,Não informado,EM FRENTE AO Nº 40,PINA,SUBURBIO,ABALROAMENTO LONGITUDINAL,COLISÃO SEM VÍTIMA,1.0,1.0,0.0,0.0,0.0,1.0,0.0,0.0,0.0,0.0,0.0,Longo da via,Bom,Não existe,Perfeito estado,Seca,Perfeito estado,Não existe,Não há placas,60.0,Única,Não existe,Não informado,2020,2,4,1,13.0