data,hora,natureza_acidente,situacao,bairro,endereco,detalhe_endereco_acidente,complemento,bairro_cruzamento,sentido_via,tipo,descricao,auto,moto,ciclom,ciclista,pedestre,onibus,caminhao,viatura,outros,vitimas,vitimasfatais,acidente_verificado,tempo_clima,situacao_semaforo,sinalizacao,condicao_via,conservacao_via,ponto_controle,situacao_placa,velocidade_max_via,mao_direcao,divisao_via1,natureza,ano,mes,dia,dia_semana,hora_ocorrencia
2020-02-04,13:58:00,SEM VÍTIMA,FINALIZADA,TAMARINEIRA,AV NORTE,Não informado,LADO OPOSTO AO EDIFÍCIO MANOEL FERREIRA,TAMARINEIRA,CIDADE,COLISÃO TRASEIRA,COLISÃO SEM VÍTIMA,4.0,1.0,0.0,0.0,0.0,0.0,0.0,0.0,0.0,0.0,0.0,Longo da via,Bom,Não existe,Perfeito estado,Seca,Perfeito estado,Faixa de pedestre,Não há placas,60.0,Dupla,Canteiro central,Não informado,2020,2,4,1,13.0
2020-02-04,14:21:00,SEM VÍTIMA,FINALIZADA,BOA VISTA,RUA DO HOSPICIO,RUA PRINCESA IZABEL,EM FRENTE A CÂMARA DOS VEREADORES,BOA VISTA,SUBURBIO,ABALROAMENTO TRANSVERSAL,SEM VITIMA,2.0,1.0,0.0,0.0,0.0,0.0,0.0,0.0,0.0,0.0,0.0,Cruzamento,Bom,Sem defeito,Perfeito estado,Seca,Perfeito estado,Agente,Não há placas,60.0,Única,Faixa seccionada,Não informado,2020,2,4,1,14.0
2020-02-04,14:25:00,SEM VÍTIMA,FINALIZADA,BOA VIAGEM,AV CONSELHEIRO AGUIAR,Não informado,EM FRENTE AO BANCO BRADESCO,BOA VIAGEM,CIDADE,COLISÃO TRASEIRA,COLISAO SEM VITIMAS,2.0,1.0,0.0,0.0,0.0,0.0,0.0,0.0,0.0,0.0,0.0,Cruzamento,Bom,Sem defeito,Perfeito estado,Seca,Perfeito estado,Faixa de pedestre,Não há placas,60.0,Única,Faixa seccionada,Não informado,2020,2,4,1,14.0
2020-02-04,14:26:00,SEM VÍTIMA,CANCELADA,VÁRZEA,RUA CAMINHO DA AREINHA,Não informado,PROX. DO DEPOSITO DE BEBIDAS DO ALEMÃO,VÁRZEA,Não informado,COLISÃO,COLISÃO SEM VITIMA,2.0,1.0,0.0,0.0,0.0,0.0,0.0,0.0,0.0,0.0,0.0,Não informado,Não informado,Não informado,Não informado,Não informado,Não informado,Não informado,Não informado,60.0,Não informado,Não informado,Não informado,2020,2,4,1,14.0
2020-02-04,14:30:00,SEM VÍTIMA,FINALIZADA,BOA VIAGEM,AV DES JOSE NEVES,Não informado,ANTES DO POSTE Nº B 007529,BOA VIAGEM,CIDADE,COLISÃO TRASEIRA,COLISÃO SEM VITIMA,2.0,1.0,0.0,0.0,0.0,0.0,0.0,0.0,0.0,0.0,0.0,Longo da via,Bom,Não existe,Perfeito estado,Seca,Perfeito estado,Não existe,Não há placas,60.0,Dupla,Faixa seccionada,Não informado,2020,2,4,1,14.0
2020-02-04,15:03:00,SEM VÍTIMA,FINALIZADA,BOA VISTA,AV MANOEL BORBA,RUA DA CONCEICAO,EM FRENTE A PRAÇA MACIEL PINHEIRO,BOA VISTA,CIDADE,ABALROAMENTO LONGITUDINAL,COLISÃO SEM VÍTIMA,2.0,1.0,0.0,0.0,0.0,0.0,0.0,0.0,0.0,0.0,0.0,Não informado,Bom,Não existe,Incompleta,Seca,Mal conservada,Não informado,Placas Pare,60.0,Não informado,Não existe,Não informado,2020,2,4,1,15.0
2020-02-04,15:34:00,SEM VÍTIMA,FINALIZADA,CASA AMARELA,AV NORTE,RUA RODRIGUES SETE,Não informado,CASA AMARELA,CIDADE,COLISÃO TRASEIRA,ART 181,3.0,1.0,0.0,0.0,0.0,0.0,0.0,0.0,0.0,0.0,0.0,Cruzamento,Bom,Não existe,Perfeito estado,Seca,Perfeito estado,Não existe,Não há placas,60.0,Única,Faixa seccionada,Não informado,2020,2,4,1,15.0
2020-02-04,15:36:00,SEM VÍTIMA,FINALIZADA,BOA VIAGEM,RUA BARAO DE SOUZA LEAO,Não informado,EM FRENTE AO BR,BOA VIAGEM,SUBURBIO,COLISÃO TRASEIRA,COLISÃO SEM VÍTIMA,1.0,1.0,0.0,0.0,0.0,1.0,0.0,0.0,0.0,0.0,0.0,Longo da via,Bom,Não existe,Perfeito estado,Seca,Perfeito estado,Agente,Não há placas,40.0,Única,Faixa seccionada,Não informado,2020,2,4,1,15.0
2020-02-04,15:59:00,SEM VÍTIMA,EQUIPE EM DESLOCAMENTO,MANGABEIRA,AV NORTE,RUA RODRIGUES SETE,PROX AO SESC,MANGABEIRA,Não informado,COLISÃO,COLISAO SEM VITIMAS,3.0,1.0,0.0,0.0,0.0,0.0,0.0,0.0,0.0,0.0,0.0,Não informado,Não informado,Não informado,Não informado,Não informado,Não informado,Não informado,Não informado,60.0,Não informado,Não informado,Não informado,2020,2,4,1,15.0
2020-02-04,16:13:00,SEM VÍTIMA,FINALIZADA,IPSEP,RUA JEAN EMILE FAVRE,RUA ALEMANHA,OFICINA DO ERON,IPSEP,Não informado,ABALROAMENTO LONGITUDINAL,COLISÃO SEM VÍTIMA,1.0,1.0,0.0,0.0,0.0,0.0,0.0,0.0,1.0,0.0,0.0,Cruzamento,Bom,Não existe,Perfeito estado,Seca,Perfeito estado,Não existe,Outras,60.0,Não informado,Faixa seccionada,Não informado,2020,2,4,1,16.0
2020-02-04,16:19:00,SEM VÍTIMA,FINALIZADA,CASA FORTE,AV DEZESSETE DE AGOSTO,RUA LAURINDO COELHO,CAOA CHERY,CASA FORTE,SUBURBIO,ABALROAMENTO LONGITUDINAL,SEM VITIMA,1.0,1.0,0.0,0.0,0.0,1.0,0.0,0.0,0.0,0.0,0.0,Longo da via,Bom,Não existe,Perfeito estado,Seca,Perfeito estado,Não existe,Outras,60.0,Dupla,Faixa contínua,Não informado,2020,2,4,1,16.0
2020-02-04,17:03:00,SEM VÍTIMA,FINALIZADA,AFOGADOS,RUA SAO MIGUEL,Não informado,LADO OPOSTO AO Nº 1648,AFOGADOS,CIDADE,COLISÃO TRASEIRA,COLISAO SEM VITIMAS,1.0,1.0,0.0,0.0,0.0,0.0,1.0,0.0,0.0,0.0,0.0,Longo da via,Bom,Não existe,Perfeito estado,Seca,Perfeito estado,Não existe,Não há placas,60.0,Dupla,Faixa seccionada,Não informado,2020,2,4,1,17.0
2020-02-04,17:04:00,SEM VÍTIMA,FINALIZADA,BOA VIAGEM,AV ENGENHEIRO DOMINGOS FERREIRA,Não informado,EXTRA HIPERMERCADO BOA VIAGEM,BOA VIAGEM,SUBURBIO,COLISÃO TRASEIRA,COLISÃO SEM VÍTIMA,3.0,1.0,0.0,0.0,0.0,0.0,0.0,0.0,0.0,0.0,0.0,Longo da via,Bom,Sem defeito,Perfeito estado,Seca,Perfeito estado,Não existe,R-32,60.0,Única,Faixa seccionada,Não informado,2020,2,4,1,17.0
2020-02-04,17:13:00,SEM VÍTIMA,FINALIZADA,JARDIM SÃO PAULO,RUA LEANDRO BARRETO,Não informado,SOBRE O VIADUTO,JARDIM SÃO PAULO,SUBURBIO,COLISÃO FRONTAL,COLISÃO SEM VÍTIMA,1.0,1.0,0.0,0.0,0.0,0.0,1.0,0.0,0.0,0.0,0.0,Viaduto,Bom,Não existe,Perfeito estado,Seca,Perfeito estado,Outros,Outras,60.0,Dupla,Faixa contínua,Não informado,2020,2,4,1,17.0
2020-02-04,17:46:00,SEM VÍTIMA,FINALIZADA,TEJIPIÓ,AV DR JOSE RUFINO,Não informado,ESCOLA ESTADUAL ALBERTO TORRES,TEJIPIÓ,SUBURBIO,COLISÃO TRASEIRA,COLISÃO SEM VÍTIMA,2.0,1.0,0.0,0.0,0.0,0.0,0.0,0.0,0.0,0.0,0.0,Longo da via,Bom,Sem defeito,Perfeito estado,Seca,Perfeito estado,Não existe,Não há placas,60.0,Dupla,Faixa contínua,Não informado,2020,2,4,1,17.0
2020-02-04,18:24:00,COM VÍTIMA,FINALIZADA,AFOGADOS,AV SUL,RUA NICOLAU PEREIRA,PRÓX A EMERGÊNCIA DA AGAMENON MAG E TERMINAL INTEGRAL DO LARGO DA PAZ,AFOGADOS,CIDADE,ABALROAMENTO TRANSVERSAL,ENTRE AUTO E MOTO. C/V,1.0,1.0,0.0,0.0,0.0,0.0,0.0,0.0,0.0,1.0,0.0,Não informado,Bom,Não existe,Perfeito estado,Seca,Perfeito estado,Não existe,Não há placas,60.0,Única,Faixa seccionada,Não informado,2020,2,4,1,18.0
2020-02-04,18:30:00,SEM VÍTIMA,CANCELADA,CORDEIRO,AV CAXANGA,Não informado,PROX AO VIADUTO DO BRT // SENTIDO CAMARAGIBE // ENF A FARMACIA PERMANENTE,CORDEIRO,Não informado,COLISÃO,ONIBUS 1002 X PRISMA,1.0,1.0,0.0,0.0,0.0,1.0,0.0,0.0,0.0,0.0,0.0,Não informado,Não informado,Não informado,Não informado,Não informado,Não informado,Não informado,Não informado,60.0,Não informado,Não informado,Não informado,2020,2,4,1,18.0
2020-02-04,18:58:00,SEM VÍTIMA,FINALIZADA,TAMARINEIRA,EST VELHA DE AGUA FRIA,Não informado,Não informado,TAMARINEIRA,CIDADE,ABALROAMENTO LONGITUDINAL,ENTRE AUTO E MOTO.S/V,1.0,1.0,0.0,0.0,0.0,0.0,0.0,0.0,0.0,0.0,0.0,Longo da via,Bom,Não existe,Perfeito estado,Seca,Perfeito estado,Não existe,R-6a,60.0,Dupla,Blocos,Não informado,2020,2,4,1,18.0
2020-02-04,19:03:00,SEM VÍTIMA,CANCELADA,ARRUDA,RUA EXP JAMIL DAGLI,RUA DAS MOCAS,PROX A PIZZARIA ATLANTICO E BEIRA CANAL,ARRUDA,Não informado,COLISÃO,MOTO X FIAT DOBLO,1.0,1.0,0.0,0.0,0.0,0.0,0.0,0.0,0.0,0.0,0.0,Não informado,Não informado,Não informado,Não informado,Não informado,Não informado,Não informado,Não informado,60.0,Não informado,Não informado,Não informado,2020,2,4,1,19.0
2020-02-04,19:20:00,SEM VÍTIMA,FINALIZADA,BOA VIAGEM,AV CONSELHEIRO AGUIAR,Não informado,AO LADO DO GREEN MIX,BOA VIAGEM,CIDADE,COLISÃO TRASEIRA,ENTRE 2 AUTOS. S/V,2.0,1.0,0.0,0.0,0.0,0.0,0.0,0.0,0.0,0.0,0.0,Longo da via,Bom,Sem defeito,Perfeito estado,Seca,Perfeito estado,Agente,Não há placas,40.0,Única,Faixa contínua,Não informado,2020,2,4,1,19.0
2020-02-04,19:36:00,SEM VÍTIMA,FINALIZADA,BOA VISTA,AV CONDE DA BOA VISTA,Não informado,LOJA LEADER,BOA VISTA,SUBURBIO,ABALROAMENTO TRANSVERSAL,ENTRE MOTO E ÔNIBUS. S.V,1.0,1.0,0.0,0.0,0.0,1.0,0.0,0.0,0.0,0.0,0.0,Longo da via,Bom,Não existe,Perfeito estado,Seca,Perfeito estado,Não existe,Outras,60.0,Dupla,Faixa contínua,Não informado,2020,2,4,1,19.0
2020-02-04,19:52:00,COM VÍTIMA,FINALIZADA,BOA VIAGEM,RUA GENERAL SALGADO,RUA COSMORAMA,E/F A AO RESTAURANTE ARENA SHARK E PRÓX AO COLÉGIO MADRE DE DEUS,BOA VIAGEM,SUBURBIO,ABALROAMENTO TRANSVERSAL,ENTRE AUTO E MTO. C/V,1.0,1.0,0.0,0.0,0.0,0.0,0.0,0.0,0.0,1.0,0.0,Cruzamento,Bom,Não existe,Perfeito estado,Seca,Perfeito estado,Não existe,Placas Pare,60.0,Dupla,Faixa seccionada,Não informado,2020,2,4,1,19.0
2020-02-04,20:13:00,SEM VÍTIMA,FINALIZADA,IPSEP,RUA CACHOEIRA,RUA ITACARI,Não informado,IPSEP,SUBURBIO,COLISÃO TRASEIRA,C3 X FIESTA,2.0,1.0,0.0,0.0,0.0,0.0,0.0,0.0,0.0,0.0,0.0,Cruzamento,Bom,Não existe,Incompleta,Seca,Mal iluminada,Não existe,Não há placas,60.0,Única,Faixa seccionada,Não informado,2020,2,4,1,20.0
2020-02-04,20:15:00,SEM VÍTIMA,FINALIZADA,SÃO JOSÉ,RUA IMPERIAL,RUA BOM SUCESSO,Não informado,SÃO JOSÉ,CIDADE,ABALROAMENTO TRANSVERSAL,ENTRE 2 AUTOS. S/V,2.0,1.0,0.0,0.0,0.0,0.0,0.0,0.0,0.0,0.0,0.0,Cruzamento,Bom,Não existe,Não informado,Seca,Perfeito estado,Não existe,Não há placas,60.0,Única,Faixa seccionada,Não informado,2020,2,4,1,20.0
2020-02-04,21:08:00,SEM VÍTIMA,FINALIZADA,CORDEIRO,RUA EURICO DE SOUZA LEAO,Não informado,Não informado,CORDEIRO,SUBURBIO,CHOQUE OBJETO FIXO,VT DO 13 BATALHÃO ACABOU CAINDO NO BURACO. S/V,1.0,1.0,0.0,0.0,0.0,0.0,0.0,0.0,0.0,0.0,0.0,Longo da via,Bom,Não existe,Incompleta,Seca,Mal conservada,Não existe,Não há placas,60.0,Dupla,Não existe,Não informado,2020,2,4,1,21.0
2020-02-04,22:07:00,COM VÍTIMA,FINALIZADA,PARNAMIRIM,AV PARNAMIRIM,RUA ANDRE CAVALCANTE,E/F AO BANCO SANTANDER,PARNAMIRIM,CIDADE,ABALROAMENTO LONGITUDINAL,MOTO X AUTO. C/V,1.0,1.0,0.0,0.0,0.0,0.0,0.0,0.0,0.0,1.0,0.0,Cruzamento,Bom,Não existe,Incompleta,Seca,Perfeito estado,Não existe,R-6a,60.0,Única,Faixa seccionada,Não informado,2020,2,4,1,22.0
2020-02-04,22:39:00,SEM VÍTIMA,FINALIZADA,ILHA DO RETIRO,RUA SPORT CLUBE DO RECIFE,Não informado,FRENTE AO SPORT CLUBE DO RECIFE,ILHA DO RETIRO,SUBURBIO,COLISÃO TRASEIRA,ENTRE 2 AUTOS. UM DOS CONDUTOTES APRESENTA SINAIS DE EMBRIAGUEZ,2.0,1.0,0.0,0.0,0.0,0.0,0.0,0.0,0.0,0.0,0.0,Longo da via,Bom,Sem defeito,Perfeito estado,Seca,Perfeito estado,Não existe,Não há placas,60.0,Dupla,Faixa contínua,Não informado,2020,2,4,1,22.0
2020-02-05,06:05:00,SEM VÍTIMA,FINALIZADA,PAISSANDU,AV GOVERNADOR AGAMENON MAGALHAES,Não informado,LADO OPOSTO AO HOSP. PORTUGUÊS,PAISSANDU,SUBURBIO,ABALROAMENTO LONGITUDINAL,SEM VITIMAS,1.0,1.0,0.0,0.0,0.0,1.0,0.0,0.0,0.0,0.0,0.0,Longo da via,Bom,Sem defeito,Perfeito estado,Seca,Perfeito estado,Faixa de pedestre,Não informado,60.0,Dupla,Canteiro central,Não informado,2020,2,5,2,6.0
2020-02-05,06:55:00,SEM VÍTIMA,FINALIZADA,MACAXEIRA,AV NORTE,Não informado,AO LADO DO PONTO DE ÔNIBUS Nº 110052,MACAXEIRA,SUBURBIO,COLISÃO TRASEIRA,DOIS AUTOS,2.0,1.0,0.0,0.0,0.0,0.0,0.0,0.0,0.0,0.0,0.0,Longo da via,Bom,Não existe,Incompleta,Seca,Perfeito estado,Não existe,Não informado,60.0,Dupla,Canteiro central,Não informado,2020,2,5,2,6.0
2020-02-05,07:49:00,SEM VÍTIMA,FINALIZADA,BOA VISTA,RUA DO HOSPICIO,Não informado,EM FRENTE A CÂMARA MUNICIPAL DO RECIFE,BOA VISTA,CIDADE,ABALROAMENTO LONGITUDINAL,Não informado,1.0,1.0,0.0,0.0,0.0,0.0,0.0,0.0,1.0,0.0,0.0,Cruzamento,Bom,Sem defeito,Perfeito estado,Seca,Perfeito estado,Agente,Outras,60.0,Única,Não existe,Não informado,2020,2,5,2,7.0
2020-02-05,08:03:00,SEM VÍTIMA,FINALIZADA,PINA,PTE AGAMENON MAGALHAES,Não informado,LADO OPOSTO AO RESTAURANTE BARGAÇO,PINA,CIDADE,COLISÃO TRASEIRA,DOIS AUTOS,2.0,1.0,0.0,0.0,0.0,0.0,0.0,0.0,0.0,0.0,0.0,Ponte,Bom,Sem defeito,Perfeito estado,Seca,Perfeito estado,Não existe,Placas Pare,60.0,Não informado,Faixa seccionada,Não informado,2020,2,5,2,8.0
2020-02-05,08:27:00,SEM VÍTIMA,FINALIZADA,DERBY,PRC DO DERBY,RUA JENER DE SOUZA,SOB O SEMÁFORO Nº 418,DERBY,CIDADE,ABALROAMENTO TRANSVERSAL,SEM VITIMAS/LOCAL DESCARACTERIZADO,2.0,1.0,0.0,0.0,0.0,0.0,0.0,0.0,0.0,0.0,0.0,Cruzamento,Bom,Sem defeito,Perfeito estado,Seca,Perfeito estado,Faixa de pedestre,Outras,60.0,Dupla,Blocos,Não informado,2020,2,5,2,8.0
2020-02-05,08:54:00,SEM VÍTIMA,FINALIZADA,ESPINHEIRO,RUA CONS PORTELA,RUA SANTO ELIAS,ESQUINA COM POSTO URBAN,ESPINHEIRO,CIDADE,ABALROAMENTO TRANSVERSAL,COLISÃO S/VITIMAS ENTRE DOIS AUTOS,2.0,1.0,0.0,0.0,0.0,0.0,0.0,0.0,0.0,0.0,0.0,Cruzamento,Bom,Não existe,Perfeito estado,Seca,Perfeito estado,Não existe,Não há placas,60.0,Única,Faixa seccionada,Não informado,2020,2,5,2,8.0
2020-02-05,10:05:00,COM VÍTIMA,FINALIZADA,CASA AMARELA,RUA PAULA BATISTA,RUA XAVANTES,AO LADO DO CENTRO ESPIRITA MOACIR,CASA AMARELA,SUBURBIO,ABALROAMENTO TRANSVERSAL,COM DUAS VITIMAS SENDO ATENDIDAS PELO SAMU,1.0,1.0,0.0,0.0,0.0,0.0,0.0,0.0,0.0,2.0,0.0,Cruzamento,Bom,Não existe,Ilegível,Seca,Perfeito estado,Não existe,Não há placas,30.0,Dupla,Não existe,Não informado,2020,2,5,2,10.0
2020-02-05,10:07:00,COM VÍTIMA,FINALIZADA,MUSTARDINHA,RUA VINTE E UM DE ABRIL,RUA CORACAO DE JESUS,AO LADO DA ROCK PIZZA,MUSTARDINHA,SUBURBIO,COLISÃO,COLISÃO C/VITIMAS ENTRE UMA MOTO E UM AUTO,1.0,1.0,0.0,0.0,0.0,0.0,0.0,0.0,0.0,1.0,0.0,Esquina,Bom,Não existe,Perfeito estado,Seca,Perfeito estado,Não existe,Outras,60.0,Dupla,Não existe,Não informado,2020,2,5,2,10.0
2020-02-05,11:28:00,SEM VÍTIMA,FINALIZADA,MADALENA,RUA REAL DA TORRE,Não informado,Não informado,MADALENA,Não informado,COLISÃO TRASEIRA,SEM VITIMAS,2.0,1.0,0.0,0.0,0.0,0.0,0.0,0.0,0.0,0.0,0.0,Longo da via,Bom,Não existe,Perfeito estado,Seca,Perfeito estado,Não existe,Não há placas,60.0,Única,Faixa seccionada,Não informado,2020,2,5,2,11.0
2020-02-05,12:07:00,SEM VÍTIMA,CANCELADA,BOA VIAGEM,RUA RIBEIRO DE BRITO,Não informado,EM FRENTE AO SINDICATO MUNICIPAL DOS EMPREGADOS EM CONDOMINIO,BOA VIAGEM,Não informado,COLISÃO,COLISÃO SEM VITIMA,1.0,1.0,0.0,0.0,0.0,0.0,0.0,0.0,0.0,0.0,0.0,Não informado,Não informado,Não informado,Não informado,Não informado,Não informado,Não informado,Não informado,60.0,Não informado,Não informado,Não informado,2020,2,5,2,12.0
2020-02-05,12:15:00,SEM VÍTIMA,FINALIZADA,NOVA DESCOBERTA,AV NORTE,Não informado,ESCOLA MUNDO MÁGICO,NOVA DESCOBERTA,SUBURBIO,COLISÃO TRASEIRA,COLISÃO ENTRE A VT CTTU 09 DE PLACA,2.0,1.0,0.0,0.0,0.0,0.0,0.0,0.0,0.0,0.0,0.0,Longo da via,Bom,Não existe,Perfeito estado,Seca,Perfeito estado,Não existe,Não há placas,60.0,Dupla,Canteiro central,Não informado,2020,2,5,2,12.0
2020-02-05,12:35:00,SEM VÍTIMA,FINALIZADA,PRADO,AV ENGENHEIRO ABDIAS DE CARVALHO,RUA JOAO IVO DA SILVA,CONCESSIONÁRIA GRANVIA,PRADO,CIDADE,ABALROAMENTO LONGITUDINAL,SEM VITIMA,2.0,1.0,0.0,0.0,0.0,0.0,0.0,0.0,0.0,0.0,0.0,Cruzamento,Bom,Sem defeito,Perfeito estado,Seca,Perfeito estado,Agente,Não informado,60.0,Única,Canteiro central,Não informado,2020,2,5,2,12.0
2020-02-05,13:08:00,COM VÍTIMA,FINALIZADA,SÃO JOSÉ,RUA IMPERIAL,Não informado,E/F AO COLEGIO JOAQUIM NABUCO,SÃO JOSÉ,SUBURBIO,ABALROAMENTO LONGITUDINAL,COLISAO COM VITIMAS,1.0,1.0,0.0,0.0,0.0,0.0,0.0,0.0,0.0,2.0,0.0,Longo da via,Bom,Não existe,Perfeito estado,Seca,Perfeito estado,Não existe,Não há placas,60.0,Única,Faixa seccionada,Não informado,2020,2,5,2,13.0
2020-02-05,13:26:00,COM VÍTIMA,FINALIZADA,POÇO DA PANELA,AV DEZESSETE DE AGOSTO,AV DR SEIXAS,E/F A PAGUE MENOS/ PROX AO CRUZAMENTO COM A RUA DOUTOR SEIXAS,POÇO DA PANELA,CIDADE,ABALROAMENTO LONGITUDINAL,COLISAO COM VITIMAS,1.0,1.0,0.0,0.0,0.0,0.0,0.0,0.0,0.0,1.0,0.0,Cruzamento,Bom,Sem defeito,Perfeito estado,Seca,Perfeito estado,Faixa de retenção,Não informado,60.0,Dupla,Não informado,Não informado,2020,2,5,2,13.0
2020-02-05,13:31:00,SEM VÍTIMA,FINALIZADA,GRAÇAS,RUA ANTONIO NOVAIS,RUA SOUZA DE ANDRADE,Não informado,GRAÇAS,Não informado,ABALROAMENTO TRANSVERSAL,ENTRE AUTO PASSEIO X MOTO S/V,1.0,1.0,0.0,0.0,0.0,0.0,0.0,0.0,0.0,0.0,0.0,Cruzamento,Bom,Não existe,Não existente,Seca,Perfeito estado,Não existe,Não há placas,30.0,Única,Não existe,Não informado,2020,2,5,2,13.0
2020-02-05,13:38:00,COM VÍTIMA,FINALIZADA,SÃO JOSÉ,RUA IMPERIAL,Não informado,APOS A JUCEPE,SÃO JOSÉ,SUBURBIO,TOMBAMENTO,MOTOCICLISTA CAIU EM UM BURACO,1.0,1.0,0.0,0.0,0.0,0.0,0.0,0.0,0.0,2.0,0.0,Longo da via,Bom,Não existe,Incompleta,Não informado,Mal conservada,Não existe,Outras,60.0,Única,Não existe,Não informado,2020,2,5,2,13.0
2020-02-05,13:42:00,SEM VÍTIMA,FINALIZADA,BOA VIAGEM,RUA AVIADOR SEVERIANO LINS,RUA DONA BENVINDA DE FARIAS,Não informado,BOA VIAGEM,SUBURBIO,ABALROAMENTO TRANSVERSAL,ENTRE DOIS AUTOS S/V,2.0,1.0,0.0,0.0,0.0,0.0,0.0,0.0,0.0,0.0,0.0,Cruzamento,Bom,Não existe,Perfeito estado,Seca,Perfeito estado,Não existe,Placas Pare,20.0,Dupla,Não existe,Não informado,2020,2,5,2,13.0
2020-02-05,14:17:00,SEM VÍTIMA,CANCELADA,PAISSANDU,RUA PAISSANDU,Não informado,HOSP. CAPIBARIBE HAPVIDA,PAISSANDU,Não informado,COLISÃO,COLISÃO SEM VITIMA,2.0,1.0,0.0,0.0,0.0,0.0,0.0,0.0,0.0,0.0,0.0,Não informado,Não informado,Não informado,Não informado,Não informado,Não informado,Não informado,Não informado,60.0,Não informado,Não informado,Não informado,2020,2,5,2,14.0
2020-02-05,14:18:00,COM VÍTIMA,FINALIZADA,CORDEIRO,RUA PAES CABRAL,RUA SANTOS MOREIRA,PROX A SORVETERIA MUG,CORDEIRO,SUBURBIO,ABALROAMENTO TRANSVERSAL,ENTRE MOTO X AUTO PASSEIO COM VÍTIMA,1.0,1.0,0.0,0.0,0.0,0.0,0.0,0.0,0.0,1.0,0.0,Longo da via,Bom,Não existe,Não existente,Seca,Perfeito estado,Não existe,Outras,60.0,Dupla,Não existe,Não informado,2020,2,5,2,14.0
2020-02-05,15:24:00,COM VÍTIMA,FINALIZADA,MUSTARDINHA,AV MANOEL GONCALVES DA LUZ,Não informado,E/F A ULTRAGÁS E CASA LOTÉRICA DA CAIXA ECONOMICA.,MUSTARDINHA,CIDADE,COLISÃO FRONTAL,ENTRE AUTO X PEDESTRE X MOTO,1.0,1.0,0.0,0.0,1.0,0.0,0.0,0.0,0.0,3.0,0.0,Longo da via,Bom,Não existe,Perfeito estado,Seca,Perfeito estado,Não existe,Não há placas,60.0,Não informado,Não existe,Não informado,2020,2,5,2,15.0
2020-02-05,15:28:00,SEM VÍTIMA,CANCELADA,SÃO JOSÉ,RUA IMPERIAL,Não informado,NA DESCIDA DO VIADULTO NO INICIO DA VIA,SÃO JOSÉ,Não informado,COLISÃO,COLISÃO SEM VITIMA,2.0,1.0,0.0,0.0,0.0,0.0,0.0,0.0,0.0,0.0,0.0,Não informado,Não informado,Não informado,Não informado,Não informado,Não informado,Não informado,Não informado,60.0,Não informado,Não informado,Não informado,2020,2,5,2,15.0
2020-02-05,15:51:00,SEM VÍTIMA,FINALIZADA,IMBIRIBEIRA,AV MARECHAL MASCARENHAS DE MORAES,Não informado,CAIXA ECONOMICA FEDERAL,IMBIRIBEIRA,CIDADE,ABALROAMENTO LONGITUDINAL,COLISAO SEM VITIMAS,1.0,1.0,0.0,0.0,0.0,0.0,0.0,0.0,0.0,0.0,0.0,Longo da via,Bom,Não existe,Perfeito estado,Seca,Perfeito estado,Não existe,Não há placas,60.0,Dupla,Canteiro central,Não informado,2020,2,5,2,15.0
2020-02-05,16:14:00,SEM VÍTIMA,FINALIZADA,PINA,RUA CONSUL JOSEPH NOUJAIM,AV REPUBLICA DO LIBANO,Não informado,PINA,Não informado,ABALROAMENTO LONGITUDINAL,ENTRE DOIS AUTOS S/V,2.0,1.0,0.0,0.0,0.0,0.0,0.0,0.0,0.0,0.0,0.0,Longo da via,Bom,Não existe,Perfeito estado,Seca,Perfeito estado,Não existe,Outras,60.0,Única,Faixa seccionada,Não informado,2020,2,5,2,16.0
2020-02-05,16:34:00,SEM VÍTIMA,FINALIZADA,IMBIRIBEIRA,RUA ITACARI,RUA ITAJAI,Não informado,IMBIRIBEIRA,Não informado,ABALROAMENTO TRANSVERSAL,COLISAO SEM VITIMAS,2.0,1.0,0.0,0.0,0.0,0.0,0.0,0.0,0.0,0.0,0.0,Cruzamento,Bom,Não existe,Incompleta,Seca,Perfeito estado,Faixa de retenção,Placas Pare,60.0,Única,Não existe,Não informado,2020,2,5,2,16.0
2020-02-05,16:38:00,SEM VÍTIMA,FINALIZADA,SANTO AMARO,AV GOVERNADOR AGAMENON MAGALHAES,RUA ALUISIO DE AZEVEDO,Não informado,SANTO AMARO,Não informado,ABALROAMENTO LONGITUDINAL,COLISAO SEM VITIMAS,2.0,1.0,0.0,0.0,0.0,0.0,0.0,0.0,0.0,0.0,0.0,Não informado,Bom,Não existe,Perfeito estado,Seca,Perfeito estado,Não existe,Placas Pare,60.0,Dupla,Não existe,Não informado,2020,2,5,2,16.0
2020-02-05,18:51:00,SEM VÍTIMA,FINALIZADA,BOA VIAGEM,AV FERNANDO SIMOES BARBOSA,Não informado,CANAL DA CONSTRUÇÃO E CONDOMÍNIOS,BOA VIAGEM,SUBURBIO,ABALROAMENTO LONGITUDINAL,CAMINHAO X PEUGEOT X CARRTA,2.0,1.0,0.0,0.0,0.0,0.0,1.0,0.0,0.0,0.0,0.0,Longo da via,Bom,Não existe,Perfeito estado,Seca,Perfeito estado,Não existe,R-6a,60.0,Única,Faixa seccionada,Não informado,2020,2,5,2,18.0
2020-02-05,19:10:00,SEM VÍTIMA,FINALIZADA,NOVA DESCOBERTA,RUA CORREGO DO JOAQUIM,Não informado,CORREGO DE INACIO,NOVA DESCOBERTA,SUBURBIO,ABALROAMENTO LONGITUDINAL,ENTRE ÕNIBUS E MOTO. S/V,1.0,1.0,0.0,0.0,0.0,1.0,0.0,0.0,0.0,0.0,0.0,Longo da via,Bom,Não existe,Não existente,Seca,Mal iluminada,Não existe,Não há placas,60.0,Dupla,Não existe,Não informado,2020,2,5,2,19.0