data,hora,natureza_acidente,situacao,bairro,endereco,detalhe_endereco_acidente,complemento,bairro_cruzamento,sentido_via,tipo,descricao,auto,moto,ciclom,ciclista,pedestre,onibus,caminhao,viatura,outros,vitimas,vitimasfatais,acidente_verificado,tempo_clima,situacao_semaforo,sinalizacao,condicao_via,conservacao_via,ponto_controle,situacao_placa,velocidade_max_via,mao_direcao,divisao_via1,natureza,ano,mes,dia,dia_semana,hora_ocorrencia
2020-02-08,11:33:00,SEM VÍTIMA,FINALIZADA,AREIAS,AV RECIFE,AV RECIFE,EM FRENTE AO SEMÁFORO 620,AREIAS,SUBURBIO,COLISÃO TRASEIRA,TRES AUTOS,3.0,1.0,0.0,0.0,0.0,0.0,0.0,0.0,0.0,0.0,0.0,Longo da via,Bom,Sem defeito,Perfeito estado,Seca,Perfeito estado,Faixa de pedestre,Não há placas,60.0,Dupla,Canteiro central,Não informado,2020,2,8,5,11.0
2020-02-08,11:37:00,SEM VÍTIMA,FINALIZADA,CIDADE UNIVERSITÁRIA,AV CAXANGA,Não informado,CHURRASCARIA BOI E BRASA,CIDADE UNIVERSITÁRIA,CIDADE,ABALROAMENTO TRANSVERSAL,DOIS AUTOS,2.0,1.0,0.0,0.0,0.0,0.0,0.0,0.0,0.0,0.0,0.0,Longo da via,Bom,Sem defeito,Perfeito estado,Seca,Perfeito estado,Faixa de pedestre,R-26,60.0,Dupla,Canteiro central,Não informado,2020,2,8,5,11.0
2020-02-08,11:47:00,SEM VÍTIMA,CANCELADA,COHAB,AV SANTA FE,AV ANGRA DOS REIS,EM FRENTE A FARMACIA RECIFARMA,COHAB,Não informado,COLISÃO,ONIBUS E AUTO,1.0,1.0,0.0,0.0,0.0,1.0,0.0,0.0,0.0,0.0,0.0,Não informado,Não informado,Não informado,Não informado,Não informado,Não informado,Não informado,Não informado,60.0,Não informado,Não informado,Não informado,2020,2,8,5,11.0
2020-02-08,12:10:00,SEM VÍTIMA,CANCELADA,IBURA,AV DOIS RIOS,Não informado,EM FRENTE AO LABORATORIO GILSON CIDRIM,IBURA,Não informado,COLISÃO,MOTO E AUTO,1.0,1.0,0.0,0.0,0.0,0.0,0.0,0.0,0.0,0.0,0.0,Não informado,Não informado,Não informado,Não informado,Não informado,Não informado,Não informado,Não informado,60.0,Não informado,Não informado,Não informado,2020,2,8,5,12.0
2020-02-08,12:30:00,SEM VÍTIMA,FINALIZADA,BOA VIAGEM,AV BOA VIAGEM,RUA HENRIQUE CAPITULINO,EDF. VILA AZUL,BOA VIAGEM,CIDADE,COLISÃO TRASEIRA,TRES AUTOS,3.0,1.0,0.0,0.0,0.0,0.0,0.0,0.0,0.0,0.0,0.0,Não informado,Bom,Sem defeito,Perfeito estado,Seca,Perfeito estado,Faixa de pedestre,Não há placas,60.0,Única,Faixa contínua,Não informado,2020,2,8,5,12.0
2020-02-08,12:38:00,SEM VÍTIMA,CANCELADA,PINA,RUA FRANCISCO DA CUNHA,Não informado,AO LADO DO CARREFUR,PINA,Não informado,COLISÃO,COLISAO SEM VITIMAS,1.0,1.0,0.0,0.0,0.0,0.0,0.0,0.0,0.0,0.0,0.0,Não informado,Não informado,Não informado,Não informado,Não informado,Não informado,Não informado,Não informado,60.0,Não informado,Não informado,Não informado,2020,2,8,5,12.0
2020-02-08,13:38:00,SEM VÍTIMA,FINALIZADA,ESPINHEIRO,RUA QUARENTA E OITO,RUA CONS PORTELA,Não informado,ESPINHEIRO,CIDADE,ABALROAMENTO LONGITUDINAL,AUTO E ONIBUS,1.0,1.0,0.0,0.0,0.0,1.0,0.0,0.0,0.0,0.0,0.0,Cruzamento,Bom,Sem defeito,Perfeito estado,Seca,Perfeito estado,Faixa de pedestre,Não há placas,60.0,Única,Faixa seccionada,Não informado,2020,2,8,5,13.0
2020-02-08,13:43:00,SEM VÍTIMA,FINALIZADA,CASA AMARELA,AV NORTE,Não informado,EM FRENTE A ESCOLA DE REFERÊNCIA DE ENSINO MÉDIO CLOTILDE,CASA AMARELA,Não informado,ABALROAMENTO LONGITUDINAL,DOIS AUTOS,2.0,1.0,0.0,0.0,0.0,0.0,0.0,0.0,0.0,0.0,0.0,Longo da via,Bom,Não existe,Perfeito estado,Seca,Perfeito estado,Não existe,Não há placas,60.0,Dupla,Não informado,Não informado,2020,2,8,5,13.0
2020-02-08,14:54:00,SEM VÍTIMA,FINALIZADA,ESTÂNCIA,AV RECIFE,Não informado,EM FRENTE AO SEMÁFORO Nº 261,ESTÂNCIA,SUBURBIO,COLISÃO TRASEIRA,COLISAO SEM VITIMAS,2.0,1.0,0.0,0.0,0.0,0.0,0.0,0.0,0.0,0.0,0.0,Longo da via,Bom,Sem defeito,Perfeito estado,Seca,Perfeito estado,Faixa de pedestre,Não há placas,60.0,Dupla,Canteiro central,Não informado,2020,2,8,5,14.0
2020-02-08,14:56:00,SEM VÍTIMA,FINALIZADA,IBURA,AV DOIS RIOS,RUA RIO XINGU,POSTO DE COMBUSTÍVEL BR,IBURA,CIDADE,COLISÃO TRASEIRA,COLISAO SEM VITIMAS,2.0,1.0,0.0,0.0,0.0,0.0,0.0,0.0,0.0,0.0,0.0,Cruzamento,Bom,Sem defeito,Perfeito estado,Seca,Perfeito estado,Faixa de pedestre,Não há placas,60.0,Dupla,Faixa contínua,Não informado,2020,2,8,5,14.0
2020-02-08,16:12:00,SEM VÍTIMA,FINALIZADA,DOIS IRMÃOS,RUA DOIS IRMAOS,Não informado,EM FRENTE A COMPESA- PROX. A PRAÇA FARIA NEVES,DOIS IRMÃOS,SUBURBIO,COLISÃO,DOIS AUTOS,2.0,1.0,0.0,0.0,0.0,0.0,0.0,0.0,0.0,0.0,0.0,Longo da via,Bom,Não existe,Perfeito estado,Seca,Perfeito estado,Outros,Outras,60.0,Dupla,Faixa contínua,Não informado,2020,2,8,5,16.0
2020-02-08,16:28:00,SEM VÍTIMA,FINALIZADA,SANTANA,RUA SANTANA,RUA LEOPOLDINO SILVA,AO LADO DO Nº 459,SANTANA,SUBURBIO,COLISÃO TRASEIRA,COLISAO SEM VITIMAS,2.0,1.0,0.0,0.0,0.0,0.0,0.0,0.0,0.0,0.0,0.0,Cruzamento,Bom,Não existe,Incompleta,Seca,Perfeito estado,Não existe,Não há placas,30.0,Dupla,Não informado,Não informado,2020,2,8,5,16.0
2020-02-08,21:37:00,SEM VÍTIMA,CANCELADA,ROSARINHO,AV NORTE,Não informado,SENTIDO OPOSTO DA NISSAN,ROSARINHO,Não informado,COLISÃO,ONIBUS PEDROSA X,1.0,1.0,0.0,0.0,0.0,1.0,0.0,0.0,0.0,0.0,0.0,Não informado,Não informado,Não informado,Não informado,Não informado,Não informado,Não informado,Não informado,60.0,Não informado,Não informado,Não informado,2020,2,8,5,21.0
2020-02-08,22:54:00,SEM VÍTIMA,FINALIZADA,SANTO ANTÔNIO,AV MARTINS DE BARROS,Não informado,LADO OPOSTO AO TERMINAL CAIS DE SANTA RITA,SANTO ANTÔNIO,CIDADE,ABALROAMENTO LONGITUDINAL,CAMINHAO X PALIO OBS: VT 20 DA CTTU ESTA NO LOCAL,1.0,1.0,0.0,0.0,0.0,0.0,1.0,0.0,0.0,0.0,0.0,Longo da via,Bom,Não existe,Perfeito estado,Seca,Perfeito estado,Não existe,Não há placas,60.0,Dupla,Faixa seccionada,Não informado,2020,2,8,5,22.0
2020-02-09,00:55:00,SEM VÍTIMA,FINALIZADA,SANTO ANTÔNIO,AV GUARARAPES,Não informado,EDF. CONDE DA BOA VISTA,SANTO ANTÔNIO,SUBURBIO,CHOQUE VEÍCULO PARADO,COLISÃO ENTRE DUAS VIATUAS DA GM S/V,2.0,1.0,0.0,0.0,0.0,0.0,0.0,0.0,0.0,0.0,0.0,Longo da via,Bom,Não existe,Perfeito estado,Seca,Perfeito estado,Faixa de pedestre,Não há placas,60.0,Dupla,Faixa seccionada,Não informado,2020,2,9,6,0.0
2020-02-09,02:51:00,SEM VÍTIMA,FINALIZADA,DERBY,PRC DO DERBY,Não informado,MEDICINA NUCLEAR CEMUPE,DERBY,CIDADE,ABALROAMENTO LONGITUDINAL,COLISÃO ENTRE DOIS AUTOS S/V,2.0,1.0,0.0,0.0,0.0,0.0,0.0,0.0,0.0,0.0,0.0,Longo da via,Bom,Não existe,Perfeito estado,Seca,Perfeito estado,Faixa de pedestre,Outras,60.0,Única,Faixa seccionada,Não informado,2020,2,9,6,2.0
2020-02-09,06:54:00,COM VÍTIMA,CANCELADA,DERBY,RUA DR SEVERINO PINHEIRO,Não informado,NA DECIDA DA PONTE DO DERBY,DERBY,Não informado,COLISÃO,COLISAO CO VITIMAS,1.0,1.0,0.0,0.0,0.0,0.0,0.0,0.0,0.0,1.0,0.0,Não informado,Não informado,Não informado,Não informado,Não informado,Não informado,Não informado,Não informado,60.0,Não informado,Não informado,Não informado,2020,2,9,6,6.0
2020-02-09,12:30:00,SEM VÍTIMA,FINALIZADA,VÁRZEA,AV AFONSO OLINDENSE,Não informado,Não informado,VÁRZEA,SUBURBIO,ABALROAMENTO TRANSVERSAL,COLISÃO SEM VÍTMA,2.0,1.0,0.0,0.0,0.0,0.0,0.0,0.0,0.0,0.0,0.0,Longo da via,Bom,Não existe,Perfeito estado,Seca,Perfeito estado,Não existe,Outras,40.0,Dupla,Faixa contínua,Não informado,2020,2,9,6,12.0
2020-02-09,15:14:00,SEM VÍTIMA,FINALIZADA,IPSEP,AV RECIFE,Não informado,Não informado,IPSEP,Não informado,COLISÃO TRASEIRA,COLISÃO SEM VÍTIMA,2.0,1.0,0.0,0.0,0.0,0.0,0.0,0.0,0.0,0.0,0.0,Longo da via,Bom,Sem defeito,Perfeito estado,Seca,Perfeito estado,Faixa de pedestre,Outras,60.0,Dupla,Canteiro central,Não informado,2020,2,9,6,15.0
2020-02-09,15:24:00,SEM VÍTIMA,CANCELADA,BOA VIAGEM,AV CONSELHEIRO AGUIAR,Não informado,EM FRENTE AO POSTO DE GASOLINA PETROBRAS,BOA VIAGEM,Não informado,COLISÃO,COLISÃO SEM VÍTIMA,2.0,1.0,0.0,0.0,0.0,0.0,0.0,0.0,0.0,0.0,0.0,Não informado,Não informado,Não informado,Não informado,Não informado,Não informado,Não informado,Não informado,60.0,Não informado,Não informado,Não informado,2020,2,9,6,15.0
2020-02-09,16:27:00,SEM VÍTIMA,FINALIZADA,SANTO ANTÔNIO,AV MARTINS DE BARROS,PTE BUARQUE DE MACEDO,POSTE Nº H 037103 ( AO LADO ),SANTO ANTÔNIO,Não informado,ABALROAMENTO LONGITUDINAL,COLISÃO SEM VÍTIMA,1.0,1.0,0.0,0.0,0.0,1.0,0.0,0.0,0.0,0.0,0.0,Não informado,Bom,Sem defeito,Perfeito estado,Seca,Perfeito estado,Faixa de pedestre,Outras,60.0,Única,Faixa seccionada,Não informado,2020,2,9,6,16.0
2020-02-09,16:44:00,SEM VÍTIMA,FINALIZADA,NOVA DESCOBERTA,RUA CORREGO DO JOAQUIM,Não informado,OPOSTO AO Nº 720,NOVA DESCOBERTA,CIDADE,CHOQUE VEÍCULO PARADO,COLISAO SEM VITIMAS,1.0,1.0,0.0,0.0,0.0,1.0,0.0,0.0,0.0,0.0,0.0,Longo da via,Bom,Não existe,Não existente,Seca,Perfeito estado,Não existe,Não há placas,60.0,Não informado,Não existe,Não informado,2020,2,9,6,16.0
2020-02-09,17:26:00,SEM VÍTIMA,CANCELADA,ÁGUA FRIA,RUA MANOEL SILVA,Não informado,EM FRENTE AO BAR DO BEU,ÁGUA FRIA,Não informado,COLISÃO,COLISÃO SEM VÍTIMA,2.0,1.0,0.0,0.0,0.0,0.0,0.0,0.0,0.0,0.0,0.0,Não informado,Não informado,Não informado,Não informado,Não informado,Não informado,Não informado,Não informado,60.0,Não informado,Não informado,Não informado,2020,2,9,6,17.0
2020-02-09,17:34:00,COM VÍTIMA,FINALIZADA,IPSEP,AV RECIFE,Não informado,LADO OPOSTO A FALCAO EQUIPADORA /SENTIDO CEASA,IPSEP,CIDADE,COLISÃO TRASEIRA,COLISAO COM VITIMA,1.0,1.0,0.0,0.0,0.0,0.0,0.0,0.0,0.0,1.0,0.0,Longo da via,Bom,Não existe,Perfeito estado,Seca,Perfeito estado,Não existe,R-6a,60.0,Dupla,Faixa seccionada,Não informado,2020,2,9,6,17.0
2020-02-09,18:16:00,SEM VÍTIMA,FINALIZADA,TORRE,RUA MARQUES DE MARICA,RUA SOUZA BANDEIRA,Não informado,TORRE,SUBURBIO,COLISÃO TRASEIRA,TOYOTA X FIAT MOBI,2.0,1.0,0.0,0.0,0.0,0.0,0.0,0.0,0.0,0.0,0.0,Cruzamento,Bom,Sem defeito,Ilegível,Seca,Mal iluminada,Faixa de pedestre,Não há placas,60.0,Dupla,Não existe,Não informado,2020,2,9,6,18.0
2020-02-09,19:40:00,COM VÍTIMA,FINALIZADA,SAN MARTIN,AV CONSUL VILARES FRAGOSO,RUA ITAPEMIRIM,POR TRAS DA CAVALERIA,SAN MARTIN,CIDADE,COLISÃO FRONTAL,MOTO X CLIO,1.0,1.0,0.0,0.0,0.0,0.0,0.0,0.0,0.0,1.0,0.0,Cruzamento,Bom,Não existe,Não existente,Seca,Mal iluminada,Não existe,R-6a,60.0,Dupla,Não existe,Não informado,2020,2,9,6,19.0
2020-02-09,20:37:00,SEM VÍTIMA,FINALIZADA,BOA VIAGEM,AV MARECHAL MASCARENHAS DE MORAES,Não informado,LADO OPOSTO A ANAC,BOA VIAGEM,SUBURBIO,CHOQUE OBJETO FIXO,VEÍCULO CHOCOU-SE COM POSTE SEMAFÓRICO (SEM 625),1.0,1.0,0.0,0.0,0.0,0.0,0.0,0.0,0.0,0.0,0.0,Longo da via,Bom,Não informado,Perfeito estado,Seca,Perfeito estado,Faixa de pedestre,Outras,60.0,Única,Faixa contínua,Não informado,2020,2,9,6,20.0
2020-02-09,21:08:00,COM VÍTIMA,FINALIZADA,CASA FORTE,AV DEZESSETE DE AGOSTO,RUA LAURINDO COELHO,ENF. AO BANCO ITAU,CASA FORTE,SUBURBIO,ABALROAMENTO LONGITUDINAL,MOTO X HB 20,1.0,1.0,0.0,0.0,0.0,0.0,0.0,0.0,0.0,1.0,0.0,Esquina,Bom,Não existe,Ilegível,Seca,Mal iluminada,Não existe,Não há placas,60.0,Dupla,Faixa seccionada,Não informado,2020,2,9,6,21.0
2020-02-09,22:12:00,SEM VÍTIMA,FINALIZADA,VÁRZEA,RUA AMARO GOMES POROCA,Não informado,BRAZETUS ( VÁRZEA ),VÁRZEA,SUBURBIO,ABALROAMENTO LONGITUDINAL,MOTO X GOL,1.0,1.0,1.0,0.0,0.0,0.0,0.0,0.0,0.0,0.0,0.0,Longo da via,Bom,Não existe,Perfeito estado,Seca,Perfeito estado,Não existe,Não há placas,60.0,Dupla,Faixa seccionada,Não informado,2020,2,9,6,22.0
2020-02-10,00:58:00,SEM VÍTIMA,CANCELADA,BOA VIAGEM,RUA ERNESTO DE PAULA SANTOS,RUA VISCONDE DE JEQUITINHONHA,EM FRENTE AO SUPERMERCADO SOBERANO,BOA VIAGEM,Não informado,COLISÃO,COLISÃO ENTRE DOIS AUTOS- SEM VÍTIMAS,2.0,1.0,0.0,0.0,0.0,0.0,0.0,0.0,0.0,0.0,0.0,Não informado,Não informado,Não informado,Não informado,Não informado,Não informado,Não informado,Não informado,60.0,Não informado,Não informado,Não informado,2020,2,10,0,0.0
2020-02-10,05:56:00,COM VÍTIMA,FINALIZADA,ILHA DO LEITE,AV GOVERNADOR AGAMENON MAGALHAES,RUA PAISSANDU,NO CRUZAMENTO,ILHA DO LEITE,SUBURBIO,COLISÃO TRASEIRA,COM DUAS VITIMAS AGUARDANDO SAMU,1.0,1.0,0.0,0.0,0.0,0.0,0.0,0.0,0.0,1.0,0.0,Longo da via,Chuvoso,Sem defeito,Perfeito estado,Molhada,Perfeito estado,Faixa de pedestre,Não há placas,60.0,Dupla,Canteiro central,Não informado,2020,2,10,0,5.0
2020-02-10,06:14:00,SEM VÍTIMA,FINALIZADA,ÁGUA FRIA,RUA SAO BENTO,EST VELHA DE AGUA FRIA,POSTO PNB NORTE BRAZ,ÁGUA FRIA,SUBURBIO,ABALROAMENTO LONGITUDINAL,MOTO E AUTO,1.0,1.0,0.0,0.0,0.0,0.0,0.0,0.0,0.0,0.0,0.0,Cruzamento,Bom,Não existe,Perfeito estado,Seca,Perfeito estado,Não informado,Não informado,60.0,Dupla,Faixa contínua,Não informado,2020,2,10,0,6.0
2020-02-10,07:52:00,COM VÍTIMA,FINALIZADA,JAQUEIRA,RUA SIMAO MENDES,RUA FLORIANOPOLIS,EM FRENTE AO EDF MAIRIYARAS VILLAGE,JAQUEIRA,CIDADE,ABALROAMENTO TRANSVERSAL,COM UMA VITIMA AGUARDANDO SAMU,1.0,1.0,0.0,0.0,0.0,0.0,0.0,0.0,0.0,1.0,0.0,Esquina,Bom,Não existe,Incompleta,Seca,Perfeito estado,Não existe,Não há placas,60.0,Dupla,Não existe,Não informado,2020,2,10,0,7.0
2020-02-10,08:09:00,COM VÍTIMA,FINALIZADA,MADALENA,RUA BENFICA,Não informado,Não informado,MADALENA,CIDADE,COLISÃO COM CICLISTA,COM UMA VÍTIMA,1.0,1.0,0.0,1.0,0.0,0.0,0.0,0.0,0.0,1.0,0.0,Longo da via,Bom,Sem defeito,Perfeito estado,Seca,Perfeito estado,Não existe,Não há placas,60.0,Dupla,Faixa contínua,Não informado,2020,2,10,0,8.0
2020-02-10,08:33:00,SEM VÍTIMA,FINALIZADA,ENCRUZILHADA,AV BEBERIBE,Não informado,LADO OPOSTO AO Nº 376 - GALERIA CAMPOS,ENCRUZILHADA,CIDADE,COLISÃO TRASEIRA,COLISAO COM VITIMA. ENTRE VEICULO E MOTO,1.0,1.0,0.0,0.0,0.0,0.0,0.0,0.0,0.0,0.0,0.0,Longo da via,Bom,Sem defeito,Perfeito estado,Seca,Perfeito estado,Faixa de pedestre,R-4a,60.0,Dupla,Faixa seccionada,Não informado,2020,2,10,0,8.0
2020-02-10,08:47:00,SEM VÍTIMA,FINALIZADA,MACAXEIRA,AV NORTE,Não informado,50 M DO POSTO DE COMBUSTÍBEL SOLAR,MACAXEIRA,CIDADE,COLISÃO TRASEIRA,COLISÃO S/VITIMAS ENTRE DOIS AUTOS,2.0,1.0,0.0,0.0,0.0,0.0,0.0,0.0,0.0,0.0,0.0,Longo da via,Bom,Não existe,Perfeito estado,Seca,Perfeito estado,Não existe,Não há placas,60.0,Única,Faixa seccionada,Não informado,2020,2,10,0,8.0
2020-02-10,08:50:00,SEM VÍTIMA,FINALIZADA,BOA VIAGEM,AV ENGENHEIRO DOMINGOS FERREIRA,Não informado,OPOSTO AO BIG BOMPREÇO,BOA VIAGEM,SUBURBIO,ABALROAMENTO LONGITUDINAL,DOIS AUTOS,2.0,1.0,0.0,0.0,0.0,0.0,0.0,0.0,0.0,0.0,0.0,Longo da via,Bom,Não existe,Perfeito estado,Seca,Perfeito estado,Não existe,Outras,60.0,Única,Faixa seccionada,Não informado,2020,2,10,0,8.0
2020-02-10,09:26:00,COM VÍTIMA,FINALIZADA,PINA,AV ANTONIO DE GOES,Não informado,EM FRENTE À SAMSUNG,PINA,CIDADE,ATROPELAMENTO,MOTO E PEDESTRE. O PEDESTRE EVADIU-SE DO LOCAL.,1.0,1.0,0.0,0.0,1.0,0.0,0.0,0.0,0.0,1.0,0.0,Longo da via,Bom,Sem defeito,Perfeito estado,Seca,Perfeito estado,Agente,Não há placas,60.0,Única,Faixa seccionada,Não informado,2020,2,10,0,9.0
2020-02-10,09:33:00,SEM VÍTIMA,FINALIZADA,BOA VISTA,RUA DA AURORA,RUA DO RIACHUELO,Não informado,BOA VISTA,Não informado,ABALROAMENTO LONGITUDINAL,COLISÃO S/VITIMAS ENTRE DOIS AUTOS (GM MEDEIROS E MARCELO APOLINÁRIO NO QTH),2.0,1.0,0.0,0.0,0.0,0.0,0.0,0.0,0.0,0.0,0.0,Longo da via,Bom,Sem defeito,Perfeito estado,Seca,Perfeito estado,Agente,Outras,60.0,Única,Faixa seccionada,Não informado,2020,2,10,0,9.0
2020-02-10,09:49:00,SEM VÍTIMA,FINALIZADA,MADALENA,AV CAXANGA,Não informado,CELPE,MADALENA,CIDADE,ABALROAMENTO LONGITUDINAL,SEM VITIMAS,1.0,1.0,0.0,0.0,0.0,0.0,1.0,0.0,0.0,0.0,0.0,Longo da via,Bom,Sem defeito,Perfeito estado,Seca,Perfeito estado,Faixa de pedestre,Outras,60.0,Única,Faixa seccionada,Não informado,2020,2,10,0,9.0
2020-02-10,10:01:00,SEM VÍTIMA,FINALIZADA,BOA VISTA,RUA JOAO FERNANDES VIEIRA,Não informado,FARMACIA PERMANENTE,BOA VISTA,CIDADE,ABALROAMENTO LONGITUDINAL,SEM VITIMAS,1.0,1.0,0.0,0.0,0.0,0.0,1.0,0.0,0.0,0.0,0.0,Longo da via,Bom,Não existe,Perfeito estado,Seca,Perfeito estado,Não existe,R-6a,60.0,Única,Não existe,Não informado,2020,2,10,0,10.0
2020-02-10,10:15:00,COM VÍTIMA,FINALIZADA,CASA FORTE,AV DEZESSETE DE AGOSTO,RUA SAMUEL FARIAS,EM FRENTE A 7ª REGIONAL DO EXERCITO,CASA FORTE,CIDADE,ABALROAMENTO LONGITUDINAL,COM UMA VITIMA -SAMU NO LOCAL,1.0,1.0,0.0,0.0,0.0,0.0,0.0,0.0,0.0,1.0,0.0,Longo da via,Bom,Não existe,Perfeito estado,Seca,Perfeito estado,Não existe,Não há placas,60.0,Dupla,Faixa contínua,Não informado,2020,2,10,0,10.0
2020-02-10,11:26:00,SEM VÍTIMA,FINALIZADA,IMBIRIBEIRA,RUA JOAQUIM BANDEIRA,AV SUL,Não informado,IMBIRIBEIRA,Não informado,ABALROAMENTO TRANSVERSAL,COLISÃO S/VIITMAS ENTRE TRES AUTOS,3.0,1.0,0.0,0.0,0.0,0.0,0.0,0.0,0.0,0.0,0.0,Cruzamento,Bom,Não existe,Incompleta,Seca,Perfeito estado,Não existe,Placas Pare,40.0,Única,Faixa seccionada,Não informado,2020,2,10,0,11.0
2020-02-10,12:26:00,COM VÍTIMA,FINALIZADA,SÃO JOSÉ,RUA IMPERIAL,Não informado,EM BAIXO DO VIADUTO CAPITÃO TEMUDO,SÃO JOSÉ,Não informado,COLISÃO TRASEIRA,COLISÃO COM VÍTIMA,1.0,1.0,1.0,0.0,0.0,0.0,0.0,0.0,0.0,1.0,0.0,Longo da via,Bom,Não existe,Perfeito estado,Seca,Perfeito estado,Não informado,Não há placas,40.0,Única,Faixa,Não informado,2020,2,10,0,12.0
2020-02-10,12:28:00,SEM VÍTIMA,FINALIZADA,IMBIRIBEIRA,AV MARECHAL MASCARENHAS DE MORAES,Não informado,Não informado,IMBIRIBEIRA,SUBURBIO,COLISÃO TRASEIRA,COLISAO SEM VITIMAS,2.0,1.0,0.0,0.0,0.0,0.0,0.0,0.0,0.0,0.0,0.0,Longo da via,Bom,Sem defeito,Perfeito estado,Seca,Perfeito estado,Não informado,Não há placas,60.0,Não informado,Faixa contínua,Não informado,2020,2,10,0,12.0
2020-02-10,12:41:00,SEM VÍTIMA,CANCELADA,IMBIRIBEIRA,RUA CONDE PEREIRA CARNEIRO,Não informado,E/F AO MOTEL EU E TU,IMBIRIBEIRA,Não informado,COLISÃO,COLISAO SEM VITIMAS,1.0,1.0,0.0,0.0,0.0,0.0,0.0,0.0,0.0,0.0,0.0,Não informado,Não informado,Não informado,Não informado,Não informado,Não informado,Não informado,Não informado,60.0,Não informado,Não informado,Não informado,2020,2,10,0,12.0
2020-02-10,13:04:00,COM VÍTIMA,FINALIZADA,DERBY,AV GOVERNADOR AGAMENON MAGALHAES,Não informado,SENTIDO BOA VIAGEM - OLINDA,DERBY,OLINDA,COLISÃO TRASEIRA,COM VÍTMA,1.0,2.0,0.0,0.0,0.0,0.0,0.0,0.0,0.0,2.0,0.0,Longo da via,Bom,Sem defeito,Perfeito estado,Seca,Perfeito estado,Não existe,Não há placas,60.0,Dupla,Faixa seccionada,Não informado,2020,2,10,0,13.0
2020-02-10,13:08:00,SEM VÍTIMA,FINALIZADA,DERBY,RUA JENER DE SOUZA,Não informado,E/F AO QUARTEL DO DERBY,DERBY,SUBURBIO,ABALROAMENTO LONGITUDINAL,COLISAO SEM VITIMAS,2.0,1.0,0.0,0.0,0.0,0.0,0.0,0.0,0.0,0.0,0.0,Longo da via,Bom,Não existe,Perfeito estado,Seca,Perfeito estado,Não existe,Não informado,40.0,Dupla,Canteiro central,Não informado,2020,2,10,0,13.0
2020-02-10,14:04:00,SEM VÍTIMA,DUPLICIDADE,IMBIRIBEIRA,AV MARECHAL MASCARENHAS DE MORAES,Não informado,E/F AO AUTO PEÇA UNIVERSAL,IMBIRIBEIRA,PRAZERES,COLISÃO,COLISAO SEM VITIMAS,2.0,1.0,0.0,0.0,0.0,0.0,0.0,0.0,0.0,0.0,0.0,Não informado,Não informado,Não informado,Não informado,Não informado,Não informado,Não informado,Não informado,60.0,Não informado,Não informado,Não informado,2020,2,10,0,14.0
2020-02-10,14:14:00,SEM VÍTIMA,FINALIZADA,BOA VIAGEM,AV CONSELHEIRO AGUIAR,RUA JORNALISTA ADETH LEITE,Não informado,BOA VIAGEM,CIDADE,CHOQUE OBJETO FIXO,COLISAO SEM VITIMAS,1.0,1.0,0.0,0.0,0.0,0.0,0.0,0.0,0.0,0.0,0.0,Cruzamento,Bom,Não existe,Perfeito estado,Seca,Perfeito estado,Não existe,Não há placas,60.0,Única,Faixa seccionada,Não informado,2020,2,10,0,14.0
2020-02-10,14:32:00,SEM VÍTIMA,FINALIZADA,SAN MARTIN,AV JOAO CABRAL DE MELO NETO,RUA TENENTE MINDELO,PRÓXIMO A CASA DA COMUNIDADE,SAN MARTIN,SUBURBIO,COLISÃO TRASEIRA,COLISÃO SEM VÍTIMA,2.0,1.0,0.0,0.0,0.0,0.0,0.0,0.0,0.0,0.0,0.0,Longo da via,Bom,Sem defeito,Perfeito estado,Seca,Perfeito estado,Faixa de pedestre,Não há placas,60.0,Dupla,Não informado,Não informado,2020,2,10,0,14.0
2020-02-10,14:37:00,COM VÍTIMA,FINALIZADA,SANTO AMARO,AV DR JAYME DA FONTE,Não informado,EM FRENTE A ASSEMBLEIAS DE DEUS/ SENTIDO AGAMENON,SANTO AMARO,Não informado,ATROPELAMENTO,COM VÍTIMA/ VÍTIMA SOCORRIDA PELO BOMBEIRO,1.0,1.0,0.0,0.0,1.0,0.0,0.0,0.0,0.0,1.0,0.0,Longo da via,Bom,Não existe,Não existente,Seca,Perfeito estado,Não existe,Outras,40.0,Não informado,Canteiro central,Não informado,2020,2,10,0,14.0
2020-02-10,14:46:00,SEM VÍTIMA,CANCELADA,DERBY,RUA JENER DE SOUZA,Não informado,E/F AO QUARTEL DO DERBY,DERBY,Não informado,COLISÃO,COLISAO SEM VITIMAS,1.0,1.0,0.0,0.0,0.0,0.0,0.0,0.0,0.0,0.0,0.0,Não informado,Não informado,Não informado,Não informado,Não informado,Não informado,Não informado,Não informado,60.0,Não informado,Não informado,Não informado,2020,2,10,0,14.0
2020-02-10,15:29:00,SEM VÍTIMA,FINALIZADA,PINA,AV HERCULANO BANDEIRA,Não informado,TABELIONATO FIGUEIREDO,PINA,SUBURBIO,ABALROAMENTO LONGITUDINAL,COLISAO SEM VITIMAS,1.0,1.0,0.0,0.0,0.0,1.0,0.0,0.0,0.0,0.0,0.0,Longo da via,Bom,Não existe,Perfeito estado,Seca,Perfeito estado,Não existe,R-6a,60.0,Única,Faixa contínua,Não informado,2020,2,10,0,15.0
2020-02-10,15:33:00,SEM VÍTIMA,FINALIZADA,MACAXEIRA,AV NORTE,Não informado,GIRADOR DA MACAXEIRA - SENTIDO INTEGRAÇÃO,MACAXEIRA,SUBURBIO,COLISÃO TRASEIRA,COLISÃO SEM VÍTIMA,1.0,1.0,0.0,0.0,0.0,1.0,0.0,0.0,0.0,0.0,0.0,Longo da via,Bom,Não existe,Não informado,Seca,Perfeito estado,Não existe,Não há placas,60.0,Única,Não existe,Não informado,2020,2,10,0,15.0