data,hora,natureza_acidente,situacao,bairro,endereco,detalhe_endereco_acidente,complemento,bairro_cruzamento,sentido_via,tipo,descricao,auto,moto,ciclom,ciclista,pedestre,onibus,caminhao,viatura,outros,vitimas,vitimasfatais,acidente_verificado,tempo_clima,situacao_semaforo,sinalizacao,condicao_via,conservacao_via,ponto_controle,situacao_placa,velocidade_max_via,mao_direcao,divisao_via1,natureza,ano,mes,dia,dia_semana,hora_ocorrencia
2020-02-10,16:08:00,SEM VÍTIMA,FINALIZADA,ESPINHEIRO,AV GOVERNADOR AGAMENON MAGALHAES,Não informado,EM FRENTE AO Nº 2936 - VIA PRINCIPAL,ESPINHEIRO,Não informado,COLISÃO TRASEIRA,COLISÃO SEM VÍTIMA,2.0,1.0,0.0,0.0,0.0,0.0,0.0,0.0,0.0,0.0,0.0,Longo da via,Bom,Sem defeito,Perfeito estado,Seca,Perfeito estado,Faixa de pedestre,Não informado,60.0,Dupla,Faixa seccionada,Não informado,2020,2,10,0,16.0
2020-02-10,16:52:00,SEM VÍTIMA,CANCELADA,CORDEIRO,AV GENERAL SAN MARTIN,Não informado,PROXIMO AO SUPERMERCADO IDEAL,CORDEIRO,Não informado,COLISÃO,COLISÃO SEM VÍTIMA,1.0,1.0,0.0,0.0,0.0,1.0,0.0,0.0,0.0,0.0,0.0,Não informado,Não informado,Não informado,Não informado,Não informado,Não informado,Não informado,Não informado,60.0,Não informado,Não informado,Não informado,2020,2,10,0,16.0
2020-02-10,17:19:00,COM VÍTIMA,FINALIZADA,JORDÃO,AV MARIA IRENE,RUA ANTONIO ROCHA,PROX A BASE AEREA,JORDÃO,SUBURBIO,ABALROAMENTO LONGITUDINAL,COISAO COM VITIMAS,1.0,1.0,0.0,0.0,0.0,0.0,0.0,0.0,0.0,1.0,0.0,Esquina,Bom,Não existe,Não existente,Seca,Perfeito estado,Não existe,Não há placas,60.0,Dupla,Faixa contínua,Não informado,2020,2,10,0,17.0
2020-02-10,17:24:00,SEM VÍTIMA,FINALIZADA,AFOGADOS,EST DOS REMEDIOS,Não informado,Não informado,AFOGADOS,SUBURBIO,ABALROAMENTO TRANSVERSAL,COLISAO SEM VITIMAS,1.0,1.0,0.0,0.0,0.0,0.0,0.0,0.0,0.0,0.0,0.0,Longo da via,Bom,Não existe,Perfeito estado,Seca,Perfeito estado,Outros,Outras,60.0,Única,Faixa seccionada,Não informado,2020,2,10,0,17.0
2020-02-10,17:50:00,SEM VÍTIMA,FINALIZADA,CORDEIRO,AV CAXANGA,RUA DR JOAO LACERDA,Não informado,CORDEIRO,SUBURBIO,ABALROAMENTO LONGITUDINAL,COLISÃO SEM VÍTIMA,2.0,1.0,0.0,0.0,0.0,0.0,0.0,0.0,0.0,0.0,0.0,Cruzamento,Bom,Sem defeito,Perfeito estado,Seca,Perfeito estado,Faixa de pedestre,Outras,60.0,Dupla,Canteiro central,Não informado,2020,2,10,0,17.0
2020-02-10,18:12:00,SEM VÍTIMA,FINALIZADA,AFOGADOS,RUA DA PAZ,Não informado,BANCO CAIXA ECONÔMICA,AFOGADOS,SUBURBIO,COLISÃO TRASEIRA,ENTRE AUTO E MOTO. S/V,1.0,1.0,0.0,0.0,0.0,0.0,0.0,0.0,0.0,0.0,0.0,Longo da via,Bom,Sem defeito,Perfeito estado,Seca,Perfeito estado,Faixa de pedestre,Outras,40.0,Única,Faixa seccionada,Não informado,2020,2,10,0,18.0
2020-02-10,18:22:00,SEM VÍTIMA,FINALIZADA,MADALENA,RUA JOAO IVO DA SILVA,AV ENGENHEIRO ABDIAS DE CARVALHO,PRÓXIMO A WISE UP ( ESCOLA DE INGLÊS),MADALENA,Não informado,ABALROAMENTO LONGITUDINAL,SANDERO X CAMINHAO,1.0,1.0,0.0,0.0,0.0,0.0,1.0,0.0,0.0,0.0,0.0,Cruzamento,Bom,Sem defeito,Perfeito estado,Seca,Perfeito estado,Agente,Outras,60.0,Única,Não existe,Não informado,2020,2,10,0,18.0
2020-02-10,19:48:00,SEM VÍTIMA,CANCELADA,IBURA,RUA QUARENTA E UM,Não informado,OBS:::. A OCORRENCIA ACONTECEU NA RUA QUARENTA . NO SISTEMA NAO TEM ESTA RUA QUE FICA NO TERMINAL DE ONIBUS UR 11,IBURA,Não informado,COLISÃO,ONIBUS X ETIOS,1.0,1.0,0.0,0.0,0.0,1.0,0.0,0.0,0.0,0.0,0.0,Não informado,Não informado,Não informado,Não informado,Não informado,Não informado,Não informado,Não informado,60.0,Não informado,Não informado,Não informado,2020,2,10,0,19.0
2020-02-10,19:53:00,SEM VÍTIMA,FINALIZADA,JAQUEIRA,RUA HOEL SETTE,Não informado,Não informado,JAQUEIRA,SUBURBIO,CHOQUE VEÍCULO PARADO,ENTRE 2 AUTOS. S/V,2.0,1.0,0.0,0.0,0.0,0.0,0.0,0.0,0.0,0.0,0.0,Longo da via,Bom,Não existe,Incompleta,Seca,Mal iluminada,Não existe,Não há placas,60.0,Dupla,Não informado,Não informado,2020,2,10,0,19.0
2020-02-10,20:07:00,SEM VÍTIMA,FINALIZADA,BOA VISTA,RUA DOS COELHOS,RUA PADRE VENANCIO,AO LADO DO IMIP / PRÓX A SUBIDA DA PONTE VIADUTO JOAQUIM CARDOSO,BOA VISTA,SUBURBIO,COLISÃO,ÕNIBUS E AUTO PASSEIO. S/V,1.0,1.0,0.0,0.0,0.0,1.0,0.0,0.0,0.0,0.0,0.0,Esquina,Bom,Não existe,Perfeito estado,Seca,Perfeito estado,Não existe,R-6a,60.0,Única,Faixa contínua,Não informado,2020,2,10,0,20.0
2020-02-11,01:45:00,SEM VÍTIMA,FINALIZADA,BOA VISTA,AV MANOEL BORBA,RUA JOSE DE ALENCAR,EM FRENTE A PADARIA SANTA TEREZINHA,BOA VISTA,s,COLISÃO,COLISÃO ENTRE DOIS AUTOS S/V,2.0,1.0,0.0,0.0,0.0,0.0,0.0,0.0,0.0,0.0,0.0,Cruzamento,Bom,Intermitente,Perfeito estado,Seca,Perfeito estado,Faixa de pedestre,Outras,60.0,Única,Faixa contínua,Não informado,2020,2,11,1,1.0
2020-02-11,07:11:00,SEM VÍTIMA,FINALIZADA,TAMARINEIRA,RUA SAO VICENTE,EST DO ARRAIAL,AO LADO DO SUPERMERCADO EXTRABOM,TAMARINEIRA,CIDADE,COLISÃO,COLISÃO S/VITMAS ENTRE DOIS AUTOS,2.0,1.0,0.0,0.0,0.0,0.0,0.0,0.0,0.0,0.0,0.0,Longo da via,Bom,Não existe,Perfeito estado,Seca,Perfeito estado,Não existe,Placas Pare,60.0,Dupla,Não existe,Não informado,2020,2,11,1,7.0
2020-02-11,07:13:00,SEM VÍTIMA,CANCELADA,MACAXEIRA,AV NORTE,Não informado,EM FRENTE A O CENTRO DE DISTRIBUIÇÃO DA COMPESA/NO GIRADORO DA MACAXEIRA,MACAXEIRA,CAXANGA,COLISÃO,SEM VITIMAS,1.0,1.0,0.0,0.0,0.0,0.0,1.0,0.0,0.0,0.0,0.0,Não informado,Não informado,Não informado,Não informado,Não informado,Não informado,Não informado,Não informado,60.0,Não informado,Não informado,Não informado,2020,2,11,1,7.0
2020-02-11,07:30:00,SEM VÍTIMA,CANCELADA,DOIS IRMÃOS,RUA DOIS IRMAOS,Não informado,E/F AO MOTEL SENZALA (SENT. APIPUCOS),DOIS IRMÃOS,Não informado,COLISÃO,COLISÃO S/VITIMAS ENTRE DOIS AUTOS,2.0,1.0,0.0,0.0,0.0,0.0,0.0,0.0,0.0,0.0,0.0,Não informado,Não informado,Não informado,Não informado,Não informado,Não informado,Não informado,Não informado,60.0,Não informado,Não informado,Não informado,2020,2,11,1,7.0
2020-02-11,07:46:00,SEM VÍTIMA,FINALIZADA,CABANGA,AV ENGENHEIRO JOSE ESTELITA,Não informado,EM FRENTE AO CABANGA IATE CLUBE,CABANGA,CIDADE,COLISÃO,DOIS AUTOS,2.0,1.0,0.0,0.0,0.0,0.0,0.0,0.0,0.0,0.0,0.0,Longo da via,Bom,Não existe,Perfeito estado,Seca,Perfeito estado,Não existe,Outras,60.0,Única,Faixa seccionada,Não informado,2020,2,11,1,7.0
2020-02-11,08:06:00,SEM VÍTIMA,CANCELADA,BOA VIAGEM,RUA FREI LEANDRO,AV CONSELHEIRO AGUIAR,EM FRENTE AO EDF ITAIBA,BOA VIAGEM,Não informado,COLISÃO,SEM VITIMAS,3.0,1.0,0.0,0.0,0.0,0.0,0.0,0.0,0.0,0.0,0.0,Não informado,Não informado,Não informado,Não informado,Não informado,Não informado,Não informado,Não informado,60.0,Não informado,Não informado,Não informado,2020,2,11,1,8.0
2020-02-11,08:09:00,SEM VÍTIMA,FINALIZADA,TORRE,RUA PIO NONO,Não informado,AO LADO DO EDF. MORADA PIO NONO,TORRE,SUBURBIO,COLISÃO,COLISÃO S/VITIMAS ENTRE DOIS AUTOS (V.T 16 NO QTH),2.0,1.0,0.0,0.0,0.0,0.0,0.0,0.0,0.0,0.0,0.0,Longo da via,Bom,Não existe,Perfeito estado,Seca,Mal conservada,Não existe,R-6a,60.0,Dupla,Não existe,Não informado,2020,2,11,1,8.0
2020-02-11,08:44:00,SEM VÍTIMA,FINALIZADA,MADALENA,AV CAXANGA,Não informado,EM FRENTE A MARCELO BATERIAS,MADALENA,CIDADE,COLISÃO,DOIS AUTOS,2.0,1.0,0.0,0.0,0.0,0.0,0.0,0.0,0.0,0.0,0.0,Longo da via,Bom,Não existe,Perfeito estado,Seca,Perfeito estado,Não existe,Não há placas,60.0,Dupla,Canteiro central,Não informado,2020,2,11,1,8.0
2020-02-11,08:46:00,COM VÍTIMA,FINALIZADA,AFOGADOS,EST DOS REMEDIOS,Não informado,20 METROS APÓS O PAGODE DO CALDINHO,AFOGADOS,MADALENA,ABALROAMENTO LONGITUDINAL,COLISÃO C/VITIMA ENTRE UM AUTO E UMA MOTO,1.0,1.0,0.0,0.0,0.0,0.0,0.0,0.0,0.0,2.0,0.0,Longo da via,Bom,Não existe,Perfeito estado,Seca,Perfeito estado,Não existe,R-6a,60.0,Única,Faixa seccionada,Não informado,2020,2,11,1,8.0
2020-02-11,08:52:00,SEM VÍTIMA,CANCELADA,SANTO AMARO,RUA GENERAL ABREU E LIMA,Não informado,POR TRAS DO CEMITERIO DOS INGLESES,SANTO AMARO,Não informado,COLISÃO,CAMINHÃO E AUTO PONTO FIXO GM´VICENTE E PASSO,1.0,1.0,0.0,0.0,0.0,1.0,0.0,0.0,0.0,0.0,0.0,Não informado,Não informado,Não informado,Não informado,Não informado,Não informado,Não informado,Não informado,60.0,Não informado,Não informado,Não informado,2020,2,11,1,8.0
2020-02-11,08:59:00,SEM VÍTIMA,CANCELADA,CAÇOTE,AV RECIFE,Não informado,E/F AO BIG BOMPREÇO,CAÇOTE,Não informado,COLISÃO,COLISÃO S/VITIMAS ENTRE UMA MOTO E UM AUTO,1.0,1.0,0.0,0.0,0.0,0.0,0.0,0.0,0.0,0.0,0.0,Não informado,Não informado,Não informado,Não informado,Não informado,Não informado,Não informado,Não informado,60.0,Não informado,Não informado,Não informado,2020,2,11,1,8.0
2020-02-11,09:20:00,SEM VÍTIMA,FINALIZADA,BOA VIAGEM,RUA ANTONIO FALCAO,Não informado,E/F A FRIO PEÇAS AR CONDICIONADO,BOA VIAGEM,SUBURBIO,COLISÃO,COLISÃO S/VITIMAS ENTRE QUATRO AUTOS (BATEDORES URLEY E ANDRE FABIANO NO QTH),4.0,1.0,0.0,0.0,0.0,0.0,0.0,0.0,0.0,0.0,0.0,Longo da via,Bom,Não existe,Perfeito estado,Seca,Perfeito estado,Não existe,Não informado,60.0,Única,Faixa seccionada,Não informado,2020,2,11,1,9.0
2020-02-11,09:45:00,SEM VÍTIMA,FINALIZADA,SANTO AMARO,RUA DO POMBAL,Não informado,E/F AO CENTRO DE SAUDE VALDEMAR DE OLIVEIRA,SANTO AMARO,Não informado,COLISÃO,COLISÃO S/VITIMAS ENTRE DOIS AUTOS,2.0,1.0,0.0,0.0,0.0,0.0,0.0,0.0,0.0,0.0,0.0,Longo da via,Bom,Não existe,Não existente,Seca,Perfeito estado,Não existe,Não há placas,60.0,Única,Não existe,Não informado,2020,2,11,1,9.0
2020-02-11,10:04:00,SEM VÍTIMA,DUPLICIDADE,BOA VISTA,RUA PRINCESA IZABEL,Não informado,EM FRENTE A CAMARA DE VEREADORES,BOA VISTA,CIDADE,COLISÃO,SEM VITIMAS/CTTU NO LOCAL/GM MAYARA LIMA/GM GUIMARÃES,1.0,1.0,0.0,0.0,0.0,1.0,1.0,0.0,0.0,0.0,0.0,Não informado,Não informado,Não informado,Não informado,Não informado,Não informado,Não informado,Não informado,60.0,Não informado,Não informado,Não informado,2020,2,11,1,10.0
2020-02-11,10:05:00,SEM VÍTIMA,FINALIZADA,BOA VISTA,RUA PRINCESA IZABEL,RUA DO HOSPICIO,EM FRENTE A CAMARA MUNICIPAL,BOA VISTA,CIDADE,COLISÃO,CAMINHÃO E ONIBUS    PONTO FIXO GM´S GUIMARAES E MAIARA,1.0,1.0,0.0,0.0,0.0,1.0,1.0,0.0,0.0,0.0,0.0,Cruzamento,Bom,Sem defeito,Perfeito estado,Seca,Perfeito estado,Agente,Não há placas,60.0,Única,Faixa contínua,Não informado,2020,2,11,1,10.0
2020-02-11,10:14:00,SEM VÍTIMA,CANCELADA,IPUTINGA,AV CAXANGA,RUA DAVID NASSER,EM FRENTE A MONTE CARLOS,IPUTINGA,Não informado,COLISÃO,SEM VITIMAS,2.0,1.0,0.0,0.0,0.0,0.0,0.0,0.0,0.0,0.0,0.0,Não informado,Não informado,Não informado,Não informado,Não informado,Não informado,Não informado,Não informado,60.0,Não informado,Não informado,Não informado,2020,2,11,1,10.0
2020-02-11,10:16:00,SEM VÍTIMA,CANCELADA,ÁGUA FRIA,AV BEBERIBE,Não informado,EM FRENTE AO MERCADINHO DOIS IRMÃOS,ÁGUA FRIA,Não informado,COLISÃO,AUTO E MOTO,1.0,1.0,0.0,0.0,0.0,0.0,0.0,0.0,0.0,0.0,0.0,Não informado,Não informado,Não informado,Não informado,Não informado,Não informado,Não informado,Não informado,60.0,Não informado,Não informado,Não informado,2020,2,11,1,10.0
2020-02-11,10:33:00,SEM VÍTIMA,FINALIZADA,JARDIM SÃO PAULO,AV LIBERDADE,Não informado,E/F A DRACO,JARDIM SÃO PAULO,Não informado,COLISÃO,COLISÃO S/VITIMAS ENTRE DOIS AUTOS,1.0,1.0,0.0,0.0,0.0,0.0,0.0,1.0,0.0,0.0,0.0,Longo da via,Bom,Não existe,Perfeito estado,Seca,Perfeito estado,Não existe,Não há placas,60.0,Dupla,Faixa contínua,Não informado,2020,2,11,1,10.0
2020-02-11,10:52:00,SEM VÍTIMA,FINALIZADA,IMBIRIBEIRA,RUA JOAQUIM BANDEIRA,AV MARECHAL MASCARENHAS DE MORAES,EM FRENTE A MITISUBSHI PEÇAS E SERVIÇOS,IMBIRIBEIRA,Não informado,COLISÃO,SEM VITIMAS,1.0,1.0,0.0,0.0,0.0,0.0,1.0,0.0,0.0,0.0,0.0,Esquina,Bom,Sem defeito,Perfeito estado,Seca,Perfeito estado,Faixa de retenção,Não informado,60.0,Dupla,Faixa seccionada,Não informado,2020,2,11,1,10.0
2020-02-11,10:53:00,SEM VÍTIMA,CANCELADA,SÃO JOSÉ,RUA IMPERIAL,Não informado,AO LADO DA RECICLAGEM DA PREFEITURA,SÃO JOSÉ,CIDADE,COLISÃO,Não informado,1.0,1.0,0.0,0.0,0.0,0.0,1.0,0.0,0.0,0.0,0.0,Não informado,Não informado,Não informado,Não informado,Não informado,Não informado,Não informado,Não informado,60.0,Não informado,Não informado,Não informado,2020,2,11,1,10.0
2020-02-11,11:04:00,COM VÍTIMA,FINALIZADA,IPSEP,AV RECIFE,Não informado,LADO OPOSTO A ORTONOBRE COLCHÕES,IPSEP,SUBURBIO,COLISÃO TRASEIRA,COLISÃO C/VITIMA ENTRE UMA MOTO E UM AUTO,1.0,1.0,0.0,0.0,0.0,0.0,0.0,0.0,0.0,1.0,0.0,Longo da via,Bom,Não existe,Perfeito estado,Seca,Perfeito estado,Não existe,Não há placas,60.0,Única,Faixa seccionada,Não informado,2020,2,11,1,11.0
2020-02-11,11:07:00,SEM VÍTIMA,CANCELADA,IMBIRIBEIRA,AV MARECHAL MASCARENHAS DE MORAES,Não informado,EMBAIXO DO VIADUTO TANCREDO NEVES,IMBIRIBEIRA,AFOGADOS,COLISÃO,SEM VITIMAS,2.0,1.0,0.0,0.0,0.0,0.0,0.0,0.0,0.0,0.0,0.0,Não informado,Não informado,Não informado,Não informado,Não informado,Não informado,Não informado,Não informado,60.0,Não informado,Não informado,Não informado,2020,2,11,1,11.0
2020-02-11,11:27:00,SEM VÍTIMA,FINALIZADA,GRAÇAS,AV RUI BARBOSA,Não informado,E/F A PRAÇA DO ENTRONCAMENTO,GRAÇAS,CIDADE,COLISÃO,COLISÃO S/VITIMAS ENTRE DOIS AUTOS (PONTO FIXO POLIANA ÁTICO NO QTH),2.0,1.0,0.0,0.0,0.0,0.0,0.0,0.0,0.0,0.0,0.0,Longo da via,Bom,Não existe,Perfeito estado,Seca,Perfeito estado,Não existe,Outras,60.0,Única,Faixa seccionada,Não informado,2020,2,11,1,11.0
2020-02-11,11:30:00,SEM VÍTIMA,CANCELADA,CABANGA,AV SUL,Não informado,EMBAIXO DA ALÇA DO VIADUTO CAPITÃO TEMUDO -EM FRENTE AO POSTO PETROBRAS DESATIVADO,CABANGA,Não informado,COLISÃO,SEM VITIMAS,1.0,1.0,0.0,0.0,0.0,0.0,0.0,0.0,0.0,0.0,0.0,Não informado,Não informado,Não informado,Não informado,Não informado,Não informado,Não informado,Não informado,60.0,Não informado,Não informado,Não informado,2020,2,11,1,11.0
2020-02-11,12:22:00,SEM VÍTIMA,FINALIZADA,CORDEIRO,AV ENGENHEIRO ABDIAS DE CARVALHO,Não informado,LADO OPOSTO AO COMPAZ,CORDEIRO,CIDADE,COLISÃO,COLISÃO S/VITIMAS ENTRE DOIS AUTOS (PONTO FIXO ALMEIDA VELOSO NO QTH),2.0,1.0,0.0,0.0,0.0,0.0,0.0,0.0,0.0,0.0,0.0,Longo da via,Bom,Sem defeito,Perfeito estado,Seca,Perfeito estado,Faixa de pedestre,Não informado,60.0,Dupla,Faixa contínua,Não informado,2020,2,11,1,12.0
2020-02-11,13:34:00,SEM VÍTIMA,FINALIZADA,IPSEP,RUA ITAJAI,RUA ITACARI,E/F A INOVE,IPSEP,SUBURBIO,COLISÃO,COLISAO SEM VITIMAS,2.0,1.0,0.0,0.0,0.0,0.0,0.0,0.0,0.0,0.0,0.0,Cruzamento,Bom,Não existe,Perfeito estado,Seca,Perfeito estado,Faixa de pedestre,Placas Pare,60.0,Dupla,Faixa contínua,Não informado,2020,2,11,1,13.0
2020-02-11,13:40:00,SEM VÍTIMA,CANCELADA,CASA FORTE,PRC DE CASA FORTE,Não informado,EM FRENTE AO COLEGIO CASA FORTE,CASA FORTE,Não informado,COLISÃO,COLISAO SEM VITIMAS,2.0,1.0,0.0,0.0,0.0,0.0,0.0,0.0,0.0,0.0,0.0,Não informado,Não informado,Não informado,Não informado,Não informado,Não informado,Não informado,Não informado,60.0,Não informado,Não informado,Não informado,2020,2,11,1,13.0
2020-02-11,13:53:00,SEM VÍTIMA,FINALIZADA,IPUTINGA,AV CAXANGA,EST DO BARBALHO,EM FRENTE AO BIG BOM PREÇO,IPUTINGA,CAMARAGIBE,COLISÃO,COLISAO SEM VITIMAS,1.0,1.0,0.0,0.0,0.0,1.0,0.0,0.0,0.0,0.0,0.0,Longo da via,Bom,Sem defeito,Perfeito estado,Seca,Perfeito estado,Faixa de pedestre,Não informado,60.0,Dupla,Faixa seccionada,Não informado,2020,2,11,1,13.0
2020-02-11,14:12:00,SEM VÍTIMA,FINALIZADA,MADALENA,AV BEIRA RIO,RUA DEMOSTENES DE OLINDA,E/F MEIO DO MUNDO CAFÉ BISTRÔ,MADALENA,CIDADE,COLISÃO,COLISÃO S/VITIMAS ENTRE DOIS AUTOS (PONTO FIXO LUIS BARBOSA NO QTH),2.0,1.0,0.0,0.0,0.0,0.0,0.0,0.0,0.0,0.0,0.0,Cruzamento,Bom,Não informado,Perfeito estado,Seca,Perfeito estado,Faixa de pedestre,Placas Pare,60.0,Dupla,Faixa seccionada,Não informado,2020,2,11,1,14.0
2020-02-11,14:13:00,SEM VÍTIMA,FINALIZADA,BOA VIAGEM,AV MARECHAL JUAREZ TAVORA,Não informado,PROXIMO AO HOTEL FORUM,BOA VIAGEM,Não informado,COLISÃO,COLISAO COM VITIMAS,1.0,1.0,0.0,0.0,0.0,0.0,0.0,0.0,0.0,0.0,0.0,Longo da via,Bom,Não existe,Perfeito estado,Seca,Perfeito estado,Não existe,Não informado,60.0,Única,Faixa seccionada,Não informado,2020,2,11,1,14.0
2020-02-11,14:50:00,COM VÍTIMA,FINALIZADA,BOA VIAGEM,AV DES JOSE NEVES,Não informado,ANTES DO RESTAURANTE CANGAÇO (SENT. BOA VIAGEM). BAR DO BIU.,BOA VIAGEM,CIDADE,COLISÃO FRONTAL,COLISÃO C/EVASÃO SEGUIDA DE ATROPELAMENTO,1.0,1.0,0.0,0.0,1.0,0.0,0.0,0.0,0.0,1.0,0.0,Longo da via,Bom,Não existe,Perfeito estado,Seca,Perfeito estado,Não existe,R-6a,60.0,Dupla,Canal,Não informado,2020,2,11,1,14.0
2020-02-11,15:20:00,SEM VÍTIMA,FINALIZADA,AFOGADOS,RUA NICOLAU PEREIRA,Não informado,AO LADO DO ARMAZEN CORAL,AFOGADOS,CIDADE,COLISÃO,COLISAO SEM VITIMAS,1.0,1.0,0.0,0.0,0.0,0.0,1.0,0.0,0.0,0.0,0.0,Longo da via,Bom,Não existe,Incompleta,Seca,Mal conservada,Não existe,R-6a,60.0,Única,Faixa seccionada,Não informado,2020,2,11,1,15.0
2020-02-11,15:26:00,COM VÍTIMA,FINALIZADA,DERBY,RUA DA BAIXA VERDE,RUA JENER DE SOUZA,E/F CENTRO DE EDUCAÇÃO FISICA DA PM,DERBY,Não informado,ABALROAMENTO TRANSVERSAL,COLISÃO C/VITIMA ENTRE UMA MOTO E UM AUTO,1.0,1.0,0.0,0.0,0.0,0.0,0.0,0.0,0.0,2.0,0.0,Cruzamento,Bom,Não existe,Perfeito estado,Seca,Perfeito estado,Faixa de pedestre,R-6a,60.0,Dupla,Canteiro central,Não informado,2020,2,11,1,15.0
2020-02-11,15:35:00,COM VÍTIMA,FINALIZADA,TORRÕES,EST DO FORTE DO ARRAIAL N. DO B. JESUS,AV ENGENHEIRO ABDIAS DE CARVALHO,LADO OPOSTO AO KIYOI. PRÓXIMO A PRAÇA DA CHESF.,TORRÕES,SUBURBIO,COLISÃO TRASEIRA,COLISÃO S/VITIMAS ENTRE UM CAMINHÃO E UMA MOTO (PONTO FIXO RICARDO HONORATO NO QTH),1.0,1.0,0.0,0.0,0.0,0.0,1.0,0.0,0.0,1.0,0.0,Longo da via,Bom,Sem defeito,Perfeito estado,Seca,Perfeito estado,Outros,R-6a,60.0,Única,Não existe,Não informado,2020,2,11,1,15.0
2020-02-11,16:17:00,SEM VÍTIMA,CANCELADA,BOA VIAGEM,AV CONSELHEIRO AGUIAR,Não informado,EM FRENTE A GALERIA CETRO SUL,BOA VIAGEM,Não informado,COLISÃO,COLISÃO SEM VITIMAS,2.0,1.0,0.0,0.0,0.0,0.0,0.0,0.0,0.0,0.0,0.0,Não informado,Não informado,Não informado,Não informado,Não informado,Não informado,Não informado,Não informado,60.0,Não informado,Não informado,Não informado,2020,2,11,1,16.0
2020-02-11,16:25:00,SEM VÍTIMA,FINALIZADA,JOANA BEZERRA,VDO PAPA JOAO PAULO II,Não informado,EM CIMA DO VIADUTO JOANA BERREZA,JOANA BEZERRA,CIDADE,COLISÃO,COLISAO SEM VITIMAS,1.0,1.0,0.0,0.0,0.0,1.0,0.0,0.0,0.0,0.0,0.0,Longo da via,Bom,Não existe,Perfeito estado,Seca,Perfeito estado,Não existe,Não informado,40.0,Única,Canteiro central,Não informado,2020,2,11,1,16.0
2020-02-11,16:44:00,SEM VÍTIMA,FINALIZADA,BOA VIAGEM,RUA ERNESTO DE PAULA SANTOS,RUA AMALIA BERNARDINO DE SOUZA,E/F AO POSTO BR,BOA VIAGEM,Não informado,COLISÃO,COLISAO SEM VITIMAS,2.0,1.0,0.0,0.0,0.0,0.0,0.0,0.0,0.0,0.0,0.0,Cruzamento,Bom,Não existe,Não existente,Seca,Perfeito estado,Não existe,Não há placas,60.0,Única,Não existe,Não informado,2020,2,11,1,16.0
2020-02-11,16:48:00,SEM VÍTIMA,FINALIZADA,SAN MARTIN,RUA COMENDADOR FRANCO FERREIRA,Não informado,PROX A LOMBADA ELETRONICA,SAN MARTIN,Não informado,COLISÃO,COLISAO SEM VITIMAS,2.0,1.0,0.0,0.0,0.0,0.0,0.0,0.0,0.0,0.0,0.0,Longo da via,Bom,Não existe,Perfeito estado,Seca,Perfeito estado,Não existe,Não há placas,30.0,Dupla,Não existe,Não informado,2020,2,11,1,16.0
2020-02-11,16:53:00,SEM VÍTIMA,FINALIZADA,BOA VIAGEM,RUA VISCONDE DE JEQUITINHONHA,Não informado,COLADO COM O MURO DA AERONAUTICA APÓS O POSTO IPIRANGA,BOA VIAGEM,SUBURBIO,COLISÃO,COLISAO COM VITIMAS,2.0,1.0,0.0,0.0,0.0,0.0,0.0,0.0,0.0,0.0,0.0,Longo da via,Bom,Não existe,Perfeito estado,Seca,Perfeito estado,Não existe,Não informado,60.0,Única,Faixa seccionada,Não informado,2020,2,11,1,16.0
2020-02-11,17:06:00,SEM VÍTIMA,FINALIZADA,ROSARINHO,RUA AMARO COUTINHO,Não informado,E/F AO EDF. PRAÇA DO ROSARINHO,ROSARINHO,SUBURBIO,COLISÃO,COLISÃO S/VITIMAS ENTRE DOIS AUTOS,2.0,1.0,0.0,0.0,0.0,0.0,0.0,0.0,0.0,0.0,0.0,Longo da via,Chuvoso,Não existe,Perfeito estado,Molhada,Perfeito estado,Faixa de pedestre,Placas Pare,60.0,Dupla,Faixa contínua,Não informado,2020,2,11,1,17.0
2020-02-11,18:22:00,SEM VÍTIMA,FINALIZADA,BAIRRO DO RECIFE,CAIS DO APOLO,Não informado,ENF. A PREFEITURA DO RECIFE,BAIRRO DO RECIFE,SUBURBIO,COLISÃO,ONIBUS BRT X PEUGEOT,1.0,1.0,0.0,0.0,0.0,1.0,0.0,0.0,0.0,0.0,0.0,Longo da via,Bom,Não existe,Perfeito estado,Seca,Perfeito estado,Não existe,Não há placas,40.0,Dupla,Canteiro central,Não informado,2020,2,11,1,18.0
2020-02-11,18:53:00,SEM VÍTIMA,FINALIZADA,BOA VIAGEM,AV ENGENHEIRO DOMINGOS FERREIRA,Não informado,PROX AO EDF. MARIA DULCE // DELEGACIA DE BOA VIAGEM,BOA VIAGEM,SUBURBIO,COLISÃO,ONIBUS BORBOREMA X HONDA CIVIC,1.0,1.0,0.0,0.0,0.0,1.0,0.0,0.0,0.0,0.0,0.0,Longo da via,Bom,Não existe,Perfeito estado,Seca,Perfeito estado,Não existe,Não há placas,60.0,Única,Canteiro central,Não informado,2020,2,11,1,18.0
2020-02-11,19:30:00,SEM VÍTIMA,FINALIZADA,BOA VIAGEM,RUA FRANCISCO DA CUNHA,Não informado,ENF. AO EDF TERMOPILAS // POR TRAS DO CARREFOUR,BOA VIAGEM,SUBURBIO,COLISÃO,IX35 X CAMINHAO BAU,1.0,1.0,0.0,0.0,0.0,0.0,1.0,0.0,0.0,0.0,0.0,Longo da via,Bom,Sem defeito,Perfeito estado,Seca,Perfeito estado,Não existe,Outras,60.0,Única,Não existe,Não informado,2020,2,11,1,19.0