data,hora,natureza_acidente,situacao,bairro,endereco,detalhe_endereco_acidente,complemento,bairro_cruzamento,sentido_via,tipo,descricao,auto,moto,ciclom,ciclista,pedestre,onibus,caminhao,viatura,outros,vitimas,vitimasfatais,acidente_verificado,tempo_clima,situacao_semaforo,sinalizacao,condicao_via,conservacao_via,ponto_controle,situacao_placa,velocidade_max_via,mao_direcao,divisao_via1,natureza,ano,mes,dia,dia_semana,hora_ocorrencia
2020-02-11,19:43:00,SEM VÍTIMA,FINALIZADA,TORRE,RUA CONDE DE IRAJA,Não informado,E/F AO EDF PRAÇA DAS PETÚNIAS / PRÓX A IGREJA CATÓLICA,TORRE,SUBURBIO,COLISÃO,ENTRE 2 AUTOS. S/V,2.0,1.0,0.0,0.0,0.0,0.0,0.0,0.0,0.0,0.0,0.0,Longo da via,Bom,Não existe,Perfeito estado,Seca,Perfeito estado,Não existe,Não há placas,60.0,Única,Faixa seccionada,Não informado,2020,2,11,1,19.0
2020-02-11,19:46:00,COM VÍTIMA,FINALIZADA,CAMPINA DO BARRETO,RUA DA REGENERACAO,Não informado,ENF. A MERCEARIA DO DIDA // PROX A EMPRESA ESCAVE,CAMPINA DO BARRETO,CIDADE,COLISÃO COM CICLISTA,MOTO X CICLISTA,1.0,1.0,0.0,1.0,0.0,0.0,0.0,0.0,0.0,2.0,0.0,Longo da via,Bom,Não existe,Não existente,Seca,Perfeito estado,Não existe,Não há placas,60.0,Dupla,Não existe,Não informado,2020,2,11,1,19.0
2020-02-11,19:53:00,SEM VÍTIMA,FINALIZADA,GRAÇAS,AV GOVERNADOR AGAMENON MAGALHAES,AV GOVERNADOR AGAMENON MAGALHAES,ENF. A EMBRATEL // VIA LOCAL SENTIDO BOA VIAGEM,GRAÇAS,CIDADE,COLISÃO,GOL X TOYOTA HILUX,2.0,1.0,0.0,0.0,0.0,0.0,0.0,0.0,0.0,0.0,0.0,Longo da via,Bom,Sem defeito,Perfeito estado,Seca,Perfeito estado,Faixa de pedestre,Outras,60.0,Única,Faixa seccionada,Não informado,2020,2,11,1,19.0
2020-02-11,20:19:00,SEM VÍTIMA,CANCELADA,BOA VIAGEM,AV BOA VIAGEM,RUA TOME GIBSON,ENF. AO EDF. VERONESE,BOA VIAGEM,Não informado,COLISÃO,JEEP X SIENA  OBS.. BATEDORES DA CTTU NO LOCAL 36X 07,2.0,1.0,0.0,0.0,0.0,0.0,0.0,0.0,0.0,0.0,0.0,Não informado,Não informado,Não informado,Não informado,Não informado,Não informado,Não informado,Não informado,60.0,Não informado,Não informado,Não informado,2020,2,11,1,20.0
2020-02-11,20:34:00,SEM VÍTIMA,FINALIZADA,BOA VIAGEM,AV DOM JOAO VI,RUA JOSE DA SILVA LUCENA,PROXIMO AO COLEGIO GGE NO SENTIDO PIEDADE,BOA VIAGEM,SUBURBIO,COLISÃO,AUTO X CAMINHÃO,1.0,1.0,0.0,0.0,0.0,0.0,1.0,0.0,0.0,0.0,0.0,Cruzamento,Bom,Não existe,Perfeito estado,Seca,Perfeito estado,Não existe,Placas Pare,60.0,Única,Canteiro central,Não informado,2020,2,11,1,20.0
2020-02-11,23:52:00,SEM VÍTIMA,FINALIZADA,GRAÇAS,AV RUI BARBOSA,RUA DAS CREOULAS,NAS PROXIMIDADES DO CLUBE PORTUGUÊS,GRAÇAS,CIDADE,COLISÃO,ENTRE 2 AUTOS. S/V,2.0,1.0,0.0,0.0,0.0,0.0,0.0,0.0,0.0,0.0,0.0,Cruzamento,Bom,Sem defeito,Ilegível,Seca,Mal iluminada,Faixa de pedestre,Não há placas,60.0,Única,Faixa seccionada,Não informado,2020,2,11,1,23.0
2020-02-12,07:05:00,SEM VÍTIMA,FINALIZADA,DOIS IRMÃOS,EST DOS PINTOS,Não informado,EM FRENTE AO TERMINAL DOS ONIBUS DA EMPRESA MOBI PE,DOIS IRMÃOS,SUBURBIO,COLISÃO,SEM VITMAS,1.0,1.0,0.0,0.0,0.0,1.0,0.0,0.0,0.0,0.0,0.0,Longo da via,Bom,Não existe,Perfeito estado,Seca,Perfeito estado,Não existe,Não há placas,60.0,Dupla,Não existe,Não informado,2020,2,12,2,7.0
2020-02-12,07:08:00,SEM VÍTIMA,CANCELADA,JORDÃO,AV BEIRA RIO,Não informado,POLO DA COXINHA// MERY CONFECÇÃO,JORDÃO,CIDADE,COLISÃO,COLISAO S/ VITIMA. ENTRE SAVEIRO E MOTO,1.0,1.0,0.0,0.0,0.0,0.0,0.0,0.0,0.0,0.0,0.0,Não informado,Não informado,Não informado,Não informado,Não informado,Não informado,Não informado,Não informado,60.0,Não informado,Não informado,Não informado,2020,2,12,2,7.0
2020-02-12,07:18:00,SEM VÍTIMA,FINALIZADA,MADALENA,AV BEIRA RIO,Não informado,EDF: SOBRADO DO CAPIBARIBE,MADALENA,SUBURBIO,COLISÃO,COLISAO S/ VITIMA ENTRE DOIS VEICULOS. GM: GLEITON SILVA E CESAR NO LOCAL,2.0,1.0,0.0,0.0,0.0,0.0,0.0,0.0,0.0,0.0,0.0,Longo da via,Bom,Não existe,Perfeito estado,Seca,Perfeito estado,Outros,Não informado,60.0,Dupla,Faixa seccionada,Não informado,2020,2,12,2,7.0
2020-02-12,07:40:00,SEM VÍTIMA,FINALIZADA,AFOGADOS,EST DOS REMEDIOS,RUA DO ACRE,EM FRENTE A PAPELARIA VASCONCELOS- SENT. ABDIAS,AFOGADOS,Não informado,COLISÃO,CAMINHÃO E AUTO,1.0,1.0,0.0,0.0,0.0,0.0,1.0,0.0,0.0,0.0,0.0,Cruzamento,Bom,Não existe,Perfeito estado,Seca,Perfeito estado,Faixa de pedestre,Outras,30.0,Única,Faixa seccionada,Não informado,2020,2,12,2,7.0
2020-02-12,08:07:00,SEM VÍTIMA,CANCELADA,PRADO,AV ENGENHEIRO ABDIAS DE CARVALHO,RUA JOAO IVO DA SILVA,POSTO BR -OS VEICULOS ESTÃO NO ESTACIONAMENTO DO POSTO,PRADO,CIDADE,COLISÃO,SEM VITIMAS,2.0,1.0,0.0,0.0,0.0,0.0,0.0,0.0,0.0,0.0,0.0,Não informado,Não informado,Não informado,Não informado,Não informado,Não informado,Não informado,Não informado,60.0,Não informado,Não informado,Não informado,2020,2,12,2,8.0
2020-02-12,08:12:00,COM VÍTIMA,FINALIZADA,SANTO ANTÔNIO,AV MARTINS DE BARROS,PTE CONDE MAURICIO DE NASSAU,PRÓXIMO A PARADA DO BRT.,SANTO ANTÔNIO,Não informado,ATROPELAMENTO,GM MONICA / EDMUNDO FILHO NO QTH / BRT E PEDESTRE,1.0,1.0,0.0,0.0,1.0,1.0,0.0,0.0,0.0,1.0,0.0,Longo da via,Bom,Sem defeito,Perfeito estado,Seca,Perfeito estado,Faixa de pedestre,Outras,30.0,Única,Canteiro central,Não informado,2020,2,12,2,8.0
2020-02-12,08:55:00,SEM VÍTIMA,FINALIZADA,BOA VIAGEM,RUA MINISTRO NELSON HUNGRIA,RUA PROFESSOR JOSE BRANDAO,PROX. AO COLEGIO SANTA MARIA,BOA VIAGEM,SUBURBIO,COLISÃO,DOIS AUTOS,2.0,1.0,0.0,0.0,0.0,0.0,0.0,0.0,0.0,0.0,0.0,Cruzamento,Bom,Não existe,Perfeito estado,Seca,Perfeito estado,Não existe,Placas Pare,60.0,Única,Não existe,Não informado,2020,2,12,2,8.0
2020-02-12,09:03:00,SEM VÍTIMA,FINALIZADA,DERBY,RUA GUILHERME PINTO,RUA MANOEL CAETANO,BLOCO B DA UNINASSAU// PRAÇA GUILHERME PINTO// QUARTEL DO DERBY,DERBY,CIDADE,COLISÃO,COLISAO S/ VITIMA. ENTRE DOIS VEICULOS,2.0,1.0,0.0,0.0,0.0,0.0,0.0,0.0,0.0,0.0,0.0,Cruzamento,Bom,Não existe,Perfeito estado,Seca,Perfeito estado,Não existe,R-6a,20.0,Única,Não existe,Não informado,2020,2,12,2,9.0
2020-02-12,09:03:00,SEM VÍTIMA,FINALIZADA,BOA VISTA,RUA BARAO DE SAO BORJA,RUA JOSE DE ALENCAR,PROX. AO SHOPPING BOA VISTA,BOA VISTA,SUBURBIO,COLISÃO,CAMINHÃO E AUTO VT- 29 NO LOCAL GM´S PAULO WANDERLEY E LEONARDO MERCES,1.0,1.0,0.0,0.0,0.0,0.0,1.0,0.0,0.0,0.0,0.0,Cruzamento,Chuvoso,Não existe,Incompleta,Molhada,Perfeito estado,Não existe,R-4b,60.0,Única,Não existe,Não informado,2020,2,12,2,9.0
2020-02-12,09:16:00,SEM VÍTIMA,FINALIZADA,MACAXEIRA,AV NORTE,Não informado,NO GIRADORO DA MACAXEIRA,MACAXEIRA,SUBURBIO,COLISÃO,SEM VITIMASCTTU NO LOCAL GM JOTA NETO/GM LAISA VT 07,2.0,1.0,0.0,0.0,0.0,0.0,0.0,0.0,0.0,0.0,0.0,Longo da via,Bom,Não existe,Perfeito estado,Seca,Perfeito estado,Não existe,R-6a,60.0,Única,Não existe,Não informado,2020,2,12,2,9.0
2020-02-12,09:21:00,SEM VÍTIMA,FINALIZADA,IMBIRIBEIRA,AV MARECHAL MASCARENHAS DE MORAES,Não informado,EM FRENTE AO MARTELINHO DE OURO- SENT. AFOGADOS,IMBIRIBEIRA,SUBURBIO,ABALROAMENTO LONGITUDINAL,DOIS AUTOS,2.0,1.0,0.0,0.0,0.0,0.0,0.0,0.0,0.0,0.0,0.0,Longo da via,Bom,Não existe,Perfeito estado,Seca,Perfeito estado,Não existe,Não há placas,60.0,Dupla,Canteiro central,Não informado,2020,2,12,2,9.0
2020-02-12,09:36:00,SEM VÍTIMA,FINALIZADA,CASA FORTE,EST REAL DO POCO,Não informado,PROX: PRAÇA DE CASA FORTE,CASA FORTE,CIDADE,COLISÃO,COLISAO S/ VITIMA ENTRE DOIS VEICULOS,2.0,1.0,0.0,0.0,0.0,0.0,0.0,0.0,0.0,0.0,0.0,Esquina,Bom,Não existe,Perfeito estado,Seca,Perfeito estado,Não existe,Não há placas,40.0,Dupla,Faixa seccionada,Não informado,2020,2,12,2,9.0
2020-02-12,09:37:00,SEM VÍTIMA,FINALIZADA,CAXANGÁ,AV JOAQUIM RIBEIRO,Não informado,EM FRENTE A MADEIREIRA ESPLENDOR,CAXANGÁ,SUBURBIO,ENGAVETAMENTO,TRES AUTOS,3.0,1.0,0.0,0.0,0.0,0.0,0.0,0.0,0.0,0.0,0.0,Longo da via,Bom,Não existe,Perfeito estado,Seca,Perfeito estado,Não existe,Não há placas,60.0,Dupla,Faixa seccionada,Não informado,2020,2,12,2,9.0
2020-02-12,09:47:00,SEM VÍTIMA,FINALIZADA,CASA FORTE,EST DO ENCANAMENTO,RUA IRMA LUCIA,IGREJA PRESBITERIANA,CASA FORTE,SUBURBIO,COLISÃO,COLISAO S/ VITIMA ENTRE MOTO E VEICULO,1.0,1.0,0.0,0.0,0.0,0.0,0.0,0.0,0.0,0.0,0.0,Cruzamento,Bom,Não existe,Perfeito estado,Seca,Perfeito estado,Faixa de pedestre,Placas Pare,60.0,Única,Não existe,Não informado,2020,2,12,2,9.0
2020-02-12,10:01:00,SEM VÍTIMA,CANCELADA,JARDIM SÃO PAULO,AV RECIFE,Não informado,PROX. A JUSTIÇA FEDERAL- SENT. BOA VIAGEM,JARDIM SÃO PAULO,Não informado,ENGAVETAMENTO,CINCO AUTOS,5.0,1.0,0.0,0.0,0.0,0.0,0.0,0.0,0.0,0.0,0.0,Não informado,Não informado,Não informado,Não informado,Não informado,Não informado,Não informado,Não informado,60.0,Não informado,Não informado,Não informado,2020,2,12,2,10.0
2020-02-12,11:16:00,SEM VÍTIMA,CANCELADA,GRAÇAS,AV RUI BARBOSA,Não informado,EM FRENTE AO ESTACIONAMENTO DO BANCO ITAU,GRAÇAS,Não informado,COLISÃO,DOIS AUTOS,2.0,1.0,0.0,0.0,0.0,0.0,0.0,0.0,0.0,0.0,0.0,Não informado,Não informado,Não informado,Não informado,Não informado,Não informado,Não informado,Não informado,60.0,Não informado,Não informado,Não informado,2020,2,12,2,11.0
2020-02-12,11:33:00,SEM VÍTIMA,FINALIZADA,BOA VISTA,RUA JOSE DE ALENCAR,RUA BARAO DE SAO BORJA,EM FRENTE AO HOTEL BOA VISTA,BOA VISTA,CIDADE,COLISÃO,DOIS AUTOS,2.0,1.0,0.0,0.0,0.0,0.0,0.0,0.0,0.0,0.0,0.0,Cruzamento,Bom,Não existe,Incompleta,Seca,Perfeito estado,Não existe,R-4b,60.0,Única,Não existe,Não informado,2020,2,12,2,11.0
2020-02-12,11:33:00,SEM VÍTIMA,FINALIZADA,GRAÇAS,AV GOVERNADOR AGAMENON MAGALHAES,Não informado,EM FRENTE A ESCOLA ESTADUAL BARBOSA LIMA- SENT. BOA VIAGEM,GRAÇAS,Não informado,COLISÃO,AUTO E CAMINHÃO,1.0,1.0,0.0,0.0,0.0,0.0,1.0,0.0,0.0,0.0,0.0,Esquina,Bom,Sem defeito,Perfeito estado,Seca,Perfeito estado,Faixa de pedestre,Outras,60.0,Dupla,Faixa seccionada,Não informado,2020,2,12,2,11.0
2020-02-12,11:44:00,SEM VÍTIMA,FINALIZADA,PINA,AV HERCULANO BANDEIRA,RUA SAO LUIZ,EM FRENTE AO TABELIONATO FIGUEIREDO,PINA,SUBURBIO,COLISÃO,SEM VITIMAS,1.0,1.0,0.0,0.0,0.0,1.0,0.0,0.0,0.0,0.0,0.0,Cruzamento,Bom,Não existe,Incompleta,Seca,Perfeito estado,Não existe,Outras,30.0,Única,Faixa seccionada,Não informado,2020,2,12,2,11.0
2020-02-12,12:37:00,SEM VÍTIMA,FINALIZADA,CORDEIRO,AV ENGENHEIRO ABDIAS DE CARVALHO,Não informado,COMPAZ,CORDEIRO,SUBURBIO,COLISÃO,Não informado,1.0,1.0,0.0,0.0,0.0,0.0,0.0,0.0,0.0,0.0,0.0,Longo da via,Bom,Sem defeito,Perfeito estado,Seca,Perfeito estado,Agente,Outras,60.0,Única,Canteiro central,Não informado,2020,2,12,2,12.0
2020-02-12,12:59:00,SEM VÍTIMA,FINALIZADA,SANTO AMARO,AV NORTE,RUA DA AURORA,E/F AO NUCLEO DE TELEVISÃO RADIO UNIVERSITÁRIA (SENT. AV NORTE),SANTO AMARO,SUBURBIO,COLISÃO,COLISÃO S/VITIMAS ENTRE DUAS MOTOS E UM ONIBUS,1.0,2.0,0.0,0.0,0.0,1.0,0.0,0.0,0.0,0.0,0.0,Longo da via,Bom,Sem defeito,Perfeito estado,Seca,Perfeito estado,Não existe,Não há placas,60.0,Dupla,Canteiro central,Não informado,2020,2,12,2,12.0
2020-02-12,13:14:00,COM VÍTIMA,FINALIZADA,ENGENHO DO MEIO,RUA FRANCISCO BEZERRA MONTEIRO,RUA ANTONIO DA SILVA,PROX A RETORIA DA FEDERAL,ENGENHO DO MEIO,ANTONIO CURADO,COLISÃO FRONTAL,COLISAO COM VITIMAS,1.0,1.0,0.0,0.0,0.0,0.0,0.0,0.0,0.0,1.0,0.0,Cruzamento,Bom,Não existe,Não existente,Seca,Mal conservada,Não existe,Não há placas,60.0,Dupla,Não existe,Não informado,2020,2,12,2,13.0
2020-02-12,13:37:00,SEM VÍTIMA,FINALIZADA,JORDÃO,AV MARIA IRENE,Não informado,EM FRENTE A FRIOS E LANCHES,JORDÃO,CIDADE,COLISÃO,COLISÃO SEM VÍTIMA,1.0,1.0,0.0,0.0,0.0,0.0,1.0,0.0,0.0,0.0,0.0,Longo da via,Bom,Não existe,Perfeito estado,Seca,Perfeito estado,Não existe,Não há placas,60.0,Dupla,Faixa contínua,Não informado,2020,2,12,2,13.0
2020-02-12,14:02:00,SEM VÍTIMA,FINALIZADA,BOA VISTA,AV GUARARAPES,AV GUARARAPES,EM FRENTE AOS CORREIOS,BOA VISTA,SUBURBIO,COLISÃO,COLISAO SEM VITIMAS,2.0,1.0,0.0,0.0,0.0,0.0,0.0,0.0,0.0,0.0,0.0,Cruzamento,Bom,Sem defeito,Perfeito estado,Seca,Perfeito estado,Não existe,Não há placas,60.0,Única,Faixa seccionada,Não informado,2020,2,12,2,14.0
2020-02-12,14:18:00,SEM VÍTIMA,CANCELADA,GRAÇAS,PRC DO ENTRONCAMENTO,Não informado,EM FRENTE A PRAÇA DO ENTROCAMENTO E A PHARMAPELE/ SENTIDO DERBY,GRAÇAS,Não informado,COLISÃO,COLISÃO SEM VÍTIMA,2.0,1.0,0.0,0.0,0.0,0.0,0.0,0.0,0.0,0.0,0.0,Não informado,Não informado,Não informado,Não informado,Não informado,Não informado,Não informado,Não informado,60.0,Não informado,Não informado,Não informado,2020,2,12,2,14.0
2020-02-12,14:25:00,SEM VÍTIMA,FINALIZADA,MADALENA,AV BEIRA RIO,AV BEIRA RIO,EM CIMA DA PONTE DA CAPUNGA,MADALENA,SUBURBIO,COLISÃO,COLISÃO SEM VÍTIMA,2.0,1.0,0.0,0.0,0.0,0.0,0.0,0.0,0.0,0.0,0.0,Ponte,Bom,Sem defeito,Perfeito estado,Seca,Não informado,Agente,Não há placas,60.0,Dupla,Faixa contínua,Não informado,2020,2,12,2,14.0
2020-02-12,14:30:00,SEM VÍTIMA,FINALIZADA,BOA VIAGEM,AV ENGENHEIRO DOMINGOS FERREIRA,RUA PEREIRA DA COSTA,E/F AO CLINICAL CENTER,BOA VIAGEM,SUBURBIO,COLISÃO,COLISAO SEM VITIMAS,2.0,1.0,0.0,0.0,0.0,0.0,0.0,0.0,0.0,0.0,0.0,Longo da via,Bom,Sem defeito,Perfeito estado,Seca,Perfeito estado,Agente,Não há placas,60.0,Única,Canteiro central,Não informado,2020,2,12,2,14.0
2020-02-12,14:53:00,SEM VÍTIMA,FINALIZADA,DERBY,PTE DELMIRO GOUVEIA,AV GOVERNADOR AGAMENON MAGALHAES,EM CIMA DA PONTE DELMIRO GOUVEIA,DERBY,CIDADE,COLISÃO,COLISÃO S/VITIMAS ENTRE DOIS AUTOS (GM WILLAMS E HERNANDES NO QTH),2.0,1.0,0.0,0.0,0.0,0.0,0.0,0.0,0.0,0.0,0.0,Longo da via,Bom,Sem defeito,Perfeito estado,Seca,Perfeito estado,Faixa de retenção,Outras,60.0,Dupla,Não existe,Não informado,2020,2,12,2,14.0
2020-02-12,15:01:00,SEM VÍTIMA,FINALIZADA,SANTO AMARO,AV CRUZ CABUGA,Não informado,EM FRENTE AO HOSPITAL SANTA CASA DA MISERICORDIA,SANTO AMARO,SUBURBIO,COLISÃO,COLISAO SEM VITIMAS,1.0,1.0,0.0,0.0,0.0,1.0,0.0,0.0,0.0,0.0,0.0,Longo da via,Bom,Sem defeito,Perfeito estado,Seca,Perfeito estado,Não existe,Não há placas,60.0,Dupla,Não existe,Não informado,2020,2,12,2,15.0
2020-02-12,15:07:00,SEM VÍTIMA,FINALIZADA,SANTO AMARO,AV NORTE,Não informado,PROXIMO AO ESPAÇO CRESCENTE,SANTO AMARO,SUBURBIO,COLISÃO,COLISAO SEM VITIMAS,1.0,1.0,0.0,0.0,0.0,1.0,0.0,0.0,0.0,0.0,0.0,Longo da via,Bom,Sem defeito,Perfeito estado,Seca,Perfeito estado,Faixa de pedestre,Não informado,60.0,Dupla,Canteiro central,Não informado,2020,2,12,2,15.0
2020-02-12,15:08:00,SEM VÍTIMA,EQUIPE EM DESLOCAMENTO,BOA VISTA,RUA TABIRA,AV GOVERNADOR AGAMENON MAGALHAES,E/F AO BRADESCO AUTO CENTER,BOA VISTA,CIDADE,COLISÃO,COLISAO SEM VITIMAS,2.0,1.0,0.0,0.0,0.0,0.0,0.0,0.0,0.0,0.0,0.0,Esquina,Bom,Não existe,Perfeito estado,Seca,Perfeito estado,Faixa de pedestre,Não há placas,60.0,Única,Faixa seccionada,Não informado,2020,2,12,2,15.0
2020-02-12,15:33:00,SEM VÍTIMA,FINALIZADA,BAIRRO DO RECIFE,AV ALFREDO LISBOA,Não informado,EM FRENTE A ESCOLA MUNICIPAL NOSSA SENHORA DO PILAR,BAIRRO DO RECIFE,SUBURBIO,COLISÃO,COLISÃO SEM VÍTIMA,2.0,1.0,0.0,0.0,0.0,0.0,0.0,0.0,0.0,0.0,0.0,Longo da via,Bom,Não existe,Perfeito estado,Seca,Perfeito estado,Não existe,Não informado,60.0,Única,Faixa contínua,Não informado,2020,2,12,2,15.0
2020-02-12,15:37:00,SEM VÍTIMA,FINALIZADA,DERBY,RUA JENER DE SOUZA,RUA DA BAIXA VERDE,E/F AO QUARTEL DO DERBY,DERBY,CIDADE,COLISÃO,COLISÃO S/VITIMAS ENTRE UM ONIBUS E UM AUTO,1.0,1.0,0.0,0.0,0.0,1.0,0.0,0.0,0.0,0.0,0.0,Cruzamento,Bom,Não existe,Perfeito estado,Seca,Perfeito estado,Não existe,Outras,60.0,Única,Canteiro central,Não informado,2020,2,12,2,15.0
2020-02-12,15:39:00,SEM VÍTIMA,FINALIZADA,ESPINHEIRO,RUA BARAO DE ITAMARACA,Não informado,ANTES DO SUPERMERCADO SOBERANO,ESPINHEIRO,SUBURBIO,COLISÃO,COLISAO SEM VITIMAS,2.0,1.0,0.0,0.0,0.0,0.0,0.0,0.0,0.0,0.0,0.0,Longo da via,Bom,Sem defeito,Perfeito estado,Seca,Perfeito estado,Faixa de pedestre,R-6a,60.0,Única,Não existe,Não informado,2020,2,12,2,15.0
2020-02-12,16:01:00,COM VÍTIMA,FINALIZADA,BOA VIAGEM,AV CONSELHEIRO AGUIAR,Não informado,E/F A CAIXA ECONOMICA,BOA VIAGEM,CIDADE,COLISÃO COM CICLISTA,COLISÃO C/CICLISTA,1.0,1.0,0.0,1.0,0.0,0.0,0.0,0.0,0.0,1.0,0.0,Longo da via,Bom,Não existe,Perfeito estado,Seca,Perfeito estado,Não existe,Outras,60.0,Única,Faixa contínua,Não informado,2020,2,12,2,16.0
2020-02-12,16:07:00,COM VÍTIMA,FINALIZADA,ILHA DO LEITE,RUA PREFEITO JORGE MARTINS,Não informado,SENTIDO HOSPITAL ESPERANÇA/ EM BAIXO DA PONTE JOSÉ DE BARROS LIMA.,ILHA DO LEITE,Não informado,COLISÃO TRASEIRA,COLISÃO COM VÍTIMA,1.0,1.0,0.0,0.0,0.0,0.0,0.0,0.0,0.0,1.0,0.0,Longo da via,Bom,Não existe,Perfeito estado,Seca,Perfeito estado,Não informado,Não informado,60.0,Única,Faixa seccionada,Não informado,2020,2,12,2,16.0
2020-02-12,16:33:00,SEM VÍTIMA,CANCELADA,ESPINHEIRO,RUA CONS PORTELA,Não informado,E/F AO SALÃO BELAS ART'S,ESPINHEIRO,Não informado,COLISÃO,COLISÃO S/VITIMAS ENTRE UM ONIBUS E UM AUTO,1.0,1.0,0.0,0.0,0.0,0.0,1.0,0.0,0.0,0.0,0.0,Não informado,Não informado,Não informado,Não informado,Não informado,Não informado,Não informado,Não informado,60.0,Não informado,Não informado,Não informado,2020,2,12,2,16.0
2020-02-12,16:35:00,SEM VÍTIMA,FINALIZADA,SANTO AMARO,RUA DO HOSPICIO,Não informado,EM FRENTE A PRAÇA TREZE DE MAIO,SANTO AMARO,CIDADE,COLISÃO,COLISAO SEM VITIMAS,2.0,1.0,0.0,0.0,0.0,0.0,0.0,0.0,0.0,0.0,0.0,Longo da via,Bom,Não existe,Incompleta,Seca,Perfeito estado,Não existe,Não há placas,60.0,Dupla,Faixa seccionada,Não informado,2020,2,12,2,16.0
2020-02-12,16:40:00,SEM VÍTIMA,FINALIZADA,SANTO AMARO,AV CRUZ CABUGA,RUA MORAES DE INHAMA,E/F A COMPESA,SANTO AMARO,OLINDA,COLISÃO,COLISAO SEM VITIMAS,2.0,1.0,0.0,0.0,0.0,0.0,0.0,0.0,0.0,0.0,0.0,Longo da via,Bom,Sem defeito,Perfeito estado,Seca,Perfeito estado,Não existe,R-6a,60.0,Dupla,Faixa contínua,Não informado,2020,2,12,2,16.0
2020-02-12,16:47:00,COM VÍTIMA,FINALIZADA,IPUTINGA,RUA GASPAR PEREZ,RUA OSVALDO GUIMARAES,PROXIMO À ANTIGA TELEMAR,IPUTINGA,SUBURBIO,ABALROAMENTO TRANSVERSAL,COLISAO COM VITIMAS,1.0,1.0,0.0,0.0,0.0,0.0,0.0,0.0,0.0,2.0,0.0,Cruzamento,Bom,Não existe,Perfeito estado,Seca,Perfeito estado,Outros,Outras,30.0,Dupla,Não existe,Não informado,2020,2,12,2,16.0
2020-02-12,17:17:00,SEM VÍTIMA,FINALIZADA,TORRE,RUA JOSE DE HOLANDA,Não informado,NA RUA DO NOVO MERCADO DA TORRE,TORRE,Não informado,COLISÃO,COLISAO SEM VITIMAS,1.0,1.0,0.0,0.0,0.0,0.0,0.0,0.0,0.0,0.0,0.0,Longo da via,Bom,Não existe,Não existente,Seca,Perfeito estado,Não existe,Não há placas,30.0,Única,Não existe,Não informado,2020,2,12,2,17.0
2020-02-12,17:46:00,SEM VÍTIMA,EQUIPE EM DESLOCAMENTO,MADALENA,RUA LOPES DE CARVALHO,1 TRV JUSTICA E PAZ,PROXIMO A CONCESSIONARIA ASTRAL,MADALENA,Não informado,COLISÃO,COLISAO SEM VITIMAS,1.0,1.0,0.0,0.0,0.0,0.0,1.0,0.0,0.0,0.0,0.0,Esquina,Bom,Não existe,Perfeito estado,Seca,Perfeito estado,Não existe,Não há placas,60.0,Única,Não existe,Não informado,2020,2,12,2,17.0
2020-02-12,17:53:00,SEM VÍTIMA,FINALIZADA,BOA VIAGEM,RUA SA E SOUZA,RUA BARAO DE SOUZA LEAO,EM FRENTE A SOCIMACO,BOA VIAGEM,CIDADE,COLISÃO,COLISÃO SEM VÍTIMA,1.0,1.0,0.0,0.0,0.0,1.0,0.0,0.0,0.0,0.0,0.0,Esquina,Bom,Sem defeito,Perfeito estado,Seca,Perfeito estado,Faixa de pedestre,Não há placas,60.0,Única,Faixa seccionada,Não informado,2020,2,12,2,17.0
2020-02-12,18:05:00,SEM VÍTIMA,CANCELADA,IBURA,AV DOIS RIOS,Não informado,E/ F AO CLUBE DO SESI,IBURA,Não informado,COLISÃO,COLISAO SEM VITIMAS,2.0,1.0,0.0,0.0,0.0,0.0,0.0,0.0,0.0,0.0,0.0,Não informado,Não informado,Não informado,Não informado,Não informado,Não informado,Não informado,Não informado,60.0,Não informado,Não informado,Não informado,2020,2,12,2,18.0
2020-02-12,19:00:00,SEM VÍTIMA,FINALIZADA,IPSEP,AV SENADOR ROBERT KENNEDY,Não informado,AO LADO DO AR RAÇÕES- PROX DE FERNANDO ÁGUA,IPSEP,CIDADE,COLISÃO,COLISÃO ENTRE AUTO E CAMINHÃO S/V,1.0,1.0,0.0,0.0,0.0,0.0,1.0,0.0,0.0,0.0,0.0,Longo da via,Bom,Não existe,Não existente,Seca,Perfeito estado,Não existe,Não há placas,60.0,Dupla,Canal,Não informado,2020,2,12,2,19.0
2020-02-12,19:56:00,SEM VÍTIMA,FINALIZADA,BOA VIAGEM,RUA BRUNO VELOSO,Não informado,E/F A POSTO BR,BOA VIAGEM,CIDADE,COLISÃO,COLISAO SEM VITIMAS,2.0,1.0,0.0,0.0,0.0,0.0,0.0,0.0,0.0,0.0,0.0,Longo da via,Bom,Não existe,Incompleta,Seca,Mal conservada,Faixa de pedestre,R-6a,60.0,Única,Faixa seccionada,Não informado,2020,2,12,2,19.0
2020-02-12,20:41:00,COM VÍTIMA,FINALIZADA,PINA,AV ENGENHEIRO DOMINGOS FERREIRA,RUA TOME GIBSON,Não informado,PINA,SUBURBIO,COLISÃO COM CICLISTA,COLISÃO ENTRE AUTO E CICLISTA C/V,1.0,1.0,0.0,1.0,0.0,0.0,0.0,0.0,0.0,1.0,0.0,Cruzamento,Bom,Sem defeito,Perfeito estado,Seca,Perfeito estado,Faixa de pedestre,Não há placas,60.0,Única,Faixa contínua,Não informado,2020,2,12,2,20.0
2020-02-12,21:25:00,SEM VÍTIMA,FINALIZADA,MACAXEIRA,AV NORTE,Não informado,APÓS O PARQUE DA MACAXEIRA- PROX DA OFICINA BRASIL,MACAXEIRA,CIDADE,COLISÃO,COLISÃO ENTRE AUTO E ÕNIBUS S/V,1.0,1.0,0.0,0.0,0.0,1.0,0.0,0.0,0.0,0.0,0.0,Longo da via,Bom,Não existe,Perfeito estado,Seca,Perfeito estado,Não existe,Outras,60.0,Dupla,Canteiro central,Não informado,2020,2,12,2,21.0