data,hora,natureza_acidente,situacao,bairro,endereco,detalhe_endereco_acidente,complemento,bairro_cruzamento,sentido_via,tipo,descricao,auto,moto,ciclom,ciclista,pedestre,onibus,caminhao,viatura,outros,vitimas,vitimasfatais,acidente_verificado,tempo_clima,situacao_semaforo,sinalizacao,condicao_via,conservacao_via,ponto_controle,situacao_placa,velocidade_max_via,mao_direcao,divisao_via1,natureza,ano,mes,dia,dia_semana,hora_ocorrencia
2020-02-12,22:38:00,COM VÍTIMA,CANCELADA,PINA,AV CONSELHEIRO AGUIAR,Não informado,E/F AO CAMINHO DA SORTE,PINA,Não informado,COLISÃO,COLISAO COM VITIMA,1.0,1.0,0.0,0.0,0.0,0.0,0.0,0.0,0.0,1.0,0.0,Não informado,Não informado,Não informado,Não informado,Não informado,Não informado,Não informado,Não informado,60.0,Não informado,Não informado,Não informado,2020,2,12,2,22.0
2020-02-12,23:06:00,SEM VÍTIMA,FINALIZADA,BOA VIAGEM,RUA VISCONDE DE JEQUITINHONHA,Não informado,PROX DO RECIFE FLAT SERVICE- AO LADO DO EDIFÍCIO SAINT JOHN,BOA VIAGEM,SUBURBIO,CHOQUE VEÍCULO PARADO,AUTO CHOCOU-SE EM AUTO QUE ESTAVA ESTACIONADO S/V,2.0,1.0,0.0,0.0,0.0,0.0,0.0,0.0,0.0,0.0,0.0,Longo da via,Bom,Não existe,Perfeito estado,Seca,Perfeito estado,Não existe,Não há placas,60.0,Única,Faixa seccionada,Não informado,2020,2,12,2,23.0
2020-02-12,23:29:00,COM VÍTIMA,FINALIZADA,BOA VIAGEM,RUA JACK AYRES,AV FERNANDO SIMOES BARBOSA,NA SAIDA DO SHOPPING RECIFE,BOA VIAGEM,SUBURBIO,COLISÃO FRONTAL,COLISÃO ENTRE AUTO E MOTO C/V,1.0,1.0,0.0,0.0,0.0,0.0,0.0,0.0,0.0,1.0,0.0,Cruzamento,Bom,Com defeito,Perfeito estado,Seca,Perfeito estado,Não existe,Não há placas,60.0,Dupla,Faixa seccionada,Não informado,2020,2,12,2,23.0
2020-02-13,00:07:00,SEM VÍTIMA,FINALIZADA,COHAB,AV MATO GROSSO,Não informado,PROX DA ASSEMBLEIA DE DEUS,COHAB,SUBURBIO,COLISÃO,COLISÃO ENTRE AUTO E VIATURA S/V,1.0,1.0,0.0,0.0,0.0,0.0,0.0,1.0,0.0,0.0,0.0,Longo da via,Bom,Não existe,Perfeito estado,Seca,Perfeito estado,Não existe,Não há placas,60.0,Dupla,Faixa seccionada,Não informado,2020,2,13,3,0.0
2020-02-13,03:23:00,SEM VÍTIMA,FINALIZADA,AFOGADOS,RUA IMPERIAL,Não informado,NA DESCIDA DO VIADUTO- SENTIDO AFOGADOS,AFOGADOS,SUBURBIO,CHOQUE,VEÍCULO CHOCOU-SE CONTRA MURETA DE PROTEÇÃO,1.0,1.0,0.0,0.0,0.0,0.0,0.0,0.0,0.0,0.0,0.0,Viaduto,Chuvoso,Não existe,Não existente,Molhada,Mal iluminada,Não existe,Não há placas,60.0,Única,Não existe,Não informado,2020,2,13,3,3.0
2020-02-13,03:36:00,SEM VÍTIMA,CANCELADA,BOA VIAGEM,RUA HENRIQUE CAPITULINO,Não informado,EM FRENTE AO BAR DO PAULINHO- PROX DO POSTO PETROBRAS,BOA VIAGEM,Não informado,COLISÃO,COLISÃO ENTRE DOIS AUTOS S/V,2.0,1.0,0.0,0.0,0.0,0.0,0.0,0.0,0.0,0.0,0.0,Não informado,Não informado,Não informado,Não informado,Não informado,Não informado,Não informado,Não informado,60.0,Não informado,Não informado,Não informado,2020,2,13,3,3.0
2020-02-13,05:46:00,SEM VÍTIMA,FINALIZADA,DERBY,RUA JENER DE SOUZA,RUA DA BAIXA VERDE,AO LADO DO QUARTEL DO DERBY- PROX DO RESTAURANTE SEU FERREIRA,DERBY,SUBURBIO,COLISÃO,COLISÃO ENTRE DOIS AUTOS S/V,2.0,1.0,0.0,0.0,0.0,0.0,0.0,0.0,0.0,0.0,0.0,Cruzamento,Chuvoso,Não existe,Perfeito estado,Molhada,Perfeito estado,Faixa de pedestre,Outras,60.0,Dupla,Faixa seccionada,Não informado,2020,2,13,3,5.0
2020-02-13,07:40:00,COM VÍTIMA,FINALIZADA,ESPINHEIRO,RUA DR VICENTE MEIRA,RUA VIGARIO BARRETO,OTICA DINIZ,ESPINHEIRO,CIDADE,ABALROAMENTO TRANSVERSAL,COLISAO COM VITIMA. ENTRE MOTO E VEICULO,1.0,1.0,0.0,0.0,0.0,0.0,0.0,0.0,0.0,1.0,0.0,Esquina,Chuvoso,Não existe,Incompleta,Seca,Perfeito estado,Não existe,Não há placas,20.0,Dupla,Faixa seccionada,Não informado,2020,2,13,3,7.0
2020-02-13,08:01:00,SEM VÍTIMA,FINALIZADA,SAN MARTIN,RUA JOSE VELOSO,RUA COMENDADOR FRANCO FERREIRA,PROX A CAVALARIA / AO LADO DA PRAÇA,SAN MARTIN,Não informado,COLISÃO,DOIS AUTOS,2.0,1.0,0.0,0.0,0.0,0.0,0.0,0.0,0.0,0.0,0.0,Cruzamento,Bom,Não existe,Incompleta,Seca,Mal conservada,Não existe,Placas Pare,60.0,Dupla,Não existe,Não informado,2020,2,13,3,8.0
2020-02-13,08:31:00,SEM VÍTIMA,FINALIZADA,JARDIM SÃO PAULO,RUA LORENA,RUA LEANDRO BARRETO,AO LADO DA ACADEMIA WM,JARDIM SÃO PAULO,SUBURBIO,COLISÃO,SEM VITIMAS,1.0,1.0,0.0,0.0,0.0,0.0,1.0,0.0,0.0,0.0,0.0,Cruzamento,Bom,Não existe,Incompleta,Seca,Perfeito estado,Não existe,Não há placas,30.0,Dupla,Faixa seccionada,Não informado,2020,2,13,3,8.0
2020-02-13,10:06:00,SEM VÍTIMA,FINALIZADA,TORRÕES,AV ENGENHEIRO ABDIAS DE CARVALHO,Não informado,E FRENTE A O POSTO IPIRANGA,TORRÕES,CIDADE,COLISÃO,SEM VITIMAS,1.0,1.0,0.0,0.0,0.0,1.0,0.0,0.0,0.0,0.0,0.0,Longo da via,Bom,Sem defeito,Perfeito estado,Seca,Perfeito estado,Agente,Outras,60.0,Dupla,Canteiro central,Não informado,2020,2,13,3,10.0
2020-02-13,10:07:00,SEM VÍTIMA,FINALIZADA,ESPINHEIRO,RUA DA HORA,Não informado,AO LADO DO LABORATÓRIO A+,ESPINHEIRO,SUBURBIO,COLISÃO,COLISÃO S/VITIMAS ENTRE DOIS AUTOS,2.0,1.0,0.0,0.0,0.0,0.0,0.0,0.0,0.0,0.0,0.0,Longo da via,Bom,Não existe,Perfeito estado,Seca,Perfeito estado,Não existe,Outras,60.0,Única,Não existe,Não informado,2020,2,13,3,10.0
2020-02-13,10:51:00,SEM VÍTIMA,FINALIZADA,BOA VIAGEM,RUA DOS NAVEGANTES,RUA CORONEL BENEDITO CHAVES,POR TRÁS DO EDF. MARIA LEUPODINA,BOA VIAGEM,Não informado,COLISÃO,COLISÃO S/VITIMAS ENTRE DOIS AUTOS,2.0,1.0,0.0,0.0,0.0,0.0,0.0,0.0,0.0,0.0,0.0,Cruzamento,Bom,Não existe,Incompleta,Seca,Perfeito estado,Não existe,Não há placas,30.0,Única,Não existe,Não informado,2020,2,13,3,10.0
2020-02-13,11:11:00,SEM VÍTIMA,FINALIZADA,AFOGADOS,RUA NICOLAU PEREIRA,Não informado,AO LADO DOMURO DO SABAO BEM TE VI / POR TRAS DO MERCADO,AFOGADOS,Não informado,COLISÃO,DOIS CAMINHOES,1.0,1.0,0.0,0.0,0.0,0.0,2.0,0.0,0.0,0.0,0.0,Longo da via,Bom,Não existe,Perfeito estado,Seca,Perfeito estado,Não informado,Não informado,60.0,Única,Não existe,Não informado,2020,2,13,3,11.0
2020-02-13,11:21:00,SEM VÍTIMA,FINALIZADA,APIPUCOS,AV NORTE,Não informado,Não informado,APIPUCOS,SUBURBIO,ENGAVETAMENTO,SEM VITIMAS,4.0,1.0,0.0,0.0,0.0,0.0,0.0,0.0,0.0,0.0,0.0,Longo da via,Bom,Não existe,Perfeito estado,Seca,Perfeito estado,Outros,Placas Pare,60.0,Única,Não existe,Não informado,2020,2,13,3,11.0
2020-02-13,11:46:00,COM VÍTIMA,FINALIZADA,PAISSANDU,RUA EPAMINONDAS DE MELO,RUA PAISSANDU,POR TRÁS DO HOSPITAL DE QUEIMADOS,PAISSANDU,SUBURBIO,ABALROAMENTO LONGITUDINAL,COLISÃO COM VÍTIMA,1.0,1.0,0.0,0.0,0.0,0.0,0.0,0.0,0.0,1.0,0.0,Longo da via,Bom,Não existe,Perfeito estado,Seca,Perfeito estado,Não existe,R-24a,30.0,Única,Não existe,Não informado,2020,2,13,3,11.0
2020-02-13,11:48:00,SEM VÍTIMA,FINALIZADA,AFOGADOS,RUA MOTOCOLOMBO,Não informado,E/F AO TROCÃO,AFOGADOS,CIDADE,COLISÃO,COLISÃO S/VITIMAS ENTRE DOIS AUTO E UMA CARRETA,2.0,1.0,0.0,0.0,0.0,0.0,1.0,0.0,0.0,0.0,0.0,Ponte,Bom,Não existe,Perfeito estado,Seca,Perfeito estado,Não existe,Não há placas,60.0,Dupla,Faixa seccionada,Não informado,2020,2,13,3,11.0
2020-02-13,12:04:00,SEM VÍTIMA,FINALIZADA,ILHA DO LEITE,AV GOVERNADOR AGAMENON MAGALHAES,RUA GENERAL VARGAS,EM FRENTE AO EMPRESARIAL ISAAC NEWTON/ SENTIDO OLINDA,ILHA DO LEITE,Não informado,COLISÃO,COLISÃO SEM VÍTIMA,2.0,1.0,0.0,0.0,0.0,0.0,0.0,0.0,0.0,0.0,0.0,Longo da via,Bom,Sem defeito,Perfeito estado,Seca,Perfeito estado,Faixa de pedestre,Não há placas,60.0,Dupla,Canal,Não informado,2020,2,13,3,12.0
2020-02-13,12:26:00,SEM VÍTIMA,FINALIZADA,BARRO,AV DR JOSE RUFINO,Não informado,SOBRE O VIADUTO DO BARRO QUE COBRE A BR 101,BARRO,SUBURBIO,COLISÃO,SEM VITIMAS,2.0,1.0,0.0,0.0,0.0,0.0,0.0,0.0,0.0,0.0,0.0,Viaduto,Bom,Não existe,Perfeito estado,Seca,Perfeito estado,Não existe,Outras,60.0,Dupla,Faixa contínua,Não informado,2020,2,13,3,12.0
2020-02-13,12:30:00,SEM VÍTIMA,FINALIZADA,BARRO,AV DR JOSE RUFINO,RUA DR VILAS BOAS,EM FRENTE A O TRE DO BARRO,BARRO,SUBURBIO,ENGAVETAMENTO,SEM VITIMAS,3.0,1.0,0.0,0.0,0.0,0.0,0.0,0.0,0.0,0.0,0.0,Longo da via,Bom,Sem defeito,Perfeito estado,Seca,Perfeito estado,Faixa de pedestre,Outras,60.0,Dupla,Faixa contínua,Não informado,2020,2,13,3,12.0
2020-02-13,13:05:00,SEM VÍTIMA,FINALIZADA,BOA VISTA,RUA AURORA,TRV CORREIA NETO,AO LADO DA ASSEMBLEIA LEGISLATIVA,BOA VISTA,OLINDA,COLISÃO,COLISÃO SEM VÍTIMA,2.0,1.0,0.0,0.0,0.0,0.0,0.0,0.0,0.0,0.0,0.0,Esquina,Chuvoso,Sem defeito,Perfeito estado,Seca,Perfeito estado,Faixa de pedestre,R-6a,40.0,Única,Faixa seccionada,Não informado,2020,2,13,3,13.0
2020-02-13,13:22:00,SEM VÍTIMA,CANCELADA,CIDADE UNIVERSITÁRIA,AV PROFESSOR ARTUR DE SA,Não informado,EM FRENTE A ENTRADA E SAÍDA E VEÍCULOS DA UFPE/ENTRADA CECINE UFPE,CIDADE UNIVERSITÁRIA,Não informado,COLISÃO,SEM VITMAS,2.0,1.0,0.0,0.0,0.0,0.0,0.0,0.0,0.0,0.0,0.0,Não informado,Não informado,Não informado,Não informado,Não informado,Não informado,Não informado,Não informado,60.0,Não informado,Não informado,Não informado,2020,2,13,3,13.0
2020-02-13,13:38:00,COM VÍTIMA,CANCELADA,COHAB,AV CHAPADA DO ARARIPE,Não informado,EM FRENTE A BARBEARIA WT,COHAB,Não informado,COLISÃO,COLISÃO COM VÍTIMA,1.0,1.0,0.0,0.0,0.0,1.0,0.0,0.0,0.0,1.0,0.0,Não informado,Não informado,Não informado,Não informado,Não informado,Não informado,Não informado,Não informado,60.0,Não informado,Não informado,Não informado,2020,2,13,3,13.0
2020-02-13,15:14:00,SEM VÍTIMA,FINALIZADA,BOA VIAGEM,RUA PROFESSOR AUGUSTO LINS E SILVA,RUA CONEGO ROMEU,NA LATERAL DO  EDF MONDINO,BOA VIAGEM,Não informado,COLISÃO,SEM VITIMAS,2.0,1.0,0.0,0.0,0.0,0.0,0.0,0.0,0.0,0.0,0.0,Cruzamento,Bom,Não existe,Ilegível,Seca,Mal conservada,Não existe,Placas Pare,60.0,Dupla,Não existe,Não informado,2020,2,13,3,15.0
2020-02-13,16:31:00,SEM VÍTIMA,FINALIZADA,AFOGADOS,RUA SAO MIGUEL,EST DOS REMEDIOS,LARGO DA PAZ,AFOGADOS,CIDADE,COLISÃO,SEM VITIMAS,1.0,1.0,0.0,0.0,0.0,0.0,1.0,0.0,0.0,0.0,0.0,Esquina,Bom,Sem defeito,Perfeito estado,Seca,Perfeito estado,Faixa de pedestre,Outras,60.0,Dupla,Faixa contínua,Não informado,2020,2,13,3,16.0
2020-02-13,17:22:00,SEM VÍTIMA,FINALIZADA,BARRO,AV DR JOSE RUFINO,Não informado,EM FRENTE A ESCOLA ESTADUAL CASTELO BRANCO,BARRO,CIDADE,COLISÃO,SEM VITIMAS,1.0,1.0,0.0,0.0,0.0,1.0,0.0,0.0,0.0,0.0,0.0,Longo da via,Bom,Não existe,Perfeito estado,Seca,Perfeito estado,Não existe,Outras,60.0,Dupla,Faixa contínua,Não informado,2020,2,13,3,17.0
2020-02-13,17:25:00,SEM VÍTIMA,FINALIZADA,ARRUDA,AV BEBERIBE,Não informado,EM FRENTE AO ARMAZEM CORAL,ARRUDA,CIDADE,COLISÃO,COLISAO SEM VITIMAS,2.0,1.0,0.0,0.0,0.0,0.0,0.0,0.0,0.0,0.0,0.0,Cruzamento,Bom,Sem defeito,Perfeito estado,Seca,Perfeito estado,Faixa de pedestre,Outras,40.0,Dupla,Faixa contínua,Não informado,2020,2,13,3,17.0
2020-02-13,18:32:00,SEM VÍTIMA,PENDENTE,GRAÇAS,AV DR MALAQUIAS,Não informado,ENF A FACULDADE DAMA CRISTÃS,GRAÇAS,SUBURBIO,COLISÃO,TOYOTA ETIOS X HONDA HRV,2.0,1.0,0.0,0.0,0.0,0.0,0.0,0.0,0.0,0.0,0.0,Longo da via,Bom,Não existe,Perfeito estado,Seca,Perfeito estado,Não existe,R-6a,30.0,Única,Faixa contínua,Não informado,2020,2,13,3,18.0
2020-02-13,18:34:00,COM VÍTIMA,FINALIZADA,JORDÃO,RUA DR ANDRADE LYRA,RUA ALBERTO LUNDGREN,PRÓX AO MERCADO PÚBLICO. WE FIT.,JORDÃO,JORDÃO / IBURA,ATROPELAMENTO,ENTRE AUTO E PEDESTRE.C/V,1.0,1.0,0.0,0.0,1.0,0.0,0.0,0.0,0.0,1.0,0.0,Esquina,Bom,Não existe,Perfeito estado,Seca,Perfeito estado,Faixa de pedestre,Outras,30.0,Única,Faixa seccionada,Não informado,2020,2,13,3,18.0
2020-02-13,18:57:00,COM VÍTIMA,FINALIZADA,SÃO JOSÉ,C SANTA RITA,1 TRV JUSTICA E PAZ,E/F ÀS TORRES GÊMEAS - AO LADO DO SEM 076. AGEMAR.,SÃO JOSÉ,CIDADE,TOMBAMENTO,MOTOCICLISTA DESEQUILIBOU-SE E CAIU NA VIA- SOFRENDO ESCORIAÇÕES,1.0,1.0,0.0,0.0,0.0,0.0,0.0,0.0,0.0,1.0,0.0,Longo da via,Bom,Não existe,Perfeito estado,Seca,Perfeito estado,Não existe,Outras,60.0,Dupla,Canteiro central,Não informado,2020,2,13,3,18.0
2020-02-13,19:31:00,SEM VÍTIMA,FINALIZADA,AFOGADOS,RUA DA PAZ,RUA JOAO CARLOS GUIMARAES,ENF. A UNIVERSAL DE AFOGADOS,AFOGADOS,Não informado,COLISÃO,ONIX X CAMINHAO CAÇAMBA,1.0,1.0,0.0,0.0,0.0,0.0,1.0,0.0,0.0,0.0,0.0,Cruzamento,Bom,Não existe,Perfeito estado,Seca,Perfeito estado,Não existe,R-6a,60.0,Única,Faixa seccionada,Não informado,2020,2,13,3,19.0
2020-02-13,23:40:00,SEM VÍTIMA,FINALIZADA,BONGI,RUA SANTA EDWIRGES,RUA PADRE TEOFILO TWORZ,PROX A IGREJA PRESBITERIANA,BONGI,CIDADE,COLISÃO,FOX X HRV,2.0,1.0,0.0,0.0,0.0,0.0,0.0,0.0,0.0,0.0,0.0,Cruzamento,Bom,Não existe,Perfeito estado,Seca,Perfeito estado,Faixa de retenção,Placas Pare,60.0,Única,Canteiro central,Não informado,2020,2,13,3,23.0
2020-02-14,06:53:00,SEM VÍTIMA,FINALIZADA,MADALENA,RUA REAL DA TORRE,Não informado,E/F A DROGARIA SÃO PAULO,MADALENA,SUBURBIO,COLISÃO,COLISÃO S/VITIMAS ENTRE TRÊS AUTOS,3.0,1.0,0.0,0.0,0.0,0.0,0.0,0.0,0.0,0.0,0.0,Longo da via,Chuvoso,Não existe,Perfeito estado,Molhada,Perfeito estado,Não existe,Não há placas,60.0,Única,Faixa seccionada,Não informado,2020,2,14,4,6.0
2020-02-14,07:44:00,SEM VÍTIMA,FINALIZADA,CAXANGÁ,AV CAXANGA,Não informado,APOS A UPA DA  CAXANGA NA DESCIDA DA PONTE DA CAXANGA  EM FRENTE A GALERIA  SUPER CENTER CAXANGA,CAXANGÁ,SUBURBIO CIDADE,COLISÃO,COLISÃO SEM VITIMAS,3.0,1.0,0.0,0.0,0.0,0.0,0.0,0.0,0.0,0.0,0.0,Longo da via,Bom,Não existe,Incompleta,Seca,Perfeito estado,Não existe,R-6a,60.0,Dupla,Canteiro central,Não informado,2020,2,14,4,7.0
2020-02-14,07:47:00,SEM VÍTIMA,CANCELADA,APIPUCOS,RUA DOIS IRMAOS,Não informado,EM FRENTE AO LABORATORIO LAFEP / E AO QUARTEL,APIPUCOS,Não informado,CHOQUE OBJETO FIXO,VT POLICIA / CHOCOU-SE COM O POSTE,1.0,1.0,0.0,0.0,0.0,0.0,0.0,1.0,0.0,0.0,0.0,Não informado,Não informado,Não informado,Não informado,Não informado,Não informado,Não informado,Não informado,60.0,Não informado,Não informado,Não informado,2020,2,14,4,7.0
2020-02-14,08:14:00,COM VÍTIMA,FINALIZADA,MACAXEIRA,AV NORTE,Não informado,100 METROS ANTES DO PARQUE DA MACAXEIRA,MACAXEIRA,CIDADE,COLISÃO TRASEIRA,COLISÃO C/VITIMA ENTRE UMA MOTO E U AUTO,1.0,1.0,0.0,0.0,0.0,0.0,0.0,0.0,0.0,1.0,0.0,Longo da via,Bom,Sem defeito,Perfeito estado,Seca,Perfeito estado,Faixa de retenção,R-6a,60.0,Única,Faixa contínua,Não informado,2020,2,14,4,8.0
2020-02-14,08:22:00,SEM VÍTIMA,FINALIZADA,DOIS IRMÃOS,RUA DOIS IRMAOS,Não informado,AO  LADO DO MOTEL SENZALA,DOIS IRMÃOS,CIDADE,COLISÃO,COLISÃO SEM VITIMAS  GM  LINDEMBEG  QTH,1.0,1.0,0.0,0.0,0.0,0.0,0.0,0.0,0.0,0.0,0.0,Longo da via,Chuvoso,Sem defeito,Perfeito estado,Seca,Perfeito estado,Agente,Não há placas,60.0,Dupla,Faixa seccionada,Não informado,2020,2,14,4,8.0
2020-02-14,08:29:00,COM VÍTIMA,FINALIZADA,CORDEIRO,AV ENGENHEIRO ABDIAS DE CARVALHO,Não informado,50 METROS ANTES DO COMPAZ,CORDEIRO,CIDADE,ABALROAMENTO LONGITUDINAL,COLISÃO C/VITIMA ENTRE UMA MOTO E UM ONIBUS (GM ALMEIDA VELOSO NO QTH),1.0,1.0,0.0,0.0,0.0,1.0,0.0,0.0,0.0,1.0,0.0,Longo da via,Não informado,Não existe,Perfeito estado,Molhada,Perfeito estado,Agente,R-6a,60.0,Única,Faixa seccionada,Não informado,2020,2,14,4,8.0
2020-02-14,08:32:00,SEM VÍTIMA,FINALIZADA,CAJUEIRO,RUA DR ALBERTO WANDERLEY,Não informado,PROX A BAR DA FAVA,CAJUEIRO,CIDADE,COLISÃO,TRES AUTOS,2.0,1.0,0.0,0.0,0.0,0.0,0.0,0.0,1.0,0.0,0.0,Longo da via,Bom,Não existe,Não existente,Seca,Perfeito estado,Não existe,Não há placas,60.0,Dupla,Não existe,Não informado,2020,2,14,4,8.0
2020-02-14,09:20:00,COM VÍTIMA,FINALIZADA,IPUTINGA,AV CAXANGA,Não informado,EM CIMA DO VIADUTO DA CAXANGA,IPUTINGA,Não informado,COLISÃO,AUTO E MOTO SUB. ANTEOGENES E BELO NO LOCAL,1.0,1.0,0.0,0.0,0.0,0.0,0.0,0.0,0.0,1.0,0.0,Não informado,Não informado,Não informado,Não informado,Não informado,Não informado,Não informado,Não informado,60.0,Não informado,Não informado,Não informado,2020,2,14,4,9.0
2020-02-14,09:25:00,SEM VÍTIMA,FINALIZADA,TAMARINEIRA,EST VELHA DE AGUA FRIA,RUA JOSE DE VASCONCELOS,EM FRENTE AO RESTAURANTE  VIA GRILL,TAMARINEIRA,SUBURBIO,COLISÃO,COLISÃO SEM VITIMAS,1.0,1.0,0.0,0.0,0.0,0.0,0.0,0.0,0.0,0.0,0.0,Cruzamento,Bom,Não existe,Perfeito estado,Seca,Perfeito estado,Faixa de pedestre,Outras,60.0,Dupla,Faixa contínua,Não informado,2020,2,14,4,9.0
2020-02-14,09:47:00,SEM VÍTIMA,FINALIZADA,BOA VISTA,RUA SAO GERALDO,AV MARIO MELO,EM FRENTE A ESCOLA  SILVIO RABELO,BOA VISTA,Não informado,COLISÃO,COLISÃO SEM VITIMAS,2.0,1.0,0.0,0.0,0.0,0.0,0.0,0.0,0.0,0.0,0.0,Cruzamento,Bom,Não existe,Perfeito estado,Seca,Perfeito estado,Faixa de pedestre,Outras,60.0,Dupla,Faixa seccionada,Não informado,2020,2,14,4,9.0
2020-02-14,10:27:00,SEM VÍTIMA,FINALIZADA,CAMPO GRANDE,RUA JERONIMO VILELA,Não informado,E/F EDF. FERNANDO DANTAS PEREIRA,CAMPO GRANDE,Não informado,COLISÃO,COLISÃO S/VITIMAS ENTRE UMA MOTO E UM AUTO,1.0,1.0,0.0,0.0,0.0,0.0,0.0,0.0,0.0,0.0,0.0,Não informado,Não informado,Não informado,Não informado,Não informado,Não informado,Não informado,Não informado,60.0,Não informado,Não informado,Não informado,2020,2,14,4,10.0
2020-02-14,10:40:00,SEM VÍTIMA,FINALIZADA,IBURA,AV RECIFE,AV DOM HELDER CAMARA,AO LADO DO POSTO POLICIAL / SENT IPSEP,IBURA,SUBURBIO,COLISÃO,CAMINHAO E TAXI,1.0,1.0,0.0,0.0,0.0,0.0,1.0,0.0,0.0,0.0,0.0,Longo da via,Bom,Sem defeito,Perfeito estado,Seca,Perfeito estado,Faixa de pedestre,Não há placas,60.0,Dupla,Canteiro central,Não informado,2020,2,14,4,10.0
2020-02-14,11:10:00,SEM VÍTIMA,FINALIZADA,IMBIRIBEIRA,AV MARECHAL MASCARENHAS DE MORAES,Não informado,E/F AO AEROPORTO DO RECIFE,IMBIRIBEIRA,Não informado,COLISÃO,COLISÃO S/VITIMAS ENTRE DOIS AUTOS (GM DINIZ E DIOGENES NO QTH),2.0,1.0,0.0,0.0,0.0,0.0,0.0,0.0,0.0,0.0,0.0,Longo da via,Bom,Não existe,Perfeito estado,Seca,Perfeito estado,Agente,R-6a,60.0,Única,Faixa,Não informado,2020,2,14,4,11.0
2020-02-14,11:39:00,SEM VÍTIMA,FINALIZADA,GRAÇAS,AV RUI BARBOSA,Não informado,E/F A CLÍNICA EQUILIBRIUM,GRAÇAS,Não informado,COLISÃO,COLISÃO S/VITIMAS ENTRE DOIS AUTOS,2.0,1.0,0.0,0.0,0.0,0.0,0.0,0.0,0.0,0.0,0.0,Cruzamento,Bom,Sem defeito,Perfeito estado,Seca,Perfeito estado,Faixa de pedestre,Outras,60.0,Única,Faixa seccionada,Não informado,2020,2,14,4,11.0
2020-02-14,11:58:00,SEM VÍTIMA,CANCELADA,ESPINHEIRO,AV CONS ROSA E SILVA,Não informado,EM FRENTE AO EDIFICIO BARÃO DE BONITO,ESPINHEIRO,Não informado,COLISÃO,COLISÃO SEM VÍTIMA,1.0,1.0,0.0,0.0,0.0,1.0,0.0,0.0,0.0,0.0,0.0,Não informado,Não informado,Não informado,Não informado,Não informado,Não informado,Não informado,Não informado,60.0,Não informado,Não informado,Não informado,2020,2,14,4,11.0
2020-02-14,13:13:00,SEM VÍTIMA,CANCELADA,FUNDÃO,AV BEBERIBE,Não informado,NA ENTRADA DO CONJUNTO RESIDENCIAL JOAO PAULO SEGUNDO,FUNDÃO,Não informado,COLISÃO,COLISAO ENTRE AUTO E MOTO S/V,1.0,1.0,0.0,0.0,0.0,0.0,0.0,0.0,0.0,0.0,0.0,Não informado,Não informado,Não informado,Não informado,Não informado,Não informado,Não informado,Não informado,60.0,Não informado,Não informado,Não informado,2020,2,14,4,13.0
2020-02-14,13:51:00,SEM VÍTIMA,FINALIZADA,AFOGADOS,AV SUL,Não informado,BORRACHARIA SUL//ESTAÇÃO LARGO DA PAZ,AFOGADOS,CIDADE,COLISÃO,COLISAO S/ VITIMA. ENTRE VEICULO E CAMINHAO COMPESA.,1.0,1.0,0.0,0.0,0.0,0.0,1.0,0.0,0.0,0.0,0.0,Cruzamento,Bom,Não existe,Incompleta,Seca,Perfeito estado,Não existe,Não há placas,60.0,Única,Faixa contínua,Não informado,2020,2,14,4,13.0
2020-02-14,14:09:00,SEM VÍTIMA,FINALIZADA,SANTO AMARO,AV NORTE,Não informado,POR TRAS DO CEMITERIO DOS INGLESES,SANTO AMARO,Não informado,COLISÃO,COLISAO ENTRE AUTO E MOTO S/V,1.0,1.0,0.0,0.0,0.0,0.0,0.0,0.0,0.0,0.0,0.0,Não informado,Não informado,Não informado,Não informado,Não informado,Não informado,Não informado,Não informado,60.0,Não informado,Não informado,Não informado,2020,2,14,4,14.0
2020-02-14,14:16:00,SEM VÍTIMA,FINALIZADA,BOA VIAGEM,RUA SARGENTO SILVINO DE MACEDO,Não informado,PROX AO COLEGIO GGE E/F A TOP TERCEIRIZAÇOES,BOA VIAGEM,CIDADE,COLISÃO,COLISAO ENTRE DOIS AUTOS S/V,2.0,1.0,0.0,0.0,0.0,0.0,0.0,0.0,0.0,0.0,0.0,Cruzamento,Bom,Não existe,Não existente,Seca,Perfeito estado,Não existe,Não há placas,60.0,Dupla,Não existe,Não informado,2020,2,14,4,14.0
2020-02-14,14:30:00,SEM VÍTIMA,FINALIZADA,BOA VIAGEM,AV BOA VIAGEM,Não informado,EDF CALIFORNIA,BOA VIAGEM,CIDADE,COLISÃO,COLISAO S/ VITIMA. ENTRE DOIS VEICULOS,2.0,1.0,0.0,0.0,0.0,0.0,0.0,0.0,0.0,0.0,0.0,Longo da via,Bom,Sem defeito,Perfeito estado,Seca,Perfeito estado,Faixa de pedestre,Não há placas,60.0,Única,Faixa seccionada,Não informado,2020,2,14,4,14.0
2020-02-14,14:53:00,SEM VÍTIMA,FINALIZADA,SANTO AMARO,AV GOVERNADOR AGAMENON MAGALHAES,AV DR JAYME DA FONTE,PROX AO SHOPPING TACARUNA S/T OLINDA,SANTO AMARO,SUBURBIO,COLISÃO,COLISAO ENTRE DOIS AUTOS S/V,2.0,1.0,0.0,0.0,0.0,0.0,0.0,0.0,0.0,0.0,0.0,Cruzamento,Bom,Sem defeito,Perfeito estado,Seca,Perfeito estado,Faixa de pedestre,Outras,60.0,Dupla,Canteiro central,Não informado,2020,2,14,4,14.0
2020-02-14,14:56:00,SEM VÍTIMA,FINALIZADA,GRAÇAS,RUA DAS PERNAMBUCANAS,RUA MONSENHOR AMBROZINO LEITE,PROXIMO AO SEMÁFORO 600,GRAÇAS,Não informado,COLISÃO,COLISÃO SEM VÍTIMA,1.0,1.0,0.0,0.0,0.0,0.0,0.0,1.0,0.0,0.0,0.0,Longo da via,Bom,Sem defeito,Perfeito estado,Seca,Perfeito estado,Não existe,Não há placas,60.0,Dupla,Não existe,Não informado,2020,2,14,4,14.0