data,hora,natureza_acidente,situacao,bairro,endereco,detalhe_endereco_acidente,complemento,bairro_cruzamento,sentido_via,tipo,descricao,auto,moto,ciclom,ciclista,pedestre,onibus,caminhao,viatura,outros,vitimas,vitimasfatais,acidente_verificado,tempo_clima,situacao_semaforo,sinalizacao,condicao_via,conservacao_via,ponto_controle,situacao_placa,velocidade_max_via,mao_direcao,divisao_via1,natureza,ano,mes,dia,dia_semana,hora_ocorrencia
2020-02-14,15:03:00,SEM VÍTIMA,CANCELADA,IPSEP,RUA DR RAPOSO PINTO,Não informado,PROXIMO AO ANTIGO KUASE BAR,IPSEP,Não informado,COLISÃO,COLISÃO SEM VÍTIMA,2.0,1.0,0.0,0.0,0.0,0.0,0.0,0.0,0.0,0.0,0.0,Não informado,Não informado,Não informado,Não informado,Não informado,Não informado,Não informado,Não informado,60.0,Não informado,Não informado,Não informado,2020,2,14,4,15.0
2020-02-14,15:40:00,SEM VÍTIMA,FINALIZADA,IPSEP,AV RECIFE,Não informado,E/F AO POSTO FEDERAL S/T BOA VIAGEM,IPSEP,AEROPORTO,COLISÃO,COLISAO ENTRE DOIS AUTOS S/V,2.0,1.0,0.0,0.0,0.0,0.0,0.0,0.0,0.0,0.0,0.0,Longo da via,Bom,Não existe,Perfeito estado,Seca,Perfeito estado,Não existe,Não há placas,60.0,Dupla,Canteiro central,Não informado,2020,2,14,4,15.0
2020-02-14,15:43:00,SEM VÍTIMA,FINALIZADA,MADALENA,AV BEIRA RIO,RUA DEMOSTENES DE OLINDA,EM FRENTE AO EDIFICIO VITORIA REGIA,MADALENA,CIDADE,COLISÃO,COLISÃO SEM VÍTIMA,1.0,1.0,0.0,0.0,0.0,0.0,0.0,0.0,0.0,0.0,0.0,Esquina,Bom,Não existe,Perfeito estado,Seca,Perfeito estado,Faixa de pedestre,R-4a,60.0,Dupla,Faixa seccionada,Não informado,2020,2,14,4,15.0
2020-02-14,15:44:00,SEM VÍTIMA,CANCELADA,ILHA DO RETIRO,RUA SPORT CLUBE DO RECIFE,AV JOSE GONCALVES DE MEDEIROS,CLUBE DO SPORT,ILHA DO RETIRO,SUBURBIO,ENGAVETAMENTO,ENGAVETAMENTO S/ VITIMA. ENTRE TRES VEICULOS.,3.0,1.0,0.0,0.0,0.0,0.0,0.0,0.0,0.0,0.0,0.0,Não informado,Não informado,Não informado,Não informado,Não informado,Não informado,Não informado,Não informado,60.0,Não informado,Não informado,Não informado,2020,2,14,4,15.0
2020-02-14,16:21:00,SEM VÍTIMA,FINALIZADA,AFOGADOS,RUA SAO MIGUEL,Não informado,E/F AO DEPATRI,AFOGADOS,SUBURBIO,COLISÃO,COLISAO ENTRE DOIS AUTO S/V,2.0,1.0,0.0,0.0,0.0,0.0,0.0,0.0,0.0,0.0,0.0,Longo da via,Bom,Sem defeito,Perfeito estado,Seca,Perfeito estado,Faixa de pedestre,Outras,60.0,Dupla,Faixa contínua,Não informado,2020,2,14,4,16.0
2020-02-14,16:36:00,SEM VÍTIMA,FINALIZADA,BOA VIAGEM,RUA SETUBAL,RUA PROFESSOR MARIO CASTRO,AO LADO DO PLAZA HOTEL,BOA VIAGEM,Não informado,COLISÃO,COLISAO ENTRE DOIS AUTO S/V,2.0,1.0,0.0,0.0,0.0,0.0,0.0,0.0,0.0,0.0,0.0,Cruzamento,Bom,Não existe,Ilegível,Seca,Perfeito estado,Não existe,Não há placas,40.0,Única,Não existe,Não informado,2020,2,14,4,16.0
2020-02-14,16:37:00,SEM VÍTIMA,FINALIZADA,IPSEP,AV RECIFE,RUA FRANCISCO BARRETO,NUCLIO DA POLICIA MILITA// EXTRA FARMA,IPSEP,CIDADE,COLISÃO,COLISAO ENTRE ONIBUS E VEICULO,1.0,1.0,0.0,0.0,0.0,1.0,0.0,0.0,0.0,0.0,0.0,Cruzamento,Bom,Sem defeito,Perfeito estado,Seca,Perfeito estado,Faixa de pedestre,Não há placas,60.0,Dupla,Canteiro central,Não informado,2020,2,14,4,16.0
2020-02-14,17:09:00,SEM VÍTIMA,CANCELADA,CASA AMARELA,RUA PADRE LEMOS,Não informado,ENTRE A IGREJA UNIVERSAL E O SUPERMERCADO CANELA,CASA AMARELA,Não informado,COLISÃO,COLISAO ENTRE TAXI E MICRO ONIBUS S/V,1.0,1.0,0.0,0.0,0.0,1.0,0.0,0.0,0.0,0.0,0.0,Não informado,Não informado,Não informado,Não informado,Não informado,Não informado,Não informado,Não informado,60.0,Não informado,Não informado,Não informado,2020,2,14,4,17.0
2020-02-14,17:19:00,SEM VÍTIMA,EQUIPE EM DESLOCAMENTO,MADALENA,AV BEIRA RIO,Não informado,EDF: QUINTA BEIRA RIO// EDF: SOLAR BEIRA RIO,MADALENA,CAXANGA,COLISÃO,ENGAVETAMENTO S/ VITIMA ENTRE TRES VEICULOS.,3.0,1.0,0.0,0.0,0.0,0.0,0.0,0.0,0.0,0.0,0.0,Não informado,Não informado,Não informado,Não informado,Não informado,Não informado,Não informado,Não informado,60.0,Não informado,Não informado,Não informado,2020,2,14,4,17.0
2020-02-14,18:08:00,SEM VÍTIMA,FINALIZADA,ILHA DO RETIRO,EST DOS REMEDIOS,RUA DO FONSECA,ENF. A NISSAN,ILHA DO RETIRO,CIDADE,COLISÃO,HILUX X FORD KA    OBS:: SUSPEITA DE EMBRIAGUEZ,2.0,1.0,0.0,0.0,0.0,0.0,0.0,0.0,0.0,0.0,0.0,Esquina,Bom,Não existe,Incompleta,Seca,Perfeito estado,Não existe,R-6a,60.0,Única,Faixa seccionada,Não informado,2020,2,14,4,18.0
2020-02-14,18:34:00,SEM VÍTIMA,CANCELADA,IMBIRIBEIRA,RUA PAMPULHA,AV MARECHAL MASCARENHAS DE MORAES,AO LADO DA RENALT SELECT,IMBIRIBEIRA,Não informado,COLISÃO,COLISAO SEM VITIMAS,1.0,1.0,0.0,0.0,0.0,1.0,0.0,0.0,0.0,0.0,0.0,Não informado,Não informado,Não informado,Não informado,Não informado,Não informado,Não informado,Não informado,60.0,Não informado,Não informado,Não informado,2020,2,14,4,18.0
2020-02-14,18:40:00,SEM VÍTIMA,FINALIZADA,SÃO JOSÉ,RUA IMPERIAL,Não informado,ANTES DO SEMAFORO 087 PROX AO VIADUTO DOM PAULO 2,SÃO JOSÉ,SUBURBIO,COLISÃO,MOTO X X HYUNDAI CRETA,1.0,1.0,0.0,0.0,0.0,0.0,0.0,0.0,0.0,0.0,0.0,Longo da via,Bom,Não existe,Perfeito estado,Seca,Perfeito estado,Não existe,Não há placas,60.0,Única,Faixa seccionada,Não informado,2020,2,14,4,18.0
2020-02-14,19:11:00,SEM VÍTIMA,CANCELADA,ALTO SANTA TERESINHA,RUA TAMBOARA,Não informado,PROX A ESCOLA MUNICIPAL ANTONIO TIBURCIO,ALTO SANTA TERESINHA,Não informado,COLISÃO,FIESTA X SIENA,2.0,1.0,0.0,0.0,0.0,0.0,0.0,0.0,0.0,0.0,0.0,Não informado,Não informado,Não informado,Não informado,Não informado,Não informado,Não informado,Não informado,60.0,Não informado,Não informado,Não informado,2020,2,14,4,19.0
2020-02-14,19:24:00,SEM VÍTIMA,FINALIZADA,CORDEIRO,AV PROFESSOR ESTEVAO FRANCISCO DA COSTA,Não informado,E/F A MERC FRUTES,CORDEIRO,SUBURBIO,COLISÃO,COLISAO SEM VITIMAS,2.0,1.0,0.0,0.0,0.0,0.0,0.0,0.0,0.0,0.0,0.0,Cruzamento,Bom,Sem defeito,Perfeito estado,Seca,Perfeito estado,Não informado,Não informado,60.0,Dupla,Não existe,Não informado,2020,2,14,4,19.0
2020-02-14,19:32:00,SEM VÍTIMA,CANCELADA,IMBIRIBEIRA,RUA PAMPULHA,AV MARECHAL MASCARENHAS DE MORAES,AO LADO DA RENALT SELECT,IMBIRIBEIRA,Não informado,COLISÃO,COLISAO SEM VITIMAS,1.0,1.0,0.0,0.0,0.0,1.0,0.0,0.0,0.0,0.0,0.0,Não informado,Não informado,Não informado,Não informado,Não informado,Não informado,Não informado,Não informado,60.0,Não informado,Não informado,Não informado,2020,2,14,4,19.0
2020-02-14,19:43:00,SEM VÍTIMA,FINALIZADA,IBURA,AV DOIS RIOS,Não informado,E/F A POLICLINICA,IBURA,Não informado,COLISÃO,COLISAO SEM VITIMAS,1.0,1.0,0.0,0.0,0.0,0.0,1.0,0.0,0.0,0.0,0.0,Longo da via,Bom,Não existe,Perfeito estado,Seca,Perfeito estado,Não existe,Outras,60.0,Dupla,Outros,Não informado,2020,2,14,4,19.0
2020-02-14,19:44:00,COM VÍTIMA,FINALIZADA,BOA VIAGEM,AV FERNANDO SIMOES BARBOSA,Não informado,EDF. SANTO ANDRE // PROX A SAIDA DO SHOPPING RECIFE,BOA VIAGEM,SUBURBIO,COLISÃO COM CICLISTA,CICLISTA X ONIBUS VERA VCRUZ,1.0,1.0,0.0,1.0,0.0,1.0,0.0,0.0,0.0,1.0,0.0,Longo da via,Bom,Não existe,Perfeito estado,Seca,Perfeito estado,Não existe,Outras,60.0,Única,Faixa seccionada,Não informado,2020,2,14,4,19.0
2020-02-14,19:55:00,SEM VÍTIMA,FINALIZADA,SANTO AMARO,PTE DO LIMOEIRO,Não informado,NA PONTE MESMO,SANTO AMARO,SUBURBIO,COLISÃO,COLISAO SEM VITIMAS,3.0,1.0,0.0,0.0,0.0,0.0,0.0,0.0,0.0,0.0,0.0,Ponte,Bom,Sem defeito,Perfeito estado,Seca,Perfeito estado,Faixa de retenção,Placas Dê a preferência,60.0,Dupla,Faixa seccionada,Não informado,2020,2,14,4,19.0
2020-02-14,19:56:00,COM VÍTIMA,FINALIZADA,CASA AMARELA,RUA XAVANTES,RUA PAULA BATISTA,ENF  CENTRO ESPIRITA MOACIR,CASA AMARELA,CIDADE,ABALROAMENTO TRANSVERSAL,DUAS MOTOS,1.0,2.0,0.0,0.0,0.0,0.0,0.0,0.0,0.0,1.0,0.0,Cruzamento,Bom,Não existe,Perfeito estado,Seca,Perfeito estado,Não informado,Não informado,60.0,Dupla,Não informado,Não informado,2020,2,14,4,19.0
2020-02-14,20:03:00,SEM VÍTIMA,FINALIZADA,DERBY,PRC DO DERBY,RUA JENER DE SOUZA,PROX AO QUARTEL DO DERBY,DERBY,CIDADE,COLISÃO,POLO X HILUX,2.0,1.0,0.0,0.0,0.0,0.0,0.0,0.0,0.0,0.0,0.0,Longo da via,Bom,Não existe,Incompleta,Seca,Perfeito estado,Não existe,Não há placas,60.0,Única,Faixa seccionada,Não informado,2020,2,14,4,20.0
2020-02-14,20:18:00,SEM VÍTIMA,CANCELADA,IMBIRIBEIRA,AV MARECHAL MASCARENHAS DE MORAES,RUA PAMPULHA,ENF . RENAULT SELECTION,IMBIRIBEIRA,Não informado,COLISÃO,ONIBUS SAO JUDAS TADEU X HB 20,1.0,1.0,0.0,0.0,0.0,1.0,0.0,0.0,0.0,0.0,0.0,Não informado,Não informado,Não informado,Não informado,Não informado,Não informado,Não informado,Não informado,60.0,Não informado,Não informado,Não informado,2020,2,14,4,20.0
2020-02-14,20:31:00,SEM VÍTIMA,CANCELADA,COHAB,RUA DR BENIGNO JORDAO DE VASCONCELOS,Não informado,PROX A CONVENIENCIA ALTAS HORAS,COHAB,Não informado,COLISÃO,ONIX X VERSA,2.0,1.0,0.0,0.0,0.0,0.0,0.0,0.0,0.0,0.0,0.0,Não informado,Não informado,Não informado,Não informado,Não informado,Não informado,Não informado,Não informado,60.0,Não informado,Não informado,Não informado,2020,2,14,4,20.0
2020-02-14,20:39:00,SEM VÍTIMA,FINALIZADA,BONGI,EST DO BONGI,Não informado,ENF A EMPRESA TBFORTE (VIGILANCIA),BONGI,CIDADE,COLISÃO,PEUGEOLT X 3MOTOS,1.0,3.0,0.0,0.0,0.0,0.0,0.0,0.0,0.0,0.0,0.0,Longo da via,Bom,Não existe,Perfeito estado,Seca,Perfeito estado,Não existe,Não há placas,60.0,Dupla,Faixa contínua,Não informado,2020,2,14,4,20.0
2020-02-14,23:01:00,SEM VÍTIMA,CANCELADA,SANTO ANTÔNIO,TRV DO ARSENAL DE GUERRA,Não informado,PROX AO CAIS DE SANTA RITA,SANTO ANTÔNIO,Não informado,COLISÃO,COLISAO SEM VITIMAS,1.0,1.0,0.0,0.0,0.0,2.0,0.0,0.0,0.0,0.0,0.0,Não informado,Não informado,Não informado,Não informado,Não informado,Não informado,Não informado,Não informado,60.0,Não informado,Não informado,Não informado,2020,2,14,4,23.0
2020-02-14,23:43:00,COM VÍTIMA,FINALIZADA,ROSARINHO,AV NORTE,RUA TREZE DE JUNHO,APOS A PRAÇA DO ROSARINHO. EM FRENTE AO POSTO BR.,ROSARINHO,SUBURBIO,CHOQUE VEÍCULO PARADO,COLISAO COM VITIMAS,1.0,2.0,0.0,0.0,0.0,0.0,0.0,0.0,0.0,2.0,0.0,Longo da via,Bom,Sem defeito,Perfeito estado,Seca,Perfeito estado,Faixa de pedestre,Outras,60.0,Única,Faixa contínua,Não informado,2020,2,14,4,23.0
2020-02-15,00:49:00,SEM VÍTIMA,FINALIZADA,CASA AMARELA,AV NORTE,COR DO BARTOLOMEU,PROX DA IGREJA INTERNACIONAL DA GRAÇAS DE DEUS,CASA AMARELA,SUBURBIO,COLISÃO,COLISÃO ENTRE ÕNIBUS E AUTO S/V,1.0,1.0,0.0,0.0,0.0,1.0,0.0,0.0,0.0,0.0,0.0,Longo da via,Bom,Sem defeito,Perfeito estado,Seca,Perfeito estado,Faixa de pedestre,Outras,60.0,Única,Não existe,Não informado,2020,2,15,5,0.0
2020-02-15,03:22:00,SEM VÍTIMA,FINALIZADA,TORRE,RUA PADRE ANCHIETA,RUA JOSE BONIFACIO,EM FRENTE AO MINUTO PÃO DE AÇÚCAR,TORRE,Não informado,COLISÃO,COLISÃO ENTRE DOIS AUTOS- S/V,2.0,1.0,0.0,0.0,0.0,0.0,0.0,0.0,0.0,0.0,0.0,Cruzamento,Bom,Sem defeito,Perfeito estado,Seca,Perfeito estado,Faixa de pedestre,Outras,60.0,Única,Faixa seccionada,Não informado,2020,2,15,5,3.0
2020-02-15,03:55:00,SEM VÍTIMA,FINALIZADA,BONGI,EST DO BONGI,RUA COSME VIANA,EM FRENTE A IMBIRIBEIRA VEÍCULOS,BONGI,Não informado,COLISÃO,COLISÃO ENTRE DOIS AUTOS- S/V,2.0,1.0,0.0,0.0,0.0,0.0,0.0,0.0,0.0,0.0,0.0,Cruzamento,Bom,Sem defeito,Perfeito estado,Seca,Perfeito estado,Faixa de pedestre,Outras,60.0,Não informado,Faixa contínua,Não informado,2020,2,15,5,3.0
2020-02-15,04:08:00,SEM VÍTIMA,FINALIZADA,BOA VIAGEM,RUA VISCONDE DE JEQUITINHONHA,RUA BARAO DE SOUZA LEAO,Não informado,BOA VIAGEM,SUBURBIO,COLISÃO,COLISÃO ENTRE DOIS AUTOS- C/V,2.0,1.0,0.0,0.0,0.0,0.0,0.0,0.0,0.0,0.0,0.0,Cruzamento,Bom,Sem defeito,Perfeito estado,Seca,Perfeito estado,Faixa de pedestre,Outras,60.0,Única,Canal,Não informado,2020,2,15,5,4.0
2020-02-15,07:01:00,SEM VÍTIMA,CANCELADA,BOA VIAGEM,AV ENGENHEIRO DOMINGOS FERREIRA,RUA HENRIQUE CAPITULINO,AO LADO DO POSTO BR,BOA VIAGEM,Não informado,COLISÃO,SEM VITIMAS,2.0,1.0,0.0,0.0,0.0,0.0,0.0,0.0,0.0,0.0,0.0,Não informado,Não informado,Não informado,Não informado,Não informado,Não informado,Não informado,Não informado,60.0,Não informado,Não informado,Não informado,2020,2,15,5,7.0
2020-02-15,08:18:00,SEM VÍTIMA,FINALIZADA,TORRE,RUA JOAO TUDE DE MELO,Não informado,EM FRENTE AO RESTAURANTE GUAIAMUM GIGANTE,TORRE,MADALENA,COLISÃO,COLISÃO SEM VITIMAS,2.0,1.0,0.0,0.0,0.0,0.0,0.0,0.0,0.0,0.0,0.0,Longo da via,Bom,Não existe,Perfeito estado,Seca,Perfeito estado,Não existe,Outras,40.0,Dupla,Canal,Não informado,2020,2,15,5,8.0
2020-02-15,08:23:00,SEM VÍTIMA,FINALIZADA,CURADO,RUA RAPHAEL DE OLIVEIRA ALVES,RUA JUNDIAI,AO LADO DO SUPERMERCADO PAJÉU,CURADO,SUBURBIO,COLISÃO,SEM VITIMAS,2.0,1.0,0.0,0.0,0.0,0.0,0.0,0.0,0.0,0.0,0.0,Longo da via,Bom,Não existe,Não existente,Molhada,Mal conservada,Não existe,Não há placas,60.0,Dupla,Não existe,Não informado,2020,2,15,5,8.0
2020-02-15,09:30:00,COM VÍTIMA,FINALIZADA,BOA VIAGEM,RUA AMAZONAS,RUA TOME GIBSON,EM FRENTE AO EDF PARK AMAZONAS,BOA VIAGEM,Não informado,ABALROAMENTO LONGITUDINAL,AUTO E MOTO,1.0,1.0,0.0,0.0,0.0,0.0,0.0,0.0,0.0,1.0,0.0,Cruzamento,Bom,Não existe,Perfeito estado,Seca,Perfeito estado,Não informado,Placas Pare,60.0,Única,Não existe,Não informado,2020,2,15,5,9.0
2020-02-15,10:32:00,SEM VÍTIMA,FINALIZADA,APIPUCOS,RUA MANDACARU,RUA DE APIPUCOS,PROX. AO POSTO DE GASOLINA PETROCAL,APIPUCOS,Não informado,COLISÃO,MOTO E AUTO S/V USUARIO INF. QUE HOUVE UMA PANCADA NA PERNA- POREM NÃO DESEJA ACIONAR O SAMU OU BOMBEIRO // VT-13 NO LOCAL SUB. PAULO OLIVEIRA E FATIMA,1.0,1.0,0.0,0.0,0.0,0.0,0.0,0.0,0.0,0.0,0.0,Longo da via,Bom,Não existe,Perfeito estado,Seca,Perfeito estado,Não existe,Não há placas,60.0,Dupla,Faixa seccionada,Não informado,2020,2,15,5,10.0
2020-02-15,10:47:00,SEM VÍTIMA,CANCELADA,DERBY,RUA HENRIQUE DIAS,Não informado,EM FRENTE A ESCOLA DA POLICIA MILITAR,DERBY,Não informado,COLISÃO,COLISÃO SEM VITIMAS,1.0,1.0,0.0,0.0,0.0,0.0,0.0,0.0,0.0,0.0,0.0,Não informado,Não informado,Não informado,Não informado,Não informado,Não informado,Não informado,Não informado,60.0,Não informado,Não informado,Não informado,2020,2,15,5,10.0
2020-02-15,11:18:00,COM VÍTIMA,FINALIZADA,SÃO JOSÉ,AV SUL,Não informado,EM FRENTE AO ESTACIONAMENTO GERALDO ARAUJO,SÃO JOSÉ,SUBURBIO,COLISÃO COM CICLISTA,ONIBUS E CICLISTA C/V,1.0,1.0,0.0,1.0,0.0,1.0,0.0,0.0,0.0,1.0,0.0,Longo da via,Bom,Não existe,Não existente,Seca,Perfeito estado,Não existe,Não há placas,60.0,Dupla,Canteiro central,Não informado,2020,2,15,5,11.0
2020-02-15,11:24:00,SEM VÍTIMA,FINALIZADA,COQUEIRAL,RUA GUANABARA,Não informado,EM FRENTE ACADEMIA  TECNOFORMA,COQUEIRAL,Não informado,COLISÃO,COLISÃO SEM VITIMAS,1.0,1.0,0.0,0.0,0.0,1.0,0.0,0.0,0.0,0.0,0.0,Longo da via,Bom,Não existe,Não informado,Seca,Perfeito estado,Não existe,Não há placas,60.0,Dupla,Não informado,Não informado,2020,2,15,5,11.0
2020-02-15,11:30:00,COM VÍTIMA,FINALIZADA,MADALENA,RUA BENFICA,AV VISCONDE DE ALBUQUERQUE,EM FRENTE AO BOMPREÇO,MADALENA,Não informado,ABALROAMENTO TRANSVERSAL,COM UMA VITIMA -SAMU NO LOCAL -CTTU VT 07 NO LOCAL,1.0,1.0,0.0,0.0,0.0,1.0,0.0,0.0,0.0,1.0,0.0,Cruzamento,Bom,Sem defeito,Perfeito estado,Seca,Perfeito estado,Faixa de pedestre,Outras,40.0,Única,Faixa contínua,Não informado,2020,2,15,5,11.0
2020-02-15,11:35:00,SEM VÍTIMA,FINALIZADA,GRAÇAS,AV GOVERNADOR AGAMENON MAGALHAES,Não informado,EM FRENTE AO PREDIO DA EMBRATEL,GRAÇAS,BOA VIAGEM,COLISÃO,SEM VITIMAS,2.0,1.0,0.0,0.0,0.0,0.0,0.0,0.0,1.0,0.0,0.0,Longo da via,Bom,Sem defeito,Perfeito estado,Seca,Perfeito estado,Faixa de pedestre,Não há placas,60.0,Única,Canteiro central,Não informado,2020,2,15,5,11.0
2020-02-15,12:14:00,SEM VÍTIMA,CANCELADA,BOA VISTA,RUA DO RIACHUELO,Não informado,EM FRENTE A O COLEGIO 2001,BOA VISTA,Não informado,COLISÃO,SEM VITIMAS,1.0,1.0,0.0,0.0,0.0,0.0,1.0,0.0,0.0,0.0,0.0,Não informado,Não informado,Não informado,Não informado,Não informado,Não informado,Não informado,Não informado,60.0,Não informado,Não informado,Não informado,2020,2,15,5,12.0
2020-02-15,13:38:00,SEM VÍTIMA,FINALIZADA,BOA VIAGEM,AV CONSELHEIRO AGUIAR,Não informado,EM FRENTE A FARMACIA DROGASIL,BOA VIAGEM,Não informado,COLISÃO,SEM VITIMAS,2.0,1.0,0.0,0.0,0.0,0.0,0.0,0.0,0.0,0.0,0.0,Longo da via,Bom,Sem defeito,Perfeito estado,Seca,Perfeito estado,Faixa de pedestre,Outras,40.0,Única,Faixa contínua,Não informado,2020,2,15,5,13.0
2020-02-15,13:57:00,SEM VÍTIMA,FINALIZADA,PINA,RUA SAO LUIZ,AV ENGENHEIRO DOMINGOS FERREIRA,NA ENTRADA DO BODE-EM FRENTE A FARMACIA do trabalhador,PINA,Não informado,ENGAVETAMENTO,SEM VITIMAS,3.0,1.0,0.0,0.0,0.0,0.0,0.0,0.0,0.0,0.0,0.0,Longo da via,Bom,Não existe,Perfeito estado,Seca,Perfeito estado,Não informado,Placas Pare,60.0,Única,Não existe,Não informado,2020,2,15,5,13.0
2020-02-15,14:51:00,SEM VÍTIMA,FINALIZADA,TEJIPIÓ,AV DR JOSE RUFINO,Não informado,EM FRENTE A ESCOLA HUMBERTO CASTELO BRANCO,TEJIPIÓ,Não informado,COLISÃO,COLISÃO SEM VÍTIMA,3.0,1.0,0.0,0.0,0.0,0.0,0.0,0.0,0.0,0.0,0.0,Longo da via,Bom,Sem defeito,Perfeito estado,Seca,Perfeito estado,Faixa de pedestre,Não informado,60.0,Dupla,Faixa contínua,Não informado,2020,2,15,5,14.0
2020-02-15,15:13:00,SEM VÍTIMA,FINALIZADA,CASA AMARELA,AV NORTE,Não informado,LADO OPOSTO A CLINI CÃO,CASA AMARELA,CIDADE,COLISÃO,COLISÃO SEM VÍTIMA,2.0,1.0,0.0,0.0,0.0,0.0,0.0,0.0,0.0,0.0,0.0,Longo da via,Bom,Sem defeito,Perfeito estado,Seca,Mal conservada,Não existe,Não há placas,60.0,Dupla,Canteiro central,Não informado,2020,2,15,5,15.0
2020-02-15,14:59:00,SEM VÍTIMA,FINALIZADA,IPSEP,RUA POTENGY,RUA JEAN EMILE FAVRE,AO LADO DA GALERIA MARIA DE LOURDES,IPSEP,Não informado,ENGAVETAMENTO,SEM VITIMAS-OBS:MOTORISTA DO GOL RELATA QUE SOFREU UMA PANCADA NA CABEÇA-MAS QUE NÃO NECESSITA DE SOCORRO.,3.0,1.0,0.0,0.0,0.0,0.0,0.0,0.0,0.0,0.0,0.0,Longo da via,Bom,Sem defeito,Ilegível,Seca,Perfeito estado,Faixa de pedestre,Outras,60.0,Única,Não existe,Não informado,2020,2,15,5,14.0
2020-02-15,15:58:00,SEM VÍTIMA,FINALIZADA,MANGABEIRA,RUA DA MANGABEIRA,Não informado,RUA DO ARMAZEM MANGABEIRA,MANGABEIRA,Não informado,COLISÃO,SEM VITIMAS,2.0,1.0,0.0,0.0,0.0,0.0,0.0,0.0,0.0,0.0,0.0,Longo da via,Bom,Não existe,Perfeito estado,Seca,Perfeito estado,Não existe,R-6a,60.0,Dupla,Faixa seccionada,Não informado,2020,2,15,5,15.0
2020-02-15,16:05:00,SEM VÍTIMA,FINALIZADA,IMBIRIBEIRA,AV MARECHAL MASCARENHAS DE MORAES,Não informado,EM FRENTE A FARMACIA PAGUE MENOS,IMBIRIBEIRA,AEROPORTO,COLISÃO,SEM VITIMAS,2.0,1.0,0.0,0.0,0.0,0.0,0.0,0.0,0.0,0.0,0.0,Longo da via,Bom,Sem defeito,Perfeito estado,Seca,Perfeito estado,Faixa de pedestre,Não há placas,40.0,Única,Faixa contínua,Não informado,2020,2,15,5,16.0
2020-02-15,18:53:00,SEM VÍTIMA,FINALIZADA,ENGENHO DO MEIO,RUA ALVARO TEIXEIRA DE MESQUITA,RUA PADRE RODRIGUES CAMPELO,ENF. A CRCHE MUNICIPAL WALDIR SAVLUSCHINSKE,ENGENHO DO MEIO,SUBURBIO,CHOQUE,VEICULO CHOCOU-SE COM RESIDENCIA OBS:: SUSPEITA DE EMBRIAGUEZ,1.0,1.0,0.0,0.0,0.0,0.0,0.0,0.0,0.0,0.0,0.0,Longo da via,Bom,Não existe,Incompleta,Seca,Perfeito estado,Não existe,Não há placas,60.0,Dupla,Não existe,Não informado,2020,2,15,5,18.0
2020-02-15,20:51:00,SEM VÍTIMA,FINALIZADA,BAIRRO DO RECIFE,RUA MADRE DEUS,Não informado,PRÓX AO MARCOZERO E E/F AO PAÇO ALFANDEGA,BAIRRO DO RECIFE,CIDADE,COLISÃO,ENTRE ÔNIBUS E AUTO PASSEIO. S/V,1.0,1.0,0.0,0.0,0.0,1.0,0.0,0.0,0.0,0.0,0.0,Longo da via,Bom,Não existe,Perfeito estado,Seca,Perfeito estado,Não existe,R-6a,60.0,Única,Não existe,Não informado,2020,2,15,5,20.0
2020-02-15,21:25:00,SEM VÍTIMA,FINALIZADA,DERBY,RUA JENER DE SOUZA,Não informado,E/F A PRAÇA DO DERBY E AO QUARTEL,DERBY,Não informado,COLISÃO,ERNTRE 2 AUTOS. S/V,2.0,1.0,0.0,0.0,0.0,0.0,0.0,0.0,0.0,0.0,0.0,Longo da via,Bom,Não existe,Perfeito estado,Seca,Perfeito estado,Não existe,Outras,60.0,Única,Faixa seccionada,Não informado,2020,2,15,5,21.0
2020-02-15,22:07:00,SEM VÍTIMA,FINALIZADA,DERBY,RUA BENFICA,Não informado,SENTIDO DERBY ENF AO CLUBE INTERNACIONAL,DERBY,CIDADE,COLISÃO,ONIBUS BORBOREMA X LOGAN,1.0,1.0,0.0,0.0,0.0,1.0,0.0,0.0,0.0,0.0,0.0,Longo da via,Bom,Não existe,Perfeito estado,Seca,Perfeito estado,Não informado,Não informado,60.0,Única,Faixa seccionada,Não informado,2020,2,15,5,22.0
2020-02-15,22:36:00,SEM VÍTIMA,FINALIZADA,BOA VIAGEM,AV BOA VIAGEM,RUA BALTAZAR PASSOS,ENF. AO EDF. IVANIR SILVESTRE,BOA VIAGEM,CIDADE,COLISÃO,ONIBUS BORBOREMA X SANDERO,1.0,1.0,0.0,0.0,0.0,1.0,0.0,0.0,0.0,0.0,0.0,Longo da via,Bom,Sem defeito,Perfeito estado,Seca,Perfeito estado,Não informado,Outras,60.0,Única,Não informado,Não informado,2020,2,15,5,22.0
2020-02-15,23:11:00,SEM VÍTIMA,FINALIZADA,IBURA,AV DOIS RIOS,RUA RIO CHUI,SEMAFORO 475 / PRÓX A RAIO PRODUÇÕES E MERCADO SERVE BEM,IBURA,Não informado,COLISÃO,ENTRE 2 AUTOS. S/V,2.0,1.0,0.0,0.0,0.0,0.0,0.0,0.0,0.0,0.0,0.0,Longo da via,Bom,Sem defeito,Perfeito estado,Seca,Perfeito estado,Não existe,Não há placas,60.0,Única,Faixa contínua,Não informado,2020,2,15,5,23.0
2020-02-16,05:54:00,SEM VÍTIMA,FINALIZADA,IBURA,AV DOIS RIOS,Não informado,EM FRENTE AO SUPERMERCADO SUPER BEM,IBURA,SUBURBIO,COLISÃO,COLISÃO ENTRE DOIS AUTOS- S/V,2.0,1.0,0.0,0.0,0.0,0.0,0.0,0.0,0.0,0.0,0.0,Cruzamento,Chuvoso,Sem defeito,Perfeito estado,Não informado,Perfeito estado,Faixa de pedestre,R-6a,60.0,Dupla,Faixa contínua,Não informado,2020,2,16,6,5.0