data,hora,natureza_acidente,situacao,bairro,endereco,detalhe_endereco_acidente,complemento,bairro_cruzamento,sentido_via,tipo,descricao,auto,moto,ciclom,ciclista,pedestre,onibus,caminhao,viatura,outros,vitimas,vitimasfatais,acidente_verificado,tempo_clima,situacao_semaforo,sinalizacao,condicao_via,conservacao_via,ponto_controle,situacao_placa,velocidade_max_via,mao_direcao,divisao_via1,natureza,ano,mes,dia,dia_semana,hora_ocorrencia
2020-02-16,08:38:00,SEM VÍTIMA,FINALIZADA,VASCO DA GAMA,RUA PROFESSOR RUI DA SILVEIRA CASTRO,Não informado,RESIDENCIA NA SAIDA DO VASCO DA GAMA NO SENTIDO AV NORTE,VASCO DA GAMA,Não informado,COLISÃO,COLISÃO SEM VITIMAS,1.0,1.0,0.0,0.0,0.0,0.0,0.0,0.0,0.0,0.0,0.0,Longo da via,Bom,Não existe,Não existente,Seca,Perfeito estado,Não existe,Não há placas,60.0,Dupla,Não existe,Não informado,2020,2,16,6,8.0
2020-02-16,09:47:00,SEM VÍTIMA,FINALIZADA,IBURA,AV MARIA IRENE,Não informado,SENTIDO AEROPORTO,IBURA,CIDADE,COLISÃO,Não informado,1.0,1.0,0.0,0.0,0.0,0.0,0.0,1.0,0.0,0.0,0.0,Longo da via,Bom,Não existe,Não existente,Seca,Perfeito estado,Não existe,Não há placas,60.0,Dupla,Faixa contínua,Não informado,2020,2,16,6,9.0
2020-02-16,09:55:00,COM VÍTIMA,FINALIZADA,BOA VIAGEM,AV CONSELHEIRO AGUIAR,Não informado,PROX AO CLINICAL CENTER,BOA VIAGEM,SUBURBIO,COLISÃO TRASEIRA,COLISÃO COM VITIMA  GM  LUCIANO QTH,1.0,1.0,0.0,0.0,0.0,1.0,0.0,0.0,0.0,1.0,0.0,Longo da via,Bom,Não existe,Perfeito estado,Seca,Perfeito estado,Não existe,R-6a,60.0,Única,Faixa contínua,Não informado,2020,2,16,6,9.0
2020-02-16,12:00:00,SEM VÍTIMA,FINALIZADA,CAXANGÁ,AV CAXANGA,Não informado,AO LADO DA UPA,CAXANGÁ,SUBURBIO,COLISÃO,COLISÃO SEM VÍTIMAS ENTRE AUTO E CAMINHÃO,1.0,1.0,0.0,0.0,0.0,0.0,1.0,0.0,0.0,0.0,0.0,Cruzamento,Bom,Sem defeito,Perfeito estado,Seca,Perfeito estado,Faixa de pedestre,Outras,60.0,Dupla,Canteiro central,Não informado,2020,2,16,6,12.0
2020-02-16,12:16:00,SEM VÍTIMA,FINALIZADA,MADALENA,EST DOS REMEDIOS,AV JOSE GONCALVES DE MEDEIROS,ORTOBOM// POLICLINA LESSA DE ANDRANDE,MADALENA,CIDADE,COLISÃO,COLISAO S/ VITIMA. ENTRE DOIS VEICULOS,2.0,1.0,0.0,0.0,0.0,0.0,0.0,0.0,0.0,0.0,0.0,Longo da via,Bom,Sem defeito,Perfeito estado,Seca,Perfeito estado,Faixa de pedestre,Não há placas,60.0,Única,Faixa contínua,Não informado,2020,2,16,6,12.0
2020-02-16,12:40:00,SEM VÍTIMA,CANCELADA,IBURA,RUA DR BENIGNO JORDAO DE VASCONCELOS,RUA PROFESSOR MARIO NEVES BAPTISTA,MERCADINHO ECONOMICO,IBURA,Não informado,COLISÃO,COLISAO S/ VITIMA ENTRE DOIS VEICULOS,2.0,1.0,0.0,0.0,0.0,0.0,0.0,0.0,0.0,0.0,0.0,Não informado,Não informado,Não informado,Não informado,Não informado,Não informado,Não informado,Não informado,60.0,Não informado,Não informado,Não informado,2020,2,16,6,12.0
2020-02-16,14:12:00,SEM VÍTIMA,FINALIZADA,BOA VIAGEM,RUA RIBEIRO DE BRITO,Não informado,PROXIMO A FACULDADE NASSAU,BOA VIAGEM,Não informado,COLISÃO,COLISÃO SEM VÍTIMA,3.0,1.0,0.0,0.0,0.0,0.0,0.0,0.0,0.0,0.0,0.0,Longo da via,Bom,Não existe,Perfeito estado,Seca,Perfeito estado,Outros,Outras,60.0,Única,Faixa seccionada,Não informado,2020,2,16,6,14.0
2020-02-16,15:51:00,SEM VÍTIMA,FINALIZADA,VÁRZEA,AV CAXANGA,Não informado,EM FRENTE AO CENTRO UNIVERSITARIO TIRADENTES/ SENTIDO CIDADE,VÁRZEA,CIDADE,COLISÃO,COLISÃO SEM VÍTIMA,1.0,1.0,0.0,0.0,0.0,0.0,0.0,0.0,0.0,0.0,0.0,Longo da via,Bom,Sem defeito,Perfeito estado,Seca,Perfeito estado,Faixa de pedestre,R-26,60.0,Dupla,Faixa seccionada,Não informado,2020,2,16,6,15.0
2020-02-16,16:31:00,COM VÍTIMA,FINALIZADA,ESPINHEIRO,RUA SANTO ELIAS,RUA DO ESPINHEIRO,EM FRENTE AO POSTO IPIRANGA,ESPINHEIRO,CIDADE,ABALROAMENTO TRANSVERSAL,COLISÃO COM VÍTIMA,1.0,2.0,0.0,0.0,0.0,0.0,0.0,0.0,0.0,1.0,0.0,Cruzamento,Bom,Não existe,Perfeito estado,Seca,Perfeito estado,Faixa de pedestre,Placas Pare,60.0,Única,Faixa seccionada,Não informado,2020,2,16,6,16.0
2020-02-16,17:24:00,SEM VÍTIMA,FINALIZADA,SAN MARTIN,RUA VINTE E UM DE ABRIL,RUA COMENDADOR FRANCO FERREIRA,EM FRENTE À DROGASIL,SAN MARTIN,C,COLISÃO,COLISÃO ENTRE 2 AUTOS- SEM VÍTIMAS.,2.0,1.0,0.0,0.0,0.0,0.0,0.0,0.0,0.0,0.0,0.0,Esquina,Bom,Não existe,Perfeito estado,Seca,Perfeito estado,Não existe,R-4a,60.0,Dupla,Não existe,Não informado,2020,2,16,6,17.0
2020-02-16,18:26:00,SEM VÍTIMA,FINALIZADA,VÁRZEA,RUA PROFESSOR CHAVES BATISTA,AV CAXANGA,E/F AO BOI BRAZA BOI BRASA E AO LADO DO POSTO DISLUB,VÁRZEA,CIDADE,COLISÃO,ONIBUS DE TURISMO X HONDA CIVIC,1.0,1.0,0.0,0.0,0.0,1.0,0.0,0.0,0.0,0.0,0.0,Longo da via,Bom,Sem defeito,Perfeito estado,Seca,Perfeito estado,Outros,Outras,60.0,Única,Faixa seccionada,Não informado,2020,2,16,6,18.0
2020-02-16,18:42:00,COM VÍTIMA,CANCELADA,BOA VIAGEM,RUA BARAO DE SOUZA LEAO,RUA CAMBOIM,PROX A IGREJA CATOLICA E POSTO DE GASOLINA BR DESATIVADO,BOA VIAGEM,Não informado,COLISÃO COM CICLISTA,CICLISTA X ONIBUS VERA CRUZ,1.0,1.0,0.0,1.0,0.0,1.0,0.0,0.0,0.0,1.0,0.0,Não informado,Não informado,Não informado,Não informado,Não informado,Não informado,Não informado,Não informado,60.0,Não informado,Não informado,Não informado,2020,2,16,6,18.0
2020-02-16,20:15:00,SEM VÍTIMA,FINALIZADA,BOA VIAGEM,AV BOA VIAGEM,Não informado,ENF AO CONDOMINIO EDF. BELA VISTA,BOA VIAGEM,CIDADE,COLISÃO,LOGAN X OPALA,2.0,1.0,0.0,0.0,0.0,0.0,0.0,0.0,0.0,0.0,0.0,Longo da via,Bom,Não existe,Perfeito estado,Seca,Perfeito estado,Não existe,Outras,60.0,Única,Faixa seccionada,Não informado,2020,2,16,6,20.0
2020-02-16,20:45:00,COM VÍTIMA,FINALIZADA,BAIRRO DO RECIFE,CAIS DO APOLO,Não informado,LADO OPOSTO AO TRIBUNAL DA JUSTIÇA E APÓS A PREFEITURA,BAIRRO DO RECIFE,SUBURBIO,ATROPELAMENTO,ENTRE MOTO E PEDESTRE. C/V,1.0,1.0,0.0,0.0,1.0,0.0,0.0,0.0,0.0,1.0,0.0,Longo da via,Bom,Não existe,Perfeito estado,Seca,Perfeito estado,Não existe,Não há placas,60.0,Única,Faixa seccionada,Não informado,2020,2,16,6,20.0
2020-02-16,21:09:00,COM VÍTIMA,FINALIZADA,BOA VIAGEM,AV ENGENHEIRO DOMINGOS FERREIRA,RUA RIBEIRO DE BRITO,SEMÁFORO 155 // VT 30 NO LOCAL,BOA VIAGEM,SUBURBIO,ABALROAMENTO TRANSVERSAL,ENTRE AMBULÂNCIA E AUTO PASSEIO. C/V,1.0,1.0,0.0,0.0,0.0,0.0,1.0,0.0,0.0,2.0,0.0,Cruzamento,Bom,Sem defeito,Perfeito estado,Seca,Perfeito estado,Faixa de pedestre,Não há placas,60.0,Única,Faixa seccionada,Não informado,2020,2,16,6,21.0
2020-02-16,21:32:00,COM VÍTIMA,CANCELADA,CAMPINA DO BARRETO,RUA DAS MOCAS,RUA EXP JAMIL DAGLI,BEIRA CANAL NA ENTRADA DE CHAO DE ESTRELA // PROX AO RESTAURANTE E PIZZARIA APLANTICA,CAMPINA DO BARRETO,Não informado,COLISÃO,FIESTA X MOTO,1.0,1.0,0.0,0.0,0.0,0.0,0.0,0.0,0.0,1.0,0.0,Não informado,Não informado,Não informado,Não informado,Não informado,Não informado,Não informado,Não informado,60.0,Não informado,Não informado,Não informado,2020,2,16,6,21.0
2020-02-16,22:21:00,SEM VÍTIMA,FINALIZADA,CAMPO GRANDE,RUA PROFESSOR FRANCISCO DA TRINDADE,RUA SAO CAETANO,POR TRÁS DO CLUBES DAS PÁS,CAMPO GRANDE,SUBURBIO,COLISÃO,ENTRE 2 AUTOS. S/V,2.0,1.0,0.0,0.0,0.0,0.0,0.0,0.0,0.0,0.0,0.0,Longo da via,Bom,Não existe,Perfeito estado,Seca,Perfeito estado,Faixa de retenção,Placas Pare,60.0,Única,Faixa contínua,Não informado,2020,2,16,6,22.0
2020-02-16,22:33:00,SEM VÍTIMA,FINALIZADA,CORDEIRO,AV CAXANGA,Não informado,E/F A ESTAÇÃO GETULIO VAG- SNT CAMARAGIBE,CORDEIRO,Não informado,COLISÃO,ENTRE BRT E AUTO PASSEIO. S/V,1.0,1.0,0.0,0.0,0.0,1.0,0.0,0.0,0.0,0.0,0.0,Longo da via,Bom,Não existe,Perfeito estado,Seca,Perfeito estado,Outros,Outras,60.0,Dupla,Faixa contínua,Não informado,2020,2,16,6,22.0
2020-02-17,06:28:00,SEM VÍTIMA,FINALIZADA,AREIAS,RUA DR VILAS BOAS,Não informado,NA RUA DO CARTÓRIO ELEITORAL,AREIAS,SUBURBIO,CHOQUE,CHOQUE COM ÁRVORE,1.0,1.0,0.0,0.0,0.0,0.0,0.0,0.0,0.0,0.0,0.0,Longo da via,Chuvoso,Não existe,Incompleta,Molhada,Mal conservada,Não existe,Não há placas,60.0,Dupla,Não existe,Não informado,2020,2,17,0,6.0
2020-02-17,07:00:00,SEM VÍTIMA,FINALIZADA,DERBY,AV GOVERNADOR AGAMENON MAGALHAES,RUA LUIZ BARBALHO,E/F A PRAÇA DO DERBY (SENT. BOA VIAGEM) / VIA PRINCIPAL,DERBY,SUBURBIO,COLISÃO,COLISÃO S/VITIMAS ENTRE UM AUTO E UMA MOTO (GM JOAO VITOR E MAURICIO SANTOS NO QTH),1.0,1.0,0.0,0.0,0.0,0.0,0.0,0.0,0.0,0.0,0.0,Longo da via,Bom,Sem defeito,Perfeito estado,Seca,Perfeito estado,Agente,Não há placas,60.0,Dupla,Faixa seccionada,Não informado,2020,2,17,0,7.0
2020-02-17,07:01:00,SEM VÍTIMA,FINALIZADA,MADALENA,AV CAXANGA,Não informado,AO LADO DA CELPE EM FRENTE A ESTAÇÃO ABOLIÇÃO BRT,MADALENA,CIDADE,COLISÃO,DOIS AUTOS,2.0,1.0,0.0,0.0,0.0,0.0,0.0,0.0,0.0,0.0,0.0,Longo da via,Bom,Sem defeito,Perfeito estado,Seca,Perfeito estado,Faixa de pedestre,R-6a,60.0,Dupla,Canteiro central,Não informado,2020,2,17,0,7.0
2020-02-17,07:14:00,COM VÍTIMA,FINALIZADA,BOA VIAGEM,RUA PADRE CARAPUCEIRO,Não informado,EM FRENTE AO EMPRESARIAL JANETE COSTA,BOA VIAGEM,CIDADE,COLISÃO TRASEIRA,MOTO E AUTO PASSEIO,1.0,1.0,0.0,0.0,0.0,0.0,0.0,0.0,0.0,1.0,0.0,Longo da via,Bom,Não existe,Perfeito estado,Seca,Perfeito estado,Não existe,Outras,60.0,Única,Faixa seccionada,Não informado,2020,2,17,0,7.0
2020-02-17,07:26:00,SEM VÍTIMA,FINALIZADA,DERBY,RUA JOAQUIM NABUCO,AV GOVERNADOR AGAMENON MAGALHAES,E/F AO ESTACIONAMENTO DO HOSPITAL DA RESTAURAÇÃO,DERBY,Não informado,COLISÃO,COLISÃO S/VITIMAS ENTRE DOIS AUTOS (GM EVERTON SILVA E EVANDRO RAMOS NO QTH),2.0,1.0,0.0,0.0,0.0,0.0,0.0,0.0,0.0,0.0,0.0,Longo da via,Bom,Sem defeito,Perfeito estado,Seca,Perfeito estado,Agente,Outras,60.0,Única,Faixa seccionada,Não informado,2020,2,17,0,7.0
2020-02-17,07:41:00,SEM VÍTIMA,FINALIZADA,SANTO AMARO,AV GOVERNADOR AGAMENON MAGALHAES,Não informado,LADO OPOSTO AO POSTO BR,SANTO AMARO,Não informado,COLISÃO,COLISÃO S/VITIMAS ENTRE UM AUTO E UM ONIBUS (GM IVAN E DANILO NO QTH),1.0,1.0,0.0,0.0,0.0,1.0,0.0,0.0,0.0,0.0,0.0,Outros,Bom,Sem defeito,Perfeito estado,Seca,Perfeito estado,Faixa de pedestre,Não há placas,60.0,Dupla,Canteiro central,Não informado,2020,2,17,0,7.0
2020-02-17,08:29:00,SEM VÍTIMA,FINALIZADA,ENGENHO DO MEIO,RUA ANTONIO CURADO,Não informado,EM FRENTE AO CLUBE DA SUDENE,ENGENHO DO MEIO,Não informado,COLISÃO,DOIS AUTOS,2.0,1.0,0.0,0.0,0.0,0.0,0.0,0.0,0.0,0.0,0.0,Longo da via,Bom,Não existe,Não informado,Seca,Perfeito estado,Não informado,Não informado,40.0,Dupla,Faixa seccionada,Não informado,2020,2,17,0,8.0
2020-02-17,08:45:00,COM VÍTIMA,FINALIZADA,IMBIRIBEIRA,RUA JULIO VERNE,RUA ARQUITETO LUIZ NUNES,AO LADO DA PAPELARIA BORGES,IMBIRIBEIRA,SUBURBIO,ABALROAMENTO LONGITUDINAL,COLISÃO C/VITIMAS ENTRE UMA MOTO E UM AUTO,1.0,1.0,0.0,0.0,0.0,0.0,0.0,0.0,0.0,1.0,0.0,Longo da via,Bom,Não existe,Perfeito estado,Seca,Perfeito estado,Não existe,Não há placas,60.0,Única,Faixa seccionada,Não informado,2020,2,17,0,8.0
2020-02-17,08:52:00,COM VÍTIMA,FINALIZADA,IMBIRIBEIRA,AV MARECHAL MASCARENHAS DE MORAES,Não informado,LADO OPOSTO DA CAIXA ECONOMICA- SENT. JABOATÃO - CONTINENTAL DRIVE AUTO CENTER,IMBIRIBEIRA,SUBURBIO,COLISÃO TRASEIRA,AUTO E MOTO,1.0,1.0,0.0,0.0,0.0,0.0,0.0,0.0,0.0,1.0,0.0,Longo da via,Bom,Sem defeito,Perfeito estado,Seca,Perfeito estado,Não existe,Não há placas,60.0,Dupla,Canteiro central,Não informado,2020,2,17,0,8.0
2020-02-17,08:52:00,SEM VÍTIMA,FINALIZADA,MADALENA,AV ENGENHEIRO ABDIAS DE CARVALHO,Não informado,E/F AO CAMARÃO DO LÉO,MADALENA,CIDADE,COLISÃO,COLISÃO S/VITIMAS ENTRE UM AUTO E UMA MOTO,1.0,1.0,0.0,0.0,0.0,0.0,0.0,0.0,0.0,0.0,0.0,Longo da via,Bom,Não existe,Perfeito estado,Seca,Perfeito estado,Não existe,R-6a,60.0,Dupla,Canteiro central,Não informado,2020,2,17,0,8.0
2020-02-17,09:27:00,SEM VÍTIMA,FINALIZADA,GRAÇAS,AV RUI BARBOSA,Não informado,EM FRENTE AO BANCO ITAU,GRAÇAS,CIDADE,COLISÃO,DOIS AUTOS,2.0,1.0,0.0,0.0,0.0,0.0,0.0,0.0,0.0,0.0,0.0,Longo da via,Bom,Sem defeito,Perfeito estado,Seca,Perfeito estado,Faixa de pedestre,Outras,60.0,Única,Faixa contínua,Não informado,2020,2,17,0,9.0
2020-02-17,09:47:00,COM VÍTIMA,FINALIZADA,ILHA DO LEITE,RUA SENADOR JOSE HENRIQUE,RUA ESTADO DE ISRAEL,ESQUINA DA ESCOLA POETA MANOEL BANDEIRA,ILHA DO LEITE,SUBURBIO,ABALROAMENTO LONGITUDINAL,AUTO E MOTO,1.0,1.0,0.0,0.0,0.0,0.0,0.0,0.0,0.0,1.0,0.0,Longo da via,Bom,Não existe,Perfeito estado,Seca,Perfeito estado,Faixa de pedestre,Placas Pare,60.0,Única,Faixa seccionada,Não informado,2020,2,17,0,9.0
2020-02-17,09:54:00,SEM VÍTIMA,FINALIZADA,CORDEIRO,RUA PACIFICO DA LUZ,Não informado,EM FRENT AO PORTAL DA CARNE DE SOL,CORDEIRO,SUBURBIO,COLISÃO,CAMINHAO DO LIXO E AUTO PASSEIO,1.0,1.0,0.0,0.0,0.0,0.0,1.0,0.0,0.0,0.0,0.0,Longo da via,Bom,Não existe,Não existente,Seca,Mal conservada,Não existe,Não há placas,60.0,Dupla,Não existe,Não informado,2020,2,17,0,9.0
2020-02-17,10:05:00,SEM VÍTIMA,FINALIZADA,BOA VISTA,AV JOAO DE BARROS,RUA MONTE CASTELO,E/F A PG AUTO POSTO (AUTOS ESTACIONADOS DENTRO DO POSTO),BOA VISTA,CIDADE,COLISÃO,COLISÃO S/VITIMAS ENTRE DOIS AUTOS,2.0,1.0,0.0,0.0,0.0,0.0,0.0,0.0,0.0,0.0,0.0,Longo da via,Bom,Sem defeito,Perfeito estado,Seca,Perfeito estado,Não informado,Não há placas,60.0,Única,Não informado,Não informado,2020,2,17,0,10.0
2020-02-17,10:06:00,COM VÍTIMA,FINALIZADA,IMBIRIBEIRA,AV MARECHAL MASCARENHAS DE MORAES,Não informado,EM FRENT A CASA DAS EMBREAGENS,IMBIRIBEIRA,SUBURBIO,COLISÃO TRASEIRA,TRES MOTOS E UM AUTO PASSEIO / MTS 03 / 31 NO QTH,1.0,3.0,0.0,0.0,0.0,0.0,0.0,0.0,0.0,1.0,0.0,Longo da via,Chuvoso,Não existe,Não existente,Molhada,Perfeito estado,Não existe,Não informado,60.0,Dupla,Faixa seccionada,Não informado,2020,2,17,0,10.0
2020-02-17,10:23:00,SEM VÍTIMA,CANCELADA,CAXANGÁ,AV CAXANGA,Não informado,EM FRENTE A LOJA PLAZA VEICULOS,CAXANGÁ,CIDADE,COLISÃO,DOIS AUTOS,2.0,1.0,0.0,0.0,0.0,0.0,0.0,0.0,0.0,0.0,0.0,Não informado,Não informado,Não informado,Não informado,Não informado,Não informado,Não informado,Não informado,60.0,Não informado,Não informado,Não informado,2020,2,17,0,10.0
2020-02-17,10:25:00,SEM VÍTIMA,FINALIZADA,IBURA,RUA VALE DO CARIRI,Não informado,PROX. AO TREVO E ARAMAZEM JUPITER,IBURA,Não informado,COLISÃO,CAMINHÃO E AUTO,1.0,1.0,0.0,0.0,0.0,0.0,1.0,0.0,0.0,0.0,0.0,Longo da via,Bom,Não existe,Incompleta,Seca,Perfeito estado,Não existe,Não há placas,30.0,Dupla,Não existe,Não informado,2020,2,17,0,10.0
2020-02-17,10:50:00,SEM VÍTIMA,FINALIZADA,JARDIM SÃO PAULO,RUA GUEDES ALCOFORADO,Não informado,EM FRENTE AO ATELIER DIVINA MODA,JARDIM SÃO PAULO,Não informado,COLISÃO,ONIBUS E AUTO PASSEIO,1.0,1.0,0.0,0.0,0.0,1.0,0.0,0.0,0.0,0.0,0.0,Esquina,Bom,Não informado,Não existente,Seca,Perfeito estado,Não existe,Não há placas,60.0,Dupla,Não existe,Não informado,2020,2,17,0,10.0
2020-02-17,10:58:00,COM VÍTIMA,FINALIZADA,CAMPO GRANDE,RUA JERONIMO VILELA,RUA MARQUES DE ABRANTES,EM FRENTE A LOJA GRÃO NATURAL,CAMPO GRANDE,Não informado,COLISÃO FRONTAL,AUTO E MOTO,1.0,1.0,0.0,0.0,0.0,0.0,0.0,0.0,0.0,1.0,0.0,Cruzamento,Bom,Não existe,Perfeito estado,Seca,Perfeito estado,Não existe,Outras,60.0,Dupla,Faixa seccionada,Não informado,2020,2,17,0,10.0
2020-02-17,10:59:00,SEM VÍTIMA,FINALIZADA,BOA VIAGEM,AV BOA VIAGEM,RUA JOAO CARDOSO AIRES,E/F AO EDF. ANTONIO DIAS CARDOSO,BOA VIAGEM,CIDADE,COLISÃO,COLISÃO S/VTIMAS ENTRE DOIS AUTOS,2.0,1.0,0.0,0.0,0.0,0.0,0.0,0.0,0.0,0.0,0.0,Cruzamento,Bom,Sem defeito,Perfeito estado,Seca,Perfeito estado,Outros,Não há placas,60.0,Única,Faixa contínua,Não informado,2020,2,17,0,10.0
2020-02-17,11:20:00,SEM VÍTIMA,FINALIZADA,IPSEP,RUA JEAN EMILE FAVRE,Não informado,E/F A DELTA VEICULOS,IPSEP,SUBURBIO,COLISÃO,COLISÃO S/VTIMAS ENTRE DOIS AUTOS,2.0,1.0,0.0,0.0,0.0,0.0,0.0,0.0,0.0,0.0,0.0,Longo da via,Bom,Sem defeito,Perfeito estado,Seca,Perfeito estado,Faixa de pedestre,Outras,60.0,Dupla,Faixa contínua,Não informado,2020,2,17,0,11.0
2020-02-17,13:11:00,SEM VÍTIMA,FINALIZADA,SÃO JOSÉ,AV SUL,PRC SERGIO LORETO,EM FRENTE AO POSTE BO15328,SÃO JOSÉ,Não informado,COLISÃO,COLISÃO SEM VITIMA,1.0,1.0,0.0,0.0,0.0,1.0,0.0,0.0,0.0,0.0,0.0,Longo da via,Bom,Não existe,Não existente,Seca,Perfeito estado,Não existe,Não há placas,60.0,Única,Faixa seccionada,Não informado,2020,2,17,0,13.0
2020-02-17,13:25:00,SEM VÍTIMA,CANCELADA,DERBY,AV GOVERNADOR AGAMENON MAGALHAES,Não informado,E/F AO CENTRO DE REPRODUÇAO HUMANA PISTA LOCAL CONDUTO SE DESLOCOU PARA RUA CARLOS DE LIMA CAVALCANTI,DERBY,Não informado,COLISÃO,COLISAO ENTRE ONIBUS E AUTOS S/V,1.0,1.0,0.0,0.0,0.0,1.0,0.0,0.0,0.0,0.0,0.0,Não informado,Não informado,Não informado,Não informado,Não informado,Não informado,Não informado,Não informado,60.0,Não informado,Não informado,Não informado,2020,2,17,0,13.0
2020-02-17,14:57:00,SEM VÍTIMA,CANCELADA,CASA AMARELA,AV NORTE,Não informado,E/F AO DESKONTAO S/T CID,CASA AMARELA,Não informado,COLISÃO,COLISAO ENTRE DOIS AUTOS S/V,2.0,1.0,0.0,0.0,0.0,0.0,0.0,0.0,0.0,0.0,0.0,Não informado,Não informado,Não informado,Não informado,Não informado,Não informado,Não informado,Não informado,60.0,Não informado,Não informado,Não informado,2020,2,17,0,14.0
2020-02-17,15:11:00,SEM VÍTIMA,FINALIZADA,MADALENA,AV ENGENHEIRO ABDIAS DE CARVALHO,EST DOS REMEDIOS,FARMACIA INDEPENDENTE // DROGASIL,MADALENA,CIDADE,ENGAVETAMENTO,ENGAVETAMENTO ENTRE TRES VEICULOS. VT 16 GM: GEANE E BRUNO CORREIA NO LOCAL,3.0,1.0,0.0,0.0,0.0,0.0,0.0,0.0,0.0,0.0,0.0,Cruzamento,Bom,Sem defeito,Incompleta,Seca,Perfeito estado,Agente,R-6a,60.0,Dupla,Faixa seccionada,Não informado,2020,2,17,0,15.0
2020-02-17,15:15:00,SEM VÍTIMA,FINALIZADA,AFOGADOS,RUA DA PAZ,RUA NICOLAU PEREIRA,E/F A FABRICA DA ASA NO SEMAFORO 073,AFOGADOS,Não informado,COLISÃO,COLISAO NETRE DOIS AUTOS S/V,2.0,1.0,0.0,0.0,0.0,0.0,0.0,0.0,0.0,0.0,0.0,Longo da via,Bom,Não existe,Ilegível,Seca,Mal conservada,Não existe,R-6a,60.0,Única,Não existe,Não informado,2020,2,17,0,15.0
2020-02-17,15:49:00,COM VÍTIMA,FINALIZADA,SÃO JOSÉ,VDO DAS CINCO PONTAS,Não informado,16º BATALHAO,SÃO JOSÉ,SUBURBIO,ABALROAMENTO LONGITUDINAL,COLISAO COM VITIMA ENTRE CARRO E MOTO. CARRO FOI EMBORA DO LOCAL,1.0,1.0,0.0,0.0,0.0,0.0,0.0,0.0,0.0,1.0,0.0,Viaduto,Bom,Não existe,Perfeito estado,Seca,Perfeito estado,Não existe,Outras,40.0,Única,Faixa seccionada,Não informado,2020,2,17,0,15.0
2020-02-17,16:14:00,SEM VÍTIMA,FINALIZADA,JOANA BEZERRA,AV DES GUERRA BARRETO,Não informado,E/F AO FORUM JOANA BEZERRA,JOANA BEZERRA,CIDADE,COLISÃO,COLISAO ENTRE DOIS AUTOS S/V,2.0,1.0,0.0,0.0,0.0,0.0,0.0,0.0,0.0,0.0,0.0,Longo da via,Bom,Não existe,Perfeito estado,Seca,Perfeito estado,Faixa de pedestre,R-6a,60.0,Dupla,Faixa contínua,Não informado,2020,2,17,0,16.0
2020-02-17,16:45:00,SEM VÍTIMA,FINALIZADA,SÃO JOSÉ,AV ENGENHEIRO JOSE ESTELITA,Não informado,PROX AO CABANGA E/F AO CAIS,SÃO JOSÉ,SUBURBIO,COLISÃO,COLISAO ENTRE DOIS AUTOS S/V,1.0,1.0,0.0,0.0,0.0,0.0,0.0,0.0,0.0,0.0,0.0,Longo da via,Bom,Não existe,Perfeito estado,Seca,Perfeito estado,Não existe,Não há placas,60.0,Dupla,Canteiro central,Não informado,2020,2,17,0,16.0
2020-02-17,17:23:00,COM VÍTIMA,FINALIZADA,ENCRUZILHADA,AV BEBERIBE,Não informado,E/F A FERREIRA PINTO E ESTRELINHA KIDS.,ENCRUZILHADA,CIDADE,COLISÃO,COLISAO COM VITIMA,1.0,1.0,0.0,0.0,0.0,1.0,0.0,0.0,0.0,1.0,0.0,Longo da via,Bom,Sem defeito,Perfeito estado,Seca,Perfeito estado,Não informado,R-6a,60.0,Dupla,Faixa contínua,Não informado,2020,2,17,0,17.0
2020-02-17,18:01:00,SEM VÍTIMA,FINALIZADA,AREIAS,RUA CAPITAO BRAZ DE BARROS,Não informado,POR TRÁS DO TERMINAL VILA CARDIAL SILVA,AREIAS,Não informado,COLISÃO,ENTRE 2 AUTOS. S/V,2.0,1.0,0.0,0.0,0.0,0.0,0.0,0.0,0.0,0.0,0.0,Cruzamento,Bom,Não existe,Não existente,Seca,Perfeito estado,Não existe,Não há placas,60.0,Dupla,Não existe,Não informado,2020,2,17,0,18.0
2020-02-17,18:06:00,COM VÍTIMA,CANCELADA,DOIS UNIDOS,AV HILDEBRANDO DE VASCONCELOS,Não informado,E/F AO SUPERMERCADO GALEGO E TERMINAL DE DOIS UNIDOS,DOIS UNIDOS,Não informado,COLISÃO COM CICLISTA,ENTRE AUTO E CICLISTA. C/V,1.0,1.0,0.0,1.0,0.0,0.0,0.0,0.0,0.0,1.0,0.0,Não informado,Não informado,Não informado,Não informado,Não informado,Não informado,Não informado,Não informado,60.0,Não informado,Não informado,Não informado,2020,2,17,0,18.0
2020-02-17,18:21:00,SEM VÍTIMA,FINALIZADA,BOA VIAGEM,AV CONSELHEIRO AGUIAR,Não informado,E/F AO MINUTO PÃO DE AÇUCAR,BOA VIAGEM,CIDADE,ENGAVETAMENTO,ENTRE 3 AUTOS. S/V,3.0,1.0,0.0,0.0,0.0,0.0,0.0,0.0,0.0,0.0,0.0,Longo da via,Bom,Não existe,Perfeito estado,Seca,Perfeito estado,Não existe,Outras,60.0,Única,Faixa seccionada,Não informado,2020,2,17,0,18.0
2020-02-17,19:29:00,SEM VÍTIMA,FINALIZADA,PAISSANDU,RUA PAISSANDU,RUA EPAMINONDAS DE MELO,PROX A PARADA DE ONIBUS,PAISSANDU,SUBURBIO,COLISÃO,FIAT UNO X,2.0,1.0,0.0,0.0,0.0,0.0,0.0,0.0,0.0,0.0,0.0,Cruzamento,Bom,Sem defeito,Perfeito estado,Seca,Mal iluminada,Faixa de pedestre,Não há placas,60.0,Única,Faixa seccionada,Não informado,2020,2,17,0,19.0