data,hora,natureza_acidente,situacao,bairro,endereco,detalhe_endereco_acidente,complemento,bairro_cruzamento,sentido_via,tipo,descricao,auto,moto,ciclom,ciclista,pedestre,onibus,caminhao,viatura,outros,vitimas,vitimasfatais,acidente_verificado,tempo_clima,situacao_semaforo,sinalizacao,condicao_via,conservacao_via,ponto_controle,situacao_placa,velocidade_max_via,mao_direcao,divisao_via1,natureza,ano,mes,dia,dia_semana,hora_ocorrencia
2020-02-17,19:49:00,COM VÍTIMA,FINALIZADA,VÁRZEA,AV CAXANGA,Não informado,SOBRE A PONTE MAL. HUMBERTO CASTELO BRANCO SENTIDO CAMARAGIBE,VÁRZEA,SUBURBIO,ABALROAMENTO LONGITUDINAL,AUTO E MOTO.,1.0,1.0,0.0,0.0,0.0,0.0,0.0,0.0,0.0,1.0,0.0,Longo da via,Bom,Não existe,Perfeito estado,Seca,Perfeito estado,Não existe,Não há placas,60.0,Dupla,Faixa seccionada,Não informado,2020,2,17,0,19.0
2020-02-17,20:03:00,COM VÍTIMA,FINALIZADA,DOIS IRMÃOS,RUA DOIS IRMAOS,Não informado,PROX A ROSE BELTRAO RECEPÇOES,DOIS IRMÃOS,CIDADE,CHOQUE OBJETO FIXO,VEICULO CHOCOU-SE COM ARVORE,1.0,1.0,0.0,0.0,0.0,0.0,0.0,0.0,0.0,1.0,0.0,Longo da via,Bom,Não existe,Ilegível,Seca,Mal iluminada,Não existe,Não há placas,60.0,Dupla,Faixa contínua,Não informado,2020,2,17,0,20.0
2020-02-17,21:09:00,SEM VÍTIMA,FINALIZADA,DERBY,AV GOVERNADOR AGAMENON MAGALHAES,RUA JORNALISTA PAULO BITTENCOURT,E/F AO HOSPITAl DA RESTAURAÇÃO,DERBY,Não informado,COLISÃO,ENTRE ÕNIBUS E AUTO PASSEIO. S/V,1.0,1.0,0.0,0.0,0.0,1.0,0.0,0.0,0.0,0.0,0.0,Esquina,Bom,Não existe,Perfeito estado,Seca,Perfeito estado,Não existe,Não há placas,60.0,Dupla,Canal,Não informado,2020,2,17,0,21.0
2020-02-17,21:43:00,SEM VÍTIMA,FINALIZADA,BOA VIAGEM,AV BEIRA MAR,Não informado,IGRAJA BEIRA MAR (FAMILIA 61),BOA VIAGEM,SUBURBIO,COLISÃO,TUCSON X ONIBUS BORBOREMA,1.0,1.0,0.0,0.0,0.0,1.0,0.0,0.0,0.0,0.0,0.0,Longo da via,Bom,Sem defeito,Perfeito estado,Seca,Perfeito estado,Faixa de pedestre,Não há placas,60.0,Única,Faixa seccionada,Não informado,2020,2,17,0,21.0
2020-02-17,22:20:00,COM VÍTIMA,FINALIZADA,IBURA,RUA RIO DA PRATA,Não informado,PRÓX AO CANAL. PRÓXIMO A LEO CAR.,IBURA,Não informado,ABALROAMENTO LONGITUDINAL,ENTRE VT DA POLÍCIA E MOTO. C/V,1.0,1.0,0.0,0.0,0.0,0.0,0.0,1.0,0.0,1.0,0.0,Longo da via,Bom,Não existe,Ilegível,Seca,Perfeito estado,Não existe,Não há placas,60.0,Dupla,Não existe,Não informado,2020,2,17,0,22.0
2020-02-18,05:35:00,COM VÍTIMA,FINALIZADA,ARRUDA,AV BEBERIBE,AV PROFESSOR JOSE DOS ANJOS,EM FRENTE AO POSTO BR,ARRUDA,CIDADE,ABALROAMENTO LONGITUDINAL,ABALROAMENTO SEGUIDO DE ATROPELAMENTO ENVOLVENDO ÔNIBUS- AUTO E PEDESTRE C/V,1.0,1.0,0.0,0.0,1.0,1.0,0.0,0.0,0.0,1.0,0.0,Longo da via,Bom,Sem defeito,Perfeito estado,Seca,Perfeito estado,Faixa de pedestre,Não há placas,60.0,Dupla,Faixa contínua,Não informado,2020,2,18,1,5.0
2020-02-18,08:17:00,SEM VÍTIMA,FINALIZADA,PINA,AV ANTONIO DE GOES,AV CONSELHEIRO AGUIAR,EM FRENTE A HONDA,PINA,CIDADE,COLISÃO,DOIS AUTOS // GM SUB NATALICIO P.O NO QTH,2.0,1.0,0.0,0.0,0.0,0.0,0.0,0.0,0.0,0.0,0.0,Longo da via,Bom,Sem defeito,Perfeito estado,Seca,Perfeito estado,Agente,R-8a,60.0,Única,Faixa contínua,Não informado,2020,2,18,1,8.0
2020-02-18,08:23:00,SEM VÍTIMA,FINALIZADA,AREIAS,AV RECIFE,AV CAPITAO GREGORIO DE CALDAS,NA ENTRADA DA VILA CARDEAL  AO LADO DO BIG BOM PREÇO,AREIAS,CIDADE,COLISÃO,COLISÃO SEM VITIMAS,1.0,1.0,0.0,0.0,0.0,1.0,0.0,0.0,0.0,0.0,0.0,Esquina,Bom,Sem defeito,Incompleta,Seca,Perfeito estado,Faixa de pedestre,Não há placas,60.0,Dupla,Faixa seccionada,Não informado,2020,2,18,1,8.0
2020-02-18,08:33:00,COM VÍTIMA,FINALIZADA,ENGENHO DO MEIO,RUA ANTONIO CURADO,RUA FRANCISCO BEZERRA MONTEIRO,EM FRENTE ACADEMIA  AG FITNESS,ENGENHO DO MEIO,Não informado,COLISÃO COM CICLISTA,VITIMA A ESPERA  DO SAMU,1.0,1.0,0.0,1.0,0.0,0.0,0.0,0.0,0.0,1.0,0.0,Esquina,Bom,Não existe,Perfeito estado,Seca,Perfeito estado,Não existe,Não há placas,60.0,Dupla,Faixa seccionada,Não informado,2020,2,18,1,8.0
2020-02-18,09:36:00,COM VÍTIMA,FINALIZADA,JOANA BEZERRA,RUA CONCEICAO DE MACABU,Não informado,ENTRADA DA TI JOANA BEZERRA,JOANA BEZERRA,CIDADE,ATROPELAMENTO,ONIBUS E PEDESTRE,1.0,1.0,0.0,0.0,1.0,1.0,0.0,0.0,0.0,1.0,0.0,Longo da via,Bom,Não existe,Perfeito estado,Seca,Perfeito estado,Não existe,Não há placas,20.0,Única,Faixa seccionada,Não informado,2020,2,18,1,9.0
2020-02-18,09:53:00,COM VÍTIMA,FINALIZADA,PINA,AV ANTONIO DE GOES,Não informado,EM FRENTE  AO ITC  INTERNACIONAL  TRADE CENTER,PINA,CIDADE,COLISÃO COM CICLISTA,COLISÃO ENTRE AUTO- MOTO E BICICLETA NÃO IDENTIFICADA POIS FOI RETIRADA DO LOCAL POR POPULARES.,1.0,1.0,0.0,1.0,0.0,0.0,0.0,0.0,0.0,1.0,0.0,Longo da via,Bom,Não existe,Perfeito estado,Seca,Perfeito estado,Não existe,Não há placas,60.0,Única,Faixa seccionada,Não informado,2020,2,18,1,9.0
2020-02-18,10:04:00,SEM VÍTIMA,FINALIZADA,ESTÂNCIA,AV RECIFE,Não informado,EM FRENTE Á IMPERIAL EQUIPAMENROS,ESTÂNCIA,CIDADE,COLISÃO,COLISAO SEM VITIMAS,2.0,1.0,0.0,0.0,0.0,0.0,0.0,0.0,0.0,0.0,0.0,Longo da via,Bom,Não existe,Perfeito estado,Seca,Perfeito estado,Não existe,Não há placas,60.0,Dupla,Faixa seccionada,Não informado,2020,2,18,1,10.0
2020-02-18,10:13:00,SEM VÍTIMA,FINALIZADA,PINA,AV ANTONIO DE GOES,RUA JOSE MARIANO FILHO,AO LADO  DA ARENA DDV  E AO EMPRESARIAL NEWTON  DE MELO  FAIXA  DA  DIREITA,PINA,CIDADE,COLISÃO,COLISÃO SEM VITIMAS,2.0,1.0,0.0,0.0,0.0,0.0,0.0,0.0,0.0,0.0,0.0,Longo da via,Bom,Sem defeito,Perfeito estado,Seca,Perfeito estado,Agente,Outras,60.0,Única,Faixa contínua,Não informado,2020,2,18,1,10.0
2020-02-18,11:23:00,SEM VÍTIMA,FINALIZADA,BOA VIAGEM,PRC INDUSTRIAL MIGUEL SANTOS,Não informado,EM FRENTE AO EDF. JAIME NEJAIM,BOA VIAGEM,SUBURBIO,COLISÃO,DOIS AUTOS,2.0,1.0,0.0,0.0,0.0,0.0,0.0,0.0,0.0,0.0,0.0,Outros,Bom,Não existe,Perfeito estado,Seca,Perfeito estado,Não existe,Não há placas,30.0,Única,Não existe,Não informado,2020,2,18,1,11.0
2020-02-18,12:21:00,SEM VÍTIMA,CANCELADA,ALTO JOSÉ DO PINHO,RUA ARACATIARA,Não informado,E/F AO COLEGIO DAS FREIRAS E O MERCADINHO POPULAR,ALTO JOSÉ DO PINHO,Não informado,COLISÃO,COLISAO ENTRE DUAS MOTOS E UM ALTO S/V,1.0,2.0,0.0,0.0,0.0,0.0,0.0,0.0,0.0,0.0,0.0,Não informado,Não informado,Não informado,Não informado,Não informado,Não informado,Não informado,Não informado,60.0,Não informado,Não informado,Não informado,2020,2,18,1,12.0
2020-02-18,12:58:00,SEM VÍTIMA,FINALIZADA,JOANA BEZERRA,PTE JOSE DE BARROS LIMA,Não informado,SENTIDO BOA VIAGEM,JOANA BEZERRA,SUBURBIO,CHOQUE OBJETO FIXO,COM BLOCO DE CONCRETO E SEGUINDA TOMBAMENTO,1.0,1.0,0.0,0.0,0.0,0.0,0.0,0.0,0.0,0.0,0.0,Longo da via,Bom,Não existe,Perfeito estado,Seca,Perfeito estado,Outros,Outras,60.0,Dupla,Faixa seccionada,Não informado,2020,2,18,1,12.0
2020-02-18,13:07:00,SEM VÍTIMA,CANCELADA,IMBIRIBEIRA,AV DOM JOAO VI,AV ANTONIO TORRES GALVAO,E/F A JUNIOR CAR INJEÇÃO ELETRÔNICA (SENT. BOA VIAGEM),IMBIRIBEIRA,Não informado,COLISÃO,COLISÃO S/VITIMAS ENTRE DOIS AUTOS,2.0,1.0,0.0,0.0,0.0,0.0,0.0,0.0,0.0,0.0,0.0,Não informado,Não informado,Não informado,Não informado,Não informado,Não informado,Não informado,Não informado,60.0,Não informado,Não informado,Não informado,2020,2,18,1,13.0
2020-02-18,13:22:00,SEM VÍTIMA,FINALIZADA,JOANA BEZERRA,AV DES GUERRA BARRETO,AV BEIRA RIO,NO SEMAFORO 038 E/F AO FORUM JONA BEZERRA,JOANA BEZERRA,Não informado,COLISÃO,COLISAO ENTRE DOIS AUTOS S/V,2.0,1.0,0.0,0.0,0.0,0.0,0.0,0.0,0.0,0.0,0.0,Longo da via,Bom,Sem defeito,Perfeito estado,Seca,Perfeito estado,Faixa de pedestre,R-25a,60.0,Única,Faixa contínua,Não informado,2020,2,18,1,13.0
2020-02-18,14:08:00,SEM VÍTIMA,FINALIZADA,MACAXEIRA,RUA FLAVIO GUERRA,Não informado,EM FRENTE A FABRICA UNIGELO,MACAXEIRA,SUBURBIO,COLISÃO,COLISÃO SEM VÍTIMA,1.0,1.0,0.0,0.0,0.0,0.0,1.0,0.0,0.0,0.0,0.0,Longo da via,Bom,Não existe,Não existente,Seca,Perfeito estado,Não existe,Não há placas,60.0,Dupla,Não existe,Não informado,2020,2,18,1,14.0
2020-02-18,14:29:00,SEM VÍTIMA,FINALIZADA,MADALENA,RUA BENFICA,Não informado,PROX A PRAÇA DO INTERNACIONAL E/F AO POSTO BR,MADALENA,SUBURBIO,COLISÃO,COLISAO ENTRE DOIS AUTOS S/V,2.0,1.0,0.0,0.0,0.0,0.0,0.0,0.0,0.0,0.0,0.0,Longo da via,Bom,Sem defeito,Perfeito estado,Seca,Perfeito estado,Faixa de pedestre,Não há placas,60.0,Única,Faixa seccionada,Não informado,2020,2,18,1,14.0
2020-02-18,14:34:00,SEM VÍTIMA,FINALIZADA,IMBIRIBEIRA,AV ENGENHEIRO ALVES DE SOUZA,Não informado,EM FRENTE A DROGASIL,IMBIRIBEIRA,SUBURBIO,COLISÃO,COLISÃO SEM VÍTIMA,2.0,1.0,0.0,0.0,0.0,0.0,0.0,0.0,0.0,0.0,0.0,Longo da via,Bom,Sem defeito,Perfeito estado,Seca,Perfeito estado,Faixa de pedestre,R-6a,60.0,Dupla,Não existe,Não informado,2020,2,18,1,14.0
2020-02-18,14:53:00,COM VÍTIMA,FINALIZADA,PINA,AVENIDA CELSO FURTADO (VIA MANGUE),Não informado,NA SUBIDA DO VIATUDO/ SENTIDO RIO MAR,PINA,CIDADE,COLISÃO,COLISÃO COM VÍTIMA,2.0,1.0,0.0,0.0,0.0,0.0,0.0,0.0,0.0,1.0,0.0,Longo da via,Bom,Não existe,Perfeito estado,Seca,Perfeito estado,Não existe,Não há placas,60.0,Dupla,Canteiro central,Não informado,2020,2,18,1,14.0
2020-02-18,15:09:00,SEM VÍTIMA,FINALIZADA,BOA VISTA,RUA JOAQUIM FELIPE,Não informado,PREDIO DA CELPE,BOA VISTA,SUBURBIO,ENGAVETAMENTO,S/ VITIMA ENTRE TRES VEICULOS,3.0,1.0,0.0,0.0,0.0,0.0,0.0,0.0,0.0,0.0,0.0,Longo da via,Bom,Não existe,Perfeito estado,Seca,Perfeito estado,Não existe,R-6a,60.0,Única,Faixa contínua,Não informado,2020,2,18,1,15.0
2020-02-18,15:16:00,SEM VÍTIMA,FINALIZADA,PINA,AV ENGENHEIRO DOMINGOS FERREIRA,Não informado,E/F AO SUPERMERCADO EXTRABOM,PINA,SUBURBIO,COLISÃO,COLISÃO S/VITIMAS ENTRE DOIS AUTOS,2.0,1.0,0.0,0.0,0.0,0.0,0.0,0.0,0.0,0.0,0.0,Longo da via,Bom,Não existe,Perfeito estado,Seca,Perfeito estado,Agente,Não há placas,60.0,Única,Canteiro central,Não informado,2020,2,18,1,15.0
2020-02-18,15:31:00,SEM VÍTIMA,FINALIZADA,CASA FORTE,AV DEZESSETE DE AGOSTO,RUA SANT'ANNA,AO LADO DO CPOR RECIFE,CASA FORTE,SUBURBIO,COLISÃO,COLISÃO S/VITIMAS ENTRE DOIS AUTOS,2.0,1.0,0.0,0.0,0.0,0.0,0.0,0.0,0.0,0.0,0.0,Longo da via,Bom,Não existe,Perfeito estado,Seca,Perfeito estado,Não existe,R-6a,60.0,Dupla,Faixa contínua,Não informado,2020,2,18,1,15.0
2020-02-18,15:57:00,SEM VÍTIMA,FINALIZADA,BOA VIAGEM,RUA CAPITAO ZUZINHA,RUA SA E SOUZA,RESIDENCIAL JARDIM EUROPA,BOA VIAGEM,AEROPORTO/PRAIA,COLISÃO,COLISAO S/ VITIMA. ENTRE DOIS VEICULOS,2.0,1.0,0.0,0.0,0.0,0.0,0.0,0.0,0.0,0.0,0.0,Longo da via,Bom,Sem defeito,Perfeito estado,Seca,Perfeito estado,Faixa de pedestre,Outras,60.0,Única,Faixa seccionada,Não informado,2020,2,18,1,15.0
2020-02-18,16:27:00,SEM VÍTIMA,FINALIZADA,BOA VIAGEM,RUA DR JOAO GUILHERME DE P SOBRINHO,Não informado,NA RUA DO HOSPITAL DA UNIMED,BOA VIAGEM,Não informado,COLISÃO,COLISAO ENTRE DOIS AUTOS S/V,2.0,1.0,0.0,0.0,0.0,0.0,0.0,0.0,0.0,0.0,0.0,Longo da via,Bom,Não existe,Não existente,Seca,Mal conservada,Não existe,Não há placas,60.0,Única,Não existe,Não informado,2020,2,18,1,16.0
2020-02-18,17:02:00,SEM VÍTIMA,FINALIZADA,VASCO DA GAMA,RUA DOIS DE FEVEREIRO,Não informado,E/F A GRANJA SELECTA,VASCO DA GAMA,Não informado,COLISÃO,COLISAO ENTRE MICRO ONIBUS E AUTOS S/V,1.0,1.0,0.0,0.0,0.0,1.0,0.0,0.0,0.0,0.0,0.0,Não informado,Não informado,Não informado,Não informado,Não informado,Não informado,Não informado,Não informado,60.0,Não informado,Não informado,Não informado,2020,2,18,1,17.0
2020-02-18,17:22:00,SEM VÍTIMA,FINALIZADA,ILHA DO LEITE,RUA GENERAL JOAQUIM INACIO,RUA ESTADO DE ISRAEL,E/F A FARMACIA PAGUE MENOS BATEDOR DA MOTO 22 E 34 NO LOCAL,ILHA DO LEITE,Não informado,COLISÃO,COLISAO ENTRE TRES AUTOS S/V,3.0,1.0,0.0,0.0,0.0,0.0,0.0,0.0,0.0,0.0,0.0,Longo da via,Bom,Sem defeito,Perfeito estado,Seca,Perfeito estado,Faixa de pedestre,R-4b,60.0,Única,Faixa contínua,Não informado,2020,2,18,1,17.0
2020-02-18,17:44:00,COM VÍTIMA,FINALIZADA,PINA,AV ENGENHEIRO DOMINGOS FERREIRA,Não informado,E/F A ASISTENCIA TÉCNICA DA SAMSUNG,PINA,SUBURBIO,COLISÃO TRASEIRA,COLISÃO C/VITIMA ENTRE UMA MOTO E UM AUTO,1.0,1.0,0.0,0.0,0.0,0.0,0.0,0.0,0.0,1.0,0.0,Longo da via,Bom,Não existe,Perfeito estado,Seca,Perfeito estado,Não existe,R-6a,60.0,Única,Faixa seccionada,Não informado,2020,2,18,1,17.0
2020-02-18,17:49:00,SEM VÍTIMA,FINALIZADA,JORDÃO,AV MARIA IRENE,Não informado,EMBAIXO DO TÚNEL,JORDÃO,SUBURBIO,COLISÃO,COLISÃO S/VITIMAS,2.0,1.0,0.0,0.0,0.0,0.0,0.0,0.0,0.0,0.0,0.0,Outros,Bom,Não existe,Não existente,Seca,Mal conservada,Não existe,Não há placas,60.0,Dupla,Canteiro central,Não informado,2020,2,18,1,17.0
2020-02-18,18:54:00,COM VÍTIMA,FINALIZADA,SANTO AMARO,AV GOVERNADOR AGAMENON MAGALHAES,AV DR JAYME DA FONTE,AO LADO DO INSTITUTO CRIMINALISTA- SNT OLINDA,SANTO AMARO,SUBURBIO,COLISÃO TRASEIRA,MOTO X AUTO. C/V,1.0,1.0,0.0,0.0,0.0,0.0,0.0,0.0,0.0,1.0,0.0,Longo da via,Bom,Sem defeito,Perfeito estado,Seca,Perfeito estado,Faixa de pedestre,Não há placas,60.0,Dupla,Canal,Não informado,2020,2,18,1,18.0
2020-02-18,19:23:00,SEM VÍTIMA,FINALIZADA,AFOGADOS,RUA IMPERIAL,Não informado,PONTE DA IMPERIAL NA SUBIDA,AFOGADOS,SUBURBIO,COLISÃO,ENTRE 3 AUTOS. S/V,3.0,1.0,0.0,0.0,0.0,0.0,0.0,0.0,0.0,0.0,0.0,Longo da via,Bom,Sem defeito,Perfeito estado,Seca,Perfeito estado,Outros,Outras,60.0,Única,Faixa seccionada,Não informado,2020,2,18,1,19.0
2020-02-18,19:33:00,SEM VÍTIMA,FINALIZADA,JOANA BEZERRA,AV MARTIN LUTHER KING,Não informado,E/F A ACADEMIA DA CIDADE,JOANA BEZERRA,Não informado,COLISÃO,ENTRE ÕNIBUS E AUTO PASSEIO. S/V,1.0,1.0,0.0,0.0,0.0,1.0,0.0,0.0,0.0,0.0,0.0,Longo da via,Bom,Não existe,Perfeito estado,Seca,Perfeito estado,Não existe,Não há placas,60.0,Única,Canteiro central,Não informado,2020,2,18,1,19.0
2020-02-18,19:37:00,SEM VÍTIMA,FINALIZADA,ILHA DO LEITE,AV GOVERNADOR AGAMENON MAGALHAES,RUA DR JOAO ASFORA,NA DESCIDA DO VIADUTO CAP TEMUDOM / E/F AO HOSPITAL PORTUGUES- SNT CONTRÁRIO,ILHA DO LEITE,CIDADE,COLISÃO,CAMINHÃO E AUTO. S/V,1.0,1.0,0.0,0.0,0.0,0.0,1.0,0.0,0.0,0.0,0.0,Esquina,Bom,Sem defeito,Perfeito estado,Seca,Perfeito estado,Faixa de pedestre,Não informado,60.0,Dupla,Faixa seccionada,Não informado,2020,2,18,1,19.0
2020-02-18,19:52:00,SEM VÍTIMA,CANCELADA,BOA VIAGEM,AV FERNANDO SIMOES BARBOSA,Não informado,PROX AO CANAL DA CONSTRUÇAO,BOA VIAGEM,Não informado,COLISÃO,COLISAO SEM VITIMAS,1.0,1.0,0.0,0.0,0.0,0.0,0.0,0.0,0.0,0.0,0.0,Não informado,Não informado,Não informado,Não informado,Não informado,Não informado,Não informado,Não informado,60.0,Não informado,Não informado,Não informado,2020,2,18,1,19.0
2020-02-18,19:58:00,SEM VÍTIMA,FINALIZADA,CASA AMARELA,RUA XAVANTES,RUA OSCAR DE BARROS,PROX AO MERCADO CANELA,CASA AMARELA,SUBURBIO,COLISÃO,COLISAO SEM VITIMAS,2.0,1.0,0.0,0.0,0.0,0.0,0.0,0.0,0.0,0.0,0.0,Cruzamento,Bom,Não existe,Perfeito estado,Seca,Perfeito estado,Não existe,Placas Pare,60.0,Única,Não existe,Não informado,2020,2,18,1,19.0
2020-02-18,22:00:00,SEM VÍTIMA,FINALIZADA,IMBIRIBEIRA,RUA OLIVIA MENELAU,AV MARECHAL MASCARENHAS DE MORAES,SEMÁFORO 396,IMBIRIBEIRA,SUBURBIO,COLISÃO,ENTRE 3 AUTOS. S/V,3.0,1.0,0.0,0.0,0.0,0.0,0.0,0.0,0.0,0.0,0.0,Longo da via,Chuvoso,Sem defeito,Perfeito estado,Molhada,Perfeito estado,Faixa de pedestre,Outras,60.0,Única,Faixa seccionada,Não informado,2020,2,18,1,22.0
2020-02-18,23:24:00,SEM VÍTIMA,FINALIZADA,AFOGADOS,RUA SANTA EDWIRGES,RUA PADRE TEOFILO TWORZ,NO CRUZAMENTO MESMO,AFOGADOS,SUBURBIO,COLISÃO,COLISAO SEM VITIMAS,2.0,1.0,0.0,0.0,0.0,0.0,0.0,0.0,0.0,0.0,0.0,Cruzamento,Chuvoso,Não existe,Perfeito estado,Molhada,Perfeito estado,Faixa de pedestre,Placas Pare,60.0,Dupla,Faixa contínua,Não informado,2020,2,18,1,23.0
2020-02-19,06:25:00,COM VÍTIMA,FINALIZADA,ESPINHEIRO,AV GOVERNADOR AGAMENON MAGALHAES,RUA BUENOS AYRES,E/F AO BANCO DO NORDESTE (SNET. BOA VIAGEM) / VIA PRINCIPAL,ESPINHEIRO,BOA VIAGEM,COLISÃO TRASEIRA,COLISÃO C/VITIMAS ENTRE DUAS MOTOS,1.0,2.0,0.0,0.0,0.0,0.0,0.0,0.0,0.0,2.0,0.0,Cruzamento,Bom,Sem defeito,Perfeito estado,Seca,Perfeito estado,Faixa de pedestre,Outras,60.0,Dupla,Canteiro central,Não informado,2020,2,19,2,6.0
2020-02-19,07:59:00,SEM VÍTIMA,CANCELADA,AFLITOS,RUA TEIXEIRA PINTO,Não informado,EM FRENTE AO  EDIFICIO MANOEL BANDEIRA,AFLITOS,Não informado,COLISÃO,COLISÃO SEM VITIMAS,1.0,1.0,0.0,0.0,0.0,0.0,0.0,0.0,0.0,0.0,0.0,Não informado,Não informado,Não informado,Não informado,Não informado,Não informado,Não informado,Não informado,60.0,Não informado,Não informado,Não informado,2020,2,19,2,7.0
2020-02-19,08:29:00,COM VÍTIMA,FINALIZADA,BOA VIAGEM,RUA MARQUES DE VALENCA,RUA JOAO DIAS MARTINS,ESQ DA IGREJA NS DE FATIMA,BOA VIAGEM,SUBURBIO,ABALROAMENTO TRANSVERSAL,MOTO E AUTO,1.0,1.0,0.0,0.0,0.0,0.0,0.0,0.0,0.0,1.0,0.0,Cruzamento,Bom,Não existe,Incompleta,Seca,Perfeito estado,Não informado,R-4a,60.0,Dupla,Não existe,Não informado,2020,2,19,2,8.0
2020-02-19,08:32:00,COM VÍTIMA,FINALIZADA,MADALENA,AV VISCONDE DE ALBUQUERQUE,RUA LOPES DE CARVALHO,EM FRENTE A GALERIA MADALENA CENTER,MADALENA,SUBURBIO,ABALROAMENTO LONGITUDINAL,COLISÃO COM VITIMA SOCORRIDA PELO SAMU,1.0,1.0,0.0,0.0,0.0,0.0,0.0,0.0,0.0,1.0,0.0,Longo da via,Bom,Não existe,Perfeito estado,Seca,Perfeito estado,Não existe,Outras,60.0,Única,Faixa contínua,Não informado,2020,2,19,2,8.0
2020-02-19,08:33:00,SEM VÍTIMA,CANCELADA,CAXANGÁ,RUA RIBEIRO PESSOA,Não informado,DEPOIS DA UPA,CAXANGÁ,Não informado,COLISÃO,COLISAO SEM VITIMAS,1.0,1.0,0.0,0.0,0.0,1.0,0.0,0.0,0.0,0.0,0.0,Não informado,Não informado,Não informado,Não informado,Não informado,Não informado,Não informado,Não informado,60.0,Não informado,Não informado,Não informado,2020,2,19,2,8.0
2020-02-19,08:49:00,SEM VÍTIMA,FINALIZADA,BOA VIAGEM,RUA JACK AYRES,RUA PROFESSOR JULIO FERREIRA DE MELO,NA SAIDA DO SHOPPING CENTER RECIFE  EM FRENTE AO BAR  DO AMARELINHO,BOA VIAGEM,Não informado,COLISÃO,COLISÃO SEM VITIMAS,2.0,1.0,0.0,0.0,0.0,0.0,0.0,0.0,0.0,0.0,0.0,Cruzamento,Bom,Não existe,Perfeito estado,Seca,Perfeito estado,Faixa de retenção,Placas Pare,20.0,Única,Não existe,Não informado,2020,2,19,2,8.0
2020-02-19,08:55:00,SEM VÍTIMA,CANCELADA,BOA VIAGEM,AV DOM JOAO VI,Não informado,AO LADO DO SHOPPING RECIFE / EM FRENTE AO CANAL,BOA VIAGEM,Não informado,COLISÃO,DOIS AUTOS,2.0,1.0,0.0,0.0,0.0,0.0,0.0,0.0,0.0,0.0,0.0,Não informado,Não informado,Não informado,Não informado,Não informado,Não informado,Não informado,Não informado,60.0,Não informado,Não informado,Não informado,2020,2,19,2,8.0
2020-02-19,09:19:00,SEM VÍTIMA,FINALIZADA,BARRO,RUA PADRE DIOGO RODRIGUES,Não informado,AO LADO DA PRIMEIRA IGREJA BATISTA EM AREIAS,BARRO,Não informado,COLISÃO,COLISÃO SEM  VITIMAS,2.0,1.0,0.0,0.0,0.0,0.0,0.0,0.0,0.0,0.0,0.0,Longo da via,Bom,Não existe,Não existente,Seca,Perfeito estado,Não existe,Não há placas,60.0,Dupla,Não existe,Não informado,2020,2,19,2,9.0
2020-02-19,09:20:00,SEM VÍTIMA,FINALIZADA,BOA VIAGEM,RUA TOME GIBSON,RUA TOME GIBSON,NA SAÍDA DA VIA MANGUE (INÍCIO DA RUA TOMÉ GIBSON) / SENT. PINA,BOA VIAGEM,CIDADE,COLISÃO,COLISÃO S/VITIMAS ENTRE DOIS AUTOS,2.0,1.0,0.0,0.0,0.0,0.0,0.0,0.0,0.0,0.0,0.0,Longo da via,Bom,Não existe,Perfeito estado,Seca,Perfeito estado,Não existe,Outras,60.0,Dupla,Canteiro central,Não informado,2020,2,19,2,9.0
2020-02-17,09:23:00,SEM VÍTIMA,FINALIZADA,MANGABEIRA,AV PROFESSOR JOSE DOS ANJOS,Não informado,Não informado,MANGABEIRA,Não informado,COLISÃO TRASEIRA,COLISÃO S/ VÍTIMAS,1.0,1.0,0.0,0.0,0.0,0.0,0.0,0.0,0.0,0.0,0.0,Longo da via,Bom,Sem defeito,Perfeito estado,Seca,Perfeito estado,Faixa de pedestre,R-6a,60.0,Única,Faixa seccionada,Não informado,2020,2,17,0,9.0
2020-02-19,09:48:00,SEM VÍTIMA,FINALIZADA,DERBY,RUA GUILHERME PINTO,Não informado,EM FRENTE A VERD -FRUT  E AO BLOCO D. DA MAURICIO  DE NASSAU,DERBY,SUBURBIO,COLISÃO,COLISÃO SEM VITIMAS,1.0,1.0,0.0,0.0,0.0,1.0,0.0,0.0,0.0,0.0,0.0,Longo da via,Bom,Sem defeito,Perfeito estado,Seca,Perfeito estado,Não existe,R-6a,60.0,Única,Faixa seccionada,Não informado,2020,2,19,2,9.0
2020-02-19,10:46:00,SEM VÍTIMA,FINALIZADA,CASA AMARELA,AV NORTE,Não informado,EM FRENTE A UPINHA,CASA AMARELA,SUBURBIO,COLISÃO,COLISAO SEM VITIMAS,1.0,1.0,0.0,0.0,0.0,1.0,0.0,0.0,0.0,0.0,0.0,Longo da via,Bom,Não existe,Perfeito estado,Seca,Perfeito estado,Faixa de pedestre,Não informado,60.0,Dupla,Canteiro central,Não informado,2020,2,19,2,10.0
2020-02-19,11:02:00,SEM VÍTIMA,FINALIZADA,BOA VISTA,RUA DO PROGRESSO,Não informado,E/F EMPRESARIAL PROGRESSO,BOA VISTA,CIDADE,COLISÃO,COLISÃO S/VITIMAS ENTRE UM CAMINHÃO E UMA RETROESCAVADEIRA,1.0,1.0,0.0,0.0,0.0,0.0,1.0,0.0,1.0,0.0,0.0,Longo da via,Bom,Não existe,Perfeito estado,Seca,Perfeito estado,Não existe,Não há placas,40.0,Única,Não existe,Não informado,2020,2,19,2,11.0
2020-02-19,11:24:00,SEM VÍTIMA,CANCELADA,IPSEP,RUA ALDEMAR DE OLIVEIRA,Não informado,RUA DA LOJA DE PNEUS,IPSEP,Não informado,CHOQUE OBJETO FIXO,CAMINHAO CHOCOU-SE COM O POSTE DERRUBANDO OS FIOS E O POSTE PARTIU-SE AO MEIO / MOTORISTA SE ENCONTRA NO LOCAL POREM NAO ENTROU EM CONTATO COM A CTTU,1.0,1.0,0.0,0.0,0.0,0.0,1.0,0.0,0.0,0.0,0.0,Não informado,Não informado,Não informado,Não informado,Não informado,Não informado,Não informado,Não informado,60.0,Não informado,Não informado,Não informado,2020,2,19,2,11.0