data,hora,natureza_acidente,situacao,bairro,endereco,detalhe_endereco_acidente,complemento,bairro_cruzamento,sentido_via,tipo,descricao,auto,moto,ciclom,ciclista,pedestre,onibus,caminhao,viatura,outros,vitimas,vitimasfatais,acidente_verificado,tempo_clima,situacao_semaforo,sinalizacao,condicao_via,conservacao_via,ponto_controle,situacao_placa,velocidade_max_via,mao_direcao,divisao_via1,natureza,ano,mes,dia,dia_semana,hora_ocorrencia
2020-02-19,11:29:00,SEM VÍTIMA,FINALIZADA,SAN MARTIN,AV ENGENHEIRO ABDIAS DE CARVALHO,AV GENERAL SAN MARTIN,EM FRENTE AO COMPAZ,SAN MARTIN,Não informado,COLISÃO,COLISÃO SEM VITIMAS,1.0,1.0,0.0,0.0,0.0,0.0,0.0,0.0,0.0,0.0,0.0,Longo da via,Bom,Sem defeito,Perfeito estado,Seca,Perfeito estado,Agente,Outras,60.0,Dupla,Faixa contínua,Não informado,2020,2,19,2,11.0
2020-02-19,11:57:00,COM VÍTIMA,FINALIZADA,MORRO DA CONCEIÇÃO,COR DO BARTOLOMEU,Não informado,PROXIMO HAIKAI SUSHIBAR BURGUER,MORRO DA CONCEIÇÃO,SUBURBIO,ABALROAMENTO TRANSVERSAL,COLISAO COM VITIMAS,1.0,2.0,0.0,0.0,0.0,0.0,0.0,0.0,0.0,2.0,0.0,Longo da via,Bom,Não existe,Perfeito estado,Seca,Perfeito estado,Não existe,Outras,60.0,Dupla,Faixa seccionada,Não informado,2020,2,19,2,11.0
2020-02-19,12:04:00,SEM VÍTIMA,FINALIZADA,BOA VIAGEM,AV ANTONIO DE GOES,Não informado,AO LADO DO POSTO DA SULA AMERICA,BOA VIAGEM,CIDADE,COLISÃO,COLISAO SEM VITIMAS,2.0,1.0,0.0,0.0,0.0,0.0,0.0,0.0,0.0,0.0,0.0,Longo da via,Bom,Sem defeito,Perfeito estado,Seca,Perfeito estado,Agente,Outras,60.0,Única,Faixa contínua,Não informado,2020,2,19,2,12.0
2020-02-19,12:40:00,SEM VÍTIMA,CANCELADA,DERBY,AV GOVERNADOR AGAMENON MAGALHAES,Não informado,EM FRENTE A MAXI SEGURO E AO LADO DO BANCO DO BRASIL/ SENTIDO OLINDA,DERBY,Não informado,COLISÃO,COLISÃO SEM VÍTIMA,1.0,1.0,0.0,0.0,0.0,0.0,0.0,0.0,0.0,0.0,0.0,Não informado,Não informado,Não informado,Não informado,Não informado,Não informado,Não informado,Não informado,60.0,Não informado,Não informado,Não informado,2020,2,19,2,12.0
2020-02-19,12:42:00,SEM VÍTIMA,CANCELADA,SÃO JOSÉ,RUA PRIMEIRO DE MARCO,AV MARTINS DE BARROS,NO CRUZAMENTO MESMO,SÃO JOSÉ,Não informado,COLISÃO,COLISAO SEM VITIMAS,1.0,1.0,0.0,0.0,0.0,0.0,0.0,0.0,0.0,0.0,0.0,Não informado,Não informado,Não informado,Não informado,Não informado,Não informado,Não informado,Não informado,60.0,Não informado,Não informado,Não informado,2020,2,19,2,12.0
2020-02-19,12:59:00,SEM VÍTIMA,CANCELADA,SANTO AMARO,AV MARIO MELO,Não informado,E/F A ESCOLA CONEGO ROCHEL DE MEDEIROS,SANTO AMARO,Não informado,COLISÃO,COLISAO SEM VITIMAS,2.0,1.0,0.0,0.0,0.0,0.0,0.0,0.0,0.0,0.0,0.0,Não informado,Não informado,Não informado,Não informado,Não informado,Não informado,Não informado,Não informado,60.0,Não informado,Não informado,Não informado,2020,2,19,2,12.0
2020-02-19,13:48:00,SEM VÍTIMA,FINALIZADA,BOA VISTA,RUA DOM BOSCO,Não informado,E/F AO COLEGIO SALESIANO,BOA VISTA,CIDADE,COLISÃO,COLISAO SEM VITIMAS,2.0,1.0,0.0,0.0,0.0,0.0,0.0,0.0,0.0,0.0,0.0,Longo da via,Bom,Não existe,Perfeito estado,Seca,Perfeito estado,Outros,Outras,60.0,Única,Outros,Não informado,2020,2,19,2,13.0
2020-02-19,13:50:00,SEM VÍTIMA,FINALIZADA,VÁRZEA,RUA FRANCISCO LACERDA,RUA FRANCISCO LACERDA,E/F A ESCOLA CRISTÃ,VÁRZEA,SUBURBIO,COLISÃO,COLISAO ENTRE DOIS AUTOS S/V VT 16 NO LOCAL,2.0,1.0,0.0,0.0,0.0,0.0,0.0,0.0,0.0,0.0,0.0,Cruzamento,Bom,Não existe,Perfeito estado,Seca,Perfeito estado,Não existe,R-6a,60.0,Dupla,Não existe,Não informado,2020,2,19,2,13.0
2020-02-19,14:02:00,SEM VÍTIMA,FINALIZADA,BOA VISTA,AV CONDE DA BOA VISTA,Não informado,EM FRENTE A FARMACIA INDEPENDENTE/ SENTIDO AGAMENON,BOA VISTA,Não informado,COLISÃO,COLISÃO SEM VÍTIMA,1.0,1.0,0.0,0.0,0.0,1.0,0.0,0.0,0.0,0.0,0.0,Não informado,Bom,Sem defeito,Perfeito estado,Seca,Perfeito estado,Não informado,Não informado,40.0,Única,Não existe,Não informado,2020,2,19,2,14.0
2020-02-19,14:06:00,SEM VÍTIMA,CANCELADA,IBURA,RUA RIO XINGU,Não informado,E/F A PANIFICADORA QUE PAO,IBURA,Não informado,COLISÃO,COLISAO SEM VITIMAS,1.0,1.0,0.0,0.0,0.0,0.0,0.0,0.0,0.0,0.0,0.0,Não informado,Não informado,Não informado,Não informado,Não informado,Não informado,Não informado,Não informado,60.0,Não informado,Não informado,Não informado,2020,2,19,2,14.0
2020-02-19,14:59:00,SEM VÍTIMA,FINALIZADA,PINA,AV ANTONIO DE GOES,Não informado,AO LADO DO JCPM,PINA,CIDADE,COLISÃO,COLISAO ENTRE DOIS AUTOS S/V,2.0,1.0,0.0,0.0,0.0,0.0,0.0,0.0,0.0,0.0,0.0,Longo da via,Bom,Sem defeito,Perfeito estado,Seca,Perfeito estado,Faixa de pedestre,Outras,60.0,Única,Faixa seccionada,Não informado,2020,2,19,2,14.0
2020-02-19,15:41:00,SEM VÍTIMA,FINALIZADA,BOA VISTA,RUA DAS FRONTEIRAS,Não informado,EM FRENTE A URGENCIA DO MEMORIAL SÃO JOSÉ,BOA VISTA,SUBURBIO,COLISÃO,COLISÃO SEM VÍTIMA,2.0,1.0,0.0,0.0,0.0,0.0,0.0,0.0,0.0,0.0,0.0,Longo da via,Bom,Não existe,Incompleta,Seca,Perfeito estado,Não existe,Outras,60.0,Única,Não existe,Não informado,2020,2,19,2,15.0
2020-02-19,17:04:00,SEM VÍTIMA,FINALIZADA,BONGI,AV CONSUL VILARES FRAGOSO,Não informado,PROX A CELPE,BONGI,SUBURBIO,COLISÃO,COLISAO SEM VITIMAS,1.0,1.0,0.0,0.0,0.0,0.0,0.0,0.0,0.0,0.0,0.0,Cruzamento,Bom,Não existe,Perfeito estado,Seca,Mal conservada,Não existe,R-6a,30.0,Dupla,Faixa seccionada,Não informado,2020,2,19,2,17.0
2020-02-19,17:06:00,SEM VÍTIMA,FINALIZADA,PINA,AV ANTONIO DE GOES,Não informado,E/F PRF S/T CID,PINA,CIDADE,COLISÃO,COLISAO ENTRE DOIS AUTOS S/V,2.0,1.0,0.0,0.0,0.0,0.0,0.0,0.0,0.0,0.0,0.0,Longo da via,Bom,Não existe,Perfeito estado,Seca,Perfeito estado,Não existe,Placas Pare,40.0,Única,Não existe,Não informado,2020,2,19,2,17.0
2020-02-19,17:14:00,SEM VÍTIMA,DUPLICIDADE,BONGI,AV CONSUL VILARES FRAGOSO,Não informado,PROXIMO AO RESIDENCIAL MORADA RECIFE,BONGI,Não informado,COLISÃO,COLISÃO SEM VÍTIMA,1.0,1.0,0.0,0.0,0.0,0.0,0.0,0.0,0.0,0.0,0.0,Não informado,Não informado,Não informado,Não informado,Não informado,Não informado,Não informado,Não informado,60.0,Não informado,Não informado,Não informado,2020,2,19,2,17.0
2020-02-19,17:14:00,SEM VÍTIMA,FINALIZADA,VÁRZEA,RUA GENERAL POLIDORO,Não informado,PROX A PADARIA DELICATESSEN,VÁRZEA,SUBURBIO,COLISÃO,COLISAO SEM VITIMAS,1.0,1.0,0.0,0.0,0.0,0.0,1.0,0.0,0.0,0.0,0.0,Longo da via,Bom,Sem defeito,Perfeito estado,Seca,Perfeito estado,Faixa de pedestre,Outras,60.0,Dupla,Não existe,Não informado,2020,2,19,2,17.0
2020-02-19,17:28:00,SEM VÍTIMA,FINALIZADA,CASA AMARELA,RUA DA HARMONIA,Não informado,PROX A IGREJA DA HARMONIA,CASA AMARELA,SUBURBIO,COLISÃO,COLISAO SEM VITIMAS,1.0,1.0,0.0,0.0,0.0,1.0,0.0,0.0,0.0,0.0,0.0,Esquina,Bom,Sem defeito,Perfeito estado,Seca,Perfeito estado,Faixa de retenção,Outras,60.0,Dupla,Não existe,Não informado,2020,2,19,2,17.0
2020-02-19,17:40:00,SEM VÍTIMA,FINALIZADA,BOA VISTA,AV GOVERNADOR AGAMENON MAGALHAES,Não informado,E/F AO CLUBE PORTUGUES,BOA VISTA,Não informado,COLISÃO,COLISAO SEM VITIMAS,2.0,1.0,0.0,0.0,0.0,0.0,0.0,0.0,0.0,0.0,0.0,Cruzamento,Bom,Sem defeito,Perfeito estado,Seca,Perfeito estado,Faixa de pedestre,Não informado,60.0,Dupla,Canal,Não informado,2020,2,19,2,17.0
2020-02-19,18:15:00,SEM VÍTIMA,FINALIZADA,PINA,AV ANTONIO DE GOES,RUA MIRANDA FALCAO,ENF A LG // PROX A ICONNECT ASSISTENCIA TECNICA,PINA,CIDADE,COLISÃO,GOL X MOTO HONDA CG 160,1.0,1.0,0.0,0.0,0.0,0.0,0.0,0.0,0.0,0.0,0.0,Longo da via,Bom,Sem defeito,Perfeito estado,Seca,Perfeito estado,Agente,Placas Pare,60.0,Única,Canteiro central,Não informado,2020,2,19,2,18.0
2020-02-19,18:33:00,SEM VÍTIMA,FINALIZADA,TAMARINEIRA,RUA CONEGO BARATA,Não informado,ENF A MANA DELICATESSEN,TAMARINEIRA,Não informado,COLISÃO,GOL X ONIX OBS:: SUSPEITA DE EMBRIAGUES O MOTORISTA ESTA MUITO ALTERADO,2.0,1.0,0.0,0.0,0.0,0.0,0.0,0.0,0.0,0.0,0.0,Longo da via,Bom,Sem defeito,Perfeito estado,Seca,Perfeito estado,Não existe,Outras,60.0,Dupla,Faixa seccionada,Não informado,2020,2,19,2,18.0
2020-02-19,18:42:00,COM VÍTIMA,FINALIZADA,PINA,AV ENGENHEIRO DOMINGOS FERREIRA,RUA PEREIRA DA COSTA,ENF AO CLINICAL CENTER,PINA,SUBURBIO,COLISÃO TRASEIRA,MMC/L200 MITSUBISHI X FAN 160,1.0,1.0,0.0,0.0,0.0,0.0,0.0,0.0,0.0,1.0,0.0,Cruzamento,Bom,Sem defeito,Perfeito estado,Seca,Perfeito estado,Faixa de pedestre,Não há placas,60.0,Única,Faixa seccionada,Não informado,2020,2,19,2,18.0
2020-02-19,18:59:00,COM VÍTIMA,FINALIZADA,IPSEP,RUA HELIO BRANDAO,RUA SAO NICOLAU,PROX A V8 VEICULOS,IPSEP,Não informado,COLISÃO,COLISAO COM VITIMAS,1.0,1.0,0.0,0.0,0.0,0.0,1.0,0.0,0.0,1.0,0.0,Cruzamento,Bom,Sem defeito,Perfeito estado,Seca,Perfeito estado,Faixa de pedestre,Outras,60.0,Única,Não existe,Não informado,2020,2,19,2,18.0
2020-02-19,19:28:00,SEM VÍTIMA,FINALIZADA,TAMARINEIRA,RUA CONEGO BARATA,Não informado,PROX A FERREIRA COSTA,TAMARINEIRA,SUBURBIO,COLISÃO,COLISAO SEM VITIMAS,2.0,1.0,0.0,0.0,0.0,0.0,0.0,0.0,0.0,0.0,0.0,Longo da via,Bom,Não existe,Perfeito estado,Seca,Perfeito estado,Outros,Outras,60.0,Dupla,Blocos,Não informado,2020,2,19,2,19.0
2020-02-19,19:52:00,SEM VÍTIMA,FINALIZADA,BOA VISTA,RUA DO HOSPICIO,Não informado,AO LADO DA CAIXA ECONOMICA FEDERAL,BOA VISTA,CIDADE,COLISÃO,MOBI X VIRTUS,2.0,1.0,0.0,0.0,0.0,0.0,0.0,0.0,0.0,0.0,0.0,Longo da via,Bom,Sem defeito,Perfeito estado,Seca,Perfeito estado,Faixa de pedestre,Não há placas,40.0,Dupla,Faixa contínua,Não informado,2020,2,19,2,19.0
2020-02-19,20:13:00,SEM VÍTIMA,FINALIZADA,PAISSANDU,AV GOVERNADOR AGAMENON MAGALHAES,RUA PAISSANDU,ENF. AO HOSPITAL PORTUGUES // SENTIDO BOA VIAGEM,PAISSANDU,SUBURBIO,COLISÃO,KILD X HILUX,2.0,1.0,0.0,0.0,0.0,0.0,0.0,0.0,0.0,0.0,0.0,Longo da via,Chuvoso,Sem defeito,Perfeito estado,Molhada,Perfeito estado,Faixa de pedestre,Outras,60.0,Única,Faixa seccionada,Não informado,2020,2,19,2,20.0
2020-02-19,20:13:00,SEM VÍTIMA,FINALIZADA,SANTO ANTÔNIO,AV MARTINS DE BARROS,Não informado,ENF. AO MINISTERIO PUBLICO DE PE.,SANTO ANTÔNIO,CIDADE,COLISÃO,FIAT TORO X ONIBUS CAXANGA,1.0,1.0,0.0,0.0,0.0,1.0,0.0,0.0,0.0,0.0,0.0,Longo da via,Bom,Sem defeito,Perfeito estado,Seca,Perfeito estado,Não existe,Outras,60.0,Única,Faixa seccionada,Não informado,2020,2,19,2,20.0
2020-02-19,20:41:00,SEM VÍTIMA,FINALIZADA,ENCRUZILHADA,RUA DONA ELVIRA,RUA DONA ELVIRA,PROX A QUITANDARIA,ENCRUZILHADA,SUBURBIO,COLISÃO,COLISAO SEM VITIMAS,2.0,1.0,0.0,0.0,0.0,0.0,0.0,0.0,0.0,0.0,0.0,Cruzamento,Bom,Não existe,Ilegível,Seca,Mal iluminada,Não existe,Placas Pare,60.0,Dupla,Não existe,Não informado,2020,2,19,2,20.0
2020-02-19,21:41:00,SEM VÍTIMA,FINALIZADA,CASA FORTE,AV DEZESSETE DE AGOSTO,Não informado,E/F A PRAÇA DE CASA FORTE,CASA FORTE,CIDADE,COLISÃO,COLISAO SEM VITIMAS,2.0,1.0,0.0,0.0,0.0,0.0,0.0,0.0,0.0,0.0,0.0,Longo da via,Chuvoso,Sem defeito,Perfeito estado,Molhada,Perfeito estado,Faixa de pedestre,R-6a,60.0,Dupla,Faixa seccionada,Não informado,2020,2,19,2,21.0
2020-02-19,22:15:00,COM VÍTIMA,CANCELADA,SÃO JOSÉ,AV SUL,Não informado,POR BAIXO DO VIADUTO CAPITAO TEMUDO,SÃO JOSÉ,Não informado,ATROPELAMENTO,MOTO E PEDESTRE,1.0,1.0,0.0,0.0,1.0,0.0,0.0,0.0,0.0,2.0,0.0,Não informado,Não informado,Não informado,Não informado,Não informado,Não informado,Não informado,Não informado,60.0,Não informado,Não informado,Não informado,2020,2,19,2,22.0
2020-02-20,06:36:00,SEM VÍTIMA,FINALIZADA,TAMARINEIRA,EST VELHA DE AGUA FRIA,EST VELHA DE AGUA FRIA,E/F AO DNOCS,TAMARINEIRA,Não informado,COLISÃO,COLISÃO S/VITIMAS ENTRE DOIS AUTOS,2.0,1.0,0.0,0.0,0.0,0.0,0.0,0.0,0.0,0.0,0.0,Cruzamento,Chuvoso,Desligado,Perfeito estado,Molhada,Perfeito estado,Faixa de pedestre,Não há placas,60.0,Dupla,Blocos,Não informado,2020,2,20,3,6.0
2020-02-20,07:35:00,SEM VÍTIMA,FINALIZADA,ILHA DO LEITE,RUA ANTONIO GOMES DE FREITAS,PRC MIGUEL DE CERVANTES,EM FRENTE  A PRAÇA MIGUEL DE CERVANTES,ILHA DO LEITE,CIDADE,COLISÃO,COLISÃO SEM VITIMAS,2.0,1.0,0.0,0.0,0.0,0.0,0.0,0.0,0.0,0.0,0.0,Cruzamento,Chuvoso,Não existe,Perfeito estado,Molhada,Perfeito estado,Faixa de pedestre,Placas Pare,60.0,Única,Faixa seccionada,Não informado,2020,2,20,3,7.0
2020-02-20,07:51:00,COM VÍTIMA,FINALIZADA,IMBIRIBEIRA,AV MARECHAL MASCARENHAS DE MORAES,Não informado,E/F A O LOCALIZA,IMBIRIBEIRA,CIDADE,COLISÃO COM CICLISTA,COLISÃO C/VITIMAS ENTRE UMA MOTO E UMA BICICLETA,1.0,1.0,0.0,1.0,0.0,0.0,0.0,0.0,0.0,2.0,0.0,Longo da via,Bom,Sem defeito,Perfeito estado,Seca,Perfeito estado,Faixa de pedestre,Outras,60.0,Não informado,Canteiro central,Não informado,2020,2,20,3,7.0
2020-02-20,08:10:00,SEM VÍTIMA,FINALIZADA,IPUTINGA,RUA LEAL DE BARROS,Não informado,RESIDENCIA  PROX  AO BAR DONA NICE,IPUTINGA,CIDADE,COLISÃO,COLISÃO SEM VITIMAS,2.0,1.0,0.0,0.0,0.0,0.0,0.0,0.0,0.0,0.0,0.0,Longo da via,Nublado,Não existe,Não existente,Seca,Outros,Não existe,Não há placas,60.0,Dupla,Não existe,Não informado,2020,2,20,3,8.0
2020-02-20,08:15:00,SEM VÍTIMA,FINALIZADA,ILHA DO RETIRO,AV BEIRA RIO,Não informado,100 METROS APÓS O EDF. MARIA TERESA COELHO,ILHA DO RETIRO,SUBURBIO,COLISÃO,COLISÃO S/ VITIMAS ENTRE DOIS AUTOS- SEGUIDA DE CAPOTAMENTO // USUÁRIO INFORMA ESCORIAÇÕES- NO ENTANTO- NÃO ACIONARÃO O SAMU,2.0,1.0,0.0,0.0,0.0,0.0,0.0,0.0,0.0,0.0,0.0,Longo da via,Bom,Sem defeito,Perfeito estado,Seca,Perfeito estado,Não existe,Não há placas,60.0,Dupla,Faixa seccionada,Não informado,2020,2,20,3,8.0
2020-02-20,08:16:00,SEM VÍTIMA,FINALIZADA,IBURA,RUA BABILONIA,Não informado,UR 03 PROX A PADARIA TRIGO DE OURO   EM FRENTE A ESCOLA MARCOS FREIRE,IBURA,Não informado,COLISÃO,COLISÃO SEM VITIMAS,2.0,1.0,0.0,0.0,0.0,0.0,0.0,0.0,0.0,0.0,0.0,Longo da via,Bom,Não existe,Não existente,Seca,Perfeito estado,Não existe,Não há placas,60.0,Dupla,Não existe,Não informado,2020,2,20,3,8.0
2020-02-20,08:17:00,SEM VÍTIMA,FINALIZADA,SANTO AMARO,AV PREFEITO ARTUR LIMA CAVALCANTI,Não informado,POR TRAS DO HOSPITAL DA MARINHA,SANTO AMARO,SUBURBIO,COLISÃO,CAMINHÃO E AUTO  BATEDORES NO LOCAL GM´S BASTOS E ITALO,1.0,1.0,0.0,0.0,0.0,0.0,1.0,0.0,0.0,0.0,0.0,Longo da via,Chuvoso,Não existe,Perfeito estado,Seca,Perfeito estado,Não existe,Não há placas,60.0,Única,Não existe,Não informado,2020,2,20,3,8.0
2020-02-20,08:41:00,COM VÍTIMA,FINALIZADA,BONGI,RUA CARLOS GOMES,RUA PADRE TEOFILO TWORZ,EM FRENTE AO CANAL / PROX AO CENTRO DE SAUDE ROMERO MARQUES,BONGI,SUBURBIO,COLISÃO,AUTO E MOTO,1.0,1.0,0.0,0.0,0.0,0.0,0.0,0.0,0.0,1.0,0.0,Cruzamento,Bom,Não existe,Incompleta,Seca,Perfeito estado,Não existe,Não há placas,60.0,Única,Faixa seccionada,Não informado,2020,2,20,3,8.0
2020-02-20,08:42:00,SEM VÍTIMA,FINALIZADA,IMBIRIBEIRA,AV MARECHAL MASCARENHAS DE MORAES,Não informado,E/F AO JUIZADO ESPECIAIS DO RECIFE (SENT. AFOGADOS),IMBIRIBEIRA,CIDADE,COLISÃO,COLISÃO S/VITIMAS ENTRE DOIS AUTOS,2.0,1.0,0.0,0.0,0.0,0.0,0.0,0.0,0.0,0.0,0.0,Longo da via,Nublado,Não existe,Perfeito estado,Seca,Perfeito estado,Não existe,Não há placas,30.0,Única,Não existe,Não informado,2020,2,20,3,8.0
2020-02-20,08:48:00,SEM VÍTIMA,FINALIZADA,ENCRUZILHADA,EST DE BELEM,RUA DOMINGOS BASTOS,AO LADO DA IGREJA CATÓLICA DA EST DE BELEM,ENCRUZILHADA,SUBURBIO,COLISÃO,COLISÃO S/VITIMAS ENTRE UM CAMINHÃO E UM AUTO (V.T 05 NO QTH),1.0,1.0,0.0,0.0,0.0,0.0,1.0,0.0,0.0,0.0,0.0,Longo da via,Bom,Não existe,Perfeito estado,Seca,Perfeito estado,Não existe,Não há placas,60.0,Dupla,Faixa contínua,Não informado,2020,2,20,3,8.0
2020-02-20,08:49:00,COM VÍTIMA,FINALIZADA,SANTO AMARO,AV GOVERNADOR AGAMENON MAGALHAES,Não informado,EM FRENTE A UPE SENT. OLINDA. LADO OPOSTO AO POSTO DE COMBUSTÍVEL BR,SANTO AMARO,OLINDA,COLISÃO TRASEIRA,DOIS AUTOS E MOTO,2.0,1.0,0.0,0.0,0.0,0.0,0.0,0.0,0.0,1.0,0.0,Longo da via,Bom,Sem defeito,Perfeito estado,Seca,Perfeito estado,Faixa de pedestre,Não há placas,60.0,Única,Faixa seccionada,Não informado,2020,2,20,3,8.0
2020-02-20,08:54:00,SEM VÍTIMA,FINALIZADA,DERBY,AV GOVERNADOR AGAMENON MAGALHAES,AV RUI BARBOSA,EM FRENTE AO TRE,DERBY,CIDADE,COLISÃO,DOIS AUTOS PONTO FIXO SUB. PAULINO E DOUGLAS,2.0,1.0,0.0,0.0,0.0,0.0,0.0,0.0,0.0,0.0,0.0,Longo da via,Bom,Sem defeito,Perfeito estado,Seca,Perfeito estado,Faixa de retenção,Outras,60.0,Única,Faixa contínua,Não informado,2020,2,20,3,8.0
2020-02-20,10:22:00,SEM VÍTIMA,FINALIZADA,JARDIM SÃO PAULO,AV RECIFE,AV JOAO CABRAL DE MELO NETO,EM FRENTE CERPE,JARDIM SÃO PAULO,SUBURBIO,COLISÃO,TRES AUTOS / GM AUGUSTO P.O,3.0,1.0,0.0,0.0,0.0,0.0,0.0,0.0,0.0,0.0,0.0,Cruzamento,Bom,Sem defeito,Perfeito estado,Seca,Perfeito estado,Faixa de pedestre,Outras,60.0,Dupla,Canteiro central,Não informado,2020,2,20,3,10.0
2020-02-20,10:44:00,SEM VÍTIMA,FINALIZADA,CABANGA,AV SATURNINO DE BRITO,Não informado,E/F A COMPESA,CABANGA,Não informado,COLISÃO,COLISÃO S/VITIMAS ENTRE UM CAMINHÃO E UM AUTO,1.0,1.0,0.0,0.0,0.0,0.0,1.0,0.0,0.0,0.0,0.0,Longo da via,Bom,Não existe,Perfeito estado,Seca,Perfeito estado,Não existe,Não há placas,40.0,Única,Não existe,Não informado,2020,2,20,3,10.0
2020-02-20,10:54:00,SEM VÍTIMA,FINALIZADA,ESTÂNCIA,AV RECIFE,Não informado,EM FRENTE LOJA MESTRE DAS BATERIAS,ESTÂNCIA,Não informado,COLISÃO,COLISÃO SEM VITIMAS LAIS ARAUJO QTH,1.0,1.0,0.0,0.0,0.0,0.0,1.0,0.0,0.0,0.0,0.0,Longo da via,Bom,Não existe,Incompleta,Seca,Perfeito estado,Não existe,Outras,60.0,Dupla,Canteiro central,Não informado,2020,2,20,3,10.0
2020-02-20,10:55:00,SEM VÍTIMA,CANCELADA,ARRUDA,RUA DAS MOCAS,Não informado,VIA RESIDENCIAL,ARRUDA,Não informado,COLISÃO,COLISÃO S/VITIMAS ENTRE DOIS AUTOS,2.0,1.0,0.0,0.0,0.0,0.0,0.0,0.0,0.0,0.0,0.0,Não informado,Não informado,Não informado,Não informado,Não informado,Não informado,Não informado,Não informado,60.0,Não informado,Não informado,Não informado,2020,2,20,3,10.0
2020-02-20,11:41:00,COM VÍTIMA,FINALIZADA,MADALENA,RUA BENFICA,Não informado,EM FRENTE A PRAÇA DO CLUBE INTERNACIONAL,MADALENA,CIDADE,COLISÃO TRASEIRA,MOTO E AUTO,1.0,1.0,0.0,0.0,0.0,0.0,0.0,0.0,0.0,1.0,0.0,Cruzamento,Bom,Sem defeito,Perfeito estado,Seca,Perfeito estado,Faixa de pedestre,Não informado,60.0,Única,Não informado,Não informado,2020,2,20,3,11.0
2020-02-20,11:58:00,COM VÍTIMA,FINALIZADA,TORRE,RUA REAL DA TORRE,Não informado,EM FRENTE A JÚNIOR EQUIPADORA,TORRE,ABDIAS,ABALROAMENTO LONGITUDINAL,ONIBUS E CAMINHÃO,1.0,1.0,0.0,0.0,0.0,1.0,1.0,0.0,0.0,1.0,0.0,Longo da via,Bom,Sem defeito,Perfeito estado,Seca,Perfeito estado,Agente,Não informado,60.0,Única,Faixa seccionada,Não informado,2020,2,20,3,11.0
2020-02-20,12:17:00,SEM VÍTIMA,FINALIZADA,CAMPO GRANDE,RUA JERONIMO VILELA,Não informado,EM FRENTE A GALERIA SANTA TERESINHA,CAMPO GRANDE,SUBURBIO,COLISÃO,COLISÃO SEM VÍTIMA,3.0,1.0,0.0,0.0,0.0,0.0,0.0,0.0,0.0,0.0,0.0,Longo da via,Bom,Não existe,Perfeito estado,Seca,Perfeito estado,Não existe,R-6a,60.0,Dupla,Faixa seccionada,Não informado,2020,2,20,3,12.0
2020-02-20,12:21:00,SEM VÍTIMA,FINALIZADA,BOA VISTA,AV LINS PETIT,Não informado,AO LADO DO EMPRESARIAL SA LEITÃO E EM FRENTE AO STYLLUS,BOA VISTA,SUBURBIO,COLISÃO,COLISÃO SEM VÍTIMA,2.0,1.0,0.0,0.0,0.0,0.0,0.0,0.0,0.0,0.0,0.0,Longo da via,Chuvoso,Não existe,Não informado,Molhada,Perfeito estado,Não existe,Não há placas,60.0,Única,Faixa seccionada,Não informado,2020,2,20,3,12.0
2020-02-20,12:37:00,COM VÍTIMA,FINALIZADA,PINA,PTE AGAMENON MAGALHAES,Não informado,EM CIMA DA PONTE DO PINA S/T CID PROX AO RESTAURANTE BARGAÇO,PINA,CIDADE,COLISÃO TRASEIRA,COLISAO ENTRE AUTO E MOTO COM UMA VITIMA,1.0,1.0,0.0,0.0,0.0,0.0,0.0,0.0,0.0,1.0,0.0,Ponte,Chuvoso,Não existe,Perfeito estado,Molhada,Perfeito estado,Não informado,Não informado,60.0,Única,Canteiro central,Não informado,2020,2,20,3,12.0
2020-02-20,13:00:00,COM VÍTIMA,FINALIZADA,JORDÃO,AV CENTENARIO ALBERTO SANTOS DUMONT,Não informado,EMPRESA MINUSA,JORDÃO,SUBURBIO,ABALROAMENTO LONGITUDINAL,COLISAO COM VITIMA ENTRE CARRO E MOTO,1.0,1.0,0.0,0.0,0.0,0.0,0.0,0.0,0.0,1.0,0.0,Longo da via,Bom,Não existe,Perfeito estado,Seca,Perfeito estado,Não existe,R-6a,60.0,Dupla,Faixa contínua,Não informado,2020,2,20,3,13.0
2020-02-20,13:06:00,SEM VÍTIMA,FINALIZADA,BOA VIAGEM,RUA PROFESSOR MARIO CASTRO,Não informado,EM FRENTE AO EDIFICIO SAINT DENIS,BOA VIAGEM,Não informado,COLISÃO,COLISÃO SEM VÍTIMA,2.0,1.0,0.0,0.0,0.0,0.0,0.0,0.0,0.0,0.0,0.0,Longo da via,Chuvoso,Não existe,Incompleta,Molhada,Perfeito estado,Não existe,Outras,60.0,Dupla,Não existe,Não informado,2020,2,20,3,13.0
2020-02-20,13:09:00,COM VÍTIMA,FINALIZADA,BOA VISTA,RUA AURORA,RUA JOAO LIRA,AO LADO DA COMPESA,BOA VISTA,Não informado,ABALROAMENTO TRANSVERSAL,COLISAO ENTRE AUTO E MOTO COM UMA VITIMA,1.0,1.0,0.0,0.0,0.0,0.0,0.0,0.0,0.0,1.0,0.0,Esquina,Chuvoso,Não existe,Incompleta,Molhada,Mal conservada,Não existe,Outras,60.0,Única,Canteiro central,Não informado,2020,2,20,3,13.0
2020-02-20,13:11:00,SEM VÍTIMA,CANCELADA,GRAÇAS,AV SANTOS DUMONT,RUA ALBERTO PAIVA,COLEGIO MARISTA SAO LUIS- PORTAO DE TRAS DO COLEGIO,GRAÇAS,Não informado,COLISÃO,COLISAO S/ VITIMA. ENTRE DOIS VEICULOS,2.0,1.0,0.0,0.0,0.0,0.0,0.0,0.0,0.0,0.0,0.0,Não informado,Não informado,Não informado,Não informado,Não informado,Não informado,Não informado,Não informado,60.0,Não informado,Não informado,Não informado,2020,2,20,3,13.0