data,hora,natureza_acidente,situacao,bairro,endereco,detalhe_endereco_acidente,complemento,bairro_cruzamento,sentido_via,tipo,descricao,auto,moto,ciclom,ciclista,pedestre,onibus,caminhao,viatura,outros,vitimas,vitimasfatais,acidente_verificado,tempo_clima,situacao_semaforo,sinalizacao,condicao_via,conservacao_via,ponto_controle,situacao_placa,velocidade_max_via,mao_direcao,divisao_via1,natureza,ano,mes,dia,dia_semana,hora_ocorrencia
2020-02-20,13:34:00,SEM VÍTIMA,FINALIZADA,TORRE,PRC PROFESSOR BARRETO CAMPELLO,Não informado,EM FRENTE A PRAÇA CITADA NO ENDEREÇO,TORRE,CIDADE,COLISÃO,COLISÃO SEM VÍTIMA,2.0,1.0,0.0,0.0,0.0,0.0,0.0,0.0,0.0,0.0,0.0,Longo da via,Bom,Sem defeito,Perfeito estado,Seca,Perfeito estado,Não existe,Não há placas,60.0,Dupla,Faixa contínua,Não informado,2020,2,20,3,13.0
2020-02-20,13:48:00,SEM VÍTIMA,FINALIZADA,IMBIRIBEIRA,RUA ARQUITETO LUIZ NUNES,RUA DEOLINDO TAVARES,PROX A ESCOLA DE ENFERMAGEM SAO CAETANO,IMBIRIBEIRA,SUBURBIO,COLISÃO,COLISAO ENTRE AUTO E AMBULANCIA,1.0,1.0,0.0,0.0,0.0,0.0,0.0,0.0,1.0,0.0,0.0,Cruzamento,Chuvoso,Não existe,Perfeito estado,Molhada,Perfeito estado,Não existe,R-6a,40.0,Única,Faixa seccionada,Não informado,2020,2,20,3,13.0
2020-02-20,13:57:00,SEM VÍTIMA,FINALIZADA,TEJIPIÓ,AV DR JOSE RUFINO,Não informado,CLINICA AQUI DR,TEJIPIÓ,SUBURBIO,COLISÃO,COLISAO S/ VITIMA ENTRE DOIS VEICULOS,2.0,1.0,0.0,0.0,0.0,0.0,0.0,0.0,0.0,0.0,0.0,Longo da via,Chuvoso,Não existe,Perfeito estado,Molhada,Perfeito estado,Não existe,Não há placas,60.0,Dupla,Faixa contínua,Não informado,2020,2,20,3,13.0
2020-02-20,14:04:00,SEM VÍTIMA,FINALIZADA,PARNAMIRIM,RUA SEBASTIAO ALVES,Não informado,PROX AO HOSPITAL AGAMENON MAGALHAES,PARNAMIRIM,SUBURBIO,COLISÃO,COLISAO ENTRE DOIS AUTOS S/V,2.0,1.0,0.0,0.0,0.0,0.0,0.0,0.0,0.0,0.0,0.0,Longo da via,Bom,Não existe,Perfeito estado,Seca,Perfeito estado,Não existe,Não há placas,60.0,Única,Não existe,Não informado,2020,2,20,3,14.0
2020-02-20,14:06:00,SEM VÍTIMA,CANCELADA,BOA VIAGEM,AV BOA VIAGEM,RUA ATLANTICO,RESTAURANTE ENTRE AMIGOS PRAIA,BOA VIAGEM,PINA,COLISÃO,COLISAO S/ VITIMA ENTRE DOIS VEICULOS,2.0,1.0,0.0,0.0,0.0,0.0,0.0,0.0,0.0,0.0,0.0,Não informado,Não informado,Não informado,Não informado,Não informado,Não informado,Não informado,Não informado,60.0,Não informado,Não informado,Não informado,2020,2,20,3,14.0
2020-02-20,14:26:00,COM VÍTIMA,FINALIZADA,AFOGADOS,RUA SAO MIGUEL,RUA ALEXANDRE RODRIGUES FERREIRA,PROXIMO AO LABORATORIO CERPE,AFOGADOS,SUBURBIO,ABALROAMENTO TRANSVERSAL,COLISÃO COM VÍTIMA,1.0,1.0,0.0,0.0,0.0,0.0,0.0,0.0,0.0,1.0,0.0,Esquina,Chuvoso,Não existe,Perfeito estado,Molhada,Perfeito estado,Não existe,Não há placas,60.0,Dupla,Faixa contínua,Não informado,2020,2,20,3,14.0
2020-02-20,14:27:00,SEM VÍTIMA,FINALIZADA,BOA VIAGEM,RUA VISCONDE DE JEQUITINHONHA,Não informado,ANTES DO PARQUE DONA LINDU,BOA VIAGEM,SUBURBIO,COLISÃO,COLISAO S/ VITIMKA ENTRE DOIS VEICULOS. BATEDOR MANOEL SILVA E EVERTON NO LOCAL,2.0,1.0,0.0,0.0,0.0,0.0,0.0,0.0,0.0,0.0,0.0,Longo da via,Chuvoso,Não existe,Perfeito estado,Molhada,Perfeito estado,Não existe,Não há placas,60.0,Única,Faixa seccionada,Não informado,2020,2,20,3,14.0
2020-02-20,14:41:00,SEM VÍTIMA,FINALIZADA,IMBIRIBEIRA,RUA CORONEL FABRICIANO,AV MARECHAL MASCARENHAS DE MORAES,AO LADO DO ATACADO DOS PRESENTES,IMBIRIBEIRA,CIDADE,COLISÃO,COLISÃO SEM VÍTIMA,1.0,1.0,0.0,0.0,0.0,1.0,0.0,0.0,0.0,0.0,0.0,Esquina,Chuvoso,Sem defeito,Perfeito estado,Molhada,Perfeito estado,Faixa de pedestre,Outras,60.0,Dupla,Canteiro central,Não informado,2020,2,20,3,14.0
2020-02-20,14:47:00,COM VÍTIMA,FINALIZADA,DERBY,RUA JENER DE SOUZA,Não informado,EM FRENTE A FUNDAÇÃO JOAQUIM NABUCO,DERBY,Não informado,COLISÃO,COLISÃO COM VÍTIMA,1.0,1.0,0.0,0.0,0.0,0.0,0.0,0.0,0.0,1.0,0.0,Não informado,Não informado,Não informado,Não informado,Não informado,Não informado,Não informado,Não informado,60.0,Não informado,Não informado,Não informado,2020,2,20,3,14.0
2020-02-20,15:10:00,SEM VÍTIMA,CANCELADA,BOA VIAGEM,AV BOA VIAGEM,Não informado,E/F A PADARIA BOA VIAGEM,BOA VIAGEM,Não informado,COLISÃO,COLISAO ENTRE DOIS AUTOS S/V,2.0,1.0,0.0,0.0,0.0,0.0,0.0,0.0,0.0,0.0,0.0,Não informado,Não informado,Não informado,Não informado,Não informado,Não informado,Não informado,Não informado,60.0,Não informado,Não informado,Não informado,2020,2,20,3,15.0
2020-02-20,15:13:00,SEM VÍTIMA,FINALIZADA,JOANA BEZERRA,RUA AGUA DOCE,Não informado,E/F AO PORTAO DE ENTRADA DO TERMINAL INTEGRADO JOANA BEZERRA . AO LADO DA ACADEMIA DA CIDADE,JOANA BEZERRA,CIDADE,ATROPELAMENTO ANIMAL,COLISAO ENTRE ONIBUS -CICLISTA E CAVALO,1.0,1.0,0.0,1.0,0.0,1.0,0.0,0.0,1.0,0.0,0.0,Longo da via,Bom,Não existe,Perfeito estado,Seca,Perfeito estado,Não existe,Não há placas,60.0,Única,Canteiro central,Não informado,2020,2,20,3,15.0
2020-02-20,15:15:00,SEM VÍTIMA,FINALIZADA,BOA VIAGEM,AV BOA VIAGEM,Não informado,EM FRENTE AO PARQUE DONA LINDU,BOA VIAGEM,CIDADE,COLISÃO,COLISÃO SEM VÍTIMA,1.0,1.0,0.0,0.0,0.0,0.0,0.0,0.0,0.0,0.0,0.0,Longo da via,Chuvoso,Sem defeito,Perfeito estado,Molhada,Perfeito estado,Faixa de pedestre,Não há placas,60.0,Única,Faixa contínua,Não informado,2020,2,20,3,15.0
2020-02-20,15:39:00,SEM VÍTIMA,FINALIZADA,BOA VIAGEM,RUA RIBEIRO DE BRITO,RUA JONATHAS DE VASCONCELOS,UNINASSAU// SUBIDA DO VIADUTO// HOTEL NACIONAL INN BOA VIAGEM,BOA VIAGEM,AV RECIFE,COLISÃO,COLISAO S/ VITIMA// ENTRE DOIS VEICULOS,2.0,1.0,0.0,0.0,0.0,0.0,0.0,0.0,0.0,0.0,0.0,Cruzamento,Chuvoso,Não existe,Perfeito estado,Molhada,Perfeito estado,Outros,Outras,60.0,Única,Faixa seccionada,Não informado,2020,2,20,3,15.0
2020-02-20,15:47:00,COM VÍTIMA,FINALIZADA,SAN MARTIN,RUA PROFESSOR SILVIO DA CUNHA SANTOS,RUA ARSENIO CALACA,PROXIMO A IGREJA NOSSA SENHORA DE FATIMA,SAN MARTIN,SUBURBIO,ABALROAMENTO TRANSVERSAL,COLISÃO COM VÍTIMA,1.0,1.0,0.0,0.0,0.0,0.0,0.0,0.0,0.0,1.0,0.0,Longo da via,Bom,Não existe,Perfeito estado,Seca,Perfeito estado,Não existe,Não há placas,60.0,Dupla,Não existe,Não informado,2020,2,20,3,15.0
2020-02-20,15:52:00,SEM VÍTIMA,CANCELADA,BOA VIAGEM,RUA FELIX DE BRITO E MELO,Não informado,E/F A CULTURA YOUNG,BOA VIAGEM,Não informado,COLISÃO,COLISAO ENTRE DOIS AUTOS S/V,2.0,1.0,0.0,0.0,0.0,0.0,0.0,0.0,0.0,0.0,0.0,Não informado,Não informado,Não informado,Não informado,Não informado,Não informado,Não informado,Não informado,60.0,Não informado,Não informado,Não informado,2020,2,20,3,15.0
2020-02-20,16:11:00,SEM VÍTIMA,FINALIZADA,PRADO,RUA GREGORIO JUNIOR,RUA GOMES TABORDA,PROX AMENDOLANDIA,PRADO,SUBURBIO,COLISÃO,COLISAO ENTRE DOIS AUTOS S/V,2.0,1.0,0.0,0.0,0.0,0.0,0.0,0.0,0.0,0.0,0.0,Longo da via,Bom,Não existe,Perfeito estado,Seca,Perfeito estado,Não existe,Não há placas,60.0,Única,Faixa seccionada,Não informado,2020,2,20,3,16.0
2020-02-20,16:22:00,SEM VÍTIMA,FINALIZADA,SAN MARTIN,RUA DUARTE FILHO,RUA COMENDADOR FRANCO FERREIRA,PROX A LOMBADA ELETRONICA,SAN MARTIN,Não informado,COLISÃO,COLISAO ENTRE AUTO E MOTO S/V,1.0,1.0,0.0,0.0,0.0,0.0,0.0,0.0,0.0,0.0,0.0,Cruzamento,Chuvoso,Não existe,Ilegível,Seca,Outros,Outros,Placas Pare,30.0,Dupla,Não existe,Não informado,2020,2,20,3,16.0
2020-02-20,16:40:00,SEM VÍTIMA,FINALIZADA,AFOGADOS,RUA SAO MIGUEL,Não informado,PROXIMO AO ATACAREJO,AFOGADOS,CIDADE,COLISÃO,COLISÃO SEM VÍTIMA,1.0,1.0,0.0,0.0,0.0,0.0,0.0,0.0,1.0,0.0,0.0,Longo da via,Bom,Não existe,Não existente,Seca,Perfeito estado,Não existe,Não há placas,60.0,Dupla,Faixa contínua,Não informado,2020,2,20,3,16.0
2020-02-20,17:01:00,SEM VÍTIMA,CANCELADA,MACAXEIRA,AV NORTE,Não informado,NO GIRADOURO PROX AO TERMINAL DA MACAXEIRA,MACAXEIRA,Não informado,COLISÃO,COLISAO ENTRE DOIS AUTOS S/V,2.0,1.0,0.0,0.0,0.0,0.0,0.0,0.0,0.0,0.0,0.0,Não informado,Não informado,Não informado,Não informado,Não informado,Não informado,Não informado,Não informado,60.0,Não informado,Não informado,Não informado,2020,2,20,3,17.0
2020-02-20,17:24:00,SEM VÍTIMA,FINALIZADA,PAISSANDU,AV GOVERNADOR AGAMENON MAGALHAES,Não informado,E/F AO HOSPITAL PORTUGUES PISTA LOCAL,PAISSANDU,SUBURBIO,COLISÃO,COLISAO ENTRE DOIS AUTOS S/V,2.0,1.0,0.0,0.0,0.0,0.0,0.0,0.0,0.0,0.0,0.0,Longo da via,Chuvoso,Não existe,Perfeito estado,Molhada,Perfeito estado,Outros,Outras,50.0,Dupla,Faixa seccionada,Não informado,2020,2,20,3,17.0
2020-02-20,17:40:00,SEM VÍTIMA,FINALIZADA,VASCO DA GAMA,AV NORTE,Não informado,E/F PALACIO ATACADO,VASCO DA GAMA,CIDADE,COLISÃO,AUTO X ÔNIBUS,1.0,1.0,0.0,0.0,0.0,1.0,0.0,0.0,0.0,0.0,0.0,Longo da via,Bom,Não existe,Não informado,Seca,Perfeito estado,Não existe,R-6a,60.0,Única,Faixa seccionada,Não informado,2020,2,20,3,17.0
2020-02-20,18:13:00,SEM VÍTIMA,CANCELADA,BAIRRO DO RECIFE,PRC SERGIO LORETO,1PR DIAS COELHO,E/F AO BAR DO INDIO,BAIRRO DO RECIFE,Não informado,COLISÃO,COLISAO SEM VITIMAS,2.0,1.0,0.0,0.0,0.0,0.0,0.0,0.0,0.0,0.0,0.0,Não informado,Não informado,Não informado,Não informado,Não informado,Não informado,Não informado,Não informado,60.0,Não informado,Não informado,Não informado,2020,2,20,3,18.0
2020-02-20,18:22:00,SEM VÍTIMA,FINALIZADA,BOA VIAGEM,AV CONSELHEIRO AGUIAR,RUA RIBEIRO DE BRITO,AO LADO DO HOLIDAY,BOA VIAGEM,CIDADE,COLISÃO,COLISÃO SEM VÍTIMA,1.0,1.0,0.0,0.0,0.0,0.0,0.0,0.0,0.0,0.0,0.0,Cruzamento,Chuvoso,Sem defeito,Perfeito estado,Molhada,Perfeito estado,Agente,Não há placas,60.0,Única,Faixa seccionada,Não informado,2020,2,20,3,18.0
2020-02-20,18:25:00,SEM VÍTIMA,CANCELADA,BOA VIAGEM,RUA BARAO DE SOUZA LEAO,Não informado,E/F AO RESTAURANTE COSTA BRAVA,BOA VIAGEM,Não informado,COLISÃO,COLISAO SEM VITIMAS,2.0,1.0,0.0,0.0,0.0,0.0,0.0,0.0,0.0,0.0,0.0,Não informado,Não informado,Não informado,Não informado,Não informado,Não informado,Não informado,Não informado,60.0,Não informado,Não informado,Não informado,2020,2,20,3,18.0
2020-02-20,18:28:00,SEM VÍTIMA,FINALIZADA,CORDEIRO,AV CAXANGA,Não informado,EM FRENTE AO Nº 1414,CORDEIRO,SUBURBIO,COLISÃO TRASEIRA,PEUGEOT X KIA,2.0,1.0,0.0,0.0,0.0,0.0,0.0,0.0,0.0,0.0,0.0,Longo da via,Bom,Não existe,Perfeito estado,Seca,Perfeito estado,Não existe,Não há placas,60.0,Dupla,Canteiro central,Não informado,2020,2,20,3,18.0
2020-02-20,18:36:00,SEM VÍTIMA,FINALIZADA,IPUTINGA,EST DO BARBALHO,AV CAXANGA,ENF. A LOJA TUDO É 10,IPUTINGA,SUBURBIO,COLISÃO,PALIO X FIORINO,2.0,1.0,0.0,0.0,0.0,0.0,0.0,0.0,0.0,0.0,0.0,Longo da via,Bom,Sem defeito,Perfeito estado,Seca,Perfeito estado,Agente,Não há placas,60.0,Única,Faixa contínua,Não informado,2020,2,20,3,18.0
2020-02-20,18:49:00,SEM VÍTIMA,CANCELADA,Não informado,RUA XAVANTES,Não informado,Não informado,Não informado,Não informado,COLISÃO,Não informado,2.0,1.0,0.0,0.0,0.0,0.0,0.0,0.0,0.0,0.0,0.0,Não informado,Não informado,Não informado,Não informado,Não informado,Não informado,Não informado,Não informado,60.0,Não informado,Não informado,Não informado,2020,2,20,3,18.0
2020-02-20,19:48:00,SEM VÍTIMA,FINALIZADA,BOA VISTA,RUA JOSE DE ALENCAR,AV MANOEL BORBA,NO CRUZAMENTO MESMO,BOA VISTA,SUBURBIO,COLISÃO,COLISAO SEM VITIMAS,2.0,1.0,0.0,0.0,0.0,0.0,0.0,0.0,0.0,0.0,0.0,Cruzamento,Chuvoso,Sem defeito,Perfeito estado,Molhada,Perfeito estado,Faixa de pedestre,R-25b,30.0,Dupla,Não existe,Não informado,2020,2,20,3,19.0
2020-02-20,19:55:00,SEM VÍTIMA,FINALIZADA,ARRUDA,AV PROFESSOR JOSE DOS ANJOS,Não informado,AO LADO DENOCS // BEIRA CANAL DO ARRUDA,ARRUDA,SUBURBIO,COLISÃO,HONDA CIVIC X HONDA CITY,2.0,1.0,0.0,0.0,0.0,0.0,0.0,0.0,0.0,0.0,0.0,Longo da via,Chuvoso,Não existe,Perfeito estado,Molhada,Mal iluminada,Outros,Não há placas,60.0,Dupla,Canal,Não informado,2020,2,20,3,19.0
2020-02-20,21:30:00,SEM VÍTIMA,CANCELADA,MADALENA,AV VISCONDE DE ALBUQUERQUE,RUA JANUARIO BARBOSA,ENF. A UME UNIDADE MEDICA ESPECIALIZADA,MADALENA,Não informado,COLISÃO,AUTO X MOTO,1.0,1.0,0.0,0.0,0.0,0.0,0.0,0.0,0.0,0.0,0.0,Não informado,Não informado,Não informado,Não informado,Não informado,Não informado,Não informado,Não informado,60.0,Não informado,Não informado,Não informado,2020,2,20,3,21.0
2020-02-20,21:36:00,SEM VÍTIMA,FINALIZADA,MACAXEIRA,AV NORTE,Não informado,ANTES DO PARQUE DA MACAXEIRA // SENTIDO MACAXEIRA,MACAXEIRA,SUBURBIO,COLISÃO,MOTO X FORD KA,1.0,1.0,0.0,0.0,0.0,0.0,0.0,0.0,0.0,0.0,0.0,Longo da via,Chuvoso,Sem defeito,Perfeito estado,Molhada,Perfeito estado,Faixa de pedestre,Outras,60.0,Única,Faixa contínua,Não informado,2020,2,20,3,21.0
2020-02-20,21:55:00,SEM VÍTIMA,FINALIZADA,BOA VIAGEM,RUA ERNESTO DE PAULA SANTOS,RUA JONATHAS DE VASCONCELOS,E/F AO POSTO BR,BOA VIAGEM,SUBURBIO,COLISÃO,COLISAO SEM VITIMAS,2.0,1.0,0.0,0.0,0.0,0.0,0.0,0.0,0.0,0.0,0.0,Cruzamento,Bom,Não existe,Perfeito estado,Seca,Perfeito estado,Não existe,Não há placas,60.0,Única,Faixa seccionada,Não informado,2020,2,20,3,21.0
2020-02-20,22:13:00,SEM VÍTIMA,CANCELADA,ÁGUA FRIA,EST VELHA DE AGUA FRIA,Não informado,PROX AO DENOCS,ÁGUA FRIA,Não informado,CHOQUE OBJETO FIXO,AUTO E ARVORE,1.0,1.0,0.0,0.0,0.0,0.0,0.0,0.0,0.0,0.0,0.0,Não informado,Não informado,Não informado,Não informado,Não informado,Não informado,Não informado,Não informado,60.0,Não informado,Não informado,Não informado,2020,2,20,3,22.0
2020-02-20,23:00:00,SEM VÍTIMA,CANCELADA,BOA VIAGEM,RUA VISCONDE DE JEQUITINHONHA,RUA BARAO DE SOUZA LEAO,ENF AO HOSPITAL NOSSA SENHORA DAS GRAÇAS,BOA VIAGEM,Não informado,ENGAVETAMENTO,VERSA X PRISMA X JOY,3.0,1.0,0.0,0.0,0.0,0.0,0.0,0.0,0.0,0.0,0.0,Não informado,Não informado,Não informado,Não informado,Não informado,Não informado,Não informado,Não informado,60.0,Não informado,Não informado,Não informado,2020,2,20,3,23.0
2020-02-21,02:05:00,COM VÍTIMA,CANCELADA,SÃO JOSÉ,RUA IMPERIAL,Não informado,PONTILHÃO DO FEIRÃO,SÃO JOSÉ,Não informado,COLISÃO,COLISÃO ENTRE AUTO E MOTO- C/V,1.0,1.0,0.0,0.0,0.0,0.0,0.0,0.0,0.0,1.0,0.0,Não informado,Não informado,Não informado,Não informado,Não informado,Não informado,Não informado,Não informado,60.0,Não informado,Não informado,Não informado,2020,2,21,4,2.0
2020-02-21,03:11:00,COM VÍTIMA,FINALIZADA,IBURA,AV RECIFE,RUA SAO NICOLAU,PRÓX A CASA DAS BATERIAS // MARAVILHA MOTOS,IBURA,CIDADE,ABALROAMENTO TRANSVERSAL,COLISÃO ENTRE DOIS AUTOS- C/V,2.0,1.0,0.0,0.0,0.0,0.0,0.0,0.0,0.0,1.0,0.0,Cruzamento,Bom,Sem defeito,Perfeito estado,Seca,Perfeito estado,Faixa de pedestre,R-6a,60.0,Dupla,Canteiro central,Não informado,2020,2,21,4,3.0
2020-02-21,06:55:00,SEM VÍTIMA,FINALIZADA,BEBERIBE,AV BEBERIBE,Não informado,Não informado,BEBERIBE,SUBURBIO,ABALROAMENTO TRANSVERSAL,COLISÃO SEM VITIMAS,1.0,1.0,0.0,0.0,0.0,0.0,0.0,0.0,0.0,0.0,0.0,Longo da via,Bom,Sem defeito,Perfeito estado,Seca,Perfeito estado,Faixa de pedestre,Outras,60.0,Dupla,Faixa seccionada,Não informado,2020,2,21,4,6.0
2020-02-21,07:52:00,SEM VÍTIMA,FINALIZADA,PRADO,AV ENGENHEIRO ABDIAS DE CARVALHO,Não informado,E/F A GRANVIA,PRADO,CIDADE,COLISÃO TRASEIRA,COLISÃO S/VITIMAS ENTRE DUAS MOTOS (USUÁRIO INF. QUE HOUVE ESCORIAÇÕES- NO ENTANTO- NÃO VAI SER ACIONADO SAMU),1.0,2.0,0.0,0.0,0.0,0.0,0.0,0.0,0.0,0.0,0.0,Longo da via,Bom,Sem defeito,Perfeito estado,Seca,Perfeito estado,Faixa de pedestre,R-6a,60.0,Dupla,Faixa seccionada,Não informado,2020,2,21,4,7.0
2020-02-21,08:13:00,SEM VÍTIMA,FINALIZADA,AFOGADOS,RUA VINTE E UM DE ABRIL,Não informado,Não informado,AFOGADOS,CIDADE,ABALROAMENTO LONGITUDINAL,COLISÃO SEM VITIMAS,1.0,1.0,0.0,0.0,0.0,0.0,1.0,0.0,0.0,0.0,0.0,Longo da via,Bom,Não existe,Incompleta,Seca,Mal conservada,Não existe,Não há placas,60.0,Dupla,Não existe,Não informado,2020,2,21,4,8.0
2020-02-21,08:26:00,SEM VÍTIMA,FINALIZADA,BOA VIAGEM,AV CONSELHEIRO AGUIAR,Não informado,LADO OPOSTO A PORTOBELLO SHOP,BOA VIAGEM,CIDADE,ABALROAMENTO LONGITUDINAL,COLISAO SEM VITIMAS,1.0,1.0,0.0,0.0,0.0,1.0,0.0,0.0,0.0,0.0,0.0,Longo da via,Bom,Não existe,Perfeito estado,Seca,Perfeito estado,Não existe,Outras,60.0,Única,Faixa contínua,Não informado,2020,2,21,4,8.0
2020-02-21,08:48:00,SEM VÍTIMA,FINALIZADA,AFOGADOS,RUA NICOLAU PEREIRA,RUA DO ACRE,MERCADO DE AFOGADOS,AFOGADOS,SUBURBIO,COLISÃO TRASEIRA,AUTO E MOTO,1.0,1.0,0.0,0.0,0.0,0.0,0.0,0.0,0.0,0.0,0.0,Longo da via,Bom,Não existe,Perfeito estado,Seca,Perfeito estado,Não existe,Outras,60.0,Única,Não existe,Não informado,2020,2,21,4,8.0
2020-02-21,09:25:00,SEM VÍTIMA,FINALIZADA,Não informado,RUA RIO AZUL,Não informado,LADO OPOSTO AO POSTE B 007734,Não informado,CIDADE,ABALROAMENTO LONGITUDINAL,DOIS AUTOS,2.0,1.0,0.0,0.0,0.0,0.0,0.0,0.0,0.0,0.0,0.0,Longo da via,Bom,Não existe,Perfeito estado,Seca,Perfeito estado,Não existe,Outras,60.0,Única,Faixa seccionada,Não informado,2020,2,21,4,9.0
2020-02-21,09:53:00,SEM VÍTIMA,FINALIZADA,BOA VIAGEM,RUA MINISTRO NELSON HUNGRIA,RUA MARIA CAROLINA,Não informado,BOA VIAGEM,SUBURBIO,ABALROAMENTO TRANSVERSAL,COLISÃO S/VITIMAS ENTRE UMA MOTO E UM AUTO,1.0,1.0,0.0,0.0,0.0,0.0,0.0,0.0,0.0,0.0,0.0,Cruzamento,Bom,Não existe,Perfeito estado,Seca,Perfeito estado,Faixa de retenção,Não há placas,60.0,Única,Não existe,Não informado,2020,2,21,4,9.0
2020-02-21,09:57:00,SEM VÍTIMA,FINALIZADA,PARNAMIRIM,RUA SEBASTIAO MALTA ARCOVERDE,Não informado,Não informado,PARNAMIRIM,SUBURBIO,COLISÃO TRASEIRA,COLISÃO SEM VITIMAS VT 08 QTH,2.0,1.0,0.0,0.0,0.0,0.0,0.0,0.0,0.0,0.0,0.0,Longo da via,Bom,Não existe,Perfeito estado,Seca,Perfeito estado,Não existe,Não há placas,60.0,Única,Não existe,Não informado,2020,2,21,4,9.0
2020-02-21,09:59:00,SEM VÍTIMA,CANCELADA,CASA FORTE,AV DEZESSETE DE AGOSTO,EST REAL DO POCO,EM FRENTE A AMERICANA EXPRESS,CASA FORTE,Não informado,COLISÃO,DOIS AUTOS,2.0,1.0,0.0,0.0,0.0,0.0,0.0,0.0,0.0,0.0,0.0,Não informado,Não informado,Não informado,Não informado,Não informado,Não informado,Não informado,Não informado,60.0,Não informado,Não informado,Não informado,2020,2,21,4,9.0
2020-02-21,11:36:00,SEM VÍTIMA,CANCELADA,ESPINHEIRO,AV JOAO DE BARROS,Não informado,EM FRENTE AO COLEGIO SABER VIVER,ESPINHEIRO,Não informado,COLISÃO,COLISAO SEM VITIMAS,2.0,1.0,0.0,0.0,0.0,0.0,0.0,0.0,0.0,0.0,0.0,Não informado,Não informado,Não informado,Não informado,Não informado,Não informado,Não informado,Não informado,60.0,Não informado,Não informado,Não informado,2020,2,21,4,11.0
2020-02-21,11:40:00,SEM VÍTIMA,FINALIZADA,AFOGADOS,EST DOS REMEDIOS,Não informado,SUPERMERCADO TODO DIA,AFOGADOS,SUBURBIO,ABALROAMENTO LONGITUDINAL,COLISÃO  SEM VITIMAS,1.0,1.0,0.0,0.0,0.0,0.0,0.0,0.0,1.0,0.0,0.0,Longo da via,Chuvoso,Sem defeito,Perfeito estado,Molhada,Perfeito estado,Faixa de pedestre,Placas Dê a preferência,60.0,Dupla,Faixa contínua,Não informado,2020,2,21,4,11.0
2020-02-21,11:50:00,COM VÍTIMA,CANCELADA,JARDIM SÃO PAULO,EST DO CURADO,Não informado,EM FRENTE AO POSTO DE SAUDE  PLANETA DOS MACACOS 2,JARDIM SÃO PAULO,Não informado,COLISÃO,COLISÃO COM VITIMA  A ESPERA DO SAMU,2.0,1.0,0.0,0.0,0.0,0.0,0.0,0.0,0.0,2.0,0.0,Não informado,Não informado,Não informado,Não informado,Não informado,Não informado,Não informado,Não informado,60.0,Não informado,Não informado,Não informado,2020,2,21,4,11.0
2020-02-21,11:51:00,SEM VÍTIMA,FINALIZADA,BOA VISTA,AV MONTEVIDEU,Não informado,BIG BOM PREÇO DO PARQUE AMORIM,BOA VISTA,SUBURBIO,ABALROAMENTO LONGITUDINAL,COLISÃO S/VITIMAS ENTRE UM AUTO E UM CAMINHAO,1.0,1.0,0.0,0.0,0.0,0.0,1.0,0.0,0.0,0.0,0.0,Longo da via,Chuvoso,Não existe,Não existente,Molhada,Perfeito estado,Não existe,Não informado,60.0,Única,Não existe,Não informado,2020,2,21,4,11.0
2020-02-21,11:59:00,COM VÍTIMA,FINALIZADA,CÓRREGO DO JENIPAPO,AV NORTE,Não informado,PRÓX. AO TERMINAL DA MACAXEIRA. LADO OPOSTO AO PONTO DE ÔNIBUS Nº 110001.,CÓRREGO DO JENIPAPO,CIDADE,COLISÃO TRASEIRA,COLISÃO C/VITIMA ENTRE TRES AUTOS E MOTO (V.T06 NO QTH),3.0,1.0,0.0,0.0,0.0,0.0,0.0,0.0,0.0,1.0,0.0,Longo da via,Bom,Não existe,Perfeito estado,Seca,Perfeito estado,Não existe,Não há placas,60.0,Dupla,Canteiro central,Não informado,2020,2,21,4,11.0
2020-02-21,12:19:00,SEM VÍTIMA,FINALIZADA,BOA VIAGEM,AV CONSELHEIRO AGUIAR,RUA RIBEIRO DE BRITO,Não informado,BOA VIAGEM,CIDADE,COLISÃO TRASEIRA,COLISÃO SEM VÍTIMA,2.0,1.0,0.0,0.0,0.0,0.0,0.0,0.0,0.0,0.0,0.0,Cruzamento,Bom,Sem defeito,Perfeito estado,Seca,Perfeito estado,Faixa de pedestre,R-6a,60.0,Única,Faixa seccionada,Não informado,2020,2,21,4,12.0
2020-02-21,12:24:00,SEM VÍTIMA,CANCELADA,IBURA,AV DOM HELDER CAMARA,Não informado,AO LADO DO NUCLEO DA PM/ SENTIDO IPSEP,IBURA,Não informado,COLISÃO,COLISÃO SEM VÍTIMA,1.0,1.0,0.0,0.0,0.0,0.0,1.0,0.0,0.0,0.0,0.0,Não informado,Não informado,Não informado,Não informado,Não informado,Não informado,Não informado,Não informado,60.0,Não informado,Não informado,Não informado,2020,2,21,4,12.0
2020-02-21,13:11:00,SEM VÍTIMA,FINALIZADA,DOIS IRMÃOS,RUA DOIS IRMAOS,Não informado,EM FRENTE A LAFEPE,DOIS IRMÃOS,CIDADE,COLISÃO TRASEIRA,COLISAO S/ VITIMA. ENTRE CARRO E CAMINHAO,1.0,1.0,0.0,0.0,0.0,0.0,1.0,0.0,0.0,0.0,0.0,Longo da via,Bom,Sem defeito,Perfeito estado,Seca,Perfeito estado,Não existe,R-6a,60.0,Dupla,Não informado,Não informado,2020,2,21,4,13.0