data,hora,natureza_acidente,situacao,bairro,endereco,detalhe_endereco_acidente,complemento,bairro_cruzamento,sentido_via,tipo,descricao,auto,moto,ciclom,ciclista,pedestre,onibus,caminhao,viatura,outros,vitimas,vitimasfatais,acidente_verificado,tempo_clima,situacao_semaforo,sinalizacao,condicao_via,conservacao_via,ponto_controle,situacao_placa,velocidade_max_via,mao_direcao,divisao_via1,natureza,ano,mes,dia,dia_semana,hora_ocorrencia
2020-02-21,13:27:00,SEM VÍTIMA,DUPLICIDADE,DOIS IRMÃOS,PRC FARIAS NEVES,Não informado,PROX A O ZOOLOGICO DOIS IRMAOS E/F AO LAFEPE,DOIS IRMÃOS,Não informado,COLISÃO,COLISAO ENTRE CAMINHAO E AUTOS S/V,1.0,1.0,0.0,0.0,0.0,0.0,1.0,0.0,0.0,0.0,0.0,Não informado,Não informado,Não informado,Não informado,Não informado,Não informado,Não informado,Não informado,60.0,Não informado,Não informado,Não informado,2020,2,21,4,13.0
2020-02-21,13:43:00,SEM VÍTIMA,FINALIZADA,GRAÇAS,RUA CONFEDERACAO DO EQUADOR,Não informado,Não informado,GRAÇAS,CIDADE,ABALROAMENTO LONGITUDINAL,COLISAO S/ VITIMA ENTRE DOIS VEICULOS,2.0,1.0,0.0,0.0,0.0,0.0,0.0,0.0,0.0,0.0,0.0,Longo da via,Bom,Não existe,Perfeito estado,Seca,Perfeito estado,Agente,Outras,40.0,Não informado,Não existe,Não informado,2020,2,21,4,13.0
2020-02-21,14:41:00,SEM VÍTIMA,FINALIZADA,BOA VISTA,RUA AURORA,AV CONDE DA BOA VISTA,Não informado,BOA VISTA,CIDADE,CHOQUE OBJETO FIXO,VEÍCULO CHOCOU-SE COM UMA BARRACA,1.0,1.0,0.0,0.0,0.0,1.0,0.0,0.0,0.0,0.0,0.0,Longo da via,Bom,Sem defeito,Perfeito estado,Seca,Perfeito estado,Não existe,Não há placas,60.0,Única,Não existe,Não informado,2020,2,21,4,14.0
2020-02-21,15:32:00,COM VÍTIMA,FINALIZADA,SÍTIO DOS PINTOS,EST DOS PINTOS,Não informado,GRANJA DE DONA LOLA. PANIFICADORA NOVA OPÇÃO.,SÍTIO DOS PINTOS,SUBURBIO,COLISÃO COM CICLISTA,COLISAO COM VITIMA ENTRE ONIBUS E CICLISTA,1.0,1.0,0.0,1.0,0.0,1.0,0.0,0.0,0.0,1.0,0.0,Longo da via,Bom,Não existe,Perfeito estado,Seca,Perfeito estado,Não existe,Outras,60.0,Dupla,Não existe,Não informado,2020,2,21,4,15.0
2020-02-21,15:40:00,SEM VÍTIMA,FINALIZADA,BAIRRO DO RECIFE,AV MILITAR,Não informado,SOB O SEMÁFORO 436,BAIRRO DO RECIFE,CIDADE,COLISÃO TRASEIRA,COLISÃO SEM VÍTIMA,2.0,1.0,0.0,0.0,0.0,0.0,0.0,0.0,0.0,0.0,0.0,Longo da via,Bom,Sem defeito,Perfeito estado,Seca,Perfeito estado,Agente,Não há placas,60.0,Única,Não informado,Não informado,2020,2,21,4,15.0
2020-02-21,15:59:00,COM VÍTIMA,FINALIZADA,ENCRUZILHADA,EST DE BELEM,RUA DONA JULIETA,EM FRENTE A IGREJA DE BELEM,ENCRUZILHADA,SUBURBIO,ABALROAMENTO TRANSVERSAL,COLISÃO COM VÍTIMA,1.0,1.0,0.0,0.0,0.0,0.0,0.0,0.0,0.0,1.0,0.0,Longo da via,Bom,Não existe,Perfeito estado,Seca,Perfeito estado,Não existe,Outras,40.0,Dupla,Faixa contínua,Não informado,2020,2,21,4,15.0
2020-02-21,18:30:00,SEM VÍTIMA,FINALIZADA,BOA VIAGEM,RUA DEZ DE JULHO,Não informado,SEI,BOA VIAGEM,CIDADE,ABALROAMENTO LONGITUDINAL,COLISÃO ENTRE AUTO E ÔNIBUS S/V,1.0,1.0,0.0,0.0,0.0,1.0,0.0,0.0,0.0,0.0,0.0,Longo da via,Bom,Sem defeito,Perfeito estado,Seca,Perfeito estado,Não existe,Não há placas,60.0,Única,Não existe,Não informado,2020,2,21,4,18.0
2020-02-21,18:40:00,SEM VÍTIMA,FINALIZADA,BOA VISTA,RUA BISPO CARDOSO AYRES,Não informado,Não informado,BOA VISTA,SUBURBIO,CHOQUE VEÍCULO PARADO,CHOQUE ENVOLVENDO DOIS AUTOS,2.0,1.0,0.0,0.0,0.0,0.0,0.0,0.0,0.0,0.0,0.0,Longo da via,Bom,Não existe,Perfeito estado,Seca,Perfeito estado,Não existe,Outras,40.0,Única,Não existe,Não informado,2020,2,21,4,18.0
2020-02-21,18:55:00,SEM VÍTIMA,FINALIZADA,PINA,AV CONSELHEIRO AGUIAR,Não informado,OPOSTO A MASSARIA,PINA,CIDADE,ABALROAMENTO LONGITUDINAL,COLISÃO ENTRE AUTO E ÔNIBUS S/V,1.0,1.0,0.0,0.0,0.0,1.0,0.0,0.0,0.0,0.0,0.0,Longo da via,Bom,Não existe,Perfeito estado,Seca,Não informado,Não existe,R-6a,60.0,Única,Faixa seccionada,Não informado,2020,2,21,4,18.0
2020-02-21,18:58:00,SEM VÍTIMA,FINALIZADA,GRAÇAS,AV RUI BARBOSA,RUA BRUNO MAIA,FARMACIA DROGASIL,GRAÇAS,CIDADE,ABALROAMENTO LONGITUDINAL,HB 20 X PRISMA,2.0,1.0,0.0,0.0,0.0,0.0,0.0,0.0,0.0,0.0,0.0,Longo da via,Bom,Sem defeito,Perfeito estado,Seca,Perfeito estado,Não existe,Outras,60.0,Única,Faixa seccionada,Não informado,2020,2,21,4,18.0
2020-02-21,19:46:00,SEM VÍTIMA,FINALIZADA,IPUTINGA,RUA CERES,AV PROFESSOR MORAES REGO,Não informado,IPUTINGA,SUBURBIO,ABALROAMENTO LONGITUDINAL,LOGAN X MOTO BROS C/V- APÓS A VIATURA CHEGAR AO LOCAL O SOLICITANTE ENTROU EM CONTATO INFORMANDO QUE A VITIMA NÃO IRIA SOLICITAR SOCORRO E NÃO IRIA SE DIRIGIR A UM HOSPITAL-- O MESMO INFORMOU QUE ERA PARA EU TIRA A VITIMA E DEIXAR A COLISÃO COMO SEM VITIMA,1.0,1.0,0.0,0.0,0.0,0.0,0.0,0.0,0.0,0.0,0.0,Não informado,Bom,Não existe,Incompleta,Seca,Perfeito estado,Não existe,Não há placas,60.0,Dupla,Não existe,Não informado,2020,2,21,4,19.0
2020-02-21,20:33:00,SEM VÍTIMA,FINALIZADA,CORDEIRO,RUA GOMES TABORDA,Não informado,EM FRENTE A DROGASIL,CORDEIRO,Não informado,COLISÃO TRASEIRA,COLISÃO ENTRE DOIS AUTOS S/V,2.0,1.0,0.0,0.0,0.0,0.0,0.0,0.0,0.0,0.0,0.0,Longo da via,Bom,Sem defeito,Perfeito estado,Seca,Perfeito estado,Faixa de pedestre,Outras,60.0,Dupla,Faixa contínua,Não informado,2020,2,21,4,20.0
2020-02-21,21:01:00,COM VÍTIMA,CANCELADA,IMBIRIBEIRA,AV MARECHAL MASCARENHAS DE MORAES,Não informado,EM FRENTE AO GERALDÃO,IMBIRIBEIRA,CIDADE,CHOQUE,VEÍCULO CHOCOU-SE NO GRADIL DO GERALDÃO C/V- OBSERVAÇÃO: A SOLICITANTE NÃO SABIA AO CERTO QUANTAS VITÍMAS FORAM E NÃO SABIA CONFIRMAR SE A VÍTIMA FOI FATAL- POIS NÃO ESTAVA CONSEGUINDO ENTRAR EM CONTATO COM O EFETIVO QUE ESTÁ NO LOCAL DA OCORRÊNCIA- PARA PEGAR AS INFORMAÇÕES DA QUANTIDADE DE VÍTIMA E PLACA DO VEÍCULO,1.0,1.0,0.0,0.0,0.0,0.0,0.0,0.0,0.0,1.0,0.0,Não informado,Não informado,Não informado,Não informado,Não informado,Não informado,Não informado,Não informado,60.0,Não informado,Não informado,Não informado,2020,2,21,4,21.0
2020-02-21,21:15:00,COM VÍTIMA,FINALIZADA,ENCRUZILHADA,AV BEBERIBE,RUA DR EDUARDO WANDERLEY,ENF A FERREIRA PINTO,ENCRUZILHADA,SUBURBIO,ABALROAMENTO LONGITUDINAL,DUAS MOTOS ( XRE X HONDA CB),1.0,2.0,0.0,0.0,0.0,0.0,0.0,0.0,0.0,2.0,0.0,Esquina,Bom,Sem defeito,Perfeito estado,Seca,Perfeito estado,Não informado,Não há placas,40.0,Dupla,Faixa contínua,Não informado,2020,2,21,4,21.0
2020-02-21,22:37:00,SEM VÍTIMA,CANCELADA,BOA VIAGEM,RUA ANTONIO DE SA LEITAO,Não informado,EM FRENTE A ACADEMIA TOP FIT,BOA VIAGEM,Não informado,COLISÃO,COLISÃO ENTRE CAMINHÃO E AUTO S/V,2.0,1.0,0.0,0.0,0.0,0.0,0.0,0.0,0.0,0.0,0.0,Não informado,Não informado,Não informado,Não informado,Não informado,Não informado,Não informado,Não informado,60.0,Não informado,Não informado,Não informado,2020,2,21,4,22.0
2020-02-21,22:45:00,SEM VÍTIMA,FINALIZADA,CAMPO GRANDE,EST DE BELEM,Não informado,Não informado,CAMPO GRANDE,SUBURBIO,COLISÃO FRONTAL,AMBULANCIA X CLASSIC,2.0,1.0,0.0,0.0,0.0,0.0,0.0,0.0,0.0,0.0,0.0,Cruzamento,Bom,Não existe,Ilegível,Seca,Mal iluminada,Não informado,Não há placas,60.0,Dupla,Não informado,Não informado,2020,2,21,4,22.0
2020-02-22,01:50:00,SEM VÍTIMA,CANCELADA,BAIRRO DO RECIFE,AV ALFREDO LISBOA,Não informado,EM FRENTE AO TRT,BAIRRO DO RECIFE,Não informado,COLISÃO,COLISÃO ENTRE DOIS AUTOS S/V,2.0,1.0,0.0,0.0,0.0,0.0,0.0,0.0,0.0,0.0,0.0,Não informado,Não informado,Não informado,Não informado,Não informado,Não informado,Não informado,Não informado,60.0,Não informado,Não informado,Não informado,2020,2,22,5,1.0
2020-02-22,03:29:00,SEM VÍTIMA,CANCELADA,ILHA DO RETIRO,AV ENGENHEIRO ABDIAS DE CARVALHO,Não informado,EM FRENTE A ILHA DO RETIRO,ILHA DO RETIRO,Não informado,COLISÃO,Não informado,2.0,1.0,0.0,0.0,0.0,0.0,0.0,0.0,0.0,0.0,0.0,Não informado,Não informado,Não informado,Não informado,Não informado,Não informado,Não informado,Não informado,60.0,Não informado,Não informado,Não informado,2020,2,22,5,3.0
2020-02-22,06:57:00,COM VÍTIMA,FINALIZADA,CASA AMARELA,RUA PAULA BATISTA,RUA MAJOR NEREU GUERRA,PROX. A IGREJA DA HARMONIA,CASA AMARELA,SUBURBIO,COLISÃO COM CICLISTA,AUTO E CICLISTA,1.0,1.0,0.0,1.0,0.0,0.0,0.0,0.0,0.0,1.0,0.0,Cruzamento,Chuvoso,Sem defeito,Perfeito estado,Molhada,Perfeito estado,Faixa de pedestre,R-31,60.0,Dupla,Não existe,Não informado,2020,2,22,5,6.0
2020-02-22,07:06:00,SEM VÍTIMA,FINALIZADA,DERBY,AV GOVERNADOR AGAMENON MAGALHAES,RUA JAGUAPITA,Não informado,DERBY,CIDADE,CHOQUE OBJETO FIXO,AUTO CHOCOU-SE COM POSTE,1.0,1.0,0.0,0.0,0.0,0.0,0.0,0.0,0.0,0.0,0.0,Longo da via,Bom,Sem defeito,Perfeito estado,Seca,Perfeito estado,Não informado,Não informado,60.0,Única,Faixa seccionada,Não informado,2020,2,22,5,7.0
2020-02-22,07:45:00,COM VÍTIMA,FINALIZADA,PARNAMIRIM,RUA JOAO TUDE DE MELO,RUA VIRGINIA LORETO,EM BAIXO DO SEMAFORO  649 EM FRENTE AO GUAIAMUM GIGANTE,PARNAMIRIM,SUBURBIO,ABALROAMENTO TRANSVERSAL,COLISÃO COM VITIMA A ESPERA DO SAMU,1.0,1.0,0.0,0.0,0.0,0.0,0.0,0.0,0.0,1.0,0.0,Longo da via,Bom,Sem defeito,Perfeito estado,Seca,Perfeito estado,Faixa de pedestre,Não há placas,60.0,Dupla,Canal,Não informado,2020,2,22,5,7.0
2020-02-22,10:30:00,SEM VÍTIMA,FINALIZADA,AFOGADOS,EST DOS REMEDIOS,RUA CORONEL ALFREDO DUARTE,Não informado,AFOGADOS,CIDADE,ABALROAMENTO LONGITUDINAL,COLISAO SEM VITIMAS,2.0,1.0,0.0,0.0,0.0,0.0,0.0,0.0,0.0,0.0,0.0,Não informado,Nublado,Não existe,Incompleta,Seca,Perfeito estado,Não existe,R-6a,60.0,Única,Faixa seccionada,Não informado,2020,2,22,5,10.0
2020-02-22,10:36:00,SEM VÍTIMA,FINALIZADA,GRAÇAS,AV CONS ROSA E SILVA,Não informado,EM FRENTE AO EDF ISAAC GONDIM,GRAÇAS,SUBURBIO,CHOQUE VEÍCULO PARADO,DOIS AUTOS,2.0,1.0,0.0,0.0,0.0,0.0,0.0,0.0,0.0,0.0,0.0,Longo da via,Bom,Não existe,Perfeito estado,Seca,Perfeito estado,Não existe,R-6a,60.0,Única,Faixa seccionada,Não informado,2020,2,22,5,10.0
2020-02-22,10:51:00,SEM VÍTIMA,FINALIZADA,CAMPO GRANDE,EST DE BELEM,Não informado,LADO OPOSTO A PRAÇA DE CAMPO GRANDE. PONTO DE ÔNIBUS Nº 130293,CAMPO GRANDE,CIDADE,ABALROAMENTO LONGITUDINAL,DOIS AUTOS,1.0,1.0,0.0,0.0,0.0,1.0,0.0,0.0,0.0,0.0,0.0,Longo da via,Bom,Sem defeito,Perfeito estado,Seca,Perfeito estado,Faixa de pedestre,Outras,40.0,Dupla,Faixa contínua,Não informado,2020,2,22,5,10.0
2020-02-22,11:16:00,COM VÍTIMA,FINALIZADA,PINA,AV ANTONIO DE GOES,Não informado,LADO OPOSTO A SUL AMERICA,PINA,CIDADE,ATROPELAMENTO,COLISAO COM VITIMAS,1.0,1.0,0.0,0.0,1.0,0.0,0.0,0.0,0.0,1.0,0.0,Longo da via,Bom,Não existe,Perfeito estado,Seca,Perfeito estado,Não existe,R-4a,60.0,Única,Faixa seccionada,Não informado,2020,2,22,5,11.0
2020-02-22,12:37:00,SEM VÍTIMA,FINALIZADA,BRASÍLIA TEIMOSA,RUA CARAPEBA,Não informado,LADO OPOSTO AO Nº 090,BRASÍLIA TEIMOSA,Não informado,CHOQUE VEÍCULO PARADO,COLISÃO SEM VÍTIMA,1.0,1.0,0.0,0.0,0.0,0.0,1.0,0.0,0.0,0.0,0.0,Longo da via,Bom,Não existe,Não existente,Seca,Perfeito estado,Não existe,Não há placas,60.0,Dupla,Não existe,Não informado,2020,2,22,5,12.0
2020-02-22,13:45:00,COM VÍTIMA,FINALIZADA,BOA VIAGEM,RUA PADRE CARAPUCEIRO,RUA FRANCISCO DA CUNHA,E/F AO EDF RICARDO PRIMEIRO E OFICINA DESIGN.,BOA VIAGEM,SUBURBIO,ABALROAMENTO TRANSVERSAL,COLISAO ENTRE ONIBUS E AUTO COM UMA VITIMA,1.0,1.0,0.0,0.0,0.0,1.0,0.0,0.0,0.0,4.0,0.0,Cruzamento,Bom,Não existe,Perfeito estado,Seca,Perfeito estado,Não existe,R-6a,60.0,Única,Faixa seccionada,Não informado,2020,2,22,5,13.0
2020-02-22,15:37:00,COM VÍTIMA,FINALIZADA,MADALENA,AV VISCONDE DE ALBUQUERQUE,RUA LOPES DE CARVALHO,E/F A GALERIA DA MADALENA CENTER,MADALENA,SUBURBIO,ABALROAMENTO TRANSVERSAL,COLISAO ENTRE AUTO E MOTO COM UMA VITIMA,1.0,1.0,0.0,0.0,0.0,0.0,0.0,0.0,0.0,1.0,0.0,Cruzamento,Bom,Não existe,Incompleta,Seca,Perfeito estado,Não existe,Não há placas,60.0,Única,Faixa seccionada,Não informado,2020,2,22,5,15.0
2020-02-22,17:00:00,SEM VÍTIMA,FINALIZADA,IMBIRIBEIRA,AV MARECHAL MASCARENHAS DE MORAES,Não informado,ASSEMBLEIA DE DEUS NOVO TEMPO,IMBIRIBEIRA,CIDADE,COLISÃO TRASEIRA,ENGRAVETAMENTO S/ VITIMA TRES VEICULOS,3.0,1.0,0.0,0.0,0.0,0.0,0.0,0.0,0.0,0.0,0.0,Longo da via,Nublado,Sem defeito,Perfeito estado,Seca,Não informado,Faixa de pedestre,Outras,60.0,Única,Faixa seccionada,Não informado,2020,2,22,5,17.0
2020-02-22,17:31:00,SEM VÍTIMA,FINALIZADA,TORRE,RUA VISCONDE DE ITAPARICA,RUA FLORIANO FRANCISCO DE OLIVEIRA,EM FRENTE EDF SOBRADO DA TORRE,TORRE,Não informado,CHOQUE VEÍCULO PARADO,COLISAO S/ VITIMA ENTRE DOIS CARROS,2.0,1.0,0.0,0.0,0.0,0.0,0.0,0.0,0.0,0.0,0.0,Não informado,Bom,Não existe,Não existente,Seca,Perfeito estado,Não existe,Não há placas,60.0,Única,Não existe,Não informado,2020,2,22,5,17.0
2020-02-22,18:22:00,SEM VÍTIMA,CANCELADA,ÁGUA FRIA,RUA DA REGENERACAO,Não informado,ESQUINA COM O POSTO IPIRANGA,ÁGUA FRIA,Não informado,COLISÃO,ENTRE AUTO E MOTO. S/V,1.0,1.0,0.0,0.0,0.0,0.0,0.0,0.0,0.0,0.0,0.0,Não informado,Não informado,Não informado,Não informado,Não informado,Não informado,Não informado,Não informado,60.0,Não informado,Não informado,Não informado,2020,2,22,5,18.0
2020-02-22,19:44:00,SEM VÍTIMA,FINALIZADA,VÁRZEA,AV AFONSO OLINDENSE,Não informado,PANIFICADORA RAINHA DA VARZIA,VÁRZEA,CIDADE,ABALROAMENTO LONGITUDINAL,HONDA FIT X ONIX,2.0,1.0,0.0,0.0,0.0,0.0,0.0,0.0,0.0,0.0,0.0,Longo da via,Bom,Não existe,Ilegível,Seca,Perfeito estado,Não existe,Não há placas,60.0,Única,Não existe,Não informado,2020,2,22,5,19.0
2020-02-22,21:02:00,SEM VÍTIMA,FINALIZADA,PRADO,RUA JOAO IVO DA SILVA,RUA RICARDO SALAZAR,Não informado,PRADO,SUBURBIO,CHOQUE OBJETO FIXO,VEÍCULO SE CHOCOU AO MURO DA RESIDENCIA. CONDUTOR APARENTEMENTE EMBRIAGADO.,1.0,1.0,0.0,0.0,0.0,0.0,0.0,0.0,0.0,0.0,0.0,Longo da via,Bom,Não informado,Perfeito estado,Seca,Perfeito estado,Não existe,Outras,60.0,Única,Faixa seccionada,Não informado,2020,2,22,5,21.0
2020-02-22,21:26:00,SEM VÍTIMA,FINALIZADA,PARNAMIRIM,RUA JOAO TUDE DE MELO,RUA DR JOAO SANTOS FILHO,EM FRENTE AO RESTAURANTE GUAIAMUM GIGANTE,PARNAMIRIM,SUBURBIO,COLISÃO TRASEIRA,ENTRE 2 AUTOS. S/V,2.0,1.0,0.0,0.0,0.0,0.0,0.0,0.0,0.0,0.0,0.0,Longo da via,Bom,Sem defeito,Perfeito estado,Seca,Perfeito estado,Não existe,Não há placas,60.0,Única,Faixa seccionada,Não informado,2020,2,22,5,21.0
2020-02-23,00:11:00,SEM VÍTIMA,FINALIZADA,AFOGADOS,RUA PROFESSOR AUGUSTO WANDERLEY FILHO,RUA MOTOCOLOMBO,AO LADO DO TROCÃO,AFOGADOS,SUBURBIO,ABALROAMENTO LONGITUDINAL,COLOSÃO ENTRE 02 AUTOS,2.0,1.0,0.0,0.0,0.0,0.0,0.0,0.0,0.0,0.0,0.0,Cruzamento,Bom,Sem defeito,Perfeito estado,Seca,Perfeito estado,Faixa de pedestre,Não informado,60.0,Única,Faixa seccionada,Não informado,2020,2,23,6,0.0
2020-02-23,07:06:00,SEM VÍTIMA,FINALIZADA,IBURA,AV DOIS RIOS,Não informado,EM FRENTE AO SUPERMERCADO MR,IBURA,CIDADE,COLISÃO TRASEIRA,DOIS AUTOS,2.0,1.0,0.0,0.0,0.0,0.0,0.0,0.0,0.0,0.0,0.0,Longo da via,Bom,Sem defeito,Perfeito estado,Seca,Perfeito estado,Faixa de pedestre,Placas Pare,40.0,Dupla,Não informado,Não informado,2020,2,23,6,7.0
2020-02-23,07:57:00,SEM VÍTIMA,CANCELADA,SÃO JOSÉ,RUA VIDAL DE NEGREIROS,Não informado,PÁTIO DO TERÇO,SÃO JOSÉ,Não informado,COLISÃO,Não informado,1.0,1.0,0.0,0.0,0.0,0.0,0.0,0.0,0.0,0.0,0.0,Não informado,Não informado,Não informado,Não informado,Não informado,Não informado,Não informado,Não informado,60.0,Não informado,Não informado,Não informado,2020,2,23,6,7.0
2020-02-23,08:04:00,COM VÍTIMA,FINALIZADA,CASA AMARELA,AV NORTE,Não informado,EM FRENTE A PAGUE MENOS,CASA AMARELA,SUBURBIO,TOMBAMENTO,MOTO DESVIA DO BURACO E CAI NA AVENIDA,1.0,1.0,0.0,0.0,0.0,0.0,0.0,0.0,0.0,1.0,0.0,Longo da via,Chuvoso,Sem defeito,Perfeito estado,Molhada,Perfeito estado,Faixa de pedestre,Outras,60.0,Dupla,Canteiro central,Não informado,2020,2,23,6,8.0
2020-02-23,08:17:00,SEM VÍTIMA,FINALIZADA,BOA VISTA,RUA DOM BOSCO,Não informado,EMLURB,BOA VISTA,SUBURBIO,ABALROAMENTO LONGITUDINAL,VT POLICIA E AUTO PASSEIO,2.0,1.0,0.0,0.0,0.0,0.0,0.0,0.0,0.0,0.0,0.0,Longo da via,Bom,Não existe,Perfeito estado,Seca,Perfeito estado,Não existe,Outras,60.0,Única,Faixa seccionada,Não informado,2020,2,23,6,8.0
2020-02-23,11:07:00,SEM VÍTIMA,FINALIZADA,GRAÇAS,RUA ALBERTO PAIVA,RUA DO FUTURO,Não informado,GRAÇAS,CIDADE,ABALROAMENTO TRANSVERSAL,COLISAO S/ VITIMA. ENTRE DOIS VEICULOS,2.0,1.0,0.0,0.0,0.0,0.0,0.0,0.0,0.0,0.0,0.0,Cruzamento,Bom,Sem defeito,Perfeito estado,Seca,Perfeito estado,Faixa de pedestre,Outras,60.0,Não informado,Não existe,Não informado,2020,2,23,6,11.0
2020-02-23,11:51:00,SEM VÍTIMA,FINALIZADA,BOA VIAGEM,RUA TENENTE JOAO CICERO,RUA MINISTRO NELSON HUNGRIA,Não informado,BOA VIAGEM,SUBURBIO,ABALROAMENTO TRANSVERSAL,COLISAO S/ VITIMA ENTRE DOIS VEICULOS,2.0,1.0,0.0,0.0,0.0,0.0,0.0,0.0,0.0,0.0,0.0,Cruzamento,Bom,Não existe,Perfeito estado,Seca,Perfeito estado,Faixa de pedestre,Placas Pare,60.0,Única,Não existe,Não informado,2020,2,23,6,11.0
2020-02-23,12:15:00,SEM VÍTIMA,FINALIZADA,PORTO DA MADEIRA,RUA DALVA DE OLIVEIRA,Não informado,POSTO DE NÚMERO A 031838,PORTO DA MADEIRA,SUBURBIO,ABALROAMENTO LONGITUDINAL,COLISAO S/ VITIMA. ENTRE DOIS VEICULOS,2.0,1.0,0.0,0.0,0.0,0.0,0.0,0.0,0.0,0.0,0.0,Ponte,Bom,Não existe,Não existente,Seca,Mal conservada,Não existe,Não há placas,60.0,Dupla,Não existe,Não informado,2020,2,23,6,12.0
2020-02-23,12:21:00,SEM VÍTIMA,FINALIZADA,CAMPO GRANDE,RUA ODORICO MENDES,RUA VISCONDE DE CAIRU,Não informado,CAMPO GRANDE,CIDADE,ABALROAMENTO LONGITUDINAL,COLISAO S/ VITIMAS ENTRE DOIS AUTO E UMA MOTO,2.0,1.0,0.0,0.0,0.0,0.0,0.0,0.0,0.0,0.0,0.0,Cruzamento,Bom,Não existe,Perfeito estado,Seca,Perfeito estado,Não existe,Placas Pare,60.0,Dupla,Não informado,Não informado,2020,2,23,6,12.0
2020-02-23,13:52:00,SEM VÍTIMA,FINALIZADA,BOA VIAGEM,AV ENGENHEIRO DOMINGOS FERREIRA,RUA TOME GIBSON,US CLUB BEAUTY BAR,BOA VIAGEM,SUBURBIO,ABALROAMENTO TRANSVERSAL,COLISAO S/ VITIMA ENTRE DOIS VEICULOS,2.0,1.0,0.0,0.0,0.0,0.0,0.0,0.0,0.0,0.0,0.0,Longo da via,Bom,Sem defeito,Perfeito estado,Seca,Perfeito estado,Faixa de pedestre,Outras,60.0,Única,Faixa contínua,Não informado,2020,2,23,6,13.0
2020-02-23,14:20:00,COM VÍTIMA,FINALIZADA,IMBIRIBEIRA,RUA JOAQUIM BANDEIRA,RUA JACY,GALPAO TARGET. LADO OPOSTO AO POSTE B029384,IMBIRIBEIRA,BOA VIAGEM,ABALROAMENTO LONGITUDINAL,COLISAO COM VITIMA ENTRE MOTO E ONIBUS,1.0,1.0,0.0,0.0,0.0,1.0,0.0,0.0,0.0,1.0,0.0,Longo da via,Bom,Não existe,Não existente,Seca,Não informado,Não existe,Não há placas,60.0,Única,Faixa seccionada,Não informado,2020,2,23,6,14.0
2020-02-23,14:20:00,SEM VÍTIMA,CANCELADA,BOA VIAGEM,RUA ELADIO RAMOS,Não informado,PROX CELPE DE BOA VIAGEM,BOA VIAGEM,Não informado,COLISÃO,COLISAO DE DOIS AUTOS S/ VITIMAS,2.0,1.0,0.0,0.0,0.0,0.0,0.0,0.0,0.0,0.0,0.0,Não informado,Não informado,Não informado,Não informado,Não informado,Não informado,Não informado,Não informado,60.0,Não informado,Não informado,Não informado,2020,2,23,6,14.0
2020-02-23,15:03:00,SEM VÍTIMA,FINALIZADA,CASA FORTE,EST DAS UBAIAS-,Não informado,EM FRENTE AO Nº 572,CASA FORTE,Não informado,ABALROAMENTO TRANSVERSAL,COLISAO S/ VITIMA ENTRE DOIS VEICULOS,2.0,1.0,0.0,0.0,0.0,0.0,0.0,0.0,0.0,0.0,0.0,Longo da via,Bom,Não existe,Perfeito estado,Seca,Perfeito estado,Não existe,Não há placas,60.0,Dupla,Não existe,Não informado,2020,2,23,6,15.0
2020-02-23,16:05:00,SEM VÍTIMA,FINALIZADA,AFLITOS,RUA QUARENTA E OITO,RUA CARNEIRO VILELA,RESTAURANTE SABOR RANCHO/ SQUINA 48,AFLITOS,CIDADE,ABALROAMENTO TRANSVERSAL,COLISAO S/ VITIMA. ENTRE DOIS VEICULOS,2.0,1.0,0.0,0.0,0.0,0.0,0.0,0.0,0.0,0.0,0.0,Cruzamento,Bom,Não existe,Perfeito estado,Seca,Perfeito estado,Não existe,R-6a,60.0,Única,Faixa contínua,Não informado,2020,2,23,6,16.0
2020-02-23,18:15:00,SEM VÍTIMA,CANCELADA,PINA,VIADUTO CAPITAO TEMUDO,Não informado,POR CIMA DO VIADUTO- E/F AO SHOPPING RIO MAR,PINA,Não informado,COLISÃO,ENTRE 2 AUTOS. S/V,2.0,1.0,0.0,0.0,0.0,0.0,0.0,0.0,0.0,0.0,0.0,Não informado,Não informado,Não informado,Não informado,Não informado,Não informado,Não informado,Não informado,60.0,Não informado,Não informado,Não informado,2020,2,23,6,18.0
2020-02-23,19:07:00,SEM VÍTIMA,CANCELADA,SANTO ANTÔNIO,RUA SIQUEIRA CAMPOS,Não informado,E/F AO CARTORIO PAULO GUERRA,SANTO ANTÔNIO,Não informado,COLISÃO,ENTRE 2 AUTOS. S/V,2.0,1.0,0.0,0.0,0.0,0.0,0.0,0.0,0.0,0.0,0.0,Não informado,Não informado,Não informado,Não informado,Não informado,Não informado,Não informado,Não informado,60.0,Não informado,Não informado,Não informado,2020,2,23,6,19.0
2020-02-23,19:22:00,COM VÍTIMA,FINALIZADA,SANTO ANTÔNIO,RUA NOVA,AV DANTAS BARRETO,ENF. MARIZA E FARMACIA DEPENDENTE,SANTO ANTÔNIO,CIDADE,ATROPELAMENTO,VAN X PEDESTRE (IDOSO),1.0,1.0,0.0,0.0,1.0,1.0,0.0,0.0,0.0,1.0,0.0,Longo da via,Bom,Não existe,Ilegível,Seca,Mal iluminada,Não existe,Não há placas,60.0,Única,Não existe,Não informado,2020,2,23,6,19.0
2020-02-23,20:08:00,SEM VÍTIMA,FINALIZADA,JOANA BEZERRA,VIADUTO CAPITAO TEMUDO,Não informado,FORUM DES. RODOLFO AURELIANO,JOANA BEZERRA,SUBURBIO,ABALROAMENTO LONGITUDINAL,CELTA X GOL,2.0,1.0,0.0,0.0,0.0,0.0,0.0,0.0,0.0,0.0,0.0,Viaduto,Bom,Não existe,Perfeito estado,Seca,Perfeito estado,Não existe,Não há placas,60.0,Dupla,Canteiro central,Não informado,2020,2,23,6,20.0