data,hora,natureza_acidente,situacao,bairro,endereco,detalhe_endereco_acidente,complemento,bairro_cruzamento,sentido_via,tipo,descricao,auto,moto,ciclom,ciclista,pedestre,onibus,caminhao,viatura,outros,vitimas,vitimasfatais,acidente_verificado,tempo_clima,situacao_semaforo,sinalizacao,condicao_via,conservacao_via,ponto_controle,situacao_placa,velocidade_max_via,mao_direcao,divisao_via1,natureza,ano,mes,dia,dia_semana,hora_ocorrencia
2020-02-23,22:08:00,SEM VÍTIMA,CANCELADA,SANTO ANTÔNIO,RUA IMPERADOR PEDRO SEGUNDO,Não informado,E/F A ESCOLA DE SAÚDE REAL PORTUGUÊS / PRÓX AO CAIS DO APOLO,SANTO ANTÔNIO,Não informado,COLISÃO,ENTRE AUTO E ÔNIBUS. S/V,1.0,1.0,0.0,0.0,0.0,1.0,0.0,0.0,0.0,0.0,0.0,Não informado,Não informado,Não informado,Não informado,Não informado,Não informado,Não informado,Não informado,60.0,Não informado,Não informado,Não informado,2020,2,23,6,22.0
2020-02-23,22:51:00,SEM VÍTIMA,CANCELADA,PINA,AV ANTONIO DE GOES,Não informado,POSTO DE GASOLINA PETROCAL PINA,PINA,Não informado,COLISÃO,ONIX BRANCO X PALIO PRATA,2.0,1.0,0.0,0.0,0.0,0.0,0.0,0.0,0.0,0.0,0.0,Não informado,Não informado,Não informado,Não informado,Não informado,Não informado,Não informado,Não informado,60.0,Não informado,Não informado,Não informado,2020,2,23,6,22.0
2020-02-24,01:30:00,SEM VÍTIMA,FINALIZADA,PINA,AV HERCULANO BANDEIRA,RUA ARQUITETO AUGUSTO REINALDO,Não informado,PINA,SUBURBIO,ABALROAMENTO LONGITUDINAL,DOIS AUTOS,2.0,1.0,0.0,0.0,0.0,0.0,0.0,0.0,0.0,0.0,0.0,Cruzamento,Bom,Sem defeito,Não existente,Seca,Mal iluminada,Faixa de pedestre,Não há placas,60.0,Única,Faixa seccionada,Não informado,2020,2,24,0,1.0
2020-02-24,03:40:00,SEM VÍTIMA,FINALIZADA,BOA VIAGEM,RUA DEZ DE JULHO,Não informado,DENTRO DO TERMINAL INTEGRADO DO AEROPORTO,BOA VIAGEM,CIDADE,CHOQUE OBJETO FIXO,VEICULO CHOCOU-SE COM PORTÃO DA ESTAÇÃO,1.0,1.0,0.0,0.0,0.0,0.0,0.0,0.0,0.0,0.0,0.0,Não informado,Bom,Não existe,Perfeito estado,Seca,Perfeito estado,Não informado,Não informado,60.0,Única,Não informado,Não informado,2020,2,24,0,3.0
2020-02-24,04:06:00,COM VÍTIMA,FINALIZADA,BOA VIAGEM,AVENIDA CELSO FURTADO (VIA MANGUE),Não informado,PRIMEIRO RETORNO APOS O SUPERMERCADO EXTRA- SENT. BOA VIAGEM,BOA VIAGEM,SUBURBIO,CHOQUE OBJETO FIXO,VEICULO CHOCOU-SE COM MEIO FIO,1.0,1.0,0.0,0.0,0.0,0.0,0.0,0.0,0.0,1.0,0.0,Longo da via,Bom,Não existe,Perfeito estado,Seca,Perfeito estado,Não existe,Não há placas,60.0,Dupla,Faixa,Não informado,2020,2,24,0,4.0
2020-02-24,04:32:00,COM VÍTIMA,FINALIZADA,IBURA,AV ENGENHO SERRA VERDE,AV RIO LARGO,AO LADO DO ARMAZEM ESQUINA DA CONSTRUÇÃO,IBURA,SUBURBIO,COLISÃO FRONTAL,ONIBUS E MOTO,1.0,1.0,0.0,0.0,0.0,1.0,0.0,0.0,0.0,1.0,0.0,Esquina,Bom,Não existe,Ilegível,Seca,Mal iluminada,Outros,R-24a,60.0,Dupla,Não existe,Não informado,2020,2,24,0,4.0
2020-02-24,05:49:00,SEM VÍTIMA,CANCELADA,IPSEP,AV RECIFE,Não informado,EM FRENTE AO POSTO DE GASOLINA SHELL- SENT. BOA VIAGEM,IPSEP,Não informado,COLISÃO,DOIS ONIBUS,1.0,1.0,0.0,0.0,0.0,2.0,0.0,0.0,0.0,0.0,0.0,Não informado,Não informado,Não informado,Não informado,Não informado,Não informado,Não informado,Não informado,60.0,Não informado,Não informado,Não informado,2020,2,24,0,5.0
2020-02-24,06:53:00,SEM VÍTIMA,FINALIZADA,BOA VISTA,RUA DA AURORA,RUA PRINCESA IZABEL,POLÍCIA CIVIL PERNAMBUCO SDS,BOA VISTA,SUBURBIO,ABALROAMENTO LONGITUDINAL,COLISAO S/ VITIMA ENTRE VEICULO E MOTO,1.0,1.0,0.0,0.0,0.0,0.0,0.0,0.0,0.0,0.0,0.0,Cruzamento,Bom,Sem defeito,Perfeito estado,Seca,Perfeito estado,Faixa de pedestre,R-6a,40.0,Única,Faixa contínua,Não informado,2020,2,24,0,6.0
2020-02-24,08:13:00,SEM VÍTIMA,FINALIZADA,SAN MARTIN,RUA COMENDADOR JOSE VITA,Não informado,Não informado,SAN MARTIN,Não informado,CHOQUE VEÍCULO PARADO,COLISÃO SEM VITIMAS,1.0,1.0,0.0,0.0,0.0,0.0,1.0,0.0,0.0,0.0,0.0,Longo da via,Nublado,Não existe,Não existente,Seca,Não informado,Não existe,Não há placas,60.0,Dupla,Não existe,Não informado,2020,2,24,0,8.0
2020-02-24,08:55:00,SEM VÍTIMA,FINALIZADA,IMBIRIBEIRA,AV PINHEIROS,AV MARECHAL MASCARENHAS DE MORAES,LOTERIA A IMPERIAL,IMBIRIBEIRA,SUBURBIO,CHOQUE VEÍCULO PARADO,COLISÃO 'SEM VITIMAS,1.0,1.0,0.0,0.0,0.0,0.0,1.0,0.0,0.0,0.0,0.0,Longo da via,Bom,Não informado,Incompleta,Seca,Perfeito estado,Não existe,Não há placas,60.0,Dupla,Não existe,Não informado,2020,2,24,0,8.0
2020-02-24,09:19:00,SEM VÍTIMA,FINALIZADA,SANTO AMARO,AV CRUZ CABUGA,Não informado,AO LADO DO SEFAZ,SANTO AMARO,CIDADE,ABALROAMENTO LONGITUDINAL,CAMINHAO E ONIBUS,1.0,1.0,0.0,0.0,0.0,1.0,1.0,0.0,0.0,0.0,0.0,Longo da via,Bom,Sem defeito,Perfeito estado,Seca,Perfeito estado,Não existe,R-6a,60.0,Dupla,Faixa contínua,Não informado,2020,2,24,0,9.0
2020-02-24,10:27:00,SEM VÍTIMA,FINALIZADA,BOA VISTA,RUA DO HOSPICIO,Não informado,EDF SÃO RAFAEL,BOA VISTA,Não informado,COLISÃO TRASEIRA,COLISAO S/ VITIMA ENTRE DOIS VEICULOS,2.0,1.0,0.0,0.0,0.0,0.0,0.0,0.0,0.0,0.0,0.0,Longo da via,Bom,Sem defeito,Perfeito estado,Seca,Perfeito estado,Não existe,R-6b,30.0,Única,Não existe,Não informado,2020,2,24,0,10.0
2020-02-24,11:16:00,SEM VÍTIMA,FINALIZADA,PINA,RUA MANOEL DE BRITO,Não informado,AO LADO DO POSTO POLICIAL,PINA,CIDADE,ABALROAMENTO TRANSVERSAL,Não informado,2.0,1.0,0.0,0.0,0.0,0.0,0.0,0.0,0.0,0.0,0.0,Não informado,Bom,Não existe,Perfeito estado,Seca,Perfeito estado,Outros,Outras,60.0,Única,Faixa contínua,Não informado,2020,2,24,0,11.0
2020-02-24,12:28:00,SEM VÍTIMA,FINALIZADA,SANTO AMARO,AV GOVERNADOR AGAMENON MAGALHAES,Não informado,SEMÁFORO DE Nº 465,SANTO AMARO,Não informado,COLISÃO TRASEIRA,ENGAVETAMENTO S/ VITIMA. TRES VEICULOS,3.0,1.0,0.0,0.0,0.0,0.0,0.0,0.0,0.0,0.0,0.0,Longo da via,Bom,Sem defeito,Perfeito estado,Seca,Perfeito estado,Faixa de pedestre,Não informado,60.0,Dupla,Canal,Não informado,2020,2,24,0,12.0
2020-02-24,13:38:00,COM VÍTIMA,FINALIZADA,IPUTINGA,RUA BOM PASTOR,RUA MAURICEIA,E/F MERCADINHO MERCOFRUIT,IPUTINGA,SUBURBIO,ABALROAMENTO LONGITUDINAL,COLISÃO C/VITIMA ENTRE UMA MOTO E UM ONIBUS,1.0,1.0,0.0,0.0,0.0,1.0,0.0,0.0,0.0,1.0,0.0,Cruzamento,Bom,Sem defeito,Perfeito estado,Seca,Perfeito estado,Faixa de pedestre,Outras,60.0,Dupla,Faixa contínua,Não informado,2020,2,24,0,13.0
2020-02-24,15:49:00,SEM VÍTIMA,FINALIZADA,IMBIRIBEIRA,AV PRESIDENTE DUTRA,Não informado,Não informado,IMBIRIBEIRA,SUBURBIO,ABALROAMENTO LONGITUDINAL,COLISAO S/ VITIMA. ENTRE DOIS VEICULOS,2.0,1.0,0.0,0.0,0.0,0.0,0.0,0.0,0.0,0.0,0.0,Longo da via,Bom,Não existe,Perfeito estado,Seca,Perfeito estado,Agente,Não há placas,60.0,Única,Faixa seccionada,Não informado,2020,2,24,0,15.0
2020-02-24,16:53:00,SEM VÍTIMA,CANCELADA,CORDEIRO,AV CAXANGA,Não informado,Não informado,CORDEIRO,SUBURBIO,ABALROAMENTO LONGITUDINAL,COLISÃO SEM VÍTIMA,1.0,1.0,0.0,0.0,0.0,0.0,0.0,0.0,0.0,0.0,0.0,Longo da via,Bom,Sem defeito,Perfeito estado,Seca,Perfeito estado,Agente,Outras,60.0,Única,Canteiro central,Não informado,2020,2,24,0,16.0
2020-02-24,19:14:00,SEM VÍTIMA,FINALIZADA,Não informado,AV CORREIA DE BRITO,Não informado,MERCADO DE SITIO NOVO,Não informado,CIDADE,COLISÃO TRASEIRA,ENGAVETAMENTO S/VITIMAS,3.0,1.0,0.0,0.0,0.0,0.0,0.0,0.0,0.0,0.0,0.0,Longo da via,Bom,Não existe,Perfeito estado,Seca,Perfeito estado,Não existe,Não há placas,60.0,Dupla,Faixa contínua,Não informado,2020,2,24,0,19.0
2020-02-24,19:31:00,SEM VÍTIMA,CANCELADA,SÃO JOSÉ,C SANTA RITA,Não informado,E/F A ANTIGA RODOVIARIA,SÃO JOSÉ,Não informado,COLISÃO,COLISAO S/ VITIMA. ENTRE DOIS VEICULOS,2.0,1.0,0.0,0.0,0.0,0.0,0.0,0.0,0.0,0.0,0.0,Não informado,Não informado,Não informado,Não informado,Não informado,Não informado,Não informado,Não informado,60.0,Não informado,Não informado,Não informado,2020,2,24,0,19.0
2020-02-24,20:27:00,SEM VÍTIMA,FINALIZADA,SÃO JOSÉ,AV SUL,Não informado,ANTES DO FORTE DAS CINCO PONTAS,SÃO JOSÉ,CIDADE,ABALROAMENTO LONGITUDINAL,ENTRE AUTO PASSEIO E ÔNIBUS. S/V,1.0,1.0,0.0,0.0,0.0,1.0,0.0,0.0,0.0,0.0,0.0,Longo da via,Bom,Não informado,Perfeito estado,Seca,Perfeito estado,Não existe,Outras,60.0,Única,Faixa seccionada,Não informado,2020,2,24,0,20.0
2020-02-24,20:53:00,SEM VÍTIMA,FINALIZADA,SANTO AMARO,PTE DO LIMOEIRO,Não informado,PRÓXIMO AO POSTO PETRÓBRAS,SANTO AMARO,CIDADE,ABALROAMENTO LONGITUDINAL,ENTRE TÁXI E AUTO PASSEIO. S/V,2.0,1.0,0.0,0.0,0.0,0.0,0.0,0.0,0.0,0.0,0.0,Ponte,Bom,Não existe,Perfeito estado,Seca,Perfeito estado,Não existe,Não há placas,60.0,Dupla,Faixa contínua,Não informado,2020,2,24,0,20.0
2020-02-24,21:20:00,SEM VÍTIMA,FINALIZADA,BOA VISTA,RUA DO HOSPICIO,Não informado,CÂMARA DOS VERIADORES,BOA VISTA,CIDADE,ABALROAMENTO LONGITUDINAL,COLISAO SEM VITIMAS,1.0,1.0,0.0,0.0,0.0,1.0,0.0,0.0,0.0,0.0,0.0,Longo da via,Bom,Sem defeito,Perfeito estado,Seca,Perfeito estado,Faixa de pedestre,Outras,60.0,Única,Faixa seccionada,Não informado,2020,2,24,0,21.0
2020-02-24,21:59:00,SEM VÍTIMA,FINALIZADA,SÃO JOSÉ,RUA IMPERIAL,RUA DO PEIXOTO,EM FRENTE A IGREJA DE SÃO JOSÉ,SÃO JOSÉ,SUBURBIO,ABALROAMENTO LONGITUDINAL,ENTRE VAN E AUTO PASSEIO. S/V,1.0,1.0,0.0,0.0,0.0,1.0,0.0,0.0,0.0,0.0,0.0,Cruzamento,Bom,Sem defeito,Ilegível,Seca,Perfeito estado,Não existe,Não há placas,60.0,Única,Não existe,Não informado,2020,2,24,0,21.0
2020-02-24,22:19:00,SEM VÍTIMA,CANCELADA,VASCO DA GAMA,AV NORTE,Não informado,E/F A PRC LARGO DOM LUIZ,VASCO DA GAMA,Não informado,COLISÃO,ENTRE 2 AUTOS. S/V,2.0,1.0,0.0,0.0,0.0,0.0,0.0,0.0,0.0,0.0,0.0,Não informado,Não informado,Não informado,Não informado,Não informado,Não informado,Não informado,Não informado,60.0,Não informado,Não informado,Não informado,2020,2,24,0,22.0
2020-02-24,23:23:00,SEM VÍTIMA,FINALIZADA,SANTO AMARO,AV NORTE,Não informado,E/F A RÁDIO UNIVERSITÁRIA,SANTO AMARO,Não informado,ABALROAMENTO LONGITUDINAL,ENTRE 2V AUTOS. S/V,2.0,1.0,0.0,0.0,0.0,0.0,0.0,0.0,0.0,0.0,0.0,Longo da via,Bom,Sem defeito,Perfeito estado,Seca,Perfeito estado,Não existe,Não há placas,60.0,Dupla,Canteiro central,Não informado,2020,2,24,0,23.0
2020-02-25,04:46:00,SEM VÍTIMA,CANCELADA,SÃO JOSÉ,AV SUL,C SANTA RITA,ANTES DA PONTE GIRATORIA /EM FRENTE AO ARMAZEM 16- SEMÁFORO 076,SÃO JOSÉ,Não informado,COLISÃO,CAMINHÃO X AUTO. S/V,1.0,1.0,0.0,0.0,0.0,0.0,1.0,0.0,0.0,0.0,0.0,Não informado,Não informado,Não informado,Não informado,Não informado,Não informado,Não informado,Não informado,60.0,Não informado,Não informado,Não informado,2020,2,25,1,4.0
2020-02-25,05:21:00,COM VÍTIMA,FINALIZADA,SANTO AMARO,AV GOVERNADOR AGAMENON MAGALHAES,RUA ODORICO MENDES,E/F A DELEGACIA 13° BATALHÃO / SEMÁFORO 049 ---- VT 13 NO LOCAL,SANTO AMARO,CIDADE,ABALROAMENTO TRANSVERSAL,ENTRE 2 TÁXIS. C/V,2.0,1.0,0.0,0.0,0.0,0.0,0.0,0.0,0.0,1.0,0.0,Cruzamento,Bom,Sem defeito,Perfeito estado,Seca,Perfeito estado,Faixa de pedestre,Não informado,60.0,Dupla,Canal,Não informado,2020,2,25,1,5.0
2020-02-25,07:32:00,SEM VÍTIMA,FINALIZADA,ILHA DO LEITE,RUA ANTONIO GOMES DE FREITAS,Não informado,LADO OPOSTO AO SEOPE ( HOSPITAL DOS OLHOS ),ILHA DO LEITE,CIDADE,ABALROAMENTO LONGITUDINAL,COLISÃO S/VITIMAS ENTRE UM CAMINHÃO E UM AUTO,1.0,1.0,0.0,0.0,0.0,0.0,1.0,0.0,0.0,0.0,0.0,Longo da via,Bom,Não existe,Perfeito estado,Seca,Perfeito estado,Faixa de pedestre,Não informado,60.0,Única,Faixa seccionada,Não informado,2020,2,25,1,7.0
2020-02-25,07:33:00,SEM VÍTIMA,FINALIZADA,SÃO JOSÉ,AV SUL,Não informado,LADO OPOSTO A AGEMAR,SÃO JOSÉ,CIDADE,ABALROAMENTO LONGITUDINAL,CAMINHÃO X AUTO. S/V,1.0,1.0,0.0,0.0,0.0,0.0,1.0,0.0,0.0,0.0,0.0,Longo da via,Bom,Sem defeito,Perfeito estado,Seca,Perfeito estado,Não existe,Outras,60.0,Dupla,Canteiro central,Não informado,2020,2,25,1,7.0
2020-02-25,10:46:00,SEM VÍTIMA,FINALIZADA,TORRE,RUA JOAO TUDE DE MELO,RUA VIRGINIA LORETO,Não informado,TORRE,Não informado,ABALROAMENTO TRANSVERSAL,COLISÃO SEM VITIMAS,3.0,1.0,0.0,0.0,0.0,0.0,0.0,0.0,0.0,0.0,0.0,Não informado,Bom,Sem defeito,Perfeito estado,Seca,Perfeito estado,Faixa de pedestre,R-6a,60.0,Única,Faixa contínua,Não informado,2020,2,25,1,10.0
2020-02-25,12:40:00,SEM VÍTIMA,CANCELADA,BOA VIAGEM,AV ENGENHEIRO DOMINGOS FERREIRA,Não informado,EM FRENTE AO CERPE/ PISTA DA ESQUERDA,BOA VIAGEM,Não informado,COLISÃO,COLISÃO SEM VÍTIMA,2.0,1.0,0.0,0.0,0.0,0.0,0.0,0.0,0.0,0.0,0.0,Não informado,Não informado,Não informado,Não informado,Não informado,Não informado,Não informado,Não informado,60.0,Não informado,Não informado,Não informado,2020,2,25,1,12.0
2020-02-25,13:37:00,SEM VÍTIMA,CANCELADA,PARNAMIRIM,EST DO ENCANAMENTO,Não informado,AO LADO DA CASA DE BATERIAS HELIAR,PARNAMIRIM,Não informado,COLISÃO,COLISAO S/ VITIMAS,2.0,1.0,0.0,0.0,0.0,0.0,0.0,0.0,0.0,0.0,0.0,Não informado,Não informado,Não informado,Não informado,Não informado,Não informado,Não informado,Não informado,60.0,Não informado,Não informado,Não informado,2020,2,25,1,13.0
2020-02-25,14:10:00,SEM VÍTIMA,FINALIZADA,MADALENA,RUA BENFICA,Não informado,EM FRENTE AO SPORT CLUBE DO RECIFE,MADALENA,CIDADE,ABALROAMENTO LONGITUDINAL,COLISAO S/ VITIMAS DE DOIS AUTOS,2.0,1.0,0.0,0.0,0.0,0.0,0.0,0.0,0.0,0.0,0.0,Longo da via,Bom,Não existe,Perfeito estado,Seca,Perfeito estado,Não existe,Não informado,40.0,Única,Não existe,Não informado,2020,2,25,1,14.0
2020-02-25,15:14:00,SEM VÍTIMA,FINALIZADA,NOVA DESCOBERTA,AV VEREADOR OTACILIO AZEVEDO,Não informado,Não informado,NOVA DESCOBERTA,CIDADE,ABALROAMENTO LONGITUDINAL,COLISAO SEM VITIMAS,1.0,1.0,0.0,0.0,0.0,1.0,0.0,0.0,0.0,0.0,0.0,Longo da via,Bom,Não existe,Perfeito estado,Seca,Perfeito estado,Outros,Outras,60.0,Dupla,Faixa seccionada,Não informado,2020,2,25,1,15.0
2020-02-25,15:23:00,SEM VÍTIMA,FINALIZADA,BOA VIAGEM,AV CONSELHEIRO AGUIAR,Não informado,SEMÁFORO 147,BOA VIAGEM,CIDADE,ABALROAMENTO LONGITUDINAL,COLISAO SEM VITIMAS,1.0,1.0,0.0,0.0,0.0,1.0,0.0,0.0,0.0,0.0,0.0,Cruzamento,Bom,Sem defeito,Perfeito estado,Seca,Perfeito estado,Faixa de pedestre,R-6a,60.0,Única,Faixa contínua,Não informado,2020,2,25,1,15.0
2020-02-25,16:49:00,SEM VÍTIMA,CANCELADA,ÁGUA FRIA,AV BEBERIBE,Não informado,AO LADO DA IGREJA ASSEMBLEIA DE DEUS S/T SUB,ÁGUA FRIA,Não informado,COLISÃO,COLISAO ENTRE DOIS AUTOS S/V,2.0,1.0,0.0,0.0,0.0,0.0,0.0,0.0,0.0,0.0,0.0,Não informado,Não informado,Não informado,Não informado,Não informado,Não informado,Não informado,Não informado,60.0,Não informado,Não informado,Não informado,2020,2,25,1,16.0
2020-02-25,17:18:00,SEM VÍTIMA,FINALIZADA,TORRE,AV BEIRA RIO,RUA JANUARIO BARBOSA,COLEGIO EQUIPE,TORRE,CIDADE,COLISÃO TRASEIRA,COLISAO SEM VITIMAS,2.0,1.0,0.0,0.0,0.0,0.0,0.0,0.0,0.0,0.0,0.0,Não informado,Chuvoso,Não existe,Perfeito estado,Molhada,Perfeito estado,Faixa de pedestre,Placas Pare,60.0,Única,Faixa contínua,Não informado,2020,2,25,1,17.0
2020-02-25,19:50:00,COM VÍTIMA,FINALIZADA,IMBIRIBEIRA,AV MARECHAL MASCARENHAS DE MORAES,Não informado,UNIDAS,IMBIRIBEIRA,Não informado,CHOQUE OBJETO FIXO,VEICULO COLIDIU COM A MURETA,1.0,1.0,0.0,0.0,0.0,0.0,0.0,0.0,0.0,1.0,0.0,Viaduto,Bom,Não existe,Perfeito estado,Seca,Perfeito estado,Não existe,Não há placas,60.0,Não informado,Não existe,Não informado,2020,2,25,1,19.0
2020-02-25,20:58:00,SEM VÍTIMA,FINALIZADA,IPUTINGA,RUA SAO MATEUS,Não informado,DEPÓSITO DOS CORREIOS,IPUTINGA,SUBURBIO,CHOQUE VEÍCULO PARADO,CAMINHAO ( CAVALO) X FIESTA OBS: MOTORISTA EVADIU-SE DEIXANDO O VEICULO,1.0,1.0,0.0,0.0,0.0,0.0,1.0,0.0,1.0,0.0,0.0,Longo da via,Bom,Não existe,Ilegível,Seca,Perfeito estado,Não existe,Não há placas,60.0,Dupla,Não existe,Não informado,2020,2,25,1,20.0
2020-02-25,21:38:00,SEM VÍTIMA,CANCELADA,BOMBA DO HEMETÉRIO,RUA ANTONIO MEIRA,Não informado,PROX A LIGA DO DOMINO,BOMBA DO HEMETÉRIO,Não informado,COLISÃO,FORD KA X ECOSPORT OBS: MOTORISTA EVADIU-SE DO LOCAL DEIXANDO O VEICULO,2.0,1.0,0.0,0.0,0.0,0.0,0.0,0.0,0.0,0.0,0.0,Não informado,Não informado,Não informado,Não informado,Não informado,Não informado,Não informado,Não informado,60.0,Não informado,Não informado,Não informado,2020,2,25,1,21.0
2020-02-25,22:15:00,SEM VÍTIMA,CANCELADA,BOA VISTA,RUA IMPERATRIZ TEREZA CRISTINA,Não informado,PROX A LIVRARIA IMPERATRIZ,BOA VISTA,Não informado,COLISÃO,COLISAO SEM VITIMAS,1.0,1.0,0.0,0.0,0.0,0.0,0.0,0.0,0.0,0.0,0.0,Não informado,Não informado,Não informado,Não informado,Não informado,Não informado,Não informado,Não informado,60.0,Não informado,Não informado,Não informado,2020,2,25,1,22.0
2020-02-25,23:29:00,SEM VÍTIMA,FINALIZADA,SÃO JOSÉ,C SANTA RITA,Não informado,Não informado,SÃO JOSÉ,CIDADE,COLISÃO TRASEIRA,PRISMA X LOGAN,2.0,1.0,0.0,0.0,0.0,0.0,0.0,0.0,0.0,0.0,0.0,Longo da via,Bom,Não existe,Perfeito estado,Seca,Perfeito estado,Não existe,Não há placas,40.0,Dupla,Faixa contínua,Não informado,2020,2,25,1,23.0
2020-02-26,03:39:00,SEM VÍTIMA,FINALIZADA,BOA VISTA,PTE PRINCESA IZABEL,Não informado,Não informado,BOA VISTA,SUBURBIO,COLISÃO TRASEIRA,SIENA X FIAT CRONOS X PALIO  (2 TAXIS E UM UBER ),3.0,1.0,0.0,0.0,0.0,0.0,0.0,0.0,0.0,0.0,0.0,Não informado,Bom,Sem defeito,Perfeito estado,Seca,Perfeito estado,Não informado,Não informado,60.0,Dupla,Faixa contínua,Não informado,2020,2,26,2,3.0
2020-02-26,04:03:00,COM VÍTIMA,FINALIZADA,BEBERIBE,AV BEBERIBE,RUA DA CORAGEM,PROX AO POSTO SHELL,BEBERIBE,CIDADE,ABALROAMENTO LONGITUDINAL,SANDERO BRANCO X MOTO,1.0,1.0,0.0,0.0,0.0,0.0,0.0,0.0,0.0,1.0,0.0,Longo da via,Bom,Sem defeito,Incompleta,Molhada,Mal conservada,Faixa de pedestre,Não há placas,60.0,Dupla,Faixa contínua,Não informado,2020,2,26,2,4.0
2020-02-26,04:39:00,SEM VÍTIMA,FINALIZADA,BOA VIAGEM,AV ENGENHEIRO DOMINGOS FERREIRA,Não informado,EM FRENTE AO LAÇA BURGUER,BOA VIAGEM,SUBURBIO,ABALROAMENTO LONGITUDINAL,COLISÃO ENTRE DOIS AUTOS- S/V,2.0,1.0,0.0,0.0,0.0,0.0,0.0,0.0,0.0,0.0,0.0,Longo da via,Bom,Sem defeito,Perfeito estado,Seca,Perfeito estado,Faixa de pedestre,Outras,60.0,Única,Canteiro central,Não informado,2020,2,26,2,4.0
2020-02-26,05:20:00,SEM VÍTIMA,FINALIZADA,SANTO AMARO,AV CRUZ CABUGA,RUA DOS PALMARES,Não informado,SANTO AMARO,CIDADE,ABALROAMENTO TRANSVERSAL,SIENA X FIESTA,2.0,1.0,0.0,0.0,0.0,0.0,0.0,0.0,0.0,0.0,0.0,Cruzamento,Bom,Sem defeito,Perfeito estado,Seca,Perfeito estado,Faixa de pedestre,Outras,60.0,Dupla,Faixa contínua,Não informado,2020,2,26,2,5.0
2020-02-26,06:31:00,COM VÍTIMA,FINALIZADA,MADALENA,RUA REAL DA TORRE,RUA LOPES DE CARVALHO,EM FRENTE A LOJA DE CENTRO DE TRATAMENTO PARA OS PES,MADALENA,CIDADE,CHOQUE OBJETO FIXO,AUTO E POSTE,1.0,1.0,0.0,0.0,0.0,0.0,0.0,0.0,0.0,1.0,0.0,Longo da via,Bom,Não existe,Perfeito estado,Seca,Perfeito estado,Não existe,Não informado,60.0,Dupla,Faixa seccionada,Não informado,2020,2,26,2,6.0
2020-02-26,07:04:00,SEM VÍTIMA,FINALIZADA,BOA VIAGEM,AV BOA VIAGEM,RUA BALTAZAR PASSOS,Não informado,BOA VIAGEM,CIDADE,ABALROAMENTO LONGITUDINAL,COLISÃO SEM VITIMAS,1.0,1.0,0.0,0.0,0.0,1.0,0.0,0.0,0.0,0.0,0.0,Cruzamento,Bom,Sem defeito,Perfeito estado,Seca,Perfeito estado,Faixa de pedestre,R-6a,60.0,Única,Faixa contínua,Não informado,2020,2,26,2,7.0
2020-02-26,10:19:00,SEM VÍTIMA,CANCELADA,ROSARINHO,AV NORTE,RUA GENERAL ABREU E LIMA,E/F AO PONTO CERTO AUTOMOTIVO,ROSARINHO,Não informado,COLISÃO,COLISÃO S/VITIMAS ENTRE UM ONIBUS E UM AUTO,1.0,1.0,0.0,0.0,0.0,1.0,0.0,0.0,0.0,0.0,0.0,Não informado,Não informado,Não informado,Não informado,Não informado,Não informado,Não informado,Não informado,60.0,Não informado,Não informado,Não informado,2020,2,26,2,10.0
2020-02-26,13:51:00,SEM VÍTIMA,FINALIZADA,TAMARINEIRA,AV NORTE,Não informado,AO LADO DO SEMÁFORO 062,TAMARINEIRA,SUBURBIO,COLISÃO TRASEIRA,COLISAO ENTRE DOIS AUTOS S/V,2.0,1.0,0.0,0.0,0.0,0.0,0.0,0.0,0.0,0.0,0.0,Longo da via,Bom,Não existe,Perfeito estado,Seca,Perfeito estado,Não existe,R-6a,60.0,Única,Faixa seccionada,Não informado,2020,2,26,2,13.0
2020-02-26,15:12:00,SEM VÍTIMA,FINALIZADA,BOA VISTA,RUA DOS PALMARES,AV CRUZ CABUGA,Não informado,BOA VISTA,CIDADE,ABALROAMENTO LONGITUDINAL,COLISÃO SEM VÍTIMA,1.0,1.0,0.0,0.0,0.0,0.0,1.0,0.0,0.0,0.0,0.0,Cruzamento,Bom,Sem defeito,Perfeito estado,Seca,Perfeito estado,Faixa de pedestre,R-6a,40.0,Dupla,Canteiro central,Não informado,2020,2,26,2,15.0
2020-02-26,15:39:00,SEM VÍTIMA,FINALIZADA,TAMARINEIRA,EST VELHA DE AGUA FRIA,Não informado,EM FRENTE AO DNOCS,TAMARINEIRA,Não informado,COLISÃO TRASEIRA,COLISAO ENTRE DOIS AUTOS S/V,2.0,1.0,0.0,0.0,0.0,0.0,0.0,0.0,0.0,0.0,0.0,Longo da via,Bom,Não existe,Perfeito estado,Seca,Perfeito estado,Não existe,Não há placas,60.0,Dupla,Faixa contínua,Não informado,2020,2,26,2,15.0
2020-02-26,17:24:00,SEM VÍTIMA,FINALIZADA,IPSEP,AV RAIMUNDO DINIZ,RUA DAVID PERNETA,Não informado,IPSEP,SUBURBIO,ABALROAMENTO LONGITUDINAL,COLISÃO SEM VÍTIMA,2.0,1.0,0.0,0.0,0.0,0.0,0.0,0.0,0.0,0.0,0.0,Cruzamento,Bom,Não existe,Não existente,Seca,Mal iluminada,Não existe,Não há placas,60.0,Dupla,Não existe,Não informado,2020,2,26,2,17.0
2020-02-26,18:21:00,SEM VÍTIMA,FINALIZADA,TORRE,AV BEIRA RIO,Não informado,RIVER TOWER RESIDENCE Nº 825,TORRE,SUBURBIO,COLISÃO TRASEIRA,FOX X MOTO X GOL,1.0,1.0,0.0,0.0,0.0,0.0,0.0,0.0,0.0,0.0,0.0,Longo da via,Bom,Não existe,Perfeito estado,Seca,Perfeito estado,Não existe,Outras,60.0,Dupla,Faixa seccionada,Não informado,2020,2,26,2,18.0