data,hora,natureza_acidente,situacao,bairro,endereco,detalhe_endereco_acidente,complemento,bairro_cruzamento,sentido_via,tipo,descricao,auto,moto,ciclom,ciclista,pedestre,onibus,caminhao,viatura,outros,vitimas,vitimasfatais,acidente_verificado,tempo_clima,situacao_semaforo,sinalizacao,condicao_via,conservacao_via,ponto_controle,situacao_placa,velocidade_max_via,mao_direcao,divisao_via1,natureza,ano,mes,dia,dia_semana,hora_ocorrencia
2020-02-26,18:31:00,COM VÍTIMA,FINALIZADA,CURADO,RUA DR GEORGE WILLIAM BUTLER,AV PREFEITO ANTONIO PEREIRA,NA RUA ACESSO AO TIP RUA DA KIMBOM POR TRAS DA NAGEM,CURADO,TIP,ABALROAMENTO TRANSVERSAL,COLISAO ENTRE MOTO CINQUENTINHA E AUTO COM UMA VITIMA,1.0,1.0,1.0,0.0,0.0,0.0,0.0,0.0,0.0,1.0,0.0,Longo da via,Bom,Não existe,Não existente,Seca,Mal conservada,Não existe,Não há placas,60.0,Dupla,Faixa contínua,Não informado,2020,2,26,2,18.0
2020-02-27,00:05:00,SEM VÍTIMA,FINALIZADA,BOA VIAGEM,RUA RIBEIRO DE BRITO,RUA AMALIA BERNARDINO DE SOUZA,UNINASSAU,BOA VIAGEM,SUBURBIO,ABALROAMENTO TRANSVERSAL,COLISÃO ENTRE DOIS AUTOS S/V,2.0,1.0,0.0,0.0,0.0,0.0,0.0,0.0,0.0,0.0,0.0,Cruzamento,Bom,Não existe,Perfeito estado,Seca,Perfeito estado,Não existe,Não há placas,60.0,Única,Faixa seccionada,Não informado,2020,2,27,3,0.0
2020-02-27,05:32:00,SEM VÍTIMA,FINALIZADA,GRAÇAS,AV RUI BARBOSA,RUA TENENTE ANTONIO JOAO,FRENTE AO COLÉGIO AGNES,GRAÇAS,SUBURBIO,CHOQUE OBJETO FIXO,Não informado,1.0,1.0,0.0,0.0,0.0,0.0,0.0,0.0,0.0,0.0,0.0,Longo da via,Chuvoso,Não existe,Perfeito estado,Molhada,Perfeito estado,Não informado,R-6a,60.0,Única,Faixa seccionada,Não informado,2020,2,27,3,5.0
2020-02-27,07:04:00,SEM VÍTIMA,FINALIZADA,PAISSANDU,AV GOVERNADOR AGAMENON MAGALHAES,Não informado,EM FRENTE AO ESTACIONAMENTO SANPARK,PAISSANDU,CIDADE,ABALROAMENTO LONGITUDINAL,COLISAO SEM VITIMAS,1.0,1.0,0.0,0.0,0.0,1.0,0.0,0.0,0.0,0.0,0.0,Longo da via,Bom,Sem defeito,Perfeito estado,Seca,Perfeito estado,Agente,Não há placas,60.0,Dupla,Faixa seccionada,Não informado,2020,2,27,3,7.0
2020-02-27,07:39:00,SEM VÍTIMA,FINALIZADA,BOA VIAGEM,RUA VISCONDE DE JEQUITINHONHA,RUA DOM JOSE LOPES,Não informado,BOA VIAGEM,Não informado,ABALROAMENTO TRANSVERSAL,COLISÃO SEM VITIMAS,2.0,1.0,0.0,0.0,0.0,0.0,0.0,0.0,0.0,0.0,0.0,Cruzamento,Bom,Não existe,Perfeito estado,Seca,Perfeito estado,Faixa de pedestre,Placas Pare,60.0,Única,Não existe,Não informado,2020,2,27,3,7.0
2020-02-27,08:22:00,COM VÍTIMA,FINALIZADA,MADALENA,RUA BENFICA,Não informado,AO LADO DO MUSEU DA ABOLIÇÃO,MADALENA,SUBURBIO,ABALROAMENTO LONGITUDINAL,COLISÃO COM VÍTIMAS,1.0,1.0,0.0,0.0,0.0,1.0,0.0,0.0,0.0,1.0,0.0,Longo da via,Bom,Sem defeito,Perfeito estado,Seca,Perfeito estado,Faixa de pedestre,R-6a,60.0,Dupla,Faixa contínua,Não informado,2020,2,27,3,8.0
2020-02-27,08:50:00,SEM VÍTIMA,FINALIZADA,CASA AMARELA,AV NORTE,Não informado,LADO OPOSTO A UPINHA,CASA AMARELA,CIDADE,ABALROAMENTO LONGITUDINAL,COLISÃO S/VITIMAS ENTRE UM AUTO E UM CAMINHÃO,1.0,1.0,0.0,0.0,0.0,0.0,1.0,0.0,0.0,0.0,0.0,Longo da via,Bom,Não existe,Perfeito estado,Seca,Perfeito estado,Não existe,Não há placas,40.0,Dupla,Canteiro central,Não informado,2020,2,27,3,8.0
2020-02-27,08:48:00,SEM VÍTIMA,FINALIZADA,GRAÇAS,AV RUI BARBOSA,Não informado,EM FRENTE AO Nº 218,GRAÇAS,CIDADE,COLISÃO TRASEIRA,DOIS AUTOS   PONTO FIXO GM POLIANA,2.0,1.0,0.0,0.0,0.0,0.0,0.0,0.0,0.0,0.0,0.0,Longo da via,Bom,Sem defeito,Perfeito estado,Seca,Perfeito estado,Faixa de pedestre,Outras,60.0,Única,Faixa contínua,Não informado,2020,2,27,3,8.0
2020-02-27,09:21:00,SEM VÍTIMA,FINALIZADA,IPSEP,AV RECIFE,Não informado,Não informado,IPSEP,Não informado,ABALROAMENTO LONGITUDINAL,COLISÃO SEM VITIMA,1.0,1.0,0.0,0.0,0.0,0.0,0.0,0.0,1.0,0.0,0.0,Longo da via,Bom,Sem defeito,Perfeito estado,Seca,Perfeito estado,Faixa de retenção,R-6a,60.0,Dupla,Faixa seccionada,Não informado,2020,2,27,3,9.0
2020-02-27,09:26:00,SEM VÍTIMA,FINALIZADA,CURADO,RUA MINISTRO MARIO ANDREAZZA,Não informado,INSTITUTO DE INQUAÇÃO TECNOLOGICA - UPE,CURADO,Não informado,COLISÃO FRONTAL,COLISÃO SEM VITIMAS,1.0,1.0,0.0,0.0,0.0,0.0,1.0,0.0,0.0,0.0,0.0,Longo da via,Bom,Não existe,Não existente,Seca,Perfeito estado,Não existe,Não há placas,60.0,Dupla,Não existe,Não informado,2020,2,27,3,9.0
2020-02-27,11:23:00,SEM VÍTIMA,FINALIZADA,SANTO AMARO,AV CRUZ CABUGA,Não informado,ARMAZEM ACHAQUI,SANTO AMARO,CIDADE,ABALROAMENTO LONGITUDINAL,COLISÃO SEM VITIMAS,1.0,1.0,0.0,0.0,0.0,0.0,2.0,0.0,0.0,0.0,0.0,Longo da via,Bom,Sem defeito,Perfeito estado,Seca,Perfeito estado,Agente,Outras,60.0,Dupla,Faixa contínua,Não informado,2020,2,27,3,11.0
2020-02-27,11:24:00,SEM VÍTIMA,FINALIZADA,DERBY,RUA AMAURI DE MEDEIROS,RUA BARAO DE GOIANA,EDIFÍCIO DERBY PARK,DERBY,SUBURBIO,ABALROAMENTO TRANSVERSAL,DOIS AUTOS  BATEDORES NO LOCAL GM´S ANDERSON E LUIZ ALBERTO,2.0,1.0,0.0,0.0,0.0,0.0,0.0,0.0,0.0,0.0,0.0,Cruzamento,Bom,Não existe,Perfeito estado,Seca,Perfeito estado,Não existe,Placas Pare,60.0,Única,Não existe,Não informado,2020,2,27,3,11.0
2020-02-27,11:30:00,COM VÍTIMA,FINALIZADA,ENCRUZILHADA,AV NORTE,Não informado,EM FRENTE A RENAULT- SENT. SUB,ENCRUZILHADA,SUBURBIO,COLISÃO TRASEIRA,TRES AUTOS E UM ÔNIBUS - VT-21 SUB. FATIMA NO LOCAL,3.0,1.0,0.0,0.0,0.0,1.0,0.0,0.0,0.0,2.0,0.0,Longo da via,Bom,Sem defeito,Perfeito estado,Seca,Perfeito estado,Faixa de pedestre,R-6a,60.0,Única,Faixa seccionada,Não informado,2020,2,27,3,11.0
2020-02-27,11:48:00,SEM VÍTIMA,FINALIZADA,PARNAMIRIM,RUA TITO ROSAS,Não informado,EDIFÍCIO VILA MARIANNA,PARNAMIRIM,CIDADE,ABALROAMENTO LONGITUDINAL,USUARIO SE MACHUCOU MAS FALOU QUE NAO QUERIA CHAMAR O SAMU,1.0,1.0,0.0,0.0,0.0,0.0,0.0,0.0,0.0,0.0,0.0,Longo da via,Bom,Não existe,Perfeito estado,Seca,Perfeito estado,Não existe,Outras,60.0,Única,Não informado,Não informado,2020,2,27,3,11.0
2020-02-27,12:01:00,SEM VÍTIMA,FINALIZADA,DERBY,AV GOVERNADOR AGAMENON MAGALHAES,Não informado,EM FRENTE AO HOSPITAL MEMORIAL SÃO JOSÉ,DERBY,Não informado,COLISÃO TRASEIRA,COLISÃO SEM VITIMAS,3.0,1.0,0.0,0.0,0.0,0.0,0.0,0.0,0.0,0.0,0.0,Longo da via,Bom,Sem defeito,Perfeito estado,Seca,Perfeito estado,Agente,Outras,60.0,Dupla,Faixa seccionada,Não informado,2020,2,27,3,12.0
2020-02-27,12:30:00,SEM VÍTIMA,FINALIZADA,BOA VISTA,RUA CORREDOR DO BISPO,Não informado,EM FRENTE A SAÍDA DO SOPPHING BOA VISTA,BOA VISTA,Não informado,CHOQUE VEÍCULO PARADO,COLISÃO SEM VITIMAS. ENTRE DOIS VEICULOS,2.0,1.0,0.0,0.0,0.0,0.0,0.0,0.0,0.0,0.0,0.0,Longo da via,Bom,Não existe,Perfeito estado,Seca,Perfeito estado,Não existe,Não informado,60.0,Única,Não existe,Não informado,2020,2,27,3,12.0
2020-02-27,12:49:00,COM VÍTIMA,FINALIZADA,ILHA JOANA BEZERRA,AV BEIRA RIO,Não informado,NA DESCIDA DO VIADUTO PROX AO FORUM DESEMBARGADOR RODOLFO AURELIANO S/T CID. AO LADO DA ACADEMIA DA CIDADE,ILHA JOANA BEZERRA,CIDADE,ABALROAMENTO TRANSVERSAL,COLISAO ENTRE AUTO E MOTO COM UMA VITIMA,1.0,1.0,0.0,0.0,0.0,0.0,0.0,0.0,0.0,1.0,0.0,Cruzamento,Bom,Não existe,Perfeito estado,Seca,Perfeito estado,Não existe,Placas Pare,40.0,Dupla,Faixa contínua,Não informado,2020,2,27,3,12.0
2020-02-27,12:56:00,SEM VÍTIMA,FINALIZADA,ARRUDA,RUA RAMIZ GALVAO,RUA RAUL POMPEIA,EM FRENTE AO HOTELZINHO PEDACINHO DO CÉU,ARRUDA,CIDADE,COLISÃO FRONTAL,COLISÃO SEM VÍTIMA,1.0,1.0,0.0,0.0,0.0,0.0,1.0,0.0,0.0,0.0,0.0,Cruzamento,Bom,Não existe,Perfeito estado,Seca,Perfeito estado,Não existe,Placas Pare,60.0,Dupla,Não existe,Não informado,2020,2,27,3,12.0
2020-02-27,13:12:00,COM VÍTIMA,FINALIZADA,TORRE,RUA REAL DA TORRE,Não informado,DROGARIA SAO PAULO// MARTELINHO DE OURO,TORRE,CIDADE,ABALROAMENTO TRANSVERSAL,COLISAO COM VITIMA. ENTRE MOTO E VEICULO,1.0,1.0,0.0,0.0,0.0,0.0,0.0,0.0,0.0,1.0,0.0,Longo da via,Bom,Não existe,Perfeito estado,Seca,Perfeito estado,Outros,Outras,60.0,Não informado,Não informado,Não informado,2020,2,27,3,13.0
2020-02-27,13:14:00,SEM VÍTIMA,FINALIZADA,IPSEP,RUA JEAN EMILE FAVRE,Não informado,EM FRENTE A MONTE CARLO'S,IPSEP,SUBURBIO,ABALROAMENTO LONGITUDINAL,COLISAO ENTRE DOIS AUTOS S/V,2.0,1.0,0.0,0.0,0.0,0.0,0.0,0.0,0.0,0.0,0.0,Longo da via,Bom,Não existe,Perfeito estado,Seca,Perfeito estado,Não existe,Placas Pare,60.0,Dupla,Faixa contínua,Não informado,2020,2,27,3,13.0
2020-02-27,13:26:00,SEM VÍTIMA,FINALIZADA,Não informado,PRC DO DERBY,RUA JENER DE SOUZA,EM FRENTE A PRAÇA DO DERBY,Não informado,CIDADE,ABALROAMENTO TRANSVERSAL,COLISAO ENTRE CARRO DO SAMU E BRT S/V,1.0,1.0,0.0,0.0,0.0,1.0,1.0,0.0,0.0,0.0,0.0,Longo da via,Bom,Sem defeito,Perfeito estado,Seca,Perfeito estado,Faixa de pedestre,Não informado,50.0,Dupla,Faixa contínua,Não informado,2020,2,27,3,13.0
2020-02-27,14:19:00,SEM VÍTIMA,FINALIZADA,IMBIRIBEIRA,AV MARECHAL MASCARENHAS DE MORAES,Não informado,SOB O SEMÁFORO Nº 631,IMBIRIBEIRA,CIDADE,COLISÃO TRASEIRA,COLISAO ENTRE DOIS AUTOS S/V,2.0,1.0,0.0,0.0,0.0,0.0,0.0,0.0,0.0,0.0,0.0,Longo da via,Bom,Sem defeito,Perfeito estado,Seca,Perfeito estado,Faixa de pedestre,R-6a,60.0,Dupla,Canteiro central,Não informado,2020,2,27,3,14.0
2020-02-27,14:24:00,SEM VÍTIMA,FINALIZADA,AFOGADOS,RUA JACIRA,RUA CINCO DE NOVEMBRO,Não informado,AFOGADOS,SUBURBIO,ABALROAMENTO TRANSVERSAL,COLISÃO SEM VÍTIMA,1.0,1.0,0.0,0.0,0.0,0.0,0.0,0.0,0.0,0.0,0.0,Cruzamento,Bom,Não existe,Incompleta,Seca,Mal conservada,Não existe,Não há placas,60.0,Única,Não existe,Não informado,2020,2,27,3,14.0
2020-02-27,14:24:00,SEM VÍTIMA,FINALIZADA,CABANGA,PTE GOVERNADOR PAULO GUERRA,Não informado,SOBRE A PONTE,CABANGA,CIDADE,COLISÃO TRASEIRA,COLISÃO SEM VÍTIMA,2.0,1.0,0.0,0.0,0.0,0.0,0.0,0.0,0.0,0.0,0.0,Ponte,Bom,Não existe,Perfeito estado,Seca,Perfeito estado,Não existe,Não há placas,60.0,Dupla,Não informado,Não informado,2020,2,27,3,14.0
2020-02-27,14:50:00,SEM VÍTIMA,FINALIZADA,AFOGADOS,RUA SAO MIGUEL,Não informado,BANCO DO BRASIL,AFOGADOS,CIDADE,COLISÃO TRASEIRA,COLISÃO SEM VÍTIMA,2.0,1.0,0.0,0.0,0.0,0.0,0.0,0.0,0.0,0.0,0.0,Longo da via,Bom,Não existe,Perfeito estado,Seca,Perfeito estado,Não existe,Outras,60.0,Dupla,Faixa contínua,Não informado,2020,2,27,3,14.0
2020-02-27,15:02:00,SEM VÍTIMA,CANCELADA,IPUTINGA,RUA EMILIANO BRAGA,Não informado,POR TRAS DA CAXANGA VEICULOS,IPUTINGA,Não informado,COLISÃO,COLISAO ENTRE AUTO E MOTO S/V,1.0,1.0,0.0,0.0,0.0,0.0,0.0,0.0,0.0,0.0,0.0,Não informado,Não informado,Não informado,Não informado,Não informado,Não informado,Não informado,Não informado,60.0,Não informado,Não informado,Não informado,2020,2,27,3,15.0
2020-02-27,15:11:00,SEM VÍTIMA,FINALIZADA,SANTO AMARO,AV CRUZ CABUGA,RUA DOS PALMARES,IGREJA ASSEMBLEIA DE DEUS,SANTO AMARO,CIDADE,COLISÃO TRASEIRA,COLISAO ENTRE DOIS AUTOS S/V,2.0,1.0,0.0,0.0,0.0,0.0,0.0,0.0,0.0,0.0,0.0,Longo da via,Bom,Sem defeito,Perfeito estado,Seca,Perfeito estado,Agente,R-6a,60.0,Dupla,Faixa contínua,Não informado,2020,2,27,3,15.0
2020-02-27,15:11:00,SEM VÍTIMA,FINALIZADA,PRADO,AV ENGENHEIRO ABDIAS DE CARVALHO,RUA SANTA EDWIRGES,Não informado,PRADO,SUBURBIO,COLISÃO TRASEIRA,COLISÃO SEM VÍTIMA,1.0,1.0,0.0,0.0,0.0,0.0,1.0,0.0,0.0,0.0,0.0,Cruzamento,Bom,Sem defeito,Perfeito estado,Seca,Perfeito estado,Faixa de pedestre,R-6a,60.0,Dupla,Canteiro central,Não informado,2020,2,27,3,15.0
2020-02-27,15:20:00,SEM VÍTIMA,FINALIZADA,SANTANA,RUA JORGE GOMES DE SA,Não informado,EM FRENTE AO PARQUE SANTANA,SANTANA,SUBURBIO,ABALROAMENTO TRANSVERSAL,COLISAO ENTRE DOIS AUTOS S/V,2.0,1.0,0.0,0.0,0.0,0.0,0.0,0.0,0.0,0.0,0.0,Longo da via,Bom,Não existe,Incompleta,Seca,Perfeito estado,Não existe,Não há placas,60.0,Dupla,Não existe,Não informado,2020,2,27,3,15.0
2020-02-27,16:01:00,SEM VÍTIMA,FINALIZADA,PRADO,AV ENGENHEIRO ABDIAS DE CARVALHO,RUA SANTA EDWIRGES,POSTO BR,PRADO,CIDADE,COLISÃO TRASEIRA,COLISÃO SEM VÍTIMA- ENTRE 2 MOTOCICLETAS,1.0,2.0,0.0,0.0,0.0,0.0,0.0,0.0,0.0,0.0,0.0,Cruzamento,Bom,Sem defeito,Perfeito estado,Seca,Perfeito estado,Faixa de pedestre,Outras,60.0,Dupla,Faixa contínua,Não informado,2020,2,27,3,16.0
2020-02-27,16:05:00,SEM VÍTIMA,FINALIZADA,CORDEIRO,AV ENGENHEIRO ABDIAS DE CARVALHO,Não informado,POSTO IPIRANGA,CORDEIRO,SUBURBIO,COLISÃO TRASEIRA,COLISÃO SEM VÍTIMA,2.0,1.0,0.0,0.0,0.0,0.0,0.0,0.0,0.0,0.0,0.0,Longo da via,Bom,Sem defeito,Perfeito estado,Seca,Perfeito estado,Faixa de pedestre,Não informado,60.0,Dupla,Canteiro central,Não informado,2020,2,27,3,16.0
2020-02-27,18:21:00,SEM VÍTIMA,FINALIZADA,BAIRRO DO RECIFE,AV ALFREDO LISBOA,Não informado,EM FRENTE A PRAÇA DO MARCO ZERO,BAIRRO DO RECIFE,Não informado,ABALROAMENTO LONGITUDINAL,ENTRE 2 AUTOS. S/V,1.0,1.0,0.0,0.0,0.0,0.0,1.0,0.0,0.0,0.0,0.0,Longo da via,Bom,Não existe,Perfeito estado,Seca,Perfeito estado,Não existe,Não informado,60.0,Única,Não existe,Não informado,2020,2,27,3,18.0
2020-02-27,20:11:00,SEM VÍTIMA,FINALIZADA,ALTO JOSÉ BONIFÁCIO,RUA ALTO DA SERRINHA,RUA ALTO DA SAUDADE,Não informado,ALTO JOSÉ BONIFÁCIO,SUBURBIO,ABALROAMENTO LONGITUDINAL,ENTRE ÔNIBUS E AUTO PASSEIO. S/V,1.0,1.0,0.0,0.0,0.0,0.0,1.0,0.0,0.0,0.0,0.0,Longo da via,Bom,Não existe,Não existente,Seca,Perfeito estado,Não existe,Não há placas,60.0,Dupla,Não existe,Não informado,2020,2,27,3,20.0
2020-02-27,20:22:00,SEM VÍTIMA,FINALIZADA,SAN MARTIN,AV GENERAL SAN MARTIN,Não informado,Não informado,SAN MARTIN,CIDADE,ABALROAMENTO LONGITUDINAL,GOL X KWID,2.0,1.0,0.0,0.0,0.0,0.0,0.0,0.0,0.0,0.0,0.0,Longo da via,Bom,Não existe,Ilegível,Seca,Mal iluminada,Não existe,Não há placas,60.0,Dupla,Faixa contínua,Não informado,2020,2,27,3,20.0
2020-02-27,21:50:00,SEM VÍTIMA,FINALIZADA,BOA VIAGEM,RUA PROFESSOR MARIO CASTRO,RUA ANTONIO PASSOS,Não informado,BOA VIAGEM,SUBURBIO,ABALROAMENTO LONGITUDINAL,TOYOTA RAV 4V X FIAT ARGO,2.0,1.0,0.0,0.0,0.0,0.0,0.0,0.0,0.0,0.0,0.0,Cruzamento,Bom,Não existe,Ilegível,Seca,Perfeito estado,Não existe,Não há placas,60.0,Dupla,Faixa contínua,Não informado,2020,2,27,3,21.0
2020-02-27,23:22:00,SEM VÍTIMA,FINALIZADA,BOA VIAGEM,AV CONSELHEIRO AGUIAR,RUA ARTUR MUNIZ,POSTO BR,BOA VIAGEM,Não informado,ABALROAMENTO TRANSVERSAL,COLISÃO DOIS AUTOS S/VITIMA,2.0,1.0,0.0,0.0,0.0,0.0,0.0,0.0,0.0,0.0,0.0,Cruzamento,Bom,Sem defeito,Perfeito estado,Seca,Perfeito estado,Faixa de pedestre,Outras,60.0,Única,Faixa seccionada,Não informado,2020,2,27,3,23.0
2020-02-27,23:34:00,SEM VÍTIMA,FINALIZADA,SANTO AMARO,RUA MARQUÊS DO POMBAL,RUA TUPINAMBAS,ESCOLA ANIBAL FERNANDES,SANTO AMARO,SUBURBIO,ABALROAMENTO TRANSVERSAL,COLISÃO DOIS AUTOS S/VITIMA,2.0,1.0,0.0,0.0,0.0,0.0,0.0,0.0,0.0,0.0,0.0,Cruzamento,Bom,Não existe,Perfeito estado,Seca,Perfeito estado,Faixa de retenção,Placas Pare,30.0,Dupla,Faixa seccionada,Não informado,2020,2,27,3,23.0
2020-02-28,06:20:00,SEM VÍTIMA,FINALIZADA,IMBIRIBEIRA,AV MARECHAL MASCARENHAS DE MORAES,Não informado,SUBIDA DA RAMPA POSTÃO B1 AEROPORTO DO RECIFE,IMBIRIBEIRA,Não informado,CHOQUE OBJETO FIXO,VEICULO CHOCOU-SE CONTRA CANTEIRO CENTRAL,1.0,1.0,0.0,0.0,0.0,0.0,0.0,0.0,0.0,0.0,0.0,Longo da via,Bom,Não existe,Perfeito estado,Seca,Perfeito estado,Não existe,Não há placas,60.0,Única,Faixa contínua,Não informado,2020,2,28,4,6.0
2020-02-28,07:16:00,SEM VÍTIMA,FINALIZADA,JORDÃO,TUNEL FELIPE CAMARAO,Não informado,ALÇA DE ACESSO À AVENIDA MARECHAL MASCARENHAS DE MORAIS,JORDÃO,CIDADE,ABALROAMENTO LONGITUDINAL,FORD KA PLACA: xxx E TOYOTA COROLLA yyy,2.0,1.0,0.0,0.0,0.0,0.0,0.0,0.0,0.0,0.0,0.0,Não informado,Bom,Não existe,Perfeito estado,Seca,Perfeito estado,Não existe,Não há placas,60.0,Única,Não existe,Não informado,2020,2,28,4,7.0
2020-02-28,08:29:00,SEM VÍTIMA,FINALIZADA,IMBIRIBEIRA,RUA DEZ DE JULHO,Não informado,ESTAÇÃO AEROPORTO,IMBIRIBEIRA,Não informado,ABALROAMENTO LONGITUDINAL,DOIS AUTOS,2.0,1.0,0.0,0.0,0.0,0.0,0.0,0.0,0.0,0.0,0.0,Longo da via,Bom,Sem defeito,Perfeito estado,Seca,Perfeito estado,Não existe,Não há placas,40.0,Única,Faixa seccionada,Não informado,2020,2,28,4,8.0
2020-02-28,08:50:00,SEM VÍTIMA,FINALIZADA,Não informado,AV DA RECUPERACAO,AV NORTE,ROTATÓRIA DA MACAXEIRA,Não informado,SUBURBIO,COLISÃO TRASEIRA,Não informado,1.0,1.0,0.0,0.0,0.0,0.0,1.0,0.0,0.0,0.0,0.0,Não informado,Bom,Não existe,Perfeito estado,Seca,Perfeito estado,Não existe,Não há placas,60.0,Única,Não existe,Não informado,2020,2,28,4,8.0
2020-02-28,09:14:00,SEM VÍTIMA,FINALIZADA,ILHA DO LEITE,PRC MIGUEL DE CERVANTES,RUA ANTONIO GOMES DE FREITAS,Não informado,ILHA DO LEITE,CIDADE,ABALROAMENTO LONGITUDINAL,LOGAN X GOL,2.0,1.0,0.0,0.0,0.0,0.0,0.0,0.0,0.0,0.0,0.0,Cruzamento,Bom,Não existe,Perfeito estado,Seca,Perfeito estado,Faixa de pedestre,Placas Pare,30.0,Única,Não informado,Não informado,2020,2,28,4,9.0
2020-02-28,09:15:00,SEM VÍTIMA,FINALIZADA,ESTÂNCIA,AV RECIFE,Não informado,ERIC EQUIPADORA,ESTÂNCIA,Não informado,COLISÃO TRASEIRA,COLISÃO SEM VÍTIMA,1.0,1.0,0.0,0.0,0.0,0.0,0.0,0.0,1.0,0.0,0.0,Longo da via,Bom,Sem defeito,Perfeito estado,Seca,Não informado,Faixa de pedestre,Outras,60.0,Única,Canteiro central,Não informado,2020,2,28,4,9.0
2020-02-28,09:40:00,SEM VÍTIMA,FINALIZADA,AFOGADOS,RUA DA PAZ,Não informado,EMPRESA ASA Nº 82,AFOGADOS,SUBURBIO,ABALROAMENTO LONGITUDINAL,COLISÃO SEM VÍTIMA,1.0,1.0,0.0,0.0,0.0,0.0,1.0,0.0,0.0,0.0,0.0,Longo da via,Bom,Sem defeito,Perfeito estado,Seca,Perfeito estado,Agente,R-6a,60.0,Única,Faixa seccionada,Não informado,2020,2,28,4,9.0
2020-02-28,09:59:00,SEM VÍTIMA,FINALIZADA,BOA VIAGEM,AV BOA VIAGEM,Não informado,PARQUE DONA LINDU,BOA VIAGEM,CIDADE,COLISÃO TRASEIRA,RENAULT X PAJERO,2.0,1.0,0.0,0.0,0.0,0.0,0.0,0.0,0.0,0.0,0.0,Longo da via,Bom,Sem defeito,Perfeito estado,Seca,Perfeito estado,Faixa de pedestre,R-6b,60.0,Única,Faixa contínua,Não informado,2020,2,28,4,9.0
2020-02-28,10:02:00,SEM VÍTIMA,FINALIZADA,DERBY,RUA JORNALISTA PAULO BITTENCOURT,Não informado,EM FRENTE AO ESTACIONAMENTO LE PARK,DERBY,CIDADE,COLISÃO TRASEIRA,Não informado,2.0,1.0,0.0,0.0,0.0,0.0,0.0,0.0,0.0,0.0,0.0,Longo da via,Bom,Não existe,Perfeito estado,Seca,Perfeito estado,Outros,Outras,60.0,Dupla,Faixa seccionada,Não informado,2020,2,28,4,10.0
2020-02-28,10:08:00,SEM VÍTIMA,FINALIZADA,CABANGA,AV ANTONIO DE GOES,Não informado,AO LADO DO CABANGA,CABANGA,CIDADE,ABALROAMENTO LONGITUDINAL,FIAT ARGO X FIAT ARGO,2.0,1.0,0.0,0.0,0.0,0.0,0.0,0.0,0.0,0.0,0.0,Longo da via,Bom,Não existe,Perfeito estado,Seca,Perfeito estado,Agente,Não há placas,60.0,Única,Faixa contínua,Não informado,2020,2,28,4,10.0
2020-02-28,10:43:00,SEM VÍTIMA,FINALIZADA,AFOGADOS,AV SUL,Não informado,AO LADO DA ESTAÇÃO DO LARGO DA PAZ,AFOGADOS,CIDADE,ABALROAMENTO TRANSVERSAL,COLISÃO SEM VÍTIMA,1.0,1.0,0.0,0.0,0.0,0.0,1.0,0.0,0.0,0.0,0.0,Longo da via,Bom,Não existe,Perfeito estado,Seca,Perfeito estado,Outros,Outras,60.0,Única,Faixa seccionada,Não informado,2020,2,28,4,10.0
2020-02-28,10:47:00,SEM VÍTIMA,FINALIZADA,IMBIRIBEIRA,AV MARECHAL MASCARENHAS DE MORAES,Não informado,EM FRENTE AUTO LINS HONDA,IMBIRIBEIRA,SUBURBIO,COLISÃO TRASEIRA,SANDERO X GOLF,2.0,1.0,0.0,0.0,0.0,0.0,0.0,0.0,0.0,0.0,0.0,Longo da via,Bom,Não existe,Não existente,Seca,Perfeito estado,Não existe,Não informado,60.0,Dupla,Faixa contínua,Não informado,2020,2,28,4,10.0
2020-02-28,12:16:00,SEM VÍTIMA,FINALIZADA,DERBY,Não informado,Não informado,LADO OPOSTO AO QUARTEL DO DERBY,DERBY,CIDADE,ABALROAMENTO LONGITUDINAL,DOIS AUTOS,2.0,1.0,0.0,0.0,0.0,0.0,0.0,0.0,0.0,0.0,0.0,Longo da via,Bom,Não existe,Perfeito estado,Seca,Perfeito estado,Não existe,Não há placas,40.0,Única,Faixa seccionada,Não informado,2020,2,28,4,12.0
2020-02-28,12:21:00,SEM VÍTIMA,FINALIZADA,ENCRUZILHADA,AV NORTE,Não informado,LADO OPOSTO AO BANCO SANTANDER,ENCRUZILHADA,SUBURBIO,COLISÃO TRASEIRA,Não informado,2.0,1.0,0.0,0.0,0.0,0.0,0.0,0.0,0.0,0.0,0.0,Longo da via,Bom,Não existe,Perfeito estado,Seca,Perfeito estado,Faixa de pedestre,R-6a,60.0,Única,Faixa seccionada,Não informado,2020,2,28,4,12.0
2020-02-28,13:06:00,COM VÍTIMA,FINALIZADA,CASA AMARELA,AV NORTE,Não informado,Não informado,CASA AMARELA,CIDADE,COLISÃO TRASEIRA,COM VÍTIMA,1.0,1.0,0.0,0.0,0.0,0.0,0.0,0.0,0.0,1.0,0.0,Longo da via,Bom,Não existe,Perfeito estado,Seca,Perfeito estado,Faixa de pedestre,Não há placas,60.0,Única,Faixa seccionada,Não informado,2020,2,28,4,13.0
2020-02-28,15:04:00,COM VÍTIMA,FINALIZADA,MADALENA,AV BEIRA RIO,RUA DEMOSTENES DE OLINDA,Não informado,MADALENA,CIDADE,ABALROAMENTO TRANSVERSAL,COM VÍTIMA,1.0,1.0,0.0,0.0,0.0,0.0,0.0,0.0,0.0,1.0,0.0,Esquina,Bom,Não existe,Perfeito estado,Seca,Perfeito estado,Faixa de pedestre,Placas Pare,60.0,Dupla,Faixa,Não informado,2020,2,28,4,15.0
2020-02-28,15:59:00,SEM VÍTIMA,FINALIZADA,PARNAMIRIM,AV PARNAMIRIM,Não informado,EM FRENTE AO HOSPITAL MARIA LUCINDA,PARNAMIRIM,CIDADE,COLISÃO TRASEIRA,Não informado,3.0,1.0,0.0,0.0,0.0,0.0,0.0,0.0,0.0,0.0,0.0,Longo da via,Bom,Sem defeito,Perfeito estado,Seca,Perfeito estado,Não existe,R-6a,60.0,Única,Faixa seccionada,Não informado,2020,2,28,4,15.0
2020-02-28,16:29:00,SEM VÍTIMA,FINALIZADA,BOA VISTA,AV GOVERNADOR AGAMENON MAGALHAES,RUA DOM BOSCO,FRENTE A DROGASIL,BOA VISTA,Não informado,ABALROAMENTO LONGITUDINAL,Não informado,2.0,1.0,0.0,0.0,0.0,0.0,0.0,0.0,0.0,0.0,0.0,Longo da via,Bom,Sem defeito,Perfeito estado,Seca,Perfeito estado,Agente,Outras,60.0,Dupla,Faixa contínua,Não informado,2020,2,28,4,16.0