data,hora,natureza_acidente,situacao,bairro,endereco,detalhe_endereco_acidente,complemento,bairro_cruzamento,sentido_via,tipo,descricao,auto,moto,ciclom,ciclista,pedestre,onibus,caminhao,viatura,outros,vitimas,vitimasfatais,acidente_verificado,tempo_clima,situacao_semaforo,sinalizacao,condicao_via,conservacao_via,ponto_controle,situacao_placa,velocidade_max_via,mao_direcao,divisao_via1,natureza,ano,mes,dia,dia_semana,hora_ocorrencia
2020-02-28,17:17:00,SEM VÍTIMA,FINALIZADA,BOA VIAGEM,AVENIDA CELSO FURTADO (VIA MANGUE),RUA PADRE BERNADINO PESSOA,Não informado,BOA VIAGEM,CIDADE,ABALROAMENTO LONGITUDINAL,PRISMA X FIESTA,2.0,1.0,0.0,0.0,0.0,0.0,0.0,0.0,0.0,0.0,0.0,Longo da via,Bom,Não existe,Perfeito estado,Seca,Perfeito estado,Não existe,Outras,60.0,Dupla,Faixa contínua,Não informado,2020,2,28,4,17.0
2020-02-28,17:17:00,SEM VÍTIMA,FINALIZADA,ENCRUZILHADA,AV JOAO DE BARROS,Não informado,BANCO BRADESCO,ENCRUZILHADA,CIDADE,ABALROAMENTO LONGITUDINAL,Não informado,1.0,1.0,0.0,0.0,0.0,1.0,0.0,0.0,0.0,0.0,0.0,Longo da via,Bom,Não existe,Perfeito estado,Seca,Perfeito estado,Não existe,R-6a,60.0,Única,Faixa seccionada,Não informado,2020,2,28,4,17.0
2020-02-28,17:31:00,SEM VÍTIMA,FINALIZADA,TAMARINEIRA,RUA JOSE CARVALHEIRA,RUA DES EDMUNDO JORDAO,EM FRENTE AO POSTE DE SINALIZAÇÃO Nº B 003984,TAMARINEIRA,Não informado,ABALROAMENTO TRANSVERSAL,Não informado,2.0,1.0,0.0,0.0,0.0,0.0,0.0,0.0,0.0,0.0,0.0,Cruzamento,Bom,Não existe,Perfeito estado,Seca,Perfeito estado,Não existe,R-6a,60.0,Única,Não existe,Não informado,2020,2,28,4,17.0
2020-02-28,18:01:00,SEM VÍTIMA,FINALIZADA,ENCRUZILHADA,AV JOAO DE BARROS,Não informado,BANCA DO POETA,ENCRUZILHADA,CIDADE,ABALROAMENTO LONGITUDINAL,COLISÃO SEM VÍTIMA,1.0,1.0,0.0,0.0,0.0,0.0,0.0,0.0,0.0,0.0,0.0,Longo da via,Bom,Sem defeito,Perfeito estado,Seca,Perfeito estado,Não existe,Não informado,40.0,Única,Faixa seccionada,Não informado,2020,2,28,4,18.0
2020-02-28,18:13:00,COM VÍTIMA,FINALIZADA,CAXANGÁ,AV CAXANGA,Não informado,EM FRENTE AO GOLF CLUBE,CAXANGÁ,CIDADE,COLISÃO COM CICLISTA,COLISÃO COM VÍTIMA,1.0,1.0,0.0,1.0,0.0,0.0,0.0,0.0,0.0,1.0,0.0,Longo da via,Bom,Não existe,Perfeito estado,Seca,Perfeito estado,Não existe,R-6a,60.0,Dupla,Canteiro central,Não informado,2020,2,28,4,18.0
2020-02-28,19:28:00,COM VÍTIMA,FINALIZADA,BOA VIAGEM,RUA MARIA CAROLINA,RUA MINISTRO NELSON HUNGRIA,Não informado,BOA VIAGEM,SUBURBIO,ABALROAMENTO TRANSVERSAL,DOIS AUTOS,2.0,1.0,0.0,0.0,0.0,0.0,0.0,0.0,0.0,2.0,0.0,Longo da via,Bom,Não existe,Não existente,Seca,Perfeito estado,Faixa de retenção,Não há placas,60.0,Única,Faixa seccionada,Não informado,2020,2,28,4,19.0
2020-02-28,19:04:00,SEM VÍTIMA,FINALIZADA,BOA VIAGEM,RUA CAPITAO ZUZINHA,Não informado,Não informado,BOA VIAGEM,CIDADE,ABALROAMENTO LONGITUDINAL,Não informado,2.0,1.0,0.0,0.0,0.0,0.0,0.0,0.0,0.0,0.0,0.0,Longo da via,Bom,Não existe,Perfeito estado,Seca,Perfeito estado,Faixa de pedestre,R-6a,60.0,Única,Faixa seccionada,Não informado,2020,2,28,4,19.0
2020-02-28,19:07:00,SEM VÍTIMA,FINALIZADA,SAN MARTIN,AV ENGENHEIRO ABDIAS DE CARVALHO,Não informado,LADO OPOSTO AO Nº 1897,SAN MARTIN,Não informado,ABALROAMENTO LONGITUDINAL,COLISÃO ENTRE DOIS AUTOS,1.0,1.0,0.0,0.0,0.0,0.0,0.0,0.0,0.0,0.0,0.0,Longo da via,Bom,Não existe,Perfeito estado,Seca,Perfeito estado,Não existe,Não há placas,60.0,Única,Faixa seccionada,Não informado,2020,2,28,4,19.0
2020-02-28,20:04:00,SEM VÍTIMA,FINALIZADA,BOA VIAGEM,RUA BALTAZAR PASSOS,Não informado,Não informado,BOA VIAGEM,CIDADE,COLISÃO TRASEIRA,COLISÃO ENTRE DOIS AUTOS,2.0,1.0,0.0,0.0,0.0,0.0,0.0,0.0,0.0,0.0,0.0,Longo da via,Bom,Sem defeito,Incompleta,Seca,Perfeito estado,Faixa de pedestre,R-6a,60.0,Única,Faixa seccionada,Não informado,2020,2,28,4,20.0
2020-02-28,21:38:00,SEM VÍTIMA,FINALIZADA,BOA VIAGEM,AVENIDA CELSO FURTADO (VIA MANGUE),Não informado,CIA DO FUTEBOL,BOA VIAGEM,CIDADE,COLISÃO TRASEIRA,AUTO X MOTO,1.0,1.0,0.0,0.0,0.0,0.0,0.0,0.0,0.0,0.0,0.0,Longo da via,Bom,Não existe,Perfeito estado,Seca,Perfeito estado,Não existe,Não há placas,60.0,Dupla,Faixa seccionada,Não informado,2020,2,28,4,21.0
2020-02-28,21:42:00,SEM VÍTIMA,FINALIZADA,VASCO DA GAMA,RUA VASCO DA GAMA,AV NORTE,SEMÁFORO Nº 066,VASCO DA GAMA,SUBURBIO,ABALROAMENTO LONGITUDINAL,ONIBUS GLOBO X MOTO // OBS:: A MOTO SE ENCONTRA EMBAIXO DO ONIBUS,1.0,1.0,0.0,0.0,0.0,1.0,0.0,0.0,0.0,0.0,0.0,Não informado,Bom,Sem defeito,Perfeito estado,Seca,Perfeito estado,Faixa de pedestre,Não há placas,60.0,Dupla,Faixa seccionada,Não informado,2020,2,28,4,21.0
2020-02-28,22:16:00,SEM VÍTIMA,FINALIZADA,IBURA,AV DOM HELDER CAMARA,Não informado,LINHA FÉRREA,IBURA,CIDADE,COLISÃO TRASEIRA,PALIO X FORD KA,2.0,1.0,0.0,0.0,0.0,0.0,0.0,0.0,0.0,0.0,0.0,Longo da via,Bom,Não existe,Perfeito estado,Seca,Perfeito estado,Não existe,Não há placas,60.0,Dupla,Faixa contínua,Não informado,2020,2,28,4,22.0
2020-02-28,22:24:00,SEM VÍTIMA,FINALIZADA,DERBY,AV GOVERNADOR AGAMENON MAGALHAES,Não informado,PRAÇA DO DERBY ( POSTE DE Nº B 009037),DERBY,SUBURBIO,ABALROAMENTO LONGITUDINAL,ONIBUS DA PREFEITUTA DE IPUJUCA X POLO,1.0,1.0,0.0,0.0,0.0,1.0,0.0,0.0,0.0,0.0,0.0,Longo da via,Bom,Não informado,Não informado,Não informado,Não informado,Não informado,Outras,60.0,Dupla,Faixa seccionada,Não informado,2020,2,28,4,22.0
2020-02-28,22:55:00,SEM VÍTIMA,FINALIZADA,Não informado,RUA BALTAZAR PASSOS,RUA PROFESSOR AUGUSTO LINS E SILVA,EM FRENTE A PAN JOVEM DELICATESSEN,Não informado,CIDADE,ABALROAMENTO TRANSVERSAL,ETIOS X POLO,2.0,1.0,0.0,0.0,0.0,0.0,0.0,0.0,0.0,0.0,0.0,Cruzamento,Bom,Não existe,Perfeito estado,Seca,Perfeito estado,Não existe,Placas Pare,60.0,Única,Faixa seccionada,Não informado,2020,2,28,4,22.0
2020-02-28,23:31:00,SEM VÍTIMA,FINALIZADA,PRADO,RUA CARLOS GOMES,RUA HERCULES FLORENCE,APÓS BIG CAR,PRADO,SUBURBIO,ABALROAMENTO TRANSVERSAL,HONDA CIVIC X SIENA,2.0,1.0,0.0,0.0,0.0,0.0,0.0,0.0,0.0,0.0,0.0,Longo da via,Bom,Não existe,Perfeito estado,Seca,Perfeito estado,Não existe,Outras,60.0,Única,Faixa seccionada,Não informado,2020,2,28,4,23.0
2020-02-29,00:07:00,SEM VÍTIMA,FINALIZADA,ESPINHEIRO,RUA DO ESPINHEIRO,RUA SANTO ELIAS,EM FRENTE AO POSTO IPIRANGA,ESPINHEIRO,CIDADE,ABALROAMENTO TRANSVERSAL,COLISÃO ENTRE DOIS AUTOS S/V,2.0,1.0,0.0,0.0,0.0,0.0,0.0,0.0,0.0,0.0,0.0,Longo da via,Bom,Não existe,Perfeito estado,Seca,Perfeito estado,Faixa de retenção,Placas Pare,60.0,Única,Faixa seccionada,Não informado,2020,2,29,5,0.0
2020-02-29,02:05:00,SEM VÍTIMA,CANCELADA,IMBIRIBEIRA,RUA BARAO HOMEM DE MELO,RUA ENGENHEIRO JOSE BRANDAO CAVALCANTE,POR TRÁS DA REVENDA OBOTICARIO,IMBIRIBEIRA,Não informado,CHOQUE,AUTO CHOCOU-SE NO MURO DA RESIDENCIA E UMA PARTE DO MURO CAIU S/V,1.0,1.0,0.0,0.0,0.0,0.0,0.0,0.0,0.0,0.0,0.0,Não informado,Não informado,Não informado,Não informado,Não informado,Não informado,Não informado,Não informado,60.0,Não informado,Não informado,Não informado,2020,2,29,5,2.0
2020-02-29,07:47:00,COM VÍTIMA,FINALIZADA,IMBIRIBEIRA,AV SUL,Não informado,TERMINAL INTEGRADO TANCREDO NEVES,IMBIRIBEIRA,Não informado,ABALROAMENTO LONGITUDINAL,ONIBUS E MOTO C/V,1.0,1.0,0.0,0.0,0.0,1.0,0.0,0.0,0.0,1.0,0.0,Não informado,Bom,Não existe,Perfeito estado,Seca,Perfeito estado,Não existe,Não há placas,20.0,Única,Não existe,Não informado,2020,2,29,5,7.0
2020-02-29,08:40:00,SEM VÍTIMA,FINALIZADA,NOVA DESCOBERTA,RUA NOVA DESCOBERTA,Não informado,Não informado,NOVA DESCOBERTA,SUBURBIO,ABALROAMENTO LONGITUDINAL,SEM VÍTIMA. CONDUTOR COM SUSPEITA DE EMBREAGUEZ,1.0,1.0,0.0,0.0,0.0,1.0,0.0,0.0,0.0,0.0,0.0,Longo da via,Bom,Não existe,Perfeito estado,Seca,Perfeito estado,Agente,Placas Pare,60.0,Dupla,Não existe,Não informado,2020,2,29,5,8.0
2020-02-29,09:14:00,SEM VÍTIMA,FINALIZADA,BOA VISTA,RUA DR JOSE MARIANO,Não informado,LADO OPOSTO A CASA DOS FOLHEADOS,BOA VISTA,CIDADE,ABALROAMENTO LONGITUDINAL,COLISÃO S/VITIMAS ENTRE DOIS AUTOS (V.T 17 NO QTH),2.0,1.0,0.0,0.0,0.0,0.0,0.0,0.0,0.0,0.0,0.0,Longo da via,Bom,Sem defeito,Perfeito estado,Seca,Perfeito estado,Outros,Outras,60.0,Única,Não existe,Não informado,2020,2,29,5,9.0
2020-02-29,11:50:00,SEM VÍTIMA,CANCELADA,IMBIRIBEIRA,AV MARECHAL MASCARENHAS DE MORAES,Não informado,AO LADO DO GERALDAO,IMBIRIBEIRA,Não informado,COLISÃO,COLISAO SEM VITIMAS,1.0,1.0,0.0,0.0,0.0,1.0,0.0,0.0,0.0,0.0,0.0,Não informado,Não informado,Não informado,Não informado,Não informado,Não informado,Não informado,Não informado,60.0,Não informado,Não informado,Não informado,2020,2,29,5,11.0
2020-02-29,12:40:00,SEM VÍTIMA,CANCELADA,CAXANGÁ,AV CAXANGA,Não informado,E/F A DROGASIL PROX AO ANTIGO EXPRESSO CIDADAO SENTIDO CAMARAGIBE,CAXANGÁ,Não informado,COLISÃO,COLISAO SEM VITIMAS,1.0,1.0,0.0,0.0,0.0,1.0,0.0,0.0,0.0,0.0,0.0,Não informado,Não informado,Não informado,Não informado,Não informado,Não informado,Não informado,Não informado,60.0,Não informado,Não informado,Não informado,2020,2,29,5,12.0
2020-02-29,12:43:00,COM VÍTIMA,FINALIZADA,PASSARINHO,EST DE PASSARINHO,Não informado,E/F AO BAR DO LABAREDAS,PASSARINHO,Não informado,ABALROAMENTO LONGITUDINAL,COLISAO ENTRE AUTO E MOTO COM UMA VITIMA,1.0,1.0,0.0,0.0,0.0,0.0,0.0,0.0,0.0,1.0,0.0,Longo da via,Bom,Não existe,Perfeito estado,Seca,Perfeito estado,Não existe,Não informado,30.0,Dupla,Faixa seccionada,Não informado,2020,2,29,5,12.0
2020-02-29,15:02:00,SEM VÍTIMA,FINALIZADA,SAN MARTIN,AV GENERAL SAN MARTIN,Não informado,COPIADORA E PAPELARIA SANTO ANTONIO,SAN MARTIN,Não informado,CHOQUE VEÍCULO PARADO,COLISAO ENTRE AUTO E MOTO S/V,2.0,2.0,0.0,0.0,0.0,0.0,0.0,0.0,0.0,0.0,0.0,Longo da via,Bom,Não informado,Não informado,Seca,Perfeito estado,Não informado,Não informado,60.0,Dupla,Faixa contínua,Não informado,2020,2,29,5,15.0
2020-02-29,16:23:00,SEM VÍTIMA,FINALIZADA,MADALENA,EST DOS REMEDIOS,AV ENGENHEIRO ABDIAS DE CARVALHO,APÓS A BOB'S,MADALENA,SUBURBIO,ABALROAMENTO LONGITUDINAL,COLISAO ENTRE DOIS AUTO S/V,2.0,1.0,0.0,0.0,0.0,0.0,0.0,0.0,0.0,0.0,0.0,Cruzamento,Bom,Sem defeito,Perfeito estado,Seca,Perfeito estado,Faixa de pedestre,R-6a,60.0,Dupla,Faixa contínua,Não informado,2020,2,29,5,16.0
2020-02-29,16:38:00,SEM VÍTIMA,CANCELADA,VÁRZEA,AV JOAQUIM RIBEIRO,Não informado,Não informado,VÁRZEA,Não informado,COLISÃO,DOIS AUTOS S/V,2.0,1.0,0.0,0.0,0.0,0.0,0.0,0.0,0.0,0.0,0.0,Não informado,Não informado,Não informado,Não informado,Não informado,Não informado,Não informado,Não informado,60.0,Não informado,Não informado,Não informado,2020,2,29,5,16.0
2020-02-29,17:45:00,SEM VÍTIMA,FINALIZADA,BOA VISTA,RUA DOM BOSCO,Não informado,EM FRENTE A DROGASIL,BOA VISTA,SUBURBIO,COLISÃO TRASEIRA,COLISAO SEM VITIMAS,2.0,1.0,0.0,0.0,0.0,0.0,0.0,0.0,0.0,0.0,0.0,Longo da via,Bom,Sem defeito,Perfeito estado,Seca,Perfeito estado,Faixa de pedestre,Não informado,60.0,Única,Faixa seccionada,Não informado,2020,2,29,5,17.0
2020-02-29,17:54:00,SEM VÍTIMA,FINALIZADA,IPUTINGA,AV MAURICIO DE NASSAU,RUA FILADELFIA,Não informado,IPUTINGA,SUBURBIO,COLISÃO TRASEIRA,COLISAO SEM VITIMAS,1.0,1.0,0.0,0.0,0.0,0.0,0.0,0.0,0.0,0.0,0.0,Não informado,Bom,Não existe,Incompleta,Seca,Mal conservada,Não existe,Não há placas,60.0,Dupla,Não existe,Não informado,2020,2,29,5,17.0
2020-02-29,18:13:00,SEM VÍTIMA,FINALIZADA,BOA VIAGEM,AV ENGENHEIRO DOMINGOS FERREIRA,RUA JORNALISTA FRANCISCO ALMEIDA,Não informado,BOA VIAGEM,Não informado,ABALROAMENTO TRANSVERSAL,GOL X RENAULT,2.0,1.0,0.0,0.0,0.0,0.0,0.0,0.0,0.0,0.0,0.0,Não informado,Bom,Não existe,Perfeito estado,Seca,Perfeito estado,Não existe,Não há placas,60.0,Dupla,Faixa seccionada,Não informado,2020,2,29,5,18.0
2020-02-29,19:13:00,SEM VÍTIMA,CANCELADA,AFOGADOS,RUA PADRE TEOFILO TWORZ,RUA COSME VIANA,ENF A TUPAN,AFOGADOS,Não informado,COLISÃO,HONDA TITAN 150 X FORD KA,1.0,1.0,0.0,0.0,0.0,0.0,0.0,0.0,0.0,0.0,0.0,Não informado,Não informado,Não informado,Não informado,Não informado,Não informado,Não informado,Não informado,60.0,Não informado,Não informado,Não informado,2020,2,29,5,19.0
2020-02-29,19:46:00,COM VÍTIMA,FINALIZADA,AFOGADOS,RUA SAO MIGUEL,RUA OLIMPIO CHACON,NA ENTRADA DA VILA SÃO MIGUEL / E/F A AUTO PEÇAS PREMIER,AFOGADOS,SUBURBIO,ABALROAMENTO TRANSVERSAL,ENTRE MOTO E AUTO. C/V,1.0,1.0,0.0,0.0,0.0,0.0,0.0,0.0,0.0,1.0,0.0,Esquina,Bom,Sem defeito,Perfeito estado,Seca,Perfeito estado,Não informado,R-6a,40.0,Dupla,Faixa contínua,Não informado,2020,2,29,5,19.0
2020-02-29,22:50:00,SEM VÍTIMA,CANCELADA,VASCO DA GAMA,RUA ALTO DO EUCALIPTO,Não informado,TERMINAL DO VASCO DA GAMA CABUGA,VASCO DA GAMA,Não informado,COLISÃO,DUAS MOTOS    OBS: SUSPEITA DE EMBRIAGUEZ,1.0,2.0,0.0,0.0,0.0,0.0,0.0,0.0,0.0,0.0,0.0,Não informado,Não informado,Não informado,Não informado,Não informado,Não informado,Não informado,Não informado,60.0,Não informado,Não informado,Não informado,2020,2,29,5,22.0
2020-02-29,23:32:00,SEM VÍTIMA,CANCELADA,DOIS IRMÃOS,RUA PROF CLAUDIO SELVA,Não informado,ENF. A ESCOLA MUNICIPAL SOCIOLOGO GILBERTO FREYRE,DOIS IRMÃOS,Não informado,COLISÃO,ONIX X TITAN 160,1.0,1.0,0.0,0.0,0.0,0.0,0.0,0.0,0.0,0.0,0.0,Não informado,Não informado,Não informado,Não informado,Não informado,Não informado,Não informado,Não informado,60.0,Não informado,Não informado,Não informado,2020,2,29,5,23.0
2020-03-01,02:06:00,SEM VÍTIMA,CANCELADA,ENCRUZILHADA,EST DE BELEM,AV BEBERIBE,Não informado,ENCRUZILHADA,Não informado,ABALROAMENTO LONGITUDINAL,ENTRE 2 AUTOS. S/V,1.0,1.0,0.0,0.0,0.0,1.0,0.0,0.0,0.0,0.0,0.0,Cruzamento,Chuvoso,Sem defeito,Perfeito estado,Molhada,Perfeito estado,Faixa de pedestre,Não informado,60.0,Única,Não informado,Não informado,2020,3,1,6,2.0
2020-03-01,03:40:00,SEM VÍTIMA,FINALIZADA,SANTO AMARO,AV CRUZ CABUGA,RUA DR JOAO VIEIRA DE MENEZES,POSTE DO SEMÁFORO DE PEDESTRE 674,SANTO AMARO,Não informado,CHOQUE OBJETO FIXO,ÔNIBUS DA EMPRESA CIDADE ALTA CHOCOU-SE CONTRA O POSTE DO SEMÁFORO,1.0,1.0,0.0,0.0,0.0,1.0,0.0,0.0,0.0,0.0,0.0,Cruzamento,Chuvoso,Intermitente,Perfeito estado,Molhada,Mal iluminada,Faixa de pedestre,Não há placas,60.0,Dupla,Faixa contínua,Não informado,2020,3,1,6,3.0
2020-03-01,05:06:00,SEM VÍTIMA,FINALIZADA,BOA VIAGEM,AV BOA VIAGEM,RUA DR VICENTE GOMES,PRÓXIMO A PRAÇA DE BOA VIAGEM,BOA VIAGEM,CIDADE,ABALROAMENTO TRANSVERSAL,ENTRE ÔNIBUS E 2 AUTOS. S/V,2.0,1.0,0.0,0.0,0.0,1.0,0.0,0.0,0.0,0.0,0.0,Longo da via,Bom,Intermitente,Perfeito estado,Seca,Perfeito estado,Faixa de pedestre,Outras,60.0,Única,Não informado,Não informado,2020,3,1,6,5.0
2020-03-01,07:43:00,SEM VÍTIMA,CANCELADA,CAXANGÁ,RUA JOAO SALES MENEZES,Não informado,EM FRENTE AO EDF LETICIA,CAXANGÁ,Não informado,COLISÃO,CARRETA E AUTO PASSEIO,1.0,1.0,0.0,0.0,0.0,0.0,1.0,0.0,0.0,0.0,0.0,Não informado,Não informado,Não informado,Não informado,Não informado,Não informado,Não informado,Não informado,60.0,Não informado,Não informado,Não informado,2020,3,1,6,7.0
2020-03-01,09:16:00,SEM VÍTIMA,FINALIZADA,COQUEIRAL,RUA ANANIAS CATANHO,Não informado,MAIS QUE AÇOUGUE,COQUEIRAL,SUBURBIO,ABALROAMENTO TRANSVERSAL,COLISAO SEM VITIMAS,2.0,1.0,0.0,0.0,0.0,0.0,0.0,0.0,0.0,0.0,0.0,Cruzamento,Bom,Não existe,Perfeito estado,Seca,Perfeito estado,Faixa de retenção,Não há placas,60.0,Dupla,Faixa seccionada,Não informado,2020,3,1,6,9.0
2020-03-01,09:49:00,SEM VÍTIMA,FINALIZADA,IMBIRIBEIRA,AV MARECHAL MASCARENHAS DE MORAES,Não informado,EM FRENTE A RENAULT SELECTION EUROVIA,IMBIRIBEIRA,SUBURBIO,COLISÃO TRASEIRA,COLISÃO SEM VÍTIMA,2.0,1.0,0.0,0.0,0.0,0.0,0.0,0.0,0.0,0.0,0.0,Não informado,Não informado,Sem defeito,Perfeito estado,Seca,Perfeito estado,Faixa de retenção,Não há placas,60.0,Dupla,Canteiro central,Não informado,2020,3,1,6,9.0
2020-03-01,10:06:00,SEM VÍTIMA,FINALIZADA,ESPINHEIRO,RUA CONS PORTELA,RUA QUARENTA E OITO,ESQUINA COMA PAGUE MENOS,ESPINHEIRO,SUBURBIO,ABALROAMENTO LONGITUDINAL,COLISAO SEM VITIMAS,1.0,1.0,0.0,0.0,0.0,1.0,0.0,0.0,0.0,0.0,0.0,Cruzamento,Bom,Sem defeito,Perfeito estado,Seca,Perfeito estado,Faixa de pedestre,Não há placas,60.0,Única,Faixa contínua,Não informado,2020,3,1,6,10.0
2020-03-01,10:13:00,SEM VÍTIMA,FINALIZADA,IMBIRIBEIRA,RUA ITAJAI,RUA ITACARI,Não informado,IMBIRIBEIRA,SUBURBIO,ABALROAMENTO TRANSVERSAL,DOIS AUTOS,2.0,1.0,0.0,0.0,0.0,0.0,0.0,0.0,0.0,0.0,0.0,Cruzamento,Bom,Não existe,Perfeito estado,Seca,Perfeito estado,Faixa de pedestre,Placas Pare,60.0,Dupla,Faixa seccionada,Não informado,2020,3,1,6,10.0
2020-03-01,10:16:00,SEM VÍTIMA,FINALIZADA,Não informado,RUA CORREGO ANTONIO RODRIGUES,Não informado,TERMINAL DE CHÃ DE ALEGRIA,Não informado,Não informado,ABALROAMENTO LONGITUDINAL,ONIBUS E AUTO,1.0,1.0,0.0,0.0,0.0,1.0,0.0,0.0,0.0,0.0,0.0,Longo da via,Bom,Não existe,Incompleta,Seca,Perfeito estado,Não existe,Não há placas,60.0,Dupla,Não existe,Não informado,2020,3,1,6,10.0
2020-03-01,10:28:00,SEM VÍTIMA,FINALIZADA,MADALENA,AV VISCONDE DE ALBUQUERQUE,Não informado,EM FRENTE AO NÚMERO 937,MADALENA,Não informado,COLISÃO TRASEIRA,COLISÃO SEM VITIMAS,2.0,1.0,0.0,0.0,0.0,0.0,0.0,0.0,0.0,0.0,0.0,Longo da via,Bom,Sem defeito,Perfeito estado,Seca,Perfeito estado,Faixa de pedestre,R-4a,60.0,Única,Faixa seccionada,Não informado,2020,3,1,6,10.0
2020-03-01,11:12:00,SEM VÍTIMA,FINALIZADA,SANTO AMARO,AV CRUZ CABUGA,Não informado,EREM GINÁSIO PERNAMBUCANO,SANTO AMARO,CIDADE,ABALROAMENTO LONGITUDINAL,COLISÃO SEM VITIMAS,1.0,1.0,0.0,0.0,0.0,1.0,0.0,0.0,0.0,0.0,0.0,Longo da via,Bom,Sem defeito,Perfeito estado,Seca,Perfeito estado,Faixa de pedestre,Não há placas,60.0,Dupla,Faixa contínua,Não informado,2020,3,1,6,11.0
2020-03-01,13:10:00,SEM VÍTIMA,FINALIZADA,APIPUCOS,RUA DOIS IRMAOS,Não informado,Não informado,APIPUCOS,CIDADE,ABALROAMENTO TRANSVERSAL,COLISÃO S/VITIMAS ENTRE DOIS AUTOS,2.0,1.0,0.0,0.0,0.0,0.0,0.0,0.0,0.0,0.0,0.0,Cruzamento,Bom,Sem defeito,Perfeito estado,Seca,Perfeito estado,Faixa de pedestre,R-6a,60.0,Dupla,Faixa contínua,Não informado,2020,3,1,6,13.0
2020-03-01,17:02:00,SEM VÍTIMA,FINALIZADA,GRAÇAS,RUA DAS CREOULAS,Não informado,Não informado,GRAÇAS,CIDADE,CHOQUE VEÍCULO PARADO,COLISÃO S/VITIMAS ENTRE DOIS AUTOS,2.0,1.0,0.0,0.0,0.0,0.0,0.0,0.0,0.0,0.0,0.0,Longo da via,Bom,Sem defeito,Perfeito estado,Seca,Perfeito estado,Faixa de pedestre,Outras,60.0,Única,Faixa seccionada,Não informado,2020,3,1,6,17.0
2020-03-01,18:37:00,SEM VÍTIMA,FINALIZADA,BAIRRO DO RECIFE,AV MARQUES DE OLINDA,CAIS DA ALFANDEGA,Não informado,BAIRRO DO RECIFE,Não informado,ABALROAMENTO LONGITUDINAL,COLISAO SEM VITIMAS,2.0,1.0,0.0,0.0,0.0,0.0,0.0,0.0,0.0,0.0,0.0,Cruzamento,Bom,Sem defeito,Perfeito estado,Seca,Perfeito estado,Faixa de pedestre,Não há placas,60.0,Única,Faixa contínua,Não informado,2020,3,1,6,18.0
2020-03-01,19:11:00,SEM VÍTIMA,FINALIZADA,IBURA,AV DOIS RIOS,Não informado,EM FRENTE AO SESI,IBURA,Não informado,COLISÃO,COLISÃO ENTRE AUTO E MOTO S/V,1.0,1.0,0.0,0.0,0.0,0.0,0.0,0.0,0.0,0.0,0.0,Não informado,Não informado,Não informado,Não informado,Não informado,Não informado,Não informado,Não informado,60.0,Não informado,Não informado,Não informado,2020,3,1,6,19.0
2020-03-01,22:21:00,SEM VÍTIMA,FINALIZADA,VASCO DA GAMA,RUA VASCO DA GAMA,Não informado,EM FRENTE AO Nº 1020,VASCO DA GAMA,SUBURBIO,COLISÃO TRASEIRA,COLISAO SEM VITIMAS,1.0,1.0,0.0,0.0,0.0,0.0,0.0,0.0,0.0,0.0,0.0,Longo da via,Bom,Não existe,Perfeito estado,Seca,Perfeito estado,Não informado,Não informado,30.0,Dupla,Não existe,Não informado,2020,3,1,6,22.0
2020-03-02,05:39:00,SEM VÍTIMA,FINALIZADA,ILHA DO RETIRO,RUA SPORT CLUBE DO RECIFE,RUA JOSE MUCIO MONTEIRO,OPOSTO A ILHA DO RETIRO,ILHA DO RETIRO,SUBURBIO,COLISÃO COM CICLISTA,COLISÃO ENTRE MOTO E BICICLETA S/V,1.0,1.0,0.0,1.0,0.0,0.0,0.0,0.0,0.0,0.0,0.0,Longo da via,Bom,Sem defeito,Perfeito estado,Seca,Perfeito estado,Faixa de pedestre,Não há placas,60.0,Dupla,Canteiro central,Não informado,2020,3,2,0,5.0
2020-03-02,06:17:00,SEM VÍTIMA,FINALIZADA,CORDEIRO,RUA N S DA SAUDE,RUA CORONEL FERNANDO FURTADO,PRÓXIMO A CRECHE MUNICIPAL MENINO JESUS DA BIMBA GRANDE,CORDEIRO,SUBURBIO,ABALROAMENTO TRANSVERSAL,COLISÃO S/VITIMAS ENTRE DOIS AUTOS,2.0,1.0,0.0,0.0,0.0,0.0,0.0,0.0,0.0,0.0,0.0,Cruzamento,Bom,Não existe,Perfeito estado,Seca,Perfeito estado,Não existe,Placas Pare,60.0,Dupla,Faixa contínua,Não informado,2020,3,2,0,6.0
2020-03-02,06:39:00,SEM VÍTIMA,FINALIZADA,BOA VIAGEM,AV VINTE DE JANEIRO,RUA TENENTE AURELIO SAMPAIO,Não informado,BOA VIAGEM,CIDADE,ABALROAMENTO TRANSVERSAL,COLISÃO SEM VITIMAS,1.0,1.0,0.0,0.0,0.0,1.0,0.0,0.0,0.0,0.0,0.0,Não informado,Bom,Não existe,Perfeito estado,Seca,Perfeito estado,Não existe,Placas Pare,60.0,Dupla,Faixa seccionada,Não informado,2020,3,2,0,6.0
2020-03-02,07:11:00,SEM VÍTIMA,FINALIZADA,BOA VIAGEM,RUA DEZ DE JULHO,RUA CAMBOIM,PRÓXIMO AO MAISON CRISTAL,BOA VIAGEM,CIDADE,ABALROAMENTO TRANSVERSAL,COLISÃO S/VITIMAS ENTRE DOIS AUTOS (USUÁRIO INF. QUE HOUVE ESCORIAÇÕES- NO ENTANTO- NÃO SERÁ NECESSÁRIO ATENDIMENTO DO SAMU),2.0,1.0,0.0,0.0,0.0,0.0,0.0,0.0,0.0,0.0,0.0,Cruzamento,Bom,Não existe,Perfeito estado,Seca,Perfeito estado,Outros,Placas Pare,60.0,Única,Faixa seccionada,Não informado,2020,3,2,0,7.0