data,hora,natureza_acidente,situacao,bairro,endereco,detalhe_endereco_acidente,complemento,bairro_cruzamento,sentido_via,tipo,descricao,auto,moto,ciclom,ciclista,pedestre,onibus,caminhao,viatura,outros,vitimas,vitimasfatais,acidente_verificado,tempo_clima,situacao_semaforo,sinalizacao,condicao_via,conservacao_via,ponto_controle,situacao_placa,velocidade_max_via,mao_direcao,divisao_via1,natureza,ano,mes,dia,dia_semana,hora_ocorrencia
2020-03-02,07:35:00,SEM VÍTIMA,FINALIZADA,CORDEIRO,AV CAXANGA,Não informado,DELÍCIA DOS PRAZERES,CORDEIRO,SUBURBIO,COLISÃO TRASEIRA,COLISÃO SEM VITIMAS  GM  ANTONIO SANTOS QTH,2.0,1.0,0.0,0.0,0.0,0.0,0.0,0.0,0.0,0.0,0.0,Longo da via,Bom,Não informado,Perfeito estado,Seca,Perfeito estado,Não informado,Não informado,60.0,Dupla,Faixa seccionada,Não informado,2020,3,2,0,7.0
2020-03-02,07:41:00,SEM VÍTIMA,FINALIZADA,IMBIRIBEIRA,AV MARECHAL MASCARENHAS DE MORAES,Não informado,EM FRENTE A LOCALIZA LOCADORA DE VEÍCULOS,IMBIRIBEIRA,CIDADE,ABALROAMENTO LONGITUDINAL,COLISAO SEM VITIMAS,1.0,1.0,0.0,0.0,0.0,0.0,0.0,0.0,0.0,0.0,0.0,Longo da via,Bom,Não existe,Perfeito estado,Seca,Perfeito estado,Não existe,Não há placas,60.0,Dupla,Faixa seccionada,Não informado,2020,3,2,0,7.0
2020-03-02,08:18:00,COM VÍTIMA,FINALIZADA,BOA VIAGEM,RUA PROFESSOR JOSE BRANDAO,RUA FRANCISCO DA CUNHA,EM FRENTE AO BAR MANHATTAN,BOA VIAGEM,SUBURBIO,ABALROAMENTO TRANSVERSAL,COLISÃO COM VITIMA A ESPERA DO SAMU,1.0,1.0,0.0,0.0,0.0,0.0,0.0,0.0,0.0,1.0,0.0,Cruzamento,Bom,Não existe,Perfeito estado,Seca,Perfeito estado,Outros,Placas Pare,60.0,Única,Faixa seccionada,Não informado,2020,3,2,0,8.0
2020-03-02,08:31:00,SEM VÍTIMA,FINALIZADA,GRAÇAS,AV RUI BARBOSA,Não informado,EM FRENTE AO Nº 1599,GRAÇAS,CIDADE,ABALROAMENTO LONGITUDINAL,COLISAO SEM VITIMAS GM SADRAQUE NO QTH,1.0,1.0,0.0,0.0,0.0,0.0,1.0,0.0,0.0,0.0,0.0,Longo da via,Bom,Sem defeito,Perfeito estado,Seca,Perfeito estado,Agente,Outras,60.0,Única,Faixa seccionada,Não informado,2020,3,2,0,8.0
2020-03-02,08:31:00,SEM VÍTIMA,CANCELADA,ENGENHO DO MEIO,RUA MAURICEIA,Não informado,EM FRENTE DO COLEGIO SABER,ENGENHO DO MEIO,Não informado,COLISÃO,CAMINHAO E AUTO PASSEIO,1.0,1.0,0.0,0.0,0.0,0.0,1.0,0.0,0.0,0.0,0.0,Não informado,Não informado,Não informado,Não informado,Não informado,Não informado,Não informado,Não informado,60.0,Não informado,Não informado,Não informado,2020,3,2,0,8.0
2020-03-02,08:36:00,COM VÍTIMA,FINALIZADA,CAMPO GRANDE,RUA JERONIMO VILELA,RUA MANUEL DE BARROS LIMA,AO  LADO DA FARMACIA DROGASIL,CAMPO GRANDE,SUBURBIO,ABALROAMENTO LONGITUDINAL,COLISÃO COM VITIMAS,1.0,1.0,0.0,0.0,0.0,0.0,0.0,0.0,0.0,2.0,0.0,Longo da via,Bom,Não existe,Perfeito estado,Seca,Perfeito estado,Não existe,Outras,60.0,Dupla,Faixa seccionada,Não informado,2020,3,2,0,8.0
2020-03-02,08:39:00,SEM VÍTIMA,FINALIZADA,ENCRUZILHADA,AV JOAO DE BARROS,AV NORTE,SEMÁFORO Nº 043,ENCRUZILHADA,SUBURBIO,COLISÃO TRASEIRA,COLISÃO SEM VITIMAS GM  CARLOS EDUARDO QTH,2.0,1.0,0.0,0.0,0.0,0.0,0.0,0.0,0.0,0.0,0.0,Cruzamento,Bom,Sem defeito,Perfeito estado,Seca,Perfeito estado,Não informado,Não informado,60.0,Única,Não informado,Não informado,2020,3,2,0,8.0
2020-03-02,09:36:00,SEM VÍTIMA,FINALIZADA,BOA VISTA,AV CONDE DA BOA VISTA,Não informado,EM FRENTE A MICROLINS,BOA VISTA,CIDADE,ABALROAMENTO LONGITUDINAL,COLISÃO SEM VITIMAS,1.0,1.0,0.0,0.0,0.0,1.0,0.0,0.0,0.0,0.0,0.0,Longo da via,Bom,Sem defeito,Incompleta,Seca,Não informado,Não existe,Não há placas,60.0,Dupla,Não informado,Não informado,2020,3,2,0,9.0
2020-03-02,09:51:00,SEM VÍTIMA,CANCELADA,AFOGADOS,EST DOS REMEDIOS,Não informado,NA FRENTE DO TODO DIA DE AFOGADOS,AFOGADOS,Não informado,COLISÃO,COLISAO SEM VITIMAS,1.0,1.0,0.0,0.0,0.0,0.0,0.0,0.0,0.0,0.0,0.0,Não informado,Não informado,Não informado,Não informado,Não informado,Não informado,Não informado,Não informado,60.0,Não informado,Não informado,Não informado,2020,3,2,0,9.0
2020-03-02,09:54:00,SEM VÍTIMA,FINALIZADA,GRAÇAS,AV RUI BARBOSA,RUA AMELIA,SOB O SEMÁFORO Nº 048,GRAÇAS,CIDADE,ABALROAMENTO LONGITUDINAL,Não informado,1.0,1.0,0.0,0.0,0.0,1.0,0.0,0.0,0.0,0.0,0.0,Cruzamento,Bom,Sem defeito,Perfeito estado,Seca,Perfeito estado,Agente,Não informado,60.0,Única,Faixa contínua,Não informado,2020,3,2,0,9.0
2020-03-02,10:23:00,SEM VÍTIMA,FINALIZADA,JOANA BEZERRA,RUA IMPERIAL,Não informado,Não informado,JOANA BEZERRA,SUBURBIO,ABALROAMENTO TRANSVERSAL,COLISAO SEM VITIMAS,1.0,1.0,0.0,0.0,0.0,0.0,1.0,0.0,0.0,0.0,0.0,Longo da via,Bom,Não existe,Perfeito estado,Seca,Perfeito estado,Não existe,Outras,60.0,Única,Faixa seccionada,Não informado,2020,3,2,0,10.0
2020-03-02,10:39:00,SEM VÍTIMA,FINALIZADA,IPUTINGA,RUA CELESTINO NEVES,AV PROFESSOR MORAES REGO,EM FRENTE A AUTOTRAC,IPUTINGA,SUBURBIO,ABALROAMENTO LONGITUDINAL,COLISÃO S/VITIMAS ENTRE DOIS AUTOS,2.0,1.0,0.0,0.0,0.0,0.0,0.0,0.0,0.0,0.0,0.0,Cruzamento,Bom,Não existe,Incompleta,Seca,Mal conservada,Não existe,Não há placas,60.0,Dupla,Não existe,Não informado,2020,3,2,0,10.0
2020-03-02,10:44:00,SEM VÍTIMA,FINALIZADA,MADALENA,RUA COSTA GOMES,RUA REAL DA TORRE,RESTAURANTE PONTO DO AÇAÍ,MADALENA,SUBURBIO,ABALROAMENTO LONGITUDINAL,COLISÃO SEM VITIMAS,2.0,1.0,0.0,0.0,0.0,0.0,0.0,0.0,0.0,0.0,0.0,Cruzamento,Bom,Não existe,Perfeito estado,Seca,Perfeito estado,Faixa de pedestre,Placas Pare,60.0,Única,Não existe,Não informado,2020,3,2,0,10.0
2020-03-02,11:13:00,COM VÍTIMA,FINALIZADA,DOIS IRMÃOS,RUA DOIS IRMAOS,Não informado,EM FRENTE A UNIVERSIDADE RURAL DE PERNAMBUCO,DOIS IRMÃOS,SUBURBIO,ABALROAMENTO TRANSVERSAL,COLISAO COM VITIMAS,1.0,1.0,0.0,0.0,0.0,0.0,0.0,0.0,0.0,1.0,0.0,Longo da via,Bom,Não informado,Incompleta,Seca,Perfeito estado,Não existe,Não há placas,60.0,Dupla,Não existe,Não informado,2020,3,2,0,11.0
2020-03-02,11:42:00,COM VÍTIMA,FINALIZADA,CORDEIRO,AV CAXANGA,RUA ANTERO MOTA,E/F EXPOSIÇÃO DE ANIMAIS,CORDEIRO,SUBURBIO,ABALROAMENTO TRANSVERSAL,COLISÃO C/VITIMA ENTRE DOIS AUTOS,2.0,1.0,0.0,0.0,0.0,0.0,0.0,0.0,0.0,2.0,0.0,Cruzamento,Bom,Sem defeito,Perfeito estado,Seca,Perfeito estado,Faixa de pedestre,Outras,60.0,Não informado,Faixa contínua,Não informado,2020,3,2,0,11.0
2020-03-02,11:43:00,SEM VÍTIMA,FINALIZADA,BOA VIAGEM,RUA BALTAZAR PASSOS,RUA SA E SOUZA,EM FRENTE A MAISON SETUBAL RECEPÇÕES,BOA VIAGEM,Não informado,ABALROAMENTO LONGITUDINAL,COLISAO SEM VITIMAS,2.0,1.0,0.0,0.0,0.0,0.0,0.0,0.0,0.0,0.0,0.0,Cruzamento,Bom,Não existe,Não informado,Seca,Não informado,Não existe,Placas Pare,40.0,Única,Não existe,Não informado,2020,3,2,0,11.0
2020-03-02,12:30:00,SEM VÍTIMA,FINALIZADA,TAMARINEIRA,AV ENGENHEIRO AGAMENON DE MAGALHAES MELO,Não informado,PRÓXIMO AO COLÉGIO ANGLO LÍDER,TAMARINEIRA,SUBURBIO,CHOQUE VEÍCULO PARADO,COLISAO ENTRE DOIS AUTOS S/V,2.0,1.0,0.0,0.0,0.0,0.0,0.0,0.0,0.0,0.0,0.0,Longo da via,Bom,Não existe,Perfeito estado,Seca,Perfeito estado,Não informado,Outras,60.0,Dupla,Não existe,Não informado,2020,3,2,0,12.0
2020-03-02,12:40:00,SEM VÍTIMA,FINALIZADA,DERBY,AV GOVERNADOR AGAMENON MAGALHAES,Não informado,EM FRENTE AO HOSPITAL DA RESTAURAÇÃO,DERBY,Não informado,COLISÃO TRASEIRA,COLISÃO SEM VÍTIMA,2.0,1.0,0.0,0.0,0.0,0.0,0.0,0.0,0.0,0.0,0.0,Longo da via,Bom,Sem defeito,Perfeito estado,Seca,Perfeito estado,Agente,Outras,60.0,Dupla,Faixa seccionada,Não informado,2020,3,2,0,12.0
2020-03-02,13:10:00,SEM VÍTIMA,CANCELADA,BOA VIAGEM,RUA SA E SOUZA,Não informado,PROX AO RESTAURANTE SERGIO´S E DA RM EXPRESS,BOA VIAGEM,Não informado,COLISÃO,COLISAO ENTRE DOIS AUTOS S/V,2.0,1.0,0.0,0.0,0.0,0.0,0.0,0.0,0.0,0.0,0.0,Não informado,Não informado,Não informado,Não informado,Não informado,Não informado,Não informado,Não informado,60.0,Não informado,Não informado,Não informado,2020,3,2,0,13.0
2020-03-02,13:29:00,COM VÍTIMA,FINALIZADA,SANTO AMARO,RUA MAJOR CODECEIRA,RUA DOS PALMARES,E/F AO LABOARATORIO JULIAO AO LADO DO PROCAPE,SANTO AMARO,Não informado,ABALROAMENTO TRANSVERSAL,COLISAO ENTRE AUTO E MOTO COM UMA VITIMA,1.0,1.0,0.0,0.0,0.0,0.0,0.0,0.0,0.0,1.0,0.0,Cruzamento,Bom,Não existe,Perfeito estado,Seca,Perfeito estado,Não existe,R-6a,60.0,Única,Faixa seccionada,Não informado,2020,3,2,0,13.0
2020-03-02,13:50:00,SEM VÍTIMA,FINALIZADA,BOA VIAGEM,AV DES JOSE NEVES,Não informado,Não informado,BOA VIAGEM,CIDADE,COLISÃO TRASEIRA,Não informado,2.0,1.0,0.0,0.0,0.0,0.0,0.0,0.0,0.0,0.0,0.0,Longo da via,Bom,Não existe,Perfeito estado,Seca,Perfeito estado,Não existe,R-6a,60.0,Dupla,Canal,Não informado,2020,3,2,0,13.0
2020-03-02,13:58:00,SEM VÍTIMA,FINALIZADA,BOA VIAGEM,RUA VISCONDE DE JEQUITINHONHA,RUA CAPITAO ZUZINHA,Não informado,BOA VIAGEM,SUBURBIO,COLISÃO TRASEIRA,COLISAO ENTRE ONIBUS E AUTOS S/V GM MARCIA SANTOS NO LOCAL,1.0,1.0,0.0,0.0,0.0,1.0,0.0,0.0,0.0,0.0,0.0,Longo da via,Bom,Sem defeito,Perfeito estado,Seca,Perfeito estado,Agente,Outras,60.0,Única,Faixa seccionada,Não informado,2020,3,2,0,13.0
2020-03-02,14:08:00,SEM VÍTIMA,FINALIZADA,TORRE,RUA CONDE DE IRAJA,RUA JOSE BONIFACIO,AO LADO DA PADARIA NOVA ARMADA,TORRE,SUBURBIO,ABALROAMENTO LONGITUDINAL,COLISÃO SEM VÍTIMA,1.0,1.0,0.0,0.0,0.0,0.0,0.0,0.0,1.0,0.0,0.0,Cruzamento,Bom,Sem defeito,Perfeito estado,Seca,Perfeito estado,Faixa de pedestre,R-6a,60.0,Única,Faixa seccionada,Não informado,2020,3,2,0,14.0
2020-03-02,14:09:00,SEM VÍTIMA,FINALIZADA,ESPINHEIRO,AV GOVERNADOR AGAMENON MAGALHAES,RUA SAO SALVADOR,Não informado,ESPINHEIRO,CIDADE,ABALROAMENTO LONGITUDINAL,Não informado,2.0,1.0,0.0,0.0,0.0,0.0,0.0,0.0,0.0,0.0,0.0,Longo da via,Bom,Não existe,Perfeito estado,Seca,Perfeito estado,Não existe,Outras,40.0,Dupla,Canteiro central,Não informado,2020,3,2,0,14.0
2020-03-02,14:26:00,SEM VÍTIMA,FINALIZADA,SAN MARTIN,RUA COMENDADOR FRANCO FERREIRA,RUA MOSSORO,Não informado,SAN MARTIN,SUBURBIO,ABALROAMENTO TRANSVERSAL,Não informado,2.0,1.0,0.0,0.0,0.0,0.0,0.0,0.0,0.0,0.0,0.0,Cruzamento,Bom,Não existe,Não informado,Seca,Não informado,Não existe,Placas Pare,60.0,Dupla,Não existe,Não informado,2020,3,2,0,14.0
2020-03-02,14:28:00,SEM VÍTIMA,CANCELADA,JARDIM SÃO PAULO,AV SAO PAULO,Não informado,EM FRENTE A FARMACIA PRIME,JARDIM SÃO PAULO,Não informado,COLISÃO,COLISÃO SEM VÍTIMA ENTRE AUTO E CARROÇA DE TRAÇÃO ANIMAL,1.0,1.0,0.0,0.0,0.0,0.0,0.0,0.0,1.0,0.0,0.0,Não informado,Não informado,Não informado,Não informado,Não informado,Não informado,Não informado,Não informado,60.0,Não informado,Não informado,Não informado,2020,3,2,0,14.0
2020-03-02,14:54:00,SEM VÍTIMA,FINALIZADA,ARRUDA,AV PROFESSOR JOSE DOS ANJOS,Não informado,POSTE DE Nº H 038468,ARRUDA,Não informado,COLISÃO TRASEIRA,COLISAO ENTRE AUTO E CAMINHAO S/V,1.0,1.0,0.0,0.0,0.0,0.0,1.0,0.0,0.0,0.0,0.0,Longo da via,Bom,Sem defeito,Perfeito estado,Seca,Perfeito estado,Faixa de pedestre,Outras,60.0,Dupla,Canal,Não informado,2020,3,2,0,14.0
2020-03-02,14:57:00,SEM VÍTIMA,FINALIZADA,MADALENA,RUA JOAO IVO DA SILVA,AV ENGENHEIRO ABDIAS DE CARVALHO,PRÓXIMO AO HABIB'S,MADALENA,Não informado,COLISÃO FRONTAL,Não informado,1.0,1.0,0.0,0.0,0.0,0.0,0.0,0.0,0.0,0.0,0.0,Cruzamento,Bom,Sem defeito,Perfeito estado,Seca,Perfeito estado,Agente,Não informado,60.0,Dupla,Faixa seccionada,Não informado,2020,3,2,0,14.0
2020-03-02,15:08:00,SEM VÍTIMA,FINALIZADA,IMBIRIBEIRA,AV MARECHAL MASCARENHAS DE MORAES,Não informado,EM FRENTE A FPS,IMBIRIBEIRA,CIDADE,COLISÃO TRASEIRA,ENGAVETAMENTO DE TRES VEICULOS SEM VITIMAS,3.0,1.0,0.0,0.0,0.0,0.0,0.0,0.0,0.0,0.0,0.0,Longo da via,Bom,Sem defeito,Perfeito estado,Seca,Perfeito estado,Não existe,Não há placas,60.0,Dupla,Faixa seccionada,Não informado,2020,3,2,0,15.0
2020-03-02,15:20:00,SEM VÍTIMA,FINALIZADA,MADALENA,AV BEIRA RIO,Não informado,EDF. QUINTA BEIRA RIO,MADALENA,SUBURBIO,ABALROAMENTO LONGITUDINAL,COLISAO ENTRE DOIS AUTOS S/V,2.0,1.0,0.0,0.0,0.0,0.0,0.0,0.0,0.0,0.0,0.0,Longo da via,Bom,Não existe,Perfeito estado,Seca,Perfeito estado,Não existe,Não há placas,50.0,Única,Faixa seccionada,Não informado,2020,3,2,0,15.0
2020-03-02,15:54:00,SEM VÍTIMA,FINALIZADA,BOA VIAGEM,RUA DO SA LEITAO,Não informado,ACADEMIA TOP FIT,BOA VIAGEM,Não informado,CHOQUE VEÍCULO PARADO,COLISAP ENTRE DOIS AUTOS E UMA MOTO S/V,1.0,1.0,0.0,0.0,0.0,0.0,0.0,0.0,0.0,0.0,0.0,Longo da via,Bom,Não existe,Perfeito estado,Seca,Perfeito estado,Não existe,Outras,60.0,Dupla,Faixa seccionada,Não informado,2020,3,2,0,15.0
2020-03-02,17:51:00,SEM VÍTIMA,FINALIZADA,BOA VIAGEM,AV FERNANDO SIMOES BARBOSA,Não informado,NA ENTRADA DO SHOPPING RECIFE,BOA VIAGEM,SUBURBIO,ABALROAMENTO LONGITUDINAL,COLISAO ENTRE ONIBUS E AUTOS S/V,1.0,1.0,0.0,0.0,0.0,1.0,0.0,0.0,0.0,0.0,0.0,Não informado,Bom,Sem defeito,Perfeito estado,Seca,Perfeito estado,Não existe,Outras,60.0,Única,Faixa seccionada,Não informado,2020,3,2,0,17.0
2020-03-02,18:10:00,SEM VÍTIMA,FINALIZADA,IPSEP,RUA ITACAMBIRA,Não informado,SUPER MERCADO STYLLO AO LADO,IPSEP,SUBURBIO,COLISÃO TRASEIRA,COLISAO DE DOIS AUTOS S/V,2.0,1.0,0.0,0.0,0.0,0.0,0.0,0.0,0.0,0.0,0.0,Longo da via,Bom,Não existe,Perfeito estado,Seca,Perfeito estado,Não existe,Outras,20.0,Dupla,Não existe,Não informado,2020,3,2,0,18.0
2020-03-02,18:25:00,SEM VÍTIMA,CANCELADA,ESTÂNCIA,RUA JOAO TEIXEIRA,Não informado,E/F AO COLEGIO VISAO,ESTÂNCIA,Não informado,COLISÃO,COLISAO SEM VITIMAS,1.0,1.0,0.0,0.0,0.0,0.0,1.0,0.0,0.0,0.0,0.0,Não informado,Não informado,Não informado,Não informado,Não informado,Não informado,Não informado,Não informado,60.0,Não informado,Não informado,Não informado,2020,3,2,0,18.0
2020-03-02,18:46:00,SEM VÍTIMA,FINALIZADA,ESTÂNCIA,AV RECIFE,Não informado,EM FRENTE AO Nº 532,ESTÂNCIA,Não informado,COLISÃO TRASEIRA,JAC X CLASSIC X ECOSPORT,3.0,1.0,0.0,0.0,0.0,0.0,0.0,0.0,0.0,0.0,0.0,Longo da via,Bom,Não existe,Perfeito estado,Seca,Perfeito estado,Não existe,Não há placas,60.0,Dupla,Faixa seccionada,Não informado,2020,3,2,0,18.0
2020-03-02,20:04:00,SEM VÍTIMA,FINALIZADA,VÁRZEA,RUA GENERAL POLIDORO,RUA ABATIA,FARMÁCIA ESPERANÇA,VÁRZEA,Não informado,ABALROAMENTO TRANSVERSAL,COLISAO SEM VITIMAS,2.0,1.0,0.0,0.0,0.0,0.0,0.0,0.0,0.0,0.0,0.0,Cruzamento,Bom,Sem defeito,Perfeito estado,Seca,Perfeito estado,Faixa de pedestre,Outras,60.0,Dupla,Faixa contínua,Não informado,2020,3,2,0,20.0
2020-03-02,20:05:00,SEM VÍTIMA,FINALIZADA,COQUEIRAL,RUA APRIGIO GUIMARAES,Não informado,FARMÁCIA SAN DIEGO,COQUEIRAL,SUBURBIO,ABALROAMENTO TRANSVERSAL,BROS MOTO X CLASSIC,1.0,1.0,0.0,0.0,0.0,0.0,0.0,0.0,0.0,0.0,0.0,Cruzamento,Bom,Sem defeito,Incompleta,Seca,Perfeito estado,Faixa de pedestre,Não há placas,60.0,Dupla,Não existe,Não informado,2020,3,2,0,20.0
2020-03-02,20:20:00,COM VÍTIMA,FINALIZADA,SANTO AMARO,AV NORTE,RUA VINTE E QUATRO DE AGOSTO,RUA VINTE E QUATRO DE AGOSTO - PROXIMO À CONTAX,SANTO AMARO,SUBURBIO,ABALROAMENTO TRANSVERSAL,OCOLISÃO ONIBUS X MOTO C/VITIMA,1.0,1.0,0.0,0.0,0.0,1.0,0.0,0.0,0.0,1.0,0.0,Cruzamento,Bom,Sem defeito,Perfeito estado,Seca,Perfeito estado,Não existe,Outras,60.0,Dupla,Faixa seccionada,Não informado,2020,3,2,0,20.0
2020-03-02,21:11:00,COM VÍTIMA,CANCELADA,IBURA,AV DOM HELDER CAMARA,Não informado,DEPOIS QUE SAI DA AV RECIFE UNS 300 METROS,IBURA,Não informado,ACID. DE PERCURSO,MOTO (PERCA DE CONTROLE ),1.0,1.0,0.0,0.0,0.0,0.0,0.0,0.0,0.0,1.0,0.0,Não informado,Não informado,Não informado,Não informado,Não informado,Não informado,Não informado,Não informado,60.0,Não informado,Não informado,Não informado,2020,3,2,0,21.0
2020-03-02,21:34:00,SEM VÍTIMA,FINALIZADA,SANTO AMARO,AV CRUZ CABUGA,RUA MORAES DE INHAMA,HOSPITAL SANTA CASA,SANTO AMARO,SUBURBIO,ABALROAMENTO LONGITUDINAL,CLASSIC X CAMINHAO POLIGUINDASTE,1.0,1.0,0.0,0.0,0.0,0.0,1.0,0.0,0.0,0.0,0.0,Cruzamento,Chuvoso,Sem defeito,Perfeito estado,Molhada,Perfeito estado,Não existe,Outras,60.0,Dupla,Faixa seccionada,Não informado,2020,3,2,0,21.0
2020-03-02,22:00:00,SEM VÍTIMA,FINALIZADA,TORRE,RUA PROFESSOR TRAJANO DE MENDONCA,Não informado,DOM GALETUS DELIVERY,TORRE,SUBURBIO,COLISÃO TRASEIRA,SANDERO VERMELHO X PALIO PRATA,2.0,1.0,0.0,0.0,0.0,0.0,0.0,0.0,0.0,0.0,0.0,Longo da via,Bom,Não existe,Perfeito estado,Seca,Perfeito estado,Faixa de pedestre,Outras,60.0,Única,Faixa seccionada,Não informado,2020,3,2,0,22.0
2020-03-02,23:34:00,COM VÍTIMA,FINALIZADA,IBURA,AV DOIS RIOS,RUA RIO XINGU,EM FRENTE AO POSTO DE GASOLINA BR,IBURA,SUBURBIO,ABALROAMENTO TRANSVERSAL,COLISÃO ENTRE DOIS AUTOS COM VÍTIMA- UM DOS AUTOS VEIO A CAPOTAR- UM DOS ENVOLVIDOS APRESENTA SINTOMAS DE EMBRIAGUEZ,2.0,1.0,0.0,0.0,0.0,0.0,0.0,0.0,0.0,2.0,0.0,Cruzamento,Bom,Sem defeito,Perfeito estado,Seca,Perfeito estado,Faixa de pedestre,Não há placas,60.0,Dupla,Faixa contínua,Não informado,2020,3,2,0,23.0
2020-03-03,00:00:00,SEM VÍTIMA,FINALIZADA,BOA VIAGEM,AV MARECHAL JUAREZ TAVORA,RUA JOAO CARDOSO AIRES,Não informado,BOA VIAGEM,SUBURBIO,ABALROAMENTO LONGITUDINAL,COLISÃO ENTRE DOIS AUTOS S/V,2.0,1.0,0.0,0.0,0.0,0.0,0.0,0.0,0.0,0.0,0.0,Cruzamento,Bom,Sem defeito,Ilegível,Seca,Mal iluminada,Faixa de pedestre,Não há placas,60.0,Única,Faixa seccionada,Não informado,2020,3,3,1,0.0
2020-03-03,07:39:00,COM VÍTIMA,FINALIZADA,AFOGADOS,EST DOS REMEDIOS,Não informado,EM FRENTE A PIGALLE. Nº1481,AFOGADOS,CIDADE,ABALROAMENTO LONGITUDINAL,ACIDENTE LONGITUDINAL ENTRE DUAS MOTOS- FLAGRADO PELA CÂMARA DA CTTU.,1.0,2.0,0.0,0.0,0.0,0.0,0.0,0.0,0.0,1.0,0.0,Longo da via,Bom,Sem defeito,Perfeito estado,Seca,Perfeito estado,Outros,Outras,60.0,Única,Faixa seccionada,Não informado,2020,3,3,1,7.0
2020-03-03,07:57:00,SEM VÍTIMA,FINALIZADA,IPSEP,RUA ADERBAL DE MELO,RUA PADRE LIMA E SA,Não informado,IPSEP,SUBURBIO,ABALROAMENTO TRANSVERSAL,COLISÃO S/VITIMAS ENTRE UMA MOTO E UM AUTO  OBS USUARIO INFORMA QUE SOFREU ESCORIAÇOES  NA PERNA NO ENTANTO NÃO DESEJA A PRESENÇA DO SAMU NO LOCAL,1.0,1.0,0.0,0.0,0.0,0.0,0.0,0.0,0.0,0.0,0.0,Cruzamento,Bom,Não existe,Perfeito estado,Seca,Perfeito estado,Não existe,Não há placas,60.0,Dupla,Não existe,Não informado,2020,3,3,1,7.0
2020-03-03,07:59:00,SEM VÍTIMA,FINALIZADA,IBURA,AV ENGENHO SERRA VERDE,Não informado,PANIFICADORA MARAJÓ,IBURA,CIDADE,ABALROAMENTO LONGITUDINAL,COLISÃO SEM VITIMAS,1.0,1.0,0.0,0.0,0.0,1.0,0.0,0.0,0.0,0.0,0.0,Longo da via,Bom,Não existe,Perfeito estado,Seca,Perfeito estado,Não existe,Não há placas,30.0,Única,Não existe,Não informado,2020,3,3,1,7.0
2020-03-03,08:05:00,SEM VÍTIMA,FINALIZADA,CASA AMARELA,AV NORTE,AV PEDRO ALLAIN,OPOSTO RETIFICA PADRÃO,CASA AMARELA,SUBURBIO,COLISÃO TRASEIRA,MOTO E AUTO,1.0,1.0,0.0,0.0,0.0,0.0,0.0,0.0,0.0,0.0,0.0,Cruzamento,Bom,Sem defeito,Perfeito estado,Seca,Perfeito estado,Não existe,R-6a,60.0,Dupla,Canteiro central,Não informado,2020,3,3,1,8.0
2020-03-03,08:34:00,COM VÍTIMA,FINALIZADA,AFOGADOS,RUA VISCONDE DE PELOTAS,Não informado,SOB O PONTILHÃO DO METRÔ DE AFOGADOS,AFOGADOS,Não informado,ACID. DE PERCURSO,QUEDA DE MOTOQUEIRO NA VIA DEVIDO A ÓLEO NA PISTA (GM KELVIN E DIEGO CARVALHO NO QTH),1.0,1.0,0.0,0.0,0.0,0.0,0.0,0.0,0.0,1.0,0.0,Longo da via,Bom,Não existe,Perfeito estado,Oleosa,Perfeito estado,Não existe,Não há placas,60.0,Única,Faixa seccionada,Não informado,2020,3,3,1,8.0
2020-03-03,08:49:00,SEM VÍTIMA,FINALIZADA,ESTÂNCIA,AV DR JOSE RUFINO,Não informado,SUPLETIVO,ESTÂNCIA,CIDADE,ABALROAMENTO LONGITUDINAL,ONIBUS E AUTO,1.0,1.0,0.0,0.0,0.0,1.0,0.0,0.0,0.0,0.0,0.0,Longo da via,Bom,Não existe,Perfeito estado,Seca,Perfeito estado,Não existe,Não há placas,60.0,Dupla,Faixa contínua,Não informado,2020,3,3,1,8.0
2020-03-03,09:53:00,SEM VÍTIMA,FINALIZADA,SANTO AMARO,AV NORTE,Não informado,EM FRENTE A PARADA DE ÔNIBUS 110030,SANTO AMARO,SUBURBIO,COLISÃO TRASEIRA,COLISÃO SEM VITIMAS  GM MARIO QTH,1.0,1.0,0.0,0.0,0.0,0.0,0.0,0.0,0.0,0.0,0.0,Longo da via,Bom,Sem defeito,Perfeito estado,Seca,Perfeito estado,Faixa de retenção,Não há placas,60.0,Única,Faixa seccionada,Não informado,2020,3,3,1,9.0
2020-03-03,10:10:00,SEM VÍTIMA,CANCELADA,IPSEP,RUA JEAN EMILE FAVRE,Não informado,E/F AO ARMAZEM MAURICEA,IPSEP,Não informado,COLISÃO,COLISÃO S/VITIMAS NETRE UM ONIBUS E UM AUTO,1.0,1.0,0.0,0.0,0.0,1.0,0.0,0.0,0.0,0.0,0.0,Não informado,Não informado,Não informado,Não informado,Não informado,Não informado,Não informado,Não informado,60.0,Não informado,Não informado,Não informado,2020,3,3,1,10.0
2020-03-03,11:04:00,SEM VÍTIMA,CANCELADA,IMBIRIBEIRA,AV MARECHAL MASCARENHAS DE MORAES,Não informado,EM FRENTE A GRANVIA,IMBIRIBEIRA,AEROPORTO,COLISÃO,COLISÃO SEM VITIMAS,1.0,1.0,0.0,0.0,0.0,0.0,0.0,0.0,0.0,0.0,0.0,Não informado,Não informado,Não informado,Não informado,Não informado,Não informado,Não informado,Não informado,60.0,Não informado,Não informado,Não informado,2020,3,3,1,11.0
2020-03-03,11:07:00,SEM VÍTIMA,FINALIZADA,JORDÃO,AV MARIA IRENE,Não informado,EM FRENTE A DINO SORVETES,JORDÃO,SUBURBIO,ABALROAMENTO LONGITUDINAL,COLISÃO S/VITIMAS ENTRE DOIS AUTOS,2.0,1.0,0.0,0.0,0.0,0.0,0.0,0.0,0.0,0.0,0.0,Longo da via,Bom,Não existe,Perfeito estado,Seca,Perfeito estado,Não existe,Não há placas,60.0,Dupla,Faixa contínua,Não informado,2020,3,3,1,11.0