data,hora,natureza_acidente,situacao,bairro,endereco,detalhe_endereco_acidente,complemento,bairro_cruzamento,sentido_via,tipo,descricao,auto,moto,ciclom,ciclista,pedestre,onibus,caminhao,viatura,outros,vitimas,vitimasfatais,acidente_verificado,tempo_clima,situacao_semaforo,sinalizacao,condicao_via,conservacao_via,ponto_controle,situacao_placa,velocidade_max_via,mao_direcao,divisao_via1,natureza,ano,mes,dia,dia_semana,hora_ocorrencia
2020-03-03,11:56:00,SEM VÍTIMA,CANCELADA,TORRÕES,RUA ZUMBI DOS PALMARES,Não informado,EM FRENTE A JUNIOR BIKE,TORRÕES,Não informado,COLISÃO,ONIBUS E AUTO,1.0,1.0,0.0,0.0,0.0,1.0,0.0,0.0,0.0,0.0,0.0,Não informado,Não informado,Não informado,Não informado,Não informado,Não informado,Não informado,Não informado,60.0,Não informado,Não informado,Não informado,2020,3,3,1,11.0
2020-03-03,12:19:00,SEM VÍTIMA,FINALIZADA,IPUTINGA,AV CAXANGA,RUA GENERAL CANDIDO BORGES CASTELO BRANCO,PERNANBUCO DA SORTE,IPUTINGA,CIDADE,COLISÃO TRASEIRA,ENTRE SEIS VEICULOS// S VITIMA,5.0,1.0,0.0,0.0,0.0,0.0,1.0,0.0,0.0,0.0,0.0,Cruzamento,Bom,Sem defeito,Perfeito estado,Seca,Perfeito estado,Faixa de pedestre,R-6a,60.0,Única,Faixa seccionada,Não informado,2020,3,3,1,12.0
2020-03-03,12:34:00,SEM VÍTIMA,CANCELADA,IMBIRIBEIRA,AV GENERAL MAC ARTHUR,RUA ANTONIO FALCAO,POSTO BR PETROBAS// SUPER TROCA DE OLEO,IMBIRIBEIRA,MASCARENHA DE MORAIS,COLISÃO,ENTRE DOIS VEICULOS// S VITIMA,2.0,1.0,0.0,0.0,0.0,0.0,0.0,0.0,0.0,0.0,0.0,Não informado,Não informado,Não informado,Não informado,Não informado,Não informado,Não informado,Não informado,60.0,Não informado,Não informado,Não informado,2020,3,3,1,12.0
2020-03-03,12:49:00,SEM VÍTIMA,CANCELADA,BOA VIAGEM,RUA AMALIA BERNARDINO DE SOUZA,RUA DOM JOSE LOPES,EM FRENTE AO PLAY SIDE,BOA VIAGEM,Não informado,COLISÃO,COLISÃO SEM VÍTIMA,2.0,1.0,0.0,0.0,0.0,0.0,0.0,0.0,0.0,0.0,0.0,Não informado,Não informado,Não informado,Não informado,Não informado,Não informado,Não informado,Não informado,60.0,Não informado,Não informado,Não informado,2020,3,3,1,12.0
2020-03-03,12:49:00,COM VÍTIMA,FINALIZADA,CASA AMARELA,AV NORTE,Não informado,NA ENTRADA DO VASCO DA GAMA NO SEMAFORO 066,CASA AMARELA,CIDADE,COLISÃO COM CICLISTA,CAMINHAO COLIDIU COM DOIS AUTOS E UM CICLISTA COM UMA VITIMA,2.0,1.0,0.0,1.0,0.0,0.0,1.0,0.0,0.0,1.0,0.0,Longo da via,Bom,Sem defeito,Perfeito estado,Seca,Perfeito estado,Faixa de retenção,Outras,60.0,Única,Canteiro central,Não informado,2020,3,3,1,12.0
2020-03-03,13:03:00,SEM VÍTIMA,FINALIZADA,PARNAMIRIM,RUA DES GOIS CAVALCANTE,RUA PADRE ROMA,EM FRENTE A PRAÇA DR. LULA CABRAL DE MELO,PARNAMIRIM,SUBURBIO,COLISÃO TRASEIRA,COLISÃO SEM VÍTIMA/ PO NO LOCAL,2.0,1.0,0.0,0.0,0.0,0.0,0.0,0.0,0.0,0.0,0.0,Cruzamento,Bom,Sem defeito,Perfeito estado,Seca,Perfeito estado,Faixa de pedestre,Outras,40.0,Única,Faixa contínua,Não informado,2020,3,3,1,13.0
2020-03-03,13:04:00,SEM VÍTIMA,CANCELADA,BOA VIAGEM,RUA ANTONIO FALCAO,Não informado,PADARIA PAN FALCAO,BOA VIAGEM,IMBIRIBEIRA,COLISÃO,COLISAO ENTRE VEICULOS/ S VITIMA,2.0,1.0,0.0,0.0,0.0,0.0,0.0,0.0,0.0,0.0,0.0,Não informado,Não informado,Não informado,Não informado,Não informado,Não informado,Não informado,Não informado,60.0,Não informado,Não informado,Não informado,2020,3,3,1,13.0
2020-03-03,13:08:00,SEM VÍTIMA,FINALIZADA,BOA VIAGEM,AV ENGENHEIRO DOMINGOS FERREIRA,RUA PADRE BERNADINO PESSOA,Não informado,BOA VIAGEM,SUBURBIO,COLISÃO TRASEIRA,COLISÃO SEM VÍTIMA,2.0,1.0,0.0,0.0,0.0,0.0,0.0,0.0,0.0,0.0,0.0,Cruzamento,Bom,Sem defeito,Perfeito estado,Seca,Perfeito estado,Faixa de pedestre,Não há placas,60.0,Única,Faixa contínua,Não informado,2020,3,3,1,13.0
2020-03-03,13:15:00,SEM VÍTIMA,FINALIZADA,BOA VISTA,RUA JOAQUIM DE BRITO,Não informado,EM FRENTE AO Nº 50,BOA VISTA,CIDADE,ABALROAMENTO LONGITUDINAL,COLISÃO SEM VÍTIMA,2.0,1.0,0.0,0.0,0.0,0.0,0.0,0.0,0.0,0.0,0.0,Longo da via,Bom,Não existe,Não existente,Seca,Mal conservada,Não existe,Não há placas,60.0,Única,Não existe,Não informado,2020,3,3,1,13.0
2020-03-03,13:44:00,SEM VÍTIMA,FINALIZADA,BOA VISTA,RUA MONTE CASTELO,Não informado,Não informado,BOA VISTA,SUBURBIO,COLISÃO TRASEIRA,COLISÃO SEM VÍTIMA,2.0,1.0,0.0,0.0,0.0,0.0,0.0,0.0,0.0,0.0,0.0,Longo da via,Bom,Não existe,Perfeito estado,Seca,Perfeito estado,Não existe,Não há placas,60.0,Única,Não existe,Não informado,2020,3,3,1,13.0
2020-03-03,14:05:00,SEM VÍTIMA,FINALIZADA,BOA VIAGEM,RUA BALTAZAR PASSOS,RUA JOSE HIPOLITO CARDOSO,COFFEE SHOP SÃO BRAZ,BOA VIAGEM,Não informado,ABALROAMENTO TRANSVERSAL,COLISAO ENTRE ONIBUS E AUTOS S/V,1.0,1.0,0.0,0.0,0.0,1.0,0.0,0.0,0.0,0.0,0.0,Cruzamento,Bom,Não existe,Incompleta,Seca,Perfeito estado,Faixa de pedestre,Não há placas,60.0,Única,Não existe,Não informado,2020,3,3,1,14.0
2020-03-03,14:28:00,SEM VÍTIMA,FINALIZADA,BOA VISTA,RUA DO HOSPICIO,RUA PRINCESA IZABEL,EM FRENTE A CÂMARA DOS VEREADORES,BOA VISTA,SUBURBIO,ABALROAMENTO LONGITUDINAL,COLISAO S/VITIMA ENTRE DOIS VEICULOS. GM: NO APOIO NO LOCAL,1.0,1.0,0.0,0.0,0.0,1.0,0.0,0.0,0.0,0.0,0.0,Cruzamento,Bom,Sem defeito,Perfeito estado,Seca,Perfeito estado,Agente,Outras,60.0,Dupla,Faixa contínua,Não informado,2020,3,3,1,14.0
2020-03-03,14:30:00,SEM VÍTIMA,FINALIZADA,PRADO,RUA CARLOS DE OLIVEIRA FILHO,Não informado,Não informado,PRADO,Não informado,ABALROAMENTO TRANSVERSAL,COLISÃO SEM VÍTIMA,2.0,1.0,0.0,0.0,0.0,0.0,0.0,0.0,0.0,0.0,0.0,Longo da via,Bom,Não existe,Incompleta,Seca,Perfeito estado,Não existe,Não há placas,30.0,Dupla,Não existe,Não informado,2020,3,3,1,14.0
2020-03-03,14:36:00,SEM VÍTIMA,FINALIZADA,ILHA DO RETIRO,EST DOS REMEDIOS,Não informado,EM FRENTE HC PNEUS,ILHA DO RETIRO,Não informado,COLISÃO TRASEIRA,COLISÃO SEM VÍTIMA,3.0,1.0,0.0,0.0,0.0,0.0,0.0,0.0,0.0,0.0,0.0,Longo da via,Bom,Sem defeito,Perfeito estado,Seca,Perfeito estado,Agente,Não informado,60.0,Única,Faixa seccionada,Não informado,2020,3,3,1,14.0
2020-03-03,15:47:00,SEM VÍTIMA,CANCELADA,IBURA,RUA DR SEABRA,Não informado,EM FRENTE AO EDIFICIO BUCARESTE,IBURA,Não informado,COLISÃO,COLISÃO SEM VÍTIMA,2.0,1.0,0.0,0.0,0.0,0.0,0.0,0.0,0.0,0.0,0.0,Não informado,Não informado,Não informado,Não informado,Não informado,Não informado,Não informado,Não informado,60.0,Não informado,Não informado,Não informado,2020,3,3,1,15.0
2020-03-03,15:50:00,COM VÍTIMA,FINALIZADA,APIPUCOS,RUA DE APIPUCOS,RUA MANDACARU,E/F AO AÇUDE DE APIPUCOS,APIPUCOS,CIDADE,COLISÃO COM CICLISTA,COLISAO ENTRE AUTO -MOTO E CICLISTA,1.0,1.0,0.0,1.0,0.0,0.0,0.0,0.0,0.0,1.0,0.0,Cruzamento,Bom,Sem defeito,Perfeito estado,Seca,Perfeito estado,Faixa de pedestre,R-6a,60.0,Dupla,Faixa contínua,Não informado,2020,3,3,1,15.0
2020-03-03,15:51:00,COM VÍTIMA,FINALIZADA,ILHA DO LEITE,AV JOSE GONCALVES DE MEDEIROS,Não informado,FARMACIA PAGUE MENOS,ILHA DO LEITE,ILHA DO RETIRO,ABALROAMENTO TRANSVERSAL,COLISAO COM VITIMA ENTRE UM VEICULO E UMA MOTO. GCM: PONTO FIXO,1.0,1.0,0.0,0.0,0.0,0.0,0.0,0.0,0.0,1.0,0.0,Longo da via,Bom,Não existe,Perfeito estado,Seca,Perfeito estado,Não informado,Não há placas,60.0,Dupla,Faixa,Não informado,2020,3,3,1,15.0
2020-03-03,15:53:00,SEM VÍTIMA,FINALIZADA,COELHOS,RUA DOS COELHOS,Não informado,EM FRENTE AO HOSPITAL PEDRO II,COELHOS,SUBURBIO,ABALROAMENTO TRANSVERSAL,COLISÃO SEM VÍTIMA,2.0,1.0,0.0,0.0,0.0,0.0,0.0,0.0,0.0,0.0,0.0,Longo da via,Bom,Sem defeito,Perfeito estado,Seca,Perfeito estado,Faixa de pedestre,R-6a,30.0,Dupla,Faixa contínua,Não informado,2020,3,3,1,15.0
2020-03-03,17:19:00,COM VÍTIMA,FINALIZADA,BOA VIAGEM,RUA HENRIQUE DIAS,Não informado,AO LADO DO MEMORIAL SÃO JOSÉ,BOA VIAGEM,CIDADE,ATROPELAMENTO,Não informado,1.0,1.0,0.0,0.0,1.0,1.0,0.0,0.0,0.0,1.0,0.0,Longo da via,Bom,Sem defeito,Perfeito estado,Seca,Perfeito estado,Faixa de pedestre,Outras,60.0,Única,Não existe,Não informado,2020,3,3,1,17.0
2020-03-03,17:28:00,SEM VÍTIMA,FINALIZADA,CASA AMARELA,RUA BELA VISTA,Não informado,PADARIA BELA VISTA,CASA AMARELA,SUBURBIO,ABALROAMENTO LONGITUDINAL,COISÃO SEM VÍTIMA,2.0,1.0,0.0,0.0,0.0,0.0,0.0,0.0,0.0,0.0,0.0,Longo da via,Bom,Não existe,Não existente,Seca,Perfeito estado,Não existe,Não há placas,60.0,Dupla,Não existe,Não informado,2020,3,3,1,17.0
2020-03-03,17:25:00,SEM VÍTIMA,CANCELADA,AREIAS,RUA AURORA CACOTE,Não informado,SUPERMERCADO QUIPREÇO,AREIAS,AREIAS,COLISÃO,COLISAO S/ VITIMA NETRE DOIS VEICULOS,2.0,1.0,0.0,0.0,0.0,0.0,0.0,0.0,0.0,0.0,0.0,Não informado,Não informado,Não informado,Não informado,Não informado,Não informado,Não informado,Não informado,60.0,Não informado,Não informado,Não informado,2020,3,3,1,17.0
2020-03-03,17:43:00,SEM VÍTIMA,CANCELADA,MADALENA,RUA PROFESSOR BENEDITO MONTEIRO,Não informado,AO LADO DA JURANDIR PIRES,MADALENA,Não informado,COLISÃO,COLISÃO SEM VÍTIMA,2.0,1.0,0.0,0.0,0.0,0.0,0.0,0.0,0.0,0.0,0.0,Não informado,Não informado,Não informado,Não informado,Não informado,Não informado,Não informado,Não informado,60.0,Não informado,Não informado,Não informado,2020,3,3,1,17.0
2020-03-03,17:45:00,COM VÍTIMA,FINALIZADA,VÁRZEA,AV JOAQUIM RIBEIRO,Não informado,PROX A BORRACHARIA DO NADO PROX A PONTE S/T DOIS IRMAOS,VÁRZEA,SUBURBIO,ABALROAMENTO LONGITUDINAL,COLISAO ENTRE DOIS AUTOS S/V,1.0,1.0,0.0,0.0,0.0,0.0,0.0,0.0,0.0,1.0,0.0,Longo da via,Bom,Não existe,Ilegível,Seca,Perfeito estado,Não existe,Não há placas,60.0,Dupla,Não informado,Não informado,2020,3,3,1,17.0
2020-03-03,18:46:00,SEM VÍTIMA,FINALIZADA,VÁRZEA,AV AFONSO OLINDENSE,Não informado,EM FRENTE A PARADA DE ÔNIBUS 080256,VÁRZEA,CIDADE,ABALROAMENTO LONGITUDINAL,COLISAO DE DOIS AUTOS S/V,1.0,1.0,0.0,0.0,0.0,1.0,0.0,0.0,0.0,0.0,0.0,Longo da via,Bom,Não existe,Perfeito estado,Seca,Perfeito estado,Não existe,Não há placas,60.0,Dupla,Faixa contínua,Não informado,2020,3,3,1,18.0
2020-03-03,18:55:00,SEM VÍTIMA,CANCELADA,CAXANGÁ,AV CAXANGA,Não informado,ENF A TERMINAL INTEGRADO DA CAXANGA,CAXANGÁ,Não informado,COLISÃO,ONIBUS X FIAT UNO,1.0,1.0,0.0,0.0,0.0,1.0,0.0,0.0,0.0,0.0,0.0,Não informado,Não informado,Não informado,Não informado,Não informado,Não informado,Não informado,Não informado,60.0,Não informado,Não informado,Não informado,2020,3,3,1,18.0
2020-03-03,19:09:00,SEM VÍTIMA,FINALIZADA,JARDIM SÃO PAULO,AV SAO PAULO,RUA BRAGANCA,Nº 609,JARDIM SÃO PAULO,SUBURBIO,ABALROAMENTO LONGITUDINAL,COLISAO SEM VITIMAS,1.0,1.0,0.0,0.0,0.0,0.0,0.0,0.0,0.0,0.0,0.0,Não informado,Bom,Não existe,Não existente,Seca,Perfeito estado,Não informado,Outras,60.0,Dupla,Não existe,Não informado,2020,3,3,1,19.0
2020-03-03,19:46:00,SEM VÍTIMA,CANCELADA,JARDIM SÃO PAULO,RUA PROFESSOR PEDRO AUGUSTO,RUA PROF CACILDA BRECKENFELD,LOCAL DE RESIDENCIA,JARDIM SÃO PAULO,Não informado,COLISÃO,PICASSO X ARGO    OBS:: SUSPEITA DE EMBRIAGUEZ,2.0,1.0,0.0,0.0,0.0,0.0,0.0,0.0,0.0,0.0,0.0,Não informado,Não informado,Não informado,Não informado,Não informado,Não informado,Não informado,Não informado,60.0,Não informado,Não informado,Não informado,2020,3,3,1,19.0
2020-03-03,20:16:00,SEM VÍTIMA,FINALIZADA,CAJUEIRO,RUA SENADOR NILO COELHO,Não informado,FRENTE AO ARMAZÉM CORAL,CAJUEIRO,SUBURBIO,ABALROAMENTO TRANSVERSAL,COLISAO SEM VITIMAS,2.0,1.0,0.0,0.0,0.0,0.0,0.0,0.0,0.0,0.0,0.0,Longo da via,Bom,Não existe,Perfeito estado,Seca,Perfeito estado,Não informado,Não há placas,40.0,Dupla,Não existe,Não informado,2020,3,3,1,20.0
2020-03-04,06:44:00,SEM VÍTIMA,FINALIZADA,AFOGADOS,RUA SAO MIGUEL,Não informado,SOB O SEMÁFORO Nº 392,AFOGADOS,CIDADE,COLISÃO TRASEIRA,COLISÃO SEM VITIMAS,2.0,1.0,0.0,0.0,0.0,0.0,0.0,0.0,0.0,0.0,0.0,Longo da via,Bom,Sem defeito,Incompleta,Seca,Perfeito estado,Não existe,Outras,60.0,Dupla,Faixa contínua,Não informado,2020,3,4,2,6.0
2020-03-04,07:18:00,COM VÍTIMA,FINALIZADA,ENCRUZILHADA,EST DE BELEM,Não informado,EM FRENTE AO BANCO ITAU,ENCRUZILHADA,SUBURBIO,ABALROAMENTO TRANSVERSAL,COLISÃO COM VITIMA A ESPERA DO BOMBEIROS,1.0,1.0,0.0,0.0,0.0,0.0,0.0,0.0,0.0,2.0,0.0,Longo da via,Bom,Não existe,Perfeito estado,Seca,Perfeito estado,Não existe,Placas Pare,40.0,Dupla,Faixa seccionada,Não informado,2020,3,4,2,7.0
2020-03-04,07:35:00,COM VÍTIMA,FINALIZADA,ARRUDA,RUA ZEFERINO AGRA,Não informado,EM FRENTE AO COLEGIO ADVENTISTA,ARRUDA,SUBURBIO,COLISÃO FRONTAL,COLISAO COM VITIMAS,1.0,1.0,0.0,0.0,0.0,0.0,0.0,0.0,0.0,1.0,0.0,Longo da via,Bom,Não existe,Perfeito estado,Seca,Perfeito estado,Faixa de pedestre,Outras,60.0,Dupla,Faixa contínua,Não informado,2020,3,4,2,7.0
2020-03-04,07:42:00,SEM VÍTIMA,FINALIZADA,ESPINHEIRO,AV GOVERNADOR AGAMENON MAGALHAES,Não informado,SOBRADO EMPRESARIAL,ESPINHEIRO,CIDADE,ABALROAMENTO LONGITUDINAL,VEICULO OFICIAL FUNASE E AUTO,2.0,1.0,0.0,0.0,0.0,0.0,0.0,0.0,0.0,0.0,0.0,Longo da via,Bom,Não existe,Não existente,Seca,Perfeito estado,Não existe,Não há placas,60.0,Única,Faixa seccionada,Não informado,2020,3,4,2,7.0
2020-03-04,07:43:00,COM VÍTIMA,FINALIZADA,CORDEIRO,RUA TIJUCAS,Não informado,PROX AO RESTAURANTE JOÃO  DA CARNE DE SOL,CORDEIRO,Não informado,ABALROAMENTO TRANSVERSAL,COLISÃO COM VITIMA  GM JOÃO RICARDO QTH,1.0,1.0,0.0,0.0,0.0,0.0,0.0,0.0,0.0,1.0,0.0,Cruzamento,Bom,Não existe,Ilegível,Seca,Perfeito estado,Não existe,Placas Pare,60.0,Dupla,Não existe,Não informado,2020,3,4,2,7.0
2020-03-04,07:53:00,COM VÍTIMA,FINALIZADA,BOA VIAGEM,RUA RIBEIRO DE BRITO,Não informado,EM FRENTE AO LABORATORIO  BORIS  BERENSTEIN,BOA VIAGEM,SUBURBIO,ABALROAMENTO LONGITUDINAL,COLISÃO COM VITIMA GM  ADELSON QTH,1.0,1.0,0.0,0.0,0.0,0.0,0.0,0.0,0.0,1.0,0.0,Longo da via,Bom,Não existe,Perfeito estado,Seca,Perfeito estado,Não existe,Outras,60.0,Única,Faixa seccionada,Não informado,2020,3,4,2,7.0
2020-03-04,08:02:00,SEM VÍTIMA,FINALIZADA,ESPINHEIRO,AV GOVERNADOR AGAMENON MAGALHAES,Não informado,EM FRENTE AO EMPRESARIAL SOBRADO,ESPINHEIRO,CIDADE,ABALROAMENTO LONGITUDINAL,COLIsAO SEM VITIMAS (GM ANDERSON E ALBERTO NO QTH),2.0,1.0,0.0,0.0,0.0,0.0,0.0,0.0,0.0,0.0,0.0,Longo da via,Bom,Não existe,Não existente,Seca,Perfeito estado,Não existe,Outras,60.0,Única,Faixa seccionada,Não informado,2020,3,4,2,8.0
2020-03-04,08:10:00,COM VÍTIMA,CANCELADA,CAXANGÁ,AV CAXANGA,Não informado,PROXIMO AO ARMAZEM CORAL,CAXANGÁ,Não informado,COLISÃO,COLISAO COM VITIMAS,1.0,1.0,0.0,0.0,0.0,0.0,0.0,0.0,0.0,1.0,0.0,Não informado,Não informado,Não informado,Não informado,Não informado,Não informado,Não informado,Não informado,60.0,Não informado,Não informado,Não informado,2020,3,4,2,8.0
2020-03-04,08:28:00,SEM VÍTIMA,FINALIZADA,ENCRUZILHADA,AV BEBERIBE,Não informado,Não informado,ENCRUZILHADA,CIDADE,COLISÃO TRASEIRA,COLISÃO S/VITIMAS ENTRE DOIS AUTOS,2.0,1.0,0.0,0.0,0.0,0.0,0.0,0.0,0.0,0.0,0.0,Longo da via,Bom,Sem defeito,Perfeito estado,Seca,Perfeito estado,Faixa de pedestre,Outras,40.0,Dupla,Faixa contínua,Não informado,2020,3,4,2,8.0
2020-03-04,08:44:00,SEM VÍTIMA,FINALIZADA,IPUTINGA,RUA MAURICIO DE NASSAU,RUA PEREIRA COUTINHO FILHO,Não informado,IPUTINGA,SUBURBIO,COLISÃO TRASEIRA,COLIsAO SEM VITIMAS (GM ANDERSON E ALBERTO NO QTH),2.0,1.0,0.0,0.0,0.0,0.0,0.0,0.0,0.0,0.0,0.0,Longo da via,Bom,Não informado,Perfeito estado,Seca,Perfeito estado,Não informado,Não informado,40.0,Dupla,Não informado,Não informado,2020,3,4,2,8.0
2020-03-04,08:38:00,SEM VÍTIMA,FINALIZADA,CAMPO GRANDE,RUA ODORICO MENDES,RUA VISCONDE DE CAIRU,PRÓXIMO AO CLUBE DA PÁS,CAMPO GRANDE,SUBURBIO,ABALROAMENTO TRANSVERSAL,COLISÃO S/VITIMAS ENTRE DOIS AUTOS,2.0,1.0,0.0,0.0,0.0,0.0,0.0,0.0,0.0,0.0,0.0,Cruzamento,Bom,Não existe,Perfeito estado,Seca,Perfeito estado,Não informado,Placas Pare,60.0,Dupla,Faixa seccionada,Não informado,2020,3,4,2,8.0
2020-03-04,09:00:00,COM VÍTIMA,FINALIZADA,TORRE,RUA MARQUES DE MARICA,Não informado,EM FRENTE AO CONDOMINIO PRAÇA DAS CARMELIA,TORRE,SUBURBIO,ABALROAMENTO LONGITUDINAL,COLISÃO COM VITIMA A ESPERA DO SAMU,1.0,1.0,0.0,0.0,0.0,0.0,0.0,0.0,0.0,1.0,0.0,Longo da via,Bom,Não existe,Perfeito estado,Seca,Perfeito estado,Não existe,Não há placas,60.0,Dupla,Faixa seccionada,Não informado,2020,3,4,2,9.0
2020-03-04,09:10:00,COM VÍTIMA,FINALIZADA,CORDEIRO,EST DO FORTE DO ARRAIAL N. DO B. JESUS,RUA AUREO XAVIER,EM FRENTE AO RESTAURANTE O PESCADOR,CORDEIRO,CIDADE,COLISÃO COM CICLISTA,MOTO E CICLISTA C/V,1.0,1.0,0.0,1.0,0.0,0.0,0.0,0.0,0.0,2.0,0.0,Cruzamento,Bom,Não existe,Perfeito estado,Seca,Perfeito estado,Não existe,Placas Pare,60.0,Dupla,Faixa contínua,Não informado,2020,3,4,2,9.0
2020-03-04,09:18:00,SEM VÍTIMA,FINALIZADA,MADALENA,RUA BENFICA,Não informado,AO LADO DO MUSEU DA ABOLIÇÃO,MADALENA,CIDADE,ABALROAMENTO LONGITUDINAL,COLISÃO S/VITIMA ENTRE UMA AMBULÂNCIA (VEÍCULO OFICIAL) E UM AUTO (GM MARCILIO NO QTH),2.0,1.0,0.0,0.0,0.0,0.0,0.0,0.0,0.0,0.0,0.0,Longo da via,Bom,Sem defeito,Perfeito estado,Seca,Perfeito estado,Faixa de pedestre,R-6a,60.0,Dupla,Faixa contínua,Não informado,2020,3,4,2,9.0
2020-03-04,09:33:00,SEM VÍTIMA,FINALIZADA,BOA VIAGEM,AV BOA VIAGEM,RUA BALTAZAR PASSOS,Não informado,BOA VIAGEM,CIDADE,COLISÃO TRASEIRA,DOIS AUTOS,2.0,1.0,0.0,0.0,0.0,0.0,0.0,0.0,0.0,0.0,0.0,Longo da via,Bom,Sem defeito,Perfeito estado,Seca,Perfeito estado,Faixa de pedestre,Não informado,60.0,Única,Faixa contínua,Não informado,2020,3,4,2,9.0
2020-03-04,09:35:00,SEM VÍTIMA,FINALIZADA,BOA VIAGEM,AV CONSELHEIRO AGUIAR,RUA CORONEL BENEDITO CHAVES,EM FRENTE AO HOTEL SAVERO,BOA VIAGEM,CIDADE,COLISÃO TRASEIRA,COLISAO SEM VITIMAS,2.0,1.0,0.0,0.0,0.0,0.0,0.0,0.0,0.0,0.0,0.0,Cruzamento,Bom,Sem defeito,Perfeito estado,Seca,Perfeito estado,Faixa de pedestre,Não há placas,60.0,Única,Não informado,Não informado,2020,3,4,2,9.0
2020-03-04,09:40:00,SEM VÍTIMA,FINALIZADA,COHAB,AV ENGENHO SERRA VERDE,Não informado,PADARIA MARAJÓ,COHAB,CIDADE,ABALROAMENTO LONGITUDINAL,ONIBUS E AUTO,1.0,1.0,0.0,0.0,0.0,1.0,0.0,0.0,0.0,0.0,0.0,Longo da via,Bom,Não existe,Perfeito estado,Seca,Perfeito estado,Não existe,R-6c,60.0,Única,Faixa seccionada,Não informado,2020,3,4,2,9.0
2020-03-04,10:09:00,SEM VÍTIMA,FINALIZADA,Não informado,AV MARTINS DE BARROS,Não informado,LADO OPOSTO AO TERMINAL CAIS DE SANTA RITA,Não informado,SUBURBIO,ABALROAMENTO LONGITUDINAL,COLISÃO SEM VITIMAS GM PERONIMO  QTH,1.0,1.0,0.0,0.0,0.0,0.0,0.0,0.0,0.0,0.0,0.0,Longo da via,Bom,Não existe,Perfeito estado,Seca,Perfeito estado,Não existe,Não há placas,40.0,Dupla,Faixa seccionada,Não informado,2020,3,4,2,10.0
2020-03-04,10:26:00,SEM VÍTIMA,FINALIZADA,IMBIRIBEIRA,AV MARECHAL MASCARENHAS DE MORAES,Não informado,LADO OPOSTO AO FLOR ARTE,IMBIRIBEIRA,SUBURBIO,ABALROAMENTO LONGITUDINAL,COLISAO SEM VITIMAS,1.0,1.0,0.0,0.0,0.0,0.0,0.0,0.0,0.0,0.0,0.0,Longo da via,Bom,Sem defeito,Perfeito estado,Seca,Perfeito estado,Faixa de pedestre,Outras,60.0,Dupla,Faixa contínua,Não informado,2020,3,4,2,10.0
2020-03-04,10:32:00,SEM VÍTIMA,FINALIZADA,SANTO AMARO,AV GOVERNADOR AGAMENON MAGALHAES,Não informado,EM FRENTE A FARMÁCIA PAGUE MENOS,SANTO AMARO,Não informado,COLISÃO TRASEIRA,COLISÃO S/VITIMAS ENTRE DOIS AUTOS,2.0,1.0,0.0,0.0,0.0,0.0,0.0,0.0,0.0,0.0,0.0,Longo da via,Bom,Sem defeito,Perfeito estado,Seca,Perfeito estado,Outros,Outras,60.0,Dupla,Canteiro central,Não informado,2020,3,4,2,10.0
2020-03-04,11:18:00,SEM VÍTIMA,CANCELADA,SÃO JOSÉ,RUA DO PEIXOTO,Não informado,NA RUA DO RESTAURANTE POPULAR JOSE DE CASTRO,SÃO JOSÉ,Não informado,COLISÃO,DOIS CAMINHÕES,1.0,1.0,0.0,0.0,0.0,0.0,2.0,0.0,0.0,0.0,0.0,Não informado,Não informado,Não informado,Não informado,Não informado,Não informado,Não informado,Não informado,60.0,Não informado,Não informado,Não informado,2020,3,4,2,11.0
2020-03-04,11:19:00,SEM VÍTIMA,FINALIZADA,IBURA,RUA RIO BRIGIDA,RUA RIO PARNAIBA,Não informado,IBURA,SUBURBIO,ABALROAMENTO LONGITUDINAL,COLISAO SEM VITIMAS,1.0,1.0,0.0,0.0,0.0,0.0,1.0,0.0,0.0,0.0,0.0,Cruzamento,Bom,Não existe,Perfeito estado,Seca,Perfeito estado,Não existe,Placas Pare,30.0,Dupla,Faixa seccionada,Não informado,2020,3,4,2,11.0
2020-03-04,11:39:00,SEM VÍTIMA,FINALIZADA,BOA VISTA,RUA DO RIACHUELO,Não informado,LADO OPOSTO AO Nº 309,BOA VISTA,Não informado,ABALROAMENTO LONGITUDINAL,COLISÃO SEM VITIMAS GM  DENILSON  QTH,1.0,1.0,0.0,0.0,0.0,1.0,0.0,0.0,0.0,0.0,0.0,Longo da via,Bom,Não existe,Perfeito estado,Seca,Perfeito estado,Faixa de pedestre,Não informado,30.0,Dupla,Canteiro central,Não informado,2020,3,4,2,11.0
2020-03-04,12:01:00,SEM VÍTIMA,FINALIZADA,SÃO JOSÉ,AV SUL,Não informado,HOTEL LUA DE MEL,SÃO JOSÉ,CIDADE,CHOQUE VEÍCULO PARADO,COLISAO SEM VITIMAS,1.0,1.0,0.0,0.0,0.0,0.0,0.0,0.0,1.0,0.0,0.0,Longo da via,Bom,Não existe,Incompleta,Seca,Perfeito estado,Não informado,Não há placas,60.0,Dupla,Canteiro central,Não informado,2020,3,4,2,12.0
2020-03-04,12:38:00,SEM VÍTIMA,FINALIZADA,BOA VIAGEM,AV ENGENHEIRO DOMINGOS FERREIRA,RUA BARAO DE SOUZA LEAO,EM FRENTE AO HOSPITAL,BOA VIAGEM,SUBURBIO,COLISÃO TRASEIRA,COLISAO ENTRE UM AUTO E UM ONIBUS,1.0,1.0,0.0,0.0,0.0,1.0,0.0,0.0,0.0,0.0,0.0,Longo da via,Bom,Sem defeito,Perfeito estado,Seca,Perfeito estado,Faixa de pedestre,Outras,60.0,Única,Faixa contínua,Não informado,2020,3,4,2,12.0