data,hora,natureza_acidente,situacao,bairro,endereco,detalhe_endereco_acidente,complemento,bairro_cruzamento,sentido_via,tipo,descricao,auto,moto,ciclom,ciclista,pedestre,onibus,caminhao,viatura,outros,vitimas,vitimasfatais,acidente_verificado,tempo_clima,situacao_semaforo,sinalizacao,condicao_via,conservacao_via,ponto_controle,situacao_placa,velocidade_max_via,mao_direcao,divisao_via1,natureza,ano,mes,dia,dia_semana,hora_ocorrencia
2020-03-04,13:36:00,SEM VÍTIMA,FINALIZADA,MADALENA,RUA REAL DA TORRE,Não informado,TÚNEL DA ABOLIÇÃO,MADALENA,Não informado,COLISÃO TRASEIRA,COLISAO S/ VITIMA ENTRE VAN ESCOLA E UM ONIBUS,1.0,1.0,0.0,0.0,0.0,2.0,0.0,0.0,0.0,0.0,0.0,Longo da via,Bom,Sem defeito,Perfeito estado,Seca,Perfeito estado,Faixa de pedestre,R-6a,60.0,Única,Faixa seccionada,Não informado,2020,3,4,2,13.0
2020-03-04,13:51:00,SEM VÍTIMA,FINALIZADA,ALTO JOSÉ BONIFÁCIO,RUA ALTO JOSE BONIFACIO,Não informado,EM FRENTE A CASA PEREIRA FERRAGENS E MIUDEZAS,ALTO JOSÉ BONIFÁCIO,SUBURBIO,ABALROAMENTO LONGITUDINAL,COLISAO ENTRE AUTO E MOTO S/V,1.0,1.0,0.0,0.0,0.0,0.0,0.0,0.0,0.0,0.0,0.0,Longo da via,Bom,Não existe,Perfeito estado,Seca,Perfeito estado,Não existe,R-6a,60.0,Dupla,Faixa seccionada,Não informado,2020,3,4,2,13.0
2020-03-04,13:53:00,SEM VÍTIMA,FINALIZADA,IBURA,RUA RIO DOURO,Não informado,ESCOLA CECÍLIA MEIRELES,IBURA,SUBURBIO,ABALROAMENTO LONGITUDINAL,COLISAO ENTRE DOIS AUTOS S/V,2.0,1.0,0.0,0.0,0.0,0.0,0.0,0.0,0.0,0.0,0.0,Longo da via,Bom,Não existe,Perfeito estado,Seca,Perfeito estado,Não existe,Não há placas,60.0,Dupla,Não existe,Não informado,2020,3,4,2,13.0
2020-03-04,15:42:00,SEM VÍTIMA,FINALIZADA,DERBY,RUA JENER DE SOUZA,Não informado,EM FRENTE AO QUARTEL DA POLICIA MILITAR,DERBY,SUBURBIO,COLISÃO TRASEIRA,COLISÃO SEM VÍTIMA,2.0,1.0,0.0,0.0,0.0,0.0,0.0,0.0,0.0,0.0,0.0,Longo da via,Bom,Não existe,Perfeito estado,Seca,Perfeito estado,Não existe,Outras,60.0,Dupla,Canteiro central,Não informado,2020,3,4,2,15.0
2020-03-04,15:59:00,SEM VÍTIMA,FINALIZADA,MADALENA,AV VISCONDE DE ALBUQUERQUE,Não informado,ASTRAL VEÍCULOS,MADALENA,SUBURBIO,ABALROAMENTO LONGITUDINAL,COLISÃO SEM VÍTIMA,2.0,1.0,0.0,0.0,0.0,0.0,0.0,0.0,0.0,0.0,0.0,Longo da via,Bom,Não existe,Perfeito estado,Seca,Perfeito estado,Não existe,Outras,60.0,Única,Faixa seccionada,Não informado,2020,3,4,2,15.0
2020-03-04,16:04:00,COM VÍTIMA,FINALIZADA,BOA VIAGEM,RUA CARLOS PEREIRA FALCAO,Não informado,EM FRENTE AO EDIFICIO RENATA DIAS,BOA VIAGEM,Não informado,COLISÃO,COLISÃO COM VÍTIMA/ VÍTIMA ATENDIDA NO LOCAL PELO SAMU E NÃO FOI NECESSARIO LEVAR A VITIMA PARA O HOSPITAL,1.0,1.0,0.0,0.0,0.0,0.0,0.0,0.0,0.0,1.0,0.0,Não informado,Não informado,Não informado,Não informado,Não informado,Não informado,Não informado,Não informado,60.0,Não informado,Não informado,Não informado,2020,3,4,2,16.0
2020-03-04,16:08:00,SEM VÍTIMA,FINALIZADA,SANTO ANTÔNIO,AV N S DO CARMO,AV MARTINS DE BARROS,EM FRENTE AO EDIFÍCIO INCONFIDÊNCIA,SANTO ANTÔNIO,SUBURBIO,ABALROAMENTO LONGITUDINAL,COLISAO S/ VITIMA EM ONIBUS DA VERA CRUZ E VEICULO. RESERVA 02. GCM,1.0,1.0,0.0,0.0,0.0,1.0,0.0,0.0,0.0,0.0,0.0,Longo da via,Bom,Sem defeito,Perfeito estado,Seca,Perfeito estado,Faixa de pedestre,Não há placas,60.0,Dupla,Faixa contínua,Não informado,2020,3,4,2,16.0
2020-03-04,16:54:00,SEM VÍTIMA,FINALIZADA,AFOGADOS,RUA DA PAZ,Não informado,E/F AO BANCO ITAU,AFOGADOS,SUBURBIO,ABALROAMENTO LONGITUDINAL,COLISAO ENTRE DOIS AUTOS S/V,2.0,1.0,0.0,0.0,0.0,0.0,0.0,0.0,0.0,0.0,0.0,Longo da via,Bom,Sem defeito,Perfeito estado,Seca,Perfeito estado,Faixa de pedestre,Não informado,60.0,Única,Faixa contínua,Não informado,2020,3,4,2,16.0
2020-03-04,17:20:00,SEM VÍTIMA,FINALIZADA,MADALENA,AV JOSE GONCALVES DE MEDEIROS,Não informado,PRÓXIMO A FARMÁCIA PAGUE MENOS,MADALENA,CIDADE,COLISÃO TRASEIRA,COLISAO S/ VITIMA ENTRE DOIS VEICULOS,2.0,1.0,0.0,0.0,0.0,0.0,0.0,0.0,0.0,0.0,0.0,Longo da via,Bom,Não existe,Perfeito estado,Seca,Perfeito estado,Não existe,Não há placas,60.0,Dupla,Faixa contínua,Não informado,2020,3,4,2,17.0
2020-03-04,17:29:00,SEM VÍTIMA,EQUIPE EM DESLOCAMENTO,BOA VIAGEM,RUA ERNESTO DE PAULA SANTOS,Não informado,POSTO DE COMBUSTÍVEL SETTA,BOA VIAGEM,CIDADE,COLISÃO TRASEIRA,COLISÃO SEM VÍTIMA,5.0,1.0,0.0,0.0,0.0,0.0,0.0,0.0,0.0,0.0,0.0,Longo da via,Bom,Sem defeito,Perfeito estado,Seca,Perfeito estado,Faixa de pedestre,Não há placas,60.0,Única,Faixa seccionada,Não informado,2020,3,4,2,17.0
2020-03-04,17:24:00,SEM VÍTIMA,FINALIZADA,IBURA,AV DOM HELDER CAMARA,Não informado,AO LADO DO NÚCLEO,IBURA,CIDADE,ABALROAMENTO LONGITUDINAL,COLISÃO SEM VÍTIMA,1.0,1.0,0.0,0.0,0.0,0.0,1.0,0.0,0.0,0.0,0.0,Não informado,Bom,Não existe,Perfeito estado,Seca,Perfeito estado,Não existe,Não há placas,60.0,Dupla,Canteiro central,Não informado,2020,3,4,2,17.0
2020-03-04,18:05:00,SEM VÍTIMA,FINALIZADA,DOIS IRMÃOS,RUA DOIS IRMAOS,Não informado,LADO OPOSTO AO Nº 165,DOIS IRMÃOS,CIDADE,ABALROAMENTO LONGITUDINAL,FIAT DOBLO X PRISMA,2.0,1.0,0.0,0.0,0.0,0.0,0.0,0.0,0.0,0.0,0.0,Longo da via,Bom,Não existe,Perfeito estado,Seca,Perfeito estado,Não existe,Outras,60.0,Dupla,Faixa contínua,Não informado,2020,3,4,2,18.0
2020-03-04,20:56:00,SEM VÍTIMA,FINALIZADA,IPUTINGA,AV CAXANGA,Não informado,EM FRENTE AO CAXANGÁ GOLF & COUNTRY CLUB,IPUTINGA,SUBURBIO,COLISÃO TRASEIRA,COBALT X DOIS SIENA,3.0,1.0,0.0,0.0,0.0,0.0,0.0,0.0,0.0,0.0,0.0,Longo da via,Bom,Não existe,Ilegível,Seca,Mal iluminada,Não existe,Não há placas,60.0,Dupla,Canteiro central,Não informado,2020,3,4,2,20.0
2020-03-04,21:27:00,COM VÍTIMA,FINALIZADA,BOA VIAGEM,AV ARMINDO MOURA,Não informado,E/F A VILA DA AERONAUTICA,BOA VIAGEM,SUBURBIO,ABALROAMENTO LONGITUDINAL,ENTRE AUTO E MOTO. C/V,1.0,1.0,0.0,0.0,0.0,0.0,0.0,0.0,0.0,1.0,0.0,Longo da via,Bom,Sem defeito,Perfeito estado,Seca,Perfeito estado,Faixa de pedestre,Placas Pare,60.0,Dupla,Faixa contínua,Não informado,2020,3,4,2,21.0
2020-03-04,22:08:00,SEM VÍTIMA,FINALIZADA,Não informado,AV ENGENHEIRO ABDIAS DE CARVALHO,Não informado,CENTRO DE DISTRIBUIÇÃO DOS CORREIOS,Não informado,SUBURBIO,COLISÃO TRASEIRA,DUSTER X POLO,2.0,1.0,0.0,0.0,0.0,0.0,0.0,0.0,0.0,0.0,0.0,Longo da via,Bom,Não existe,Perfeito estado,Seca,Perfeito estado,Não existe,Não há placas,60.0,Dupla,Faixa seccionada,Não informado,2020,3,4,2,22.0
2020-03-04,22:20:00,SEM VÍTIMA,FINALIZADA,CASA AMARELA,RUA ARNOLDO MAGALHAES,Não informado,Não informado,CASA AMARELA,SUBURBIO,CHOQUE VEÍCULO PARADO,Não informado,1.0,1.0,0.0,0.0,0.0,0.0,0.0,0.0,1.0,0.0,0.0,Longo da via,Bom,Não existe,Ilegível,Seca,Mal conservada,Não existe,Não há placas,20.0,Dupla,Não existe,Não informado,2020,3,4,2,22.0
2020-03-04,22:27:00,COM VÍTIMA,FINALIZADA,AFOGADOS,RUA SAO MIGUEL,RUA JACIRA,E/F AO DEPATRI,AFOGADOS,SUBURBIO,ABALROAMENTO LONGITUDINAL,AUTO X MOTO. C/V,1.0,1.0,0.0,0.0,0.0,0.0,0.0,0.0,0.0,1.0,0.0,Cruzamento,Bom,Sem defeito,Perfeito estado,Seca,Perfeito estado,Faixa de pedestre,Não informado,60.0,Dupla,Faixa seccionada,Não informado,2020,3,4,2,22.0
2020-03-05,04:51:00,SEM VÍTIMA,FINALIZADA,BOA VIAGEM,RUA BRUNO VELOSO,AV CONSELHEIRO AGUIAR,DROGASIL,BOA VIAGEM,SUBURBIO,COLISÃO TRASEIRA,DUAS VT DO GTO,2.0,1.0,0.0,0.0,0.0,0.0,0.0,0.0,0.0,0.0,0.0,Longo da via,Bom,Sem defeito,Perfeito estado,Seca,Perfeito estado,Faixa de pedestre,Outras,60.0,Única,Faixa seccionada,Não informado,2020,3,5,3,4.0
2020-03-05,05:51:00,SEM VÍTIMA,FINALIZADA,IMBIRIBEIRA,RUA ARQUITETO LUIZ NUNES,RUA JULIO VERNE,APÓS A PONTE GILBERTO FREYRE,IMBIRIBEIRA,SUBURBIO,COLISÃO TRASEIRA,COLISÃO ENTRE DOIS AUTOS- S/V,2.0,1.0,0.0,0.0,0.0,0.0,0.0,0.0,0.0,0.0,0.0,Não informado,Bom,Não existe,Incompleta,Seca,Perfeito estado,Não existe,Outras,40.0,Única,Faixa seccionada,Não informado,2020,3,5,3,5.0
2020-03-05,06:09:00,SEM VÍTIMA,CANCELADA,BOA VIAGEM,AV ENGENHEIRO DOMINGOS FERREIRA,Não informado,EM FRENTE AO RESTAURANTE FAMILIA JULIANO,BOA VIAGEM,Não informado,COLISÃO,MOTO E CAMINHAO,1.0,1.0,0.0,0.0,0.0,0.0,1.0,0.0,0.0,0.0,0.0,Não informado,Não informado,Não informado,Não informado,Não informado,Não informado,Não informado,Não informado,60.0,Não informado,Não informado,Não informado,2020,3,5,3,6.0
2020-03-05,07:22:00,SEM VÍTIMA,FINALIZADA,IPUTINGA,RUA SAO MATEUS,RUA DR GASTAO DA SILVEIRA,Não informado,IPUTINGA,SUBURBIO,ABALROAMENTO LONGITUDINAL,COLISÃO SEM VITIMAS,1.0,1.0,0.0,0.0,0.0,0.0,0.0,0.0,0.0,0.0,0.0,Não informado,Bom,Não existe,Perfeito estado,Seca,Perfeito estado,Não existe,Outras,60.0,Dupla,Não existe,Não informado,2020,3,5,3,7.0
2020-03-05,07:44:00,SEM VÍTIMA,FINALIZADA,PINA,RUA MANOEL DE BRITO,Não informado,EM FRENTE FACULDADE IDE,PINA,CIDADE,COLISÃO TRASEIRA,DOIS AUTOS,2.0,1.0,0.0,0.0,0.0,0.0,0.0,0.0,0.0,0.0,0.0,Longo da via,Bom,Sem defeito,Perfeito estado,Seca,Perfeito estado,Agente,Não há placas,60.0,Única,Faixa seccionada,Não informado,2020,3,5,3,7.0
2020-03-05,08:13:00,SEM VÍTIMA,FINALIZADA,IPSEP,Não informado,AV RECIFE,POSTO DE GASOLINA SHELL,IPSEP,CIDADE,COLISÃO TRASEIRA,COLISÃO SEM VITIMAS GM CONCEIÇÃO QTH,1.0,1.0,0.0,0.0,0.0,1.0,0.0,0.0,0.0,0.0,0.0,Longo da via,Bom,Não existe,Perfeito estado,Seca,Perfeito estado,Não existe,Não informado,40.0,Única,Não existe,Não informado,2020,3,5,3,8.0
2020-03-05,08:22:00,SEM VÍTIMA,FINALIZADA,CORDEIRO,RUA SOUZA BANDEIRA,Não informado,COLEGIO LUBIENSKA,CORDEIRO,SUBURBIO,ABALROAMENTO LONGITUDINAL,COLISÃO SEM VITIMAS,2.0,1.0,0.0,0.0,0.0,0.0,0.0,0.0,0.0,0.0,0.0,Longo da via,Bom,Sem defeito,Perfeito estado,Seca,Perfeito estado,Não existe,Outras,60.0,Única,Faixa seccionada,Não informado,2020,3,5,3,8.0
2020-03-05,08:46:00,SEM VÍTIMA,FINALIZADA,AFOGADOS,RUA FRANCISCO SILVEIRA,RUA MOTOCOLOMBO,SERRALHARIA / AO LADO DO Nº 175,AFOGADOS,SUBURBIO,COLISÃO TRASEIRA,COLISAO S/ VITIMAS,1.0,1.0,0.0,0.0,0.0,0.0,1.0,0.0,0.0,0.0,0.0,Não informado,Bom,Não existe,Perfeito estado,Seca,Perfeito estado,Não existe,Não há placas,60.0,Dupla,Não existe,Não informado,2020,3,5,3,8.0
2020-03-05,09:14:00,COM VÍTIMA,FINALIZADA,BOA VISTA,RUA DR LEOPOLDO LINS,AV GOVERNADOR AGAMENON MAGALHAES,SOB O SEMÁFORO 078,BOA VISTA,SUBURBIO,ATROPELAMENTO,MOTOCICLETA E PEDESTRE,1.0,1.0,0.0,0.0,1.0,0.0,0.0,0.0,0.0,2.0,0.0,Cruzamento,Bom,Sem defeito,Perfeito estado,Seca,Perfeito estado,Faixa de pedestre,Não há placas,60.0,Dupla,Faixa seccionada,Não informado,2020,3,5,3,9.0
2020-03-05,09:26:00,SEM VÍTIMA,CANCELADA,ILHA DO RETIRO,PRC DA BANDEIRA,Não informado,EM FRENTE A PRAÇA DA BANDEIRA  E AO INSTITUTO DE BELEZA A2,ILHA DO RETIRO,Não informado,COLISÃO,COLISÃO SEM VITIMAS,2.0,1.0,0.0,0.0,0.0,0.0,0.0,0.0,0.0,0.0,0.0,Não informado,Não informado,Não informado,Não informado,Não informado,Não informado,Não informado,Não informado,60.0,Não informado,Não informado,Não informado,2020,3,5,3,9.0
2020-03-05,09:56:00,SEM VÍTIMA,FINALIZADA,DERBY,RUA HENRIQUE DIAS,Não informado,EM FRENTE AO COLEGIO DA POLICIA MILITAR,DERBY,CIDADE,ABALROAMENTO LONGITUDINAL,COLISÃO SEM VITIMAS,2.0,1.0,0.0,0.0,0.0,0.0,0.0,0.0,0.0,0.0,0.0,Longo da via,Bom,Não existe,Perfeito estado,Seca,Perfeito estado,Não existe,Não há placas,60.0,Única,Não existe,Não informado,2020,3,5,3,9.0
2020-03-05,10:11:00,SEM VÍTIMA,FINALIZADA,MADALENA,RUA REAL DA TORRE,RUA LOPES DE CARVALHO,Não informado,MADALENA,Não informado,ABALROAMENTO LONGITUDINAL,AUTO E CAMINHAO VT 03 SUB LUCIO NO QTH,1.0,1.0,0.0,0.0,0.0,0.0,1.0,0.0,0.0,0.0,0.0,Longo da via,Bom,Sem defeito,Perfeito estado,Seca,Perfeito estado,Não existe,Placas Pare,50.0,Única,Faixa seccionada,Não informado,2020,3,5,3,10.0
2020-03-05,10:30:00,SEM VÍTIMA,FINALIZADA,IMBIRIBEIRA,RUA ITALIA,Não informado,AR FRIO CENTRO AUTOMOTIVO,IMBIRIBEIRA,Não informado,ABALROAMENTO LONGITUDINAL,DOIS AUTOS,2.0,1.0,0.0,0.0,0.0,0.0,0.0,0.0,0.0,0.0,0.0,Longo da via,Bom,Não existe,Incompleta,Seca,Perfeito estado,Não existe,Não há placas,30.0,Dupla,Não existe,Não informado,2020,3,5,3,10.0
2020-03-05,10:44:00,COM VÍTIMA,FINALIZADA,DERBY,AV GOVERNADOR AGAMENON MAGALHAES,PRC DO DERBY,EM FRENTE AO BANCO BRADESCO- VIA LOCAL,DERBY,SUBURBIO,ABALROAMENTO LONGITUDINAL,MOTO E AUTO C/V,1.0,1.0,0.0,0.0,0.0,0.0,0.0,0.0,0.0,1.0,0.0,Longo da via,Bom,Não existe,Perfeito estado,Seca,Perfeito estado,Não existe,Outras,60.0,Dupla,Canteiro central,Não informado,2020,3,5,3,10.0
2020-03-05,11:35:00,COM VÍTIMA,FINALIZADA,ILHA JOANA BEZERRA,AV DES GUERRA BARRETO,Não informado,AO LADO DO FORUM RODOLFO AURELIANO,ILHA JOANA BEZERRA,CIDADE,ATROPELAMENTO,DOIS AUTOS E PEDESTRE,2.0,1.0,0.0,0.0,1.0,0.0,0.0,0.0,0.0,1.0,0.0,Longo da via,Bom,Sem defeito,Perfeito estado,Seca,Perfeito estado,Faixa de pedestre,Não há placas,60.0,Dupla,Faixa contínua,Não informado,2020,3,5,3,11.0
2020-03-05,11:52:00,COM VÍTIMA,FINALIZADA,IPUTINGA,AV CAXANGA,Não informado,EM FRENTE A VISTORIA DO DETRAN,IPUTINGA,SUBURBIO,COLISÃO TRASEIRA,DUAS MOTOS E UM AUTO PASSEIO / GM ALMEIDA VELOSO P.O CAXANGA,1.0,2.0,0.0,0.0,0.0,0.0,0.0,0.0,0.0,3.0,0.0,Longo da via,Bom,Sem defeito,Perfeito estado,Seca,Perfeito estado,Agente,Não há placas,60.0,Dupla,Canteiro central,Não informado,2020,3,5,3,11.0
2020-03-05,12:17:00,SEM VÍTIMA,CANCELADA,BOA VIAGEM,AV BOA VIAGEM,Não informado,NO QUIOSQUE 51 NA ORLA,BOA VIAGEM,Não informado,COLISÃO,COLISAO ENTRE E AUTOS S MOTO S/V,1.0,1.0,0.0,0.0,0.0,0.0,0.0,0.0,0.0,0.0,0.0,Não informado,Não informado,Não informado,Não informado,Não informado,Não informado,Não informado,Não informado,60.0,Não informado,Não informado,Não informado,2020,3,5,3,12.0
2020-03-05,12:36:00,SEM VÍTIMA,FINALIZADA,BARRO,RUA ARACAGI,Não informado,PROXIMO A PRIMEIRA IGREJA BATISTA DE AREIAS,BARRO,SUBURBIO,CHOQUE OBJETO FIXO,VEÍCULO CHOCOU-SE COM MURO DE RESIDENCIA/ SEM VÍTIMA,1.0,1.0,0.0,0.0,0.0,0.0,0.0,0.0,0.0,0.0,0.0,Longo da via,Bom,Não existe,Não existente,Seca,Perfeito estado,Não existe,Não há placas,60.0,Dupla,Não existe,Não informado,2020,3,5,3,12.0
2020-03-05,13:20:00,COM VÍTIMA,FINALIZADA,AREIAS,AV CAPITAO GREGORIO DE CALDAS,Não informado,E/F AO BIG BOMPREÇO S/T SUB,AREIAS,SUBURBIO,ABALROAMENTO TRANSVERSAL,COLISAO ENTRE AUTO E MOTO S/V,1.0,1.0,0.0,0.0,0.0,0.0,0.0,0.0,0.0,1.0,0.0,Longo da via,Bom,Não existe,Perfeito estado,Seca,Perfeito estado,Não existe,Não há placas,60.0,Dupla,Canteiro central,Não informado,2020,3,5,3,13.0
2020-03-05,13:46:00,SEM VÍTIMA,CANCELADA,MADALENA,AV JOSE GONCALVES DE MEDEIROS,Não informado,PORTO SEGURO/ EXTRA DA MADALENA,MADALENA,Não informado,COLISÃO,COLISAO S/ VITIMA ENTRE MOTO E VEICULO,1.0,1.0,0.0,0.0,0.0,0.0,0.0,0.0,0.0,0.0,0.0,Não informado,Não informado,Não informado,Não informado,Não informado,Não informado,Não informado,Não informado,60.0,Não informado,Não informado,Não informado,2020,3,5,3,13.0
2020-03-05,14:12:00,SEM VÍTIMA,FINALIZADA,CASA FORTE,RUA LEONARDO BEZERRA CAVALCANTE,Não informado,Não informado,CASA FORTE,Não informado,COLISÃO TRASEIRA,COLISÃO SEM VÍTIMA,2.0,1.0,0.0,0.0,0.0,0.0,0.0,0.0,0.0,0.0,0.0,Longo da via,Bom,Não existe,Perfeito estado,Seca,Perfeito estado,Não existe,Não há placas,60.0,Dupla,Faixa contínua,Não informado,2020,3,5,3,14.0
2020-03-05,14:27:00,COM VÍTIMA,FINALIZADA,ENCRUZILHADA,RUA AMARO COUTINHO,RUA PROFESSOR OTAVIO DE FREITAS,Não informado,ENCRUZILHADA,SUBURBIO,ABALROAMENTO TRANSVERSAL,COLISÃO COM VÍTIMA,1.0,1.0,0.0,0.0,0.0,0.0,0.0,0.0,0.0,1.0,0.0,Cruzamento,Bom,Não existe,Incompleta,Seca,Perfeito estado,Não existe,Não há placas,30.0,Dupla,Não existe,Não informado,2020,3,5,3,14.0
2020-03-05,14:51:00,SEM VÍTIMA,FINALIZADA,BOA VISTA,AV CONDE DA BOA VISTA,Não informado,EM FRENTE AO Nº 1573,BOA VISTA,CIDADE,ABALROAMENTO LONGITUDINAL,COLISAO ENTRE ONIBUS E AUTOS S/V,1.0,1.0,0.0,0.0,0.0,1.0,0.0,0.0,0.0,0.0,0.0,Longo da via,Bom,Não existe,Perfeito estado,Seca,Não informado,Não existe,R-6a,40.0,Dupla,Faixa contínua,Não informado,2020,3,5,3,14.0
2020-03-05,15:09:00,SEM VÍTIMA,FINALIZADA,PAISSANDU,RUA VIS DO LIVRAMENTO,Não informado,CENTRO MÉDICO,PAISSANDU,CIDADE,ABALROAMENTO LONGITUDINAL,Não informado,2.0,1.0,0.0,0.0,0.0,0.0,0.0,0.0,0.0,0.0,0.0,Longo da via,Bom,Não existe,Perfeito estado,Seca,Perfeito estado,Não existe,Outras,60.0,Dupla,Não existe,Não informado,2020,3,5,3,15.0
2020-03-05,15:20:00,COM VÍTIMA,FINALIZADA,BOA VISTA,RUA DO HOSPICIO,Não informado,EM FRENTE A CÂMARA DOS VEREADORES,BOA VISTA,Não informado,COLISÃO,COLISÃO COM VÍTIMA,1.0,1.0,0.0,0.0,0.0,0.0,0.0,0.0,0.0,1.0,0.0,Não informado,Não informado,Não informado,Não informado,Não informado,Não informado,Não informado,Não informado,60.0,Não informado,Não informado,Não informado,2020,3,5,3,15.0
2020-03-05,15:28:00,SEM VÍTIMA,FINALIZADA,BOA VISTA,RUA DO HOSPICIO,RUA PRINCESA IZABEL,EM FRENTE A CÂMARA MUNICIPAL DO RECIFE,BOA VISTA,CIDADE,ABALROAMENTO LONGITUDINAL,COLISÃO COM VÍTIMA,1.0,1.0,0.0,0.0,0.0,0.0,0.0,0.0,0.0,0.0,0.0,Longo da via,Bom,Sem defeito,Perfeito estado,Seca,Perfeito estado,Agente,Outras,60.0,Dupla,Faixa contínua,Não informado,2020,3,5,3,15.0
2020-03-05,15:45:00,SEM VÍTIMA,FINALIZADA,IMBIRIBEIRA,AV MARECHAL MASCARENHAS DE MORAES,Não informado,EM FRENTE AO BRADESCO,IMBIRIBEIRA,SUBURBIO,ABALROAMENTO LONGITUDINAL,Não informado,2.0,1.0,0.0,0.0,0.0,0.0,0.0,0.0,0.0,0.0,0.0,Longo da via,Bom,Sem defeito,Perfeito estado,Seca,Perfeito estado,Faixa de pedestre,Outras,60.0,Dupla,Faixa contínua,Não informado,2020,3,5,3,15.0
2020-03-05,15:57:00,SEM VÍTIMA,FINALIZADA,ENCRUZILHADA,RUA CASTRO ALVES,Não informado,LADO OPOSTO A AGÊNCIA DA CAIXA ECONÔMICA FEDERAL,ENCRUZILHADA,SUBURBIO,COLISÃO TRASEIRA,COLISAO ENTRE ONIBUS E AUTOS S/V,1.0,1.0,0.0,0.0,0.0,1.0,0.0,0.0,0.0,0.0,0.0,Longo da via,Bom,Não existe,Perfeito estado,Seca,Perfeito estado,Não existe,R-6a,60.0,Única,Faixa seccionada,Não informado,2020,3,5,3,15.0
2020-03-05,16:46:00,SEM VÍTIMA,FINALIZADA,BAIRRO DO RECIFE,CAIS DA ALFANDEGA,AV MARQUES DE OLINDA,AO LADO DA PONTE MAURICIO DE NASSAU,BAIRRO DO RECIFE,SUBURBIO,COLISÃO TRASEIRA,COLISAO ENTRE ONIBUS E AUTOS S/V,1.0,1.0,0.0,0.0,0.0,1.0,0.0,0.0,0.0,0.0,0.0,Cruzamento,Bom,Sem defeito,Perfeito estado,Seca,Perfeito estado,Faixa de pedestre,Outras,60.0,Única,Faixa seccionada,Não informado,2020,3,5,3,16.0
2020-03-05,17:08:00,SEM VÍTIMA,FINALIZADA,JOANA BEZERRA,PTE JOSE DE BARROS LIMA,Não informado,EM FRENTE A ACADEMIA DA CIDADE,JOANA BEZERRA,SUBURBIO,COLISÃO TRASEIRA,COLISAO ENTRE DOIS AUTOS SEM VITIMA,2.0,1.0,0.0,0.0,0.0,0.0,0.0,0.0,0.0,0.0,0.0,Ponte,Bom,Não existe,Perfeito estado,Seca,Perfeito estado,Não existe,Não há placas,60.0,Dupla,Faixa contínua,Não informado,2020,3,5,3,17.0
2020-03-05,17:29:00,SEM VÍTIMA,FINALIZADA,JARDIM SÃO PAULO,AV RECIFE,Não informado,AO LADO DO Nº 625,JARDIM SÃO PAULO,SUBURBIO,ABALROAMENTO LONGITUDINAL,COLISAO S/ VITIMA ENTRE UM ONIBUS E UM VEICULO,1.0,1.0,0.0,0.0,0.0,1.0,0.0,0.0,0.0,0.0,0.0,Longo da via,Bom,Não existe,Perfeito estado,Seca,Não informado,Não existe,Não há placas,60.0,Dupla,Faixa seccionada,Não informado,2020,3,5,3,17.0
2020-03-05,18:21:00,SEM VÍTIMA,CANCELADA,CASA FORTE,AV DEZESSETE DE AGOSTO,PRC RADIO JORNAL DO COMERCIO,PROX AO SHOPPING PLAZA E A PRC RADIO JORNAL DO COMERCIO,CASA FORTE,Não informado,COLISÃO,MOB X ONIX,2.0,1.0,0.0,0.0,0.0,0.0,0.0,0.0,0.0,0.0,0.0,Não informado,Não informado,Não informado,Não informado,Não informado,Não informado,Não informado,Não informado,60.0,Não informado,Não informado,Não informado,2020,3,5,3,18.0
2020-03-05,19:26:00,COM VÍTIMA,FINALIZADA,DOIS IRMÃOS,RUA DOIS IRMAOS,Não informado,E/F A REITORIA DA UFRPE,DOIS IRMÃOS,SUBURBIO,ABALROAMENTO LONGITUDINAL,ENTRE AUTO E MOTO. C/V,1.0,1.0,0.0,0.0,0.0,0.0,0.0,0.0,0.0,1.0,0.0,Cruzamento,Bom,Não existe,Perfeito estado,Seca,Perfeito estado,Não existe,Não há placas,60.0,Dupla,Faixa contínua,Não informado,2020,3,5,3,19.0
2020-03-05,20:18:00,SEM VÍTIMA,FINALIZADA,PASSARINHO,EST DE PASSARINHO,Não informado,Não informado,PASSARINHO,SUBURBIO,COLISÃO TRASEIRA,ENTRE 3 AUTOS. S/V,3.0,1.0,0.0,0.0,0.0,0.0,0.0,0.0,0.0,0.0,0.0,Longo da via,Bom,Não existe,Perfeito estado,Seca,Perfeito estado,Não informado,Não informado,60.0,Dupla,Faixa contínua,Não informado,2020,3,5,3,20.0
2020-03-05,20:42:00,SEM VÍTIMA,FINALIZADA,CAMPO GRANDE,RUA VOLUNTARIOS DA PATRIA,RUA MARQUES DE ABRANTES,Não informado,CAMPO GRANDE,CIDADE,ABALROAMENTO TRANSVERSAL,HONDA CIT X HB 20,2.0,1.0,0.0,0.0,0.0,0.0,0.0,0.0,0.0,0.0,0.0,Cruzamento,Bom,Não existe,Perfeito estado,Seca,Perfeito estado,Não existe,Placas Pare,60.0,Única,Não existe,Não informado,2020,3,5,3,20.0
2020-03-05,22:44:00,COM VÍTIMA,FINALIZADA,CASA AMARELA,EST DO ARRAIAL,RUA DA HARMONIA,PROX A IGREJA DA HARMONIA,CASA AMARELA,SUBURBIO,ABALROAMENTO LONGITUDINAL,HB 20 X MOTO,1.0,1.0,0.0,0.0,0.0,0.0,0.0,0.0,0.0,2.0,0.0,Cruzamento,Bom,Sem defeito,Perfeito estado,Seca,Perfeito estado,Não existe,Não há placas,60.0,Única,Faixa contínua,Não informado,2020,3,5,3,22.0
2020-03-06,02:02:00,SEM VÍTIMA,FINALIZADA,BOA VIAGEM,RUA RIBEIRO DE BRITO,RUA GENERAL AMERICANO FREIRE,POSTO BR,BOA VIAGEM,SUBURBIO,ABALROAMENTO LONGITUDINAL,COLISÃO ENTRE DOIS AUTOS S/V- APÓS O IMPACTO DA COLISÃO UM DOS AUTOS CHOCOU-SE EM UM POSTE,2.0,1.0,0.0,0.0,0.0,0.0,0.0,0.0,0.0,0.0,0.0,Cruzamento,Bom,Não existe,Perfeito estado,Seca,Perfeito estado,Não existe,Outras,60.0,Única,Faixa seccionada,Não informado,2020,3,6,4,2.0