data,hora,natureza_acidente,situacao,bairro,endereco,detalhe_endereco_acidente,complemento,bairro_cruzamento,sentido_via,tipo,descricao,auto,moto,ciclom,ciclista,pedestre,onibus,caminhao,viatura,outros,vitimas,vitimasfatais,acidente_verificado,tempo_clima,situacao_semaforo,sinalizacao,condicao_via,conservacao_via,ponto_controle,situacao_placa,velocidade_max_via,mao_direcao,divisao_via1,natureza,ano,mes,dia,dia_semana,hora_ocorrencia
2020-03-06,05:18:00,SEM VÍTIMA,CANCELADA,BOA VIAGEM,RUA FELICIANO JOSE DE FARIAS,Não informado,PRÓX AO MAR HOTEL,BOA VIAGEM,Não informado,COLISÃO,COLISÃO ENTRE DOIS AUTOS- S/V,2.0,1.0,0.0,0.0,0.0,0.0,0.0,0.0,0.0,0.0,0.0,Não informado,Não informado,Não informado,Não informado,Não informado,Não informado,Não informado,Não informado,60.0,Não informado,Não informado,Não informado,2020,3,6,4,5.0
2020-03-06,08:47:00,SEM VÍTIMA,FINALIZADA,BOA VISTA,RUA DOM BOSCO,AV MANOEL BORBA,PRÓXIMO A RÁDIO RECIFE,BOA VISTA,SUBURBIO,ABALROAMENTO LONGITUDINAL,DOIS AUTOS,2.0,1.0,0.0,0.0,0.0,0.0,0.0,0.0,0.0,0.0,0.0,Longo da via,Bom,Sem defeito,Perfeito estado,Seca,Perfeito estado,Faixa de pedestre,Outras,60.0,Dupla,Faixa contínua,Não informado,2020,3,6,4,8.0
2020-03-06,08:53:00,COM VÍTIMA,FINALIZADA,ARRUDA,AV BEBERIBE,Não informado,AO LADO DO LOJAO DO PETROLEO,ARRUDA,CIDADE,ABALROAMENTO TRANSVERSAL,COLISAO COM VITIMAS,1.0,1.0,0.0,0.0,0.0,0.0,0.0,0.0,0.0,1.0,0.0,Longo da via,Bom,Não existe,Perfeito estado,Seca,Perfeito estado,Não informado,Outras,60.0,Dupla,Faixa seccionada,Não informado,2020,3,6,4,8.0
2020-03-06,10:46:00,SEM VÍTIMA,FINALIZADA,Não informado,RUA ANTONIO CURADO,RUA MANUEL ALVES DEUSDARA,GUGA'S BURG,Não informado,Não informado,ABALROAMENTO TRANSVERSAL,COLISAO SEM VITIMAS,2.0,1.0,0.0,0.0,0.0,0.0,0.0,0.0,0.0,0.0,0.0,Cruzamento,Bom,Não existe,Perfeito estado,Seca,Perfeito estado,Não existe,Outras,60.0,Dupla,Não informado,Não informado,2020,3,6,4,10.0
2020-03-06,10:47:00,SEM VÍTIMA,CANCELADA,IBURA,RUA EXP FRANCISCO VITORIANO,Não informado,E/F A CIA BEBIDAS,IBURA,Não informado,COLISÃO,COLISÃO S/VITIMAS ENTRE DOIS AUTOS,2.0,1.0,0.0,0.0,0.0,0.0,0.0,0.0,0.0,0.0,0.0,Não informado,Não informado,Não informado,Não informado,Não informado,Não informado,Não informado,Não informado,60.0,Não informado,Não informado,Não informado,2020,3,6,4,10.0
2020-03-06,11:48:00,SEM VÍTIMA,CANCELADA,GUABIRABA,RUA SENHOR DO BONFIM,Não informado,PROX: A GARAGEM DA GLOBO,GUABIRABA,Não informado,COLISÃO,COLISAO S/ VITIMA ENTRE VEICULO CAMINHAO,1.0,1.0,0.0,0.0,0.0,0.0,1.0,0.0,0.0,0.0,0.0,Não informado,Não informado,Não informado,Não informado,Não informado,Não informado,Não informado,Não informado,60.0,Não informado,Não informado,Não informado,2020,3,6,4,11.0
2020-03-06,13:41:00,SEM VÍTIMA,CANCELADA,JARDIM SÃO PAULO,RUA DR GUSTAVO PINTO,Não informado,ARMAZEM DEPOSITO CONSTRUTO,JARDIM SÃO PAULO,Não informado,COLISÃO,COLISAO S/ VITIMA ENTRE CARRO E MOTO,1.0,1.0,0.0,0.0,0.0,0.0,0.0,0.0,0.0,0.0,0.0,Não informado,Não informado,Não informado,Não informado,Não informado,Não informado,Não informado,Não informado,60.0,Não informado,Não informado,Não informado,2020,3,6,4,13.0
2020-03-06,14:46:00,SEM VÍTIMA,FINALIZADA,BOA VIAGEM,AV MARECHAL JUAREZ TAVORA,RUA DEZ DE JULHO,Não informado,BOA VIAGEM,Não informado,ABALROAMENTO LONGITUDINAL,COLISAO ENTRE AUTO E MOTO S/V,1.0,1.0,0.0,0.0,0.0,0.0,0.0,0.0,0.0,0.0,0.0,Cruzamento,Bom,Sem defeito,Perfeito estado,Seca,Perfeito estado,Faixa de pedestre,R-4b,60.0,Única,Faixa seccionada,Não informado,2020,3,6,4,14.0
2020-03-06,15:17:00,SEM VÍTIMA,FINALIZADA,IBURA,AV RIO LARGO,Não informado,Não informado,IBURA,SUBURBIO,ABALROAMENTO LONGITUDINAL,COLISÃO SEM VÍTIMA,1.0,1.0,0.0,0.0,0.0,1.0,0.0,0.0,0.0,0.0,0.0,Não informado,Bom,Sem defeito,Perfeito estado,Seca,Perfeito estado,Não existe,Não informado,60.0,Dupla,Não existe,Não informado,2020,3,6,4,15.0
2020-03-06,16:11:00,SEM VÍTIMA,CANCELADA,CAXANGÁ,RUA RIBEIRO PESSOA,Não informado,EM FRENTE A UPA DA CAXANGA,CAXANGÁ,Não informado,COLISÃO,COLISÃO SEM VÍTIMA,2.0,1.0,0.0,0.0,0.0,0.0,0.0,0.0,0.0,0.0,0.0,Não informado,Não informado,Não informado,Não informado,Não informado,Não informado,Não informado,Não informado,60.0,Não informado,Não informado,Não informado,2020,3,6,4,16.0
2020-03-06,17:37:00,SEM VÍTIMA,FINALIZADA,CORDEIRO,AV ENGENHEIRO ABDIAS DE CARVALHO,AV GENERAL SAN MARTIN,COMPAZ,CORDEIRO,SUBURBIO,COLISÃO TRASEIRA,COLISÃO SEM VÍTIMA,2.0,1.0,0.0,0.0,0.0,0.0,0.0,0.0,0.0,0.0,0.0,Longo da via,Bom,Sem defeito,Perfeito estado,Seca,Perfeito estado,Não informado,Não informado,60.0,Dupla,Canteiro central,Não informado,2020,3,6,4,17.0
2020-03-06,18:09:00,SEM VÍTIMA,FINALIZADA,POÇO DA PANELA,RUA LUIZ GUIMARAES,RUA DOS ARCOS,PRÓXIMO AO BARCHEF,POÇO DA PANELA,CIDADE,ABALROAMENTO LONGITUDINAL,ENTRE 2 AUTOS. S/V,2.0,1.0,0.0,0.0,0.0,0.0,0.0,0.0,0.0,0.0,0.0,Longo da via,Bom,Não existe,Incompleta,Seca,Mal iluminada,Não existe,Não há placas,60.0,Dupla,Não existe,Não informado,2020,3,6,4,18.0
2020-03-06,19:08:00,SEM VÍTIMA,FINALIZADA,TAMARINEIRA,RUA GUIMARAES PEIXOTO,Não informado,TORRE DE LYON,TAMARINEIRA,SUBURBIO,CHOQUE VEÍCULO PARADO,VEICULO TRANSITANDO EM CONTRA-MAO COLIDIU COM 4 VEICULOS  OBS:: SUSPEITA DE EMBRIAGUEZ,4.0,1.0,0.0,0.0,0.0,0.0,0.0,0.0,0.0,0.0,0.0,Longo da via,Bom,Não existe,Incompleta,Seca,Perfeito estado,Não existe,Outras,20.0,Única,Não informado,Não informado,2020,3,6,4,19.0
2020-03-06,19:23:00,COM VÍTIMA,FINALIZADA,PARNAMIRIM,RUA DES GOIS CAVALCANTE,RUA MIZAEL MONTENEGRO,ESQUINA COM O PÃO DE AÇUCAR,PARNAMIRIM,SUBURBIO,ABALROAMENTO LONGITUDINAL,ENTRE AUTO E MOTO. C/V,1.0,1.0,0.0,0.0,0.0,0.0,0.0,0.0,0.0,2.0,0.0,Esquina,Bom,Não existe,Ilegível,Seca,Mal iluminada,Não existe,Não há placas,60.0,Única,Faixa seccionada,Não informado,2020,3,6,4,19.0
2020-03-06,20:22:00,SEM VÍTIMA,FINALIZADA,IPUTINGA,EST DO BARBALHO,RUA EDGAR D'AMORIM,Não informado,IPUTINGA,SUBURBIO,ABALROAMENTO LONGITUDINAL,ENTRE AUTO E MOTO. S/V,1.0,1.0,0.0,0.0,0.0,0.0,0.0,0.0,0.0,0.0,0.0,Não informado,Bom,Não existe,Ilegível,Seca,Mal iluminada,Não existe,Não há placas,60.0,Dupla,Não existe,Não informado,2020,3,6,4,20.0
2020-03-06,23:27:00,SEM VÍTIMA,FINALIZADA,DOIS UNIDOS,AV HILDEBRANDO DE VASCONCELOS,Não informado,Não informado,DOIS UNIDOS,SUBURBIO,COLISÃO TRASEIRA,ENTRE 2 AUTOS. S/V,2.0,1.0,0.0,0.0,0.0,0.0,0.0,0.0,0.0,0.0,0.0,Longo da via,Bom,Não existe,Não informado,Seca,Perfeito estado,Não existe,Não há placas,60.0,Dupla,Não existe,Não informado,2020,3,6,4,23.0
2020-03-07,03:41:00,COM VÍTIMA,FINALIZADA,ÁGUA FRIA,RUA DA REGENERACAO,RUA BOM CONSELHO,EM FRENTE AO SKINA DO CUPIM- AO LADO DO VERTICAL AUTOMOTIVO- PROX DO LÉO CHOPP,ÁGUA FRIA,Não informado,ABALROAMENTO LONGITUDINAL,COLISÃO ENTRE AUTO E MOTO C/V,1.0,1.0,0.0,0.0,0.0,0.0,0.0,0.0,0.0,1.0,0.0,Cruzamento,Bom,Não existe,Não existente,Seca,Perfeito estado,Não informado,Não há placas,30.0,Dupla,Não existe,Não informado,2020,3,7,5,3.0
2020-03-07,06:58:00,SEM VÍTIMA,FINALIZADA,MACAXEIRA,AV NORTE,Não informado,LADO OPOSTO AO Nº - DIGO APÓS PARQUE DA MACAXEIRA,MACAXEIRA,SUBURBIO,CHOQUE OBJETO FIXO,VEICULO CHOCOU-SE COM O CANTEIRO CENTRAL,1.0,1.0,0.0,0.0,0.0,0.0,0.0,0.0,0.0,0.0,0.0,Longo da via,Bom,Não existe,Perfeito estado,Seca,Perfeito estado,Não existe,R-6a,60.0,Única,Canteiro central,Não informado,2020,3,7,5,6.0
2020-03-07,07:16:00,SEM VÍTIMA,FINALIZADA,PINA,AV ENGENHEIRO DOMINGOS FERREIRA,Não informado,PRIMER BATERIA,PINA,SUBURBIO,COLISÃO TRASEIRA,COLISAO SEM VITIMAS,1.0,1.0,0.0,0.0,0.0,0.0,0.0,0.0,0.0,0.0,0.0,Longo da via,Bom,Sem defeito,Perfeito estado,Seca,Perfeito estado,Faixa de pedestre,R-6a,60.0,Única,Faixa contínua,Não informado,2020,3,7,5,7.0
2020-03-07,07:41:00,SEM VÍTIMA,FINALIZADA,IPUTINGA,AV CAXANGA,Não informado,EM FRENTE AO EXTRA SUPERMERCADO,IPUTINGA,SUBURBIO,COLISÃO TRASEIRA,DOIS AUTOS,2.0,1.0,0.0,0.0,0.0,0.0,0.0,0.0,0.0,0.0,0.0,Longo da via,Bom,Não existe,Perfeito estado,Seca,Perfeito estado,Outros,Não há placas,40.0,Única,Faixa seccionada,Não informado,2020,3,7,5,7.0
2020-03-07,07:44:00,SEM VÍTIMA,DUPLICIDADE,MACAXEIRA,AV NORTE,Não informado,PROXIMA A FABRICA DA AVENIDA NORTE,MACAXEIRA,Não informado,CHOQUE OBJETO FIXO,SEM VITIMAS GM FATIMA NO QTH,1.0,1.0,0.0,0.0,0.0,0.0,0.0,0.0,0.0,0.0,0.0,Não informado,Não informado,Não informado,Não informado,Não informado,Não informado,Não informado,Não informado,60.0,Não informado,Não informado,Não informado,2020,3,7,5,7.0
2020-03-07,09:09:00,SEM VÍTIMA,FINALIZADA,BOA VIAGEM,AV CONSELHEIRO AGUIAR,Não informado,DIPLOMATA DELICATESSEN,BOA VIAGEM,CIDADE,ABALROAMENTO LONGITUDINAL,DOIS AUTOS,2.0,1.0,0.0,0.0,0.0,0.0,0.0,0.0,0.0,0.0,0.0,Longo da via,Bom,Não existe,Perfeito estado,Seca,Perfeito estado,Não existe,Não há placas,60.0,Única,Faixa seccionada,Não informado,2020,3,7,5,9.0
2020-03-07,10:38:00,COM VÍTIMA,FINALIZADA,VÁRZEA,RUA VALE DO SIRIJI,Não informado,PROX A PRAÇA DA PIRIQUITA,VÁRZEA,SUBURBIO,COLISÃO FRONTAL,MOTO E AUTO,1.0,1.0,1.0,0.0,0.0,0.0,0.0,0.0,0.0,1.0,0.0,Longo da via,Bom,Não existe,Não existente,Seca,Perfeito estado,Não existe,Não há placas,60.0,Dupla,Não existe,Não informado,2020,3,7,5,10.0
2020-03-07,10:43:00,SEM VÍTIMA,FINALIZADA,SÍTIO DOS PINTOS,EST DOS PINTOS,Não informado,EM FRENTE AO Nº 04,SÍTIO DOS PINTOS,CIDADE,ABALROAMENTO LONGITUDINAL,Não informado,1.0,1.0,0.0,0.0,0.0,1.0,0.0,0.0,0.0,0.0,0.0,Longo da via,Bom,Não existe,Não existente,Seca,Perfeito estado,Não existe,Não há placas,60.0,Dupla,Não existe,Não informado,2020,3,7,5,10.0
2020-03-07,11:11:00,SEM VÍTIMA,FINALIZADA,IMBIRIBEIRA,AV MARECHAL MASCARENHAS DE MORAES,Não informado,EM FRENTE A UNIVERSIDADE UNIVERSO,IMBIRIBEIRA,CIDADE,COLISÃO TRASEIRA,VEÍCULO PEGA FOGO E BOMBEIROS NO LOCAL,1.0,1.0,0.0,0.0,0.0,1.0,0.0,0.0,0.0,0.0,0.0,Longo da via,Bom,Sem defeito,Perfeito estado,Seca,Perfeito estado,Faixa de pedestre,Não há placas,60.0,Única,Faixa seccionada,Não informado,2020,3,7,5,11.0
2020-03-07,11:32:00,SEM VÍTIMA,FINALIZADA,ARRUDA,AV BEBERIBE,Não informado,EM FRENTE AO ESTÁDIO JOSÉ DO REGO MACIEL,ARRUDA,SUBURBIO,COLISÃO TRASEIRA,ONIBUS E AUTO,1.0,1.0,0.0,0.0,0.0,1.0,0.0,0.0,0.0,0.0,0.0,Longo da via,Bom,Não existe,Perfeito estado,Seca,Perfeito estado,Não existe,Não há placas,60.0,Dupla,Faixa contínua,Não informado,2020,3,7,5,11.0
2020-03-07,11:34:00,SEM VÍTIMA,FINALIZADA,IBURA,RUA PINTOR AGENOR DE ALBUQUERQUE CESAR,Não informado,PRÓXIMO A GENESES GUARICA DIGITAL,IBURA,Não informado,COLISÃO FRONTAL,COLISÃO SEM VITIMAS,2.0,1.0,0.0,0.0,0.0,0.0,0.0,0.0,0.0,0.0,0.0,Longo da via,Bom,Sem defeito,Perfeito estado,Seca,Perfeito estado,Não existe,R-6a,30.0,Dupla,Faixa seccionada,Não informado,2020,3,7,5,11.0
2020-03-07,11:52:00,COM VÍTIMA,FINALIZADA,BOA VIAGEM,AV ENGENHEIRO DOMINGOS FERREIRA,Não informado,EM FRENTE AO EXTRA SUPERMERCADO,BOA VIAGEM,SUBURBIO,COLISÃO TRASEIRA,MOTO E AUTO,1.0,1.0,0.0,0.0,0.0,0.0,0.0,0.0,0.0,1.0,0.0,Longo da via,Bom,Não existe,Perfeito estado,Seca,Perfeito estado,Não existe,Não há placas,60.0,Única,Faixa seccionada,Não informado,2020,3,7,5,11.0
2020-03-07,12:08:00,SEM VÍTIMA,FINALIZADA,ENCRUZILHADA,AV JOAO DE BARROS,Não informado,EM FRENTE A AMERIEDS EXPRESS,ENCRUZILHADA,CIDADE,COLISÃO TRASEIRA,Não informado,2.0,1.0,0.0,0.0,0.0,0.0,0.0,0.0,0.0,0.0,0.0,Longo da via,Bom,Sem defeito,Perfeito estado,Seca,Perfeito estado,Faixa de pedestre,R-6a,60.0,Única,Faixa contínua,Não informado,2020,3,7,5,12.0
2020-03-07,13:58:00,SEM VÍTIMA,FINALIZADA,BOA VIAGEM,AV ENGENHEIRO DOMINGOS FERREIRA,RUA ARTUR MUNIZ,EM FRENTE AO EXTRA SUPERMERCADO,BOA VIAGEM,SUBURBIO,COLISÃO TRASEIRA,COLISÃO S/VITIMAS ENTRE DOIS AUTOS (V.T 26 NO QTH),2.0,1.0,0.0,0.0,0.0,0.0,0.0,0.0,0.0,0.0,0.0,Cruzamento,Bom,Sem defeito,Perfeito estado,Seca,Perfeito estado,Faixa de pedestre,Não há placas,60.0,Única,Faixa seccionada,Não informado,2020,3,7,5,13.0
2020-03-07,14:36:00,SEM VÍTIMA,FINALIZADA,SANTO ANTÔNIO,AV DANTAS BARRETO,Não informado,EM FRENTE CASA PIO - PISTA DA ESQUERDA,SANTO ANTÔNIO,Não informado,ABALROAMENTO LONGITUDINAL,COLISAO ENTRE ONIBUS E AUTOS S/V,1.0,1.0,0.0,0.0,0.0,1.0,0.0,0.0,0.0,0.0,0.0,Cruzamento,Bom,Sem defeito,Perfeito estado,Seca,Perfeito estado,Faixa de pedestre,R-6a,60.0,Única,Não informado,Não informado,2020,3,7,5,14.0
2020-03-07,15:23:00,SEM VÍTIMA,FINALIZADA,ILHA DO RETIRO,EST DOS REMEDIOS,Não informado,LADO DA BOB'S,ILHA DO RETIRO,SUBURBIO,ABALROAMENTO LONGITUDINAL,COLISÃO S/VITIMAS ENTRE DOIS AUTOS,2.0,1.0,0.0,0.0,0.0,0.0,0.0,0.0,0.0,0.0,0.0,Longo da via,Bom,Não existe,Perfeito estado,Seca,Perfeito estado,Não existe,Não informado,40.0,Dupla,Faixa contínua,Não informado,2020,3,7,5,15.0
2020-03-07,16:04:00,SEM VÍTIMA,FINALIZADA,CORDEIRO,AV CAXANGA,Não informado,AO LADO DA CAXANGÁ PISCINAS,CORDEIRO,SUBURBIO,COLISÃO TRASEIRA,COLISAO ENTRE DOIS AUTOS S/V,2.0,1.0,0.0,0.0,0.0,0.0,0.0,0.0,0.0,0.0,0.0,Longo da via,Bom,Não existe,Incompleta,Seca,Mal conservada,Não existe,R-6a,60.0,Dupla,Faixa contínua,Não informado,2020,3,7,5,16.0
2020-03-07,16:05:00,COM VÍTIMA,CANCELADA,CASA AMARELA,EST DAS UBAIAS-,Não informado,E/F A NOVA CASA,CASA AMARELA,Não informado,ATROPELAMENTO,MOTORISTA EVADIU-SE DO LOCAL PARA A RUA ESTRADA DO ENCANAENTO Nº1638 / EDF. SIRIGI / CASA AMARELA,1.0,1.0,0.0,0.0,1.0,0.0,0.0,0.0,0.0,1.0,0.0,Não informado,Não informado,Não informado,Não informado,Não informado,Não informado,Não informado,Não informado,60.0,Não informado,Não informado,Não informado,2020,3,7,5,16.0
2020-03-07,16:15:00,SEM VÍTIMA,FINALIZADA,ILHA JOANA BEZERRA,AV ADVOGADO JOSE PAULO CAVALCANTI,Não informado,AO LADO DO FÓRUM DA ILHA DE JOANA BEZERRA,ILHA JOANA BEZERRA,Não informado,COLISÃO TRASEIRA,COLISAO ENTRE DOIS AUTOS S/V,2.0,1.0,0.0,0.0,0.0,0.0,0.0,0.0,0.0,0.0,0.0,Cruzamento,Bom,Sem defeito,Incompleta,Seca,Perfeito estado,Faixa de retenção,R-6a,60.0,Dupla,Faixa contínua,Não informado,2020,3,7,5,16.0
2020-03-07,16:49:00,COM VÍTIMA,FINALIZADA,CASA FORTE,AV DEZESSETE DE AGOSTO,RUA DONA ADA VIEIRA,EDF CASA GRANDE,CASA FORTE,CIDADE,ABALROAMENTO LONGITUDINAL,COLISAO COM VITIMA ENTRE VEICULO E MOTO. VT 29 GCM: PAULO VANDERLEI E LEONARDO MESEIS,1.0,1.0,0.0,0.0,0.0,0.0,0.0,0.0,0.0,1.0,0.0,Longo da via,Bom,Não existe,Perfeito estado,Seca,Perfeito estado,Não existe,R-6a,60.0,Dupla,Faixa,Não informado,2020,3,7,5,16.0
2020-03-07,16:50:00,SEM VÍTIMA,FINALIZADA,ÁGUA FRIA,RUA DA REGENERACAO,Não informado,AO LADO DA BUDEGA PRIME,ÁGUA FRIA,Não informado,ABALROAMENTO LONGITUDINAL,COLISÃO S/VITIMAS ENTRE UM AUTO E CAMINHÃO,1.0,1.0,0.0,0.0,0.0,0.0,0.0,0.0,2.0,0.0,0.0,Longo da via,Bom,Não existe,Não informado,Seca,Perfeito estado,Não existe,Não há placas,60.0,Dupla,Não existe,Não informado,2020,3,7,5,16.0
2020-03-07,16:57:00,SEM VÍTIMA,FINALIZADA,BOA VIAGEM,AV BOA VIAGEM,RUA DR VICENTE GOMES,EDF. LUIZ DIAS LINS,BOA VIAGEM,Não informado,COLISÃO TRASEIRA,COLISAO S/ VITIMA ENTRE DOIS VEICULOS. VT 07 BARRETO- ALDILON E GERLANE. NO LOCAL,2.0,1.0,0.0,0.0,0.0,0.0,0.0,0.0,0.0,0.0,0.0,Longo da via,Bom,Sem defeito,Perfeito estado,Seca,Perfeito estado,Faixa de pedestre,Não há placas,60.0,Única,Faixa seccionada,Não informado,2020,3,7,5,16.0
2020-03-07,17:12:00,SEM VÍTIMA,FINALIZADA,AFOGADOS,RUA SAO MIGUEL,RUA BEZERRA DA PALMA,JUNTO AO QUARTEL DO EXERCITO 14º BATALHÃO LOGISTICO,AFOGADOS,SUBURBIO,COLISÃO,VEÍCULO VW/ GOL COM AVARIAS SEM CONDIÇÕES DE REMOÇÃO- CONDUTOR AUSENTE,1.0,1.0,0.0,0.0,0.0,0.0,0.0,0.0,0.0,0.0,0.0,Não informado,Não informado,Não informado,Não informado,Não informado,Não informado,Não informado,Não informado,60.0,Não informado,Não informado,Não informado,2020,3,7,5,17.0
2020-03-07,18:31:00,SEM VÍTIMA,FINALIZADA,MADALENA,EST DOS REMEDIOS,RUA BENFICA,Não informado,MADALENA,Não informado,ABALROAMENTO TRANSVERSAL,COLISAO SEM VITIMAS,1.0,1.0,0.0,0.0,0.0,1.0,0.0,0.0,0.0,0.0,0.0,Cruzamento,Bom,Sem defeito,Perfeito estado,Seca,Perfeito estado,Faixa de pedestre,R-25d,60.0,Única,Faixa contínua,Não informado,2020,3,7,5,18.0
2020-03-07,19:16:00,SEM VÍTIMA,CANCELADA,ESTÂNCIA,AV RECIFE,Não informado,E/F A ANTIGA ROYALL E POSTO SHELL / APÓS O MACKRO,ESTÂNCIA,Não informado,COLISÃO,ENTRE 2 AUTOS. S/V,2.0,1.0,0.0,0.0,0.0,0.0,0.0,0.0,0.0,0.0,0.0,Não informado,Não informado,Não informado,Não informado,Não informado,Não informado,Não informado,Não informado,60.0,Não informado,Não informado,Não informado,2020,3,7,5,19.0
2020-03-07,20:14:00,SEM VÍTIMA,FINALIZADA,BOA VIAGEM,AV CONSELHEIRO AGUIAR,RUA FREI LEANDRO,EM FRENTE A GALERIA NORTE CENTER,BOA VIAGEM,CIDADE,ABALROAMENTO LONGITUDINAL,COLISAO SEM VITIMAS,1.0,1.0,0.0,0.0,0.0,0.0,0.0,0.0,0.0,0.0,0.0,Longo da via,Bom,Sem defeito,Perfeito estado,Seca,Perfeito estado,Faixa de pedestre,R-6a,60.0,Única,Faixa contínua,Não informado,2020,3,7,5,20.0
2020-03-07,22:14:00,SEM VÍTIMA,CANCELADA,AFOGADOS,LARGO DA PAZ,Não informado,PRÓX A IGREJA UNIVERSAL,AFOGADOS,Não informado,COLISÃO,ENTRE 2 AUTOS. S/V,2.0,1.0,0.0,0.0,0.0,0.0,0.0,0.0,0.0,0.0,0.0,Não informado,Não informado,Não informado,Não informado,Não informado,Não informado,Não informado,Não informado,60.0,Não informado,Não informado,Não informado,2020,3,7,5,22.0
2020-03-08,00:17:00,SEM VÍTIMA,FINALIZADA,IPSEP,AV RECIFE,Não informado,EM FRENTE AO POSTO FEDERAL,IPSEP,CIDADE,CHOQUE OBJETO FIXO,VEÍCULO CHOCOU-SE CONTRA UM POSTE.,1.0,1.0,0.0,0.0,0.0,0.0,0.0,0.0,0.0,0.0,0.0,Longo da via,Bom,Não existe,Perfeito estado,Seca,Perfeito estado,Não existe,Não há placas,60.0,Dupla,Faixa seccionada,Não informado,2020,3,8,6,0.0
2020-03-08,00:28:00,SEM VÍTIMA,FINALIZADA,JARDIM SÃO PAULO,RUA NOSSA SENHORA DE FATIMA,Não informado,PRÓXIMO A PRAÇA JARDIM SÃO PAULO,JARDIM SÃO PAULO,CIDADE,COLISÃO TRASEIRA,COLISÃO ENTRE DOIS AUTOS- S/V,2.0,1.0,0.0,0.0,0.0,0.0,0.0,0.0,0.0,0.0,0.0,Longo da via,Bom,Não existe,Não existente,Seca,Perfeito estado,Não existe,Não há placas,60.0,Única,Não existe,Não informado,2020,3,8,6,0.0
2020-03-08,00:53:00,SEM VÍTIMA,FINALIZADA,GRAÇAS,AV RUI BARBOSA,RUA TENENTE ANTONIO JOAO,EM FRENTE AO COLÉGIO AGNES,GRAÇAS,CIDADE,CHOQUE OBJETO FIXO,VEÍCULO CHOCOU-SE CONTRA UM POSTE.,1.0,1.0,0.0,0.0,0.0,0.0,0.0,0.0,0.0,0.0,0.0,Longo da via,Bom,Não existe,Perfeito estado,Seca,Perfeito estado,Não existe,Não há placas,60.0,Única,Não existe,Não informado,2020,3,8,6,0.0
2020-03-08,05:27:00,COM VÍTIMA,FINALIZADA,BOA VIAGEM,AV CONSELHEIRO AGUIAR,RUA PADRE BERNADINO PESSOA,Não informado,BOA VIAGEM,CIDADE,ABALROAMENTO TRANSVERSAL,COLISÃO ENTRE DOIS AUTOS C/V,2.0,1.0,0.0,0.0,0.0,0.0,0.0,0.0,0.0,1.0,0.0,Cruzamento,Bom,Sem defeito,Perfeito estado,Seca,Perfeito estado,Faixa de pedestre,Não há placas,60.0,Única,Faixa seccionada,Não informado,2020,3,8,6,5.0
2020-03-08,08:50:00,SEM VÍTIMA,FINALIZADA,IMBIRIBEIRA,AV PRESIDENTE DUTRA,Não informado,EM FRENTE A TRÓPICOS ENGENHARIA,IMBIRIBEIRA,SUBURBIO,ABALROAMENTO LONGITUDINAL,COLISÃO S/VITIMAS ENTRE UM ONIBUS E UM AUTO,1.0,1.0,0.0,0.0,0.0,1.0,0.0,0.0,0.0,0.0,0.0,Não informado,Bom,Não informado,Perfeito estado,Seca,Perfeito estado,Não informado,Não informado,60.0,Dupla,Faixa contínua,Não informado,2020,3,8,6,8.0
2020-03-08,09:01:00,COM VÍTIMA,FINALIZADA,CAXANGÁ,AV CAXANGA,Não informado,EM BAIXO DO SEMAFORO 262,CAXANGÁ,CIDADE,COLISÃO TRASEIRA,COLISÃO COM VITIMA A ESPERA DO SAMU  CRISTIANO QTH,1.0,1.0,0.0,0.0,0.0,0.0,0.0,0.0,0.0,1.0,0.0,Longo da via,Bom,Sem defeito,Perfeito estado,Seca,Perfeito estado,Não informado,Não informado,60.0,Dupla,Faixa contínua,Não informado,2020,3,8,6,9.0
2020-03-08,10:53:00,SEM VÍTIMA,FINALIZADA,CAMPO GRANDE,RUA JERONIMO VILELA,RUA DR MACHADO,Não informado,CAMPO GRANDE,SUBURBIO,ABALROAMENTO TRANSVERSAL,COLISÃO SEM VITIMAS,2.0,1.0,0.0,0.0,0.0,0.0,0.0,0.0,0.0,0.0,0.0,Cruzamento,Bom,Sem defeito,Perfeito estado,Seca,Não informado,Faixa de pedestre,Não informado,60.0,Dupla,Faixa contínua,Não informado,2020,3,8,6,10.0
2020-03-08,10:58:00,SEM VÍTIMA,FINALIZADA,BOA VIAGEM,RUA DOS NAVEGANTES,RUA CORONEL BENEDITO CHAVES,AO LADO DO Nº 401,BOA VIAGEM,Não informado,ABALROAMENTO TRANSVERSAL,COLISÃO S/VITIMAS ENTRE DOIS AUTOS,2.0,1.0,0.0,0.0,0.0,0.0,0.0,0.0,0.0,0.0,0.0,Cruzamento,Bom,Não existe,Perfeito estado,Seca,Perfeito estado,Não existe,R-4a,60.0,Única,Não existe,Não informado,2020,3,8,6,10.0
2020-03-08,12:11:00,SEM VÍTIMA,FINALIZADA,CASA AMARELA,RUA PADRE LEMOS,Não informado,MAGAZINE LUIZA,CASA AMARELA,SUBURBIO,ABALROAMENTO TRANSVERSAL,COLISÃO SEM VÍTIMA,1.0,1.0,0.0,0.0,0.0,1.0,0.0,0.0,0.0,0.0,0.0,Longo da via,Bom,Não existe,Perfeito estado,Seca,Perfeito estado,Não existe,Outras,40.0,Dupla,Faixa seccionada,Não informado,2020,3,8,6,12.0
2020-03-08,12:42:00,SEM VÍTIMA,FINALIZADA,BOA VIAGEM,RUA GENERAL EDSON AMANCIO RAMALHO,RUA PEDRO PAES MENDONCA,Não informado,BOA VIAGEM,CIDADE,COLISÃO TRASEIRA,COLISÃO SEM VÍTIMA,3.0,1.0,0.0,0.0,0.0,0.0,0.0,0.0,0.0,0.0,0.0,Longo da via,Bom,Sem defeito,Perfeito estado,Seca,Perfeito estado,Faixa de pedestre,R-6a,60.0,Única,Faixa contínua,Não informado,2020,3,8,6,12.0