data,hora,natureza_acidente,situacao,bairro,endereco,detalhe_endereco_acidente,complemento,bairro_cruzamento,sentido_via,tipo,descricao,auto,moto,ciclom,ciclista,pedestre,onibus,caminhao,viatura,outros,vitimas,vitimasfatais,acidente_verificado,tempo_clima,situacao_semaforo,sinalizacao,condicao_via,conservacao_via,ponto_controle,situacao_placa,velocidade_max_via,mao_direcao,divisao_via1,natureza,ano,mes,dia,dia_semana,hora_ocorrencia
2020-03-08,13:04:00,COM VÍTIMA,FINALIZADA,MADALENA,RUA BENFICA,Não informado,EM FRENTE AO MUSEU DA ABOLIÇÃO,MADALENA,SUBURBIO,COLISÃO COM CICLISTA,COLISAO COM VITIMA ENTRE ONIBUS E BICICLETA,1.0,1.0,0.0,1.0,0.0,1.0,0.0,0.0,0.0,1.0,0.0,Longo da via,Bom,Sem defeito,Perfeito estado,Seca,Perfeito estado,Faixa de pedestre,R-26,40.0,Dupla,Faixa contínua,Não informado,2020,3,8,6,13.0
2020-03-08,13:18:00,SEM VÍTIMA,FINALIZADA,IPSEP,RUA JEAN EMILE FAVRE,RUA PADRE LIMA E SA,PRÓXIMO A PADARIA MUSTAPAN,IPSEP,CIDADE,ABALROAMENTO TRANSVERSAL,COLISÃO SEM VÍTIMA,2.0,1.0,0.0,0.0,0.0,0.0,0.0,0.0,0.0,0.0,0.0,Cruzamento,Bom,Não existe,Perfeito estado,Não informado,Não informado,Não informado,Placas Pare,60.0,Dupla,Faixa seccionada,Não informado,2020,3,8,6,13.0
2020-03-08,13:26:00,SEM VÍTIMA,FINALIZADA,ESTÂNCIA,AV RECIFE,RUA MAESTRO ALCIDES LEAO,AO LADO DO MOTEL ESTORIL,ESTÂNCIA,SUBURBIO,ABALROAMENTO LONGITUDINAL,COLISAO S/ VITIMA ENTRE DOIS VEICULOS,2.0,1.0,0.0,0.0,0.0,0.0,0.0,0.0,0.0,0.0,0.0,Longo da via,Bom,Não existe,Não informado,Seca,Não informado,Não existe,R-6a,60.0,Dupla,Canteiro central,Não informado,2020,3,8,6,13.0
2020-03-08,13:35:00,SEM VÍTIMA,CANCELADA,PINA,RUA ARQUITETO AUGUSTO REINALDO,Não informado,AO LADO DO ATACADO DA CONSTRUÇÃO,PINA,Não informado,COLISÃO,COLISÃO SEM VÍTIMA,2.0,1.0,0.0,0.0,0.0,0.0,0.0,0.0,0.0,0.0,0.0,Não informado,Não informado,Não informado,Não informado,Não informado,Não informado,Não informado,Não informado,60.0,Não informado,Não informado,Não informado,2020,3,8,6,13.0
2020-03-08,15:39:00,SEM VÍTIMA,FINALIZADA,BOA VISTA,AV LINS PETIT,Não informado,PRAÇA CHORA MENINO,BOA VISTA,CIDADE,COLISÃO TRASEIRA,COLISAO S/ VITIMA ENTRE DOIS VEICULOS,2.0,1.0,0.0,0.0,0.0,0.0,0.0,0.0,0.0,0.0,0.0,Longo da via,Bom,Não existe,Perfeito estado,Seca,Perfeito estado,Não existe,Outras,60.0,Única,Não existe,Não informado,2020,3,8,6,15.0
2020-03-08,16:39:00,SEM VÍTIMA,FINALIZADA,ENCRUZILHADA,AV JOAO DE BARROS,AV NORTE,Não informado,ENCRUZILHADA,CIDADE,ABALROAMENTO TRANSVERSAL,COLISÃO SEM VÍTIMA,2.0,1.0,0.0,0.0,0.0,0.0,0.0,0.0,0.0,0.0,0.0,Cruzamento,Bom,Sem defeito,Perfeito estado,Seca,Perfeito estado,Faixa de pedestre,Outras,60.0,Dupla,Canteiro central,Não informado,2020,3,8,6,16.0
2020-03-08,17:00:00,SEM VÍTIMA,CANCELADA,ÁGUA FRIA,RUA TAMBOARA,Não informado,LOJA DO BAIXINHO,ÁGUA FRIA,Não informado,COLISÃO,COLISAO S/ VITIMA. ENTRE MOTO E VEICULO,1.0,1.0,0.0,0.0,0.0,0.0,0.0,0.0,0.0,0.0,0.0,Não informado,Não informado,Não informado,Não informado,Não informado,Não informado,Não informado,Não informado,60.0,Não informado,Não informado,Não informado,2020,3,8,6,17.0
2020-03-08,17:11:00,COM VÍTIMA,FINALIZADA,AFOGADOS,RUA SAO MIGUEL,Não informado,BRANCO DO BRASIL,AFOGADOS,SUBURBIO,COLISÃO TRASEIRA,COLISAO COM VITIMA ENTRE MOTO E VEICULO,1.0,1.0,0.0,0.0,0.0,0.0,0.0,0.0,0.0,1.0,0.0,Longo da via,Bom,Não existe,Não informado,Não informado,Não informado,Não existe,Não informado,50.0,Dupla,Faixa contínua,Não informado,2020,3,8,6,17.0
2020-03-08,18:19:00,SEM VÍTIMA,CANCELADA,BOA VISTA,RUA JOAO FERNANDES VIEIRA,Não informado,PROX AO BOM PREÇO,BOA VISTA,Não informado,COLISÃO,COLISAO SEM VITIMAS,2.0,1.0,0.0,0.0,0.0,0.0,0.0,0.0,0.0,0.0,0.0,Não informado,Não informado,Não informado,Não informado,Não informado,Não informado,Não informado,Não informado,60.0,Não informado,Não informado,Não informado,2020,3,8,6,18.0
2020-03-08,19:39:00,COM VÍTIMA,FINALIZADA,AREIAS,AV RECIFE,Não informado,PROX AO MAKRO,AREIAS,BR 101,COLISÃO,COLISAO COM VITIMAS,1.0,1.0,0.0,0.0,0.0,1.0,0.0,0.0,0.0,1.0,0.0,Longo da via,Bom,Não existe,Perfeito estado,Seca,Perfeito estado,Não existe,Não há placas,60.0,Dupla,Canteiro central,Não informado,2020,3,8,6,19.0
2020-03-08,20:36:00,SEM VÍTIMA,CANCELADA,VÁRZEA,RUA BARAO DE CERRO LARGO,Não informado,PROX AO POSTO DE SAUDE COSME DAMIAO,VÁRZEA,Não informado,COLISÃO,COLISAO SEM VITIMAS,1.0,1.0,0.0,0.0,0.0,1.0,0.0,0.0,0.0,0.0,0.0,Não informado,Não informado,Não informado,Não informado,Não informado,Não informado,Não informado,Não informado,60.0,Não informado,Não informado,Não informado,2020,3,8,6,20.0
2020-03-08,20:51:00,COM VÍTIMA,FINALIZADA,ÁGUA FRIA,EST VELHA DE AGUA FRIA,Não informado,PROX AO DNOCS,ÁGUA FRIA,SUBURBIO,COLISÃO TRASEIRA,COLISAO COM VITIMAS,1.0,2.0,0.0,0.0,0.0,0.0,0.0,0.0,0.0,2.0,0.0,Cruzamento,Bom,Sem defeito,Perfeito estado,Seca,Perfeito estado,Faixa de pedestre,Não informado,60.0,Dupla,Canteiro central,Não informado,2020,3,8,6,20.0
2020-03-08,20:56:00,COM VÍTIMA,FINALIZADA,AREIAS,AV DR JOSE RUFINO,RUA JOSE NATARIO,ENF. AO POSTO SHELL E FARMACIA DROGASIL,AREIAS,Não informado,ABALROAMENTO TRANSVERSAL,ONIX X UNO MILLE    OBS: VT DA CTTU N:10 ESTA NO LOCAL,2.0,1.0,0.0,0.0,0.0,0.0,0.0,0.0,0.0,2.0,0.0,Cruzamento,Bom,Sem defeito,Perfeito estado,Seca,Perfeito estado,Faixa de pedestre,R-6a,40.0,Dupla,Faixa contínua,Não informado,2020,3,8,6,20.0
2020-03-08,21:24:00,COM VÍTIMA,FINALIZADA,IBURA,AV DOIS RIOS,RUA FERNANDO TOMAZ DA SILVA,EM FRENTE A FARMACIA INDEPENDENTE,IBURA,SUBURBIO,CAPOTAMENTO,COLISÃO SEGUIDO DE CAPOTAMENTO,6.0,1.0,0.0,0.0,0.0,0.0,0.0,0.0,0.0,1.0,0.0,Longo da via,Bom,Sem defeito,Perfeito estado,Seca,Perfeito estado,Faixa de pedestre,Outras,60.0,Dupla,Faixa contínua,Não informado,2020,3,8,6,21.0
2020-03-08,22:45:00,SEM VÍTIMA,FINALIZADA,BOA VIAGEM,RUA BARAO DE SOUZA LEAO,Não informado,Não informado,BOA VIAGEM,Não informado,ABALROAMENTO TRANSVERSAL,COLISAO SEM VITIMAS,2.0,1.0,0.0,0.0,0.0,0.0,0.0,0.0,0.0,0.0,0.0,Cruzamento,Bom,Sem defeito,Perfeito estado,Seca,Perfeito estado,Não informado,Não informado,60.0,Única,Não informado,Não informado,2020,3,8,6,22.0
2020-03-09,00:11:00,COM VÍTIMA,FINALIZADA,TORRÕES,AV ENGENHEIRO ABDIAS DE CARVALHO,Não informado,EM FRENTE A DROGARIA BONGI- AO LADO DA TECOMAT,TORRÕES,SUBURBIO,COLISÃO,COLISÃO ENTRE AUTO E MOTO C/V,1.0,1.0,0.0,0.0,0.0,0.0,0.0,0.0,0.0,2.0,0.0,Não informado,Não informado,Não informado,Não informado,Não informado,Não informado,Não informado,Não informado,60.0,Não informado,Não informado,Não informado,2020,3,9,0,0.0
2020-03-09,02:11:00,SEM VÍTIMA,FINALIZADA,VASCO DA GAMA,RUA DOIS DE FEVEREIRO,Não informado,Não informado,VASCO DA GAMA,SUBURBIO,CHOQUE VEÍCULO PARADO,COLISÃO ENTRE AUTO E CAMINHONETE S/V,1.0,1.0,0.0,0.0,0.0,0.0,1.0,0.0,0.0,0.0,0.0,Longo da via,Bom,Não existe,Não existente,Seca,Perfeito estado,Não existe,Não há placas,60.0,Dupla,Não existe,Não informado,2020,3,9,0,2.0
2020-03-09,06:46:00,SEM VÍTIMA,FINALIZADA,ESPINHEIRO,RUA DO ESPINHEIRO,Não informado,APÓS O POSTO IPIRANGA,ESPINHEIRO,SUBURBIO,ABALROAMENTO TRANSVERSAL,COLISÃO SEM VITIMAS,1.0,1.0,0.0,0.0,0.0,0.0,0.0,0.0,0.0,0.0,0.0,Longo da via,Não informado,Não existe,Perfeito estado,Seca,Perfeito estado,Não existe,R-6a,60.0,Única,Faixa seccionada,Não informado,2020,3,9,0,6.0
2020-03-09,07:18:00,SEM VÍTIMA,FINALIZADA,CABANGA,RUA BITURI,AV ENGENHEIRO JOSE ESTELITA,SECURITY CENTER DO BRASIL,CABANGA,CIDADE,ABALROAMENTO TRANSVERSAL,COLISÃO SEM VITIMAS,1.0,1.0,0.0,0.0,0.0,0.0,0.0,0.0,0.0,0.0,0.0,Cruzamento,Bom,Não existe,Incompleta,Seca,Perfeito estado,Não existe,Não informado,60.0,Única,Não informado,Não informado,2020,3,9,0,7.0
2020-03-09,07:38:00,SEM VÍTIMA,FINALIZADA,IMBIRIBEIRA,AV MARECHAL MASCARENHAS DE MORAES,Não informado,PROX AO AEROPORTO AO RESTAURANTE CASA CHINA,IMBIRIBEIRA,CIDADE,COLISÃO,COLISÃO SEM VITIMAS,2.0,1.0,0.0,0.0,0.0,0.0,0.0,0.0,0.0,0.0,0.0,Não informado,Não informado,Não informado,Não informado,Não informado,Não informado,Não informado,Não informado,60.0,Não informado,Não informado,Não informado,2020,3,9,0,7.0
2020-03-09,07:51:00,SEM VÍTIMA,CANCELADA,CORDEIRO,AV GENERAL SAN MARTIN,Não informado,PROX. A DR FRIOS SISTEMA DE REFRIGERAÇÃO,CORDEIRO,Não informado,COLISÃO,AUTO E MOTO,1.0,1.0,0.0,0.0,0.0,0.0,0.0,0.0,0.0,0.0,0.0,Não informado,Não informado,Não informado,Não informado,Não informado,Não informado,Não informado,Não informado,60.0,Não informado,Não informado,Não informado,2020,3,9,0,7.0
2020-03-09,07:56:00,SEM VÍTIMA,FINALIZADA,ILHA DO LEITE,AV GOVERNADOR AGAMENON MAGALHAES,Não informado,EM FRENTE AO EMPRESARIAL THOMAS EDISON,ILHA DO LEITE,CIDADE,ABALROAMENTO LONGITUDINAL,COLISÃO SEM VITIMAS  GM  BT ROCHA CRISPIM  QTH,1.0,1.0,0.0,0.0,0.0,1.0,0.0,0.0,0.0,0.0,0.0,Longo da via,Bom,Sem defeito,Perfeito estado,Seca,Perfeito estado,Faixa de pedestre,Outras,60.0,Única,Faixa seccionada,Não informado,2020,3,9,0,7.0
2020-03-09,08:09:00,SEM VÍTIMA,FINALIZADA,AREIAS,AV RECIFE,Não informado,LADO OPOSTO AO BIG BOMPREÇO,AREIAS,SUBURBIO,COLISÃO TRASEIRA,TRES AUTOS,3.0,1.0,0.0,0.0,0.0,0.0,0.0,0.0,0.0,0.0,0.0,Longo da via,Bom,Não existe,Perfeito estado,Seca,Perfeito estado,Não existe,Não há placas,60.0,Dupla,Faixa seccionada,Não informado,2020,3,9,0,8.0
2020-03-09,08:20:00,SEM VÍTIMA,CANCELADA,ESPINHEIRO,RUA SANTO ELIAS,RUA DO ESPINHEIRO,EM FRENTEC AO EDF ANDROS,ESPINHEIRO,Não informado,COLISÃO,Não informado,2.0,1.0,0.0,0.0,0.0,0.0,0.0,0.0,0.0,0.0,0.0,Não informado,Não informado,Não informado,Não informado,Não informado,Não informado,Não informado,Não informado,60.0,Não informado,Não informado,Não informado,2020,3,9,0,8.0
2020-03-09,08:33:00,SEM VÍTIMA,FINALIZADA,VÁRZEA,AV AFONSO OLINDENSE,Não informado,PARADA DE ÔNIBUS Nº 080257,VÁRZEA,Não informado,ABALROAMENTO LONGITUDINAL,VT 16 NO QTH / ONIBUS E AUTO PASSEIO,1.0,1.0,0.0,0.0,0.0,1.0,0.0,0.0,0.0,0.0,0.0,Longo da via,Bom,Não existe,Perfeito estado,Seca,Perfeito estado,Não existe,Outras,30.0,Dupla,Faixa contínua,Não informado,2020,3,9,0,8.0
2020-03-09,08:35:00,SEM VÍTIMA,FINALIZADA,ESPINHEIRO,AV JOAO DE BARROS,RUA DA HORA,Não informado,ESPINHEIRO,SUBURBIO,ABALROAMENTO LONGITUDINAL,ONIBUS E AUTO,1.0,1.0,0.0,0.0,0.0,1.0,0.0,0.0,0.0,0.0,0.0,Cruzamento,Bom,Sem defeito,Perfeito estado,Seca,Perfeito estado,Faixa de pedestre,R-6a,60.0,Única,Faixa seccionada,Não informado,2020,3,9,0,8.0
2020-03-09,09:15:00,SEM VÍTIMA,FINALIZADA,CORDEIRO,AV GENERAL SAN MARTIN,Não informado,ATACAREJO IDEAL,CORDEIRO,SUBURBIO,CHOQUE VEÍCULO PARADO,COLISÃO SEM VITIMAS,1.0,1.0,1.0,0.0,0.0,0.0,0.0,0.0,0.0,0.0,0.0,Longo da via,Bom,Sem defeito,Perfeito estado,Seca,Perfeito estado,Faixa de pedestre,R-6a,60.0,Dupla,Faixa contínua,Não informado,2020,3,9,0,9.0
2020-03-09,10:05:00,SEM VÍTIMA,FINALIZADA,SANTO AMARO,RUA FREI CASSIMIRO,RUA DO POMBAL,Não informado,SANTO AMARO,SUBURBIO,ABALROAMENTO TRANSVERSAL,COLISÃO SEM VITIMAS,2.0,1.0,0.0,0.0,0.0,0.0,0.0,0.0,0.0,0.0,0.0,Cruzamento,Bom,Não existe,Perfeito estado,Seca,Perfeito estado,Faixa de retenção,Placas Pare,60.0,Dupla,Canteiro central,Não informado,2020,3,9,0,10.0
2020-03-09,10:52:00,SEM VÍTIMA,FINALIZADA,PARNAMIRIM,RUA TITO ROSAS,Não informado,EDF. RESIDENCIAL DA TORRE,PARNAMIRIM,CIDADE,ABALROAMENTO LONGITUDINAL,COLISÃO S/VITIMAS ENTRE DOIS AUTOS E UMA MOTO,2.0,1.0,0.0,0.0,0.0,0.0,0.0,0.0,0.0,0.0,0.0,Longo da via,Bom,Não existe,Perfeito estado,Seca,Perfeito estado,Não existe,Não informado,60.0,Única,Faixa seccionada,Não informado,2020,3,9,0,10.0
2020-03-09,11:49:00,SEM VÍTIMA,FINALIZADA,Não informado,RUA PAISSANDU,Não informado,UNIMED RECIFE,Não informado,Não informado,ABALROAMENTO LONGITUDINAL,COLISÃO SEM VITIMAS,2.0,1.0,0.0,0.0,0.0,0.0,0.0,0.0,0.0,0.0,0.0,Longo da via,Bom,Não existe,Perfeito estado,Seca,Perfeito estado,Não existe,Não há placas,60.0,Única,Não existe,Não informado,2020,3,9,0,11.0
2020-03-09,11:55:00,SEM VÍTIMA,FINALIZADA,ESPINHEIRO,RUA DO ESPINHEIRO,AV JOAO DE BARROS,EMPRESARIAL PHOENIX,ESPINHEIRO,Não informado,ABALROAMENTO LONGITUDINAL,COLISÃO S/VITIMAS ENTRE E DOIS AUTOS,1.0,1.0,0.0,0.0,0.0,0.0,0.0,0.0,0.0,0.0,0.0,Longo da via,Bom,Sem defeito,Perfeito estado,Seca,Perfeito estado,Faixa de pedestre,R-6a,60.0,Única,Faixa contínua,Não informado,2020,3,9,0,11.0
2020-03-09,11:59:00,COM VÍTIMA,FINALIZADA,IPUTINGA,AV MAURICIO DE NASSAU,RUA DR JOSE ANASTACIO DA SILVA GUIMARAES,EM FRENTE AO PARQUE DO CAIARA,IPUTINGA,CIDADE,ABALROAMENTO LONGITUDINAL,MOTO E VT DA PM,1.0,1.0,0.0,0.0,0.0,0.0,0.0,1.0,0.0,2.0,0.0,Longo da via,Bom,Sem defeito,Incompleta,Seca,Perfeito estado,Não existe,Não há placas,60.0,Dupla,Não existe,Não informado,2020,3,9,0,11.0
2020-03-09,12:11:00,SEM VÍTIMA,FINALIZADA,CAMPO GRANDE,RUA ODORICO MENDES,Não informado,GGB ECO PEÇAS,CAMPO GRANDE,SUBURBIO,COLISÃO TRASEIRA,COLISAO S/ VITIMA ENTRE ONIBUS E MOTO,1.0,1.0,0.0,0.0,0.0,1.0,0.0,0.0,0.0,0.0,0.0,Longo da via,Bom,Não existe,Perfeito estado,Seca,Perfeito estado,Não existe,R-6a,60.0,Dupla,Faixa contínua,Não informado,2020,3,9,0,12.0
2020-03-09,12:11:00,SEM VÍTIMA,CANCELADA,BOA VISTA,AV MANOEL BORBA,Não informado,POR TRAS DO SHOPPING BOA VISTA,BOA VISTA,Não informado,COLISÃO,COLISAO ENTRE MOTO E AUTOS S/V,1.0,1.0,0.0,0.0,0.0,0.0,0.0,0.0,0.0,0.0,0.0,Não informado,Não informado,Não informado,Não informado,Não informado,Não informado,Não informado,Não informado,60.0,Não informado,Não informado,Não informado,2020,3,9,0,12.0
2020-03-09,13:15:00,SEM VÍTIMA,FINALIZADA,MADALENA,AV ENGENHEIRO ABDIAS DE CARVALHO,Não informado,EM FRENTE AO POSTO IPIRANGA ( AUTO POSTO EL SHADDAY),MADALENA,SUBURBIO,COLISÃO TRASEIRA,ENGAVETAMENTO S/ VITIMA ENTRE TRES VEICULOS. GCM: FABIO MONTERO E WILITON,2.0,1.0,0.0,0.0,0.0,0.0,0.0,0.0,1.0,0.0,0.0,Longo da via,Bom,Sem defeito,Perfeito estado,Seca,Perfeito estado,Agente,Não informado,60.0,Dupla,Faixa seccionada,Não informado,2020,3,9,0,13.0
2020-03-09,13:20:00,SEM VÍTIMA,FINALIZADA,ENCRUZILHADA,AV BEBERIBE,Não informado,AUTO ESCOLA NOVA YORK,ENCRUZILHADA,SUBURBIO,COLISÃO TRASEIRA,COLISAO ENTRE ONIBUS E AUTOS S/V,1.0,1.0,0.0,0.0,0.0,1.0,0.0,0.0,0.0,0.0,0.0,Longo da via,Bom,Sem defeito,Perfeito estado,Seca,Perfeito estado,Faixa de retenção,Outras,60.0,Dupla,Faixa contínua,Não informado,2020,3,9,0,13.0
2020-03-09,13:26:00,SEM VÍTIMA,FINALIZADA,DERBY,RUA PAISSANDU,AV GOVERNADOR AGAMENON MAGALHAES,Não informado,DERBY,CIDADE,ABALROAMENTO LONGITUDINAL,COLISÃO SEM VÍTIMA,2.0,1.0,0.0,0.0,0.0,0.0,0.0,0.0,0.0,0.0,0.0,Cruzamento,Bom,Sem defeito,Perfeito estado,Seca,Perfeito estado,Faixa de pedestre,Não informado,60.0,Dupla,Canteiro central,Não informado,2020,3,9,0,13.0
2020-03-09,13:45:00,SEM VÍTIMA,FINALIZADA,CASA AMARELA,RUA DA HARMONIA,Não informado,LADO OPOSTO AO NÚMERO 725,CASA AMARELA,CIDADE,ABALROAMENTO LONGITUDINAL,COLISAO ENTRE ONIBUS E AUTOS S/V,1.0,1.0,0.0,0.0,0.0,1.0,0.0,0.0,0.0,0.0,0.0,Longo da via,Bom,Sem defeito,Perfeito estado,Seca,Perfeito estado,Faixa de pedestre,R-6a,60.0,Dupla,Faixa seccionada,Não informado,2020,3,9,0,13.0
2020-03-09,13:52:00,SEM VÍTIMA,CANCELADA,CASA AMARELA,AV NORTE,Não informado,APOS A MATERNIDADE BARROS LIMA,CASA AMARELA,SUBURBIO/ CIDADE,COLISÃO,COLISAO S/ VITIMA ENTRE DOIS VEICULOS,2.0,1.0,0.0,0.0,0.0,0.0,0.0,0.0,0.0,0.0,0.0,Não informado,Não informado,Não informado,Não informado,Não informado,Não informado,Não informado,Não informado,60.0,Não informado,Não informado,Não informado,2020,3,9,0,13.0
2020-03-09,13:59:00,SEM VÍTIMA,CANCELADA,SANTO ANTÔNIO,RUA IMPERADOR PEDRO SEGUNDO,Não informado,E/F AO ARQUIVO PUBLICO,SANTO ANTÔNIO,Não informado,COLISÃO COM CICLISTA,VEICULO COLIDIU COM UM CICLISTA S/V,1.0,1.0,0.0,1.0,0.0,0.0,0.0,0.0,0.0,0.0,0.0,Não informado,Não informado,Não informado,Não informado,Não informado,Não informado,Não informado,Não informado,60.0,Não informado,Não informado,Não informado,2020,3,9,0,13.0
2020-03-09,14:43:00,SEM VÍTIMA,FINALIZADA,CAXANGÁ,AV CAXANGA,RUA DONA INES CORREA DE ARAUJO,LADO OPOSTO AO RESIDENCIAL CAXANGÁ,CAXANGÁ,SUBURBIO,COLISÃO TRASEIRA,COLISAO ENTRE DOIS AUTOS S/V,2.0,1.0,0.0,0.0,0.0,0.0,0.0,0.0,0.0,0.0,0.0,Cruzamento,Bom,Sem defeito,Perfeito estado,Seca,Perfeito estado,Faixa de pedestre,Outras,60.0,Dupla,Canteiro central,Não informado,2020,3,9,0,14.0
2020-03-09,14:48:00,COM VÍTIMA,FINALIZADA,BOA VISTA,AV CONDE DA BOA VISTA,RUA GONCALVES MAIA,EM FRENTE AO POSTO BR/ SENTIDO AGAMENON,BOA VISTA,SUBURBIO,ATROPELAMENTO,ATROPELAMENTO COM VÍTIMA,1.0,1.0,0.0,0.0,1.0,0.0,0.0,0.0,0.0,1.0,0.0,Longo da via,Bom,Sem defeito,Perfeito estado,Seca,Perfeito estado,Faixa de pedestre,Outras,60.0,Dupla,Canteiro central,Não informado,2020,3,9,0,14.0
2020-03-09,14:55:00,SEM VÍTIMA,FINALIZADA,ENCRUZILHADA,AV NORTE,Não informado,Não informado,ENCRUZILHADA,SUBURBIO,ABALROAMENTO LONGITUDINAL,Não informado,2.0,1.0,0.0,0.0,0.0,0.0,0.0,0.0,0.0,0.0,0.0,Longo da via,Bom,Sem defeito,Perfeito estado,Seca,Perfeito estado,Faixa de pedestre,R-6a,60.0,Única,Faixa seccionada,Não informado,2020,3,9,0,14.0
2020-03-09,15:17:00,SEM VÍTIMA,FINALIZADA,PRADO,AV ENGENHEIRO ABDIAS DE CARVALHO,Não informado,F S MOTO PEÇAS,PRADO,SUBURBIO,COLISÃO TRASEIRA,COLISÃO SEM VÍTIMA,2.0,1.0,0.0,0.0,0.0,0.0,0.0,0.0,0.0,0.0,0.0,Longo da via,Bom,Não existe,Perfeito estado,Seca,Perfeito estado,Não existe,Não há placas,60.0,Dupla,Canteiro central,Não informado,2020,3,9,0,15.0
2020-03-09,16:01:00,SEM VÍTIMA,FINALIZADA,AREIAS,AV DR JOSE RUFINO,Não informado,Não informado,AREIAS,SUBURBIO,ABALROAMENTO TRANSVERSAL,COLISÃO SEM VÍTIMA,1.0,1.0,0.0,0.0,0.0,1.0,0.0,0.0,0.0,0.0,0.0,Longo da via,Bom,Sem defeito,Perfeito estado,Seca,Perfeito estado,Outros,Outras,60.0,Dupla,Faixa contínua,Não informado,2020,3,9,0,16.0
2020-03-09,16:05:00,SEM VÍTIMA,FINALIZADA,ZUMBI,RUA GOMES TABORDA,RUA FRANCISCO VITA,Não informado,ZUMBI,SUBURBIO,ABALROAMENTO LONGITUDINAL,COLISAO S/ VITIMA. ENTRE CARRO E MOTO,1.0,1.0,0.0,0.0,0.0,0.0,0.0,0.0,0.0,0.0,0.0,Longo da via,Bom,Não existe,Perfeito estado,Seca,Perfeito estado,Não existe,Não há placas,60.0,Dupla,Faixa seccionada,Não informado,2020,3,9,0,16.0
2020-03-09,16:11:00,SEM VÍTIMA,FINALIZADA,PAISSANDU,RUA VIS DO LIVRAMENTO,RUA PAISSANDU,LADO OPOSTO AO HOSPITAL DO CAPIBARIBE,PAISSANDU,SUBURBIO,ABALROAMENTO LONGITUDINAL,COLISAO ENTRE DOIS AUTOS S/V,2.0,1.0,0.0,0.0,0.0,0.0,0.0,0.0,0.0,0.0,0.0,Longo da via,Bom,Não existe,Perfeito estado,Seca,Perfeito estado,Não existe,R-6a,60.0,Única,Não existe,Não informado,2020,3,9,0,16.0
2020-03-09,16:13:00,SEM VÍTIMA,FINALIZADA,BOA VIAGEM,AV BOA VIAGEM,Não informado,Não informado,BOA VIAGEM,CIDADE,ABALROAMENTO LONGITUDINAL,COLISÃO SEM VÍTIMA,2.0,1.0,0.0,0.0,0.0,0.0,0.0,0.0,0.0,0.0,0.0,Longo da via,Bom,Não existe,Perfeito estado,Seca,Perfeito estado,Agente,Não há placas,60.0,Única,Faixa seccionada,Não informado,2020,3,9,0,16.0
2020-03-09,16:22:00,SEM VÍTIMA,DUPLICIDADE,BOA VISTA,RUA PAISSANDU,Não informado,EM FRENTE AO HOSPITAL CAPIBARIBE,BOA VISTA,Não informado,COLISÃO,COLISAO S/ VITIMA ENTRE DOIS VEICULOS,2.0,1.0,0.0,0.0,0.0,0.0,0.0,0.0,0.0,0.0,0.0,Não informado,Não informado,Não informado,Não informado,Não informado,Não informado,Não informado,Não informado,60.0,Não informado,Não informado,Não informado,2020,3,9,0,16.0
2020-03-09,16:48:00,SEM VÍTIMA,FINALIZADA,IBURA,RUA NOVA PALMEIRA,Não informado,Não informado,IBURA,SUBURBIO,COLISÃO TRASEIRA,COLISÃO SEM VÍTIMA,2.0,1.0,0.0,0.0,0.0,0.0,0.0,0.0,0.0,0.0,0.0,Longo da via,Bom,Não existe,Não existente,Seca,Perfeito estado,Não existe,Não há placas,60.0,Dupla,Não existe,Não informado,2020,3,9,0,16.0
2020-03-09,16:56:00,SEM VÍTIMA,CANCELADA,BONGI,AV ENGENHEIRO ABDIAS DE CARVALHO,Não informado,E/F A FACULDADE ESTACIO S/T CID,BONGI,Não informado,COLISÃO,COLISAO ENTRE DOIS AUTOS S/V,2.0,1.0,0.0,0.0,0.0,0.0,0.0,0.0,0.0,0.0,0.0,Não informado,Não informado,Não informado,Não informado,Não informado,Não informado,Não informado,Não informado,60.0,Não informado,Não informado,Não informado,2020,3,9,0,16.0
2020-03-09,17:16:00,SEM VÍTIMA,FINALIZADA,GRAÇAS,RUA AMARO BEZERRA,RUA JOAQUIM NABUCO,EM FRENTE A GALERIA DERBY CENTER,GRAÇAS,SUBURBIO,ABALROAMENTO LONGITUDINAL,COLISÃO SEM VÍTIMA,1.0,1.0,0.0,0.0,0.0,1.0,0.0,0.0,0.0,0.0,0.0,Cruzamento,Bom,Sem defeito,Perfeito estado,Seca,Perfeito estado,Faixa de pedestre,R-4b,60.0,Única,Não existe,Não informado,2020,3,9,0,17.0
2020-03-09,17:16:00,SEM VÍTIMA,FINALIZADA,IPSEP,AV RECIFE,Não informado,CARLOS FILMS EQUIPADORA,IPSEP,Não informado,COLISÃO TRASEIRA,COLISAO S/ VITIMA ENTRE DOIS VEICULOS,2.0,1.0,0.0,0.0,0.0,0.0,0.0,0.0,0.0,0.0,0.0,Longo da via,Bom,Sem defeito,Perfeito estado,Seca,Perfeito estado,Faixa de pedestre,Outras,60.0,Dupla,Faixa contínua,Não informado,2020,3,9,0,17.0