data,hora,natureza_acidente,situacao,bairro,endereco,detalhe_endereco_acidente,complemento,bairro_cruzamento,sentido_via,tipo,descricao,auto,moto,ciclom,ciclista,pedestre,onibus,caminhao,viatura,outros,vitimas,vitimasfatais,acidente_verificado,tempo_clima,situacao_semaforo,sinalizacao,condicao_via,conservacao_via,ponto_controle,situacao_placa,velocidade_max_via,mao_direcao,divisao_via1,natureza,ano,mes,dia,dia_semana,hora_ocorrencia
2020-03-09,18:12:00,SEM VÍTIMA,FINALIZADA,IMBIRIBEIRA,AV MARECHAL MASCARENHAS DE MORAES,Não informado,SOBRE O VIADULTO TANCREDO NEVES,IMBIRIBEIRA,SUBURBIO,COLISÃO TRASEIRA,PRISMA X VOYAGE,2.0,1.0,0.0,0.0,0.0,0.0,0.0,0.0,0.0,0.0,0.0,Longo da via,Bom,Não existe,Perfeito estado,Seca,Perfeito estado,Agente,Não há placas,40.0,Única,Faixa seccionada,Não informado,2020,3,9,0,18.0
2020-03-09,18:28:00,SEM VÍTIMA,FINALIZADA,CAMPO GRANDE,EST DE BELEM,RUA JERONIMO VILELA,IGREJA EVANGELICA BRASILEIRA,CAMPO GRANDE,CIDADE,ABALROAMENTO LONGITUDINAL,CAMINHAO X GRAND SIENA,1.0,1.0,0.0,0.0,0.0,0.0,1.0,0.0,0.0,0.0,0.0,Longo da via,Bom,Sem defeito,Perfeito estado,Seca,Perfeito estado,Faixa de pedestre,Não há placas,60.0,Dupla,Faixa seccionada,Não informado,2020,3,9,0,18.0
2020-03-09,18:33:00,SEM VÍTIMA,FINALIZADA,Não informado,RUA MADRE DEUS,CAIS DA ALFANDEGA,ESTACIONAMENTO PAÇO ALFÂNDEGA,Não informado,SUBURBIO,ABALROAMENTO LONGITUDINAL,TAXI E CAMINHAO,1.0,1.0,0.0,0.0,0.0,0.0,1.0,0.0,0.0,0.0,0.0,Cruzamento,Bom,Sem defeito,Perfeito estado,Seca,Perfeito estado,Agente,Não há placas,60.0,Única,Faixa contínua,Não informado,2020,3,9,0,18.0
2020-03-09,18:35:00,COM VÍTIMA,FINALIZADA,IPSEP,RUA JEAN EMILE FAVRE,Não informado,PROX A FACULDADE BOA VIAGEM,IPSEP,CIDADE,ABALROAMENTO LONGITUDINAL,COLISAO COM VITIMAS,1.0,1.0,0.0,0.0,0.0,0.0,0.0,0.0,0.0,1.0,0.0,Longo da via,Bom,Não existe,Perfeito estado,Seca,Perfeito estado,Não existe,Outras,60.0,Dupla,Faixa contínua,Não informado,2020,3,9,0,18.0
2020-03-09,19:03:00,SEM VÍTIMA,CANCELADA,BOA VIAGEM,RUA SA E SOUZA,Não informado,ENF. AO EDF. MIRA MAR E PADARIA SANTA ROSA,BOA VIAGEM,Não informado,COLISÃO,HB 20 X PALIO,2.0,1.0,0.0,0.0,0.0,0.0,0.0,0.0,0.0,0.0,0.0,Não informado,Não informado,Não informado,Não informado,Não informado,Não informado,Não informado,Não informado,60.0,Não informado,Não informado,Não informado,2020,3,9,0,19.0
2020-03-09,19:08:00,SEM VÍTIMA,CANCELADA,BOA VIAGEM,RUA JOSE HIPOLITO CARDOSO,RUA GENERAL SALGADO,ENF. A BUDEGA DO RAFHA,BOA VIAGEM,Não informado,COLISÃO,ONIBUS BORBOREMA X PORSCHE,1.0,1.0,0.0,0.0,0.0,1.0,0.0,0.0,0.0,0.0,0.0,Não informado,Não informado,Não informado,Não informado,Não informado,Não informado,Não informado,Não informado,60.0,Não informado,Não informado,Não informado,2020,3,9,0,19.0
2020-03-09,19:14:00,SEM VÍTIMA,CANCELADA,BREJO DE BEBERIBE,RUA ALTO DO EUCALIPTO,Não informado,PROX ASSOCIAÇAO DOS MORADORES,BREJO DE BEBERIBE,Não informado,COLISÃO,DOIS AUTOS,2.0,1.0,0.0,0.0,0.0,0.0,0.0,0.0,0.0,0.0,0.0,Não informado,Não informado,Não informado,Não informado,Não informado,Não informado,Não informado,Não informado,60.0,Não informado,Não informado,Não informado,2020,3,9,0,19.0
2020-03-09,19:17:00,SEM VÍTIMA,FINALIZADA,PINA,AV ANTONIO DE GOES,Não informado,EM FRENTE AO EMPRESARIAL JCPM,PINA,CIDADE,ABALROAMENTO LONGITUDINAL,COLISAO DE DOIS AUTOS,2.0,1.0,0.0,0.0,0.0,0.0,0.0,0.0,0.0,0.0,0.0,Longo da via,Bom,Não existe,Perfeito estado,Seca,Perfeito estado,Não existe,Outras,60.0,Dupla,Faixa contínua,Não informado,2020,3,9,0,19.0
2020-03-09,19:43:00,COM VÍTIMA,CANCELADA,IPSEP,AV RECIFE,Não informado,PROX A FARMACIA PAGUEMENOS E MERCANTIL BATERIAS //SENTIDO CAXANGA,IPSEP,Não informado,COLISÃO,MOTO X HB 20,1.0,1.0,0.0,0.0,0.0,0.0,0.0,0.0,0.0,1.0,0.0,Não informado,Não informado,Não informado,Não informado,Não informado,Não informado,Não informado,Não informado,60.0,Não informado,Não informado,Não informado,2020,3,9,0,19.0
2020-03-09,19:57:00,SEM VÍTIMA,FINALIZADA,PINA,AV ENGENHEIRO DOMINGOS FERREIRA,Não informado,E/F ESCOLA MUNICIPAL OSWALDO LIMA FILHO,PINA,SUBURBIO,ABALROAMENTO LONGITUDINAL,ONIBUS BORBOREMA X AUTO,1.0,1.0,0.0,0.0,0.0,1.0,0.0,0.0,0.0,0.0,0.0,Longo da via,Bom,Sem defeito,Perfeito estado,Seca,Perfeito estado,Faixa de pedestre,Não informado,60.0,Única,Canteiro central,Não informado,2020,3,9,0,19.0
2020-03-09,20:01:00,COM VÍTIMA,FINALIZADA,DOIS UNIDOS,AV HILDEBRANDO DE VASCONCELOS,Não informado,E/F A FABRICA DA MINEVA,DOIS UNIDOS,SUBURBIO,ABALROAMENTO LONGITUDINAL,COLISAO COM VITIMAS,1.0,2.0,0.0,0.0,0.0,0.0,0.0,0.0,0.0,3.0,0.0,Longo da via,Bom,Não existe,Perfeito estado,Seca,Não informado,Não existe,Outras,60.0,Dupla,Não existe,Não informado,2020,3,9,0,20.0
2020-03-09,20:04:00,COM VÍTIMA,FINALIZADA,TORRE,RUA JOAO TUDE DE MELO,Não informado,SOBRE A PONTE DA TORRE SENTIDO DE CASA AMARELA,TORRE,SUBURBIO,COLISÃO TRASEIRA,MOTO X AUTO   OBS: VT DA CTTU 13 ESTA NO LOCAL,1.0,1.0,0.0,0.0,0.0,0.0,0.0,0.0,0.0,1.0,0.0,Viaduto,Bom,Não existe,Não existente,Seca,Perfeito estado,Não informado,Não há placas,60.0,Dupla,Canteiro central,Não informado,2020,3,9,0,20.0
2020-03-09,20:19:00,SEM VÍTIMA,FINALIZADA,GRAÇAS,RUA DEPUTADO PEDRO PIRES FERREIRA,Não informado,GALERIA JAQUEIRA PARK CENTER,GRAÇAS,SUBURBIO,COLISÃO TRASEIRA,HONDA FIT X ECOESPORT,2.0,1.0,0.0,0.0,0.0,0.0,0.0,0.0,0.0,0.0,0.0,Longo da via,Bom,Não existe,Perfeito estado,Seca,Perfeito estado,Não existe,Não há placas,60.0,Dupla,Não existe,Não informado,2020,3,9,0,20.0
2020-03-09,20:47:00,SEM VÍTIMA,CANCELADA,MADALENA,RUA DEMOCRITO DE SOUZA FILHO,RUA JOSE OSORIO,NO CRUZAMENTO MESMO,MADALENA,Não informado,COLISÃO,COLISAO S/ VITIMAS,2.0,1.0,0.0,0.0,0.0,0.0,0.0,0.0,0.0,0.0,0.0,Não informado,Não informado,Não informado,Não informado,Não informado,Não informado,Não informado,Não informado,60.0,Não informado,Não informado,Não informado,2020,3,9,0,20.0
2020-03-09,21:06:00,SEM VÍTIMA,FINALIZADA,TORRE,RUA SOUZA BANDEIRA,RUA TOMAZ GONZAGA,ESQUINA BAR DO LOURENÇO,TORRE,SUBURBIO,ABALROAMENTO TRANSVERSAL,GOL X SANDERO,2.0,1.0,0.0,0.0,0.0,0.0,0.0,0.0,0.0,0.0,0.0,Cruzamento,Bom,Com defeito,Perfeito estado,Seca,Perfeito estado,Faixa de pedestre,Não informado,60.0,Dupla,Faixa seccionada,Não informado,2020,3,9,0,21.0
2020-03-09,21:55:00,SEM VÍTIMA,FINALIZADA,SAN MARTIN,RUA JOSE VELOSO,RUA APULCRO DE ASSUNCAO,Não informado,SAN MARTIN,Não informado,ABALROAMENTO TRANSVERSAL,PRISMA X MARCH,2.0,1.0,0.0,0.0,0.0,0.0,0.0,0.0,0.0,0.0,0.0,Cruzamento,Bom,Não existe,Perfeito estado,Seca,Perfeito estado,Não existe,Não há placas,60.0,Dupla,Não existe,Não informado,2020,3,9,0,21.0
2020-03-10,06:48:00,SEM VÍTIMA,FINALIZADA,MADALENA,EST DOS REMEDIOS,Não informado,EM FRENTE A CONSUMA,MADALENA,Não informado,ABALROAMENTO TRANSVERSAL,COLISÃO SEM VITIMAS  GM FABIO QTH,2.0,1.0,0.0,0.0,0.0,0.0,0.0,0.0,0.0,0.0,0.0,Longo da via,Bom,Não existe,Perfeito estado,Seca,Perfeito estado,Agente,Placas Pare,60.0,Única,Faixa seccionada,Não informado,2020,3,10,1,6.0
2020-03-10,06:49:00,COM VÍTIMA,FINALIZADA,PINA,AV HERCULANO BANDEIRA,Não informado,Não informado,PINA,SUBURBIO,COLISÃO TRASEIRA,COLISÃO ENTRE AOUTO E MOTO COM 1 VÍTIMA,1.0,1.0,0.0,0.0,0.0,0.0,0.0,0.0,0.0,1.0,0.0,Longo da via,Bom,Sem defeito,Perfeito estado,Seca,Perfeito estado,Faixa de pedestre,Outras,60.0,Única,Faixa contínua,Não informado,2020,3,10,1,6.0
2020-03-10,06:57:00,SEM VÍTIMA,FINALIZADA,PRADO,AV ENGENHEIRO ABDIAS DE CARVALHO,Não informado,POSTO SHELL,PRADO,CIDADE,COLISÃO TRASEIRA,COLISAO SEM VITMAS ENTRE UMA MOTO E DOIS CARROS- GM FELIPE NO QTH,2.0,1.0,0.0,0.0,0.0,0.0,0.0,0.0,0.0,0.0,0.0,Longo da via,Bom,Não existe,Perfeito estado,Seca,Perfeito estado,Não existe,Não há placas,60.0,Única,Faixa seccionada,Não informado,2020,3,10,1,6.0
2020-03-10,06:59:00,COM VÍTIMA,FINALIZADA,CORDEIRO,RUA FRANCISCO CORTEZ,RUA WALFRIDO DE MEDEIROS,APOS O SUPERMERCADO IDEAL SEGUNDA A ESQ.,CORDEIRO,Não informado,ABALROAMENTO TRANSVERSAL,MOTO E AUTO C/V,1.0,1.0,0.0,0.0,0.0,0.0,0.0,0.0,0.0,1.0,0.0,Cruzamento,Bom,Não existe,Não informado,Seca,Não informado,Não existe,Não há placas,60.0,Dupla,Não existe,Não informado,2020,3,10,1,6.0
2020-03-10,07:21:00,SEM VÍTIMA,FINALIZADA,IPUTINGA,EST DO BARBALHO,Não informado,ANTONIA PLACAS,IPUTINGA,CIDADE,ABALROAMENTO TRANSVERSAL,DOIS AUTOS (SEGUNDO SUB. ANTEOGENES E JOSENILDO MELO UMA DAS PARTES PASSOU MAL ANTES DO OCORRIDO E SERÁ SOCORRIDA PELO SAMU- POREM O MESMO INF. QUE A OCORRENCIA SERÁ REGISTRADA COMO S/V).,1.0,1.0,0.0,0.0,0.0,1.0,0.0,0.0,0.0,0.0,0.0,Longo da via,Bom,Não existe,Perfeito estado,Seca,Perfeito estado,Não existe,Não há placas,40.0,Única,Não existe,Não informado,2020,3,10,1,7.0
2020-03-10,07:51:00,SEM VÍTIMA,FINALIZADA,PINA,PTE AGAMENON MAGALHAES,Não informado,E/F AO RESTAURANTE BARGAÇO,PINA,CIDADE,COLISÃO FRONTAL,COLISÃO S/VITIMAS ENTRE DOIS AUTOS,2.0,1.0,0.0,0.0,0.0,0.0,0.0,0.0,0.0,0.0,0.0,Ponte,Bom,Sem defeito,Perfeito estado,Seca,Perfeito estado,Não existe,Não há placas,60.0,Única,Faixa seccionada,Não informado,2020,3,10,1,7.0
2020-03-10,07:51:00,COM VÍTIMA,FINALIZADA,CAMPO GRANDE,EST DE BELEM,RUA PRUDENTE DE MORAES,CLINICA CENTRAL,CAMPO GRANDE,SUBURBIO,ATROPELAMENTO,COM VITIMAS,1.0,1.0,0.0,0.0,1.0,0.0,0.0,0.0,0.0,1.0,0.0,Cruzamento,Bom,Sem defeito,Perfeito estado,Seca,Perfeito estado,Faixa de pedestre,Outras,60.0,Dupla,Faixa contínua,Não informado,2020,3,10,1,7.0
2020-03-10,08:03:00,SEM VÍTIMA,FINALIZADA,CIDADE UNIVERSITÁRIA,RUA GENERAL POLIDORO,RUA MARECHAL MANOEL LUIS OSORIO,PETISCARIA 351,CIDADE UNIVERSITÁRIA,SUBURBIO,COLISÃO TRASEIRA,COLISÃO  SEM VITIMAS VT 14  QTH,1.0,1.0,0.0,0.0,0.0,1.0,0.0,0.0,0.0,0.0,0.0,Longo da via,Bom,Não existe,Perfeito estado,Seca,Perfeito estado,Não existe,Não informado,30.0,Dupla,Faixa contínua,Não informado,2020,3,10,1,8.0
2020-03-10,08:14:00,SEM VÍTIMA,FINALIZADA,VÁRZEA,AV CAXANGA,RUA GENERAL POLIDORO,EM FRENTE A FIAT ITALIANA,VÁRZEA,CIDADE,COLISÃO TRASEIRA,DOIS AUTOS PONTO FIXO GM´S FONTENELE E ALMEIDA VELOSO,2.0,1.0,0.0,0.0,0.0,0.0,0.0,0.0,0.0,0.0,0.0,Longo da via,Bom,Sem defeito,Ilegível,Seca,Perfeito estado,Faixa de pedestre,Não há placas,60.0,Dupla,Canteiro central,Não informado,2020,3,10,1,8.0
2020-03-10,08:05:00,SEM VÍTIMA,FINALIZADA,BOA VIAGEM,AV BOA VIAGEM,Não informado,Não informado,BOA VIAGEM,SUBURBIO,ABALROAMENTO LONGITUDINAL,COLISÃO S/VITIMAS ENTRE DOIS AUTOS,2.0,1.0,0.0,0.0,0.0,0.0,0.0,0.0,0.0,0.0,0.0,Longo da via,Bom,Sem defeito,Perfeito estado,Seca,Perfeito estado,Faixa de pedestre,Não há placas,60.0,Única,Faixa seccionada,Não informado,2020,3,10,1,8.0
2020-03-10,08:27:00,SEM VÍTIMA,FINALIZADA,MADALENA,RUA REAL DA TORRE,Não informado,BARTZ MÓVEIS PLANEJADOS,MADALENA,CIDADE,ABALROAMENTO LONGITUDINAL,DOIS AUTOS,2.0,1.0,0.0,0.0,0.0,0.0,0.0,0.0,0.0,0.0,0.0,Longo da via,Bom,Não existe,Perfeito estado,Seca,Perfeito estado,Não existe,Outras,60.0,Única,Faixa seccionada,Não informado,2020,3,10,1,8.0
2020-03-10,08:46:00,SEM VÍTIMA,FINALIZADA,IMBIRIBEIRA,RUA ENGENHEIRO BRANDAO CAVALCANTE,RUA GENERAL GOES MONTEIRO,Não informado,IMBIRIBEIRA,CIDADE,ABALROAMENTO LONGITUDINAL,COLISÃO S/VITIMAS ENTRE DOIS AUTOS,2.0,1.0,0.0,0.0,0.0,0.0,0.0,0.0,0.0,0.0,0.0,Cruzamento,Bom,Não existe,Perfeito estado,Seca,Perfeito estado,Não existe,Placas Pare,30.0,Dupla,Não existe,Não informado,2020,3,10,1,8.0
2020-03-10,09:16:00,SEM VÍTIMA,FINALIZADA,CABANGA,AV SATURNINO DE BRITO,Não informado,E/F A ESTAÇÃO DA COMPESA,CABANGA,Não informado,COLISÃO,COLISÃO S/VITIMAS ENTRE DOIS AUTOS,2.0,1.0,0.0,0.0,0.0,0.0,0.0,0.0,0.0,0.0,0.0,Não informado,Não informado,Não informado,Não informado,Não informado,Não informado,Não informado,Não informado,60.0,Não informado,Não informado,Não informado,2020,3,10,1,9.0
2020-03-10,09:17:00,SEM VÍTIMA,FINALIZADA,GRAÇAS,RUA AMELIA,RUA DR VICENTE MEIRA,GALETO AMÉLIA,GRAÇAS,SUBURBIO,ABALROAMENTO LONGITUDINAL,COLISÃO ENTRE DOIS AUTOS SEM VÍTIMAS,2.0,1.0,0.0,0.0,0.0,0.0,0.0,0.0,0.0,0.0,0.0,Longo da via,Bom,Não existe,Perfeito estado,Seca,Perfeito estado,Não existe,Outras,30.0,Única,Não existe,Não informado,2020,3,10,1,9.0
2020-03-10,09:21:00,SEM VÍTIMA,FINALIZADA,TORREÃO,RUA OTHON PARAISO,AV GOVERNADOR AGAMENON MAGALHAES,PRÉDIO LIMA FALCÃO E ADVOGADOS,TORREÃO,Não informado,ABALROAMENTO TRANSVERSAL,DOIS AUTOS,2.0,1.0,0.0,0.0,0.0,0.0,0.0,0.0,0.0,0.0,0.0,Cruzamento,Bom,Não existe,Perfeito estado,Seca,Não informado,Não existe,Placas Pare,60.0,Dupla,Canteiro central,Não informado,2020,3,10,1,9.0
2020-03-10,09:40:00,SEM VÍTIMA,FINALIZADA,IMBIRIBEIRA,RUA BARAO DE SOUZA LEAO,RUA WALDEMAR NERY CARNEIRO MONTEIRO,EM FRENTE AO BAITA BURGER,IMBIRIBEIRA,Não informado,ABALROAMENTO LONGITUDINAL,COLISÃO S/VITIMAS ENTRE DOIS AUTOS,2.0,1.0,0.0,0.0,0.0,0.0,0.0,0.0,0.0,0.0,0.0,Longo da via,Bom,Não existe,Perfeito estado,Seca,Perfeito estado,Não existe,Não há placas,60.0,Única,Faixa seccionada,Não informado,2020,3,10,1,9.0
2020-03-10,09:44:00,SEM VÍTIMA,CANCELADA,CORDEIRO,RUA PIERRE CURIE,RUA MAURICIO DE NASSAU,EM FRENTE AO POSTO DE  GASOLINA PETROCAL,CORDEIRO,Não informado,COLISÃO,COLISÃO SEM VITIMAS,1.0,1.0,0.0,0.0,0.0,0.0,0.0,0.0,0.0,0.0,0.0,Não informado,Não informado,Não informado,Não informado,Não informado,Não informado,Não informado,Não informado,60.0,Não informado,Não informado,Não informado,2020,3,10,1,9.0
2020-03-10,09:59:00,SEM VÍTIMA,FINALIZADA,AFLITOS,CAIS DO APOLO,Não informado,AO LADO DA PREFEITURA DO RECIFE,AFLITOS,SUBURBIO,ABALROAMENTO LONGITUDINAL,COLISÃO S/VITIMAS ENTRE DOIS AUTOS (GM PERÔNIMO E FREDERICO NO QTH),2.0,1.0,0.0,0.0,0.0,0.0,0.0,0.0,0.0,0.0,0.0,Longo da via,Bom,Não existe,Perfeito estado,Seca,Perfeito estado,Agente,R-6a,60.0,Dupla,Canteiro central,Não informado,2020,3,10,1,9.0
2020-03-10,10:52:00,SEM VÍTIMA,CANCELADA,AFOGADOS,RUA NAPOLEAO TEIXEIRA DE MACEDO,Não informado,RESIDENCIA  PROX O CDD DOS CORREIOS,AFOGADOS,Não informado,COLISÃO,COLISÃO SEM VITIMAS,1.0,1.0,0.0,0.0,0.0,0.0,1.0,0.0,0.0,0.0,0.0,Não informado,Não informado,Não informado,Não informado,Não informado,Não informado,Não informado,Não informado,60.0,Não informado,Não informado,Não informado,2020,3,10,1,10.0
2020-03-10,11:31:00,SEM VÍTIMA,FINALIZADA,BOA VIAGEM,AV DES JOSE NEVES,Não informado,EM FRENTE AO Nº 334,BOA VIAGEM,CIDADE,COLISÃO TRASEIRA,COLISÃO S/VITIMAS ENTRE DOIS AUTOS,2.0,1.0,0.0,0.0,0.0,0.0,0.0,0.0,0.0,0.0,0.0,Longo da via,Bom,Não existe,Perfeito estado,Seca,Perfeito estado,Faixa de pedestre,Não informado,50.0,Dupla,Faixa seccionada,Não informado,2020,3,10,1,11.0
2020-03-10,11:38:00,SEM VÍTIMA,FINALIZADA,TAMARINEIRA,RUA PADRE ROMA,RUA MIZAEL MONTENEGRO,Não informado,TAMARINEIRA,Não informado,ABALROAMENTO TRANSVERSAL,COLISÃO SEM VITIMAS,2.0,1.0,0.0,0.0,0.0,0.0,0.0,0.0,0.0,0.0,0.0,Longo da via,Bom,Não existe,Perfeito estado,Seca,Perfeito estado,Faixa de retenção,Placas Pare,30.0,Dupla,Faixa seccionada,Não informado,2020,3,10,1,11.0
2020-03-10,12:13:00,SEM VÍTIMA,FINALIZADA,BAIRRO DO RECIFE,CAIS DO APOLO,Não informado,EM FRENTE AO TRT,BAIRRO DO RECIFE,CIDADE,ABALROAMENTO LONGITUDINAL,COLISAO S/ VITIMA ENTRE DOIS VEICULOS.,2.0,1.0,0.0,0.0,0.0,0.0,0.0,0.0,0.0,0.0,0.0,Longo da via,Bom,Sem defeito,Perfeito estado,Seca,Perfeito estado,Não existe,Outras,60.0,Dupla,Canteiro central,Não informado,2020,3,10,1,12.0
2020-03-10,12:15:00,SEM VÍTIMA,CANCELADA,AFOGADOS,RUA SAO MIGUEL,Não informado,EM FRENTE AO POSTO DISLUB,AFOGADOS,Não informado,COLISÃO,COLISÃO SEM VÍTIMA,1.0,1.0,0.0,0.0,0.0,0.0,0.0,0.0,0.0,0.0,0.0,Não informado,Não informado,Não informado,Não informado,Não informado,Não informado,Não informado,Não informado,60.0,Não informado,Não informado,Não informado,2020,3,10,1,12.0
2020-03-10,13:29:00,SEM VÍTIMA,FINALIZADA,AFOGADOS,RUA IMPERIAL,Não informado,Não informado,AFOGADOS,SUBURBIO,ABALROAMENTO LONGITUDINAL,COLISAO ENTRE CAMINHAO E AUTO S/V,1.0,1.0,0.0,0.0,0.0,0.0,1.0,0.0,0.0,0.0,0.0,Longo da via,Bom,Sem defeito,Não informado,Seca,Não informado,Não existe,R-6a,60.0,Única,Não existe,Não informado,2020,3,10,1,13.0
2020-03-10,13:58:00,SEM VÍTIMA,FINALIZADA,CASA AMARELA,Não informado,RUA JAPARATUBA,PRÓXIMO MERCADO DO ÓLEO,CASA AMARELA,SUBURBIO,ABALROAMENTO LONGITUDINAL,COLISÃO SEM VÍTIMA,1.0,1.0,0.0,0.0,0.0,1.0,0.0,0.0,0.0,0.0,0.0,Não informado,Bom,Não existe,Perfeito estado,Seca,Perfeito estado,Não informado,Outras,60.0,Dupla,Blocos,Não informado,2020,3,10,1,13.0
2020-03-10,14:20:00,SEM VÍTIMA,FINALIZADA,ILHA DO LEITE,RUA FRANCISCO ALVES,Não informado,AO LADO DO SEBRE,ILHA DO LEITE,Não informado,ABALROAMENTO LONGITUDINAL,COLISAO S/VITIMA ENTRE DOIS VEICULOS,2.0,1.0,0.0,0.0,0.0,0.0,0.0,0.0,0.0,0.0,0.0,Longo da via,Bom,Não existe,Perfeito estado,Seca,Perfeito estado,Faixa de pedestre,Outras,60.0,Dupla,Canteiro central,Não informado,2020,3,10,1,14.0
2020-03-10,14:41:00,SEM VÍTIMA,FINALIZADA,BONGI,AV ENGENHEIRO ABDIAS DE CARVALHO,Não informado,PRAÇA DA CHESF,BONGI,CIDADE,COLISÃO TRASEIRA,COLISIAO ENTRE TRES AUTOS S/V,3.0,1.0,0.0,0.0,0.0,0.0,0.0,0.0,0.0,0.0,0.0,Longo da via,Bom,Sem defeito,Perfeito estado,Seca,Perfeito estado,Faixa de retenção,Não há placas,60.0,Dupla,Canteiro central,Não informado,2020,3,10,1,14.0
2020-03-10,15:05:00,COM VÍTIMA,FINALIZADA,ESPINHEIRO,RUA DO ESPINHEIRO,AV CONS ROSA E SILVA,HOSPITAL DO SERVIDOR,ESPINHEIRO,Não informado,ATROPELAMENTO,COLISAO COM VITIMA ENTRE MOTO E PEDESTRE. VT 13,1.0,1.0,0.0,0.0,1.0,0.0,0.0,0.0,0.0,1.0,0.0,Esquina,Bom,Não existe,Perfeito estado,Seca,Perfeito estado,Não existe,Não informado,60.0,Única,Faixa seccionada,Não informado,2020,3,10,1,15.0
2020-03-10,15:28:00,COM VÍTIMA,FINALIZADA,ÁGUA FRIA,RUA ALEGRE,RUA ZEFERINO AGRA,COLEGIO ALFREDO FREIRE,ÁGUA FRIA,SUBURBIO,ABALROAMENTO TRANSVERSAL,COLISAO COM VITIMA ENTRE MOTO E VEICULO,1.0,1.0,0.0,0.0,0.0,0.0,0.0,0.0,0.0,1.0,0.0,Cruzamento,Bom,Sem defeito,Perfeito estado,Seca,Perfeito estado,Faixa de pedestre,Placas Pare,40.0,Única,Não existe,Não informado,2020,3,10,1,15.0
2020-03-10,15:31:00,COM VÍTIMA,FINALIZADA,MADALENA,AV JOSE GONCALVES DE MEDEIROS,RUA COMENDADOR BENTO AGUIAR,PROXIMO A PAGUE MENOS,MADALENA,SUBURBIO,ABALROAMENTO LONGITUDINAL,COLISÃO COM VÍTIMA,1.0,1.0,0.0,0.0,0.0,0.0,0.0,0.0,0.0,1.0,0.0,Cruzamento,Bom,Não existe,Perfeito estado,Seca,Perfeito estado,Não existe,Não há placas,60.0,Dupla,Faixa contínua,Não informado,2020,3,10,1,15.0
2020-03-10,16:06:00,SEM VÍTIMA,FINALIZADA,MADALENA,AV VISCONDE DE ALBUQUERQUE,RUA LOPES DE CARVALHO,Não informado,MADALENA,SUBURBIO,ABALROAMENTO TRANSVERSAL,COLISÃO SEM VÍTIMA,2.0,1.0,0.0,0.0,0.0,0.0,0.0,0.0,0.0,0.0,0.0,Cruzamento,Bom,Não existe,Perfeito estado,Seca,Perfeito estado,Não existe,R-24a,60.0,Única,Faixa seccionada,Não informado,2020,3,10,1,16.0
2020-03-10,16:15:00,SEM VÍTIMA,FINALIZADA,PINA,AV HERCULANO BANDEIRA,Não informado,EM FRENTE AO ATACADO DA CONSTRUÇÃO,PINA,SUBURBIO,ABALROAMENTO LONGITUDINAL,COLISÃO SEM VÍTIMA,1.0,1.0,0.0,0.0,0.0,0.0,0.0,0.0,0.0,0.0,0.0,Longo da via,Bom,Sem defeito,Perfeito estado,Seca,Perfeito estado,Faixa de pedestre,Outras,60.0,Única,Faixa contínua,Não informado,2020,3,10,1,16.0
2020-03-10,16:16:00,COM VÍTIMA,FINALIZADA,ILHA DO LEITE,AV GOVERNADOR AGAMENON MAGALHAES,RUA PAISSANDU,HOSPITAL PORTUGUES,ILHA DO LEITE,SUBURBIO,ABALROAMENTO TRANSVERSAL,COLISAO COM VITIMA ENTRE AMBULANCIA E MOTO. GCM: MILE E JACSON ROBERTO. RESERVA 02,1.0,1.0,0.0,0.0,0.0,0.0,1.0,0.0,0.0,1.0,0.0,Cruzamento,Bom,Sem defeito,Perfeito estado,Seca,Perfeito estado,Faixa de pedestre,Outras,60.0,Única,Canteiro central,Não informado,2020,3,10,1,16.0
2020-03-10,17:19:00,SEM VÍTIMA,FINALIZADA,SANTO AMARO,AV GOVERNADOR AGAMENON MAGALHAES,Não informado,PRÓXIMO SEMÁFORO 378 - SENTIDO OLINDA,SANTO AMARO,SUBURBIO,COLISÃO TRASEIRA,COLISÃO SEM VÍTIMA,2.0,1.0,0.0,0.0,0.0,0.0,0.0,0.0,0.0,0.0,0.0,Longo da via,Bom,Sem defeito,Perfeito estado,Seca,Perfeito estado,Não existe,Não há placas,60.0,Dupla,Faixa seccionada,Não informado,2020,3,10,1,17.0
2020-03-10,17:32:00,COM VÍTIMA,FINALIZADA,CAXANGÁ,AV CAXANGA,Não informado,E/F A ESTAÇAO ZUMBI,CAXANGÁ,SUBURBIO,COLISÃO COM CICLISTA,COLISAO DE MOTO COM CICLISTA,1.0,1.0,0.0,1.0,0.0,0.0,0.0,0.0,0.0,1.0,0.0,Longo da via,Bom,Sem defeito,Perfeito estado,Seca,Perfeito estado,Faixa de pedestre,Outras,60.0,Única,Faixa seccionada,Não informado,2020,3,10,1,17.0
2020-03-10,17:32:00,SEM VÍTIMA,FINALIZADA,TORRE,RUA DOM MANOEL DA COSTA,RUA PADRE LANDIM,AO LADO DO Nº 349,TORRE,Não informado,ABALROAMENTO TRANSVERSAL,COLISÃO SEM VÍTIMA,2.0,1.0,0.0,0.0,0.0,0.0,0.0,0.0,0.0,0.0,0.0,Cruzamento,Bom,Sem defeito,Não informado,Seca,Não informado,Faixa de pedestre,R-6a,60.0,Única,Não informado,Não informado,2020,3,10,1,17.0
2020-03-10,18:55:00,COM VÍTIMA,FINALIZADA,JORDÃO,AV MARIA IRENE,Não informado,E/F AO POSTO IPIRANGA E NA FEIRA DO JORDÃO- SNT AEROPORTO,JORDÃO,SUBURBIO,ABALROAMENTO LONGITUDINAL,ENTRE MOTO E AUTO. C/V,1.0,1.0,0.0,0.0,0.0,0.0,0.0,0.0,0.0,1.0,0.0,Longo da via,Bom,Não existe,Ilegível,Seca,Mal iluminada,Não existe,Não há placas,60.0,Dupla,Faixa contínua,Não informado,2020,3,10,1,18.0