data,hora,natureza_acidente,situacao,bairro,endereco,detalhe_endereco_acidente,complemento,bairro_cruzamento,sentido_via,tipo,descricao,auto,moto,ciclom,ciclista,pedestre,onibus,caminhao,viatura,outros,vitimas,vitimasfatais,acidente_verificado,tempo_clima,situacao_semaforo,sinalizacao,condicao_via,conservacao_via,ponto_controle,situacao_placa,velocidade_max_via,mao_direcao,divisao_via1,natureza,ano,mes,dia,dia_semana,hora_ocorrencia
2020-03-10,19:54:00,COM VÍTIMA,FINALIZADA,MADALENA,AV JOSE GONCALVES DE MEDEIROS,RUA SENADOR FABIO DE BARROS,ENF. AO EXTRA,MADALENA,SUBURBIO,ATROPELAMENTO,MOTO X PEDESTRE,1.0,1.0,0.0,0.0,1.0,0.0,0.0,0.0,0.0,2.0,0.0,Longo da via,Bom,Não existe,Não informado,Seca,Perfeito estado,Não existe,Não informado,60.0,Dupla,Faixa contínua,Não informado,2020,3,10,1,19.0
2020-03-10,20:25:00,SEM VÍTIMA,FINALIZADA,SANTO AMARO,AV CRUZ CABUGA,Não informado,HOSPITAL SANTA CASA DA MISERICÓRDIA,SANTO AMARO,SUBURBIO,ABALROAMENTO LONGITUDINAL,ENTRE ÔNIBUS E AUTO PASSEIO. S/V,1.0,1.0,0.0,0.0,0.0,1.0,0.0,0.0,0.0,0.0,0.0,Longo da via,Bom,Sem defeito,Perfeito estado,Seca,Perfeito estado,Não existe,Não há placas,60.0,Dupla,Faixa contínua,Não informado,2020,3,10,1,20.0
2020-03-10,20:38:00,SEM VÍTIMA,CANCELADA,TORRE,RUA REAL DA TORRE,Não informado,E/F AO COLÉGIO DESPERTAR E PRÓX AO CARREFOUR,TORRE,Não informado,COLISÃO,ENTRE 2 AUTOS. S/V,2.0,1.0,0.0,0.0,0.0,0.0,0.0,0.0,0.0,0.0,0.0,Não informado,Não informado,Não informado,Não informado,Não informado,Não informado,Não informado,Não informado,60.0,Não informado,Não informado,Não informado,2020,3,10,1,20.0
2020-03-10,21:44:00,COM VÍTIMA,CANCELADA,IPSEP,RUA ADERBAL DE MELO,RUA HELIO BRANDAO,E/F AO RESTAURANTE FEIJOADA DO JOÃO,IPSEP,Não informado,COLISÃO,ENTRE AUTO E MOTO. C/V,1.0,1.0,0.0,0.0,0.0,0.0,0.0,0.0,0.0,1.0,0.0,Não informado,Não informado,Não informado,Não informado,Não informado,Não informado,Não informado,Não informado,60.0,Não informado,Não informado,Não informado,2020,3,10,1,21.0
2020-03-11,07:07:00,SEM VÍTIMA,FINALIZADA,Não informado,AV GOVERNADOR AGAMENON MAGALHAES,Não informado,SOB O VIADUTO DA AVENIDA JOÃO DE BARROS,Não informado,CIDADE,COLISÃO TRASEIRA,4 AUTOS S/V BATEDORES NO LOCAL GM´S VALMIR E WELLINGTON GOMES,4.0,1.0,0.0,0.0,0.0,0.0,0.0,0.0,0.0,0.0,0.0,Viaduto,Bom,Não informado,Perfeito estado,Seca,Perfeito estado,Não informado,Não informado,60.0,Dupla,Faixa seccionada,Não informado,2020,3,11,2,7.0
2020-03-11,07:52:00,SEM VÍTIMA,FINALIZADA,ÁGUA FRIA,RUA ALEGRE,RUA ZEFERINO AGRA,AO LADO DA DELEGACIA DE AGUA FRIA,ÁGUA FRIA,SUBURBIO,ABALROAMENTO TRANSVERSAL,MOTO E AUTO,1.0,1.0,0.0,0.0,0.0,0.0,0.0,0.0,0.0,0.0,0.0,Cruzamento,Bom,Sem defeito,Incompleta,Seca,Perfeito estado,Faixa de pedestre,Placas Pare,50.0,Única,Faixa seccionada,Não informado,2020,3,11,2,7.0
2020-03-11,08:25:00,SEM VÍTIMA,FINALIZADA,SANTO AMARO,AV CRUZ CABUGA,Não informado,HOSPITAL SANTO AMARO ( SANTA CASA),SANTO AMARO,CIDADE,ABALROAMENTO LONGITUDINAL,SEM VITIMAS,1.0,1.0,0.0,0.0,0.0,1.0,0.0,0.0,0.0,0.0,0.0,Longo da via,Bom,Sem defeito,Perfeito estado,Seca,Perfeito estado,Não existe,Não informado,60.0,Dupla,Faixa contínua,Não informado,2020,3,11,2,8.0
2020-03-11,08:33:00,SEM VÍTIMA,FINALIZADA,BOA VIAGEM,AVENIDA CELSO FURTADO (VIA MANGUE),Não informado,Não informado,BOA VIAGEM,CIDADE,COLISÃO TRASEIRA,DOIS AUTOS E MOTO BATEDOR NO LOCAL- GM´S ENOQUE E ISRAEL SANTANA (MOTOQUEIRO SOFREU ESCORIAÇÕES- POREM NÃO QUIS ATENDIMENTO DO SAMU),2.0,1.0,0.0,0.0,0.0,0.0,0.0,0.0,0.0,0.0,0.0,Longo da via,Bom,Não existe,Perfeito estado,Seca,Perfeito estado,Outros,Outras,60.0,Única,Faixa seccionada,Não informado,2020,3,11,2,8.0
2020-03-11,09:21:00,SEM VÍTIMA,FINALIZADA,BOA VIAGEM,AV CONSELHEIRO AGUIAR,Não informado,EM FRENTE AO RESTAURANTE GALETUS,BOA VIAGEM,CIDADE,ABALROAMENTO LONGITUDINAL,SEM VITIMAS,1.0,1.0,0.0,0.0,0.0,1.0,0.0,0.0,0.0,0.0,0.0,Longo da via,Chuvoso,Não existe,Perfeito estado,Molhada,Perfeito estado,Não existe,R-6a,60.0,Única,Faixa seccionada,Não informado,2020,3,11,2,9.0
2020-03-11,09:39:00,SEM VÍTIMA,FINALIZADA,BOA VIAGEM,AV CONSELHEIRO AGUIAR,Não informado,EDF. NOSSA SENHORA DA PAZ,BOA VIAGEM,CIDADE,ABALROAMENTO LONGITUDINAL,COLISAO SEM VITIMAS,2.0,1.0,0.0,0.0,0.0,0.0,0.0,0.0,0.0,0.0,0.0,Longo da via,Bom,Não existe,Perfeito estado,Seca,Perfeito estado,Não informado,Não há placas,40.0,Única,Faixa contínua,Não informado,2020,3,11,2,9.0
2020-03-11,09:51:00,SEM VÍTIMA,FINALIZADA,ARRUDA,EST VELHA DE AGUA FRIA,Não informado,DNOCS,ARRUDA,SUBURBIO,COLISÃO TRASEIRA,COLISÃO SEM VITIMAS,2.0,1.0,0.0,0.0,0.0,0.0,0.0,0.0,0.0,0.0,0.0,Longo da via,Chuvoso,Sem defeito,Incompleta,Molhada,Perfeito estado,Faixa de pedestre,Não há placas,60.0,Única,Faixa contínua,Não informado,2020,3,11,2,9.0
2020-03-11,09:55:00,SEM VÍTIMA,FINALIZADA,BOA VISTA,AV JOAO DE BARROS,RUA CONDE D'EU,CLUBE OFICIAIS DA PM/CB PE,BOA VISTA,CIDADE,ABALROAMENTO LONGITUDINAL,COLISÃO SEM VITIMAS,2.0,1.0,0.0,0.0,0.0,0.0,0.0,0.0,0.0,0.0,0.0,Cruzamento,Bom,Não existe,Perfeito estado,Seca,Perfeito estado,Faixa de pedestre,Placas Pare,60.0,Única,Faixa seccionada,Não informado,2020,3,11,2,9.0
2020-03-11,10:00:00,COM VÍTIMA,FINALIZADA,TORRE,RUA CONS THEODORO,RUA DIOGO ALVARES,EM FRENTE A PRAÇA DA TORRE,TORRE,Não informado,ABALROAMENTO TRANSVERSAL,AUTO E MOTO C/V,1.0,1.0,0.0,0.0,0.0,0.0,0.0,0.0,0.0,1.0,0.0,Esquina,Chuvoso,Não existe,Incompleta,Molhada,Perfeito estado,Não existe,Placas Pare,60.0,Dupla,Não existe,Não informado,2020,3,11,2,10.0
2020-03-11,10:33:00,SEM VÍTIMA,FINALIZADA,BOA VISTA,RUA PADRE INGLES,Não informado,EM FRENTE A UNIBRA,BOA VISTA,Não informado,COLISÃO,DOIS AUTOS,2.0,1.0,0.0,0.0,0.0,0.0,0.0,0.0,0.0,0.0,0.0,Não informado,Não informado,Não informado,Não informado,Não informado,Não informado,Não informado,Não informado,60.0,Não informado,Não informado,Não informado,2020,3,11,2,10.0
2020-03-11,10:39:00,SEM VÍTIMA,FINALIZADA,SANTO AMARO,RUA ASTRONAUTA COLLINS,Não informado,AO LADO DA EMPRESA AÇO CARBONO,SANTO AMARO,SUBURBIO,CHOQUE,COLISÃO SEM VITIMAS,1.0,1.0,0.0,0.0,0.0,0.0,0.0,0.0,0.0,0.0,0.0,Longo da via,Chuvoso,Não existe,Não existente,Molhada,Mal conservada,Não existe,Não há placas,60.0,Dupla,Não existe,Não informado,2020,3,11,2,10.0
2020-03-11,10:52:00,SEM VÍTIMA,FINALIZADA,BOA VIAGEM,RUA PINTOR LULA CARDOSO AYRES,RUA DR SEABRA,LADO OPOSTO AO AEROJATO,BOA VIAGEM,CIDADE,ABALROAMENTO LONGITUDINAL,COLISÃO SEM VITIMAS,2.0,1.0,0.0,0.0,0.0,0.0,0.0,0.0,0.0,0.0,0.0,Longo da via,Bom,Não existe,Perfeito estado,Seca,Perfeito estado,Agente,Não há placas,30.0,Dupla,Não existe,Não informado,2020,3,11,2,10.0
2020-03-11,10:55:00,COM VÍTIMA,FINALIZADA,BONGI,RUA SANTA EDWIRGES,RUA PADRE TEOFILO TWORZ,EM FRENTE A FACULDADE NOVA ROMA SENT. CIDADE,BONGI,CIDADE,ABALROAMENTO TRANSVERSAL,ONIBUS E MOTO C/V,1.0,1.0,0.0,0.0,0.0,1.0,0.0,0.0,0.0,1.0,0.0,Cruzamento,Bom,Não existe,Perfeito estado,Seca,Perfeito estado,Faixa de pedestre,Placas Pare,60.0,Única,Não existe,Não informado,2020,3,11,2,10.0
2020-03-11,11:26:00,COM VÍTIMA,FINALIZADA,CASA AMARELA,EST DO ARRAIAL,RUA BENTO LOYOLA,PROX AO SITIO DA TRINDADE,CASA AMARELA,SUBURBIO,ABALROAMENTO TRANSVERSAL,MOTO E CAMINHAO VT 11 NO QTH,1.0,1.0,0.0,0.0,0.0,0.0,1.0,0.0,0.0,1.0,0.0,Esquina,Bom,Não existe,Ilegível,Seca,Perfeito estado,Faixa de retenção,Placas Pare,60.0,Única,Faixa seccionada,Não informado,2020,3,11,2,11.0
2020-03-11,11:35:00,COM VÍTIMA,FINALIZADA,IMBIRIBEIRA,AV MARECHAL MASCARENHAS DE MORAES,Não informado,EM  FRENTE A PARVI LOCADORA,IMBIRIBEIRA,SUBURBIO,COLISÃO TRASEIRA,COLISÃO COM VITIMA A ESPERA DO SAMU,1.0,1.0,0.0,0.0,0.0,0.0,0.0,0.0,0.0,1.0,0.0,Longo da via,Bom,Sem defeito,Perfeito estado,Seca,Perfeito estado,Faixa de pedestre,Não informado,60.0,Dupla,Faixa contínua,Não informado,2020,3,11,2,11.0
2020-03-11,12:05:00,SEM VÍTIMA,FINALIZADA,BOA VIAGEM,AV ENGENHEIRO DOMINGOS FERREIRA,RUA PROFESSOR EDUARDO WANDERLEY FILHO,Não informado,BOA VIAGEM,SUBURBIO,ABALROAMENTO LONGITUDINAL,COLISAO SEM VITIMAS,2.0,1.0,0.0,0.0,0.0,0.0,0.0,0.0,0.0,0.0,0.0,Longo da via,Bom,Não existe,Perfeito estado,Seca,Perfeito estado,Não existe,Não há placas,60.0,Única,Faixa seccionada,Não informado,2020,3,11,2,12.0
2020-03-11,12:07:00,SEM VÍTIMA,FINALIZADA,BOA VISTA,AV JOAO DE BARROS,RUA DR LEOPOLDO LINS,Não informado,BOA VISTA,CIDADE,ABALROAMENTO LONGITUDINAL,COLISÃO SEM VÍTIMA,1.0,1.0,0.0,0.0,0.0,1.0,0.0,0.0,0.0,0.0,0.0,Longo da via,Bom,Sem defeito,Perfeito estado,Seca,Perfeito estado,Faixa de pedestre,Não há placas,60.0,Única,Faixa seccionada,Não informado,2020,3,11,2,12.0
2020-03-11,12:24:00,COM VÍTIMA,FINALIZADA,TORRÕES,AV ENGENHEIRO ABDIAS DE CARVALHO,Não informado,E/F AO POSTO BR S/T CURADO,TORRÕES,SUBURBIO,ABALROAMENTO LONGITUDINAL,COLISAO ENTRE DUAS MOTO COM UMA VITIMA,1.0,2.0,0.0,0.0,0.0,0.0,0.0,0.0,0.0,1.0,0.0,Longo da via,Bom,Sem defeito,Perfeito estado,Seca,Perfeito estado,Não existe,Não há placas,60.0,Dupla,Canteiro central,Não informado,2020,3,11,2,12.0
2020-03-11,12:51:00,SEM VÍTIMA,FINALIZADA,BOA VIAGEM,AV ENGENHEIRO DOMINGOS FERREIRA,RUA SENADOR HELIO COUTINHO,Não informado,BOA VIAGEM,SUBURBIO,ABALROAMENTO TRANSVERSAL,COLISAO SEM VITIMAS,2.0,1.0,0.0,0.0,0.0,0.0,0.0,0.0,0.0,0.0,0.0,Não informado,Bom,Não existe,Perfeito estado,Seca,Perfeito estado,Não existe,R-6a,60.0,Única,Faixa seccionada,Não informado,2020,3,11,2,12.0
2020-03-11,15:44:00,SEM VÍTIMA,FINALIZADA,SÃO JOSÉ,RUA IMPERIAL,Não informado,LADO OPOSTO AO POSTE B 001429,SÃO JOSÉ,CIDADE,COLISÃO TRASEIRA,COLISÃO SEM VÍTIMA,2.0,1.0,0.0,0.0,0.0,0.0,0.0,0.0,0.0,0.0,0.0,Longo da via,Bom,Não existe,Não existente,Seca,Perfeito estado,Não existe,Outras,60.0,Dupla,Faixa contínua,Não informado,2020,3,11,2,15.0
2020-03-11,15:57:00,SEM VÍTIMA,FINALIZADA,DERBY,RUA BENFICA,Não informado,CRUZAMENTO COM A RUA ARLINDO GOUVEIA,DERBY,SUBURBIO,ABALROAMENTO TRANSVERSAL,COLISAO SEM VITIMAS GM RAFAEL CABRAL NO QTH,2.0,1.0,0.0,0.0,0.0,0.0,0.0,0.0,0.0,0.0,0.0,Cruzamento,Bom,Sem defeito,Perfeito estado,Seca,Perfeito estado,Agente,Outras,40.0,Única,Faixa seccionada,Não informado,2020,3,11,2,15.0
2020-03-11,16:05:00,SEM VÍTIMA,FINALIZADA,AFOGADOS,RUA NICOLAU PEREIRA,Não informado,RUA NICOLAU PEREIRA SOB SEMÁFORO Nº 073,AFOGADOS,SUBURBIO,ABALROAMENTO LONGITUDINAL,COLISAO ENTRE DOIS AUTOS S/V,2.0,1.0,0.0,0.0,0.0,0.0,0.0,0.0,0.0,0.0,0.0,Longo da via,Bom,Sem defeito,Perfeito estado,Seca,Perfeito estado,Faixa de pedestre,Não há placas,60.0,Única,Faixa contínua,Não informado,2020,3,11,2,16.0
2020-03-11,17:39:00,SEM VÍTIMA,CANCELADA,TEJIPIÓ,AV DR JOSE RUFINO,Não informado,E/F AO CARTORIO DE TEJIPIO PROX AO SEMAFORO 411,TEJIPIÓ,Não informado,COLISÃO,COLISAO ENTRE AUTO E MOTO S/V,1.0,1.0,0.0,0.0,0.0,0.0,0.0,0.0,0.0,0.0,0.0,Não informado,Não informado,Não informado,Não informado,Não informado,Não informado,Não informado,Não informado,60.0,Não informado,Não informado,Não informado,2020,3,11,2,17.0
2020-03-11,17:50:00,SEM VÍTIMA,FINALIZADA,CIDADE UNIVERSITÁRIA,AV VISCONDE DE SAO LEOPOLDO,Não informado,PROXIMO A POSTO DE SAUDE DE ENGENHO DO MEIO,CIDADE UNIVERSITÁRIA,Não informado,COLISÃO,COLISÃO SEM VÍTIMA,2.0,1.0,0.0,0.0,0.0,0.0,0.0,0.0,0.0,0.0,0.0,Não informado,Não informado,Não informado,Não informado,Não informado,Não informado,Não informado,Não informado,60.0,Não informado,Não informado,Não informado,2020,3,11,2,17.0
2020-03-11,18:53:00,SEM VÍTIMA,FINALIZADA,IMBIRIBEIRA,AV MARECHAL MASCARENHAS DE MORAES,Não informado,EM FRENTE AO BANCO ITAU,IMBIRIBEIRA,SUBURBIO,ABALROAMENTO LONGITUDINAL,DOIS AUTOS X  OBS: BATEDORES DA CCTU 28X03 ESTA NO LOCAL,2.0,1.0,0.0,0.0,0.0,0.0,0.0,0.0,0.0,0.0,0.0,Longo da via,Bom,Sem defeito,Perfeito estado,Seca,Perfeito estado,Faixa de pedestre,Outras,60.0,Dupla,Canteiro central,Não informado,2020,3,11,2,18.0
2020-03-11,20:50:00,SEM VÍTIMA,FINALIZADA,BOA VIAGEM,AV CONSELHEIRO AGUIAR,Não informado,SOB O SEMÁFORO 241,BOA VIAGEM,CIDADE,ABALROAMENTO TRANSVERSAL,ÕNIBUS X AUTO PASSEIO. S/V,1.0,1.0,0.0,0.0,0.0,1.0,0.0,0.0,0.0,0.0,0.0,Longo da via,Chuvoso,Sem defeito,Perfeito estado,Molhada,Perfeito estado,Não existe,Não há placas,60.0,Única,Faixa seccionada,Não informado,2020,3,11,2,20.0
2020-03-11,22:28:00,COM VÍTIMA,FINALIZADA,CORDEIRO,AV ENGENHEIRO ABDIAS DE CARVALHO,Não informado,LADO OPOSTO DO ESPETINHO LEGAL PRIME - SNT CID / SEMÁFORO 422,CORDEIRO,CIDADE,COLISÃO COM CICLISTA,ENTRE MOTO DO BPTRAN E CICLISTA. C/V],1.0,1.0,0.0,1.0,0.0,0.0,0.0,0.0,0.0,1.0,0.0,Longo da via,Bom,Sem defeito,Perfeito estado,Seca,Perfeito estado,Faixa de pedestre,Outras,60.0,Dupla,Faixa seccionada,Não informado,2020,3,11,2,22.0
2020-03-11,23:38:00,COM VÍTIMA,FINALIZADA,JOANA BEZERRA,RUA IMPERIAL,RUA LOURENCO DA SILVA,APÓS O HOTEL CRISTAL,JOANA BEZERRA,SUBURBIO,ABALROAMENTO TRANSVERSAL,ENTRE ÔNIBUS E MOTO. C/V,1.0,1.0,0.0,0.0,0.0,1.0,0.0,0.0,0.0,1.0,0.0,Cruzamento,Bom,Não existe,Perfeito estado,Seca,Perfeito estado,Não existe,Não há placas,60.0,Única,Faixa seccionada,Não informado,2020,3,11,2,23.0
2020-03-12,01:01:00,SEM VÍTIMA,FINALIZADA,CAXANGÁ,AV JOAQUIM RIBEIRO,RUA GASTAO VIDIGAL,Não informado,CAXANGÁ,SUBURBIO,ABALROAMENTO LONGITUDINAL,COLISÃO ENTRE DOIS AUTOS S/V,2.0,1.0,0.0,0.0,0.0,0.0,0.0,0.0,0.0,0.0,0.0,Cruzamento,Bom,Sem defeito,Perfeito estado,Seca,Perfeito estado,Faixa de pedestre,Outras,60.0,Dupla,Canteiro central,Não informado,2020,3,12,3,1.0
2020-03-12,06:24:00,SEM VÍTIMA,FINALIZADA,ROSARINHO,AV PROFESSOR JOSE DOS ANJOS,Não informado,LADO OPOSTO À VIASUL FIAT - ARRUDA,ROSARINHO,CIDADE,COLISÃO TRASEIRA,COLISÃO S/VITIMAS ENTRE DOIS AUTOS,2.0,1.0,0.0,0.0,0.0,0.0,0.0,0.0,0.0,0.0,0.0,Longo da via,Bom,Não existe,Incompleta,Seca,Perfeito estado,Não existe,Não há placas,60.0,Dupla,Canal,Não informado,2020,3,12,3,6.0
2020-03-12,07:14:00,SEM VÍTIMA,FINALIZADA,ESPINHEIRO,RUA CONS PORTELA,Não informado,CRUZAMENTO ENTRE A RUA CONSELHEIRO PORTELA E A RUA QUARENTA E OITO,ESPINHEIRO,CIDADE,ABALROAMENTO LONGITUDINAL,COLISÃO S/VITIMAS ENTRE DOIS AUTOS (GM ARNOSO NO QTH),2.0,1.0,0.0,0.0,0.0,0.0,0.0,0.0,0.0,0.0,0.0,Cruzamento,Bom,Sem defeito,Perfeito estado,Seca,Perfeito estado,Agente,Outras,40.0,Única,Não existe,Não informado,2020,3,12,3,7.0
2020-03-12,07:24:00,SEM VÍTIMA,CANCELADA,TEJIPIÓ,AV DR JOSE RUFINO,Não informado,EM FRENTE A ESTACAO TEJIPIÓ,TEJIPIÓ,Não informado,COLISÃO,CAMINHAO E AUTO PASSEIO,1.0,1.0,0.0,0.0,0.0,0.0,1.0,0.0,0.0,0.0,0.0,Não informado,Não informado,Não informado,Não informado,Não informado,Não informado,Não informado,Não informado,60.0,Não informado,Não informado,Não informado,2020,3,12,3,7.0
2020-03-12,07:30:00,COM VÍTIMA,CANCELADA,CASA AMARELA,EST DO ARRAIAL,Não informado,EM FRENTE AO SITIO DA TRINDADE,CASA AMARELA,Não informado,COLISÃO,MOTO E AUTO,1.0,1.0,0.0,0.0,0.0,0.0,0.0,0.0,0.0,1.0,0.0,Não informado,Não informado,Não informado,Não informado,Não informado,Não informado,Não informado,Não informado,60.0,Não informado,Não informado,Não informado,2020,3,12,3,7.0
2020-03-12,08:47:00,SEM VÍTIMA,FINALIZADA,ENCRUZILHADA,AV JOAO DE BARROS,Não informado,EM FRENTE AOS CORREIOS,ENCRUZILHADA,CIDADE,ABALROAMENTO LONGITUDINAL,SEM VITIMAS// GM RIBEIRO E CARLOS NO QTH,1.0,1.0,0.0,0.0,0.0,0.0,1.0,0.0,0.0,0.0,0.0,Longo da via,Bom,Sem defeito,Perfeito estado,Seca,Perfeito estado,Não existe,Não há placas,60.0,Única,Faixa seccionada,Não informado,2020,3,12,3,8.0
2020-03-12,08:56:00,SEM VÍTIMA,FINALIZADA,ESPINHEIRO,AV GOVERNADOR AGAMENON MAGALHAES,RUA SAO SALVADOR,Não informado,ESPINHEIRO,Não informado,ABALROAMENTO LONGITUDINAL,ONIBUS E AUTO,1.0,1.0,0.0,0.0,0.0,1.0,0.0,0.0,0.0,0.0,0.0,Cruzamento,Bom,Sem defeito,Perfeito estado,Seca,Perfeito estado,Faixa de pedestre,Não informado,60.0,Dupla,Faixa contínua,Não informado,2020,3,12,3,8.0
2020-03-12,09:01:00,SEM VÍTIMA,FINALIZADA,SANTO AMARO,AV CRUZ CABUGA,Não informado,SEMÁFORO 523,SANTO AMARO,CIDADE,COLISÃO TRASEIRA,COLISÃO SEM VÍTIMAS ENTRE AUTO E MOTO.,1.0,1.0,0.0,0.0,0.0,0.0,0.0,0.0,0.0,0.0,0.0,Longo da via,Bom,Sem defeito,Perfeito estado,Seca,Perfeito estado,Não informado,Não informado,60.0,Dupla,Faixa contínua,Não informado,2020,3,12,3,9.0
2020-03-12,09:39:00,SEM VÍTIMA,FINALIZADA,BARRO,RUA PADRE DIOGO RODRIGUES,Não informado,CEMITÉRIO DO BARRO,BARRO,SUBURBIO,ABALROAMENTO LONGITUDINAL,COLISÃO S/VITIMAS ENTRE UM AUTO E CAMINHÃO,1.0,1.0,0.0,0.0,0.0,0.0,1.0,0.0,0.0,0.0,0.0,Cruzamento,Bom,Não existe,Perfeito estado,Seca,Perfeito estado,Não existe,Outras,60.0,Dupla,Não existe,Não informado,2020,3,12,3,9.0
2020-03-12,10:13:00,SEM VÍTIMA,FINALIZADA,ESPINHEIRO,RUA DO ESPINHEIRO,Não informado,Não informado,ESPINHEIRO,SUBURBIO,ABALROAMENTO TRANSVERSAL,COLISÃO S/VITIMAS ENTRE UM AUTO E UM ONIBUS (V.T 08 NO QTH),1.0,1.0,0.0,0.0,0.0,1.0,0.0,0.0,0.0,0.0,0.0,Longo da via,Bom,Sem defeito,Perfeito estado,Seca,Perfeito estado,Agente,R-6a,60.0,Única,Faixa contínua,Não informado,2020,3,12,3,10.0
2020-03-12,11:01:00,SEM VÍTIMA,FINALIZADA,ESPINHEIRO,RUA BARAO DE ITAMARACA,Não informado,PRÓXIMO A CLÍNICA HAPVIDA,ESPINHEIRO,SUBURBIO,ABALROAMENTO LONGITUDINAL,DOIS AUTOS,2.0,1.0,0.0,0.0,0.0,0.0,0.0,0.0,0.0,0.0,0.0,Longo da via,Bom,Sem defeito,Perfeito estado,Seca,Perfeito estado,Não informado,Outras,60.0,Única,Não informado,Não informado,2020,3,12,3,11.0
2020-03-12,11:41:00,COM VÍTIMA,FINALIZADA,BOA VIAGEM,RUA BALTAZAR PASSOS,RUA JOSE HIPOLITO CARDOSO,EM FRENTE A SAO BRAS,BOA VIAGEM,CIDADE,ABALROAMENTO TRANSVERSAL,MOTO E AUTO,1.0,1.0,0.0,0.0,0.0,0.0,0.0,0.0,0.0,1.0,0.0,Cruzamento,Chuvoso,Não existe,Perfeito estado,Molhada,Perfeito estado,Não existe,Placas Pare,30.0,Dupla,Não existe,Não informado,2020,3,12,3,11.0
2020-03-12,12:07:00,SEM VÍTIMA,FINALIZADA,IPSEP,AV RECIFE,Não informado,LADO OPOSTO AO Nº 2447,IPSEP,Não informado,COLISÃO TRASEIRA,COLISAO S/V,2.0,1.0,0.0,0.0,0.0,0.0,0.0,0.0,0.0,0.0,0.0,Longo da via,Chuvoso,Sem defeito,Perfeito estado,Seca,Perfeito estado,Não existe,R-6a,60.0,Dupla,Faixa seccionada,Não informado,2020,3,12,3,12.0
2020-03-12,12:45:00,COM VÍTIMA,FINALIZADA,AFOGADOS,RUA COSME VIANA,Não informado,E/F A CEMAUTO SERVIÇOS AUTOMOTIVOS PROX AO EROS HOTEL,AFOGADOS,SUBURBIO,ATROPELAMENTO,ONIBUS ATROPELOU UM PEDESTRE,1.0,1.0,0.0,0.0,1.0,1.0,0.0,0.0,0.0,1.0,0.0,Longo da via,Bom,Não existe,Perfeito estado,Seca,Perfeito estado,Não informado,Outras,60.0,Única,Não informado,Não informado,2020,3,12,3,12.0
2020-03-12,13:12:00,SEM VÍTIMA,CANCELADA,BRASÍLIA TEIMOSA,RUA COMENDADOR MORAES,Não informado,COMPESA,BRASÍLIA TEIMOSA,Não informado,COLISÃO,COLISAO ENTRE DOIS VEICULOS,2.0,1.0,0.0,0.0,0.0,0.0,0.0,0.0,0.0,0.0,0.0,Não informado,Não informado,Não informado,Não informado,Não informado,Não informado,Não informado,Não informado,60.0,Não informado,Não informado,Não informado,2020,3,12,3,13.0
2020-03-12,13:13:00,SEM VÍTIMA,FINALIZADA,BOA VIAGEM,RUA COSMORAMA,RUA JOAO CARDOSO AIRES,AO LADO DO COLÉGIO MADRE DE DEUS,BOA VIAGEM,SUBURBIO,COLISÃO TRASEIRA,Não informado,1.0,1.0,0.0,0.0,0.0,0.0,0.0,0.0,1.0,0.0,0.0,Cruzamento,Bom,Sem defeito,Perfeito estado,Seca,Perfeito estado,Faixa de pedestre,Outras,40.0,Única,Faixa seccionada,Não informado,2020,3,12,3,13.0
2020-03-12,14:01:00,SEM VÍTIMA,CANCELADA,ESPINHEIRO,RUA CONS PORTELA,Não informado,GALERIA CONSELHEIRO PORTELA,ESPINHEIRO,Não informado,COLISÃO,COLISAO S/ VITIMA ENTRE DOIS VEICULOS,1.0,1.0,0.0,0.0,0.0,0.0,0.0,0.0,1.0,0.0,0.0,Não informado,Não informado,Não informado,Não informado,Não informado,Não informado,Não informado,Não informado,60.0,Não informado,Não informado,Não informado,2020,3,12,3,14.0
2020-03-12,14:31:00,SEM VÍTIMA,FINALIZADA,GRAÇAS,AV RUI BARBOSA,Não informado,EM FRENTE AO Nº 1541,GRAÇAS,CIDADE,ABALROAMENTO LONGITUDINAL,COLISAO ENTRE AUTOS E MOTO S/V,1.0,1.0,0.0,0.0,0.0,0.0,0.0,0.0,0.0,0.0,0.0,Longo da via,Bom,Não existe,Perfeito estado,Seca,Perfeito estado,Não existe,Outras,60.0,Única,Faixa seccionada,Não informado,2020,3,12,3,14.0
2020-03-12,14:35:00,SEM VÍTIMA,FINALIZADA,DERBY,RUA MANOEL CAETANO,RUA JENER DE SOUZA,POSTE DE Nº B 009473,DERBY,CIDADE,ABALROAMENTO LONGITUDINAL,COLISAO SEM VITIMAS,2.0,1.0,0.0,0.0,0.0,0.0,0.0,0.0,0.0,0.0,0.0,Não informado,Bom,Não existe,Perfeito estado,Seca,Perfeito estado,Faixa de pedestre,R-6a,60.0,Única,Faixa contínua,Não informado,2020,3,12,3,14.0
2020-03-12,14:47:00,SEM VÍTIMA,FINALIZADA,SANTO ANTÔNIO,AV MARTINS DE BARROS,Não informado,LADO OPOSTO A PRAÇA DEZESSETE,SANTO ANTÔNIO,CIDADE,COLISÃO FRONTAL,COLISAO S/ VITIMA ENTRE DOIS VEICULOS E UM ONIBUS BRT. GCM: CAIO CESAR E ELSIANE NO LOCAL,2.0,1.0,0.0,0.0,0.0,1.0,0.0,0.0,0.0,0.0,0.0,Longo da via,Bom,Não existe,Não existente,Seca,Perfeito estado,Não existe,Não há placas,60.0,Única,Faixa seccionada,Não informado,2020,3,12,3,14.0
2020-03-12,14:57:00,SEM VÍTIMA,FINALIZADA,ESPINHEIRO,RUA QUARENTA E OITO,RUA CONS PORTELA,EM FRENTE AO Nº 525,ESPINHEIRO,Não informado,ABALROAMENTO LONGITUDINAL,COLISAO SEM VITIMAS,2.0,1.0,0.0,0.0,0.0,0.0,0.0,0.0,0.0,0.0,0.0,Cruzamento,Bom,Sem defeito,Perfeito estado,Seca,Perfeito estado,Agente,Placas Pare,60.0,Única,Faixa seccionada,Não informado,2020,3,12,3,14.0