data,hora,natureza_acidente,situacao,bairro,endereco,detalhe_endereco_acidente,complemento,bairro_cruzamento,sentido_via,tipo,descricao,auto,moto,ciclom,ciclista,pedestre,onibus,caminhao,viatura,outros,vitimas,vitimasfatais,acidente_verificado,tempo_clima,situacao_semaforo,sinalizacao,condicao_via,conservacao_via,ponto_controle,situacao_placa,velocidade_max_via,mao_direcao,divisao_via1,natureza,ano,mes,dia,dia_semana,hora_ocorrencia
2020-03-12,15:50:00,SEM VÍTIMA,FINALIZADA,BOA VIAGEM,RUA PADRE CARAPUCEIRO,RUA FRANCISCO DA CUNHA,Não informado,BOA VIAGEM,SUBURBIO,ABALROAMENTO TRANSVERSAL,COLISAO S/ VITIMAS,1.0,1.0,0.0,0.0,0.0,1.0,0.0,0.0,0.0,0.0,0.0,Cruzamento,Bom,Não existe,Perfeito estado,Seca,Perfeito estado,Não existe,R-4a,60.0,Única,Faixa seccionada,Não informado,2020,3,12,3,15.0
2020-03-12,15:52:00,SEM VÍTIMA,FINALIZADA,IBURA,AV DOIS RIOS,Não informado,PRÓXIMO A POLICLÍNICA PROFº ARNALDO MARQUES,IBURA,CIDADE,ABALROAMENTO LONGITUDINAL,COLISAO ENTRE CORRAÇA E VEICULO,1.0,1.0,0.0,0.0,0.0,0.0,0.0,0.0,1.0,0.0,0.0,Longo da via,Bom,Não existe,Perfeito estado,Seca,Perfeito estado,Não existe,Outras,60.0,Dupla,Faixa contínua,Não informado,2020,3,12,3,15.0
2020-03-12,16:03:00,SEM VÍTIMA,FINALIZADA,IPUTINGA,EST DO BARBALHO,Não informado,Não informado,IPUTINGA,Não informado,ABALROAMENTO LONGITUDINAL,COLISAO S/ VITIMA ENTRE DOIS VEICULOS. VT: 20,2.0,1.0,0.0,0.0,0.0,0.0,0.0,0.0,0.0,0.0,0.0,Longo da via,Bom,Não existe,Não informado,Seca,Não informado,Não existe,R-6a,60.0,Única,Não existe,Não informado,2020,3,12,3,16.0
2020-03-12,16:27:00,SEM VÍTIMA,FINALIZADA,BOA VIAGEM,RUA CARLOS PEREIRA FALCAO,RUA DOS NAVEGANTES,GALERIA SAN RAPHAEL,BOA VIAGEM,Não informado,COLISÃO FRONTAL,COLISAO S/ VITIMA ENTRE DOIS VEICULOS,2.0,1.0,0.0,0.0,0.0,0.0,0.0,0.0,0.0,0.0,0.0,Cruzamento,Bom,Não existe,Perfeito estado,Seca,Perfeito estado,Não existe,Placas Pare,60.0,Dupla,Faixa seccionada,Não informado,2020,3,12,3,16.0
2020-03-12,17:22:00,COM VÍTIMA,FINALIZADA,CASA FORTE,AV DEZESSETE DE AGOSTO,Não informado,LADO OPOSTO A FUNDAÇÃO JOAQUIM NABUCO,CASA FORTE,SUBURBIO,CHOQUE VEÍCULO PARADO,UM DOS VEÍCULOS SE EVADIU DO LOCAL,1.0,1.0,0.0,0.0,0.0,0.0,0.0,0.0,0.0,1.0,0.0,Longo da via,Bom,Não existe,Perfeito estado,Seca,Perfeito estado,Faixa de pedestre,R-6a,60.0,Dupla,Faixa seccionada,Não informado,2020,3,12,3,17.0
2020-03-12,17:25:00,COM VÍTIMA,FINALIZADA,JAQUEIRA,RUA RICARDO HARDMAN,Não informado,PROX AO PONTO DO AÇAI,JAQUEIRA,SUBURBIO,ABALROAMENTO TRANSVERSAL,COLISAO COM VITIMAS,1.0,1.0,0.0,0.0,0.0,0.0,0.0,0.0,0.0,1.0,0.0,Longo da via,Bom,Não existe,Perfeito estado,Seca,Perfeito estado,Não existe,Outras,30.0,Dupla,Faixa seccionada,Não informado,2020,3,12,3,17.0
2020-03-12,17:35:00,SEM VÍTIMA,FINALIZADA,CASA AMARELA,RUA ALEXANDRINO,Não informado,EM FRENTE AO Nº 101,CASA AMARELA,Não informado,CHOQUE VEÍCULO PARADO,COLISAO S/ VITIMA ENTRE ONIBUS E CARRO,1.0,1.0,0.0,0.0,0.0,1.0,0.0,0.0,0.0,0.0,0.0,Longo da via,Bom,Não existe,Perfeito estado,Seca,Perfeito estado,Não existe,Não informado,60.0,Dupla,Faixa seccionada,Não informado,2020,3,12,3,17.0
2020-03-12,19:44:00,COM VÍTIMA,FINALIZADA,CASA AMARELA,AV NORTE,PRC DO TRABALHO,ENF. A UPINHA,CASA AMARELA,CIDADE,ABALROAMENTO TRANSVERSAL,Não informado,1.0,2.0,0.0,0.0,0.0,0.0,0.0,0.0,0.0,2.0,0.0,Longo da via,Bom,Não existe,Perfeito estado,Seca,Perfeito estado,Faixa de pedestre,R-6a,60.0,Dupla,Canteiro central,Não informado,2020,3,12,3,19.0
2020-03-12,21:01:00,SEM VÍTIMA,FINALIZADA,IMBIRIBEIRA,RUA FRANCISCO CORREIA DE MORAES,Não informado,APÓS O POSTE B 017169,IMBIRIBEIRA,SUBURBIO,COLISÃO TRASEIRA,ENTRE 2 AUTOS. S/V,2.0,1.0,0.0,0.0,0.0,0.0,0.0,0.0,0.0,0.0,0.0,Longo da via,Bom,Não existe,Perfeito estado,Seca,Perfeito estado,Não existe,Não há placas,60.0,Única,Não informado,Não informado,2020,3,12,3,21.0
2020-03-12,21:39:00,SEM VÍTIMA,CANCELADA,BOA VIAGEM,AV MARECHAL JUAREZ TAVORA,Não informado,ANTES DO HOTEL ENSEADA // BEIRA CANAL // SENTIDO PIEDADE,BOA VIAGEM,Não informado,COLISÃO,FIESTA X NISSAN LIVINA,2.0,1.0,0.0,0.0,0.0,0.0,0.0,0.0,0.0,0.0,0.0,Não informado,Não informado,Não informado,Não informado,Não informado,Não informado,Não informado,Não informado,60.0,Não informado,Não informado,Não informado,2020,3,12,3,21.0
2020-03-12,21:59:00,COM VÍTIMA,FINALIZADA,BOA VIAGEM,RUA FRANCISCO DA CUNHA,RUA TENENTE JOAO CICERO,AO LADO DO RESTAURANTE MANHATTAN CAFÉ TEATRO,BOA VIAGEM,SUBURBIO,ABALROAMENTO TRANSVERSAL,ENTRE 2 AUTOS. C/V UM DOS VEÍCULOS CAPOTOU NO LOCAL,2.0,1.0,0.0,0.0,0.0,0.0,0.0,0.0,0.0,1.0,0.0,Cruzamento,Bom,Não existe,Incompleta,Seca,Perfeito estado,Faixa de retenção,Placas Pare,60.0,Única,Não existe,Não informado,2020,3,12,3,21.0
2020-03-12,22:32:00,SEM VÍTIMA,FINALIZADA,CORDEIRO,AV MARIO ALVARES PEREIRA DE LYRA,RUA AMBROSIO MACHADO,Não informado,CORDEIRO,SUBURBIO,ABALROAMENTO LONGITUDINAL,ENTRE 2 AUTOS. S/V,2.0,1.0,0.0,0.0,0.0,0.0,0.0,0.0,0.0,0.0,0.0,Cruzamento,Bom,Sem defeito,Incompleta,Seca,Mal iluminada,Não existe,Não há placas,60.0,Dupla,Canal,Não informado,2020,3,12,3,22.0
2020-03-12,22:45:00,SEM VÍTIMA,CANCELADA,MADALENA,AV ENGENHEIRO ABDIAS DE CARVALHO,Não informado,E/F A LOJA DO SPORT E MCDONALDS,MADALENA,Não informado,COLISÃO,ÕNIBUS ESCOLAR X AUTO. S/V,1.0,1.0,0.0,0.0,0.0,1.0,0.0,0.0,0.0,0.0,0.0,Não informado,Não informado,Não informado,Não informado,Não informado,Não informado,Não informado,Não informado,60.0,Não informado,Não informado,Não informado,2020,3,12,3,22.0
2020-03-13,07:02:00,COM VÍTIMA,FINALIZADA,ESPINHEIRO,RUA QUARENTA E OITO,Não informado,PROX A PADARIA DO ESPINHEIRO,ESPINHEIRO,CIDADE,ABALROAMENTO TRANSVERSAL,COLISÃO COM VITIMA GM RODRIGO DIAS QTH,1.0,1.0,0.0,0.0,0.0,0.0,0.0,0.0,0.0,1.0,0.0,Longo da via,Bom,Não existe,Perfeito estado,Seca,Perfeito estado,Não existe,Outras,40.0,Única,Não existe,Não informado,2020,3,13,4,7.0
2020-03-13,07:34:00,SEM VÍTIMA,FINALIZADA,SÍTIO DOS PINTOS,EST DOS PINTOS,Não informado,EM FRENTE AO DEPÓSITO DE GÁS BRASILGÁS,SÍTIO DOS PINTOS,CIDADE,ABALROAMENTO LONGITUDINAL,COLISAO SEM VITIMAS,2.0,1.0,0.0,0.0,0.0,0.0,0.0,0.0,0.0,0.0,0.0,Longo da via,Bom,Não existe,Não existente,Seca,Perfeito estado,Não existe,Não informado,60.0,Dupla,Não existe,Não informado,2020,3,13,4,7.0
2020-03-13,08:36:00,COM VÍTIMA,FINALIZADA,JIQUIÁ,RUA SAO MIGUEL,Não informado,EM FRENTE AO BODE,JIQUIÁ,Não informado,ABALROAMENTO LONGITUDINAL,AUTO E MOTO /  VT 10 NO QTH,1.0,1.0,0.0,0.0,0.0,0.0,0.0,0.0,0.0,1.0,0.0,Longo da via,Bom,Sem defeito,Perfeito estado,Seca,Perfeito estado,Faixa de pedestre,Outras,60.0,Dupla,Faixa contínua,Não informado,2020,3,13,4,8.0
2020-03-13,08:46:00,COM VÍTIMA,FINALIZADA,BONGI,RUA ISAAC MARKMAN,Não informado,EM FRENTE A SECRETARIA DA SAUDE,BONGI,Não informado,ABALROAMENTO TRANSVERSAL,COLISÃO COM VITIMA  SOCORRIDO PELO SAMU,1.0,1.0,0.0,0.0,0.0,0.0,0.0,0.0,0.0,1.0,0.0,Cruzamento,Bom,Não existe,Perfeito estado,Seca,Perfeito estado,Não existe,R-3,30.0,Dupla,Não informado,Não informado,2020,3,13,4,8.0
2020-03-13,09:08:00,SEM VÍTIMA,DUPLICIDADE,BOA VIAGEM,AV BOA VIAGEM,AV HERCULANO BANDEIRA,SEMÁFORO Nº 104,BOA VIAGEM,CIDADE,ABALROAMENTO LONGITUDINAL,COLISÃO ENTRE ONIBUS E AUTO,1.0,1.0,0.0,0.0,0.0,1.0,0.0,0.0,0.0,0.0,0.0,Não informado,Não informado,Não informado,Não informado,Não informado,Não informado,Não informado,Não informado,60.0,Não informado,Não informado,Não informado,2020,3,13,4,9.0
2020-03-13,09:10:00,SEM VÍTIMA,FINALIZADA,CORDEIRO,AV CAXANGA,Não informado,Não informado,CORDEIRO,CIDADE,COLISÃO TRASEIRA,Não informado,3.0,1.0,0.0,0.0,0.0,0.0,0.0,0.0,0.0,0.0,0.0,Longo da via,Bom,Sem defeito,Perfeito estado,Seca,Perfeito estado,Faixa de pedestre,Outras,60.0,Única,Faixa seccionada,Não informado,2020,3,13,4,9.0
2020-03-13,09:21:00,SEM VÍTIMA,FINALIZADA,PINA,AV HERCULANO BANDEIRA,Não informado,PRÓXIMO AO POSTO BR,PINA,SUBURBIO,ABALROAMENTO LONGITUDINAL,COLISOA SEM VITIMAS // GM ISRAEL E ENOQUE QTH,1.0,1.0,0.0,0.0,0.0,1.0,0.0,0.0,0.0,0.0,0.0,Longo da via,Bom,Sem defeito,Perfeito estado,Seca,Perfeito estado,Outros,Não informado,60.0,Única,Não informado,Não informado,2020,3,13,4,9.0
2020-03-13,09:29:00,SEM VÍTIMA,CANCELADA,SANTO AMARO,AV DR JAYME DA FONTE,Não informado,APOS A COMPESA,SANTO AMARO,Não informado,COLISÃO,DOIS AUTOS,2.0,1.0,0.0,0.0,0.0,0.0,0.0,0.0,0.0,0.0,0.0,Não informado,Não informado,Não informado,Não informado,Não informado,Não informado,Não informado,Não informado,60.0,Não informado,Não informado,Não informado,2020,3,13,4,9.0
2020-03-13,10:11:00,SEM VÍTIMA,FINALIZADA,IPUTINGA,AV MAURICIO DE NASSAU,RUA SANTA LUCIA,RENDE MAIS SUPERMERCADO,IPUTINGA,SUBURBIO,ABALROAMENTO LONGITUDINAL,COLISAO SEM VITIMAS,1.0,1.0,0.0,0.0,0.0,0.0,0.0,0.0,0.0,0.0,0.0,Não informado,Nublado,Sem defeito,Incompleta,Seca,Perfeito estado,Faixa de pedestre,Não há placas,60.0,Dupla,Faixa contínua,Não informado,2020,3,13,4,10.0
2020-03-13,11:09:00,SEM VÍTIMA,FINALIZADA,JORDÃO,AV MARIA IRENE,Não informado,EM FRENTE AO ATACAREJO JORDÃO,JORDÃO,Não informado,ABALROAMENTO LONGITUDINAL,COLISAO SEM VITIMAS,1.0,1.0,0.0,0.0,0.0,0.0,1.0,0.0,0.0,0.0,0.0,Longo da via,Bom,Não existe,Ilegível,Seca,Mal conservada,Não existe,Não há placas,60.0,Dupla,Não existe,Não informado,2020,3,13,4,11.0
2020-03-13,11:10:00,SEM VÍTIMA,CANCELADA,PRADO,AV ENGENHEIRO ABDIAS DE CARVALHO,Não informado,EM FRENTE A HABIB'S,PRADO,Não informado,COLISÃO,DOIS AUTOS  GM C SANTANA NO QTH P.O,2.0,1.0,0.0,0.0,0.0,0.0,0.0,0.0,0.0,0.0,0.0,Não informado,Não informado,Não informado,Não informado,Não informado,Não informado,Não informado,Não informado,60.0,Não informado,Não informado,Não informado,2020,3,13,4,11.0
2020-03-13,11:17:00,SEM VÍTIMA,FINALIZADA,BARRO,AV CENTRAL,Não informado,TIP DO BARRO,BARRO,Não informado,ABALROAMENTO LONGITUDINAL,COLISAO SEM VITIMAS,1.0,1.0,0.0,0.0,0.0,1.0,0.0,0.0,0.0,0.0,0.0,Longo da via,Bom,Não existe,Incompleta,Seca,Perfeito estado,Faixa de pedestre,Não há placas,60.0,Dupla,Faixa contínua,Não informado,2020,3,13,4,11.0
2020-03-13,12:30:00,SEM VÍTIMA,FINALIZADA,IMBIRIBEIRA,RUA JOAQUIM BANDEIRA,AV SUL,AO PONTILHÃO DO METRÔ,IMBIRIBEIRA,Não informado,ABALROAMENTO TRANSVERSAL,COLISÃO S/VITIMAS ENTRE DOIS AUTOS,2.0,1.0,0.0,0.0,0.0,0.0,0.0,0.0,0.0,0.0,0.0,Cruzamento,Bom,Não existe,Não existente,Seca,Perfeito estado,Não existe,Não há placas,40.0,Única,Faixa seccionada,Não informado,2020,3,13,4,12.0
2020-03-13,12:58:00,SEM VÍTIMA,FINALIZADA,CORDEIRO,AV CAXANGA,AV GENERAL SAN MARTIN,TERMINAL INTEGRADO VER. ZEZITO DE MAGALHÃES,CORDEIRO,Não informado,ABALROAMENTO LONGITUDINAL,COLISÃO SEM VÍTIMA/ SENTIDO CIDADE,1.0,1.0,0.0,0.0,0.0,0.0,0.0,0.0,0.0,0.0,0.0,Cruzamento,Nublado,Sem defeito,Perfeito estado,Seca,Não informado,Faixa de pedestre,Outras,60.0,Única,Faixa seccionada,Não informado,2020,3,13,4,12.0
2020-03-13,13:24:00,SEM VÍTIMA,DUPLICIDADE,POÇO DA PANELA,RUA OLIVEIRA GOES,RUA ENGENHEIRO BANDEIRA DE MELO,EM FRENTE AO POSTO DE COMBUSTÍVEL PETRÓBRAS,POÇO DA PANELA,SUBURBIO,COLISÃO FRONTAL,COLISÃO S/VITIMAS ENTRE DOIS AUTOS,2.0,1.0,0.0,0.0,0.0,0.0,0.0,0.0,0.0,0.0,0.0,Não informado,Bom,Não existe,Ilegível,Seca,Perfeito estado,Não existe,Placas Pare,60.0,Dupla,Não existe,Não informado,2020,3,13,4,13.0
2020-03-13,13:35:00,SEM VÍTIMA,FINALIZADA,POÇO DA PANELA,RUA GUILHERME SALAZAR,Não informado,AO LADO DO POSTO PETROBRAS E/F A DROGASIL,POÇO DA PANELA,Não informado,COLISÃO,COLISAO ENTRE DOIS AUTOS S/V,2.0,1.0,0.0,0.0,0.0,0.0,0.0,0.0,0.0,0.0,0.0,Não informado,Não informado,Não informado,Não informado,Não informado,Não informado,Não informado,Não informado,60.0,Não informado,Não informado,Não informado,2020,3,13,4,13.0
2020-03-13,13:59:00,COM VÍTIMA,FINALIZADA,BARRO,AV DR JOSE RUFINO,Não informado,E/F AO POSTO BR E AO QUARTEL DO EXERCITO 4 BCOM S/T TEJIPIO,BARRO,SUBURBIO,ABALROAMENTO LONGITUDINAL,COLISAOENTRE DUAS MOTOS COM UMA VITIMA,1.0,2.0,0.0,0.0,0.0,0.0,0.0,0.0,0.0,2.0,0.0,Longo da via,Bom,Não existe,Perfeito estado,Seca,Perfeito estado,Não existe,Não há placas,60.0,Dupla,Faixa contínua,Não informado,2020,3,13,4,13.0
2020-03-13,14:27:00,COM VÍTIMA,FINALIZADA,BONGI,AV ENGENHEIRO ABDIAS DE CARVALHO,Não informado,E/F AO HABIB´S,BONGI,SUBURBIO,ABALROAMENTO LONGITUDINAL,COLISAO ENTRE AUTO E MOTO COM UMA VITIMA GM WILIAN DE PO NO LOCAL,1.0,1.0,0.0,0.0,0.0,0.0,0.0,0.0,0.0,1.0,0.0,Longo da via,Bom,Não informado,Perfeito estado,Seca,Perfeito estado,Não informado,Não informado,60.0,Dupla,Canteiro central,Não informado,2020,3,13,4,14.0
2020-03-13,14:41:00,COM VÍTIMA,FINALIZADA,DERBY,RUA DOM BOSCO,AV GOVERNADOR AGAMENON MAGALHAES,FARMACIA DROGASIL,DERBY,SUBURBIO,ATROPELAMENTO,ATROPELAMENTO COM VITIMA ENTRE ONIBUS E MOTO. PONTO FIXO: RUAN,1.0,1.0,0.0,0.0,1.0,1.0,0.0,0.0,0.0,1.0,0.0,Não informado,Bom,Sem defeito,Perfeito estado,Seca,Perfeito estado,Agente,Não informado,60.0,Única,Faixa,Não informado,2020,3,13,4,14.0
2020-03-13,14:55:00,SEM VÍTIMA,CANCELADA,GRAÇAS,AV GOVERNADOR AGAMENON MAGALHAES,Não informado,E/F A MC DONALD'S (SENT. BOA VIAGEM),GRAÇAS,Não informado,COLISÃO,COLISÃO S/VITIMAS ENTRE DOIS AUTOS (GM VALKIRIA E CÉLIO NO QTH),2.0,1.0,0.0,0.0,0.0,0.0,0.0,0.0,0.0,0.0,0.0,Não informado,Não informado,Não informado,Não informado,Não informado,Não informado,Não informado,Não informado,60.0,Não informado,Não informado,Não informado,2020,3,13,4,14.0
2020-03-13,14:55:00,SEM VÍTIMA,FINALIZADA,MADALENA,AV VISCONDE DE ALBUQUERQUE,RUA LOPES DE CARVALHO,MADALENA CENTER,MADALENA,SUBURBIO,ABALROAMENTO LONGITUDINAL,Não informado,2.0,1.0,0.0,0.0,0.0,0.0,0.0,0.0,0.0,0.0,0.0,Não informado,Bom,Não existe,Perfeito estado,Seca,Perfeito estado,Não existe,Outras,60.0,Única,Faixa seccionada,Não informado,2020,3,13,4,14.0
2020-03-13,15:03:00,SEM VÍTIMA,FINALIZADA,SANTO AMARO,RUA DO HOSPICIO,AV MARIO MELO,EM FRENTE AO SEMÁFORO Nº 171,SANTO AMARO,CIDADE,ABALROAMENTO LONGITUDINAL,COLISAO ENTRE CAMINHAO E AUTOS S/V,1.0,1.0,0.0,0.0,0.0,0.0,1.0,0.0,0.0,0.0,0.0,Longo da via,Bom,Sem defeito,Perfeito estado,Seca,Perfeito estado,Não existe,Não há placas,60.0,Dupla,Não existe,Não informado,2020,3,13,4,15.0
2020-03-13,15:07:00,SEM VÍTIMA,FINALIZADA,AFOGADOS,RUA VINTE E UM DE ABRIL,Não informado,EM FRENTE AO 416,AFOGADOS,Não informado,ABALROAMENTO TRANSVERSAL,COLISÃO SEM VÍTIMA,2.0,1.0,0.0,0.0,0.0,0.0,0.0,0.0,0.0,0.0,0.0,Longo da via,Bom,Não existe,Não existente,Seca,Perfeito estado,Não existe,Não há placas,60.0,Dupla,Não existe,Não informado,2020,3,13,4,15.0
2020-03-13,16:36:00,SEM VÍTIMA,FINALIZADA,SANTO AMARO,AV CRUZ CABUGA,Não informado,GINÁSIO PERNAMBUCANO,SANTO AMARO,CIDADE,COLISÃO TRASEIRA,COLISÃO SEM VÍTIMA,1.0,1.0,0.0,0.0,0.0,1.0,0.0,0.0,0.0,0.0,0.0,Longo da via,Bom,Sem defeito,Perfeito estado,Seca,Perfeito estado,Faixa de pedestre,Não há placas,60.0,Dupla,Faixa seccionada,Não informado,2020,3,13,4,16.0
2020-03-13,16:46:00,COM VÍTIMA,FINALIZADA,IBURA,RUA RIO XINGU,AV DOIS RIOS,AO LADO DA AUTO ESCOLA PILOTO,IBURA,SUBURBIO,ABALROAMENTO LONGITUDINAL,COLISÃO C/VITIMAS ENTRE UMA CARRETA E UMA MOTO,1.0,1.0,0.0,0.0,0.0,0.0,1.0,0.0,0.0,1.0,0.0,Cruzamento,Bom,Sem defeito,Perfeito estado,Seca,Perfeito estado,Não existe,Outras,60.0,Dupla,Faixa contínua,Não informado,2020,3,13,4,16.0
2020-03-13,16:59:00,SEM VÍTIMA,FINALIZADA,BOA VIAGEM,RUA JOSE DOMINGUES DA SILVA,RUA CAPITAO ZUZINHA,Não informado,BOA VIAGEM,CIDADE,ABALROAMENTO LONGITUDINAL,COLISAO ENTRE DOIS AUTOS S/V,2.0,1.0,0.0,0.0,0.0,0.0,0.0,0.0,0.0,0.0,0.0,Cruzamento,Bom,Não existe,Perfeito estado,Seca,Perfeito estado,Não existe,Placas Pare,60.0,Dupla,Faixa contínua,Não informado,2020,3,13,4,16.0
2020-03-13,17:38:00,SEM VÍTIMA,FINALIZADA,BOA VIAGEM,AV ENGENHEIRO DOMINGOS FERREIRA,Não informado,PRÓXIMO A ÓTICA OUTLET,BOA VIAGEM,SUBURBIO,COLISÃO TRASEIRA,COLISÃO S/VITIMAS ENTRE DOIS AUTOS,2.0,1.0,0.0,0.0,0.0,0.0,0.0,0.0,0.0,0.0,0.0,Longo da via,Bom,Não existe,Perfeito estado,Seca,Perfeito estado,Agente,Não há placas,60.0,Única,Canteiro central,Não informado,2020,3,13,4,17.0
2020-03-13,17:46:00,SEM VÍTIMA,CANCELADA,NOVA DESCOBERTA,RUA CORREGO DA AREIA,Não informado,PROX AO MERCADO PUBLICO,NOVA DESCOBERTA,Não informado,COLISÃO,COLISAO SEM VITIMAS,1.0,1.0,0.0,0.0,0.0,1.0,0.0,0.0,0.0,0.0,0.0,Não informado,Não informado,Não informado,Não informado,Não informado,Não informado,Não informado,Não informado,60.0,Não informado,Não informado,Não informado,2020,3,13,4,17.0
2020-03-13,17:55:00,SEM VÍTIMA,FINALIZADA,BOA VISTA,RUA GERVASIO PIRES,AV CONDE DA BOA VISTA,GERVÁSIO PIRES SEMÁFORO 024,BOA VISTA,SUBURBIO,ABALROAMENTO LONGITUDINAL,COLISAO SEM VITIMAS,2.0,1.0,0.0,0.0,0.0,0.0,0.0,0.0,0.0,0.0,0.0,Cruzamento,Bom,Sem defeito,Perfeito estado,Seca,Perfeito estado,Agente,R-6a,60.0,Única,Não existe,Não informado,2020,3,13,4,17.0
2020-03-13,18:53:00,COM VÍTIMA,FINALIZADA,ESPINHEIRO,RUA QUARENTA E OITO,RUA DO ESPINHEIRO,E/F A PADARIA ESPINHEIRO,ESPINHEIRO,Não informado,ABALROAMENTO LONGITUDINAL,COLISAO SEM VITIMAS,1.0,1.0,0.0,0.0,0.0,0.0,0.0,0.0,0.0,1.0,0.0,Cruzamento,Bom,Sem defeito,Perfeito estado,Seca,Perfeito estado,Não informado,Outras,60.0,Única,Faixa seccionada,Não informado,2020,3,13,4,18.0
2020-03-13,19:00:00,SEM VÍTIMA,FINALIZADA,IPSEP,AV RECIFE,Não informado,LADO OPOSTO AO NÚMERO 2763,IPSEP,SUBURBIO,COLISÃO TRASEIRA,COLISÃO SEM VITIMAS,4.0,1.0,0.0,0.0,0.0,0.0,0.0,0.0,0.0,0.0,0.0,Longo da via,Bom,Não existe,Perfeito estado,Seca,Perfeito estado,Não existe,R-6a,60.0,Dupla,Canteiro central,Não informado,2020,3,13,4,19.0
2020-03-13,19:24:00,SEM VÍTIMA,CANCELADA,BOA VIAGEM,AV ENGENHEIRO DOMINGOS FERREIRA,Não informado,EM FRENTE A EXTRA FARMA- PROX DO DOM FERREIRA FORNERIA- PROX DO BANCO DO BRADESCO- LADO DIREITO DA VIA,BOA VIAGEM,Não informado,COLISÃO,COLISÃO ENTRE ÔNIBUS E AUTO S/V,1.0,1.0,0.0,0.0,0.0,1.0,0.0,0.0,0.0,0.0,0.0,Não informado,Não informado,Não informado,Não informado,Não informado,Não informado,Não informado,Não informado,60.0,Não informado,Não informado,Não informado,2020,3,13,4,19.0
2020-03-13,19:40:00,SEM VÍTIMA,FINALIZADA,VÁRZEA,PTE MARECHAL HUMBERTO CASTELO BRANCO,Não informado,UPINHA DA CAXANGÁ,VÁRZEA,CIDADE,COLISÃO TRASEIRA,Não informado,2.0,1.0,0.0,0.0,0.0,0.0,0.0,0.0,0.0,0.0,0.0,Ponte,Bom,Não existe,Perfeito estado,Seca,Perfeito estado,Não existe,Não há placas,60.0,Dupla,Faixa contínua,Não informado,2020,3,13,4,19.0
2020-03-13,21:05:00,COM VÍTIMA,FINALIZADA,BOA VIAGEM,1BE DONA BENVINDA DE FARIAS,Não informado,E/F AO RESTAURATE UDON,BOA VIAGEM,SUBURBIO,ABALROAMENTO TRANSVERSAL,COLISAO COM VITIMAS,2.0,1.0,0.0,0.0,0.0,0.0,0.0,0.0,0.0,1.0,0.0,Longo da via,Bom,Não existe,Perfeito estado,Seca,Perfeito estado,Não existe,Não há placas,60.0,Única,Não existe,Não informado,2020,3,13,4,21.0
2020-03-13,22:04:00,SEM VÍTIMA,FINALIZADA,ÁGUA FRIA,EST VELHA DE AGUA FRIA,Não informado,POSTO DE COMBUSTÍVEL NORTE GAS,ÁGUA FRIA,SUBURBIO,ABALROAMENTO TRANSVERSAL,COLISAO S/ VITIMAS,1.0,1.0,0.0,0.0,0.0,1.0,0.0,0.0,0.0,0.0,0.0,Não informado,Bom,Não existe,Perfeito estado,Seca,Perfeito estado,Outros,Outras,60.0,Dupla,Faixa seccionada,Não informado,2020,3,13,4,22.0
2020-03-13,22:15:00,SEM VÍTIMA,FINALIZADA,ESPINHEIRO,RUA DA HORA,Não informado,CAFE SEU PORQUIN,ESPINHEIRO,SUBURBIO,CHOQUE OBJETO FIXO,AUTO COLIDIU COM POSTE,1.0,1.0,0.0,0.0,0.0,0.0,0.0,0.0,0.0,0.0,0.0,Longo da via,Bom,Não existe,Incompleta,Seca,Perfeito estado,Não existe,R-6a,60.0,Única,Não existe,Não informado,2020,3,13,4,22.0
2020-03-14,02:35:00,SEM VÍTIMA,FINALIZADA,SANTO AMARO,AV GOVERNADOR AGAMENON MAGALHAES,AV DR JAYME DA FONTE,PRÓXIMO AO CAMPO DO 11,SANTO AMARO,SUBURBIO,ABALROAMENTO TRANSVERSAL,COLISÃO ENTRE DOIS AUTOS- S/V,2.0,1.0,0.0,0.0,0.0,0.0,0.0,0.0,0.0,0.0,0.0,Cruzamento,Chuvoso,Sem defeito,Perfeito estado,Molhada,Perfeito estado,Faixa de pedestre,Outras,60.0,Dupla,Faixa seccionada,Não informado,2020,3,14,5,2.0
2020-03-14,06:42:00,SEM VÍTIMA,CANCELADA,TORRE,RUA MARCOS ANDRE,Não informado,CARREFUOR DA TORRE,TORRE,Não informado,CHOQUE OBJETO FIXO,VEICULO SE CHOCOU CONTA O MURO DO PREDIO,1.0,1.0,0.0,0.0,0.0,0.0,0.0,0.0,0.0,0.0,0.0,Não informado,Não informado,Não informado,Não informado,Não informado,Não informado,Não informado,Não informado,60.0,Não informado,Não informado,Não informado,2020,3,14,5,6.0
2020-03-14,08:35:00,COM VÍTIMA,FINALIZADA,TAMARINEIRA,EST VELHA DE AGUA FRIA,AV NORTE,E/F ATALANTA COLCHÕES ORTOBOM,TAMARINEIRA,SUBURBIO,CHOQUE OBJETO FIXO,CHOQUE COM PRISMAS DE CONCRETO - DELTA I.C.,1.0,1.0,0.0,0.0,0.0,0.0,0.0,0.0,0.0,1.0,0.0,Longo da via,Bom,Não existe,Perfeito estado,Seca,Perfeito estado,Não existe,R-6a,60.0,Dupla,Faixa seccionada,Não informado,2020,3,14,5,8.0
2020-03-14,09:49:00,SEM VÍTIMA,FINALIZADA,AFOGADOS,RUA NICOLAU PEREIRA,RUA DO ACRE,MERCADO DE AFOGADOS,AFOGADOS,Não informado,ABALROAMENTO TRANSVERSAL,DOIS AUTOS / VT 24 NO QTH,2.0,1.0,0.0,0.0,0.0,0.0,0.0,0.0,0.0,0.0,0.0,Longo da via,Bom,Não informado,Perfeito estado,Seca,Perfeito estado,Não informado,Não informado,60.0,Única,Não informado,Não informado,2020,3,14,5,9.0