data,hora,natureza_acidente,situacao,bairro,endereco,detalhe_endereco_acidente,complemento,bairro_cruzamento,sentido_via,tipo,descricao,auto,moto,ciclom,ciclista,pedestre,onibus,caminhao,viatura,outros,vitimas,vitimasfatais,acidente_verificado,tempo_clima,situacao_semaforo,sinalizacao,condicao_via,conservacao_via,ponto_controle,situacao_placa,velocidade_max_via,mao_direcao,divisao_via1,natureza,ano,mes,dia,dia_semana,hora_ocorrencia
2020-03-14,10:27:00,SEM VÍTIMA,FINALIZADA,SANTO AMARO,AV GOVERNADOR AGAMENON MAGALHAES,Não informado,OPOSTO A UPE,SANTO AMARO,CIDADE,ABALROAMENTO LONGITUDINAL,COLISÃO SEM VITIMAS,1.0,1.0,0.0,0.0,0.0,0.0,1.0,0.0,0.0,0.0,0.0,Longo da via,Bom,Sem defeito,Perfeito estado,Seca,Perfeito estado,Não existe,R-19,60.0,Única,Faixa seccionada,Não informado,2020,3,14,5,10.0
2020-03-14,11:19:00,SEM VÍTIMA,FINALIZADA,IMBIRIBEIRA,RUA JOAQUIM BANDEIRA,AV SUL,SOB O PONTILHÃO DO METRO RECIFE,IMBIRIBEIRA,CIDADE,ABALROAMENTO LONGITUDINAL,COLISÃO SEM VITIMAS,2.0,1.0,0.0,0.0,0.0,0.0,0.0,0.0,0.0,0.0,0.0,Cruzamento,Bom,Não existe,Perfeito estado,Seca,Perfeito estado,Não existe,Placas Pare,60.0,Única,Faixa seccionada,Não informado,2020,3,14,5,11.0
2020-03-14,11:57:00,SEM VÍTIMA,FINALIZADA,BOA VIAGEM,RUA VISCONDE DE JEQUITINHONHA,RUA BARAO DE SOUZA LEAO,Não informado,BOA VIAGEM,Não informado,ABALROAMENTO LONGITUDINAL,COLISÃO ENTRE DOIS AUTOS,1.0,1.0,0.0,0.0,0.0,1.0,0.0,0.0,0.0,0.0,0.0,Cruzamento,Bom,Sem defeito,Perfeito estado,Seca,Perfeito estado,Faixa de pedestre,R-6a,60.0,Única,Faixa seccionada,Não informado,2020,3,14,5,11.0
2020-03-14,13:26:00,SEM VÍTIMA,FINALIZADA,AFLITOS,AV SANTOS DUMONT,Não informado,ESQUINA COM A EXTRA FARMA,AFLITOS,SUBURBIO,ABALROAMENTO LONGITUDINAL,COLISAO ENTRE DOIS AUTOS S/V,2.0,1.0,0.0,0.0,0.0,0.0,0.0,0.0,0.0,0.0,0.0,Longo da via,Bom,Não existe,Perfeito estado,Seca,Perfeito estado,Não existe,Não há placas,40.0,Única,Faixa seccionada,Não informado,2020,3,14,5,13.0
2020-03-14,14:11:00,SEM VÍTIMA,FINALIZADA,CORDEIRO,AV CAXANGA,Não informado,DELICIA DA PRAZERES,CORDEIRO,Não informado,COLISÃO TRASEIRA,COLISAO ENTRE DOIS AUTO E MOTO S/V VT 24 NO LOCAL,2.0,1.0,0.0,0.0,0.0,0.0,0.0,0.0,0.0,0.0,0.0,Longo da via,Bom,Não informado,Perfeito estado,Seca,Perfeito estado,Não informado,Não informado,60.0,Dupla,Faixa seccionada,Não informado,2020,3,14,5,14.0
2020-03-14,14:38:00,SEM VÍTIMA,FINALIZADA,IPSEP,RUA SATURNINO MEIRELES,AV RAIMUNDO DINIZ,PRÓXIMO A DELEGACIA DO IPSEP,IPSEP,SUBURBIO,ABALROAMENTO TRANSVERSAL,COLISÃO SEM VÍTIMA,2.0,1.0,0.0,0.0,0.0,0.0,0.0,0.0,0.0,0.0,0.0,Cruzamento,Bom,Não existe,Perfeito estado,Seca,Perfeito estado,Não informado,Placas Pare,60.0,Não informado,Não informado,Não informado,2020,3,14,5,14.0
2020-03-14,15:54:00,SEM VÍTIMA,FINALIZADA,AFOGADOS,RUA SAO MIGUEL,RUA LUIZ PEREIRA DE FARIAS,DROGARIA BONGI,AFOGADOS,SUBURBIO,ABALROAMENTO TRANSVERSAL,COLISÃO SEM VÍTIMA,2.0,1.0,0.0,0.0,0.0,0.0,0.0,0.0,0.0,0.0,0.0,Não informado,Bom,Não existe,Não existente,Seca,Perfeito estado,Não existe,Não há placas,60.0,Não informado,Não informado,Não informado,2020,3,14,5,15.0
2020-03-14,16:05:00,SEM VÍTIMA,CANCELADA,IBURA,RUA TERRA BRANCA,Não informado,NO TERMINAL DE TRES CARNEIRO BAIXO,IBURA,Não informado,COLISÃO,COLISAO ENTRE AUTO E ONIBUS S/V,1.0,1.0,0.0,0.0,0.0,1.0,0.0,0.0,0.0,0.0,0.0,Não informado,Não informado,Não informado,Não informado,Não informado,Não informado,Não informado,Não informado,60.0,Não informado,Não informado,Não informado,2020,3,14,5,16.0
2020-03-14,17:52:00,COM VÍTIMA,CANCELADA,IPUTINGA,AV CAXANGA,Não informado,PROX AO ANTIGO PERNAMBUCO DA SORTE,IPUTINGA,Não informado,COLISÃO,COLISAO COM VITIMAS,1.0,1.0,0.0,0.0,0.0,0.0,0.0,0.0,0.0,1.0,0.0,Não informado,Não informado,Não informado,Não informado,Não informado,Não informado,Não informado,Não informado,60.0,Não informado,Não informado,Não informado,2020,3,14,5,17.0
2020-03-14,18:20:00,SEM VÍTIMA,FINALIZADA,BOA VISTA,AV CONDE DA BOA VISTA,RUA GONCALVES MAIA,SOB O SEMÁFORO 299,BOA VISTA,SUBURBIO,ABALROAMENTO LONGITUDINAL,GOL X CAMINHAO,1.0,1.0,0.0,0.0,0.0,0.0,1.0,0.0,0.0,0.0,0.0,Cruzamento,Bom,Sem defeito,Perfeito estado,Seca,Perfeito estado,Outros,R-6a,60.0,Única,Não existe,Não informado,2020,3,14,5,18.0
2020-03-14,18:41:00,SEM VÍTIMA,CANCELADA,IPSEP,RUA JEAN EMILE FAVRE,Não informado,PROX A ESCOLA ELEANOR ROOSEVELT,IPSEP,Não informado,COLISÃO,COLISAO SEM VITIMAS,1.0,1.0,0.0,0.0,0.0,1.0,0.0,0.0,0.0,0.0,0.0,Não informado,Não informado,Não informado,Não informado,Não informado,Não informado,Não informado,Não informado,60.0,Não informado,Não informado,Não informado,2020,3,14,5,18.0
2020-03-14,21:05:00,SEM VÍTIMA,FINALIZADA,CASA FORTE,AV DEZESSETE DE AGOSTO,Não informado,BAR REAL,CASA FORTE,CIDADE,ABALROAMENTO LONGITUDINAL,ONIBUS X POLO,1.0,1.0,0.0,0.0,0.0,1.0,0.0,0.0,0.0,0.0,0.0,Não informado,Bom,Não existe,Perfeito estado,Seca,Perfeito estado,Não existe,Não há placas,60.0,Dupla,Faixa contínua,Não informado,2020,3,14,5,21.0
2020-03-14,21:53:00,SEM VÍTIMA,FINALIZADA,VASCO DA GAMA,RUA LUIZ CESARIO DE MELO,Não informado,Não informado,VASCO DA GAMA,SUBURBIO,CHOQUE VEÍCULO PARADO,SPIN X SIENA,2.0,1.0,0.0,0.0,0.0,0.0,0.0,0.0,0.0,0.0,0.0,Longo da via,Bom,Não existe,Ilegível,Seca,Mal iluminada,Não existe,Não há placas,60.0,Dupla,Não existe,Não informado,2020,3,14,5,21.0
2020-03-15,00:24:00,SEM VÍTIMA,CANCELADA,IPUTINGA,EST DO BARBALHO,Não informado,EM FRENTE A SEDE DO DETRAN- PROX DO OXENTE COMIDA NORDESTINA,IPUTINGA,Não informado,COLISÃO,COLISÃO ENTRE AUTO E MOTO S/V,1.0,1.0,0.0,0.0,0.0,0.0,0.0,0.0,0.0,0.0,0.0,Não informado,Não informado,Não informado,Não informado,Não informado,Não informado,Não informado,Não informado,60.0,Não informado,Não informado,Não informado,2020,3,15,6,0.0
2020-03-15,11:25:00,SEM VÍTIMA,FINALIZADA,BOA VIAGEM,AV BOA VIAGEM,RUA PROFESSOR JOSE BRANDAO,Não informado,BOA VIAGEM,SUBURBIO,CHOQUE VEÍCULO PARADO,TRES AUTOS /  GM DOUGLAS FEZ A SITUAÇAO,3.0,1.0,0.0,0.0,0.0,0.0,0.0,0.0,0.0,0.0,0.0,Não informado,Chuvoso,Não existe,Perfeito estado,Molhada,Perfeito estado,Faixa de pedestre,R-6a,60.0,Única,Faixa seccionada,Não informado,2020,3,15,6,11.0
2020-03-15,11:57:00,SEM VÍTIMA,FINALIZADA,BOA VIAGEM,RUA DEZ DE JULHO,RUA CAMBOIM,Não informado,BOA VIAGEM,SUBURBIO,ABALROAMENTO TRANSVERSAL,COLISAO S/ VITIMA ENTRE DOIS VEICULOS. VT: 28 NO LOCAL,2.0,1.0,0.0,0.0,0.0,0.0,0.0,0.0,0.0,0.0,0.0,Cruzamento,Chuvoso,Não existe,Perfeito estado,Seca,Perfeito estado,Não existe,Placas Pare,60.0,Única,Faixa seccionada,Não informado,2020,3,15,6,11.0
2020-03-15,12:24:00,SEM VÍTIMA,FINALIZADA,MADALENA,AV VISCONDE DE ALBUQUERQUE,Não informado,LIDER,MADALENA,SUBURBIO,ABALROAMENTO TRANSVERSAL,COLISAO S/ VITIMA ENTRE VEICULOS,2.0,1.0,0.0,0.0,0.0,0.0,0.0,0.0,0.0,0.0,0.0,Longo da via,Bom,Sem defeito,Perfeito estado,Seca,Perfeito estado,Outros,Outras,60.0,Única,Faixa seccionada,Não informado,2020,3,15,6,12.0
2020-03-15,13:16:00,COM VÍTIMA,FINALIZADA,IPUTINGA,AV MAURICIO DE NASSAU,Não informado,EM FRENTE AO PARQUE CAIARA,IPUTINGA,CIDADE,ABALROAMENTO TRANSVERSAL,COLISAO COM VITIMA ENTRE VEICULO E MOTO,1.0,1.0,0.0,0.0,0.0,0.0,0.0,0.0,0.0,1.0,0.0,Longo da via,Bom,Sem defeito,Perfeito estado,Seca,Perfeito estado,Faixa de pedestre,R-19,40.0,Dupla,Faixa contínua,Não informado,2020,3,15,6,13.0
2020-03-15,16:38:00,SEM VÍTIMA,FINALIZADA,Não informado,COR DO BARTOLOMEU,AV NORTE,LADO OPOSTO A FARMÁCIA PAGUE MENOS,Não informado,SUBURBIO,COLISÃO TRASEIRA,COLISAO S/ VITIMA ENTRE DOIS VEICULOS,2.0,1.0,0.0,0.0,0.0,0.0,0.0,0.0,0.0,0.0,0.0,Cruzamento,Bom,Sem defeito,Perfeito estado,Seca,Perfeito estado,Faixa de pedestre,R-6a,60.0,Dupla,Não existe,Não informado,2020,3,15,6,16.0
2020-03-15,17:20:00,SEM VÍTIMA,FINALIZADA,GRAÇAS,RUA AMELIA,Não informado,SOB O SEMÁFORO 177,GRAÇAS,CIDADE,ABALROAMENTO LONGITUDINAL,COLISAO S/ VITIMA// ENTRE DOIS VEICULOS,2.0,1.0,0.0,0.0,0.0,0.0,0.0,0.0,0.0,0.0,0.0,Longo da via,Bom,Sem defeito,Perfeito estado,Seca,Perfeito estado,Faixa de pedestre,Não informado,60.0,Única,Faixa seccionada,Não informado,2020,3,15,6,17.0
2020-03-15,19:02:00,SEM VÍTIMA,FINALIZADA,AREIAS,AV RECIFE,Não informado,LADO OPOSTO AO GALETUS,AREIAS,Não informado,COLISÃO TRASEIRA,SIENA X PALIO,2.0,1.0,0.0,0.0,0.0,0.0,0.0,0.0,0.0,0.0,0.0,Longo da via,Bom,Sem defeito,Perfeito estado,Seca,Perfeito estado,Não informado,Não informado,60.0,Dupla,Não informado,Não informado,2020,3,15,6,19.0
2020-03-15,19:41:00,SEM VÍTIMA,FINALIZADA,TORRÕES,AV ENGENHEIRO ABDIAS DE CARVALHO,Não informado,RESTAURANTE KIYOI,TORRÕES,SUBURBIO,COLISÃO TRASEIRA,ONIBUS E AUTO,1.0,1.0,0.0,0.0,0.0,1.0,0.0,0.0,0.0,0.0,0.0,Longo da via,Chuvoso,Sem defeito,Perfeito estado,Molhada,Perfeito estado,Faixa de pedestre,Não há placas,60.0,Dupla,Faixa contínua,Não informado,2020,3,15,6,19.0
2020-03-15,23:31:00,COM VÍTIMA,FINALIZADA,BOA VIAGEM,RUA ERNESTO DE PAULA SANTOS,Não informado,ENF. A FARMACIA INDEPENDENTE E DROGASIL // SENTIDO ORLA,BOA VIAGEM,SUBURBIO,ABALROAMENTO TRANSVERSAL,HB 20 X MOTO,1.0,1.0,0.0,0.0,0.0,0.0,0.0,0.0,0.0,2.0,0.0,Longo da via,Chuvoso,Não informado,Perfeito estado,Molhada,Perfeito estado,Não existe,Não há placas,60.0,Única,Faixa seccionada,Não informado,2020,3,15,6,23.0
2020-03-15,23:38:00,SEM VÍTIMA,CANCELADA,ÁGUA FRIA,RUA DO MACHADO,RUA MANOEL SILVA,PROX AO CLUBE IRRESPONSAVES,ÁGUA FRIA,Não informado,COLISÃO,DOIS ONIX E UMA RESIDENCIA  OBS: SUSPEITA DE EMBRIAGUEZ POLICIAS NO LOCAL,2.0,1.0,0.0,0.0,0.0,0.0,0.0,0.0,0.0,0.0,0.0,Não informado,Não informado,Não informado,Não informado,Não informado,Não informado,Não informado,Não informado,60.0,Não informado,Não informado,Não informado,2020,3,15,6,23.0
2020-03-16,00:09:00,SEM VÍTIMA,FINALIZADA,BOA VIAGEM,RUA RIBEIRO DE BRITO,RUA AMALIA BERNARDINO DE SOUZA,Não informado,BOA VIAGEM,SUBURBIO,ABALROAMENTO TRANSVERSAL,COLISÃO ENTRE DOIS AUTOS S/V,2.0,1.0,0.0,0.0,0.0,0.0,0.0,0.0,0.0,0.0,0.0,Cruzamento,Chuvoso,Não existe,Incompleta,Molhada,Perfeito estado,Não existe,R-6a,60.0,Única,Faixa seccionada,Não informado,2020,3,16,0,0.0
2020-03-16,02:21:00,SEM VÍTIMA,FINALIZADA,BOA VIAGEM,RUA BRUNO VELOSO,AV CONSELHEIRO AGUIAR,OPOSTO A DROGASIL,BOA VIAGEM,CIDADE,ABALROAMENTO TRANSVERSAL,COLISÃO ENTRE DOIS AUTOS S/V,2.0,1.0,0.0,0.0,0.0,0.0,0.0,0.0,0.0,0.0,0.0,Longo da via,Chuvoso,Sem defeito,Perfeito estado,Molhada,Perfeito estado,Faixa de retenção,Não há placas,60.0,Única,Faixa seccionada,Não informado,2020,3,16,0,2.0
2020-03-16,06:21:00,SEM VÍTIMA,FINALIZADA,PRADO,AV ENGENHEIRO ABDIAS DE CARVALHO,Não informado,EM FRENTE A FACULDADE ESTÁCIO,PRADO,CIDADE,COLISÃO TRASEIRA,COLISÃO S/VITIMAS ENTRE DOIS AUTOS,1.0,1.0,0.0,0.0,0.0,1.0,0.0,0.0,0.0,0.0,0.0,Longo da via,Chuvoso,Sem defeito,Perfeito estado,Seca,Perfeito estado,Faixa de pedestre,R-6a,60.0,Dupla,Canteiro central,Não informado,2020,3,16,0,6.0
2020-03-16,07:08:00,SEM VÍTIMA,FINALIZADA,SÃO JOSÉ,AV SUL,Não informado,EM FRENTE A GALVANIZAÇÃO SUL,SÃO JOSÉ,Não informado,COLISÃO TRASEIRA,COLISÃO S/VITIMAS ENTRE DOIS AUTOS E UM ONIBUS,2.0,1.0,0.0,0.0,0.0,1.0,0.0,0.0,0.0,0.0,0.0,Longo da via,Chuvoso,Sem defeito,Perfeito estado,Molhada,Perfeito estado,Faixa de retenção,Outras,60.0,Dupla,Canteiro central,Não informado,2020,3,16,0,7.0
2020-03-16,07:22:00,SEM VÍTIMA,CANCELADA,JARDIM SÃO PAULO,AV LIBERDADE,Não informado,E/F AO CENTRO DEPOSTIVO DE FISIOTERAPIA,JARDIM SÃO PAULO,Não informado,COLISÃO,COLISÃO S/VITIMAS ENTRE DOIS AUTOS,2.0,1.0,0.0,0.0,0.0,0.0,0.0,0.0,0.0,0.0,0.0,Não informado,Não informado,Não informado,Não informado,Não informado,Não informado,Não informado,Não informado,60.0,Não informado,Não informado,Não informado,2020,3,16,0,7.0
2020-03-16,07:28:00,SEM VÍTIMA,FINALIZADA,ENCRUZILHADA,EST DE BELEM,Não informado,EM FRENTE A FARMACIA PAGUE MENOS,ENCRUZILHADA,Não informado,COLISÃO,COLISÃO SEM VITIMAS,1.0,1.0,0.0,0.0,0.0,1.0,0.0,0.0,0.0,0.0,0.0,Não informado,Não informado,Não informado,Não informado,Não informado,Não informado,Não informado,Não informado,60.0,Não informado,Não informado,Não informado,2020,3,16,0,7.0
2020-03-16,07:43:00,SEM VÍTIMA,FINALIZADA,DERBY,RUA JENER DE SOUZA,PRC DO DERBY,EM FRENTE AO QUARTEL DO DERBY,DERBY,SUBURBIO,COLISÃO FRONTAL,AMBULANCIA E AUTO PONTO FIXO GM´S JEFERSON JOSE E JOSY CARLA COIMBRA,2.0,1.0,0.0,0.0,0.0,0.0,0.0,0.0,0.0,0.0,0.0,Cruzamento,Chuvoso,Sem defeito,Perfeito estado,Molhada,Perfeito estado,Faixa de pedestre,Não informado,60.0,Dupla,Não existe,Não informado,2020,3,16,0,7.0
2020-03-16,08:01:00,COM VÍTIMA,FINALIZADA,ROSARINHO,AV SANTOS DUMONT,Não informado,EM FRENTE A  FARMACIA BONGI,ROSARINHO,Não informado,ABALROAMENTO TRANSVERSAL,COLISÃO COM VITIMA VT 13 GM JARBAS OLIVEIRA QTH,1.0,1.0,0.0,0.0,0.0,0.0,0.0,0.0,0.0,1.0,0.0,Esquina,Chuvoso,Não existe,Perfeito estado,Seca,Perfeito estado,Não existe,Outras,60.0,Única,Faixa seccionada,Não informado,2020,3,16,0,8.0
2020-03-16,08:08:00,COM VÍTIMA,FINALIZADA,DERBY,AV GOVERNADOR AGAMENON MAGALHAES,Não informado,LADO OPOSTO AO HOSPITAL DA RESTAURAÇÃO,DERBY,OLINDA,ATROPELAMENTO,Não informado,1.0,1.0,0.0,0.0,1.0,0.0,0.0,0.0,0.0,1.0,0.0,Longo da via,Chuvoso,Sem defeito,Perfeito estado,Molhada,Perfeito estado,Agente,Outras,60.0,Dupla,Canteiro central,Não informado,2020,3,16,0,8.0
2020-03-16,08:41:00,SEM VÍTIMA,FINALIZADA,ESPINHEIRO,RUA BARAO DE ITAMARACA,RUA RUI CALACA,PRÓXIMO A DISTRIBUIDORA GENTINGE,ESPINHEIRO,CIDADE,ABALROAMENTO TRANSVERSAL,DOIS AUTOS,2.0,1.0,0.0,0.0,0.0,0.0,0.0,0.0,0.0,0.0,0.0,Não informado,Bom,Não existe,Perfeito estado,Seca,Perfeito estado,Não informado,Outras,60.0,Dupla,Faixa contínua,Não informado,2020,3,16,0,8.0
2020-03-16,08:46:00,SEM VÍTIMA,FINALIZADA,MADALENA,AV CAXANGA,Não informado,LADO OPOSTO AO COLÉGIO CFI,MADALENA,CIDADE,COLISÃO TRASEIRA,SEM VITIMAS ENTRE 3 VEICULOS,3.0,1.0,0.0,0.0,0.0,0.0,0.0,0.0,0.0,0.0,0.0,Longo da via,Chuvoso,Sem defeito,Perfeito estado,Molhada,Perfeito estado,Não informado,Não informado,60.0,Dupla,Faixa contínua,Não informado,2020,3,16,0,8.0
2020-03-16,09:00:00,COM VÍTIMA,FINALIZADA,TAMARINEIRA,EST VELHA DE AGUA FRIA,Não informado,EM FRENTE AO DNOCS,TAMARINEIRA,Não informado,COLISÃO TRASEIRA,COLISÃO ENTRE UM AUTO E MOTO,1.0,1.0,0.0,0.0,0.0,0.0,0.0,0.0,0.0,1.0,0.0,Longo da via,Chuvoso,Sem defeito,Perfeito estado,Seca,Perfeito estado,Não informado,R-6a,60.0,Dupla,Faixa contínua,Não informado,2020,3,16,0,9.0
2020-03-16,11:13:00,SEM VÍTIMA,FINALIZADA,CASA AMARELA,AV NORTE,Não informado,Não informado,CASA AMARELA,SUBURBIO,COLISÃO TRASEIRA,COLISÃO S/VITIMAS ENTRE DOIS AUTOS (GM FÁBIO PARAISO E GILSON ALVES NO QTH),2.0,1.0,0.0,0.0,0.0,0.0,0.0,0.0,0.0,0.0,0.0,Cruzamento,Bom,Sem defeito,Perfeito estado,Seca,Perfeito estado,Agente,Outras,60.0,Dupla,Canteiro central,Não informado,2020,3,16,0,11.0
2020-03-16,12:07:00,COM VÍTIMA,FINALIZADA,BOA VIAGEM,TRV DR PEDRO DE MELO CAHU,RUA PROFESSOR JOSE BRANDAO,NA RUA POR TRAS DO COLEGIO BOA VIAGEM,BOA VIAGEM,Não informado,ABALROAMENTO TRANSVERSAL,COLISAO ENTRE AUTO E MOTO S/V,1.0,1.0,0.0,0.0,0.0,0.0,0.0,0.0,0.0,1.0,0.0,Cruzamento,Bom,Não existe,Incompleta,Seca,Perfeito estado,Não existe,Não há placas,60.0,Dupla,Faixa seccionada,Não informado,2020,3,16,0,12.0
2020-03-16,12:32:00,SEM VÍTIMA,CANCELADA,MANGABEIRA,RUA NICEAS ARCOVERDE GUSMAO,Não informado,EM FRENTE A ESCOLA MUNICIPAL DA MANGABEIRA,MANGABEIRA,Não informado,COLISÃO,COLISÃO SEM VÍTIMA,2.0,1.0,0.0,0.0,0.0,0.0,0.0,0.0,0.0,0.0,0.0,Não informado,Não informado,Não informado,Não informado,Não informado,Não informado,Não informado,Não informado,60.0,Não informado,Não informado,Não informado,2020,3,16,0,12.0
2020-03-16,12:38:00,COM VÍTIMA,FINALIZADA,MADALENA,AV CAXANGA,Não informado,E/F AO COMPAZ S/T CID,MADALENA,CIDADE,COLISÃO COM CICLISTA,COLISAO ENTRE ONIBUS E CICLISTA COM UMA VITIMA,1.0,1.0,0.0,1.0,0.0,1.0,0.0,0.0,0.0,1.0,0.0,Longo da via,Chuvoso,Sem defeito,Perfeito estado,Molhada,Perfeito estado,Faixa de pedestre,Outras,60.0,Dupla,Faixa contínua,Não informado,2020,3,16,0,12.0
2020-03-16,12:51:00,COM VÍTIMA,FINALIZADA,IMBIRIBEIRA,AV SUL,RUA JOAQUIM BANDEIRA,E/F AO PONTILHAO DO METRO,IMBIRIBEIRA,CIDADE,ABALROAMENTO TRANSVERSAL,Não informado,1.0,1.0,0.0,0.0,0.0,0.0,0.0,0.0,0.0,1.0,0.0,Cruzamento,Bom,Não existe,Perfeito estado,Seca,Perfeito estado,Não existe,Placas Pare,60.0,Única,Faixa contínua,Não informado,2020,3,16,0,12.0
2020-03-16,13:01:00,SEM VÍTIMA,FINALIZADA,GRAÇAS,RUA CARDEAL ARCOVERDE,Não informado,Não informado,GRAÇAS,SUBURBIO,ABALROAMENTO LONGITUDINAL,COLISAO ENTRE TRES AUTOS S/V,2.0,1.0,0.0,0.0,0.0,0.0,0.0,0.0,0.0,0.0,0.0,Longo da via,Bom,Não existe,Perfeito estado,Seca,Perfeito estado,Outros,Não há placas,60.0,Única,Não existe,Não informado,2020,3,16,0,13.0
2020-03-16,13:03:00,COM VÍTIMA,FINALIZADA,BOA VIAGEM,AV ENGENHEIRO DOMINGOS FERREIRA,Não informado,EM FRENTE AO WALMART,BOA VIAGEM,SUBURBIO,ATROPELAMENTO,ATROPELAMENTO COM VÍTIMA,1.0,1.0,0.0,0.0,1.0,0.0,0.0,0.0,0.0,1.0,0.0,Cruzamento,Bom,Sem defeito,Perfeito estado,Seca,Perfeito estado,Não informado,Não há placas,60.0,Única,Faixa contínua,Não informado,2020,3,16,0,13.0
2020-03-16,13:33:00,SEM VÍTIMA,FINALIZADA,DERBY,RUA AMARO BEZERRA,Não informado,E/F A FARMÁCIA DROGASIL,DERBY,CIDADE,ABALROAMENTO LONGITUDINAL,COLISAO ENTRE AUTO E CAMINHAO S/V,1.0,1.0,0.0,0.0,0.0,1.0,0.0,0.0,0.0,0.0,0.0,Outros,Bom,Não existe,Incompleta,Seca,Perfeito estado,Não informado,Placas Pare,60.0,Única,Não existe,Não informado,2020,3,16,0,13.0
2020-03-16,13:48:00,SEM VÍTIMA,FINALIZADA,MADALENA,AV ENGENHEIRO ABDIAS DE CARVALHO,Não informado,E/F A BOB´S,MADALENA,CIDADE,COLISÃO TRASEIRA,COLISAO ENTRE AUTO E MOTO GM FABIO E WELINGTON NO LOCAL,1.0,1.0,0.0,0.0,0.0,0.0,0.0,0.0,0.0,0.0,0.0,Cruzamento,Bom,Sem defeito,Perfeito estado,Seca,Perfeito estado,Agente,Outras,60.0,Dupla,Canteiro central,Não informado,2020,3,16,0,13.0
2020-03-16,14:04:00,COM VÍTIMA,FINALIZADA,PARNAMIRIM,AV DEZESSETE DE AGOSTO,Não informado,AO LADO DA CULTURA INGLESA,PARNAMIRIM,Não informado,COLISÃO TRASEIRA,COLISAO ENTRE AUTO E MOTO COM UMA VITIMA,1.0,1.0,0.0,0.0,0.0,0.0,0.0,0.0,0.0,1.0,0.0,Longo da via,Bom,Sem defeito,Perfeito estado,Seca,Perfeito estado,Faixa de retenção,Outras,60.0,Dupla,Faixa contínua,Não informado,2020,3,16,0,14.0
2020-03-16,14:22:00,SEM VÍTIMA,FINALIZADA,Não informado,Não informado,Não informado,PISTA LOCAL DA AVENIDA TIMBÓ ( PISTA LESTE),Não informado,Não informado,COLISÃO TRASEIRA,COLISAO S/ VITIMA ENTRE DOIS VEICULOS,2.0,1.0,0.0,0.0,0.0,0.0,0.0,0.0,0.0,0.0,0.0,Longo da via,Bom,Não existe,Não existente,Seca,Perfeito estado,Não existe,Não há placas,60.0,Dupla,Não existe,Não informado,2020,3,16,0,14.0
2020-03-16,14:29:00,SEM VÍTIMA,CANCELADA,TORRE,RUA CONS THEODORO,Não informado,PROXIMO A PRAÇA DA TORRE,TORRE,Não informado,COLISÃO,COLISÃO SEM VÍTIMA,2.0,1.0,0.0,0.0,0.0,0.0,0.0,0.0,0.0,0.0,0.0,Não informado,Não informado,Não informado,Não informado,Não informado,Não informado,Não informado,Não informado,60.0,Não informado,Não informado,Não informado,2020,3,16,0,14.0
2020-03-16,15:03:00,SEM VÍTIMA,CANCELADA,GRAÇAS,AV RUI BARBOSA,Não informado,AO LADO DO BANCO ITAU// EM FRENTE AO TRIBUNAL REGINAL ELEITORAL,GRAÇAS,Não informado,COLISÃO,COLISAO S/ VITIMA ENTRE ONIBUS E TRICICULO,2.0,1.0,0.0,0.0,0.0,0.0,0.0,0.0,0.0,0.0,0.0,Não informado,Não informado,Não informado,Não informado,Não informado,Não informado,Não informado,Não informado,60.0,Não informado,Não informado,Não informado,2020,3,16,0,15.0
2020-03-16,15:03:00,SEM VÍTIMA,FINALIZADA,IMBIRIBEIRA,RUA JULIO VERNE,RUA ARQUITETO LUIZ NUNES,LADO OPOSTO A PAPELARIA BORGES,IMBIRIBEIRA,SUBURBIO,COLISÃO FRONTAL,COLISAO ENTRE AUTO E MOTO S/V,1.0,1.0,0.0,0.0,0.0,0.0,0.0,0.0,0.0,0.0,0.0,Cruzamento,Bom,Não existe,Incompleta,Seca,Perfeito estado,Não existe,Outras,40.0,Não informado,Faixa seccionada,Não informado,2020,3,16,0,15.0
2020-03-16,15:19:00,SEM VÍTIMA,FINALIZADA,BOA VIAGEM,AV ENGENHEIRO DOMINGOS FERREIRA,Não informado,EM FRENTE A ADROALDO TAPETES,BOA VIAGEM,Não informado,COLISÃO FRONTAL,COLISÃO SEM VÍTIMA,3.0,1.0,0.0,0.0,0.0,0.0,0.0,0.0,0.0,0.0,0.0,Longo da via,Bom,Não existe,Perfeito estado,Seca,Perfeito estado,Não existe,Não informado,60.0,Única,Faixa seccionada,Não informado,2020,3,16,0,15.0
2020-03-16,15:33:00,SEM VÍTIMA,FINALIZADA,VÁRZEA,RUA GASTAO VIDIGAL,AV JOAQUIM RIBEIRO,PRÓXIMO A UPA DA CAXANGÁ,VÁRZEA,CIDADE,ABALROAMENTO TRANSVERSAL,COLISAO ENTRE DOIS AUTOS S/V,2.0,1.0,0.0,0.0,0.0,0.0,0.0,0.0,0.0,0.0,0.0,Cruzamento,Bom,Sem defeito,Perfeito estado,Seca,Perfeito estado,Agente,Não informado,60.0,Dupla,Faixa contínua,Não informado,2020,3,16,0,15.0
2020-03-16,15:52:00,SEM VÍTIMA,FINALIZADA,PRADO,RUA CARLOS GOMES,RUA PADRE TEOFILO TWORZ,AO LADO DO POSTE Nº B 035100,PRADO,Não informado,ABALROAMENTO TRANSVERSAL,COLISÃO SEM VÍTIMA,1.0,1.0,0.0,0.0,0.0,0.0,1.0,0.0,0.0,0.0,0.0,Cruzamento,Bom,Não existe,Não informado,Seca,Não informado,Não existe,Placas Pare,60.0,Única,Faixa seccionada,Não informado,2020,3,16,0,15.0