data,hora,natureza_acidente,situacao,bairro,endereco,detalhe_endereco_acidente,complemento,bairro_cruzamento,sentido_via,tipo,descricao,auto,moto,ciclom,ciclista,pedestre,onibus,caminhao,viatura,outros,vitimas,vitimasfatais,acidente_verificado,tempo_clima,situacao_semaforo,sinalizacao,condicao_via,conservacao_via,ponto_controle,situacao_placa,velocidade_max_via,mao_direcao,divisao_via1,natureza,ano,mes,dia,dia_semana,hora_ocorrencia
2020-03-21,11:30:00,COM VÍTIMA,FINALIZADA,CASA AMARELA,AV NORTE,Não informado,E/F AO CONSELHO TUTELAR. EF RETÍFICA PADRÃO,CASA AMARELA,CIDADE,ABALROAMENTO LONGITUDINAL,COLISAO COM VITIMA,1.0,1.0,0.0,0.0,0.0,0.0,0.0,0.0,0.0,1.0,0.0,Longo da via,Bom,Não existe,Perfeito estado,Seca,Perfeito estado,Não existe,R-6a,60.0,Dupla,Canteiro central,Não informado,2020,3,21,5,11.0
2020-03-21,19:55:00,COM VÍTIMA,FINALIZADA,CORDEIRO,AV GENERAL SAN MARTIN,AV ENGENHEIRO ABDIAS DE CARVALHO,PROX AO COMPAZ // GETULIO VARGAS,CORDEIRO,CIDADE,ABALROAMENTO TRANSVERSAL,AUTO X MOTO,1.0,1.0,0.0,0.0,0.0,0.0,0.0,0.0,0.0,1.0,0.0,Cruzamento,Bom,Sem defeito,Perfeito estado,Seca,Perfeito estado,Faixa de pedestre,R-6a,60.0,Dupla,Não informado,Não informado,2020,3,21,5,19.0
2020-03-21,23:49:00,COM VÍTIMA,FINALIZADA,CAMPO GRANDE,EST DE BELEM,RUA ODORICO MENDES,ENF . ESCOLA JESUS CRUCIFICADO,CAMPO GRANDE,CIDADE,ABALROAMENTO TRANSVERSAL,ONIBUS X MOTO   OBS : NAO DA PARA VER A PLACA DA MOTO DEVIDO A MESMA ESTA POR BAIXO DO ONIBUS,1.0,1.0,0.0,0.0,0.0,1.0,0.0,0.0,0.0,1.0,0.0,Longo da via,Bom,Sem defeito,Perfeito estado,Seca,Perfeito estado,Faixa de retenção,Não há placas,60.0,Dupla,Faixa contínua,Não informado,2020,3,21,5,23.0
2020-03-22,10:30:00,COM VÍTIMA,FINALIZADA,JARDIM SÃO PAULO,AV SAO PAULO,RUA LEANDRO BARRETO,EM FRENTE A PANIFICADORA SABORES DA PRAÇA,JARDIM SÃO PAULO,SUBURBIO,COLISÃO FRONTAL,COM UMA VITIMA SENDO ATENDIDA PELOS BOMBEIROS,1.0,1.0,0.0,0.0,0.0,0.0,0.0,0.0,0.0,1.0,0.0,Longo da via,Bom,Sem defeito,Perfeito estado,Seca,Perfeito estado,Faixa de retenção,R-6a,60.0,Dupla,Não existe,Não informado,2020,3,22,6,10.0
2020-03-22,13:18:00,COM VÍTIMA,CANCELADA,COHAB,AV SERRA DA MANTIQUEIRA,Não informado,VIA RESIDENCIAL (LADEIRA DO MONTE VERDE),COHAB,Não informado,COLISÃO,COLISÃO C/VITMA ENTRE UM ONIBUS E UMA MOTO (MOTOQUEIRO SOCORRIDO POR TERCEIROS),1.0,1.0,0.0,0.0,0.0,1.0,0.0,0.0,0.0,1.0,0.0,Não informado,Não informado,Não informado,Não informado,Não informado,Não informado,Não informado,Não informado,60.0,Não informado,Não informado,Não informado,2020,3,22,6,13.0
2020-03-23,08:45:00,SEM VÍTIMA,FINALIZADA,CASA FORTE,AV DEZESSETE DE AGOSTO,RUA JOSE DE GODOY VASCONCELOS,EM  FRENTE AO EDIFICIO PRINCIPE DE GALES,CASA FORTE,CIDADE,COLISÃO,COLISÃO SEM VITIMAS  GM RENATO E WELLNGTON  QTH,1.0,1.0,0.0,0.0,0.0,0.0,0.0,0.0,0.0,0.0,0.0,Cruzamento,Bom,Não existe,Perfeito estado,Seca,Perfeito estado,Não existe,Placas Pare,60.0,Dupla,Não informado,Não informado,2020,3,23,0,8.0
2020-03-23,14:48:00,COM VÍTIMA,FINALIZADA,BOA VIAGEM,RUA BALTAZAR PASSOS,RUA SA E SOUZA,EM FRENTE A CULTURA INGLESA,BOA VIAGEM,Não informado,CHOQUE OBJETO FIXO,COLISÃO COM VÍTIMA / UM DOS VEÍCULOS SE EVADIU DO LOCAL E O VEÍCULO QUE FICOU NO LOCAL SE CHOCOU COM UMA ARVORE,1.0,1.0,0.0,0.0,0.0,0.0,0.0,0.0,0.0,2.0,0.0,Cruzamento,Bom,Não existe,Perfeito estado,Seca,Perfeito estado,Não existe,Não há placas,60.0,Única,Não existe,Não informado,2020,3,23,0,14.0
2020-03-23,17:49:00,COM VÍTIMA,FINALIZADA,CAMPO GRANDE,EST DE BELEM,RUA VINTE E QUATRO DE JUNHO,Não informado,CAMPO GRANDE,CIDADE,ABALROAMENTO TRANSVERSAL,Não informado,1.0,1.0,0.0,0.0,0.0,0.0,0.0,0.0,0.0,1.0,0.0,Esquina,Bom,Não existe,Perfeito estado,Seca,Perfeito estado,Não existe,R-6a,60.0,Dupla,Faixa contínua,Não informado,2020,3,23,0,17.0
2020-03-23,20:22:00,COM VÍTIMA,FINALIZADA,BOA VIAGEM,RUA DEZ DE JULHO,RUA CAMBOIM,NA SAÍDA DA ESTAÇÃO AEROPORTO,BOA VIAGEM,SUBURBIO,ABALROAMENTO TRANSVERSAL,ENTRE ÕNIBUS E MOTO. C/V,1.0,1.0,0.0,0.0,0.0,1.0,0.0,0.0,0.0,1.0,0.0,Cruzamento,Bom,Não existe,Perfeito estado,Seca,Perfeito estado,Não existe,Placas Pare,60.0,Única,Faixa seccionada,Não informado,2020,3,23,0,20.0
2020-03-24,01:02:00,COM VÍTIMA,FINALIZADA,SANTO AMARO,AV DR JAYME DA FONTE,AV GOVERNADOR AGAMENON MAGALHAES,PROX A CENTRAL DE FLAGRANTES,SANTO AMARO,OLINDA,ABALROAMENTO TRANSVERSAL,COLISAO COM VITIMA AUTO E MOTO,1.0,1.0,0.0,0.0,0.0,0.0,0.0,0.0,0.0,1.0,0.0,Cruzamento,Bom,Sem defeito,Perfeito estado,Seca,Perfeito estado,Faixa de pedestre,R-26,60.0,Dupla,Faixa contínua,Não informado,2020,3,24,1,1.0
2020-03-24,13:53:00,SEM VÍTIMA,FINALIZADA,PINA,RUA BARREIROS,Não informado,USF PROF. JOÃO RODRIGUES,PINA,CIDADE,CHOQUE OBJETO FIXO,FIAÇÃO EXPOSTA NA VIA APÓS CARRETA PASSAR NO LOCAL,1.0,1.0,0.0,0.0,0.0,0.0,0.0,0.0,1.0,0.0,0.0,Longo da via,Bom,Não existe,Não existente,Seca,Perfeito estado,Não existe,Não há placas,60.0,Dupla,Não existe,Não informado,2020,3,24,1,13.0
2020-03-24,17:14:00,COM VÍTIMA,FINALIZADA,TORRÕES,RUA ONZE DE FEVEREIRO,EST DO FORTE DO ARRAIAL N. DO B. JESUS,EM FRENTE A LAVANDERIA,TORRÕES,SUBURBIO,ABALROAMENTO TRANSVERSAL,C VITIMAS,1.0,1.0,0.0,0.0,0.0,0.0,0.0,0.0,0.0,1.0,0.0,Cruzamento,Bom,Não existe,Ilegível,Seca,Perfeito estado,Não existe,Placas Pare,60.0,Dupla,Faixa contínua,Não informado,2020,3,24,1,17.0
2020-03-25,08:15:00,SEM VÍTIMA,FINALIZADA,VÁRZEA,AV AFONSO OLINDENSE,Não informado,E/F A LOMBADA ELETRONICA,VÁRZEA,Não informado,CHOQUE OBJETO FIXO,COLISAO SEM VITIMAS,1.0,1.0,0.0,0.0,0.0,0.0,0.0,0.0,0.0,0.0,0.0,Não informado,Não informado,Não informado,Não informado,Não informado,Não informado,Não informado,Não informado,60.0,Não informado,Não informado,Não informado,2020,3,25,2,8.0
2020-03-25,13:14:00,SEM VÍTIMA,FINALIZADA,BOA VIAGEM,AV BOA VIAGEM,Não informado,EM FRENTE AO EDIFICIO MARIA DE LOURDES,BOA VIAGEM,Não informado,COLISÃO,COLISÃO SEM VÍTIMA,1.0,1.0,0.0,0.0,0.0,0.0,1.0,0.0,0.0,0.0,0.0,Não informado,Não informado,Não informado,Não informado,Não informado,Não informado,Não informado,Não informado,60.0,Não informado,Não informado,Não informado,2020,3,25,2,13.0
2020-03-25,13:57:00,COM VÍTIMA,FINALIZADA,BOA VIAGEM,AV CONSELHEIRO AGUIAR,RUA FELIX DE BRITO E MELO,NO SEMAFORO 546,BOA VIAGEM,CIDADE,ABALROAMENTO LONGITUDINAL,COLISA ENTRE AUTO E MOTO COM UMA VITIMA,1.0,1.0,0.0,0.0,0.0,0.0,0.0,0.0,0.0,1.0,0.0,Cruzamento,Bom,Sem defeito,Perfeito estado,Seca,Perfeito estado,Faixa de pedestre,R-6a,60.0,Única,Faixa seccionada,Não informado,2020,3,25,2,13.0
2020-03-25,23:14:00,SEM VÍTIMA,FINALIZADA,AFOGADOS,RUA SAO MIGUEL,Não informado,Não informado,AFOGADOS,SUBURBIO,ABALROAMENTO LONGITUDINAL,COLISÃO ENVOLVENDO ÔNIBUS DA ASA BRANCA E UM FOX PRETO,1.0,1.0,0.0,0.0,0.0,1.0,0.0,0.0,0.0,0.0,0.0,Longo da via,Bom,Não existe,Não existente,Seca,Perfeito estado,Não existe,Não há placas,60.0,Dupla,Não existe,Não informado,2020,3,25,2,23.0
2020-03-26,07:16:00,COM VÍTIMA,FINALIZADA,BEBERIBE,AV BEBERIBE,RUA DALVA DE OLIVEIRA,EM FRENTE A PADARIA PAM RAINHA,BEBERIBE,Não informado,ABALROAMENTO TRANSVERSAL,DUAS MOTOS E UM AUTO PASSEIO,1.0,2.0,0.0,0.0,0.0,0.0,0.0,0.0,0.0,1.0,0.0,Cruzamento,Bom,Sem defeito,Perfeito estado,Seca,Perfeito estado,Faixa de pedestre,Outras,60.0,Dupla,Faixa contínua,Não informado,2020,3,26,3,7.0
2020-03-26,12:11:00,COM VÍTIMA,FINALIZADA,IBURA,AV DOIS RIOS,Não informado,SOB O VIADUTO DA BR 101,IBURA,SUBURBIO,ATROPELAMENTO,AUTO X PEDESTRE,1.0,1.0,0.0,0.0,1.0,0.0,0.0,0.0,0.0,1.0,0.0,Longo da via,Bom,Não existe,Perfeito estado,Seca,Perfeito estado,Não existe,Não há placas,60.0,Dupla,Faixa contínua,Não informado,2020,3,26,3,12.0
2020-03-26,15:01:00,COM VÍTIMA,FINALIZADA,DOIS IRMÃOS,RUA MANUEL DE MEDEIROS,Não informado,E/F A ENTRADA DE ACESSO AO HOSPITAL VETERINÁRIO UFRPE (SENT. MACAXEIRA),DOIS IRMÃOS,CIDADE,ATROPELAMENTO,ONIBUS X PEDESTRE,1.0,1.0,0.0,0.0,1.0,1.0,0.0,0.0,0.0,1.0,0.0,Longo da via,Bom,Não existe,Incompleta,Seca,Perfeito estado,Não existe,R-6a,30.0,Dupla,Faixa seccionada,Não informado,2020,3,26,3,15.0
2020-03-26,17:33:00,COM VÍTIMA,FINALIZADA,CAMPO GRANDE,AV PROFESSOR JOSE DOS ANJOS,Não informado,CANAL DO ARRUDA,CAMPO GRANDE,Não informado,ATROPELAMENTO,ATOPELAMENTO/ C VITIMA,1.0,1.0,0.0,0.0,1.0,0.0,0.0,0.0,0.0,1.0,0.0,Não informado,Não informado,Não informado,Não informado,Não informado,Não informado,Não informado,Não informado,60.0,Não informado,Não informado,Não informado,2020,3,26,3,17.0
2020-03-26,20:29:00,COM VÍTIMA,FINALIZADA,CORDEIRO,AV MAURICIO DE NASSAU,Não informado,POR TRÁS DO PARQUE DE EXPOSIÇAO DO CORDEIRO- PROX DO GOE,CORDEIRO,Não informado,COLISÃO TRASEIRA,COLISÃO ENTRE DOIS AUTOS C/V,2.0,1.0,0.0,0.0,0.0,0.0,0.0,0.0,0.0,1.0,0.0,Longo da via,Bom,Não existe,Ilegível,Seca,Mal iluminada,Não existe,Não há placas,60.0,Dupla,Faixa contínua,Não informado,2020,3,26,3,20.0
2020-03-27,07:02:00,COM VÍTIMA,CANCELADA,ESPINHEIRO,RUA CONS PORTELA,Não informado,AO LADO DO COLEGIO ETEPAM,ESPINHEIRO,Não informado,COLISÃO,AUTO E MOTO C/V,1.0,1.0,0.0,0.0,0.0,0.0,0.0,0.0,0.0,1.0,0.0,Não informado,Não informado,Não informado,Não informado,Não informado,Não informado,Não informado,Não informado,60.0,Não informado,Não informado,Não informado,2020,3,27,4,7.0
2020-03-27,09:21:00,COM VÍTIMA,FINALIZADA,TORREÃO,VDO PRESIDENTE MEDICI,Não informado,EM CIMA DO VIADUTO,TORREÃO,Não informado,COLISÃO TRASEIRA,COLISAO COM VITIMAS,1.0,1.0,0.0,0.0,0.0,0.0,0.0,0.0,0.0,1.0,0.0,Viaduto,Bom,Não existe,Perfeito estado,Seca,Perfeito estado,Não existe,Não há placas,60.0,Dupla,Canteiro central,Não informado,2020,3,27,4,9.0
2020-03-27,15:10:00,COM VÍTIMA,FINALIZADA,ARRUDA,RUA JOSE DE BARROS BEZERRA,Não informado,EM FRENTE AO EDIFICIO FORTE DE SANTANA,ARRUDA,CIDADE,ABALROAMENTO TRANSVERSAL,COLISÃO COM VÍTIMA,1.0,1.0,0.0,0.0,0.0,0.0,0.0,0.0,0.0,1.0,0.0,Longo da via,Bom,Não existe,Perfeito estado,Seca,Perfeito estado,Não existe,Placas Pare,60.0,Dupla,Faixa seccionada,Não informado,2020,3,27,4,15.0
2020-03-27,17:01:00,SEM VÍTIMA,FINALIZADA,CASA AMARELA,EST DO ARRAIAL,Não informado,ED. THORIS,CASA AMARELA,SUBURBIO,CHOQUE OBJETO FIXO,VEICULO CHOCOU COM UM POSTE VT 06 NO LOCAL,1.0,1.0,0.0,0.0,0.0,0.0,0.0,0.0,0.0,0.0,0.0,Longo da via,Bom,Não existe,Perfeito estado,Seca,Perfeito estado,Não existe,Não informado,60.0,Única,Faixa seccionada,Não informado,2020,3,27,4,17.0
2020-03-27,20:23:00,COM VÍTIMA,FINALIZADA,AFLITOS,AV CONS ROSA E SILVA,RUA TEIXEIRA PINTO,Nº 1205,AFLITOS,SUBURBIO,COLISÃO TRASEIRA,CITROEN X MOTO,1.0,2.0,0.0,0.0,0.0,0.0,0.0,0.0,0.0,1.0,0.0,Longo da via,Chuvoso,Não existe,Perfeito estado,Molhada,Perfeito estado,Não existe,Não há placas,60.0,Única,Faixa seccionada,Não informado,2020,3,27,4,20.0
2020-03-29,06:40:00,SEM VÍTIMA,FINALIZADA,SANTO AMARO,AV PREFEITO ARTUR LIMA CAVALCANTI,Não informado,AO LADO DO POSTO- DIGO- SEMÁFORO 243,SANTO AMARO,SUBURBIO,CHOQUE OBJETO FIXO,CAUSANDO DERRAMAMENTO DE ÓLEO NA VIA- PLACA: XXX VW MARCO POLO,1.0,1.0,0.0,0.0,0.0,1.0,0.0,0.0,0.0,0.0,0.0,Longo da via,Bom,Não informado,Perfeito estado,Não informado,Perfeito estado,Não existe,R-4a,60.0,Única,Canteiro central,Não informado,2020,3,29,6,6.0
2020-03-29,15:58:00,COM VÍTIMA,FINALIZADA,TORRE,AV BEIRA RIO,Não informado,EM FRENTE AO EDIFICIO PASARGADA,TORRE,Não informado,COLISÃO TRASEIRA,COLISÃO COM VÍTIMA,1.0,1.0,0.0,0.0,0.0,0.0,0.0,0.0,0.0,1.0,0.0,Longo da via,Chuvoso,Não existe,Perfeito estado,Molhada,Perfeito estado,Não existe,Não há placas,60.0,Dupla,Faixa seccionada,Não informado,2020,3,29,6,15.0
2020-03-29,19:30:00,COM VÍTIMA,FINALIZADA,CAMPO GRANDE,AV PROFESSOR JOSE DOS ANJOS,RUA FARIAS NEVES,POR CIMA DA PONTE QUE FICA ENTRE CAMPO GRANDE E CHÃO DE ESTRELAS,CAMPO GRANDE,Não informado,CHOQUE OBJETO FIXO,ENTRE MOTO E AUTO PASSEIO. C/V,1.0,1.0,0.0,0.0,0.0,0.0,0.0,0.0,0.0,2.0,0.0,Cruzamento,Bom,Não existe,Perfeito estado,Seca,Perfeito estado,Faixa de pedestre,Não há placas,60.0,Dupla,Faixa contínua,Não informado,2020,3,29,6,19.0
2020-03-29,21:27:00,COM VÍTIMA,FINALIZADA,GRAÇAS,RUA CONFEDERACAO DO EQUADOR,Não informado,E/F A CASA DOS FRIOS,GRAÇAS,ROSA E SILVA,COLISÃO COM CICLISTA,ENTRE AUTO E CICLISTA. C/V,1.0,1.0,0.0,1.0,0.0,0.0,0.0,0.0,0.0,1.0,0.0,Longo da via,Bom,Não existe,Perfeito estado,Seca,Perfeito estado,Faixa de pedestre,Não há placas,60.0,Única,Não existe,Não informado,2020,3,29,6,21.0
2020-03-30,07:44:00,COM VÍTIMA,FINALIZADA,SÃO JOSÉ,RUA DA CONCORDIA,RUA TOBIAS BARRETO,EM FRENTE A LOJA VENEZA MUSIC,SÃO JOSÉ,Não informado,ABALROAMENTO TRANSVERSAL,DOIS AUTOS,2.0,1.0,0.0,0.0,0.0,0.0,0.0,0.0,0.0,1.0,0.0,Cruzamento,Chuvoso,Sem defeito,Perfeito estado,Seca,Perfeito estado,Não existe,Outras,60.0,Única,Não existe,Não informado,2020,3,30,0,7.0
2020-03-30,08:29:00,COM VÍTIMA,FINALIZADA,MANGABEIRA,EST VELHA DE AGUA FRIA,AV PROFESSOR JOSE DOS ANJOS,AO LADO DO DENOCS,MANGABEIRA,SUBURBIO,ABALROAMENTO LONGITUDINAL,COM UMA VITIMA- CTTU NO LOCAL VT 09,1.0,2.0,0.0,0.0,0.0,0.0,0.0,0.0,0.0,1.0,0.0,Ponte,Chuvoso,Sem defeito,Perfeito estado,Seca,Mal conservada,Faixa de retenção,Não há placas,60.0,Dupla,Faixa contínua,Não informado,2020,3,30,0,8.0
2020-03-30,10:22:00,SEM VÍTIMA,FINALIZADA,SÃO JOSÉ,RUA DA CONCORDIA,RUA TOBIAS BARRETO,VENEZA MUSIC,SÃO JOSÉ,Não informado,ABALROAMENTO TRANSVERSAL,COLISÃO SEM VÍTIMA COM VEÍCULO OFICIAL,2.0,1.0,0.0,0.0,0.0,0.0,0.0,0.0,0.0,0.0,0.0,Cruzamento,Chuvoso,Não existe,Perfeito estado,Molhada,Perfeito estado,Não existe,R-6a,60.0,Não informado,Faixa seccionada,Não informado,2020,3,30,0,10.0
2020-03-30,12:02:00,SEM VÍTIMA,FINALIZADA,SÃO JOSÉ,RUA IMPERIAL,RUA DO PEIXOTO,SOB O SEMÁFORO 207,SÃO JOSÉ,CIDADE,ABALROAMENTO TRANSVERSAL,SEM VITIMAS ENTRE UM AUTO PASSEIO E UMA VT DA PM,2.0,1.0,0.0,0.0,0.0,0.0,0.0,0.0,0.0,0.0,0.0,Cruzamento,Bom,Sem defeito,Perfeito estado,Seca,Perfeito estado,Não existe,Não há placas,60.0,Única,Não existe,Não informado,2020,3,30,0,12.0
2020-03-30,13:18:00,COM VÍTIMA,FINALIZADA,IBURA,AV DOIS RIOS,Não informado,SUBIDA DA LADEIRA DA UR-1,IBURA,SUBURBIO,TOMBAMENTO,ACID. DE PERCURSO C/ VITIMA,1.0,1.0,0.0,0.0,0.0,0.0,0.0,0.0,0.0,1.0,0.0,Longo da via,Bom,Sem defeito,Perfeito estado,Oleosa,Perfeito estado,Agente,Não há placas,60.0,Dupla,Faixa contínua,Não informado,2020,3,30,0,13.0
2020-03-30,14:23:00,COM VÍTIMA,FINALIZADA,JAQUEIRA,RUA DO FUTURO,Não informado,EM FRERNTE AO VERDE FRUT,JAQUEIRA,Não informado,CAPOTAMENTO,CAPOTAMENTO COM VITIMAS,1.0,1.0,0.0,0.0,0.0,0.0,0.0,0.0,0.0,1.0,0.0,Não informado,Não informado,Não informado,Não informado,Não informado,Não informado,Não informado,Não informado,60.0,Não informado,Não informado,Não informado,2020,3,30,0,14.0
2020-03-30,15:15:00,COM VÍTIMA,FINALIZADA,PINA,RUA JOSE MARIANO FILHO,Não informado,E/F A ULTRA DISTRIBUIDORA,PINA,Não informado,ABALROAMENTO LONGITUDINAL,COLISÃO C/VITIMA ENTRE UM AUTO E UMA MOTO (MOTOQUEIRO SOB SUSPEITA DE EMBRIAGUEZ),1.0,1.0,0.0,0.0,0.0,0.0,0.0,0.0,0.0,1.0,0.0,Longo da via,Bom,Não existe,Não existente,Seca,Perfeito estado,Não existe,Não há placas,60.0,Dupla,Não existe,Não informado,2020,3,30,0,15.0
2020-03-31,04:24:00,COM VÍTIMA,FINALIZADA,BOA VIAGEM,AV BOA VIAGEM,Não informado,E/F AO EDF ALEXANDRINA - APÓS O CLUBE DE OFICIAIS DA AERONAUTICA,BOA VIAGEM,CIDADE,CHOQUE VEÍCULO PARADO,CONDUTOR PERDEU O CONTROLE DO VEICULO E CHOCOU-SE CONTRA OUTRO VEICULO ESTACIONADO NO BORDO DA VIA - C/VITIMA SOCORRIDA PELO CBPM,2.0,1.0,0.0,0.0,0.0,0.0,0.0,0.0,0.0,1.0,0.0,Longo da via,Chuvoso,Não informado,Perfeito estado,Molhada,Perfeito estado,Não existe,R-6b,60.0,Única,Faixa seccionada,Não informado,2020,3,31,1,4.0
2020-03-31,07:52:00,SEM VÍTIMA,FINALIZADA,TORRÕES,AV ENGENHEIRO ABDIAS DE CARVALHO,Não informado,RESTAURANTE KIYOI GALETOS,TORRÕES,SUBURBIO,COLISÃO TRASEIRA,COLISAO S/ VITIMAS,3.0,1.0,0.0,0.0,0.0,0.0,0.0,0.0,0.0,0.0,0.0,Longo da via,Chuvoso,Sem defeito,Incompleta,Molhada,Perfeito estado,Faixa de pedestre,R-4b,60.0,Não informado,Faixa seccionada,Não informado,2020,3,31,1,7.0
2020-03-31,11:17:00,SEM VÍTIMA,FINALIZADA,BOA VIAGEM,RUA VISCONDE DE JEQUITINHONHA,RUA BALTAZAR PASSOS,PISTA LOCAL LESTE,BOA VIAGEM,SUBURBIO,ABALROAMENTO LONGITUDINAL,COLISAO S/ VITIMAS,2.0,1.0,0.0,0.0,0.0,0.0,0.0,0.0,0.0,0.0,0.0,Cruzamento,Chuvoso,Sem defeito,Perfeito estado,Molhada,Perfeito estado,Faixa de pedestre,Outras,60.0,Única,Faixa contínua,Não informado,2020,3,31,1,11.0
2020-03-31,16:00:00,COM VÍTIMA,FINALIZADA,GRAÇAS,RUA DR BANDEIRA FILHO,Não informado,AO LADO DA MCDONALDS,GRAÇAS,SUBURBIO,ATROPELAMENTO,COM VÍTIMA/ RODA SE SOLTOU DO VEÍCULO E BATEU EM UM PEDESTRE,1.0,1.0,0.0,0.0,1.0,0.0,0.0,0.0,0.0,1.0,0.0,Longo da via,Bom,Não existe,Não existente,Seca,Perfeito estado,Não existe,Não há placas,60.0,Única,Faixa contínua,Não informado,2020,3,31,1,16.0
2020-03-31,16:36:00,COM VÍTIMA,FINALIZADA,TORRÕES,EST DO FORTE DO ARRAIAL N. DO B. JESUS,TRV DO FORTE,EM FRENTE AO EDIFICIO FORTE DO ARRAIAL,TORRÕES,CIDADE,ABALROAMENTO LONGITUDINAL,COLISÃO COM VÍTIMA,1.0,1.0,0.0,0.0,0.0,0.0,0.0,0.0,0.0,1.0,0.0,Esquina,Bom,Não existe,Perfeito estado,Seca,Perfeito estado,Outros,R-34,40.0,Dupla,Faixa contínua,Não informado,2020,3,31,1,16.0
2020-03-31,17:41:00,COM VÍTIMA,FINALIZADA,IMBIRIBEIRA,RUA ALLAN KARDEC,RUA DR TAVARES CORREIA,POR TRAS DO SAM´S,IMBIRIBEIRA,Não informado,ABALROAMENTO LONGITUDINAL,BATEDOR DA MOTO 32 E 11 NO LOCAL,1.0,1.0,0.0,0.0,0.0,0.0,0.0,0.0,0.0,1.0,0.0,Cruzamento,Bom,Não existe,Não informado,Seca,Perfeito estado,Outros,Outras,60.0,Dupla,Não existe,Não informado,2020,3,31,1,17.0
2020-03-31,21:19:00,COM VÍTIMA,FINALIZADA,BOA VISTA,AV CONDE DA BOA VISTA,RUA DO HOSPICIO,SNT CID / SEMÁFORO 023,BOA VISTA,CIDADE,CHOQUE OBJETO FIXO,VT DA PM SE CHOCOU CONTRA O CANTEIRO CENTRAL. C/V,1.0,1.0,0.0,0.0,0.0,0.0,0.0,1.0,0.0,1.0,0.0,Longo da via,Chuvoso,Sem defeito,Perfeito estado,Molhada,Perfeito estado,Faixa de pedestre,Outras,40.0,Dupla,Canteiro central,Não informado,2020,3,31,1,21.0
2020-03-31,22:14:00,SEM VÍTIMA,FINALIZADA,BOA VISTA,PTE DUARTE COELHO,Não informado,Não informado,BOA VISTA,Não informado,ABALROAMENTO LONGITUDINAL,MOTO X VT DA PM,1.0,1.0,0.0,0.0,0.0,0.0,0.0,1.0,0.0,0.0,0.0,Ponte,Bom,Não existe,Perfeito estado,Seca,Perfeito estado,Não existe,Não há placas,60.0,Dupla,Faixa contínua,Não informado,2020,3,31,1,22.0
2020-04-01,14:25:00,COM VÍTIMA,FINALIZADA,PARNAMIRIM,RUA VIRGINIA LORETO,RUA JOAO TUDE DE MELO,E/F AO POSTO IPIRANGA,PARNAMIRIM,CIDADE,ABALROAMENTO TRANSVERSAL,COLISÃO C/VITIMAS ENTRE UM AUTO E UMA MOTO,1.0,1.0,0.0,0.0,0.0,0.0,0.0,0.0,0.0,2.0,0.0,Esquina,Bom,Sem defeito,Perfeito estado,Seca,Perfeito estado,Não existe,Não há placas,40.0,Única,Faixa seccionada,Não informado,2020,4,1,2,14.0
2020-04-01,19:08:00,COM VÍTIMA,FINALIZADA,SANTO AMARO,RUA DR CARLOS CHAGAS,RUA ALUISIO DE AZEVEDO,EM FRENTE AO COLEGIO ÚNICO- AO LADO DA FARMACIA PAGUE MENOS,SANTO AMARO,SUBURBIO,ABALROAMENTO LONGITUDINAL,COLISÃO ENTRE AUTO E MOTO C/V,1.0,1.0,0.0,0.0,0.0,0.0,0.0,0.0,0.0,1.0,0.0,Esquina,Bom,Não existe,Incompleta,Seca,Mal iluminada,Não existe,Não há placas,60.0,Única,Não existe,Não informado,2020,4,1,2,19.0
2020-04-01,21:51:00,COM VÍTIMA,FINALIZADA,CABANGA,AV SUL,Não informado,EM BAIXO DO VIADUTO CAPITÃO TEMUDO- NA FAIXA EXCLUSIVA DE ÔNIBUS. APÓS O SEMÁFORO 211,CABANGA,CIDADE,COLISÃO COM CICLISTA,ÔNIBUS ATROPELOU UMA CRIANÇA. INFORMAÇÕES DO BOLETIM FÍSICO MOSTRAM QUE O ATROPELADO CONDUZIA UMA BICICLETA.,1.0,1.0,0.0,1.0,0.0,1.0,0.0,0.0,0.0,1.0,0.0,Longo da via,Bom,Não existe,Não existente,Seca,Perfeito estado,Não existe,Não há placas,60.0,Dupla,Não existe,Não informado,2020,4,1,2,21.0
2020-04-02,08:34:00,COM VÍTIMA,FINALIZADA,JORDÃO,AV MARECHAL MASCARENHAS DE MORAES,Não informado,EM FRENTE A ANAC  NO SENTIDO  RECIFE,JORDÃO,CIDADE,COLISÃO TRASEIRA,COLISÃO COM VITIMAS ENTRE DOIS AUTOS.,2.0,1.0,0.0,0.0,0.0,0.0,0.0,0.0,0.0,2.0,0.0,Longo da via,Chuvoso,Sem defeito,Perfeito estado,Seca,Perfeito estado,Faixa de pedestre,Não há placas,60.0,Dupla,Canteiro central,Não informado,2020,4,2,3,8.0
2020-04-02,09:33:00,COM VÍTIMA,FINALIZADA,ILHA JOANA BEZERRA,AV BEIRA RIO,Não informado,AO LADO DO FORUM JOANA BEZERRA NO SENTIDO COELHOS,ILHA JOANA BEZERRA,SUBURBIO,ABALROAMENTO LONGITUDINAL,AUTO E MOTO.,1.0,1.0,0.0,0.0,0.0,0.0,0.0,0.0,0.0,1.0,0.0,Longo da via,Bom,Sem defeito,Perfeito estado,Seca,Perfeito estado,Não existe,Não há placas,60.0,Dupla,Faixa contínua,Não informado,2020,4,2,3,9.0
2020-04-02,12:50:00,COM VÍTIMA,FINALIZADA,TORRE,RUA SOUZA BANDEIRA,RUA MARQUES DE MARICA,NO SEMAFORO 317. AO LADO DO NÚMERO 483.,TORRE,CIDADE,ABALROAMENTO TRANSVERSAL,AUTO E MOTO.,1.0,1.0,0.0,0.0,0.0,0.0,0.0,0.0,0.0,1.0,0.0,Cruzamento,Chuvoso,Sem defeito,Perfeito estado,Molhada,Perfeito estado,Faixa de pedestre,R-6a,30.0,Dupla,Faixa contínua,Não informado,2020,4,2,3,12.0
2020-04-02,18:52:00,COM VÍTIMA,FINALIZADA,CASA FORTE,AV DEZESSETE DE AGOSTO,RUA DO CHACON,PRÓX A PRAÇA DE CASA FORTE E CPOR. DELTA EXPRESSO.,CASA FORTE,CIDADE,ABALROAMENTO LONGITUDINAL,ENTRE MOTO E AUTO. C/V,1.0,1.0,0.0,0.0,0.0,0.0,0.0,0.0,0.0,1.0,0.0,Longo da via,Bom,Não existe,Perfeito estado,Seca,Perfeito estado,Não informado,Não há placas,60.0,Dupla,Faixa,Não informado,2020,4,2,3,18.0