data,hora,natureza_acidente,situacao,bairro,endereco,detalhe_endereco_acidente,complemento,bairro_cruzamento,sentido_via,tipo,descricao,auto,moto,ciclom,ciclista,pedestre,onibus,caminhao,viatura,outros,vitimas,vitimasfatais,acidente_verificado,tempo_clima,situacao_semaforo,sinalizacao,condicao_via,conservacao_via,ponto_controle,situacao_placa,velocidade_max_via,mao_direcao,divisao_via1,natureza,ano,mes,dia,dia_semana,hora_ocorrencia
2020-04-02,21:20:00,SEM VÍTIMA,CANCELADA,PAISSANDU,RUA HENRIQUE DIAS,AV GOVERNADOR AGAMENON MAGALHAES,PROX AO ANTIGO RESTAURANTE SPETTUS,PAISSANDU,Não informado,COLISÃO,MOTO X AUTO     OBS: SUSPEITA DE EMBRIAGUEZ,1.0,1.0,0.0,0.0,0.0,0.0,0.0,0.0,0.0,0.0,0.0,Não informado,Não informado,Não informado,Não informado,Não informado,Não informado,Não informado,Não informado,60.0,Não informado,Não informado,Não informado,2020,4,2,3,21.0
2020-04-03,02:18:00,COM VÍTIMA,FINALIZADA,ÁGUA FRIA,RUA DA REGENERACAO,RUA DAS MOCAS,ANTIGA FÁBRICA DA COCA COLA,ÁGUA FRIA,SUBURBIO,COLISÃO FRONTAL,COLISÃO ENTRE AUTO E CINQUENTINHA . VEÍCULO SE EVADIU E O PROPRIETÁRIO DA MOTOCICLETA FOI SOCORRIDO PELO SAMU.,1.0,1.0,1.0,0.0,0.0,0.0,0.0,0.0,0.0,1.0,0.0,Longo da via,Chuvoso,Não existe,Perfeito estado,Molhada,Perfeito estado,Não informado,Não informado,60.0,Dupla,Não existe,Não informado,2020,4,3,4,2.0
2020-04-03,12:50:00,COM VÍTIMA,FINALIZADA,JAQUEIRA,RUA DO FUTURO,Não informado,PROXIMO AO PARQUE DA JAQUEIRA EM FRENTE AO VERDE FRUT,JAQUEIRA,SUBURBIO,COLISÃO COM CICLISTA,COLISAO COM VITIMAS,1.0,1.0,0.0,1.0,0.0,0.0,0.0,0.0,0.0,1.0,0.0,Longo da via,Bom,Não existe,Perfeito estado,Seca,Não informado,Não existe,Outras,40.0,Única,Não existe,Não informado,2020,4,3,4,12.0
2020-04-03,13:41:00,COM VÍTIMA,FINALIZADA,MADALENA,AV BEIRA RIO,Não informado,DEPOPIS DA ACADEMIA DA CIDADE. ESQUINA COM PONTE DA TORRE.,MADALENA,SUBURBIO,ABALROAMENTO TRANSVERSAL,COLISAO COM VITIMAS,1.0,1.0,0.0,0.0,0.0,0.0,0.0,0.0,0.0,1.0,0.0,Cruzamento,Bom,Sem defeito,Perfeito estado,Seca,Perfeito estado,Não existe,Outras,60.0,Única,Não existe,Não informado,2020,4,3,4,13.0
2020-04-03,18:36:00,COM VÍTIMA,CANCELADA,ÁGUA FRIA,RUA BELO JARDIM,Não informado,EM FRENTE AO DISTRIBUIDOR DE AÇAI- PROX DO MERCADINHO DE MARIO,ÁGUA FRIA,Não informado,COLISÃO,COLISÃO ENTRE DUAS MOTOS C/V,1.0,2.0,0.0,0.0,0.0,0.0,0.0,0.0,0.0,2.0,0.0,Não informado,Não informado,Não informado,Não informado,Não informado,Não informado,Não informado,Não informado,60.0,Não informado,Não informado,Não informado,2020,4,3,4,18.0
2020-04-04,08:28:00,COM VÍTIMA,FINALIZADA,BOA VISTA,RUA JOAO LIRA,RUA DA SAUDADE,PARQUE TREZE DE MAIO,BOA VISTA,RUA DO HOSPÍCIO,ABALROAMENTO TRANSVERSAL,DUAS MOTO E UM ÔNIBUS.,1.0,2.0,0.0,0.0,0.0,1.0,0.0,0.0,0.0,1.0,0.0,Cruzamento,Chuvoso,Sem defeito,Perfeito estado,Seca,Perfeito estado,Outros,Outras,60.0,Única,Faixa seccionada,Não informado,2020,4,4,5,8.0
2020-04-04,13:03:00,COM VÍTIMA,FINALIZADA,IMBIRIBEIRA,PTE DO MOTOCOLOMBO,Não informado,AO LADO DO POSTE DE ILUMINAÇÃO BO 16896,IMBIRIBEIRA,CIDADE,ABALROAMENTO LONGITUDINAL,COLISAO ENTRE AUTO E MOTO COM UMA VITIMA,1.0,1.0,0.0,0.0,0.0,0.0,0.0,0.0,0.0,1.0,0.0,Ponte,Bom,Não existe,Incompleta,Seca,Perfeito estado,Não existe,Outras,60.0,Dupla,Canteiro central,Não informado,2020,4,4,5,13.0
2020-04-14,19:31:00,COM VÍTIMA,FINALIZADA,AREIAS,AV CAPITAO GREGORIO DE CALDAS,AV RECIFE,ENF AO BIG BOMPREÇO // SENTIDO BOA VIAGEM,AREIAS,AEROPORTO,COLISÃO TRASEIRA,AUTO E MOTO.,1.0,1.0,0.0,0.0,0.0,0.0,0.0,0.0,0.0,1.0,0.0,Longo da via,Bom,Sem defeito,Perfeito estado,Seca,Perfeito estado,Não informado,Não informado,60.0,Dupla,Faixa seccionada,Não informado,2020,4,14,1,19.0
2020-04-15,02:42:00,COM VÍTIMA,FINALIZADA,BOA VIAGEM,AV BOA VIAGEM,Não informado,2° JARDIM,BOA VIAGEM,CIDADE,COLISÃO COM CICLISTA,AUTO E BICICLETA.,1.0,1.0,0.0,1.0,0.0,0.0,0.0,0.0,0.0,2.0,0.0,Longo da via,Bom,Sem defeito,Perfeito estado,Seca,Perfeito estado,Não informado,Não informado,60.0,Única,Faixa seccionada,Não informado,2020,4,15,2,2.0
2020-04-15,08:25:00,SEM VÍTIMA,FINALIZADA,BOA VISTA,RUA DA AURORA,RUA PRINCESA IZABEL,DELEGACIA DA POLÍCIA CIVIL,BOA VISTA,Não informado,ABALROAMENTO LONGITUDINAL,Não informado,2.0,1.0,0.0,0.0,0.0,0.0,0.0,0.0,0.0,0.0,0.0,Cruzamento,Bom,Sem defeito,Perfeito estado,Seca,Perfeito estado,Faixa de pedestre,Não informado,40.0,Não informado,Não informado,Não informado,2020,4,15,2,8.0
2020-04-15,19:16:00,COM VÍTIMA,FINALIZADA,PINA,AV ENGENHEIRO DOMINGOS FERREIRA,Não informado,AO LADO DA ESCOLA ESTADUAL MENINO JESUS- PROX DA CLINICA DE ESPECIALIDADES MÉDICAS (CEM)-LADO ESQUERDO,PINA,SUBURBIO,ABALROAMENTO LONGITUDINAL,COLISÃO ENTRE DUAS MOTOS C/V,1.0,2.0,0.0,0.0,0.0,0.0,0.0,0.0,0.0,1.0,0.0,Longo da via,Bom,Sem defeito,Perfeito estado,Seca,Perfeito estado,Faixa de pedestre,Não informado,60.0,Única,Canteiro central,Não informado,2020,4,15,2,19.0
2020-04-16,06:52:00,COM VÍTIMA,FINALIZADA,CASA AMARELA,AV NORTE,RUA DA HARMONIA,EM FRENTE A FARMACIA PAGUE MENOS,CASA AMARELA,CIDADE,COLISÃO TRASEIRA,COLISÃO COM VITIMA A ESPERA DO SAMU,1.0,1.0,0.0,0.0,0.0,0.0,0.0,0.0,0.0,1.0,0.0,Cruzamento,Chuvoso,Sem defeito,Perfeito estado,Molhada,Perfeito estado,Faixa de pedestre,Não há placas,60.0,Dupla,Faixa seccionada,Não informado,2020,4,16,3,6.0
2020-04-16,07:45:00,COM VÍTIMA,FINALIZADA,DERBY,RUA JENER DE SOUZA,RUA HENRIQUE DIAS,EM FRENTE A FUNDAÇÃO JOAQUIM NABUCO,DERBY,Não informado,COLISÃO TRASEIRA,VITIMA A ESPERA DO SAMU  GM IDENILSON QTH,1.0,2.0,0.0,0.0,0.0,0.0,0.0,0.0,0.0,2.0,0.0,Cruzamento,Chuvoso,Não existe,Perfeito estado,Molhada,Perfeito estado,Agente,R-26,40.0,Única,Canteiro central,Não informado,2020,4,16,3,7.0
2020-04-16,08:49:00,COM VÍTIMA,FINALIZADA,DERBY,AV GOVERNADOR AGAMENON MAGALHAES,Não informado,FACEIMAGEM E PRÓXIMO DA PRAÇA DO DERBY,DERBY,BOA VIAGEM,TOMBAMENTO,Não informado,1.0,1.0,0.0,0.0,0.0,0.0,0.0,0.0,0.0,1.0,0.0,Longo da via,Chuvoso,Não existe,Perfeito estado,Molhada,Perfeito estado,Outros,Outras,60.0,Dupla,Canteiro central,Não informado,2020,4,16,3,8.0
2020-04-16,09:39:00,COM VÍTIMA,FINALIZADA,ROSARINHO,AV NORTE,AV SANTOS DUMONT,PRÓXIMO A PADARIA ROSARINHO. EM FRENTE AO EDIFÍCIO DAVID BECKER.,ROSARINHO,CIDADE,TOMBAMENTO,Não informado,1.0,1.0,0.0,0.0,0.0,0.0,0.0,0.0,0.0,1.0,0.0,Longo da via,Chuvoso,Sem defeito,Perfeito estado,Molhada,Perfeito estado,Outros,R-6a,60.0,Dupla,Faixa contínua,Não informado,2020,4,16,3,9.0
2020-04-16,09:49:00,COM VÍTIMA,FINALIZADA,CASA AMARELA,AV NORTE,RUA DA HARMONIA,EM FRENTE AO  BANCO  BRADESCO,CASA AMARELA,CIDADE,COLISÃO COM CICLISTA,VITIMA SOCORRIDA PELO  SAMU,1.0,1.0,0.0,1.0,0.0,0.0,0.0,0.0,0.0,1.0,0.0,Cruzamento,Chuvoso,Sem defeito,Perfeito estado,Molhada,Perfeito estado,Faixa de pedestre,Não há placas,60.0,Dupla,Faixa seccionada,Não informado,2020,4,16,3,9.0
2020-04-16,10:13:00,SEM VÍTIMA,CANCELADA,AFOGADOS,RUA DA PAZ,Não informado,EM FRENTE AO BRADESCO,AFOGADOS,Não informado,COLISÃO,SEM VÍTIMA,1.0,1.0,0.0,0.0,0.0,1.0,0.0,0.0,0.0,0.0,0.0,Não informado,Não informado,Não informado,Não informado,Não informado,Não informado,Não informado,Não informado,60.0,Não informado,Não informado,Não informado,2020,4,16,3,10.0
2020-04-16,16:09:00,COM VÍTIMA,FINALIZADA,SANTO ANTÔNIO,AV DANTAS BARRETO,Não informado,E/F AO BANCO SANTANDER AO LADO DA PRAÇA DO DIARIO,SANTO ANTÔNIO,Não informado,ATROPELAMENTO,ONIBUS ATROPELOU UM PEDESTRE,1.0,1.0,0.0,0.0,1.0,1.0,0.0,0.0,0.0,1.0,0.0,Longo da via,Chuvoso,Não existe,Ilegível,Molhada,Mal conservada,Não existe,Outras,60.0,Única,Canteiro central,Não informado,2020,4,16,3,16.0
2020-04-16,18:51:00,COM VÍTIMA,FINALIZADA,ILHA DO LEITE,RUA GENERAL JOAQUIM INACIO,AV GOVERNADOR AGAMENON MAGALHAES,EM FRENTE AO BANCO ITAÚ,ILHA DO LEITE,SUBURBIO,COLISÃO TRASEIRA,ENVOLVENDO MOTO DA CTTU E AUTO PASSEIO,1.0,1.0,0.0,0.0,0.0,0.0,0.0,0.0,0.0,1.0,0.0,Longo da via,Chuvoso,Sem defeito,Perfeito estado,Molhada,Perfeito estado,Faixa de pedestre,Não há placas,40.0,Única,Faixa contínua,Não informado,2020,4,16,3,18.0
2020-04-17,02:35:00,COM VÍTIMA,FINALIZADA,SÃO JOSÉ,AV SUL,Não informado,EM FRENTE AO GALPÃO DO GALO DA MADRUGADA,SÃO JOSÉ,SUBURBIO,COLISÃO FRONTAL,Não informado,1.0,1.0,0.0,0.0,0.0,1.0,0.0,0.0,0.0,1.0,0.0,Longo da via,Bom,Não existe,Incompleta,Seca,Mal iluminada,Não existe,Não há placas,60.0,Dupla,Não existe,Não informado,2020,4,17,4,2.0
2020-04-17,11:40:00,COM VÍTIMA,FINALIZADA,TORREÃO,AV NORTE,RUA MARQUES DO PARANA,CONCESSIONÁRIA NISSAN.,TORREÃO,CIDADE,COLISÃO TRASEIRA,AUTO E MOTO C VÍTIMA,1.0,1.0,0.0,0.0,0.0,0.0,0.0,0.0,0.0,1.0,0.0,Longo da via,Bom,Sem defeito,Perfeito estado,Seca,Perfeito estado,Faixa de retenção,R-26,60.0,Dupla,Canteiro central,Não informado,2020,4,17,4,11.0
2020-04-17,12:13:00,COM VÍTIMA,FINALIZADA,IPUTINGA,AV MAURICIO DE NASSAU,Não informado,APOS A LOMBADA ELETRONICA. EM FRENTE A USF SKYLAB,IPUTINGA,CIDADE,TOMBAMENTO,MOTO,1.0,1.0,0.0,0.0,0.0,0.0,0.0,0.0,0.0,1.0,0.0,Longo da via,Bom,Não existe,Não existente,Seca,Mal conservada,Não existe,Não há placas,60.0,Dupla,Não existe,Não informado,2020,4,17,4,12.0
2020-04-17,13:19:00,SEM VÍTIMA,FINALIZADA,ENCRUZILHADA,RUA VINTE E QUATRO DE JUNHO,RUA VISCONDE DE MAMANGUAPE,EM FRENTE AO Nº 210,ENCRUZILHADA,SUBURBIO,ABALROAMENTO LONGITUDINAL,SEM VITIMAS,2.0,1.0,0.0,0.0,0.0,0.0,0.0,0.0,0.0,0.0,0.0,Não informado,Bom,Não existe,Perfeito estado,Seca,Perfeito estado,Não existe,Placas Pare,60.0,Única,Não existe,Não informado,2020,4,17,4,13.0
2020-04-17,17:37:00,COM VÍTIMA,FINALIZADA,GRAÇAS,AV GOVERNADOR AGAMENON MAGALHAES,RUA DR BANDEIRA FILHO,E/F AO BOMPREÇO. SENTIDO OLINDA- FAIXA PRINCIPAL,GRAÇAS,Não informado,COLISÃO TRASEIRA,COLISAO COM VITIMAS,1.0,1.0,0.0,0.0,0.0,0.0,0.0,0.0,0.0,1.0,0.0,Cruzamento,Bom,Sem defeito,Perfeito estado,Seca,Perfeito estado,Faixa de pedestre,Não informado,60.0,Dupla,Canal,Não informado,2020,4,17,4,17.0
2020-04-17,18:44:00,SEM VÍTIMA,FINALIZADA,LINHA DO TIRO,RUA URIEL DE HOLANDA,Não informado,EM FRENTE A ESCOLA DE REFERÊNCIA PADRE NERCIO RODRIGUES,LINHA DO TIRO,Não informado,ABALROAMENTO LONGITUDINAL,COLISÃO ENTRE MOTO E VIATURA DA POLÍCIA MILITAR,1.0,1.0,0.0,0.0,0.0,0.0,0.0,0.0,0.0,0.0,0.0,Longo da via,Chuvoso,Sem defeito,Perfeito estado,Molhada,Mal conservada,Não informado,Não há placas,40.0,Dupla,Faixa contínua,Não informado,2020,4,17,4,18.0
2020-04-17,20:20:00,SEM VÍTIMA,FINALIZADA,Não informado,RUA DEZ DE JULHO,RUA CAMBOIM,Não informado,Não informado,SUBURBIO,ABALROAMENTO LONGITUDINAL,COLISÃO ENTRE DOIS AUTOSS/V,2.0,1.0,0.0,0.0,0.0,0.0,0.0,0.0,0.0,0.0,0.0,Cruzamento,Bom,Não existe,Perfeito estado,Seca,Perfeito estado,Não existe,Placas Pare,60.0,Dupla,Faixa contínua,Não informado,2020,4,17,4,20.0
2020-04-18,11:04:00,SEM VÍTIMA,FINALIZADA,BOA VIAGEM,AV ENGENHEIRO DOMINGOS FERREIRA,RUA RIBEIRO DE BRITO,Não informado,BOA VIAGEM,SUBURBIO,ABALROAMENTO TRANSVERSAL,COLISÃO SEM VITIMAS GM LEONARDO QTH,2.0,1.0,0.0,0.0,0.0,0.0,0.0,0.0,0.0,0.0,0.0,Cruzamento,Bom,Sem defeito,Perfeito estado,Seca,Perfeito estado,Faixa de pedestre,Outras,60.0,Dupla,Canteiro central,Não informado,2020,4,18,5,11.0
2020-04-18,12:29:00,SEM VÍTIMA,FINALIZADA,SANTO AMARO,RUA MARQUÊS DO POMBAL,RUA PEDRO AFONSO,AO LADO DO IML,SANTO AMARO,Não informado,COLISÃO FRONTAL,COLISÃO SEM VÍTIMA,2.0,1.0,0.0,0.0,0.0,0.0,0.0,0.0,0.0,0.0,0.0,Cruzamento,Bom,Não existe,Perfeito estado,Seca,Perfeito estado,Faixa de retenção,Placas Pare,30.0,Dupla,Faixa seccionada,Não informado,2020,4,18,5,12.0
2020-04-18,13:33:00,COM VÍTIMA,FINALIZADA,VÁRZEA,AV PROFESSOR ARTUR DE SA,Não informado,NA RUA DO CEMITERIO DA VARZEA,VÁRZEA,CIDADE,ABALROAMENTO TRANSVERSAL,COLISAO ENTRE MOTO E AUTO COM UMA VITIMA,1.0,1.0,0.0,0.0,0.0,0.0,0.0,0.0,0.0,1.0,0.0,Longo da via,Bom,Não existe,Perfeito estado,Seca,Perfeito estado,Não existe,Não há placas,60.0,Dupla,Faixa contínua,Não informado,2020,4,18,5,13.0
2020-04-18,18:52:00,COM VÍTIMA,FINALIZADA,CAMPO GRANDE,RUA ODORICO MENDES,RUA VISCONDE DE CAIRU,PRÓX AO CLUBE DAS PÁS,CAMPO GRANDE,CIDADE,ABALROAMENTO TRANSVERSAL,ENTRE AUTO E MOTO. C/V,1.0,1.0,0.0,0.0,0.0,0.0,0.0,0.0,0.0,1.0,0.0,Cruzamento,Bom,Não existe,Perfeito estado,Seca,Perfeito estado,Não existe,Outras,60.0,Dupla,Faixa seccionada,Não informado,2020,4,18,5,18.0
2020-04-19,01:46:00,SEM VÍTIMA,FINALIZADA,TORRE,RUA JOSE BONIFACIO,Não informado,POSTO IPIRANGA,TORRE,SUBURBIO,CHOQUE OBJETO FIXO,UM VEICULO CHOCOU-SE COM UM POSTE- VINDO O POSTE CAIR NO MEIO DA VIA OCUPANDO TRÊS FAIXA DA VIA.,1.0,1.0,0.0,0.0,0.0,0.0,0.0,0.0,0.0,0.0,0.0,Longo da via,Bom,Desligado,Perfeito estado,Seca,Perfeito estado,Faixa de pedestre,Não há placas,60.0,Única,Faixa contínua,Não informado,2020,4,19,6,1.0
2020-04-19,02:39:00,COM VÍTIMA,FINALIZADA,ILHA DO RETIRO,EST DOS REMEDIOS,RUA TABAIARES,PRÓXIMO A HYUNDAI,ILHA DO RETIRO,SUBURBIO,CAPOTAMENTO,CAPOTAMENTO SEGUIDO DE CHOQUE EM VEÍCULO PARADO.,4.0,1.0,0.0,0.0,0.0,0.0,0.0,0.0,0.0,1.0,0.0,Longo da via,Bom,Intermitente,Perfeito estado,Seca,Perfeito estado,Faixa de pedestre,Não há placas,60.0,Única,Faixa seccionada,Não informado,2020,4,19,6,2.0
2020-04-19,06:40:00,COM VÍTIMA,FINALIZADA,BOA VISTA,AV GOVERNADOR AGAMENON MAGALHAES,RUA DR LEOPOLDO LINS,Não informado,BOA VISTA,SUBURBIO,ABALROAMENTO TRANSVERSAL,Não informado,1.0,1.0,0.0,0.0,0.0,0.0,0.0,0.0,0.0,1.0,0.0,Cruzamento,Chuvoso,Intermitente,Perfeito estado,Molhada,Perfeito estado,Faixa de pedestre,Outras,60.0,Única,Canteiro central,Não informado,2020,4,19,6,6.0
2020-04-19,08:08:00,COM VÍTIMA,FINALIZADA,GRAÇAS,AV RUI BARBOSA,Não informado,EM FRENTE AO COLEGIO AGNES E PRÓXIMO A FARMÁCIA DROGASIL.,GRAÇAS,CIDADE,COLISÃO TRASEIRA,MOTO E AUTO / VT 18 NO QTH,1.0,1.0,0.0,0.0,0.0,0.0,0.0,0.0,0.0,1.0,0.0,Longo da via,Chuvoso,Sem defeito,Perfeito estado,Molhada,Perfeito estado,Faixa de pedestre,Outras,60.0,Única,Não informado,Não informado,2020,4,19,6,8.0
2020-04-19,10:54:00,COM VÍTIMA,FINALIZADA,BOA VIAGEM,AV ENGENHEIRO DOMINGOS FERREIRA,RUA ERNESTO DE PAULA SANTOS,EM FRENTE A DOM FERREIRA,BOA VIAGEM,Não informado,ABALROAMENTO TRANSVERSAL,DOIS AUTOS //,2.0,1.0,0.0,0.0,0.0,0.0,0.0,0.0,0.0,1.0,0.0,Cruzamento,Bom,Sem defeito,Perfeito estado,Seca,Perfeito estado,Outros,Outras,60.0,Única,Canteiro central,Não informado,2020,4,19,6,10.0
2020-04-19,15:21:00,COM VÍTIMA,FINALIZADA,JIQUIÁ,RUA SAO MIGUEL,Não informado,HOTEL PREMIUM,JIQUIÁ,SUBURBIO,ABALROAMENTO TRANSVERSAL,COLISAO COM VITIMAS,1.0,1.0,0.0,0.0,0.0,0.0,0.0,0.0,0.0,1.0,0.0,Longo da via,Bom,Não existe,Perfeito estado,Seca,Perfeito estado,Não existe,Não há placas,60.0,Dupla,Faixa contínua,Não informado,2020,4,19,6,15.0
2020-04-19,15:35:00,COM VÍTIMA,FINALIZADA,ILHA DO RETIRO,AV BEIRA RIO,Não informado,PROXIMO AO CLUBE DO SPORT. LADO OPOSTO AO EDF. VILA BEIRA RIO.,ILHA DO RETIRO,CIDADE,COLISÃO TRASEIRA,COM VITIMAS,1.0,1.0,0.0,0.0,0.0,0.0,0.0,0.0,0.0,1.0,0.0,Longo da via,Bom,Não existe,Perfeito estado,Seca,Perfeito estado,Não existe,Não há placas,30.0,Dupla,Faixa contínua,Não informado,2020,4,19,6,15.0
2020-04-19,19:06:00,COM VÍTIMA,FINALIZADA,VASCO DA GAMA,AV NORTE,RUA PADRE LEMOS,CRUZAMENTO C/A RUA VASCO DA GAMA - SENT CID/SUB,VASCO DA GAMA,SUBURBIO,ABALROAMENTO TRANSVERSAL,AUTO X MOTO C/VITIMA,1.0,1.0,0.0,0.0,0.0,0.0,0.0,0.0,0.0,1.0,0.0,Cruzamento,Bom,Sem defeito,Perfeito estado,Seca,Perfeito estado,Faixa de pedestre,Outras,60.0,Dupla,Canteiro central,Não informado,2020,4,19,6,19.0
2020-04-20,06:55:00,COM VÍTIMA,FINALIZADA,CAMPO GRANDE,RUA FARIAS NEVES,RUA FRANKLIN TAVORA,EM FRENTE A MEDECOL,CAMPO GRANDE,SUBURBIO,ABALROAMENTO TRANSVERSAL,ONIBUS E AUTO,1.0,1.0,0.0,0.0,0.0,1.0,0.0,0.0,0.0,1.0,0.0,Cruzamento,Bom,Não existe,Ilegível,Seca,Perfeito estado,Não existe,Não há placas,60.0,Dupla,Não existe,Não informado,2020,4,20,0,6.0
2020-04-20,08:40:00,COM VÍTIMA,FINALIZADA,SANTO AMARO,RUA DOS PALMARES,RUA AFONSO PENA,ESTACIONAMENTO DO SUPERMERCADO RM EXPRESS,SANTO AMARO,CIDADE,ATROPELAMENTO,VITIMA A ESPERA DO SAMU,1.0,1.0,0.0,0.0,1.0,0.0,0.0,0.0,0.0,1.0,0.0,Longo da via,Bom,Não informado,Não informado,Seca,Perfeito estado,Não informado,Não informado,60.0,Dupla,Canteiro central,Não informado,2020,4,20,0,8.0
2020-04-20,11:18:00,SEM VÍTIMA,CANCELADA,IMBIRIBEIRA,AV MARECHAL MASCARENHAS DE MORAES,Não informado,EM FRENTE AO AEROPORTO,IMBIRIBEIRA,Não informado,COLISÃO,COLISÃO SEM VITIMAS,1.0,1.0,0.0,0.0,0.0,0.0,1.0,0.0,1.0,0.0,0.0,Não informado,Não informado,Não informado,Não informado,Não informado,Não informado,Não informado,Não informado,60.0,Não informado,Não informado,Não informado,2020,4,20,0,11.0
2020-04-20,14:20:00,COM VÍTIMA,FINALIZADA,IBURA,AV DOM HELDER CAMARA,Não informado,AO LADO DA CASA DE BATERIAS,IBURA,SUBURBIO,CHOQUE OBJETO FIXO,CHOQUE EM POSTE DE ILUMINAÇÃO PÚBLICA,1.0,1.0,0.0,0.0,0.0,0.0,0.0,0.0,0.0,1.0,0.0,Longo da via,Bom,Sem defeito,Perfeito estado,Seca,Perfeito estado,Outros,Outras,60.0,Única,Faixa,Não informado,2020,4,20,0,14.0
2020-04-21,00:42:00,SEM VÍTIMA,FINALIZADA,BREJO DA GUABIRABA,AV VEREADOR OTACILIO AZEVEDO,Não informado,LADO OPOSTO AO Nº 792,BREJO DA GUABIRABA,SUBURBIO,ABALROAMENTO LONGITUDINAL,COLISÃO ENTRE DOIS VEÍCULOS.,1.0,1.0,0.0,0.0,0.0,0.0,1.0,0.0,0.0,0.0,0.0,Longo da via,Bom,Não existe,Não existente,Seca,Perfeito estado,Não existe,Não há placas,60.0,Dupla,Não existe,Não informado,2020,4,21,1,0.0
2020-04-21,02:29:00,SEM VÍTIMA,FINALIZADA,BOA VIAGEM,RUA VISCONDE DE JEQUITINHONHA,RUA BARAO DE SOUZA LEAO,Não informado,BOA VIAGEM,SUBURBIO,CHOQUE OBJETO FIXO,PDE 5322 - ONIX - VEÍCULO CHOCOU-SE CONTRA UM POSTE,1.0,1.0,0.0,0.0,0.0,0.0,0.0,0.0,0.0,0.0,0.0,Cruzamento,Bom,Sem defeito,Perfeito estado,Seca,Perfeito estado,Não existe,Não há placas,60.0,Única,Faixa seccionada,Não informado,2020,4,21,1,2.0
2020-04-21,21:45:00,SEM VÍTIMA,CANCELADA,CORDEIRO,RUA QUATA,Não informado,PROX DO PETSHOP REINO DOS BICHOS,CORDEIRO,Não informado,CHOQUE VEÍCULO PARADO,AUTO CHOCOU-SE EM UM AUTO QUE ESTAVA ESTACIONADO- MOTORISTA DO VEÍCULO APRESENTA SINTOMAS DE EMBRIAGUEZ,2.0,1.0,0.0,0.0,0.0,0.0,0.0,0.0,0.0,0.0,0.0,Não informado,Não informado,Não informado,Não informado,Não informado,Não informado,Não informado,Não informado,60.0,Não informado,Não informado,Não informado,2020,4,21,1,21.0
2020-04-22,14:06:00,SEM VÍTIMA,FINALIZADA,IPSEP,AV RECIFE,Não informado,EM FRENTE AO Nº 3033,IPSEP,Não informado,COLISÃO FRONTAL,HR: YYYY X Classic: ZZZ - COLISÃO FRONTAL,1.0,1.0,0.0,0.0,0.0,0.0,0.0,0.0,0.0,0.0,0.0,Longo da via,Chuvoso,Não existe,Perfeito estado,Molhada,Perfeito estado,Não existe,Não há placas,60.0,Dupla,Canteiro central,Não informado,2020,4,22,2,14.0
2020-04-22,14:30:00,COM VÍTIMA,FINALIZADA,BOA VISTA,AV JOAO DE BARROS,Não informado,E/F AO CONSERVATORIO DE MUSICA,BOA VISTA,Não informado,COLISÃO,COLISAO ENTRE AUTO E MOTO COM UMA VITIMA,1.0,1.0,0.0,0.0,0.0,0.0,0.0,0.0,0.0,1.0,0.0,Não informado,Não informado,Não informado,Não informado,Não informado,Não informado,Não informado,Não informado,60.0,Não informado,Não informado,Não informado,2020,4,22,2,14.0
2020-04-22,16:14:00,SEM VÍTIMA,FINALIZADA,TORRÕES,RUA ZUMBI DOS PALMARES,Não informado,PIZZARIA FAMILIA PASSIRA,TORRÕES,SUBURBIO,ABALROAMENTO TRANSVERSAL,COLISÃO COM VÍTIMA,1.0,2.0,0.0,0.0,0.0,0.0,0.0,0.0,0.0,0.0,0.0,Longo da via,Bom,Não existe,Não existente,Seca,Mal conservada,Não existe,Não há placas,60.0,Dupla,Não existe,Não informado,2020,4,22,2,16.0
2020-04-22,22:34:00,COM VÍTIMA,CANCELADA,BOA VIAGEM,AV ENGENHEIRO DOMINGOS FERREIRA,RUA BRUNO VELOSO,SEMÁFORO 338 / E/RF A DROGASIL,BOA VIAGEM,Não informado,COLISÃO,AUTO X MOTO. C/V,1.0,1.0,0.0,0.0,0.0,0.0,0.0,0.0,0.0,1.0,0.0,Não informado,Não informado,Não informado,Não informado,Não informado,Não informado,Não informado,Não informado,60.0,Não informado,Não informado,Não informado,2020,4,22,2,22.0
2020-04-22,23:40:00,COM VÍTIMA,FINALIZADA,ILHA DO RETIRO,AV ENGENHEIRO ABDIAS DE CARVALHO,AV JOSE GONCALVES DE MEDEIROS,ENF AO MC DONALD´S,ILHA DO RETIRO,SUBURBIO,COLISÃO FRONTAL,DOIS AUTOS,2.0,1.0,0.0,0.0,0.0,0.0,0.0,0.0,0.0,1.0,0.0,Cruzamento,Chuvoso,Sem defeito,Perfeito estado,Seca,Perfeito estado,Não informado,Não informado,60.0,Dupla,Canteiro central,Não informado,2020,4,22,2,23.0
2020-04-23,05:04:00,SEM VÍTIMA,FINALIZADA,GRAÇAS,AV RUI BARBOSA,Não informado,EM FRENTE DO MUSEU DO ESTADO,GRAÇAS,CIDADE,CHOQUE OBJETO FIXO,O USUÁRIO INFORMA QUE AO PASSAR NO LOCAL VISUALIZOU O CHOQUE DO VEÍCULO NO MURO DO MUSEU DO ESTADO. VEÍCULO ESTAVA ABANDONADO. NÃO SABE INFORMAR SE HOUVE VÍTIMA.,1.0,1.0,0.0,0.0,0.0,0.0,0.0,0.0,0.0,0.0,0.0,Longo da via,Chuvoso,Não informado,Não informado,Seca,Perfeito estado,Não informado,Não informado,60.0,Única,Não informado,Não informado,2020,4,23,3,5.0