data,hora,natureza_acidente,situacao,bairro,endereco,detalhe_endereco_acidente,complemento,bairro_cruzamento,sentido_via,tipo,descricao,auto,moto,ciclom,ciclista,pedestre,onibus,caminhao,viatura,outros,vitimas,vitimasfatais,acidente_verificado,tempo_clima,situacao_semaforo,sinalizacao,condicao_via,conservacao_via,ponto_controle,situacao_placa,velocidade_max_via,mao_direcao,divisao_via1,natureza,ano,mes,dia,dia_semana,hora_ocorrencia
2020-04-23,21:05:00,COM VÍTIMA,FINALIZADA,IBURA,RUA AFONSO CUNHA,Não informado,PRÓX AO PSF DO ALTO DA BELA VISTA,IBURA,SUBURBIO,COLISÃO FRONTAL,COLISÃO ENTRE DUAS MOTOS- COM VÍTIMA,1.0,2.0,0.0,0.0,0.0,0.0,0.0,0.0,0.0,1.0,0.0,Longo da via,Bom,Não existe,Não existente,Seca,Perfeito estado,Não informado,Não há placas,30.0,Dupla,Não existe,Não informado,2020,4,23,3,21.0
2020-04-23,21:47:00,VÍTIMA FATAL,FINALIZADA,BOA VIAGEM,RUA ERNESTO DE PAULA SANTOS,RUA AMALIA BERNARDINO DE SOUZA,PRÓX A UNINASSAU. EM FRENTE AO POSTO BR.,BOA VIAGEM,ORLA DE BOA VIAGEM,ABALROAMENTO TRANSVERSAL,COLISÃO ENTRE AUTO E MOTO- COM VÍTIMA FATAL,1.0,1.0,0.0,0.0,0.0,0.0,0.0,0.0,0.0,1.0,1.0,Cruzamento,Bom,Não existe,Não existente,Seca,Mal iluminada,Não existe,Não há placas,60.0,Única,Não existe,Não informado,2020,4,23,3,21.0
2020-04-24,14:53:00,COM VÍTIMA,FINALIZADA,AFOGADOS,RUA MOTOCOLOMBO,LARGO DA PAZ,EM FRENTE A POLICLINICA AGAMENON MAGALHÃES,AFOGADOS,SUBURBIO,TOMBAMENTO,CONDUTOR DA MOTO PARA EVITAR ATROPELAMENTO - FEZ DESVIO DE UMA SRa. VINDO A DERRAPAR E CAIU,1.0,1.0,0.0,0.0,0.0,0.0,0.0,0.0,0.0,1.0,0.0,Longo da via,Chuvoso,Não existe,Perfeito estado,Molhada,Perfeito estado,Faixa de pedestre,Não há placas,60.0,Única,Outros,Não informado,2020,4,24,4,14.0
2020-04-24,19:36:00,COM VÍTIMA,FINALIZADA,BOA VIAGEM,RUA DEZ DE JULHO,RUA CAMBOIM,PROX Maison Christal Recepções,BOA VIAGEM,SUBURBIO,ABALROAMENTO TRANSVERSAL,TAXI X ONIBUS BORBOREMA X MOTO,1.0,1.0,0.0,0.0,0.0,1.0,0.0,0.0,0.0,1.0,0.0,Cruzamento,Chuvoso,Não existe,Perfeito estado,Molhada,Perfeito estado,Não existe,Placas Pare,60.0,Única,Faixa seccionada,Não informado,2020,4,24,4,19.0
2020-04-25,07:45:00,COM VÍTIMA,FINALIZADA,MACAXEIRA,AV NORTE,Não informado,ULTIMA PARADA DE ONIBUS (Nº 110052) DA AV NORTE NO SENTIDO TERMINAL DA MACAXEIRA.,MACAXEIRA,SUBURBIO,COLISÃO TRASEIRA,COM UMA VITIMA AGUARDANDO SAMU,1.0,1.0,0.0,0.0,0.0,1.0,0.0,0.0,0.0,1.0,0.0,Longo da via,Bom,Não existe,Perfeito estado,Seca,Perfeito estado,Não informado,Outras,60.0,Dupla,Blocos,Não informado,2020,4,25,5,7.0
2020-04-25,14:00:00,COM VÍTIMA,FINALIZADA,ESTÂNCIA,AV RECIFE,AV ESTANCIA,PROX AO MAKRO,ESTÂNCIA,BOA VIAGEM,TOMBAMENTO,MOTOQUERIO CAIU SOZINHO,1.0,1.0,0.0,0.0,0.0,0.0,0.0,0.0,0.0,1.0,0.0,Longo da via,Bom,Não existe,Perfeito estado,Seca,Perfeito estado,Não existe,Não há placas,60.0,Dupla,Faixa contínua,Não informado,2020,4,25,5,14.0
2020-04-26,00:04:00,COM VÍTIMA,CANCELADA,AFOGADOS,RUA SAO MIGUEL,Não informado,PROXIMO AO RESTAURANTE BODE DO NÔ E ENTRADA DA ESTAÇÃO MANGUEIRA DO METRÔ,AFOGADOS,Não informado,COLISÃO,COLISÃO C/VITIMA - AUTO X MOTO,1.0,1.0,0.0,0.0,0.0,0.0,0.0,0.0,0.0,2.0,0.0,Não informado,Não informado,Não informado,Não informado,Não informado,Não informado,Não informado,Não informado,60.0,Não informado,Não informado,Não informado,2020,4,26,6,0.0
2020-04-26,06:29:00,SEM VÍTIMA,FINALIZADA,ENCRUZILHADA,AV JOAO DE BARROS,RUA CONS PORTELA,EM FRENTE A ESCOLA TECNICA ETEPAM,ENCRUZILHADA,CIDADE,CAPOTAMENTO,CAPOTAMENTO S/V - CONDUTOR SE EVADIU EM SEGUIDA- ABANDONANDO O VEICULO NA VIA,1.0,1.0,0.0,0.0,0.0,0.0,0.0,0.0,0.0,0.0,0.0,Longo da via,Chuvoso,Não existe,Perfeito estado,Molhada,Perfeito estado,Faixa de pedestre,Outras,60.0,Única,Faixa contínua,Não informado,2020,4,26,6,6.0
2020-04-27,07:30:00,SEM VÍTIMA,FINALIZADA,DERBY,AV GOVERNADOR AGAMENON MAGALHAES,PRC DO DERBY,EM FRENTE A PRAÇA DO DERBY,DERBY,BOA VIAGEM,COLISÃO,SEM VITIMAS -USUARIO COM SINTOMAS DE EMBRIAGUES/VT GM EVANDRO-GM EVERTON SILVA PONTO FIXO,2.0,1.0,0.0,0.0,0.0,0.0,0.0,0.0,0.0,0.0,0.0,Longo da via,Chuvoso,Sem defeito,Perfeito estado,Molhada,Perfeito estado,Agente,Outras,60.0,Dupla,Faixa seccionada,Não informado,2020,4,27,0,7.0
2020-04-27,11:35:00,COM VÍTIMA,FINALIZADA,BOA VIAGEM,RUA DOS NAVEGANTES,RUA PADRE BERNADINO PESSOA,EM FRENTE A O RESTAURANTE ILHA DOS NAVEGANTES,BOA VIAGEM,Não informado,ABALROAMENTO TRANSVERSAL,DOIS AUTOS,2.0,1.0,0.0,0.0,0.0,0.0,0.0,0.0,0.0,1.0,0.0,Cruzamento,Chuvoso,Não existe,Perfeito estado,Seca,Perfeito estado,Não informado,Placas Pare,60.0,Única,Faixa seccionada,Não informado,2020,4,27,0,11.0
2020-04-27,16:45:00,SEM VÍTIMA,FINALIZADA,ENCRUZILHADA,Não informado,AV NORTE,Não informado,ENCRUZILHADA,SUB/CID,ABALROAMENTO LONGITUDINAL,COLISÃO SEM VITIMA,2.0,1.0,0.0,0.0,0.0,0.0,0.0,0.0,0.0,0.0,0.0,Cruzamento,Bom,Sem defeito,Perfeito estado,Seca,Perfeito estado,Agente,Placas Pare,60.0,Única,Não informado,Não informado,2020,4,27,0,16.0
2020-04-28,08:31:00,COM VÍTIMA,FINALIZADA,CIDADE UNIVERSITÁRIA,AV PROFESSOR LUIZ FREIRE,Não informado,EM FRENTE AO IFPE,CIDADE UNIVERSITÁRIA,CIDADE,TOMBAMENTO,COLISÃO COM VÍTIMA/ ACIDENTE DE PERCURSO,1.0,1.0,0.0,0.0,0.0,0.0,0.0,0.0,0.0,1.0,0.0,Longo da via,Bom,Não existe,Perfeito estado,Seca,Perfeito estado,Não existe,Outras,40.0,Dupla,Faixa seccionada,Não informado,2020,4,28,1,8.0
2020-04-28,08:40:00,COM VÍTIMA,FINALIZADA,TORRE,RUA CONDE DE IRAJA,AV BEIRA RIO,PROX A ACADEMIA DA CIDADE,TORRE,SUBURBIO,ABALROAMENTO TRANSVERSAL,COLISAO ENDRE AUTO/ MOTO,1.0,1.0,0.0,0.0,0.0,0.0,0.0,0.0,0.0,1.0,0.0,Cruzamento,Bom,Sem defeito,Perfeito estado,Seca,Perfeito estado,Faixa de retenção,Placas Pare,60.0,Dupla,Faixa contínua,Não informado,2020,4,28,1,8.0
2020-04-28,13:26:00,COM VÍTIMA,FINALIZADA,MADALENA,AV ENGENHEIRO ABDIAS DE CARVALHO,Não informado,EM FRENTE A ESTACIO/ SENTIDO BR,MADALENA,SUBURBIO,ABALROAMENTO LONGITUDINAL,COLISÃO COM VÍTIMA,1.0,1.0,0.0,0.0,0.0,0.0,0.0,0.0,1.0,2.0,0.0,Longo da via,Bom,Não existe,Perfeito estado,Seca,Perfeito estado,Não existe,Outras,60.0,Dupla,Canteiro central,Não informado,2020,4,28,1,13.0
2020-04-28,13:32:00,COM VÍTIMA,FINALIZADA,TAMARINEIRA,RUA CONEGO BARATA,Não informado,AO LADO DA FERREIRA COSTA.,TAMARINEIRA,CIDADE,COLISÃO TRASEIRA,COLISAO ENTRE AUTO E MOTO COM UMA VITIMA GM ESDRAS DE OLIVEIRA NO LOCAL,1.0,1.0,0.0,0.0,0.0,0.0,0.0,0.0,0.0,1.0,0.0,Longo da via,Bom,Não existe,Perfeito estado,Seca,Perfeito estado,Não informado,R-6a,60.0,Dupla,Canteiro central,Não informado,2020,4,28,1,13.0
2020-04-29,07:45:00,COM VÍTIMA,FINALIZADA,BARRO,AV DR JOSE RUFINO,RUA CAPITAO PONCIANO,EM FRENTE A PANIFICADORA TONY ALBUQUERQUE,BARRO,CIDADE,ABALROAMENTO TRANSVERSAL,COM DUAS VITIMAS AGUARDANDO SAMU,1.0,1.0,0.0,0.0,0.0,0.0,0.0,0.0,0.0,2.0,0.0,Longo da via,Bom,Não existe,Perfeito estado,Seca,Perfeito estado,Não existe,R-6a,60.0,Dupla,Faixa contínua,Não informado,2020,4,29,2,7.0
2020-04-29,11:14:00,SEM VÍTIMA,FINALIZADA,BAIRRO DO RECIFE,PTE BUARQUE DE MACEDO,Não informado,NO INICIO DA PONTE BUARQUE DE MACEDO,BAIRRO DO RECIFE,SUBURBIO,COLISÃO,SEM VITIMAS,1.0,1.0,0.0,0.0,0.0,0.0,0.0,1.0,0.0,0.0,0.0,Cruzamento,Bom,Sem defeito,Perfeito estado,Seca,Perfeito estado,Faixa de pedestre,Outras,60.0,Única,Faixa seccionada,Não informado,2020,4,29,2,11.0
2020-04-29,11:35:00,COM VÍTIMA,FINALIZADA,DERBY,AV GOVERNADOR AGAMENON MAGALHAES,AV GOVERNADOR CARLOS DE LIMA CAVALCANTI,EM FRENTE A MAC DONALDS,DERBY,SUBURBIO,ABALROAMENTO LONGITUDINAL,COM UMA VITIMA SOCORRIDA PELO SAMU,1.0,1.0,0.0,0.0,0.0,0.0,0.0,1.0,0.0,1.0,0.0,Cruzamento,Bom,Sem defeito,Perfeito estado,Seca,Perfeito estado,Faixa de pedestre,Outras,60.0,Dupla,Canal,Não informado,2020,4,29,2,11.0
2020-04-29,13:41:00,COM VÍTIMA,FINALIZADA,IBURA,AV DOIS RIOS,Não informado,E/F A NETINHO MOTOS,IBURA,CIDADE,COLISÃO FRONTAL,COLISÃO C/VITIMA ENTRE UM AUTO E MOTO,1.0,1.0,0.0,0.0,0.0,0.0,0.0,0.0,0.0,1.0,0.0,Longo da via,Bom,Não existe,Ilegível,Seca,Perfeito estado,Não existe,Outras,60.0,Dupla,Faixa contínua,Não informado,2020,4,29,2,13.0
2020-04-29,14:05:00,COM VÍTIMA,FINALIZADA,IPUTINGA,RUA BOM PASTOR,Não informado,E/F A GALERIA IPUTINGA,IPUTINGA,SUBURBIO,COLISÃO TRASEIRA,COLISÃO C/VITIMA ENTRE TRÊS AUTOS,3.0,1.0,0.0,0.0,0.0,0.0,0.0,0.0,0.0,1.0,0.0,Longo da via,Bom,Sem defeito,Incompleta,Seca,Mal conservada,Faixa de pedestre,R-6a,60.0,Única,Não existe,Não informado,2020,4,29,2,14.0
2020-04-29,16:42:00,COM VÍTIMA,FINALIZADA,CORDEIRO,RUA PROFESSOR JOAQUIM XAVIER DE BRITO,RUA DR MIGUEL VIEIRA FERREIRA,E/F A GALERIA TEREZA CRISTINA E FARMÁCIA DO TRABALHADOR.,CORDEIRO,SUBURBIO,ABALROAMENTO TRANSVERSAL,COLISÃO C/VITIMAS ENTRE UMA MOTO E UM AUTO,1.0,1.0,0.0,0.0,0.0,0.0,0.0,0.0,0.0,2.0,0.0,Cruzamento,Bom,Sem defeito,Perfeito estado,Seca,Perfeito estado,Não existe,R-5a,60.0,Dupla,Faixa contínua,Não informado,2020,4,29,2,16.0
2020-04-30,00:36:00,COM VÍTIMA,CANCELADA,CASA AMARELA,AV NORTE,RUA BELA VISTA,E/F AO REI DA PICANHA,CASA AMARELA,SUBURBIO,COLISÃO,COLISÃO AUTO X MOTO C/VITIMA,1.0,1.0,0.0,0.0,0.0,0.0,0.0,0.0,0.0,1.0,0.0,Não informado,Não informado,Não informado,Não informado,Não informado,Não informado,Não informado,Não informado,60.0,Não informado,Não informado,Não informado,2020,4,30,3,0.0
2020-04-30,06:02:00,SEM VÍTIMA,FINALIZADA,BOA VIAGEM,AV BOA VIAGEM,Não informado,EM FRENTE AO EDIFICIO  VILA AZUL,BOA VIAGEM,Não informado,COLISÃO,COLISÃO SEM VITIMAS,1.0,1.0,0.0,0.0,0.0,0.0,0.0,1.0,0.0,0.0,0.0,Cruzamento,Chuvoso,Sem defeito,Perfeito estado,Molhada,Perfeito estado,Não existe,Não há placas,60.0,Única,Faixa contínua,Não informado,2020,4,30,3,6.0
2020-04-30,11:32:00,COM VÍTIMA,FINALIZADA,BOA VIAGEM,AVENIDA CELSO FURTADO (VIA MANGUE),Não informado,SENT. CIDADE- POR TRAS DO SUPERMERCADO EXTRA,BOA VIAGEM,CIDADE,COLISÃO TRASEIRA,AUTO E MOTO C/V,1.0,1.0,0.0,0.0,0.0,0.0,0.0,0.0,0.0,1.0,0.0,Longo da via,Chuvoso,Não existe,Perfeito estado,Seca,Perfeito estado,Não existe,Não há placas,60.0,Única,Faixa contínua,Não informado,2020,4,30,3,11.0
2020-04-30,16:02:00,COM VÍTIMA,FINALIZADA,ROSARINHO,AV NORTE,AV SANTOS DUMONT,EM FRENTE AO POSTO PETROCAL E PADARIA ROSARINHO DELICATESSEN.,ROSARINHO,SUBURBIO,TOMBAMENTO,COM VÍTIMA,1.0,1.0,0.0,0.0,0.0,0.0,0.0,0.0,0.0,2.0,0.0,Longo da via,Chuvoso,Sem defeito,Perfeito estado,Molhada,Perfeito estado,Faixa de pedestre,Outras,60.0,Dupla,Canteiro central,Não informado,2020,4,30,3,16.0
2020-04-30,19:18:00,COM VÍTIMA,FINALIZADA,AFOGADOS,RUA SAO MIGUEL,Não informado,ENF CHINA IN BOX,AFOGADOS,SUBURBIO,COLISÃO FRONTAL,MOTO X 2 AUTOS,2.0,1.0,0.0,0.0,0.0,0.0,0.0,0.0,0.0,2.0,0.0,Longo da via,Bom,Não existe,Perfeito estado,Seca,Perfeito estado,Não existe,Não há placas,50.0,Dupla,Faixa contínua,Não informado,2020,4,30,3,19.0
2020-04-30,20:26:00,COM VÍTIMA,FINALIZADA,ILHA JOANA BEZERRA,RUA MIRANDOPOLIS,Não informado,NO PÁTIO INTERNO DO T.I DE JOANA BEZERRA,ILHA JOANA BEZERRA,CIDADE,ATROPELAMENTO,ENTRE ÔNIBUS E 2 PEDESTRES. C/V,1.0,1.0,0.0,0.0,2.0,1.0,0.0,0.0,0.0,2.0,0.0,Outros,Chuvoso,Não existe,Perfeito estado,Molhada,Perfeito estado,Não existe,Não há placas,60.0,Única,Canteiro central,Não informado,2020,4,30,3,20.0
2020-05-01,09:52:00,COM VÍTIMA,CANCELADA,SANTO AMARO,RUA FREI CASSIMIRO,AV CRUZ CABUGA,ESQUINA DA CASA DA INDUSTRIA,SANTO AMARO,Não informado,COLISÃO COM CICLISTA,MOTO E CICLISTA,1.0,1.0,0.0,1.0,0.0,0.0,0.0,0.0,0.0,1.0,0.0,Não informado,Não informado,Não informado,Não informado,Não informado,Não informado,Não informado,Não informado,60.0,Não informado,Não informado,Não informado,2020,5,1,4,9.0
2020-05-01,12:18:00,COM VÍTIMA,CANCELADA,SANTO AMARO,AV NORTE,Não informado,PROXIMO AO SENAC,SANTO AMARO,Não informado,COLISÃO,Duas motos,1.0,2.0,0.0,0.0,0.0,0.0,0.0,0.0,0.0,1.0,0.0,Não informado,Não informado,Não informado,Não informado,Não informado,Não informado,Não informado,Não informado,60.0,Não informado,Não informado,Não informado,2020,5,1,4,12.0
2020-05-01,12:58:00,COM VÍTIMA,FINALIZADA,CABANGA,PTE GOVERNADOR PAULO GUERRA,Não informado,INÍCIO DA PONTE. LADO OPOSTO AO CABANGA IATE CLUBE.,CABANGA,SUBURBIO,COLISÃO,COLIÇÃO COM VITIMA ENTRE MOTOCICLETA E CARROÇA DE TRAÇÃO ANIMAL.,1.0,1.0,0.0,0.0,0.0,0.0,0.0,0.0,1.0,1.0,0.0,Longo da via,Bom,Não existe,Perfeito estado,Seca,Perfeito estado,Não existe,Não há placas,60.0,Única,Faixa seccionada,Não informado,2020,5,1,4,12.0
2020-05-01,18:00:00,SEM VÍTIMA,CANCELADA,LINHA DO TIRO,AV CHAGAS FERREIRA,AV CHAGAS FERREIRA,APOS O HOTEL SECULO 20,LINHA DO TIRO,SUBURBIO,ABALROAMENTO TRANSVERSAL,COLISAO ENTRE AUTO E MOTO- MOTOCICLISTA COM SINAL DE EMBRIAGUES,1.0,1.0,0.0,0.0,0.0,0.0,0.0,0.0,0.0,0.0,0.0,Não informado,Não informado,Não informado,Não informado,Não informado,Não informado,Não informado,Não informado,60.0,Não informado,Não informado,Não informado,2020,5,1,4,18.0
2020-05-01,18:59:00,COM VÍTIMA,FINALIZADA,MADALENA,RUA BENFICA,Não informado,PRÓXIMO AO ESTÁDIO DO SPORT CLUBE DO RECIFE. COMEDORIA SABOREAR.,MADALENA,CIDADE,ABALROAMENTO TRANSVERSAL,COLISÃO DUAS MOTOS C/VITIMA. UMA DAS PARTES ENVOLVIDAS SE EVADIU DO LOCAL.,1.0,2.0,0.0,0.0,0.0,0.0,0.0,0.0,0.0,2.0,0.0,Longo da via,Bom,Não existe,Não informado,Seca,Perfeito estado,Não existe,Não há placas,60.0,Única,Faixa seccionada,Não informado,2020,5,1,4,18.0
2020-05-01,19:52:00,COM VÍTIMA,FINALIZADA,ÁGUA FRIA,RUA LADEIRA DE PEDRA,Não informado,PROXIMO AO TERMINAL DO ALTO DO PASCOAL E IGREJA PRIMITIVA.,ÁGUA FRIA,CIDADE,ATROPELAMENTO,MOTO X PEDESTRE,1.0,1.0,0.0,0.0,1.0,0.0,0.0,0.0,0.0,2.0,0.0,Longo da via,Bom,Não existe,Não existente,Seca,Perfeito estado,Não informado,Não há placas,60.0,Não informado,Não informado,Não informado,2020,5,1,4,19.0
2020-05-02,10:05:00,SEM VÍTIMA,FINALIZADA,TEJIPIÓ,AV LIBERDADE,Não informado,ARMAZÉM LIBERDADE,TEJIPIÓ,Não informado,COLISÃO,Não informado,2.0,1.0,0.0,0.0,0.0,0.0,0.0,0.0,0.0,0.0,0.0,Não informado,Não informado,Não informado,Não informado,Não informado,Não informado,Não informado,Não informado,60.0,Não informado,Não informado,Não informado,2020,5,2,5,10.0
2020-05-02,11:43:00,COM VÍTIMA,FINALIZADA,JORDÃO,AV MARIA IRENE,Não informado,POLO DAS COXIHAS- UM CASAU FERIDO,JORDÃO,SUBURBIO,ABALROAMENTO LONGITUDINAL,AUTO E MOTO.,1.0,1.0,0.0,0.0,0.0,0.0,0.0,0.0,0.0,2.0,0.0,Longo da via,Bom,Não existe,Perfeito estado,Seca,Perfeito estado,Não existe,Não há placas,40.0,Dupla,Faixa contínua,Não informado,2020,5,2,5,11.0
2020-05-02,16:28:00,COM VÍTIMA,FINALIZADA,BOA VIAGEM,RUA ERNESTO DE PAULA SANTOS,AV CONSELHEIRO AGUIAR,ACADEMIA SMART FIT,BOA VIAGEM,Não informado,ABALROAMENTO TRANSVERSAL,MOTOCICLETA E AUTO PASSEIO,1.0,1.0,0.0,0.0,0.0,0.0,0.0,0.0,0.0,1.0,0.0,Cruzamento,Bom,Sem defeito,Perfeito estado,Seca,Perfeito estado,Faixa de pedestre,Outras,60.0,Única,Faixa,Não informado,2020,5,2,5,16.0
2020-05-02,16:49:00,COM VÍTIMA,DUPLICIDADE,BOA VIAGEM,AV CONSELHEIRO AGUIAR,RUA ERNESTO DE PAULA SANTOS,AO LADO DA LANCHONETE HABBIS,BOA VIAGEM,Não informado,COLISÃO,MOTOCICLETA E AUTO PASSEIO,1.0,1.0,0.0,0.0,0.0,0.0,0.0,0.0,0.0,1.0,0.0,Não informado,Não informado,Não informado,Não informado,Não informado,Não informado,Não informado,Não informado,60.0,Não informado,Não informado,Não informado,2020,5,2,5,16.0
2020-05-02,22:25:00,SEM VÍTIMA,FINALIZADA,ALTO SANTA TERESINHA,RUA TAMBOARA,Não informado,PRÓXIMO DA BARRACA DE SEU ZEZINHO DA VERDURA,ALTO SANTA TERESINHA,Não informado,COLISÃO,ENVOLVIDO COM SINTOMA DE EMBREAGUÊS,1.0,1.0,0.0,0.0,0.0,0.0,0.0,0.0,0.0,0.0,0.0,Outros,Bom,Não existe,Ilegível,Seca,Perfeito estado,Outros,Outras,60.0,Dupla,Faixa seccionada,Não informado,2020,5,2,5,22.0
2020-05-03,06:25:00,COM VÍTIMA,FINALIZADA,TORRE,RUA CONDE DE IRAJA,AV BEIRA RIO,Não informado,TORRE,SUBURBIO,COLISÃO COM CICLISTA,AUTO E BICICLETA.,1.0,1.0,0.0,1.0,0.0,0.0,0.0,0.0,0.0,1.0,0.0,Cruzamento,Chuvoso,Sem defeito,Não informado,Molhada,Perfeito estado,Não informado,Não informado,60.0,Única,Faixa contínua,Não informado,2020,5,3,6,6.0
2020-05-03,15:57:00,COM VÍTIMA,FINALIZADA,AREIAS,AV DR JOSE RUFINO,RUA JOSE NATARIO,Não informado,AREIAS,SUBURBIO,ABALROAMENTO TRANSVERSAL,COLISÃO AUTO E MOTO,1.0,1.0,0.0,0.0,0.0,0.0,0.0,0.0,0.0,1.0,0.0,Cruzamento,Bom,Sem defeito,Perfeito estado,Seca,Perfeito estado,Faixa de pedestre,Não há placas,60.0,Dupla,Faixa contínua,Não informado,2020,5,3,6,15.0
2020-05-03,20:09:00,SEM VÍTIMA,FINALIZADA,BOA VISTA,AV CONDE DA BOA VISTA,Não informado,COM A RUA GERVÁSIO PIRES,BOA VISTA,CIDADE,CHOQUE OBJETO FIXO,CHOQUE VT PMPE E CANTEIRO CENTRAL,1.0,1.0,0.0,0.0,0.0,0.0,0.0,0.0,0.0,0.0,0.0,Cruzamento,Bom,Sem defeito,Perfeito estado,Seca,Perfeito estado,Não existe,Não informado,60.0,Dupla,Não informado,Não informado,2020,5,3,6,20.0
2020-05-04,08:10:00,VÍTIMA FATAL,FINALIZADA,JARDIM SÃO PAULO,RUA FREI FELIX DE OLIVOLA,1SB DA BRASILEIRA,PROX À IGREJA BATISTA E ESTAÇÃO WERNEK DO METRÔ,JARDIM SÃO PAULO,LESTE,CHOQUE VEÍCULO PARADO,COLISÃO RENAULT/SANDERO X PEUGEOT C/VITIMA FATAL,2.0,1.0,0.0,0.0,0.0,0.0,0.0,0.0,0.0,1.0,1.0,Longo da via,Bom,Não existe,Não existente,Seca,Perfeito estado,Não existe,Não há placas,30.0,Dupla,Não existe,Não informado,2020,5,4,0,8.0
2020-05-04,10:53:00,COM VÍTIMA,FINALIZADA,BOA VIAGEM,RUA CAPITAO REBELINHO,RUA PEREIRA DA COSTA,FIDALGO RESTAURANTE,BOA VIAGEM,SUBURBIO,ABALROAMENTO TRANSVERSAL,AUTO E MOTO.,1.0,1.0,0.0,0.0,0.0,0.0,0.0,0.0,0.0,1.0,0.0,Cruzamento,Bom,Não existe,Ilegível,Seca,Perfeito estado,Faixa de retenção,R-6a,40.0,Única,Não existe,Não informado,2020,5,4,0,10.0
2020-05-04,11:43:00,SEM VÍTIMA,FINALIZADA,IMBIRIBEIRA,RUA BARAO DE AGUA BRANCA,RUA DUQUE ESTRADA,Não informado,IMBIRIBEIRA,SUBURBIO,COLISÃO,COLISÃO AUTO E MOTOCICLETA SEM VÍTIMA,1.0,1.0,0.0,0.0,0.0,0.0,0.0,0.0,0.0,0.0,0.0,Cruzamento,Bom,Não existe,Incompleta,Seca,Perfeito estado,Não existe,Não há placas,60.0,Dupla,Não existe,Não informado,2020,5,4,0,11.0
2020-05-04,16:46:00,COM VÍTIMA,FINALIZADA,GUABIRABA,EST DOS MACACOS,Não informado,BAR MAURICEA,GUABIRABA,CIDADE,ABALROAMENTO LONGITUDINAL,COLISÃO DUAS MOTOCICLETAS,1.0,2.0,0.0,0.0,0.0,0.0,0.0,0.0,0.0,1.0,0.0,Outros,Bom,Não existe,Não existente,Seca,Outros,Não existe,Não há placas,60.0,Dupla,Não existe,Não informado,2020,5,4,0,16.0
2020-05-04,17:11:00,COM VÍTIMA,FINALIZADA,CAMPO GRANDE,EST DE BELEM,RUA JERONIMO VILELA,AO LADO DA FARMÁCIA DROGASIL.,CAMPO GRANDE,CIDADE,ATROPELAMENTO,ATROPELAMENTO ENTRE MOTO E PEDESTRE.,1.0,1.0,0.0,0.0,1.0,0.0,0.0,0.0,0.0,1.0,0.0,Longo da via,Bom,Sem defeito,Perfeito estado,Seca,Perfeito estado,Faixa de pedestre,Outras,60.0,Dupla,Faixa seccionada,Não informado,2020,5,4,0,17.0
2020-05-05,13:28:00,SEM VÍTIMA,FINALIZADA,SANTO AMARO,AV GOVERNADOR AGAMENON MAGALHAES,Não informado,EM FRENTE A UPE,SANTO AMARO,SUBURBIO,COLISÃO,COLISÃO SEM VÍTIMAS ENTRE 2 AUTOS,1.0,1.0,0.0,0.0,0.0,0.0,0.0,0.0,0.0,0.0,0.0,Outros,Bom,Sem defeito,Perfeito estado,Seca,Perfeito estado,Faixa de retenção,Outras,60.0,Dupla,Canal,Não informado,2020,5,5,1,13.0
2020-05-05,21:31:00,SEM VÍTIMA,FINALIZADA,CASA AMARELA,AV NORTE,Não informado,EM AO REI DA PICANHA,CASA AMARELA,SUBURBIO,COLISÃO,COLISÃO DOIS AUTOS SEM VITMAS,3.0,1.0,0.0,0.0,0.0,0.0,0.0,0.0,0.0,0.0,0.0,Cruzamento,Chuvoso,Sem defeito,Perfeito estado,Molhada,Perfeito estado,Faixa de pedestre,Não há placas,60.0,Dupla,Canteiro central,Não informado,2020,5,5,1,21.0
2020-05-06,07:18:00,SEM VÍTIMA,FINALIZADA,MUSTARDINHA,RUA VINTE E UM DE ABRIL,1 TRV JUSTICA E PAZ,POSTO DE GASOLINA DESATIVADO,MUSTARDINHA,SUBURBIO,CHOQUE,CARRETA PEDEU O CONTROLE CHOCOU-SE COM A ESTRURURA DO POSTO DE GASOLINA DESATIVADO,1.0,1.0,0.0,0.0,0.0,0.0,1.0,0.0,1.0,0.0,0.0,Cruzamento,Bom,Não existe,Incompleta,Seca,Mal iluminada,Não existe,Não há placas,60.0,Dupla,Não existe,Não informado,2020,5,6,2,7.0
2020-05-06,07:28:00,SEM VÍTIMA,FINALIZADA,VÁRZEA,RUA MARECHAL MANOEL LUIS OSORIO,Não informado,EDIFÍCIO RIO PURUS,VÁRZEA,SUBURBIO,COLISÃO,ACIDENTE ENVOLVENDO TRÊS VEÍCULOS ÔNIBUS E DOIS AUTOPASSEIOS,2.0,1.0,0.0,0.0,0.0,1.0,0.0,0.0,0.0,0.0,0.0,Longo da via,Bom,Não existe,Perfeito estado,Seca,Perfeito estado,Outros,Placas Pare,60.0,Dupla,Não existe,Não informado,2020,5,6,2,7.0
2020-05-06,08:54:00,COM VÍTIMA,FINALIZADA,SANTO ANTÔNIO,RUA IMPERIAL,TRV DO RAPOSO,EM FRENTE AO DEPÓSITO DE RECICLÁVEIS DO ZUZA,SANTO ANTÔNIO,SUBURBIO,ABALROAMENTO TRANSVERSAL,ACIDENTE ENVOLVENDO MOTO E CARRO,1.0,1.0,0.0,0.0,0.0,0.0,0.0,0.0,0.0,1.0,0.0,Cruzamento,Bom,Sem defeito,Perfeito estado,Seca,Perfeito estado,Outros,Não há placas,60.0,Única,Faixa seccionada,Não informado,2020,5,6,2,8.0
2020-05-06,16:03:00,COM VÍTIMA,FINALIZADA,PRADO,AV ENGENHEIRO ABDIAS DE CARVALHO,EST DOS REMEDIOS,DROGASIL,PRADO,SUBURBIO,ABALROAMENTO TRANSVERSAL,AMBULÂNCIA E MOTO.,1.0,1.0,0.0,0.0,0.0,0.0,0.0,1.0,0.0,1.0,0.0,Cruzamento,Bom,Sem defeito,Perfeito estado,Seca,Perfeito estado,Faixa de pedestre,Não há placas,60.0,Dupla,Canteiro central,Não informado,2020,5,6,2,16.0
2020-05-07,10:53:00,SEM VÍTIMA,FINALIZADA,NOVA DESCOBERTA,AV VEREADOR OTACILIO AZEVEDO,AV VEREADOR OTACILIO AZEVEDO,FRENTE AO COLEGIO ROTARI NOVA DECOBERTA,NOVA DESCOBERTA,CIDADE,ABALROAMENTO LONGITUDINAL,CONDUTOR INFORMA QUE UMA CARROÇA VIROU E ATINGIU A VIATURA,1.0,1.0,0.0,0.0,0.0,0.0,0.0,1.0,0.0,0.0,0.0,Longo da via,Bom,Sem defeito,Perfeito estado,Seca,Perfeito estado,Não existe,Outras,60.0,Dupla,Não existe,Não informado,2020,5,7,3,10.0