data,hora,natureza_acidente,situacao,bairro,endereco,detalhe_endereco_acidente,complemento,bairro_cruzamento,sentido_via,tipo,descricao,auto,moto,ciclom,ciclista,pedestre,onibus,caminhao,viatura,outros,vitimas,vitimasfatais,acidente_verificado,tempo_clima,situacao_semaforo,sinalizacao,condicao_via,conservacao_via,ponto_controle,situacao_placa,velocidade_max_via,mao_direcao,divisao_via1,natureza,ano,mes,dia,dia_semana,hora_ocorrencia
2020-05-07,13:26:00,COM VÍTIMA,FINALIZADA,BOA VIAGEM,RUA PADRE BERNADINO PESSOA,RUA MINISTRO NELSON HUNGRIA,COLEGIO SANTA MARIA,BOA VIAGEM,SUBURBIO,ABALROAMENTO TRANSVERSAL,COLISÃO ENTRE AUTO E MOTO,1.0,1.0,0.0,0.0,0.0,0.0,0.0,0.0,0.0,1.0,0.0,Longo da via,Bom,Não existe,Perfeito estado,Seca,Perfeito estado,Não existe,Não há placas,60.0,Única,Não existe,Não informado,2020,5,7,3,13.0
2020-05-07,16:08:00,COM VÍTIMA,FINALIZADA,ILHA DO RETIRO,AV ENGENHEIRO ABDIAS DE CARVALHO,AV JOSE GONCALVES DE MEDEIROS,SPORT CLUBE DO RECIFE.,ILHA DO RETIRO,SUBURBIO,ABALROAMENTO TRANSVERSAL,COLISÃO ENTRE DUAS MOTOS.,1.0,2.0,0.0,0.0,0.0,0.0,0.0,0.0,0.0,3.0,0.0,Cruzamento,Bom,Sem defeito,Perfeito estado,Seca,Perfeito estado,Não existe,Não há placas,60.0,Dupla,Canteiro central,Não informado,2020,5,7,3,16.0
2020-05-07,17:27:00,COM VÍTIMA,FINALIZADA,PINA,AV ENGENHEIRO DOMINGOS FERREIRA,Não informado,EM FRENTE AO EXTRABOM PINA,PINA,SUBURBIO,ABALROAMENTO LONGITUDINAL,COLISÃO ENTRE AUTO E MOTO,1.0,1.0,0.0,0.0,0.0,0.0,0.0,0.0,0.0,1.0,0.0,Longo da via,Bom,Não existe,Perfeito estado,Seca,Perfeito estado,Não existe,Não há placas,60.0,Única,Faixa seccionada,Não informado,2020,5,7,3,17.0
2020-05-07,19:04:00,COM VÍTIMA,FINALIZADA,TEJIPIÓ,AV DR JOSE RUFINO,Não informado,PROXIMO AO VIATUDO DA BR 101,TEJIPIÓ,SUBURBIO,COLISÃO FRONTAL,COLISÃO AUTO E MOTO,1.0,1.0,0.0,0.0,0.0,0.0,0.0,0.0,0.0,1.0,0.0,Longo da via,Bom,Não existe,Não existente,Seca,Mal iluminada,Não existe,Não informado,60.0,Dupla,Faixa contínua,Não informado,2020,5,7,3,19.0
2020-05-08,13:57:00,COM VÍTIMA,FINALIZADA,BOA VIAGEM,RUA SA E SOUZA,RUA CONEGO ROMEU,SUPERMERCADO VERDFRUT. EM FRENTE A GALERIA SÁ E SOUZA.,BOA VIAGEM,CIDADE,ABALROAMENTO TRANSVERSAL,COLISÃO ENTRE DUAS MOTOCICLETAS,1.0,2.0,0.0,0.0,0.0,0.0,0.0,0.0,0.0,1.0,0.0,Cruzamento,Bom,Não existe,Perfeito estado,Seca,Perfeito estado,Não existe,Placas Pare,60.0,Dupla,Faixa seccionada,Não informado,2020,5,8,4,13.0
2020-05-08,14:45:00,COM VÍTIMA,FINALIZADA,ENGENHO DO MEIO,RUA ANTONIO CURADO,Não informado,EM FRENTE A PADARIA SANDRÂNGELA.,ENGENHO DO MEIO,CIDADE,ABALROAMENTO TRANSVERSAL,COLISÃO COM VITIMA MOTO E CARRO,1.0,1.0,0.0,0.0,0.0,0.0,0.0,0.0,0.0,1.0,0.0,Longo da via,Bom,Não existe,Perfeito estado,Seca,Perfeito estado,Não existe,Outras,30.0,Dupla,Faixa seccionada,Não informado,2020,5,8,4,14.0
2020-05-08,17:10:00,COM VÍTIMA,FINALIZADA,ZUMBI,AV CAXANGA,Não informado,EM FRENTE A LOJA DE BATERIAS HELIAR,ZUMBI,CIDADE,ABALROAMENTO LONGITUDINAL,AUTO E MOTO COM VÍTIMA,1.0,1.0,0.0,0.0,0.0,0.0,0.0,0.0,0.0,1.0,0.0,Longo da via,Bom,Não existe,Incompleta,Seca,Perfeito estado,Outros,Outras,60.0,Dupla,Canteiro central,Não informado,2020,5,8,4,17.0
2020-05-08,19:10:00,SEM VÍTIMA,CANCELADA,IMBIRIBEIRA,AV MARECHAL MASCARENHAS DE MORAES,Não informado,SINTOMAS DE EMBRIAGUEZ -,IMBIRIBEIRA,CENTRO,COLISÃO,OYY7545 - FORD FIESTA / PEP2412 FIAT STRADA,2.0,1.0,0.0,0.0,0.0,0.0,0.0,0.0,0.0,0.0,0.0,Não informado,Não informado,Não informado,Não informado,Não informado,Não informado,Não informado,Não informado,60.0,Não informado,Não informado,Não informado,2020,5,8,4,19.0
2020-05-08,20:46:00,COM VÍTIMA,FINALIZADA,VÁRZEA,AV JOAQUIM RIBEIRO,RUA FRANCISCO TORRES,EM FRENTE A UPA,VÁRZEA,CIDADE,CHOQUE VEÍCULO PARADO,COLISÃO ENTRE ÔNIBUS E MOTO.,1.0,1.0,0.0,0.0,0.0,1.0,0.0,0.0,0.0,1.0,0.0,Longo da via,Bom,Não informado,Perfeito estado,Seca,Perfeito estado,Não existe,Não há placas,60.0,Dupla,Canteiro central,Não informado,2020,5,8,4,20.0
2020-05-09,07:23:00,SEM VÍTIMA,CANCELADA,IPSEP,AV RECIFE,Não informado,SAÍDA DO IBURA,IPSEP,Não informado,CHOQUE,ÔNIBUS CHOCOU SE COM POSTE QUE FICOU POSTE- QUE CAIO SOBRE OUTRO VEÍCULO.,1.0,1.0,0.0,0.0,0.0,1.0,0.0,0.0,0.0,0.0,0.0,Não informado,Não informado,Não informado,Não informado,Não informado,Não informado,Não informado,Não informado,60.0,Não informado,Não informado,Não informado,2020,5,9,5,7.0
2020-05-09,07:47:00,SEM VÍTIMA,CANCELADA,IPSEP,AV RECIFE,Não informado,Não informado,IPSEP,Não informado,ACID. DE PERCURSO,Não informado,1.0,1.0,0.0,0.0,0.0,0.0,0.0,0.0,0.0,0.0,0.0,Não informado,Não informado,Não informado,Não informado,Não informado,Não informado,Não informado,Não informado,60.0,Não informado,Não informado,Não informado,2020,5,9,5,7.0
2020-05-09,09:16:00,COM VÍTIMA,FINALIZADA,BOA VISTA,RUA DA UNIAO,RUA PRINCESA IZABEL,EM FRENTE A LOTÉRICA.,BOA VISTA,CIDADE,ABALROAMENTO LONGITUDINAL,COLISÃO ENTRE TRÊS VEÍCULOS COM DUAS VÍTIMAS,1.0,2.0,0.0,0.0,0.0,0.0,0.0,0.0,0.0,2.0,0.0,Cruzamento,Bom,Sem defeito,Perfeito estado,Seca,Perfeito estado,Não existe,Outras,60.0,Única,Faixa contínua,Não informado,2020,5,9,5,9.0
2020-05-09,10:30:00,COM VÍTIMA,FINALIZADA,BOA VIAGEM,RUA ERNESTO DE PAULA SANTOS,RUA AMALIA BERNARDINO DE SOUZA,DESCIDA DO VIADUTO TANCRENO NEVES. EM FRENTE AO POSTO BR.,BOA VIAGEM,SUBURBIO,ABALROAMENTO TRANSVERSAL,COLISÃO ENTRE AUTO E MOTO.,1.0,1.0,0.0,0.0,0.0,0.0,0.0,0.0,0.0,1.0,0.0,Cruzamento,Bom,Não existe,Incompleta,Seca,Perfeito estado,Não existe,Outras,60.0,Única,Não existe,Não informado,2020,5,9,5,10.0
2020-05-09,11:09:00,COM VÍTIMA,FINALIZADA,FUNDÃO,AV BEBERIBE,Não informado,IGREJA ASSEMBLÉIA DE DEUS.,FUNDÃO,SUBURBIO,COLISÃO TRASEIRA,COLISÃO COM VÍTIMA ENVOLVENDO TRES VEÍCULOS,3.0,1.0,0.0,0.0,0.0,0.0,0.0,0.0,0.0,2.0,0.0,Longo da via,Bom,Não existe,Perfeito estado,Seca,Perfeito estado,Não existe,Outras,60.0,Dupla,Canteiro central,Não informado,2020,5,9,5,11.0
2020-05-09,12:00:00,COM VÍTIMA,FINALIZADA,VÁRZEA,AV CAXANGA,Não informado,EM FRENTE À ACADEMIA TOP FIT,VÁRZEA,CIDADE,TOMBAMENTO,MOTOCICLISTA PERDEU O CONTROLE E CAIU,1.0,1.0,0.0,0.0,0.0,0.0,0.0,0.0,0.0,1.0,0.0,Longo da via,Bom,Sem defeito,Perfeito estado,Seca,Perfeito estado,Faixa de pedestre,Não informado,60.0,Dupla,Faixa contínua,Não informado,2020,5,9,5,12.0
2020-05-09,12:08:00,COM VÍTIMA,FINALIZADA,NOVA DESCOBERTA,RUA NOVA DESCOBERTA,COR DO ARCANJO,EM FRENTE A PAULO BEBIDAS,NOVA DESCOBERTA,SUBURBIO,ABALROAMENTO LONGITUDINAL,COLISÃO COM VÍTIMA ENTRE AUTO E MOTO.,1.0,1.0,0.0,0.0,0.0,0.0,0.0,0.0,0.0,1.0,0.0,Esquina,Bom,Não existe,Perfeito estado,Seca,Perfeito estado,Não existe,R-6a,60.0,Dupla,Faixa seccionada,Não informado,2020,5,9,5,12.0
2020-05-09,15:33:00,COM VÍTIMA,FINALIZADA,MONTEIRO,AV DEZESSETE DE AGOSTO,Não informado,EM FRENTE DO EDIFÍCIO PORTA DÁGUA,MONTEIRO,CIDADE,ATROPELAMENTO,ATROPELAMENTO ENTRE AUTO E PEDESTRE,1.0,1.0,0.0,0.0,1.0,0.0,0.0,0.0,0.0,1.0,0.0,Longo da via,Bom,Não existe,Perfeito estado,Seca,Perfeito estado,Não existe,Não há placas,60.0,Dupla,Faixa contínua,Não informado,2020,5,9,5,15.0
2020-05-09,21:06:00,COM VÍTIMA,FINALIZADA,ÁGUA FRIA,AV ANIBAL BENEVOLO,Não informado,EM FRENTE AO COLEGIO ROSA MAGALHÃES E PRÓXIMO AO COMPAZ,ÁGUA FRIA,CIDADE,COLISÃO FRONTAL,COLISÃO ENVOLVENDO 2 AUTOS E UMA MOTO.,2.0,1.0,0.0,0.0,0.0,0.0,0.0,0.0,0.0,1.0,0.0,Longo da via,Bom,Não existe,Perfeito estado,Seca,Não informado,Não informado,R-6a,30.0,Dupla,Faixa seccionada,Não informado,2020,5,9,5,21.0
2020-05-09,22:22:00,COM VÍTIMA,CANCELADA,MANGABEIRA,RUA DA MANGABEIRA,Não informado,PRÓXIMO AO ESPETINHO DA ROSINHA,MANGABEIRA,SUBURBIO,COLISÃO,DUAS MOTOS,1.0,2.0,0.0,0.0,0.0,0.0,0.0,0.0,0.0,1.0,0.0,Não informado,Não informado,Não informado,Não informado,Não informado,Não informado,Não informado,Não informado,60.0,Não informado,Não informado,Não informado,2020,5,9,5,22.0
2020-05-09,22:26:00,COM VÍTIMA,FINALIZADA,CORDEIRO,AV CAXANGA,RUA CLAUDIO BROTHERHOOD,SEMAFORO Nº 235 ANTES DA EXPOSIÇÃO DO CORDEIRO,CORDEIRO,CIDADE,COLISÃO TRASEIRA,COLISÃO AUTO X MOTO,1.0,1.0,0.0,0.0,0.0,0.0,0.0,0.0,0.0,1.0,0.0,Longo da via,Bom,Sem defeito,Perfeito estado,Seca,Perfeito estado,Faixa de pedestre,Outras,60.0,Única,Faixa contínua,Não informado,2020,5,9,5,22.0
2020-05-10,02:41:00,SEM VÍTIMA,FINALIZADA,BOA VIAGEM,AV CONSELHEIRO AGUIAR,Não informado,E/F A CAIXA ECONOMICA FEDERAL,BOA VIAGEM,Não informado,COLISÃO,COLISÃO 2 AUTOS S/VITIMA - ALCOOLEMIA - PMPE NO LOCAL,2.0,1.0,0.0,0.0,0.0,0.0,0.0,0.0,0.0,0.0,0.0,Longo da via,Bom,Não existe,Perfeito estado,Seca,Perfeito estado,Faixa de pedestre,Não há placas,60.0,Única,Não existe,Não informado,2020,5,10,6,2.0
2020-05-10,11:22:00,COM VÍTIMA,FINALIZADA,SANTO AMARO,AV CRUZ CABUGA,AV MARIO MELO,ASSEMBLÉIA DE DEUS,SANTO AMARO,CIDADE,COLISÃO,ACIDENTE ENVOLVENDO MOTO E AUTO,1.0,1.0,0.0,0.0,0.0,0.0,0.0,0.0,0.0,1.0,0.0,Cruzamento,Chuvoso,Sem defeito,Perfeito estado,Molhada,Perfeito estado,Faixa de pedestre,Outras,60.0,Dupla,Faixa contínua,Não informado,2020,5,10,6,11.0
2020-05-10,18:05:00,COM VÍTIMA,FINALIZADA,IBURA,RUA EXP FRANCISCO VITORIANO,RUA FLORIANO BARBOSA DE OLIVEIRA,PRÓXIMO A CRECHE MUNICIPAL TIO ZÉ. SALÃO BARBEARIA ISAC.,IBURA,SUBURBIO,ATROPELAMENTO,ACIDENTE COM VÍTIMA ENVOLVENDO MOTO E PEDESTRE,1.0,1.0,0.0,0.0,1.0,0.0,0.0,0.0,0.0,2.0,0.0,Longo da via,Bom,Não existe,Perfeito estado,Seca,Perfeito estado,Faixa de pedestre,Placas Pare,30.0,Dupla,Não existe,Não informado,2020,5,10,6,18.0
2020-05-10,22:09:00,COM VÍTIMA,FINALIZADA,LINHA DO TIRO,RUA URIEL DE HOLANDA,Não informado,PRÓXIMO AO TERMINAL DE BREJO/ ASSEMBLEIA E DEUS/ ARMAZÉM SHALON,LINHA DO TIRO,SUBURBIO,ABALROAMENTO LONGITUDINAL,COLISÃO ENTRE ÔNIBUS E MOTO.,1.0,1.0,0.0,0.0,0.0,1.0,0.0,0.0,0.0,2.0,0.0,Longo da via,Bom,Não existe,Perfeito estado,Seca,Perfeito estado,Não existe,R-6a,60.0,Dupla,Não existe,Não informado,2020,5,10,6,22.0
2020-05-11,04:44:00,COM VÍTIMA,FINALIZADA,PRADO,AV ENGENHEIRO ABDIAS DE CARVALHO,Não informado,EM FRENTE AO TROCÃO- LADO OPOSTO AO NÚMERO 1524.,PRADO,SUBURBIO,CHOQUE OBJETO FIXO,VEÍCULO SE ENCONTRA ABANDONADO NA VIA,1.0,1.0,0.0,0.0,0.0,0.0,0.0,0.0,0.0,1.0,0.0,Longo da via,Bom,Sem defeito,Perfeito estado,Seca,Perfeito estado,Faixa de pedestre,Não informado,60.0,Dupla,Faixa seccionada,Não informado,2020,5,11,0,4.0
2020-05-11,07:25:00,COM VÍTIMA,FINALIZADA,ZUMBI,RUA GOMES TABORDA,RUA GREGORIO JUNIOR,LADO OPOSTO A JÚNIOR BATERIAS.,ZUMBI,CIDADE,ABALROAMENTO LONGITUDINAL,COLISÃO ENTRE AUTO E MOTO.,1.0,1.0,0.0,0.0,0.0,0.0,0.0,0.0,0.0,1.0,0.0,Cruzamento,Bom,Não existe,Perfeito estado,Seca,Perfeito estado,Não existe,Não há placas,60.0,Dupla,Faixa seccionada,Não informado,2020,5,11,0,7.0
2020-05-11,12:10:00,SEM VÍTIMA,FINALIZADA,SAN MARTIN,RUA JOSE VELOSO,Não informado,PROX. A CAVALARIA,SAN MARTIN,Não informado,COLISÃO,COLISÃO SEM VÍTIMA,1.0,1.0,0.0,0.0,0.0,0.0,0.0,0.0,0.0,0.0,0.0,Cruzamento,Bom,Não existe,Incompleta,Seca,Perfeito estado,Não existe,Não há placas,60.0,Dupla,Não existe,Não informado,2020,5,11,0,12.0
2020-05-11,13:14:00,SEM VÍTIMA,FINALIZADA,TAMARINEIRA,RUA GENERAL ABREU E LIMA,Não informado,EM FRENTE AO EDF. EMÍLIA COSTA,TAMARINEIRA,CIDADE,COLISÃO,ENTRE MOTOCICLETA (VEÍCULO OFICIAL) E AUTO PASSEIO,1.0,1.0,0.0,0.0,0.0,0.0,0.0,0.0,0.0,0.0,0.0,Não informado,Bom,Não existe,Perfeito estado,Seca,Perfeito estado,Não existe,Outras,60.0,Dupla,Não existe,Não informado,2020,5,11,0,13.0
2020-05-11,15:44:00,COM VÍTIMA,FINALIZADA,ESTÂNCIA,RUA SAO MIGUEL,Não informado,POSTO IPIRANGA- ARMAZEM CORAL- GLOBO VIDROS,ESTÂNCIA,SUBURBIO,COLISÃO TRASEIRA,AUTO E MOTO COM VÍTIMA,1.0,1.0,0.0,0.0,0.0,0.0,0.0,0.0,0.0,1.0,0.0,Longo da via,Bom,Sem defeito,Perfeito estado,Seca,Perfeito estado,Não existe,Não informado,60.0,Dupla,Faixa contínua,Não informado,2020,5,11,0,15.0
2020-05-12,07:23:00,COM VÍTIMA,FINALIZADA,BOMBA DO HEMETÉRIO,RUA CHA DE ALEGRIA,RUA TAMBOARA,EM FRENTE AO N 107,BOMBA DO HEMETÉRIO,SUBURBIO,COLISÃO COM CICLISTA,AUTO E CICLISTA.,1.0,1.0,0.0,1.0,0.0,0.0,0.0,0.0,0.0,1.0,0.0,Cruzamento,Bom,Não existe,Não existente,Seca,Perfeito estado,Não existe,Não há placas,60.0,Não informado,Não existe,Não informado,2020,5,12,1,7.0
2020-05-12,08:05:00,COM VÍTIMA,FINALIZADA,BOA VIAGEM,RUA RIBEIRO DE BRITO,RUA AMALIA BERNARDINO DE SOUZA,Não informado,BOA VIAGEM,SUBURBIO,ABALROAMENTO TRANSVERSAL,COLISÃO COM VÍTIMA,2.0,1.0,0.0,0.0,0.0,0.0,0.0,0.0,0.0,1.0,0.0,Longo da via,Bom,Não existe,Perfeito estado,Seca,Perfeito estado,Agente,Não há placas,30.0,Única,Faixa,Não informado,2020,5,12,1,8.0
2020-05-12,16:26:00,COM VÍTIMA,FINALIZADA,AFOGADOS,RUA SAO MIGUEL,Não informado,MOTEL PREMIUM. LADO OPOSTO AO POSTO DE COMBUSTÍVEL PETROISA.,AFOGADOS,SUBURBIO,ABALROAMENTO LONGITUDINAL,COM VÍTIMA. AUTO E MOTO.,1.0,1.0,0.0,0.0,0.0,0.0,0.0,0.0,0.0,1.0,0.0,Longo da via,Bom,Não existe,Perfeito estado,Seca,Perfeito estado,Não existe,Não há placas,60.0,Dupla,Faixa contínua,Não informado,2020,5,12,1,16.0
2020-05-12,17:49:00,COM VÍTIMA,FINALIZADA,VÁRZEA,AV AFONSO OLINDENSE,RUA ANDRE NEGREIROS MAIA,PROX. A LOMBADA ELETRONICA. LADO OPOSTO A FARMÁCIA UNIÃO.,VÁRZEA,CIDADE,TOMBAMENTO,COM VÍTIMA,1.0,1.0,0.0,0.0,0.0,0.0,0.0,0.0,0.0,1.0,0.0,Longo da via,Bom,Não existe,Perfeito estado,Seca,Perfeito estado,Não existe,Placas Pare,40.0,Dupla,Faixa contínua,Não informado,2020,5,12,1,17.0
2020-05-13,06:23:00,COM VÍTIMA,CANCELADA,BEBERIBE,AV BEBERIBE,Não informado,ANTIGA PIZZARIA DO GORDO,BEBERIBE,SUBURBIO,COLISÃO,Carro e moto,1.0,1.0,0.0,0.0,0.0,0.0,0.0,0.0,0.0,1.0,0.0,Não informado,Não informado,Não informado,Não informado,Não informado,Não informado,Não informado,Não informado,60.0,Não informado,Não informado,Não informado,2020,5,13,2,6.0
2020-05-13,08:38:00,COM VÍTIMA,FINALIZADA,ESPINHEIRO,RUA DO FUTURO,RUA ALBERTO PAIVA,APOS O HABIBS,ESPINHEIRO,SUBURBIO,ATROPELAMENTO,Não informado,1.0,1.0,0.0,0.0,1.0,0.0,0.0,0.0,0.0,1.0,0.0,Cruzamento,Bom,Sem defeito,Perfeito estado,Seca,Perfeito estado,Faixa de pedestre,Outras,60.0,Única,Faixa seccionada,Não informado,2020,5,13,2,8.0
2020-05-14,10:37:00,SEM VÍTIMA,FINALIZADA,BOA VIAGEM,RUA MARIA CAROLINA,RUA MINISTRO NELSON HUNGRIA,EM FRENTEL AO HOTEL BRISTOL,BOA VIAGEM,Não informado,COLISÃO,COLISÃO ENVOLVENDO 02 AUTOS,2.0,1.0,0.0,0.0,0.0,0.0,0.0,0.0,0.0,0.0,0.0,Cruzamento,Bom,Não existe,Incompleta,Seca,Perfeito estado,Não existe,Não há placas,40.0,Única,Não existe,Não informado,2020,5,14,3,10.0
2020-05-14,16:28:00,SEM VÍTIMA,FINALIZADA,BOA VIAGEM,AVENIDA CELSO FURTADO (VIA MANGUE),Não informado,PRÓXIOMO À AVENIDA ANTONIO FALCÃO,BOA VIAGEM,SUBURBIO,COLISÃO,COLISÃO ENVOLVENDO UMA VIATURA DA PM/PE E DOIS AUTOS,2.0,1.0,0.0,0.0,0.0,0.0,0.0,0.0,0.0,0.0,0.0,Viaduto,Bom,Não existe,Perfeito estado,Seca,Perfeito estado,Não existe,Não há placas,40.0,Única,Não existe,Não informado,2020,5,14,3,16.0
2020-05-15,01:34:00,COM VÍTIMA,FINALIZADA,CASA AMARELA,RUA PAULA BATISTA,RUA MAJOR NEREU GUERRA,PROX AO CEMITÉRIO DE CASA AMARELA,CASA AMARELA,SUBURBIO,ABALROAMENTO TRANSVERSAL,COLISÃO ENVOLVENDO DUAS MOTOCICLETAS (COM VÍTIMA),1.0,2.0,0.0,0.0,0.0,0.0,0.0,0.0,0.0,1.0,0.0,Cruzamento,Bom,Intermitente,Perfeito estado,Seca,Perfeito estado,Faixa de pedestre,Outras,60.0,Dupla,Faixa seccionada,Não informado,2020,5,15,4,1.0
2020-05-15,02:45:00,SEM VÍTIMA,FINALIZADA,SANTO ANTÔNIO,AV SUL,TRV DO RAPOSO,OFICINA ABELARDO/ PRÓXIMO AO CRUZ. SENTIDO JOANA BEZERRA,SANTO ANTÔNIO,CIDADE,CHOQUE OBJETO FIXO,VEÍCULO SE CHOCOU CONTRA UM POSTE. O POSTE FOI DANIFICADO E SE ENCONTRA PENDURADO PELA FIAÇÃO.,1.0,1.0,0.0,0.0,0.0,0.0,0.0,0.0,0.0,0.0,0.0,Longo da via,Chuvoso,Sem defeito,Perfeito estado,Molhada,Perfeito estado,Não existe,Não há placas,60.0,Única,Canteiro central,Não informado,2020,5,15,4,2.0
2020-05-15,03:14:00,COM VÍTIMA,FINALIZADA,ILHA DO LEITE,AV GOVERNADOR AGAMENON MAGALHAES,Não informado,EM FRENTE AO HOSPITAL PORTUGUÊS,ILHA DO LEITE,SUBURBIO,CHOQUE OBJETO FIXO,Não informado,1.0,1.0,0.0,0.0,0.0,0.0,0.0,0.0,0.0,2.0,0.0,Longo da via,Chuvoso,Não existe,Perfeito estado,Molhada,Perfeito estado,Não informado,Outras,60.0,Dupla,Faixa seccionada,Não informado,2020,5,15,4,3.0
2020-05-15,10:32:00,COM VÍTIMA,FINALIZADA,IMBIRIBEIRA,AV MARECHAL MASCARENHAS DE MORAES,RUA JAMAICA,EM FRENTE AO N 2454,IMBIRIBEIRA,SUBURBIO,COLISÃO TRASEIRA,COLISÃO COM VITIMA,1.0,1.0,0.0,0.0,0.0,0.0,0.0,0.0,0.0,1.0,0.0,Longo da via,Chuvoso,Sem defeito,Perfeito estado,Molhada,Perfeito estado,Faixa de pedestre,Não informado,60.0,Única,Faixa,Não informado,2020,5,15,4,10.0
2020-05-15,18:24:00,COM VÍTIMA,FINALIZADA,BOA VIAGEM,RUA MARIO SOUTO MAIOR,RUA PROFESSOR AUGUSTO LINS E SILVA,RUA PROF AUGUSTO LINS E SILVA,BOA VIAGEM,SUBURBIO,ABALROAMENTO TRANSVERSAL,COLISÃO COM VITIMA,1.0,1.0,0.0,0.0,0.0,0.0,0.0,0.0,0.0,1.0,0.0,Cruzamento,Bom,Não existe,Perfeito estado,Seca,Perfeito estado,Não existe,Placas Pare,60.0,Dupla,Não existe,Não informado,2020,5,15,4,18.0
2020-05-15,21:23:00,COM VÍTIMA,FINALIZADA,CORDEIRO,RUA CLAUDIO BROTHERHOOD,RUA DR MIGUEL VIEIRA FERREIRA,AO LADO DA ESCOLA NOVA GERAÇÃO 2000,CORDEIRO,Não informado,ABALROAMENTO TRANSVERSAL,COLISÃO CAMINHÃO X MOTO C/VITIMA,1.0,1.0,0.0,0.0,0.0,0.0,1.0,0.0,0.0,1.0,0.0,Cruzamento,Chuvoso,Não existe,Perfeito estado,Molhada,Perfeito estado,Faixa de pedestre,Placas Pare,40.0,Dupla,Faixa contínua,Não informado,2020,5,15,4,21.0
2020-05-16,05:46:00,COM VÍTIMA,FINALIZADA,PINA,AV ANTONIO DE GOES,Não informado,FAIXA DA ESQUERDA ANTES DA PONTE DO PINA,PINA,CIDADE,COLISÃO TRASEIRA,COLISÃO AUTO X MOTO,1.0,1.0,0.0,0.0,0.0,0.0,0.0,0.0,0.0,1.0,0.0,Longo da via,Chuvoso,Não existe,Perfeito estado,Molhada,Perfeito estado,Não informado,R-6a,40.0,Única,Não informado,Não informado,2020,5,16,5,5.0
2020-05-16,10:06:00,SEM VÍTIMA,FINALIZADA,ZUMBI,AV CAXANGA,Não informado,COMPAZ MIGUEL ARRAES,ZUMBI,CIDADE,CHOQUE OBJETO FIXO,CAMINHONETE CHEVROLET S10- CHOCOU -SE COM GRADIL DO COMPAZ. OCORRÊNCIA SEM VÍTIMA,1.0,1.0,0.0,0.0,0.0,0.0,0.0,0.0,0.0,0.0,0.0,Longo da via,Chuvoso,Não existe,Perfeito estado,Molhada,Perfeito estado,Não existe,Não informado,60.0,Dupla,Canteiro central,Não informado,2020,5,16,5,10.0
2020-05-16,15:55:00,COM VÍTIMA,FINALIZADA,ILHA DO RETIRO,AV BEIRA RIO,Não informado,Não informado,ILHA DO RETIRO,SUBURBIO,CHOQUE OBJETO FIXO,Não informado,1.0,1.0,0.0,0.0,1.0,0.0,0.0,0.0,0.0,1.0,0.0,Longo da via,Bom,Não existe,Perfeito estado,Seca,Perfeito estado,Não existe,Não há placas,60.0,Dupla,Faixa contínua,Não informado,2020,5,16,5,15.0
2020-05-17,07:20:00,COM VÍTIMA,FINALIZADA,BOMBA DO HEMETÉRIO,RUA CHA DE ALEGRIA,Não informado,LARGO DA BOMBA,BOMBA DO HEMETÉRIO,SUBURBIO,CHOQUE VEÍCULO PARADO,ATROPELAMENTO PEDESTRE\COLISAO COM MOTO,1.0,1.0,0.0,0.0,0.0,0.0,0.0,0.0,0.0,1.0,0.0,Longo da via,Chuvoso,Não existe,Incompleta,Molhada,Perfeito estado,Não existe,Não informado,60.0,Dupla,Não existe,Não informado,2020,5,17,6,7.0
2020-05-17,16:52:00,COM VÍTIMA,FINALIZADA,TORRE,RUA REAL DA TORRE,RUA CONDE DE IRAJA,AO LADO DO SUPERMERCADO EXTRA BOM,TORRE,Não informado,ABALROAMENTO TRANSVERSAL,COLISÃO ONIBUS X MOTO,1.0,1.0,0.0,0.0,0.0,1.0,0.0,0.0,0.0,1.0,0.0,Cruzamento,Bom,Sem defeito,Perfeito estado,Seca,Perfeito estado,Faixa de pedestre,R-6a,60.0,Única,Faixa seccionada,Não informado,2020,5,17,6,16.0
2020-05-18,12:08:00,COM VÍTIMA,FINALIZADA,SÃO JOSÉ,RUA IMPERIAL,RUA DO PEIXOTO,PRÓXIMO A IGREJA MATRIZ DE SÃO JOSÉ,SÃO JOSÉ,CIDADE,ABALROAMENTO LONGITUDINAL,SOLICITANTE INFORMA QUE NO LOCAL OCORREU UM ACIDENTE ENVOLVENDO MOTOCICLETA E AUTO COM VÍTIMA,1.0,1.0,0.0,0.0,0.0,0.0,0.0,0.0,0.0,1.0,0.0,Cruzamento,Bom,Sem defeito,Perfeito estado,Seca,Perfeito estado,Não informado,Outras,60.0,Única,Não existe,Não informado,2020,5,18,0,12.0
2020-05-18,14:11:00,COM VÍTIMA,FINALIZADA,VÁRZEA,AV AFONSO OLINDENSE,Não informado,EM FRENTE A PADARIA CAXANGÁ,VÁRZEA,CIDADE,COLISÃO FRONTAL,COLISÃO ONIBUS X MOTO- VÍTIMA SOCORRIDA POR MORADORES DA REGIÃO.,1.0,1.0,0.0,0.0,0.0,1.0,0.0,0.0,0.0,1.0,0.0,Longo da via,Bom,Sem defeito,Perfeito estado,Seca,Perfeito estado,Faixa de pedestre,Outras,40.0,Dupla,Faixa contínua,Não informado,2020,5,18,0,14.0
2020-05-19,01:41:00,COM VÍTIMA,FINALIZADA,ARRUDA,AV PROFESSOR JOSE DOS ANJOS,RUA MOGI-GUASSU,PROX. POLICLINICA ANTÔNIO FRANCISCO AREAS,ARRUDA,SUBURBIO,COLISÃO FRONTAL,ACIDENTE ENTRE MOTO E AUTO,1.0,1.0,0.0,0.0,0.0,0.0,0.0,0.0,0.0,1.0,0.0,Não informado,Bom,Não existe,Perfeito estado,Seca,Perfeito estado,Não existe,Não há placas,60.0,Dupla,Faixa seccionada,Não informado,2020,5,19,1,1.0
2020-05-19,04:49:00,COM VÍTIMA,FINALIZADA,TORRÕES,AV ENGENHEIRO ABDIAS DE CARVALHO,Não informado,EM FRENTE AO YORK/GALETOS- SENTIDO SUBURBIO/ CIDADE,TORRÕES,SUBURBIO,CHOQUE OBJETO FIXO,VEÍCULO CHOCOU-SE CONTRA ÁRVORE DO CANTERIO CENTRAL,1.0,1.0,0.0,0.0,0.0,0.0,0.0,0.0,0.0,1.0,0.0,Longo da via,Bom,Sem defeito,Perfeito estado,Seca,Perfeito estado,Não informado,Não informado,60.0,Dupla,Canteiro central,Não informado,2020,5,19,1,4.0