data,hora,natureza_acidente,situacao,bairro,endereco,detalhe_endereco_acidente,complemento,bairro_cruzamento,sentido_via,tipo,descricao,auto,moto,ciclom,ciclista,pedestre,onibus,caminhao,viatura,outros,vitimas,vitimasfatais,acidente_verificado,tempo_clima,situacao_semaforo,sinalizacao,condicao_via,conservacao_via,ponto_controle,situacao_placa,velocidade_max_via,mao_direcao,divisao_via1,natureza,ano,mes,dia,dia_semana,hora_ocorrencia
2020-05-19,07:19:00,COM VÍTIMA,FINALIZADA,SAN MARTIN,RUA DR FLAVIO FERREIRA DA SILVA MAROJO,Não informado,EM FRENTE AO N 288 PROXIMO A EMPREL,SAN MARTIN,CIDADE,COLISÃO FRONTAL,COLISÃO COM VITIMA 2 MOTOS,1.0,2.0,0.0,0.0,0.0,0.0,0.0,0.0,0.0,1.0,0.0,Longo da via,Chuvoso,Não existe,Perfeito estado,Molhada,Perfeito estado,Não existe,Não há placas,60.0,Única,Não existe,Não informado,2020,5,19,1,7.0
2020-05-19,21:47:00,COM VÍTIMA,FINALIZADA,JARDIM SÃO PAULO,AV SAO PAULO,Não informado,E/F AO RENDE MAIS SUPERMERCADO,JARDIM SÃO PAULO,Não informado,ABALROAMENTO LONGITUDINAL,COLISÃO AUTO X MOTO C/VITIMA,1.0,1.0,0.0,0.0,0.0,0.0,0.0,0.0,0.0,1.0,0.0,Longo da via,Bom,Não existe,Perfeito estado,Seca,Perfeito estado,Não existe,Não há placas,40.0,Dupla,Faixa contínua,Não informado,2020,5,19,1,21.0
2020-05-20,07:16:00,SEM VÍTIMA,FINALIZADA,PINA,AVENIDA CELSO FURTADO (VIA MANGUE),Não informado,PRÓXIMO AO SHOPPING RIO MAR,PINA,SUBURBIO,COLISÃO,COLISÃO SEM VÍTIMA ENTRE ÔNIBUS E AMBULÂNCIA DO SAMU,1.0,1.0,0.0,0.0,0.0,1.0,0.0,1.0,0.0,0.0,0.0,Viaduto,Chuvoso,Não existe,Perfeito estado,Molhada,Perfeito estado,Não existe,Outras,30.0,Única,Não existe,Não informado,2020,5,20,2,7.0
2020-05-20,07:20:00,COM VÍTIMA,FINALIZADA,Não informado,AV NORTE,RUA DEPUTADO MARIO MONTEIRO,SOB SEMÁFORO 079. SUBÚRBIO - CIDADE.,Não informado,Não informado,COLISÃO,COLISÃO COM VÍTIMA ENTRE MOTOCICLETA E CAMINHÃO.,1.0,1.0,0.0,0.0,0.0,0.0,1.0,0.0,0.0,1.0,0.0,Não informado,Não informado,Não informado,Não informado,Não informado,Não informado,Não informado,Não informado,60.0,Não informado,Não informado,Não informado,2020,5,20,2,7.0
2020-05-20,09:55:00,SEM VÍTIMA,FINALIZADA,SANTO AMARO,RUA TUPINAMBAS,Não informado,PRÓXIMO CASA DE APOIO DA CIDADE DE BETÂNIA,SANTO AMARO,CIDADE,COLISÃO,COLISÃO COM VEÍCULO OFICIAL,1.0,1.0,0.0,0.0,0.0,0.0,0.0,1.0,0.0,0.0,0.0,Cruzamento,Chuvoso,Não existe,Perfeito estado,Molhada,Perfeito estado,Faixa de retenção,Placas Pare,60.0,Dupla,Não informado,Não informado,2020,5,20,2,9.0
2020-05-20,10:16:00,COM VÍTIMA,FINALIZADA,BOA VISTA,RUA DA UNIAO,RUA MAMEDE SIMOES,POR TRÁS DA ALEPE,BOA VISTA,SUBURBIO,ABALROAMENTO TRANSVERSAL,ENTRE AUTO E MOTO,1.0,1.0,0.0,0.0,0.0,0.0,0.0,0.0,0.0,1.0,0.0,Cruzamento,Chuvoso,Não existe,Incompleta,Molhada,Perfeito estado,Não existe,Outras,30.0,Única,Faixa seccionada,Não informado,2020,5,20,2,10.0
2020-05-20,12:56:00,COM VÍTIMA,FINALIZADA,CASA FORTE,AV DEZESSETE DE AGOSTO,Não informado,MUSEU DO HOMEM DO NORDESTE,CASA FORTE,SUBURBIO,ABALROAMENTO TRANSVERSAL,TRÊS MOTOCICLETAS E UM AUTO PASSEIO COM VÍTIMA,1.0,3.0,0.0,0.0,0.0,0.0,0.0,0.0,0.0,1.0,0.0,Longo da via,Nublado,Sem defeito,Perfeito estado,Seca,Perfeito estado,Faixa de pedestre,Não há placas,60.0,Dupla,Faixa contínua,Não informado,2020,5,20,2,12.0
2020-05-20,15:46:00,COM VÍTIMA,FINALIZADA,TEJIPIÓ,AV DR JOSE RUFINO,Não informado,COLÉGIO ALBERTO TORRES.TREVO DE SAÍDA DA BR 101,TEJIPIÓ,SUBURBIO,ABALROAMENTO TRANSVERSAL,ENTRE AUTO PASSEIO E MOTOCICLETA,1.0,1.0,0.0,0.0,0.0,0.0,0.0,0.0,0.0,2.0,0.0,Longo da via,Bom,Não existe,Perfeito estado,Seca,Perfeito estado,Não existe,Não há placas,60.0,Dupla,Faixa contínua,Não informado,2020,5,20,2,15.0
2020-05-20,17:23:00,COM VÍTIMA,CANCELADA,BOA VISTA,RUA DOM BOSCO,AV MANOEL BORBA,AO LADO DA UNIDADE DO SAMU,BOA VISTA,SUBURBIO,COLISÃO,ENTRE AUTO PASSEIO E MOTOCICLETA,1.0,1.0,0.0,0.0,0.0,0.0,0.0,0.0,0.0,1.0,0.0,Não informado,Não informado,Não informado,Não informado,Não informado,Não informado,Não informado,Não informado,60.0,Não informado,Não informado,Não informado,2020,5,20,2,17.0
2020-05-21,06:08:00,COM VÍTIMA,FINALIZADA,SANTO AMARO,AV CRUZ CABUGA,Não informado,SEMÁFORO 343,SANTO AMARO,CIDADE,COLISÃO TRASEIRA,COLISAO ENTRE ENTRE ONIBUS E AUTO,1.0,1.0,0.0,0.0,0.0,1.0,0.0,0.0,0.0,1.0,0.0,Cruzamento,Chuvoso,Sem defeito,Perfeito estado,Molhada,Perfeito estado,Faixa de pedestre,Não há placas,60.0,Dupla,Não informado,Não informado,2020,5,21,3,6.0
2020-05-21,13:09:00,COM VÍTIMA,FINALIZADA,CORDEIRO,RUA ANTERO MOTA,RUA MARIA QUITERIA,APÓS A DELEGACIA DO CORDEIRO,CORDEIRO,SUBURBIO,ABALROAMENTO LONGITUDINAL,COLISÃO COM VITIMA MOTO X CAMINHÃO,1.0,1.0,0.0,0.0,0.0,0.0,1.0,0.0,0.0,1.0,0.0,Longo da via,Bom,Não existe,Perfeito estado,Seca,Perfeito estado,Não existe,Não há placas,60.0,Única,Não informado,Não informado,2020,5,21,3,13.0
2020-05-21,14:08:00,COM VÍTIMA,FINALIZADA,PINA,AV HERCULANO BANDEIRA,RUA NOGUEIRA DE SOUZA,EM FRENTE A JBS VEICULOS,PINA,SUBURBIO,COLISÃO TRASEIRA,COLISÃO COM VITIMA DUAS MOTOS,1.0,2.0,0.0,0.0,0.0,0.0,0.0,0.0,0.0,1.0,0.0,Longo da via,Bom,Sem defeito,Perfeito estado,Seca,Perfeito estado,Faixa de pedestre,R-4b,60.0,Única,Faixa seccionada,Não informado,2020,5,21,3,14.0
2020-05-22,13:02:00,SEM VÍTIMA,DUPLICIDADE,CASA AMARELA,RUA BELA VISTA,AV NORTE,Não informado,CASA AMARELA,Não informado,COLISÃO,AUTO X CAMINHÃO,1.0,1.0,0.0,0.0,0.0,0.0,1.0,0.0,0.0,0.0,0.0,Não informado,Não informado,Não informado,Não informado,Não informado,Não informado,Não informado,Não informado,60.0,Não informado,Não informado,Não informado,2020,5,22,4,13.0
2020-05-22,13:06:00,SEM VÍTIMA,FINALIZADA,CASA AMARELA,AV NORTE,RUA BELA VISTA,DO LADO OPOSTO AO REI DA PICANHA,CASA AMARELA,SUBURBIO,COLISÃO,COLISÃO ENVOLVENDO DOIS VEÍCULOS,2.0,1.0,0.0,0.0,0.0,0.0,0.0,0.0,0.0,0.0,0.0,Cruzamento,Bom,Sem defeito,Perfeito estado,Seca,Perfeito estado,Faixa de pedestre,Outras,60.0,Única,Não existe,Não informado,2020,5,22,4,13.0
2020-05-22,20:56:00,COM VÍTIMA,FINALIZADA,BOA VIAGEM,RUA BARAO DE SOUZA LEAO,AV VINTE DE JANEIRO,Não informado,BOA VIAGEM,CIDADE,COLISÃO FRONTAL,AUTO E MOTO,1.0,1.0,0.0,0.0,0.0,0.0,0.0,0.0,0.0,1.0,0.0,Cruzamento,Chuvoso,Sem defeito,Perfeito estado,Molhada,Perfeito estado,Faixa de pedestre,Não há placas,60.0,Única,Faixa seccionada,Não informado,2020,5,22,4,20.0
2020-05-23,13:47:00,COM VÍTIMA,CANCELADA,IBURA,AV DOIS RIOS,Não informado,AO LADO DA POLICLINICA E MATERNIDADE DO IBURA,IBURA,CIDADE,COLISÃO,COLISÃO COM VITIMA,1.0,1.0,0.0,0.0,0.0,0.0,0.0,0.0,0.0,2.0,0.0,Não informado,Não informado,Não informado,Não informado,Não informado,Não informado,Não informado,Não informado,60.0,Não informado,Não informado,Não informado,2020,5,23,5,13.0
2020-05-23,18:35:00,COM VÍTIMA,FINALIZADA,IMBIRIBEIRA,AV MARECHAL MASCARENHAS DE MORAES,RUA PAMPULHA,EM FRENTE A EUROVIA,IMBIRIBEIRA,CIDADE,COLISÃO,COLISÃO COM VITIMA,1.0,2.0,0.0,0.0,0.0,0.0,0.0,0.0,0.0,1.0,0.0,Cruzamento,Chuvoso,Sem defeito,Perfeito estado,Molhada,Perfeito estado,Faixa de pedestre,Não há placas,60.0,Dupla,Canteiro central,Não informado,2020,5,23,5,18.0
2020-05-24,18:27:00,SEM VÍTIMA,CANCELADA,ENGENHO DO MEIO,AV VISCONDE DE SAO LEOPOLDO,Não informado,EM FRENTE AO MOTOCLUBE BRASIL CAVEIRA,ENGENHO DO MEIO,SUBURBIO,COLISÃO,VIATRUA DA PMPE COLIDIU COM UM VEICULO PARTICULAR,1.0,1.0,0.0,0.0,0.0,0.0,0.0,1.0,0.0,0.0,0.0,Não informado,Não informado,Não informado,Não informado,Não informado,Não informado,Não informado,Não informado,60.0,Não informado,Não informado,Não informado,2020,5,24,6,18.0
2020-05-24,22:02:00,COM VÍTIMA,FINALIZADA,BOA VIAGEM,RUA CAPITAO ZUZINHA,RUA DONA UZINHA NUNES,VITÓRIA PRAIA HOTEL,BOA VIAGEM,CIDADE,ABALROAMENTO TRANSVERSAL,MOTO E AUTO,1.0,1.0,0.0,0.0,0.0,0.0,0.0,0.0,0.0,1.0,0.0,Cruzamento,Bom,Não existe,Incompleta,Seca,Não informado,Faixa de pedestre,Não há placas,60.0,Não informado,Não informado,Não informado,2020,5,24,6,22.0
2020-05-25,10:28:00,COM VÍTIMA,FINALIZADA,JARDIM SÃO PAULO,RUA LEANDRO BARRETO,RUA LORENA,DESCIDA DO VIADUTO ENTRE JARDIM SÃO PAULO E LA ROCK. LOJA PORFRIO.,JARDIM SÃO PAULO,SUBURBIO,ABALROAMENTO TRANSVERSAL,COLISÃO ENTRE CAMINHOTE X MOTOCICLETA,1.0,1.0,0.0,0.0,0.0,0.0,0.0,0.0,0.0,1.0,0.0,Cruzamento,Bom,Não existe,Incompleta,Seca,Mal conservada,Não existe,Não há placas,60.0,Dupla,Não existe,Não informado,2020,5,25,0,10.0
2020-05-25,15:38:00,COM VÍTIMA,CANCELADA,BOA VIAGEM,RUA DOS NAVEGANTES,Não informado,PROX. A IMOBILIÁRIA PAULO MIRANDA,BOA VIAGEM,Não informado,COLISÃO,COLISÃO ENTRE AUTOMÓVEL X MOTOCICLETA,1.0,1.0,0.0,0.0,0.0,0.0,0.0,0.0,0.0,1.0,0.0,Não informado,Não informado,Não informado,Não informado,Não informado,Não informado,Não informado,Não informado,60.0,Não informado,Não informado,Não informado,2020,5,25,0,15.0
2020-05-25,16:05:00,COM VÍTIMA,FINALIZADA,PRADO,RUA GOMES TABORDA,Não informado,PROX. A PADARIA PLANETA PÃO. ECONOMAIS DROGARIA.,PRADO,CORDEIRO,ABALROAMENTO TRANSVERSAL,COLISÃO ENTRE DUAS MOTOCICLETAS - UM DOS CONDUTORES COM SINAL DE EMBRIAGUEZ,1.0,2.0,0.0,0.0,0.0,0.0,0.0,0.0,0.0,2.0,0.0,Longo da via,Bom,Não existe,Perfeito estado,Seca,Perfeito estado,Não existe,Outras,60.0,Dupla,Faixa seccionada,Não informado,2020,5,25,0,16.0
2020-05-26,05:02:00,COM VÍTIMA,FINALIZADA,ARRUDA,AV PROFESSOR JOSE DOS ANJOS,EST VELHA DE AGUA FRIA,COM A ESTRADA VELHA DE AGUA FRIA,ARRUDA,SUBURBIO,ABALROAMENTO TRANSVERSAL,COLISÃO DOIS AUTOS COM VITIMA,2.0,1.0,0.0,0.0,0.0,0.0,0.0,0.0,0.0,1.0,0.0,Cruzamento,Bom,Sem defeito,Perfeito estado,Seca,Perfeito estado,Faixa de pedestre,Não informado,60.0,Única,Canteiro central,Não informado,2020,5,26,1,5.0
2020-05-26,10:59:00,COM VÍTIMA,FINALIZADA,SANTO AMARO,AV GOVERNADOR AGAMENON MAGALHAES,AV DR JAYME DA FONTE,CRUZAMENTO COM RUA JAIME DA FONTE,SANTO AMARO,OLINDA,ABALROAMENTO TRANSVERSAL,COLISÃO CARRO E MOTO,1.0,1.0,0.0,0.0,0.0,0.0,0.0,0.0,0.0,1.0,0.0,Cruzamento,Bom,Sem defeito,Perfeito estado,Seca,Perfeito estado,Faixa de pedestre,Não há placas,60.0,Única,Faixa seccionada,Não informado,2020,5,26,1,10.0
2020-05-26,11:30:00,COM VÍTIMA,FINALIZADA,PRADO,RUA GOMES TABORDA,RUA DES ADOLFO CIRIACO,PROX. AO ANTIGO BAILE PERFUMADO,PRADO,SUBURBIO,ABALROAMENTO TRANSVERSAL,COLISÃO CARRO E MOTO,1.0,1.0,0.0,0.0,0.0,0.0,0.0,0.0,0.0,1.0,0.0,Cruzamento,Bom,Não existe,Não informado,Seca,Perfeito estado,Não existe,Não há placas,60.0,Dupla,Faixa seccionada,Não informado,2020,5,26,1,11.0
2020-05-26,13:43:00,COM VÍTIMA,FINALIZADA,JARDIM SÃO PAULO,RUA LEANDRO BARRETO,RUA LORENA,CRUZAMENTO COM O VIADUTO SENTIDO LA ROQUE,JARDIM SÃO PAULO,SUBURBIO,ABALROAMENTO TRANSVERSAL,COLISÃO CARRO E MOTO,1.0,1.0,0.0,0.0,0.0,0.0,0.0,0.0,0.0,1.0,0.0,Cruzamento,Bom,Não existe,Não existente,Seca,Perfeito estado,Não existe,Não há placas,60.0,Dupla,Faixa contínua,Não informado,2020,5,26,1,13.0
2020-05-26,19:04:00,COM VÍTIMA,FINALIZADA,ENCRUZILHADA,RUA MARECHAL DEODORO,RUA CASTRO ALVES,PRÓXIMO AO RESTAURANTE PRAÇA DA PICANHA,ENCRUZILHADA,SUBURBIO,COLISÃO FRONTAL,COLISÃO ENVOLVENDO DUAS MOTOCICLETAS,1.0,2.0,0.0,0.0,0.0,0.0,0.0,0.0,0.0,2.0,0.0,Cruzamento,Bom,Sem defeito,Perfeito estado,Seca,Perfeito estado,Faixa de pedestre,R-6a,60.0,Única,Outros,Não informado,2020,5,26,1,19.0
2020-05-27,09:24:00,SEM VÍTIMA,FINALIZADA,TORRÕES,AV ENGENHEIRO ABDIAS DE CARVALHO,Não informado,LADO OPOSTO A UPA DOS TORRÕES,TORRÕES,Não informado,COLISÃO,COLISÃO SEM VÍTIMA,1.0,1.0,0.0,0.0,0.0,1.0,0.0,0.0,0.0,0.0,0.0,Longo da via,Bom,Não existe,Perfeito estado,Seca,Perfeito estado,Não existe,Não há placas,60.0,Dupla,Canteiro central,Não informado,2020,5,27,2,9.0
2020-05-28,07:39:00,COM VÍTIMA,FINALIZADA,BOA VISTA,AV MANOEL BORBA,Não informado,PRÓXIMO AO HOSPITAL HAPVIDA.,BOA VISTA,SUBURBIO,COLISÃO COM CICLISTA,COLISÃO ENTRE MOTO E BICICLETA,1.0,1.0,0.0,1.0,0.0,0.0,0.0,0.0,0.0,2.0,0.0,Longo da via,Bom,Não existe,Perfeito estado,Seca,Perfeito estado,Faixa de pedestre,R-6a,40.0,Única,Faixa seccionada,Não informado,2020,5,28,3,7.0
2020-05-28,09:16:00,COM VÍTIMA,FINALIZADA,MADALENA,RUA BENFICA,RUA JOAO IVO DA SILVA,SEMAFORO Nº257,MADALENA,CIDADE,COLISÃO TRASEIRA,AUTO E MOTO.,1.0,1.0,0.0,0.0,0.0,0.0,0.0,0.0,0.0,1.0,0.0,Longo da via,Bom,Sem defeito,Perfeito estado,Seca,Perfeito estado,Faixa de pedestre,Outras,60.0,Não informado,Faixa contínua,Não informado,2020,5,28,3,9.0
2020-05-28,18:27:00,COM VÍTIMA,FINALIZADA,IPSEP,AV RECIFE,Não informado,FRENTE A PIZZARIA ATLANTICO,IPSEP,SUBURBIO,ABALROAMENTO LONGITUDINAL,COLISÃO COM VITIMA ENTRE ONIBUS E MOTO,1.0,1.0,0.0,0.0,0.0,1.0,0.0,0.0,0.0,1.0,0.0,Longo da via,Bom,Sem defeito,Perfeito estado,Seca,Perfeito estado,Não existe,R-6a,60.0,Dupla,Canteiro central,Não informado,2020,5,28,3,18.0
2020-05-28,20:02:00,SEM VÍTIMA,FINALIZADA,ROSARINHO,AV SANTOS DUMONT,Não informado,Não informado,ROSARINHO,SUBURBIO,CHOQUE,CONDUTOR COM SUSPEITA DE EMBREAGUÊS - CHOCOU- SE COM OBJETO SOBRE A PRAÇA FICANDO COM VEICULO PRESO,1.0,1.0,0.0,0.0,0.0,0.0,0.0,0.0,0.0,0.0,0.0,Não informado,Não informado,Não informado,Não informado,Não informado,Não informado,Não informado,Não informado,60.0,Não informado,Não informado,Não informado,2020,5,28,3,20.0
2020-05-28,21:34:00,SEM VÍTIMA,FINALIZADA,ESTÂNCIA,AV DR JOSE RUFINO,Não informado,PRÓXIMO A ANTIGA FÁBRICA HOLÂNDA E DEFRONTE AO POSTO IPIRANGA,ESTÂNCIA,CIDADE,COLISÃO,O CONDUTOR COM SUSPEITA DE EMBREAGUÊS DE UM DOS VEICULOS ENVOLVIDO.,2.0,1.0,0.0,0.0,0.0,0.0,0.0,0.0,0.0,0.0,0.0,Longo da via,Bom,Não existe,Perfeito estado,Seca,Perfeito estado,Não existe,Não há placas,40.0,Dupla,Faixa contínua,Não informado,2020,5,28,3,21.0
2020-05-29,00:56:00,COM VÍTIMA,FINALIZADA,PINA,AV HERCULANO BANDEIRA,RUA ARQUITETO AUGUSTO REINALDO,NA DESCIDA DA PONTE EM FRENTE O ATACADO DA CONSTRUÇÃO.,PINA,SUBURBIO,ABALROAMENTO LONGITUDINAL,DOIS AUTOS,2.0,1.0,0.0,0.0,0.0,0.0,0.0,0.0,0.0,1.0,0.0,Cruzamento,Chuvoso,Intermitente,Perfeito estado,Molhada,Perfeito estado,Não informado,Não informado,60.0,Única,Faixa seccionada,Não informado,2020,5,29,4,0.0
2020-05-29,07:14:00,COM VÍTIMA,FINALIZADA,ENCRUZILHADA,AV NORTE,AV JOAO DE BARROS,Não informado,ENCRUZILHADA,SUBURBIO,ABALROAMENTO TRANSVERSAL,ÔNIBUS E AUTO,1.0,1.0,0.0,0.0,0.0,1.0,0.0,0.0,0.0,1.0,0.0,Cruzamento,Chuvoso,Sem defeito,Perfeito estado,Molhada,Perfeito estado,Não informado,Não informado,60.0,Dupla,Não informado,Não informado,2020,5,29,4,7.0
2020-05-30,07:20:00,COM VÍTIMA,FINALIZADA,CABANGA,VIADUTO CAPITAO TEMUDO,Não informado,PRÓXIMO AO CABANGA IATE CLUBE,CABANGA,CIDADE,CHOQUE OBJETO FIXO,CONDUTOR PERDEU O CONTROLE DA MOTOCICLETA E TOMBOU COM A MESMA.,1.0,1.0,0.0,0.0,0.0,0.0,0.0,0.0,0.0,1.0,0.0,Longo da via,Chuvoso,Não existe,Perfeito estado,Molhada,Perfeito estado,Não existe,Não há placas,60.0,Dupla,Faixa contínua,Não informado,2020,5,30,5,7.0
2020-05-30,09:23:00,COM VÍTIMA,FINALIZADA,IPSEP,RUA JEAN EMILE FAVRE,RUA RIO BEBERIBE,EM FRENTE À FEIJOADA DO VAVÁ E BANCA O CAMINHO DA SORTE.,IPSEP,CIDADE,ABALROAMENTO TRANSVERSAL,ACIDENTE ENVOLVENDO CAMINHÃO E MOTOCICLETA,1.0,1.0,0.0,0.0,0.0,0.0,0.0,0.0,0.0,1.0,0.0,Longo da via,Bom,Sem defeito,Perfeito estado,Seca,Perfeito estado,Não existe,Placas Pare,60.0,Dupla,Faixa seccionada,Não informado,2020,5,30,5,9.0
2020-05-30,09:30:00,SEM VÍTIMA,FINALIZADA,LINHA DO TIRO,RUA ANTONIO CARLOS DE ANDRADE,Não informado,POR TRÁS DA UPINHA DA LINA DO TIRO,LINHA DO TIRO,SUBURBIO,CHOQUE,VIATURA DA PM-PE CHOCOU-SE COM UM PRISMA DE CONCDRETO,1.0,1.0,0.0,0.0,0.0,0.0,0.0,0.0,0.0,0.0,0.0,Longo da via,Bom,Não existe,Ilegível,Molhada,Mal conservada,Não existe,Não há placas,60.0,Única,Não existe,Não informado,2020,5,30,5,9.0
2020-05-30,13:20:00,COM VÍTIMA,FINALIZADA,CAÇOTE,AV CAPITAO GREGORIO DE CALDAS,RUA CAPITAO DOMINGOS DA COSTA,PÓXIMO À FARMÁCIA PARA TODOS / BIG BOMPREÇO,CAÇOTE,CIDADE,ABALROAMENTO TRANSVERSAL,COLISÃO ENVOLVENDO MOTOCICLETA E AUTO,1.0,1.0,0.0,0.0,0.0,0.0,0.0,0.0,0.0,1.0,0.0,Longo da via,Bom,Não existe,Não informado,Seca,Perfeito estado,Não existe,Placas Pare,60.0,Dupla,Não existe,Não informado,2020,5,30,5,13.0
2020-05-30,16:37:00,COM VÍTIMA,FINALIZADA,DERBY,RUA JENER DE SOUZA,Não informado,PRÓXIMO AO COLEGIO DA POLÍCIA MILITAR. AO LADO DA FUNAPE.,DERBY,CIDADE,ABALROAMENTO TRANSVERSAL,ÔNIBUS E MOTO,1.0,1.0,0.0,0.0,0.0,1.0,0.0,0.0,0.0,1.0,0.0,Longo da via,Bom,Não existe,Perfeito estado,Seca,Perfeito estado,Não existe,Não há placas,60.0,Única,Canteiro central,Não informado,2020,5,30,5,16.0
2020-05-30,19:47:00,COM VÍTIMA,FINALIZADA,BEBERIBE,Não informado,Não informado,EM FRENTE AO ANTIGO MATADORO - UNIDADE DE VIGILÂNCIA AMBIENTAL E CONTROLE DE ZOONOSES,BEBERIBE,SUBURBIO,COLISÃO,UM VEÍCULO DO GTO - COLIDIU EM UMA MOTO -NÃO FOI POSSÍVEL COLOCAR O NOME DA AV. ANTÔNIO COSTA AZEVEDO ESSSE ENDEREÇO E OLINDA -CELULA DE ENDREÇO FICOU SEM PREENCHIMENTO.,1.0,1.0,0.0,0.0,0.0,0.0,0.0,0.0,0.0,1.0,0.0,Longo da via,Bom,Não existe,Incompleta,Seca,Mal iluminada,Não existe,Não há placas,60.0,Dupla,Não existe,Não informado,2020,5,30,5,19.0
2020-05-30,20:58:00,COM VÍTIMA,FINALIZADA,BOA VIAGEM,RUA DOS NAVEGANTES,Não informado,LOGOS APÓS A PADRE BERNADINO PESSOA,BOA VIAGEM,SUBURBIO,COLISÃO,COLISÃO ENTRE MOTO E AUTO,1.0,1.0,0.0,0.0,0.0,0.0,0.0,0.0,0.0,1.0,0.0,Longo da via,Chuvoso,Não existe,Perfeito estado,Molhada,Perfeito estado,Não existe,Não há placas,60.0,Única,Não existe,Não informado,2020,5,30,5,20.0
2020-05-31,01:16:00,SEM VÍTIMA,FINALIZADA,BAIRRO DO RECIFE,AV RIO BRANCO,Não informado,EM FRENTE AO MARCO ZERO,BAIRRO DO RECIFE,SUBURBIO,CHOQUE,CHOQUE DA VIATURA DA PM COM O POSTE,1.0,1.0,0.0,0.0,0.0,0.0,0.0,0.0,0.0,0.0,0.0,Esquina,Chuvoso,Não existe,Perfeito estado,Molhada,Perfeito estado,Faixa de pedestre,Não há placas,60.0,Única,Não existe,Não informado,2020,5,31,6,1.0
2020-05-31,06:25:00,SEM VÍTIMA,CANCELADA,BOA VIAGEM,RUA VISCONDE DE JEQUITINHONHA,Não informado,2º PREDIO APOS O RECIFE FLET - PRÓXIMO AO PARQUE DONA LINDU,BOA VIAGEM,SUBURBIO,COLISÃO,UM CONDUTOR ESTÁ COM SINTOMAS DE EMBRIAGUEZ,2.0,1.0,0.0,0.0,0.0,0.0,0.0,0.0,0.0,0.0,0.0,Não informado,Não informado,Não informado,Não informado,Não informado,Não informado,Não informado,Não informado,60.0,Não informado,Não informado,Não informado,2020,5,31,6,6.0
2020-05-31,14:18:00,COM VÍTIMA,FINALIZADA,CORDEIRO,AV GENERAL SAN MARTIN,Não informado,EM FRENTE AO CORREIOS DE SAN MARTIN,CORDEIRO,SUBURBIO,COLISÃO,COLISÃO COM VITIMA,1.0,1.0,0.0,0.0,0.0,0.0,0.0,0.0,0.0,1.0,0.0,Longo da via,Bom,Sem defeito,Perfeito estado,Seca,Perfeito estado,Não informado,R-6a,60.0,Dupla,Faixa contínua,Não informado,2020,5,31,6,14.0
2020-05-31,22:04:00,COM VÍTIMA,CANCELADA,NOVA DESCOBERTA,RUA NOVA DESCOBERTA,Não informado,PRÓXIMO À LOJA W MOTOS E SUBIDA DO OLHO D'ÁGUA,NOVA DESCOBERTA,Não informado,COLISÃO,COLISÃO C/VITIMA CARRO X MOTO (VÍTIMA- APRESENTANDO SINTOMA DE EMBRIAGUEZ- FOI RETIRADO POR TERCEIROS PARA LOCAL IGNORADO),1.0,1.0,0.0,0.0,0.0,0.0,0.0,0.0,0.0,1.0,0.0,Não informado,Não informado,Não informado,Não informado,Não informado,Não informado,Não informado,Não informado,60.0,Não informado,Não informado,Não informado,2020,5,31,6,22.0
2020-05-27,08:53:00,SEM VÍTIMA,FINALIZADA,TORRÕES,AV ENGENHEIRO ABDIAS DE CARVALHO,Não informado,PROXIMO AO POSTO BR/PETROCAL,TORRÕES,CIDADE,ABALROAMENTO LONGITUDINAL,Não informado,2.0,1.0,0.0,0.0,0.0,0.0,0.0,0.0,0.0,0.0,0.0,Longo da via,Bom,Não existe,Perfeito estado,Seca,Perfeito estado,Não existe,Outras,60.0,Dupla,Canteiro central,Não informado,2020,5,27,2,8.0
2020-05-28,09:01:00,SEM VÍTIMA,FINALIZADA,PINA,AV ANTONIO DE GOES,Não informado,SAÍDA DO TÚNEL JOSÉ DE CASTRO C/ ANTONIO DE GOES,PINA,C,ABALROAMENTO LONGITUDINAL,Não informado,2.0,1.0,0.0,0.0,0.0,0.0,0.0,0.0,0.0,0.0,0.0,Cruzamento,Bom,Sem defeito,Perfeito estado,Seca,Perfeito estado,Faixa de pedestre,Não há placas,60.0,Única,Faixa seccionada,Não informado,2020,5,28,3,9.0
2020-06-01,11:26:00,VÍTIMA FATAL,FINALIZADA,SÃO JOSÉ,AV DANTAS BARRETO,RUA DO PEIXOTO,CRUZAMENTO C/A RUA DO PEIXOTO.,SÃO JOSÉ,Não informado,CHOQUE VEÍCULO PARADO,COLISÃO ENTRE UM AUTO PASSEIO E UM CAMINHÃO COLETOR DE LIXO DA EMPRESA VITAL- C/VITIMA FATAL. (BOMBEIROS JÁ COMPARECEU AO LOCAL - IC- IML E DP SERÃO ACIONADOS PELA REQUERENTE),1.0,1.0,0.0,0.0,0.0,0.0,1.0,0.0,0.0,1.0,1.0,Cruzamento,Bom,Sem defeito,Perfeito estado,Seca,Perfeito estado,Faixa de pedestre,R-6a,60.0,Única,Não existe,Não informado,2020,6,1,0,11.0
2020-06-01,09:33:00,COM VÍTIMA,FINALIZADA,CABANGA,AV SUL,Não informado,EM FRENTE AO POSTO BR DESATIVADO,CABANGA,CIDADE,COLISÃO COM CICLISTA,ENTRE CICLISTA E MOTOQUEIRO,1.0,1.0,0.0,1.0,0.0,0.0,0.0,0.0,0.0,1.0,0.0,Longo da via,Bom,Não existe,Perfeito estado,Seca,Perfeito estado,Não informado,Não há placas,60.0,Dupla,Canteiro central,Não informado,2020,6,1,0,9.0
2020-06-01,11:24:00,COM VÍTIMA,FINALIZADA,CAMPO GRANDE,AV GOVERNADOR AGAMENON MAGALHAES,RUA ODORICO MENDES,Não informado,CAMPO GRANDE,SUBURBIO,ABALROAMENTO TRANSVERSAL,DOIS AUTOS,2.0,1.0,0.0,1.0,0.0,0.0,0.0,0.0,0.0,1.0,0.0,Cruzamento,Bom,Não existe,Incompleta,Seca,Perfeito estado,Faixa de pedestre,Outras,60.0,Única,Não existe,Não informado,2020,6,1,0,11.0