data,hora,natureza_acidente,situacao,bairro,endereco,detalhe_endereco_acidente,complemento,bairro_cruzamento,sentido_via,tipo,descricao,auto,moto,ciclom,ciclista,pedestre,onibus,caminhao,viatura,outros,vitimas,vitimasfatais,acidente_verificado,tempo_clima,situacao_semaforo,sinalizacao,condicao_via,conservacao_via,ponto_controle,situacao_placa,velocidade_max_via,mao_direcao,divisao_via1,natureza,ano,mes,dia,dia_semana,hora_ocorrencia
2020-06-01,13:41:00,SEM VÍTIMA,FINALIZADA,MADALENA,RUA ARLINDO GOUVEIA,RUA ANTONIO CAMILO DIAS,APROXIMADAMENTE A 100 METROS DO CLUBE INTERNACIONAL,MADALENA,CIDADE,COLISÃO,ENVOLVENDO VEÍCULO OFICAL DO TRIBUNAL DE JUSTIÇA,1.0,1.0,0.0,0.0,0.0,0.0,0.0,1.0,0.0,0.0,0.0,Longo da via,Bom,Não existe,Perfeito estado,Seca,Perfeito estado,Não existe,Não há placas,60.0,Única,Não existe,Não informado,2020,6,1,0,13.0
2020-06-01,15:22:00,COM VÍTIMA,FINALIZADA,PARNAMIRIM,RUA JOAO TUDE DE MELO,RUA VIRGINIA LORETO,PRÓX. GUAIAMUM GIGANTE,PARNAMIRIM,SUBURBIO,COLISÃO TRASEIRA,DOIS AUTOS COM UMA VÍTIMA,2.0,1.0,0.0,0.0,0.0,0.0,0.0,0.0,0.0,1.0,0.0,Longo da via,Bom,Sem defeito,Perfeito estado,Seca,Perfeito estado,Faixa de pedestre,R-4b,60.0,Única,Faixa contínua,Não informado,2020,6,1,0,15.0
2020-06-01,15:55:00,COM VÍTIMA,FINALIZADA,SANTO AMARO,AV CRUZ CABUGA,AV MARIO MELO,Não informado,SANTO AMARO,Não informado,ABALROAMENTO LONGITUDINAL,Não informado,1.0,2.0,0.0,0.0,0.0,0.0,0.0,0.0,0.0,3.0,0.0,Cruzamento,Bom,Sem defeito,Perfeito estado,Seca,Perfeito estado,Faixa de retenção,Não informado,60.0,Dupla,Canteiro central,Não informado,2020,6,1,0,15.0
2020-06-01,19:46:00,COM VÍTIMA,FINALIZADA,BOA VIAGEM,RUA BARAO DE SOUZA LEAO,RUA WALDEMAR NERY CARNEIRO MONTEIRO,PRÓXIMO SUPERMERCADO TREVO,BOA VIAGEM,CIDADE,ABALROAMENTO TRANSVERSAL,COM AUTO E MOTOCICLETA,1.0,1.0,0.0,0.0,0.0,0.0,0.0,0.0,0.0,1.0,0.0,Esquina,Bom,Não existe,Perfeito estado,Seca,Perfeito estado,Não existe,Não há placas,60.0,Única,Não existe,Não informado,2020,6,1,0,19.0
2020-06-02,07:55:00,COM VÍTIMA,FINALIZADA,BONGI,RUA DONA MARIA AUGUSTA NOGUEIRA,Não informado,AO LADO DA CELPE E EM FRENTE A SECRETARIA DE SAÚDE,BONGI,Não informado,COLISÃO TRASEIRA,COLISÃO ENTRE MOTOCICLETA X AUTO,1.0,1.0,0.0,0.0,0.0,0.0,0.0,0.0,0.0,1.0,0.0,Longo da via,Bom,Não existe,Não existente,Seca,Perfeito estado,Não existe,Não há placas,60.0,Dupla,Não existe,Não informado,2020,6,2,1,7.0
2020-06-02,08:22:00,COM VÍTIMA,FINALIZADA,AFOGADOS,RUA COSME VIANA,RUA CORONEL ALFREDO DUARTE,NO CRUZAMENTO DO POSTO SETTA,AFOGADOS,SUBURBIO,ABALROAMENTO TRANSVERSAL,COLISÃO ENTRE MOTOCICLETA X AUTO,1.0,1.0,0.0,0.0,0.0,0.0,0.0,0.0,0.0,1.0,0.0,Cruzamento,Bom,Com defeito,Perfeito estado,Seca,Perfeito estado,Outros,Outras,60.0,Única,Faixa contínua,Não informado,2020,6,2,1,8.0
2020-06-02,12:21:00,VÍTIMA FATAL,FINALIZADA,IPSEP,AV RECIFE,RUA CORONEL MURTA,POSTO PETROBRAS,IPSEP,CIDADE,ATROPELAMENTO,ATROPELAMENTO COM VÍTIMA FATAL,1.0,1.0,0.0,0.0,1.0,0.0,0.0,0.0,0.0,1.0,1.0,Cruzamento,Bom,Não existe,Incompleta,Seca,Perfeito estado,Não existe,Não há placas,60.0,Dupla,Canteiro central,Não informado,2020,6,2,1,12.0
2020-06-02,14:08:00,COM VÍTIMA,FINALIZADA,BOA VIAGEM,RUA FELIX DE BRITO E MELO,Não informado,BIG BOMPREÇO,BOA VIAGEM,SUBURBIO,COLISÃO TRASEIRA,AUTO X MOTOCICLETA,1.0,1.0,0.0,0.0,0.0,0.0,0.0,0.0,0.0,1.0,0.0,Longo da via,Bom,Não existe,Perfeito estado,Seca,Perfeito estado,Não existe,Não há placas,60.0,Única,Faixa seccionada,Não informado,2020,6,2,1,14.0
2020-06-02,15:25:00,SEM VÍTIMA,FINALIZADA,TAMARINEIRA,AV NORTE,RUA CONEGO BARATA,Não informado,TAMARINEIRA,SUBURBIO,COLISÃO,COLISÃO SEM VÍTIMAS- ENTRE 2 AUTOS.,2.0,1.0,0.0,0.0,0.0,0.0,0.0,0.0,0.0,0.0,0.0,Cruzamento,Bom,Sem defeito,Perfeito estado,Seca,Perfeito estado,Agente,Outras,60.0,Dupla,Faixa contínua,Não informado,2020,6,2,1,15.0
2020-06-02,18:31:00,COM VÍTIMA,FINALIZADA,BOA VIAGEM,AVENIDA CELSO FURTADO (VIA MANGUE),Não informado,PROXIMO A BIFURCAÇÃO SENTIDO BOA VIAGEM. PRÓXIMO AO HIPER.,BOA VIAGEM,SUBURBIO,ABALROAMENTO LONGITUDINAL,COLISÃO AUTO E MOTO,1.0,1.0,0.0,0.0,0.0,0.0,0.0,0.0,0.0,1.0,0.0,Longo da via,Bom,Não existe,Perfeito estado,Seca,Perfeito estado,Não existe,Não há placas,60.0,Dupla,Faixa seccionada,Não informado,2020,6,2,1,18.0
2020-06-03,06:15:00,COM VÍTIMA,FINALIZADA,SANTO AMARO,AV GOVERNADOR AGAMENON MAGALHAES,Não informado,PROXIMO DO VIATUDO ENGº ROBERTO PEREIRA DE CARVALHO(VIATUADO DO TACARUNA) SENTIDO OLINDA,SANTO AMARO,SUBURBIO,COLISÃO TRASEIRA,COLISÃO AUTO X MOTO,1.0,1.0,0.0,0.0,0.0,0.0,0.0,0.0,0.0,1.0,0.0,Viaduto,Bom,Não existe,Perfeito estado,Seca,Perfeito estado,Não existe,Não há placas,60.0,Única,Faixa seccionada,Não informado,2020,6,3,2,6.0
2020-06-03,08:07:00,COM VÍTIMA,FINALIZADA,BOA VIAGEM,AV CONSELHEIRO AGUIAR,RUA RIBEIRO DE BRITO,POSTO PETROBRAS,BOA VIAGEM,CIDADE,COLISÃO COM CICLISTA,COLISÃO AUTOMÓVEL E BICICLETA,1.0,1.0,0.0,1.0,0.0,0.0,0.0,0.0,0.0,1.0,0.0,Cruzamento,Bom,Sem defeito,Perfeito estado,Seca,Perfeito estado,Agente,Outras,60.0,Única,Faixa contínua,Não informado,2020,6,3,2,8.0
2020-06-03,11:24:00,COM VÍTIMA,FINALIZADA,IMBIRIBEIRA,RUA ITAJAI,RUA ITACARI,PROX. A EMPRESA i9,IMBIRIBEIRA,Não informado,ABALROAMENTO TRANSVERSAL,ACIDENTE COM MOTO E CARRO,1.0,1.0,0.0,0.0,0.0,0.0,0.0,0.0,0.0,1.0,0.0,Cruzamento,Bom,Não existe,Perfeito estado,Seca,Perfeito estado,Faixa de pedestre,Placas Pare,60.0,Não informado,Não informado,Não informado,2020,6,3,2,11.0
2020-06-03,12:46:00,COM VÍTIMA,FINALIZADA,JIQUIÁ,RUA SAO MIGUEL,RUA BELEM DE MARIA,DEDÉ DAS BATERIAS,JIQUIÁ,SUBURBIO,ABALROAMENTO TRANSVERSAL,ACIDENTE COM MOTO E CARRO,1.0,1.0,0.0,0.0,0.0,0.0,0.0,0.0,0.0,1.0,0.0,Esquina,Bom,Sem defeito,Perfeito estado,Seca,Perfeito estado,Faixa de pedestre,Não há placas,60.0,Dupla,Faixa contínua,Não informado,2020,6,3,2,12.0
2020-06-03,14:52:00,SEM VÍTIMA,FINALIZADA,ILHA DO LEITE,AV FREI MATIAS TEVES,RUA SENADOR JOSE HENRIQUE,EM FRENTE AO POSTE N H027317,ILHA DO LEITE,SUBURBIO,COLISÃO,COLISÃO SEM VÍTIMA NO CRUZAMENTO,2.0,1.0,0.0,0.0,0.0,0.0,0.0,0.0,0.0,0.0,0.0,Cruzamento,Bom,Não existe,Perfeito estado,Seca,Perfeito estado,Faixa de pedestre,Outras,30.0,Única,Faixa seccionada,Não informado,2020,6,3,2,14.0
2020-06-03,15:06:00,COM VÍTIMA,FINALIZADA,ENCRUZILHADA,EST DE BELEM,RUA DONA ELVIRA,EM FRENTE A FRUTARIA,ENCRUZILHADA,SUBURBIO,ABALROAMENTO TRANSVERSAL,COLISÃO ENTRE AUTO E MOTO ACIDENTE COM VITIMA,1.0,1.0,0.0,0.0,0.0,0.0,0.0,0.0,0.0,1.0,0.0,Longo da via,Bom,Sem defeito,Perfeito estado,Seca,Perfeito estado,Faixa de pedestre,Outras,60.0,Dupla,Não informado,Não informado,2020,6,3,2,15.0
2020-06-04,07:05:00,COM VÍTIMA,FINALIZADA,ROSARINHO,AV NORTE,AV SANTOS DUMONT,EM FRENTE A PADARIA ROSARINHO,ROSARINHO,SUBURBIO,ABALROAMENTO LONGITUDINAL,COLISÃO COM VITIMA,1.0,1.0,0.0,0.0,0.0,0.0,0.0,0.0,0.0,1.0,0.0,Cruzamento,Bom,Sem defeito,Perfeito estado,Seca,Perfeito estado,Faixa de pedestre,Outras,60.0,Dupla,Canteiro central,Não informado,2020,6,4,3,7.0
2020-06-04,08:21:00,SEM VÍTIMA,FINALIZADA,TORRÕES,AV ENGENHEIRO ABDIAS DE CARVALHO,Não informado,APÓS A UPA E ANTES DO VIADUTO,TORRÕES,SUBURBIO,COLISÃO,COLISÃO ENVOLVENDO TRÊS VEÍCULOS- SENDO UM DELES UMA VIATURA DA PM-PE,2.0,1.0,0.0,0.0,0.0,0.0,0.0,1.0,0.0,0.0,0.0,Longo da via,Bom,Não existe,Perfeito estado,Seca,Perfeito estado,Não existe,Não há placas,60.0,Dupla,Canteiro central,Não informado,2020,6,4,3,8.0
2020-06-04,16:37:00,COM VÍTIMA,FINALIZADA,SANTO AMARO,AV GOVERNADOR AGAMENON MAGALHAES,Não informado,EM FRENTE DA CENTRAL DE FLAGRANTE,SANTO AMARO,BOA VIAGEM,COLISÃO TRASEIRA,ACIDENTE COM VÍTIMA ENVOLVENDO UMA MOTOCICLETA E UM AUTO PASSEIO,1.0,1.0,0.0,0.0,0.0,0.0,0.0,0.0,0.0,1.0,0.0,Longo da via,Bom,Não existe,Perfeito estado,Seca,Perfeito estado,Não existe,Não há placas,60.0,Dupla,Canal,Não informado,2020,6,4,3,16.0
2020-06-05,09:44:00,SEM VÍTIMA,FINALIZADA,CORDEIRO,AV CAXANGA,Não informado,CENTRO CAR PEÇAS E PNEUS,CORDEIRO,CIDADE,ABALROAMENTO LONGITUDINAL,Não informado,2.0,1.0,0.0,0.0,0.0,0.0,0.0,0.0,0.0,0.0,0.0,Longo da via,Bom,Não existe,Perfeito estado,Seca,Perfeito estado,Não existe,Não há placas,60.0,Dupla,Canteiro central,Não informado,2020,6,5,4,9.0
2020-06-05,09:49:00,SEM VÍTIMA,FINALIZADA,ESPINHEIRO,RUA CONS PORTELA,RUA QUARENTA E OITO,FARMACIA PAGUE MENOS,ESPINHEIRO,CIDADE,ABALROAMENTO LONGITUDINAL,AGENTES NO LOCA- FABIO LEITE E ARTHUR MONTEIRO,1.0,1.0,0.0,0.0,0.0,0.0,0.0,0.0,0.0,0.0,0.0,Cruzamento,Bom,Sem defeito,Perfeito estado,Seca,Perfeito estado,Agente,Outras,60.0,Única,Outros,Não informado,2020,6,5,4,9.0
2020-06-05,12:46:00,COM VÍTIMA,FINALIZADA,TORRE,AV BEIRA RIO,Não informado,PROXIMO A PONTE DA TORRE,TORRE,SUBURBIO,ABALROAMENTO LONGITUDINAL,AUTO E MOTO,1.0,1.0,0.0,0.0,0.0,0.0,0.0,0.0,0.0,1.0,0.0,Longo da via,Bom,Não existe,Perfeito estado,Seca,Perfeito estado,Não existe,Não há placas,60.0,Dupla,Faixa seccionada,Não informado,2020,6,5,4,12.0
2020-06-05,14:38:00,COM VÍTIMA,FINALIZADA,VASCO DA GAMA,AV VEREADOR OTACILIO AZEVEDO,RUA DIADEMA,EM FRENTE A CLÍNICA ODONTOLOGICA DR. LUIS CARLOS PESSOA,VASCO DA GAMA,SUBURBIO,COLISÃO TRASEIRA,AUTO E MOTO COM UMA VÍTIMA,1.0,1.0,0.0,0.0,0.0,0.0,0.0,0.0,0.0,1.0,0.0,Esquina,Bom,Não existe,Não existente,Seca,Perfeito estado,Não existe,Outras,60.0,Dupla,Faixa seccionada,Não informado,2020,6,5,4,14.0
2020-06-05,22:24:00,COM VÍTIMA,FINALIZADA,AFOGADOS,RUA SAO MIGUEL,Não informado,PARAÍSO DOS PETS,AFOGADOS,SUBURBIO,ABALROAMENTO TRANSVERSAL,MOTO E AUTO,1.0,1.0,0.0,0.0,0.0,0.0,0.0,0.0,0.0,1.0,0.0,Longo da via,Chuvoso,Não existe,Perfeito estado,Molhada,Perfeito estado,Não existe,Não há placas,60.0,Dupla,Faixa seccionada,Não informado,2020,6,5,4,22.0
2020-06-06,00:02:00,COM VÍTIMA,FINALIZADA,APIPUCOS,RUA DE APIPUCOS,RUA MANDACARU,APÓS O AÇUDE DE APIPUCOS,APIPUCOS,SUBURBIO,COLISÃO TRASEIRA,AUTO E MOTO,1.0,1.0,0.0,0.0,0.0,0.0,0.0,0.0,0.0,1.0,0.0,Esquina,Chuvoso,Sem defeito,Perfeito estado,Molhada,Perfeito estado,Faixa de pedestre,Não há placas,60.0,Dupla,Faixa contínua,Não informado,2020,6,6,5,0.0
2020-06-06,04:33:00,COM VÍTIMA,FINALIZADA,SÃO JOSÉ,AV SUL,Não informado,CAIS DE SANTA RITA EM FRENTE AS TORRES GEMEAS. DEFRONTE AO 16º BPM.,SÃO JOSÉ,CIDADE,ATROPELAMENTO,AUTO E PEDESTRE.,1.0,1.0,0.0,0.0,1.0,0.0,0.0,0.0,0.0,1.0,0.0,Longo da via,Bom,Não existe,Perfeito estado,Seca,Perfeito estado,Não existe,Não há placas,60.0,Dupla,Canteiro central,Não informado,2020,6,6,5,4.0
2020-06-06,13:42:00,COM VÍTIMA,FINALIZADA,BOA VIAGEM,RUA VISCONDE DE JEQUITINHONHA,Não informado,EM FRENTE AO POSTO BR DA VISCONDE DE JEQUITINHONHA. EDF PAINEIRAS.,BOA VIAGEM,SUBURBIO,ABALROAMENTO LONGITUDINAL,COLISÃO MOTOCICLETA X AUTO PASSEIO,1.0,1.0,0.0,0.0,0.0,0.0,0.0,0.0,0.0,2.0,0.0,Longo da via,Bom,Não existe,Perfeito estado,Seca,Perfeito estado,Não existe,Não há placas,60.0,Única,Canteiro central,Não informado,2020,6,6,5,13.0
2020-06-06,15:04:00,COM VÍTIMA,CANCELADA,PINA,AV HERCULANO BANDEIRA,RUA ARQUITETO AUGUSTO REINALDO,EM FRENTE AO ATACADÃO DA CONSTRUÇÃO,PINA,Não informado,COLISÃO,COLISÃO ENTRE MOTOCICLETA X DOIS AUTO PASSEIOS,2.0,1.0,0.0,0.0,0.0,0.0,0.0,0.0,0.0,1.0,0.0,Não informado,Não informado,Não informado,Não informado,Não informado,Não informado,Não informado,Não informado,60.0,Não informado,Não informado,Não informado,2020,6,6,5,15.0
2020-06-06,18:30:00,SEM VÍTIMA,FINALIZADA,BOA VIAGEM,RUA FELIX DE BRITO E MELO,RUA FRANCISCO DA CUNHA,Não informado,BOA VIAGEM,SUBURBIO,COLISÃO TRASEIRA,COLISÃO AUTO E MOTO CONDUTOR COM SINTOMAS DE EMBRIAGUES PMPE NO LOCAL,1.0,1.0,0.0,0.0,0.0,0.0,0.0,0.0,0.0,0.0,0.0,Cruzamento,Chuvoso,Sem defeito,Perfeito estado,Seca,Perfeito estado,Faixa de pedestre,Outras,40.0,Única,Não informado,Não informado,2020,6,6,5,18.0
2020-06-07,06:31:00,COM VÍTIMA,FINALIZADA,VASCO DA GAMA,RUA ALTO DO EUCALIPTO,Não informado,INDO PELA RUA VASCO DA GAMA RUA QUE FICA EM FRENTE A SUPERMERCADO RENDE MAIS,VASCO DA GAMA,CIDADE,ABALROAMENTO LONGITUDINAL,COLISÃO AUTO X MOTO,1.0,1.0,0.0,0.0,0.0,0.0,0.0,0.0,0.0,1.0,0.0,Longo da via,Chuvoso,Não existe,Não existente,Molhada,Perfeito estado,Não existe,Não há placas,60.0,Dupla,Não existe,Não informado,2020,6,7,6,6.0
2020-06-07,07:05:00,SEM VÍTIMA,FINALIZADA,IMBIRIBEIRA,AV MARECHAL MASCARENHAS DE MORAES,RUA BARAO DE SOUZA LEAO,PRÓXIMO AO VIADUTO,IMBIRIBEIRA,CIDADE,CHOQUE,VEÍCULO CHOCOU-SE COM O MURO,1.0,1.0,0.0,0.0,0.0,0.0,0.0,0.0,0.0,0.0,0.0,Outros,Chuvoso,Não existe,Perfeito estado,Molhada,Perfeito estado,Não existe,Não há placas,60.0,Dupla,Canteiro central,Não informado,2020,6,7,6,7.0
2020-06-07,14:48:00,SEM VÍTIMA,FINALIZADA,TAMARINEIRA,RUA PADRE ROMA,Não informado,EM FRENTE AO HOSPITAL CORREIA PICANÇO,TAMARINEIRA,Não informado,COLISÃO,COLISÃO ENTE DOIS CARROS E UM DOS CONDUTORES ENCONTRA-SE COM SINTOMAS DE EMBRIAGUÊS,2.0,1.0,0.0,0.0,0.0,0.0,0.0,0.0,0.0,0.0,0.0,Longo da via,Nublado,Não existe,Perfeito estado,Seca,Perfeito estado,Não existe,R-6a,60.0,Dupla,Faixa seccionada,Não informado,2020,6,7,6,14.0
2020-06-08,08:19:00,COM VÍTIMA,FINALIZADA,TORRE,RUA PROFESSOR TRAJANO DE MENDONCA,RUA VITORIANO PALHARES,ATACADO DOS PRESENTES.,TORRE,CIDADE,ABALROAMENTO TRANSVERSAL,COLISÃO COM VITIMA,1.0,1.0,0.0,0.0,0.0,0.0,0.0,0.0,0.0,1.0,0.0,Longo da via,Bom,Não existe,Perfeito estado,Seca,Perfeito estado,Não existe,Outras,60.0,Única,Faixa contínua,Não informado,2020,6,8,0,8.0
2020-06-08,08:57:00,SEM VÍTIMA,CANCELADA,AFOGADOS,RUA SAO MIGUEL,Não informado,EM FRENTE AO ARMAZEM CORAL,AFOGADOS,SUBURBIO,COLISÃO,COLISÃO SEM VITIMA . VT 14 NO LOCAL,1.0,1.0,0.0,0.0,0.0,0.0,0.0,0.0,0.0,0.0,0.0,Não informado,Não informado,Não informado,Não informado,Não informado,Não informado,Não informado,Não informado,60.0,Não informado,Não informado,Não informado,2020,6,8,0,8.0
2020-06-08,12:35:00,SEM VÍTIMA,FINALIZADA,ÁGUA FRIA,AV BEBERIBE,Não informado,EM FRENTE AO N 1796,ÁGUA FRIA,CIDADE,COLISÃO,O SOLICITANTE INFORMA QUE O MOTORISTA DO VEICULO DE PLACA PCR 8252 ESTA COM SINTOMAS DE EMBRIAGUEZ,2.0,1.0,0.0,0.0,0.0,0.0,0.0,0.0,0.0,0.0,0.0,Esquina,Bom,Não existe,Incompleta,Seca,Perfeito estado,Não existe,Outras,60.0,Dupla,Não existe,Não informado,2020,6,8,0,12.0
2020-06-08,14:48:00,COM VÍTIMA,FINALIZADA,IBURA,AV DOIS RIOS,Não informado,SESI IBURA.,IBURA,SUBURBIO,COLISÃO TRASEIRA,CINCO VEÍCULOS ENVOLVIDOS EM UM ENGAVETAMENTO,5.0,1.0,0.0,0.0,0.0,0.0,0.0,0.0,0.0,1.0,0.0,Longo da via,Bom,Sem defeito,Perfeito estado,Seca,Perfeito estado,Faixa de pedestre,R-6a,60.0,Dupla,Faixa contínua,Não informado,2020,6,8,0,14.0
2020-06-08,18:02:00,COM VÍTIMA,FINALIZADA,SANTO AMARO,AV CRUZ CABUGA,AV DR JAYME DA FONTE,EM FRENTE AO N 1065 E AO LADO DO (D E R),SANTO AMARO,SUBURBIO,COLISÃO COM CICLISTA,COLISÃO COM VITIMA,1.0,1.0,0.0,1.0,0.0,1.0,0.0,0.0,0.0,1.0,0.0,Cruzamento,Bom,Sem defeito,Perfeito estado,Seca,Perfeito estado,Faixa de pedestre,Outras,60.0,Dupla,Não informado,Não informado,2020,6,8,0,18.0
2020-06-08,18:29:00,COM VÍTIMA,FINALIZADA,ENCRUZILHADA,AV NORTE,AV JOAO DE BARROS,EM FRENTE AO N 2390. BANCO SANTANDER,ENCRUZILHADA,CIDADE,COLISÃO TRASEIRA,COLISÃO COM VITIMA,1.0,1.0,0.0,0.0,0.0,0.0,0.0,0.0,0.0,1.0,0.0,Longo da via,Bom,Sem defeito,Perfeito estado,Seca,Perfeito estado,Faixa de pedestre,Não há placas,60.0,Dupla,Canteiro central,Não informado,2020,6,8,0,18.0
2020-06-08,18:32:00,COM VÍTIMA,FINALIZADA,CASA FORTE,PRC DE CASA FORTE,RUA VISCONDE DE OURO PRETO,Não informado,CASA FORTE,SUBURBIO,ATROPELAMENTO,MOTO E PEDESTRE.,1.0,1.0,0.0,0.0,1.0,0.0,0.0,0.0,0.0,1.0,0.0,Esquina,Bom,Não existe,Perfeito estado,Seca,Perfeito estado,Não existe,Outras,60.0,Dupla,Não existe,Não informado,2020,6,8,0,18.0
2020-06-09,10:38:00,COM VÍTIMA,FINALIZADA,MACAXEIRA,AV NORTE,RUA TIJUCAL,LADO OPOSTO AO PARQUE DA MACAXEIRA. TAMBÉM PRÓXIMO A UMA ESCOLA TÉCNICA (CONFORME SOLICITANTE). MEGA ÓLEO CENTER CAR.,MACAXEIRA,SUBURBIO,ABALROAMENTO TRANSVERSAL,COISÃO ENTRE MOTOCICLETA E CAMINHÃO DA EMLURB,1.0,1.0,0.0,0.0,0.0,0.0,1.0,0.0,0.0,1.0,0.0,Cruzamento,Bom,Sem defeito,Perfeito estado,Seca,Perfeito estado,Faixa de pedestre,R-6a,60.0,Dupla,Canteiro central,Não informado,2020,6,9,1,10.0
2020-06-09,13:23:00,COM VÍTIMA,FINALIZADA,BOA VISTA,AV CONDE DA BOA VISTA,RUA GONCALVES MAIA,Não informado,BOA VISTA,CIDADE,CHOQUE OBJETO FIXO,VEÍCULO SE CHOCOU COM O CANTEIRO CENTRAL E CAPOTOU COM DUAS VÍTIMAS,1.0,1.0,0.0,0.0,0.0,0.0,0.0,0.0,0.0,2.0,0.0,Cruzamento,Bom,Sem defeito,Perfeito estado,Seca,Perfeito estado,Faixa de pedestre,R-6c,60.0,Dupla,Canteiro central,Não informado,2020,6,9,1,13.0
2020-06-09,13:04:00,COM VÍTIMA,FINALIZADA,IMBIRIBEIRA,AV MARECHAL MASCARENHAS DE MORAES,RUA ARQUITETO FERNANDO ALMEIDA,AO LADO DO ARMAZEM CORAL,IMBIRIBEIRA,SUBURBIO,CHOQUE VEÍCULO PARADO,COLISÃO ENTRE VEICULOS CAUSADA POR UM HOMEM BALEADO,3.0,1.0,0.0,0.0,0.0,0.0,0.0,0.0,0.0,1.0,0.0,Longo da via,Chuvoso,Sem defeito,Perfeito estado,Molhada,Perfeito estado,Faixa de retenção,Outras,60.0,Única,Não existe,Não informado,2020,6,9,1,13.0
2020-06-09,13:21:00,COM VÍTIMA,FINALIZADA,ESTÂNCIA,RUA MORAIS E SILVA,AV DR JOSE RUFINO,PROXIMO A IGREJA SANTA LUZIA,ESTÂNCIA,SUBURBIO,COLISÃO FRONTAL,ÔNIBUS E MOTO.,1.0,1.0,0.0,0.0,0.0,1.0,0.0,0.0,0.0,2.0,0.0,Esquina,Bom,Não existe,Não existente,Seca,Perfeito estado,Não existe,Não há placas,60.0,Dupla,Faixa contínua,Não informado,2020,6,9,1,13.0
2020-06-09,14:19:00,COM VÍTIMA,FINALIZADA,SANTO AMARO,AV NORTE,RUA DO POMBAL,Não informado,SANTO AMARO,CIDADE,ABALROAMENTO LONGITUDINAL,DUAS MOTOS ENVOLVIDAS.,1.0,2.0,0.0,0.0,0.0,0.0,0.0,0.0,0.0,2.0,0.0,Esquina,Bom,Não existe,Perfeito estado,Seca,Perfeito estado,Não informado,Não informado,60.0,Dupla,Canteiro central,Não informado,2020,6,9,1,14.0
2020-06-09,14:56:00,SEM VÍTIMA,FINALIZADA,SAN MARTIN,RUA VINTE E UM DE ABRIL,Não informado,EM FRENTE COPERGÁS E JOEL DA BEBIDA,SAN MARTIN,SUBURBIO,COLISÃO TRASEIRA,COLISÃO DOIS AUTOS SEM VÍTIMA,2.0,1.0,0.0,0.0,0.0,0.0,0.0,0.0,0.0,0.0,0.0,Longo da via,Bom,Não existe,Perfeito estado,Seca,Perfeito estado,Não existe,Não há placas,60.0,Dupla,Não existe,Não informado,2020,6,9,1,14.0
2020-06-09,15:27:00,COM VÍTIMA,FINALIZADA,CAMPO GRANDE,EST DE BELEM,RUA ODORICO MENDES,Não informado,CAMPO GRANDE,Não informado,ATROPELAMENTO,SI DINIZ NO LOCAL VT 30,1.0,1.0,0.0,0.0,1.0,0.0,0.0,0.0,0.0,1.0,0.0,Longo da via,Bom,Com defeito,Perfeito estado,Seca,Perfeito estado,Faixa de pedestre,Não informado,60.0,Dupla,Faixa contínua,Não informado,2020,6,9,1,15.0
2020-06-09,16:09:00,SEM VÍTIMA,FINALIZADA,MADALENA,RUA JOSE OSORIO,AV BEIRA RIO,PONTE CAPUNGA,MADALENA,SUBURBIO,COLISÃO,COLISÃO ENTRE VEICULO OFICIAL,1.0,1.0,0.0,0.0,0.0,0.0,0.0,1.0,0.0,0.0,0.0,Ponte,Bom,Sem defeito,Perfeito estado,Seca,Perfeito estado,Faixa de pedestre,Outras,60.0,Dupla,Faixa contínua,Não informado,2020,6,9,1,16.0
2020-06-09,17:56:00,COM VÍTIMA,CANCELADA,SÃO JOSÉ,AV DANTAS BARRETO,Não informado,TERMINAL DA 1002,SÃO JOSÉ,Não informado,COLISÃO,Não informado,1.0,1.0,0.0,0.0,0.0,1.0,0.0,0.0,0.0,1.0,0.0,Não informado,Não informado,Não informado,Não informado,Não informado,Não informado,Não informado,Não informado,60.0,Não informado,Não informado,Não informado,2020,6,9,1,17.0
2020-06-10,06:58:00,COM VÍTIMA,FINALIZADA,IBURA,AV DOM HELDER CAMARA,Não informado,Em frente ao comercial Fama,IBURA,CIDADE,ATROPELAMENTO,Usuário informa que vinha de veiculo- quando foi surpreendido por transeunte que atravessou-se à frente de seu veículo. O mesmo informou ainda que acionou equipe de resgate.,1.0,1.0,0.0,0.0,1.0,0.0,0.0,0.0,0.0,1.0,0.0,Longo da via,Chuvoso,Sem defeito,Incompleta,Molhada,Mal conservada,Não existe,Não há placas,60.0,Dupla,Canteiro central,Não informado,2020,6,10,2,6.0
2020-06-10,07:45:00,COM VÍTIMA,FINALIZADA,SANTO AMARO,AV NORTE,Não informado,PONTE LIMOEIRO,SANTO AMARO,CIDADE,ACID. DE PERCURSO,MOTOCICLISTA DERRAPOU NA VIA,1.0,1.0,0.0,0.0,0.0,0.0,0.0,0.0,0.0,1.0,0.0,Longo da via,Chuvoso,Sem defeito,Perfeito estado,Molhada,Perfeito estado,Faixa de pedestre,R-6a,60.0,Dupla,Canteiro central,Não informado,2020,6,10,2,7.0
2020-06-10,09:55:00,COM VÍTIMA,FINALIZADA,NOVA DESCOBERTA,RUA NOVA DESCOBERTA,Não informado,Proximo semafóroro nº 065,NOVA DESCOBERTA,CIDADE,ABALROAMENTO LONGITUDINAL,Usuário informa que motociclista derrapou e chocou-se frontal com um ônibus. Vímima socorrida pelo SAMU.,1.0,1.0,0.0,0.0,0.0,1.0,0.0,0.0,0.0,1.0,0.0,Longo da via,Bom,Sem defeito,Perfeito estado,Seca,Perfeito estado,Não informado,Outras,60.0,Dupla,Faixa seccionada,Não informado,2020,6,10,2,9.0
2020-06-10,12:47:00,COM VÍTIMA,FINALIZADA,BEBERIBE,AV BEBERIBE,Não informado,Em frente ao Sest/ Senat,BEBERIBE,Não informado,COLISÃO COM CICLISTA,Condutor informa que transportava ferragem por ser serralheiro e o condutor da bicicleta enroscou-se- chegando a cair. O condutor informa que a viatura 32 está no local.,1.0,1.0,0.0,1.0,0.0,0.0,0.0,0.0,0.0,1.0,0.0,Longo da via,Bom,Sem defeito,Perfeito estado,Seca,Perfeito estado,Não informado,R-6a,60.0,Dupla,Faixa contínua,Não informado,2020,6,10,2,12.0