data,hora,natureza_acidente,situacao,bairro,endereco,detalhe_endereco_acidente,complemento,bairro_cruzamento,sentido_via,tipo,descricao,auto,moto,ciclom,ciclista,pedestre,onibus,caminhao,viatura,outros,vitimas,vitimasfatais,acidente_verificado,tempo_clima,situacao_semaforo,sinalizacao,condicao_via,conservacao_via,ponto_controle,situacao_placa,velocidade_max_via,mao_direcao,divisao_via1,natureza,ano,mes,dia,dia_semana,hora_ocorrencia
2020-06-10,18:22:00,COM VÍTIMA,FINALIZADA,GRAÇAS,AV RUI BARBOSA,RUA AMELIA,POSTO SHELL,GRAÇAS,CIDADE,ABALROAMENTO TRANSVERSAL,COLISÃO COM VITIMA- GGOF NO LOCAL,1.0,1.0,0.0,0.0,0.0,0.0,0.0,0.0,0.0,1.0,0.0,Cruzamento,Bom,Sem defeito,Perfeito estado,Seca,Perfeito estado,Faixa de pedestre,Outras,60.0,Única,Não informado,Não informado,2020,6,10,2,18.0
2020-06-10,19:56:00,SEM VÍTIMA,FINALIZADA,CORDEIRO,AV CAXANGA,Não informado,EM FRENTE A ESTAÇÃO DO BRT PROXIMO AO GETÚLIO VARGAS,CORDEIRO,SUBURBIO,COLISÃO,COLISÃO AUTO DOIS AUTOS CONDUTOR COM SINTOMAS DE EMBRIAGUÊS,2.0,1.0,0.0,0.0,0.0,0.0,0.0,0.0,0.0,0.0,0.0,Longo da via,Chuvoso,Sem defeito,Perfeito estado,Molhada,Perfeito estado,Faixa de pedestre,Não há placas,60.0,Dupla,Canteiro central,Não informado,2020,6,10,2,19.0
2020-06-10,20:46:00,SEM VÍTIMA,FINALIZADA,CORDEIRO,AV MAURICIO DE NASSAU,Não informado,PROXIMO A LOMBADA ELETRONICO,CORDEIRO,SUBURBIO,COLISÃO FRONTAL,COLISÃO DOIS AUTOS COM VITIMAS,2.0,1.0,0.0,0.0,0.0,0.0,0.0,0.0,0.0,0.0,0.0,Longo da via,Chuvoso,Não existe,Perfeito estado,Molhada,Mal iluminada,Não existe,Não há placas,60.0,Dupla,Faixa contínua,Não informado,2020,6,10,2,20.0
2020-06-11,06:15:00,SEM VÍTIMA,FINALIZADA,ESPINHEIRO,RUA CONS PORTELA,RUA QUARENTA E OITO,Não informado,ESPINHEIRO,CIDADE,COLISÃO,COLISÃP SEM VITIMIA AUTO X ONIBUS,1.0,1.0,0.0,0.0,0.0,1.0,0.0,0.0,0.0,0.0,0.0,Cruzamento,Bom,Sem defeito,Perfeito estado,Seca,Perfeito estado,Faixa de pedestre,Outras,60.0,Única,Faixa contínua,Não informado,2020,6,11,3,6.0
2020-06-11,10:10:00,COM VÍTIMA,FINALIZADA,AREIAS,RUA SAO MIGUEL,Não informado,EM FRENTE A OFICINA AUTO PEÇAS. IGREJA BATISTA DE AFOGADOS,AREIAS,SUBURBIO,ABALROAMENTO LONGITUDINAL,COLISÃO CARRO E MOTO,1.0,1.0,0.0,0.0,0.0,0.0,0.0,0.0,0.0,1.0,0.0,Longo da via,Bom,Sem defeito,Perfeito estado,Seca,Perfeito estado,Não existe,Não há placas,60.0,Dupla,Faixa contínua,Não informado,2020,6,11,3,10.0
2020-06-11,11:15:00,VÍTIMA FATAL,FINALIZADA,CAXANGÁ,RUA GREGORIO JUNIOR,AV CAXANGA,Não informado,CAXANGÁ,CIDADE,ATROPELAMENTO,ATROPELAMENTO DO PEDESTRE POR UMA MOTO- A POSTERIOR O VEICULO PASSOU POR CIMA DA VÍTIMA. RESULTADO FINAL MOTOCICLISTA VITIMADO E O ATROPELADO EM ÓBITO,1.0,1.0,0.0,0.0,1.0,0.0,0.0,0.0,0.0,2.0,1.0,Longo da via,Nublado,Sem defeito,Perfeito estado,Seca,Não informado,Faixa de pedestre,Outras,60.0,Única,Canteiro central,Não informado,2020,6,11,3,11.0
2020-06-11,11:23:00,COM VÍTIMA,FINALIZADA,TORRE,RUA CANTORA CLARA NUNES,RUA SOUZA BANDEIRA,ANTIGO POSTO DE SAÚDE ENTREA UPINHA EMOCI CRAUZE E O DISTRITO SANITÁRIO 4- RUA QUE DÁ ACESSO A COMUNIDADE DE SANTA LUZIA,TORRE,CIDADE,ABALROAMENTO TRANSVERSAL,COLISÃO CARRO E MOTO,1.0,1.0,0.0,0.0,0.0,0.0,0.0,0.0,0.0,1.0,0.0,Cruzamento,Bom,Não existe,Não existente,Seca,Perfeito estado,Não existe,Não há placas,60.0,Dupla,Não existe,Não informado,2020,6,11,3,11.0
2020-06-11,18:57:00,SEM VÍTIMA,FINALIZADA,CORDEIRO,AV CAXANGA,Não informado,PRÓXIMO AO SUPERMECADO STYLUS E DA IGREJA CATOLICA - SENTIDO CAMARAGIBE,CORDEIRO,SUBURBIO,COLISÃO,VEÍCULO DA SECRETARIA DE SAÚDE,2.0,1.0,0.0,0.0,0.0,0.0,0.0,0.0,0.0,0.0,0.0,Longo da via,Bom,Não existe,Perfeito estado,Seca,Perfeito estado,Não existe,Não há placas,60.0,Única,Faixa seccionada,Não informado,2020,6,11,3,18.0
2020-06-12,00:10:00,COM VÍTIMA,FINALIZADA,CORDEIRO,AV CAXANGA,Não informado,SUPERMERCADO SOBERANO. JACARÉ VEÍCULOS,CORDEIRO,SUBURBIO,COLISÃO FRONTAL,MOTOQUEIRO COLIDIU NO CAMINHÃO,1.0,1.0,0.0,0.0,0.0,0.0,1.0,0.0,0.0,1.0,0.0,Longo da via,Chuvoso,Não existe,Perfeito estado,Molhada,Perfeito estado,Não existe,Outras,60.0,Dupla,Canteiro central,Não informado,2020,6,12,4,0.0
2020-06-12,10:01:00,COM VÍTIMA,FINALIZADA,CORDEIRO,AV CAXANGA,RUA CARATINGA,EM FRENTE A WILL MOTOS RECIFE,CORDEIRO,CIDADE,ABALROAMENTO LONGITUDINAL,COLISÃO COM VÍTIMA,1.0,1.0,0.0,0.0,0.0,0.0,0.0,0.0,0.0,2.0,0.0,Esquina,Bom,Sem defeito,Perfeito estado,Seca,Perfeito estado,Faixa de pedestre,Não informado,60.0,Dupla,Faixa contínua,Não informado,2020,6,12,4,10.0
2020-06-12,12:44:00,COM VÍTIMA,FINALIZADA,JIQUIÁ,RUA SAO MIGUEL,Não informado,EM FRENTE DA DISTRIBUIDORA RENASCER,JIQUIÁ,CIDADE,ABALROAMENTO TRANSVERSAL,COLISÃO COM VÍTIMA ENVOLVENDO TRÊS VEÍCULOS,1.0,2.0,0.0,0.0,0.0,0.0,0.0,0.0,0.0,1.0,0.0,Longo da via,Bom,Não informado,Perfeito estado,Seca,Perfeito estado,Não existe,Não há placas,60.0,Dupla,Faixa contínua,Não informado,2020,6,12,4,12.0
2020-06-12,14:48:00,COM VÍTIMA,FINALIZADA,APIPUCOS,AV DEZESSETE DE AGOSTO,RUA GOVERNADOR SEABRA,Não informado,APIPUCOS,SUBURBIO,ABALROAMENTO LONGITUDINAL,AUTO PASSEIO E MOTOCICLETA COM DUAS VÍTIMAS,1.0,1.0,0.0,0.0,0.0,0.0,0.0,0.0,0.0,2.0,0.0,Longo da via,Bom,Não existe,Perfeito estado,Seca,Perfeito estado,Não existe,R-6a,60.0,Dupla,Faixa seccionada,Não informado,2020,6,12,4,14.0
2020-06-12,19:19:00,COM VÍTIMA,CANCELADA,CORDEIRO,RUA N S DA SAUDE,Não informado,PROXIMO AO TERMINAL DO ONIBUS DA TORRE,CORDEIRO,Não informado,COLISÃO,COLISÃO COM VITIMA ENTRE AUTO X MOTO,2.0,1.0,0.0,0.0,0.0,0.0,0.0,0.0,0.0,1.0,0.0,Não informado,Não informado,Não informado,Não informado,Não informado,Não informado,Não informado,Não informado,60.0,Não informado,Não informado,Não informado,2020,6,12,4,19.0
2020-06-12,20:45:00,COM VÍTIMA,FINALIZADA,BOA VIAGEM,RUA VISCONDE DE JEQUITINHONHA,RUA BALTAZAR PASSOS,COM A RUA BALTHAZR PASSOS,BOA VIAGEM,CIDADE,ABALROAMENTO TRANSVERSAL,COLISSÃO COM VITIMA,1.0,1.0,0.0,0.0,0.0,0.0,0.0,0.0,0.0,1.0,0.0,Cruzamento,Bom,Sem defeito,Perfeito estado,Seca,Perfeito estado,Faixa de pedestre,Não informado,60.0,Única,Não informado,Não informado,2020,6,12,4,20.0
2020-06-13,23:31:00,COM VÍTIMA,FINALIZADA,MADALENA,RUA REAL DA TORRE,RUA DOM JOAO DE SOUZA,PPRÓXIMO AO MERCADO DA MADALENA,MADALENA,SUBURBIO,ABALROAMENTO TRANSVERSAL,CARRO E MOTO,1.0,1.0,0.0,0.0,0.0,0.0,0.0,0.0,0.0,1.0,0.0,Esquina,Chuvoso,Não existe,Não informado,Molhada,Perfeito estado,Não informado,Placas Pare,60.0,Não informado,Não informado,Não informado,2020,6,13,5,23.0
2020-06-14,08:21:00,COM VÍTIMA,FINALIZADA,CABANGA,PTE GOVERNADOR PAULO GUERRA,Não informado,AO LADO DA ESTAÇÃO DA COMPESA,CABANGA,SUBURBIO,TOMBAMENTO,ACIDENTE DE PERCURSO COM MOTOCICLETA,1.0,1.0,0.0,0.0,0.0,0.0,0.0,0.0,0.0,1.0,0.0,Longo da via,Chuvoso,Não existe,Perfeito estado,Molhada,Perfeito estado,Não existe,Não há placas,60.0,Única,Faixa seccionada,Não informado,2020,6,14,6,8.0
2020-06-14,11:24:00,COM VÍTIMA,CANCELADA,TEJIPIÓ,AV DR JOSE RUFINO,Não informado,PROX. AO ARMAZÉM CORAL,TEJIPIÓ,Não informado,COLISÃO COM CICLISTA,COLISÃO MOTOCICLETA X CICLISTA,1.0,1.0,0.0,1.0,0.0,0.0,0.0,0.0,0.0,3.0,0.0,Não informado,Não informado,Não informado,Não informado,Não informado,Não informado,Não informado,Não informado,60.0,Não informado,Não informado,Não informado,2020,6,14,6,11.0
2020-06-14,19:56:00,COM VÍTIMA,FINALIZADA,MADALENA,RUA JOSE OSORIO,Não informado,PROXIMO AO MERCADO DA MADALENA . POSTO PETROBRAS,MADALENA,SUBURBIO,CHOQUE VEÍCULO PARADO,COLISÃO AUTO E MOTO,1.0,1.0,0.0,0.0,0.0,0.0,0.0,0.0,0.0,1.0,0.0,Longo da via,Chuvoso,Sem defeito,Perfeito estado,Molhada,Perfeito estado,Não existe,Não há placas,60.0,Única,Não existe,Não informado,2020,6,14,6,19.0
2020-06-15,09:56:00,SEM VÍTIMA,FINALIZADA,MUSTARDINHA,AV MANOEL GONCALVES DA LUZ,Não informado,AO LADO PRAÇA MUSTARDINHA,MUSTARDINHA,SUBURBIO,COLISÃO,DOIS AUTOS SEM VÍTIMA,2.0,1.0,0.0,0.0,0.0,0.0,0.0,0.0,0.0,0.0,0.0,Cruzamento,Bom,Não existe,Perfeito estado,Seca,Perfeito estado,Faixa de pedestre,Outras,60.0,Dupla,Faixa contínua,Não informado,2020,6,15,0,9.0
2020-06-15,10:43:00,SEM VÍTIMA,FINALIZADA,SÍTIO DOS PINTOS,RUA VEREADOR PETRUS CAMARA,Não informado,CAMPO SÍTIO DOS PINTOS,SÍTIO DOS PINTOS,CIDADE,COLISÃO,ENTRE VEÍCULO OFICIAL E CARROÇA,1.0,1.0,0.0,0.0,0.0,0.0,0.0,1.0,1.0,0.0,0.0,Longo da via,Chuvoso,Não existe,Não existente,Molhada,Outros,Não existe,Não há placas,60.0,Dupla,Não existe,Não informado,2020,6,15,0,10.0
2020-06-15,15:42:00,SEM VÍTIMA,FINALIZADA,SÃO JOSÉ,AV N S DO CARMO,RUA IMPERADOR PEDRO SEGUNDO,Não informado,SÃO JOSÉ,Não informado,COLISÃO,COLISÃO ENTRE DOIS AUTOMÓVEIS,2.0,1.0,0.0,0.0,0.0,0.0,0.0,0.0,0.0,0.0,0.0,Cruzamento,Chuvoso,Sem defeito,Perfeito estado,Molhada,Perfeito estado,Faixa de pedestre,Não há placas,60.0,Dupla,Faixa contínua,Não informado,2020,6,15,0,15.0
2020-06-15,19:28:00,COM VÍTIMA,FINALIZADA,CASA AMARELA,AV NORTE,AV PROFESSOR JOSE DOS ANJOS,PRÓXIMO AO SESC DE CASA AMARELA,CASA AMARELA,SUBURBIO,ABALROAMENTO TRANSVERSAL,Não informado,1.0,1.0,0.0,0.0,0.0,0.0,0.0,0.0,0.0,1.0,0.0,Cruzamento,Chuvoso,Sem defeito,Perfeito estado,Molhada,Perfeito estado,Faixa de pedestre,Não há placas,60.0,Dupla,Faixa seccionada,Não informado,2020,6,15,0,19.0
2020-06-15,19:35:00,COM VÍTIMA,CANCELADA,IMBIRIBEIRA,AV MARECHAL MASCARENHAS DE MORAES,Não informado,EM FRENTE AO ARMAZÉM CORAL,IMBIRIBEIRA,SUBURBIO,COLISÃO,MOTO E AUTO,1.0,1.0,0.0,0.0,0.0,0.0,0.0,0.0,0.0,1.0,0.0,Não informado,Não informado,Não informado,Não informado,Não informado,Não informado,Não informado,Não informado,60.0,Não informado,Não informado,Não informado,2020,6,15,0,19.0
2020-06-16,08:25:00,COM VÍTIMA,FINALIZADA,VÁRZEA,AV JOAQUIM RIBEIRO,RUA FRANCISCO TORRES,DEFRONTE DA UPA DA CAXANGÁ,VÁRZEA,CIDADE,ABALROAMENTO LONGITUDINAL,COLISÃO ENVOLVENDO MOTOCICLISTA E AUTOPASSEIO - EQUIPE DE AGENTES NO LOCAL PROCEDENDO À OCORRÊNCIA,1.0,1.0,0.0,0.0,0.0,0.0,0.0,0.0,0.0,1.0,0.0,Longo da via,Chuvoso,Sem defeito,Perfeito estado,Molhada,Perfeito estado,Faixa de pedestre,Não há placas,60.0,Única,Faixa seccionada,Não informado,2020,6,16,1,8.0
2020-06-16,14:42:00,SEM VÍTIMA,FINALIZADA,IBURA,AV DOIS RIOS,Não informado,EM FRENTE A IGREJA BATISTA DO IBURA,IBURA,CIDADE,COLISÃO,COLISÃO SEM VITIMA.( BATEDORES NO LOCAL MOTO 11 E 24,1.0,1.0,0.0,0.0,0.0,0.0,1.0,0.0,0.0,0.0,0.0,Longo da via,Bom,Não existe,Perfeito estado,Seca,Perfeito estado,Não existe,Outras,60.0,Dupla,Faixa contínua,Não informado,2020,6,16,1,14.0
2020-06-16,23:02:00,SEM VÍTIMA,FINALIZADA,BOA VIAGEM,AV CONSELHEIRO AGUIAR,RUA FELIX DE BRITO E MELO,CRUZAMENTO C/A RUA FELIX DE BRITO E MELO - EM FRENTE AO BRADESCO,BOA VIAGEM,SUBURBIO,CHOQUE OBJETO FIXO,ONIBUS DA EMPRESA BORBOREMA CHOCOU-SE CONTRA UM POSTE DE ALTA TENSÃO- QUE AMEAÇA CAIR NA VIA - SEM VÍTIMA,1.0,1.0,0.0,0.0,0.0,1.0,0.0,0.0,0.0,0.0,0.0,Cruzamento,Chuvoso,Sem defeito,Perfeito estado,Molhada,Perfeito estado,Faixa de pedestre,R-6a,40.0,Única,Outros,Não informado,2020,6,16,1,23.0
2020-06-17,11:29:00,COM VÍTIMA,FINALIZADA,IBURA,AV PERNAMBUCO,AV RIO SAO FRANCISCO,PROXIMO O EREM SÃO SEBASTIÃO LEME,IBURA,SUBURBIO,ABALROAMENTO LONGITUDINAL,COLISÃO COM VITIMA ENTRE AUTO E MOTO.,1.0,1.0,0.0,0.0,0.0,0.0,0.0,0.0,0.0,1.0,0.0,Cruzamento,Bom,Não existe,Perfeito estado,Seca,Perfeito estado,Não existe,Não há placas,60.0,Dupla,Faixa seccionada,Não informado,2020,6,17,2,11.0
2020-06-17,15:20:00,COM VÍTIMA,FINALIZADA,CASA FORTE,AV DEZESSETE DE AGOSTO,Não informado,PROXIMO AO MUSEU. FUNDAÇÃO JOAQUIM NABUCO,CASA FORTE,CIDADE,COLISÃO TRASEIRA,Não informado,2.0,1.0,0.0,0.0,0.0,0.0,0.0,0.0,0.0,1.0,0.0,Longo da via,Bom,Não existe,Perfeito estado,Seca,Perfeito estado,Não existe,Não há placas,60.0,Dupla,Faixa contínua,Não informado,2020,6,17,2,15.0
2020-06-17,15:51:00,COM VÍTIMA,FINALIZADA,MADALENA,RUA MENEZES DRUMOND,RUA ERNANI BRAGA,PRAÇA CALAZANS,MADALENA,SUBURBIO,ABALROAMENTO TRANSVERSAL,Não informado,1.0,1.0,0.0,0.0,0.0,0.0,0.0,0.0,0.0,1.0,0.0,Cruzamento,Bom,Não existe,Perfeito estado,Seca,Perfeito estado,Faixa de pedestre,R-4a,60.0,Única,Faixa contínua,Não informado,2020,6,17,2,15.0
2020-06-17,19:06:00,COM VÍTIMA,FINALIZADA,JIQUIÁ,AV DR JOSE RUFINO,RUA ANTONIO CARNEIRO,EM FRENTE AO COLISÃO VISÃO,JIQUIÁ,Não informado,ABALROAMENTO TRANSVERSAL,ACIDENTE ENTRE AUTO E MOTO,1.0,1.0,0.0,0.0,0.0,0.0,0.0,0.0,0.0,1.0,0.0,Esquina,Bom,Não existe,Perfeito estado,Seca,Perfeito estado,Não existe,Outras,60.0,Dupla,Faixa contínua,Não informado,2020,6,17,2,19.0
2020-06-17,19:46:00,COM VÍTIMA,FINALIZADA,JORDÃO,RUA DR ALVARO FERRAZ,Não informado,RUA PRINCIPAL ONDE PASSA OS ÔNIBUS DO JORDÃO BAIXO,JORDÃO,Não informado,COLISÃO,DUAS MOTOS E UM CAMINHÃO,1.0,2.0,0.0,0.0,0.0,0.0,1.0,0.0,0.0,1.0,0.0,Longo da via,Chuvoso,Não existe,Incompleta,Molhada,Mal iluminada,Não existe,Não há placas,30.0,Única,Não existe,Não informado,2020,6,17,2,19.0
2020-06-18,09:53:00,COM VÍTIMA,FINALIZADA,IPUTINGA,AV CAXANGA,AV PROFESSOR JOAQUIM CAVALCANTI,Não informado,IPUTINGA,SUBURBIO,COLISÃO TRASEIRA,COLISÃO COM VITIMA,1.0,1.0,0.0,0.0,0.0,0.0,0.0,0.0,0.0,1.0,0.0,Cruzamento,Bom,Não existe,Perfeito estado,Seca,Perfeito estado,Não existe,Não há placas,60.0,Dupla,Canteiro central,Não informado,2020,6,18,3,9.0
2020-06-18,11:21:00,COM VÍTIMA,FINALIZADA,IPSEP,RUA ITACARI,RUA ITAJAI,Não informado,IPSEP,Não informado,ABALROAMENTO TRANSVERSAL,COLISÃO COM VÍTIMA ENTRE 2 AUTOS,2.0,1.0,0.0,0.0,0.0,0.0,0.0,0.0,0.0,1.0,0.0,Cruzamento,Nublado,Não existe,Perfeito estado,Seca,Perfeito estado,Faixa de pedestre,Placas Pare,30.0,Única,Faixa seccionada,Não informado,2020,6,18,3,11.0
2020-06-18,15:11:00,SEM VÍTIMA,FINALIZADA,MADALENA,RUA DOM MANOEL DA COSTA,RUA PADRE LANDIM,RUA PADRE LANDIM,MADALENA,Não informado,COLISÃO,COLISÃO ENTRE 2 AUTOS- SEM VÍTIMAS,2.0,1.0,0.0,0.0,0.0,0.0,0.0,0.0,0.0,0.0,0.0,Cruzamento,Bom,Sem defeito,Incompleta,Seca,Mal conservada,Faixa de pedestre,R-6a,60.0,Única,Faixa contínua,Não informado,2020,6,18,3,15.0
2020-06-18,15:12:00,SEM VÍTIMA,FINALIZADA,BOA VIAGEM,RUA ANTONIO FALCAO,RUA DOS NAVEGANTES,Não informado,BOA VIAGEM,Não informado,COLISÃO,COLISÃO ENTRE 2 AUTOS- SEM VÍTIMAS,2.0,1.0,0.0,0.0,0.0,0.0,0.0,0.0,0.0,0.0,0.0,Cruzamento,Chuvoso,Não existe,Ilegível,Molhada,Perfeito estado,Outros,Placas Pare,60.0,Única,Não existe,Não informado,2020,6,18,3,15.0
2020-06-18,15:52:00,SEM VÍTIMA,FINALIZADA,TAMARINEIRA,RUA CONEGO BARATA,Não informado,Em frente a Policlínica Albert Sabin sentido Água Fria,TAMARINEIRA,SUBURBIO,COLISÃO,Condutora informa que seu veículo foi colidido na traseira por veículo da Secretaria de Saúde do Município de Recife,1.0,1.0,0.0,0.0,0.0,0.0,0.0,0.0,0.0,0.0,0.0,Longo da via,Chuvoso,Sem defeito,Perfeito estado,Molhada,Perfeito estado,Faixa de pedestre,R-6a,60.0,Única,Canteiro central,Não informado,2020,6,18,3,15.0
2020-06-18,16:16:00,COM VÍTIMA,FINALIZADA,SÃO JOSÉ,AV SUL,Não informado,ANTES DA ENTRADA DO CABANGA,SÃO JOSÉ,SUBURBIO,COLISÃO COM CICLISTA,COLISÃO ÔNIBUS X CICLISTA,1.0,1.0,0.0,1.0,0.0,1.0,0.0,0.0,0.0,1.0,0.0,Longo da via,Chuvoso,Sem defeito,Perfeito estado,Molhada,Perfeito estado,Não existe,Outras,60.0,Dupla,Faixa seccionada,Não informado,2020,6,18,3,16.0
2020-06-19,04:52:00,VÍTIMA FATAL,FINALIZADA,JOANA BEZERRA,VIADUTO CAPITAO TEMUDO,Não informado,SENTIDO DERBY. ALÇA DE ACESSO A RUA IMPERIAL.,JOANA BEZERRA,CIDADE,COLISÃO COM CICLISTA,MOTO X BICICLETA C/VITIMA FATAL,1.0,1.0,0.0,1.0,0.0,0.0,0.0,0.0,0.0,1.0,1.0,Viaduto,Chuvoso,Não existe,Perfeito estado,Molhada,Perfeito estado,Não existe,R-19,40.0,Única,Faixa contínua,Não informado,2020,6,19,4,4.0
2020-06-19,07:46:00,SEM VÍTIMA,FINALIZADA,CASA FORTE,AV DEZESSETE DE AGOSTO,Não informado,EM FRENTE A PIZZARIA HUTT,CASA FORTE,Não informado,CHOQUE,VEÍCULO COLIDIU COM UM POSTE ESTÁ ATRAVESSADO NA VIA,1.0,1.0,0.0,0.0,0.0,0.0,0.0,0.0,0.0,0.0,0.0,Longo da via,Chuvoso,Não existe,Perfeito estado,Molhada,Perfeito estado,Não existe,Outras,60.0,Dupla,Faixa contínua,Não informado,2020,6,19,4,7.0
2020-06-19,07:55:00,SEM VÍTIMA,FINALIZADA,ESPINHEIRO,RUA CONS PORTELA,RUA QUARENTA E OITO,Não informado,ESPINHEIRO,Não informado,COLISÃO,COLISÃO ENTE DOIS AUTOMÓVEIS. OBS: AGENTE ARTHUR.,2.0,1.0,0.0,0.0,0.0,0.0,0.0,0.0,0.0,0.0,0.0,Cruzamento,Chuvoso,Sem defeito,Perfeito estado,Molhada,Perfeito estado,Agente,Outras,60.0,Única,Outros,Não informado,2020,6,19,4,7.0
2020-06-19,08:28:00,COM VÍTIMA,FINALIZADA,SANTO AMARO,AV GOVERNADOR AGAMENON MAGALHAES,Não informado,PRÓXIMO REITORIA DA UNIVERSIDADE DE PERNAMBUCO- SENTIDO BOA VIAGEM,SANTO AMARO,CIDADE,COLISÃO TRASEIRA,AUTO E MOTOCICLETA COM UMA VÍTIMA,1.0,1.0,0.0,0.0,0.0,0.0,0.0,0.0,0.0,1.0,0.0,Longo da via,Chuvoso,Sem defeito,Perfeito estado,Molhada,Perfeito estado,Não existe,Não há placas,60.0,Dupla,Canteiro central,Não informado,2020,6,19,4,8.0
2020-06-19,08:57:00,COM VÍTIMA,FINALIZADA,TORRÕES,AV ENGENHEIRO ABDIAS DE CARVALHO,Não informado,LADO OPOSTO DLP VINHOS E DESTILADOS,TORRÕES,CIDADE,ABALROAMENTO LONGITUDINAL,DOIS AUTOS E UMA MOTOCICLETA,2.0,1.0,0.0,0.0,0.0,0.0,0.0,0.0,0.0,1.0,0.0,Longo da via,Bom,Não existe,Perfeito estado,Seca,Perfeito estado,Não existe,Não há placas,60.0,Dupla,Canteiro central,Não informado,2020,6,19,4,8.0
2020-06-19,10:24:00,COM VÍTIMA,FINALIZADA,ÁGUA FRIA,AV BEBERIBE,Não informado,EM FRENTE PAGODE DA PRESSÃO E PRÓXIMO MERCADO ÀGUA FRIA,ÁGUA FRIA,CIDADE,COLISÃO,DOIS AUTOS,2.0,1.0,0.0,0.0,0.0,0.0,0.0,0.0,0.0,1.0,0.0,Longo da via,Bom,Sem defeito,Perfeito estado,Seca,Perfeito estado,Faixa de pedestre,Outras,60.0,Dupla,Faixa contínua,Não informado,2020,6,19,4,10.0
2020-06-19,14:22:00,COM VÍTIMA,FINALIZADA,TAMARINEIRA,AV NORTE,RUA CONEGO BARATA,PRÓX DE GASOLINA AV. NORTE. LADO OPOSTO A PADARIA BELLA NORTE.,TAMARINEIRA,CIDADE,ATROPELAMENTO,ATROPELAMENTO ENTRE CAMINHÃO E PEDESTRE,1.0,1.0,0.0,0.0,1.0,0.0,0.0,0.0,0.0,1.0,0.0,Longo da via,Chuvoso,Não informado,Perfeito estado,Molhada,Perfeito estado,Não informado,Não informado,60.0,Dupla,Canteiro central,Não informado,2020,6,19,4,14.0
2020-06-20,03:38:00,SEM VÍTIMA,FINALIZADA,BOA VISTA,AV CONDE DA BOA VISTA,Não informado,EM FRENTE AO SHOPPING BOA VISTA,BOA VISTA,SUBURBIO,CHOQUE,VIATURA DA PM SE CHOCOU CONTRA UM GELO BAIANO,1.0,1.0,0.0,0.0,0.0,0.0,0.0,0.0,0.0,0.0,0.0,Cruzamento,Bom,Sem defeito,Perfeito estado,Seca,Perfeito estado,Outros,Outras,60.0,Dupla,Canteiro central,Não informado,2020,6,20,5,3.0
2020-06-20,12:09:00,COM VÍTIMA,FINALIZADA,SANTO AMARO,AV CRUZ CABUGA,AV DR JAYME DA FONTE,EM FRENTE AO N 1189,SANTO AMARO,CIDADE,ABALROAMENTO TRANSVERSAL,COLISÃO COM VITIMA,1.0,2.0,0.0,0.0,0.0,0.0,0.0,0.0,0.0,2.0,0.0,Cruzamento,Bom,Sem defeito,Perfeito estado,Seca,Perfeito estado,Faixa de pedestre,Não há placas,40.0,Dupla,Faixa seccionada,Não informado,2020,6,20,5,12.0
2020-06-20,13:26:00,SEM VÍTIMA,FINALIZADA,CASA FORTE,AV DEZESSETE DE AGOSTO,Não informado,EM FRENTE AO SHOPPING PLAZA,CASA FORTE,CIDADE,COLISÃO,COLISÃO SEM VITIMA,2.0,1.0,0.0,0.0,0.0,0.0,0.0,0.0,0.0,0.0,0.0,Longo da via,Bom,Sem defeito,Perfeito estado,Seca,Perfeito estado,Faixa de pedestre,Outras,60.0,Dupla,Faixa contínua,Não informado,2020,6,20,5,13.0
2020-06-20,14:58:00,SEM VÍTIMA,FINALIZADA,CASA FORTE,AV DEZESSETE DE AGOSTO,Não informado,EM FRENTE AO N 487,CASA FORTE,CIDADE,COLISÃO,COLISÃO SEM VITIMA,2.0,1.0,0.0,0.0,0.0,0.0,0.0,0.0,0.0,0.0,0.0,Longo da via,Bom,Não existe,Perfeito estado,Seca,Perfeito estado,Outros,Outras,60.0,Dupla,Faixa contínua,Não informado,2020,6,20,5,14.0
2020-06-20,16:29:00,SEM VÍTIMA,CANCELADA,BOA VIAGEM,RUA PROFESSOR JOSE BRANDAO,RUA FRANCISCO DA CUNHA,EM FRENTE AO N 390,BOA VIAGEM,SUBURBIO,COLISÃO,COLISÃO SEM VITIMA,1.0,1.0,0.0,0.0,0.0,0.0,0.0,0.0,0.0,0.0,0.0,Não informado,Não informado,Não informado,Não informado,Não informado,Não informado,Não informado,Não informado,60.0,Não informado,Não informado,Não informado,2020,6,20,5,16.0
2020-06-20,19:51:00,COM VÍTIMA,FINALIZADA,IMBIRIBEIRA,AV MARECHAL MASCARENHAS DE MORAES,Não informado,LADO OPOSTO A FERREIRA COSTA.,IMBIRIBEIRA,SUBURBIO,ABALROAMENTO LONGITUDINAL,COLISÃO ENTRE TRÊS AUTOS E UMA MOTO.,3.0,1.0,0.0,0.0,0.0,0.0,0.0,0.0,0.0,3.0,0.0,Longo da via,Chuvoso,Não informado,Perfeito estado,Molhada,Perfeito estado,Não informado,R-6a,40.0,Dupla,Canteiro central,Não informado,2020,6,20,5,19.0
2020-06-21,07:24:00,SEM VÍTIMA,FINALIZADA,MACAXEIRA,AV NORTE,Não informado,LADO OPSTO A ANTIGA FÁBRICA DA MACAXEIRA,MACAXEIRA,Não informado,CHOQUE OBJETO FIXO,VEÍCULO: PDR 0343 : CHEVROLET ONIX,1.0,1.0,0.0,0.0,0.0,0.0,0.0,0.0,0.0,0.0,0.0,Não informado,Não informado,Não informado,Não informado,Não informado,Não informado,Não informado,Não informado,60.0,Não informado,Não informado,Não informado,2020,6,21,6,7.0
2020-06-21,12:22:00,COM VÍTIMA,FINALIZADA,AREIAS,AV RECIFE,RUA AURORA CACOTE,EM FRENTE AO HOSPITAL DE AREIAS. CHURRASCARIA E PIZZARIA GALETUS.,AREIAS,BOA VIAGEM,ABALROAMENTO TRANSVERSAL,AUTO E MOTO.,1.0,1.0,1.0,0.0,0.0,0.0,0.0,0.0,0.0,1.0,0.0,Esquina,Bom,Não existe,Perfeito estado,Seca,Mal conservada,Não existe,Placas Pare,60.0,Dupla,Canteiro central,Não informado,2020,6,21,6,12.0