data,hora,natureza_acidente,situacao,bairro,endereco,detalhe_endereco_acidente,complemento,bairro_cruzamento,sentido_via,tipo,descricao,auto,moto,ciclom,ciclista,pedestre,onibus,caminhao,viatura,outros,vitimas,vitimasfatais,acidente_verificado,tempo_clima,situacao_semaforo,sinalizacao,condicao_via,conservacao_via,ponto_controle,situacao_placa,velocidade_max_via,mao_direcao,divisao_via1,natureza,ano,mes,dia,dia_semana,hora_ocorrencia
2020-06-21,16:39:00,COM VÍTIMA,FINALIZADA,SÍTIO DOS PINTOS,EST DOS PINTOS,Não informado,PRÓXIMO UFRPE,SÍTIO DOS PINTOS,CIDADE,COLISÃO COM CICLISTA,Não informado,1.0,1.0,0.0,1.0,2.0,0.0,0.0,0.0,0.0,5.0,0.0,Longo da via,Bom,Não existe,Incompleta,Seca,Perfeito estado,Não existe,Não há placas,60.0,Dupla,Não existe,Não informado,2020,6,21,6,16.0
2020-06-21,20:14:00,SEM VÍTIMA,FINALIZADA,SANTO AMARO,AV JOAO DE BARROS,Não informado,PRÓXIMO AO POSTO BR- ENCONTRA-SE QUITANDARIA,SANTO AMARO,SUBURBIO,COLISÃO,COLISÃO ENTRTE DOIS VEÍCULO,2.0,1.0,0.0,0.0,0.0,0.0,0.0,0.0,0.0,0.0,0.0,Longo da via,Bom,Não existe,Perfeito estado,Seca,Perfeito estado,Não existe,Não há placas,60.0,Única,Faixa seccionada,Não informado,2020,6,21,6,20.0
2020-06-21,22:36:00,COM VÍTIMA,CANCELADA,JARDIM SÃO PAULO,AV SAO PAULO,Não informado,PIZARIA PASSIRA,JARDIM SÃO PAULO,SUBURBIO,COLISÃO,AUTO E MOTO,1.0,1.0,0.0,0.0,0.0,0.0,0.0,0.0,0.0,1.0,0.0,Não informado,Não informado,Não informado,Não informado,Não informado,Não informado,Não informado,Não informado,60.0,Não informado,Não informado,Não informado,2020,6,21,6,22.0
2020-06-22,08:56:00,COM VÍTIMA,FINALIZADA,SANTO AMARO,AV NORTE,Não informado,APOS O VIADUTO DA AV NORTE NO  SENTIDO CIDADE. UNIDADE DA SAÚDE DA FAMÍLIA DE SANTO AMARO 3.,SANTO AMARO,CIDADE,ATROPELAMENTO,ATROPELAMENTO  EM SEGUIDA CONDUTOR BATEU CONTRA POSTE  COM 2 VITIMAS A ESPERA DO SAMU BT MOTO 20 .37 QTH,1.0,1.0,0.0,0.0,1.0,0.0,0.0,0.0,0.0,2.0,0.0,Longo da via,Bom,Não existe,Perfeito estado,Seca,Perfeito estado,Não existe,Outras,60.0,Dupla,Canteiro central,Não informado,2020,6,22,0,8.0
2020-06-22,09:50:00,COM VÍTIMA,FINALIZADA,GRAÇAS,RUA AMELIA,Não informado,EM FRENTE A LOJA VIA MUNDI,GRAÇAS,SUBURBIO,COLISÃO TRASEIRA,COLISÃO COM VITIMA A ESPERA DO SAMU  GM JOSIMAR JUNIOR QTH,1.0,1.0,0.0,0.0,0.0,0.0,0.0,0.0,0.0,1.0,0.0,Longo da via,Bom,Sem defeito,Perfeito estado,Seca,Perfeito estado,Outros,Outras,60.0,Única,Faixa contínua,Não informado,2020,6,22,0,9.0
2020-06-22,12:31:00,COM VÍTIMA,FINALIZADA,MACAXEIRA,AV JOSE AMERICO DE ALMEIDA,Não informado,EM FRENTE AO MERCADINHO BELA VISTA E EM FRENTE A ACADEMIA PONTO CERTO,MACAXEIRA,SUBURBIO,ABALROAMENTO LONGITUDINAL,COLISÃO COM VÍTIMA,1.0,1.0,0.0,0.0,0.0,1.0,0.0,0.0,0.0,1.0,0.0,Longo da via,Bom,Não existe,Perfeito estado,Seca,Perfeito estado,Não informado,R-6a,60.0,Dupla,Canteiro central,Não informado,2020,6,22,0,12.0
2020-06-22,13:20:00,SEM VÍTIMA,FINALIZADA,IBURA,RUA RIO DA PRATA,Não informado,NO FINAL DA RUA PROX AO CENTRO DE APOIO SOCIAL ESPORTIVO CULTURAL,IBURA,Não informado,COLISÃO,COLISAO EM VT DA POLICIA E AUTO S/V,1.0,1.0,0.0,0.0,0.0,0.0,0.0,1.0,0.0,0.0,0.0,Longo da via,Bom,Não existe,Perfeito estado,Seca,Perfeito estado,Não existe,Não há placas,60.0,Dupla,Faixa contínua,Não informado,2020,6,22,0,13.0
2020-06-22,14:13:00,COM VÍTIMA,FINALIZADA,CORDEIRO,EST DO FORTE DO ARRAIAL N. DO B. JESUS,RUA ONZE DE FEVEREIRO,EM FRENTE A LAVANDERIA ROUPA LIMPA. FORTE DO COCO.,CORDEIRO,SUBURBIO,ABALROAMENTO LONGITUDINAL,COLISÃO COM VÍTIMA,1.0,2.0,0.0,0.0,0.0,0.0,0.0,0.0,0.0,1.0,0.0,Longo da via,Bom,Não existe,Incompleta,Seca,Perfeito estado,Não existe,Outras,60.0,Dupla,Não existe,Não informado,2020,6,22,0,14.0
2020-06-22,17:07:00,COM VÍTIMA,FINALIZADA,ESTÂNCIA,AV DR JOSE RUFINO,Não informado,PRÓXIMO AO COLÉGIO VISÃO.,ESTÂNCIA,SUBURBIO,ACID. DE PERCURSO,MOTOCICLISTA DERRAPOU- DEVIDO GRANDE QUANTIDADE DE ÓLEO NA VIA.,1.0,1.0,0.0,0.0,0.0,0.0,0.0,0.0,0.0,1.0,0.0,Longo da via,Bom,Não existe,Incompleta,Oleosa,Mal conservada,Não existe,Não há placas,60.0,Dupla,Faixa contínua,Não informado,2020,6,22,0,17.0
2020-06-22,17:14:00,SEM VÍTIMA,FINALIZADA,IBURA,AV DOIS RIOS,Não informado,E/F A IGREJA EL SHADDAI,IBURA,Não informado,COLISÃO,COLISAO ENTRE DUAS S/V BATEDOR MARCELO E LUCAS DA MOTO 09 E 36 NO LOCAL,1.0,2.0,0.0,0.0,0.0,0.0,0.0,0.0,0.0,0.0,0.0,Longo da via,Bom,Não existe,Perfeito estado,Seca,Perfeito estado,Não existe,Não há placas,60.0,Dupla,Faixa contínua,Não informado,2020,6,22,0,17.0
2020-06-22,18:16:00,SEM VÍTIMA,FINALIZADA,ROSARINHO,RUA DR JOSE MARIA,RUA REGUEIRA COSTA,PROX . AO EDF. ENRIQUE QUINTO E DROGASIL E GALERIA JOAO DE DEUS,ROSARINHO,Não informado,COLISÃO,PALIO E SUZUKI    OBS: SUSPEITA DE EMBRIAGUEZ,2.0,2.0,0.0,0.0,0.0,0.0,0.0,0.0,0.0,0.0,0.0,Longo da via,Bom,Não existe,Perfeito estado,Seca,Perfeito estado,Não existe,Outras,60.0,Dupla,Faixa contínua,Não informado,2020,6,22,0,18.0
2020-06-22,19:54:00,COM VÍTIMA,FINALIZADA,MADALENA,AV VISCONDE DE ALBUQUERQUE,RUA LOPES DE CARVALHO,GALERIA MADALENA CENTER,MADALENA,SUBURBIO,ABALROAMENTO TRANSVERSAL,COLISÃO COM DUAS VITIMAS,1.0,2.0,0.0,0.0,0.0,0.0,0.0,0.0,0.0,2.0,0.0,Cruzamento,Bom,Não existe,Perfeito estado,Seca,Perfeito estado,Não informado,Não informado,40.0,Única,Não informado,Não informado,2020,6,22,0,19.0
2020-06-22,20:32:00,SEM VÍTIMA,FINALIZADA,ENCRUZILHADA,RUA CASTRO ALVES,RUA JOSE DE SA CARNEIRO,*SEMÁFORO 666* /  E/F A QUALIMENTOS E CAIXA ECONÔMICA,ENCRUZILHADA,Não informado,ENGAVETAMENTO,ENTRE 3 AUTOS. O RESPONSÁVEL PELO ENGAVETAMENTO APRESENTA SINAIS FORTES DE EMBRIAGUEZ- INCLUSIVE- TENTOU AGREDIR TERCEIROS NO LOCAL- MAS PERMANECE NA VIA PARA O PROCEDIMENTO DE OCORRÊNCIA DA CTTU. S/V,3.0,1.0,0.0,0.0,0.0,0.0,0.0,0.0,0.0,0.0,0.0,Não informado,Não informado,Não informado,Não informado,Não informado,Não informado,Não informado,Não informado,60.0,Não informado,Não informado,Não informado,2020,6,22,0,20.0
2020-06-22,21:48:00,COM VÍTIMA,FINALIZADA,VÁRZEA,RUA DONA MARIA LACERDA,Não informado,NA RUA DA DELEGACIA DA VÁRZEA E 12º BATALHÃO,VÁRZEA,SUBURBIO,CHOQUE OBJETO FIXO,VT DA PM ACABOU SE CHOCANDO CONTRA O FITEIRO NA LOCALIDADE. SOLICITAM O APOIO DA CTTU NO LOCAL. S/V,1.0,1.0,0.0,0.0,0.0,0.0,0.0,1.0,1.0,2.0,0.0,Longo da via,Bom,Não existe,Perfeito estado,Seca,Perfeito estado,Não existe,Não há placas,60.0,Dupla,Faixa seccionada,Não informado,2020,6,22,0,21.0
2020-06-23,02:03:00,SEM VÍTIMA,FINALIZADA,MACAXEIRA,AV NORTE,Não informado,PROXIMO DO TERMINLA DA MACAXEIRA,MACAXEIRA,SUBURBIO,CHOQUE OBJETO FIXO,CONDUTOR PERDEU O CONTROLE DO VEICULO- SUBIU A CALÇADA- BATEU NUMA MURETA DE PROTEÇÃO E CAIU SOBRE UMA FÁBRICA DE BOLOS DE ROLO.,1.0,1.0,0.0,0.0,0.0,0.0,0.0,0.0,0.0,0.0,0.0,Outros,Bom,Não existe,Perfeito estado,Seca,Perfeito estado,Não existe,Não há placas,60.0,Única,Canteiro central,Não informado,2020,6,23,1,2.0
2020-06-23,08:10:00,COM VÍTIMA,FINALIZADA,BOA VIAGEM,AVENIDA CELSO FURTADO (VIA MANGUE),Não informado,SUBIDA DO VIADUTO DOM JOÃO VI,BOA VIAGEM,SUBURBIO,TOMBAMENTO,ACIDENTE DE PERCURSO/ CICLISTA CAIU NA VIA,1.0,1.0,0.0,1.0,0.0,0.0,0.0,0.0,0.0,1.0,0.0,Longo da via,Bom,Não existe,Perfeito estado,Seca,Perfeito estado,Não existe,R-19,60.0,Dupla,Canteiro central,Não informado,2020,6,23,1,8.0
2020-06-23,10:47:00,SEM VÍTIMA,FINALIZADA,ÁGUA FRIA,RUA SAO BENEDITO,AV BEBERIBE,EM FRENTE AO LAVA JATO,ÁGUA FRIA,Não informado,COLISÃO,VT 11 NO QTH  CAMINHAO E AUTO,1.0,1.0,0.0,0.0,0.0,0.0,1.0,0.0,0.0,0.0,0.0,Cruzamento,Bom,Sem defeito,Perfeito estado,Seca,Perfeito estado,Faixa de pedestre,Não há placas,60.0,Única,Não existe,Não informado,2020,6,23,1,10.0
2020-06-23,11:29:00,COM VÍTIMA,FINALIZADA,SANTO AMARO,AV JOAO DE BARROS,RUA DOM VITAL,Não informado,SANTO AMARO,CIDADE,ATROPELAMENTO,O VEÍCULO EVADIU-SE DO LOCAL,1.0,1.0,0.0,0.0,1.0,0.0,0.0,0.0,0.0,1.0,0.0,Longo da via,Bom,Sem defeito,Perfeito estado,Seca,Perfeito estado,Não informado,Não informado,60.0,Dupla,Faixa contínua,Não informado,2020,6,23,1,11.0
2020-06-23,12:57:00,SEM VÍTIMA,FINALIZADA,AFOGADOS,AV MARECHAL MASCARENHAS DE MORAES,Não informado,EM FRENTE A IGREJA BATISTA DO LARGO DA PAZ (SENT. CIDADE) / PONTE MOTOCOLOMBO,AFOGADOS,CIDADE,COLISÃO,COLISÃO S/VITIMAS ENTRE DOIS AUTOS,2.0,1.0,0.0,0.0,0.0,0.0,0.0,0.0,0.0,0.0,0.0,Longo da via,Bom,Não existe,Perfeito estado,Seca,Perfeito estado,Outros,R-6a,60.0,Dupla,Canteiro central,Não informado,2020,6,23,1,12.0
2020-06-23,14:37:00,SEM VÍTIMA,FINALIZADA,BOA VIAGEM,AV BOA VIAGEM,Não informado,E/F AO EDF. ENSEADA DA BARRA,BOA VIAGEM,Não informado,COLISÃO,COLISÃO S/VITIMAS ENTRE DOIS AUTOS,2.0,1.0,0.0,0.0,0.0,0.0,0.0,0.0,0.0,0.0,0.0,Longo da via,Bom,Sem defeito,Perfeito estado,Seca,Perfeito estado,Faixa de retenção,Outras,60.0,Única,Faixa seccionada,Não informado,2020,6,23,1,14.0
2020-06-23,17:49:00,SEM VÍTIMA,FINALIZADA,SAN MARTIN,AV ENGENHEIRO ABDIAS DE CARVALHO,Não informado,EM FRENTE A CHESF,SAN MARTIN,CIDADE,COLISÃO,COLISÃO ENTRE AUTO E MOTO S/V,1.0,1.0,0.0,0.0,0.0,0.0,0.0,0.0,0.0,0.0,0.0,Longo da via,Bom,Não existe,Perfeito estado,Seca,Perfeito estado,Não existe,Outras,60.0,Dupla,Canteiro central,Não informado,2020,6,23,1,17.0
2020-06-23,22:10:00,COM VÍTIMA,FINALIZADA,ARRUDA,RUA DO MACHADO,Não informado,E/F A PRACINHA (MARIA JOSE DOS SANTOS),ARRUDA,Não informado,COLISÃO COM CICLISTA,COLISAO COM VITIMAS,1.0,1.0,0.0,1.0,0.0,1.0,0.0,0.0,0.0,1.0,0.0,Longo da via,Bom,Não existe,Perfeito estado,Seca,Perfeito estado,Não existe,R-6a,60.0,Dupla,Faixa seccionada,Não informado,2020,6,23,1,22.0
2020-06-24,11:51:00,SEM VÍTIMA,FINALIZADA,TORRE,RUA JOAO TUDE DE MELO,Não informado,SENT. CARREFOUR- EM FRENTE AO POSTO DE GASOLINA PETROMEGA,TORRE,Não informado,COLISÃO,AMBULANCIA E AUTO,2.0,1.0,0.0,0.0,0.0,0.0,0.0,0.0,0.0,0.0,0.0,Longo da via,Bom,Sem defeito,Perfeito estado,Seca,Perfeito estado,Faixa de pedestre,Outras,60.0,Única,Faixa seccionada,Não informado,2020,6,24,2,11.0
2020-06-24,14:16:00,COM VÍTIMA,CANCELADA,ESTÂNCIA,AV RECIFE,Não informado,EM FRENTE AO MAKRO/ SENTIDO CAXANGA,ESTÂNCIA,Não informado,COLISÃO,COLISÃO COM VÍTIMA,1.0,1.0,0.0,0.0,0.0,0.0,0.0,0.0,0.0,1.0,0.0,Não informado,Não informado,Não informado,Não informado,Não informado,Não informado,Não informado,Não informado,60.0,Não informado,Não informado,Não informado,2020,6,24,2,14.0
2020-06-24,20:53:00,COM VÍTIMA,FINALIZADA,TEJIPIÓ,AV DR JOSE RUFINO,RUA MAJOR CHAGAS DE OLIVEIRA,POR CIMA DO VIADUTO DA BR NA CURVA SENTIDO AFOGADOS. SERRALHARIA GUEDES.,TEJIPIÓ,SUBURBIO,ABALROAMENTO LONGITUDINAL,FIAT PALIO X MOTO,1.0,1.0,0.0,0.0,0.0,0.0,0.0,0.0,0.0,1.0,0.0,Longo da via,Bom,Não existe,Incompleta,Seca,Mal iluminada,Não existe,Não há placas,60.0,Dupla,Faixa contínua,Não informado,2020,6,24,2,20.0
2020-06-24,21:25:00,COM VÍTIMA,FINALIZADA,NOVA DESCOBERTA,RUA NOVA DESCOBERTA,Não informado,E/F AO MADRUGADA BURGUER / PRÓX AO BAR DA RABADA,NOVA DESCOBERTA,Não informado,COLISÃO FRONTAL,ENTRE AUTO E MOTO. C/V,1.0,1.0,0.0,0.0,0.0,0.0,0.0,0.0,0.0,1.0,0.0,Longo da via,Bom,Não existe,Não existente,Seca,Perfeito estado,Não existe,Não há placas,60.0,Dupla,Não existe,Não informado,2020,6,24,2,21.0
2020-06-25,10:41:00,COM VÍTIMA,FINALIZADA,ILHA DO RETIRO,RUA SPORT CLUBE DO RECIFE,RUA PROFESSOR BENEDITO MONTEIRO,LADO OPOSTO AO ESTÁDIO ADELMAR DA COSTA CARVALHO.,ILHA DO RETIRO,SUBURBIO,ABALROAMENTO LONGITUDINAL,GM MATOS NO QTH - AUTO E MOTO COM VITIMA,1.0,1.0,0.0,0.0,0.0,0.0,0.0,0.0,0.0,1.0,0.0,Longo da via,Bom,Sem defeito,Perfeito estado,Seca,Perfeito estado,Outros,R-6a,60.0,Dupla,Canteiro central,Não informado,2020,6,25,3,10.0
2020-06-25,14:02:00,SEM VÍTIMA,FINALIZADA,BOA VIAGEM,RUA CAPITAO ZUZINHA,RUA VISCONDE DE JEQUITINHONHA,PROXIMO DA LOCALIZA,BOA VIAGEM,Não informado,COLISÃO,COLISÃO ENTRE DOIS AUTOS S/V,2.0,1.0,0.0,0.0,0.0,0.0,0.0,0.0,0.0,0.0,0.0,Longo da via,Bom,Sem defeito,Perfeito estado,Seca,Perfeito estado,Agente,R-6a,60.0,Única,Faixa contínua,Não informado,2020,6,25,3,14.0
2020-06-25,14:59:00,SEM VÍTIMA,FINALIZADA,BOA VIAGEM,RUA PADRE CARAPUCEIRO,AV CONSELHEIRO AGUIAR,SOB SEMAF 115,BOA VIAGEM,CIDADE,COLISÃO,COLISÃO ENTRE DUAS MOTOS S/V,1.0,2.0,0.0,0.0,0.0,0.0,0.0,0.0,0.0,0.0,0.0,Cruzamento,Bom,Sem defeito,Perfeito estado,Seca,Perfeito estado,Faixa de pedestre,Outras,60.0,Única,Faixa contínua,Não informado,2020,6,25,3,14.0
2020-06-25,17:46:00,SEM VÍTIMA,FINALIZADA,IMBIRIBEIRA,AV GENERAL MAC ARTHUR,AV MARECHAL MASCARENHAS DE MORAES,EM FRENTE AO Nº 100,IMBIRIBEIRA,CIDADE,COLISÃO,Não informado,1.0,1.0,0.0,0.0,0.0,0.0,0.0,1.0,0.0,0.0,0.0,Longo da via,Bom,Não existe,Perfeito estado,Seca,Perfeito estado,Não existe,R-4a,60.0,Única,Faixa seccionada,Não informado,2020,6,25,3,17.0
2020-06-25,22:29:00,COM VÍTIMA,FINALIZADA,TORRE,PRC PROFESSOR BARRETO CAMPELLO,Não informado,E/F A PRAÇA,TORRE,SUBURBIO,COLISÃO COM CICLISTA,COLISAO COM VITIMAS,1.0,1.0,0.0,1.0,0.0,0.0,0.0,0.0,0.0,1.0,0.0,Longo da via,Bom,Não existe,Perfeito estado,Seca,Perfeito estado,Não existe,R-6a,60.0,Única,Faixa seccionada,Não informado,2020,6,25,3,22.0
2020-06-26,07:10:00,COM VÍTIMA,FINALIZADA,BOA VIAGEM,RUA ERNESTO DE PAULA SANTOS,RUA AMALIA BERNARDINO DE SOUZA,POR TRAS DA FACULDADE UNINASSAU EM FRENTE AO POSTO DE GASOLINA PETROCAL NA DESCIDA DO VIADUTO TANCREDO NEVES,BOA VIAGEM,SUBURBIO,ABALROAMENTO TRANSVERSAL,AUTO E MOTO,1.0,1.0,0.0,0.0,0.0,0.0,0.0,0.0,0.0,1.0,0.0,Cruzamento,Bom,Não existe,Incompleta,Seca,Perfeito estado,Não existe,Não há placas,60.0,Única,Faixa contínua,Não informado,2020,6,26,4,7.0
2020-06-26,08:45:00,COM VÍTIMA,FINALIZADA,TORREÃO,AV NORTE,Não informado,EM FRENTE AKI BORRACHARIA / INÍCIO DO VIADUTO.,TORREÃO,CIDADE,ATROPELAMENTO ANIMAL,GM GILSON ALVES E THIEGO PONTO FIXO MOTO AO DESVIAR CHOCOU-SE NO ACOSTAMENTO DO VIADUTO,1.0,1.0,0.0,0.0,0.0,0.0,0.0,0.0,0.0,1.0,0.0,Longo da via,Bom,Não existe,Perfeito estado,Seca,Perfeito estado,Não existe,Não há placas,60.0,Não informado,Canteiro central,Não informado,2020,6,26,4,8.0
2020-06-26,12:13:00,COM VÍTIMA,CANCELADA,ARRUDA,RUA ZEFERINO AGRA,RUA DO MACHADO,EM FRENTE A IGREJA SANTO ANTONIO,ARRUDA,Não informado,COLISÃO,COLISÃO COM VÍTIMA,1.0,1.0,0.0,0.0,0.0,0.0,0.0,0.0,0.0,1.0,0.0,Não informado,Não informado,Não informado,Não informado,Não informado,Não informado,Não informado,Não informado,60.0,Não informado,Não informado,Não informado,2020,6,26,4,12.0
2020-06-26,12:56:00,COM VÍTIMA,FINALIZADA,IMBIRIBEIRA,AV MARECHAL MASCARENHAS DE MORAES,RUA ITACARE,NO SEMÁFORO 386/ SENTIDO AEROPORTO. LADO OPOSTO A FERREIRA COSTA.,IMBIRIBEIRA,SUBURBIO,ABALROAMENTO LONGITUDINAL,COLISÃO COM VÍTIMA,1.0,1.0,0.0,0.0,0.0,0.0,0.0,0.0,0.0,1.0,0.0,Cruzamento,Bom,Sem defeito,Perfeito estado,Seca,Perfeito estado,Faixa de pedestre,R-6a,60.0,Dupla,Canteiro central,Não informado,2020,6,26,4,12.0
2020-06-26,13:16:00,SEM VÍTIMA,FINALIZADA,PINA,AV BOA VIAGEM,Não informado,E/F AO POSTO BR,PINA,CIDADE,COLISÃO,COLISAO ENTRE TRES AUTOS S/V,2.0,1.0,0.0,0.0,0.0,0.0,0.0,0.0,0.0,0.0,0.0,Longo da via,Bom,Sem defeito,Perfeito estado,Seca,Perfeito estado,Faixa de pedestre,Não há placas,60.0,Única,Faixa seccionada,Não informado,2020,6,26,4,13.0
2020-06-26,14:43:00,SEM VÍTIMA,FINALIZADA,IPSEP,AV RECIFE,AV TAPAJOS,LADO OPOSTO DO POSTO BR VT 21 NO LOCAL,IPSEP,Não informado,COLISÃO,COLISAO ENTRE AUTO E UM CAMINHAO,1.0,1.0,0.0,0.0,0.0,0.0,1.0,0.0,0.0,0.0,0.0,Cruzamento,Chuvoso,Sem defeito,Perfeito estado,Outros,Perfeito estado,Faixa de pedestre,Não informado,60.0,Dupla,Faixa seccionada,Não informado,2020,6,26,4,14.0
2020-06-26,15:52:00,SEM VÍTIMA,FINALIZADA,SANTO AMARO,AV GOVERNADOR AGAMENON MAGALHAES,VDO INDEPENDENCIA,SOBRE O VIADUTO INDEPENDENCIA,SANTO AMARO,OLINDA,COLISÃO,Não informado,3.0,1.0,0.0,0.0,0.0,0.0,0.0,0.0,0.0,0.0,0.0,Viaduto,Bom,Não existe,Não existente,Seca,Perfeito estado,Não existe,Não há placas,60.0,Dupla,Faixa contínua,Não informado,2020,6,26,4,15.0
2020-06-26,17:44:00,COM VÍTIMA,FINALIZADA,ILHA DO RETIRO,AV ENGENHEIRO ABDIAS DE CARVALHO,EST DOS REMEDIOS,DROGASIL,ILHA DO RETIRO,SUBURBIO,ABALROAMENTO TRANSVERSAL,COLISÃO COM VITIMA,1.0,1.0,0.0,0.0,0.0,0.0,0.0,0.0,0.0,1.0,0.0,Cruzamento,Bom,Sem defeito,Perfeito estado,Seca,Perfeito estado,Agente,R-6a,60.0,Dupla,Canteiro central,Não informado,2020,6,26,4,17.0
2020-06-27,07:52:00,SEM VÍTIMA,FINALIZADA,SANTO AMARO,RUA DO POMBAL,RUA TREZE DE MAIO,EM FRENTE A BORRACHARIA DO MODESTO,SANTO AMARO,CIDADE,COLISÃO,SEM VITIMAS,2.0,1.0,0.0,0.0,0.0,0.0,0.0,0.0,0.0,0.0,0.0,Longo da via,Chuvoso,Não existe,Perfeito estado,Molhada,Perfeito estado,Faixa de retenção,Não há placas,40.0,Dupla,Faixa contínua,Não informado,2020,6,27,5,7.0
2020-06-27,16:37:00,COM VÍTIMA,FINALIZADA,IMBIRIBEIRA,AV MARECHAL MASCARENHAS DE MORAES,Não informado,EM FRENTE AO FÓRUM DES. NEVES FILHO- EM FRENTE A INFRAERO. LADO OPOSTO A JUSTIÇA FEDERAL.,IMBIRIBEIRA,SUBURBIO,ABALROAMENTO LONGITUDINAL,COLISAO ENTRE AUTO E MOTO,1.0,1.0,0.0,0.0,0.0,0.0,0.0,0.0,0.0,1.0,0.0,Longo da via,Bom,Não existe,Perfeito estado,Seca,Perfeito estado,Não existe,R-5a,60.0,Dupla,Faixa,Não informado,2020,6,27,5,16.0
2020-06-27,16:55:00,SEM VÍTIMA,CANCELADA,AFOGADOS,RUA DR ADELINO,Não informado,PROXIMO DO CLEGIO ARCA DE NOÉ- PROXIMO DO CENTRO ESPIRITA EMMANUEL,AFOGADOS,Não informado,COLISÃO,COLISÃO ENTRE DOIS AUTOS SEM VÍTIMAS- UMAS DAS PARTES APRESENTA SINTOMAS DE EMBRIAGUEZ,2.0,1.0,0.0,0.0,0.0,0.0,0.0,0.0,0.0,0.0,0.0,Não informado,Não informado,Não informado,Não informado,Não informado,Não informado,Não informado,Não informado,60.0,Não informado,Não informado,Não informado,2020,6,27,5,16.0
2020-06-27,17:23:00,SEM VÍTIMA,CANCELADA,JARDIM SÃO PAULO,RUA LEANDRO BARRETO,RUA LEOBINA PEREIRA,Não informado,JARDIM SÃO PAULO,Não informado,COLISÃO,COLISÃO 2 AUTOS,1.0,1.0,0.0,0.0,0.0,0.0,0.0,0.0,0.0,0.0,0.0,Não informado,Não informado,Não informado,Não informado,Não informado,Não informado,Não informado,Não informado,60.0,Não informado,Não informado,Não informado,2020,6,27,5,17.0
2020-06-27,18:31:00,COM VÍTIMA,FINALIZADA,NOVA DESCOBERTA,RUA NOVA DESCOBERTA,Não informado,PROX A ENTREADA DO CORREGO DO ARCANJO,NOVA DESCOBERTA,SUBURBIO,ATROPELAMENTO,COLISAO COM VITIMAS,1.0,1.0,0.0,0.0,1.0,0.0,0.0,0.0,0.0,1.0,0.0,Longo da via,Bom,Não informado,Não informado,Não informado,Não informado,Não existe,Não há placas,60.0,Dupla,Não existe,Não informado,2020,6,27,5,18.0
2020-06-28,07:35:00,COM VÍTIMA,FINALIZADA,ILHA DO RETIRO,AV JOSE GONCALVES DE MEDEIROS,Não informado,LADO OPOSTO A MC DONALD'S,ILHA DO RETIRO,CIDADE,ABALROAMENTO LONGITUDINAL,AUTO E MOTO.,1.0,1.0,0.0,0.0,0.0,0.0,0.0,0.0,0.0,2.0,0.0,Longo da via,Bom,Sem defeito,Perfeito estado,Seca,Perfeito estado,Não existe,Não há placas,50.0,Dupla,Faixa contínua,Não informado,2020,6,28,6,7.0
2020-06-28,15:09:00,COM VÍTIMA,FINALIZADA,NOVA DESCOBERTA,RUA NOVA DESCOBERTA,Não informado,PROX A BARRACA SANTA CRUZ E/F AO DEPOSITO DO PAULO BEBEBIDAS,NOVA DESCOBERTA,Não informado,COLISÃO FRONTAL,COLISAO ENTRE DUAS MOTOS COM VITIMAS,1.0,2.0,0.0,0.0,0.0,0.0,0.0,0.0,0.0,1.0,0.0,Longo da via,Chuvoso,Não existe,Perfeito estado,Molhada,Perfeito estado,Não informado,Outras,60.0,Dupla,Faixa seccionada,Não informado,2020,6,28,6,15.0
2020-06-28,16:34:00,COM VÍTIMA,FINALIZADA,TORRÕES,RUA CLARICE LISPECTOR,Não informado,PROXIMO A ESCOLA PINTOR LAURO VILARES,TORRÕES,SUBURBIO,ATROPELAMENTO,ATROPELAMENTO COM VÍTIMA/ VÍTIMA SOCORRIDA PELO SAMU,1.0,1.0,0.0,0.0,1.0,0.0,0.0,0.0,0.0,1.0,0.0,Longo da via,Chuvoso,Não existe,Não existente,Molhada,Perfeito estado,Não existe,Não há placas,60.0,Dupla,Não existe,Não informado,2020,6,28,6,16.0
2020-06-29,07:25:00,COM VÍTIMA,FINALIZADA,ESPINHEIRO,RUA CONS PORTELA,RUA QUARENTA E OITO,SOB O SEMÁFORO 011,ESPINHEIRO,CIDADE,ABALROAMENTO LONGITUDINAL,Não informado,1.0,1.0,0.0,0.0,0.0,0.0,0.0,0.0,0.0,1.0,0.0,Longo da via,Bom,Sem defeito,Perfeito estado,Seca,Perfeito estado,Agente,Não há placas,60.0,Única,Faixa contínua,Não informado,2020,6,29,0,7.0
2020-06-29,07:39:00,COM VÍTIMA,FINALIZADA,VÁRZEA,AV CAXANGA,AV AFONSO OLINDENSE,PROX AO TERMINAL INTEGRADO DA CAXANGÁ. SUPER CENTER CAXANGÁ.,VÁRZEA,CIDADE,ABALROAMENTO LONGITUDINAL,AUTO E MOTO,1.0,1.0,0.0,0.0,0.0,0.0,0.0,0.0,0.0,2.0,0.0,Longo da via,Chuvoso,Sem defeito,Incompleta,Molhada,Perfeito estado,Faixa de pedestre,R-6a,60.0,Única,Não existe,Não informado,2020,6,29,0,7.0
2020-06-29,10:37:00,COM VÍTIMA,FINALIZADA,SAN MARTIN,RUA COMENDADOR FRANCO FERREIRA,RUA DUARTE FILHO,AO LADO DA GALERIA JARDIM,SAN MARTIN,Não informado,ABALROAMENTO TRANSVERSAL,COLISÃO COM UMA VITIMA,1.0,1.0,0.0,0.0,0.0,0.0,0.0,0.0,0.0,1.0,0.0,Cruzamento,Bom,Não existe,Ilegível,Seca,Perfeito estado,Não existe,Placas Pare,60.0,Dupla,Não existe,Não informado,2020,6,29,0,10.0