data,hora,natureza_acidente,situacao,bairro,endereco,detalhe_endereco_acidente,complemento,bairro_cruzamento,sentido_via,tipo,descricao,auto,moto,ciclom,ciclista,pedestre,onibus,caminhao,viatura,outros,vitimas,vitimasfatais,acidente_verificado,tempo_clima,situacao_semaforo,sinalizacao,condicao_via,conservacao_via,ponto_controle,situacao_placa,velocidade_max_via,mao_direcao,divisao_via1,natureza,ano,mes,dia,dia_semana,hora_ocorrencia
2020-06-29,11:21:00,COM VÍTIMA,FINALIZADA,VÁRZEA,AV CAXANGA,Não informado,FINAL DA CAXANGA SENTIDO CAMARAGIBE PROX A UPA DA CAXANGA- SOBRE A PONTE DA CAXANGÁ.,VÁRZEA,SUBURBIO,COLISÃO TRASEIRA,CONDUTOR DA MOTO BATEU DA NA TRASEIRA DO CARRO,1.0,1.0,0.0,0.0,0.0,0.0,0.0,0.0,0.0,1.0,0.0,Ponte,Bom,Sem defeito,Perfeito estado,Seca,Perfeito estado,Não existe,Não há placas,60.0,Única,Faixa seccionada,Não informado,2020,6,29,0,11.0
2020-06-29,11:48:00,SEM VÍTIMA,FINALIZADA,IMBIRIBEIRA,RUA DEZ DE JULHO,AV VINTE DE JANEIRO,PROX A ESTACAO DO METRO AEROPORTO,IMBIRIBEIRA,CIDADE,COLISÃO,Não informado,1.0,1.0,0.0,0.0,0.0,1.0,0.0,0.0,0.0,0.0,0.0,Cruzamento,Bom,Sem defeito,Perfeito estado,Seca,Perfeito estado,Não informado,Não há placas,60.0,Única,Não informado,Não informado,2020,6,29,0,11.0
2020-06-29,15:46:00,SEM VÍTIMA,FINALIZADA,IPSEP,RUA SANTOS COSME E DAMIAO,Não informado,EM FRENTE AO N 31,IPSEP,Não informado,COLISÃO,COLISÃO ENTRE VEÍCULO E UMA CARROÇA,1.0,1.0,0.0,0.0,1.0,0.0,0.0,0.0,0.0,0.0,0.0,Longo da via,Bom,Não existe,Perfeito estado,Seca,Perfeito estado,Não existe,Outras,40.0,Única,Não existe,Não informado,2020,6,29,0,15.0
2020-06-29,18:31:00,COM VÍTIMA,FINALIZADA,IMBIRIBEIRA,AV SUL,Não informado,ÁREA INTERNA DO TERMINAL INTEGRADO TANCREDO NEVES.,IMBIRIBEIRA,SUBURBIO,ATROPELAMENTO,ÔNIBUS E PEDESTRE,1.0,1.0,0.0,0.0,1.0,1.0,0.0,0.0,0.0,1.0,0.0,Outros,Bom,Não existe,Não informado,Seca,Mal iluminada,Agente,Não há placas,20.0,Única,Faixa contínua,Não informado,2020,6,29,0,18.0
2020-06-30,12:14:00,COM VÍTIMA,FINALIZADA,PINA,AV ENGENHEIRO DOMINGOS FERREIRA,RUA TOME GIBSON,EM FRENTE A ESCOLA OSWALDO LIMA FILHO/ PISTA DA ESQUERDA,PINA,SUBURBIO,COLISÃO COM CICLISTA,COLISÃO COM VÍTMA ENTRE AUTO E BICICLETA.,1.0,1.0,0.0,1.0,0.0,0.0,0.0,0.0,0.0,1.0,0.0,Cruzamento,Bom,Sem defeito,Perfeito estado,Seca,Perfeito estado,Faixa de pedestre,Não informado,60.0,Única,Faixa contínua,Não informado,2020,6,30,1,12.0
2020-06-30,13:38:00,COM VÍTIMA,FINALIZADA,TAMARINEIRA,AV NORTE,RUA CONEGO BARATA,Não informado,TAMARINEIRA,Não informado,COLISÃO COM CICLISTA,APOIO AO ACIDENE COM VÍTIMA NA AV. NORTE,1.0,1.0,0.0,1.0,0.0,0.0,0.0,0.0,0.0,1.0,0.0,Cruzamento,Bom,Sem defeito,Perfeito estado,Seca,Perfeito estado,Agente,Outras,60.0,Dupla,Blocos,Não informado,2020,6,30,1,13.0
2020-06-30,19:50:00,SEM VÍTIMA,FINALIZADA,ENCRUZILHADA,AV BEBERIBE,RUA PEDRO ALVES,NO POSTO DE GASOLINA SHELL AO LADO DA FARMACIA DROGASIL,ENCRUZILHADA,Não informado,COLISÃO,COLISÃO MOTO X AUTO S/VITIMA OBS: SUSPEITA DE EMBRIAGUEZ,1.0,1.0,0.0,0.0,0.0,0.0,0.0,0.0,0.0,0.0,0.0,Cruzamento,Bom,Sem defeito,Perfeito estado,Seca,Perfeito estado,Faixa de retenção,R-6a,40.0,Dupla,Faixa contínua,Não informado,2020,6,30,1,19.0
2020-06-30,20:44:00,COM VÍTIMA,FINALIZADA,IMBIRIBEIRA,AV MARECHAL MASCARENHAS DE MORAES,Não informado,E/F A FACULDADE UNIVERSO- LADO OPOSTO A FIAT ITALIANA.,IMBIRIBEIRA,CIDADE,COLISÃO TRASEIRA,CONDUTOR APARENTEMENTE EMBRIAGADO- ACABOU SE CHOCANDO CONTRA DOIS VEÍCULOS. ENGAVETAMENTO HOUVE 2 VÍTIMAS AO TODO. CAB FRANKLIN SOLICITA A PRESENÇA DA CTTU NO LOCAL- PARA FAZER O PROCEDIMENTO DA OCORRÊNCIA.,3.0,1.0,0.0,0.0,0.0,0.0,0.0,0.0,0.0,2.0,0.0,Longo da via,Bom,Sem defeito,Perfeito estado,Seca,Perfeito estado,Faixa de pedestre,R-32,60.0,Dupla,Canteiro central,Não informado,2020,6,30,1,20.0
2020-07-01,01:58:00,COM VÍTIMA,FINALIZADA,CAXANGÁ,AV CAXANGA,Não informado,E/F AO TERMINAL DA CAXANGÁ - SENT. SUBURBIO,CAXANGÁ,SUBURBIO,COLISÃO TRASEIRA,AUTO E MOTO,1.0,1.0,0.0,0.0,0.0,0.0,0.0,0.0,0.0,1.0,0.0,Longo da via,Bom,Sem defeito,Perfeito estado,Seca,Perfeito estado,Não informado,Não há placas,40.0,Dupla,Canteiro central,Não informado,2020,7,1,2,1.0
2020-07-01,08:30:00,SEM VÍTIMA,FINALIZADA,CORDEIRO,RUA GREGORIO JUNIOR,Não informado,EM FRENTE A MG CHAVES,CORDEIRO,CIDADE,COLISÃO,DOIS AUTOS GM LEONARDO SUB BARRETO NO QTH,2.0,1.0,0.0,0.0,0.0,0.0,0.0,0.0,0.0,0.0,0.0,Longo da via,Bom,Não existe,Perfeito estado,Seca,Perfeito estado,Não existe,Não há placas,60.0,Única,Faixa seccionada,Não informado,2020,7,1,2,8.0
2020-07-01,11:22:00,COM VÍTIMA,FINALIZADA,SAN MARTIN,AV JOAO CABRAL DE MELO NETO,AV RECIFE,AO LADO DO LABORATORIO CERPE,SAN MARTIN,CIDADE,ABALROAMENTO LONGITUDINAL,COLISÃO ENTRE AUTO E MOTO COM UMA VITIMA-AGUARDANDO SAMU,1.0,1.0,0.0,0.0,0.0,0.0,0.0,0.0,0.0,1.0,0.0,Longo da via,Bom,Sem defeito,Perfeito estado,Seca,Perfeito estado,Faixa de pedestre,Outras,60.0,Única,Faixa,Não informado,2020,7,1,2,11.0
2020-07-01,11:42:00,COM VÍTIMA,FINALIZADA,VASCO DA GAMA,AV NORTE,Não informado,EM FRENTE A MATERNIDADE BARROS LIMA,VASCO DA GAMA,Não informado,ABALROAMENTO LONGITUDINAL,AUTO E MOTO COM UMA VITIMA/VT 07 DA CTTU NO LOCAL /INSP TOMÁS EDSON,1.0,1.0,0.0,0.0,0.0,0.0,0.0,0.0,0.0,1.0,0.0,Longo da via,Bom,Sem defeito,Perfeito estado,Seca,Perfeito estado,Não existe,Outras,60.0,Dupla,Faixa seccionada,Não informado,2020,7,1,2,11.0
2020-07-01,11:46:00,SEM VÍTIMA,CANCELADA,AFLITOS,AV CONS ROSA E SILVA,RUA EDGAR D'AMORIM,ESTACIONADOS NA HBIBES ES FRENTE AO BOMPREÇO,AFLITOS,Não informado,COLISÃO,AUTO E CAMINHAO,1.0,1.0,0.0,0.0,0.0,0.0,1.0,0.0,0.0,0.0,0.0,Não informado,Não informado,Não informado,Não informado,Não informado,Não informado,Não informado,Não informado,60.0,Não informado,Não informado,Não informado,2020,7,1,2,11.0
2020-07-01,11:50:00,COM VÍTIMA,FINALIZADA,IMBIRIBEIRA,AV MARECHAL MASCARENHAS DE MORAES,RUA MANOEL SERAFIM DO COUTO,EM FRENTE A FLOR E ARTE,IMBIRIBEIRA,CIDADE,ABALROAMENTO TRANSVERSAL,AUTO E MOTO.,1.0,1.0,0.0,0.0,0.0,0.0,0.0,0.0,0.0,1.0,0.0,Longo da via,Bom,Não existe,Perfeito estado,Seca,Perfeito estado,Não existe,Não há placas,60.0,Dupla,Canteiro central,Não informado,2020,7,1,2,11.0
2020-07-01,12:42:00,SEM VÍTIMA,FINALIZADA,ALTO JOSÉ DO PINHO,RUA VALERIANO LOBO,Não informado,AO LADO PADARIA ANDREA,ALTO JOSÉ DO PINHO,SUBURBIO,COLISÃO,COLISÃO ENTRE DOIS AUTOS S/V,2.0,1.0,0.0,0.0,0.0,0.0,0.0,0.0,0.0,0.0,0.0,Longo da via,Bom,Não existe,Perfeito estado,Seca,Perfeito estado,Não existe,R-6a,60.0,Única,Não existe,Não informado,2020,7,1,2,12.0
2020-07-01,16:51:00,COM VÍTIMA,FINALIZADA,AREIAS,RUA JOSE NATARIO,AV DR JOSE RUFINO,AO LADO DA DROGASIL,AREIAS,Não informado,ABALROAMENTO TRANSVERSAL,COLISÃO C/VITIMAS ENTRE DOIS AUTOS,2.0,1.0,0.0,0.0,0.0,0.0,0.0,0.0,0.0,1.0,0.0,Cruzamento,Bom,Sem defeito,Perfeito estado,Seca,Perfeito estado,Faixa de pedestre,Outras,30.0,Dupla,Faixa contínua,Não informado,2020,7,1,2,16.0
2020-07-01,17:43:00,SEM VÍTIMA,FINALIZADA,ÁGUA FRIA,AV BEBERIBE,Não informado,AUTO ESCOLA PILOTO,ÁGUA FRIA,SUBURBIO,COLISÃO,COLISAO S/VITIMAS,1.0,1.0,0.0,0.0,0.0,1.0,0.0,0.0,0.0,0.0,0.0,Longo da via,Bom,Não existe,Perfeito estado,Seca,Perfeito estado,Agente,Não há placas,60.0,Dupla,Faixa contínua,Não informado,2020,7,1,2,17.0
2020-07-01,17:48:00,SEM VÍTIMA,CANCELADA,CASA AMARELA,AV NORTE,Não informado,E/F A MATERNIDADE BARROS LIMA,CASA AMARELA,Não informado,COLISÃO,COLISAO S/VITIMAS,1.0,1.0,0.0,0.0,0.0,0.0,0.0,0.0,0.0,0.0,0.0,Não informado,Não informado,Não informado,Não informado,Não informado,Não informado,Não informado,Não informado,60.0,Não informado,Não informado,Não informado,2020,7,1,2,17.0
2020-07-02,08:57:00,COM VÍTIMA,FINALIZADA,IPSEP,AV RECIFE,AV RAIMUNDO DINIZ,EM FRENTE A LOJA JJK AUTOS,IPSEP,CIDADE,ABALROAMENTO TRANSVERSAL,COLISÃO ENTRE AUTO E MOTO COM VÍTIMA,1.0,1.0,0.0,0.0,0.0,0.0,0.0,0.0,0.0,2.0,0.0,Esquina,Bom,Desligado,Perfeito estado,Seca,Perfeito estado,Faixa de pedestre,Outras,60.0,Única,Faixa seccionada,Não informado,2020,7,2,3,8.0
2020-07-02,09:48:00,COM VÍTIMA,FINALIZADA,ESTÂNCIA,AV DR JOSE RUFINO,Não informado,EM FRENTE A JR MOTOS,ESTÂNCIA,SUBURBIO,COLISÃO FRONTAL,COLISÃO ENTRE AUTO E MOTOCICLETA COM 1 VÍTIMA,1.0,1.0,0.0,0.0,0.0,0.0,0.0,0.0,0.0,1.0,0.0,Longo da via,Bom,Sem defeito,Perfeito estado,Seca,Perfeito estado,Faixa de pedestre,Não informado,60.0,Dupla,Faixa contínua,Não informado,2020,7,2,3,9.0
2020-07-02,10:09:00,SEM VÍTIMA,FINALIZADA,CABANGA,AV CAXANGA,Não informado,PROX A UPA DA CAXANGA,CABANGA,Não informado,COLISÃO,COLISÃO SEM VITIMAS GM GIULIERMES  QTH,1.0,1.0,0.0,0.0,0.0,1.0,0.0,0.0,0.0,0.0,0.0,Ponte,Bom,Sem defeito,Perfeito estado,Seca,Perfeito estado,Faixa de retenção,R-6a,60.0,Única,Faixa seccionada,Não informado,2020,7,2,3,10.0
2020-07-02,11:27:00,COM VÍTIMA,FINALIZADA,MADALENA,RUA BENFICA,RUA ARLINDO GOUVEIA,EM FRENTE AO INTERNACIONAL,MADALENA,CIDADE,COLISÃO COM CICLISTA,AUTO E CICLISTA PONTO FIXO GM´S VALDILENE E BANDEIRA,1.0,1.0,0.0,1.0,0.0,0.0,0.0,0.0,0.0,1.0,0.0,Longo da via,Bom,Sem defeito,Perfeito estado,Seca,Perfeito estado,Faixa de pedestre,Não informado,30.0,Única,Não informado,Não informado,2020,7,2,3,11.0
2020-07-02,13:39:00,COM VÍTIMA,FINALIZADA,ENCRUZILHADA,AV BEBERIBE,RUA PROFESSOR OTAVIO DE FREITAS,PROX AO BANCO DO BRASIL,ENCRUZILHADA,CIDADE,ABALROAMENTO LONGITUDINAL,COLISAO ENTRE DOIS AUTOS,2.0,1.0,0.0,0.0,0.0,0.0,0.0,0.0,0.0,1.0,0.0,Longo da via,Bom,Sem defeito,Perfeito estado,Seca,Perfeito estado,Não existe,Não há placas,60.0,Dupla,Faixa contínua,Não informado,2020,7,2,3,13.0
2020-07-02,14:52:00,COM VÍTIMA,FINALIZADA,TEJIPIÓ,AV LIBERDADE,Não informado,E/F AO PRESIDIO ANIBAL BRUNO,TEJIPIÓ,CIDADE,ABALROAMENTO TRANSVERSAL,COLISAO ENTRE DUAS MOTO COM UMA VITIMA A OUTRA PARTE SE EVADIU DO LOCAL,1.0,2.0,0.0,0.0,0.0,0.0,0.0,0.0,0.0,1.0,0.0,Longo da via,Bom,Não existe,Perfeito estado,Seca,Perfeito estado,Não existe,Não há placas,60.0,Dupla,Faixa contínua,Não informado,2020,7,2,3,14.0
2020-07-02,16:17:00,SEM VÍTIMA,CANCELADA,BOA VISTA,RUA DOM BOSCO,Não informado,AO LADO DA EMLURB  GM VIEIRA NUNES E MICHAEL NO LOCAL,BOA VISTA,Não informado,COLISÃO,COLISAO ENTRE ONIBUS E AUTO S/V,1.0,1.0,0.0,0.0,0.0,1.0,0.0,0.0,0.0,0.0,0.0,Não informado,Não informado,Não informado,Não informado,Não informado,Não informado,Não informado,Não informado,60.0,Não informado,Não informado,Não informado,2020,7,2,3,16.0
2020-07-02,21:11:00,COM VÍTIMA,CANCELADA,CORDEIRO,RUA DR MIGUEL VIEIRA FERREIRA,RUA CLAUDIO BROTHERHOOD,PROX AV INACIO MONTEIRO / DEPOSITO DE BEBIDAS (BETO BEBIDAS ),CORDEIRO,Não informado,COLISÃO,MOTO X WRV,1.0,1.0,0.0,0.0,0.0,0.0,0.0,0.0,0.0,2.0,0.0,Não informado,Não informado,Não informado,Não informado,Não informado,Não informado,Não informado,Não informado,60.0,Não informado,Não informado,Não informado,2020,7,2,3,21.0
2020-07-03,07:43:00,SEM VÍTIMA,FINALIZADA,BONGI,AV ENGENHEIRO ABDIAS DE CARVALHO,AV GENERAL SAN MARTIN,FUNASE/COMPAZ,BONGI,SUBURBIO,ABALROAMENTO LONGITUDINAL,SEM VITIMAS /CTTU NO LOCAL-GM ELVAS/GM BARROS,1.0,1.0,0.0,0.0,0.0,0.0,1.0,0.0,0.0,0.0,0.0,Longo da via,Chuvoso,Sem defeito,Perfeito estado,Molhada,Perfeito estado,Agente,R-6a,60.0,Única,Faixa seccionada,Não informado,2020,7,3,4,7.0
2020-07-03,08:20:00,SEM VÍTIMA,FINALIZADA,IMBIRIBEIRA,AV MARECHAL MASCARENHAS DE MORAES,Não informado,LADO OPOSTO AO NÚCLEO DE AVIAÇÃO CIVIL DE RECIFE,IMBIRIBEIRA,Não informado,CHOQUE OBJETO FIXO,Não informado,1.0,1.0,0.0,0.0,0.0,0.0,0.0,0.0,0.0,0.0,0.0,Não informado,Chuvoso,Sem defeito,Perfeito estado,Molhada,Perfeito estado,Não existe,Não há placas,60.0,Única,Faixa seccionada,Não informado,2020,7,3,4,8.0
2020-07-03,08:42:00,COM VÍTIMA,FINALIZADA,SÃO JOSÉ,C SANTA RITA,Não informado,EM FRENTE A GRANDE RECIFE,SÃO JOSÉ,SUBURBIO,TOMBAMENTO,Não informado,1.0,1.0,0.0,0.0,0.0,0.0,0.0,0.0,0.0,1.0,0.0,Longo da via,Chuvoso,Não existe,Perfeito estado,Molhada,Perfeito estado,Outros,Outras,60.0,Dupla,Canteiro central,Não informado,2020,7,3,4,8.0
2020-07-03,08:44:00,COM VÍTIMA,FINALIZADA,ARRUDA,AV BEBERIBE,AV PROFESSOR JOSE DOS ANJOS,EM FRENTE AO POSTO BR,ARRUDA,CIDADE,ABALROAMENTO TRANSVERSAL,AUTO E MOTO,1.0,1.0,0.0,0.0,0.0,0.0,0.0,0.0,0.0,1.0,0.0,Longo da via,Bom,Sem defeito,Perfeito estado,Seca,Perfeito estado,Não existe,R-6a,60.0,Dupla,Faixa seccionada,Não informado,2020,7,3,4,8.0
2020-07-03,09:12:00,COM VÍTIMA,FINALIZADA,SÃO JOSÉ,PRC SERGIO LORETO,AV SUL,EM FRENTE A PRAÇA SERGIO LORETO,SÃO JOSÉ,CIDADE,COLISÃO TRASEIRA,MOTO E AUTO,1.0,1.0,0.0,0.0,0.0,0.0,0.0,0.0,0.0,1.0,0.0,Longo da via,Bom,Sem defeito,Perfeito estado,Seca,Perfeito estado,Não informado,Não informado,60.0,Única,Faixa contínua,Não informado,2020,7,3,4,9.0
2020-07-03,14:03:00,SEM VÍTIMA,FINALIZADA,PAISSANDU,AV GOVERNADOR AGAMENON MAGALHAES,Não informado,HOSPITAL REAL PORTUGUÊS,PAISSANDU,SUBURBIO,COLISÃO TRASEIRA,COLISÃO S/VITIMAS ENTRE UMA AUTO E UMA MOTO (V.T. 29 NO QTH),1.0,1.0,0.0,0.0,0.0,0.0,0.0,0.0,0.0,0.0,0.0,Longo da via,Bom,Sem defeito,Perfeito estado,Seca,Perfeito estado,Não existe,Não há placas,60.0,Única,Faixa seccionada,Não informado,2020,7,3,4,14.0
2020-07-03,17:43:00,COM VÍTIMA,EQUIPE NO LOCAL,SANTO AMARO,AV GOVERNADOR AGAMENON MAGALHAES,Não informado,DEIBAIXO DO VIADUTO ENGENHEIRO ROBERTO PEREIRA CARVALHO - SENTIDO RECIFE,SANTO AMARO,CIDADE,ABALROAMENTO TRANSVERSAL,COLISÃO E CAPOTAMENTO COM UMA VÍTIMA,2.0,1.0,0.0,0.0,0.0,0.0,0.0,0.0,0.0,1.0,0.0,Longo da via,Bom,Não existe,Perfeito estado,Seca,Perfeito estado,Outros,Não há placas,60.0,Única,Outros,Não informado,2020,7,3,4,17.0
2020-07-03,18:51:00,COM VÍTIMA,FINALIZADA,TORREÃO,AV NORTE,Não informado,EM FRENTE A CHEVROLLET PEDRAGON,TORREÃO,CIDADE,ABALROAMENTO LONGITUDINAL,C/VITIMAS GM LUIZ HENRIQUE E ALLYSON NO QTH,1.0,1.0,0.0,0.0,0.0,0.0,0.0,0.0,0.0,1.0,0.0,Longo da via,Bom,Sem defeito,Perfeito estado,Seca,Perfeito estado,Agente,Não há placas,60.0,Dupla,Canteiro central,Não informado,2020,7,3,4,18.0
2020-07-03,21:43:00,COM VÍTIMA,FINALIZADA,GRAÇAS,RUA ALBERTO PAIVA,RUA ANTONIO NOVAIS,EM FRENTE MINDS ESCOLA DE INGLES,GRAÇAS,Não informado,ABALROAMENTO TRANSVERSAL,AUTO E MOTO,1.0,1.0,0.0,0.0,0.0,0.0,0.0,0.0,0.0,1.0,0.0,Cruzamento,Bom,Sem defeito,Perfeito estado,Seca,Perfeito estado,Não existe,Não há placas,60.0,Única,Não informado,Não informado,2020,7,3,4,21.0
2020-07-04,13:27:00,COM VÍTIMA,FINALIZADA,BOA VIAGEM,AV ENGENHEIRO DOMINGOS FERREIRA,RUA PROFESSOR JOSE BRANDAO,E/F A FARMACIA INDEPENDENTE,BOA VIAGEM,SUBURBIO,ABALROAMENTO TRANSVERSAL,COLISAO ENTRE AUTO E MOTO COM UMA VITIMA,1.0,1.0,0.0,0.0,0.0,0.0,0.0,0.0,0.0,1.0,0.0,Cruzamento,Bom,Sem defeito,Perfeito estado,Seca,Perfeito estado,Faixa de pedestre,Outras,60.0,Única,Faixa seccionada,Não informado,2020,7,4,5,13.0
2020-07-04,18:14:00,SEM VÍTIMA,FINALIZADA,SANTO AMARO,RUA DO POMBAL,Não informado,E/F A ESCOLA ANIBAL FERNANDES,SANTO AMARO,SUBURBIO,CHOQUE OBJETO FIXO,CAMINHÃO CHOCOU-SE CONTRA A ÁRVORE NA LOCALIDADE- CAUSANDO A QUEDA DA MESMA NA VIA. S/V,1.0,1.0,0.0,0.0,0.0,0.0,1.0,0.0,0.0,0.0,0.0,Longo da via,Bom,Não existe,Perfeito estado,Seca,Perfeito estado,Não existe,Não há placas,60.0,Dupla,Faixa seccionada,Não informado,2020,7,4,5,18.0
2020-07-04,19:18:00,COM VÍTIMA,FINALIZADA,SANTO AMARO,AV GOVERNADOR AGAMENON MAGALHAES,Não informado,AO LADO DO POSTO DESLURBE SENTIDO OLINDA VIA PRINCIPAL ANTES DO CAMPO DO 11. PARADA DE ÔNIBUS Nº 180191.,SANTO AMARO,OLINDA,COLISÃO TRASEIRA,CLIO X MOTO,1.0,1.0,0.0,0.0,0.0,0.0,0.0,0.0,0.0,1.0,0.0,Longo da via,Bom,Não existe,Perfeito estado,Seca,Perfeito estado,Não existe,Não há placas,60.0,Dupla,Canteiro central,Não informado,2020,7,4,5,19.0
2020-07-04,19:25:00,SEM VÍTIMA,CANCELADA,ARRUDA,RUA ALEGRE,Não informado,E/F AO MERCADÃO DO ÓLEO,ARRUDA,Não informado,COLISÃO,COLISÃO ENTRE 2 AUTOS. UM DOS CONDUTORES APRESENTA SINAIS DE EMBRIAGUEZ. S/V,2.0,1.0,0.0,0.0,0.0,0.0,0.0,0.0,0.0,0.0,0.0,Não informado,Não informado,Não informado,Não informado,Não informado,Não informado,Não informado,Não informado,60.0,Não informado,Não informado,Não informado,2020,7,4,5,19.0
2020-07-05,05:36:00,SEM VÍTIMA,FINALIZADA,IMBIRIBEIRA,RUA ARQUITETO LUIZ NUNES,Não informado,Não informado,IMBIRIBEIRA,SUBURBIO,CHOQUE VEÍCULO PARADO,COLISÃO ENTRE 2 AUTOS. UM DOS CONDUTORES APRESENTA SINAIS DE EMBRIAGUEZ. S/V,2.0,1.0,0.0,0.0,0.0,0.0,0.0,0.0,0.0,0.0,0.0,Longo da via,Bom,Não existe,Perfeito estado,Seca,Perfeito estado,Não existe,Não informado,40.0,Dupla,Faixa contínua,Não informado,2020,7,5,6,5.0
2020-07-05,06:45:00,SEM VÍTIMA,FINALIZADA,SÃO JOSÉ,C SANTA RITA,Não informado,EM FRENTE AS TORRES GEMÊAS,SÃO JOSÉ,SUBURBIO,CHOQUE OBJETO FIXO,VEICULO CHOCOU-SE CONTRA UM POSTE DE ILUMINAÇÃO,1.0,1.0,0.0,0.0,0.0,0.0,0.0,0.0,0.0,0.0,0.0,Longo da via,Chuvoso,Não existe,Perfeito estado,Molhada,Perfeito estado,Não existe,Não há placas,60.0,Dupla,Canteiro central,Não informado,2020,7,5,6,6.0
2020-07-05,07:17:00,COM VÍTIMA,FINALIZADA,CASA AMARELA,AV NORTE,Não informado,LADO OPOSTO A POLICLÍNICA PROFESSOR BARROS LIMA,CASA AMARELA,SUBURBIO,COLISÃO TRASEIRA,MOTO E ÔNIBUS.,1.0,1.0,0.0,0.0,0.0,1.0,0.0,0.0,0.0,1.0,0.0,Longo da via,Chuvoso,Intermitente,Perfeito estado,Molhada,Perfeito estado,Faixa de pedestre,R-6a,60.0,Dupla,Canteiro central,Não informado,2020,7,5,6,7.0
2020-07-05,23:04:00,COM VÍTIMA,FINALIZADA,MADALENA,RUA DOM MANOEL DA COSTA,RUA PIO IX,APOS O BAR DO AJENOR,MADALENA,CIDADE,ABALROAMENTO TRANSVERSAL,AUTO E MOTO,1.0,1.0,0.0,0.0,0.0,0.0,0.0,0.0,0.0,2.0,0.0,Cruzamento,Chuvoso,Não existe,Incompleta,Molhada,Perfeito estado,Não existe,Não há placas,60.0,Única,Faixa seccionada,Não informado,2020,7,5,6,23.0
2020-07-05,23:05:00,SEM VÍTIMA,FINALIZADA,LINHA DO TIRO,RUA URIEL DE HOLANDA,Não informado,EM FRENTE AO Nº 613 E Nº 619,LINHA DO TIRO,SUBURBIO,CHOQUE VEÍCULO PARADO,S/VITIMAS CONDUTOR EMBRIAGADO,2.0,1.0,0.0,0.0,0.0,0.0,0.0,0.0,0.0,0.0,0.0,Longo da via,Bom,Não existe,Perfeito estado,Seca,Perfeito estado,Não existe,Não há placas,60.0,Dupla,Faixa seccionada,Não informado,2020,7,5,6,23.0
2020-07-06,07:18:00,COM VÍTIMA,FINALIZADA,BOA VISTA,RUA PRINCESA IZABEL,RUA DA UNIAO,PRÓXIMO A DELEGACIA DE CRIMES CIBERNÉTICOS,BOA VISTA,CIDADE,COLISÃO TRASEIRA,AUTO E MOTO,1.0,1.0,0.0,0.0,0.0,0.0,0.0,0.0,0.0,1.0,0.0,Longo da via,Chuvoso,Sem defeito,Perfeito estado,Molhada,Perfeito estado,Faixa de pedestre,Não há placas,40.0,Única,Faixa contínua,Não informado,2020,7,6,0,7.0
2020-07-06,09:28:00,SEM VÍTIMA,FINALIZADA,IMBIRIBEIRA,AV GENERAL MAC ARTHUR,Não informado,EM FRENTE A GIOVANNI SONDA MOVEIS DESIGN,IMBIRIBEIRA,Não informado,COLISÃO,AUTO E VT-PM,1.0,1.0,0.0,0.0,0.0,0.0,0.0,1.0,0.0,0.0,0.0,Longo da via,Bom,Sem defeito,Perfeito estado,Seca,Perfeito estado,Faixa de pedestre,R-6a,40.0,Única,Faixa seccionada,Não informado,2020,7,6,0,9.0
2020-07-06,11:04:00,COM VÍTIMA,FINALIZADA,IBURA,AV DOIS RIOS,RUA RIO XINGU,Não informado,IBURA,SUBURBIO,ABALROAMENTO TRANSVERSAL,COLISÃO COM VÍTIMA AUTO E MOTO,1.0,1.0,0.0,0.0,0.0,0.0,0.0,0.0,0.0,1.0,0.0,Cruzamento,Bom,Sem defeito,Perfeito estado,Seca,Perfeito estado,Faixa de pedestre,Não há placas,60.0,Dupla,Faixa contínua,Não informado,2020,7,6,0,11.0
2020-07-06,15:39:00,COM VÍTIMA,FINALIZADA,IPUTINGA,AV CAXANGA,AV LUIZ DE LACERDA,E/F A CHEVROLET AO LADO DA FORD GRANVIA S/T CAMARAGIBE,IPUTINGA,SUBURBIO,ABALROAMENTO TRANSVERSAL,COLISAO ENTRE DUAS MOTOS COM UMA VITIMA VT 29 NO LOCAL,1.0,2.0,0.0,0.0,0.0,0.0,0.0,0.0,0.0,2.0,0.0,Longo da via,Bom,Não informado,Perfeito estado,Seca,Perfeito estado,Não informado,Não informado,60.0,Única,Não informado,Não informado,2020,7,6,0,15.0
2020-07-06,15:56:00,COM VÍTIMA,FINALIZADA,JARDIM SÃO PAULO,RUA GUARULHOS,RUA BRAGANCA,PROX AO VIADUTO DE JARDIM SAO PAULO NA RUA DA IGREJA PAULO HORTENCIO. POSTE B072999.,JARDIM SÃO PAULO,BR 101,ABALROAMENTO TRANSVERSAL,COLISAO ENTRE DOIS AUTO COM UMA VITIMA,2.0,1.0,0.0,0.0,0.0,0.0,0.0,0.0,0.0,1.0,0.0,Cruzamento,Bom,Não existe,Não existente,Seca,Perfeito estado,Não existe,Não há placas,60.0,Dupla,Não existe,Não informado,2020,7,6,0,15.0
2020-07-06,16:19:00,COM VÍTIMA,CANCELADA,PORTO DA MADEIRA,AV CIDADE DE MONTEIRO,Não informado,E/F AO CONJUNTO RESIDENCIAL JOÃO PAULO II AO LADO DO ARMAZEM CORAL,PORTO DA MADEIRA,Não informado,COLISÃO,COLISAO ENTRE MOTO E AUTO COM UMA VITIMA,1.0,1.0,0.0,0.0,0.0,0.0,0.0,0.0,0.0,1.0,0.0,Não informado,Não informado,Não informado,Não informado,Não informado,Não informado,Não informado,Não informado,60.0,Não informado,Não informado,Não informado,2020,7,6,0,16.0
2020-07-06,17:10:00,COM VÍTIMA,FINALIZADA,MANGABEIRA,AV PROFESSOR JOSE DOS ANJOS,EST VELHA DE AGUA FRIA,Não informado,MANGABEIRA,SUBURBIO,CHOQUE VEÍCULO PARADO,COM VÍTIMA,1.0,1.0,0.0,0.0,0.0,0.0,1.0,0.0,0.0,1.0,0.0,Longo da via,Bom,Sem defeito,Perfeito estado,Seca,Perfeito estado,Não existe,R-6a,40.0,Dupla,Canteiro central,Não informado,2020,7,6,0,17.0
2020-07-06,17:27:00,COM VÍTIMA,FINALIZADA,BOA VIAGEM,RUA VISCONDE DE JEQUITINHONHA,RUA CAPITAO ZUZINHA,NO SEMAFORO 433 GM JORGE ANDERSON E MARCIA NO LOCAL. PISTA LOCAL.,BOA VIAGEM,SUBURBIO,ABALROAMENTO LONGITUDINAL,COLISAO ENTRE AUTO E MOTO COM UMA VITIMA,1.0,1.0,0.0,0.0,0.0,0.0,0.0,0.0,0.0,1.0,0.0,Cruzamento,Bom,Sem defeito,Perfeito estado,Seca,Perfeito estado,Faixa de pedestre,R-4a,60.0,Única,Canteiro central,Não informado,2020,7,6,0,17.0