data,hora,natureza_acidente,situacao,bairro,endereco,detalhe_endereco_acidente,complemento,bairro_cruzamento,sentido_via,tipo,descricao,auto,moto,ciclom,ciclista,pedestre,onibus,caminhao,viatura,outros,vitimas,vitimasfatais,acidente_verificado,tempo_clima,situacao_semaforo,sinalizacao,condicao_via,conservacao_via,ponto_controle,situacao_placa,velocidade_max_via,mao_direcao,divisao_via1,natureza,ano,mes,dia,dia_semana,hora_ocorrencia
2020-07-06,19:09:00,COM VÍTIMA,CANCELADA,BOA VIAGEM,RUA PADRE CARAPUCEIRO,Não informado,NA SAIDA 08 DO SHOPPING RECIFE,BOA VIAGEM,Não informado,COLISÃO,DUAS MOSTOS ( 2 FAN 150),1.0,2.0,0.0,0.0,0.0,0.0,0.0,0.0,0.0,1.0,0.0,Não informado,Não informado,Não informado,Não informado,Não informado,Não informado,Não informado,Não informado,60.0,Não informado,Não informado,Não informado,2020,7,6,0,19.0
2020-07-06,21:15:00,COM VÍTIMA,FINALIZADA,BEBERIBE,AV BEBERIBE,Não informado,PROX AO MERCADO DE AGUA FRIA. LOJÃO DOS PRESENTES.,BEBERIBE,CIDADE,COLISÃO FRONTAL,MOTO X VT DA POLICA MILITAR,1.0,1.0,0.0,0.0,0.0,0.0,0.0,1.0,0.0,1.0,0.0,Longo da via,Chuvoso,Sem defeito,Perfeito estado,Molhada,Perfeito estado,Não existe,Outras,60.0,Dupla,Faixa contínua,Não informado,2020,7,6,0,21.0
2020-07-07,07:11:00,COM VÍTIMA,FINALIZADA,DOIS UNIDOS,RUA VARZEA DO GILO,RUA VISCONDE DE GARRETT,PROX A VILA MIGUEL ARRAIS,DOIS UNIDOS,SUBURBIO,TOMBAMENTO,CONDUTOR DA BICICLETA TOMBOU E CAIU,1.0,1.0,0.0,1.0,0.0,0.0,0.0,0.0,0.0,1.0,0.0,Não informado,Não informado,Não informado,Não informado,Não informado,Não informado,Não informado,Não informado,60.0,Não informado,Não informado,Não informado,2020,7,7,1,7.0
2020-07-07,07:43:00,COM VÍTIMA,FINALIZADA,SANTO AMARO,AV GOVERNADOR AGAMENON MAGALHAES,Não informado,EM FRENTE A CONCEISIONARA DA JEEP- NA SUBIDA DO VIADUTO DE JOÃO DE BARROS,SANTO AMARO,CIDADE,ABALROAMENTO LONGITUDINAL,AUTOMOVEL NA TROCA DE FAIXA O CONDUTOR DA MOTO BATEU NO RETROVISOR DO CARRO TOMBOU CAIU,1.0,1.0,0.0,0.0,0.0,0.0,0.0,0.0,0.0,1.0,0.0,Longo da via,Bom,Não existe,Perfeito estado,Seca,Perfeito estado,Não existe,Não há placas,60.0,Dupla,Canteiro central,Não informado,2020,7,7,1,7.0
2020-07-07,09:11:00,SEM VÍTIMA,EQUIPE EM DESLOCAMENTO,BONGI,AV ENGENHEIRO ABDIAS DE CARVALHO,Não informado,EM FRENTE FUNASE PROX AO SEMAFORO 058,BONGI,SUBURBIO,ENGAVETAMENTO,AUTOMOVEL DO USUARIO PARADO ESPERANDO SEMAFORO- VEIO CARRO ATRAS E COLIDIU COM A TRASEIRA EMPURRANDO O CARRO E COLIDINDO COM O DA FRENTE (USUARIA INFORMA QUE TEM AGENTE NO LOCAL CARLOS REGO BARROS),3.0,1.0,0.0,0.0,0.0,0.0,0.0,0.0,0.0,0.0,0.0,Não informado,Não informado,Não informado,Não informado,Não informado,Não informado,Não informado,Não informado,60.0,Não informado,Não informado,Não informado,2020,7,7,1,9.0
2020-07-07,09:23:00,SEM VÍTIMA,FINALIZADA,BONGI,AV ENGENHEIRO ABDIAS DE CARVALHO,AV GENERAL SAN MARTIN,FUNASE,BONGI,Não informado,COLISÃO TRASEIRA,AUTOMOVEL DO USUARIO PARADO ESPERANDO SEMAFORO- VEIO CARRO ATRAS E COLIDIU COM A TRASEIRA EMPURRANDO O CARRO E COLIDINDO COM O DA FRENTE (USUARIA INFORMA QUE TEM AGENTE NO LOCAL CARLOS REGO BARROS),3.0,1.0,0.0,0.0,0.0,0.0,0.0,0.0,0.0,0.0,0.0,Longo da via,Bom,Sem defeito,Perfeito estado,Seca,Perfeito estado,Agente,R-6a,60.0,Única,Faixa seccionada,Não informado,2020,7,7,1,9.0
2020-07-07,10:15:00,COM VÍTIMA,FINALIZADA,ÁGUA FRIA,RUA LADEIRA DE PEDRA,Não informado,SUBIDA DO ALTO PASQUAL,ÁGUA FRIA,CIDADE,COLISÃO FRONTAL,COM 05 VÍTIMAS.,1.0,1.0,0.0,0.0,0.0,0.0,1.0,0.0,0.0,5.0,0.0,Longo da via,Bom,Não existe,Incompleta,Seca,Perfeito estado,Não existe,Não há placas,60.0,Dupla,Não existe,Não informado,2020,7,7,1,10.0
2020-07-07,11:11:00,SEM VÍTIMA,FINALIZADA,PARNAMIRIM,AV RUI BARBOSA,RUA LEONARDO BEZERRA CAVALCANTE,Não informado,PARNAMIRIM,CIDADE,ABALROAMENTO TRANSVERSAL,COLISÃO CARRO X CARRO AGENTE NO LOCAL SUB.CETOR LUCIANO VT013,2.0,1.0,0.0,0.0,0.0,0.0,0.0,0.0,0.0,0.0,0.0,Cruzamento,Bom,Com defeito,Perfeito estado,Seca,Perfeito estado,Faixa de pedestre,R-6a,60.0,Única,Faixa contínua,Não informado,2020,7,7,1,11.0
2020-07-07,13:11:00,COM VÍTIMA,FINALIZADA,AFOGADOS,EST DOS REMEDIOS,RUA MAGUARI,EM FRENTE A BELO AUTO PEÇAS AO LADO DO RESTAURANTE BODE DO MATUTO. CUNHA PNEUS.,AFOGADOS,CIDADE,ABALROAMENTO TRANSVERSAL,COLISÃO ENTRE AUTO E MOTO COM VITIMAS,1.0,1.0,0.0,0.0,0.0,0.0,0.0,0.0,0.0,1.0,0.0,Esquina,Bom,Não existe,Incompleta,Seca,Perfeito estado,Não existe,Não há placas,60.0,Única,Faixa seccionada,Não informado,2020,7,7,1,13.0
2020-07-07,13:55:00,SEM VÍTIMA,FINALIZADA,BARRO,RUA CAPITAO PONCIANO,Não informado,EM FRENTE A IGREJA CATOLICA DO BARRO- AO LADO DO BJ AUTO PEÇAS,BARRO,CIDADE,COLISÃO,COLISÃO ENTRE DOIS AUTO SEM VITIMAS- UMA DAS PARTES APRESENTA SINTOMAS DE EMBRIAGUEZ,2.0,1.0,0.0,0.0,0.0,0.0,0.0,0.0,0.0,0.0,0.0,Longo da via,Bom,Sem defeito,Perfeito estado,Seca,Não informado,Faixa de pedestre,R-6a,60.0,Dupla,Faixa contínua,Não informado,2020,7,7,1,13.0
2020-07-07,15:24:00,COM VÍTIMA,CANCELADA,CIDADE UNIVERSITÁRIA,AV PROFESSOR MORAES REGO,Não informado,E/F A REITORIA DA UFPE // PROX. A ROTATÓRIA,CIDADE UNIVERSITÁRIA,Não informado,COLISÃO,COLISÃO C/VITIMA ENTRE UM AUTO E UMA MOTO,1.0,1.0,0.0,0.0,0.0,0.0,0.0,0.0,0.0,1.0,0.0,Não informado,Não informado,Não informado,Não informado,Não informado,Não informado,Não informado,Não informado,60.0,Não informado,Não informado,Não informado,2020,7,7,1,15.0
2020-07-07,15:27:00,SEM VÍTIMA,FINALIZADA,SANTO AMARO,AV NORTE,RUA VINTE E QUATRO DE AGOSTO,SEMÁFORO 463 ( SOB),SANTO AMARO,CIDADE,COLISÃO FRONTAL,COLISÃO ENTRE DOIS AUTOS SEM VÍTIMAS- VT 31 NO LOCAL,1.0,1.0,0.0,0.0,0.0,0.0,0.0,1.0,0.0,0.0,0.0,Cruzamento,Bom,Sem defeito,Perfeito estado,Seca,Perfeito estado,Faixa de retenção,Não há placas,60.0,Única,Faixa seccionada,Não informado,2020,7,7,1,15.0
2020-07-07,16:28:00,SEM VÍTIMA,FINALIZADA,SANTO AMARO,PTE DO LIMOEIRO,RUA DA AURORA,Não informado,SANTO AMARO,CIDADE,CHOQUE OBJETO FIXO,CAMINHÃO CHOCOU-SE COM O SEMÁFORO,1.0,1.0,0.0,0.0,0.0,0.0,1.0,0.0,0.0,0.0,0.0,Ponte,Bom,Sem defeito,Perfeito estado,Seca,Perfeito estado,Agente,Não há placas,60.0,Dupla,Faixa contínua,Não informado,2020,7,7,1,16.0
2020-07-07,16:34:00,SEM VÍTIMA,FINALIZADA,ENCRUZILHADA,RUA DR JOSE MARIA,Não informado,EM FRENTE AO MERCADO DA ENCRUZILHADA,ENCRUZILHADA,CIDADE,ABALROAMENTO LONGITUDINAL,COLISÃO ENTRE DOIS AUTOS SEM VÍTIMAS- VT 29 NO LOCAL,2.0,1.0,0.0,0.0,0.0,0.0,0.0,0.0,0.0,0.0,0.0,Longo da via,Bom,Não existe,Incompleta,Seca,Perfeito estado,Faixa de pedestre,Não informado,60.0,Única,Não existe,Não informado,2020,7,7,1,16.0
2020-07-07,18:32:00,SEM VÍTIMA,FINALIZADA,SANTO AMARO,AV VISCONDE DE SUASSUNA,AV CRUZ CABUGA,AO LADO CAIXA ECONÔMICA,SANTO AMARO,SUBURBIO,COLISÃO TRASEIRA,COLISÃO SEM VÍTIMA,1.0,1.0,0.0,0.0,0.0,0.0,0.0,0.0,0.0,0.0,0.0,Cruzamento,Bom,Sem defeito,Perfeito estado,Seca,Perfeito estado,Faixa de pedestre,Não há placas,40.0,Única,Faixa seccionada,Não informado,2020,7,7,1,18.0
2020-07-07,18:58:00,COM VÍTIMA,FINALIZADA,CASA FORTE,RUA AFONSO DE ALBUQUERQUE MELO,Não informado,POR TRAS DO BOMPREÇO DE CASA FORTE E EM FRENTE AO RESTAURANTE TITO,CASA FORTE,CIDADE,COLISÃO COM CICLISTA,AUTO E BICICLETA.,1.0,1.0,0.0,1.0,0.0,0.0,0.0,0.0,0.0,1.0,0.0,Longo da via,Bom,Não existe,Não informado,Não informado,Não informado,Não informado,Não informado,60.0,Única,Não informado,Não informado,2020,7,7,1,18.0
2020-07-07,20:13:00,COM VÍTIMA,FINALIZADA,GRAÇAS,RUA ESMERALDINO BANDEIRA,Não informado,PRÓX AO BAR TRADIÇÃO,GRAÇAS,SUBURBIO,CAPOTAMENTO,COLISÃO ENTRE AUTO E MOTO C/V,1.0,1.0,0.0,0.0,0.0,0.0,0.0,0.0,0.0,1.0,0.0,Longo da via,Bom,Não existe,Não existente,Seca,Perfeito estado,Não existe,Não há placas,60.0,Única,Não existe,Não informado,2020,7,7,1,20.0
2020-07-07,22:14:00,COM VÍTIMA,CANCELADA,TORRÕES,AV ENGENHEIRO ABDIAS DE CARVALHO,Não informado,E/F AO POSTO DISLUBE,TORRÕES,Não informado,COLISÃO,COLISÃO ENTRE AUTO E MOTO C/V,1.0,1.0,0.0,0.0,0.0,0.0,0.0,0.0,0.0,1.0,0.0,Não informado,Não informado,Não informado,Não informado,Não informado,Não informado,Não informado,Não informado,60.0,Não informado,Não informado,Não informado,2020,7,7,1,22.0
2020-07-07,22:22:00,COM VÍTIMA,CANCELADA,BOA VIAGEM,RUA CAMBOIM,RUA DEZ DE JULHO,Não informado,BOA VIAGEM,Não informado,COLISÃO,COLISÃO ENTRE AUTO E MOTO C/V,1.0,1.0,0.0,0.0,0.0,0.0,0.0,0.0,0.0,1.0,0.0,Não informado,Não informado,Não informado,Não informado,Não informado,Não informado,Não informado,Não informado,60.0,Não informado,Não informado,Não informado,2020,7,7,1,22.0
2020-07-07,22:22:00,COM VÍTIMA,CANCELADA,SAN MARTIN,RUA VINTE E UM DE ABRIL,Não informado,PROX A PADARIA PARIS,SAN MARTIN,Não informado,COLISÃO,COMLISÃO ENTRE AUTO E MOTO C/V,1.0,1.0,0.0,0.0,0.0,0.0,0.0,0.0,0.0,1.0,0.0,Não informado,Não informado,Não informado,Não informado,Não informado,Não informado,Não informado,Não informado,60.0,Não informado,Não informado,Não informado,2020,7,7,1,22.0
2020-07-07,22:25:00,COM VÍTIMA,CANCELADA,SAN MARTIN,RUA DUARTE FILHO,Não informado,PROX A LOMBADA ELETRONICA,SAN MARTIN,Não informado,COLISÃO,COLISÃO ENTRE AUTO E MOTO C/V,1.0,1.0,0.0,0.0,0.0,0.0,0.0,0.0,0.0,1.0,0.0,Não informado,Não informado,Não informado,Não informado,Não informado,Não informado,Não informado,Não informado,60.0,Não informado,Não informado,Não informado,2020,7,7,1,22.0
2020-07-07,22:25:00,SEM VÍTIMA,FINALIZADA,DERBY,RUA BENFICA,Não informado,PRÓX AO CLUBE INTERNACIONAL DO RECIFE,DERBY,Não informado,COLISÃO,COLISÃO ENTRE AMBULÂNCIA DA UPA E AUTO,1.0,1.0,0.0,0.0,0.0,0.0,0.0,1.0,0.0,0.0,0.0,Outros,Chuvoso,Sem defeito,Incompleta,Molhada,Outros,Não existe,Não há placas,60.0,Única,Faixa seccionada,Não informado,2020,7,7,1,22.0
2020-07-08,10:48:00,SEM VÍTIMA,CANCELADA,IMBIRIBEIRA,AV MARECHAL MASCARENHAS DE MORAES,Não informado,EM FRENTE A DASA DIAGNOSTICOS DA AMERICA,IMBIRIBEIRA,Não informado,COLISÃO,VEICULO OFICIAL E AUTO,1.0,1.0,0.0,0.0,0.0,0.0,1.0,0.0,0.0,0.0,0.0,Não informado,Não informado,Não informado,Não informado,Não informado,Não informado,Não informado,Não informado,60.0,Não informado,Não informado,Não informado,2020,7,8,2,10.0
2020-07-08,11:39:00,COM VÍTIMA,FINALIZADA,SANTO AMARO,RUA DO HOSPICIO,RUA PRINCESA IZABEL,AO LADO DO PARQUE TREZE DE MAIO. CAMARA DOS VEREADORES.,SANTO AMARO,CIDADE,ABALROAMENTO LONGITUDINAL,AUTO E MOTO.,1.0,1.0,0.0,0.0,0.0,0.0,0.0,0.0,0.0,1.0,0.0,Longo da via,Bom,Sem defeito,Perfeito estado,Seca,Perfeito estado,Não informado,Outras,60.0,Dupla,Não existe,Não informado,2020,7,8,2,11.0
2020-07-08,15:25:00,SEM VÍTIMA,FINALIZADA,TAMARINEIRA,EST VELHA DE AGUA FRIA,Não informado,Não informado,TAMARINEIRA,Não informado,COLISÃO,COLISÃO SEM VÍTIMA ENTRE DOIS AUTOS,1.0,1.0,0.0,0.0,0.0,0.0,0.0,0.0,0.0,0.0,0.0,Cruzamento,Bom,Não existe,Não existente,Seca,Perfeito estado,Não existe,Não há placas,60.0,Não informado,Faixa contínua,Não informado,2020,7,8,2,15.0
2020-07-08,20:18:00,SEM VÍTIMA,FINALIZADA,JOANA BEZERRA,PTE JOSE DE BARROS LIMA,Não informado,SOB A PASSARELA DO FORUM JOANA BEZERRA,JOANA BEZERRA,Não informado,COLISÃO,2 FORD KA OBS: O MOTORISTA ESTA COM PEITO DOLORIDO DEVIDO A COLISAO O MEMSO SE NEGOU A SOLICITAÇAO DO SAMU,2.0,1.0,0.0,0.0,0.0,0.0,0.0,0.0,0.0,0.0,0.0,Ponte,Bom,Não existe,Perfeito estado,Seca,Perfeito estado,Não existe,Não há placas,60.0,Dupla,Faixa seccionada,Não informado,2020,7,8,2,20.0
2020-07-09,08:20:00,COM VÍTIMA,FINALIZADA,BOA VIAGEM,RUA RIBEIRO DE BRITO,RUA GENERAL AMERICANO FREIRE,EM FRENTE AO POSTO BR,BOA VIAGEM,SUBURBIO,ABALROAMENTO LONGITUDINAL,COM UMA VITIMA AGUARDANDO SAMU-VT 29 GM CARLOS FERNANDES /GM LEYDSON/GM ISLA DA CTTU NO LOCAL,2.0,1.0,0.0,0.0,0.0,0.0,0.0,0.0,0.0,2.0,0.0,Cruzamento,Chuvoso,Não existe,Perfeito estado,Molhada,Perfeito estado,Não existe,R-6a,60.0,Única,Faixa seccionada,Não informado,2020,7,9,3,8.0
2020-07-09,09:41:00,COM VÍTIMA,CANCELADA,TORRÕES,AV ENGENHEIRO ABDIAS DE CARVALHO,Não informado,SENTIDO CENTRO- LADO OPOSTO DA UPA DE TORRÕES,TORRÕES,Não informado,COLISÃO,COM VÍTIMA,1.0,1.0,0.0,0.0,0.0,0.0,0.0,0.0,0.0,1.0,0.0,Não informado,Não informado,Não informado,Não informado,Não informado,Não informado,Não informado,Não informado,60.0,Não informado,Não informado,Não informado,2020,7,9,3,9.0
2020-07-09,11:48:00,COM VÍTIMA,FINALIZADA,IPSEP,AV RECIFE,Não informado,APÓS O SAL E BRASA. PONTO DE ÔNIBUS Nº 020133.,IPSEP,CEASA,COLISÃO COM CICLISTA,ÔNIBUS E BICICLETA.,1.0,1.0,0.0,1.0,0.0,1.0,0.0,0.0,0.0,1.0,0.0,Longo da via,Bom,Sem defeito,Perfeito estado,Seca,Perfeito estado,Faixa de pedestre,R-32,60.0,Dupla,Canteiro central,Não informado,2020,7,9,3,11.0
2020-07-09,11:58:00,SEM VÍTIMA,FINALIZADA,PINA,AV REPUBLICA DO LIBANO,Não informado,LADO OPOSTO AO N 40,PINA,SUBURBIO,COLISÃO,KWID X HB20 S,2.0,1.0,0.0,0.0,0.0,0.0,0.0,0.0,0.0,0.0,0.0,Longo da via,Bom,Não existe,Não existente,Seca,Perfeito estado,Não existe,Não há placas,60.0,Dupla,Não existe,Não informado,2020,7,9,3,11.0
2020-07-09,16:24:00,COM VÍTIMA,FINALIZADA,BAIRRO DO RECIFE,PTE BUARQUE DE MACEDO,Não informado,EM FRENTE AO BANCO DO BRASIL,BAIRRO DO RECIFE,Não informado,ABALROAMENTO LONGITUDINAL,DUAS MOTOS.,2.0,1.0,0.0,0.0,0.0,0.0,0.0,0.0,0.0,1.0,0.0,Ponte,Bom,Sem defeito,Perfeito estado,Seca,Perfeito estado,Outros,Outras,60.0,Não informado,Faixa contínua,Não informado,2020,7,9,3,16.0
2020-07-09,17:31:00,COM VÍTIMA,FINALIZADA,BOA VIAGEM,RUA SA E SOUZA,RUA BALTAZAR PASSOS,E/F A CULTURA INGLESA,BOA VIAGEM,SUBURBIO,ABALROAMENTO LONGITUDINAL,COLISÃO C/VITIMAS ENTRE UM AUTO E UM CAMINHÃO,1.0,1.0,0.0,0.0,0.0,0.0,1.0,0.0,0.0,1.0,0.0,Cruzamento,Chuvoso,Não existe,Perfeito estado,Molhada,Perfeito estado,Não informado,Placas Pare,60.0,Única,Faixa seccionada,Não informado,2020,7,9,3,17.0
2020-07-09,17:44:00,COM VÍTIMA,FINALIZADA,CASA AMARELA,EST DO ARRAIAL,RUA DES GOIS CAVALCANTE,EM FRENTE AO HOSPITAL AGAMENON MAGALHAES,CASA AMARELA,Não informado,ABALROAMENTO LONGITUDINAL,COLISAO ENTRE DUAS MOTOS,1.0,2.0,0.0,0.0,0.0,0.0,0.0,0.0,0.0,1.0,0.0,Esquina,Bom,Sem defeito,Perfeito estado,Seca,Perfeito estado,Não informado,Outras,60.0,Única,Faixa seccionada,Não informado,2020,7,9,3,17.0
2020-07-10,08:46:00,SEM VÍTIMA,FINALIZADA,NOVA DESCOBERTA,RUA NOVA DESCOBERTA,Não informado,EM FRENTE AO ECOPONTO,NOVA DESCOBERTA,Não informado,ENGAVETAMENTO,TRES AUTOS // VT-06 NO LOCAL GM´S ABNER E DAYWISON,3.0,1.0,0.0,0.0,0.0,0.0,0.0,0.0,0.0,0.0,0.0,Não informado,Não informado,Não informado,Não informado,Não informado,Não informado,Não informado,Não informado,60.0,Não informado,Não informado,Não informado,2020,7,10,4,8.0
2020-07-10,13:39:00,COM VÍTIMA,FINALIZADA,SANTO AMARO,AV CRUZ CABUGA,RUA CAPITAO LIMA,EM FRENTE A IGREJA UNIVERSAL.,SANTO AMARO,SUBURBIO,ABALROAMENTO LONGITUDINAL,COLISÃO ENTRE AUTO E MOTOCICLETA COM VÍTIMA,1.0,1.0,0.0,0.0,0.0,0.0,0.0,0.0,0.0,1.0,0.0,Longo da via,Bom,Não informado,Perfeito estado,Seca,Perfeito estado,Outros,Outras,60.0,Dupla,Faixa contínua,Não informado,2020,7,10,4,13.0
2020-07-11,09:16:00,SEM VÍTIMA,FINALIZADA,BOA VIAGEM,RUA DOM JOSE LOPES,AV FERNANDO SIMOES BARBOSA,Não informado,BOA VIAGEM,JABOATÃO,CHOQUE OBJETO FIXO,CAMINHÃO SE CHOCOU AO POSTE E SE EVADIU DO LOCAL - POSTE NA IMINÊNCIA DE QUEDA E CELPE ACIONADA,1.0,1.0,0.0,0.0,0.0,0.0,1.0,0.0,0.0,0.0,0.0,Cruzamento,Bom,Não existe,Perfeito estado,Seca,Perfeito estado,Faixa de pedestre,R-6a,60.0,Dupla,Canal,Não informado,2020,7,11,5,9.0
2020-07-11,10:55:00,COM VÍTIMA,FINALIZADA,IMBIRIBEIRA,AV MARECHAL MASCARENHAS DE MORAES,Não informado,EM FRENTE A SUCESSO LOCADORA DE VEÍCULOS,IMBIRIBEIRA,CIDADE,COLISÃO TRASEIRA,COLISÃO COM UMA VITIMA/VT 29 DA CTTU NO LOCAL,1.0,1.0,0.0,0.0,0.0,0.0,0.0,0.0,0.0,1.0,0.0,Longo da via,Bom,Não existe,Perfeito estado,Seca,Perfeito estado,Não existe,Outras,60.0,Dupla,Canteiro central,Não informado,2020,7,11,5,10.0
2020-07-11,11:56:00,COM VÍTIMA,FINALIZADA,TORRE,AV BEIRA RIO,RUA JANUARIO BARBOSA,Não informado,TORRE,Não informado,CHOQUE,CONFORME O MOTORISTA HOUVE UMA COLISÃO SEGUINDA DE CHOQUE. UMAS DAS PARTES SE EVADIU DO LOCAL,2.0,1.0,0.0,0.0,0.0,0.0,0.0,0.0,0.0,1.0,0.0,Cruzamento,Chuvoso,Não existe,Perfeito estado,Seca,Perfeito estado,Faixa de pedestre,R-6a,60.0,Dupla,Faixa seccionada,Não informado,2020,7,11,5,11.0
2020-07-11,13:31:00,COM VÍTIMA,FINALIZADA,NOVA DESCOBERTA,AV JOSE AMERICO DE ALMEIDA,Não informado,E/F AO EDF. RESIDENCIAL AQUARELA,NOVA DESCOBERTA,CIDADE,ABALROAMENTO TRANSVERSAL,COLISÃO C/VITIMA ENTRE UM AUTO E MOTO,1.0,1.0,0.0,0.0,0.0,0.0,0.0,0.0,0.0,1.0,0.0,Longo da via,Chuvoso,Não existe,Não existente,Molhada,Perfeito estado,Não existe,Não há placas,60.0,Dupla,Canteiro central,Não informado,2020,7,11,5,13.0
2020-07-11,14:20:00,COM VÍTIMA,FINALIZADA,IPSEP,RUA PINTOR ANTONIO ALBUQUERQUE,Não informado,EM FRENTE A OFICINA R13/PROX A ENTRADA DO BAR DE LUCIANO,IPSEP,CIDADE,COLISÃO FRONTAL,AUTO E MOTO,1.0,1.0,0.0,0.0,0.0,0.0,0.0,0.0,0.0,1.0,0.0,Longo da via,Chuvoso,Não existe,Perfeito estado,Molhada,Perfeito estado,Não existe,Não informado,60.0,Dupla,Não existe,Não informado,2020,7,11,5,14.0
2020-07-11,14:20:00,SEM VÍTIMA,CANCELADA,Não informado,AV DANTAS BARRETO,Não informado,Não informado,Não informado,Não informado,CHOQUE OBJETO FIXO,ÔNIBUS DERRUBOU UM FITEIRO,1.0,1.0,0.0,0.0,0.0,0.0,0.0,0.0,0.0,0.0,0.0,Não informado,Não informado,Não informado,Não informado,Não informado,Não informado,Não informado,Não informado,60.0,Não informado,Não informado,Não informado,2020,7,11,5,14.0
2020-07-11,15:19:00,COM VÍTIMA,FINALIZADA,SANTO ANTÔNIO,AV GUARARAPES,AV DANTAS BARRETO,EM FRENTE AO PREDIO DO INSS,SANTO ANTÔNIO,SUBURBIO,ATROPELAMENTO,ATROPELAMENTO ONIBUS/PEDESTRE,1.0,1.0,0.0,0.0,1.0,1.0,0.0,0.0,0.0,1.0,0.0,Cruzamento,Chuvoso,Sem defeito,Perfeito estado,Molhada,Perfeito estado,Faixa de pedestre,Outras,60.0,Não informado,Faixa seccionada,Não informado,2020,7,11,5,15.0
2020-07-11,17:38:00,COM VÍTIMA,FINALIZADA,MONTEIRO,AV DEZESSETE DE AGOSTO,RUA PIAUI,AO LADO DO CENTRO OFTAMOLOGICO SENADOR ERMIRIO DE MORAES/ AO LADO DO POSTO DISLUB,MONTEIRO,CIDADE,COLISÃO FRONTAL,AUTO E MOTO,1.0,1.0,0.0,0.0,0.0,0.0,0.0,0.0,0.0,1.0,0.0,Cruzamento,Chuvoso,Sem defeito,Perfeito estado,Molhada,Perfeito estado,Faixa de pedestre,Outras,60.0,Dupla,Faixa contínua,Não informado,2020,7,11,5,17.0
2020-07-11,21:32:00,COM VÍTIMA,FINALIZADA,BOA VIAGEM,AV ENGENHEIRO DOMINGOS FERREIRA,RUA MAMANGUAPE,DROGARIA SÃO PAULO,BOA VIAGEM,SUBURBIO,COLISÃO TRASEIRA,COLISAO DE AUTO E MOTO,1.0,1.0,0.0,0.0,0.0,0.0,0.0,0.0,0.0,1.0,0.0,Longo da via,Chuvoso,Não existe,Perfeito estado,Molhada,Perfeito estado,Não existe,Não há placas,60.0,Única,Faixa seccionada,Não informado,2020,7,11,5,21.0
2020-07-12,00:18:00,COM VÍTIMA,FINALIZADA,TORRÕES,RUA PROFESSOR JOAQUIM XAVIER DE BRITO,RUA OCIDENTAL,TÉRMINAL SÍTIO DAS PALMEIRAS,TORRÕES,SUBURBIO,ABALROAMENTO TRANSVERSAL,AUTO E MOTO,1.0,1.0,0.0,0.0,0.0,0.0,0.0,0.0,0.0,1.0,0.0,Cruzamento,Chuvoso,Não existe,Ilegível,Molhada,Perfeito estado,Não existe,Placas Pare,60.0,Dupla,Não existe,Não informado,2020,7,12,6,0.0
2020-07-12,05:04:00,SEM VÍTIMA,CANCELADA,JARDIM SÃO PAULO,RUA QUELUZ,Não informado,ANTES DO VIADUTO JARDIM SÃO PAULO VINDO DO BARRO,JARDIM SÃO PAULO,Não informado,CHOQUE,VEÍCULO SE CHOCOU COM O MURO DA RESIDÊNCIA VINDO A DERRUBAR POSTE DE ENERGIA ELÉTRICA,1.0,1.0,0.0,0.0,0.0,0.0,0.0,0.0,0.0,0.0,0.0,Não informado,Não informado,Não informado,Não informado,Não informado,Não informado,Não informado,Não informado,60.0,Não informado,Não informado,Não informado,2020,7,12,6,5.0
2020-07-12,09:38:00,COM VÍTIMA,FINALIZADA,CASA FORTE,EST DO ENCANAMENTO,EST DAS UBAIAS-,PROX A FARMACIA DROGASIL,CASA FORTE,CIDADE,ABALROAMENTO LONGITUDINAL,COLISÃO COM VITIMA SOCORRIDA PELO SAMU  GM CLOVIS E EDMILSON QTH,2.0,1.0,0.0,0.0,0.0,0.0,0.0,0.0,0.0,1.0,0.0,Cruzamento,Bom,Sem defeito,Perfeito estado,Seca,Perfeito estado,Não informado,Não informado,40.0,Única,Faixa,Não informado,2020,7,12,6,9.0
2020-07-12,13:34:00,COM VÍTIMA,CANCELADA,BOA VIAGEM,RUA RIBEIRO DE BRITO,RUA AMALIA BERNARDINO DE SOUZA,AO LADO DA FACULDADE UNINASSAU,BOA VIAGEM,CIDADE,COLISÃO,VEICULO CRUZOU A RUA AMALIA BERNADINHO DE SOUZA E O CONDUTOR DA MOTOCICLETA COLIDIU COM A LATERAL DO VEICULO,1.0,1.0,0.0,0.0,0.0,0.0,0.0,0.0,0.0,1.0,0.0,Não informado,Não informado,Não informado,Não informado,Não informado,Não informado,Não informado,Não informado,60.0,Não informado,Não informado,Não informado,2020,7,12,6,13.0
2020-07-12,16:40:00,SEM VÍTIMA,FINALIZADA,BOA VIAGEM,RUA JOAO CARDOSO AIRES,AV MARECHAL JUAREZ TAVORA,NO SEMAFORO 478,BOA VIAGEM,Não informado,COLISÃO,COLISAO ENTRE DOIS AUTOS UM DOS VEICULOS CAIU NO CANAL E O OUTRO CHOCOU COM UMA POSTE,2.0,1.0,0.0,0.0,0.0,0.0,0.0,0.0,0.0,0.0,0.0,Não informado,Não informado,Não informado,Não informado,Não informado,Não informado,Não informado,Não informado,60.0,Não informado,Não informado,Não informado,2020,7,12,6,16.0