data,hora,natureza_acidente,situacao,bairro,endereco,detalhe_endereco_acidente,complemento,bairro_cruzamento,sentido_via,tipo,descricao,auto,moto,ciclom,ciclista,pedestre,onibus,caminhao,viatura,outros,vitimas,vitimasfatais,acidente_verificado,tempo_clima,situacao_semaforo,sinalizacao,condicao_via,conservacao_via,ponto_controle,situacao_placa,velocidade_max_via,mao_direcao,divisao_via1,natureza,ano,mes,dia,dia_semana,hora_ocorrencia
2020-07-12,18:31:00,COM VÍTIMA,FINALIZADA,SANCHO,AV LIBERDADE,Não informado,ENF. AO CEMITERIO PARQUE DAS FLORES.,SANCHO,SUBURBIO,COLISÃO FRONTAL,MOTO X AUTO     OBS : SUSPEITA DE EMBRIAGUEZ,1.0,1.0,0.0,0.0,0.0,0.0,0.0,0.0,0.0,1.0,0.0,Longo da via,Bom,Não existe,Não existente,Seca,Perfeito estado,Não existe,Não há placas,40.0,Dupla,Faixa contínua,Não informado,2020,7,12,6,18.0
2020-07-12,19:18:00,COM VÍTIMA,FINALIZADA,SANTANA,RUA ASTERIO RUFINO ALVES,RUA AGRESTINA,E/F A PRC COMPOSITOR ANTONIO MARIA E AO EDF. BARONESA DE GURJAHÚ - APÓS O CPRH // PRÓX AO PARQUE SANTANA,SANTANA,SUBURBIO,ABALROAMENTO LONGITUDINAL,ENTRE 2 MOTOS. C/V,1.0,2.0,0.0,0.0,0.0,0.0,0.0,0.0,0.0,1.0,0.0,Esquina,Bom,Não existe,Não existente,Seca,Perfeito estado,Não existe,Não há placas,60.0,Dupla,Não existe,Não informado,2020,7,12,6,19.0
2020-07-12,19:59:00,SEM VÍTIMA,FINALIZADA,PINA,VDO PAPA JOAO PAULO II,Não informado,POR CIMA DA PONTE ENTRE O CABANGA E FORUM SENTIDO CIDADE,PINA,Não informado,ENGAVETAMENTO,UNO X HB 20 E TRACKER OBS : SUSPEITA DE EMBRIAGUEZ,3.0,1.0,0.0,0.0,0.0,0.0,0.0,0.0,0.0,0.0,0.0,Não informado,Não informado,Não informado,Não informado,Não informado,Não informado,Não informado,Não informado,60.0,Não informado,Não informado,Não informado,2020,7,12,6,19.0
2020-07-12,20:30:00,COM VÍTIMA,FINALIZADA,ÁGUA FRIA,RUA JOAQUIM GONCALVES TORREIRO,Não informado,PRÓX A BODEGA BAR E PADARIA SANTO ANTONIO,ÁGUA FRIA,SUBURBIO,CHOQUE VEÍCULO PARADO,ENTRE AUTO E MOTO. C/V,1.0,1.0,0.0,0.0,0.0,0.0,0.0,0.0,0.0,1.0,0.0,Longo da via,Bom,Não existe,Não existente,Seca,Mal iluminada,Não existe,Não há placas,60.0,Dupla,Não existe,Não informado,2020,7,12,6,20.0
2020-07-13,07:27:00,COM VÍTIMA,FINALIZADA,MADALENA,AV BEIRA RIO,RUA PADRE ANCHIETA,EM FRENTE A ACADEMIA DA CIDADE. AO LADO DA PRAÇA DOMINGOS GIOVANETTI.,MADALENA,SUBURBIO,COLISÃO COM CICLISTA,AUTO E CICLISTA,1.0,1.0,0.0,1.0,0.0,0.0,0.0,0.0,0.0,1.0,0.0,Cruzamento,Bom,Sem defeito,Ilegível,Seca,Perfeito estado,Não existe,R-6a,60.0,Dupla,Faixa,Não informado,2020,7,13,0,7.0
2020-07-13,08:01:00,SEM VÍTIMA,FINALIZADA,SÃO JOSÉ,VDO PAPA JOAO PAULO II,Não informado,SOBRE AV SUL GOVERNADOR CID SAMPAIO,SÃO JOSÉ,Não informado,COLISÃO TRASEIRA,Não informado,3.0,1.0,0.0,0.0,0.0,0.0,0.0,0.0,0.0,0.0,0.0,Viaduto,Bom,Não existe,Perfeito estado,Seca,Perfeito estado,Não existe,Não há placas,60.0,Dupla,Faixa contínua,Não informado,2020,7,13,0,8.0
2020-07-13,08:05:00,SEM VÍTIMA,FINALIZADA,BOA VIAGEM,RUA JOAO CARDOSO AIRES,AV MARECHAL JUAREZ TAVORA,Não informado,BOA VIAGEM,SUBURBIO,ABALROAMENTO TRANSVERSAL,Não informado,2.0,1.0,0.0,0.0,0.0,0.0,0.0,0.0,0.0,0.0,0.0,Cruzamento,Bom,Sem defeito,Perfeito estado,Seca,Perfeito estado,Faixa de pedestre,Não há placas,60.0,Única,Não informado,Não informado,2020,7,13,0,8.0
2020-07-13,08:07:00,SEM VÍTIMA,FINALIZADA,NOVA DESCOBERTA,RUA NOVA DESCOBERTA,Não informado,Não informado,NOVA DESCOBERTA,CIDADE,COLISÃO TRASEIRA,Não informado,3.0,1.0,0.0,0.0,0.0,0.0,0.0,0.0,0.0,0.0,0.0,Longo da via,Bom,Não existe,Perfeito estado,Seca,Perfeito estado,Não existe,Não há placas,40.0,Dupla,Faixa seccionada,Não informado,2020,7,13,0,8.0
2020-07-13,08:44:00,SEM VÍTIMA,FINALIZADA,BOA VIAGEM,RUA ERNESTO DE PAULA SANTOS,RUA DR JOAO GUILHERME DE P SOBRINHO,EM FRENTE A UNIMED BOA VIAGEM,BOA VIAGEM,Não informado,ENGAVETAMENTO,ENGAVETAMENTO ENTRE QUATRO VEÍCULOS -SEM VITIMAS/CTTU NO LOCAL-SUB ADELSON-GCM WEMERSON,4.0,1.0,0.0,0.0,0.0,0.0,0.0,0.0,0.0,0.0,0.0,Longo da via,Bom,Sem defeito,Perfeito estado,Seca,Perfeito estado,Faixa de pedestre,Não há placas,60.0,Única,Faixa contínua,Não informado,2020,7,13,0,8.0
2020-07-13,08:54:00,COM VÍTIMA,FINALIZADA,AREIAS,AV RECIFE,Não informado,PROX AO MAKRO. LADO OPOSTO AO POSTO BR,AREIAS,AEROPORTO,ABALROAMENTO LONGITUDINAL,C/VITIMAS- ENTRE MOTO E AUTO.AUTO EVADIU,1.0,1.0,0.0,0.0,0.0,0.0,0.0,0.0,0.0,1.0,0.0,Longo da via,Bom,Sem defeito,Incompleta,Seca,Perfeito estado,Faixa de retenção,Outras,60.0,Dupla,Canteiro central,Não informado,2020,7,13,0,8.0
2020-07-13,09:37:00,COM VÍTIMA,FINALIZADA,JAQUEIRA,AV RUI BARBOSA,RUA DEPUTADO PEDRO PIRES FERREIRA,PRÓXIMO AO PARQUE DA JAQUEIRA,JAQUEIRA,SUBURBIO,ABALROAMENTO TRANSVERSAL,ENTRE AUTO E MOTO COM DUAS VITIMAS-SAMU NO LOCAL/CTTU VT07 INSP SILVAN/ INSP THOMÁS JEFERSOM,1.0,1.0,0.0,0.0,0.0,0.0,0.0,0.0,0.0,1.0,0.0,Longo da via,Bom,Não existe,Perfeito estado,Seca,Perfeito estado,Não informado,Outras,60.0,Única,Faixa contínua,Não informado,2020,7,13,0,9.0
2020-07-13,10:21:00,COM VÍTIMA,FINALIZADA,CORDEIRO,AV INACIO MONTEIRO,RUA ITABORA,COLÉGIO ALBERT SABIN,CORDEIRO,CIDADE,ABALROAMENTO TRANSVERSAL,C/ VITIMAS MOTO E AUTO,1.0,1.0,0.0,0.0,0.0,0.0,0.0,0.0,0.0,1.0,0.0,Cruzamento,Bom,Não existe,Ilegível,Seca,Perfeito estado,Não existe,Placas Pare,60.0,Dupla,Faixa contínua,Não informado,2020,7,13,0,10.0
2020-07-13,10:24:00,SEM VÍTIMA,FINALIZADA,MADALENA,RUA NOBRE DE LACERDA,RUA MONSENHOR JULIO MARIA,Não informado,MADALENA,SUBURBIO,COLISÃO,SEM VITIMAS,2.0,1.0,0.0,0.0,0.0,0.0,0.0,0.0,0.0,0.0,0.0,Cruzamento,Bom,Sem defeito,Perfeito estado,Seca,Perfeito estado,Não existe,R-4a,60.0,Única,Não existe,Não informado,2020,7,13,0,10.0
2020-07-13,10:54:00,SEM VÍTIMA,FINALIZADA,IPSEP,AV PRESIDENTE DUTRA,Não informado,EM FRENTE A CHURRASCARIA SAL E BRASA,IPSEP,SUBURBIO,COLISÃO,SEM VITIMAS/AUTO PASSEIO E VIATURA DA PM,1.0,1.0,0.0,0.0,0.0,0.0,0.0,1.0,0.0,0.0,0.0,Longo da via,Bom,Sem defeito,Perfeito estado,Seca,Perfeito estado,Não informado,Não há placas,60.0,Dupla,Canteiro central,Não informado,2020,7,13,0,10.0
2020-07-13,11:04:00,SEM VÍTIMA,FINALIZADA,BOA VIAGEM,AV CONSELHEIRO AGUIAR,Não informado,SEMAF 115,BOA VIAGEM,CIDADE,COLISÃO,COLISÃO,1.0,1.0,0.0,0.0,0.0,1.0,0.0,0.0,0.0,0.0,0.0,Longo da via,Bom,Sem defeito,Perfeito estado,Seca,Perfeito estado,Faixa de pedestre,R-6a,60.0,Única,Faixa contínua,Não informado,2020,7,13,0,11.0
2020-07-13,12:39:00,SEM VÍTIMA,FINALIZADA,IMBIRIBEIRA,AV MARECHAL MASCARENHAS DE MORAES,Não informado,EM FRENTE AO ARMAZEM CORAL LADO OPOSTO,IMBIRIBEIRA,CIDADE,COLISÃO,COLISAO ENTRE CARRO/MOTO  BATEDOR LINDENBERG NO LOCAL,1.0,1.0,0.0,0.0,0.0,0.0,0.0,0.0,0.0,0.0,0.0,Cruzamento,Bom,Sem defeito,Perfeito estado,Seca,Perfeito estado,Faixa de pedestre,Não há placas,60.0,Dupla,Canteiro central,Não informado,2020,7,13,0,12.0
2020-07-13,13:16:00,COM VÍTIMA,FINALIZADA,ILHA JOANA BEZERRA,RUA IMPERIAL,RUA BOM SUCESSO,ANTES DO VIADUTO DA JOANA BEZERRA /PROX AO COLEGIO JOAQUIM NABUCO. PANIFICADORA PÃO PÃO.,ILHA JOANA BEZERRA,SUBURBIO,ABALROAMENTO LONGITUDINAL,COLISAO ENTRE CARRO/MOTO,1.0,1.0,0.0,0.0,0.0,0.0,0.0,0.0,0.0,2.0,0.0,Esquina,Bom,Não existe,Perfeito estado,Seca,Perfeito estado,Não existe,R-6a,60.0,Única,Faixa seccionada,Não informado,2020,7,13,0,13.0
2020-07-13,13:39:00,COM VÍTIMA,FINALIZADA,AFOGADOS,RUA SAO MIGUEL,Não informado,EM FRENTE A FÁBRICA DA IOLANDA. POSTO PETROISA.,AFOGADOS,SUBURBIO,ABALROAMENTO TRANSVERSAL,AUTO E DUAS MOTOS,1.0,2.0,0.0,0.0,0.0,0.0,0.0,0.0,0.0,1.0,0.0,Longo da via,Bom,Não existe,Incompleta,Seca,Perfeito estado,Não existe,Não há placas,60.0,Dupla,Faixa seccionada,Não informado,2020,7,13,0,13.0
2020-07-13,14:52:00,COM VÍTIMA,CANCELADA,CAMPO GRANDE,AV CORREIA DE BRITO,Não informado,E/F AO MERCADO DE SITIO NOVO (SENT. RECIFE),CAMPO GRANDE,Não informado,COLISÃO,COLISÃO C/VITIMA ENTRE UM AUTO E UMA MOTO,1.0,1.0,0.0,0.0,0.0,0.0,0.0,0.0,0.0,1.0,0.0,Não informado,Não informado,Não informado,Não informado,Não informado,Não informado,Não informado,Não informado,60.0,Não informado,Não informado,Não informado,2020,7,13,0,14.0
2020-07-13,15:55:00,COM VÍTIMA,FINALIZADA,IMBIRIBEIRA,AV MARECHAL MASCARENHAS DE MORAES,Não informado,EM FRENTE A FLOR E ARTE,IMBIRIBEIRA,CIDADE,ABALROAMENTO TRANSVERSAL,COLISÃO C/VITIMA ENTRE UM AUTO E UMA MOTO (GM BRENO ALVES NO QTH),1.0,1.0,0.0,0.0,0.0,0.0,0.0,0.0,0.0,1.0,0.0,Longo da via,Bom,Sem defeito,Perfeito estado,Seca,Perfeito estado,Faixa de pedestre,R-6a,60.0,Dupla,Canteiro central,Não informado,2020,7,13,0,15.0
2020-07-13,16:06:00,COM VÍTIMA,FINALIZADA,ARRUDA,RUA ZEFERINO AGRA,RUA DEZESSEIS DE JULHO,APÓS A ESCOLA ALFREDO FREIRE -PROX A DESTRIBUIDORA DE GÁS,ARRUDA,SUBURBIO,ABALROAMENTO LONGITUDINAL,COLISAO ENTRE AUTO/MOTO,1.0,1.0,0.0,0.0,0.0,0.0,0.0,0.0,0.0,1.0,0.0,Cruzamento,Bom,Não existe,Não existente,Seca,Perfeito estado,Não existe,Não há placas,60.0,Dupla,Faixa seccionada,Não informado,2020,7,13,0,16.0
2020-07-13,16:56:00,COM VÍTIMA,FINALIZADA,MACAXEIRA,AV NORTE,RUA MARIA CANDIDA,EM FRENTE A ESCOLA TECNICA MIGUEL BATISTA. ANTIGA FÁBRICA DA MACAXEIRA.,MACAXEIRA,CIDADE,ATROPELAMENTO,ATROPELAMENTO ENTRE AUTO/PEDESTRE,1.0,1.0,0.0,0.0,1.0,0.0,0.0,0.0,0.0,1.0,0.0,Longo da via,Bom,Sem defeito,Perfeito estado,Seca,Perfeito estado,Faixa de pedestre,Não há placas,60.0,Dupla,Canteiro central,Não informado,2020,7,13,0,16.0
2020-07-13,17:02:00,SEM VÍTIMA,FINALIZADA,AFOGADOS,RUA RUBIACEA,Não informado,PROX A CRECHE MUNICIPAL,AFOGADOS,Não informado,COLISÃO,COLISAO ENTRE AUTO/AMBULANCIA,2.0,1.0,0.0,0.0,0.0,0.0,0.0,0.0,0.0,0.0,0.0,Longo da via,Bom,Não existe,Não existente,Seca,Perfeito estado,Não existe,Não há placas,30.0,Dupla,Não existe,Não informado,2020,7,13,0,17.0
2020-07-13,17:30:00,SEM VÍTIMA,FINALIZADA,IMBIRIBEIRA,RUA ARQUITETO LUIZ NUNES,Não informado,DESCIDA DA PONTE MOTOCOLOMBO,IMBIRIBEIRA,SUBURBIO,COLISÃO,COLISAO ENTRE 2 AUTOS AGENTE GUILHERME MOTA NO LOCAL,2.0,1.0,0.0,0.0,0.0,0.0,0.0,0.0,0.0,0.0,0.0,Longo da via,Chuvoso,Não existe,Perfeito estado,Molhada,Perfeito estado,Não existe,R-6a,40.0,Única,Faixa seccionada,Não informado,2020,7,13,0,17.0
2020-07-13,18:21:00,COM VÍTIMA,FINALIZADA,CORDEIRO,AV CAXANGA,AV GENERAL SAN MARTIN,AO LADO DA ESTAÇÃO BRT. INTEGRAÇÃO GETÚLIO VARGAS.,CORDEIRO,CIDADE,ATROPELAMENTO,MOTO E PEDESTRE.,1.0,1.0,0.0,0.0,1.0,0.0,0.0,0.0,0.0,1.0,0.0,Longo da via,Bom,Sem defeito,Perfeito estado,Seca,Perfeito estado,Faixa de pedestre,Outras,60.0,Dupla,Canteiro central,Não informado,2020,7,13,0,18.0
2020-07-13,19:07:00,COM VÍTIMA,FINALIZADA,MADALENA,AV BEIRA RIO,RUA JANUARIO BARBOSA,EM FRENTE AO EDF PASARGADA,MADALENA,Não informado,ABALROAMENTO TRANSVERSAL,COLISÃO ENTRE AUTO E MOTO- C/V,1.0,1.0,0.0,0.0,0.0,0.0,0.0,0.0,0.0,1.0,0.0,Esquina,Chuvoso,Não existe,Perfeito estado,Molhada,Perfeito estado,Não existe,R-6a,60.0,Dupla,Faixa seccionada,Não informado,2020,7,13,0,19.0
2020-07-13,21:40:00,SEM VÍTIMA,FINALIZADA,JARDIM SÃO PAULO,RUA LEANDRO BARRETO,RUA LORENA,EM FRENTE 1025,JARDIM SÃO PAULO,SUBURBIO,ABALROAMENTO TRANSVERSAL,COLISAO SEM VITIMAS,1.0,1.0,0.0,0.0,0.0,0.0,0.0,0.0,0.0,0.0,0.0,Cruzamento,Chuvoso,Não existe,Não informado,Seca,Mal conservada,Não existe,Não há placas,60.0,Dupla,Não existe,Não informado,2020,7,13,0,21.0
2020-07-14,02:11:00,COM VÍTIMA,FINALIZADA,BOA VIAGEM,AV DES JOSE NEVES,Não informado,SENTIDO PIEDADE- CERCA DE 500 METROS APÓS O TÚNEL,BOA VIAGEM,SUBURBIO,ABALROAMENTO LONGITUDINAL,COLISÃO ENTRE ÔNIBUS E MOTO- C/V,1.0,1.0,0.0,0.0,0.0,0.0,0.0,0.0,0.0,1.0,0.0,Longo da via,Bom,Não existe,Perfeito estado,Seca,Perfeito estado,Não existe,Não há placas,60.0,Dupla,Canal,Não informado,2020,7,14,1,2.0
2020-07-14,06:25:00,COM VÍTIMA,FINALIZADA,DERBY,AV GOVERNADOR AGAMENON MAGALHAES,RUA HENRIQUE DIAS,EM FRENTE AO ANTIGO RESTAURANTE SPETTUS,DERBY,CIDADE,ABALROAMENTO TRANSVERSAL,AMBULANCIA E 2 MOTOS C/V,1.0,2.0,0.0,0.0,0.0,0.0,0.0,0.0,0.0,2.0,0.0,Cruzamento,Bom,Sem defeito,Perfeito estado,Seca,Perfeito estado,Faixa de pedestre,R-6a,60.0,Única,Faixa,Não informado,2020,7,14,1,6.0
2020-07-14,11:42:00,SEM VÍTIMA,FINALIZADA,AFOGADOS,RUA NICOLAU PEREIRA,Não informado,PRÓXIMO AO PONTILHÃO DO METRÔ,AFOGADOS,CIDADE,COLISÃO TRASEIRA,COLISÃO SEM VÍTIMAS- ENTRE 2 AUTOS.,2.0,1.0,0.0,0.0,0.0,0.0,0.0,0.0,0.0,0.0,0.0,Longo da via,Bom,Não existe,Perfeito estado,Seca,Perfeito estado,Não existe,Não há placas,60.0,Única,Faixa seccionada,Não informado,2020,7,14,1,11.0
2020-07-14,17:48:00,COM VÍTIMA,FINALIZADA,MADALENA,RUA PADRE LANDIM,RUA DOM MANOEL DA COSTA,E/F A ESCOLA MUNICIPAL CRISTO REI,MADALENA,CIDADE,COLISÃO COM CICLISTA,COLISAO ENTRE AUTO E CICLISTA VT 14 NO LOCAL,1.0,1.0,0.0,1.0,0.0,0.0,0.0,0.0,0.0,1.0,0.0,Cruzamento,Bom,Não existe,Perfeito estado,Seca,Perfeito estado,Faixa de pedestre,Outras,60.0,Única,Faixa seccionada,Não informado,2020,7,14,1,17.0
2020-07-14,18:36:00,COM VÍTIMA,FINALIZADA,DERBY,AV GOVERNADOR AGAMENON MAGALHAES,Não informado,ENF. AO HAPIVIDA PROX AO BANCO DO BRASIL,DERBY,SUBURBIO,ABALROAMENTO LONGITUDINAL,MOTO X AUTO OBS: BATEDORES 03 X 40 NO LOCAL. UMA DAS PARTES SE EVADIU DO LOCAL.,1.0,1.0,0.0,0.0,0.0,0.0,0.0,0.0,0.0,1.0,0.0,Longo da via,Bom,Não existe,Perfeito estado,Seca,Perfeito estado,Outros,Não há placas,60.0,Única,Faixa seccionada,Não informado,2020,7,14,1,18.0
2020-07-14,20:20:00,COM VÍTIMA,FINALIZADA,BOA VIAGEM,RUA JOAO CARDOSO AIRES,RUA ALMIRANTE BATISTA LEAO,E/F AO HAPVIDA,BOA VIAGEM,SUBURBIO,COLISÃO FRONTAL,ENTRE MOTO E AUTO. C/V,1.0,1.0,0.0,0.0,0.0,0.0,0.0,0.0,0.0,1.0,0.0,Cruzamento,Bom,Não existe,Incompleta,Seca,Mal iluminada,Não existe,Placas Pare,60.0,Única,Não informado,Não informado,2020,7,14,1,20.0
2020-07-14,22:46:00,COM VÍTIMA,FINALIZADA,MANGUEIRA,RUA SAO MIGUEL,Não informado,ENF. A DROGARIA BONGI PROX AO RESTAURANTE BODE DO NO,MANGUEIRA,CIDADE,ABALROAMENTO TRANSVERSAL,AUTO E MOTO,1.0,1.0,0.0,0.0,0.0,0.0,0.0,0.0,0.0,2.0,0.0,Longo da via,Bom,Não existe,Perfeito estado,Seca,Perfeito estado,Não existe,Não há placas,60.0,Dupla,Faixa contínua,Não informado,2020,7,14,1,22.0
2020-07-15,07:30:00,SEM VÍTIMA,FINALIZADA,BOA VIAGEM,AV BOA VIAGEM,Não informado,Não informado,BOA VIAGEM,Não informado,COLISÃO,03 AUTOS PASSSEIO,3.0,1.0,0.0,0.0,0.0,0.0,0.0,0.0,0.0,0.0,0.0,Longo da via,Bom,Não existe,Perfeito estado,Seca,Perfeito estado,Não existe,Não há placas,60.0,Única,Faixa seccionada,Não informado,2020,7,15,2,7.0
2020-07-15,09:21:00,SEM VÍTIMA,FINALIZADA,DOIS IRMÃOS,RUA DOIS IRMAOS,RUA BLANDINA PHILLIPINI FERREIRA,SOB O PONTILHÃO DA BR 101 - KM 64,DOIS IRMÃOS,Não informado,COLISÃO,MB L 1620 X FIAT ARGO,1.0,1.0,0.0,0.0,0.0,0.0,1.0,0.0,0.0,0.0,0.0,Cruzamento,Bom,Sem defeito,Perfeito estado,Seca,Perfeito estado,Faixa de pedestre,Não há placas,60.0,Dupla,Faixa contínua,Não informado,2020,7,15,2,9.0
2020-07-15,10:58:00,SEM VÍTIMA,FINALIZADA,IMBIRIBEIRA,AV MARECHAL MASCARENHAS DE MORAES,Não informado,EM FRENTE AO BANCO ITAU,IMBIRIBEIRA,AEROPORTO,COLISÃO,SEM VITIMAS -CTTU NO LOCAL VT29 -SUB INSP LUCIANO /MARCOS/GCM JORDÃO /CLAUDIA,2.0,1.0,0.0,0.0,0.0,0.0,0.0,0.0,0.0,0.0,0.0,Longo da via,Bom,Não existe,Perfeito estado,Seca,Perfeito estado,Não existe,R-6a,60.0,Dupla,Canteiro central,Não informado,2020,7,15,2,10.0
2020-07-15,14:23:00,COM VÍTIMA,FINALIZADA,PAISSANDU,AV GOVERNADOR AGAMENON MAGALHAES,RUA PAISSANDU,EM FRENTE AO BANCO SAFRA,PAISSANDU,CIDADE,COLISÃO TRASEIRA,COLISÃO COM VÍTIMA,1.0,1.0,0.0,0.0,0.0,0.0,0.0,0.0,0.0,1.0,0.0,Longo da via,Bom,Sem defeito,Perfeito estado,Seca,Perfeito estado,Faixa de pedestre,Não há placas,60.0,Única,Faixa seccionada,Não informado,2020,7,15,2,14.0
2020-07-15,16:03:00,SEM VÍTIMA,CANCELADA,PAISSANDU,PTE PAISSANDU,Não informado,APÓS A SEDE DO SPORT CLUB DO RECIFE,PAISSANDU,Não informado,COLISÃO,COLISÃO S/VITIMAS ENTRE UM AUTO E UMA MOTO (VEÍCULO OFICIAL),1.0,1.0,0.0,0.0,0.0,0.0,0.0,0.0,0.0,0.0,0.0,Não informado,Não informado,Não informado,Não informado,Não informado,Não informado,Não informado,Não informado,60.0,Não informado,Não informado,Não informado,2020,7,15,2,16.0
2020-07-15,20:14:00,COM VÍTIMA,CANCELADA,BONGI,RUA ISAAC MARKMAN,Não informado,E/F A CELPE DO BONGI,BONGI,Não informado,COLISÃO,COLISAO ENTRE UM AUTO E MOTO,1.0,1.0,1.0,0.0,0.0,0.0,0.0,0.0,0.0,1.0,0.0,Não informado,Não informado,Não informado,Não informado,Não informado,Não informado,Não informado,Não informado,60.0,Não informado,Não informado,Não informado,2020,7,15,2,20.0
2020-07-16,05:31:00,SEM VÍTIMA,FINALIZADA,IMBIRIBEIRA,AV MARECHAL MASCARENHAS DE MORAES,RUA PAMPULHA,EM FRENTE A LOJA LASER,IMBIRIBEIRA,Não informado,COLISÃO,Não informado,1.0,1.0,0.0,0.0,0.0,1.0,0.0,0.0,0.0,0.0,0.0,Longo da via,Chuvoso,Sem defeito,Perfeito estado,Molhada,Perfeito estado,Faixa de pedestre,Não há placas,60.0,Dupla,Canteiro central,Não informado,2020,7,16,3,5.0
2020-07-16,08:04:00,COM VÍTIMA,FINALIZADA,VÁRZEA,RUA MARIO CAMPELO,Não informado,EM FRENTE A MINHA DOCE VIDA BOLO E CIA,VÁRZEA,Não informado,TOMBAMENTO,QUEDA DE MOTOCICLISTA,1.0,1.0,0.0,0.0,0.0,0.0,0.0,0.0,0.0,1.0,0.0,Longo da via,Chuvoso,Não existe,Não existente,Molhada,Perfeito estado,Não existe,Não há placas,60.0,Dupla,Não existe,Não informado,2020,7,16,3,8.0
2020-07-16,13:15:00,COM VÍTIMA,CANCELADA,SANTO AMARO,AV GOVERNADOR AGAMENON MAGALHAES,Não informado,EM FRENTE AO POSTO DISLUB,SANTO AMARO,OLINDA,COLISÃO,COM VÍTIMA. O GCM CARLOS LIMA SE DEPAROU COM A COLISÃO,1.0,1.0,0.0,0.0,0.0,0.0,0.0,0.0,0.0,1.0,0.0,Não informado,Não informado,Não informado,Não informado,Não informado,Não informado,Não informado,Não informado,60.0,Não informado,Não informado,Não informado,2020,7,16,3,13.0
2020-07-16,19:34:00,COM VÍTIMA,FINALIZADA,PINA,AV ENGENHEIRO DOMINGOS FERREIRA,Não informado,LADO OPOSTO AO CLINICAL CENTER. IBIS HOTEL.,PINA,SUBURBIO,CAPOTAMENTO,VEICULO VW/GOL CAPOTOU E EM SEGUIDA CHOCOU-SE CONTRA UMA GM/SPIN,2.0,1.0,0.0,0.0,0.0,0.0,0.0,0.0,0.0,3.0,0.0,Longo da via,Bom,Não existe,Perfeito estado,Seca,Perfeito estado,Não informado,Não há placas,50.0,Única,Canteiro central,Não informado,2020,7,16,3,19.0
2020-07-17,04:59:00,SEM VÍTIMA,FINALIZADA,BOA VIAGEM,AV BOA VIAGEM,Não informado,LADO OPSTO AO EDFº GRAND MERCURY,BOA VIAGEM,CIDADE,CHOQUE OBJETO FIXO,CHOQUE NO POSTE ILUMUNIAÇÃO,1.0,1.0,0.0,0.0,0.0,0.0,0.0,0.0,0.0,0.0,0.0,Longo da via,Chuvoso,Sem defeito,Perfeito estado,Molhada,Perfeito estado,Faixa de pedestre,Outras,60.0,Única,Faixa contínua,Não informado,2020,7,17,4,4.0
2020-07-17,06:05:00,COM VÍTIMA,FINALIZADA,IMBIRIBEIRA,AV MARECHAL MASCARENHAS DE MORAES,RUA JOAQUIM BANDEIRA,EM FRENTE A RENAULT,IMBIRIBEIRA,CIDADE,COLISÃO COM CICLISTA,COM UMA VITIMA-SAMU JÁ ACIONADO-CTTU NO LOCAL VT 07-SUB INSP MARCILIO,1.0,1.0,0.0,1.0,0.0,1.0,0.0,0.0,0.0,1.0,0.0,Cruzamento,Bom,Sem defeito,Perfeito estado,Seca,Perfeito estado,Faixa de pedestre,Não informado,60.0,Dupla,Canteiro central,Não informado,2020,7,17,4,6.0
2020-07-17,09:11:00,COM VÍTIMA,FINALIZADA,JOANA BEZERRA,VDO PAPA JOAO PAULO II,Não informado,SOBRE O VIADUTO CAPITÃO TEMUDO. ALÇA DE ENTRADA DO SHOPPING RIO MAR.,JOANA BEZERRA,SUBURBIO,ABALROAMENTO LONGITUDINAL,COM UMA VITIMA AGUARDANDO SAMU/AUTO PASSEIO SE EVADIU,1.0,1.0,0.0,0.0,0.0,0.0,0.0,0.0,0.0,1.0,0.0,Viaduto,Chuvoso,Não existe,Perfeito estado,Molhada,Perfeito estado,Não existe,Não há placas,60.0,Única,Faixa seccionada,Não informado,2020,7,17,4,9.0
2020-07-17,13:21:00,SEM VÍTIMA,FINALIZADA,IMBIRIBEIRA,AV MARECHAL MASCARENHAS DE MORAES,Não informado,SEMÁFORO 396,IMBIRIBEIRA,CIDADE,COLISÃO TRASEIRA,COLISÃO S/VITIMAS ENTRE UM AUTO (VEICULO OFICIAL) E UM CAMINHÃO,2.0,1.0,0.0,0.0,0.0,0.0,1.0,0.0,0.0,0.0,0.0,Longo da via,Chuvoso,Sem defeito,Perfeito estado,Molhada,Perfeito estado,Faixa de pedestre,R-6a,60.0,Dupla,Canteiro central,Não informado,2020,7,17,4,13.0
2020-07-17,15:43:00,SEM VÍTIMA,CANCELADA,ARRUDA,RUA VELHA,Não informado,E/F AO DNOCS,ARRUDA,Não informado,COLISÃO,COLISÃO S/VITIMAS ENTRE UM AUTO E UMA MOTO (V.T 23 NO QTH),1.0,1.0,0.0,0.0,0.0,0.0,0.0,0.0,0.0,0.0,0.0,Não informado,Não informado,Não informado,Não informado,Não informado,Não informado,Não informado,Não informado,60.0,Não informado,Não informado,Não informado,2020,7,17,4,15.0
2020-07-18,01:41:00,COM VÍTIMA,FINALIZADA,MADALENA,AV VISCONDE DE ALBUQUERQUE,RUA JOSE OSORIO,FÁMACIA EXTRAFARMA,MADALENA,SUBURBIO,COLISÃO FRONTAL,ACIDENTE ENTRE DOIS AUTOS UM DOS VEÍCULOS SEM CONDIÇÕES DE SAIR DO LOCAL OBSTRUIDO A VIA.,2.0,1.0,0.0,0.0,0.0,0.0,0.0,0.0,0.0,1.0,0.0,Cruzamento,Chuvoso,Sem defeito,Perfeito estado,Molhada,Perfeito estado,Não informado,Não há placas,60.0,Única,Faixa seccionada,Não informado,2020,7,18,5,1.0
2020-07-18,08:14:00,COM VÍTIMA,FINALIZADA,VÁRZEA,AV CAXANGA,Não informado,LADO OPOSTO AO CAXANGÁ GOLF E COUNTRY CLUB.,VÁRZEA,CIDADE,COLISÃO COM CICLISTA,MOTO E CICLISTA,1.0,1.0,0.0,1.0,0.0,0.0,0.0,0.0,0.0,1.0,0.0,Longo da via,Chuvoso,Não existe,Não existente,Molhada,Perfeito estado,Não existe,Não há placas,60.0,Única,Canteiro central,Não informado,2020,7,18,5,8.0