data,hora,natureza_acidente,situacao,bairro,endereco,detalhe_endereco_acidente,complemento,bairro_cruzamento,sentido_via,tipo,descricao,auto,moto,ciclom,ciclista,pedestre,onibus,caminhao,viatura,outros,vitimas,vitimasfatais,acidente_verificado,tempo_clima,situacao_semaforo,sinalizacao,condicao_via,conservacao_via,ponto_controle,situacao_placa,velocidade_max_via,mao_direcao,divisao_via1,natureza,ano,mes,dia,dia_semana,hora_ocorrencia
2020-07-18,10:58:00,COM VÍTIMA,FINALIZADA,ARRUDA,AV BEBERIBE,RUA PROFESSORA ANTONIA RIBEIRO CAMPOS,DE ESQUINA COM A LOJA LOJÃO DO PETROLEO,ARRUDA,Não informado,ABALROAMENTO LONGITUDINAL,COLISÃO COM 1 VITIMA,1.0,1.0,0.0,0.0,0.0,0.0,0.0,0.0,0.0,1.0,0.0,Esquina,Bom,Não existe,Perfeito estado,Seca,Perfeito estado,Não existe,Outras,60.0,Dupla,Faixa contínua,Não informado,2020,7,18,5,10.0
2020-07-18,11:14:00,COM VÍTIMA,FINALIZADA,CASA AMARELA,RUA DA HARMONIA,Não informado,EM FRENTE EM FRENTE AO BAR DO CANARIO,CASA AMARELA,SUBURBIO,ABALROAMENTO TRANSVERSAL,AUTO E MOTO C/V,1.0,1.0,0.0,0.0,0.0,0.0,0.0,0.0,0.0,1.0,0.0,Longo da via,Bom,Não existe,Perfeito estado,Seca,Perfeito estado,Não existe,Placas Pare,60.0,Dupla,Faixa,Não informado,2020,7,18,5,11.0
2020-07-18,12:21:00,COM VÍTIMA,CANCELADA,MADALENA,AV CAXANGA,Não informado,E/F AO BANCO SANTANDER S/T CID,MADALENA,Não informado,ATROPELAMENTO,MOTO ATROPELOU DOIS PEDESTRE,1.0,1.0,0.0,0.0,2.0,0.0,0.0,0.0,0.0,1.0,0.0,Não informado,Não informado,Não informado,Não informado,Não informado,Não informado,Não informado,Não informado,60.0,Não informado,Não informado,Não informado,2020,7,18,5,12.0
2020-07-18,13:24:00,SEM VÍTIMA,FINALIZADA,AREIAS,AV CAPITAO GREGORIO DE CALDAS,RUA CAPITAO GREGORIO DE ALBUQUERQUE,LADO OPOSTO AO Nº 215,AREIAS,SUBURBIO,ABALROAMENTO LONGITUDINAL,COLISÃO SEM VÍTIMAS- ENTRE 2 AUTOS.,2.0,1.0,0.0,0.0,0.0,0.0,0.0,0.0,0.0,0.0,0.0,Não informado,Bom,Não existe,Não existente,Seca,Perfeito estado,Não existe,Não há placas,60.0,Dupla,Não existe,Não informado,2020,7,18,5,13.0
2020-07-18,15:13:00,COM VÍTIMA,FINALIZADA,CASA AMARELA,AV NORTE,Não informado,EM FRENTE À HONDA MOTO PARTS,CASA AMARELA,CIDADE,COLISÃO COM CICLISTA,VEÍCULO QUE COLIDIU COM CICLISTA EVADIU-SE.,1.0,1.0,0.0,1.0,0.0,0.0,0.0,0.0,0.0,1.0,0.0,Longo da via,Bom,Não existe,Perfeito estado,Seca,Perfeito estado,Não existe,Outras,60.0,Dupla,Canteiro central,Não informado,2020,7,18,5,15.0
2020-07-18,15:27:00,COM VÍTIMA,FINALIZADA,IMBIRIBEIRA,AV MARECHAL MASCARENHAS DE MORAES,Não informado,EM FRENTE A FERREIRA COSTA.,IMBIRIBEIRA,CIDADE,ABALROAMENTO LONGITUDINAL,COLISAO ENTRE AUTO E MOTO COM UMA VITIMA,1.0,1.0,0.0,0.0,0.0,0.0,0.0,0.0,0.0,1.0,0.0,Longo da via,Bom,Sem defeito,Perfeito estado,Seca,Perfeito estado,Faixa de pedestre,Não há placas,60.0,Única,Faixa seccionada,Não informado,2020,7,18,5,15.0
2020-07-18,20:11:00,SEM VÍTIMA,FINALIZADA,ESPINHEIRO,RUA DO ESPINHEIRO,RUA SANTO ELIAS,POSTO IPIRANGA,ESPINHEIRO,Não informado,ABALROAMENTO TRANSVERSAL,MOTO X PALIO OBS: VT DA CTTU 07 ESTA NO LOCAL,1.0,1.0,0.0,0.0,0.0,0.0,0.0,0.0,0.0,0.0,0.0,Cruzamento,Bom,Não existe,Perfeito estado,Seca,Mal iluminada,Faixa de pedestre,R-6a,30.0,Única,Não informado,Não informado,2020,7,18,5,20.0
2020-07-18,20:21:00,COM VÍTIMA,FINALIZADA,ALTO JOSÉ BONIFÁCIO,RUA ALTO JOSE BONIFACIO,Não informado,PROX DA LINHA DO TIRO NA LADEIRA DA VACA,ALTO JOSÉ BONIFÁCIO,SUBURBIO,ABALROAMENTO LONGITUDINAL,ONIX X MOTO,1.0,1.0,0.0,0.0,0.0,0.0,0.0,0.0,0.0,1.0,0.0,Longo da via,Bom,Não existe,Ilegível,Seca,Mal iluminada,Não existe,Não há placas,60.0,Dupla,Faixa seccionada,Não informado,2020,7,18,5,20.0
2020-07-18,21:40:00,COM VÍTIMA,FINALIZADA,TORRE,RUA JOSE BONIFACIO,RUA CONDE DE IRAJA,ENF. A PADARIA NOVA ARMADA,TORRE,Não informado,COLISÃO TRASEIRA,2 AUTOS E UMA MOTO,2.0,1.0,0.0,0.0,0.0,0.0,0.0,0.0,0.0,1.0,0.0,Cruzamento,Bom,Sem defeito,Perfeito estado,Seca,Perfeito estado,Faixa de pedestre,R-6a,40.0,Única,Não informado,Não informado,2020,7,18,5,21.0
2020-07-18,23:17:00,COM VÍTIMA,FINALIZADA,IMBIRIBEIRA,RUA ARQUITETO LUIZ NUNES,Não informado,POR TRAS DO AÇAI DA IMBIRIBEIRA. FARMÁCIA DROGASIL.,IMBIRIBEIRA,SUBURBIO,ABALROAMENTO LONGITUDINAL,FIAT UNO X MOTO OBS : VEICULO CAPOTADO NO MEIO DA VIA SUSPEITA DE EMBRIAGUEZ,1.0,1.0,0.0,0.0,0.0,0.0,0.0,0.0,0.0,2.0,0.0,Longo da via,Bom,Não existe,Incompleta,Seca,Mal iluminada,Não existe,Outras,60.0,Dupla,Faixa contínua,Não informado,2020,7,18,5,23.0
2020-07-19,11:08:00,COM VÍTIMA,FINALIZADA,MANGUEIRA,RUA VINTE E UM DE ABRIL,Não informado,PROX AO CLUBE ESMERALDA E ASSEMBLEIA DE DEUS.,MANGUEIRA,SUBURBIO,ABALROAMENTO TRANSVERSAL,COLISAO ENTRE AUTO E MOTO,1.0,1.0,0.0,0.0,0.0,0.0,0.0,0.0,0.0,1.0,0.0,Cruzamento,Bom,Não existe,Incompleta,Seca,Perfeito estado,Não existe,Não há placas,60.0,Dupla,Não existe,Não informado,2020,7,19,6,11.0
2020-07-19,11:50:00,COM VÍTIMA,FINALIZADA,ÁGUA FRIA,RUA DR EUDES COSTA,RUA BELO JARDIM,PROX AO MERCADO DE AGUA FRIA,ÁGUA FRIA,Não informado,COLISÃO COM CICLISTA,COLISAO ENTRE AUTO E BICICLETA,1.0,1.0,0.0,1.0,0.0,0.0,0.0,0.0,0.0,1.0,0.0,Não informado,Não informado,Não informado,Não informado,Não informado,Não informado,Não informado,Não informado,60.0,Não informado,Não informado,Não informado,2020,7,19,6,11.0
2020-07-19,12:52:00,COM VÍTIMA,FINALIZADA,CASA AMARELA,AV NORTE,Não informado,E/F AO CAPES,CASA AMARELA,CIDADE,ABALROAMENTO TRANSVERSAL,COLISÃO C/VITIMAS ENTRE UM AMBULANCIA E UMA MOTO,1.0,1.0,0.0,0.0,0.0,0.0,0.0,0.0,0.0,2.0,0.0,Longo da via,Bom,Sem defeito,Perfeito estado,Seca,Perfeito estado,Faixa de pedestre,Outras,60.0,Única,Faixa contínua,Não informado,2020,7,19,6,12.0
2020-07-19,21:26:00,SEM VÍTIMA,CANCELADA,GUABIRABA,AV VEREADOR OTACILIO AZEVEDO,Não informado,PROX AO RAROS HOTEL,GUABIRABA,Não informado,COLISÃO,COLISAO SEM VITIMAS,2.0,1.0,0.0,0.0,0.0,0.0,0.0,0.0,0.0,0.0,0.0,Não informado,Não informado,Não informado,Não informado,Não informado,Não informado,Não informado,Não informado,60.0,Não informado,Não informado,Não informado,2020,7,19,6,21.0
2020-07-20,09:06:00,COM VÍTIMA,FINALIZADA,IMBIRIBEIRA,AV MARECHAL MASCARENHAS DE MORAES,RUA PAMPULHA,EM FRENTE A CONCESSIONARIA RENAULT EUROVIA,IMBIRIBEIRA,SUBURBIO,ABALROAMENTO LONGITUDINAL,COLISÃO COM VITIMA GM RANBALD  E MARCOS QTH,1.0,1.0,0.0,0.0,0.0,0.0,0.0,0.0,0.0,1.0,0.0,Cruzamento,Chuvoso,Sem defeito,Perfeito estado,Seca,Perfeito estado,Faixa de pedestre,Não há placas,60.0,Dupla,Canteiro central,Não informado,2020,7,20,0,9.0
2020-07-20,14:29:00,COM VÍTIMA,FINALIZADA,CASA AMARELA,AV NORTE,Não informado,E/F A UPINHA 24 HORAS S/T CID,CASA AMARELA,CIDADE,ABALROAMENTO LONGITUDINAL,COLISAO ENTRE AUTO E MOTO COM UMA VITIMA,1.0,1.0,0.0,0.0,0.0,0.0,0.0,0.0,0.0,1.0,0.0,Longo da via,Bom,Não existe,Perfeito estado,Seca,Perfeito estado,Não existe,Outras,60.0,Dupla,Canteiro central,Não informado,2020,7,20,0,14.0
2020-07-20,20:31:00,SEM VÍTIMA,FINALIZADA,PINA,AV ANTONIO DE GOES,Não informado,ENF A SECRETARIA DE ADMINISTRAÇAO,PINA,Não informado,COLISÃO,DOIS VEIULOS DA LEI SECA,1.0,1.0,0.0,0.0,0.0,0.0,0.0,2.0,0.0,0.0,0.0,Longo da via,Bom,Sem defeito,Perfeito estado,Seca,Perfeito estado,Não existe,Outras,60.0,Única,Faixa seccionada,Não informado,2020,7,20,0,20.0
2020-07-21,05:00:00,SEM VÍTIMA,FINALIZADA,CASA AMARELA,EST DO ARRAIAL,Não informado,OPOSTO AO Nº 4826,CASA AMARELA,SUBURBIO,CHOQUE OBJETO FIXO,VEICULO SE CHOCOU E DESTRUIU UM POSTE DE ILUMINAÇÃO PÚBLICA. EM SEGUIDA- UM CAMINHÃO- DE IDENTIFICAÇÃO IGNORADA- ARRASTOU A FIAÇÃO DO POSTE ATINGIDO. CONDUTOR E PASSAGEIRO SE EVADIRAM DO LOCAL- ANTES DA CHEGADA DOS AGENTES.,1.0,1.0,0.0,0.0,0.0,0.0,0.0,0.0,0.0,0.0,0.0,Longo da via,Bom,Não existe,Perfeito estado,Seca,Perfeito estado,Não informado,Não informado,40.0,Única,Não informado,Não informado,2020,7,21,1,5.0
2020-07-21,08:04:00,COM VÍTIMA,FINALIZADA,VÁRZEA,RUA GENERAL POLIDORO,AV PROFESSOR ARTUR DE SA,AO LADO HOSPITAL DAS CLINICAS,VÁRZEA,CIDADE,COLISÃO COM CICLISTA,COM UMA VITIMA -SAMU NO LOCAL,1.0,1.0,0.0,1.0,0.0,1.0,0.0,0.0,0.0,1.0,0.0,Esquina,Bom,Não existe,Não existente,Seca,Perfeito estado,Não existe,Placas Pare,60.0,Dupla,Faixa contínua,Não informado,2020,7,21,1,8.0
2020-07-21,09:13:00,COM VÍTIMA,CANCELADA,AREIAS,AV RECIFE,Não informado,EM FRENTE AO PAM DE AREIAS,AREIAS,Não informado,COLISÃO,Não informado,1.0,1.0,0.0,0.0,0.0,0.0,0.0,0.0,0.0,3.0,0.0,Não informado,Não informado,Não informado,Não informado,Não informado,Não informado,Não informado,Não informado,60.0,Não informado,Não informado,Não informado,2020,7,21,1,9.0
2020-07-21,11:25:00,COM VÍTIMA,FINALIZADA,BONGI,AV GENERAL SAN MARTIN,Não informado,E/F AOS CORREIOS,BONGI,SUBURBIO,ABALROAMENTO LONGITUDINAL,COLISÃO C/VITIMA ENTRE UM AUTO E UMA MOTO,1.0,1.0,0.0,0.0,0.0,0.0,0.0,0.0,0.0,1.0,0.0,Longo da via,Bom,Não existe,Perfeito estado,Seca,Perfeito estado,Não existe,R-6a,60.0,Dupla,Faixa contínua,Não informado,2020,7,21,1,11.0
2020-07-21,11:48:00,SEM VÍTIMA,FINALIZADA,BOA VISTA,RUA GERVASIO PIRES,Não informado,POR TRAS DO SHOPPING BOA VISTA NA RUA DAS OTICAS,BOA VISTA,Não informado,COLISÃO,COLISAO SEM VITIMA ENTRE AUTO E UM CAMINHAO - UM DELES SENDO VIATURA DA PM,1.0,1.0,0.0,0.0,0.0,0.0,1.0,0.0,0.0,0.0,0.0,Longo da via,Bom,Não existe,Não informado,Seca,Perfeito estado,Não existe,Não informado,60.0,Única,Faixa seccionada,Não informado,2020,7,21,1,11.0
2020-07-21,15:42:00,SEM VÍTIMA,CANCELADA,ÁGUA FRIA,AV BEBERIBE,Não informado,EM FRENTE AO MERCADO DE AGUA FRIA/ PROX A LOJA MILENIO,ÁGUA FRIA,Não informado,COLISÃO,COLISAO ENTRE 3 AUTOS S/V,3.0,1.0,0.0,0.0,0.0,0.0,0.0,0.0,0.0,0.0,0.0,Não informado,Não informado,Não informado,Não informado,Não informado,Não informado,Não informado,Não informado,60.0,Não informado,Não informado,Não informado,2020,7,21,1,15.0
2020-07-21,16:51:00,COM VÍTIMA,FINALIZADA,FUNDÃO,AV BEBERIBE,Não informado,EM FRENTE A CASA DE BOLO E A LORD BABEARIA,FUNDÃO,SUBURBIO,ATROPELAMENTO,MOTO E PEDESTRE,1.0,1.0,0.0,0.0,1.0,0.0,0.0,0.0,0.0,2.0,0.0,Longo da via,Bom,Sem defeito,Perfeito estado,Seca,Perfeito estado,Não existe,Não há placas,60.0,Dupla,Faixa contínua,Não informado,2020,7,21,1,16.0
2020-07-21,17:04:00,COM VÍTIMA,CANCELADA,CAXANGÁ,AV CAXANGA,Não informado,EM FRENTE A ACADEMIA TOPFIT,CAXANGÁ,Não informado,ATROPELAMENTO,ATROPELAMENTO ONIBUS/PEDESTRE,1.0,1.0,0.0,0.0,1.0,1.0,0.0,0.0,0.0,1.0,0.0,Não informado,Não informado,Não informado,Não informado,Não informado,Não informado,Não informado,Não informado,60.0,Não informado,Não informado,Não informado,2020,7,21,1,17.0
2020-07-21,17:51:00,COM VÍTIMA,FINALIZADA,BOA VIAGEM,RUA COSMORAMA,Não informado,EM FRENTE A EPS LOGISTICA E NÚCLEO DA PM,BOA VIAGEM,CIDADE,COLISÃO FRONTAL,MOTO E AUTO,1.0,1.0,0.0,0.0,0.0,0.0,0.0,0.0,0.0,1.0,0.0,Longo da via,Bom,Não existe,Perfeito estado,Seca,Perfeito estado,Não existe,Outras,60.0,Dupla,Faixa seccionada,Não informado,2020,7,21,1,17.0
2020-07-21,21:23:00,COM VÍTIMA,FINALIZADA,IMBIRIBEIRA,VIADUTO TANCREDO NEVES,Não informado,SENTIDO ESTAÇÃO TANCREDO NEVES.,IMBIRIBEIRA,CIDADE,COLISÃO TRASEIRA,COLISÃO ENTRE DOIS AUTOS C/V,2.0,1.0,0.0,0.0,0.0,0.0,0.0,0.0,0.0,1.0,0.0,Viaduto,Bom,Não existe,Perfeito estado,Seca,Mal iluminada,Não existe,Não há placas,60.0,Única,Não informado,Não informado,2020,7,21,1,21.0
2020-07-22,08:46:00,COM VÍTIMA,FINALIZADA,LINHA DO TIRO,RUA URIEL DE HOLANDA,RUA ELADIO CAMBOIM,PROX. A PADARIA PÃO DE OURO,LINHA DO TIRO,SUBURBIO,COLISÃO COM CICLISTA,ONIBUS E CICLISTA VT-31 NO LOCAL SUB. DINIZ- BRUNO E KENNEDY,1.0,1.0,0.0,1.0,0.0,1.0,0.0,0.0,0.0,1.0,0.0,Cruzamento,Bom,Não existe,Não existente,Seca,Mal iluminada,Não existe,Não há placas,60.0,Dupla,Não existe,Não informado,2020,7,22,2,8.0
2020-07-22,09:13:00,COM VÍTIMA,FINALIZADA,IMBIRIBEIRA,AV MARECHAL MASCARENHAS DE MORAES,Não informado,EM FRENTE AO MARTELINHO DE OURO E À IGREJA ASSEMBLEIA DE DEUS.,IMBIRIBEIRA,CIDADE,ABALROAMENTO LONGITUDINAL,COLISÃO COM VITIMAS  SOCORRIDAS PELO SAMU,1.0,2.0,0.0,0.0,0.0,0.0,0.0,0.0,0.0,2.0,0.0,Longo da via,Bom,Não existe,Perfeito estado,Seca,Perfeito estado,Não existe,R-6a,60.0,Dupla,Faixa seccionada,Não informado,2020,7,22,2,9.0
2020-07-22,14:57:00,COM VÍTIMA,FINALIZADA,BOA VIAGEM,RUA DOS NAVEGANTES,RUA ERNESTO DE PAULA SANTOS,NA RUA DO ANTIGO HOTEL RECIFE PALAS- PROX HOTEL GRAN MERCURI,BOA VIAGEM,SUBURBIO,ABALROAMENTO TRANSVERSAL,VEICULO COLIDIU COM A MOTO NO CRUZAMENTO,1.0,1.0,0.0,0.0,0.0,0.0,0.0,0.0,0.0,2.0,0.0,Cruzamento,Bom,Não existe,Perfeito estado,Seca,Perfeito estado,Faixa de retenção,Placas Pare,60.0,Única,Faixa seccionada,Não informado,2020,7,22,2,14.0
2020-07-23,07:57:00,COM VÍTIMA,FINALIZADA,SÃO JOSÉ,RUA FLORIANO PEIXOTO,RUA TOBIAS BARRETO,E/F A CASA DA CULTURA. EM FRENTE A PRAÇA VISCONDE DE MAUÁ.,SÃO JOSÉ,SUBURBIO,ABALROAMENTO TRANSVERSAL,COLISÃO C/VITIMA ENTRE UM AUTO UMA MOTO (INS. ROMERO NO QTH),1.0,1.0,0.0,0.0,0.0,0.0,0.0,0.0,0.0,1.0,0.0,Cruzamento,Bom,Não existe,Perfeito estado,Seca,Perfeito estado,Não existe,Outras,60.0,Única,Faixa seccionada,Não informado,2020,7,23,3,7.0
2020-07-23,08:15:00,SEM VÍTIMA,FINALIZADA,DERBY,RUA JENER DE SOUZA,RUA AMAURI DE MEDEIROS,AO LADO DO MEMORIAL DE MEDICINA DA UPE,DERBY,CIDADE,ABALROAMENTO TRANSVERSAL,COLISAO S/VITIMAS,2.0,1.0,0.0,0.0,0.0,0.0,0.0,0.0,0.0,0.0,0.0,Longo da via,Bom,Não existe,Perfeito estado,Seca,Perfeito estado,Agente,Placas Pare,60.0,Única,Canteiro central,Não informado,2020,7,23,3,8.0
2020-07-23,08:27:00,COM VÍTIMA,FINALIZADA,BOA VISTA,AV GOVERNADOR CARLOS DE LIMA CAVALCANTI,Não informado,LADO OPOSTO AO LABORATORIO LUCILO MARANHÃO.,BOA VISTA,SUBURBIO,ABALROAMENTO TRANSVERSAL,COLISÃO C/ VITIMA ENTRE UM ONIBUS E UM AUTO ( BATEDOR URLEY E INS. LINDENBERG NO QTH),1.0,1.0,0.0,0.0,0.0,1.0,0.0,0.0,0.0,1.0,0.0,Longo da via,Bom,Não existe,Perfeito estado,Seca,Perfeito estado,Não existe,Não há placas,60.0,Dupla,Canteiro central,Não informado,2020,7,23,3,8.0
2020-07-23,14:17:00,COM VÍTIMA,FINALIZADA,TORRÕES,RUA ZUMBI DOS PALMARES,Não informado,RUA DO MERCADO DO NALDO,TORRÕES,SUBURBIO,COLISÃO COM CICLISTA,MOTO E BICICLETA,1.0,1.0,0.0,1.0,0.0,0.0,0.0,0.0,0.0,1.0,0.0,Longo da via,Bom,Não existe,Não existente,Seca,Perfeito estado,Não existe,R-6c,30.0,Dupla,Não existe,Não informado,2020,7,23,3,14.0
2020-07-23,14:35:00,SEM VÍTIMA,CANCELADA,BOA VIAGEM,RUA VISCONDE DE JEQUITINHONHA,Não informado,DEPOIS DO POSTO DE GASOLINA IPIRANGA,BOA VIAGEM,Não informado,ACID. DE PERCURSO,MOTO CAIU DENTRO DE UM BURACO,1.0,1.0,0.0,0.0,0.0,0.0,0.0,0.0,0.0,0.0,0.0,Não informado,Não informado,Não informado,Não informado,Não informado,Não informado,Não informado,Não informado,60.0,Não informado,Não informado,Não informado,2020,7,23,3,14.0
2020-07-24,07:06:00,COM VÍTIMA,FINALIZADA,COELHOS,RUA FRANCISCO ALVES,RUA CAPITAO JOSE DA LUZ,EM FRENTE AO EMPRESARIAL RIO CAPIBARIBE,COELHOS,Não informado,ABALROAMENTO LONGITUDINAL,AUTO E MOTO,1.0,1.0,0.0,0.0,0.0,0.0,0.0,0.0,0.0,1.0,0.0,Cruzamento,Bom,Não existe,Perfeito estado,Seca,Perfeito estado,Não existe,Outras,60.0,Dupla,Faixa contínua,Não informado,2020,7,24,4,7.0
2020-07-24,08:02:00,COM VÍTIMA,FINALIZADA,SANTO AMARO,AV CRUZ CABUGA,Não informado,EM FRENTE AO CEMITÉRIO DOS INGLESES,SANTO AMARO,CIDADE,ATROPELAMENTO,MOTO E PEDESTRE,1.0,1.0,0.0,0.0,1.0,0.0,0.0,0.0,0.0,1.0,0.0,Longo da via,Bom,Sem defeito,Perfeito estado,Seca,Perfeito estado,Agente,Não há placas,60.0,Dupla,Faixa contínua,Não informado,2020,7,24,4,8.0
2020-07-24,10:20:00,SEM VÍTIMA,FINALIZADA,DERBY,AV GOVERNADOR AGAMENON MAGALHAES,Não informado,EM FRENTE AO SEMÁFORO Nº 075,DERBY,Não informado,COLISÃO TRASEIRA,VT- DA POLICIA CIVIL OFICIAL E AUTO,1.0,1.0,0.0,0.0,0.0,0.0,1.0,0.0,0.0,0.0,0.0,Longo da via,Bom,Sem defeito,Perfeito estado,Seca,Perfeito estado,Faixa de pedestre,Outras,60.0,Dupla,Canteiro central,Não informado,2020,7,24,4,10.0
2020-07-24,10:33:00,SEM VÍTIMA,FINALIZADA,IMBIRIBEIRA,RUA DR TAVARES CORREIA,RUA ALLAN KARDEC,Não informado,IMBIRIBEIRA,SUBURBIO,CHOQUE OBJETO FIXO,CARRETA CHOCOU-SE CONTRA POSTE,1.0,1.0,0.0,0.0,0.0,0.0,1.0,0.0,1.0,0.0,0.0,Cruzamento,Bom,Não existe,Perfeito estado,Seca,Perfeito estado,Faixa de retenção,Placas Pare,30.0,Única,Faixa contínua,Não informado,2020,7,24,4,10.0
2020-07-24,11:12:00,SEM VÍTIMA,FINALIZADA,TORRÕES,RUA ONZE DE FEVEREIRO,Não informado,LADO OPOSTO SUPER PÃO,TORRÕES,SUBURBIO,CHOQUE VEÍCULO PARADO,COLISÃO SEM VITIMAS,1.0,1.0,0.0,0.0,0.0,0.0,1.0,0.0,0.0,0.0,0.0,Cruzamento,Bom,Não existe,Não existente,Seca,Mal conservada,Não existe,Não há placas,60.0,Dupla,Não existe,Não informado,2020,7,24,4,11.0
2020-07-24,14:23:00,COM VÍTIMA,FINALIZADA,SANCHO,AV LIBERDADE,AV TEMPO FELIZ,E/F AO CEMITERIO PARQUE DAS FLORES  NA ENTRADA DO CONDOMINIO JARDIM PLANALTO,SANCHO,Não informado,COLISÃO TRASEIRA,COLISAO ENTRE AUTO E MOTO COM UMA VITIMA,1.0,1.0,0.0,0.0,0.0,0.0,0.0,0.0,0.0,1.0,0.0,Cruzamento,Bom,Não existe,Perfeito estado,Seca,Perfeito estado,Faixa de pedestre,R-6c,60.0,Dupla,Faixa contínua,Não informado,2020,7,24,4,14.0
2020-07-24,19:30:00,SEM VÍTIMA,CANCELADA,AREIAS,AV DR JOSE RUFINO,Não informado,ENF AO SUPERMERCADO ARCO IRIS E FARMACIA DOS TRABALHADORES,AREIAS,Não informado,COLISÃO,SANDERO X FIESTA OBS: SUSPEITA DE EMBRIAGUEZ,2.0,1.0,0.0,0.0,0.0,0.0,0.0,0.0,0.0,0.0,0.0,Não informado,Não informado,Não informado,Não informado,Não informado,Não informado,Não informado,Não informado,60.0,Não informado,Não informado,Não informado,2020,7,24,4,19.0
2020-07-24,21:14:00,COM VÍTIMA,FINALIZADA,BOA VIAGEM,RUA DEZ DE JULHO,RUA CAMBOIM,E/F A I GREJA CRISTAL // PRÓX A ESTAÇÃO AEROPORTO- SNT BV,BOA VIAGEM,SUBURBIO,ABALROAMENTO TRANSVERSAL,ENTRE AUTO E MOTO. C/V,1.0,1.0,0.0,0.0,0.0,0.0,0.0,0.0,0.0,1.0,0.0,Cruzamento,Bom,Não existe,Incompleta,Seca,Perfeito estado,Não existe,Placas Pare,30.0,Única,Não informado,Não informado,2020,7,24,4,21.0
2020-07-25,10:53:00,COM VÍTIMA,FINALIZADA,AFLITOS,RUA SAMUEL CAMPELO,RUA QUARENTA E OITO,E/F AO EDF. PRAIA DE ITAOCA E GALERIA 218 CENTER.,AFLITOS,SUBURBIO,ABALROAMENTO LONGITUDINAL,COLISÃO C/VITIMA ENTRE UMA MOTO E DOIS AUTO,2.0,1.0,0.0,0.0,0.0,0.0,0.0,0.0,0.0,1.0,0.0,Cruzamento,Bom,Não existe,Perfeito estado,Seca,Perfeito estado,Faixa de pedestre,R-6a,60.0,Única,Faixa seccionada,Não informado,2020,7,25,5,10.0
2020-07-25,11:37:00,COM VÍTIMA,FINALIZADA,BARRO,AV DR JOSE RUFINO,RUA PADRE NOBREGA,E/F A CRECHE ESCOLA MUNICIPAL DO RECIFE PRES. TANCREDO NEVES,BARRO,SUBURBIO,ABALROAMENTO LONGITUDINAL,COLISÃO C/VITIMA ENTRE UMA MOTO E AUTO,1.0,1.0,0.0,0.0,0.0,0.0,0.0,0.0,0.0,1.0,0.0,Longo da via,Bom,Não existe,Perfeito estado,Seca,Perfeito estado,Não existe,Não há placas,60.0,Dupla,Faixa contínua,Não informado,2020,7,25,5,11.0
2020-07-25,12:26:00,COM VÍTIMA,FINALIZADA,PRADO,RUA GOMES TABORDA,Não informado,PRÓXIMO A PADARIA PLANETA PÃO,PRADO,Não informado,COLISÃO COM CICLISTA,AUTO- CAMINHÃO E BICICLETA.,1.0,1.0,0.0,1.0,0.0,0.0,1.0,0.0,0.0,1.0,0.0,Longo da via,Bom,Não existe,Incompleta,Seca,Perfeito estado,Não existe,R-6a,60.0,Dupla,Faixa seccionada,Não informado,2020,7,25,5,12.0
2020-07-25,17:57:00,COM VÍTIMA,FINALIZADA,CAJUEIRO,RUA CORONEL URBANO RIBEIRO DE SENA,RUA SUDESTE,PROX A ANTIGA RADIO CAPIBARIBE/ EM FRENTE AO MERCADINHO CAPIBARIBE. AO LADO DA DELICATESSEN CAPIBARIBE.,CAJUEIRO,SUBURBIO,ABALROAMENTO TRANSVERSAL,COLISAO ENTRE CARRO E MOTO (SEM PLACA),1.0,1.0,0.0,0.0,0.0,0.0,0.0,0.0,0.0,1.0,0.0,Cruzamento,Bom,Não existe,Perfeito estado,Seca,Perfeito estado,Faixa de pedestre,R-6a,20.0,Dupla,Faixa contínua,Não informado,2020,7,25,5,17.0
2020-07-25,22:03:00,COM VÍTIMA,FINALIZADA,BOA VIAGEM,AV ENGENHEIRO DOMINGOS FERREIRA,RUA HENRIQUE CAPITULINO,FAIXA DA ESQUERDA // PROX A CORRETORA PAULO MIRANDA- AO LADO DO POSTO BR.,BOA VIAGEM,ORLA DE BOA VIAGEM,ABALROAMENTO TRANSVERSAL,COLISÃO ENTRE AUTO E MOTO- C/V,1.0,1.0,0.0,0.0,0.0,0.0,0.0,0.0,0.0,1.0,0.0,Cruzamento,Bom,Sem defeito,Perfeito estado,Seca,Perfeito estado,Não existe,Outras,60.0,Única,Não informado,Não informado,2020,7,25,5,22.0
2020-07-26,04:16:00,SEM VÍTIMA,FINALIZADA,VÁRZEA,RUA TENENTE ROLAND RITTMISTER,Não informado,AO LADO DO Nº224,VÁRZEA,Não informado,CAPOTAMENTO,CONDUTOR EVADIU-SE DO LOCAL,2.0,1.0,0.0,0.0,0.0,0.0,0.0,0.0,0.0,0.0,0.0,Longo da via,Chuvoso,Não existe,Não existente,Molhada,Perfeito estado,Não existe,Não há placas,60.0,Dupla,Não existe,Não informado,2020,7,26,6,4.0
2020-07-26,12:58:00,COM VÍTIMA,FINALIZADA,CÓRREGO DO JENIPAPO,AV NORTE,Não informado,E/F A INTEGRAÇAO DA MACAXEIRA VT 31 E POSTE B033524.,CÓRREGO DO JENIPAPO,SUBURBIO,COLISÃO COM CICLISTA,COLISAO ENTRE MOTO E CICLISTA COM UMA VITIMA,1.0,1.0,0.0,1.0,0.0,0.0,0.0,0.0,0.0,1.0,0.0,Longo da via,Chuvoso,Não existe,Perfeito estado,Molhada,Perfeito estado,Não existe,Não há placas,60.0,Única,Faixa seccionada,Não informado,2020,7,26,6,12.0