data,hora,natureza_acidente,situacao,bairro,endereco,detalhe_endereco_acidente,complemento,bairro_cruzamento,sentido_via,tipo,descricao,auto,moto,ciclom,ciclista,pedestre,onibus,caminhao,viatura,outros,vitimas,vitimasfatais,acidente_verificado,tempo_clima,situacao_semaforo,sinalizacao,condicao_via,conservacao_via,ponto_controle,situacao_placa,velocidade_max_via,mao_direcao,divisao_via1,natureza,ano,mes,dia,dia_semana,hora_ocorrencia
2020-07-26,16:24:00,COM VÍTIMA,FINALIZADA,BOA VIAGEM,AV BOA VIAGEM,RUA HENRIQUE CAPITULINO,EM FRENTE AO BANHEIRO PUBLICO NUMERO 5,BOA VIAGEM,CIDADE,ABALROAMENTO LONGITUDINAL,CONDUTOR DA MOTO AVANÇOU O SINAL VERMELHO E COM O PARALAMA DO LADO DIREITO DO VEICULO,1.0,1.0,0.0,0.0,0.0,0.0,0.0,0.0,0.0,1.0,0.0,Longo da via,Bom,Sem defeito,Perfeito estado,Seca,Perfeito estado,Faixa de pedestre,Não há placas,60.0,Única,Não existe,Não informado,2020,7,26,6,16.0
2020-07-26,21:33:00,SEM VÍTIMA,CANCELADA,JORDÃO,AV CENTENARIO ALBERTO SANTOS DUMONT,Não informado,POR TRÁS DA AERONAUTICA / APÓS O AEROPORTO,JORDÃO,Não informado,CHOQUE OBJETO FIXO,CONDUTOR APARENTEMENTE EMBRIAGADO- PERDEU O CONTROLE DE SEU VEÍCULO E ACABOU SE CHOCANDO CONTRA AS PROTEÇÕES DA AERONAUTICA- QUASE BATENDO NO MURO DA MESMA. S/V,1.0,1.0,0.0,0.0,0.0,0.0,1.0,0.0,0.0,0.0,0.0,Não informado,Não informado,Não informado,Não informado,Não informado,Não informado,Não informado,Não informado,60.0,Não informado,Não informado,Não informado,2020,7,26,6,21.0
2020-07-27,07:21:00,COM VÍTIMA,FINALIZADA,BOA VIAGEM,AV DES JOSE NEVES,RUA DES JOAO PAES,Não informado,BOA VIAGEM,SUBURBIO,ABALROAMENTO TRANSVERSAL,UM SEGUNDO VEÍCULO EVADIU-SE DO LOCAL- SEGUNDO A VÍTIMA.,1.0,1.0,0.0,0.0,0.0,0.0,0.0,0.0,0.0,1.0,0.0,Cruzamento,Chuvoso,Sem defeito,Perfeito estado,Molhada,Perfeito estado,Faixa de pedestre,Não informado,60.0,Dupla,Canal,Não informado,2020,7,27,0,7.0
2020-07-27,07:58:00,COM VÍTIMA,FINALIZADA,TAMARINEIRA,EST VELHA DE AGUA FRIA,Não informado,EM FRENTE A PANIFICADORA MANÁ,TAMARINEIRA,CIDADE,CHOQUE VEÍCULO PARADO,AUTO E MOTO,1.0,1.0,0.0,0.0,0.0,0.0,0.0,0.0,0.0,2.0,0.0,Longo da via,Bom,Sem defeito,Perfeito estado,Seca,Perfeito estado,Outros,Outras,60.0,Dupla,Faixa contínua,Não informado,2020,7,27,0,7.0
2020-07-27,10:05:00,SEM VÍTIMA,FINALIZADA,GRAÇAS,AV GOVERNADOR AGAMENON MAGALHAES,RUA DR BANDEIRA FILHO,EM FRENTE A  ANTIGA EMBRATEL,GRAÇAS,SUBURBIO,COLISÃO,MOTO E VEICULO OFICIAL /  PONTO FIXO NO LOCAL CESAR,1.0,1.0,0.0,0.0,0.0,0.0,0.0,1.0,0.0,0.0,0.0,Cruzamento,Chuvoso,Sem defeito,Perfeito estado,Seca,Perfeito estado,Agente,Não informado,60.0,Dupla,Canteiro central,Não informado,2020,7,27,0,10.0
2020-07-27,12:35:00,SEM VÍTIMA,FINALIZADA,IMBIRIBEIRA,AV PRESIDENTE DUTRA,RUA GONCALVES DE MAGALHAES,EM FRENTE AO POSTO BR,IMBIRIBEIRA,SUBURBIO,COLISÃO,COLISAO ENTRE 2 AUTOS/ MOTORISTA EMBRIAGADO,2.0,1.0,0.0,0.0,0.0,0.0,0.0,0.0,0.0,0.0,0.0,Não informado,Não informado,Não informado,Não informado,Não informado,Não informado,Não informado,Não informado,60.0,Não informado,Não informado,Não informado,2020,7,27,0,12.0
2020-07-28,10:02:00,COM VÍTIMA,FINALIZADA,BOA VISTA,AV GOVERNADOR AGAMENON MAGALHAES,RUA DR BANDEIRA FILHO,SUPER BOMPREÇO,BOA VISTA,SUBURBIO,COLISÃO COM CICLISTA,CICLISTA E AUTO BATEDORES NO LOCAL GM PETERSON,1.0,1.0,0.0,1.0,0.0,0.0,0.0,0.0,0.0,1.0,0.0,Cruzamento,Bom,Sem defeito,Perfeito estado,Seca,Perfeito estado,Outros,Outras,60.0,Não informado,Faixa seccionada,Não informado,2020,7,28,1,10.0
2020-07-28,11:49:00,COM VÍTIMA,FINALIZADA,ILHA DO RETIRO,EST DOS REMEDIOS,RUA ASTORGA,PROX A O  SPORT CLUBE DO RECIFE  AO LADO DA FARMACIA DROGASIL,ILHA DO RETIRO,SUBURBIO,ABALROAMENTO TRANSVERSAL,COLISÃO COM VITIMA A ESPERA DO SAMU,1.0,1.0,0.0,0.0,0.0,1.0,0.0,0.0,0.0,1.0,0.0,Longo da via,Bom,Não existe,Perfeito estado,Seca,Perfeito estado,Não informado,Placas Pare,40.0,Não informado,Faixa contínua,Não informado,2020,7,28,1,11.0
2020-07-28,14:07:00,COM VÍTIMA,FINALIZADA,SÃO JOSÉ,RUA IMPERIAL,RUA DO PEIXOTO,NO SEMAFORO 207 E/F AIGREJA MATRIZ DE SAO JOSE AO LADO DO TRE,SÃO JOSÉ,SUBURBIO,ABALROAMENTO TRANSVERSAL,COLISÃO ENVOLVENDO ÔNIBUS E AUTOS.,4.0,1.0,0.0,0.0,0.0,1.0,0.0,0.0,0.0,1.0,0.0,Cruzamento,Bom,Sem defeito,Perfeito estado,Seca,Perfeito estado,Não existe,Outras,40.0,Única,Faixa seccionada,Não informado,2020,7,28,1,14.0
2020-07-28,14:31:00,COM VÍTIMA,FINALIZADA,CAMPO GRANDE,RUA ODORICO MENDES,RUA VISCONDE DE CAIRU,PROX AO CLUBE DAS PAS,CAMPO GRANDE,SUBURBIO,ABALROAMENTO TRANSVERSAL,COLISAO ENTRE DUAS MOTOS COM VITIMAS,1.0,2.0,0.0,0.0,0.0,0.0,0.0,0.0,0.0,1.0,0.0,Cruzamento,Bom,Não existe,Perfeito estado,Seca,Perfeito estado,Não existe,Placas Pare,40.0,Dupla,Faixa seccionada,Não informado,2020,7,28,1,14.0
2020-07-28,14:45:00,COM VÍTIMA,FINALIZADA,DOIS UNIDOS,AV HILDEBRANDO DE VASCONCELOS,Não informado,ANTES DA FABRICA DA MINERVA- PRÓXIMO A CIP CÃES.,DOIS UNIDOS,SUBURBIO,COLISÃO TRASEIRA,CAMINHONETE E MICRO-ÔNIBUS.,1.0,1.0,0.0,0.0,0.0,1.0,0.0,0.0,0.0,1.0,0.0,Longo da via,Bom,Não existe,Perfeito estado,Seca,Perfeito estado,Não existe,Não há placas,60.0,Dupla,Não existe,Não informado,2020,7,28,1,14.0
2020-07-28,16:13:00,SEM VÍTIMA,FINALIZADA,BOA VIAGEM,AV BOA VIAGEM,Não informado,EM FRENTE AO EDF. NÁPOLIS,BOA VIAGEM,CIDADE,ABALROAMENTO LONGITUDINAL,VEICULO DA GUARDA MUNICIPAL ESTAVA ESTACIONDO E O CARRO UMA PUXAVA A MOTO TUQUI-TUQUI- E A MOTO COLIDIU COM O VEICULO DA GUARDA MUNICIPAL,2.0,1.0,0.0,0.0,0.0,0.0,0.0,0.0,1.0,0.0,0.0,Longo da via,Bom,Não existe,Perfeito estado,Seca,Perfeito estado,Não existe,Não há placas,60.0,Única,Faixa contínua,Não informado,2020,7,28,1,16.0
2020-07-28,16:13:00,COM VÍTIMA,CANCELADA,CAMPINA DO BARRETO,RUA DAS MOCAS,Não informado,PROX A PIZZARIA ATLANTICO,CAMPINA DO BARRETO,Não informado,COLISÃO,COLISAO ENTRE MOTO E AUTO COM UMA VITIMA,1.0,1.0,0.0,0.0,0.0,0.0,0.0,0.0,0.0,1.0,0.0,Não informado,Não informado,Não informado,Não informado,Não informado,Não informado,Não informado,Não informado,60.0,Não informado,Não informado,Não informado,2020,7,28,1,16.0
2020-07-28,17:23:00,SEM VÍTIMA,FINALIZADA,GRAÇAS,RUA JOAQUIM NABUCO,Não informado,Não informado,GRAÇAS,SUBURBIO,COLISÃO TRASEIRA,COLISAO ENTRE DOIS AUTOS,2.0,1.0,0.0,0.0,0.0,0.0,0.0,0.0,0.0,0.0,0.0,Longo da via,Bom,Sem defeito,Perfeito estado,Seca,Perfeito estado,Outros,Não informado,60.0,Única,Faixa seccionada,Não informado,2020,7,28,1,17.0
2020-07-28,19:17:00,COM VÍTIMA,CANCELADA,BOA VIAGEM,RUA SA E SOUZA,RUA CAPITAO ZUZINHA,SEMÁFORO 420 / E/F A PADARIA SANTA ROSA,BOA VIAGEM,Não informado,COLISÃO,ENTRE 2 MOTOS. C/V,1.0,2.0,0.0,0.0,0.0,0.0,0.0,0.0,0.0,2.0,0.0,Não informado,Não informado,Não informado,Não informado,Não informado,Não informado,Não informado,Não informado,60.0,Não informado,Não informado,Não informado,2020,7,28,1,19.0
2020-07-28,19:39:00,SEM VÍTIMA,CANCELADA,AFOGADOS,RUA SAO MIGUEL,Não informado,NA FAIXA EXCLUSIVA DE ONIBUS ENF. AO DEPATRI,AFOGADOS,Não informado,COLISÃO,ONIBUS METROPOLITANA X NISSAN OBS : VEICULO ESTA SEM CONDIÇOES DE SAIR DA VIA DEVIDO A PROPORÇAO DA COLISAO,1.0,1.0,0.0,0.0,0.0,1.0,0.0,0.0,0.0,0.0,0.0,Não informado,Não informado,Não informado,Não informado,Não informado,Não informado,Não informado,Não informado,60.0,Não informado,Não informado,Não informado,2020,7,28,1,19.0
2020-07-28,19:41:00,COM VÍTIMA,FINALIZADA,ÁGUA FRIA,RUA SAO SEBASTIAO,Não informado,PRÓX A ENTRADA DA BOMBA DO HEMETERIO E POSTO DA BOMBA,ÁGUA FRIA,Não informado,ABALROAMENTO LONGITUDINAL,ENTRE 2 MOTOS. C/V,1.0,2.0,0.0,0.0,0.0,0.0,0.0,0.0,0.0,1.0,0.0,Longo da via,Bom,Não existe,Não informado,Seca,Perfeito estado,Não existe,Não há placas,60.0,Dupla,Faixa contínua,Não informado,2020,7,28,1,19.0
2020-07-29,06:33:00,SEM VÍTIMA,FINALIZADA,JOANA BEZERRA,VDO PAPA JOAO PAULO II,Não informado,NA DESCIDA DA PONTE SENTIDO AGAMENON MAGALHÃES,JOANA BEZERRA,Não informado,COLISÃO,SEM VITIMAS -UMA DAS PARTES EMBRIAGADA ESTA ABANDONANDO O VEÍCULO,2.0,1.0,0.0,0.0,0.0,0.0,0.0,0.0,0.0,0.0,0.0,Viaduto,Bom,Não existe,Perfeito estado,Seca,Perfeito estado,Não existe,Não há placas,60.0,Dupla,Faixa seccionada,Não informado,2020,7,29,2,6.0
2020-07-29,07:50:00,COM VÍTIMA,FINALIZADA,ENCRUZILHADA,RUA FERNANDO CESAR,RUA AMARO COUTINHO,E/F A JDA EQUIPAMENTOS E PRAÇA DOM MIGUEL VALVERDE.,ENCRUZILHADA,CIDADE,ABALROAMENTO LONGITUDINAL,COLISÃO C/VITIMA ENTRE MOTO E CICLOMOTOR (V.T 12 NO QTH),1.0,1.0,1.0,0.0,0.0,0.0,0.0,0.0,0.0,2.0,0.0,Cruzamento,Chuvoso,Não existe,Perfeito estado,Seca,Perfeito estado,Faixa de pedestre,Placas Pare,30.0,Única,Faixa contínua,Não informado,2020,7,29,2,7.0
2020-07-29,07:55:00,COM VÍTIMA,FINALIZADA,SANTO AMARO,AV CRUZ CABUGA,Não informado,EM FRENTE AO SEFAZ,SANTO AMARO,CIDADE,ABALROAMENTO LONGITUDINAL,COM UMA VITIMA AGUARDANDO SAMU/BATEDOR MOTO 10/26 CTTU NO LOCAL,1.0,1.0,0.0,0.0,0.0,0.0,0.0,0.0,0.0,1.0,0.0,Longo da via,Bom,Sem defeito,Perfeito estado,Seca,Perfeito estado,Não existe,Outras,60.0,Dupla,Faixa contínua,Não informado,2020,7,29,2,7.0
2020-07-29,08:21:00,SEM VÍTIMA,FINALIZADA,SANTO AMARO,RUA TREZE DE MAIO,AV VISCONDE DE SUASSUNA,E/F A LINS ADVOCACIA,SANTO AMARO,Não informado,COLISÃO,COLISÃO S/VITIMAS ENTRE UM AUTO E UMA MOTO (VEÍCULO OFICIAL),1.0,1.0,0.0,0.0,0.0,0.0,0.0,0.0,0.0,0.0,0.0,Longo da via,Chuvoso,Sem defeito,Perfeito estado,Molhada,Perfeito estado,Faixa de pedestre,Outras,60.0,Única,Não existe,Não informado,2020,7,29,2,8.0
2020-07-29,08:46:00,COM VÍTIMA,FINALIZADA,BOA VISTA,RUA JOSE DE ALENCAR,RUA BARAO DE SAO BORJA,EM FRENTE AO HOTEL BOA VISTA,BOA VISTA,CDE BOA VISTA,ABALROAMENTO LONGITUDINAL,AUTO E MOTO- COLISÃO COM UMA VITIMA -JÁ SOCORRIDA PELO SAMU,1.0,1.0,0.0,0.0,0.0,0.0,0.0,0.0,0.0,1.0,0.0,Cruzamento,Chuvoso,Não existe,Perfeito estado,Molhada,Outros,Faixa de pedestre,Placas Pare,60.0,Única,Não existe,Não informado,2020,7,29,2,8.0
2020-07-29,09:28:00,COM VÍTIMA,FINALIZADA,IPSEP,AV RECIFE,Não informado,EM FRENTE A CENTRAL DAS BATERIAS,IPSEP,AEROPORTO,ABALROAMENTO LONGITUDINAL,COM UMA VITIMA AGUARDANDO SAMU/CTTU NO LOCAL BATEDORES NO LOCAL 03-28,1.0,2.0,0.0,0.0,0.0,0.0,0.0,0.0,0.0,1.0,0.0,Longo da via,Chuvoso,Não existe,Perfeito estado,Molhada,Perfeito estado,Não existe,Não há placas,60.0,Dupla,Faixa contínua,Não informado,2020,7,29,2,9.0
2020-07-29,09:58:00,COM VÍTIMA,FINALIZADA,SAN MARTIN,AV GENERAL SAN MARTIN,Não informado,EM FRENTE A O IPA,SAN MARTIN,SUBURBIO,ABALROAMENTO TRANSVERSAL,AUTO E MOTO COM UMA VITIMA.,1.0,1.0,0.0,0.0,0.0,0.0,0.0,0.0,0.0,1.0,0.0,Longo da via,Nublado,Não existe,Incompleta,Seca,Perfeito estado,Faixa de pedestre,R-6a,40.0,Dupla,Faixa contínua,Não informado,2020,7,29,2,9.0
2020-07-29,11:18:00,COM VÍTIMA,FINALIZADA,CAMPINA DO BARRETO,RUA EXP JAMIL DAGLI,Não informado,RUA TRANSVERSAL A AV. PROF. JOSE DOS ANJOS // NA RUA DA BARRACA DO KAUAN,CAMPINA DO BARRETO,SUBURBIO,ATROPELAMENTO,ATROPELAMENTO / ENVOLVIDO SOCORRIDO PELO SAMU PARA O HR,1.0,1.0,0.0,0.0,1.0,0.0,0.0,0.0,0.0,1.0,0.0,Longo da via,Chuvoso,Não existe,Não existente,Seca,Perfeito estado,Não existe,Não há placas,60.0,Dupla,Canal,Não informado,2020,7,29,2,11.0
2020-07-29,11:21:00,SEM VÍTIMA,FINALIZADA,SANTO AMARO,AV GOVERNADOR AGAMENON MAGALHAES,AV DR JAYME DA FONTE,EM FRENTE AO IC,SANTO AMARO,OLINDA,COLISÃO,SEM VITIMAS /VIATURA DA POLICIA CIVIL,1.0,1.0,0.0,0.0,0.0,0.0,0.0,1.0,0.0,0.0,0.0,Cruzamento,Chuvoso,Sem defeito,Perfeito estado,Molhada,Perfeito estado,Faixa de pedestre,Outras,60.0,Dupla,Faixa contínua,Não informado,2020,7,29,2,11.0
2020-07-29,12:39:00,COM VÍTIMA,FINALIZADA,CASA AMARELA,RUA TAQUARITINGA,RUA PADRE LEMOS,EM FRENTE AO CENTRO COMERCIAL DE CASA AMARELA AO LADO DA CAIXA ECONÔMICA- EM FRENTE AO POSTE DE ILUMINAÇÃO B023429.,CASA AMARELA,CIDADE,ATROPELAMENTO,ONIBUS E PEDESTRE,1.0,1.0,0.0,0.0,1.0,1.0,0.0,0.0,0.0,1.0,0.0,Esquina,Bom,Não existe,Perfeito estado,Seca,Perfeito estado,Não existe,Não há placas,60.0,Única,Faixa seccionada,Não informado,2020,7,29,2,12.0
2020-07-29,13:04:00,COM VÍTIMA,FINALIZADA,BOA VISTA,RUA BARAO DE SAO BORJA,RUA JOSE DE ALENCAR,EM FRENTE A BANCA DE BICHO E O HOTEL BOA VISTA,BOA VISTA,CIDADE,ABALROAMENTO TRANSVERSAL,MOTO E AUTO,1.0,1.0,0.0,0.0,0.0,0.0,0.0,0.0,0.0,1.0,0.0,Cruzamento,Bom,Não existe,Perfeito estado,Seca,Perfeito estado,Faixa de pedestre,Placas Pare,60.0,Única,Não existe,Não informado,2020,7,29,2,13.0
2020-07-29,13:43:00,SEM VÍTIMA,FINALIZADA,VASCO DA GAMA,RUA DOIS DE FEVEREIRO,Não informado,PROX A SUBIDA DO ALTO NOSSA SENHORA DE FATIMA,VASCO DA GAMA,Não informado,COLISÃO,COLISAO SEM VITIMAS ENTRE CAMINHAO- AUTO E MOTO,1.0,1.0,0.0,0.0,0.0,1.0,0.0,0.0,0.0,0.0,0.0,Longo da via,Chuvoso,Não existe,Não existente,Molhada,Mal conservada,Não existe,Não há placas,60.0,Dupla,Não existe,Não informado,2020,7,29,2,13.0
2020-07-29,13:57:00,COM VÍTIMA,FINALIZADA,CASA AMARELA,RUA PADRE LEMOS,Não informado,MERCADO DE CASA AMARELA,CASA AMARELA,CIDADE,ATROPELAMENTO,MOTO E PEDESTRE (IDOSO),1.0,1.0,0.0,0.0,1.0,0.0,0.0,0.0,0.0,1.0,0.0,Longo da via,Bom,Não existe,Perfeito estado,Seca,Perfeito estado,Não existe,Outras,60.0,Dupla,Faixa seccionada,Não informado,2020,7,29,2,13.0
2020-07-29,16:25:00,SEM VÍTIMA,FINALIZADA,BOA VIAGEM,AV ENGENHEIRO DOMINGOS FERREIRA,RUA BRUNO VELOSO,PROX A DROGAZIL,BOA VIAGEM,Não informado,COLISÃO,COLISAO SEM VITIMAS/ GM MARCOS MARCELINO NO QTH,2.0,1.0,0.0,0.0,0.0,0.0,0.0,0.0,0.0,0.0,0.0,Longo da via,Bom,Sem defeito,Perfeito estado,Seca,Perfeito estado,Não existe,Outras,60.0,Única,Faixa contínua,Não informado,2020,7,29,2,16.0
2020-07-29,18:43:00,VÍTIMA FATAL,FINALIZADA,CASA AMARELA,AV NORTE,COR DO BARTOLOMEU,E/ F AO REI DA PICANHA E FARMÁCIA PAGUE MENOS,CASA AMARELA,CIDADE,ABALROAMENTO LONGITUDINAL,COLISAO DE ONIBUS E MOTO,1.0,1.0,0.0,0.0,0.0,1.0,0.0,0.0,0.0,1.0,1.0,Cruzamento,Bom,Sem defeito,Perfeito estado,Molhada,Perfeito estado,Faixa de pedestre,Não informado,60.0,Não informado,Canteiro central,Não informado,2020,7,29,2,18.0
2020-07-29,20:53:00,COM VÍTIMA,FINALIZADA,BOA VIAGEM,RUA BALTAZAR PASSOS,RUA SA E SOUZA,AO LADO DA CULTURA INGLESA.,BOA VIAGEM,ORLA DE BOA VIAGEM,ABALROAMENTO TRANSVERSAL,COLISAO DE AUTO E MOTONETA,1.0,1.0,0.0,0.0,0.0,0.0,0.0,0.0,0.0,1.0,0.0,Cruzamento,Bom,Não existe,Perfeito estado,Seca,Perfeito estado,Faixa de retenção,Placas Pare,60.0,Única,Não existe,Não informado,2020,7,29,2,20.0
2020-07-30,12:31:00,COM VÍTIMA,FINALIZADA,CAMPO GRANDE,AV PROFESSOR JOSE DOS ANJOS,Não informado,E/F A COMPESA S/T SUB,CAMPO GRANDE,SUBURBIO,ABALROAMENTO TRANSVERSAL,COLISAO ENTRE AUTO E MOTO COM UMA VITIMA,1.0,1.0,0.0,0.0,0.0,0.0,0.0,0.0,0.0,2.0,0.0,Longo da via,Bom,Não existe,Incompleta,Seca,Perfeito estado,Não existe,Não há placas,60.0,Dupla,Não existe,Não informado,2020,7,30,3,12.0
2020-07-30,14:33:00,COM VÍTIMA,FINALIZADA,TORREÃO,AV NORTE,Não informado,SOBRE O VIADUTO VT 13 NO LOCAL. LADO OPOSTO AO EMPRESARIAL TACARUNA.,TORREÃO,CIDADE,COLISÃO TRASEIRA,COLISAO ENTRE AUTO E MOTO COM UMA VITIMA,1.0,1.0,0.0,0.0,0.0,0.0,0.0,0.0,0.0,1.0,0.0,Viaduto,Bom,Não existe,Perfeito estado,Seca,Perfeito estado,Não existe,Outras,60.0,Dupla,Faixa seccionada,Não informado,2020,7,30,3,14.0
2020-07-30,15:53:00,COM VÍTIMA,FINALIZADA,SAN MARTIN,AV GENERAL SAN MARTIN,Não informado,PRÓXIMO A ACADEMIA DA CIDADE. EM FRENTE A PET'S.,SAN MARTIN,CIDADE,COLISÃO COM CICLISTA,COLISÃO MOTO E CICLISTA,1.0,1.0,0.0,1.0,0.0,0.0,0.0,0.0,0.0,2.0,0.0,Longo da via,Bom,Não existe,Perfeito estado,Seca,Perfeito estado,Não informado,Não informado,60.0,Dupla,Faixa contínua,Não informado,2020,7,30,3,15.0
2020-07-30,19:00:00,COM VÍTIMA,FINALIZADA,CASA AMARELA,AV NORTE,Não informado,ENF. AO DESKONTAO ATACADISTA,CASA AMARELA,CIDADE,ATROPELAMENTO,MOTO X PEDESTRE OBS: BATEDORES DA CTTU 37 X 04 NO LOCAL,1.0,1.0,0.0,0.0,1.0,0.0,0.0,0.0,0.0,2.0,0.0,Longo da via,Bom,Não existe,Perfeito estado,Seca,Perfeito estado,Faixa de pedestre,Não há placas,60.0,Dupla,Canteiro central,Não informado,2020,7,30,3,19.0
2020-07-30,21:48:00,VÍTIMA FATAL,FINALIZADA,IBURA,AV DOM HELDER CAMARA,Não informado,PROX AO NUCLEO DA AV RECIFE. LADO OPOSTO AO NÚMERO INFORMADO.,IBURA,SUBURBIO,CHOQUE OBJETO FIXO,MOTO PERDE CONTROLE E CHOCA-SE COM POSTE,1.0,1.0,0.0,0.0,0.0,0.0,0.0,0.0,0.0,1.0,1.0,Longo da via,Chuvoso,Não existe,Não existente,Molhada,Mal iluminada,Não informado,Não há placas,50.0,Dupla,Canteiro central,Não informado,2020,7,30,3,21.0
2020-07-31,00:32:00,COM VÍTIMA,FINALIZADA,VÁRZEA,RUA VALE DO SIRIJI,Não informado,LADEIRA DA UR-7 - E/F À ESCOLA MUNICIPAL JOÃO FRANCISCO DE SOUZA,VÁRZEA,CIDADE,ATROPELAMENTO ANIMAL,VEICULO ATROPELOU E MATOU UM CAVALO- QUE SE ENCONTRA NA VIA. UMA PASSAGEIRA DO VEICULO SOFREU ESCORIAÇÕES E FOI CONDUZIDA À UPA DA CAXANGÁ- POR MEIOS PRÓPRIOS.,1.0,1.0,0.0,0.0,0.0,0.0,0.0,0.0,1.0,1.0,0.0,Longo da via,Chuvoso,Não existe,Não existente,Molhada,Perfeito estado,Não existe,Não há placas,60.0,Dupla,Faixa seccionada,Não informado,2020,7,31,4,0.0
2020-07-31,08:48:00,COM VÍTIMA,FINALIZADA,IPSEP,RUA JEAN EMILE FAVRE,RUA ARACATUBA,EM FRENTE A PRAÇA DA MAURICEA,IPSEP,CIDADE,ABALROAMENTO LONGITUDINAL,ENTRE DUAS MOTOS -COM UMA VITIMA -SAMU NO LOCAL/CTTU NO LOCAL -BATEDOR FONTENELE,1.0,2.0,0.0,0.0,0.0,0.0,0.0,0.0,0.0,1.0,0.0,Cruzamento,Chuvoso,Não existe,Ilegível,Molhada,Perfeito estado,Não existe,Placas Pare,60.0,Não informado,Não existe,Não informado,2020,7,31,4,8.0
2020-07-31,14:03:00,COM VÍTIMA,FINALIZADA,SANTO ANTÔNIO,RUA DO SOL,AV GUARARAPES,EM FRENTE A PONTE DUARTE COELHO,SANTO ANTÔNIO,Não informado,ABALROAMENTO LONGITUDINAL,ONIBUS E CAMINHONETE,1.0,1.0,0.0,0.0,0.0,1.0,0.0,0.0,0.0,1.0,0.0,Cruzamento,Bom,Sem defeito,Perfeito estado,Seca,Perfeito estado,Outros,Outras,60.0,Dupla,Faixa contínua,Não informado,2020,7,31,4,14.0
2020-07-31,15:16:00,COM VÍTIMA,FINALIZADA,BOA VIAGEM,RUA PADRE CARAPUCEIRO,Não informado,NO ESTACIONAMENTO INTERNO DO SHOPPING RECIFE- ENTRADA 5 PROX A C&A.,BOA VIAGEM,Não informado,CHOQUE OBJETO FIXO,O MOTORISTA BATEU EM UMA ARVORE E O CARRO CAPOTOU,1.0,1.0,0.0,0.0,0.0,0.0,0.0,0.0,0.0,1.0,0.0,Longo da via,Bom,Não existe,Perfeito estado,Seca,Perfeito estado,Não existe,R-5b,20.0,Dupla,Canteiro central,Não informado,2020,7,31,4,15.0
2020-07-31,18:02:00,COM VÍTIMA,FINALIZADA,CASA AMARELA,EST DO ARRAIAL,Não informado,PROX AO BANCO DO BRADESCO. PRÓXIMO AO CRUZAMENTO COM A RUA PAULA BATISTA.,CASA AMARELA,SUBURBIO,ABALROAMENTO LONGITUDINAL,COLISAO ENTRE AUTO E MOTO.,1.0,1.0,0.0,0.0,0.0,0.0,0.0,0.0,0.0,2.0,0.0,Longo da via,Bom,Sem defeito,Perfeito estado,Seca,Perfeito estado,Faixa de pedestre,R-3,60.0,Única,Faixa contínua,Não informado,2020,7,31,4,18.0
2020-07-31,18:14:00,COM VÍTIMA,FINALIZADA,BOA VISTA,AV CONDE DA BOA VISTA,RUA DOM BOSCO,Não informado,BOA VISTA,SUBURBIO,ABALROAMENTO LONGITUDINAL,COLISAO ENTRE DUAS MOTOS,1.0,2.0,0.0,0.0,0.0,0.0,0.0,0.0,0.0,1.0,0.0,Cruzamento,Bom,Sem defeito,Perfeito estado,Seca,Perfeito estado,Não existe,Não há placas,60.0,Dupla,Canteiro central,Não informado,2020,7,31,4,18.0
2020-08-01,13:59:00,COM VÍTIMA,CANCELADA,SANTO AMARO,AV DR JAYME DA FONTE,Não informado,EM FRENTE AO CAMPO DO ONZE,SANTO AMARO,Não informado,COLISÃO,COLISÃO COM VÍTIMA ENTRE AUTO E MOTO,1.0,1.0,0.0,0.0,0.0,0.0,0.0,0.0,0.0,1.0,0.0,Não informado,Não informado,Não informado,Não informado,Não informado,Não informado,Não informado,Não informado,60.0,Não informado,Não informado,Não informado,2020,8,1,5,13.0
2020-08-01,18:34:00,COM VÍTIMA,FINALIZADA,CASA AMARELA,AV NORTE,Não informado,PRÓX AO DESCONTÃO / E/F A IGREJA ADVENTISTA ---- **VT 13 NO LOCAL**,CASA AMARELA,CIDADE,COLISÃO TRASEIRA,ENTRE 2 MOTOS. C/V,1.0,2.0,0.0,0.0,0.0,0.0,0.0,0.0,0.0,1.0,0.0,Longo da via,Chuvoso,Não existe,Perfeito estado,Molhada,Perfeito estado,Não existe,Não há placas,60.0,Única,Faixa seccionada,Não informado,2020,8,1,5,18.0
2020-08-02,00:30:00,SEM VÍTIMA,FINALIZADA,BOA VIAGEM,RUA GENERAL AMERICANO FREIRE,Não informado,Não informado,BOA VIAGEM,SUBURBIO,CHOQUE VEÍCULO PARADO,COLISÃO SEM VITIMA,3.0,1.0,0.0,0.0,0.0,0.0,0.0,0.0,0.0,0.0,0.0,Longo da via,Bom,Não existe,Não informado,Seca,Perfeito estado,Não existe,Não informado,60.0,Única,Não existe,Não informado,2020,8,2,6,0.0
2020-08-02,00:40:00,COM VÍTIMA,FINALIZADA,CAMPO GRANDE,RUA JERONIMO VILELA,EST DE BELEM,COM A ESTRADA DE BELÉM,CAMPO GRANDE,SUBURBIO,ABALROAMENTO TRANSVERSAL,COLISÃO AUTO X MOTO,1.0,1.0,0.0,0.0,0.0,0.0,0.0,0.0,0.0,1.0,0.0,Cruzamento,Bom,Sem defeito,Ilegível,Molhada,Mal iluminada,Faixa de pedestre,Não há placas,60.0,Dupla,Faixa seccionada,Não informado,2020,8,2,6,0.0
2020-08-02,06:58:00,SEM VÍTIMA,CANCELADA,COHAB,RUA EXP FRANCISCO VITORIANO,RUA ESTEVAO DE ARAUJO,AO LADO DO LAVA JATO LOVE LOUCOS,COHAB,Não informado,CHOQUE OBJETO FIXO,CHOQUE SEM VITIMAS /CONDUTOR SE EVADIU/VEÍCULO CAPOTADO NO MEIO DA VIA,1.0,1.0,0.0,0.0,0.0,0.0,0.0,0.0,0.0,0.0,0.0,Não informado,Não informado,Não informado,Não informado,Não informado,Não informado,Não informado,Não informado,60.0,Não informado,Não informado,Não informado,2020,8,2,6,6.0