data,hora,natureza_acidente,situacao,bairro,endereco,detalhe_endereco_acidente,complemento,bairro_cruzamento,sentido_via,tipo,descricao,auto,moto,ciclom,ciclista,pedestre,onibus,caminhao,viatura,outros,vitimas,vitimasfatais,acidente_verificado,tempo_clima,situacao_semaforo,sinalizacao,condicao_via,conservacao_via,ponto_controle,situacao_placa,velocidade_max_via,mao_direcao,divisao_via1,natureza,ano,mes,dia,dia_semana,hora_ocorrencia
2020-08-02,07:14:00,COM VÍTIMA,FINALIZADA,MONTEIRO,AV DEZESSETE DE AGOSTO,Não informado,PRAÇA DO MONTEIRO,MONTEIRO,SUBURBIO,ABALROAMENTO TRANSVERSAL,CAMINHONETE E AUTO PASSEIO.,2.0,1.0,0.0,0.0,0.0,0.0,0.0,0.0,0.0,1.0,0.0,Longo da via,Bom,Não existe,Perfeito estado,Seca,Perfeito estado,Não existe,Outras,60.0,Dupla,Não informado,Não informado,2020,8,2,6,7.0
2020-08-02,09:16:00,COM VÍTIMA,FINALIZADA,ÁGUA FRIA,RUA ALEGRE,RUA ZEFERINO AGRA,PRÓXIMO À DELEGACIA DE ÁGUA FRIA.,ÁGUA FRIA,SUBURBIO,COLISÃO TRASEIRA,COLISÃO COM VÍTIMA E O VEÍCULO SE EVADIU,1.0,1.0,0.0,0.0,0.0,0.0,0.0,0.0,0.0,1.0,0.0,Longo da via,Bom,Sem defeito,Perfeito estado,Seca,Perfeito estado,Faixa de pedestre,Não informado,60.0,Única,Faixa seccionada,Não informado,2020,8,2,6,9.0
2020-08-02,14:34:00,COM VÍTIMA,FINALIZADA,BOA VIAGEM,RUA SA E SOUZA,RUA PADRE CABRAL,LABORATORIO GILSON CIDRIM,BOA VIAGEM,Não informado,ABALROAMENTO LONGITUDINAL,AUTO E MOTO,1.0,1.0,0.0,0.0,0.0,0.0,0.0,0.0,0.0,1.0,0.0,Esquina,Bom,Não existe,Perfeito estado,Seca,Perfeito estado,Não existe,R-6a,30.0,Dupla,Faixa contínua,Não informado,2020,8,2,6,14.0
2020-08-02,14:38:00,COM VÍTIMA,FINALIZADA,AFOGADOS,RUA SAO MIGUEL,Não informado,RENASCER DISTRIBUIDORA,AFOGADOS,SUBURBIO,CHOQUE OBJETO FIXO,VEÍCULO CHOCOU-SE COM O POSTE DO SEMÁFORO DE NÚMERO 425..,1.0,1.0,0.0,0.0,0.0,0.0,0.0,0.0,0.0,1.0,0.0,Longo da via,Chuvoso,Não informado,Incompleta,Seca,Perfeito estado,Faixa de pedestre,Outras,60.0,Dupla,Faixa contínua,Não informado,2020,8,2,6,14.0
2020-08-03,07:50:00,COM VÍTIMA,FINALIZADA,GRAÇAS,AV GOVERNADOR AGAMENON MAGALHAES,AV RUI BARBOSA,EM FRENTE AO TRIBUNAL REGIONAL ELEITORAL PE,GRAÇAS,BOA VIAGEM,ABALROAMENTO TRANSVERSAL,COLISÃO COM VITIMA GM  EVANDRO RAMOS QTH,1.0,1.0,0.0,0.0,0.0,0.0,0.0,0.0,0.0,1.0,0.0,Cruzamento,Bom,Sem defeito,Perfeito estado,Seca,Perfeito estado,Agente,Outras,60.0,Dupla,Canteiro central,Não informado,2020,8,3,0,7.0
2020-08-03,13:27:00,SEM VÍTIMA,CANCELADA,IPSEP,1PT DA BOMBA DO HEMETERIO,Não informado,EM FRENTE AO NUMERO 106,IPSEP,SUBURBIO,COLISÃO,VEICULO COLIDIU COM CARRO DA CELPE,2.0,1.0,0.0,0.0,0.0,0.0,0.0,0.0,0.0,0.0,0.0,Não informado,Não informado,Não informado,Não informado,Não informado,Não informado,Não informado,Não informado,60.0,Não informado,Não informado,Não informado,2020,8,3,0,13.0
2020-08-03,16:02:00,COM VÍTIMA,FINALIZADA,SÃO JOSÉ,AV SUL,Não informado,NA ENTRADA DO CAIS SANTA RITA- EM FRENTE AO AGEMAR.,SÃO JOSÉ,CIDADE,COLISÃO TRASEIRA,ENCAVETAMENTO DE 3 ONIBUS,1.0,1.0,0.0,0.0,0.0,3.0,0.0,0.0,0.0,4.0,0.0,Longo da via,Bom,Sem defeito,Perfeito estado,Seca,Perfeito estado,Outros,Outras,60.0,Dupla,Não informado,Não informado,2020,8,3,0,16.0
2020-08-03,19:19:00,SEM VÍTIMA,FINALIZADA,AFOGADOS,AV SUL,Não informado,PRÓXIMO À PONTE DE ADOGADOS - SENTIDO CIDADE,AFOGADOS,Não informado,CAPOTAMENTO,(PROPRIETARIO: JOAQUIM DE ALMEIDA PINTO),1.0,1.0,0.0,0.0,0.0,0.0,0.0,0.0,0.0,0.0,0.0,Não informado,Não informado,Não informado,Não informado,Não informado,Não informado,Não informado,Não informado,60.0,Não informado,Não informado,Não informado,2020,8,3,0,19.0
2020-08-03,22:07:00,COM VÍTIMA,FINALIZADA,TAMARINEIRA,EST DO ARRAIAL,Não informado,APOS O POSTO IPIRANGA,TAMARINEIRA,SUBURBIO,ABALROAMENTO TRANSVERSAL,MOTO X AUTO,1.0,1.0,0.0,0.0,0.0,0.0,0.0,0.0,0.0,1.0,0.0,Longo da via,Bom,Não existe,Perfeito estado,Seca,Perfeito estado,Não existe,Não há placas,60.0,Única,Faixa seccionada,Não informado,2020,8,3,0,22.0
2020-08-04,06:45:00,COM VÍTIMA,FINALIZADA,PASSARINHO,RUA CORONEL PILAR,Não informado,PROX AO CAMPO DE FUTEBOL DE PASSARINHO- LADO OPOSTO A COMPRA DE SUCATAS.,PASSARINHO,Não informado,COLISÃO FRONTAL,COLISAO SEM VITIMAS ENVOLVENDO VIATURA DA POLICIA MILITAR,1.0,1.0,0.0,0.0,0.0,0.0,1.0,0.0,0.0,1.0,0.0,Longo da via,Bom,Não existe,Não existente,Seca,Não informado,Não existe,Não há placas,60.0,Dupla,Não existe,Não informado,2020,8,4,1,6.0
2020-08-04,08:17:00,COM VÍTIMA,FINALIZADA,ESTÂNCIA,AV RECIFE,Não informado,EM FRENTE AO POSTO BR- PROX A ENTRADA DE SAN MARTIM,ESTÂNCIA,Não informado,COLISÃO TRASEIRA,COLISAO C VITIMA- ENVOLVENDO AUTO E MOTO,1.0,1.0,0.0,0.0,0.0,0.0,0.0,0.0,0.0,1.0,0.0,Longo da via,Bom,Não existe,Não existente,Seca,Perfeito estado,Não informado,Não há placas,60.0,Única,Canteiro central,Não informado,2020,8,4,1,8.0
2020-08-04,20:21:00,COM VÍTIMA,FINALIZADA,IBURA,RUA RIO XINGU,Não informado,E/F A CASA DO HAMBURGUER. EM FRENTE AO LAVA JATO.,IBURA,CIDADE,COLISÃO FRONTAL,COLISAO COM VITIMAS,1.0,1.0,0.0,0.0,0.0,0.0,0.0,0.0,0.0,1.0,0.0,Longo da via,Bom,Não existe,Não existente,Seca,Perfeito estado,Não existe,R-19,30.0,Dupla,Faixa seccionada,Não informado,2020,8,4,1,20.0
2020-08-05,05:14:00,SEM VÍTIMA,FINALIZADA,BOA VISTA,RUA AURORA,RUA DO RIACHUELO,Não informado,BOA VISTA,Não informado,COLISÃO,VEÍCULO OFICIAL,1.0,1.0,0.0,0.0,0.0,1.0,0.0,0.0,0.0,0.0,0.0,Não informado,Não informado,Não informado,Não informado,Não informado,Não informado,Não informado,Não informado,60.0,Não informado,Não informado,Não informado,2020,8,5,2,5.0
2020-08-05,08:13:00,COM VÍTIMA,FINALIZADA,ARRUDA,RUA DAS MOCAS,Não informado,RESIDENCIA PROX  A PIZZARIA ATLANTICO,ARRUDA,CIDADE,COLISÃO,COLISÃO COM VITIMA SOCORRIDA PELO SAMU,1.0,1.0,0.0,0.0,0.0,0.0,0.0,0.0,0.0,2.0,0.0,Longo da via,Bom,Não existe,Não existente,Seca,Perfeito estado,Não existe,Não há placas,60.0,Dupla,Faixa seccionada,Não informado,2020,8,5,2,8.0
2020-08-05,10:33:00,COM VÍTIMA,FINALIZADA,CASA AMARELA,RUA DO MARQUES,EST DO ENCANAMENTO,PROX. A ESCOLA ESTADUAL JOSE VILELA,CASA AMARELA,CIDADE,COLISÃO FRONTAL,AUTO E MOTO C/V VT-11 NO LOCAL GM EDER,1.0,1.0,0.0,0.0,0.0,0.0,0.0,0.0,0.0,2.0,0.0,Cruzamento,Bom,Com defeito,Perfeito estado,Seca,Perfeito estado,Faixa de pedestre,Não informado,60.0,Não informado,Não informado,Não informado,2020,8,5,2,10.0
2020-08-05,11:45:00,COM VÍTIMA,FINALIZADA,MADALENA,RUA BENFICA,RUA EUCLIDES DA CUNHA,SEMAFORO 590,MADALENA,CIDADE,TOMBAMENTO,ACID. PERCURSO MOTO C/V,1.0,1.0,0.0,0.0,0.0,0.0,0.0,0.0,0.0,1.0,0.0,Cruzamento,Bom,Sem defeito,Perfeito estado,Seca,Perfeito estado,Faixa de pedestre,Não informado,60.0,Única,Não informado,Não informado,2020,8,5,2,11.0
2020-08-05,13:51:00,COM VÍTIMA,FINALIZADA,ARRUDA,AV PROFESSOR JOSE DOS ANJOS,Não informado,EM FRENTE AO PAI DO ARRUDA- POR TRAS DO CAMPO DO ARRUDA,ARRUDA,SUBURBIO,COLISÃO TRASEIRA,COLISÃO MOTO E CARRO,1.0,1.0,0.0,0.0,0.0,0.0,0.0,0.0,0.0,1.0,0.0,Longo da via,Bom,Não existe,Perfeito estado,Seca,Perfeito estado,Não existe,Outras,40.0,Única,Faixa seccionada,Não informado,2020,8,5,2,13.0
2020-08-05,17:48:00,COM VÍTIMA,CANCELADA,DOIS UNIDOS,RUA SAO JOSE,RUA BEIRA RIO,NA DESCIDA DA ACADEMIA DE MARCO,DOIS UNIDOS,Não informado,COLISÃO,MOTO COLIDIU COM O CARRO,1.0,1.0,0.0,0.0,0.0,0.0,0.0,0.0,0.0,1.0,0.0,Não informado,Não informado,Não informado,Não informado,Não informado,Não informado,Não informado,Não informado,60.0,Não informado,Não informado,Não informado,2020,8,5,2,17.0
2020-08-05,18:17:00,COM VÍTIMA,FINALIZADA,CORDEIRO,AV CAXANGA,Não informado,CANAL DO CAVOUCO. EM FRENTE AO RESTAURANTE MASSARELA.,CORDEIRO,CIDADE,COLISÃO COM CICLISTA,MOTO E BICICLETA.,1.0,1.0,0.0,1.0,0.0,0.0,0.0,0.0,0.0,1.0,0.0,Longo da via,Bom,Sem defeito,Perfeito estado,Seca,Perfeito estado,Não informado,Não informado,60.0,Dupla,Faixa contínua,Não informado,2020,8,5,2,18.0
2020-08-05,18:45:00,COM VÍTIMA,FINALIZADA,CASA FORTE,AV FLOR DE SANTANA,AV DEZESSETE DE AGOSTO,ENF. A BURGE KING. LADO OPOSTO AO NÚMERO INFORMADO.,CASA FORTE,PARNAMIRIM,ABALROAMENTO TRANSVERSAL,ECOSPORT X MOTO,1.0,1.0,0.0,0.0,0.0,0.0,0.0,0.0,0.0,1.0,0.0,Longo da via,Bom,Não existe,Ilegível,Seca,Perfeito estado,Não existe,Outras,60.0,Dupla,Não informado,Não informado,2020,8,5,2,18.0
2020-08-05,19:13:00,COM VÍTIMA,CANCELADA,ROSARINHO,RUA COUTO MAGALHAES,Não informado,PRÓX A ANTIGA PADARIA DO INDIO E PRC SANTOS DUMONT,ROSARINHO,Não informado,COLISÃO,ENTRE AUTO E MOTO. C/V,1.0,1.0,0.0,0.0,0.0,0.0,0.0,0.0,0.0,1.0,0.0,Não informado,Não informado,Não informado,Não informado,Não informado,Não informado,Não informado,Não informado,60.0,Não informado,Não informado,Não informado,2020,8,5,2,19.0
2020-08-05,19:35:00,COM VÍTIMA,FINALIZADA,TORRE,RUA JOSE BONIFACIO,Não informado,LADO OPOSTO AO CARREFOUR.,TORRE,SUBURBIO,COLISÃO TRASEIRA,ENTRE 2 AUTOS E UMA MOTO. C/V,2.0,1.0,0.0,0.0,0.0,0.0,0.0,0.0,0.0,1.0,0.0,Longo da via,Bom,Não existe,Não existente,Seca,Perfeito estado,Não existe,Não há placas,60.0,Dupla,Canteiro central,Não informado,2020,8,5,2,19.0
2020-08-06,13:05:00,COM VÍTIMA,FINALIZADA,IMBIRIBEIRA,AV MARECHAL MASCARENHAS DE MORAES,Não informado,LADO OPOSTO A INFRAERO CARGO,IMBIRIBEIRA,SUBURBIO,ATROPELAMENTO,Não informado,1.0,1.0,0.0,0.0,1.0,0.0,0.0,0.0,0.0,1.0,0.0,Não informado,Não informado,Não informado,Não informado,Não informado,Não informado,Não informado,Não informado,60.0,Não informado,Não informado,Não informado,2020,8,6,3,13.0
2020-08-06,07:34:00,COM VÍTIMA,FINALIZADA,CASA AMARELA,RUA DES GOIS CAVALCANTE,EST DO ARRAIAL,EM FRENTE AO HOSPITAL AGAMENON MAGALHAES,CASA AMARELA,SUBURBIO,ABALROAMENTO LONGITUDINAL,MOTO E AUTO,1.0,1.0,0.0,0.0,0.0,0.0,0.0,0.0,0.0,1.0,0.0,Longo da via,Bom,Não existe,Perfeito estado,Seca,Perfeito estado,Não existe,Outras,60.0,Única,Faixa seccionada,Não informado,2020,8,6,3,7.0
2020-08-06,09:56:00,COM VÍTIMA,FINALIZADA,GRAÇAS,RUA JOAO RAMOS,RUA BRUNO MAIA,E/F AO EMPRESARIAL MANGUINHOS,GRAÇAS,SUBURBIO,ABALROAMENTO TRANSVERSAL,COLISÃO C/VITIMA ENTRE UM AUTO E UMA MOTO,1.0,1.0,0.0,0.0,0.0,0.0,0.0,0.0,0.0,2.0,0.0,Cruzamento,Bom,Não existe,Perfeito estado,Seca,Perfeito estado,Faixa de pedestre,Placas Pare,60.0,Única,Não existe,Não informado,2020,8,6,3,9.0
2020-08-06,12:29:00,VÍTIMA FATAL,FINALIZADA,CAMPO GRANDE,AV CORREIA DE BRITO,AV PROFESSOR JOSE DOS ANJOS,SENTIDO CENTRO DE CONVENÇÕES/SOBRE A PONTE MANOEL DE BRITO.,CAMPO GRANDE,CIDADE,COLISÃO COM CICLISTA,VÍTIMA XX CRIANÇA COM Y ANOS( FALECEU NO LOCAL)- A AVÓ CONDUZIA A BICICLETA,1.0,1.0,0.0,1.0,0.0,0.0,1.0,0.0,0.0,1.0,1.0,Ponte,Bom,Sem defeito,Perfeito estado,Seca,Perfeito estado,Não existe,Não há placas,60.0,Dupla,Faixa contínua,Não informado,2020,8,6,3,12.0
2020-08-06,17:51:00,COM VÍTIMA,FINALIZADA,JORDÃO,AV MARIA IRENE,Não informado,EM FRENTE A CAPELA SÃO JOÃO BATISTA,JORDÃO,SUBURBIO,ABALROAMENTO LONGITUDINAL,COM UMA VITIMA AGUARDADNDO SAMU,1.0,1.0,0.0,0.0,0.0,0.0,0.0,0.0,0.0,1.0,0.0,Longo da via,Bom,Não existe,Perfeito estado,Seca,Perfeito estado,Não existe,Não há placas,60.0,Dupla,Faixa contínua,Não informado,2020,8,6,3,17.0
2020-08-06,21:50:00,SEM VÍTIMA,CANCELADA,BARRO,RUA DOROTHEA VIEIRA,RUA DOM ANTONIO VICOSO,PRÓX AO COLÉGIO IMACULADA CONCEIÇÃO // EDF DIRCEU BARCELAR,BARRO,Não informado,CHOQUE,VEÍCULO CHOCOU-SE CONTRA O MURO DO EDIFÍCIO,1.0,1.0,0.0,0.0,0.0,0.0,0.0,0.0,0.0,0.0,0.0,Não informado,Não informado,Não informado,Não informado,Não informado,Não informado,Não informado,Não informado,60.0,Não informado,Não informado,Não informado,2020,8,6,3,21.0
2020-08-06,23:43:00,SEM VÍTIMA,FINALIZADA,BOA VIAGEM,AV CONSELHEIRO AGUIAR,RUA BRUNO VELOSO,BANCA DE REVISTA,BOA VIAGEM,CIDADE,COLISÃO TRASEIRA,UM DOS CONDUTORES COM SINTOMA DE EMBRIAGUES,2.0,1.0,0.0,0.0,0.0,0.0,0.0,0.0,0.0,0.0,0.0,Longo da via,Bom,Sem defeito,Perfeito estado,Seca,Perfeito estado,Faixa de pedestre,R-6a,60.0,Única,Não existe,Não informado,2020,8,6,3,23.0
2020-08-07,06:23:00,COM VÍTIMA,FINALIZADA,BOA VIAGEM,AV MARECHAL JUAREZ TAVORA,RUA JOAO CARDOSO AIRES,Não informado,BOA VIAGEM,Não informado,ABALROAMENTO TRANSVERSAL,COLISÃO ENTRE ÔNIBUS E VEÍCULO (VT DO PATRIMÔNIO),1.0,1.0,0.0,0.0,0.0,1.0,0.0,1.0,0.0,1.0,0.0,Longo da via,Bom,Sem defeito,Perfeito estado,Seca,Perfeito estado,Faixa de pedestre,Não há placas,30.0,Única,Não existe,Não informado,2020,8,7,4,6.0
2020-08-07,08:33:00,COM VÍTIMA,FINALIZADA,PINA,AV ANTONIO DE GOES,Não informado,SAÍDA DO TÚNEL. EM FRENTE AO EMPRESARIAL JOPIM.,PINA,CIDADE,COLISÃO FRONTAL,COLISÃO DOIS AUTOS E UMA MOTO,2.0,1.0,0.0,0.0,0.0,0.0,0.0,0.0,0.0,1.0,0.0,Cruzamento,Bom,Sem defeito,Perfeito estado,Seca,Perfeito estado,Agente,Não há placas,60.0,Única,Faixa seccionada,Não informado,2020,8,7,4,8.0
2020-08-07,13:07:00,COM VÍTIMA,FINALIZADA,SANCHO,AV LIBERDADE,Não informado,EM FRENTE AO CIMITERIO PARQUE DAS FLORES E PONTO DE ÔNIBUS DE Nº 070013,SANCHO,SUBURBIO,ATROPELAMENTO,CONDUTOR DO VEICULO INFORMA QUE A PESSOA ESTAVA ATAVESSANDO A RUA E NO MEU DO CAMINHO VOLTOU E NÃO DEU TEMPO DE FREIAR,1.0,1.0,0.0,0.0,1.0,0.0,0.0,0.0,0.0,1.0,0.0,Longo da via,Bom,Não existe,Perfeito estado,Seca,Perfeito estado,Não existe,Não há placas,60.0,Dupla,Faixa contínua,Não informado,2020,8,7,4,13.0
2020-08-07,14:53:00,COM VÍTIMA,FINALIZADA,BOA VISTA,AV VISCONDE DE SUASSUNA,RUA GOUVEIA DE BARROS,EID,BOA VISTA,CIDADE,ABALROAMENTO TRANSVERSAL,COLISÃO ENVOLVENDO A VT (MOTO) DO INSPETOR NOBRE.,1.0,1.0,0.0,0.0,0.0,0.0,0.0,1.0,0.0,1.0,0.0,Longo da via,Bom,Não existe,Perfeito estado,Seca,Perfeito estado,Não informado,Não há placas,60.0,Única,Faixa seccionada,Não informado,2020,8,7,4,14.0
2020-08-07,18:00:00,COM VÍTIMA,FINALIZADA,ILHA DO RETIRO,RUA JOAO ELISIO RAMOS,RUA DR JOAO MARQUES,Não informado,ILHA DO RETIRO,CIDADE,COLISÃO COM CICLISTA,COLISÃO COM VITIMA- REPASSADO PELO INSP ALMIR,1.0,1.0,0.0,1.0,0.0,0.0,0.0,0.0,0.0,1.0,0.0,Esquina,Bom,Não existe,Perfeito estado,Seca,Perfeito estado,Não existe,Placas Pare,30.0,Dupla,Não existe,Não informado,2020,8,7,4,18.0
2020-08-07,18:07:00,SEM VÍTIMA,CANCELADA,IPSEP,RUA BLUMENAU,RUA ITANAGE,PROX A ODONTO UP,IPSEP,Não informado,COLISÃO,MOTO DA POLICIA X GOL,1.0,1.0,0.0,0.0,0.0,0.0,0.0,0.0,0.0,0.0,0.0,Não informado,Não informado,Não informado,Não informado,Não informado,Não informado,Não informado,Não informado,60.0,Não informado,Não informado,Não informado,2020,8,7,4,18.0
2020-08-07,19:55:00,COM VÍTIMA,FINALIZADA,SANTO AMARO,AV GOVERNADOR AGAMENON MAGALHAES,Não informado,ENF. A UPE // SENTIDO OLINDA VIA PRINCIPAL,SANTO AMARO,SUBURBIO,ABALROAMENTO LONGITUDINAL,HB 20 X MOTO,1.0,1.0,0.0,0.0,0.0,0.0,0.0,0.0,0.0,2.0,0.0,Longo da via,Chuvoso,Sem defeito,Incompleta,Molhada,Mal conservada,Faixa de pedestre,R-19,60.0,Dupla,Canal,Não informado,2020,8,7,4,19.0
2020-08-07,21:58:00,COM VÍTIMA,FINALIZADA,AREIAS,RUA DR GIL RODRIGUES DOS SANTOS,Não informado,PROX AO TERMINAL DO ONIBUS VILA TAMANDARE,AREIAS,SUBURBIO,ABALROAMENTO LONGITUDINAL,MOTO X FIAT ESTRADA   OBS : VT DA POLICIA MILITAR NO LOCAL,1.0,1.0,0.0,0.0,0.0,0.0,0.0,0.0,0.0,1.0,0.0,Longo da via,Chuvoso,Não existe,Perfeito estado,Molhada,Perfeito estado,Não existe,Não há placas,60.0,Dupla,Não existe,Não informado,2020,8,7,4,21.0
2020-08-08,06:21:00,SEM VÍTIMA,FINALIZADA,ARRUDA,AV BEBERIBE,RUA DAS MOCAS,ESTÁDIO AO SANTA CRUZ,ARRUDA,CIDADE,CHOQUE OBJETO FIXO,AUTOMOVEL COLIDIU COM POSTE E ESTA ABANDONADO NO LOCAL,1.0,1.0,0.0,0.0,0.0,0.0,0.0,0.0,0.0,0.0,0.0,Cruzamento,Chuvoso,Sem defeito,Perfeito estado,Molhada,Perfeito estado,Não existe,Não informado,60.0,Dupla,Faixa contínua,Não informado,2020,8,8,5,6.0
2020-08-08,07:35:00,SEM VÍTIMA,FINALIZADA,CAMPO GRANDE,EST DE BELEM,RUA ANTONIO RANGEL,AO LADO DA PADARIA EXPRESS MAMAE ONE,CAMPO GRANDE,Não informado,ABALROAMENTO LONGITUDINAL,Não informado,1.0,1.0,0.0,0.0,0.0,0.0,1.0,0.0,0.0,0.0,0.0,Não informado,Bom,Sem defeito,Perfeito estado,Seca,Perfeito estado,Faixa de pedestre,R-6a,60.0,Dupla,Faixa contínua,Não informado,2020,8,8,5,7.0
2020-08-08,13:25:00,COM VÍTIMA,FINALIZADA,MADALENA,AV CAXANGA,Não informado,ALEMAO AUTOMOVEIS,MADALENA,SUBURBIO,ABALROAMENTO LONGITUDINAL,AUTO E MOTO C VITIMAS,1.0,1.0,0.0,0.0,0.0,0.0,0.0,0.0,0.0,2.0,0.0,Longo da via,Bom,Não existe,Perfeito estado,Seca,Perfeito estado,Não existe,R-6a,60.0,Dupla,Canteiro central,Não informado,2020,8,8,5,13.0
2020-08-08,16:38:00,SEM VÍTIMA,FINALIZADA,BOA VIAGEM,RUA BALTAZAR PASSOS,RUA PROFESSOR AUGUSTO LINS E SILVA,PAN JOVEM DELICATESSEN,BOA VIAGEM,Não informado,ABALROAMENTO TRANSVERSAL,COLISAO ENTRE DOIS AUTO SEGUIDA DE CAPOTAMENTO/ SEM VITIMAS,2.0,1.0,0.0,0.0,0.0,0.0,0.0,0.0,0.0,0.0,0.0,Cruzamento,Bom,Não existe,Incompleta,Seca,Perfeito estado,Faixa de retenção,R-6a,30.0,Única,Não existe,Não informado,2020,8,8,5,16.0
2020-08-08,19:33:00,COM VÍTIMA,FINALIZADA,ÁGUA FRIA,RUA DO MACHADO,Não informado,PROXIMO DOS IRREPONSAVEIS- PROXIMO DO CALDINHO DO PORTUGA,ÁGUA FRIA,SUBURBIO,COLISÃO COM CICLISTA,COLISÃO ENTRE MOTO E BICICLETA C/V,1.0,1.0,0.0,1.0,0.0,0.0,0.0,0.0,0.0,2.0,0.0,Longo da via,Bom,Não existe,Perfeito estado,Seca,Perfeito estado,Não existe,Não há placas,60.0,Dupla,Faixa seccionada,Não informado,2020,8,8,5,19.0
2020-08-08,19:52:00,COM VÍTIMA,FINALIZADA,BOA VIAGEM,RUA ANTONIO FALCAO,RUA FRANCISCO DA CUNHA,EM FRENTE A ZE DO CALDO DE CANA- EM FRENTE AO FALCÃO COMERCIAL CONSTRUÇÃO,BOA VIAGEM,CIDADE,ABALROAMENTO TRANSVERSAL,COLISÃO ENTRE AUTO E MOTO C/V,1.0,1.0,0.0,0.0,0.0,0.0,0.0,0.0,0.0,1.0,0.0,Cruzamento,Bom,Sem defeito,Perfeito estado,Seca,Perfeito estado,Faixa de pedestre,Não há placas,60.0,Única,Não existe,Não informado,2020,8,8,5,19.0
2020-08-08,21:59:00,COM VÍTIMA,FINALIZADA,BOA VIAGEM,AV ENGENHEIRO DOMINGOS FERREIRA,RUA BRUNO VELOSO,AO LADO DA FARMÁCIA DROGASIL // FAIXA ESQUERDA,BOA VIAGEM,Não informado,ABALROAMENTO TRANSVERSAL,COLISÃO ENTRE AUTO E MOTO C/V,1.0,1.0,0.0,0.0,0.0,0.0,0.0,0.0,0.0,1.0,0.0,Cruzamento,Chuvoso,Sem defeito,Perfeito estado,Molhada,Perfeito estado,Faixa de pedestre,R-6a,60.0,Única,Canteiro central,Não informado,2020,8,8,5,21.0
2020-08-08,22:41:00,COM VÍTIMA,FINALIZADA,BARRO,AV DR JOSE RUFINO,RUA JOSE NATARIO,PRÓX AO SENAI,BARRO,CIDADE,ABALROAMENTO TRANSVERSAL,COLISÃO ENTRE AUTO E MOTO C/V,1.0,1.0,0.0,0.0,0.0,0.0,0.0,0.0,0.0,2.0,0.0,Cruzamento,Chuvoso,Sem defeito,Incompleta,Seca,Mal conservada,Faixa de pedestre,Não informado,60.0,Dupla,Não informado,Não informado,2020,8,8,5,22.0
2020-08-09,11:16:00,SEM VÍTIMA,CANCELADA,ÁGUA FRIA,EST VELHA DE AGUA FRIA,Não informado,AO LADO DO CANAL  NO SENTIDO SESC DE CASA AMARELA PROX AO DNOCS,ÁGUA FRIA,Não informado,COLISÃO,COLISÃO SEM VITIMAS UM DOS CONDUTORES ENCONTRA SE COM SINTOMAS DE EMBRIAGUEZ,1.0,1.0,0.0,0.0,0.0,0.0,0.0,0.0,0.0,0.0,0.0,Não informado,Não informado,Não informado,Não informado,Não informado,Não informado,Não informado,Não informado,60.0,Não informado,Não informado,Não informado,2020,8,9,6,11.0
2020-08-09,15:29:00,COM VÍTIMA,FINALIZADA,IBURA,AV DOIS RIOS,Não informado,AO LADO DA POLICLINICA DO IBURA. POSTE B041617.,IBURA,CIDADE,ABALROAMENTO LONGITUDINAL,COLISÃO COM VÍTIMA,1.0,1.0,0.0,0.0,0.0,0.0,0.0,0.0,0.0,1.0,0.0,Longo da via,Bom,Não existe,Incompleta,Seca,Perfeito estado,Não existe,Placas Pare,60.0,Dupla,Faixa contínua,Não informado,2020,8,9,6,15.0
2020-08-09,18:46:00,COM VÍTIMA,FINALIZADA,SANTO AMARO,AV MARIO MELO,RUA DA AURORA,PROX A ESCOLA DE CONTA PUBLICA PROF. BARRETO GUIMARAES,SANTO AMARO,SUBURBIO,CHOQUE OBJETO FIXO,MOTO X ILHA (DIVISOR DE PISTA ),1.0,1.0,0.0,0.0,0.0,0.0,0.0,0.0,0.0,1.0,0.0,Longo da via,Bom,Sem defeito,Perfeito estado,Seca,Perfeito estado,Faixa de retenção,Não informado,60.0,Única,Faixa contínua,Não informado,2020,8,9,6,18.0
2020-08-09,21:26:00,SEM VÍTIMA,FINALIZADA,IMBIRIBEIRA,AV MARECHAL MASCARENHAS DE MORAES,RUA JATICY,PROX AO POSTO DE GASOLINA BR E GERALDAO,IMBIRIBEIRA,CIDADE,COLISÃO,S 10 X UPE  OBS: SUSPEITA DE EMBRIAGUEZ,2.0,1.0,0.0,0.0,0.0,0.0,0.0,0.0,0.0,0.0,0.0,Longo da via,Chuvoso,Sem defeito,Perfeito estado,Molhada,Perfeito estado,Faixa de pedestre,Outras,60.0,Dupla,Faixa contínua,Não informado,2020,8,9,6,21.0
2020-08-10,15:51:00,SEM VÍTIMA,FINALIZADA,IPSEP,RUA MACHADO DE ASSIS,RUA JEAN EMILE FAVRE,NA TRANSVERSAL DA RUA JEAN EMILE FAVRE CONCECIONARIA VITORIANO VEICULOS,IPSEP,CIDADE,COLISÃO,VEICULO ESTAVA DANDO RÉ E BATEU NA VIATURA DA PM,1.0,1.0,0.0,0.0,0.0,0.0,0.0,1.0,0.0,0.0,0.0,Longo da via,Bom,Não existe,Ilegível,Seca,Mal conservada,Não existe,Não há placas,60.0,Dupla,Não existe,Não informado,2020,8,10,0,15.0
2020-08-11,08:58:00,COM VÍTIMA,FINALIZADA,SÃO JOSÉ,AV SUL,Não informado,PROX. AO POSTO DE GASOLINA BR DESATIVADO. EM FRENTE A OFICINA CABILEIRA,SÃO JOSÉ,CIDADE,COLISÃO TRASEIRA,DOIS AUTOS E MOTO,2.0,1.0,0.0,0.0,0.0,0.0,0.0,0.0,0.0,2.0,0.0,Longo da via,Bom,Sem defeito,Perfeito estado,Seca,Perfeito estado,Faixa de pedestre,Não há placas,60.0,Dupla,Canteiro central,Não informado,2020,8,11,1,8.0
2020-08-11,15:58:00,COM VÍTIMA,FINALIZADA,AFOGADOS,RUA JOAO IVO DA SILVA,Não informado,EM FRENTE A BREMEN/ SENTIDO AFOGADOS,AFOGADOS,SUBURBIO,COLISÃO TRASEIRA,COLISÃO COM VÍTIMA,1.0,1.0,0.0,0.0,0.0,0.0,0.0,0.0,0.0,1.0,0.0,Longo da via,Bom,Não existe,Perfeito estado,Seca,Perfeito estado,Não existe,Não há placas,40.0,Única,Faixa contínua,Não informado,2020,8,11,1,15.0