data,hora,natureza_acidente,situacao,bairro,endereco,detalhe_endereco_acidente,complemento,bairro_cruzamento,sentido_via,tipo,descricao,auto,moto,ciclom,ciclista,pedestre,onibus,caminhao,viatura,outros,vitimas,vitimasfatais,acidente_verificado,tempo_clima,situacao_semaforo,sinalizacao,condicao_via,conservacao_via,ponto_controle,situacao_placa,velocidade_max_via,mao_direcao,divisao_via1,natureza,ano,mes,dia,dia_semana,hora_ocorrencia
2020-08-12,18:28:00,COM VÍTIMA,FINALIZADA,PARNAMIRIM,AV DEZESSETE DE AGOSTO,RUA JOAO DA SILVA TELES,EM FRENTE AO BANCO BRADESCO E DA FRUTARIA.,PARNAMIRIM,SUBURBIO,ATROPELAMENTO,MOTO E PEDESTRE,1.0,1.0,0.0,0.0,1.0,0.0,0.0,0.0,0.0,2.0,0.0,Longo da via,Bom,Não existe,Perfeito estado,Seca,Perfeito estado,Não existe,Outras,60.0,Dupla,Faixa contínua,Não informado,2020,8,12,2,18.0
2020-08-13,10:38:00,COM VÍTIMA,FINALIZADA,TORREÃO,AV NORTE,Não informado,APÓS A PRAÇA DA PICANHA,TORREÃO,CIDADE,TOMBAMENTO,Não informado,1.0,1.0,0.0,0.0,0.0,0.0,0.0,0.0,0.0,1.0,0.0,Longo da via,Bom,Não existe,Perfeito estado,Não informado,Perfeito estado,Não existe,Outras,60.0,Dupla,Canteiro central,Não informado,2020,8,13,3,10.0
2020-08-13,11:09:00,SEM VÍTIMA,FINALIZADA,CORDEIRO,AV ENGENHEIRO ABDIAS DE CARVALHO,Não informado,Não informado,CORDEIRO,Não informado,COLISÃO,COLISÃO ENVOLVENDO DOIS AUTOS SEM VÍTIMA VT PM QYC5840 VW GOL.PER8753 VW POLO,1.0,1.0,0.0,0.0,0.0,0.0,0.0,0.0,0.0,0.0,0.0,Longo da via,Chuvoso,Sem defeito,Perfeito estado,Molhada,Perfeito estado,Faixa de pedestre,Não há placas,60.0,Dupla,Canteiro central,Não informado,2020,8,13,3,11.0
2020-08-13,11:54:00,COM VÍTIMA,CANCELADA,AFOGADOS,RUA DA PAZ,Não informado,CAIXA ECONÔMICA FEDERAL,AFOGADOS,Não informado,COLISÃO,COLIOSÃO ENTRE AUTO E MOTOCICLETA COM 1 VÍTIMA,1.0,1.0,0.0,0.0,0.0,0.0,0.0,0.0,0.0,1.0,0.0,Não informado,Não informado,Não informado,Não informado,Não informado,Não informado,Não informado,Não informado,60.0,Não informado,Não informado,Não informado,2020,8,13,3,11.0
2020-08-13,11:59:00,COM VÍTIMA,FINALIZADA,MADALENA,AV CAXANGA,Não informado,PRÓXIMO AO SANTANDER,MADALENA,CIDADE,COLISÃO TRASEIRA,COLISÃO COM VITIMA,1.0,2.0,0.0,0.0,0.0,0.0,0.0,0.0,0.0,1.0,0.0,Longo da via,Chuvoso,Não existe,Perfeito estado,Molhada,Perfeito estado,Não existe,Outras,60.0,Dupla,Faixa contínua,Não informado,2020,8,13,3,11.0
2020-08-13,12:42:00,COM VÍTIMA,FINALIZADA,IBURA,AV DOIS RIOS,Não informado,IGREJA DE JESUS CRISTO DOS SANTOS DOS ÚLTIMOS DIAS.,IBURA,CIDADE,ABALROAMENTO LONGITUDINAL,AUTO X MOTO COM VÍTIMA,1.0,1.0,0.0,0.0,0.0,0.0,0.0,0.0,0.0,1.0,0.0,Longo da via,Bom,Não existe,Perfeito estado,Seca,Perfeito estado,Não existe,Não há placas,60.0,Dupla,Faixa contínua,Não informado,2020,8,13,3,12.0
2020-08-13,16:08:00,COM VÍTIMA,FINALIZADA,SANTO AMARO,AV GOVERNADOR AGAMENON MAGALHAES,Não informado,DESCIDA DO VIADUTO DA JOÃO DE BARROS.,SANTO AMARO,SUBURBIO,TOMBAMENTO,COM VÍTIMA,1.0,1.0,0.0,0.0,0.0,0.0,0.0,0.0,0.0,1.0,0.0,Ponte,Bom,Não existe,Perfeito estado,Molhada,Perfeito estado,Não existe,Não há placas,60.0,Dupla,Canal,Não informado,2020,8,13,3,16.0
2020-08-13,22:58:00,SEM VÍTIMA,CANCELADA,TAMARINEIRA,RUA PADRE ROMA,Não informado,PROXIMO AO EDFº TAUROS,TAMARINEIRA,Não informado,COLISÃO,COLISÃO SEM VITIMAS (CONDUTOR VEICULO CO SUSPEITA DE EMBRIAGUEZ),1.0,1.0,0.0,0.0,0.0,0.0,0.0,0.0,0.0,0.0,0.0,Não informado,Não informado,Não informado,Não informado,Não informado,Não informado,Não informado,Não informado,60.0,Não informado,Não informado,Não informado,2020,8,13,3,22.0
2020-08-13,23:39:00,COM VÍTIMA,FINALIZADA,CASA FORTE,AV DEZESSETE DE AGOSTO,RUA MARECHAL RONDON,PROXIMO A LABORATÓRIO ROBERTO MAGALHÃES,CASA FORTE,Não informado,COLISÃO FRONTAL,COLISÃO COM VITMAS ENVOLVENDO DOIS AUTO (CONDUTOR COM SINTOMAS DE EMBRIAGUES),2.0,1.0,0.0,0.0,0.0,0.0,0.0,0.0,0.0,1.0,0.0,Cruzamento,Bom,Não informado,Perfeito estado,Seca,Perfeito estado,Não existe,Não informado,60.0,Dupla,Faixa contínua,Não informado,2020,8,13,3,23.0
2020-08-14,09:11:00,COM VÍTIMA,FINALIZADA,CAJUEIRO,AV CIDADE DE MONTEIRO,Não informado,PROX AO ARMAZEM CORAL,CAJUEIRO,SUBURBIO,COLISÃO FRONTAL,MOTO E AUTO,1.0,1.0,0.0,0.0,0.0,0.0,0.0,0.0,0.0,1.0,0.0,Longo da via,Bom,Não existe,Perfeito estado,Seca,Perfeito estado,Não existe,R-6a,40.0,Única,Faixa contínua,Não informado,2020,8,14,4,9.0
2020-08-14,14:30:00,COM VÍTIMA,FINALIZADA,MADALENA,AV VISCONDE DE ALBUQUERQUE,RUA LOPES DE CARVALHO,LADO OPOSTO AO MADALENA CENTER,MADALENA,SUBURBIO,COLISÃO TRASEIRA,COLISÃO MOTO E CARRO,1.0,1.0,0.0,0.0,0.0,0.0,0.0,0.0,0.0,1.0,0.0,Longo da via,Bom,Não existe,Perfeito estado,Seca,Perfeito estado,Não existe,Não há placas,60.0,Única,Faixa,Não informado,2020,8,14,4,14.0
2020-08-14,17:58:00,COM VÍTIMA,FINALIZADA,MANGUEIRA,RUA SAO MIGUEL,RUA MANOEL DE ALBUQUERQUE FERNANDES,E/F AO BODE DO NO,MANGUEIRA,CIDADE,ABALROAMENTO TRANSVERSAL,COLISAO COM VITIMAS,1.0,1.0,0.0,0.0,0.0,0.0,0.0,0.0,0.0,1.0,0.0,Longo da via,Bom,Sem defeito,Perfeito estado,Seca,Perfeito estado,Faixa de pedestre,Placas Dê a preferência,60.0,Dupla,Faixa contínua,Não informado,2020,8,14,4,17.0
2020-08-14,18:12:00,COM VÍTIMA,FINALIZADA,IMBIRIBEIRA,AV PRESIDENTE DUTRA,Não informado,EM FRENTE AO SAL E BRASA- SENTIDO BOA VIAGEM.,IMBIRIBEIRA,BOA VIAGEM,CHOQUE OBJETO FIXO,COM VÍTIMA,1.0,1.0,0.0,0.0,0.0,0.0,0.0,0.0,0.0,1.0,0.0,Longo da via,Bom,Não existe,Perfeito estado,Seca,Perfeito estado,Não existe,Não há placas,60.0,Única,Não existe,Não informado,2020,8,14,4,18.0
2020-08-14,22:51:00,SEM VÍTIMA,CANCELADA,NOVA DESCOBERTA,RUA ALTO DA TELHA,Não informado,NA SUBIDA DA LADEIRA // PRÓX AO TERMINAL DE NOVA DESCOBERTA,NOVA DESCOBERTA,Não informado,COLISÃO,COLISÃO ENTRE AUTO E MOTO (CONDUTOR DA MOTO APRESENTA SINAIS CLAROS DE EMBRIAGUEZ),1.0,1.0,0.0,0.0,0.0,0.0,0.0,0.0,0.0,0.0,0.0,Não informado,Não informado,Não informado,Não informado,Não informado,Não informado,Não informado,Não informado,60.0,Não informado,Não informado,Não informado,2020,8,14,4,22.0
2020-08-15,08:18:00,COM VÍTIMA,CANCELADA,CAÇOTE,RUA CAMBUCA,Não informado,EM FRENTE A  LINHA DO TREM EM FRENTE AO RESTAURANTE BOI QUENTE,CAÇOTE,Não informado,COLISÃO,COLISÃO COM VITIMA A ESPERA DO SAMU,1.0,1.0,0.0,0.0,0.0,0.0,0.0,0.0,0.0,1.0,0.0,Não informado,Não informado,Não informado,Não informado,Não informado,Não informado,Não informado,Não informado,60.0,Não informado,Não informado,Não informado,2020,8,15,5,8.0
2020-08-15,11:34:00,COM VÍTIMA,CANCELADA,BAIRRO DO RECIFE,AV MARTINS DE BARROS,RUA PRIMEIRO DE MARCO,PROX A PRAÇA DO DIARIO  EM FRENTE AO BANCO ITAU,BAIRRO DO RECIFE,Não informado,COLISÃO,COLISÃO COM VITIMA A ESPERA DO SAMU,1.0,1.0,0.0,0.0,0.0,0.0,0.0,0.0,0.0,1.0,0.0,Não informado,Não informado,Não informado,Não informado,Não informado,Não informado,Não informado,Não informado,60.0,Não informado,Não informado,Não informado,2020,8,15,5,11.0
2020-08-15,11:53:00,SEM VÍTIMA,CANCELADA,ARRUDA,RUA ZEFERINO AGRA,RUA DAS MOCAS,Não informado,ARRUDA,Não informado,COLISÃO,COLISÃO SEM VÍTIMA ENTRE VEÍCULO OFICIAL DA COMPESA E AUTO,1.0,1.0,0.0,0.0,0.0,0.0,0.0,0.0,0.0,0.0,0.0,Não informado,Não informado,Não informado,Não informado,Não informado,Não informado,Não informado,Não informado,60.0,Não informado,Não informado,Não informado,2020,8,15,5,11.0
2020-08-15,15:37:00,COM VÍTIMA,FINALIZADA,BOA VIAGEM,AV ENGENHEIRO DOMINGOS FERREIRA,RUA CORONEL BENEDITO CHAVES,EM FRENTE AO MUNDO DO CABELEIREIRO,BOA VIAGEM,SUBURBIO,TOMBAMENTO,COM VÍTIMA,1.0,1.0,0.0,0.0,0.0,0.0,0.0,0.0,0.0,1.0,0.0,Cruzamento,Bom,Sem defeito,Perfeito estado,Seca,Perfeito estado,Faixa de retenção,R-6a,60.0,Única,Não existe,Não informado,2020,8,15,5,15.0
2020-08-15,21:07:00,COM VÍTIMA,FINALIZADA,CAMPO GRANDE,AV GOVERNADOR AGAMENON MAGALHAES,RUA ODORICO MENDES,ENF. AO IC INSTITUTO CRIMINALISTICA,CAMPO GRANDE,SUBURBIO,ABALROAMENTO TRANSVERSAL,ENTRE AUTO E MOTO. C/V,1.0,1.0,0.0,0.0,0.0,0.0,0.0,0.0,0.0,1.0,0.0,Cruzamento,Bom,Sem defeito,Perfeito estado,Seca,Perfeito estado,Faixa de pedestre,Não informado,60.0,Única,Faixa contínua,Não informado,2020,8,15,5,21.0
2020-08-15,23:00:00,SEM VÍTIMA,CANCELADA,TEJIPIÓ,AV DR JOSE RUFINO,Não informado,ENF. AO QUARTO BATALHAO DE COMUNICAÇOES,TEJIPIÓ,Não informado,COLISÃO,VOYAGE X FIESTA OBS: SUSPEITA DE EMBRIAGUES,2.0,1.0,0.0,0.0,0.0,0.0,0.0,0.0,0.0,0.0,0.0,Não informado,Não informado,Não informado,Não informado,Não informado,Não informado,Não informado,Não informado,60.0,Não informado,Não informado,Não informado,2020,8,15,5,23.0
2020-08-16,01:30:00,SEM VÍTIMA,CANCELADA,BOA VIAGEM,AV BOA VIAGEM,Não informado,E/F AO EDF PORTO FINO E 2º JARDIM,BOA VIAGEM,Não informado,CHOQUE OBJETO FIXO,VEICULO FOI ABANDONADO NA VIA APÓS SE CHOCAR CONTRA UM PAPA-METRALHA.,1.0,1.0,0.0,0.0,0.0,0.0,0.0,0.0,0.0,0.0,0.0,Não informado,Não informado,Não informado,Não informado,Não informado,Não informado,Não informado,Não informado,60.0,Não informado,Não informado,Não informado,2020,8,16,6,1.0
2020-08-16,10:47:00,SEM VÍTIMA,FINALIZADA,BOA VIAGEM,RUA CORONEL ANIZIO RODRIGUES COELHO,Não informado,EM FRENTE AO Nº 618,BOA VIAGEM,SUBURBIO,CHOQUE VEÍCULO PARADO,DOIS AUTOS / CONDUTOR COM SINTOMAS DE EMBRIAGUEZ,4.0,1.0,0.0,0.0,0.0,0.0,0.0,0.0,0.0,0.0,0.0,Longo da via,Bom,Não existe,Perfeito estado,Seca,Perfeito estado,Não existe,Placas Pare,60.0,Única,Não existe,Não informado,2020,8,16,6,10.0
2020-08-16,11:36:00,COM VÍTIMA,FINALIZADA,CASA FORTE,AV DEZESSETE DE AGOSTO,Não informado,E/F A BURGUER KING E PET SHOP PETLAND,CASA FORTE,Não informado,ABALROAMENTO TRANSVERSAL,COLISÃO C/VITIMA ENTRE UMA MOTO E UM AUTO,1.0,1.0,0.0,0.0,0.0,0.0,0.0,0.0,0.0,1.0,0.0,Longo da via,Bom,Não existe,Perfeito estado,Seca,Perfeito estado,Outros,R-6a,60.0,Dupla,Faixa contínua,Não informado,2020,8,16,6,11.0
2020-08-16,14:56:00,COM VÍTIMA,FINALIZADA,MACAXEIRA,AV JOSE AMERICO DE ALMEIDA,Não informado,PROXIMO DA ESCOLA PERNAMBUCANA DE CIRCO- PROXIMO DO RESTAURANTE BOI NO PRATO. AO LADO DA FENIX BARBEARIA.,MACAXEIRA,SUBURBIO,CHOQUE VEÍCULO PARADO,MOTO CHOCOU-SE COM AUTO QUE ESTAVA ESTACIONADO C/V,1.0,1.0,0.0,0.0,0.0,0.0,0.0,0.0,0.0,1.0,0.0,Longo da via,Bom,Não existe,Perfeito estado,Seca,Perfeito estado,Não existe,R-19,30.0,Única,Não existe,Não informado,2020,8,16,6,14.0
2020-08-16,16:09:00,COM VÍTIMA,FINALIZADA,VÁRZEA,AV AFONSO OLINDENSE,Não informado,AO LADO DO BAR PARAIBANO- PROX A LOMBADA ELETRONICA DA VARZEA. EM FRENTE A ACADEMIA ACTO.,VÁRZEA,Não informado,ABALROAMENTO TRANSVERSAL,COLISÃO MOTO E CARRO,1.0,1.0,0.0,0.0,0.0,0.0,0.0,0.0,0.0,1.0,0.0,Longo da via,Bom,Não existe,Perfeito estado,Seca,Perfeito estado,Não existe,Outras,30.0,Dupla,Faixa contínua,Não informado,2020,8,16,6,16.0
2020-08-16,22:07:00,SEM VÍTIMA,FINALIZADA,TEJIPIÓ,AV DR JOSE RUFINO,RUA MAJOR CHAGAS DE OLIVEIRA,LADO OPOSTO A SERRALHARIA GUEDES,TEJIPIÓ,CIDADE,ABALROAMENTO TRANSVERSAL,COLISÃO ENTRE VIATURA DA GMR E MOTO- S/V,1.0,1.0,0.0,0.0,0.0,0.0,0.0,0.0,0.0,0.0,0.0,Não informado,Bom,Não existe,Ilegível,Seca,Mal iluminada,Não existe,Não há placas,60.0,Dupla,Não existe,Não informado,2020,8,16,6,22.0
2020-08-17,08:20:00,SEM VÍTIMA,CANCELADA,AFOGADOS,AV SUL,Não informado,NO COMEÇO DO VIADUTO DA AV SUL  NO SENTIDO CIDADE,AFOGADOS,Não informado,COLISÃO,COLISÃO SEM VITIMAS GM PETERSON E R. AGUIAR QTH,2.0,1.0,0.0,0.0,0.0,0.0,0.0,0.0,0.0,0.0,0.0,Não informado,Não informado,Não informado,Não informado,Não informado,Não informado,Não informado,Não informado,60.0,Não informado,Não informado,Não informado,2020,8,17,0,8.0
2020-08-17,12:27:00,COM VÍTIMA,FINALIZADA,MADALENA,RUA BENFICA,Não informado,NO SEMÁFORO 590,MADALENA,Não informado,COLISÃO,COLISÃO COM VÍTIMA,1.0,1.0,0.0,0.0,0.0,0.0,0.0,0.0,0.0,2.0,0.0,Cruzamento,Bom,Sem defeito,Perfeito estado,Seca,Perfeito estado,Faixa de pedestre,Não informado,60.0,Não informado,Não informado,Não informado,2020,8,17,0,12.0
2020-08-17,15:36:00,COM VÍTIMA,FINALIZADA,ÁGUA FRIA,AV BEBERIBE,Não informado,EM FRENTE A JORGE SUPLEMENTOS / SENTIDO CENTRO,ÁGUA FRIA,SUBURBIO,ABALROAMENTO TRANSVERSAL,COLISÃO COM VÍTIMA,1.0,1.0,0.0,0.0,0.0,0.0,0.0,0.0,0.0,1.0,0.0,Longo da via,Bom,Não existe,Perfeito estado,Seca,Perfeito estado,Faixa de pedestre,Não há placas,40.0,Dupla,Faixa contínua,Não informado,2020,8,17,0,15.0
2020-08-17,21:20:00,COM VÍTIMA,FINALIZADA,SANTO AMARO,AV CRUZ CABUGA,AV NORTE,AO LADA DA CASA DA INDUSTRIA,SANTO AMARO,SUBURBIO,ABALROAMENTO TRANSVERSAL,ONIBUS DA GLOBO X PEUGEOT,1.0,1.0,0.0,0.0,0.0,1.0,0.0,0.0,0.0,1.0,0.0,Cruzamento,Bom,Sem defeito,Perfeito estado,Seca,Perfeito estado,Faixa de pedestre,Não informado,60.0,Dupla,Canteiro central,Não informado,2020,8,17,0,21.0
2020-08-17,21:26:00,COM VÍTIMA,FINALIZADA,BOA VIAGEM,AV CONSELHEIRO AGUIAR,RUA RIBEIRO DE BRITO,SEMÁFORO 147 / E/F AO EDF HOLIDAY,BOA VIAGEM,CIDADE,ABALROAMENTO TRANSVERSAL,ENTRE AUTO E MOTO. C/V,1.0,1.0,0.0,0.0,0.0,0.0,0.0,0.0,0.0,1.0,0.0,Cruzamento,Chuvoso,Sem defeito,Perfeito estado,Molhada,Perfeito estado,Faixa de pedestre,R-6a,60.0,Única,Faixa contínua,Não informado,2020,8,17,0,21.0
2020-08-18,10:19:00,COM VÍTIMA,FINALIZADA,SANTO ANTÔNIO,RUA FLORIANO PEIXOTO,RUA TOBIAS BARRETO,EM FRENTE A CASA DA CULTIURA,SANTO ANTÔNIO,SUBURBIO,ABALROAMENTO LONGITUDINAL,MOTO E ONIBUS,1.0,1.0,0.0,0.0,0.0,1.0,0.0,0.0,0.0,1.0,0.0,Cruzamento,Bom,Não existe,Perfeito estado,Seca,Perfeito estado,Não existe,Outras,60.0,Única,Faixa seccionada,Não informado,2020,8,18,1,10.0
2020-08-18,11:36:00,SEM VÍTIMA,FINALIZADA,BOA VIAGEM,AV ENGENHEIRO DOMINGOS FERREIRA,RUA FELIX DE BRITO E MELO,SOB O SEMÁFORO Nº 545,BOA VIAGEM,SUBURBIO,ABALROAMENTO TRANSVERSAL,SEM VITIMAS-AMBULANCIA DO SAMU E AUTO PASSEIO VT29 DA CTTU NO LOCAL /GM PAULO RICARDO E LEONARDO,1.0,1.0,0.0,0.0,0.0,0.0,1.0,0.0,0.0,0.0,0.0,Cruzamento,Bom,Sem defeito,Perfeito estado,Seca,Perfeito estado,Faixa de pedestre,R-6a,60.0,Única,Faixa seccionada,Não informado,2020,8,18,1,11.0
2020-08-18,14:52:00,COM VÍTIMA,FINALIZADA,BOA VISTA,RUA JOAO FERNANDES VIEIRA,RUA DR BANDEIRA FILHO,E/F A PRAÇA,BOA VISTA,SUBURBIO,ABALROAMENTO LONGITUDINAL,COLISAO ENTRE DOIS AUTO E MOTO COM VITIMA,2.0,1.0,0.0,0.0,0.0,0.0,0.0,0.0,0.0,1.0,0.0,Longo da via,Bom,Não existe,Ilegível,Seca,Perfeito estado,Não existe,Não há placas,60.0,Única,Não existe,Não informado,2020,8,18,1,14.0
2020-08-18,17:45:00,COM VÍTIMA,FINALIZADA,MADALENA,AV BEIRA RIO,Não informado,E/F AO EDF RIO CAPIBARIBE,MADALENA,CIDADE,ABALROAMENTO LONGITUDINAL,COLISAO ENTRE AUTO E MOTO,1.0,1.0,0.0,0.0,0.0,0.0,0.0,0.0,0.0,2.0,0.0,Longo da via,Bom,Não existe,Perfeito estado,Seca,Perfeito estado,Não existe,Não há placas,40.0,Não informado,Faixa seccionada,Não informado,2020,8,18,1,17.0
2020-08-18,21:57:00,COM VÍTIMA,FINALIZADA,BOA VIAGEM,RUA ANTONIO LUMACK DO MONTE,Não informado,EM FRENTE AO HOTEL IMPERIAL SUITE- PROXIMO AO SHOPPING RECIFE,BOA VIAGEM,SENT. RUA PADRE CARAPUCEIRO,CHOQUE VEÍCULO PARADO,AUTO E MOTO.,1.0,1.0,0.0,0.0,0.0,0.0,0.0,0.0,0.0,1.0,0.0,Longo da via,Bom,Não existe,Perfeito estado,Seca,Perfeito estado,Não existe,Outras,60.0,Única,Não existe,Não informado,2020,8,18,1,21.0
2020-08-19,07:23:00,COM VÍTIMA,FINALIZADA,IPUTINGA,AV CAXANGA,Não informado,EM FRENTE À CAXANGÁ VEÍCULOS,IPUTINGA,SUBURBIO,ATROPELAMENTO,APOIO NO MONITORAMENTO. SITUAÇÃO DE ATROPELAMENTO.,1.0,1.0,0.0,0.0,1.0,0.0,0.0,0.0,0.0,1.0,0.0,Longo da via,Bom,Sem defeito,Perfeito estado,Seca,Perfeito estado,Faixa de pedestre,Não há placas,60.0,Dupla,Canteiro central,Não informado,2020,8,19,2,7.0
2020-08-19,10:39:00,SEM VÍTIMA,FINALIZADA,MANGUEIRA,RUA MANDARI,Não informado,PROX. À ESTAÇÃO MANGUEIRA,MANGUEIRA,Não informado,COLISÃO,VT PM / DOIS AUTOS,2.0,1.0,0.0,0.0,0.0,0.0,0.0,1.0,0.0,0.0,0.0,Não informado,Não informado,Não informado,Não informado,Não informado,Não informado,Não informado,Não informado,60.0,Não informado,Não informado,Não informado,2020,8,19,2,10.0
2020-08-19,13:23:00,SEM VÍTIMA,FINALIZADA,IPUTINGA,AV CAXANGA,EST DO BARBALHO,NO SEMÁFORO 533,IPUTINGA,CIDADE,COLISÃO,COLISÃO SEM VÍTIMA / VEÍCULO OFICIAL,1.0,1.0,0.0,0.0,0.0,0.0,0.0,0.0,0.0,0.0,0.0,Não informado,Não informado,Não informado,Não informado,Não informado,Não informado,Não informado,Não informado,60.0,Não informado,Não informado,Não informado,2020,8,19,2,13.0
2020-08-24,07:28:00,SEM VÍTIMA,FINALIZADA,IBURA,AV CHAPADA DO ARARIPE,Não informado,EM FRENTE AO Nº 57,IBURA,Não informado,COLISÃO FRONTAL,VEÍCULO ESTACIONADO EM FILA DUPLA,2.0,1.0,0.0,0.0,0.0,0.0,0.0,0.0,0.0,0.0,0.0,Longo da via,Bom,Não existe,Não existente,Seca,Perfeito estado,Não existe,Não há placas,60.0,Dupla,Não existe,Não informado,2020,8,24,0,7.0
2020-08-19,14:45:00,SEM VÍTIMA,FINALIZADA,ESPINHEIRO,AV CONSELHEIRO AGUIAR,Não informado,Não informado,ESPINHEIRO,SUBURBIO,CHOQUE OBJETO FIXO,PEDALADA CICLISTICA - SOLICITANDO CICLO FAIXA,1.0,1.0,0.0,0.0,0.0,0.0,0.0,0.0,0.0,0.0,0.0,Longo da via,Bom,Não existe,Perfeito estado,Seca,Perfeito estado,Não existe,Não informado,60.0,Única,Faixa contínua,Não informado,2020,8,19,2,14.0
2020-08-19,14:45:00,SEM VÍTIMA,FINALIZADA,BOA VISTA,AV CONDE DA BOA VISTA,Não informado,EM FRENTE AO SEMÁFORO Nº 025,BOA VISTA,Não informado,ABALROAMENTO TRANSVERSAL,PEDALADA CICLISTICA - SOLICITANDO CICLO FAIXA,2.0,1.0,0.0,0.0,0.0,0.0,0.0,0.0,0.0,0.0,0.0,Longo da via,Chuvoso,Sem defeito,Perfeito estado,Molhada,Perfeito estado,Não existe,Não há placas,60.0,Dupla,Canteiro central,Não informado,2020,8,19,2,14.0
2020-08-19,14:30:00,COM VÍTIMA,FINALIZADA,BOA VISTA,AV GOVERNADOR AGAMENON MAGALHAES,RUA JOAO FERNANDES VIEIRA,COMEÇO DA PRAÇA PARQUE AMORIM.,BOA VISTA,Não informado,ABALROAMENTO LONGITUDINAL,ÔNIBUS E MOTO,1.0,1.0,0.0,0.0,0.0,1.0,0.0,0.0,0.0,1.0,0.0,Não informado,Não informado,Não informado,Não informado,Não informado,Não informado,Não informado,Não informado,60.0,Não informado,Não informado,Não informado,2020,8,19,2,14.0
2020-08-19,17:07:00,COM VÍTIMA,FINALIZADA,MANGABEIRA,AV NORTE,RUA DA MANGABEIRA,NO SEMÁFORO 096,MANGABEIRA,SUBURBIO,CHOQUE OBJETO FIXO,CHOQUE SEGUIDO DE UMA COLISÃO TRASEIRA.,1.0,1.0,0.0,0.0,0.0,0.0,0.0,0.0,0.0,2.0,0.0,Longo da via,Bom,Sem defeito,Perfeito estado,Seca,Perfeito estado,Faixa de pedestre,Não há placas,60.0,Única,Canteiro central,Não informado,2020,8,19,2,17.0
2020-08-19,18:38:00,COM VÍTIMA,FINALIZADA,BEBERIBE,AV BEBERIBE,Não informado,EM FRENTE A LOJA MAGAZINE LUIZA,BEBERIBE,CIDADE,COLISÃO FRONTAL,AUTO E MOTO,1.0,1.0,0.0,0.0,0.0,0.0,0.0,0.0,0.0,1.0,0.0,Longo da via,Bom,Não existe,Não existente,Seca,Perfeito estado,Não existe,Não há placas,60.0,Dupla,Não existe,Não informado,2020,8,19,2,18.0
2020-08-19,18:53:00,COM VÍTIMA,FINALIZADA,ALTO JOSÉ DO PINHO,AV NORTE,Não informado,EM FRENTE AO ARMAZÉM CORAL,ALTO JOSÉ DO PINHO,CIDADE,ATROPELAMENTO,MOTO X AUTO E PEDESTRE,1.0,1.0,0.0,0.0,1.0,0.0,0.0,0.0,0.0,1.0,0.0,Longo da via,Bom,Não existe,Perfeito estado,Seca,Perfeito estado,Não existe,Não há placas,40.0,Dupla,Canteiro central,Não informado,2020,8,19,2,18.0
2020-08-19,19:32:00,COM VÍTIMA,FINALIZADA,VÁRZEA,RUA PROFESSOR ANTONIO COELHO,RUA MARECHAL MANOEL LUIS OSORIO,E/F AO COLÉGIO PONTUAL E HOSPITAL HAPVIDA,VÁRZEA,Não informado,ABALROAMENTO TRANSVERSAL,ENTRE ÕNIBUS E MOTO. C/V,1.0,1.0,0.0,0.0,0.0,1.0,0.0,0.0,0.0,1.0,0.0,Cruzamento,Bom,Não existe,Perfeito estado,Seca,Perfeito estado,Faixa de pedestre,Placas Pare,30.0,Dupla,Faixa seccionada,Não informado,2020,8,19,2,19.0
2020-08-20,07:24:00,COM VÍTIMA,FINALIZADA,CASA AMARELA,RUA DA ESTRELA,RUA ASTRONAUTA NEIL ARMSTRONG,Não informado,CASA AMARELA,SUBURBIO,ABALROAMENTO TRANSVERSAL,AUTO E MOTO.,1.0,1.0,0.0,0.0,0.0,0.0,0.0,0.0,0.0,1.0,0.0,Longo da via,Bom,Não existe,Incompleta,Seca,Perfeito estado,Não existe,Não há placas,60.0,Dupla,Não existe,Não informado,2020,8,20,3,7.0
2020-08-20,08:08:00,COM VÍTIMA,FINALIZADA,BOA VISTA,RUA PRINCESA IZABEL,RUA DA AURORA,SECRETARIA DE DEFESA SOCIAL. POLÍCIA CIVIL DE PERNAMBUCO.,BOA VISTA,SUBURBIO,ABALROAMENTO LONGITUDINAL,COLISÃO ENTRE DOIS AUTOS E UMA MOTO.,2.0,1.0,0.0,0.0,0.0,0.0,0.0,0.0,0.0,1.0,0.0,Cruzamento,Bom,Sem defeito,Perfeito estado,Seca,Perfeito estado,Agente,Não há placas,60.0,Única,Não existe,Não informado,2020,8,20,3,8.0
2020-08-20,11:15:00,COM VÍTIMA,FINALIZADA,ALTO JOSÉ DO PINHO,COR DO BARTOLOMEU,Não informado,LADO OPOSTO A PADARIA ANDRÉA,ALTO JOSÉ DO PINHO,CIDADE,ATROPELAMENTO,ATROPELAMENTO / VITIMA SOCORRIDA PELO SAMU,1.0,1.0,0.0,0.0,1.0,0.0,0.0,0.0,0.0,1.0,0.0,Longo da via,Bom,Não existe,Incompleta,Seca,Mal conservada,Não existe,Não há placas,60.0,Dupla,Faixa seccionada,Não informado,2020,8,20,3,11.0
2020-08-20,11:57:00,COM VÍTIMA,FINALIZADA,IBURA,RUA PINTOR AGENOR DE ALBUQUERQUE CESAR,Não informado,PROX AO SESI DO BARRO,IBURA,Não informado,COLISÃO,MOTO E AUTO,1.0,1.0,0.0,0.0,0.0,0.0,0.0,0.0,0.0,1.0,0.0,Não informado,Não informado,Não informado,Não informado,Não informado,Não informado,Não informado,Não informado,60.0,Não informado,Não informado,Não informado,2020,8,20,3,11.0