data,hora,natureza_acidente,situacao,bairro,endereco,detalhe_endereco_acidente,complemento,bairro_cruzamento,sentido_via,tipo,descricao,auto,moto,ciclom,ciclista,pedestre,onibus,caminhao,viatura,outros,vitimas,vitimasfatais,acidente_verificado,tempo_clima,situacao_semaforo,sinalizacao,condicao_via,conservacao_via,ponto_controle,situacao_placa,velocidade_max_via,mao_direcao,divisao_via1,natureza,ano,mes,dia,dia_semana,hora_ocorrencia
2020-08-20,12:33:00,COM VÍTIMA,FINALIZADA,BOA VIAGEM,AV ENGENHEIRO DOMINGOS FERREIRA,RUA ARTUR MUNIZ,PROX A O EXTRA. EM FRENTE AO CERPE DIAGNÓSTICO.,BOA VIAGEM,SUBURBIO,ABALROAMENTO TRANSVERSAL,COLISÃO CARRO E MOTO,1.0,1.0,0.0,0.0,0.0,0.0,0.0,0.0,0.0,1.0,0.0,Cruzamento,Bom,Sem defeito,Perfeito estado,Seca,Perfeito estado,Faixa de pedestre,Não informado,60.0,Única,Canteiro central,Não informado,2020,8,20,3,12.0
2020-08-20,15:20:00,COM VÍTIMA,FINALIZADA,CAXANGÁ,RUA RIBEIRO PESSOA,Não informado,PROX UPA DA CAXANGA E HOTEL TURQUESA.,CAXANGÁ,Não informado,ABALROAMENTO LONGITUDINAL,COLISÃO 3 VEICULOS / VT15 NO LOCAL ANANIAS E RAMALHO,2.0,1.0,0.0,0.0,0.0,0.0,1.0,0.0,0.0,1.0,0.0,Longo da via,Bom,Não existe,Incompleta,Seca,Mal conservada,Não existe,Outras,60.0,Dupla,Faixa seccionada,Não informado,2020,8,20,3,15.0
2020-08-20,17:01:00,SEM VÍTIMA,FINALIZADA,VASCO DA GAMA,RUA VASCO DA GAMA,Não informado,EM FRENTE A IGREJA CATOLICA,VASCO DA GAMA,SUBURBIO,COLISÃO,VT 08 NO LOCAL / COLISÃO CARRO X CARRO,2.0,1.0,0.0,0.0,0.0,0.0,0.0,0.0,0.0,0.0,0.0,Longo da via,Bom,Não existe,Não existente,Seca,Perfeito estado,Agente,R-6a,30.0,Dupla,Não existe,Não informado,2020,8,20,3,17.0
2020-08-21,01:03:00,COM VÍTIMA,CANCELADA,BOA VIAGEM,AV CONSELHEIRO AGUIAR,RUA ARTUR MUNIZ,PRÓXIMO A MAC'DONALDS,BOA VIAGEM,CIDADE,COLISÃO,COLISÃO COM VÍTIMA,1.0,1.0,0.0,0.0,0.0,0.0,0.0,0.0,0.0,1.0,0.0,Não informado,Não informado,Não informado,Não informado,Não informado,Não informado,Não informado,Não informado,60.0,Não informado,Não informado,Não informado,2020,8,21,4,1.0
2020-08-21,07:08:00,COM VÍTIMA,FINALIZADA,BOA VIAGEM,RUA PROFESSOR JOAO MEDEIROS,RUA RIBEIRO DE BRITO,EM FRENTE AO RESTAURANTE MISTER FIT,BOA VIAGEM,CIDADE,ABALROAMENTO TRANSVERSAL,AUTO E MOTO BATEDORES NO LOCAL GM´S ANDRE E DECIO,1.0,1.0,0.0,0.0,0.0,0.0,0.0,0.0,0.0,1.0,0.0,Cruzamento,Chuvoso,Com defeito,Perfeito estado,Molhada,Perfeito estado,Faixa de pedestre,Outras,60.0,Única,Faixa,Não informado,2020,8,21,4,7.0
2020-08-21,09:10:00,COM VÍTIMA,FINALIZADA,BONGI,AV ENGENHEIRO ABDIAS DE CARVALHO,Não informado,LADO OPOSTO AO ARENA DO CAMARÃO. EM FRENTE A CHESF.,BONGI,CIDADE,COLISÃO TRASEIRA,COLISÃO COM VITIMA ENTRE DOIS AUTOS.,2.0,1.0,0.0,0.0,0.0,0.0,0.0,0.0,0.0,1.0,0.0,Longo da via,Bom,Não existe,Perfeito estado,Seca,Perfeito estado,Não existe,R-6a,60.0,Dupla,Faixa seccionada,Não informado,2020,8,21,4,9.0
2020-08-21,13:22:00,COM VÍTIMA,FINALIZADA,TAMARINEIRA,RUA JUNDIA,RUA IBIAPABA,EM FRENTE A FERREIRA COSTA,TAMARINEIRA,Não informado,ABALROAMENTO TRANSVERSAL,COLISÃO COM VITIMA,1.0,1.0,0.0,0.0,0.0,0.0,0.0,0.0,0.0,1.0,0.0,Cruzamento,Bom,Não existe,Perfeito estado,Seca,Perfeito estado,Não existe,Placas Pare,60.0,Dupla,Não existe,Não informado,2020,8,21,4,13.0
2020-08-21,19:44:00,COM VÍTIMA,FINALIZADA,TORRE,RUA LEONARDO BEZERRA CAVALCANTE,Não informado,ENF. AO EDF PORTAL DE CAPIBARIBE E MUSEU MIRILO LAGREGA.,TORRE,CIDADE,ABALROAMENTO TRANSVERSAL,AUTO E MOTO OBS: VT 25 DA CTTU ESTA NO LOCAL,1.0,1.0,0.0,0.0,0.0,0.0,0.0,0.0,0.0,1.0,0.0,Longo da via,Bom,Não existe,Perfeito estado,Seca,Perfeito estado,Não existe,Não há placas,60.0,Dupla,Faixa contínua,Não informado,2020,8,21,4,19.0
2020-08-22,04:25:00,COM VÍTIMA,FINALIZADA,BOA VIAGEM,AVENIDA CELSO FURTADO (VIA MANGUE),Não informado,PRÓXIMO AO BOMPREÇO - SENTIDO BOA VIAGEM,BOA VIAGEM,Não informado,ACID. DE PERCURSO,MOTOCICLISTA PERDEU O CONTROLE DA MOTOCICLETA E CAIU NA VIA. A MOTOCICLETA ESTÁ ABANDONADA NA VIA GERANDO RISCO DE NOVO ACIDENTE,1.0,1.0,0.0,0.0,0.0,0.0,0.0,0.0,0.0,1.0,0.0,Não informado,Não informado,Não informado,Não informado,Não informado,Não informado,Não informado,Não informado,60.0,Não informado,Não informado,Não informado,2020,8,22,5,4.0
2020-08-22,08:19:00,COM VÍTIMA,FINALIZADA,IMBIRIBEIRA,RUA ARQUITETO LUIZ NUNES,Não informado,EM FRENTE A IGREJA DOS MORMOS / PROX AO RESIDENCIAL PINHEIROS,IMBIRIBEIRA,CIDADE,ABALROAMENTO TRANSVERSAL,AUTO E MOTO,1.0,1.0,0.0,0.0,0.0,0.0,0.0,0.0,0.0,1.0,0.0,Longo da via,Bom,Sem defeito,Perfeito estado,Seca,Perfeito estado,Não existe,Outras,60.0,Dupla,Faixa contínua,Não informado,2020,8,22,5,8.0
2020-08-22,11:21:00,COM VÍTIMA,FINALIZADA,BEBERIBE,AV BEBERIBE,Não informado,EM FRENTE AO ESTADIO DO ARRUDA E PROX AO ARMAZEM CORAL,BEBERIBE,SUBURBIO,ABALROAMENTO TRANSVERSAL,MOTO E AUTO,1.0,1.0,0.0,0.0,0.0,0.0,0.0,0.0,0.0,1.0,0.0,Longo da via,Bom,Não existe,Perfeito estado,Seca,Perfeito estado,Não informado,R-6a,60.0,Dupla,Faixa contínua,Não informado,2020,8,22,5,11.0
2020-08-22,13:28:00,COM VÍTIMA,FINALIZADA,PRADO,AV ENGENHEIRO ABDIAS DE CARVALHO,RUA SANTA EDWIRGES,NO CRUZAMENTO DO SEMAFO 354,PRADO,CIDADE,ABALROAMENTO LONGITUDINAL,COLISÃO MOTO E CARRO / VT 08 LOCAL,1.0,1.0,0.0,0.0,0.0,0.0,0.0,0.0,0.0,1.0,0.0,Cruzamento,Bom,Sem defeito,Perfeito estado,Seca,Perfeito estado,Faixa de pedestre,Outras,60.0,Dupla,Canteiro central,Não informado,2020,8,22,5,13.0
2020-08-22,13:30:00,COM VÍTIMA,FINALIZADA,BOA VIAGEM,VIADUTO TANCREDO NEVES,Não informado,EM CIMA DO VIADUTO TANCREDO NEVES. NA ALÇA DO ATACADÃO.,BOA VIAGEM,SUBURBIO,CHOQUE OBJETO FIXO,COLISÃO MOTO E CARRO / O CONDUTOR DO CARRO EVADIU-SE DO LOCAL.,1.0,1.0,0.0,0.0,0.0,0.0,0.0,0.0,0.0,1.0,0.0,Longo da via,Bom,Não existe,Incompleta,Seca,Perfeito estado,Não existe,Não há placas,60.0,Única,Canteiro central,Não informado,2020,8,22,5,13.0
2020-08-22,17:25:00,COM VÍTIMA,FINALIZADA,IBURA,RUA EXP FRANCISCO VITORIANO,RUA POETA MARIO DE ALENCAR,DEPOIS DO MERCADINHO QUE ECONOMIA,IBURA,SUBURBIO,ATROPELAMENTO,USUARIO INFORMA QUE VEICULO VEIO DESCENDO A LADEIRA E PERDEU O CONTROLE E BATEU NA PORTA DO SALÃO DUAS IRMÃ E ATROPELOU A PESSOA,1.0,1.0,0.0,0.0,5.0,0.0,0.0,0.0,0.0,5.0,0.0,Cruzamento,Chuvoso,Não existe,Incompleta,Molhada,Mal conservada,Não existe,Não há placas,30.0,Dupla,Não existe,Não informado,2020,8,22,5,17.0
2020-08-22,17:50:00,SEM VÍTIMA,FINALIZADA,BOA VISTA,AV CONDE DA BOA VISTA,Não informado,EM FRENTE AO SEMÁFORO Nº 025,BOA VISTA,Não informado,ABALROAMENTO TRANSVERSAL,COLISÃO NA VT 24 - PYA 2256,2.0,1.0,0.0,0.0,0.0,0.0,0.0,0.0,0.0,0.0,0.0,Longo da via,Chuvoso,Sem defeito,Perfeito estado,Molhada,Perfeito estado,Não existe,Não há placas,60.0,Dupla,Canteiro central,Não informado,2020,8,22,5,17.0
2020-08-23,03:20:00,COM VÍTIMA,FINALIZADA,BOA VIAGEM,AV CONSELHEIRO AGUIAR,RUA SEVERINO BERNARDINO PEREIRA,Não informado,BOA VIAGEM,CIDADE,ABALROAMENTO TRANSVERSAL,AUTO E MOTO.,1.0,1.0,0.0,0.0,0.0,0.0,0.0,0.0,0.0,1.0,0.0,Cruzamento,Bom,Sem defeito,Perfeito estado,Seca,Perfeito estado,Faixa de pedestre,Outras,60.0,Única,Faixa seccionada,Não informado,2020,8,23,6,3.0
2020-08-23,08:00:00,SEM VÍTIMA,CANCELADA,ESPINHEIRO,RUA MARQUES DO PARANA,Não informado,EM FRENTE AO EDIFICIO SOLAR DO ESPINHEIRO,ESPINHEIRO,Não informado,COLISÃO,COLISÃO SEM VITIMAS,1.0,1.0,0.0,0.0,0.0,0.0,0.0,0.0,0.0,0.0,0.0,Não informado,Não informado,Não informado,Não informado,Não informado,Não informado,Não informado,Não informado,60.0,Não informado,Não informado,Não informado,2020,8,23,6,8.0
2020-08-23,10:39:00,SEM VÍTIMA,FINALIZADA,IBURA,AV CHAPADA DO ARARIPE,Não informado,EM FRENTE AO Nº 57,IBURA,Não informado,COLISÃO FRONTAL,COLISÃO COM VEICULO OFICIAL- VIATURA PM,2.0,1.0,0.0,0.0,0.0,0.0,0.0,0.0,0.0,0.0,0.0,Longo da via,Bom,Não existe,Não existente,Seca,Perfeito estado,Não existe,Não há placas,60.0,Dupla,Não existe,Não informado,2020,8,23,6,10.0
2020-08-23,13:41:00,COM VÍTIMA,FINALIZADA,IMBIRIBEIRA,AV PRESIDENTE DUTRA,Não informado,NA SUBIDA DO VIADUTO TANCREDO NEVES S/T CEASA.,IMBIRIBEIRA,CEASA,ABALROAMENTO LONGITUDINAL,COLISAO ENTRE AUTO E MOTO COM UMA VITIMA VT 02 NO LOCAL. AUTO EVADIU-SE DO LOCAL.,1.0,1.0,0.0,0.0,0.0,0.0,0.0,0.0,0.0,1.0,0.0,Longo da via,Bom,Não existe,Ilegível,Seca,Perfeito estado,Não existe,Não há placas,60.0,Dupla,Blocos,Não informado,2020,8,23,6,13.0
2020-08-23,14:57:00,COM VÍTIMA,FINALIZADA,BOA VIAGEM,RUA CAMBOIM,RUA DEZ DE JULHO,EM FRENTE A MAISON CHRISTAL RECEPÇÕES,BOA VIAGEM,CIDADE,ABALROAMENTO TRANSVERSAL,COLISÃO COM VÍTIMA,2.0,1.0,0.0,0.0,0.0,0.0,0.0,0.0,0.0,1.0,0.0,Cruzamento,Bom,Não existe,Perfeito estado,Seca,Perfeito estado,Não existe,Placas Pare,60.0,Única,Faixa seccionada,Não informado,2020,8,23,6,14.0
2020-08-23,18:38:00,SEM VÍTIMA,CANCELADA,TORRÕES,RUA CARLOS GOMES,RUA DO FORTE,PROX A LOJA DE BOMBA HIDROVITAL,TORRÕES,Não informado,COLISÃO,DOIS AUTO OBS: SUSPEITA DE EMBRIAGUEZ,2.0,1.0,0.0,0.0,0.0,0.0,0.0,0.0,0.0,0.0,0.0,Não informado,Não informado,Não informado,Não informado,Não informado,Não informado,Não informado,Não informado,60.0,Não informado,Não informado,Não informado,2020,8,23,6,18.0
2020-08-23,19:39:00,SEM VÍTIMA,FINALIZADA,ESPINHEIRO,AV CONS ROSA E SILVA,Não informado,Não informado,ESPINHEIRO,SUBURBIO,CHOQUE OBJETO FIXO,AUTO X POSTE . S/V,1.0,1.0,0.0,0.0,0.0,0.0,0.0,0.0,0.0,0.0,0.0,Longo da via,Bom,Não existe,Perfeito estado,Seca,Perfeito estado,Não existe,Não informado,60.0,Única,Faixa contínua,Não informado,2020,8,23,6,19.0
2020-08-24,06:45:00,COM VÍTIMA,FINALIZADA,IMBIRIBEIRA,AV MARECHAL MASCARENHAS DE MORAES,Não informado,EM FRENTE A FACULDADE FPS,IMBIRIBEIRA,CIDADE,ABALROAMENTO LONGITUDINAL,COLISÃO COM UMA VITIMA AGUARDANDO SAMU,1.0,1.0,0.0,0.0,0.0,1.0,1.0,0.0,0.0,2.0,0.0,Longo da via,Bom,Sem defeito,Perfeito estado,Seca,Perfeito estado,Não existe,R-6a,60.0,Dupla,Faixa seccionada,Não informado,2020,8,24,0,6.0
2020-08-24,07:53:00,COM VÍTIMA,FINALIZADA,DOIS IRMÃOS,RUA MANUEL DE MEDEIROS,AV LUIZ ANTONIO DE ARAUJO,EM FRENTE A BORRACHARIA DO NADO.,DOIS IRMÃOS,SUBURBIO,ABALROAMENTO LONGITUDINAL,DUAS MOTOS,1.0,2.0,0.0,0.0,0.0,0.0,0.0,0.0,0.0,1.0,0.0,Esquina,Bom,Não existe,Perfeito estado,Seca,Perfeito estado,Não existe,R-6a,60.0,Dupla,Faixa seccionada,Não informado,2020,8,24,0,7.0
2020-08-24,10:41:00,SEM VÍTIMA,FINALIZADA,TORRE,RUA REAL DA TORRE,RUA VISCONDE DE ITAPARICA,EM FRENTE A ESCOLA DESPERTAR,TORRE,Não informado,COLISÃO,SEM VITIMAS /VEICULO OFICIAL CREA/ VT 03 CTTU NO LOCAL,1.0,1.0,0.0,0.0,0.0,0.0,0.0,1.0,0.0,0.0,0.0,Cruzamento,Bom,Não existe,Incompleta,Seca,Perfeito estado,Não existe,Outras,60.0,Única,Não existe,Não informado,2020,8,24,0,10.0
2020-08-24,12:21:00,COM VÍTIMA,FINALIZADA,TEJIPIÓ,RUA DO SANCHO,RUA SARGENTO JUVENCIO,DEPOIS DA ESTACÃO DO METRO DE TEJIPIO,TEJIPIÓ,Não informado,ABALROAMENTO LONGITUDINAL,COLISÃO ENTRE 2 CARROS E 1 MOTO,2.0,1.0,0.0,0.0,0.0,0.0,0.0,0.0,0.0,1.0,0.0,Esquina,Bom,Não existe,Não existente,Seca,Mal conservada,Não existe,Não há placas,60.0,Dupla,Não existe,Não informado,2020,8,24,0,12.0
2020-08-24,15:10:00,COM VÍTIMA,FINALIZADA,ESPINHEIRO,RUA BUENOS AYRES,Não informado,PROX AO BANCO DO NORDESTE,ESPINHEIRO,Não informado,COLISÃO,COLISÃO CARRO E MOTOCICLETA- VEICULO DA PLACA xxx EVADIU-SE DO LOCAL,1.0,1.0,1.0,0.0,0.0,0.0,0.0,0.0,0.0,1.0,0.0,Não informado,Não informado,Não informado,Não informado,Não informado,Não informado,Não informado,Não informado,60.0,Não informado,Não informado,Não informado,2020,8,24,0,15.0
2020-08-24,18:33:00,COM VÍTIMA,CANCELADA,PASSARINHO,EST DE PASSARINHO,Não informado,PROXIMO DA FABRICA POUPE FRUTA- PROXIMO DA ASSEMBLEIA,PASSARINHO,Não informado,COLISÃO COM CICLISTA,COLISÃO ENTRE CICLISTA E CAMINHÃO C/V,1.0,1.0,0.0,1.0,0.0,0.0,1.0,0.0,0.0,1.0,0.0,Não informado,Não informado,Não informado,Não informado,Não informado,Não informado,Não informado,Não informado,60.0,Não informado,Não informado,Não informado,2020,8,24,0,18.0
2020-08-24,22:40:00,COM VÍTIMA,FINALIZADA,CAJUEIRO,AV CIDADE DE MONTEIRO,Não informado,PROXIMO DO ARMAZEM CORAL- PROXIMO DO MARTELINHO DE OURO,CAJUEIRO,OLINDA,ABALROAMENTO LONGITUDINAL,COLISÃO ENTRE AUTO E MOTO C/V,1.0,1.0,0.0,0.0,0.0,0.0,0.0,0.0,0.0,2.0,0.0,Longo da via,Bom,Sem defeito,Perfeito estado,Seca,Mal iluminada,Não existe,Não há placas,60.0,Dupla,Faixa contínua,Não informado,2020,8,24,0,22.0
2020-08-25,06:45:00,COM VÍTIMA,FINALIZADA,IPSEP,AV RECIFE,Não informado,LADO OPOSTO AO POSTO FEDERAL SENTIDO AEROPORTO,IPSEP,Não informado,ATROPELAMENTO,VEÍCULO PERDEU O CONTROLE E ATROPELOU PEDESTRE NA PARADA DE ÔNIBUS,1.0,1.0,0.0,0.0,2.0,0.0,0.0,0.0,0.0,2.0,0.0,Longo da via,Bom,Não existe,Perfeito estado,Seca,Perfeito estado,Não existe,Não há placas,60.0,Dupla,Canteiro central,Não informado,2020,8,25,1,6.0
2020-08-25,07:34:00,COM VÍTIMA,FINALIZADA,TORRÕES,AV ENGENHEIRO ABDIAS DE CARVALHO,Não informado,EM BAIXO DO SEMAFORO 272 EM FRENTE AO SOS AUTO PEÇAS,TORRÕES,CIDADE,COLISÃO TRASEIRA,COLISÃO COM VITIMA A ESPERA DO SAMU,1.0,1.0,0.0,0.0,0.0,0.0,0.0,0.0,0.0,1.0,0.0,Longo da via,Bom,Sem defeito,Perfeito estado,Seca,Perfeito estado,Faixa de pedestre,Outras,60.0,Dupla,Faixa contínua,Não informado,2020,8,25,1,7.0
2020-08-25,08:05:00,COM VÍTIMA,FINALIZADA,BOA VIAGEM,RUA DEZ DE JULHO,RUA WALDEMAR NERY CARNEIRO MONTEIRO,EM FRENTE AO EDIFICIO  TANGARA,BOA VIAGEM,CIDADE,COLISÃO TRASEIRA,COLISÃO ENTRE ÔNIBUS E MOTO COM VITIMA.,1.0,1.0,0.0,0.0,0.0,1.0,0.0,0.0,0.0,1.0,0.0,Longo da via,Bom,Sem defeito,Incompleta,Seca,Perfeito estado,Faixa de pedestre,Não há placas,60.0,Única,Faixa seccionada,Não informado,2020,8,25,1,8.0
2020-08-25,09:01:00,COM VÍTIMA,FINALIZADA,VÁRZEA,AV AFONSO OLINDENSE,RUA AMOROSO COSTA,Não informado,VÁRZEA,SUBURBIO,ABALROAMENTO LONGITUDINAL,AUTO E MOTO  VT-20 NO LOCAL GM´S RODRIGO LACERDA E ANDRE PNHEIRO,1.0,1.0,0.0,0.0,0.0,0.0,0.0,0.0,0.0,1.0,0.0,Longo da via,Bom,Não existe,Perfeito estado,Seca,Perfeito estado,Não existe,Outras,30.0,Dupla,Faixa contínua,Não informado,2020,8,25,1,9.0
2020-08-25,09:59:00,COM VÍTIMA,FINALIZADA,MADALENA,AV VISCONDE DE ALBUQUERQUE,Não informado,EM FRENTE AO HOSPITAL D'AVILA,MADALENA,SUBURBIO,CHOQUE VEÍCULO PARADO,AUTO E MOTO.,1.0,1.0,0.0,0.0,0.0,0.0,0.0,0.0,0.0,1.0,0.0,Longo da via,Bom,Sem defeito,Perfeito estado,Seca,Perfeito estado,Faixa de pedestre,R-6a,60.0,Única,Faixa contínua,Não informado,2020,8,25,1,9.0
2020-08-25,11:20:00,SEM VÍTIMA,CANCELADA,MADALENA,EST DOS REMEDIOS,Não informado,EM FRENTE A POLICLINICA LESSA DE ANDRADE,MADALENA,Não informado,COLISÃO,VEICULO OFICIAL TRE E AUTO,1.0,1.0,0.0,0.0,0.0,0.0,1.0,0.0,0.0,0.0,0.0,Não informado,Não informado,Não informado,Não informado,Não informado,Não informado,Não informado,Não informado,60.0,Não informado,Não informado,Não informado,2020,8,25,1,11.0
2020-08-25,13:07:00,COM VÍTIMA,FINALIZADA,SANTO AMARO,RUA DO PROGRESSO,Não informado,EM FRENTE AO ALTINO VENTURA,SANTO AMARO,CIDADE,CHOQUE OBJETO FIXO,COLISÃO COM VÍTIMA,1.0,1.0,0.0,0.0,0.0,0.0,0.0,0.0,0.0,1.0,0.0,Longo da via,Bom,Não existe,Perfeito estado,Seca,Perfeito estado,Não existe,Não há placas,60.0,Única,Não existe,Não informado,2020,8,25,1,13.0
2020-08-25,13:22:00,COM VÍTIMA,FINALIZADA,AREIAS,RUA AURORA CACOTE,Não informado,EM FRENTE A FARMÁCIA FARMAVIDA,AREIAS,SUBURBIO,COLISÃO FRONTAL,COLISÃO ENTRE DUAS MOTOS,1.0,2.0,0.0,0.0,0.0,0.0,0.0,0.0,0.0,1.0,0.0,Longo da via,Bom,Não existe,Incompleta,Seca,Mal conservada,Não existe,R-6a,60.0,Dupla,Não existe,Não informado,2020,8,25,1,13.0
2020-08-25,15:40:00,COM VÍTIMA,FINALIZADA,PINA,AV ANTONIO DE GOES,Não informado,EM FRENTE AO ITC,PINA,CIDADE,COLISÃO TRASEIRA,COLISÃO COM VÍTIMA. AUTO E MOTO.,1.0,1.0,0.0,0.0,0.0,0.0,0.0,0.0,0.0,1.0,0.0,Longo da via,Bom,Sem defeito,Perfeito estado,Seca,Perfeito estado,Não existe,Outras,40.0,Única,Faixa seccionada,Não informado,2020,8,25,1,15.0
2020-08-25,15:54:00,SEM VÍTIMA,FINALIZADA,PINA,AV ANTONIO DE GOES,Não informado,LADO OPOSTO DNIT,PINA,CIDADE,ABALROAMENTO LONGITUDINAL,COLISAO ENTRE AUTO E MOTOLANCIA DO SAMU TRATA-SE DE VEICULO OFICIAL,1.0,1.0,0.0,0.0,0.0,0.0,0.0,0.0,0.0,0.0,0.0,Longo da via,Bom,Não existe,Perfeito estado,Seca,Perfeito estado,Não existe,Outras,60.0,Única,Canteiro central,Não informado,2020,8,25,1,15.0
2020-08-25,18:26:00,COM VÍTIMA,FINALIZADA,MADALENA,AV CAXANGA,RUA RODOLFO RANGEL MOREIRA,ESQUINA COM A PAGUE MENOS // VT 20 NO LOCAL,MADALENA,CIDADE,TOMBAMENTO,ENTRE AUTO E MOTO. AUTO SE EVADIU DO LOCAL. CONDUTOR DA MOTONETA INFORMOU TER SIDO TRANCADO POR ESTE SEGUNDO VEÍCULO- VINDO A TOMBAR NA VIA.,1.0,1.0,0.0,0.0,0.0,0.0,0.0,0.0,0.0,1.0,0.0,Longo da via,Bom,Sem defeito,Perfeito estado,Seca,Perfeito estado,Faixa de pedestre,Outras,60.0,Dupla,Faixa contínua,Não informado,2020,8,25,1,18.0
2020-08-26,06:10:00,COM VÍTIMA,FINALIZADA,CABANGA,AV SUL,RUA CARLOS COELHO LEAL VALENTE,ENTRADA DO CABANGA,CABANGA,CIDADE,ABALROAMENTO TRANSVERSAL,COLISÃO ÔNIBUS DA EMPRESA VERA CRUZ X MOTOCICLETA BRAVAX - C/VITIMA FATAL,1.0,1.0,1.0,0.0,0.0,1.0,0.0,0.0,0.0,1.0,0.0,Cruzamento,Chuvoso,Sem defeito,Ilegível,Molhada,Perfeito estado,Não existe,Não há placas,60.0,Dupla,Canteiro central,Não informado,2020,8,26,2,6.0
2020-08-26,08:36:00,COM VÍTIMA,FINALIZADA,ROSARINHO,AV NORTE,Não informado,Não informado,ROSARINHO,CIDADE,ABALROAMENTO LONGITUDINAL,MOTO.,1.0,2.0,0.0,0.0,0.0,0.0,0.0,0.0,0.0,2.0,0.0,Longo da via,Bom,Não existe,Perfeito estado,Seca,Perfeito estado,Não existe,R-6a,60.0,Dupla,Canteiro central,Não informado,2020,8,26,2,8.0
2020-08-26,10:09:00,COM VÍTIMA,FINALIZADA,IPUTINGA,EST DO BARBALHO,Não informado,E/F AO DETRAN,IPUTINGA,SUBURBIO,ABALROAMENTO LONGITUDINAL,COLISÃO C/VITIMA ENTRE UM AUTO E UMA MOTO,1.0,1.0,0.0,0.0,0.0,0.0,0.0,0.0,0.0,1.0,0.0,Longo da via,Bom,Não existe,Perfeito estado,Seca,Perfeito estado,Faixa de pedestre,R-6c,60.0,Dupla,Faixa contínua,Não informado,2020,8,26,2,10.0
2020-08-26,23:34:00,COM VÍTIMA,FINALIZADA,PARNAMIRIM,RUA JOAO TUDE DE MELO,Não informado,PROXIMO AO SHOPPING PARNAMIRIM- NA PONTE QUE LIGA O BAIRRO DA TORRE A PARNAMIRIM,PARNAMIRIM,SUBURBIO,CHOQUE OBJETO FIXO,MOTO CHOCOU-SE NA MURETA DA PONTE C/V,1.0,1.0,0.0,0.0,0.0,0.0,0.0,0.0,0.0,2.0,0.0,Ponte,Bom,Não existe,Perfeito estado,Seca,Perfeito estado,Não existe,Não há placas,40.0,Única,Faixa seccionada,Não informado,2020,8,26,2,23.0
2020-08-27,07:45:00,COM VÍTIMA,CANCELADA,CASA AMARELA,AV NORTE,Não informado,NO SENTIDO CIDADE  AO LADO DA OFICINA PINHO MOTOS DE ESQUINA  COM A LOJA TOTAL CAR,CASA AMARELA,Não informado,COLISÃO,COLISÃO COM VITIMA,2.0,1.0,0.0,0.0,0.0,0.0,0.0,0.0,0.0,1.0,0.0,Não informado,Não informado,Não informado,Não informado,Não informado,Não informado,Não informado,Não informado,60.0,Não informado,Não informado,Não informado,2020,8,27,3,7.0
2020-08-27,08:17:00,COM VÍTIMA,FINALIZADA,ILHA JOANA BEZERRA,VIADUTO CAPITAO TEMUDO,Não informado,EM CIMA DO VIADUTO CAPITÃO TEMUDO NO SENTIDO BOA VIAGEM,ILHA JOANA BEZERRA,SUBURBIO,COLISÃO TRASEIRA,COLISÃO COM VITIMA A ESPERA DO SAMU,1.0,1.0,0.0,0.0,0.0,1.0,0.0,0.0,0.0,2.0,0.0,Ponte,Bom,Não existe,Perfeito estado,Seca,Perfeito estado,Não existe,Não há placas,60.0,Dupla,Canteiro central,Não informado,2020,8,27,3,8.0
2020-08-27,12:15:00,COM VÍTIMA,FINALIZADA,BOA VIAGEM,AV DOM JOAO VI,Não informado,NA SAIDA DO TUNEL S/T CID,BOA VIAGEM,CIDADE,COLISÃO TRASEIRA,COLISAO ENTRE AUTO E MOTO BATEDOR DA MOTO 27 E 11 NO LOCAL,1.0,1.0,0.0,0.0,0.0,0.0,0.0,0.0,0.0,1.0,0.0,Longo da via,Bom,Sem defeito,Perfeito estado,Seca,Perfeito estado,Faixa de pedestre,Outras,50.0,Dupla,Não existe,Não informado,2020,8,27,3,12.0
2020-08-27,13:27:00,COM VÍTIMA,FINALIZADA,CAMPO GRANDE,RUA PROFESSOR FRANCISCO DA TRINDADE,RUA SAO CAETANO,PROX AO CLUBE DAS PAS,CAMPO GRANDE,SUBURBIO,ABALROAMENTO TRANSVERSAL,COLISAO ENTRE AUTO E MOTO COM UMA VITIMA,1.0,1.0,0.0,0.0,0.0,0.0,0.0,0.0,0.0,1.0,0.0,Cruzamento,Bom,Não existe,Incompleta,Seca,Perfeito estado,Faixa de retenção,Placas Pare,30.0,Dupla,Faixa seccionada,Não informado,2020,8,27,3,13.0
2020-08-27,14:08:00,COM VÍTIMA,FINALIZADA,BOA VISTA,AV GOVERNADOR AGAMENON MAGALHAES,AV RUI BARBOSA,NO SEMÁFORO 037,BOA VISTA,OLINDA,ABALROAMENTO LONGITUDINAL,COLISÃO COM VÍTIMA,1.0,1.0,0.0,0.0,0.0,0.0,0.0,0.0,0.0,1.0,0.0,Cruzamento,Bom,Sem defeito,Perfeito estado,Seca,Perfeito estado,Agente,Outras,60.0,Única,Não informado,Não informado,2020,8,27,3,14.0
2020-08-27,14:38:00,COM VÍTIMA,FINALIZADA,MADALENA,AV CAXANGA,Não informado,EM FRENTE AO NUCLEO SAÚDE- LADO OPOSTO AO COLÉGIO FORMAÇÃO INTEGRAL.,MADALENA,CIDADE,COLISÃO TRASEIRA,COLISÃO COM VITIMA,1.0,1.0,0.0,0.0,0.0,0.0,0.0,0.0,0.0,1.0,0.0,Longo da via,Bom,Não existe,Perfeito estado,Seca,Perfeito estado,Não existe,Não há placas,60.0,Única,Faixa seccionada,Não informado,2020,8,27,3,14.0
2020-08-27,16:41:00,COM VÍTIMA,FINALIZADA,ESPINHEIRO,RUA BARAO DE ITAMARACA,Não informado,Não informado,ESPINHEIRO,CIDADE,ATROPELAMENTO,MOTO E PEDESTRE,1.0,1.0,0.0,0.0,1.0,0.0,0.0,0.0,0.0,1.0,0.0,Longo da via,Bom,Não existe,Perfeito estado,Seca,Perfeito estado,Não existe,Outras,30.0,Dupla,Faixa contínua,Não informado,2020,8,27,3,16.0