data,hora,natureza_acidente,situacao,bairro,endereco,detalhe_endereco_acidente,complemento,bairro_cruzamento,sentido_via,tipo,descricao,auto,moto,ciclom,ciclista,pedestre,onibus,caminhao,viatura,outros,vitimas,vitimasfatais,acidente_verificado,tempo_clima,situacao_semaforo,sinalizacao,condicao_via,conservacao_via,ponto_controle,situacao_placa,velocidade_max_via,mao_direcao,divisao_via1,natureza,ano,mes,dia,dia_semana,hora_ocorrencia
2020-08-27,17:34:00,SEM VÍTIMA,FINALIZADA,SÃO JOSÉ,RUA IMPERIAL,RUA ITABIRA,PROX AO VIADUTO CABO EUTROPIO,SÃO JOSÉ,Não informado,COLISÃO,COLISAO ENTRE VT OFICIAL E AUTO S/V,1.0,1.0,0.0,0.0,0.0,0.0,0.0,1.0,0.0,0.0,0.0,Longo da via,Bom,Não existe,Não existente,Seca,Perfeito estado,Não existe,Não há placas,60.0,Única,Não existe,Não informado,2020,8,27,3,17.0
2020-08-27,18:56:00,COM VÍTIMA,FINALIZADA,ESTÂNCIA,AV RECIFE,Não informado,ENF A IGREJA BATISTA DA ESTANCIA SENTIDO CAXANGA,ESTÂNCIA,CIDADE,COLISÃO TRASEIRA,VW/GOL X HONDA/BROSS,1.0,1.0,0.0,0.0,0.0,0.0,0.0,0.0,0.0,1.0,0.0,Longo da via,Bom,Sem defeito,Perfeito estado,Seca,Perfeito estado,Faixa de pedestre,Não informado,60.0,Única,Faixa contínua,Não informado,2020,8,27,3,18.0
2020-08-27,23:18:00,SEM VÍTIMA,CANCELADA,BOA VIAGEM,RUA DEZ DE JULHO,RUA CAMBOIM,NA RUA DA ESTAÇAO DO AEROPORTO,BOA VIAGEM,Não informado,COLISÃO,HB 20 X FIAT MOBI,2.0,1.0,0.0,0.0,0.0,0.0,0.0,0.0,0.0,0.0,0.0,Não informado,Não informado,Não informado,Não informado,Não informado,Não informado,Não informado,Não informado,60.0,Não informado,Não informado,Não informado,2020,8,27,3,23.0
2020-08-28,12:22:00,SEM VÍTIMA,FINALIZADA,BOA VIAGEM,RUA BARAO DE SOUZA LEAO,RUA PADRE LUIZ MARQUES TEIXEIRA,RESTAURANTE COSTA BRAVA,BOA VIAGEM,Não informado,ABALROAMENTO LONGITUDINAL,COLISÃO COM VEICULO DA FORÇA AEREA / VEICULO DE PLACA PEM9090 SE EVADIU DO LOCAL,1.0,1.0,0.0,0.0,0.0,0.0,0.0,0.0,0.0,0.0,0.0,Longo da via,Bom,Não existe,Perfeito estado,Seca,Perfeito estado,Não existe,R-6a,60.0,Única,Faixa seccionada,Não informado,2020,8,28,4,12.0
2020-08-28,12:24:00,COM VÍTIMA,FINALIZADA,BOA VIAGEM,AV ENGENHEIRO DOMINGOS FERREIRA,Não informado,PROX A FARMACIA INDEPENDENTE,BOA VIAGEM,CIDADE /SUB,COLISÃO,CARRO COM MOTO,1.0,1.0,0.0,0.0,0.0,0.0,0.0,0.0,0.0,1.0,0.0,Não informado,Não informado,Não informado,Não informado,Não informado,Não informado,Não informado,Não informado,60.0,Não informado,Não informado,Não informado,2020,8,28,4,12.0
2020-08-28,12:35:00,COM VÍTIMA,FINALIZADA,MADALENA,AV VISCONDE DE ALBUQUERQUE,Não informado,LADO OPOSTO AO BOMPREÇO,MADALENA,SUBURBIO,COLISÃO TRASEIRA,MOTOCICLETA DE PLACA: QYI0G28 E FIAT SIENA: PEG 9711,1.0,1.0,0.0,0.0,0.0,0.0,0.0,0.0,0.0,1.0,0.0,Longo da via,Bom,Sem defeito,Perfeito estado,Seca,Perfeito estado,Não informado,Outras,60.0,Única,Faixa seccionada,Não informado,2020,8,28,4,12.0
2020-08-28,14:36:00,COM VÍTIMA,FINALIZADA,BOA VIAGEM,RUA BALTAZAR PASSOS,RUA VISCONDE DE JEQUITINHONHA,PROX A PADARIA PAN JOVEM- PROX AO PARQUE DONA LINDU SENTIDO PIEDADE,BOA VIAGEM,Não informado,ABALROAMENTO LONGITUDINAL,VEICULO COLIDIU COM A MOTO E CAPOTOU,1.0,1.0,0.0,0.0,0.0,0.0,0.0,0.0,0.0,1.0,0.0,Cruzamento,Bom,Sem defeito,Perfeito estado,Seca,Perfeito estado,Faixa de pedestre,Não informado,40.0,Não informado,Faixa seccionada,Não informado,2020,8,28,4,14.0
2020-08-28,17:39:00,COM VÍTIMA,FINALIZADA,MACAXEIRA,RUA CARLOS MARIGHELLA,Não informado,PROX A BARRACA DO SPOK,MACAXEIRA,Não informado,ATROPELAMENTO,UM ONIBUS ATROPELOU UM PEDRESTRE,1.0,1.0,0.0,0.0,1.0,1.0,0.0,0.0,0.0,1.0,0.0,Longo da via,Bom,Não existe,Não existente,Seca,Perfeito estado,Não existe,Não há placas,60.0,Dupla,Não existe,Não informado,2020,8,28,4,17.0
2020-08-29,15:21:00,COM VÍTIMA,FINALIZADA,DOIS UNIDOS,AV HILDEBRANDO DE VASCONCELOS,Não informado,EN FRENTE A ALBUQUERQUE BEBIBAS. ESCOLA BRILHO DE JESUS.,DOIS UNIDOS,BR 101,ATROPELAMENTO,AUTO E PEDESTRE,1.0,1.0,0.0,0.0,1.0,0.0,0.0,0.0,0.0,1.0,0.0,Longo da via,Bom,Não existe,Incompleta,Seca,Perfeito estado,Não existe,R-6a,40.0,Dupla,Faixa seccionada,Não informado,2020,8,29,5,15.0
2020-08-29,15:58:00,COM VÍTIMA,FINALIZADA,FUNDÃO,AV BEBERIBE,RUA CORONEL URBANO RIBEIRO DE SENA,NO SEMÁFORO 307 / SENTIDO BEBERIBE,FUNDÃO,SUBURBIO,ABALROAMENTO TRANSVERSAL,COLISÃO COM VÍTIMA/ VÍTIMA SOCORRIDA PELO SAMU,1.0,1.0,0.0,0.0,0.0,0.0,0.0,0.0,0.0,1.0,0.0,Cruzamento,Bom,Sem defeito,Perfeito estado,Seca,Perfeito estado,Faixa de pedestre,Outras,60.0,Dupla,Não informado,Não informado,2020,8,29,5,15.0
2020-08-29,19:12:00,SEM VÍTIMA,CANCELADA,IBURA,RUA RIO CLARO,Não informado,UMA RUA ENF. AO VAREJAO ESTRELA,IBURA,Não informado,COLISÃO,LOGAN X GOL X DUSTER   OBS: SUSPEITA DE EMBRIAGUEZ,3.0,1.0,0.0,0.0,0.0,0.0,0.0,0.0,0.0,0.0,0.0,Não informado,Não informado,Não informado,Não informado,Não informado,Não informado,Não informado,Não informado,60.0,Não informado,Não informado,Não informado,2020,8,29,5,19.0
2020-08-29,19:29:00,COM VÍTIMA,FINALIZADA,SAN MARTIN,AV GENERAL SAN MARTIN,Não informado,PROX AO COLEGIO ADVENTISTA,SAN MARTIN,SUBURBIO,COLISÃO TRASEIRA,MOTO XRE X LOGAN,1.0,1.0,0.0,0.0,0.0,0.0,0.0,0.0,0.0,1.0,0.0,Longo da via,Bom,Não existe,Ilegível,Seca,Mal conservada,Não existe,Não há placas,40.0,Dupla,Faixa contínua,Não informado,2020,8,29,5,19.0
2020-08-29,20:27:00,COM VÍTIMA,CANCELADA,CORDEIRO,AV CAXANGA,Não informado,E/F A LOJA AGRO- ÚTIL - SNT SUB/CID / PRÓX AO SUPER MERCADO SOBERANO,CORDEIRO,SUBURBIO,COLISÃO,ENTRE AUTO E MOTO. C/V,1.0,1.0,0.0,0.0,0.0,0.0,0.0,0.0,0.0,2.0,0.0,Não informado,Não informado,Não informado,Não informado,Não informado,Não informado,Não informado,Não informado,60.0,Não informado,Não informado,Não informado,2020,8,29,5,20.0
2020-08-30,13:16:00,SEM VÍTIMA,FINALIZADA,CAMPINA DO BARRETO,RUA DOS PEIXINHOS,Não informado,EM FRENTE AO NÚMERO 958,CAMPINA DO BARRETO,Não informado,CHOQUE OBJETO FIXO,CARRO COLIDIU COM MURO,1.0,1.0,0.0,0.0,0.0,0.0,0.0,0.0,0.0,0.0,0.0,Longo da via,Bom,Não existe,Perfeito estado,Seca,Perfeito estado,Não existe,Não há placas,60.0,Dupla,Não existe,Não informado,2020,8,30,6,13.0
2020-08-31,03:46:00,COM VÍTIMA,FINALIZADA,IPSEP,AV RECIFE,Não informado,PRÓXIMO AO SAL E BRASA. AO LADO DA LOJA GILVAN DOS PARABRISAS.,IPSEP,IPSEP,ABALROAMENTO TRANSVERSAL,AUTO EMOTO.,1.0,1.0,0.0,0.0,0.0,0.0,0.0,0.0,0.0,1.0,0.0,Longo da via,Chuvoso,Sem defeito,Não informado,Molhada,Perfeito estado,Não informado,Outras,60.0,Dupla,Canteiro central,Não informado,2020,8,31,0,3.0
2020-08-31,12:20:00,COM VÍTIMA,FINALIZADA,PINA,AV CONSELHEIRO AGUIAR,RUA TOME GIBSON,EM FRENTE A PADARIA MIRAMAR,PINA,CIDADE,ABALROAMENTO LONGITUDINAL,COLISÃO COM VÍTIMA,1.0,1.0,0.0,0.0,0.0,0.0,0.0,0.0,0.0,1.0,0.0,Cruzamento,Bom,Sem defeito,Perfeito estado,Seca,Perfeito estado,Faixa de pedestre,R-6a,60.0,Única,Faixa contínua,Não informado,2020,8,31,0,12.0
2020-08-31,16:51:00,SEM VÍTIMA,FINALIZADA,GRAÇAS,RUA GUILHERME PINTO,Não informado,ENTRE A PRAÇA GUILHERME PINTO E O RESTAURANTE PORTAL DO DERBY,GRAÇAS,Não informado,COLISÃO,COLISAO ENTRE AUTO E VEICULO OFICIAL DO BOMBEIRO,2.0,1.0,0.0,0.0,0.0,0.0,0.0,0.0,0.0,0.0,0.0,Esquina,Bom,Não existe,Perfeito estado,Seca,Perfeito estado,Faixa de pedestre,R-6a,20.0,Única,Faixa contínua,Não informado,2020,8,31,0,16.0
2020-08-31,17:22:00,COM VÍTIMA,FINALIZADA,CASA AMARELA,AV NORTE,RUA BELA VISTA,E/F AO REI DA PICANHA S/T CID,CASA AMARELA,CIDADE,ABALROAMENTO TRANSVERSAL,COLISAO ENTRE AUTO E MOTO COM UMA VITIMA,1.0,1.0,0.0,0.0,0.0,0.0,0.0,0.0,0.0,1.0,0.0,Cruzamento,Bom,Sem defeito,Perfeito estado,Seca,Perfeito estado,Faixa de pedestre,Outras,60.0,Dupla,Blocos,Não informado,2020,8,31,0,17.0
2020-08-31,17:25:00,COM VÍTIMA,CANCELADA,IPSEP,RUA JEAN EMILE FAVRE,Não informado,NA PRAÇA DA MAURICEIA E AO LADO DO COLEGIO ELEANOR ROOSEVELT,IPSEP,Não informado,COLISÃO,COLISÃO COM VÍTIMA,1.0,1.0,0.0,0.0,0.0,0.0,0.0,0.0,0.0,1.0,0.0,Não informado,Não informado,Não informado,Não informado,Não informado,Não informado,Não informado,Não informado,60.0,Não informado,Não informado,Não informado,2020,8,31,0,17.0
2020-08-31,17:26:00,COM VÍTIMA,CANCELADA,BARRO,AV DR JOSE RUFINO,AV LIBERDADE,E/F AO QUARTEL 4 BCON,BARRO,Não informado,COLISÃO,COLISAO ENTRE AUTO E MOTO COM UMA VITIMA,1.0,1.0,0.0,0.0,0.0,0.0,0.0,0.0,0.0,1.0,0.0,Não informado,Não informado,Não informado,Não informado,Não informado,Não informado,Não informado,Não informado,60.0,Não informado,Não informado,Não informado,2020,8,31,0,17.0
2020-08-31,21:53:00,COM VÍTIMA,EQUIPE NO LOCAL,CAMPO GRANDE,AV GOVERNADOR AGAMENON MAGALHAES,Não informado,ANTES DO VIADUTO KOAO DE BARROS SENTIDO BOA VIAGEM LOGO APOS A CENTRAL DE FLAGRANTES,CAMPO GRANDE,SUBURBIO,ATROPELAMENTO,PEDESTRE E AUTO,1.0,1.0,0.0,0.0,1.0,0.0,0.0,0.0,0.0,1.0,0.0,Longo da via,Bom,Sem defeito,Perfeito estado,Seca,Perfeito estado,Faixa de pedestre,Não informado,60.0,Não informado,Não informado,Não informado,2020,8,31,0,21.0
2020-08-31,23:16:00,VÍTIMA FATAL,FINALIZADA,IPSEP,RUA SAO NICOLAU,RUA ABDIAS CABRAL DE MOURA,PRÓXIMO À ENTRADA DO IBURA E CASA DAS BATERIAS,IPSEP,SUBURBIO,ABALROAMENTO TRANSVERSAL,ONIBUS DA EMPRESA X MOTO C/VÍTIMA FATAL,1.0,1.0,0.0,0.0,0.0,1.0,0.0,0.0,0.0,1.0,1.0,Cruzamento,Bom,Sem defeito,Perfeito estado,Seca,Perfeito estado,Não existe,Não há placas,60.0,Única,Não existe,Não informado,2020,8,31,0,23.0
2020-08-31,23:43:00,COM VÍTIMA,FINALIZADA,PINA,PTE AGAMENON MAGALHAES,AV ANTONIO DE GOES,NA SAÍDA DA AV ANTONIO DE GÓES. IATE CLUBE.,PINA,CIDADE,ABALROAMENTO LONGITUDINAL,CONDUTOR- APÓS SE EVADIR DA BLITZEM DA LEI SECA (NA AV ANTONIO DE GÓES)- COLIDIU COM UMA MOTOCICLETA NA PTE AGAMENON MAGALHÃES E- CONTINUOU SE EVADINDO- TENDO SIDO VIZUALIZADO PELA EQUIPE DA VT-18- NA PONTE JOSÉ DE BAROS LIMA- E POSTERIORMENTE- PELO INSPETOR IZAIAS NO POSTO BR DA AV NORTE- APÓS O CRUZAMENTO COM A AV JOÃO DE BARROS- SENTIDO SUBURBIO.,1.0,1.0,0.0,0.0,0.0,0.0,0.0,0.0,0.0,2.0,0.0,Ponte,Bom,Não existe,Perfeito estado,Seca,Perfeito estado,Não existe,Outras,60.0,Única,Faixa contínua,Não informado,2020,8,31,0,23.0
2020-09-01,02:15:00,COM VÍTIMA,FINALIZADA,MADALENA,AV ENGENHEIRO ABDIAS DE CARVALHO,RUA JOAO IVO DA SILVA,COM A RUA JOÃO IVO DA SILVA,MADALENA,SUBURBIO,ABALROAMENTO TRANSVERSAL,COLISÃO MOTO X AUTO COM VITIMA,1.0,1.0,0.0,0.0,0.0,0.0,0.0,0.0,0.0,1.0,0.0,Cruzamento,Bom,Sem defeito,Perfeito estado,Seca,Perfeito estado,Faixa de pedestre,Outras,60.0,Dupla,Faixa contínua,Não informado,2020,9,1,1,2.0
2020-09-01,09:03:00,COM VÍTIMA,CANCELADA,ESTÂNCIA,AV DR JOSE RUFINO,Não informado,EM FRENTE AO COLÉGIO VISÃO,ESTÂNCIA,Não informado,COLISÃO,Não informado,1.0,1.0,0.0,0.0,0.0,0.0,0.0,0.0,0.0,1.0,0.0,Não informado,Não informado,Não informado,Não informado,Não informado,Não informado,Não informado,Não informado,60.0,Não informado,Não informado,Não informado,2020,9,1,1,9.0
2020-09-01,08:19:00,COM VÍTIMA,FINALIZADA,ÁGUA FRIA,AV BEBERIBE,RUA SAO JOAQUIM DO MONTE,Não informado,ÁGUA FRIA,Não informado,ABALROAMENTO LONGITUDINAL,COM VÍTIMA,1.0,1.0,0.0,0.0,0.0,0.0,0.0,0.0,0.0,1.0,0.0,Longo da via,Bom,Sem defeito,Perfeito estado,Seca,Perfeito estado,Faixa de pedestre,Não há placas,60.0,Dupla,Não informado,Não informado,2020,9,1,1,8.0
2020-09-01,10:53:00,COM VÍTIMA,FINALIZADA,TORRE,RUA CONDE DE IRAJA,Não informado,E/F AO CENTRO COMUNITÁRIO INTEGRAÇÃO,TORRE,SUBURBIO,ABALROAMENTO LONGITUDINAL,COLISÃO C/VITIMA ENTRE UM AUTO E MOTO,1.0,1.0,0.0,0.0,0.0,0.0,0.0,0.0,0.0,1.0,0.0,Longo da via,Bom,Sem defeito,Perfeito estado,Seca,Perfeito estado,Não existe,Outras,60.0,Única,Faixa seccionada,Não informado,2020,9,1,1,10.0
2020-09-01,11:51:00,SEM VÍTIMA,FINALIZADA,BOA VIAGEM,RUA GENERAL EDSON AMANCIO RAMALHO,Não informado,LOJA FINO DESIGN,BOA VIAGEM,CIDADE,CHOQUE OBJETO FIXO,CHOQUE VIATURA COM MURETA,1.0,1.0,0.0,0.0,0.0,0.0,0.0,0.0,0.0,0.0,0.0,Longo da via,Bom,Não existe,Perfeito estado,Seca,Perfeito estado,Não existe,Não há placas,60.0,Única,Faixa contínua,Não informado,2020,9,1,1,11.0
2020-09-01,18:24:00,SEM VÍTIMA,CANCELADA,TORRE,RUA LAGOA DO RANCHO,Não informado,EM FRENTE A KITANDA DE FRUTAS E VERDURAS- PROXIMO DO GURA LANCHES,TORRE,Não informado,COLISÃO,COLISÃO ENTRE DOIS AUTOS S/V- UMA DAS PARTES APRESENTA SINTOMAS DE EMBRIAGUEZ,2.0,1.0,0.0,0.0,0.0,0.0,0.0,0.0,0.0,0.0,0.0,Não informado,Não informado,Não informado,Não informado,Não informado,Não informado,Não informado,Não informado,60.0,Não informado,Não informado,Não informado,2020,9,1,1,18.0
2020-09-02,07:46:00,COM VÍTIMA,FINALIZADA,VÁRZEA,AV CAXANGA,Não informado,EM FRENTE À UPA,VÁRZEA,CIDADE,COLISÃO TRASEIRA,COLISÃO COM VÍTIMA. UM SEGUNDO VEÍCULO EVADIU-SE DO LOCAL APÓS O ACIDENTE.,1.0,1.0,0.0,0.0,0.0,0.0,0.0,0.0,0.0,1.0,0.0,Longo da via,Bom,Sem defeito,Perfeito estado,Seca,Perfeito estado,Agente,Não há placas,60.0,Única,Canteiro central,Não informado,2020,9,2,2,7.0
2020-09-02,13:56:00,COM VÍTIMA,FINALIZADA,SÃO JOSÉ,AV SUL,Não informado,NO SEMÁFORO 205,SÃO JOSÉ,CIDADE,COLISÃO TRASEIRA,COLISÃO COM VÍTIMA,1.0,1.0,0.0,0.0,0.0,0.0,0.0,0.0,0.0,1.0,0.0,Longo da via,Bom,Sem defeito,Perfeito estado,Seca,Perfeito estado,Não informado,Não informado,60.0,Dupla,Canteiro central,Não informado,2020,9,2,2,13.0
2020-09-02,18:17:00,COM VÍTIMA,FINALIZADA,BOA VIAGEM,AVENIDA CELSO FURTADO (VIA MANGUE),Não informado,FINAL DA VIA MANGUE. PRÓXIMO A AV. FERNANDO SIMÕES BARBOSA. LADO OPOSTO AO POSTE 2/17.,BOA VIAGEM,SUBURBIO,ABALROAMENTO LONGITUDINAL,COM VÍTIMA,1.0,1.0,0.0,0.0,0.0,0.0,0.0,0.0,0.0,2.0,0.0,Longo da via,Bom,Não existe,Ilegível,Seca,Mal iluminada,Não existe,Outras,60.0,Dupla,Blocos,Não informado,2020,9,2,2,18.0
2020-09-02,18:48:00,COM VÍTIMA,FINALIZADA,PINA,AV ANTONIO DE GOES,Não informado,E/F AO GRUPO R1 AUTOS- FAIXA DA DIREITA / APÓS A LOMBADA ELETRONICA,PINA,CIDADE,COLISÃO TRASEIRA,ENTRE AUTO E MOTO. C/V /// VT 28 E 02 NO LOCAL.,1.0,1.0,0.0,0.0,0.0,0.0,0.0,0.0,0.0,1.0,0.0,Longo da via,Bom,Não existe,Perfeito estado,Seca,Perfeito estado,Outros,Outras,60.0,Única,Faixa seccionada,Não informado,2020,9,2,2,18.0
2020-09-02,20:20:00,SEM VÍTIMA,CANCELADA,BOA VIAGEM,RUA RIBEIRO DE BRITO,AV CONSELHEIRO AGUIAR,PROXIMIDADES DA HABBIBS / SEMÁFORO 147,BOA VIAGEM,Não informado,COLISÃO,ENTRE 2 AUTOS ( CONDUTOR EMBRIAGADO ) S/V,2.0,1.0,0.0,0.0,0.0,0.0,0.0,0.0,0.0,0.0,0.0,Não informado,Não informado,Não informado,Não informado,Não informado,Não informado,Não informado,Não informado,60.0,Não informado,Não informado,Não informado,2020,9,2,2,20.0
2020-09-03,13:01:00,COM VÍTIMA,FINALIZADA,BONGI,AV ENGENHEIRO ABDIAS DE CARVALHO,EST DOS REMEDIOS,EM FRENTE AO BOB'S,BONGI,CIDADE,ABALROAMENTO LONGITUDINAL,COLISÃO AUTO E MOTONETA / AGENTE DIEGO ELVAS NO LOCAL,1.0,1.0,0.0,0.0,0.0,0.0,0.0,0.0,0.0,1.0,0.0,Cruzamento,Bom,Sem defeito,Perfeito estado,Seca,Perfeito estado,Faixa de pedestre,Outras,60.0,Dupla,Canteiro central,Não informado,2020,9,3,3,13.0
2020-09-03,17:43:00,COM VÍTIMA,FINALIZADA,CASA AMARELA,RUA CONS PERETTI,RUA MAJOR AFONSO LEAL,NA MESMA RUA DA BIBLIOTECA PUBLICA DE CASA AMARELA,CASA AMARELA,Não informado,COLISÃO COM CICLISTA,VEICULO E BICICLETA,1.0,1.0,0.0,1.0,0.0,0.0,0.0,0.0,0.0,1.0,0.0,Cruzamento,Bom,Não existe,Perfeito estado,Seca,Perfeito estado,Não existe,Placas Pare,60.0,Não informado,Não existe,Não informado,2020,9,3,3,17.0
2020-09-03,19:14:00,COM VÍTIMA,FINALIZADA,BOA VISTA,RUA DO RIACHUELO,RUA GERVASIO PIRES,Não informado,BOA VISTA,SUBURBIO,ABALROAMENTO TRANSVERSAL,AUTO E MOTO,1.0,1.0,0.0,0.0,0.0,0.0,0.0,0.0,0.0,1.0,0.0,Cruzamento,Bom,Sem defeito,Perfeito estado,Seca,Perfeito estado,Faixa de pedestre,Não há placas,60.0,Única,Faixa contínua,Não informado,2020,9,3,3,19.0
2020-09-03,20:07:00,COM VÍTIMA,FINALIZADA,IMBIRIBEIRA,AV SUL,Não informado,AO LADO DA INTEGRAÇÃO TANCREDO NEVES- SENTIDO BOA VIAGEM. ALÇA DE RETORNO.,IMBIRIBEIRA,SUBURBIO,COLISÃO TRASEIRA,COLISÃO ENTRE DOIS AUTOS C/V,2.0,1.0,0.0,0.0,0.0,0.0,0.0,0.0,0.0,1.0,0.0,Longo da via,Bom,Não existe,Perfeito estado,Seca,Perfeito estado,Não existe,Não há placas,60.0,Dupla,Blocos,Não informado,2020,9,3,3,20.0
2020-09-03,21:46:00,COM VÍTIMA,FINALIZADA,BOA VIAGEM,AV DOM JOAO VI,Não informado,NA DESCIDA- SENTIDO AV ANTÔNIO FALCÃO- NA ALÇA DO VIADUTO. DECLIVE.,BOA VIAGEM,SUBURBIO,COLISÃO TRASEIRA,COLISÃO ENTRE DOIS AUTOS C/V,2.0,1.0,0.0,0.0,0.0,0.0,0.0,0.0,0.0,2.0,0.0,Viaduto,Chuvoso,Não existe,Perfeito estado,Molhada,Perfeito estado,Não existe,Não há placas,60.0,Única,Não existe,Não informado,2020,9,3,3,21.0
2020-09-04,00:49:00,SEM VÍTIMA,FINALIZADA,BOA VIAGEM,AV ENGENHEIRO DOMINGOS FERREIRA,RUA BRUNO VELOSO,PISTA DA ESQUERDA,BOA VIAGEM,SUBURBIO,COLISÃO,VEÍCULO COLIDIU NA TRASEIRA DE OUTRO,2.0,1.0,0.0,0.0,0.0,0.0,0.0,0.0,0.0,0.0,0.0,Longo da via,Bom,Não informado,Não informado,Não informado,Não informado,Não existe,Não há placas,60.0,Única,Canteiro central,Não informado,2020,9,4,4,0.0
2020-09-04,07:26:00,COM VÍTIMA,FINALIZADA,SANTO AMARO,AV GOVERNADOR AGAMENON MAGALHAES,Não informado,NO SENTIDO DERBY  AO LADO DO SHOPPING TACARUNA- LADO OPOSTO A FÁBRICA TACARUNA.,SANTO AMARO,CIDADE,ATROPELAMENTO,VITIMA SOCORRIDA PELOS BOMBEIROS,1.0,1.0,0.0,0.0,1.0,0.0,0.0,0.0,0.0,1.0,0.0,Longo da via,Bom,Não existe,Não existente,Seca,Perfeito estado,Não existe,Não há placas,60.0,Dupla,Canteiro central,Não informado,2020,9,4,4,7.0
2020-09-04,07:54:00,COM VÍTIMA,FINALIZADA,CAJUEIRO,AV CIDADE DE MONTEIRO,Não informado,PROX AO ARMAZEM CORAL EM FRENTE AO INOCOOP.,CAJUEIRO,CIDADE,ABALROAMENTO LONGITUDINAL,COLISÃO COM VITIMAS A ESPERA DO SAMU,1.0,1.0,0.0,0.0,0.0,0.0,0.0,0.0,0.0,2.0,0.0,Longo da via,Bom,Não existe,Perfeito estado,Seca,Perfeito estado,Não existe,Outras,40.0,Dupla,Faixa contínua,Não informado,2020,9,4,4,7.0
2020-09-04,10:20:00,COM VÍTIMA,FINALIZADA,CAMPO GRANDE,RUA SAO CAETANO,RUA GUAICURUS,PROX. AO SUPERMERCADO STYLLO,CAMPO GRANDE,SUBURBIO,ABALROAMENTO TRANSVERSAL,MOTO E AUTO,1.0,1.0,0.0,0.0,0.0,0.0,0.0,0.0,0.0,1.0,0.0,Cruzamento,Bom,Não existe,Não existente,Seca,Perfeito estado,Não existe,Não há placas,60.0,Dupla,Não existe,Não informado,2020,9,4,4,10.0
2020-09-04,12:51:00,COM VÍTIMA,FINALIZADA,BOA VIAGEM,AV VINTE DE JANEIRO,Não informado,PROX ANTIGA SADIA,BOA VIAGEM,SUBURBIO,CHOQUE VEÍCULO PARADO,COLISAO ENTRE AUTO- MOTO E CAMINHÃO.,1.0,1.0,0.0,0.0,0.0,0.0,1.0,0.0,0.0,1.0,0.0,Longo da via,Bom,Não existe,Não existente,Seca,Perfeito estado,Não existe,Não há placas,60.0,Dupla,Não existe,Não informado,2020,9,4,4,12.0
2020-09-04,15:30:00,SEM VÍTIMA,FINALIZADA,BARRO,AV DR JOSE RUFINO,Não informado,EM FRENTE A IGREJA DO BARRO,BARRO,SUBURBIO,COLISÃO,COLISÃO SEM VÍTIMA/ VEÍCULO OFICIAL,1.0,1.0,0.0,0.0,0.0,0.0,0.0,1.0,0.0,0.0,0.0,Longo da via,Bom,Não existe,Perfeito estado,Seca,Perfeito estado,Não existe,Não há placas,40.0,Dupla,Não existe,Não informado,2020,9,4,4,15.0
2020-09-04,15:56:00,COM VÍTIMA,FINALIZADA,ESTÂNCIA,RUA SAO MIGUEL,Não informado,PROXIMO AO POSTO IPIRANGA- EM FRENTE AO POSTO PETROISA.,ESTÂNCIA,CIDADE,COLISÃO TRASEIRA,COLISÃO COM VÍTIMA,2.0,1.0,0.0,0.0,0.0,0.0,0.0,0.0,0.0,1.0,0.0,Longo da via,Bom,Não existe,Incompleta,Seca,Mal conservada,Não existe,R-6a,60.0,Dupla,Faixa contínua,Não informado,2020,9,4,4,15.0
2020-09-04,16:14:00,SEM VÍTIMA,FINALIZADA,ENCRUZILHADA,AV NORTE,RUA AUGUSTO RODRIGUES,AO LADO DA PRACA DA PICANHA,ENCRUZILHADA,SUBURBIO,COLISÃO,COLISÃO SEM VÍTIMA/ VEÍCULO OFICIAL,1.0,1.0,0.0,0.0,0.0,0.0,0.0,0.0,1.0,0.0,0.0,Cruzamento,Bom,Sem defeito,Perfeito estado,Seca,Perfeito estado,Faixa de pedestre,Não informado,60.0,Não informado,Canteiro central,Não informado,2020,9,4,4,16.0
2020-09-04,16:21:00,COM VÍTIMA,FINALIZADA,CAMPO GRANDE,EST DE BELEM,RUA FONSECA OLIVEIRA,E/F ACADEMIA HI,CAMPO GRANDE,CIDADE,ATROPELAMENTO,VEICULO ATROPELOU UM PEDESTRE VT 26 NO LOCAL,1.0,1.0,0.0,0.0,1.0,0.0,0.0,1.0,0.0,1.0,0.0,Longo da via,Bom,Sem defeito,Perfeito estado,Seca,Perfeito estado,Faixa de pedestre,Outras,50.0,Dupla,Faixa contínua,Não informado,2020,9,4,4,16.0
2020-09-04,17:12:00,COM VÍTIMA,FINALIZADA,MANGUEIRA,RUA VINTE E UM DE ABRIL,Não informado,PROX AO SUPERMERCADO BARATEIRO,MANGUEIRA,Não informado,COLISÃO COM CICLISTA,COLISAO ENTRE MOTO E BICICLETA.,1.0,1.0,0.0,1.0,0.0,0.0,0.0,0.0,0.0,2.0,0.0,Longo da via,Chuvoso,Não existe,Não existente,Molhada,Perfeito estado,Não existe,Não há placas,40.0,Dupla,Não existe,Não informado,2020,9,4,4,17.0
2020-09-05,07:53:00,SEM VÍTIMA,FINALIZADA,BOA VISTA,RUA CAPITAO RUY LUCENA,RUA DOM BOSCO,NA LATERAL DO BATALHÃO DA RADIO PATRULHA,BOA VISTA,Não informado,CHOQUE OBJETO FIXO,SEM VITIMA,1.0,1.0,0.0,0.0,0.0,0.0,0.0,1.0,0.0,0.0,0.0,Longo da via,Bom,Não existe,Perfeito estado,Seca,Perfeito estado,Não existe,Outras,60.0,Dupla,Faixa seccionada,Não informado,2020,9,5,5,7.0
2020-09-05,10:18:00,COM VÍTIMA,FINALIZADA,CIDADE UNIVERSITÁRIA,RUA MAURICEIA,RUA GENERAL VARGAS,AO LADO DA SUDENE,CIDADE UNIVERSITÁRIA,SUBURBIO,CHOQUE VEÍCULO PARADO,COM UMA VITIMA SAMU NO LOCAL,2.0,1.0,0.0,0.0,0.0,0.0,0.0,0.0,0.0,2.0,0.0,Longo da via,Bom,Não existe,Ilegível,Seca,Perfeito estado,Faixa de pedestre,Não há placas,30.0,Dupla,Faixa seccionada,Não informado,2020,9,5,5,10.0