data,hora,natureza_acidente,situacao,bairro,endereco,detalhe_endereco_acidente,complemento,bairro_cruzamento,sentido_via,tipo,descricao,auto,moto,ciclom,ciclista,pedestre,onibus,caminhao,viatura,outros,vitimas,vitimasfatais,acidente_verificado,tempo_clima,situacao_semaforo,sinalizacao,condicao_via,conservacao_via,ponto_controle,situacao_placa,velocidade_max_via,mao_direcao,divisao_via1,natureza,ano,mes,dia,dia_semana,hora_ocorrencia
2020-09-05,16:37:00,VÍTIMA FATAL,FINALIZADA,PINA,AVENIDA CELSO FURTADO (VIA MANGUE),Não informado,SENTIDO PINA. ANTES DO SHOPPING RIO MAR.,PINA,CIDADE,CHOQUE OBJETO FIXO,Não informado,1.0,1.0,0.0,0.0,0.0,0.0,0.0,0.0,0.0,1.0,1.0,Longo da via,Bom,Não existe,Perfeito estado,Seca,Perfeito estado,Não existe,Não informado,60.0,Dupla,Faixa seccionada,Não informado,2020,9,5,5,16.0
2020-09-07,19:29:00,COM VÍTIMA,FINALIZADA,JARDIM SÃO PAULO,AV SAO PAULO,RUA OSORIO BORBA,EM FRENTE AO SUPERMERCADO RENDE MAIS. LADO OPOSTO AO ABRIGO ESPÍRITA BATISTA DE CARVALHO.,JARDIM SÃO PAULO,CIDADE,ABALROAMENTO TRANSVERSAL,COLISÃO ENTRE AUTO E MOTO C/V,1.0,1.0,0.0,0.0,0.0,0.0,0.0,0.0,0.0,1.0,0.0,Esquina,Bom,Não existe,Perfeito estado,Seca,Perfeito estado,Não existe,Outras,30.0,Dupla,Faixa seccionada,Não informado,2020,9,7,0,19.0
2020-09-06,11:08:00,COM VÍTIMA,FINALIZADA,CASA FORTE,AV DEZESSETE DE AGOSTO,Não informado,NA ENTRADA DO SHOPPING PLAZA EM FRENTE AO MC DONALD´S,CASA FORTE,SUBURBIO,ABALROAMENTO LONGITUDINAL,COLISÃO COM VITIMAS A ESPERA DO SAMU,1.0,1.0,0.0,0.0,0.0,0.0,0.0,0.0,0.0,2.0,0.0,Longo da via,Bom,Não existe,Perfeito estado,Seca,Perfeito estado,Não existe,Outras,50.0,Dupla,Faixa contínua,Não informado,2020,9,6,6,11.0
2020-09-06,14:58:00,COM VÍTIMA,FINALIZADA,PASSARINHO,RUA SANTA TEREZA,Não informado,PROXIMO A DELEGACIA DA MACAXEIRA,PASSARINHO,SUBURBIO,ABALROAMENTO TRANSVERSAL,COLISÃO COM VÍTIMA,1.0,1.0,0.0,0.0,0.0,0.0,0.0,0.0,0.0,1.0,0.0,Longo da via,Bom,Não existe,Não existente,Seca,Perfeito estado,Não existe,Não há placas,30.0,Dupla,Não existe,Não informado,2020,9,6,6,14.0
2020-09-06,17:33:00,COM VÍTIMA,FINALIZADA,BOA VIAGEM,RUA BALTAZAR PASSOS,RUA VISCONDE DE JEQUITINHONHA,POR TRÁS DO PARQUE DONA LINDU / SEMÁFORO 154,BOA VIAGEM,SUBURBIO,ABALROAMENTO LONGITUDINAL,COLISÃO 2 MOTOS C/VITIMA,1.0,2.0,0.0,0.0,0.0,0.0,0.0,0.0,0.0,1.0,0.0,Cruzamento,Bom,Sem defeito,Perfeito estado,Seca,Perfeito estado,Faixa de pedestre,Não informado,60.0,Dupla,Faixa contínua,Não informado,2020,9,6,6,17.0
2020-09-06,19:08:00,COM VÍTIMA,CANCELADA,BOA VIAGEM,RUA BALTAZAR PASSOS,RUA VISCONDE DE JEQUITINHONHA,POR TRÁS DO PARQUE DONA LINDU / SEMÁFORO 154,BOA VIAGEM,Não informado,COLISÃO,ENTRE AUTO E MOTO. C/V,1.0,1.0,0.0,0.0,0.0,0.0,0.0,0.0,0.0,1.0,0.0,Não informado,Não informado,Não informado,Não informado,Não informado,Não informado,Não informado,Não informado,60.0,Não informado,Não informado,Não informado,2020,9,6,6,19.0
2020-09-06,20:06:00,COM VÍTIMA,FINALIZADA,BOA VIAGEM,RUA VISCONDE DE JEQUITINHONHA,Não informado,VT 13 NO LOCAL. LADO OPOSTO AO Nº 1280.,BOA VIAGEM,SUBURBIO,ABALROAMENTO LONGITUDINAL,ENTRE AUTO E MOTO. C/V,1.0,1.0,0.0,0.0,0.0,0.0,0.0,0.0,0.0,1.0,0.0,Longo da via,Bom,Não existe,Perfeito estado,Seca,Perfeito estado,Faixa de pedestre,Outras,60.0,Única,Faixa seccionada,Não informado,2020,9,6,6,20.0
2020-09-07,03:27:00,COM VÍTIMA,FINALIZADA,JOANA BEZERRA,PTE JOSE DE BARROS LIMA,Não informado,APÓS A PASSARELA DO FORUM- SENTIDO DERBY,JOANA BEZERRA,CIDADE,COLISÃO,COLISÃO C/VITIMA - VEICULO CAUSADOR DO ACIDENTE SE EVADIU- SEM DEIXAR VESTIGIOS DE IDENTIFICAÇÃO - VÍTIMA PRESA NAS FERRAGENS- POSTERIORMENTE SOCORRIDA PELA UNIDADE PÚBLICA DE SAÚDE,2.0,1.0,0.0,0.0,0.0,0.0,0.0,0.0,0.0,1.0,0.0,Não informado,Não informado,Não informado,Não informado,Não informado,Não informado,Não informado,Não informado,60.0,Não informado,Não informado,Não informado,2020,9,7,0,3.0
2020-09-07,15:43:00,COM VÍTIMA,FINALIZADA,VÁRZEA,RUA GASTAO VIDIGAL,Não informado,APÓS A CAPELA SANTA CLARA- PROXIMO DA ASSEMBLEIA DE DEUS,VÁRZEA,Não informado,ABALROAMENTO TRANSVERSAL,COLISÃO ENTRE AUTO E MOTO C/V,1.0,1.0,0.0,0.0,0.0,0.0,0.0,0.0,0.0,1.0,0.0,Longo da via,Bom,Não existe,Não informado,Seca,Perfeito estado,Não existe,Não informado,60.0,Dupla,Faixa seccionada,Não informado,2020,9,7,0,15.0
2020-09-07,19:59:00,COM VÍTIMA,FINALIZADA,TORREÃO,AV GOVERNADOR AGAMENON MAGALHAES,Não informado,EM FRENTE AO POSTO PETROBRAS- PROXIMO DA ACADEMIA DA CIDADE- SENTIDO RECIFE,TORREÃO,CIDADE,ABALROAMENTO TRANSVERSAL,COLISÃO ENTRE AUTO E MOTO C/V,1.0,1.0,0.0,0.0,0.0,0.0,0.0,0.0,0.0,1.0,0.0,Longo da via,Bom,Sem defeito,Perfeito estado,Seca,Perfeito estado,Não existe,Não há placas,60.0,Única,Faixa seccionada,Não informado,2020,9,7,0,19.0
2020-09-07,20:27:00,COM VÍTIMA,FINALIZADA,BOA VIAGEM,AV ENGENHEIRO DOMINGOS FERREIRA,RUA PROFESSOR JOSE BRANDAO,AO LADO DA FARMÁCIA INDEPENDENTE,BOA VIAGEM,SUBURBIO,ABALROAMENTO TRANSVERSAL,COLISÃO ENTRE DOIS AUTOS C/V,2.0,1.0,0.0,0.0,0.0,0.0,0.0,0.0,0.0,2.0,0.0,Cruzamento,Bom,Sem defeito,Perfeito estado,Seca,Perfeito estado,Faixa de pedestre,Outras,60.0,Única,Canteiro central,Não informado,2020,9,7,0,20.0
2020-09-08,02:24:00,COM VÍTIMA,FINALIZADA,CAMPO GRANDE,EST DE BELEM,Não informado,APÓS A SECRETARIA DA FAZENDA,CAMPO GRANDE,SUBURBIO,COLISÃO TRASEIRA,COLISÃO ENTRE DUAS MOTOCICLETA,1.0,2.0,0.0,0.0,0.0,0.0,0.0,0.0,0.0,2.0,0.0,Longo da via,Bom,Sem defeito,Perfeito estado,Seca,Mal conservada,Não informado,Não informado,60.0,Dupla,Faixa contínua,Não informado,2020,9,8,1,2.0
2020-09-08,03:15:00,COM VÍTIMA,FINALIZADA,PINA,AVENIDA CELSO FURTADO (VIA MANGUE),Não informado,APÓS O SHOPPING RIO MAR.,PINA,SUBURBIO,ABALROAMENTO LONGITUDINAL,OCORRÊNCIA ENVOLVENDO AUTO E MOTO. SEGUNDO CONFERÊNCIA COM O BOLETIM FÍSICO- O AUTO EVADIU-SE DO LOCAL DO ACIDENTE.,1.0,1.0,0.0,0.0,0.0,0.0,0.0,0.0,0.0,1.0,0.0,Longo da via,Bom,Não existe,Perfeito estado,Seca,Perfeito estado,Não existe,Não há placas,60.0,Única,Faixa seccionada,Não informado,2020,9,8,1,3.0
2020-09-08,07:27:00,COM VÍTIMA,FINALIZADA,MADALENA,AV ENGENHEIRO ABDIAS DE CARVALHO,Não informado,LADO OPOSTO A FACULDADE ESTÁCIO,MADALENA,CIDADE,COLISÃO TRASEIRA,COLISÃO COM VITIMA- COLISÃO TRASEIRA,1.0,1.0,0.0,0.0,0.0,0.0,0.0,0.0,0.0,1.0,0.0,Longo da via,Bom,Sem defeito,Perfeito estado,Seca,Perfeito estado,Faixa de pedestre,Não há placas,60.0,Única,Canteiro central,Não informado,2020,9,8,1,7.0
2020-09-08,09:01:00,COM VÍTIMA,FINALIZADA,BOA VISTA,AV GOVERNADOR AGAMENON MAGALHAES,RUA DOM BOSCO,Não informado,BOA VISTA,OLINDA,ABALROAMENTO LONGITUDINAL,COLISÃO COM VITIMA,1.0,1.0,0.0,0.0,0.0,0.0,0.0,0.0,0.0,1.0,0.0,Cruzamento,Bom,Sem defeito,Perfeito estado,Seca,Perfeito estado,Agente,R-4a,60.0,Dupla,Canteiro central,Não informado,2020,9,8,1,9.0
2020-09-08,10:56:00,COM VÍTIMA,FINALIZADA,BAIRRO DO RECIFE,CAIS DO APOLO,Não informado,EM BAIXO DO SEMAFORO 436  EM FRENTE A PREFEITURA DO RECIFE,BAIRRO DO RECIFE,SUBURBIO,ABALROAMENTO LONGITUDINAL,COLISÃO COM VITIMA,1.0,1.0,0.0,0.0,0.0,0.0,0.0,1.0,0.0,1.0,0.0,Longo da via,Bom,Sem defeito,Perfeito estado,Seca,Perfeito estado,Faixa de pedestre,Outras,40.0,Dupla,Canteiro central,Não informado,2020,9,8,1,10.0
2020-09-08,12:52:00,COM VÍTIMA,CANCELADA,TORRE,RUA ALBERTO PAIVA,Não informado,PROX A PIZZARIA HUT,TORRE,Não informado,COLISÃO,COLISAO ENTRE AUTO E MOTO COM UMA VITIMA,1.0,1.0,0.0,0.0,0.0,0.0,0.0,0.0,0.0,1.0,0.0,Não informado,Não informado,Não informado,Não informado,Não informado,Não informado,Não informado,Não informado,60.0,Não informado,Não informado,Não informado,2020,9,8,1,12.0
2020-09-08,13:19:00,COM VÍTIMA,FINALIZADA,SANTO AMARO,RUA DO HOSPICIO,RUA JOAO LIRA,E/F A PRAÇA TREZE DE MAIO NO SEMAFORO 032,SANTO AMARO,SUBURBIO,COLISÃO TRASEIRA,COLISAO ENTRE ÔNIBUS E MOTO COM UMA VITIMA,1.0,1.0,0.0,0.0,0.0,1.0,0.0,0.0,0.0,2.0,0.0,Longo da via,Bom,Sem defeito,Perfeito estado,Seca,Perfeito estado,Não informado,Não informado,60.0,Não informado,Não informado,Não informado,2020,9,8,1,13.0
2020-09-08,14:10:00,COM VÍTIMA,FINALIZADA,IBURA,AV DOIS RIOS,Não informado,EM FRENTE A KM GESSO E PROXIMO AO SEMAFORO 561,IBURA,SUBURBIO,ABALROAMENTO TRANSVERSAL,COLISÃO COM VÍTIMA,1.0,1.0,0.0,0.0,0.0,0.0,0.0,0.0,1.0,1.0,0.0,Longo da via,Bom,Sem defeito,Perfeito estado,Seca,Perfeito estado,Não existe,Não há placas,60.0,Dupla,Faixa contínua,Não informado,2020,9,8,1,14.0
2020-09-08,14:19:00,COM VÍTIMA,FINALIZADA,PINA,AV ANTONIO DE GOES,Não informado,PROXIMO A SAMSUNG,PINA,CIDADE,COLISÃO TRASEIRA,COLISÃO COM VÍTIMA,1.0,1.0,0.0,0.0,0.0,0.0,0.0,0.0,0.0,1.0,0.0,Longo da via,Bom,Sem defeito,Perfeito estado,Seca,Perfeito estado,Outros,Outras,60.0,Única,Faixa seccionada,Não informado,2020,9,8,1,14.0
2020-09-08,18:30:00,COM VÍTIMA,FINALIZADA,AFOGADOS,RUA VINTE E UM DE ABRIL,Não informado,E/F A FÁBRICA DE CAFÉ PETINHO,AFOGADOS,SUBURBIO,ABALROAMENTO LONGITUDINAL,AUTO E MOTO.,1.0,1.0,0.0,0.0,0.0,0.0,0.0,0.0,0.0,1.0,0.0,Longo da via,Bom,Não existe,Ilegível,Seca,Mal iluminada,Não existe,Não informado,60.0,Dupla,Não existe,Não informado,2020,9,8,1,18.0
2020-09-09,07:00:00,COM VÍTIMA,FINALIZADA,CASA FORTE,AV DEZESSETE DE AGOSTO,EST DO ARRAIAL,E/F A COMPESA. LIVRARIA E CAFÉ 17,CASA FORTE,CIDADE,COLISÃO COM CICLISTA,COLISÃO ENTRE UM ONIBUS E UM CICLISTA,1.0,1.0,0.0,1.0,0.0,1.0,0.0,0.0,0.0,1.0,0.0,Cruzamento,Chuvoso,Sem defeito,Perfeito estado,Molhada,Perfeito estado,Faixa de pedestre,R-6c,60.0,Dupla,Faixa contínua,Não informado,2020,9,9,2,7.0
2020-09-09,09:26:00,COM VÍTIMA,FINALIZADA,CASA AMARELA,AV NORTE,Não informado,LADO OPOSTO A POLICLÍNICA PROFESSOR BARROS LIMA.,CASA AMARELA,SUBURBIO,COLISÃO TRASEIRA,COLISÃO COM VITIMA SOCORRIDA PELO SAMU,1.0,2.0,0.0,0.0,0.0,0.0,0.0,0.0,0.0,1.0,0.0,Longo da via,Chuvoso,Sem defeito,Perfeito estado,Seca,Perfeito estado,Faixa de pedestre,R-6a,60.0,Dupla,Faixa contínua,Não informado,2020,9,9,2,9.0
2020-09-09,09:53:00,SEM VÍTIMA,FINALIZADA,BOA VIAGEM,AV BOA VIAGEM,Não informado,EM FRENTE,BOA VIAGEM,CIDADE,COLISÃO TRASEIRA,MOTOCICLETA DA CTTU X RAV 4,1.0,1.0,0.0,0.0,0.0,0.0,0.0,0.0,0.0,0.0,0.0,Longo da via,Bom,Sem defeito,Perfeito estado,Seca,Perfeito estado,Agente,Não há placas,60.0,Única,Faixa seccionada,Não informado,2020,9,9,2,9.0
2020-09-09,15:34:00,COM VÍTIMA,FINALIZADA,GRAÇAS,RUA BRUNO MAIA,RUA JOAO RAMOS,EM FRENTE A GALERIA JOAO RAMOS,GRAÇAS,SUBURBIO,COLISÃO,COM UMA VITIMA SOCORRIDA PELO SAMU,1.0,1.0,0.0,0.0,0.0,0.0,1.0,0.0,0.0,1.0,0.0,Cruzamento,Bom,Não existe,Perfeito estado,Seca,Perfeito estado,Não existe,Placas Pare,60.0,Única,Não existe,Não informado,2020,9,9,2,15.0
2020-09-09,18:42:00,COM VÍTIMA,FINALIZADA,JAQUEIRA,AV RUI BARBOSA,RUA MUNIZ TAVARES,EM FRENTE AO HOSPITAL MARIA LUCINDA,JAQUEIRA,CIDADE,ABALROAMENTO LONGITUDINAL,COLISÃO ENTRE AUTO E MOTO- C/V,1.0,1.0,0.0,0.0,0.0,0.0,0.0,0.0,0.0,1.0,0.0,Cruzamento,Bom,Sem defeito,Perfeito estado,Seca,Perfeito estado,Faixa de pedestre,Outras,60.0,Dupla,Faixa contínua,Não informado,2020,9,9,2,18.0
2020-09-10,10:37:00,VÍTIMA FATAL,CANCELADA,CAMPO GRANDE,AV CORREIA DE BRITO,Não informado,EM FRENTE A ACADEMIA UNIVERSO,CAMPO GRANDE,Não informado,COLISÃO,COLISÃO EM SEGUIDA DE CHOQUE,1.0,1.0,0.0,0.0,0.0,1.0,0.0,0.0,0.0,1.0,1.0,Não informado,Não informado,Não informado,Não informado,Não informado,Não informado,Não informado,Não informado,60.0,Não informado,Não informado,Não informado,2020,9,10,3,10.0
2020-09-11,08:35:00,SEM VÍTIMA,FINALIZADA,PINA,AV ANTONIO DE GOES,RUA DAS OFICINAS,Não informado,PINA,CIDADE,COLISÃO TRASEIRA,COLISÃO S/VITIMAS ENTRE DOIS AUTOS (VEICULO OFICIAL),2.0,1.0,0.0,0.0,0.0,0.0,0.0,0.0,0.0,0.0,0.0,Cruzamento,Bom,Não existe,Perfeito estado,Seca,Perfeito estado,Não existe,Placas Pare,60.0,Única,Canteiro central,Não informado,2020,9,11,4,8.0
2020-09-11,08:37:00,SEM VÍTIMA,DUPLICIDADE,ROSARINHO,AV CONS ROSA E SILVA,RUA CONS PORTELA,Não informado,ROSARINHO,Não informado,CHOQUE OBJETO FIXO,CHOQUE DE UM AUTO COM SEMÁFORO,1.0,1.0,0.0,0.0,0.0,0.0,0.0,0.0,0.0,0.0,0.0,Não informado,Não informado,Não informado,Não informado,Não informado,Não informado,Não informado,Não informado,60.0,Não informado,Não informado,Não informado,2020,9,11,4,8.0
2020-09-11,08:52:00,COM VÍTIMA,FINALIZADA,AFLITOS,AV CONS ROSA E SILVA,RUA EDGAR D'AMORIM,EM FRENTE AO BOMPREÇO,AFLITOS,Não informado,CHOQUE OBJETO FIXO,VEICULO CHOCOU-SE COM POSTE / VITIMA JA SOCORRIDA,1.0,1.0,0.0,0.0,0.0,0.0,0.0,0.0,0.0,1.0,0.0,Cruzamento,Bom,Sem defeito,Perfeito estado,Seca,Perfeito estado,Faixa de pedestre,R-6a,60.0,Única,Não existe,Não informado,2020,9,11,4,8.0
2020-09-11,11:32:00,COM VÍTIMA,FINALIZADA,BOA VISTA,RUA DO HOSPICIO,Não informado,E/F AO IEP. ESCOLA SIZENANDO SILVEIRA.,BOA VISTA,SUBURBIO,ABALROAMENTO LONGITUDINAL,COLISÃO C/VITIMA ENTRE UM ONIBUS E UMA MOTO (BATEDORES 13 E 17 NO QTH),1.0,1.0,0.0,0.0,0.0,1.0,0.0,0.0,0.0,1.0,0.0,Longo da via,Bom,Não existe,Perfeito estado,Seca,Perfeito estado,Não existe,Não há placas,60.0,Dupla,Faixa contínua,Não informado,2020,9,11,4,11.0
2020-09-11,12:47:00,COM VÍTIMA,FINALIZADA,BOA VIAGEM,RUA BARAO DE SOUZA LEAO,Não informado,E/F A CLINICA VETERINARIA DOG MANIA.,BOA VIAGEM,Não informado,ABALROAMENTO LONGITUDINAL,COLISÃO C/VITIMA ENTRE UM AUTO E UMA MOTO,1.0,1.0,0.0,0.0,0.0,0.0,0.0,0.0,0.0,1.0,0.0,Longo da via,Bom,Não existe,Perfeito estado,Seca,Perfeito estado,Não existe,Não informado,60.0,Não informado,Não informado,Não informado,2020,9,11,4,12.0
2020-09-11,13:51:00,COM VÍTIMA,FINALIZADA,ROSARINHO,RUA DR JOSE MARIA,RUA GOMES DE MATOS JUNIOR,E/F AO EDF. VILA VELHA COLONIAL,ROSARINHO,CIDADE,ABALROAMENTO TRANSVERSAL,COLISÃO C/VITIMA ENTRE UM AUTO E MOTO,1.0,1.0,0.0,0.0,0.0,0.0,0.0,0.0,0.0,1.0,0.0,Cruzamento,Bom,Não existe,Perfeito estado,Seca,Perfeito estado,Faixa de pedestre,Placas Pare,60.0,Dupla,Faixa seccionada,Não informado,2020,9,11,4,13.0
2020-09-11,14:39:00,COM VÍTIMA,FINALIZADA,LINHA DO TIRO,RUA URIEL DE HOLANDA,RUA BARAO DE CARUARU,APÓS A UPINHA DA LINHA DO TIRO,LINHA DO TIRO,SUBURBIO,ABALROAMENTO TRANSVERSAL,COLISÃO COM VÍTIMA ENTRE AUTO E MOTO.,1.0,1.0,0.0,0.0,0.0,0.0,0.0,0.0,0.0,1.0,0.0,Cruzamento,Bom,Não existe,Perfeito estado,Seca,Perfeito estado,Não existe,Outras,60.0,Dupla,Não existe,Não informado,2020,9,11,4,14.0
2020-09-11,14:54:00,COM VÍTIMA,FINALIZADA,ENCRUZILHADA,RUA AMARO COUTINHO,RUA FORTALEZA,AO LADO DO BAR E RESTAURANTE DO TONHAO,ENCRUZILHADA,CIDADE,ABALROAMENTO TRANSVERSAL,COLISAO ENTRE AUTO E MOTO COM VITIMA,1.0,1.0,0.0,0.0,0.0,0.0,0.0,0.0,0.0,1.0,0.0,Cruzamento,Bom,Não existe,Perfeito estado,Seca,Perfeito estado,Não informado,Placas Pare,60.0,Dupla,Não existe,Não informado,2020,9,11,4,14.0
2020-09-11,18:17:00,COM VÍTIMA,FINALIZADA,BOA VIAGEM,AV BOA VIAGEM,RUA RIBEIRO DE BRITO,Não informado,BOA VIAGEM,CIDADE,ABALROAMENTO LONGITUDINAL,COLISÃO ENTRE AUTO E MOTO- C/V,1.0,1.0,0.0,0.0,0.0,0.0,0.0,0.0,0.0,1.0,0.0,Cruzamento,Bom,Sem defeito,Não informado,Seca,Mal iluminada,Faixa de pedestre,Outras,60.0,Única,Faixa contínua,Não informado,2020,9,11,4,18.0
2020-09-11,19:22:00,COM VÍTIMA,FINALIZADA,CORDEIRO,AV MAURICIO DE NASSAU,Não informado,PROX AO PORTAO DO EXPRESSO CIDADAO- EM FRENTE A CRECHE MUNICIPAL É LUTANDO QUE SE CONQUISTA.,CORDEIRO,SUBURBIO,COLISÃO COM CICLISTA,COLISAO ENTRE MOTO E BICICLETA,1.0,1.0,0.0,1.0,0.0,0.0,0.0,0.0,0.0,2.0,0.0,Longo da via,Bom,Não existe,Perfeito estado,Seca,Perfeito estado,Não existe,Não há placas,60.0,Dupla,Faixa contínua,Não informado,2020,9,11,4,19.0
2020-09-11,19:50:00,COM VÍTIMA,FINALIZADA,IPUTINGA,RUA MAURICEIA,RUA GENERAL VARGAS,AO LADO DO ESTACIONAMENTO DOS PRÉDIOS DA ANTIGA SUDENE / PRÓX AO RHODES HOTEL,IPUTINGA,SUBURBIO,ABALROAMENTO TRANSVERSAL,COLISÃO ENTRE AUTO E MOTO- C/V,1.0,1.0,0.0,0.0,0.0,0.0,0.0,0.0,0.0,1.0,0.0,Cruzamento,Bom,Não existe,Perfeito estado,Seca,Perfeito estado,Não existe,Placas Pare,30.0,Dupla,Não existe,Não informado,2020,9,11,4,19.0
2020-09-11,20:00:00,COM VÍTIMA,FINALIZADA,IPUTINGA,RUA BOM PASTOR,Não informado,AO LADO DO PRESÍDIO // EM FRENTE AO PETSHOP HS // PRÓX A PRAÇA DO BOM PASTOR. LIDER JATO.,IPUTINGA,SUBURBIO,ABALROAMENTO TRANSVERSAL,COLISÃO ENTRE AUTO E MOTO- C/V,1.0,1.0,0.0,0.0,0.0,0.0,0.0,0.0,0.0,1.0,0.0,Longo da via,Bom,Não existe,Perfeito estado,Seca,Perfeito estado,Não existe,Outras,60.0,Dupla,Faixa seccionada,Não informado,2020,9,11,4,20.0
2020-09-11,22:34:00,SEM VÍTIMA,CANCELADA,CORDEIRO,AV CAXANGA,RUA CAMBUCI,NO CRUZAMENTO,CORDEIRO,Não informado,COLISÃO,COLISAO SEM VITIMAS COM SUSPEITA DE EMBRIAGUEZ,2.0,1.0,0.0,0.0,0.0,0.0,0.0,0.0,0.0,0.0,0.0,Não informado,Não informado,Não informado,Não informado,Não informado,Não informado,Não informado,Não informado,60.0,Não informado,Não informado,Não informado,2020,9,11,4,22.0
2020-09-12,08:04:00,COM VÍTIMA,FINALIZADA,CASA AMARELA,AV NORTE,COR DO BARTOLOMEU,EM FRENTE A BIKE NORTE,CASA AMARELA,CIDADE,COLISÃO TRASEIRA,COLISÃO ENTRE AUTO E ÔNIBUS COM UMA VÍTIMA,1.0,1.0,0.0,0.0,0.0,1.0,0.0,0.0,0.0,1.0,0.0,Longo da via,Bom,Sem defeito,Perfeito estado,Seca,Perfeito estado,Faixa de pedestre,Outras,60.0,Dupla,Faixa contínua,Não informado,2020,9,12,5,8.0
2020-09-12,11:29:00,SEM VÍTIMA,FINALIZADA,AFOGADOS,EST DOS REMEDIOS,Não informado,EM FRENTE AO SUPERMERCADO DULAR,AFOGADOS,Não informado,ABALROAMENTO LONGITUDINAL,AUTO E VT-PM S/V,1.0,1.0,0.0,0.0,0.0,0.0,0.0,1.0,0.0,0.0,0.0,Longo da via,Bom,Não existe,Perfeito estado,Seca,Perfeito estado,Não informado,Não informado,60.0,Dupla,Faixa contínua,Não informado,2020,9,12,5,11.0
2020-09-12,12:13:00,COM VÍTIMA,FINALIZADA,BOA VIAGEM,AVENIDA CELSO FURTADO (VIA MANGUE),Não informado,PROX AO EXTRA NA VIA MANGUE S/T CID,BOA VIAGEM,CIDADE,COLISÃO TRASEIRA,COLISAO ENRE AUTO E MOTO COM UMA VITIMA,1.0,1.0,0.0,0.0,0.0,0.0,0.0,0.0,0.0,1.0,0.0,Longo da via,Bom,Não existe,Perfeito estado,Seca,Perfeito estado,Não existe,Não há placas,60.0,Dupla,Canteiro central,Não informado,2020,9,12,5,12.0
2020-09-12,12:31:00,COM VÍTIMA,FINALIZADA,ESPINHEIRO,RUA DO ESPINHEIRO,RUA QUARENTA E OITO,NO SEMAFORO 166,ESPINHEIRO,CIDADE,ABALROAMENTO TRANSVERSAL,COLISAO ENTRE ONIBUS E MOTO COM UMA VITIMA,1.0,1.0,0.0,0.0,0.0,1.0,0.0,0.0,0.0,1.0,0.0,Cruzamento,Bom,Sem defeito,Perfeito estado,Seca,Perfeito estado,Faixa de pedestre,R-6a,60.0,Única,Não existe,Não informado,2020,9,12,5,12.0
2020-09-12,18:41:00,COM VÍTIMA,FINALIZADA,PRADO,AV ENGENHEIRO ABDIAS DE CARVALHO,Não informado,PRÓX AO POSTO BR- AO LADO DA FACULDADE NASSAU,PRADO,SUBURBIO,ABALROAMENTO LONGITUDINAL,ENTRE AUTO E MOTO. C/V,1.0,1.0,0.0,0.0,0.0,0.0,0.0,0.0,0.0,1.0,0.0,Longo da via,Bom,Não existe,Incompleta,Seca,Mal iluminada,Não existe,Não há placas,60.0,Dupla,Canteiro central,Não informado,2020,9,12,5,18.0
2020-09-12,20:52:00,COM VÍTIMA,CANCELADA,LINHA DO TIRO,RUA URIEL DE HOLANDA,Não informado,E/F A PADARIA PÃO DE OURO E FARMACIA SINDICAL,LINHA DO TIRO,Não informado,COLISÃO,AUTO X MOTO. C/V,1.0,1.0,0.0,0.0,0.0,0.0,0.0,0.0,0.0,1.0,0.0,Não informado,Não informado,Não informado,Não informado,Não informado,Não informado,Não informado,Não informado,60.0,Não informado,Não informado,Não informado,2020,9,12,5,20.0
2020-09-12,21:57:00,COM VÍTIMA,FINALIZADA,CAMPO GRANDE,RUA FRANKLIN TAVORA,RUA FARIAS NEVES,ENF A MADEREIRA MADECOL. ALCOÓLICOS ANÔNIMOS.,CAMPO GRANDE,SUBURBIO,ABALROAMENTO TRANSVERSAL,TITAN 150 X CITROEN,1.0,1.0,0.0,0.0,0.0,0.0,0.0,0.0,0.0,1.0,0.0,Cruzamento,Bom,Não existe,Incompleta,Seca,Mal conservada,Não existe,Não há placas,60.0,Dupla,Não existe,Não informado,2020,9,12,5,21.0
2020-09-13,02:15:00,COM VÍTIMA,CANCELADA,CORDEIRO,AV CAXANGA,Não informado,RUA CLAUDIO BROTHERHOOD,CORDEIRO,CIDADE,COLISÃO,COLISÃO AUTO E MOTO (POSSIVELMENTE CONDUTOR ALCOOLIZADO),1.0,1.0,0.0,0.0,0.0,0.0,0.0,0.0,0.0,1.0,0.0,Não informado,Não informado,Não informado,Não informado,Não informado,Não informado,Não informado,Não informado,60.0,Não informado,Não informado,Não informado,2020,9,13,6,2.0
2020-09-13,02:46:00,COM VÍTIMA,CANCELADA,CASA AMARELA,RUA PADRE LEMOS,Não informado,EM AO CENTRO COMERCIAL DE CASA AMARELA,CASA AMARELA,Não informado,COLISÃO,ACIDENTE COM VITIMA,1.0,1.0,0.0,0.0,0.0,0.0,0.0,0.0,0.0,1.0,0.0,Não informado,Não informado,Não informado,Não informado,Não informado,Não informado,Não informado,Não informado,60.0,Não informado,Não informado,Não informado,2020,9,13,6,2.0
2020-09-13,05:01:00,COM VÍTIMA,FINALIZADA,TAMARINEIRA,AV CONS ROSA E SILVA,Não informado,COM A RUA CÔNEGO BARATA,TAMARINEIRA,Não informado,COLISÃO,COLISÃO DOIS AUTOS,2.0,1.0,0.0,0.0,0.0,0.0,0.0,0.0,0.0,1.0,0.0,Não informado,Não informado,Não informado,Não informado,Não informado,Não informado,Não informado,Não informado,60.0,Não informado,Não informado,Não informado,2020,9,13,6,5.0