data,hora,natureza_acidente,situacao,bairro,endereco,detalhe_endereco_acidente,complemento,bairro_cruzamento,sentido_via,tipo,descricao,auto,moto,ciclom,ciclista,pedestre,onibus,caminhao,viatura,outros,vitimas,vitimasfatais,acidente_verificado,tempo_clima,situacao_semaforo,sinalizacao,condicao_via,conservacao_via,ponto_controle,situacao_placa,velocidade_max_via,mao_direcao,divisao_via1,natureza,ano,mes,dia,dia_semana,hora_ocorrencia
2020-09-13,07:24:00,COM VÍTIMA,FINALIZADA,BOA VIAGEM,RUA ERNESTO DE PAULA SANTOS,RUA PROFESSOR JOAO MEDEIROS,EM FRENTE AO POSTO SHELL E FARMÁCIA DROGASIL.,BOA VIAGEM,CIDADE,ABALROAMENTO LONGITUDINAL,MOTO E AUTO BATEDORES NO QTH 15 / 30,1.0,1.0,0.0,0.0,0.0,0.0,0.0,0.0,0.0,1.0,0.0,Cruzamento,Bom,Sem defeito,Perfeito estado,Seca,Perfeito estado,Faixa de retenção,R-6a,60.0,Única,Não existe,Não informado,2020,9,13,6,7.0
2020-09-13,16:45:00,COM VÍTIMA,FINALIZADA,SAN MARTIN,AV GENERAL SAN MARTIN,RUA GOMES TABORDA,EM FRENTE AO DROGASIL,SAN MARTIN,Não informado,COLISÃO COM CICLISTA,COM UMA VITIMA -SAMU NO LOCAL/VT21 GCM LAIS ARAÚJO NO LOCAL,1.0,1.0,0.0,1.0,0.0,0.0,0.0,0.0,0.0,1.0,0.0,Cruzamento,Bom,Sem defeito,Perfeito estado,Seca,Perfeito estado,Faixa de pedestre,Outras,40.0,Dupla,Faixa contínua,Não informado,2020,9,13,6,16.0
2020-09-13,19:07:00,COM VÍTIMA,FINALIZADA,SANTO AMARO,AV CRUZ CABUGA,RUA DOS PALMARES,EM FRENTE A ESTAÇÃO BRT.,SANTO AMARO,SUBURBIO,ABALROAMENTO TRANSVERSAL,COLISÃO ENTRE AUTO E MOTO- C/V,1.0,1.0,0.0,0.0,0.0,0.0,0.0,0.0,0.0,1.0,0.0,Cruzamento,Bom,Sem defeito,Perfeito estado,Seca,Perfeito estado,Faixa de pedestre,R-6a,60.0,Dupla,Faixa seccionada,Não informado,2020,9,13,6,19.0
2020-09-14,10:11:00,COM VÍTIMA,FINALIZADA,VÁRZEA,AV PROFESSOR ARTUR DE SA,Não informado,PROXIMO AO CEMITÁRIO DA VÁRZEA E A UFPE.,VÁRZEA,VÁRZEA,ABALROAMENTO LONGITUDINAL,COLISÃO COM VITIMA,1.0,1.0,0.0,0.0,0.0,0.0,0.0,0.0,0.0,1.0,0.0,Longo da via,Bom,Não existe,Perfeito estado,Seca,Perfeito estado,Não existe,Não há placas,60.0,Dupla,Faixa contínua,Não informado,2020,9,14,0,10.0
2020-09-14,12:43:00,COM VÍTIMA,FINALIZADA,AFOGADOS,RUA DA PAZ,Não informado,E/F A FABRICA DA ASA.,AFOGADOS,SUBURBIO,ABALROAMENTO LONGITUDINAL,COLISÃO ENTRE DOIS CAMINHÕES E UMA MOTO.,1.0,1.0,0.0,0.0,0.0,0.0,2.0,0.0,0.0,1.0,0.0,Longo da via,Bom,Sem defeito,Perfeito estado,Seca,Perfeito estado,Faixa de pedestre,Não há placas,60.0,Única,Não existe,Não informado,2020,9,14,0,12.0
2020-09-14,13:09:00,COM VÍTIMA,FINALIZADA,BOA VIAGEM,AV ENGENHEIRO DOMINGOS FERREIRA,Não informado,EM FRENTE AO POSTO BR E PROXIMO A FARMACIA INDEPENDENTE/ PISTA DA DIREITA,BOA VIAGEM,SUBURBIO,ABALROAMENTO TRANSVERSAL,COLISÃO COM VÍTIMA,1.0,1.0,0.0,0.0,0.0,0.0,0.0,0.0,0.0,1.0,0.0,Longo da via,Bom,Não informado,Perfeito estado,Seca,Perfeito estado,Não existe,Não há placas,60.0,Única,Canteiro central,Não informado,2020,9,14,0,13.0
2020-09-14,14:43:00,COM VÍTIMA,FINALIZADA,ROSARINHO,RUA TELES JUNIOR,Não informado,EM FRENTE AO EDIFICIO QUINTA DAS LARANJEIRAS. LADO OPOSTO AO NÚMERO INFORMADO.,ROSARINHO,Não informado,CHOQUE VEÍCULO PARADO,COLISÃO COM VÍTIMA,1.0,1.0,0.0,0.0,0.0,0.0,0.0,0.0,0.0,1.0,0.0,Longo da via,Bom,Não existe,Perfeito estado,Seca,Perfeito estado,Não existe,Não há placas,60.0,Dupla,Faixa contínua,Não informado,2020,9,14,0,14.0
2020-09-14,15:10:00,COM VÍTIMA,FINALIZADA,IPUTINGA,AV CAXANGA,Não informado,E/F AO ANTIGO PERNAMBUCO DA SRTE S/T CID VT 25 E 19 NO LOCAL . LADO OPOSTO A IGREJA VERBO DA VIDA.,IPUTINGA,CIDADE,ATROPELAMENTO,COLISAO ENTRE MOTO E PEDESTRE,1.0,1.0,0.0,0.0,1.0,0.0,0.0,0.0,0.0,1.0,0.0,Longo da via,Bom,Sem defeito,Perfeito estado,Seca,Perfeito estado,Não existe,Não há placas,60.0,Única,Canteiro central,Não informado,2020,9,14,0,15.0
2020-09-14,21:48:00,COM VÍTIMA,FINALIZADA,CAMPO GRANDE,RUA ODORICO MENDES,Não informado,PROX AO CLUBE DAS PÁS. RESIDENCIAL PREFEITO AUGUSTO LUCENA.,CAMPO GRANDE,CIDADE,COLISÃO TRASEIRA,HONDA FIT X CG 150 MOTO,1.0,1.0,0.0,0.0,0.0,0.0,0.0,0.0,0.0,1.0,0.0,Longo da via,Bom,Não existe,Perfeito estado,Seca,Perfeito estado,Não existe,Outras,60.0,Dupla,Faixa seccionada,Não informado,2020,9,14,0,21.0
2020-09-15,06:07:00,COM VÍTIMA,FINALIZADA,SANTO AMARO,AV GOVERNADOR AGAMENON MAGALHAES,Não informado,E/F AO INSTITUTO CRIMINALISTICO DO RECIFE // VIA PRINCIPAL // SENT. JOANA BEZERRA,SANTO AMARO,SUBURBIO,ABALROAMENTO LONGITUDINAL,COLISÃO ENTRE UM ONIBUS E UMA MOTO,1.0,1.0,0.0,0.0,0.0,1.0,0.0,0.0,0.0,2.0,0.0,Longo da via,Bom,Sem defeito,Perfeito estado,Seca,Perfeito estado,Não existe,Outras,60.0,Dupla,Canal,Não informado,2020,9,15,1,6.0
2020-09-15,07:39:00,COM VÍTIMA,FINALIZADA,BEBERIBE,AV BEBERIBE,Não informado,E/F A ARENA SHOW BAR,BEBERIBE,SUBURBIO,COLISÃO COM CICLISTA,COLISÃO ENTRE MOTO E BICICLEITA (V.T 32 NO QTH),1.0,1.0,0.0,1.0,0.0,0.0,0.0,0.0,0.0,2.0,0.0,Longo da via,Bom,Sem defeito,Perfeito estado,Seca,Perfeito estado,Outros,Outras,60.0,Dupla,Faixa contínua,Não informado,2020,9,15,1,7.0
2020-09-15,10:21:00,COM VÍTIMA,FINALIZADA,JOANA BEZERRA,AV CENTRAL,RUA REALEZA,PROX AO CLUBE MOCIDADE DO COQUE,JOANA BEZERRA,Não informado,ABALROAMENTO TRANSVERSAL,MOTO E AUTO,1.0,1.0,0.0,0.0,0.0,0.0,0.0,0.0,0.0,1.0,0.0,Cruzamento,Bom,Não existe,Não existente,Seca,Perfeito estado,Não existe,Não há placas,60.0,Dupla,Não existe,Não informado,2020,9,15,1,10.0
2020-09-15,12:20:00,COM VÍTIMA,FINALIZADA,BOA VISTA,RUA DO HOSPICIO,RUA PRINCESA IZABEL,EM FRENTE DA CAMARA MUNICIPAL DO RECIFE,BOA VISTA,CIDADE,ABALROAMENTO LONGITUDINAL,COLISÃO ENTRE AUTO E MOTO C/V,1.0,1.0,0.0,0.0,0.0,0.0,0.0,0.0,0.0,1.0,0.0,Cruzamento,Bom,Sem defeito,Perfeito estado,Seca,Perfeito estado,Agente,Outras,60.0,Única,Outros,Não informado,2020,9,15,1,12.0
2020-09-15,14:31:00,COM VÍTIMA,FINALIZADA,AFOGADOS,RUA VINTE E UM DE ABRIL,RUA JOAO BARRETO DE ACIOLY LINS,PROX AO ANTIGO LEILAO. EM FRENTE AO CENTRO AUTOMOTIVO JLX.,AFOGADOS,SUBURBIO,COLISÃO FRONTAL,COLISÃO MOTO X MOTO,1.0,2.0,0.0,0.0,0.0,0.0,0.0,0.0,0.0,2.0,0.0,Esquina,Bom,Não existe,Não existente,Seca,Perfeito estado,Não existe,Não há placas,60.0,Dupla,Não existe,Não informado,2020,9,15,1,14.0
2020-09-15,19:40:00,COM VÍTIMA,FINALIZADA,IBURA,AV DOIS RIOS,LAD DA COHAB,PRÓXIMO A LADEIRA. AO LADO DO HOTEL MALICE,IBURA,SUBURBIO,ABALROAMENTO TRANSVERSAL,DUAS MOTOS,1.0,2.0,0.0,0.0,0.0,0.0,0.0,0.0,0.0,2.0,0.0,Longo da via,Bom,Não existe,Perfeito estado,Seca,Perfeito estado,Não existe,Outras,60.0,Dupla,Faixa contínua,Não informado,2020,9,15,1,19.0
2020-09-15,20:12:00,COM VÍTIMA,FINALIZADA,JORDÃO,AV DONA CARENTINA,Não informado,PRÓX AO TERMINAL DO JORDÃO ALTO // EM FRENTE AO POSTO DE SAÚDE DO JORDÃO ALTO,JORDÃO,Não informado,ABALROAMENTO LONGITUDINAL,COLISÃO ENTRE AUTO E MOTO- C/V. (CONDUTOR DO VEÍCULO APRESENTA FORTES SINAIS DE EMBRIAGUEZ),1.0,1.0,0.0,0.0,0.0,0.0,0.0,0.0,0.0,1.0,0.0,Longo da via,Bom,Não existe,Não existente,Seca,Perfeito estado,Não existe,Não há placas,60.0,Dupla,Não existe,Não informado,2020,9,15,1,20.0
2020-09-15,22:55:00,SEM VÍTIMA,FINALIZADA,MACAXEIRA,RUA MARIA AMALIA,Não informado,PROXIMO AO CAMPO DO UNIÃO- AO LADO DA LACASA DE PASTEL OFICIAL- PROXIMO DO MERCADINHO BRASILEIRINHO,MACAXEIRA,Não informado,CHOQUE,CONDUTOR PERDEU O CONTROLE DO VEÍCULO E CHOCOU-SE CONTRA O MURO DE UMA RESIDÊNCIA (POLICIAL MILITAR INFORMA QUE O CONDUTOR APRESENTA SINAIS DE EMBRIAGUEZ),1.0,1.0,0.0,0.0,0.0,0.0,0.0,0.0,0.0,0.0,0.0,Não informado,Não informado,Não informado,Não informado,Não informado,Não informado,Não informado,Não informado,60.0,Não informado,Não informado,Não informado,2020,9,15,1,22.0
2020-09-16,09:38:00,COM VÍTIMA,FINALIZADA,CORDEIRO,AV GENERAL SAN MARTIN,Não informado,EM FRENTE AO COMPAZ,CORDEIRO,NORTE/SUL,ABALROAMENTO LONGITUDINAL,CAMINHÃO E MOTO.,1.0,1.0,0.0,0.0,0.0,0.0,1.0,0.0,0.0,1.0,0.0,Longo da via,Bom,Não existe,Perfeito estado,Seca,Perfeito estado,Não existe,Não há placas,60.0,Dupla,Faixa contínua,Não informado,2020,9,16,2,9.0
2020-09-16,10:46:00,COM VÍTIMA,FINALIZADA,PINA,AV HERCULANO BANDEIRA,Não informado,EM FRENTE A IGREJA CATOLICA,PINA,SUBURBIO,COLISÃO TRASEIRA,AUTO E MOTO C/V,1.0,1.0,0.0,0.0,0.0,0.0,0.0,0.0,0.0,1.0,0.0,Longo da via,Bom,Sem defeito,Perfeito estado,Seca,Perfeito estado,Não existe,Outras,60.0,Única,Faixa contínua,Não informado,2020,9,16,2,10.0
2020-09-16,11:16:00,SEM VÍTIMA,FINALIZADA,BOA VISTA,AV CRUZ CABUGA,Não informado,EM FRENTE AO COLÉGIO SIZENANDO SILVEIRA- PRÓXIMO AO PARQUE 13 MAIO.,BOA VISTA,Não informado,COLISÃO,COLISÃO SEM VÍTIMA ENTRE VIATURA DO TRANSPORTE E UMA MOTOCICLETA.,1.0,1.0,0.0,0.0,0.0,0.0,0.0,1.0,0.0,0.0,0.0,Não informado,Não informado,Não informado,Não informado,Não informado,Não informado,Não informado,Não informado,60.0,Não informado,Não informado,Não informado,2020,9,16,2,11.0
2020-09-16,12:31:00,COM VÍTIMA,FINALIZADA,TEJIPIÓ,AV DR JOSE RUFINO,Não informado,PROXIMO A BR 101,TEJIPIÓ,CIDADE,ABALROAMENTO TRANSVERSAL,COLISÃO COM VÍTIMA / VÍTIMA SOCORRIDA PELO SAMU,1.0,1.0,0.0,0.0,0.0,0.0,0.0,0.0,0.0,1.0,0.0,Cruzamento,Bom,Não existe,Ilegível,Seca,Perfeito estado,Não existe,R-6a,60.0,Dupla,Faixa contínua,Não informado,2020,9,16,2,12.0
2020-09-16,13:16:00,COM VÍTIMA,FINALIZADA,BOA VIAGEM,AV ENGENHEIRO DOMINGOS FERREIRA,Não informado,EM FRENTE AO POSTO SHELL,BOA VIAGEM,SUBURBIO,COLISÃO FRONTAL,COLISÃO COM VÍTIMA ENTRE AUTO E MOTO.,1.0,1.0,0.0,0.0,0.0,0.0,0.0,0.0,0.0,1.0,0.0,Longo da via,Bom,Não existe,Perfeito estado,Seca,Perfeito estado,Não existe,Não há placas,60.0,Única,Faixa seccionada,Não informado,2020,9,16,2,13.0
2020-09-16,17:10:00,COM VÍTIMA,FINALIZADA,ESPINHEIRO,AV JOAO DE BARROS,Não informado,E/F AO MERCADO EXTRA VT 18 NO LOCAL,ESPINHEIRO,SUBURBIO,COLISÃO TRASEIRA,COLISAO ENTRE AUTO E MOTO COM DUAS VITIMAS,1.0,1.0,0.0,0.0,0.0,0.0,0.0,0.0,0.0,2.0,0.0,Longo da via,Bom,Sem defeito,Perfeito estado,Seca,Perfeito estado,Faixa de pedestre,Não informado,40.0,Única,Não informado,Não informado,2020,9,16,2,17.0
2020-09-16,22:53:00,COM VÍTIMA,CANCELADA,SANCHO,2TR TRES DE AGOSTO,Não informado,E/F AO CENTRO DA JUVENTUDE - BIDU KRAUSE,SANCHO,Não informado,COLISÃO,ENTRE AUTO E MOTO. C/V,1.0,1.0,0.0,0.0,0.0,0.0,0.0,0.0,0.0,1.0,0.0,Não informado,Não informado,Não informado,Não informado,Não informado,Não informado,Não informado,Não informado,60.0,Não informado,Não informado,Não informado,2020,9,16,2,22.0
2020-09-17,11:49:00,COM VÍTIMA,FINALIZADA,BOA VISTA,RUA JOAO FERNANDES VIEIRA,Não informado,EM FRENTE AO CENTRO INTEGRADO DA CRIANÇA E DO ADOLESCENTE.,BOA VISTA,CIDADE,COLISÃO TRASEIRA,COLISAO COM VITIMA MOTO E AUTO,1.0,1.0,0.0,0.0,0.0,0.0,0.0,0.0,0.0,1.0,0.0,Longo da via,Bom,Não existe,Perfeito estado,Seca,Perfeito estado,Faixa de pedestre,Não informado,60.0,Única,Faixa contínua,Não informado,2020,9,17,3,11.0
2020-09-17,15:27:00,COM VÍTIMA,FINALIZADA,IPSEP,RUA PINTOR ANTONIO ALBUQUERQUE,Não informado,LADO OPOSTO AO Nº INFORMADO,IPSEP,Não informado,ABALROAMENTO LONGITUDINAL,COLISÃO COM VÍTIMA E VT 17 SE DEPAROU COM A SITUAÇÃO,2.0,1.0,0.0,0.0,0.0,0.0,0.0,0.0,0.0,2.0,0.0,Longo da via,Bom,Não existe,Não informado,Seca,Perfeito estado,Não existe,Não informado,60.0,Única,Não informado,Não informado,2020,9,17,3,15.0
2020-09-17,15:48:00,COM VÍTIMA,FINALIZADA,BOA VIAGEM,AVENIDA CELSO FURTADO (VIA MANGUE),RUA PROFESSOR EDUARDO WANDERLEY FILHO,PRÓXIMO A RUA PROF. EDUARDO WANDERLEY FILHO,BOA VIAGEM,CIDADE,COLISÃO TRASEIRA,COM VÍTIMA- GCM KELVYN .,1.0,1.0,0.0,0.0,0.0,0.0,0.0,0.0,0.0,1.0,0.0,Longo da via,Bom,Não existe,Perfeito estado,Seca,Perfeito estado,Outros,Outras,60.0,Dupla,Canteiro central,Não informado,2020,9,17,3,15.0
2020-09-17,17:35:00,COM VÍTIMA,FINALIZADA,CORDEIRO,RUA GOMES TABORDA,AV GENERAL SAN MARTIN,EM FRENTE AO ATACAREJO,CORDEIRO,SUBURBIO,ABALROAMENTO TRANSVERSAL,COLISÃO CARRO X MOTO / VT 024 NO LOCAL,1.0,1.0,0.0,0.0,0.0,0.0,0.0,0.0,0.0,1.0,0.0,Cruzamento,Bom,Sem defeito,Incompleta,Seca,Perfeito estado,Faixa de pedestre,R-6a,60.0,Dupla,Faixa seccionada,Não informado,2020,9,17,3,17.0
2020-09-17,22:56:00,COM VÍTIMA,FINALIZADA,IBURA,AV RIO LARGO,AV DOZE DE JUNHO,AO LADO DO PROAB ALIMENTOS,IBURA,SUBURBIO,ABALROAMENTO LONGITUDINAL,COLISÃO ENTRE ÔNIBUS E MOTO C/V,1.0,1.0,0.0,0.0,0.0,1.0,0.0,0.0,0.0,1.0,0.0,Cruzamento,Bom,Sem defeito,Perfeito estado,Seca,Perfeito estado,Faixa de pedestre,Outras,60.0,Dupla,Não existe,Não informado,2020,9,17,3,22.0
2020-09-18,09:07:00,COM VÍTIMA,FINALIZADA,DERBY,RUA JENER DE SOUZA,RUA DA BAIXA VERDE,PRÓXIMO AO QUARTEL DO DERBY,DERBY,MADALENA,ABALROAMENTO TRANSVERSAL,COLISÃO COM VÍTIMA ENTRE AUTO E MOTO.,1.0,1.0,0.0,0.0,0.0,0.0,0.0,0.0,0.0,1.0,0.0,Cruzamento,Bom,Não existe,Perfeito estado,Seca,Perfeito estado,Não informado,R-6a,40.0,Dupla,Canteiro central,Não informado,2020,9,18,4,9.0
2020-09-18,13:16:00,COM VÍTIMA,FINALIZADA,ENGENHO DO MEIO,RUA FRANCISCO BEZERRA MONTEIRO,RUA GOVERNADOR LOPO GARRO,NAE - NÚCLEO DE APOIO AOS ESTUDANTES.,ENGENHO DO MEIO,SUBURBIO,ABALROAMENTO LONGITUDINAL,COLISÃO COM VÍTIMA,1.0,1.0,0.0,0.0,0.0,0.0,0.0,0.0,0.0,1.0,0.0,Cruzamento,Bom,Não existe,Não informado,Seca,Perfeito estado,Não existe,Placas Pare,60.0,Dupla,Não existe,Não informado,2020,9,18,4,13.0
2020-09-18,13:48:00,COM VÍTIMA,FINALIZADA,BOMBA DO HEMETÉRIO,RUA SAO BENTO,Não informado,NA ENTRADA DA BOMBA DO HEMETERIO,BOMBA DO HEMETÉRIO,SUBURBIO,COLISÃO,COLISAO ENTRE AUTO E MOTO COM UMA VITIMA,1.0,1.0,0.0,0.0,0.0,0.0,0.0,0.0,0.0,1.0,0.0,Longo da via,Bom,Não existe,Perfeito estado,Seca,Perfeito estado,Não existe,Outras,60.0,Única,Faixa seccionada,Não informado,2020,9,18,4,13.0
2020-09-18,15:21:00,COM VÍTIMA,FINALIZADA,BOA VIAGEM,RUA WALDEMAR NERY CARNEIRO MONTEIRO,RUA JOAO CARDOSO AIRES,EM FRENTE A CLINICA VETERINARIA VETCENTER,BOA VIAGEM,SUBURBIO,ABALROAMENTO LONGITUDINAL,COLISÃO COM VÍTIMA,1.0,1.0,0.0,0.0,0.0,0.0,0.0,0.0,0.0,1.0,0.0,Cruzamento,Bom,Não existe,Perfeito estado,Seca,Perfeito estado,Faixa de pedestre,Placas Pare,60.0,Dupla,Faixa seccionada,Não informado,2020,9,18,4,15.0
2020-09-18,16:22:00,COM VÍTIMA,FINALIZADA,PARNAMIRIM,EST DAS UBAIAS-,RUA RAIMUNDO FREIXEIRA,E/F AO SUPERMERCADO BOM DEMAIS,PARNAMIRIM,SUBURBIO,COLISÃO COM CICLISTA,AUTO E BICICLETA,1.0,1.0,0.0,1.0,0.0,0.0,0.0,0.0,0.0,1.0,0.0,Longo da via,Bom,Não existe,Perfeito estado,Seca,Perfeito estado,Não existe,Outras,40.0,Dupla,Faixa seccionada,Não informado,2020,9,18,4,16.0
2020-09-18,22:28:00,COM VÍTIMA,CANCELADA,AREIAS,RUA IPOJUCA,Não informado,PRÓX A PRAÇA HEROIS DA RESTAURAÇÃO / E/F A RC VIDROS,AREIAS,Não informado,COLISÃO COM CICLISTA,CICLISTA X MOTO. C/V,1.0,1.0,0.0,1.0,0.0,0.0,0.0,0.0,0.0,2.0,0.0,Não informado,Não informado,Não informado,Não informado,Não informado,Não informado,Não informado,Não informado,60.0,Não informado,Não informado,Não informado,2020,9,18,4,22.0
2020-09-19,13:58:00,COM VÍTIMA,FINALIZADA,ARRUDA,RUA DA REGENERACAO,Não informado,PROX A CLIMA GELAR,ARRUDA,Não informado,COLISÃO,COLISAO COM VITIMAS ENTRE AUTO E MOTO,1.0,1.0,0.0,0.0,0.0,0.0,0.0,0.0,0.0,1.0,0.0,Não informado,Não informado,Não informado,Não informado,Não informado,Não informado,Não informado,Não informado,60.0,Não informado,Não informado,Não informado,2020,9,19,5,13.0
2020-09-19,14:11:00,SEM VÍTIMA,FINALIZADA,MACAXEIRA,AV JOSE AMERICO DE ALMEIDA,AV NORTE,PRÓXIMO A CHURRASCARIA NORTE GRILL,MACAXEIRA,Não informado,COLISÃO TRASEIRA,UM DOS CONDUTORES COM SUSPEITA DE EMBRIAGUEZ,2.0,1.0,0.0,0.0,0.0,0.0,0.0,0.0,0.0,0.0,0.0,Cruzamento,Bom,Não existe,Perfeito estado,Seca,Não informado,Faixa de pedestre,Placas Pare,60.0,Dupla,Canteiro central,Não informado,2020,9,19,5,14.0
2020-09-19,16:37:00,COM VÍTIMA,FINALIZADA,CASA AMARELA,EST DO ARRAIAL,RUA DA HARMONIA,EM FRENTE A IGREJA DA HARMONIA,CASA AMARELA,Não informado,ATROPELAMENTO,CARRO ATROPELOU PEDESTRE,1.0,1.0,0.0,0.0,1.0,0.0,0.0,0.0,0.0,1.0,0.0,Não informado,Não informado,Não informado,Não informado,Não informado,Não informado,Não informado,Não informado,60.0,Não informado,Não informado,Não informado,2020,9,19,5,16.0
2020-09-19,16:50:00,COM VÍTIMA,FINALIZADA,MADALENA,RUA BENFICA,Não informado,PROX AO CAMPO DO SPORT. AO LADO DA PRAÇA DA BANDEIRA- APÓS O TÚNEL CHICO SCIENCE.,MADALENA,SUBURBIO,COLISÃO,COLISÃO MOTO E CARRO,1.0,1.0,0.0,0.0,0.0,0.0,0.0,0.0,0.0,1.0,0.0,Outros,Bom,Não existe,Perfeito estado,Seca,Mal conservada,Não existe,Outras,60.0,Única,Não informado,Não informado,2020,9,19,5,16.0
2020-09-19,17:20:00,COM VÍTIMA,FINALIZADA,IPSEP,AV RECIFE,Não informado,NA FRENTE DA PIZZARIA ATLANTICO,IPSEP,SUBURBIO,ABALROAMENTO LONGITUDINAL,COLISÃO MOTO E CARRO,1.0,1.0,0.0,0.0,0.0,0.0,0.0,0.0,0.0,1.0,0.0,Longo da via,Bom,Sem defeito,Perfeito estado,Seca,Perfeito estado,Não informado,Não informado,60.0,Não informado,Não informado,Não informado,2020,9,19,5,17.0
2020-09-19,18:24:00,COM VÍTIMA,CANCELADA,CAMPO GRANDE,AV GOVERNADOR AGAMENON MAGALHAES,Não informado,PROXIMO DA FABRICA TACARUNA,CAMPO GRANDE,Não informado,COLISÃO,COLISÃO ENTRE DOIS AUTOS C/V,2.0,1.0,0.0,0.0,0.0,0.0,0.0,0.0,0.0,2.0,0.0,Não informado,Não informado,Não informado,Não informado,Não informado,Não informado,Não informado,Não informado,60.0,Não informado,Não informado,Não informado,2020,9,19,5,18.0
2020-09-19,21:04:00,SEM VÍTIMA,CANCELADA,TORRE,RUA JOSE BONIFACIO,RUA PADRE ANCHIETA,AO LADO DO MINUTO PÃO DE AÇUCAR,TORRE,Não informado,COLISÃO,COLISÃO ENTRE DOIS AUTOS S/V- UMA DAS PARTES APRESENTA SINTOMAS DE EMBRIAGUEZ,2.0,1.0,0.0,0.0,0.0,0.0,0.0,0.0,0.0,0.0,0.0,Não informado,Não informado,Não informado,Não informado,Não informado,Não informado,Não informado,Não informado,60.0,Não informado,Não informado,Não informado,2020,9,19,5,21.0
2020-09-19,21:28:00,SEM VÍTIMA,FINALIZADA,COQUEIRAL,RUA ANANIAS CATANHO,Não informado,EM FRENTE AO Nº 431,COQUEIRAL,SUBURBIO,CHOQUE VEÍCULO PARADO,COLISÃO ENTRE DOIS AUTOS S/V- UMA DAS PARTES APRESENTA SINTOMAS DE EMBRIAGUEZ,2.0,1.0,0.0,0.0,0.0,0.0,0.0,0.0,0.0,0.0,0.0,Longo da via,Bom,Não existe,Não informado,Seca,Perfeito estado,Não existe,Não há placas,60.0,Dupla,Não existe,Não informado,2020,9,19,5,21.0
2020-09-19,22:24:00,COM VÍTIMA,FINALIZADA,ESPINHEIRO,RUA DO ESPINHEIRO,RUA AMELIA,APÓS O HOSPTAL ESPINHEIRO,ESPINHEIRO,CIDADE,ABALROAMENTO TRANSVERSAL,COLISÃO ENTRE AUTO E MOTO C/V,1.0,1.0,0.0,0.0,0.0,0.0,0.0,0.0,0.0,2.0,0.0,Cruzamento,Bom,Desligado,Perfeito estado,Seca,Perfeito estado,Faixa de pedestre,Outras,60.0,Não informado,Não informado,Não informado,2020,9,19,5,22.0
2020-09-20,07:37:00,COM VÍTIMA,FINALIZADA,IMBIRIBEIRA,AV MARECHAL MASCARENHAS DE MORAES,RUA JORNALISTA CLEOFHAS DE OLIVEIRA,EM FRENTE AO GERALDÃO- SENT. AEROPORTO,IMBIRIBEIRA,SUBURBIO,COLISÃO TRASEIRA,MOTO E AUTO C/V,1.0,1.0,0.0,0.0,0.0,0.0,0.0,0.0,0.0,1.0,0.0,Cruzamento,Bom,Sem defeito,Perfeito estado,Seca,Perfeito estado,Faixa de pedestre,Não há placas,60.0,Dupla,Faixa contínua,Não informado,2020,9,20,6,7.0
2020-09-20,11:13:00,COM VÍTIMA,FINALIZADA,BOA VIAGEM,AV BOA VIAGEM,Não informado,EM FRENTE AS QUADRAS DE TÊNIS. EDF. ARAUCÁRIA.,BOA VIAGEM,CIDADE,COLISÃO TRASEIRA,INFORMES QUE UM CONDUTOR PERDEU O CONTROLE DO VEÍCULO-COLIDIU COM OUTRO VEÍCULO (POLO COM SUA CONDUTORA TAMBÉM VITIMADA) E COM 2 BICICLETAS.,2.0,1.0,0.0,2.0,0.0,0.0,0.0,0.0,0.0,3.0,0.0,Longo da via,Bom,Sem defeito,Perfeito estado,Seca,Perfeito estado,Não existe,Outras,60.0,Única,Faixa seccionada,Não informado,2020,9,20,6,11.0
2020-09-20,16:39:00,COM VÍTIMA,FINALIZADA,IBURA,AV DOIS RIOS,RUA RIO DO OESTE,APOS O POSTO TOTAL AO LADO DA COPE S/T BR,IBURA,SUBURBIO,ABALROAMENTO TRANSVERSAL,COLISAO ENTRE MOTO E AUTO,1.0,1.0,0.0,0.0,0.0,0.0,0.0,0.0,0.0,2.0,0.0,Esquina,Bom,Sem defeito,Perfeito estado,Seca,Perfeito estado,Faixa de pedestre,R-6a,60.0,Dupla,Faixa contínua,Não informado,2020,9,20,6,16.0
2020-09-20,18:57:00,SEM VÍTIMA,FINALIZADA,VÁRZEA,AV PREFEITO ANTONIO PEREIRA,Não informado,TERMINAL INTEGRADO DE PASSAGEIRO,VÁRZEA,CIDADE,ABALROAMENTO LONGITUDINAL,COLISÃO ENTRE VT DA POLICIA MILITAR E ÔNIBUS. S/V,1.0,1.0,0.0,0.0,0.0,1.0,0.0,0.0,0.0,0.0,0.0,Não informado,Bom,Não existe,Não existente,Seca,Perfeito estado,Não existe,Não há placas,60.0,Dupla,Canteiro central,Não informado,2020,9,20,6,18.0
2020-09-20,19:20:00,SEM VÍTIMA,FINALIZADA,PINA,AV ANTONIO DE GOES,PTE AGAMENON MAGALHAES,NA SUBIDA DA PONTE DO PINA,PINA,Não informado,CHOQUE OBJETO FIXO,VEICULO CHOCOU-SE CONTRA UM POSTE E INCENDIOU-SE- EM SEGUIDA. CORPO DE BOMBEIROS NO LOCAL.,1.0,1.0,0.0,0.0,0.0,0.0,0.0,0.0,0.0,0.0,0.0,Não informado,Não informado,Não informado,Não informado,Não informado,Não informado,Não informado,Não informado,60.0,Não informado,Não informado,Não informado,2020,9,20,6,19.0
2020-09-21,01:01:00,SEM VÍTIMA,FINALIZADA,BOA VIAGEM,AV ENGENHEIRO DOMINGOS FERREIRA,Não informado,E/F A LOJA PETLAND,BOA VIAGEM,SUBURBIO,CHOQUE OBJETO FIXO,VEICULO CHOCOU-SE CONTRA UM POSTE E FOI ABANDONADO ATRAVESSADO NA VIA.,1.0,1.0,0.0,0.0,0.0,0.0,0.0,0.0,0.0,0.0,0.0,Longo da via,Bom,Não existe,Perfeito estado,Seca,Perfeito estado,Não existe,R-6a,60.0,Única,Faixa seccionada,Não informado,2020,9,21,0,1.0