data,hora,natureza_acidente,situacao,bairro,endereco,detalhe_endereco_acidente,complemento,bairro_cruzamento,sentido_via,tipo,descricao,auto,moto,ciclom,ciclista,pedestre,onibus,caminhao,viatura,outros,vitimas,vitimasfatais,acidente_verificado,tempo_clima,situacao_semaforo,sinalizacao,condicao_via,conservacao_via,ponto_controle,situacao_placa,velocidade_max_via,mao_direcao,divisao_via1,natureza,ano,mes,dia,dia_semana,hora_ocorrencia
2020-09-21,08:54:00,SEM VÍTIMA,FINALIZADA,PINA,AV ANTONIO DE GOES,Não informado,INÍCIO DA PONTE GOVERNADOR PAULO GUERRA,PINA,CIDADE,CHOQUE OBJETO FIXO,Não informado,1.0,1.0,0.0,0.0,0.0,0.0,0.0,0.0,0.0,1.0,0.0,Longo da via,Bom,Não existe,Ilegível,Seca,Mal iluminada,Não existe,Não informado,60.0,Única,Canteiro central,Não informado,2020,9,21,0,8.0
2020-09-21,09:10:00,COM VÍTIMA,FINALIZADA,IBURA,AV DOIS RIOS,Não informado,EM FRENTE AO COSULTORIO MEDICO DO IBURA. PRÓXIMO AO CONSELHO TUTELAR.,IBURA,CIDADE,ABALROAMENTO TRANSVERSAL,COM UMA VITIMA SOCORRIDA PELO SAMU/GM TORRES PONTO FIXO,1.0,1.0,0.0,0.0,0.0,0.0,0.0,0.0,0.0,1.0,0.0,Longo da via,Bom,Não existe,Ilegível,Seca,Perfeito estado,Não existe,Não há placas,60.0,Dupla,Não existe,Não informado,2020,9,21,0,9.0
2020-09-21,11:09:00,COM VÍTIMA,CANCELADA,TORRE,RUA JOSE BONIFACIO,Não informado,PROX. A JOÃO DA CARNE DE SOL,TORRE,Não informado,COLISÃO,COLISÃO C/VITIMA ENTRE UM AUTO E UMA MOTO,1.0,1.0,0.0,0.0,0.0,0.0,0.0,0.0,0.0,1.0,0.0,Não informado,Não informado,Não informado,Não informado,Não informado,Não informado,Não informado,Não informado,60.0,Não informado,Não informado,Não informado,2020,9,21,0,11.0
2020-09-21,11:28:00,COM VÍTIMA,FINALIZADA,ENGENHO DO MEIO,RUA MAURICEIA,Não informado,E/F AO COLEGIO SABER,ENGENHO DO MEIO,Não informado,ABALROAMENTO LONGITUDINAL,COLISÃO C/VITIMA ENTRE UM AUTO E UMA MOTO,1.0,1.0,0.0,0.0,0.0,0.0,0.0,0.0,0.0,1.0,0.0,Longo da via,Bom,Sem defeito,Incompleta,Seca,Perfeito estado,Faixa de pedestre,Outras,30.0,Dupla,Não existe,Não informado,2020,9,21,0,11.0
2020-09-21,19:30:00,COM VÍTIMA,FINALIZADA,IPUTINGA,AV CAXANGA,Não informado,EM FRENTE AO CAXANGÁ GOLF CLUB,IPUTINGA,SUBURBIO,ABALROAMENTO TRANSVERSAL,COLISÃO ENTRE AUTO E MOTO- COM VÍTIMAS,1.0,1.0,0.0,0.0,0.0,0.0,0.0,0.0,0.0,1.0,0.0,Longo da via,Bom,Não existe,Perfeito estado,Seca,Perfeito estado,Não existe,Não há placas,60.0,Única,Faixa contínua,Não informado,2020,9,21,0,19.0
2020-09-22,07:01:00,COM VÍTIMA,FINALIZADA,IMBIRIBEIRA,AV MARECHAL MASCARENHAS DE MORAES,Não informado,NO SENTIDO CIDADE  EM FRENTE A GMAG ESTOFADOS.,IMBIRIBEIRA,CIDADE,CHOQUE VEÍCULO PARADO,COLISÃO COM VITIMA A ESPERA DO SAMU,2.0,1.0,0.0,0.0,0.0,0.0,0.0,0.0,0.0,1.0,0.0,Longo da via,Bom,Não existe,Perfeito estado,Seca,Perfeito estado,Não existe,Não há placas,60.0,Única,Faixa contínua,Não informado,2020,9,22,1,7.0
2020-09-22,07:43:00,COM VÍTIMA,FINALIZADA,SAN MARTIN,RUA VINTE E UM DE ABRIL,Não informado,EM FRENTE A  PADARIA VINTE UM DE ABRIL,SAN MARTIN,SUBURBIO,ATROPELAMENTO,VITIMA SOCORRIDA PELOS BOMBEIROS,1.0,1.0,0.0,0.0,1.0,0.0,0.0,0.0,0.0,1.0,0.0,Longo da via,Bom,Sem defeito,Não existente,Seca,Perfeito estado,Não existe,Outras,40.0,Dupla,Não existe,Não informado,2020,9,22,1,7.0
2020-09-22,07:47:00,COM VÍTIMA,FINALIZADA,DERBY,AV GOVERNADOR AGAMENON MAGALHAES,RUA DOM BOSCO,EM FRENTE AO HOSPITAL DA RESTAURAÇÃO. PISTA CENTRAL.,DERBY,BOA VIAGEM,COLISÃO TRASEIRA,COM VÍTIMA,1.0,1.0,0.0,0.0,0.0,0.0,0.0,0.0,0.0,1.0,0.0,Longo da via,Bom,Sem defeito,Perfeito estado,Seca,Perfeito estado,Agente,Outras,60.0,Dupla,Canteiro central,Não informado,2020,9,22,1,7.0
2020-09-22,08:00:00,COM VÍTIMA,FINALIZADA,VASCO DA GAMA,RUA VASCO DA GAMA,RUA BREJO BONITO,NA SUBIDA DO VISGUEIRO,VASCO DA GAMA,Não informado,COLISÃO FRONTAL,MOTO E ONIBUS C/V,1.0,1.0,0.0,0.0,0.0,1.0,0.0,0.0,0.0,1.0,0.0,Longo da via,Bom,Não existe,Não existente,Seca,Mal conservada,Não existe,Não há placas,40.0,Dupla,Não existe,Não informado,2020,9,22,1,8.0
2020-09-22,08:43:00,COM VÍTIMA,FINALIZADA,IPSEP,RUA HELIO BRANDAO,RUA ADERBAL DE MELO,EM FRENTE AO CHAMBARIL E FEIJOADA DO JOÃO,IPSEP,Não informado,ABALROAMENTO TRANSVERSAL,MOTO E AUTO C/V PONTO FIXO GM-CONCEIÇÃO,1.0,1.0,0.0,0.0,0.0,0.0,0.0,0.0,0.0,1.0,0.0,Cruzamento,Bom,Não existe,Perfeito estado,Seca,Perfeito estado,Não informado,Placas Pare,30.0,Única,Faixa seccionada,Não informado,2020,9,22,1,8.0
2020-09-22,09:23:00,COM VÍTIMA,FINALIZADA,TORRÕES,AV ENGENHEIRO ABDIAS DE CARVALHO,RUA TIJUCAS,CHESF,TORRÕES,CIDADE,TOMBAMENTO,QUEDA DE MOTO.,1.0,1.0,0.0,0.0,0.0,0.0,0.0,0.0,0.0,1.0,0.0,Longo da via,Bom,Sem defeito,Perfeito estado,Seca,Perfeito estado,Faixa de pedestre,Não há placas,60.0,Única,Canteiro central,Não informado,2020,9,22,1,9.0
2020-09-22,15:10:00,COM VÍTIMA,FINALIZADA,PARNAMIRIM,RUA FERREIRA LOPES,RUA DA ESTRELA,CONSULADO,PARNAMIRIM,Não informado,ABALROAMENTO TRANSVERSAL,COM VÍTIMA,1.0,2.0,0.0,0.0,0.0,0.0,0.0,0.0,0.0,1.0,0.0,Cruzamento,Bom,Não existe,Perfeito estado,Seca,Perfeito estado,Não informado,Outras,40.0,Dupla,Faixa seccionada,Não informado,2020,9,22,1,15.0
2020-09-22,16:07:00,COM VÍTIMA,FINALIZADA,SÃO JOSÉ,AV SUL,Não informado,POR TRAS DO FORTE DAS CINCO PONTAS. POSTE B015690.,SÃO JOSÉ,CIDADE,COLISÃO,COLISÃO COM VÍTIMA,3.0,1.0,0.0,0.0,0.0,0.0,0.0,0.0,0.0,1.0,0.0,Longo da via,Bom,Não existe,Perfeito estado,Seca,Perfeito estado,Não existe,Outras,60.0,Única,Faixa seccionada,Não informado,2020,9,22,1,16.0
2020-09-23,08:35:00,SEM VÍTIMA,FINALIZADA,SÃO JOSÉ,VDO DAS CINCO PONTAS,Não informado,Não informado,SÃO JOSÉ,Não informado,CHOQUE OBJETO FIXO,NEW BEATLES,1.0,1.0,0.0,0.0,0.0,0.0,0.0,0.0,0.0,0.0,0.0,Viaduto,Bom,Não existe,Perfeito estado,Seca,Perfeito estado,Não existe,Não há placas,60.0,Única,Canteiro central,Não informado,2020,9,23,2,8.0
2020-09-23,11:15:00,COM VÍTIMA,FINALIZADA,PRADO,RUA CARLOS GOMES,Não informado,EM FRENTE AO HOSPITAL NOSSA SENHORA DO Ó,PRADO,Não informado,COLISÃO,HONDA TITAN / HYUNDAI HB 20,1.0,1.0,0.0,0.0,0.0,0.0,0.0,0.0,0.0,1.0,0.0,Não informado,Não informado,Não informado,Não informado,Não informado,Não informado,Não informado,Não informado,60.0,Não informado,Não informado,Não informado,2020,9,23,2,11.0
2020-09-23,14:41:00,COM VÍTIMA,FINALIZADA,ESTÂNCIA,AV RECIFE,Não informado,APÓS O BIG BOM PREÇO. LADO OPOSTO A FARMÁCIA PAGUE MENOS.,ESTÂNCIA,SUBURBIO,ABALROAMENTO LONGITUDINAL,MOTO X VEÍCULO,1.0,1.0,0.0,0.0,0.0,0.0,0.0,0.0,0.0,1.0,0.0,Longo da via,Bom,Sem defeito,Perfeito estado,Seca,Perfeito estado,Não existe,Outras,60.0,Dupla,Canteiro central,Não informado,2020,9,23,2,14.0
2020-09-23,15:41:00,SEM VÍTIMA,FINALIZADA,ILHA JOANA BEZERRA,VDO PAPA JOAO PAULO II,Não informado,Não informado,ILHA JOANA BEZERRA,BOA VIAGEM,COLISÃO,QYB4355 VOYAGE VIATURA 15 CTTU X PDE4D32 HONDA,1.0,1.0,0.0,0.0,0.0,0.0,0.0,0.0,0.0,0.0,0.0,Não informado,Não informado,Não informado,Não informado,Não informado,Não informado,Não informado,Não informado,60.0,Não informado,Não informado,Não informado,2020,9,23,2,15.0
2020-09-23,18:01:00,COM VÍTIMA,FINALIZADA,DERBY,AV GOVERNADOR AGAMENON MAGALHAES,RUA HENRIQUE DIAS,Não informado,DERBY,CIDADE,ABALROAMENTO LONGITUDINAL,COM VÍTIMA,1.0,1.0,0.0,0.0,0.0,0.0,0.0,0.0,0.0,1.0,0.0,Cruzamento,Bom,Sem defeito,Perfeito estado,Seca,Perfeito estado,Faixa de pedestre,Não há placas,60.0,Única,Não informado,Não informado,2020,9,23,2,18.0
2020-09-23,20:40:00,COM VÍTIMA,FINALIZADA,BEBERIBE,AV BEBERIBE,Não informado,Não informado,BEBERIBE,SUBURBIO,ATROPELAMENTO,ACIDENTE COM VITIMA ENTRE MOTO E BICICLETA.,1.0,1.0,0.0,0.0,1.0,0.0,0.0,0.0,0.0,2.0,0.0,Longo da via,Bom,Não existe,Perfeito estado,Seca,Perfeito estado,Não existe,Outras,40.0,Dupla,Faixa contínua,Não informado,2020,9,23,2,20.0
2020-09-24,08:29:00,COM VÍTIMA,FINALIZADA,FUNDÃO,AV BEBERIBE,Não informado,EM FRENTE AO ARMAZÉM LOJAS CONSTRUINDO.,FUNDÃO,SUBURBIO,COLISÃO COM CICLISTA,COLISÃO COM VÍTIMA MOTO E CICLISTA,1.0,1.0,0.0,1.0,0.0,0.0,0.0,0.0,0.0,3.0,0.0,Longo da via,Bom,Não existe,Perfeito estado,Seca,Perfeito estado,Não existe,Não há placas,60.0,Dupla,Faixa contínua,Não informado,2020,9,24,3,8.0
2020-09-24,09:48:00,COM VÍTIMA,FINALIZADA,IMBIRIBEIRA,AV MARECHAL MASCARENHAS DE MORAES,RUA CORONEL FABRICIANO,PRÓX. AO ATACADO DOS PRESENTES,IMBIRIBEIRA,CIDADE,ABALROAMENTO LONGITUDINAL,CAMINHÃO X MOTOCICLETA,1.0,1.0,0.0,0.0,0.0,0.0,1.0,0.0,0.0,1.0,0.0,Cruzamento,Bom,Sem defeito,Perfeito estado,Seca,Perfeito estado,Outros,Não há placas,60.0,Única,Faixa seccionada,Não informado,2020,9,24,3,9.0
2020-09-24,09:48:00,COM VÍTIMA,FINALIZADA,IMBIRIBEIRA,AV MARECHAL MASCARENHAS DE MORAES,Não informado,ÁREA DE DESEMBARQUE DO AEROPORTO APÓS A PORTA A6. PORTÃO DE CARGA DO ANTIGO TERMINAL DO AEROPORTO.,IMBIRIBEIRA,SUBURBIO,CHOQUE OBJETO FIXO,VEÍCULO CHOCOU-SE COM GRADIL DA ÁREA DE CARGA E DESCARGA,1.0,1.0,0.0,0.0,0.0,0.0,0.0,0.0,0.0,1.0,0.0,Longo da via,Bom,Não existe,Perfeito estado,Seca,Perfeito estado,Outros,Outras,60.0,Única,Não existe,Não informado,2020,9,24,3,9.0
2020-09-24,13:37:00,SEM VÍTIMA,FINALIZADA,BOA VIAGEM,RUA DOM JOSE LOPES,Não informado,PANIFICADORA J. LORENA,BOA VIAGEM,Não informado,COLISÃO,COLISÃO SEM VÍTIMAS ENTRE 2 AUTOS. SENDO 1 DELES- VEÍCULO OFICIAL.,2.0,1.0,0.0,0.0,0.0,0.0,0.0,0.0,0.0,0.0,0.0,Longo da via,Bom,Não existe,Perfeito estado,Seca,Perfeito estado,Não existe,Não há placas,60.0,Única,Não existe,Não informado,2020,9,24,3,13.0
2020-09-24,19:42:00,COM VÍTIMA,FINALIZADA,DOIS IRMÃOS,RUA DOIS IRMAOS,Não informado,E/F AO HORTO DE DOIS IRMÃOS E AO LAFEPE.,DOIS IRMÃOS,SUBURBIO,COLISÃO TRASEIRA,COLISÃO C/VITIMA (AUTO X MOTO),1.0,1.0,0.0,0.0,0.0,0.0,0.0,0.0,0.0,1.0,0.0,Longo da via,Bom,Não existe,Perfeito estado,Seca,Perfeito estado,Não informado,R-19,60.0,Dupla,Não existe,Não informado,2020,9,24,3,19.0
2020-09-25,16:32:00,COM VÍTIMA,FINALIZADA,CORDEIRO,AV CAXANGA,Não informado,PROX A CENTROCAR,CORDEIRO,CIDADE,ATROPELAMENTO,AUTO- MOTO E PEDESTRE,1.0,1.0,0.0,0.0,1.0,0.0,0.0,0.0,0.0,1.0,0.0,Longo da via,Bom,Não existe,Incompleta,Seca,Perfeito estado,Não existe,Não há placas,60.0,Dupla,Faixa seccionada,Não informado,2020,9,25,4,16.0
2020-09-25,16:52:00,COM VÍTIMA,FINALIZADA,CAMPO GRANDE,AV PROFESSOR JOSE DOS ANJOS,Não informado,E/F A SUB ESTAÇAO DA COMPESA,CAMPO GRANDE,CAMPO GRANDE,COLISÃO FRONTAL,COLISAO COM VITIMA ENTRE AUTO E MOTO,1.0,1.0,0.0,0.0,0.0,0.0,0.0,0.0,0.0,1.0,0.0,Longo da via,Bom,Não existe,Não existente,Seca,Perfeito estado,Não existe,Não há placas,60.0,Inglesa,Não existe,Não informado,2020,9,25,4,16.0
2020-09-25,17:43:00,COM VÍTIMA,FINALIZADA,IPUTINGA,AV CAXANGA,RUA SAO MATEUS,LOGO APOS O CRUZAMENTO DO POSTO PETROCAL - BR. LADO OPOSTO AO CARTÓRIO DA VÁRZEA.,IPUTINGA,CIDADE,ABALROAMENTO LONGITUDINAL,MOTOCICLISTA ULTRAPASSANDO PELA DIREITA COLIDIU E CAIU AO LADO DO CARRO GUINCHO. ACIDENTE FLAGRADO PELA CÂMARA DA CTTU NO HORÁRIO 16h18min.,1.0,1.0,0.0,0.0,0.0,0.0,1.0,0.0,0.0,1.0,0.0,Longo da via,Bom,Sem defeito,Perfeito estado,Seca,Perfeito estado,Faixa de pedestre,Outras,60.0,Dupla,Não existe,Não informado,2020,9,25,4,17.0
2020-09-26,04:50:00,COM VÍTIMA,FINALIZADA,AREIAS,AV RECIFE,Não informado,EM FRENTE AO MAKRO SENTIDO UFPE- NA SUBIDA DO VIADUTO ULISSES GUIMARÃES.,AREIAS,CIDADE,COLISÃO TRASEIRA,AUTO E MOTO.,1.0,1.0,0.0,0.0,0.0,0.0,0.0,0.0,0.0,1.0,0.0,Longo da via,Bom,Não existe,Perfeito estado,Seca,Mal conservada,Não existe,Não há placas,60.0,Não informado,Faixa seccionada,Não informado,2020,9,26,5,4.0
2020-09-26,07:24:00,COM VÍTIMA,FINALIZADA,ÁGUA FRIA,RUA DA REGENERACAO,Não informado,EM FRENTE A ANTIGA FABRICA DA COCA COLA,ÁGUA FRIA,SUBURBIO,COLISÃO FRONTAL,COLISÃO COM VITIMA,1.0,1.0,0.0,0.0,0.0,0.0,0.0,0.0,0.0,1.0,0.0,Longo da via,Bom,Não existe,Incompleta,Seca,Mal conservada,Não existe,Não há placas,60.0,Dupla,Não existe,Não informado,2020,9,26,5,7.0
2020-09-26,10:45:00,COM VÍTIMA,FINALIZADA,ILHA DO RETIRO,AV BEIRA RIO,Não informado,AO LADO DO SPORT CLUBE DO RECIFE NO SENTIDO TUNEL CHICO  SCIENCE. LADO OPOSTO AO Nº INFORMADO.,ILHA DO RETIRO,ILHA DO RETIRO,COLISÃO TRASEIRA,COLISÃO COM VITIMA,1.0,1.0,0.0,0.0,0.0,0.0,0.0,0.0,0.0,1.0,0.0,Longo da via,Bom,Não existe,Perfeito estado,Seca,Perfeito estado,Não existe,R-6a,60.0,Dupla,Faixa seccionada,Não informado,2020,9,26,5,10.0
2020-09-26,17:50:00,COM VÍTIMA,FINALIZADA,MANGABEIRA,AV NORTE,RUA GUIMARAES PEIXOTO,PROXIMO AO SESC,MANGABEIRA,CIDADE,CHOQUE OBJETO FIXO,COLISÃO COM VÍTIMA ENTRE DUAS MOTOS E UM AUTO,1.0,2.0,0.0,0.0,0.0,0.0,0.0,0.0,0.0,3.0,0.0,Longo da via,Bom,Sem defeito,Perfeito estado,Seca,Perfeito estado,Faixa de pedestre,Outras,60.0,Dupla,Canteiro central,Não informado,2020,9,26,5,17.0
2020-09-26,22:19:00,COM VÍTIMA,FINALIZADA,ILHA JOANA BEZERRA,PTE JOSE DE BARROS LIMA,Não informado,PROXIMO A PASSARELA,ILHA JOANA BEZERRA,BOA VIAGEM,ATROPELAMENTO,COLISÃO MOTO E PEDESTRE,1.0,1.0,0.0,0.0,2.0,0.0,0.0,0.0,0.0,3.0,0.0,Ponte,Bom,Não existe,Perfeito estado,Seca,Perfeito estado,Não informado,Não há placas,60.0,Dupla,Canteiro central,Não informado,2020,9,26,5,22.0
2020-09-27,09:01:00,COM VÍTIMA,FINALIZADA,DOIS UNIDOS,RUA VISCONDE DE GARRETT,Não informado,EM FRENTE AO EDUCANDARIO JARDIM GETSEMANI. PRÓXIMO A ASSEMBLEIA DE DEUS.,DOIS UNIDOS,Não informado,COLISÃO FRONTAL,COLISÃO COM DUAS VITIMAS AGUARDANDO O SAMU,1.0,2.0,0.0,0.0,0.0,0.0,0.0,0.0,0.0,2.0,0.0,Longo da via,Bom,Não existe,Perfeito estado,Seca,Perfeito estado,Não existe,Não há placas,60.0,Não informado,Não existe,Não informado,2020,9,27,6,9.0
2020-09-27,09:24:00,COM VÍTIMA,FINALIZADA,BOA VIAGEM,RUA DEZ DE JULHO,RUA CAMBOIM,EM FRENTE A LOJA MAISON CRISTAL,BOA VIAGEM,CIDADE,ABALROAMENTO TRANSVERSAL,MOTO E AUTO,1.0,1.0,0.0,0.0,0.0,0.0,0.0,0.0,0.0,1.0,0.0,Longo da via,Bom,Não existe,Perfeito estado,Seca,Perfeito estado,Não existe,Não há placas,40.0,Única,Faixa seccionada,Não informado,2020,9,27,6,9.0
2020-09-27,10:53:00,COM VÍTIMA,FINALIZADA,ARRUDA,RUA DA REGENERACAO,RUA CLARA,E/F HYANNAH ESPAÇO DE EVENTOS,ARRUDA,SUBURBIO,ABALROAMENTO LONGITUDINAL,COLISÃO C/VITIMA ENTRE UM AUTO E UMA MOTO,1.0,1.0,0.0,0.0,0.0,0.0,0.0,0.0,0.0,1.0,0.0,Cruzamento,Bom,Não existe,Não existente,Seca,Perfeito estado,Não existe,Não há placas,60.0,Dupla,Não existe,Não informado,2020,9,27,6,10.0
2020-09-27,19:25:00,COM VÍTIMA,FINALIZADA,IMBIRIBEIRA,AV SUL,Não informado,AO LADO DA ESTAÇAO ANTONIO FALCAO,IMBIRIBEIRA,SUBURBIO,ABALROAMENTO LONGITUDINAL,COLISAO ENTRE AUTO E MOTO COM VITIMA,1.0,1.0,0.0,0.0,0.0,0.0,0.0,0.0,0.0,1.0,0.0,Longo da via,Chuvoso,Não existe,Perfeito estado,Molhada,Perfeito estado,Não existe,Não há placas,30.0,Dupla,Não existe,Não informado,2020,9,27,6,19.0
2020-09-27,21:28:00,COM VÍTIMA,FINALIZADA,CASA AMARELA,RUA CONS NABUCO,Não informado,PROX AO BOMPREÇO,CASA AMARELA,Não informado,ATROPELAMENTO,ATROPELAMENTO DE PEDESTRE,1.0,1.0,0.0,0.0,1.0,0.0,0.0,0.0,0.0,1.0,0.0,Longo da via,Chuvoso,Não existe,Perfeito estado,Molhada,Perfeito estado,Não existe,Não há placas,60.0,Dupla,Não existe,Não informado,2020,9,27,6,21.0
2020-09-27,21:49:00,COM VÍTIMA,FINALIZADA,SANTO AMARO,AV NORTE,3TR TREZE DE MAIO,NO CRUZAMENTO,SANTO AMARO,SUBURBIO,COLISÃO TRASEIRA,AUTO E MOTO. O CONDUTOR DO AUTO SE EVADIU.,1.0,1.0,0.0,0.0,0.0,0.0,0.0,0.0,0.0,1.0,0.0,Longo da via,Bom,Não existe,Perfeito estado,Seca,Perfeito estado,Não existe,Não há placas,60.0,Única,Faixa seccionada,Não informado,2020,9,27,6,21.0
2020-09-28,07:15:00,COM VÍTIMA,FINALIZADA,JORDÃO,AV MARIA IRENE,RUA CRISTALIA,TERMINAL DA VAN,JORDÃO,CIDADE,ABALROAMENTO LONGITUDINAL,COM VITIMA. MICROÔNIBUS E MOTOCICLETA,1.0,1.0,0.0,0.0,0.0,1.0,0.0,0.0,0.0,1.0,0.0,Longo da via,Bom,Não existe,Perfeito estado,Seca,Perfeito estado,Não existe,Não há placas,60.0,Dupla,Faixa contínua,Não informado,2020,9,28,0,7.0
2020-09-28,10:13:00,SEM VÍTIMA,FINALIZADA,ENCRUZILHADA,RUA CASTRO ALVES,Não informado,PROX A PRAÇA DA PICANHA  EM FRENTE A LOJA ENCRUZILHADA VIDROS,ENCRUZILHADA,SUBURBIO,COLISÃO,COLISÃO SEM VITIMAS,2.0,1.0,0.0,0.0,0.0,0.0,0.0,0.0,0.0,0.0,0.0,Não informado,Não informado,Não informado,Não informado,Não informado,Não informado,Não informado,Não informado,60.0,Não informado,Não informado,Não informado,2020,9,28,0,10.0
2020-09-28,11:05:00,COM VÍTIMA,FINALIZADA,IMBIRIBEIRA,AV MARECHAL MASCARENHAS DE MORAES,Não informado,APOS O AEROPORTO- ANTES DO ATACADOL DOS PRESENTES,IMBIRIBEIRA,CIDADE,COLISÃO COM CICLISTA,VITIMA JA FOI ENCAMINHADA PARA O HOSPITAL. ÔNIBUS E CICLISTA.,1.0,1.0,0.0,1.0,0.0,1.0,0.0,0.0,0.0,1.0,0.0,Longo da via,Bom,Sem defeito,Perfeito estado,Seca,Perfeito estado,Faixa de pedestre,Não há placas,60.0,Dupla,Canteiro central,Não informado,2020,9,28,0,11.0
2020-09-28,13:19:00,COM VÍTIMA,FINALIZADA,IPSEP,RUA HELIO BRANDAO,RUA ADERBAL DE MELO,EM FRENTE AO CHAMBARIL DO JOÃO,IPSEP,Não informado,ABALROAMENTO TRANSVERSAL,COLISÃO COM VÍTIMA,1.0,1.0,0.0,0.0,0.0,0.0,0.0,0.0,0.0,1.0,0.0,Cruzamento,Bom,Não existe,Perfeito estado,Seca,Perfeito estado,Outros,Placas Pare,60.0,Única,Faixa seccionada,Não informado,2020,9,28,0,13.0
2020-09-29,00:28:00,COM VÍTIMA,CANCELADA,AFOGADOS,RUA DA PAZ,RUA NICOLAU PEREIRA,CRUZAMENTO C/A RUA NICOLAU PEREIRA,AFOGADOS,Não informado,COLISÃO,COLISÃO 2 AUTOS - C/VÍTIMA,2.0,1.0,0.0,0.0,0.0,0.0,0.0,0.0,0.0,1.0,0.0,Não informado,Não informado,Não informado,Não informado,Não informado,Não informado,Não informado,Não informado,60.0,Não informado,Não informado,Não informado,2020,9,29,1,0.0
2020-09-29,00:28:00,SEM VÍTIMA,FINALIZADA,BOMBA DO HEMETÉRIO,RUA JACOB,Não informado,IMÓVEL Nº 31,BOMBA DO HEMETÉRIO,CIDADE,CHOQUE VEÍCULO PARADO,COLISÃO VIATURA DA POLICIA MILITAR X AUTO PASSEIO - S/VITIMA,2.0,1.0,0.0,0.0,0.0,0.0,0.0,0.0,0.0,0.0,0.0,Longo da via,Bom,Não existe,Não existente,Seca,Perfeito estado,Não existe,Não há placas,30.0,Dupla,Faixa seccionada,Não informado,2020,9,29,1,0.0
2020-09-29,04:14:00,COM VÍTIMA,FINALIZADA,NOVA DESCOBERTA,RUA NOVA DESCOBERTA,Não informado,EM FRENTE A IGREJA CONGRECIONAL. IGREJA DO EVANGELHO QUADRANGULAR.,NOVA DESCOBERTA,CIDADE,CHOQUE VEÍCULO PARADO,COLISÃO QUATRO AUTOS,4.0,1.0,0.0,0.0,0.0,0.0,0.0,0.0,0.0,1.0,0.0,Longo da via,Bom,Não existe,Perfeito estado,Seca,Perfeito estado,Não existe,Não há placas,60.0,Dupla,Não existe,Não informado,2020,9,29,1,4.0
2020-09-29,09:25:00,COM VÍTIMA,FINALIZADA,LINHA DO TIRO,RUA URIEL DE HOLANDA,Não informado,APÓS A CHURRASCARIA CACHOEIRA,LINHA DO TIRO,CIDADE,COLISÃO FRONTAL,COM UMA VITIMA AGUARDANDO SAMU,1.0,1.0,0.0,0.0,0.0,1.0,0.0,0.0,0.0,1.0,0.0,Longo da via,Bom,Não existe,Perfeito estado,Seca,Perfeito estado,Não existe,R-6a,60.0,Dupla,Faixa seccionada,Não informado,2020,9,29,1,9.0
2020-09-29,10:37:00,COM VÍTIMA,FINALIZADA,IMBIRIBEIRA,AV MARECHAL MASCARENHAS DE MORAES,Não informado,EM FRENTE A FERREIRA COSTA,IMBIRIBEIRA,CIDADE,ABALROAMENTO LONGITUDINAL,MOTO E AUTO,1.0,1.0,0.0,0.0,0.0,0.0,0.0,0.0,0.0,1.0,0.0,Longo da via,Bom,Sem defeito,Perfeito estado,Seca,Perfeito estado,Faixa de pedestre,Não há placas,60.0,Dupla,Canteiro central,Não informado,2020,9,29,1,10.0
2020-09-29,14:48:00,SEM VÍTIMA,FINALIZADA,BOA VIAGEM,RUA RIBEIRO DE BRITO,Não informado,LADO OPOSTO AO BAR GRILL,BOA VIAGEM,CIDADE,COLISÃO TRASEIRA,COLISÃO CARRO X CARRO- A OUTRA PARTE ENVOLVIDA SE EVADIU DO LOCAL DE PLACA XXX,2.0,1.0,0.0,0.0,0.0,0.0,0.0,0.0,0.0,0.0,0.0,Longo da via,Bom,Sem defeito,Perfeito estado,Seca,Perfeito estado,Faixa de pedestre,Não informado,60.0,Única,Faixa contínua,Não informado,2020,9,29,1,14.0
2020-09-29,21:30:00,COM VÍTIMA,FINALIZADA,VÁRZEA,RUA DIOGO DE VASCONCELOS,RUA GOVERNADOR LEOPOLDO NEVES,PROXIMO DA PIZZARIA PAULLYNE- PROXIMO DA PADARIA PÃO DE CRISTO DELLI,VÁRZEA,SUBURBIO,ABALROAMENTO TRANSVERSAL,COLISÃO ENTRE AUTO E MOTO C/V,1.0,1.0,0.0,0.0,0.0,0.0,0.0,0.0,0.0,1.0,0.0,Longo da via,Bom,Não existe,Perfeito estado,Seca,Perfeito estado,Não existe,Não há placas,60.0,Dupla,Faixa seccionada,Não informado,2020,9,29,1,21.0
2020-09-30,10:15:00,COM VÍTIMA,CANCELADA,TORRE,RUA JOSE BONIFACIO,Não informado,EM FRENTE AO ANTIGO BANORTE,TORRE,Não informado,COLISÃO,COLISÃO C/V. USUÁRIO INFORMA QUE VT 20 ESTÁ NO LOCAL.,1.0,1.0,1.0,0.0,0.0,0.0,0.0,0.0,0.0,1.0,0.0,Não informado,Não informado,Não informado,Não informado,Não informado,Não informado,Não informado,Não informado,60.0,Não informado,Não informado,Não informado,2020,9,30,2,10.0
2020-09-30,14:09:00,COM VÍTIMA,FINALIZADA,ROSARINHO,AV NORTE,Não informado,EM FRENTE À PADARIA ROSARINHO,ROSARINHO,CIDADE,COLISÃO TRASEIRA,COLISÃO ENVOLVENDO 4 AUTOS CHEVROLET CORSA. VW VOYAGE.POLO. VW VIRTUS,4.0,1.0,0.0,0.0,0.0,0.0,0.0,0.0,0.0,1.0,0.0,Longo da via,Bom,Sem defeito,Perfeito estado,Seca,Perfeito estado,Não existe,Não há placas,40.0,Dupla,Canteiro central,Não informado,2020,9,30,2,14.0
2020-09-30,14:44:00,SEM VÍTIMA,FINALIZADA,IPSEP,RUA HELIO BRANDAO,RUA ADERBAL DE MELO,Não informado,IPSEP,Não informado,ABALROAMENTO TRANSVERSAL,COLISÃO SEM VÍTIMA/ VEÍCULO OFICIAL,2.0,1.0,0.0,0.0,0.0,0.0,0.0,0.0,0.0,0.0,0.0,Longo da via,Bom,Não existe,Perfeito estado,Seca,Perfeito estado,Não informado,Placas Pare,60.0,Única,Faixa seccionada,Não informado,2020,9,30,2,14.0