data,hora,natureza_acidente,situacao,bairro,endereco,detalhe_endereco_acidente,complemento,bairro_cruzamento,sentido_via,tipo,descricao,auto,moto,ciclom,ciclista,pedestre,onibus,caminhao,viatura,outros,vitimas,vitimasfatais,acidente_verificado,tempo_clima,situacao_semaforo,sinalizacao,condicao_via,conservacao_via,ponto_controle,situacao_placa,velocidade_max_via,mao_direcao,divisao_via1,natureza,ano,mes,dia,dia_semana,hora_ocorrencia
2020-09-30,17:59:00,COM VÍTIMA,FINALIZADA,SÃO JOSÉ,AV DANTAS BARRETO,RUA SAO JOAO,N 946 S/T PRAÇA SERGIO LORETO,SÃO JOSÉ,Não informado,ATROPELAMENTO,ÔNIBUS E PEDESTRE,1.0,1.0,0.0,0.0,1.0,1.0,0.0,0.0,0.0,1.0,0.0,Longo da via,Bom,Sem defeito,Ilegível,Seca,Mal iluminada,Não existe,Outras,60.0,Dupla,Faixa contínua,Não informado,2020,9,30,2,17.0
2020-09-30,21:32:00,COM VÍTIMA,FINALIZADA,JARDIM SÃO PAULO,RUA SENADOR ALBERTO PASQUALINI,Não informado,E/F AO RESTAURANTE SUBWAY / PRÓX A JOTA LANCHES,JARDIM SÃO PAULO,SUBURBIO,COLISÃO COM CICLISTA,MOTO X BICICLETA. C/V,1.0,1.0,0.0,1.0,0.0,0.0,0.0,0.0,0.0,3.0,0.0,Longo da via,Bom,Não existe,Ilegível,Seca,Mal iluminada,Não existe,Placas Pare,60.0,Única,Faixa seccionada,Não informado,2020,9,30,2,21.0
2020-09-30,22:37:00,COM VÍTIMA,FINALIZADA,MADALENA,RUA ARLINDO GOUVEIA,Não informado,PRÓX AO CLUBE INTERNACIONAL. PRAÇA JOSÉ DA MOTA SILVEIRA.,MADALENA,SUBURBIO,ABALROAMENTO TRANSVERSAL,AUTO X MOTO. C/V,1.0,1.0,0.0,0.0,0.0,0.0,0.0,0.0,0.0,1.0,0.0,Longo da via,Chuvoso,Não existe,Perfeito estado,Seca,Perfeito estado,Não existe,Não há placas,60.0,Dupla,Faixa contínua,Não informado,2020,9,30,2,22.0
2020-10-01,03:23:00,SEM VÍTIMA,FINALIZADA,JARDIM SÃO PAULO,RUA LEANDRO BARRETO,Não informado,NA DESCIDA DO VIADUTO - SENTIDO LA ROCK,JARDIM SÃO PAULO,Não informado,CHOQUE OBJETO FIXO,CONDUTOR PERDEU O CONTROLE E CHOCOU O VEICULO CONTRA ESTACAS DE FERRO NUMA CALÇADA E- EM SEGUIDA- ABANDONOU O VEICULO.,1.0,1.0,0.0,0.0,0.0,0.0,0.0,0.0,0.0,0.0,0.0,Não informado,Não informado,Não informado,Não informado,Não informado,Não informado,Não informado,Não informado,60.0,Não informado,Não informado,Não informado,2020,10,1,3,3.0
2020-10-01,09:38:00,SEM VÍTIMA,FINALIZADA,BAIRRO DO RECIFE,RUA JENER DE SOUZA,PRC DO DERBY,SOB O SEMÁFORO Nº 418,BAIRRO DO RECIFE,CIDADE,ABALROAMENTO LONGITUDINAL,SEM VITIMA /VEÍCULO OFICIAL CTTU NO LOCAL /GM EVANDRO RAMOS/COIMBRA PONTO FIXO,2.0,1.0,0.0,0.0,0.0,0.0,0.0,0.0,0.0,0.0,0.0,Cruzamento,Bom,Sem defeito,Não informado,Seca,Perfeito estado,Não informado,R-25b,40.0,Dupla,Faixa contínua,Não informado,2020,10,1,3,9.0
2020-10-01,12:44:00,COM VÍTIMA,FINALIZADA,ARRUDA,AV PROFESSOR JOSE DOS ANJOS,Não informado,PROX AO CRUZAMENTO DA EST VELHA DE ÁGUA FRIA,ARRUDA,SUBURBIO,COLISÃO COM CICLISTA,COLISAO ENTRE MOTO E CICLISTA,1.0,1.0,0.0,1.0,0.0,0.0,0.0,0.0,0.0,1.0,0.0,Longo da via,Bom,Não existe,Perfeito estado,Seca,Perfeito estado,Não existe,Não há placas,60.0,Única,Faixa seccionada,Não informado,2020,10,1,3,12.0
2020-10-01,13:45:00,COM VÍTIMA,FINALIZADA,AFOGADOS,EST DOS REMEDIOS,RUA BUGRE,EM FRENTE A TUPAN,AFOGADOS,Não informado,COLISÃO,COLISÃO MOTO X CARRO,1.0,1.0,0.0,0.0,0.0,0.0,0.0,0.0,0.0,1.0,0.0,Não informado,Não informado,Não informado,Não informado,Não informado,Não informado,Não informado,Não informado,60.0,Não informado,Não informado,Não informado,2020,10,1,3,13.0
2020-10-01,18:21:00,COM VÍTIMA,FINALIZADA,MACAXEIRA,AV NORTE,RUA TIJUCAL,EM FRENTE A ESCOLA ESTADUAL MARIA AMÁLIA,MACAXEIRA,SUBURBIO,COLISÃO COM CICLISTA,COLISÃO ENTRE ÔNIBUS E CICLISTA- C/V,1.0,1.0,0.0,1.0,0.0,1.0,0.0,0.0,0.0,1.0,0.0,Longo da via,Bom,Sem defeito,Incompleta,Seca,Mal iluminada,Faixa de pedestre,Outras,60.0,Dupla,Não informado,Não informado,2020,10,1,3,18.0
2020-10-01,19:32:00,COM VÍTIMA,FINALIZADA,BONGI,EST DO BONGI,RUA COSME VIANA,AO LADO DO VAREJÃO DO POVO E WM GNV.,BONGI,SUBURBIO,ABALROAMENTO LONGITUDINAL,COLISÃO ENTRE AUTO E MOTO C/V,1.0,1.0,0.0,0.0,0.0,0.0,0.0,0.0,0.0,1.0,0.0,Longo da via,Bom,Sem defeito,Perfeito estado,Seca,Perfeito estado,Faixa de pedestre,Placas Dê a preferência,40.0,Dupla,Faixa contínua,Não informado,2020,10,1,3,19.0
2020-10-01,19:49:00,COM VÍTIMA,CANCELADA,CAMPO GRANDE,AV CORREIA DE BRITO,Não informado,EM FRENTE AO POSTO DE COMBUSTIVEL DESLUB,CAMPO GRANDE,Não informado,ATROPELAMENTO,AUTO ATROPELOU CARROCEIRO- E LOGO APOS CHOCOU-SE EM UM AUTO QUE ESTAVA ESTACIONADO,2.0,1.0,0.0,0.0,1.0,0.0,0.0,0.0,0.0,1.0,0.0,Não informado,Não informado,Não informado,Não informado,Não informado,Não informado,Não informado,Não informado,60.0,Não informado,Não informado,Não informado,2020,10,1,3,19.0
2020-10-01,21:49:00,SEM VÍTIMA,FINALIZADA,PARNAMIRIM,RUA SEBASTIAO MALTA ARCOVERDE,Não informado,EM FRENTE AO Nº 223,PARNAMIRIM,SUBURBIO,ABALROAMENTO LONGITUDINAL,COLISÃO ENTRE DUAS MOTOS- S/V (UMA DAS MOTOS É UM VEÍCULO OFICIAL DA POLÍCIA MILITAR),1.0,2.0,0.0,0.0,0.0,0.0,0.0,0.0,0.0,0.0,0.0,Longo da via,Bom,Sem defeito,Perfeito estado,Seca,Mal iluminada,Faixa de pedestre,Não há placas,60.0,Única,Não existe,Não informado,2020,10,1,3,21.0
2020-10-02,10:36:00,COM VÍTIMA,FINALIZADA,SANTO AMARO,RUA PEDRO AFONSO,RUA TREZE DE MAIO,DE ESQUINA COM O SESC  DE SANTO AMARO,SANTO AMARO,CIDADE,ABALROAMENTO TRANSVERSAL,COLISÃO COM VITIMA A ESPERA DO SAMU,1.0,1.0,0.0,0.0,0.0,0.0,0.0,0.0,0.0,1.0,0.0,Longo da via,Bom,Sem defeito,Perfeito estado,Seca,Perfeito estado,Não existe,Outras,40.0,Dupla,Faixa contínua,Não informado,2020,10,2,4,10.0
2020-10-02,11:18:00,SEM VÍTIMA,FINALIZADA,BOA VIAGEM,AV ENGENHEIRO DOMINGOS FERREIRA,Não informado,LADO OPOSTO AO 3638,BOA VIAGEM,Não informado,ABALROAMENTO LONGITUDINAL,FLUIDEZ AO TRÂNSITO DEVIDO A UMA COLISÃO SEM VÍTIMA,2.0,1.0,0.0,0.0,0.0,0.0,0.0,0.0,0.0,0.0,0.0,Não informado,Não informado,Não informado,Não informado,Não informado,Não informado,Não informado,Não informado,60.0,Não informado,Não informado,Não informado,2020,10,2,4,11.0
2020-10-02,14:34:00,COM VÍTIMA,FINALIZADA,ILHA DO RETIRO,RUA JOAO IVO DA SILVA,Não informado,E/F A AUTO LINE HONDA . AO LADO DA RENAULT.,ILHA DO RETIRO,SUBURBIO,COLISÃO TRASEIRA,COLISAO ENTRE AUTO E UMA TRAÇAO ANIMAL. SEGUNDO O BOLETIM FÍSICO- HOUVE A COLISÃO DO AUTO COM UM CARRO DE MÃO QUE POR SUA VEZ DERRUBOU A VÍTIMA.,1.0,1.0,0.0,0.0,0.0,0.0,0.0,0.0,1.0,1.0,0.0,Longo da via,Bom,Não existe,Incompleta,Seca,Perfeito estado,Não existe,R-6a,60.0,Única,Faixa seccionada,Não informado,2020,10,2,4,14.0
2020-10-02,16:24:00,COM VÍTIMA,FINALIZADA,AREIAS,AV RECIFE,Não informado,EM FRENTE A BRASIL VEÍCULOS/ SENTIDO CABO,AREIAS,SUBURBIO,COLISÃO,COLISÃO COM VÍTIMA,1.0,1.0,0.0,0.0,0.0,0.0,1.0,0.0,0.0,1.0,0.0,Longo da via,Bom,Não existe,Perfeito estado,Seca,Perfeito estado,Não existe,Não há placas,60.0,Dupla,Canteiro central,Não informado,2020,10,2,4,16.0
2020-10-02,20:28:00,COM VÍTIMA,FINALIZADA,BOA VIAGEM,AV CONSELHEIRO AGUIAR,RUA SOUTO FILHO,PRÓX A ESCOLA ESTADUAL LANDELINO ROCHA,BOA VIAGEM,CIDADE,ABALROAMENTO LONGITUDINAL,AUTO X MOTO. C/V,1.0,1.0,0.0,0.0,0.0,0.0,0.0,0.0,0.0,1.0,0.0,Cruzamento,Bom,Sem defeito,Perfeito estado,Seca,Mal iluminada,Faixa de pedestre,R-6a,60.0,Única,Faixa seccionada,Não informado,2020,10,2,4,20.0
2020-10-02,21:06:00,COM VÍTIMA,FINALIZADA,BARRO,AV DR JOSE RUFINO,Não informado,PROX AO COLEGIO ALBERTO TORRES POR CIMA DO VIADUTO DO BARRO SENTIDO RECIFE. ALÇA QUE LIGA A BR-101.,BARRO,Não informado,ABALROAMENTO TRANSVERSAL,ONIBUS MILBUS X MOTO,1.0,1.0,0.0,0.0,0.0,1.0,0.0,0.0,0.0,1.0,0.0,Cruzamento,Bom,Não existe,Ilegível,Seca,Mal iluminada,Não existe,Não há placas,60.0,Dupla,Faixa seccionada,Não informado,2020,10,2,4,21.0
2020-10-02,22:25:00,COM VÍTIMA,FINALIZADA,MUSTARDINHA,RUA VINTE E UM DE ABRIL,Não informado,PROX A FARMACIA COELHO E ROCK PIZZA. ESPETINHO E CALDINHO DOS AMIGOS.,MUSTARDINHA,SUBURBIO,ATROPELAMENTO,PEDESTRE X CAMINHAO,1.0,1.0,0.0,0.0,1.0,0.0,1.0,0.0,0.0,1.0,0.0,Longo da via,Bom,Sem defeito,Perfeito estado,Seca,Perfeito estado,Não informado,Não há placas,30.0,Dupla,Não existe,Não informado,2020,10,2,4,22.0
2020-10-03,07:04:00,SEM VÍTIMA,FINALIZADA,MACAXEIRA,AV NORTE,Não informado,E/F AO PONTO DE TAXI TI MACAXEIRA,MACAXEIRA,Não informado,COLISÃO,COLISÃO S/VITIMA ENTRE UMA VIATURA CORPO DE BOMBEIROS E UM BRT,1.0,1.0,0.0,0.0,0.0,1.0,0.0,1.0,0.0,0.0,0.0,Não informado,Não informado,Não informado,Não informado,Não informado,Não informado,Não informado,Não informado,60.0,Não informado,Não informado,Não informado,2020,10,3,5,7.0
2020-10-03,08:11:00,COM VÍTIMA,FINALIZADA,AFOGADOS,AV SUL,PTE DE AFOGADOS,NO INICIO DA FAIXA EXCLUSIVA DE ONIBUS,AFOGADOS,CIDADE,COLISÃO COM CICLISTA,AGUARDANDO SOCORRO DOS BOMBEIROS. AUTO E CICLISTA.,1.0,1.0,0.0,1.0,0.0,0.0,0.0,0.0,0.0,1.0,0.0,Ponte,Bom,Sem defeito,Perfeito estado,Seca,Perfeito estado,Não existe,Outras,60.0,Dupla,Canteiro central,Não informado,2020,10,3,5,8.0
2020-10-03,10:17:00,COM VÍTIMA,FINALIZADA,SANTO AMARO,AV GOVERNADOR AGAMENON MAGALHAES,Não informado,PRÓXIMO AO VIADUTO DA JOÃO DE BARROS.,SANTO AMARO,SUBURBIO,COLISÃO TRASEIRA,COLISÃO C/VITIMA ENTRE UM AUTO E UMA MOTO,1.0,1.0,0.0,0.0,0.0,0.0,0.0,0.0,0.0,1.0,0.0,Longo da via,Bom,Sem defeito,Perfeito estado,Seca,Perfeito estado,Faixa de pedestre,Não há placas,60.0,Única,Faixa contínua,Não informado,2020,10,3,5,10.0
2020-10-03,14:16:00,COM VÍTIMA,FINALIZADA,CORDEIRO,AV GENERAL SAN MARTIN,RUA GOMES TABORDA,PROX AO POSTO DE GASOLINA MULTI POSTO,CORDEIRO,CIDADE,ABALROAMENTO TRANSVERSAL,COLISÃO MOTO X MOTO- UM CONDUTOR SOCORRIDO PELO SAMU,1.0,2.0,0.0,0.0,0.0,0.0,0.0,0.0,0.0,1.0,0.0,Longo da via,Bom,Sem defeito,Perfeito estado,Seca,Perfeito estado,Faixa de pedestre,R-6a,60.0,Dupla,Faixa contínua,Não informado,2020,10,3,5,14.0
2020-10-03,16:45:00,COM VÍTIMA,FINALIZADA,CAJUEIRO,RUA COUTO SOARES,RUA NOVA JALES,PROX AO TERMINAL DE ONIBUS CAJUEIRO NA SUBIDA DA LADEIRA,CAJUEIRO,SUBURBIO,COLISÃO FRONTAL,MOTO X CARRO,1.0,1.0,0.0,0.0,0.0,0.0,0.0,0.0,0.0,1.0,0.0,Cruzamento,Bom,Não existe,Não existente,Seca,Perfeito estado,Não existe,Não há placas,60.0,Dupla,Não existe,Não informado,2020,10,3,5,16.0
2020-10-03,19:52:00,SEM VÍTIMA,CANCELADA,COHAB,AV CAMPO VERDE,Não informado,PROXIMO DA ASSEMBLEIA DE DEUS- PROXIMO DA KITANDA SANTO ANTÔNIO,COHAB,Não informado,CHOQUE,AUTO CHOCOU-SE CONTRA O MURO DE UMA RESIDÊNCIA DERRUBANDO O MESMO ( MOTORISTA APRESENTA SINTOMAS DE EMBRIAGREZ),1.0,1.0,0.0,0.0,0.0,0.0,0.0,0.0,0.0,0.0,0.0,Não informado,Não informado,Não informado,Não informado,Não informado,Não informado,Não informado,Não informado,60.0,Não informado,Não informado,Não informado,2020,10,3,5,19.0
2020-10-04,07:16:00,COM VÍTIMA,FINALIZADA,SÃO JOSÉ,VDO DAS CINCO PONTAS,Não informado,SOBRE O VIADUTO. AO LADO DO FORTE.,SÃO JOSÉ,SUBURBIO,CHOQUE OBJETO FIXO,MOTOCICLETA COLIDIU NA MURETA E CAIU NA VIA.,1.0,1.0,0.0,0.0,0.0,0.0,0.0,0.0,0.0,1.0,0.0,Viaduto,Bom,Não existe,Não existente,Seca,Mal conservada,Não existe,Não há placas,60.0,Única,Não existe,Não informado,2020,10,4,6,7.0
2020-10-04,13:50:00,COM VÍTIMA,FINALIZADA,CAMPO GRANDE,RUA ODORICO MENDES,Não informado,EM FRENTE AO SUPERMERCADO STYLLUS,CAMPO GRANDE,SUBURBIO,COLISÃO FRONTAL,COM VÍTIMA,1.0,1.0,0.0,0.0,0.0,0.0,0.0,0.0,0.0,1.0,0.0,Longo da via,Bom,Não existe,Perfeito estado,Seca,Perfeito estado,Não existe,Não informado,60.0,Dupla,Faixa seccionada,Não informado,2020,10,4,6,13.0
2020-10-04,14:31:00,COM VÍTIMA,FINALIZADA,JARDIM SÃO PAULO,AV RECIFE,RUA SENADOR ALBERTO PASQUALINI,EM FRENTE A ESQUINA DO GALETO/ SENTIDO CENTRO,JARDIM SÃO PAULO,AEROPORTO,COLISÃO COM CICLISTA,COLISÃO COM VÍTIMA,1.0,1.0,0.0,1.0,0.0,0.0,0.0,0.0,0.0,1.0,0.0,Cruzamento,Bom,Sem defeito,Perfeito estado,Seca,Perfeito estado,Faixa de pedestre,R-6a,60.0,Dupla,Canteiro central,Não informado,2020,10,4,6,14.0
2020-10-04,17:13:00,SEM VÍTIMA,FINALIZADA,MACAXEIRA,AV VEREADOR OTACILIO AZEVEDO,Não informado,PROX A DELEGACIA DA MACAXEIRA,MACAXEIRA,Não informado,COLISÃO,COLISAO ENTRE AUTOS UM DOS CONDUTORES ESTA COM SITOMAS DE EMBRIAGUEZ,3.0,1.0,0.0,0.0,0.0,0.0,0.0,0.0,0.0,0.0,0.0,Não informado,Não informado,Não informado,Não informado,Não informado,Não informado,Não informado,Não informado,60.0,Não informado,Não informado,Não informado,2020,10,4,6,17.0
2020-10-04,21:17:00,COM VÍTIMA,FINALIZADA,BOA VIAGEM,RUA PARIS,Não informado,PRÓX A FACULDADE BV,BOA VIAGEM,CIDADE,ABALROAMENTO LONGITUDINAL,MOTO X AUTO. C/V,1.0,1.0,0.0,0.0,0.0,0.0,0.0,0.0,0.0,1.0,0.0,Longo da via,Bom,Sem defeito,Ilegível,Seca,Mal iluminada,Não existe,Não há placas,60.0,Dupla,Faixa contínua,Não informado,2020,10,4,6,21.0
2020-10-05,08:13:00,COM VÍTIMA,FINALIZADA,ARRUDA,AV PROFESSOR JOSE DOS ANJOS,Não informado,EM BAIXO DA ESTRUTURA DO ESTADIO DO ARRUDA / PROX DO BOMPREÇO DA AV BEBERIBE,ARRUDA,SUBURBIO,COLISÃO COM CICLISTA,COLISAO AUTO E BICICLETA,1.0,1.0,0.0,1.0,0.0,0.0,0.0,0.0,0.0,1.0,0.0,Longo da via,Chuvoso,Não existe,Perfeito estado,Seca,Perfeito estado,Não existe,R-6a,60.0,Única,Faixa seccionada,Não informado,2020,10,5,0,8.0
2020-10-05,08:27:00,COM VÍTIMA,FINALIZADA,ARRUDA,RUA RAMIZ GALVAO,RUA RAUL POMPEIA,RUA DA FEIRA DO ARRUDA. EM FRENTE AO RESTAURANTE MISTUREBA.,ARRUDA,CIDADE,ABALROAMENTO LONGITUDINAL,COM DUAS VITIMAS AGUARDANDO SAMU,1.0,1.0,0.0,0.0,0.0,0.0,0.0,0.0,0.0,2.0,0.0,Cruzamento,Bom,Não existe,Perfeito estado,Seca,Perfeito estado,Faixa de pedestre,Placas Pare,30.0,Não informado,Faixa seccionada,Não informado,2020,10,5,0,8.0
2020-10-05,11:27:00,COM VÍTIMA,FINALIZADA,IBURA,RUA DOZE DE JUNHO,Não informado,EM FRENTE AO RESIDENCIAL CAIQUE.,IBURA,Não informado,ABALROAMENTO LONGITUDINAL,COLISÃO C/VITIMA ENTRE UM ONIBUS E UMA MOTO,1.0,1.0,0.0,0.0,0.0,1.0,0.0,0.0,0.0,1.0,0.0,Longo da via,Bom,Não existe,Perfeito estado,Seca,Perfeito estado,Não existe,Não há placas,60.0,Dupla,Faixa seccionada,Não informado,2020,10,5,0,11.0
2020-10-05,17:44:00,COM VÍTIMA,FINALIZADA,MADALENA,RUA LOPES DE CARVALHO,AV VISCONDE DE ALBUQUERQUE,E/F A MADALENA CENTER,MADALENA,Não informado,ABALROAMENTO LONGITUDINAL,COLISAO ENTRE MOTO E AUTO COM VITIMA,1.0,1.0,0.0,0.0,0.0,0.0,0.0,0.0,0.0,1.0,0.0,Cruzamento,Bom,Não existe,Perfeito estado,Seca,Perfeito estado,Não informado,Placas Pare,60.0,Única,Não existe,Não informado,2020,10,5,0,17.0
2020-10-05,20:14:00,COM VÍTIMA,FINALIZADA,JARDIM SÃO PAULO,RUA LEANDRO BARRETO,Não informado,PROXIMO DO GALETOS E CIA- PROXIMO DE NATTOS DOCES E SALGADOS- PROXIMO DA IGREJA DE JESUS CRISTO,JARDIM SÃO PAULO,CIDADE,COLISÃO COM CICLISTA,COLISÃO ENTRE ÔNIBUS E BICICLETA C/V,1.0,1.0,0.0,1.0,0.0,1.0,0.0,0.0,0.0,1.0,0.0,Longo da via,Bom,Não existe,Perfeito estado,Seca,Perfeito estado,Não existe,Não há placas,40.0,Dupla,Faixa seccionada,Não informado,2020,10,5,0,20.0
2020-10-05,22:39:00,COM VÍTIMA,CANCELADA,VASCO DA GAMA,AV NORTE,LGO DOM LUIZ,EM FRENTE AO NORTE PET,VASCO DA GAMA,Não informado,COLISÃO,COLISÃO ENTRE DUAS MOTOS C/V,1.0,2.0,0.0,0.0,0.0,0.0,0.0,0.0,0.0,3.0,0.0,Não informado,Não informado,Não informado,Não informado,Não informado,Não informado,Não informado,Não informado,60.0,Não informado,Não informado,Não informado,2020,10,5,0,22.0
2020-10-06,07:39:00,SEM VÍTIMA,CANCELADA,JORDÃO,RUA PROFESSORA ARCELINA CAMARA,Não informado,NA SUBIDA DO ALTO  DA JAQUEIRA AO LADO DA ACADEMIA TOP FIT,JORDÃO,Não informado,CHOQUE,MOTORISTA CHOCOU SE CONTRA OUTRO VEICULO EM SEGUIDA SE EVADIU DO LOCAL,1.0,1.0,0.0,0.0,0.0,0.0,0.0,0.0,0.0,0.0,0.0,Não informado,Não informado,Não informado,Não informado,Não informado,Não informado,Não informado,Não informado,60.0,Não informado,Não informado,Não informado,2020,10,6,1,7.0
2020-10-06,07:48:00,COM VÍTIMA,CANCELADA,BARRO,AV DR JOSE RUFINO,Não informado,AO LADO DA IGREJA DO BARRO / CATOLICA,BARRO,Não informado,COLISÃO,COLISÃO COM VITIMA/ AGUARDANDO O SAMU NO LOCAL,1.0,1.0,0.0,0.0,0.0,0.0,0.0,0.0,0.0,1.0,0.0,Não informado,Não informado,Não informado,Não informado,Não informado,Não informado,Não informado,Não informado,60.0,Não informado,Não informado,Não informado,2020,10,6,1,7.0
2020-10-06,09:04:00,COM VÍTIMA,FINALIZADA,IBURA,AV DOM HELDER CAMARA,Não informado,IBURA DE BAIXO. CAPOTARIA VICTOR.,IBURA,CIDADE,ABALROAMENTO LONGITUDINAL,COLISÃO COM VITIMA GM PETERSON QTH,1.0,1.0,0.0,0.0,0.0,0.0,0.0,0.0,0.0,1.0,0.0,Longo da via,Bom,Não existe,Perfeito estado,Seca,Perfeito estado,Não existe,Outras,40.0,Dupla,Canteiro central,Não informado,2020,10,6,1,9.0
2020-10-06,09:45:00,COM VÍTIMA,FINALIZADA,IPSEP,RUA PROFESSOR JOSE VICENTE,RUA SAO NICOLAU,PRÓXIMO A LOJA DE VEÍCULOS V8 MULT IMARCAS,IPSEP,SUBURBIO,ABALROAMENTO LONGITUDINAL,COLISÃO COM VITIMAS SOCORRIDAS  PELO S BOMBEIROS,1.0,1.0,0.0,0.0,0.0,0.0,1.0,0.0,0.0,2.0,0.0,Longo da via,Bom,Não existe,Perfeito estado,Seca,Perfeito estado,Outros,Outras,60.0,Única,Faixa seccionada,Não informado,2020,10,6,1,9.0
2020-10-06,12:04:00,COM VÍTIMA,FINALIZADA,ÁGUA FRIA,AV BEBERIBE,Não informado,E/F A FARMACIA PAGUE MENOS LADO OPOSTO AO MERCADO DE AGUA FRIA,ÁGUA FRIA,CIDADE,ATROPELAMENTO,ATROPELAMENTO DE AUTO E PEDESTRE VT 31 NO LOCAL,1.0,1.0,0.0,0.0,1.0,0.0,0.0,0.0,0.0,1.0,0.0,Longo da via,Bom,Não existe,Perfeito estado,Seca,Perfeito estado,Não informado,Outras,60.0,Dupla,Faixa contínua,Não informado,2020,10,6,1,12.0
2020-10-06,12:07:00,COM VÍTIMA,FINALIZADA,IMBIRIBEIRA,AV GENERAL MAC ARTHUR,Não informado,AO LADO DA ESTAÇAO DO METRO E/F A IGREJA ASSEMBLEIA DE DEUS,IMBIRIBEIRA,OESTE,ABALROAMENTO LONGITUDINAL,COLISAO ENTRE AUTO E MOTO COM UMA VITIMA,1.0,1.0,0.0,0.0,0.0,0.0,0.0,0.0,0.0,1.0,0.0,Cruzamento,Bom,Não existe,Perfeito estado,Seca,Perfeito estado,Não existe,Não há placas,60.0,Única,Faixa seccionada,Não informado,2020,10,6,1,12.0
2020-10-06,14:34:00,COM VÍTIMA,FINALIZADA,MADALENA,AV VISCONDE DE ALBUQUERQUE,RUA JANUARIO BARBOSA,EM FRENTE A PRAÇA DE EÇA DE QUEIROZ,MADALENA,SUBURBIO,ABALROAMENTO TRANSVERSAL,COLISÃO COM VÍTIMA,1.0,1.0,0.0,0.0,0.0,1.0,0.0,0.0,0.0,2.0,0.0,Cruzamento,Bom,Não existe,Perfeito estado,Seca,Perfeito estado,Não existe,Placas Pare,60.0,Única,Faixa seccionada,Não informado,2020,10,6,1,14.0
2020-10-06,16:06:00,SEM VÍTIMA,FINALIZADA,Não informado,AV CENTRAL,RUA LOURENCO DE SA,EM FRENTE AO COMPAZ DO COQUE,Não informado,SUBURBIO,CHOQUE VEÍCULO PARADO,COLISÃO COM VT DA GCM,1.0,1.0,0.0,0.0,0.0,0.0,0.0,0.0,0.0,0.0,0.0,Longo da via,Bom,Não existe,Não existente,Seca,Mal conservada,Não existe,Não há placas,30.0,Dupla,Não existe,Não informado,2020,10,6,1,16.0
2020-10-06,18:26:00,COM VÍTIMA,CANCELADA,JORDÃO,AV DONA CARENTINA,Não informado,ENF. A CARENTINA BIKE,JORDÃO,Não informado,COLISÃO,DUAS MOTOS    OBS:VITIMA AGUARDANDO SAMU,1.0,2.0,0.0,0.0,0.0,0.0,0.0,0.0,0.0,1.0,0.0,Não informado,Não informado,Não informado,Não informado,Não informado,Não informado,Não informado,Não informado,60.0,Não informado,Não informado,Não informado,2020,10,6,1,18.0
2020-10-06,19:13:00,SEM VÍTIMA,FINALIZADA,CAMPO GRANDE,AV PROFESSOR JOSE DOS ANJOS,RUA FARIAS NEVES,Não informado,CAMPO GRANDE,SUBURBIO,ABALROAMENTO LONGITUDINAL,ENTRE 2 AUTOS. S/V ( O USUÁRIO QUE CAUSOU A COLISÃO- ESTA ALCOOLIZADO,2.0,1.0,0.0,0.0,0.0,0.0,0.0,0.0,0.0,0.0,0.0,Cruzamento,Bom,Não existe,Perfeito estado,Seca,Perfeito estado,Não existe,Não há placas,60.0,Única,Faixa contínua,Não informado,2020,10,6,1,19.0
2020-10-06,20:06:00,COM VÍTIMA,FINALIZADA,ESPINHEIRO,AV GOVERNADOR AGAMENON MAGALHAES,AV JOAO DE BARROS,SOB O VIADUTO INDEPENDÊNCIA.,ESPINHEIRO,SUBURBIO,TOMBAMENTO,ACIDENTE DE PERCURSO C/VITIMA,1.0,1.0,0.0,0.0,0.0,0.0,0.0,0.0,0.0,1.0,0.0,Longo da via,Bom,Sem defeito,Perfeito estado,Seca,Perfeito estado,Não existe,Não há placas,60.0,Única,Não existe,Não informado,2020,10,6,1,20.0
2020-10-07,08:37:00,COM VÍTIMA,FINALIZADA,PINA,AV ANTONIO DE GOES,Não informado,NA SAÍDA DO TUNEL DA VIA MANGUE (PISTA LESTE),PINA,CIDADE,COLISÃO TRASEIRA,COLISÃO C/VITIMA ENTRE UM AUTO E UMA MOTO,1.0,1.0,0.0,0.0,0.0,0.0,0.0,0.0,0.0,1.0,0.0,Cruzamento,Bom,Sem defeito,Perfeito estado,Seca,Perfeito estado,Faixa de pedestre,Não há placas,60.0,Única,Faixa contínua,Não informado,2020,10,7,2,8.0
2020-10-07,10:47:00,COM VÍTIMA,FINALIZADA,IPUTINGA,AV MAURICIO DE NASSAU,RUA LAVRAS DO SUL,EM FRENTE AO REI DO BOLO E SUPERMERCADO RENDE MAIS.,IPUTINGA,CIDADE,ABALROAMENTO LONGITUDINAL,COM UMA VITIMA AGUARDANDO SAMU,1.0,1.0,0.0,0.0,0.0,0.0,0.0,0.0,0.0,1.0,0.0,Esquina,Bom,Sem defeito,Perfeito estado,Seca,Perfeito estado,Outros,Outras,40.0,Dupla,Não existe,Não informado,2020,10,7,2,10.0
2020-10-07,11:27:00,COM VÍTIMA,FINALIZADA,CORDEIRO,RUA TIJUCA,RUA TABATINGA,EM FRENTE DO RESTAURANTE JOAO DA CARNE DE SOL,CORDEIRO,SUBURBIO,ABALROAMENTO LONGITUDINAL,DUAS MOTOS / UMA DAS MOTOS AINDA NAO FOI EMPLACADA,1.0,2.0,0.0,0.0,0.0,0.0,0.0,0.0,0.0,1.0,0.0,Cruzamento,Bom,Não existe,Perfeito estado,Seca,Perfeito estado,Não existe,Placas Pare,60.0,Dupla,Não informado,Não informado,2020,10,7,2,11.0