data,hora,natureza_acidente,situacao,bairro,endereco,detalhe_endereco_acidente,complemento,bairro_cruzamento,sentido_via,tipo,descricao,auto,moto,ciclom,ciclista,pedestre,onibus,caminhao,viatura,outros,vitimas,vitimasfatais,acidente_verificado,tempo_clima,situacao_semaforo,sinalizacao,condicao_via,conservacao_via,ponto_controle,situacao_placa,velocidade_max_via,mao_direcao,divisao_via1,natureza,ano,mes,dia,dia_semana,hora_ocorrencia
2020-10-07,12:51:00,SEM VÍTIMA,FINALIZADA,BOA VIAGEM,AV BOA VIAGEM,RUA JEAN MERMOZ,ED. PARQUE AVENIDA LIVING,BOA VIAGEM,CIDADE,COLISÃO TRASEIRA,Não informado,2.0,1.0,0.0,0.0,0.0,0.0,0.0,0.0,0.0,0.0,0.0,Longo da via,Bom,Sem defeito,Perfeito estado,Seca,Perfeito estado,Não existe,Não há placas,60.0,Única,Faixa contínua,Não informado,2020,10,7,2,12.0
2020-10-07,13:13:00,COM VÍTIMA,FINALIZADA,BOA VIAGEM,AV ENGENHEIRO DOMINGOS FERREIRA,Não informado,EM FRENTE A ACADEMIA HI,BOA VIAGEM,SUBURBIO,COLISÃO TRASEIRA,COLISÃO CARRO X MOTO / AGENTE DECIO E IGOR NO LOCAL,1.0,1.0,0.0,0.0,0.0,0.0,0.0,0.0,0.0,1.0,0.0,Longo da via,Bom,Não existe,Perfeito estado,Seca,Perfeito estado,Não existe,Não informado,60.0,Única,Faixa seccionada,Não informado,2020,10,7,2,13.0
2020-10-07,13:21:00,COM VÍTIMA,FINALIZADA,IPUTINGA,AV MAURICIO DE NASSAU,RUA ODILON ARAUJO,EM FRENTE A PADARIA E PASTELARIA ATLANTICA,IPUTINGA,SUBURBIO,COLISÃO COM CICLISTA,COLISÃO CARRO X CICLISTA,1.0,1.0,0.0,1.0,0.0,0.0,0.0,0.0,0.0,1.0,0.0,Longo da via,Bom,Não existe,Perfeito estado,Seca,Perfeito estado,Outros,R-6a,40.0,Dupla,Faixa seccionada,Não informado,2020,10,7,2,13.0
2020-10-07,14:07:00,COM VÍTIMA,FINALIZADA,IPSEP,RUA VIRGINIA HERACLIO,RUA LANDELINO CAMARA,PROX A OFICINA DINAMICAR,IPSEP,SUBURBIO,ABALROAMENTO TRANSVERSAL,COLISAO ENTRE AUTO E MOTO COM VITIMAS,1.0,1.0,0.0,0.0,0.0,0.0,0.0,0.0,0.0,1.0,0.0,Cruzamento,Bom,Não existe,Não existente,Seca,Perfeito estado,Não existe,Não há placas,60.0,Dupla,Não existe,Não informado,2020,10,7,2,14.0
2020-10-07,15:56:00,COM VÍTIMA,FINALIZADA,BOA VISTA,RUA JOSE DE ALENCAR,RUA BARAO DE SAO BORJA,PROX AO HOTEL BOA VISTA,BOA VISTA,CIDADE,ABALROAMENTO TRANSVERSAL,CARRO X CARRO,2.0,1.0,0.0,0.0,0.0,0.0,0.0,0.0,0.0,1.0,0.0,Longo da via,Bom,Não existe,Perfeito estado,Seca,Perfeito estado,Não existe,Não há placas,60.0,Única,Não existe,Não informado,2020,10,7,2,15.0
2020-10-07,18:59:00,COM VÍTIMA,FINALIZADA,CASA AMARELA,AV NORTE,Não informado,PRÓXIMO A ESCOLA MUNICIPAL ROSEMAR DE MACEDO LIMA,CASA AMARELA,SUBURBIO,ABALROAMENTO LONGITUDINAL,MOTO / AUTO / CAMINHÃO,1.0,1.0,0.0,0.0,0.0,0.0,1.0,0.0,0.0,1.0,0.0,Longo da via,Bom,Não informado,Perfeito estado,Seca,Perfeito estado,Não informado,Não informado,60.0,Dupla,Canteiro central,Não informado,2020,10,7,2,18.0
2020-10-07,20:18:00,COM VÍTIMA,FINALIZADA,IBURA,AV RIO LARGO,Não informado,PRÓX A PROAB // NO SOBE/DESCE DO IBURA,IBURA,SUBURBIO,ATROPELAMENTO,ATROPELAMENTO DE PEDESTRE,1.0,1.0,0.0,0.0,1.0,1.0,0.0,0.0,0.0,1.0,0.0,Longo da via,Chuvoso,Não existe,Perfeito estado,Molhada,Perfeito estado,Outros,Outras,60.0,Dupla,Faixa,Não informado,2020,10,7,2,20.0
2020-10-07,21:10:00,COM VÍTIMA,FINALIZADA,CASA AMARELA,RUA DA HARMONIA,RUA CONS NABUCO,AO LADO DA MERCEARIA NABUCO- AO LADO DA PIZZARIA HEROES,CASA AMARELA,SUBURBIO,COLISÃO FRONTAL,COLISÃO ENTRE AUTO E MOTO C/V,1.0,1.0,0.0,0.0,0.0,0.0,0.0,0.0,0.0,1.0,0.0,Cruzamento,Bom,Não existe,Perfeito estado,Seca,Perfeito estado,Não existe,Não há placas,60.0,Dupla,Faixa contínua,Não informado,2020,10,7,2,21.0
2020-10-07,22:30:00,SEM VÍTIMA,FINALIZADA,MACAXEIRA,AV NORTE,Não informado,PRÓX A INTEGRAÇÃO DA MACAXEIRA,MACAXEIRA,Não informado,COLISÃO,COLISÃO ENTRE CAMINHÃO E VEÍCULO OFICIAL DO TRIBUNAL DE JUSTIÇA- SEM VÍTIMAS,1.0,1.0,0.0,0.0,0.0,0.0,1.0,0.0,0.0,0.0,0.0,Longo da via,Bom,Não existe,Perfeito estado,Seca,Perfeito estado,Não existe,Não há placas,60.0,Única,Faixa seccionada,Não informado,2020,10,7,2,22.0
2020-10-08,08:18:00,COM VÍTIMA,FINALIZADA,IPUTINGA,RUA DR NINA RODRIGUES,RUA CORDISLANDIA,RESIDENCIA  NA RUA DO BANCO SANTANDER,IPUTINGA,Não informado,ABALROAMENTO LONGITUDINAL,COLISÃO COM VITIMA,1.0,1.0,0.0,0.0,0.0,0.0,0.0,0.0,0.0,1.0,0.0,Cruzamento,Bom,Não existe,Perfeito estado,Seca,Perfeito estado,Não existe,Placas Pare,30.0,Não informado,Não informado,Não informado,2020,10,8,3,8.0
2020-10-08,08:25:00,COM VÍTIMA,FINALIZADA,VÁRZEA,RUA GENERAL POLIDORO,Não informado,PROX AO RESIDENCIAL RESERVA POLIDORO,VÁRZEA,SUBURBIO,ABALROAMENTO TRANSVERSAL,COLISÃO COM VITIMA VT 25 QTH,1.0,1.0,0.0,0.0,0.0,0.0,0.0,0.0,0.0,1.0,0.0,Longo da via,Bom,Não existe,Perfeito estado,Seca,Perfeito estado,Não existe,Não há placas,60.0,Dupla,Faixa contínua,Não informado,2020,10,8,3,8.0
2020-10-08,09:43:00,COM VÍTIMA,FINALIZADA,BOA VIAGEM,AV MARECHAL MASCARENHAS DE MORAES,Não informado,NO SENTIDO CIDADE EM FRENTE AO PREDIO DA JUSTIÇA FEDERAL,BOA VIAGEM,CIDADE,ABALROAMENTO LONGITUDINAL,COLISÃO COM VITIMA,1.0,1.0,0.0,0.0,0.0,0.0,0.0,0.0,0.0,1.0,0.0,Longo da via,Bom,Não existe,Perfeito estado,Seca,Perfeito estado,Não informado,Não informado,60.0,Dupla,Canteiro central,Não informado,2020,10,8,3,9.0
2020-10-08,10:02:00,COM VÍTIMA,FINALIZADA,IPSEP,RUA JAMAICA,RUA ITAJAI,PROX. DO BANCO ITAÚ- NO RETORNO DA IMBIRIBEIRA BOA VIAGEM. IGREJA PRESBITERIANA DO BRASIL.,IPSEP,CIDADE,COLISÃO FRONTAL,COM VITIMA,2.0,1.0,0.0,0.0,0.0,0.0,0.0,0.0,0.0,2.0,0.0,Cruzamento,Bom,Não existe,Perfeito estado,Seca,Perfeito estado,Faixa de pedestre,Outras,60.0,Única,Faixa contínua,Não informado,2020,10,8,3,10.0
2020-10-08,10:33:00,COM VÍTIMA,FINALIZADA,MADALENA,AV JOSE GONCALVES DE MEDEIROS,Não informado,EM FRENTE A LOJA BYE BYE VESTIDOS. LADO OPOSTO À MEU IPHONE ASSISTÊNCIA TÉCNICA.,MADALENA,CIDADE,COLISÃO TRASEIRA,COLISÃO COM VITIMA,1.0,1.0,0.0,0.0,0.0,0.0,0.0,0.0,0.0,1.0,0.0,Longo da via,Bom,Não existe,Perfeito estado,Seca,Perfeito estado,Não informado,R-6a,40.0,Dupla,Faixa contínua,Não informado,2020,10,8,3,10.0
2020-10-08,12:26:00,COM VÍTIMA,FINALIZADA,PARNAMIRIM,RUA FERREIRA LOPES,Não informado,E/F AO CONSULADO CHINES,PARNAMIRIM,SUBURBIO,ABALROAMENTO LONGITUDINAL,COLISAO ENTRE AUTO E MOTO COM UMA VITIMA,1.0,1.0,0.0,0.0,0.0,0.0,0.0,0.0,0.0,1.0,0.0,Longo da via,Bom,Não existe,Perfeito estado,Seca,Perfeito estado,Não existe,Outras,30.0,Dupla,Faixa seccionada,Não informado,2020,10,8,3,12.0
2020-10-08,12:49:00,COM VÍTIMA,FINALIZADA,BOA VIAGEM,AV ENGENHEIRO DOMINGOS FERREIRA,RUA PROFESSOR JOSE BRANDAO,AO LADO DA FARMACIA INDEPENDENTE,BOA VIAGEM,Não informado,COLISÃO,COLISAO ENTRE DUAS MOTOS COM UMA VITIMA,1.0,2.0,0.0,0.0,0.0,0.0,0.0,0.0,0.0,1.0,0.0,Cruzamento,Bom,Sem defeito,Perfeito estado,Seca,Perfeito estado,Faixa de pedestre,Não há placas,60.0,Não informado,Canteiro central,Não informado,2020,10,8,3,12.0
2020-10-08,20:12:00,SEM VÍTIMA,FINALIZADA,IMBIRIBEIRA,VIADUTO TANCREDO NEVES,Não informado,SENTIDO DA INTEGRAÇAO TANCREDO NEVES,IMBIRIBEIRA,Não informado,COLISÃO,VEICULO E MOTO OBS: SEM VITIMA POREM VEICULO DEIXOU RASTROS DE OLEO NA PISTA,1.0,1.0,0.0,0.0,0.0,0.0,0.0,0.0,0.0,0.0,0.0,Não informado,Não informado,Não informado,Não informado,Não informado,Não informado,Não informado,Não informado,60.0,Não informado,Não informado,Não informado,2020,10,8,3,20.0
2020-10-09,13:13:00,SEM VÍTIMA,FINALIZADA,BOA VIAGEM,AV DES JOSE NEVES,Não informado,APOIS O TUNEL,BOA VIAGEM,JABOATAO,COLISÃO,COLISAO DE DOIS AUTOS S/V COM SUSPEITA DE ALCOOLEMIA,1.0,1.0,0.0,0.0,0.0,0.0,1.0,0.0,0.0,0.0,0.0,Não informado,Não informado,Não informado,Não informado,Não informado,Não informado,Não informado,Não informado,60.0,Não informado,Não informado,Não informado,2020,10,9,4,13.0
2020-10-09,13:27:00,SEM VÍTIMA,FINALIZADA,SÃO JOSÉ,AV MARTINS DE BARROS,Não informado,E/F AO CAIS DE SANTA RITA,SÃO JOSÉ,Não informado,COLISÃO,COLISAO DE DOIS AUTOS E UMA MOTO S/V ( CIVIC CARRO OFICIAL),2.0,1.0,0.0,0.0,0.0,0.0,0.0,0.0,0.0,0.0,0.0,Não informado,Não informado,Não informado,Não informado,Não informado,Não informado,Não informado,Não informado,60.0,Não informado,Não informado,Não informado,2020,10,9,4,13.0
2020-10-09,13:47:00,COM VÍTIMA,FINALIZADA,SANTO ANTÔNIO,RUA VINTE E QUATRO DE MAIO,Não informado,PROX A AGENCIA DOS CORREIOS,SANTO ANTÔNIO,Não informado,COLISÃO COM CICLISTA,AUTO E CICLISTA COM VITIMAS,1.0,1.0,0.0,1.0,0.0,0.0,0.0,0.0,0.0,1.0,0.0,Não informado,Não informado,Não informado,Não informado,Não informado,Não informado,Não informado,Não informado,60.0,Não informado,Não informado,Não informado,2020,10,9,4,13.0
2020-10-09,17:23:00,COM VÍTIMA,FINALIZADA,BOA VIAGEM,AV CONSELHEIRO AGUIAR,RUA PROFESSOR OSIAS RIBEIRO,E/F AO SUPERMECARDO MINUTO,BOA VIAGEM,SUBURBIO,ABALROAMENTO TRANSVERSAL,COLISAO ENTRE DOIS AUTOS COM VITIMAS,2.0,1.0,0.0,0.0,0.0,0.0,0.0,0.0,0.0,1.0,0.0,Cruzamento,Bom,Não existe,Não informado,Seca,Perfeito estado,Outros,Outras,60.0,Única,Faixa seccionada,Não informado,2020,10,9,4,17.0
2020-10-09,19:14:00,COM VÍTIMA,FINALIZADA,CORDEIRO,RUA ODETE MONTEIRO,Não informado,PROX AO GOE,CORDEIRO,CIDADE,COLISÃO COM CICLISTA,COLISAO ENTRE MOTO E BICICLETA,1.0,1.0,0.0,1.0,0.0,0.0,0.0,0.0,0.0,1.0,0.0,Longo da via,Bom,Não existe,Perfeito estado,Seca,Perfeito estado,Não informado,Não há placas,60.0,Dupla,Faixa contínua,Não informado,2020,10,9,4,19.0
2020-10-09,21:48:00,COM VÍTIMA,CANCELADA,LINHA DO TIRO,RUA URIEL DE HOLANDA,Não informado,PROX AO ARMAZEN SHALON,LINHA DO TIRO,Não informado,COLISÃO,COLISAO DE AUTO E MOTO COM VITIMAS,1.0,1.0,0.0,0.0,0.0,0.0,0.0,0.0,0.0,1.0,0.0,Não informado,Não informado,Não informado,Não informado,Não informado,Não informado,Não informado,Não informado,60.0,Não informado,Não informado,Não informado,2020,10,9,4,21.0
2020-10-10,03:55:00,SEM VÍTIMA,CANCELADA,SAN MARTIN,AV GENERAL SAN MARTIN,Não informado,PRÓXIMO AO BAR DO REGI E A ESCOLA ADVENTISTA,SAN MARTIN,Não informado,CHOQUE VEÍCULO PARADO,CAMINHÃO SE CHOCOU CONTRA O VEÍCULO ESTACIONADO. O CONDUTOR DO CAMINHÃO- SEGUNDO INFORMAÇÕES- ESTÁ COM SUSPEITA DE EMBRIAGUEZ,1.0,1.0,0.0,0.0,0.0,0.0,1.0,0.0,0.0,0.0,0.0,Não informado,Não informado,Não informado,Não informado,Não informado,Não informado,Não informado,Não informado,60.0,Não informado,Não informado,Não informado,2020,10,10,5,3.0
2020-10-10,09:25:00,COM VÍTIMA,FINALIZADA,BOA VIAGEM,AV FERNANDO SIMOES BARBOSA,RUA JACK AYRES,EM FRENTE  AO POSTO DE GASOLINA IPIRANGA. WECON VI EMPRESARIAL CENTER,BOA VIAGEM,SUBURBIO,ABALROAMENTO LONGITUDINAL,COLISÃO COM VITIMA A ESPERA DO SAMU. UMA DAS PARTES SE EVADIU DO LOCAL DO ACIDENTE.,1.0,1.0,0.0,0.0,0.0,0.0,0.0,0.0,1.0,1.0,0.0,Longo da via,Bom,Sem defeito,Perfeito estado,Seca,Perfeito estado,Não existe,Outras,60.0,Dupla,Canal,Não informado,2020,10,10,5,9.0
2020-10-10,15:45:00,COM VÍTIMA,CANCELADA,IPSEP,AV SENADOR ROBERT KENNEDY,Não informado,E/F AO TERMINAL DE ONIBUS VILA DA SUDENE,IPSEP,Não informado,COLISÃO,COLISAO ENTRE AUTO E MOTO COM UMA VITIMA,1.0,1.0,0.0,0.0,0.0,0.0,0.0,0.0,0.0,1.0,0.0,Não informado,Não informado,Não informado,Não informado,Não informado,Não informado,Não informado,Não informado,60.0,Não informado,Não informado,Não informado,2020,10,10,5,15.0
2020-10-10,16:07:00,COM VÍTIMA,FINALIZADA,ENGENHO DO MEIO,RUA GOVERNADOR LOPO GARRO,RUA LINDOLFO COLOR,EM FRENTE AO EDIFICIO PARQUE DOS NOBRES,ENGENHO DO MEIO,SUBURBIO,ABALROAMENTO TRANSVERSAL,COLISÃO COM VÍTIMA,1.0,1.0,0.0,0.0,0.0,0.0,0.0,0.0,0.0,1.0,0.0,Cruzamento,Bom,Não existe,Perfeito estado,Seca,Perfeito estado,Faixa de retenção,Placas Pare,30.0,Dupla,Faixa contínua,Não informado,2020,10,10,5,16.0
2020-10-10,16:48:00,SEM VÍTIMA,CANCELADA,JORDÃO,RUA ALBERTO LUNDGREN,Não informado,E/F AO SUPERMERCADO BALAIO NO JORDAO BAIXO,JORDÃO,Não informado,COLISÃO,COLISÃO SEM VÍTIMA/ CONDUTOR COM SUSPEITA DE EMBRIAGUEZ,2.0,1.0,0.0,0.0,0.0,0.0,0.0,0.0,0.0,0.0,0.0,Não informado,Não informado,Não informado,Não informado,Não informado,Não informado,Não informado,Não informado,60.0,Não informado,Não informado,Não informado,2020,10,10,5,16.0
2020-10-10,18:50:00,COM VÍTIMA,FINALIZADA,TEJIPIÓ,AV DR JOSE RUFINO,Não informado,PRÓX AO TERMINAL DE ÔNIBUS- APÓS A BR. SNT JABOATÃO,TEJIPIÓ,CIDADE,TOMBAMENTO,MOTORISTA CAIU COM A MOTO- DEVIDO AO BURACO NO MEIO DA VIA. SEGUNDO O USUÁRIO- O MESMO LESIONOU CLAVÍCULA E ESTA AGUARDANDO O SAMU.,1.0,1.0,0.0,0.0,0.0,0.0,0.0,0.0,0.0,1.0,0.0,Viaduto,Bom,Sem defeito,Incompleta,Seca,Mal iluminada,Não existe,Outras,60.0,Dupla,Faixa contínua,Não informado,2020,10,10,5,18.0
2020-10-11,13:26:00,COM VÍTIMA,FINALIZADA,ESPINHEIRO,RUA DO ESPINHEIRO,RUA TAMARA,EM FRENTE AO DROGASIL,ESPINHEIRO,Não informado,COLISÃO,CARRO X MOTO / CARRO SE EVADIU DO LOCAL,1.0,1.0,0.0,0.0,0.0,0.0,0.0,0.0,0.0,1.0,0.0,Não informado,Não informado,Não informado,Não informado,Não informado,Não informado,Não informado,Não informado,60.0,Não informado,Não informado,Não informado,2020,10,11,6,13.0
2020-10-11,18:30:00,SEM VÍTIMA,FINALIZADA,PINA,RUA TOME GIBSON,Não informado,EM FRENTE A BASE DO GTO,PINA,Não informado,CHOQUE,VIATURA DA PM CHOCOU-SE EM UMA CARROÇA,1.0,1.0,0.0,0.0,0.0,0.0,0.0,0.0,0.0,0.0,0.0,Não informado,Não informado,Não informado,Não informado,Não informado,Não informado,Não informado,Não informado,60.0,Não informado,Não informado,Não informado,2020,10,11,6,18.0
2020-10-12,09:31:00,COM VÍTIMA,FINALIZADA,BOA VIAGEM,AV ENGENHEIRO DOMINGOS FERREIRA,Não informado,LADO OPOSTO AO EXTRA,BOA VIAGEM,SUBURBIO,ATROPELAMENTO,AUTO E PEDESTRE,1.0,1.0,0.0,0.0,1.0,0.0,0.0,0.0,0.0,1.0,0.0,Longo da via,Bom,Sem defeito,Perfeito estado,Não informado,Não informado,Faixa de pedestre,Outras,60.0,Única,Canteiro central,Não informado,2020,10,12,0,9.0
2020-10-12,13:21:00,COM VÍTIMA,FINALIZADA,IBURA,RUA RIO XINGU,Não informado,APOS A PADARIA ZILDA,IBURA,Não informado,COLISÃO,COLISAO ENTRE DUAS MOTOS COM DUAS VITIMA,1.0,2.0,0.0,0.0,0.0,0.0,0.0,0.0,0.0,2.0,0.0,Não informado,Não informado,Não informado,Não informado,Não informado,Não informado,Não informado,Não informado,60.0,Não informado,Não informado,Não informado,2020,10,12,0,13.0
2020-10-12,18:22:00,COM VÍTIMA,FINALIZADA,IPSEP,AV RECIFE,Não informado,APÓS A ENTRADA DO IBURA. EM FRENTE A SÉRGIO'S MULTIMARCAS,IPSEP,BR 101,COLISÃO TRASEIRA,COLISÃO COM DUAS MOTOS,1.0,2.0,0.0,0.0,0.0,0.0,0.0,0.0,0.0,2.0,0.0,Longo da via,Bom,Não existe,Perfeito estado,Seca,Perfeito estado,Não existe,Não há placas,60.0,Dupla,Canteiro central,Não informado,2020,10,12,0,18.0
2020-10-12,18:37:00,SEM VÍTIMA,FINALIZADA,VASCO DA GAMA,RUA MIGUEL CARNEIRO,Não informado,EM FRENTE A ESCOLA MUNICIPAL PROFESSOR ADERBAL GALVAO,VASCO DA GAMA,Não informado,COLISÃO,DOIS AUTO OBS: SUSPEITA DE EMBRIAGUEZ,2.0,1.0,0.0,0.0,0.0,0.0,0.0,0.0,0.0,0.0,0.0,Não informado,Não informado,Não informado,Não informado,Não informado,Não informado,Não informado,Não informado,60.0,Não informado,Não informado,Não informado,2020,10,12,0,18.0
2020-10-12,20:49:00,COM VÍTIMA,FINALIZADA,SÃO JOSÉ,RUA IMPERIAL,TRV DO RAPOSO,SEMÁFORO 510 / E/F A CM FERRO E AÇO,SÃO JOSÉ,SUBURBIO,ABALROAMENTO TRANSVERSAL,ENTRE AUTO E MICRO-ÔNIBUS.,1.0,1.0,0.0,0.0,0.0,1.0,0.0,0.0,0.0,2.0,0.0,Cruzamento,Bom,Sem defeito,Perfeito estado,Seca,Mal iluminada,Faixa de pedestre,Não informado,60.0,Única,Não informado,Não informado,2020,10,12,0,20.0
2020-10-13,08:02:00,COM VÍTIMA,FINALIZADA,ENCRUZILHADA,AV JOAO DE BARROS,Não informado,EM FRENTE AO BRADESCO E ARMAZÉM DE CONSTRUÇÃO CEMAFEL.,ENCRUZILHADA,CIDADE,TOMBAMENTO,ACIDENTE OCORRIDO COM SI RICARDO CAMPOS,1.0,1.0,0.0,0.0,0.0,0.0,0.0,0.0,0.0,1.0,0.0,Longo da via,Bom,Não existe,Perfeito estado,Seca,Perfeito estado,Não existe,Outras,60.0,Única,Faixa seccionada,Não informado,2020,10,13,1,8.0
2020-10-13,09:56:00,COM VÍTIMA,FINALIZADA,DOIS IRMÃOS,RUA MANUEL DE MEDEIROS,RUA BARAO DO CAPIBARIBE,PROX A ESCOLA LION.,DOIS IRMÃOS,AV CAXANGÁ,ABALROAMENTO LONGITUDINAL,MOTO E ONIBUS,1.0,1.0,0.0,0.0,0.0,1.0,0.0,0.0,0.0,2.0,0.0,Longo da via,Bom,Não existe,Ilegível,Seca,Perfeito estado,Não existe,Outras,60.0,Dupla,Não informado,Não informado,2020,10,13,1,9.0
2020-10-13,16:16:00,SEM VÍTIMA,FINALIZADA,JOANA BEZERRA,RUA MIRANDOPOLIS,Não informado,AO LADO DO TERMINAL INTEGRADO JOANA BEZERRA,JOANA BEZERRA,SUBURBIO,ABALROAMENTO LONGITUDINAL,COLISÃO COM SUSPEITA DE ALCOLEMIA,1.0,1.0,0.0,0.0,0.0,1.0,0.0,0.0,0.0,0.0,0.0,Longo da via,Bom,Não existe,Não existente,Seca,Perfeito estado,Não existe,Não há placas,60.0,Dupla,Não existe,Não informado,2020,10,13,1,16.0
2020-10-13,19:58:00,COM VÍTIMA,FINALIZADA,IPSEP,AV RECIFE,AV DOM HELDER CAMARA,EM FRENTE A LOCADORA DE VANS DE RECIFE,IPSEP,SUBURBIO,ABALROAMENTO TRANSVERSAL,COLIÃO ENTRE AUTO E MOTO C/V- UM DOS CONDUTORES APRESENTA SINTOMAS DE EMBRIAGUEZ,1.0,1.0,0.0,0.0,0.0,0.0,0.0,0.0,0.0,1.0,0.0,Cruzamento,Bom,Sem defeito,Perfeito estado,Seca,Perfeito estado,Faixa de pedestre,Outras,60.0,Única,Faixa contínua,Não informado,2020,10,13,1,19.0
2020-10-14,08:11:00,COM VÍTIMA,FINALIZADA,SÃO JOSÉ,C SANTA RITA,Não informado,LADO OPOSTO AO 16° BATALHÃO.,SÃO JOSÉ,CIDADE,TOMBAMENTO,ACIDENTE DE PERCURSO ENVOLVENDO MOTOCICLISTA,1.0,1.0,0.0,0.0,0.0,0.0,0.0,0.0,0.0,1.0,0.0,Longo da via,Chuvoso,Não existe,Incompleta,Molhada,Perfeito estado,Não existe,R-6a,60.0,Única,Canteiro central,Não informado,2020,10,14,2,8.0
2020-10-14,09:11:00,COM VÍTIMA,FINALIZADA,VÁRZEA,AV AFONSO OLINDENSE,RUA SITIO DOS COQUEIROS,ARMAZEM KIOSK,VÁRZEA,SUBURBIO,ABALROAMENTO LONGITUDINAL,COM VITIMA,1.0,1.0,0.0,0.0,0.0,0.0,0.0,0.0,0.0,1.0,0.0,Esquina,Chuvoso,Não existe,Perfeito estado,Molhada,Perfeito estado,Não existe,Outras,60.0,Dupla,Faixa contínua,Não informado,2020,10,14,2,9.0
2020-10-14,11:16:00,COM VÍTIMA,CANCELADA,CAXANGÁ,RUA GOMES TABORDA,Não informado,EM FRENTE A CHURRASCARIA VAPOR  82,CAXANGÁ,Não informado,COLISÃO,COLISÃO COM VITIMA,1.0,1.0,0.0,0.0,0.0,0.0,0.0,0.0,0.0,1.0,0.0,Não informado,Não informado,Não informado,Não informado,Não informado,Não informado,Não informado,Não informado,60.0,Não informado,Não informado,Não informado,2020,10,14,2,11.0
2020-10-14,13:05:00,COM VÍTIMA,FINALIZADA,JORDÃO,RUA DR ALVARO FERRAZ,Não informado,PROXIMO AO SUPERMERCADO KI PREÇO,JORDÃO,SUBURBIO,ABALROAMENTO LONGITUDINAL,COLISÃO COM VÍTIMA,1.0,1.0,0.0,0.0,0.0,0.0,0.0,0.0,0.0,1.0,0.0,Longo da via,Chuvoso,Não existe,Ilegível,Molhada,Mal iluminada,Não existe,Não há placas,60.0,Única,Não existe,Não informado,2020,10,14,2,13.0
2020-10-14,13:10:00,COM VÍTIMA,FINALIZADA,ALTO JOSÉ BONIFÁCIO,RUA ALTO DA SERRINHA,Não informado,PROX AO TERMINAL,ALTO JOSÉ BONIFÁCIO,SUBURBIO,COLISÃO FRONTAL,COLISAO ENTRE ONIBUS E MOTO COM UMA VITIMA,1.0,1.0,0.0,0.0,0.0,1.0,0.0,0.0,0.0,1.0,0.0,Longo da via,Bom,Não existe,Perfeito estado,Seca,Perfeito estado,Não existe,Não há placas,60.0,Dupla,Não existe,Não informado,2020,10,14,2,13.0
2020-10-14,14:13:00,COM VÍTIMA,FINALIZADA,TAMARINEIRA,AV CONS ROSA E SILVA,RUA CONEGO BARATA,EM FRENTE AO SEMÁFORO Nº 61- SENTIDO TAMARINEIRA / CASA AMARELA,TAMARINEIRA,SUBURBIO,ABALROAMENTO TRANSVERSAL,COLISÃO COM VÍTIMA,1.0,1.0,0.0,0.0,0.0,0.0,0.0,0.0,0.0,1.0,0.0,Cruzamento,Bom,Sem defeito,Perfeito estado,Seca,Perfeito estado,Faixa de pedestre,R-6a,60.0,Única,Faixa contínua,Não informado,2020,10,14,2,14.0
2020-10-14,18:41:00,COM VÍTIMA,FINALIZADA,SANTO AMARO,PTE DO LIMOEIRO,Não informado,SOBRE A PONTE,SANTO AMARO,SUBURBIO,COLISÃO TRASEIRA,COLISÃO COM VÍTIMAS- ENVOLVENDO UMA MOTO E UMA CARROÇA,1.0,1.0,0.0,0.0,0.0,0.0,0.0,0.0,1.0,2.0,0.0,Ponte,Bom,Sem defeito,Perfeito estado,Não informado,Perfeito estado,Não informado,Não informado,60.0,Não informado,Faixa contínua,Não informado,2020,10,14,2,18.0
2020-10-14,22:19:00,COM VÍTIMA,FINALIZADA,IPSEP,AV RECIFE,AV SENADOR ROBERT KENNEDY,PROX AO CARLOS FUME E GILVAN DOS PARABRISAS,IPSEP,CIDADE,ABALROAMENTO LONGITUDINAL,SENTIDO PAM DE AREIAS (HOSPITAL),1.0,1.0,0.0,0.0,0.0,0.0,0.0,0.0,0.0,1.0,0.0,Longo da via,Bom,Sem defeito,Perfeito estado,Seca,Perfeito estado,Não existe,Não informado,60.0,Única,Não informado,Não informado,2020,10,14,2,22.0
2020-10-15,00:29:00,COM VÍTIMA,FINALIZADA,IMBIRIBEIRA,AV MARECHAL MASCARENHAS DE MORAES,Não informado,EM FRENTE A FLORART,IMBIRIBEIRA,CIDADE,CHOQUE OBJETO FIXO,VEICULO AQUAPLANOU E CONDUTOR FOI SOCORRIDO PARA UPA,1.0,1.0,0.0,0.0,0.0,0.0,0.0,0.0,0.0,1.0,0.0,Longo da via,Chuvoso,Sem defeito,Perfeito estado,Molhada,Perfeito estado,Não existe,Não há placas,60.0,Dupla,Canteiro central,Não informado,2020,10,15,3,0.0
2020-10-15,07:03:00,COM VÍTIMA,FINALIZADA,IPUTINGA,AV CAXANGA,Não informado,AO LADO DA SUPLANOR,IPUTINGA,SUBURBIO,ACID. DE PERCURSO,COM UMA VITIMA SAMU NO LOCAL,1.0,1.0,0.0,0.0,0.0,0.0,0.0,0.0,0.0,1.0,0.0,Não informado,Não informado,Não informado,Não informado,Não informado,Não informado,Não informado,Não informado,60.0,Não informado,Não informado,Não informado,2020,10,15,3,7.0
2020-10-15,07:32:00,COM VÍTIMA,FINALIZADA,DERBY,RUA JOAQUIM NABUCO,Não informado,EM FRENTE A O HOSPITAL DA RESTAURAÇÃO-NA RAMPA DE ACESSO DO HOSPITAL,DERBY,SUBURBIO,COLISÃO TRASEIRA,COM UMA VITIMA -SOCORRIDA NO HOSPITAL-GM JOSICARLA E EVANDRO RAMOS PONTO FIXO,1.0,1.0,0.0,0.0,0.0,0.0,0.0,0.0,0.0,1.0,0.0,Longo da via,Chuvoso,Sem defeito,Perfeito estado,Molhada,Perfeito estado,Faixa de pedestre,R-6a,60.0,Única,Faixa seccionada,Não informado,2020,10,15,3,7.0