data,hora,natureza_acidente,situacao,bairro,endereco,detalhe_endereco_acidente,complemento,bairro_cruzamento,sentido_via,tipo,descricao,auto,moto,ciclom,ciclista,pedestre,onibus,caminhao,viatura,outros,vitimas,vitimasfatais,acidente_verificado,tempo_clima,situacao_semaforo,sinalizacao,condicao_via,conservacao_via,ponto_controle,situacao_placa,velocidade_max_via,mao_direcao,divisao_via1,natureza,ano,mes,dia,dia_semana,hora_ocorrencia
2020-10-15,10:34:00,COM VÍTIMA,FINALIZADA,IMBIRIBEIRA,AV MARECHAL MASCARENHAS DE MORAES,Não informado,EM FRENTE A LOCALIZA,IMBIRIBEIRA,SUBURBIO,COLISÃO TRASEIRA,DUAS MOTOS COM VÍTIMAS,1.0,2.0,0.0,0.0,0.0,0.0,0.0,0.0,0.0,2.0,0.0,Longo da via,Bom,Sem defeito,Perfeito estado,Seca,Perfeito estado,Faixa de pedestre,Não informado,60.0,Dupla,Canteiro central,Não informado,2020,10,15,3,10.0
2020-10-15,12:26:00,COM VÍTIMA,FINALIZADA,VÁRZEA,AV CAXANGA,Não informado,NO CRUZAMENTO DO HOSPITAL SANTA TEREZINHA E DO BOI E BRASA,VÁRZEA,CIDADE,ABALROAMENTO LONGITUDINAL,CORRO X MOTO / AGENTE ANTEOGENES  NO LOCAL,1.0,1.0,0.0,0.0,0.0,0.0,0.0,0.0,0.0,2.0,0.0,Longo da via,Bom,Sem defeito,Perfeito estado,Seca,Perfeito estado,Outros,Não há placas,60.0,Única,Não existe,Não informado,2020,10,15,3,12.0
2020-10-15,13:01:00,COM VÍTIMA,FINALIZADA,BOA VIAGEM,RUA RIO AZUL,RUA BARAO DE SOUZA LEAO,E/F AO SUPERMERCADO TREVO,BOA VIAGEM,Não informado,ATROPELAMENTO,AUTO E PEDESTRE,1.0,1.0,0.0,0.0,1.0,0.0,0.0,0.0,0.0,1.0,0.0,Longo da via,Bom,Sem defeito,Incompleta,Seca,Perfeito estado,Outros,Não há placas,60.0,Única,Faixa seccionada,Não informado,2020,10,15,3,13.0
2020-10-15,13:58:00,COM VÍTIMA,FINALIZADA,BOA VISTA,RUA DO HOSPICIO,AV CONDE DA BOA VISTA,EM FRENTE AO MINI-EXTRA,BOA VISTA,Não informado,ATROPELAMENTO,MOTO ATROPELOU PEDESTRE,1.0,1.0,0.0,0.0,1.0,0.0,0.0,0.0,0.0,1.0,0.0,Cruzamento,Bom,Sem defeito,Perfeito estado,Seca,Perfeito estado,Faixa de pedestre,Outras,60.0,Única,Não existe,Não informado,2020,10,15,3,13.0
2020-10-15,15:15:00,COM VÍTIMA,FINALIZADA,IMBIRIBEIRA,AV MARECHAL MASCARENHAS DE MORAES,Não informado,PRAÇA MINISTRO SALGADO FILHO. AEROPORTO INTERNACIONAL DO RECIFE.,IMBIRIBEIRA,SUBURBIO,CHOQUE OBJETO FIXO,PRISMA- SOLICITADO PÓ DE SERRA E ALAVANCA PARA ALINHAR OS PRISMAS. VEÍCULO PERDEU O CONTROLE- CHOCANDO-SE COM OS PRISMAS DE CONCRETO.,1.0,1.0,0.0,0.0,0.0,0.0,0.0,0.0,0.0,1.0,0.0,Longo da via,Bom,Sem defeito,Perfeito estado,Seca,Perfeito estado,Não existe,Não há placas,60.0,Única,Faixa seccionada,Não informado,2020,10,15,3,15.0
2020-10-15,16:15:00,COM VÍTIMA,FINALIZADA,ÁGUA FRIA,RUA CORREGO DO DEODATO,Não informado,PROX A ASSEMBLEIA DE DEUS,ÁGUA FRIA,SUBURBIO,ABALROAMENTO LONGITUDINAL,COLISÃO MOTO X CARRO,1.0,1.0,0.0,0.0,0.0,0.0,0.0,0.0,0.0,1.0,0.0,Longo da via,Bom,Não existe,Não existente,Seca,Mal conservada,Não existe,Não há placas,60.0,Dupla,Não existe,Não informado,2020,10,15,3,16.0
2020-10-15,18:25:00,COM VÍTIMA,FINALIZADA,SANTO ANTÔNIO,RUA IMPERADOR PEDRO SEGUNDO,PRC DEZESSETE,EM FRENTE AO FORÚM THOMAZ DE AQUINO,SANTO ANTÔNIO,Não informado,ATROPELAMENTO,AUTO E PEDESTRE C/V,1.0,1.0,0.0,0.0,1.0,0.0,0.0,0.0,0.0,1.0,0.0,Esquina,Bom,Não existe,Perfeito estado,Seca,Perfeito estado,Não existe,Não há placas,60.0,Única,Faixa contínua,Não informado,2020,10,15,3,18.0
2020-10-15,18:28:00,COM VÍTIMA,FINALIZADA,IPSEP,AV RECIFE,Não informado,EM FRENTE A PIZZARIA ATLÂNTICO,IPSEP,SUBURBIO,ABALROAMENTO LONGITUDINAL,COLISÃO ENTRE AUTO E MOTO C/V,1.0,1.0,0.0,0.0,0.0,0.0,0.0,0.0,0.0,2.0,0.0,Longo da via,Bom,Sem defeito,Perfeito estado,Seca,Perfeito estado,Não existe,R-6a,60.0,Dupla,Canteiro central,Não informado,2020,10,15,3,18.0
2020-10-15,18:58:00,COM VÍTIMA,FINALIZADA,BEBERIBE,AV BEBERIBE,Não informado,AO LADO DA ACADEMINA H5 / PRÓX A LOJA TECNONET,BEBERIBE,SUBURBIO,COLISÃO TRASEIRA,COLISÃO ENTRE AUTO E MOTO C/V,1.0,1.0,0.0,0.0,0.0,0.0,0.0,0.0,0.0,1.0,0.0,Longo da via,Bom,Não existe,Perfeito estado,Seca,Perfeito estado,Não existe,Não há placas,30.0,Dupla,Faixa contínua,Não informado,2020,10,15,3,18.0
2020-10-15,19:39:00,SEM VÍTIMA,FINALIZADA,BOA VIAGEM,RUA VISCONDE DE JEQUITINHONHA,Não informado,EM FRENTE AO EDIFÍCIO MAR AZUL,BOA VIAGEM,SUBURBIO,COLISÃO TRASEIRA,COLISÃO ENTRE AUTO E VIATURA DA POLÍCIA MILITAR- S/V,2.0,1.0,0.0,0.0,0.0,0.0,0.0,0.0,0.0,0.0,0.0,Longo da via,Bom,Não existe,Perfeito estado,Seca,Perfeito estado,Faixa de pedestre,Não há placas,60.0,Única,Faixa seccionada,Não informado,2020,10,15,3,19.0
2020-10-15,20:06:00,COM VÍTIMA,FINALIZADA,ARRUDA,AV BEBERIBE,Não informado,LADO OPOSTO AO CANAL DA CONSTRUÇÃO- PROXIMO DA DOCE SABOR DA N.C,ARRUDA,SUBURBIO,COLISÃO TRASEIRA,COLISÃO ENTRE DOIS AUTOS E UMA MOTO C/V,2.0,1.0,0.0,0.0,0.0,0.0,0.0,0.0,0.0,2.0,0.0,Longo da via,Bom,Não existe,Perfeito estado,Seca,Perfeito estado,Não informado,Não há placas,60.0,Dupla,Não informado,Não informado,2020,10,15,3,20.0
2020-10-16,01:09:00,COM VÍTIMA,FINALIZADA,CAXANGÁ,AV CAXANGA,RUA RODRIGUES FERREIRA,EM FRENTE A UPA,CAXANGÁ,SUBURBIO,ABALROAMENTO LONGITUDINAL,ACIDENTE ENTRE MOTO E AUTO,1.0,1.0,0.0,0.0,0.0,0.0,0.0,0.0,0.0,1.0,0.0,Cruzamento,Bom,Sem defeito,Perfeito estado,Seca,Perfeito estado,Faixa de pedestre,Outras,60.0,Dupla,Canteiro central,Não informado,2020,10,16,4,1.0
2020-10-16,07:31:00,VÍTIMA FATAL,FINALIZADA,PRADO,RUA CARLOS GOMES,RUA HERCULES FLORENCE,EM FRENTE AO HOSPITAL NOSSA SENHORA DO Ó,PRADO,SUBURBIO,ABALROAMENTO TRANSVERSAL,COLISÃO COM 1 VITIMA FATAL E OUTRA SOCORRIDA PELA SAMU,1.0,1.0,0.0,0.0,0.0,0.0,0.0,0.0,0.0,1.0,1.0,Cruzamento,Bom,Não existe,Incompleta,Seca,Perfeito estado,Não existe,Outras,40.0,Única,Faixa seccionada,Não informado,2020,10,16,4,7.0
2020-10-16,11:39:00,COM VÍTIMA,FINALIZADA,CASA AMARELA,AV NORTE,RUA RODRIGUES SETE,AO LADO DA TOTAL CAR,CASA AMARELA,CIDADE,ABALROAMENTO LONGITUDINAL,COLISÃO COM VITIMA,1.0,2.0,0.0,0.0,0.0,0.0,0.0,0.0,0.0,1.0,0.0,Esquina,Bom,Não existe,Perfeito estado,Seca,Perfeito estado,Não informado,Outras,60.0,Dupla,Canteiro central,Não informado,2020,10,16,4,11.0
2020-10-16,11:54:00,COM VÍTIMA,FINALIZADA,CASA FORTE,AV DEZESSETE DE AGOSTO,Não informado,LADO OPOSTO A PZZARIA HURT,CASA FORTE,SUBURBIO,COLISÃO TRASEIRA,COLISÃO COM VITIMA,1.0,1.0,0.0,0.0,0.0,0.0,0.0,0.0,0.0,1.0,0.0,Longo da via,Bom,Não existe,Perfeito estado,Seca,Perfeito estado,Não existe,Outras,60.0,Dupla,Faixa contínua,Não informado,2020,10,16,4,11.0
2020-10-16,12:24:00,COM VÍTIMA,FINALIZADA,VÁRZEA,AV CAXANGA,RUA GASTAO VIDIGAL,LADO OPOSTO DA UPA/ SENTIDO CIDADE,VÁRZEA,CIDADE,ABALROAMENTO TRANSVERSAL,COLISÃO COM VÍTIMA,1.0,1.0,0.0,0.0,0.0,0.0,0.0,0.0,0.0,1.0,0.0,Cruzamento,Bom,Sem defeito,Incompleta,Seca,Perfeito estado,Agente,Não há placas,60.0,Única,Faixa contínua,Não informado,2020,10,16,4,12.0
2020-10-16,13:00:00,COM VÍTIMA,FINALIZADA,PINA,RUA JEMIL ASFORA,Não informado,POR TRÁS DO SHOPPING RIOMAR,PINA,Não informado,ABALROAMENTO LONGITUDINAL,COLISAO ENTRE CAMINHAO E MOTO,1.0,1.0,0.0,0.0,0.0,0.0,1.0,0.0,0.0,1.0,0.0,Longo da via,Bom,Não existe,Ilegível,Seca,Perfeito estado,Não existe,Outras,60.0,Única,Não existe,Não informado,2020,10,16,4,13.0
2020-10-16,13:06:00,COM VÍTIMA,FINALIZADA,PINA,AV HERCULANO BANDEIRA,Não informado,EM FRENTE A IGREJINHA DO PINA,PINA,SUBURBIO,ABALROAMENTO LONGITUDINAL,ACIDENTE ENTRE MOTO E AUTO,1.0,1.0,0.0,0.0,0.0,0.0,0.0,0.0,0.0,1.0,0.0,Longo da via,Bom,Sem defeito,Perfeito estado,Seca,Perfeito estado,Faixa de pedestre,Não há placas,60.0,Única,Faixa seccionada,Não informado,2020,10,16,4,13.0
2020-10-16,15:59:00,COM VÍTIMA,FINALIZADA,JOANA BEZERRA,AV GOVERNADOR AGAMENON MAGALHAES,Não informado,EM FRENTE AO FORUM JOANA BEZERRA,JOANA BEZERRA,SUBURBIO,ABALROAMENTO LONGITUDINAL,COLISÃO COM VÍTIMA ENTRE AUTO E MOTO.,1.0,1.0,0.0,0.0,0.0,0.0,0.0,0.0,0.0,1.0,0.0,Longo da via,Bom,Não existe,Perfeito estado,Seca,Perfeito estado,Não existe,R-6a,60.0,Dupla,Canteiro central,Não informado,2020,10,16,4,15.0
2020-10-16,17:25:00,COM VÍTIMA,CANCELADA,CÓRREGO DO JENIPAPO,AV DA RECUPERACAO,Não informado,PROXIMO AO RECANTO DO LAU/ APÓS O A UPINHA,CÓRREGO DO JENIPAPO,Não informado,COLISÃO,COLISÃO COM VÍTIMA,1.0,1.0,0.0,0.0,0.0,0.0,0.0,0.0,0.0,1.0,0.0,Não informado,Não informado,Não informado,Não informado,Não informado,Não informado,Não informado,Não informado,60.0,Não informado,Não informado,Não informado,2020,10,16,4,17.0
2020-10-16,19:36:00,COM VÍTIMA,FINALIZADA,GUABIRABA,AV DA RECUPERACAO,RUA TRES MORROS,PROXIMO AO RECANTO DO LAU/ APÓS O A UPINHA,GUABIRABA,SUBURBIO,ABALROAMENTO LONGITUDINAL,COLISÃO COM VÍTIMA,2.0,1.0,0.0,0.0,0.0,0.0,0.0,0.0,0.0,1.0,0.0,Longo da via,Bom,Não existe,Incompleta,Seca,Mal iluminada,Não existe,Não informado,60.0,Dupla,Faixa seccionada,Não informado,2020,10,16,4,19.0
2020-10-16,20:09:00,COM VÍTIMA,CANCELADA,MACAXEIRA,AV NORTE,RUA MARIA CANDIDA,SEMÁFORO 296 / PRÓX A ANTIGA TI DA MACAXEIRA,MACAXEIRA,Não informado,COLISÃO,ENTRE AUTO E MOTO. C/V,1.0,1.0,0.0,0.0,0.0,0.0,0.0,0.0,0.0,1.0,0.0,Não informado,Não informado,Não informado,Não informado,Não informado,Não informado,Não informado,Não informado,60.0,Não informado,Não informado,Não informado,2020,10,16,4,20.0
2020-10-16,20:28:00,SEM VÍTIMA,CANCELADA,CASA FORTE,AV DEZESSETE DE AGOSTO,Não informado,SEMÁFORO 469/ NO COMEÇO QUE DA NA EST DAS UBAIAS,CASA FORTE,Não informado,COLISÃO,ENTE 2 AUTOS ( CONDUTOR DO HYUNDAI- SEGUNDO AS INFO DO USUÁRIO- APRESENTA SINAIS FORTES DE EMBRIAGUEZ) S/V,2.0,1.0,0.0,0.0,0.0,0.0,0.0,0.0,0.0,0.0,0.0,Não informado,Não informado,Não informado,Não informado,Não informado,Não informado,Não informado,Não informado,60.0,Não informado,Não informado,Não informado,2020,10,16,4,20.0
2020-10-16,20:45:00,COM VÍTIMA,FINALIZADA,PARNAMIRIM,EST DO ARRAIAL,Não informado,PRÓX AO CRUZAMENTO QUE DA NO HOSPITAL AGAMENON. COLÉGIO REINO MÁGICO.,PARNAMIRIM,SUBURBIO,CHOQUE OBJETO FIXO,VEÍCULO CHOCOU-SE CONTRA O MURO LOCAL. C/V,1.0,1.0,0.0,0.0,0.0,0.0,0.0,0.0,0.0,1.0,0.0,Longo da via,Bom,Sem defeito,Perfeito estado,Seca,Perfeito estado,Faixa de pedestre,Outras,60.0,Única,Faixa seccionada,Não informado,2020,10,16,4,20.0
2020-10-16,23:55:00,COM VÍTIMA,CANCELADA,CASA FORTE,AV DEZESSETE DE AGOSTO,Não informado,EM FRENTE A BUGER KING,CASA FORTE,Não informado,COLISÃO,COLISÃO MOTO X AUTO,1.0,1.0,0.0,0.0,0.0,0.0,0.0,0.0,0.0,1.0,0.0,Não informado,Não informado,Não informado,Não informado,Não informado,Não informado,Não informado,Não informado,60.0,Não informado,Não informado,Não informado,2020,10,16,4,23.0
2020-10-17,09:02:00,COM VÍTIMA,FINALIZADA,JARDIM SÃO PAULO,AV RECIFE,Não informado,Não informado,JARDIM SÃO PAULO,SUBURBIO,COLISÃO TRASEIRA,COM VÍTIMA,1.0,1.0,0.0,0.0,0.0,0.0,1.0,0.0,0.0,1.0,0.0,Longo da via,Bom,Não existe,Perfeito estado,Seca,Perfeito estado,Não informado,Não há placas,60.0,Única,Faixa seccionada,Não informado,2020,10,17,5,9.0
2020-10-17,12:59:00,COM VÍTIMA,FINALIZADA,ESPINHEIRO,AV CONS ROSA E SILVA,RUA CONFEDERACAO DO EQUADOR,EM FRENTE AO HOSPITAL DOS SERVIDORES DO ESTADO.,ESPINHEIRO,SUBURBIO,ABALROAMENTO LONGITUDINAL,COLISÃO COM VÍTIMA,1.0,1.0,0.0,0.0,0.0,0.0,0.0,0.0,0.0,1.0,0.0,Cruzamento,Bom,Sem defeito,Perfeito estado,Seca,Perfeito estado,Não existe,R-6a,60.0,Única,Faixa seccionada,Não informado,2020,10,17,5,12.0
2020-10-17,15:23:00,COM VÍTIMA,FINALIZADA,IBURA,AV DOIS RIOS,Não informado,EM FRENTE A FARMACIA PAGUE MENOS,IBURA,SUBURBIO,ABALROAMENTO TRANSVERSAL,MOTO X CARRO,1.0,1.0,0.0,0.0,0.0,0.0,0.0,0.0,0.0,2.0,0.0,Longo da via,Bom,Sem defeito,Perfeito estado,Seca,Perfeito estado,Faixa de pedestre,Não há placas,60.0,Dupla,Faixa contínua,Não informado,2020,10,17,5,15.0
2020-10-17,15:57:00,COM VÍTIMA,FINALIZADA,TEJIPIÓ,AV DR JOSE RUFINO,Não informado,AO LADO DO ARMAZEM CORAL,TEJIPIÓ,Não informado,CHOQUE OBJETO FIXO,CHOQUE EM POSTE DE ENERGIA ELÉTRICA. UMA VÍTIMA.,1.0,1.0,0.0,0.0,0.0,0.0,0.0,0.0,0.0,1.0,0.0,Longo da via,Bom,Não existe,Incompleta,Seca,Perfeito estado,Não existe,Não há placas,60.0,Dupla,Faixa contínua,Não informado,2020,10,17,5,15.0
2020-10-17,21:55:00,SEM VÍTIMA,FINALIZADA,BOA VIAGEM,AV BOA VIAGEM,Não informado,POSTO 5 / EM FRENTE AO EDF CATAMARÃ,BOA VIAGEM,Não informado,CHOQUE VEÍCULO PARADO,VEÍCULO CHOCOU-SE CONTRA DOIS VEÍCULOS ESTACIONADOS (CONDUTOR ABANDONOU O VEÍCULO NO LOCAL),3.0,1.0,0.0,0.0,0.0,0.0,0.0,0.0,0.0,0.0,0.0,Não informado,Não informado,Não informado,Não informado,Não informado,Não informado,Não informado,Não informado,60.0,Não informado,Não informado,Não informado,2020,10,17,5,21.0
2020-10-18,08:28:00,COM VÍTIMA,FINALIZADA,SAN MARTIN,AV GENERAL SAN MARTIN,RUA FLORA RICA,PROX A ESCOLA ADVENTISTA,SAN MARTIN,CIDADE,ABALROAMENTO LONGITUDINAL,COLISÃO COM VITIMA  ANDRE PINHEIRO VT 10 QTH,1.0,1.0,0.0,0.0,0.0,0.0,0.0,0.0,0.0,1.0,0.0,Cruzamento,Bom,Não existe,Perfeito estado,Seca,Perfeito estado,Não existe,Outras,40.0,Dupla,Faixa contínua,Não informado,2020,10,18,6,8.0
2020-10-18,10:05:00,SEM VÍTIMA,FINALIZADA,PRADO,AV ENGENHEIRO ABDIAS DE CARVALHO,Não informado,EM FRENTE AO POSTO DE GASOLINA IMPERIO,PRADO,Não informado,COLISÃO,COLISÃO SEM VITIMAS,1.0,1.0,0.0,0.0,0.0,0.0,0.0,1.0,0.0,0.0,0.0,Não informado,Não informado,Não informado,Não informado,Não informado,Não informado,Não informado,Não informado,60.0,Não informado,Não informado,Não informado,2020,10,18,6,10.0
2020-10-18,12:54:00,SEM VÍTIMA,FINALIZADA,AFOGADOS,RUA COSME VIANA,Não informado,E/F A TUPAN,AFOGADOS,SUBURBIO,ABALROAMENTO LONGITUDINAL,DOIS AUTOS COM DUAS VITIMAS. (NO BOLETIM FÍSICO INFORMA QUE NÃO HOUVE VÍTIMAS FERIDAS NESTE ACIDENTE).,2.0,1.0,0.0,0.0,0.0,0.0,0.0,0.0,0.0,0.0,0.0,Cruzamento,Bom,Sem defeito,Perfeito estado,Seca,Não informado,Não informado,Não informado,60.0,Única,Faixa seccionada,Não informado,2020,10,18,6,12.0
2020-10-18,13:03:00,COM VÍTIMA,FINALIZADA,BAIRRO DO RECIFE,CAIS DO APOLO,Não informado,EM FRENTE AO TRIBUNAL REGIONAL FEDERAL,BAIRRO DO RECIFE,CIDADE,ABALROAMENTO LONGITUDINAL,COLISÃO COM VÍTIMA- ENVOLVENDO AUTO E MOTO,1.0,1.0,0.0,0.0,0.0,0.0,0.0,0.0,0.0,1.0,0.0,Longo da via,Bom,Não existe,Perfeito estado,Seca,Perfeito estado,Não existe,Outras,60.0,Dupla,Faixa seccionada,Não informado,2020,10,18,6,13.0
2020-10-18,22:19:00,SEM VÍTIMA,FINALIZADA,DOIS UNIDOS,AV HILDEBRANDO DE VASCONCELOS,Não informado,PROX A IGRJA BRASIL PARA CRISTO // ENTRE O CANIL E O TERMINAL DE ONIBUS DOIS UNIDOS,DOIS UNIDOS,Não informado,COLISÃO,VT DA POLICIA MILITAR X MOTO,1.0,1.0,0.0,0.0,0.0,0.0,0.0,1.0,0.0,0.0,0.0,Não informado,Não informado,Não informado,Não informado,Não informado,Não informado,Não informado,Não informado,60.0,Não informado,Não informado,Não informado,2020,10,18,6,22.0
2020-10-19,08:30:00,COM VÍTIMA,FINALIZADA,AFOGADOS,RUA DA PAZ,Não informado,EM FRENTE AO BANCO ITAU,AFOGADOS,SUBURBIO,ATROPELAMENTO,ATROPELAMENTO AUTO E PEDESTRE,1.0,1.0,0.0,0.0,1.0,0.0,0.0,0.0,0.0,1.0,0.0,Longo da via,Bom,Sem defeito,Incompleta,Seca,Perfeito estado,Faixa de pedestre,R-6a,60.0,Única,Faixa seccionada,Não informado,2020,10,19,0,8.0
2020-10-19,09:34:00,COM VÍTIMA,FINALIZADA,SAN MARTIN,AV GENERAL SAN MARTIN,AV ENGENHEIRO ABDIAS DE CARVALHO,Não informado,SAN MARTIN,NORTE/SUL,COLISÃO FRONTAL,COM UMA VITIMA SOCORRIDA /CTTU NO LOCAL-GM GILSON MELO,1.0,1.0,0.0,0.0,0.0,0.0,0.0,0.0,0.0,1.0,0.0,Longo da via,Bom,Sem defeito,Perfeito estado,Seca,Perfeito estado,Agente,Outras,60.0,Dupla,Faixa contínua,Não informado,2020,10,19,0,9.0
2020-10-19,14:28:00,COM VÍTIMA,FINALIZADA,CAMPO GRANDE,AV GOVERNADOR AGAMENON MAGALHAES,Não informado,E/F AO SHOPPING TACARUNA,CAMPO GRANDE,RECIFE,CAPOTAMENTO,AUTO CAPOTOU,1.0,1.0,0.0,0.0,0.0,0.0,0.0,0.0,0.0,1.0,0.0,Não informado,Não informado,Não informado,Não informado,Não informado,Não informado,Não informado,Não informado,60.0,Não informado,Não informado,Não informado,2020,10,19,0,14.0
2020-10-19,15:14:00,COM VÍTIMA,FINALIZADA,BOA VIAGEM,AV CONSELHEIRO AGUIAR,RUA JORNALISTA FRANCISCO ALMEIDA,NO CRUZAMENTO MESMO,BOA VIAGEM,CIDADE,ABALROAMENTO LONGITUDINAL,COLISAO ENTRE AUTO E MOTO COM VITIMAS,1.0,1.0,0.0,0.0,0.0,0.0,0.0,0.0,0.0,2.0,0.0,Longo da via,Bom,Não existe,Perfeito estado,Seca,Não informado,Não informado,Outras,60.0,Única,Faixa contínua,Não informado,2020,10,19,0,15.0
2020-10-19,18:08:00,COM VÍTIMA,CANCELADA,JORDÃO,AV MARIA IRENE,Não informado,AO LADO DO PET SHOP BICHINHO- EM FRENTE A IGREJA PENTECOSTAL- EM FRENTE A PIZZARIA ESQUINA 145,JORDÃO,Não informado,COLISÃO,COLISÃO ENTRE AUTO E MOTO C/V,1.0,1.0,0.0,0.0,0.0,0.0,0.0,0.0,0.0,1.0,0.0,Não informado,Não informado,Não informado,Não informado,Não informado,Não informado,Não informado,Não informado,60.0,Não informado,Não informado,Não informado,2020,10,19,0,18.0
2020-10-20,09:49:00,COM VÍTIMA,FINALIZADA,BOA VIAGEM,RUA PROFESSOR JOAO MEDEIROS,RUA ERNESTO DE PAULA SANTOS,POR TRAS DA DELEGACIA DE BOA VIAGEM,BOA VIAGEM,CIDADE,COLISÃO TRASEIRA,COLISÃO COM VITIMA A ESPERA DO SAMU- ENTRE AUTO E MOTO.,1.0,1.0,0.0,0.0,0.0,0.0,0.0,0.0,0.0,1.0,0.0,Longo da via,Bom,Não existe,Perfeito estado,Seca,Perfeito estado,Não existe,Outras,60.0,Única,Faixa seccionada,Não informado,2020,10,20,1,9.0
2020-10-20,10:10:00,COM VÍTIMA,FINALIZADA,ESPINHEIRO,RUA SANTO ELIAS,RUA DO ESPINHEIRO,EM FRENTE AO POSTO DE GASOLINA IPIRANGA,ESPINHEIRO,CIDADE,ABALROAMENTO TRANSVERSAL,COLISÃO COM VITIMA VT 13 QTH,1.0,1.0,0.0,0.0,0.0,0.0,0.0,0.0,0.0,1.0,0.0,Cruzamento,Bom,Não existe,Incompleta,Seca,Perfeito estado,Faixa de pedestre,R-6a,60.0,Única,Não existe,Não informado,2020,10,20,1,10.0
2020-10-20,10:10:00,COM VÍTIMA,FINALIZADA,IMBIRIBEIRA,RUA ITACARI,RUA ITAJAI,JUNTO A LOJA YNOVE- ESQUINA DO BANCO ITAU,IMBIRIBEIRA,CIDADE,ABALROAMENTO LONGITUDINAL,COM VITIMA- SAMU JA ESTA NO LOCAL,1.0,1.0,0.0,0.0,0.0,0.0,0.0,0.0,0.0,1.0,0.0,Cruzamento,Bom,Não existe,Perfeito estado,Seca,Perfeito estado,Faixa de pedestre,Placas Pare,40.0,Dupla,Faixa seccionada,Não informado,2020,10,20,1,10.0
2020-10-20,13:47:00,COM VÍTIMA,FINALIZADA,JOANA BEZERRA,AV CENTRAL,Não informado,E/F A ESTAÇAO JOANA BEZERRA NA SAIDA DOS ONIBUS. AO LADO DO TERMINAL INTEGRADO.,JOANA BEZERRA,Não informado,COLISÃO FRONTAL,COLISAO ENTRE ONIBUS -MOTO E CARROÇA,1.0,1.0,0.0,0.0,0.0,1.0,0.0,0.0,1.0,1.0,0.0,Longo da via,Bom,Não existe,Não existente,Seca,Perfeito estado,Não existe,Não há placas,60.0,Única,Não existe,Não informado,2020,10,20,1,13.0
2020-10-20,14:14:00,SEM VÍTIMA,FINALIZADA,IMBIRIBEIRA,RUA ANTONIO FALCAO,Não informado,ANTES DA ESTAÇAO ANTONIO FALCAO E/F A GEOVANE SONDAS,IMBIRIBEIRA,Não informado,COLISÃO,COLISAO ENTRE DOIS AUTOS S/V UM DOS CONDUTORES ESTA COM SINTOMAS DE EMBRIAGUEZ,2.0,1.0,0.0,0.0,0.0,0.0,0.0,0.0,0.0,0.0,0.0,Não informado,Não informado,Não informado,Não informado,Não informado,Não informado,Não informado,Não informado,60.0,Não informado,Não informado,Não informado,2020,10,20,1,14.0
2020-10-20,17:35:00,COM VÍTIMA,FINALIZADA,BOA VIAGEM,AV CONSELHEIRO AGUIAR,Não informado,E/F AO ATACADAO MEC BATEDOR NA MOTO 08/39/06/35. TECNO HOUSE.,BOA VIAGEM,Não informado,COLISÃO TRASEIRA,COLISAO ENTRE AUTO E MOTO COM UMA VITIMA,1.0,1.0,0.0,0.0,0.0,0.0,0.0,0.0,0.0,1.0,0.0,Longo da via,Bom,Não existe,Perfeito estado,Seca,Perfeito estado,Não existe,Outras,60.0,Única,Faixa contínua,Não informado,2020,10,20,1,17.0
2020-10-20,18:27:00,COM VÍTIMA,FINALIZADA,BEBERIBE,AV BEBERIBE,Não informado,EM FRENTE A GALERIA CAJUEIRO E MARRON CAPOTARIA.,BEBERIBE,CIDADE,ABALROAMENTO LONGITUDINAL,COLISAO SEGUIDA DE COLISÃO COM CICLISTA ENTRE CAMINHAO SANDEIRO E CICLISTA OBS : BOMBEIRO E SAMU NO LOCAL.,1.0,1.0,0.0,1.0,0.0,0.0,1.0,0.0,0.0,1.0,0.0,Longo da via,Bom,Não existe,Incompleta,Seca,Perfeito estado,Não existe,R-19,50.0,Única,Faixa seccionada,Não informado,2020,10,20,1,18.0
2020-10-20,18:48:00,COM VÍTIMA,CANCELADA,CAXANGÁ,RUA RIBEIRO PESSOA,Não informado,PROX A FABRICA DE RAÇAO (PINTO FAMOSO),CAXANGÁ,Não informado,COLISÃO,FIAT UNO X MOTO,1.0,1.0,0.0,0.0,0.0,0.0,0.0,0.0,0.0,1.0,0.0,Não informado,Não informado,Não informado,Não informado,Não informado,Não informado,Não informado,Não informado,60.0,Não informado,Não informado,Não informado,2020,10,20,1,18.0
2020-10-20,21:49:00,COM VÍTIMA,FINALIZADA,IMBIRIBEIRA,RUA ITACARI,RUA ITAJAI,EM FRENTE A EMPRESA YNOVE,IMBIRIBEIRA,CIDADE,ABALROAMENTO TRANSVERSAL,GOL BRANCO X MOTO  OBS: VITIMA RESGATADA PELO SAMU,1.0,1.0,0.0,0.0,0.0,0.0,0.0,0.0,0.0,2.0,0.0,Cruzamento,Bom,Não existe,Perfeito estado,Seca,Perfeito estado,Faixa de pedestre,Placas Pare,40.0,Única,Faixa contínua,Não informado,2020,10,20,1,21.0
2020-10-21,07:27:00,COM VÍTIMA,FINALIZADA,IMBIRIBEIRA,AV MARECHAL MASCARENHAS DE MORAES,Não informado,EM FRENTE AO GERALDAO E INTER HOTEL,IMBIRIBEIRA,SUBURBIO,ABALROAMENTO TRANSVERSAL,AUTO E MOTO,1.0,1.0,0.0,0.0,0.0,0.0,0.0,0.0,0.0,1.0,0.0,Cruzamento,Bom,Intermitente,Perfeito estado,Seca,Perfeito estado,Faixa de retenção,Não há placas,60.0,Dupla,Canteiro central,Não informado,2020,10,21,2,7.0