data,hora,natureza_acidente,situacao,bairro,endereco,detalhe_endereco_acidente,complemento,bairro_cruzamento,sentido_via,tipo,descricao,auto,moto,ciclom,ciclista,pedestre,onibus,caminhao,viatura,outros,vitimas,vitimasfatais,acidente_verificado,tempo_clima,situacao_semaforo,sinalizacao,condicao_via,conservacao_via,ponto_controle,situacao_placa,velocidade_max_via,mao_direcao,divisao_via1,natureza,ano,mes,dia,dia_semana,hora_ocorrencia
2020-10-21,13:03:00,COM VÍTIMA,FINALIZADA,IMBIRIBEIRA,AV MARECHAL MASCARENHAS DE MORAES,Não informado,EM FRENTE AO VENEZA AO MATERIAL DE CONSTRUÇAO,IMBIRIBEIRA,SUBURBIO,ABALROAMENTO TRANSVERSAL,COLISÃO CARRO X MOTO,1.0,1.0,0.0,0.0,0.0,0.0,0.0,0.0,0.0,1.0,0.0,Cruzamento,Bom,Sem defeito,Perfeito estado,Seca,Perfeito estado,Outros,Não informado,60.0,Dupla,Não informado,Não informado,2020,10,21,2,13.0
2020-10-21,13:56:00,COM VÍTIMA,CANCELADA,BOA VIAGEM,AV CONSELHEIRO AGUIAR,Não informado,E/F A PRACINHA DE BOA VIAGEM,BOA VIAGEM,Não informado,COLISÃO,COLISAO DE AUTO E MOTO COM VITIMAS,1.0,1.0,0.0,0.0,0.0,0.0,0.0,0.0,0.0,1.0,0.0,Não informado,Não informado,Não informado,Não informado,Não informado,Não informado,Não informado,Não informado,60.0,Não informado,Não informado,Não informado,2020,10,21,2,13.0
2020-10-21,15:10:00,COM VÍTIMA,FINALIZADA,IPSEP,AV RECIFE,AV PRESIDENTE KENNEDY,PROX A PONTE DO CAÇOTE. LADO OPOSTO AO NÚMERO INFORMADO.,IPSEP,BR 101,COLISÃO TRASEIRA,COLISAO ENTRE AUTO E MOTO COM VITIMA,1.0,1.0,0.0,0.0,0.0,0.0,0.0,0.0,0.0,1.0,0.0,Esquina,Bom,Sem defeito,Perfeito estado,Seca,Perfeito estado,Outros,Outras,60.0,Dupla,Canteiro central,Não informado,2020,10,21,2,15.0
2020-10-21,17:22:00,COM VÍTIMA,FINALIZADA,MADALENA,RUA REAL DA TORRE,RUA JOSE OSORIO,Não informado,MADALENA,SUBURBIO,ATROPELAMENTO,CICLISTA COM SUSPEITA DE EMBRIAGUEZ ATROPELOU UM PEDESTRE. A EQUIPE ESTÁ NO APOIO DO SOCORRO.,1.0,1.0,0.0,1.0,2.0,0.0,0.0,0.0,0.0,3.0,0.0,Cruzamento,Bom,Sem defeito,Perfeito estado,Não informado,Não informado,Faixa de pedestre,Não informado,60.0,Não informado,Não informado,Não informado,2020,10,21,2,17.0
2020-10-21,21:30:00,COM VÍTIMA,FINALIZADA,VÁRZEA,RUA EMILIANO BRAGA,AV PROFESSOR MORAES REGO,AO LADO DO TERMINAL INTEGRADO CDU.,VÁRZEA,SUBURBIO,ABALROAMENTO LONGITUDINAL,COLISÃO ENTRE ÔNIBUS E MOTO- C/V,1.0,1.0,0.0,0.0,0.0,1.0,0.0,0.0,0.0,1.0,0.0,Esquina,Bom,Não existe,Perfeito estado,Seca,Perfeito estado,Não existe,Não há placas,60.0,Única,Não existe,Não informado,2020,10,21,2,21.0
2020-10-22,07:01:00,COM VÍTIMA,FINALIZADA,GRAÇAS,AV RUI BARBOSA,Não informado,EM FRENTE AO COLEGIO MARISTA SÃO LUIZ.,GRAÇAS,CIDADE,ABALROAMENTO LONGITUDINAL,COLISÃO COM VITIMA,1.0,1.0,0.0,0.0,0.0,1.0,0.0,0.0,0.0,1.0,0.0,Longo da via,Chuvoso,Não existe,Perfeito estado,Seca,Perfeito estado,Não existe,R-6a,60.0,Única,Faixa seccionada,Não informado,2020,10,22,3,7.0
2020-10-22,07:35:00,SEM VÍTIMA,FINALIZADA,SANTO AMARO,AV CRUZ CABUGA,Não informado,PROXIMO AO MAERCADO DE SANTO AMARO,SANTO AMARO,Não informado,COLISÃO,Não informado,1.0,1.0,0.0,0.0,0.0,0.0,1.0,0.0,0.0,0.0,0.0,Longo da via,Bom,Sem defeito,Perfeito estado,Seca,Perfeito estado,Faixa de pedestre,Não informado,60.0,Dupla,Faixa contínua,Não informado,2020,10,22,3,7.0
2020-10-22,07:38:00,SEM VÍTIMA,FINALIZADA,SANTO ANTÔNIO,RUA DA CONCORDIA,Não informado,AO LADO DO EDIFICIO GARAGEM DA SECRETARIA DA FAZENDA,SANTO ANTÔNIO,Não informado,COLISÃO,COLISÃO SEM VITIMAS,1.0,1.0,0.0,0.0,0.0,0.0,1.0,0.0,0.0,0.0,0.0,Longo da via,Bom,Sem defeito,Perfeito estado,Seca,Perfeito estado,Outros,Não há placas,40.0,Única,Outros,Não informado,2020,10,22,3,7.0
2020-10-22,08:21:00,COM VÍTIMA,FINALIZADA,AREIAS,AV DR JOSE RUFINO,Não informado,IGREJA DO BARRO,AREIAS,CIDADE,COLISÃO,COM VITIMAS/ SAMU NO LOCAL,1.0,1.0,0.0,0.0,0.0,0.0,0.0,0.0,0.0,1.0,0.0,Não informado,Não informado,Não informado,Não informado,Não informado,Não informado,Não informado,Não informado,60.0,Não informado,Não informado,Não informado,2020,10,22,3,8.0
2020-10-22,13:59:00,COM VÍTIMA,FINALIZADA,AFOGADOS,RUA SAO MIGUEL,RUA DR ROBENILDO ROCHA LEAO,PROX AO PARAISO DO PET,AFOGADOS,SUBURBIO,ABALROAMENTO TRANSVERSAL,COLISAO ENTRE AUTO E MOTO COM UMA VITIMA,1.0,1.0,0.0,0.0,0.0,0.0,0.0,0.0,0.0,1.0,0.0,Cruzamento,Bom,Não existe,Perfeito estado,Seca,Perfeito estado,Não existe,Não há placas,60.0,Dupla,Faixa contínua,Não informado,2020,10,22,3,13.0
2020-10-22,18:48:00,COM VÍTIMA,FINALIZADA,DOIS IRMÃOS,RUA DOIS IRMAOS,AV DA RECUPERACAO,SOB O VIADUTO DE DOIS IRMÃOS,DOIS IRMÃOS,CIDADE,CHOQUE OBJETO FIXO,VIATURA DA POLICIA MILITAR CHOCOU-SE CONTRA UM POSTE - C/VITIMA,1.0,1.0,0.0,0.0,0.0,0.0,0.0,1.0,0.0,2.0,0.0,Longo da via,Bom,Sem defeito,Perfeito estado,Seca,Perfeito estado,Não existe,R-6a,60.0,Dupla,Faixa contínua,Não informado,2020,10,22,3,18.0
2020-10-23,08:44:00,COM VÍTIMA,FINALIZADA,ALTO JOSÉ DO PINHO,AV NORTE,Não informado,LADO OPOSTO AO ARMAZÉM CORAL.,ALTO JOSÉ DO PINHO,SUBURBIO,COLISÃO TRASEIRA,3 AUTOS E UMA MOTO.,3.0,1.0,0.0,0.0,0.0,0.0,0.0,0.0,0.0,1.0,0.0,Longo da via,Bom,Não existe,Perfeito estado,Seca,Perfeito estado,Não existe,R-6a,60.0,Única,Faixa contínua,Não informado,2020,10,23,4,8.0
2020-10-23,09:01:00,COM VÍTIMA,FINALIZADA,VÁRZEA,RUA GENERAL POLIDORO,RUA AGRICOLANDIA,Não informado,VÁRZEA,Não informado,ATROPELAMENTO,ÔNIBUS E PEDESTRE.,1.0,1.0,0.0,0.0,1.0,1.0,0.0,0.0,0.0,1.0,0.0,Cruzamento,Bom,Sem defeito,Perfeito estado,Seca,Perfeito estado,Faixa de pedestre,Outras,60.0,Dupla,Faixa contínua,Não informado,2020,10,23,4,9.0
2020-10-23,10:02:00,COM VÍTIMA,FINALIZADA,MADALENA,RUA REAL DA TORRE,RUA CONDE DE IRAJA,PRÓXIMO AO SUPERMERCADO EXTRABOM.,MADALENA,SUBURBIO,COLISÃO TRASEIRA,AUTO E MOTO.,1.0,1.0,0.0,0.0,0.0,0.0,0.0,0.0,0.0,1.0,0.0,Longo da via,Bom,Sem defeito,Perfeito estado,Seca,Perfeito estado,Faixa de pedestre,R-6a,60.0,Única,Faixa seccionada,Não informado,2020,10,23,4,10.0
2020-10-23,10:39:00,COM VÍTIMA,FINALIZADA,ARRUDA,AV BEBERIBE,AV PROFESSOR JOSE DOS ANJOS,Não informado,ARRUDA,SUBURBIO,CHOQUE VEÍCULO PARADO,COLISÃO ENTRE AUTO E MOTOCICLETA,1.0,1.0,0.0,0.0,0.0,0.0,0.0,0.0,0.0,1.0,0.0,Longo da via,Bom,Sem defeito,Perfeito estado,Seca,Perfeito estado,Faixa de pedestre,R-6a,60.0,Dupla,Faixa seccionada,Não informado,2020,10,23,4,10.0
2020-10-23,12:31:00,COM VÍTIMA,FINALIZADA,CAMPO GRANDE,RUA PRUDENTE DE MORAES,RUA CARLOS FERNANDES,ULTRAGÁS.,CAMPO GRANDE,CIDADE,ABALROAMENTO TRANSVERSAL,DOIS AUTOS,2.0,1.0,0.0,0.0,0.0,0.0,0.0,0.0,0.0,3.0,0.0,Cruzamento,Bom,Não existe,Perfeito estado,Seca,Perfeito estado,Faixa de retenção,Placas Pare,30.0,Dupla,Faixa seccionada,Não informado,2020,10,23,4,12.0
2020-10-23,13:36:00,COM VÍTIMA,FINALIZADA,BOA VIAGEM,AV DOM JOAO VI,RUA PEDRO PAES DE MENDONCA,POR TRÁS DO BIG BOMPRECO DE BOA VIAGEM.,BOA VIAGEM,CIDADE,ABALROAMENTO LONGITUDINAL,COLISAO ENVOLVENDO AUTO E MOTO COM VITIMA,1.0,1.0,0.0,0.0,0.0,0.0,0.0,0.0,0.0,1.0,0.0,Cruzamento,Bom,Sem defeito,Perfeito estado,Seca,Perfeito estado,Faixa de pedestre,Não há placas,60.0,Dupla,Faixa seccionada,Não informado,2020,10,23,4,13.0
2020-10-23,16:29:00,COM VÍTIMA,FINALIZADA,TAMARINEIRA,AV CONS ROSA E SILVA,Não informado,EM FRENTE AO EDF. TABOCAS,TAMARINEIRA,SUBURBIO,CHOQUE OBJETO FIXO,CICLISTA PERDEU O CONTROLE DA BICICLETA E COLIDIU NO POSTE.,1.0,1.0,0.0,1.0,0.0,0.0,0.0,0.0,0.0,1.0,0.0,Longo da via,Bom,Não existe,Perfeito estado,Seca,Perfeito estado,Não existe,Não há placas,60.0,Única,Faixa seccionada,Não informado,2020,10,23,4,16.0
2020-10-23,20:24:00,COM VÍTIMA,CANCELADA,AFOGADOS,RUA VINTE E UM DE ABRIL,Não informado,EM FRENTE AO CLUBE FERROVIARIO,AFOGADOS,Não informado,ATROPELAMENTO,Não informado,1.0,1.0,0.0,0.0,1.0,0.0,0.0,0.0,0.0,1.0,0.0,Não informado,Não informado,Não informado,Não informado,Não informado,Não informado,Não informado,Não informado,60.0,Não informado,Não informado,Não informado,2020,10,23,4,20.0
2020-10-23,23:37:00,COM VÍTIMA,FINALIZADA,SANTO AMARO,VDO ENG ROBERTO PEREIRA DE CARVALHO,Não informado,EM CIMA DO VIADUTO PROXIMO AO SHOPPING TACARUNA.,SANTO AMARO,SUBURBIO,COLISÃO TRASEIRA,VEICULOS SOBRE VIADUTO,2.0,1.0,0.0,0.0,0.0,0.0,0.0,0.0,0.0,1.0,0.0,Viaduto,Bom,Não existe,Perfeito estado,Seca,Perfeito estado,Não existe,Não há placas,60.0,Única,Faixa seccionada,Não informado,2020,10,23,4,23.0
2020-10-24,01:35:00,SEM VÍTIMA,FINALIZADA,PINA,AV REPUBLICA ARABE UNIDA,Não informado,PRÓXIMO AO SHOPPING RIOMAR,PINA,CIDADE,ABALROAMENTO LONGITUDINAL,Não informado,1.0,1.0,0.0,0.0,0.0,0.0,0.0,0.0,0.0,0.0,0.0,Não informado,Bom,Não existe,Perfeito estado,Seca,Perfeito estado,Não informado,Não informado,60.0,Única,Faixa seccionada,Não informado,2020,10,24,5,1.0
2020-10-24,01:39:00,COM VÍTIMA,CANCELADA,SAN MARTIN,RUA DUARTE FILHO,Não informado,PROX A LOMBADA DA GENERAL SAN MARTIN,SAN MARTIN,Não informado,COLISÃO,Não informado,1.0,1.0,0.0,0.0,0.0,0.0,0.0,0.0,0.0,1.0,0.0,Não informado,Não informado,Não informado,Não informado,Não informado,Não informado,Não informado,Não informado,60.0,Não informado,Não informado,Não informado,2020,10,24,5,1.0
2020-10-24,11:07:00,COM VÍTIMA,FINALIZADA,MADALENA,RUA CARLOS GOMES,RUA GOMES TABORDA,EM FRENTE AO EDIFICIO JOAQUIM BANDEIRA,MADALENA,CIDADE,ABALROAMENTO LONGITUDINAL,COLISÃO COM VITIMA A ESPERA DO SAMU,1.0,1.0,0.0,0.0,0.0,0.0,0.0,0.0,0.0,1.0,0.0,Longo da via,Bom,Sem defeito,Perfeito estado,Seca,Perfeito estado,Não existe,R-6a,60.0,Dupla,Faixa seccionada,Não informado,2020,10,24,5,11.0
2020-10-24,12:09:00,COM VÍTIMA,CANCELADA,BOA VIAGEM,AV ENGENHEIRO DOMINGOS FERREIRA,Não informado,E/F AO BIG BOMPREÇO S/T PIEDADE,BOA VIAGEM,Não informado,COLISÃO,COLISAO ENTRE ONIBUS E AUTO COM UMA VITIMA,1.0,1.0,0.0,0.0,0.0,0.0,0.0,0.0,0.0,1.0,0.0,Não informado,Não informado,Não informado,Não informado,Não informado,Não informado,Não informado,Não informado,60.0,Não informado,Não informado,Não informado,2020,10,24,5,12.0
2020-10-24,12:13:00,COM VÍTIMA,FINALIZADA,CAMPINA DO BARRETO,AV POETA VINICIUS DE MORAIS,Não informado,SENTIDO CAMPO GRANDE /LADO OPOSTO A ASSEMBLEIA DE DEUS,CAMPINA DO BARRETO,SUBURBIO,ATROPELAMENTO,COM VÍTIMA,1.0,1.0,0.0,0.0,1.0,0.0,0.0,0.0,0.0,2.0,0.0,Longo da via,Bom,Não existe,Perfeito estado,Seca,Perfeito estado,Não existe,Não há placas,60.0,Dupla,Faixa seccionada,Não informado,2020,10,24,5,12.0
2020-10-24,13:06:00,COM VÍTIMA,FINALIZADA,SANTO AMARO,AV NORTE,Não informado,COLISAO SOBRE O VIADUTO PRESIDENTE MÉDICI.,SANTO AMARO,CIDADE,COLISÃO TRASEIRA,VT 13 NO LOCAL,1.0,1.0,0.0,0.0,0.0,1.0,0.0,0.0,0.0,1.0,0.0,Viaduto,Bom,Não existe,Perfeito estado,Seca,Perfeito estado,Não existe,Não há placas,60.0,Dupla,Faixa seccionada,Não informado,2020,10,24,5,13.0
2020-10-24,14:49:00,COM VÍTIMA,FINALIZADA,PRADO,AV ENGENHEIRO ABDIAS DE CARVALHO,RUA JOAO IVO DA SILVA,HABIB'S.,PRADO,Não informado,ABALROAMENTO LONGITUDINAL,INFORMAÇÕES COLHIDAS NO LOCAL PELOS AGENTES - QUE O OUTRO VEÍCULO EVADIU-SE.,1.0,1.0,0.0,0.0,0.0,0.0,0.0,0.0,0.0,1.0,0.0,Longo da via,Bom,Sem defeito,Perfeito estado,Seca,Perfeito estado,Faixa de pedestre,Outras,60.0,Dupla,Faixa contínua,Não informado,2020,10,24,5,14.0
2020-10-24,16:29:00,COM VÍTIMA,FINALIZADA,ESPINHEIRO,AV GOVERNADOR AGAMENON MAGALHAES,RUA BUENOS AYRES,EM FRENTE AO BANCO DO NORDESTE,ESPINHEIRO,Não informado,COLISÃO TRASEIRA,COLISÃO COM VÍTIMA,3.0,1.0,0.0,0.0,0.0,0.0,0.0,0.0,0.0,2.0,0.0,Longo da via,Bom,Sem defeito,Perfeito estado,Seca,Perfeito estado,Faixa de retenção,Não informado,60.0,Dupla,Outros,Não informado,2020,10,24,5,16.0
2020-10-24,17:17:00,COM VÍTIMA,FINALIZADA,ENGENHO DO MEIO,RUA ANTONIO CURADO,AV MUCIO UCHOA CAVALCANTE,EM FRENTE AO BOM PASTOR,ENGENHO DO MEIO,Não informado,ABALROAMENTO LONGITUDINAL,COLISÃO COM VÍTIMA,1.0,1.0,0.0,0.0,0.0,0.0,0.0,0.0,0.0,2.0,0.0,Cruzamento,Bom,Não existe,Ilegível,Seca,Perfeito estado,Faixa de retenção,Não há placas,40.0,Dupla,Faixa seccionada,Não informado,2020,10,24,5,17.0
2020-10-24,19:39:00,COM VÍTIMA,FINALIZADA,IPUTINGA,AV MAURICIO DE NASSAU,Não informado,PROX A LOMBADA ELETRONICA,IPUTINGA,SUBURBIO,ATROPELAMENTO,PEDESTRE X MOTO,1.0,1.0,0.0,0.0,2.0,0.0,0.0,0.0,0.0,3.0,0.0,Longo da via,Bom,Não existe,Ilegível,Seca,Mal conservada,Não existe,Não informado,60.0,Dupla,Não existe,Não informado,2020,10,24,5,19.0
2020-10-25,08:01:00,SEM VÍTIMA,FINALIZADA,BOA VIAGEM,AVENIDA CELSO FURTADO (VIA MANGUE),Não informado,NA ALÇA DA ESQUERDA -ANTES DO BIG BOMPREÇO,BOA VIAGEM,SUBURBIO,CHOQUE,VEÍCULO PARADO -SINALIZADO COM O TRIANGULO E COM O AIRBAG ACIONADOS E O EIXO DIANTEIRO QUEBRADO-OCUPANDO A FAIXA DA DIREITA.SEM CONDUTOR,1.0,1.0,0.0,0.0,0.0,0.0,0.0,0.0,0.0,0.0,0.0,Não informado,Não informado,Não informado,Não informado,Não informado,Não informado,Não informado,Não informado,60.0,Não informado,Não informado,Não informado,2020,10,25,6,8.0
2020-10-25,10:00:00,COM VÍTIMA,FINALIZADA,TEJIPIÓ,RUA FALCAO DE LACERDA,RUA QUINZE DE NOVEMBRO,EM FRENTE AO CARTORIO DE TEJIPIO. LADO OPOSTO A MAXICLÍNICA MÉDICA AQUI DOUTOR.,TEJIPIÓ,SUBURBIO,ABALROAMENTO LONGITUDINAL,COM UMA VITIMA AGUARDANDO SAMU,2.0,1.0,0.0,0.0,0.0,0.0,0.0,0.0,0.0,1.0,0.0,Longo da via,Bom,Sem defeito,Perfeito estado,Seca,Perfeito estado,Não existe,Outras,60.0,Dupla,Faixa contínua,Não informado,2020,10,25,6,10.0
2020-10-25,12:26:00,SEM VÍTIMA,FINALIZADA,IMBIRIBEIRA,RUA JOAQUIM BANDEIRA,AV SUL,Não informado,IMBIRIBEIRA,Não informado,ABALROAMENTO TRANSVERSAL,COLISÃO COM SUSPEITA DE ALCOLEMIA,2.0,1.0,0.0,0.0,0.0,0.0,0.0,0.0,0.0,0.0,0.0,Cruzamento,Bom,Não existe,Incompleta,Seca,Perfeito estado,Não existe,R-4a,60.0,Única,Faixa seccionada,Não informado,2020,10,25,6,12.0
2020-10-27,09:00:00,COM VÍTIMA,FINALIZADA,VASCO DA GAMA,RUA VASCO DA GAMA,Não informado,SESI DO VASCO DA GAMA,VASCO DA GAMA,SUBURBIO,ABALROAMENTO TRANSVERSAL,COM VÍTIMA- AUTOMÓVEL EVADIU-SE,1.0,1.0,0.0,0.0,0.0,0.0,0.0,0.0,0.0,2.0,0.0,Cruzamento,Bom,Não existe,Incompleta,Seca,Perfeito estado,Não existe,Placas Pare,30.0,Dupla,Não existe,Não informado,2020,10,27,1,9.0
2020-10-27,11:00:00,COM VÍTIMA,FINALIZADA,ILHA DO RETIRO,RUA SPORT CLUBE DO RECIFE,Não informado,LADO OPOSTO AO ESTÁDIO DO SPORT.,ILHA DO RETIRO,SUBURBIO,COLISÃO TRASEIRA,COM UMA VITIMA AGUARDANDO SAMU,1.0,1.0,0.0,0.0,0.0,0.0,0.0,0.0,0.0,1.0,0.0,Longo da via,Bom,Sem defeito,Perfeito estado,Seca,Perfeito estado,Faixa de pedestre,Não há placas,60.0,Dupla,Canteiro central,Não informado,2020,10,27,1,11.0
2020-10-27,11:00:00,COM VÍTIMA,FINALIZADA,CORDEIRO,AV CAXANGA,Não informado,EM FRENTE A IGREJA DE SÃO SEBASTIÃO,CORDEIRO,CIDADE,COLISÃO COM CICLISTA,ÔNIBUS E BICICLETA,1.0,1.0,0.0,1.0,0.0,0.0,0.0,0.0,0.0,1.0,0.0,Longo da via,Bom,Não existe,Perfeito estado,Seca,Perfeito estado,Não existe,Não há placas,60.0,Dupla,Canteiro central,Não informado,2020,10,27,1,11.0
2020-10-27,19:03:00,COM VÍTIMA,CANCELADA,PINA,PTE AGAMENON MAGALHAES,Não informado,Não informado,PINA,CIDADE,COLISÃO,Não informado,1.0,1.0,0.0,0.0,0.0,0.0,0.0,0.0,0.0,1.0,0.0,Não informado,Não informado,Não informado,Não informado,Não informado,Não informado,Não informado,Não informado,60.0,Não informado,Não informado,Não informado,2020,10,27,1,19.0
2020-10-27,20:14:00,COM VÍTIMA,CANCELADA,ENCRUZILHADA,AV NORTE,AV JOAO DE BARROS,Não informado,ENCRUZILHADA,Não informado,COLISÃO,Não informado,1.0,1.0,0.0,0.0,0.0,0.0,0.0,0.0,0.0,1.0,0.0,Não informado,Não informado,Não informado,Não informado,Não informado,Não informado,Não informado,Não informado,60.0,Não informado,Não informado,Não informado,2020,10,27,1,20.0
2020-10-27,21:47:00,COM VÍTIMA,FINALIZADA,PINA,AV BOA VIAGEM,Não informado,PÓLO PINA,PINA,CIDADE,ATROPELAMENTO,MOTO E PEDESTRE.,1.0,1.0,0.0,0.0,1.0,0.0,0.0,0.0,0.0,2.0,0.0,Longo da via,Bom,Sem defeito,Perfeito estado,Seca,Mal iluminada,Faixa de pedestre,Outras,60.0,Única,Faixa contínua,Não informado,2020,10,27,1,21.0
2020-10-28,07:14:00,COM VÍTIMA,FINALIZADA,DERBY,AV GOVERNADOR AGAMENON MAGALHAES,Não informado,EM FRENTE AO HOSPITAL MEMORIAL SÃO JOSE- SENT. BOA VIAGEM. EM FRENTE AO CERPE.,DERBY,CIDADE,TOMBAMENTO,AUTO E MOTO C/V.,1.0,1.0,0.0,0.0,0.0,0.0,0.0,0.0,0.0,1.0,0.0,Longo da via,Bom,Não existe,Perfeito estado,Seca,Perfeito estado,Não existe,Outras,60.0,Dupla,Faixa contínua,Não informado,2020,10,28,2,7.0
2020-10-28,09:32:00,SEM VÍTIMA,FINALIZADA,DERBY,AV GOVERNADOR AGAMENON MAGALHAES,RUA JOAQUIM NABUCO,AO LADO DA RESTAURAÇÃO,DERBY,Não informado,COLISÃO,AUTO E AMBULANCIA (OFICIAL),1.0,1.0,0.0,0.0,0.0,0.0,0.0,1.0,0.0,0.0,0.0,Cruzamento,Bom,Sem defeito,Perfeito estado,Seca,Perfeito estado,Faixa de pedestre,Outras,60.0,Única,Faixa seccionada,Não informado,2020,10,28,2,9.0
2020-10-28,12:32:00,COM VÍTIMA,FINALIZADA,IMBIRIBEIRA,RUA BARAO DE AGUA BRANCA,RUA DUQUE ESTRADA,EM FRENTE AO ESPETINHO DO CHEFE E A POUSADA SOL E MAR,IMBIRIBEIRA,CIDADE,ABALROAMENTO TRANSVERSAL,COLISÃO COM VÍTIMA,2.0,1.0,0.0,0.0,0.0,0.0,0.0,0.0,0.0,1.0,0.0,Cruzamento,Bom,Não existe,Incompleta,Seca,Perfeito estado,Não existe,Placas Pare,60.0,Dupla,Não existe,Não informado,2020,10,28,2,12.0
2020-10-28,14:12:00,COM VÍTIMA,FINALIZADA,VASCO DA GAMA,RUA VASCO DA GAMA,Não informado,NA RUA DO SESI DO VASCO AO LADO DO CONSUTORIO ODONTOLOGICO DRA CAROLINA ARTEIRO.,VASCO DA GAMA,CIDADE,COLISÃO FRONTAL,COLISAO ENTRE AUTO E MOTO COM UMA VITIMA,1.0,1.0,0.0,0.0,0.0,0.0,0.0,0.0,0.0,1.0,0.0,Longo da via,Bom,Não existe,Perfeito estado,Seca,Perfeito estado,Não existe,Outras,60.0,Dupla,Não existe,Não informado,2020,10,28,2,14.0
2020-10-28,15:48:00,COM VÍTIMA,CANCELADA,AFOGADOS,RUA COSME VIANA,Não informado,APOS A FIORI NO SEMAFORO 303,AFOGADOS,Não informado,COLISÃO,COLISAO ENTRE AUTO E MOTO,1.0,1.0,0.0,0.0,0.0,0.0,0.0,0.0,0.0,1.0,0.0,Não informado,Não informado,Não informado,Não informado,Não informado,Não informado,Não informado,Não informado,60.0,Não informado,Não informado,Não informado,2020,10,28,2,15.0
2020-10-28,16:16:00,SEM VÍTIMA,FINALIZADA,BOA VIAGEM,AV ENGENHEIRO DOMINGOS FERREIRA,Não informado,EM FRENTE A PAMESA CERAMICA,BOA VIAGEM,Não informado,COLISÃO,COLISÃO SEM VÍTIMA,1.0,1.0,0.0,0.0,0.0,0.0,0.0,0.0,0.0,0.0,0.0,Longo da via,Bom,Sem defeito,Perfeito estado,Seca,Perfeito estado,Faixa de pedestre,Outras,60.0,Única,Faixa contínua,Não informado,2020,10,28,2,16.0
2020-10-28,17:30:00,COM VÍTIMA,FINALIZADA,SANTO AMARO,AV CRUZ CABUGA,Não informado,EM FRENTE AO TACARUNA / SENTIDO OLINDA E AO POSTE B030809.,SANTO AMARO,SUBURBIO,ATROPELAMENTO,ATROPELAMENTO COM VÍTIMA ENTRE ÔNIBUS E PEDESTRE.,1.0,1.0,0.0,0.0,1.0,1.0,0.0,0.0,0.0,1.0,0.0,Longo da via,Bom,Sem defeito,Perfeito estado,Seca,Perfeito estado,Outros,Não há placas,60.0,Dupla,Canteiro central,Não informado,2020,10,28,2,17.0
2020-10-28,17:55:00,COM VÍTIMA,FINALIZADA,CASA AMARELA,RUA MAJOR NEREU GUERRA,Não informado,EM FRENTE AO COLÉGIO PADRE MACHADO,CASA AMARELA,Não informado,CHOQUE OBJETO FIXO,MOTO ACABOU SE CHOCANDO CONTRA O POSTE. CONDUTOR VITIMADO ESTA DESACORDADO. C/V,1.0,1.0,0.0,0.0,0.0,0.0,0.0,0.0,0.0,1.0,0.0,Não informado,Não informado,Não informado,Não informado,Não informado,Não informado,Não informado,Não informado,60.0,Não informado,Não informado,Não informado,2020,10,28,2,17.0
2020-10-28,18:43:00,SEM VÍTIMA,CANCELADA,MADALENA,RUA DEMOSTENES DE OLINDA,Não informado,PROX AO COLEGIO EQUIPE,MADALENA,Não informado,COLISÃO,CAMINHAO X JEEP    OBS: VT 10 DA CTTU ESTA NO LOCAL,1.0,1.0,0.0,0.0,0.0,0.0,1.0,0.0,0.0,0.0,0.0,Não informado,Não informado,Não informado,Não informado,Não informado,Não informado,Não informado,Não informado,60.0,Não informado,Não informado,Não informado,2020,10,28,2,18.0
2020-10-28,20:56:00,COM VÍTIMA,FINALIZADA,DERBY,RUA JENER DE SOUZA,PRC DO DERBY,E/F A PRC DO DERBY E QUARTEL // VT 25 NO LOCAL,DERBY,CIDADE,ABALROAMENTO TRANSVERSAL,ÕNIBUS X MOTO. C/V,1.0,1.0,0.0,0.0,0.0,0.0,0.0,0.0,0.0,2.0,0.0,Cruzamento,Bom,Sem defeito,Perfeito estado,Seca,Perfeito estado,Faixa de pedestre,R-4b,50.0,Única,Canteiro central,Não informado,2020,10,28,2,20.0
2020-10-29,07:47:00,COM VÍTIMA,CANCELADA,TEJIPIÓ,AV DR JOSE RUFINO,Não informado,E/F AO EDF. NINA MACHADO,TEJIPIÓ,Não informado,COLISÃO,COLISÃO C/VITIMA ENTRE UM AUTO E MOTO (MOTOCICLETA NÃO SE ENCONTRA NO QTH),1.0,1.0,0.0,0.0,0.0,0.0,0.0,0.0,0.0,1.0,0.0,Não informado,Não informado,Não informado,Não informado,Não informado,Não informado,Não informado,Não informado,60.0,Não informado,Não informado,Não informado,2020,10,29,3,7.0
2020-10-29,08:03:00,COM VÍTIMA,FINALIZADA,PORTO DA MADEIRA,AV BEBERIBE,RUA DALVA DE OLIVEIRA,SENAI.,PORTO DA MADEIRA,SUBURBIO,ABALROAMENTO TRANSVERSAL,MOTO E AUTO,1.0,1.0,0.0,0.0,0.0,0.0,0.0,0.0,0.0,1.0,0.0,Cruzamento,Bom,Sem defeito,Perfeito estado,Seca,Perfeito estado,Faixa de pedestre,R-6a,60.0,Dupla,Faixa contínua,Não informado,2020,10,29,3,8.0
2020-10-29,10:55:00,COM VÍTIMA,FINALIZADA,CASA AMARELA,EST DO ARRAIAL,Não informado,EM FRENTE A IGREJA HARMONIA,CASA AMARELA,SUBURBIO,ATROPELAMENTO,MOTO E PEDESTRE.,1.0,1.0,0.0,0.0,1.0,0.0,0.0,0.0,0.0,1.0,0.0,Longo da via,Bom,Sem defeito,Perfeito estado,Seca,Perfeito estado,Não existe,Não há placas,40.0,Única,Faixa contínua,Não informado,2020,10,29,3,10.0