data,hora,natureza_acidente,situacao,bairro,endereco,detalhe_endereco_acidente,complemento,bairro_cruzamento,sentido_via,tipo,descricao,auto,moto,ciclom,ciclista,pedestre,onibus,caminhao,viatura,outros,vitimas,vitimasfatais,acidente_verificado,tempo_clima,situacao_semaforo,sinalizacao,condicao_via,conservacao_via,ponto_controle,situacao_placa,velocidade_max_via,mao_direcao,divisao_via1,natureza,ano,mes,dia,dia_semana,hora_ocorrencia
2020-10-29,12:31:00,COM VÍTIMA,FINALIZADA,BOA VISTA,AV VISCONDE DE SUASSUNA,RUA GOUVEIA DE BARROS,EM FRENTE A UMA GALERIA DE NUMERO 775,BOA VISTA,SUBURBIO,ABALROAMENTO LONGITUDINAL,COLISÃO MOTO X CARRO / AGENTES NO LOCAL WELLINGTON E MADSON,1.0,1.0,0.0,0.0,0.0,0.0,0.0,0.0,0.0,2.0,0.0,Cruzamento,Bom,Não existe,Perfeito estado,Seca,Perfeito estado,Não existe,Não informado,60.0,Não informado,Não informado,Não informado,2020,10,29,3,12.0
2020-10-29,12:44:00,COM VÍTIMA,FINALIZADA,VÁRZEA,RUA PROFESSOR ANTONIO COELHO,RUA EMILIANO BRAGA,PROX A CAXANGA VEICULOS,VÁRZEA,SUBURBIO,ABALROAMENTO TRANSVERSAL,COLISAO ENTRE ONIBUS E MOTO COM VITIMA,1.0,1.0,0.0,0.0,0.0,1.0,0.0,0.0,0.0,1.0,0.0,Cruzamento,Bom,Não existe,Perfeito estado,Seca,Perfeito estado,Faixa de pedestre,R-6a,60.0,Única,Faixa seccionada,Não informado,2020,10,29,3,12.0
2020-10-29,15:28:00,SEM VÍTIMA,CANCELADA,AREIAS,AV RECIFE,Não informado,EM FRENTE AO GALETUS,AREIAS,Não informado,COLISÃO,SUPOSTAMENTE COM VÍTIMA,1.0,1.0,0.0,0.0,0.0,0.0,0.0,0.0,0.0,0.0,0.0,Não informado,Não informado,Não informado,Não informado,Não informado,Não informado,Não informado,Não informado,60.0,Não informado,Não informado,Não informado,2020,10,29,3,15.0
2020-10-30,07:05:00,COM VÍTIMA,FINALIZADA,IMBIRIBEIRA,AV MARECHAL MASCARENHAS DE MORAES,Não informado,EM FRENTE AO AEROPORTO- SENT. JABOATÃO,IMBIRIBEIRA,SUBURBIO,COLISÃO TRASEIRA,MOTO E AUTO C/V,1.0,1.0,0.0,0.0,0.0,0.0,0.0,0.0,0.0,1.0,0.0,Longo da via,Bom,Sem defeito,Perfeito estado,Seca,Perfeito estado,Faixa de pedestre,R-6a,60.0,Dupla,Faixa contínua,Não informado,2020,10,30,4,7.0
2020-10-30,07:11:00,COM VÍTIMA,FINALIZADA,IMBIRIBEIRA,AV MARECHAL MASCARENHAS DE MORAES,Não informado,EM FRENTE AO AEROPORTO- SENT. CIDADE. EM FRENTE A LOCALIZA HERTZ.,IMBIRIBEIRA,CIDADE,COLISÃO TRASEIRA,AUTO E MOTO C/V,1.0,1.0,0.0,0.0,0.0,0.0,0.0,0.0,0.0,1.0,0.0,Longo da via,Bom,Sem defeito,Perfeito estado,Seca,Perfeito estado,Faixa de pedestre,Não há placas,60.0,Dupla,Canteiro central,Não informado,2020,10,30,4,7.0
2020-10-30,08:12:00,COM VÍTIMA,CANCELADA,CAMPO GRANDE,RUA JERONIMO VILELA,Não informado,EM FRENTE A IGREJA DO EVANGELHO QUADRANGULAR,CAMPO GRANDE,Não informado,COLISÃO,AUTO E MOTO C/V,1.0,1.0,0.0,0.0,0.0,0.0,0.0,0.0,0.0,1.0,0.0,Não informado,Não informado,Não informado,Não informado,Não informado,Não informado,Não informado,Não informado,60.0,Não informado,Não informado,Não informado,2020,10,30,4,8.0
2020-10-30,09:09:00,SEM VÍTIMA,FINALIZADA,SANTO AMARO,AV CRUZ CABUGA,Não informado,FANIP,SANTO AMARO,CIDADE,ABALROAMENTO LONGITUDINAL,COLISÃO COM VEICULO OFICIAL,2.0,1.0,0.0,0.0,0.0,0.0,0.0,0.0,0.0,0.0,0.0,Longo da via,Bom,Não existe,Perfeito estado,Seca,Perfeito estado,Não existe,Outras,60.0,Dupla,Faixa contínua,Não informado,2020,10,30,4,9.0
2020-10-30,13:30:00,SEM VÍTIMA,CANCELADA,BOA VIAGEM,RUA SETUBAL,Não informado,E/F A CENTRAL DA OI,BOA VIAGEM,Não informado,COLISÃO,COLISO ENTRE AUTO E MOTO SEM VITIMA,1.0,1.0,0.0,0.0,0.0,0.0,0.0,0.0,0.0,0.0,0.0,Não informado,Não informado,Não informado,Não informado,Não informado,Não informado,Não informado,Não informado,60.0,Não informado,Não informado,Não informado,2020,10,30,4,13.0
2020-10-30,22:30:00,COM VÍTIMA,CANCELADA,ENGENHO DO MEIO,AV VISCONDE DE SAO LEOPOLDO,Não informado,PRÓX A EUROFINS E AO LADO DO VIADUTO DA BR 101,ENGENHO DO MEIO,Não informado,ACID. DE PERCURSO,VEÍCULO ACABOU CAPOTANDO PELA VIA. UM DOS PASSAGEIROS FOI SOCORRIDO PELO SAMU.,1.0,1.0,0.0,0.0,0.0,0.0,0.0,0.0,0.0,1.0,0.0,Não informado,Não informado,Não informado,Não informado,Não informado,Não informado,Não informado,Não informado,60.0,Não informado,Não informado,Não informado,2020,10,30,4,22.0
2020-10-30,23:05:00,SEM VÍTIMA,CANCELADA,MACAXEIRA,RUA ANITA,Não informado,UMA RUA ANTES DO CAMPO DA UNIAO,MACAXEIRA,Não informado,COLISÃO,DOIS AUTOS OBS: SUSPEITA DE EMBRIAGUEZ POLICIA MILITAR NO LOCAL,2.0,1.0,0.0,0.0,0.0,0.0,0.0,0.0,0.0,0.0,0.0,Não informado,Não informado,Não informado,Não informado,Não informado,Não informado,Não informado,Não informado,60.0,Não informado,Não informado,Não informado,2020,10,30,4,23.0
2020-10-31,01:43:00,COM VÍTIMA,FINALIZADA,MADALENA,RUA JOSE OSORIO,AV VISCONDE DE ALBUQUERQUE,ESQUINA COM A EXTRA FARMA,MADALENA,CIDADE,ABALROAMENTO TRANSVERSAL,DOIS AUTOS (UMA VT DA PCPE) COM DUAS VITIMA PRESAS NAS FERRAGENS.,2.0,1.0,0.0,0.0,0.0,0.0,0.0,0.0,0.0,2.0,0.0,Cruzamento,Bom,Não informado,Perfeito estado,Seca,Perfeito estado,Faixa de pedestre,Não informado,60.0,Única,Faixa contínua,Não informado,2020,10,31,5,1.0
2020-10-31,03:06:00,COM VÍTIMA,FINALIZADA,IMBIRIBEIRA,AV MARECHAL MASCARENHAS DE MORAES,RUA JALISCO,EM FRENTE AO INTER HOTEL. GERALDÃO.,IMBIRIBEIRA,SUBURBIO,ABALROAMENTO TRANSVERSAL,DOIS AUTOS COM VITIMAS NO LOCAL,2.0,1.0,0.0,0.0,0.0,0.0,0.0,0.0,0.0,3.0,0.0,Cruzamento,Bom,Sem defeito,Perfeito estado,Seca,Perfeito estado,Não existe,Não há placas,60.0,Dupla,Canteiro central,Não informado,2020,10,31,5,3.0
2020-10-31,12:53:00,SEM VÍTIMA,FINALIZADA,CAMPO GRANDE,AV GOVERNADOR AGAMENON MAGALHAES,RUA ODORICO MENDES,LADO OPOSTO AO IC,CAMPO GRANDE,SUBURBIO,ABALROAMENTO TRANSVERSAL,COLISAO DE DOIS AUTOS S/ VITIMAS ( VEICULO OFICIAL DA MARINHA),2.0,1.0,0.0,0.0,0.0,0.0,0.0,0.0,0.0,0.0,0.0,Cruzamento,Bom,Sem defeito,Perfeito estado,Seca,Perfeito estado,Faixa de retenção,Placas Dê a preferência,60.0,Dupla,Faixa contínua,Não informado,2020,10,31,5,12.0
2020-10-31,13:02:00,COM VÍTIMA,FINALIZADA,SÃO JOSÉ,AV SUL,AV DANTAS BARRETO,E/F A PRAÇA SÉRGIO LORETO,SÃO JOSÉ,CIDADE,COLISÃO FRONTAL,COLISÃO C/VITIMA ENTRE UM AUTO E UMA MOTO,1.0,1.0,0.0,0.0,0.0,0.0,0.0,0.0,0.0,1.0,0.0,Cruzamento,Bom,Sem defeito,Perfeito estado,Seca,Perfeito estado,Faixa de retenção,Outras,60.0,Dupla,Faixa seccionada,Não informado,2020,10,31,5,13.0
2020-10-31,15:37:00,COM VÍTIMA,FINALIZADA,SANTO AMARO,RUA DOS PALMARES,RUA TREZE DE MAIO,NO CRUZAMENTO MESMO,SANTO AMARO,SUBURBIO,ABALROAMENTO TRANSVERSAL,COLISAO ENTRE AUTO E MOTO COM VITIMAS,1.0,1.0,0.0,0.0,0.0,0.0,0.0,0.0,0.0,1.0,0.0,Cruzamento,Bom,Sem defeito,Perfeito estado,Seca,Perfeito estado,Faixa de pedestre,Não há placas,60.0,Dupla,Faixa contínua,Não informado,2020,10,31,5,15.0
2020-10-31,17:33:00,COM VÍTIMA,FINALIZADA,CORDEIRO,AV GENERAL SAN MARTIN,Não informado,PRÓXIMO AO CHEUS CONSTRUÇÃO.,CORDEIRO,Não informado,ABALROAMENTO LONGITUDINAL,COM VÍTIMA - A OUTRA PARTE EVADIU-SE,1.0,1.0,0.0,0.0,0.0,0.0,0.0,0.0,0.0,1.0,0.0,Longo da via,Bom,Não existe,Perfeito estado,Seca,Perfeito estado,Outros,R-6a,60.0,Dupla,Faixa contínua,Não informado,2020,10,31,5,17.0
2020-10-31,18:12:00,COM VÍTIMA,FINALIZADA,CORDEIRO,AV MAURICIO DE NASSAU,Não informado,PRÓXIMO AO PARQUE DO CAIARA,CORDEIRO,BR 101,COLISÃO COM CICLISTA,COLISÃO ENTRE AUTO E BICICLETA,1.0,1.0,0.0,1.0,0.0,0.0,0.0,0.0,0.0,1.0,0.0,Longo da via,Bom,Não existe,Ilegível,Seca,Perfeito estado,Não existe,Outras,40.0,Dupla,Faixa contínua,Não informado,2020,10,31,5,18.0
2020-11-01,20:15:00,SEM VÍTIMA,CANCELADA,TEJIPIÓ,RUA FALCAO DE LACERDA,Não informado,E/F A PAROQUIA NOSSA SENHORA DO ROSARIO,TEJIPIÓ,Não informado,COLISÃO,ENTRE 2 AUTOS. S/V. UM DOS CONDUTORES APRESENTAM SINAIS DE EMBRIAGUEZ,2.0,1.0,0.0,0.0,0.0,0.0,0.0,0.0,0.0,0.0,0.0,Não informado,Não informado,Não informado,Não informado,Não informado,Não informado,Não informado,Não informado,60.0,Não informado,Não informado,Não informado,2020,11,1,6,20.0
2020-11-01,22:56:00,COM VÍTIMA,FINALIZADA,CAMPINA DO BARRETO,RUA CORONEL URBANO RIBEIRO DE SENA,Não informado,AO LADO DO CALDINHO CALDELHO,CAMPINA DO BARRETO,SUBURBIO,ATROPELAMENTO,MOTOCICLISTA ATROPELOU UMA CRIANÇA E SEU PAI. AMBAS AGUARDAM A PRESENÇA DO SAMU. O MESMO APRESENTA SINAIS DE EMBRIAGUEZ. C/V,1.0,1.0,0.0,0.0,2.0,0.0,0.0,0.0,0.0,2.0,0.0,Longo da via,Bom,Não existe,Perfeito estado,Seca,Perfeito estado,Não existe,Não há placas,60.0,Dupla,Faixa seccionada,Não informado,2020,11,1,6,22.0
2020-11-02,00:03:00,COM VÍTIMA,FINALIZADA,CABANGA,RUA CAPITAO TEMUDO,Não informado,PROXIMO A LOMBADO ELETRONICA. COMUNIDADE CATÓLICA FILHOS DA MISERICÓRDIA.,CABANGA,SUBURBIO,ATROPELAMENTO ANIMAL,ATROPELAMENTO COM ANIMAL,2.0,1.0,0.0,0.0,0.0,0.0,0.0,0.0,1.0,1.0,0.0,Viaduto,Bom,Não existe,Perfeito estado,Seca,Perfeito estado,Não informado,Não há placas,60.0,Dupla,Outros,Não informado,2020,11,2,0,0.0
2020-11-02,00:12:00,COM VÍTIMA,FINALIZADA,IBURA,AV DOIS RIOS,Não informado,SOB O VIATUDO DA BR 101.,IBURA,CIDADE,COLISÃO FRONTAL,COLISÃO DOIS AUTOS,2.0,1.0,0.0,0.0,0.0,0.0,0.0,0.0,0.0,2.0,0.0,Longo da via,Bom,Não existe,Perfeito estado,Seca,Perfeito estado,Não existe,R-6a,60.0,Dupla,Faixa contínua,Não informado,2020,11,2,0,0.0
2020-11-02,00:52:00,SEM VÍTIMA,CANCELADA,TORRE,RUA CONDE DE IRAJA,Não informado,EM FRENTE A IGREJA DA TORRE,TORRE,Não informado,COLISÃO,ENTRE 2 AUTOS. S/V. UM DOS CONDUTORES APRESENTAM SINAIS DE EMBRIAGUEZ,2.0,1.0,0.0,0.0,0.0,0.0,0.0,0.0,0.0,0.0,0.0,Não informado,Não informado,Não informado,Não informado,Não informado,Não informado,Não informado,Não informado,60.0,Não informado,Não informado,Não informado,2020,11,2,0,0.0
2020-11-02,03:31:00,COM VÍTIMA,FINALIZADA,TORRE,RUA SOUZA BANDEIRA,RUA MARQUES DE MARICA,SEMAFORO 317,TORRE,SUBURBIO,ABALROAMENTO TRANSVERSAL,VT POLICIA MOTO,1.0,1.0,0.0,0.0,0.0,0.0,0.0,1.0,0.0,1.0,0.0,Cruzamento,Bom,Sem defeito,Perfeito estado,Seca,Perfeito estado,Não existe,Não há placas,60.0,Dupla,Faixa seccionada,Não informado,2020,11,2,0,3.0
2020-11-02,08:40:00,COM VÍTIMA,FINALIZADA,IPSEP,RUA JEAN EMILE FAVRE,Não informado,EM FRENTE AO SUPERMERCADO NOVA IGUAÇU,IPSEP,Não informado,COLISÃO,MOTO E AUTO,1.0,1.0,0.0,0.0,0.0,0.0,0.0,0.0,0.0,2.0,0.0,Não informado,Não informado,Não informado,Não informado,Não informado,Não informado,Não informado,Não informado,60.0,Não informado,Não informado,Não informado,2020,11,2,0,8.0
2020-11-02,16:30:00,COM VÍTIMA,FINALIZADA,DOIS UNIDOS,AV HILDEBRANDO DE VASCONCELOS,Não informado,ACADEMIA/SEM NOME... TERMINAL DE DOIS UNIDOS. ARMAZÉM DO NEGO.,DOIS UNIDOS,SUBURBIO,ABALROAMENTO LONGITUDINAL,COM VITIMA AGUARDANDO O SAMU / OBS: FAMILIARES E AMIGOS RECOLHERAM A MOTO. MOTORISTA INFORMA QUE: NÃO SABE PARA ONDE LEVARAM.,1.0,1.0,0.0,0.0,0.0,1.0,0.0,0.0,0.0,1.0,0.0,Longo da via,Bom,Não existe,Perfeito estado,Seca,Perfeito estado,Não existe,Não há placas,60.0,Dupla,Faixa seccionada,Não informado,2020,11,2,0,16.0
2020-11-02,17:13:00,COM VÍTIMA,FINALIZADA,TEJIPIÓ,AV LIBERDADE,Não informado,EM FRENTE DO CEMITERIO PARQUE DAS FLORES,TEJIPIÓ,SUBURBIO,ABALROAMENTO LONGITUDINAL,COM VITIMA ESTA AGUARDANDO ATENDIMENTO DO SAMU,1.0,1.0,0.0,0.0,0.0,0.0,0.0,0.0,0.0,1.0,0.0,Longo da via,Bom,Não existe,Incompleta,Seca,Perfeito estado,Não existe,Não há placas,30.0,Dupla,Faixa contínua,Não informado,2020,11,2,0,17.0
2020-11-02,18:00:00,COM VÍTIMA,FINALIZADA,DERBY,RUA DR SEVERINO PINHEIRO,Não informado,NA PRAÇA DO DERBY MESMO. QUARTEL DO DERBY.,DERBY,SUBURBIO,CHOQUE OBJETO FIXO,CHOQUE MOTO NO CANTEIRO,1.0,1.0,0.0,0.0,0.0,0.0,0.0,0.0,0.0,1.0,0.0,Longo da via,Bom,Sem defeito,Perfeito estado,Seca,Perfeito estado,Faixa de pedestre,R-6a,60.0,Única,Canteiro central,Não informado,2020,11,2,0,18.0
2020-11-03,08:00:00,SEM VÍTIMA,FINALIZADA,CAXANGÁ,AV CAXANGA,Não informado,PROX A INTEGRAÇÃO  DA CAXANGA,CAXANGÁ,Não informado,COLISÃO,COLISÃO SEM VITIMAS GM RENAN QTH,1.0,1.0,0.0,0.0,0.0,0.0,0.0,1.0,0.0,0.0,0.0,Longo da via,Bom,Sem defeito,Perfeito estado,Seca,Perfeito estado,Agente,Outras,60.0,Dupla,Faixa contínua,Não informado,2020,11,3,1,8.0
2020-11-03,08:11:00,COM VÍTIMA,FINALIZADA,AREIAS,AV DR JOSE RUFINO,RUA DOMINGOS TEOTONIO,EM FRENTE AO COLEGIO IMACULADA CONCEIÇÃO . PIZZA HOT.,AREIAS,CIDADE,COLISÃO FRONTAL,AUTO E MOTO.,1.0,1.0,0.0,0.0,0.0,0.0,0.0,0.0,0.0,1.0,0.0,Longo da via,Bom,Sem defeito,Perfeito estado,Seca,Perfeito estado,Faixa de retenção,Placas Pare,60.0,Dupla,Faixa contínua,Não informado,2020,11,3,1,8.0
2020-11-03,09:34:00,COM VÍTIMA,FINALIZADA,ARRUDA,AV BEBERIBE,Não informado,EM FRENTE AO BOMPREÇO E ESTÁDIO DE FUTEBOL SANTA CRUZ F. C.,ARRUDA,SUBURBIO,ATROPELAMENTO,AUTO E PEDESTRE VT-03 NO LOCAL SUB. SABINO,1.0,1.0,0.0,0.0,1.0,0.0,0.0,0.0,0.0,1.0,0.0,Longo da via,Bom,Sem defeito,Perfeito estado,Seca,Perfeito estado,Faixa de pedestre,Outras,60.0,Dupla,Faixa contínua,Não informado,2020,11,3,1,9.0
2020-11-03,11:21:00,COM VÍTIMA,FINALIZADA,IMBIRIBEIRA,AV MARECHAL MASCARENHAS DE MORAES,RUA ALMEIDA JUNIOR,PROX A FACULDADE  UNIVERSOEM FRENTE A CONCESSIONARIA HONDA   NO SENTIDO AFOGADOS,IMBIRIBEIRA,CIDADE,COLISÃO TRASEIRA,COLISÃO COM VITIMA,1.0,1.0,0.0,0.0,0.0,0.0,0.0,0.0,0.0,1.0,0.0,Cruzamento,Bom,Sem defeito,Perfeito estado,Seca,Perfeito estado,Faixa de retenção,Não há placas,60.0,Dupla,Canteiro central,Não informado,2020,11,3,1,11.0
2020-11-03,15:59:00,COM VÍTIMA,FINALIZADA,IMBIRIBEIRA,RUA BARAO DE AGUA BRANCA,RUA SARGENTO SILVINO DE MACEDO,PROXIMO A IGREJA CATEDRAL DA RECONCILIACAO E A ANATEL.,IMBIRIBEIRA,Não informado,COLISÃO FRONTAL,COLISÃO COM VÍTIMA ENTRE AUTO E MOTO,1.0,1.0,0.0,0.0,0.0,0.0,0.0,0.0,0.0,1.0,0.0,Esquina,Bom,Não existe,Não existente,Seca,Perfeito estado,Não existe,Não há placas,60.0,Dupla,Não existe,Não informado,2020,11,3,1,15.0
2020-11-03,18:54:00,COM VÍTIMA,FINALIZADA,TORRÕES,RUA DR MIGUEL VIEIRA FERREIRA,RUA CLAUDIO BROTHERHOOD,PROX AO EDF. OCEANO E BETO BEBIDAS,TORRÕES,SUBURBIO,COLISÃO FRONTAL,NISSAN X PRISMA X CITROEN,3.0,1.0,0.0,0.0,0.0,0.0,0.0,0.0,0.0,1.0,0.0,Cruzamento,Bom,Não existe,Incompleta,Seca,Mal iluminada,Faixa de pedestre,Outras,30.0,Dupla,Faixa contínua,Não informado,2020,11,3,1,18.0
2020-11-04,08:37:00,COM VÍTIMA,FINALIZADA,SANTO AMARO,RUA DOS PALMARES,Não informado,EM FRENTE AO COMANDO DA GUARDA,SANTO AMARO,CIDADE,ABALROAMENTO LONGITUDINAL,COM UMA VITIMA -AGUARDANDO SAMU/VT 29 ASSUMIU/GM ARLETE/GM MARCOS ALEXANDRE/GM ANTONIO SOUZA/GM ADAILSON,1.0,1.0,0.0,0.0,0.0,0.0,0.0,0.0,0.0,1.0,0.0,Longo da via,Bom,Não existe,Perfeito estado,Seca,Perfeito estado,Não existe,Não há placas,60.0,Dupla,Faixa seccionada,Não informado,2020,11,4,2,8.0
2020-11-04,11:20:00,COM VÍTIMA,FINALIZADA,ARRUDA,AV BEBERIBE,RUA SAO BENTO,Não informado,ARRUDA,SUBURBIO,ABALROAMENTO TRANSVERSAL,COLISÃO ENTRE CAMINHÃO E MOTOCICLETA,1.0,1.0,0.0,0.0,0.0,0.0,1.0,0.0,0.0,1.0,0.0,Cruzamento,Bom,Sem defeito,Perfeito estado,Seca,Perfeito estado,Faixa de pedestre,R-6a,30.0,Dupla,Não existe,Não informado,2020,11,4,2,11.0
2020-11-04,15:00:00,COM VÍTIMA,FINALIZADA,VÁRZEA,AV CAXANGA,RUA RODRIGUES FERREIRA,PROXIMO AO RESIDENCIAL JD. CAXANGA,VÁRZEA,Não informado,ABALROAMENTO TRANSVERSAL,ÔNIBUS E MOTO.,1.0,1.0,0.0,0.0,0.0,1.0,0.0,0.0,0.0,1.0,0.0,Longo da via,Bom,Sem defeito,Perfeito estado,Seca,Perfeito estado,Não existe,Não há placas,60.0,Única,Não existe,Não informado,2020,11,4,2,15.0
2020-11-04,15:45:00,COM VÍTIMA,FINALIZADA,CASA FORTE,AV DEZESSETE DE AGOSTO,RUA PIAUI,PROX AO HOSPITAL HEMILIO DE MORAIS,CASA FORTE,SUBURBIO,COLISÃO FRONTAL,COLISÃO MOTO X CARRO / VT 27 NO LOCAL,1.0,1.0,0.0,0.0,0.0,0.0,0.0,0.0,0.0,1.0,0.0,Cruzamento,Bom,Sem defeito,Perfeito estado,Seca,Perfeito estado,Agente,R-6a,60.0,Dupla,Faixa contínua,Não informado,2020,11,4,2,15.0
2020-11-04,16:22:00,COM VÍTIMA,FINALIZADA,PARNAMIRIM,AV DEZESSETE DE AGOSTO,Não informado,50 METROS ANTES DA CULTURA INGLESA. PRAÇA JOSÉ VILELA.,PARNAMIRIM,SUBURBIO,ABALROAMENTO LONGITUDINAL,COLISAO ENVOLVENDO AUTO- ONIBUS E MOTO COM VITIMA.,1.0,1.0,0.0,0.0,0.0,1.0,0.0,0.0,0.0,1.0,0.0,Longo da via,Bom,Não existe,Perfeito estado,Seca,Perfeito estado,Não existe,Não há placas,60.0,Dupla,Faixa contínua,Não informado,2020,11,4,2,16.0
2020-11-04,19:32:00,COM VÍTIMA,FINALIZADA,BOA VIAGEM,RUA SA E SOUZA,RUA GENERAL SALGADO,AO LADO DA DROGARIA DROGAMAR.,BOA VIAGEM,Não informado,ABALROAMENTO TRANSVERSAL,COLISAO ENTRE AUTO E MOTO COM VITIMA,1.0,1.0,0.0,0.0,0.0,0.0,0.0,0.0,0.0,1.0,0.0,Cruzamento,Bom,Não existe,Perfeito estado,Seca,Perfeito estado,Não existe,Placas Pare,60.0,Dupla,Faixa seccionada,Não informado,2020,11,4,2,19.0
2020-11-04,20:26:00,COM VÍTIMA,FINALIZADA,FUNDÃO,RUA CORONEL URBANO RIBEIRO DE SENA,Não informado,PROX. A BARRIGUDA,FUNDÃO,SUBURBIO,ABALROAMENTO TRANSVERSAL,COLISÃO COM VITIMA/ VITIMA JÁ FOI LEVADA NA VIATURA DOS BOMBEIROS,1.0,1.0,0.0,0.0,0.0,0.0,0.0,0.0,0.0,1.0,0.0,Longo da via,Bom,Não existe,Perfeito estado,Seca,Perfeito estado,Não existe,Não informado,60.0,Dupla,Faixa seccionada,Não informado,2020,11,4,2,20.0
2020-11-05,08:55:00,COM VÍTIMA,FINALIZADA,ESTÂNCIA,AV DR JOSE RUFINO,RUA HAVAI,PROX. A GALERIA MARGARIDA,ESTÂNCIA,Não informado,ABALROAMENTO TRANSVERSAL,AUTO E MOTO C/V,1.0,1.0,0.0,0.0,0.0,0.0,0.0,0.0,0.0,1.0,0.0,Cruzamento,Bom,Não existe,Perfeito estado,Seca,Perfeito estado,Não existe,Não há placas,40.0,Dupla,Faixa contínua,Não informado,2020,11,5,3,8.0
2020-11-05,11:21:00,SEM VÍTIMA,FINALIZADA,MADALENA,RUA BELARMINO CARNEIRO,RUA MANOEL BERNARDES,PROX. A COMUNIDADE BATISTA,MADALENA,Não informado,ENGAVETAMENTO,VT- POLICIA CIVIL OFICIAL E 3 AUTOS,3.0,1.0,0.0,0.0,0.0,0.0,0.0,1.0,0.0,0.0,0.0,Cruzamento,Bom,Não existe,Não existente,Seca,Perfeito estado,Não existe,Não há placas,60.0,Dupla,Não existe,Não informado,2020,11,5,3,11.0
2020-11-05,13:25:00,SEM VÍTIMA,FINALIZADA,COELHOS,RUA FRANCISCO ALVES,Não informado,PROX. AO IMIP,COELHOS,Não informado,COLISÃO,AMBULANCIA OFICAL E AUTO,2.0,1.0,0.0,0.0,0.0,0.0,0.0,0.0,0.0,0.0,0.0,Longo da via,Bom,Não existe,Perfeito estado,Seca,Perfeito estado,Outros,Outras,60.0,Dupla,Faixa contínua,Não informado,2020,11,5,3,13.0
2020-11-05,14:25:00,COM VÍTIMA,CANCELADA,TORRE,RUA MARQUES DE MARICA,Não informado,APOS O CARREFOUR E/F A PRAÇA,TORRE,Não informado,COLISÃO,COLISAO ENTRE AUTO E MOTO COM VITIMA,1.0,1.0,0.0,0.0,0.0,0.0,0.0,0.0,0.0,1.0,0.0,Não informado,Não informado,Não informado,Não informado,Não informado,Não informado,Não informado,Não informado,60.0,Não informado,Não informado,Não informado,2020,11,5,3,14.0
2020-11-05,13:54:00,COM VÍTIMA,FINALIZADA,CASA FORTE,AV DEZESSETE DE AGOSTO,Não informado,ANTES DA PRAÇA VITORIA REGIA S/T CID ENTRE A FARMACIA DROGASIL E O POSTO PETROBRAS,CASA FORTE,Não informado,ABALROAMENTO TRANSVERSAL,COLISAO ENTRE AUTO E MOTO COM VITIMA,1.0,1.0,0.0,0.0,0.0,0.0,0.0,0.0,0.0,1.0,0.0,Longo da via,Bom,Não existe,Perfeito estado,Seca,Perfeito estado,Não existe,Outras,60.0,Dupla,Não informado,Não informado,2020,11,5,3,13.0
2020-11-05,21:00:00,COM VÍTIMA,FINALIZADA,PINA,AV HERCULANO BANDEIRA,Não informado,APOS A IGREJA EM FRENTE A BIFURCAÇAO,PINA,SUBURBIO,COLISÃO TRASEIRA,MOTO X AUTO   OBS: LOCAL DA COLISAO FOI DESCARACTERIZADO,1.0,1.0,0.0,0.0,0.0,0.0,0.0,0.0,0.0,1.0,0.0,Longo da via,Bom,Não existe,Perfeito estado,Seca,Perfeito estado,Não existe,R-6a,50.0,Única,Não informado,Não informado,2020,11,5,3,21.0
2020-11-06,01:29:00,SEM VÍTIMA,FINALIZADA,TEJIPIÓ,AV DR JOSE RUFINO,Não informado,EM FRENTE A ESCOLA ALBERTO TORRES,TEJIPIÓ,Não informado,COLISÃO,COLISÃO DOIS AUTOS,2.0,1.0,0.0,0.0,0.0,0.0,0.0,0.0,0.0,0.0,0.0,Longo da via,Chuvoso,Não existe,Perfeito estado,Molhada,Perfeito estado,Não informado,Não informado,60.0,Dupla,Faixa contínua,Não informado,2020,11,6,4,1.0
2020-11-06,08:22:00,COM VÍTIMA,FINALIZADA,JORDÃO,AV MARIA IRENE,RUA ANTONIO ROCHA,EM FRENTE AO MARTELINHO DE OURO ALTO CRUZ,JORDÃO,CIDADE,ABALROAMENTO TRANSVERSAL,COM UMA VITIMA SENDO SOCORRIDA PELO BOMBEIRO,1.0,1.0,0.0,0.0,0.0,0.0,0.0,0.0,0.0,1.0,0.0,Cruzamento,Bom,Não existe,Perfeito estado,Seca,Perfeito estado,Não existe,Não há placas,60.0,Dupla,Faixa contínua,Não informado,2020,11,6,4,8.0
2020-11-06,10:05:00,COM VÍTIMA,FINALIZADA,SÃO JOSÉ,RUA IMPERIAL,PRC SERGIO LORETO,Não informado,SÃO JOSÉ,CIDADE,ATROPELAMENTO,MOTOCICLETA E PEDESTRE,1.0,1.0,0.0,0.0,1.0,0.0,0.0,0.0,0.0,1.0,0.0,Longo da via,Bom,Sem defeito,Perfeito estado,Seca,Perfeito estado,Não existe,Não há placas,60.0,Única,Não existe,Não informado,2020,11,6,4,10.0
2020-11-06,12:15:00,SEM VÍTIMA,FINALIZADA,SANTO AMARO,RUA DA UNIAO,RUA PRINCESA IZABEL,NA RUA DA ASSEMBLEA LEGISLATIVA,SANTO AMARO,Não informado,COLISÃO,MOTO X CARRO / AGENTES NO LOCAL INS EDINALDO - DAVID LUIZ VT 08,1.0,1.0,0.0,0.0,0.0,0.0,0.0,0.0,0.0,0.0,0.0,Não informado,Não informado,Não informado,Não informado,Não informado,Não informado,Não informado,Não informado,60.0,Não informado,Não informado,Não informado,2020,11,6,4,12.0