data,hora,natureza_acidente,situacao,bairro,endereco,detalhe_endereco_acidente,complemento,bairro_cruzamento,sentido_via,tipo,descricao,auto,moto,ciclom,ciclista,pedestre,onibus,caminhao,viatura,outros,vitimas,vitimasfatais,acidente_verificado,tempo_clima,situacao_semaforo,sinalizacao,condicao_via,conservacao_via,ponto_controle,situacao_placa,velocidade_max_via,mao_direcao,divisao_via1,natureza,ano,mes,dia,dia_semana,hora_ocorrencia
2020-11-06,12:36:00,COM VÍTIMA,FINALIZADA,AFOGADOS,RUA SAO MIGUEL,RUA DONA MARIA DE ANGELIS,EM FRENTE CLINICA JAILME CORDEIRO- AO LADO DO CHINA IN BOX,AFOGADOS,CIDADE,ABALROAMENTO LONGITUDINAL,COLISÃO ENTRE AUTO E MOTO- C/V,1.0,1.0,0.0,0.0,0.0,0.0,0.0,0.0,0.0,1.0,0.0,Esquina,Bom,Não existe,Perfeito estado,Seca,Perfeito estado,Outros,Outras,50.0,Dupla,Faixa,Não informado,2020,11,6,4,12.0
2020-11-06,13:07:00,COM VÍTIMA,FINALIZADA,APIPUCOS,RUA DE APIPUCOS,RUA MANDACARU,EM FRENTE AO RESIDENCIAL E PARQUE APIPUCOS.,APIPUCOS,CIDADE,COLISÃO FRONTAL,COLISÃO ENTRE AUTO E MOTO- C/V,1.0,1.0,0.0,0.0,0.0,0.0,0.0,0.0,0.0,1.0,0.0,Longo da via,Bom,Não informado,Perfeito estado,Seca,Perfeito estado,Não informado,Não informado,50.0,Dupla,Faixa contínua,Não informado,2020,11,6,4,13.0
2020-11-06,14:33:00,COM VÍTIMA,FINALIZADA,PINA,AV HERCULANO BANDEIRA,RUA NOGUEIRA DE SOUZA,INÍCIO DA AV HERCULANO BANDEIRA. EM FRENTE A MERCEDES BENZ.,PINA,SUBURBIO,ABALROAMENTO LONGITUDINAL,DOIS AUTOS E UMA MOTO,2.0,1.0,0.0,0.0,0.0,0.0,0.0,0.0,0.0,2.0,0.0,Longo da via,Bom,Sem defeito,Perfeito estado,Seca,Perfeito estado,Faixa de pedestre,Não há placas,60.0,Única,Faixa seccionada,Não informado,2020,11,6,4,14.0
2020-11-06,19:42:00,COM VÍTIMA,FINALIZADA,VÁRZEA,RUA TENENTE ROLAND RITTMISTER,Não informado,PROX AO BAR DE QUETA. ASSOCIAÇÃO DOS MORADORES.,VÁRZEA,SUBURBIO,CHOQUE VEÍCULO PARADO,COLISAO ENTRE AUTO E MOTO COM VITIMA,1.0,1.0,0.0,0.0,0.0,0.0,0.0,0.0,0.0,1.0,0.0,Longo da via,Bom,Não existe,Perfeito estado,Seca,Perfeito estado,Não existe,Não há placas,60.0,Dupla,Faixa contínua,Não informado,2020,11,6,4,19.0
2020-11-06,19:52:00,COM VÍTIMA,FINALIZADA,IBURA,AV SANTOS,RUA PARNARAMA,EM FRENTE A ASSISTÊNCIA TÉCNICA.,IBURA,CIDADE,COLISÃO,COLISAO ENTRE DUA MOTOS,1.0,2.0,0.0,0.0,0.0,0.0,0.0,0.0,0.0,2.0,0.0,Longo da via,Bom,Não existe,Incompleta,Seca,Mal conservada,Não existe,Não há placas,60.0,Dupla,Faixa seccionada,Não informado,2020,11,6,4,19.0
2020-11-06,22:15:00,COM VÍTIMA,FINALIZADA,IPSEP,RUA RIO DOCE,RUA PINTOR ANTONIO ALBUQUERQUE,SINDICATO DOS MOTORISTAS,IPSEP,SUBURBIO,COLISÃO FRONTAL,COLISÃO COM VITIMA,1.0,1.0,0.0,0.0,0.0,0.0,0.0,0.0,0.0,1.0,0.0,Cruzamento,Bom,Não existe,Perfeito estado,Seca,Perfeito estado,Faixa de pedestre,Não há placas,60.0,Dupla,Faixa contínua,Não informado,2020,11,6,4,22.0
2020-11-07,01:27:00,SEM VÍTIMA,CANCELADA,IPSEP,AV RECIFE,Não informado,EM FRENTE A PIZZARIA ATLANTICA,IPSEP,Não informado,CHOQUE OBJETO FIXO,COLISÃO AUTO E POSTE,1.0,1.0,0.0,0.0,0.0,0.0,0.0,0.0,0.0,0.0,0.0,Não informado,Não informado,Não informado,Não informado,Não informado,Não informado,Não informado,Não informado,60.0,Não informado,Não informado,Não informado,2020,11,7,5,1.0
2020-11-07,09:09:00,COM VÍTIMA,FINALIZADA,CAMPO GRANDE,RUA ODORICO MENDES,Não informado,EM FRENTE AO RESIDENCIAL AUGUSTO LUCENA,CAMPO GRANDE,SUBURBIO,ABALROAMENTO TRANSVERSAL,AUTO E MOTO C/V,1.0,1.0,0.0,0.0,0.0,0.0,0.0,0.0,0.0,1.0,0.0,Longo da via,Bom,Não existe,Incompleta,Seca,Perfeito estado,Não existe,Não há placas,60.0,Dupla,Faixa seccionada,Não informado,2020,11,7,5,9.0
2020-11-07,13:01:00,SEM VÍTIMA,CANCELADA,PARNAMIRIM,AV FLOR DE SANTANA,Não informado,E/F AO RESTAURANTE LA TRATORIA,PARNAMIRIM,Não informado,COLISÃO,COLISÃO SEM VÍTIMA,1.0,2.0,0.0,0.0,0.0,0.0,0.0,0.0,0.0,0.0,0.0,Não informado,Não informado,Não informado,Não informado,Não informado,Não informado,Não informado,Não informado,60.0,Não informado,Não informado,Não informado,2020,11,7,5,13.0
2020-11-07,13:53:00,COM VÍTIMA,CANCELADA,IBURA,AV DOIS RIOS,Não informado,E/F AO PET SHOP PET CLINICA,IBURA,Não informado,COLISÃO,COLISAO ENTRE AUTO E MOTO COM UMA VITIMA,1.0,1.0,0.0,0.0,0.0,0.0,0.0,0.0,0.0,1.0,0.0,Não informado,Não informado,Não informado,Não informado,Não informado,Não informado,Não informado,Não informado,60.0,Não informado,Não informado,Não informado,2020,11,7,5,13.0
2020-11-07,14:02:00,COM VÍTIMA,FINALIZADA,ARRUDA,RUA DO MACHADO,RUA ZEFERINO AGRA,IGREJA BATISTA DO ARRUDA.,ARRUDA,Não informado,COLISÃO FRONTAL,COLISAO ENTRE AUTO E MOTO COM UMA VITIMA,1.0,1.0,0.0,0.0,0.0,0.0,0.0,0.0,0.0,1.0,0.0,Cruzamento,Bom,Não existe,Perfeito estado,Seca,Perfeito estado,Faixa de pedestre,R-6a,60.0,Dupla,Faixa seccionada,Não informado,2020,11,7,5,14.0
2020-11-07,14:42:00,SEM VÍTIMA,FINALIZADA,Não informado,RUA DR BENIGNO JORDAO DE VASCONCELOS,Não informado,PROXIMO A IGREJA CATOLICA DE LAGOA ENCANTADA,Não informado,SUBURBIO,ABALROAMENTO LONGITUDINAL,COLISÃO COM VIATURA,2.0,1.0,0.0,0.0,0.0,0.0,0.0,0.0,0.0,0.0,0.0,Longo da via,Bom,Não existe,Perfeito estado,Seca,Perfeito estado,Não informado,Outras,30.0,Dupla,Faixa seccionada,Não informado,2020,11,7,5,14.0
2020-11-07,16:52:00,SEM VÍTIMA,EQUIPE EM DESLOCAMENTO,ARRUDA,AV PROFESSOR JOSE DOS ANJOS,Não informado,SOB O SEMÁFORO Nº 306,ARRUDA,SUBURBIO,CHOQUE VEÍCULO PARADO,COLISÃO SEM VÍTIMA UM DOS CONDUTORES COM SINTOMAS DE EMBRIAGUEZ,2.0,1.0,0.0,0.0,0.0,0.0,0.0,0.0,0.0,0.0,0.0,Cruzamento,Bom,Sem defeito,Perfeito estado,Seca,Perfeito estado,Não existe,Não informado,60.0,Dupla,Canal,Não informado,2020,11,7,5,16.0
2020-11-07,22:20:00,COM VÍTIMA,FINALIZADA,SANTO AMARO,AV JOAO DE BARROS,Não informado,CONSERVATORIO PERNAMBUCANO DE MUSICA,SANTO AMARO,SUBURBIO,COLISÃO TRASEIRA,AMBULANCIA X AUTO    OBS: SUSPEITA DE EMBRIAGUEZ,2.0,1.0,0.0,0.0,0.0,0.0,0.0,0.0,0.0,1.0,0.0,Longo da via,Chuvoso,Sem defeito,Perfeito estado,Molhada,Perfeito estado,Faixa de pedestre,Outras,60.0,Única,Não existe,Não informado,2020,11,7,5,22.0
2020-11-08,02:35:00,SEM VÍTIMA,FINALIZADA,BOA VISTA,AV CONDE DA BOA VISTA,RUA DAS NINFAS,CASA AFRICANA,BOA VISTA,SUBURBIO,CHOQUE VEÍCULO PARADO,COLISÃO AUTO E MOTO,1.0,1.0,0.0,0.0,0.0,0.0,0.0,0.0,0.0,0.0,0.0,Longo da via,Bom,Intermitente,Perfeito estado,Seca,Perfeito estado,Faixa de pedestre,Não informado,60.0,Única,Faixa contínua,Não informado,2020,11,8,6,2.0
2020-11-08,04:56:00,SEM VÍTIMA,FINALIZADA,JORDÃO,AV MARIA IRENE,Não informado,MURO DA BASE ÁEREA,JORDÃO,Não informado,CHOQUE OBJETO FIXO,Não informado,1.0,1.0,0.0,0.0,0.0,0.0,0.0,0.0,0.0,0.0,0.0,Não informado,Não informado,Não informado,Não informado,Não informado,Não informado,Não informado,Não informado,60.0,Não informado,Não informado,Não informado,2020,11,8,6,4.0
2020-11-08,05:03:00,SEM VÍTIMA,CANCELADA,BOA VIAGEM,RUA BARAO DE SOUZA LEAO,Não informado,EM FRENTE A LOJA ORTOBOM,BOA VIAGEM,Não informado,CHOQUE OBJETO FIXO,PORTÃO DA RESIDÊNCIA,1.0,1.0,0.0,0.0,0.0,0.0,0.0,0.0,0.0,0.0,0.0,Não informado,Não informado,Não informado,Não informado,Não informado,Não informado,Não informado,Não informado,60.0,Não informado,Não informado,Não informado,2020,11,8,6,5.0
2020-11-08,10:57:00,SEM VÍTIMA,FINALIZADA,BOA VIAGEM,AV BOA VIAGEM,Não informado,APÓS A PADARIA BOA VIAGEM,BOA VIAGEM,CIDADE,CHOQUE VEÍCULO PARADO,SEM VITIMAS -UM DOS CONDUTORES EM SITUAÇÃO DE EMBRIAGUEZ,3.0,1.0,0.0,0.0,0.0,0.0,0.0,0.0,0.0,0.0,0.0,Longo da via,Bom,Não existe,Perfeito estado,Seca,Perfeito estado,Não existe,Não há placas,60.0,Única,Faixa seccionada,Não informado,2020,11,8,6,10.0
2020-11-08,13:25:00,COM VÍTIMA,FINALIZADA,MADALENA,AV VISCONDE DE ALBUQUERQUE,RUA LOPES DE CARVALHO,EM FRENTE A LOJA SPUK- AO LADO DO CENTRO ESPIRITA QUINTA LUZ. GALERIA MADALENA CENTER.,MADALENA,TORRE,ABALROAMENTO TRANSVERSAL,COLISÃO ENTRE AUTO E MOTO C/V,1.0,1.0,0.0,0.0,0.0,0.0,0.0,0.0,0.0,1.0,0.0,Cruzamento,Bom,Não existe,Perfeito estado,Seca,Perfeito estado,Não existe,Placas Pare,60.0,Única,Faixa seccionada,Não informado,2020,11,8,6,13.0
2020-11-08,14:23:00,COM VÍTIMA,FINALIZADA,ROSARINHO,RUA AMARO COUTINHO,AV SANTOS DUMONT,AO LADO DA PRAÇA DO ROSARINHO,ROSARINHO,Não informado,ABALROAMENTO TRANSVERSAL,COLISÃO ENTRE AUTO E MOTO C/V- BATEDOR DE ANGELIS NO LOCAL,1.0,1.0,0.0,0.0,0.0,0.0,0.0,0.0,0.0,1.0,0.0,Cruzamento,Bom,Não existe,Perfeito estado,Seca,Perfeito estado,Não existe,Placas Pare,40.0,Dupla,Faixa seccionada,Não informado,2020,11,8,6,14.0
2020-11-08,15:44:00,SEM VÍTIMA,FINALIZADA,IMBIRIBEIRA,RUA ITACARI,AV MARECHAL MASCARENHAS DE MORAES,Não informado,IMBIRIBEIRA,Não informado,CHOQUE,APOIO EM CHOQUE DE VEÍCULO COM POSTE SEMAFÓRICO,1.0,1.0,0.0,0.0,0.0,0.0,0.0,0.0,0.0,0.0,0.0,Não informado,Não informado,Não informado,Não informado,Não informado,Não informado,Não informado,Não informado,60.0,Não informado,Não informado,Não informado,2020,11,8,6,15.0
2020-11-08,16:11:00,COM VÍTIMA,FINALIZADA,LINHA DO TIRO,RUA URIEL DE HOLANDA,Não informado,EM FRENTE AO NUMERO 515A. LADO OPOSTO AO LAVA JATO DEUS É FIEL.,LINHA DO TIRO,PRAÇA DA CONVENÇÃO,COLISÃO FRONTAL,COLISÃO MOTO X CARRO / VT 11 NO LOCAL,1.0,1.0,0.0,0.0,0.0,0.0,0.0,0.0,0.0,1.0,0.0,Longo da via,Bom,Não existe,Incompleta,Seca,Perfeito estado,Não existe,R-6a,60.0,Dupla,Não existe,Não informado,2020,11,8,6,16.0
2020-11-08,19:00:00,COM VÍTIMA,FINALIZADA,IBURA,AV DOM HELDER CAMARA,Não informado,AO LADO DA MOTO SHOW DISTRIBUIDORA- PROXIMO DO FORMAQUINAS. PARADA DE ÔNIBUS 020180.,IBURA,CIDADE,CHOQUE VEÍCULO PARADO,COLISÃO ENTRE ÔNIBUS E MOTO C/V,1.0,1.0,0.0,0.0,0.0,1.0,0.0,0.0,0.0,1.0,0.0,Longo da via,Bom,Não existe,Perfeito estado,Seca,Perfeito estado,Não informado,Não informado,60.0,Não informado,Não informado,Não informado,2020,11,8,6,19.0
2020-11-08,19:40:00,COM VÍTIMA,FINALIZADA,CAMPO GRANDE,RUA PITIGUARAS,RUA ESBERARD,PROX. A COMUNIDADE DO CHIE,CAMPO GRANDE,SUBURBIO,CHOQUE VEÍCULO PARADO,COM VITIMA,1.0,1.0,0.0,0.0,0.0,0.0,1.0,0.0,0.0,1.0,0.0,Longo da via,Chuvoso,Não existe,Incompleta,Molhada,Mal conservada,Não existe,Não há placas,60.0,Dupla,Não existe,Não informado,2020,11,8,6,19.0
2020-11-09,00:22:00,COM VÍTIMA,CANCELADA,MADALENA,EST DOS REMEDIOS,AV JOSE GONCALVES DE MEDEIROS,PROXIMO A POLICLINICA LESSA DE ANDRADE,MADALENA,Não informado,COLISÃO,Não informado,1.0,1.0,0.0,0.0,0.0,0.0,0.0,0.0,0.0,2.0,0.0,Não informado,Não informado,Não informado,Não informado,Não informado,Não informado,Não informado,Não informado,60.0,Não informado,Não informado,Não informado,2020,11,9,0,0.0
2020-11-09,02:58:00,SEM VÍTIMA,FINALIZADA,TAMARINEIRA,AV CONS ROSA E SILVA,RUA CONEGO BARATA,Não informado,TAMARINEIRA,Não informado,COLISÃO,UMA DAS PARTES SE EVADIU DO LOCAL ABANDONANDO O VEÍCULO NO MEIO DA VIA,1.0,1.0,0.0,0.0,0.0,0.0,1.0,0.0,0.0,0.0,0.0,Cruzamento,Chuvoso,Sem defeito,Perfeito estado,Molhada,Perfeito estado,Faixa de pedestre,Outras,60.0,Não informado,Não informado,Não informado,2020,11,9,0,2.0
2020-11-09,08:46:00,COM VÍTIMA,FINALIZADA,ILHA DO LEITE,AV BEIRA RIO,Não informado,AO LADO DO HOSPITAL ESPERANÇA- EMBAIXO DO VIADUTO JOSÉ DE BARROS LIMA.,ILHA DO LEITE,ILHA DO LEITE,COLISÃO TRASEIRA,AUTO E MOTO C/V,1.0,1.0,0.0,0.0,0.0,0.0,0.0,0.0,0.0,1.0,0.0,Longo da via,Bom,Não existe,Perfeito estado,Seca,Perfeito estado,Não existe,Não há placas,40.0,Não informado,Faixa seccionada,Não informado,2020,11,9,0,8.0
2020-11-09,12:14:00,COM VÍTIMA,FINALIZADA,PARNAMIRIM,RUA FERREIRA LOPES,Não informado,LADO OPOSTO AO EDIFICIO TIGNANELLO,PARNAMIRIM,EST. ENCANAMENTO,ABALROAMENTO LONGITUDINAL,COLISÃO COM VÍTIMA,1.0,1.0,0.0,0.0,0.0,0.0,0.0,0.0,0.0,1.0,0.0,Longo da via,Bom,Sem defeito,Perfeito estado,Seca,Perfeito estado,Não existe,Não há placas,60.0,Dupla,Faixa seccionada,Não informado,2020,11,9,0,12.0
2020-11-09,12:34:00,COM VÍTIMA,FINALIZADA,ENCRUZILHADA,AV BEBERIBE,RUA PROFESSOR MIRANDA CURIO,PROXIMO A AUTO ESCOLA NOVA YORK/ SENTIDO ARRUDA,ENCRUZILHADA,SUBURBIO,ABALROAMENTO TRANSVERSAL,COLISÃO COM VÍTIMA,1.0,1.0,0.0,0.0,0.0,0.0,0.0,0.0,0.0,1.0,0.0,Longo da via,Bom,Não existe,Perfeito estado,Seca,Perfeito estado,Não existe,Outras,60.0,Dupla,Faixa seccionada,Não informado,2020,11,9,0,12.0
2020-11-09,14:09:00,COM VÍTIMA,FINALIZADA,ÁGUA FRIA,AV BEBERIBE,RUA DA REGENERACAO,NO LARGO DE AGUA FRIA E/F AO POSTO DE GASOLINA IPIRANGA,ÁGUA FRIA,SUBURBIO,ATROPELAMENTO,TAXI ATROPELOU UM PEDESTRE,1.0,1.0,0.0,0.0,1.0,0.0,0.0,0.0,0.0,2.0,0.0,Longo da via,Bom,Sem defeito,Perfeito estado,Seca,Perfeito estado,Faixa de pedestre,Não informado,40.0,Dupla,Faixa contínua,Não informado,2020,11,9,0,14.0
2020-11-09,14:25:00,COM VÍTIMA,FINALIZADA,SANTO ANTÔNIO,AV GUARARAPES,Não informado,E/F A CAIXA ECONOMICA DA GUARARAPES,SANTO ANTÔNIO,CIDADE,ATROPELAMENTO,TAXI ATROPELOU UM PEDESTRE,1.0,1.0,0.0,0.0,1.0,0.0,0.0,0.0,0.0,1.0,0.0,Longo da via,Bom,Sem defeito,Perfeito estado,Seca,Perfeito estado,Faixa de pedestre,Outras,60.0,Dupla,Faixa seccionada,Não informado,2020,11,9,0,14.0
2020-11-09,15:16:00,COM VÍTIMA,FINALIZADA,BOA VISTA,AV GOVERNADOR AGAMENON MAGALHAES,RUA DR BANDEIRA FILHO,E/F AO AO WALMART NO SEMAFORO 173,BOA VISTA,SUBURBIO,COLISÃO TRASEIRA,COLISAO ENTRE AUTO E MOTO COM UMA VITIMA,1.0,1.0,0.0,0.0,0.0,0.0,0.0,0.0,0.0,1.0,0.0,Longo da via,Bom,Sem defeito,Perfeito estado,Seca,Perfeito estado,Não informado,R-6a,60.0,Dupla,Canteiro central,Não informado,2020,11,9,0,15.0
2020-11-09,16:07:00,COM VÍTIMA,FINALIZADA,MADALENA,AV CAXANGA,Não informado,EM FRENTE A IGREJA UNIVERSAL.,MADALENA,SUBURBIO,COLISÃO COM CICLISTA,COM VÍTIMA,1.0,1.0,0.0,1.0,0.0,1.0,1.0,0.0,0.0,1.0,0.0,Longo da via,Bom,Não existe,Perfeito estado,Seca,Perfeito estado,Não informado,Outras,60.0,Dupla,Canteiro central,Não informado,2020,11,9,0,16.0
2020-11-09,16:45:00,COM VÍTIMA,CANCELADA,IPSEP,AV RECIFE,Não informado,E/F AO POSTO FEDERAL S/T AREIAS,IPSEP,Não informado,COLISÃO COM CICLISTA,COLISAO EN CO CICLISTA,1.0,1.0,0.0,1.0,0.0,0.0,0.0,0.0,0.0,1.0,0.0,Não informado,Não informado,Não informado,Não informado,Não informado,Não informado,Não informado,Não informado,60.0,Não informado,Não informado,Não informado,2020,11,9,0,16.0
2020-11-09,17:51:00,COM VÍTIMA,FINALIZADA,CAMPO GRANDE,RUA PROFESSOR FRANCISCO DA TRINDADE,RUA CATULO DA PAIXAO CEARENSE,PROXIMO AO ATELIER FRANCISCO FERREIRA,CAMPO GRANDE,OLINDA,ABALROAMENTO TRANSVERSAL,COLISÃO COM VÍTIMA,1.0,2.0,0.0,0.0,0.0,0.0,0.0,0.0,0.0,2.0,0.0,Cruzamento,Chuvoso,Não existe,Perfeito estado,Seca,Perfeito estado,Faixa de retenção,Placas Pare,60.0,Dupla,Faixa seccionada,Não informado,2020,11,9,0,17.0
2020-11-09,17:55:00,COM VÍTIMA,FINALIZADA,JOANA BEZERRA,RUA DOM PAULO II,Não informado,LADO OPOSTO AO FORUM JOANA BEZERRA S/T BOA VIAGEM,JOANA BEZERRA,SUBURBIO,COLISÃO COM CICLISTA,DOIS AUTOS ATROPELOU UMA VITIMA,1.0,1.0,0.0,1.0,0.0,0.0,0.0,0.0,0.0,1.0,0.0,Longo da via,Chuvoso,Não existe,Perfeito estado,Molhada,Perfeito estado,Não existe,Não há placas,60.0,Única,Faixa seccionada,Não informado,2020,11,9,0,17.0
2020-11-09,18:20:00,COM VÍTIMA,FINALIZADA,MACAXEIRA,RUA CORONEL JOAO BATISTA DO REGO BARROS,Não informado,AO LADO DO PARQUE DA MACAXEIRA,MACAXEIRA,CIDADE,ATROPELAMENTO,HONDA NXR 160 BROS X PEDESTRE AGUARDANDO SAMU,1.0,1.0,0.0,0.0,1.0,0.0,0.0,0.0,0.0,1.0,0.0,Longo da via,Bom,Não existe,Perfeito estado,Seca,Perfeito estado,Não existe,Outras,60.0,Dupla,Não existe,Não informado,2020,11,9,0,18.0
2020-11-09,20:04:00,SEM VÍTIMA,FINALIZADA,SANTO AMARO,AV GOVERNADOR AGAMENON MAGALHAES,Não informado,ENF A REITORIA DA UPE VIA PRINCIPAL,SANTO AMARO,Não informado,COLISÃO,AMBULANCIA DO SAMU X AUTO  / S/V,1.0,1.0,0.0,0.0,0.0,0.0,0.0,1.0,0.0,0.0,0.0,Longo da via,Bom,Não existe,Perfeito estado,Seca,Perfeito estado,Não existe,Não informado,60.0,Dupla,Canteiro central,Não informado,2020,11,9,0,20.0
2020-11-09,21:23:00,COM VÍTIMA,FINALIZADA,TOTÓ,RUA DES PAULO ANDRE,Não informado,AO LADO DA PADARIA ONZE DE AGOSTO / BIDO KRAUSE.,TOTÓ,SUBURBIO,COLISÃO FRONTAL,MOTO X AUTO,1.0,1.0,0.0,0.0,0.0,0.0,0.0,0.0,0.0,1.0,0.0,Longo da via,Bom,Não existe,Perfeito estado,Seca,Perfeito estado,Não existe,Não há placas,60.0,Dupla,Não existe,Não informado,2020,11,9,0,21.0
2020-11-10,08:22:00,COM VÍTIMA,FINALIZADA,IPSEP,AV RECIFE,Não informado,EM FRENTE A RECIFE HONDA MOTOS,IPSEP,BOA VIAGEM,COLISÃO TRASEIRA,MOTO E AUTO,1.0,1.0,0.0,0.0,0.0,0.0,0.0,0.0,0.0,2.0,0.0,Longo da via,Bom,Não existe,Perfeito estado,Seca,Perfeito estado,Outros,Outras,60.0,Dupla,Faixa contínua,Não informado,2020,11,10,1,8.0
2020-11-10,08:32:00,COM VÍTIMA,FINALIZADA,ROSARINHO,AV NORTE,Não informado,EM FRENTE AO RESIDENCIAL SANTA LUZIA,ROSARINHO,CIDADE,COLISÃO TRASEIRA,COM DUAS VITIMAS -SAMU ACIONADO/VT 18 DA CTTU NO LOCAL /GM FLAVIO -E GM DE SOUZA,1.0,1.0,1.0,0.0,0.0,0.0,0.0,0.0,0.0,1.0,0.0,Longo da via,Chuvoso,Sem defeito,Perfeito estado,Molhada,Perfeito estado,Não existe,Não há placas,60.0,Única,Faixa seccionada,Não informado,2020,11,10,1,8.0
2020-11-10,09:30:00,COM VÍTIMA,FINALIZADA,IPUTINGA,AV CAXANGA,AV PROFESSOR JOAQUIM CAVALCANTI,EMBAIXO DO VIADUTO -APÓS A SUPLANOR,IPUTINGA,SUBURBIO,COLISÃO COM CICLISTA,SAMU ACIONADO,1.0,1.0,0.0,1.0,0.0,0.0,0.0,0.0,0.0,1.0,0.0,Cruzamento,Bom,Não existe,Perfeito estado,Seca,Perfeito estado,Não existe,Não informado,60.0,Dupla,Faixa contínua,Não informado,2020,11,10,1,9.0
2020-11-10,09:33:00,COM VÍTIMA,FINALIZADA,TAMARINEIRA,RUA CONEGO BARATA,Não informado,AO LADO DA FERREIRA COSTA,TAMARINEIRA,CIDADE,ENGAVETAMENTO,ENGAVETAMENTO,5.0,1.0,0.0,0.0,0.0,0.0,0.0,0.0,0.0,1.0,0.0,Longo da via,Bom,Não existe,Perfeito estado,Seca,Perfeito estado,Outros,R-6a,60.0,Dupla,Faixa seccionada,Não informado,2020,11,10,1,9.0
2020-11-10,09:37:00,COM VÍTIMA,FINALIZADA,BARRO,AV DR JOSE RUFINO,RUA MAJOR CHAGAS DE OLIVEIRA,EM CIMA DO VIADUTO. AO LADO DA SERRALHARIA GUEDES.,BARRO,Não informado,COLISÃO FRONTAL,MOTO E AUTO / VT 30 NO QTH,1.0,1.0,0.0,0.0,0.0,0.0,0.0,0.0,0.0,1.0,0.0,Cruzamento,Bom,Não existe,Perfeito estado,Seca,Perfeito estado,Não existe,Não há placas,60.0,Dupla,Faixa contínua,Não informado,2020,11,10,1,9.0
2020-11-10,09:45:00,COM VÍTIMA,FINALIZADA,PINA,AV HERCULANO BANDEIRA,RUA ARQUITETO AUGUSTO REINALDO,EM FRENTE AO ATACADO DOS PRESENTES E A PARVI.,PINA,SUBURBIO,COLISÃO TRASEIRA,DUAS MOTOS MOTOS 11 / 28  ITALO E EVERTON,1.0,2.0,0.0,0.0,0.0,0.0,0.0,0.0,0.0,1.0,0.0,Longo da via,Bom,Sem defeito,Perfeito estado,Seca,Perfeito estado,Não existe,Não há placas,60.0,Única,Faixa seccionada,Não informado,2020,11,10,1,9.0
2020-11-10,12:46:00,COM VÍTIMA,FINALIZADA,HIPÓDROMO,EST DE BELEM,RUA DONA ELVIRA,EM FRENTE A QUITANDARIA / PROX A IGREJA DE BELEM,HIPÓDROMO,SUBURBIO,ABALROAMENTO LONGITUDINAL,CARRO X CAMINHÃO,1.0,1.0,0.0,0.0,0.0,0.0,1.0,0.0,0.0,1.0,0.0,Longo da via,Bom,Não existe,Perfeito estado,Seca,Perfeito estado,Não existe,R-6b,60.0,Dupla,Não existe,Não informado,2020,11,10,1,12.0
2020-11-10,14:48:00,COM VÍTIMA,FINALIZADA,PRADO,RUA GOMES TABORDA,Não informado,DEPOIS DO BAR DO PERFUMADO. LADO OPOSTO AO TERRENO DO JOCKEY CLUB DE PERNAMBUCO.,PRADO,SUBURBIO,ABALROAMENTO LONGITUDINAL,COLISÃO MOTO X CARRO / VT 03 NO LOCAL,1.0,1.0,0.0,0.0,0.0,0.0,0.0,0.0,0.0,2.0,0.0,Longo da via,Bom,Não existe,Não existente,Seca,Perfeito estado,Não existe,Não há placas,60.0,Dupla,Faixa seccionada,Não informado,2020,11,10,1,14.0
2020-11-10,19:44:00,COM VÍTIMA,FINALIZADA,CAXANGÁ,AV CAXANGA,PRC DO CAXANGA,NA SAIDA DA INTEGRAÇÃO DA CAXANGÁ,CAXANGÁ,SUBURBIO,ABALROAMENTO TRANSVERSAL,A VITIMA É UMA MULHER- ESTÁ AGUARDANDO O SAMU NO LOCAL,1.0,1.0,0.0,0.0,0.0,1.0,0.0,0.0,0.0,1.0,0.0,Cruzamento,Bom,Sem defeito,Perfeito estado,Seca,Perfeito estado,Não informado,Não há placas,60.0,Dupla,Canteiro central,Não informado,2020,11,10,1,19.0
2020-11-10,21:15:00,SEM VÍTIMA,FINALIZADA,BOA VISTA,RUA DA CONCEICAO,Não informado,POR TRAS DO ATACADO DOS PRESENTES- PROXIMO DO COLEGIO E CURSO BANDEIRA,BOA VISTA,Não informado,COLISÃO,COLISÃO SEM VITIMAS- UMA DAS PARTES APRESENTA SINTOMAS DE EMBRIAGUEZ,2.0,1.0,0.0,0.0,0.0,0.0,0.0,0.0,0.0,0.0,0.0,Não informado,Não informado,Não informado,Não informado,Não informado,Não informado,Não informado,Não informado,60.0,Não informado,Não informado,Não informado,2020,11,10,1,21.0
2020-11-10,22:25:00,COM VÍTIMA,FINALIZADA,AFOGADOS,RUA SAO MIGUEL,Não informado,NA QUADRA EM FRENTE DO POSTO IPIRANGA,AFOGADOS,SUBURBIO,ABALROAMENTO TRANSVERSAL,DUAS MOTOS E UM AUTO.,1.0,2.0,0.0,0.0,0.0,0.0,0.0,0.0,0.0,1.0,0.0,Longo da via,Bom,Não existe,Perfeito estado,Seca,Perfeito estado,Não existe,Não há placas,60.0,Dupla,Faixa seccionada,Não informado,2020,11,10,1,22.0
2020-11-11,08:24:00,COM VÍTIMA,FINALIZADA,IPUTINGA,AV MAURICIO DE NASSAU,Não informado,EM FRENTE AO HOSPITAL FUNDAÇÃO ALTINO VENTURA,IPUTINGA,CIDADE,ABALROAMENTO TRANSVERSAL,COLISÃO COM VITIMA,1.0,1.0,0.0,0.0,0.0,0.0,0.0,0.0,0.0,1.0,0.0,Longo da via,Bom,Sem defeito,Perfeito estado,Seca,Perfeito estado,Faixa de pedestre,Não há placas,60.0,Dupla,Faixa contínua,Não informado,2020,11,11,2,8.0