data,hora,natureza_acidente,situacao,bairro,endereco,detalhe_endereco_acidente,complemento,bairro_cruzamento,sentido_via,tipo,descricao,auto,moto,ciclom,ciclista,pedestre,onibus,caminhao,viatura,outros,vitimas,vitimasfatais,acidente_verificado,tempo_clima,situacao_semaforo,sinalizacao,condicao_via,conservacao_via,ponto_controle,situacao_placa,velocidade_max_via,mao_direcao,divisao_via1,natureza,ano,mes,dia,dia_semana,hora_ocorrencia
2020-11-11,09:52:00,COM VÍTIMA,FINALIZADA,JIQUIÁ,RUA SAO MIGUEL,Não informado,Não informado,JIQUIÁ,SUBURBIO,COLISÃO COM CICLISTA,COLISÃO COM VÍTIMAS ENTRE MOTOCICLETA E CICLISTA,1.0,1.0,0.0,1.0,0.0,0.0,0.0,0.0,0.0,2.0,0.0,Longo da via,Bom,Não existe,Perfeito estado,Seca,Perfeito estado,Não informado,Não há placas,40.0,Dupla,Faixa contínua,Não informado,2020,11,11,2,9.0
2020-11-11,10:42:00,COM VÍTIMA,FINALIZADA,SANTO AMARO,RUA DOS PALMARES,Não informado,PARTIDO DO TRABALHADOR- POSTE B022084,SANTO AMARO,CIDADE,ABALROAMENTO LONGITUDINAL,COLISÃO COM VITIMA,1.0,1.0,0.0,0.0,0.0,0.0,0.0,0.0,0.0,1.0,0.0,Longo da via,Bom,Não existe,Perfeito estado,Seca,Perfeito estado,Outros,Outras,60.0,Única,Não existe,Não informado,2020,11,11,2,10.0
2020-11-11,11:29:00,COM VÍTIMA,FINALIZADA,DERBY,AV GOVERNADOR AGAMENON MAGALHAES,RUA HENRIQUE DIAS,Não informado,DERBY,CIDADE,COLISÃO TRASEIRA,COLISÃO COM VÍTIMA ENTRE AUTO E MOTO,1.0,1.0,0.0,0.0,0.0,0.0,0.0,0.0,0.0,1.0,0.0,Cruzamento,Bom,Sem defeito,Perfeito estado,Seca,Perfeito estado,Agente,Não há placas,60.0,Única,Não existe,Não informado,2020,11,11,2,11.0
2020-11-11,12:25:00,COM VÍTIMA,FINALIZADA,SANTO AMARO,RUA DOS PALMARES,Não informado,LADO OPOSTO AO PROCAPE,SANTO AMARO,CIDADE,ABALROAMENTO LONGITUDINAL,COLISÃO COM VÍTIMA,1.0,1.0,0.0,0.0,0.0,0.0,0.0,0.0,0.0,1.0,0.0,Longo da via,Bom,Não existe,Não informado,Seca,Outros,Não existe,R-6a,60.0,Única,Faixa seccionada,Não informado,2020,11,11,2,12.0
2020-11-11,14:12:00,SEM VÍTIMA,FINALIZADA,AFOGADOS,RUA MOTOCOLOMBO,Não informado,PRÓXIMO AO TROCÃO,AFOGADOS,SUBURBIO,ABALROAMENTO LONGITUDINAL,COLISÃO COM VIATURA DA PM,2.0,1.0,0.0,0.0,0.0,0.0,0.0,0.0,0.0,0.0,0.0,Longo da via,Bom,Sem defeito,Perfeito estado,Seca,Perfeito estado,Faixa de retenção,Não há placas,60.0,Única,Não existe,Não informado,2020,11,11,2,14.0
2020-11-11,14:28:00,COM VÍTIMA,FINALIZADA,CAMPO GRANDE,RUA VISCONDE DE CAIRU,RUA HAMILTON RIBEIRO,PROXIMO AO CLUBE DAS PAS,CAMPO GRANDE,SUBURBIO,COLISÃO FRONTAL,COLISÃO COM VÍTIMA,1.0,1.0,0.0,0.0,0.0,0.0,0.0,0.0,0.0,1.0,0.0,Esquina,Bom,Não existe,Não existente,Seca,Perfeito estado,Não existe,Não há placas,60.0,Não informado,Não informado,Não informado,2020,11,11,2,14.0
2020-11-11,18:11:00,COM VÍTIMA,FINALIZADA,TAMARINEIRA,AV NORTE,RUA IAPU,APÓS O CRUZAMENTO DA CONEGO BARATA,TAMARINEIRA,SUBURBIO,ABALROAMENTO LONGITUDINAL,COLISÃO ENTRE DUAS MOTOS,1.0,2.0,0.0,0.0,0.0,0.0,0.0,0.0,0.0,2.0,0.0,Cruzamento,Bom,Não existe,Perfeito estado,Seca,Perfeito estado,Não existe,Não há placas,40.0,Dupla,Canteiro central,Não informado,2020,11,11,2,18.0
2020-11-11,20:21:00,COM VÍTIMA,FINALIZADA,CAXANGÁ,AV CAXANGA,RUA RODRIGUES FERREIRA,E/F A ASSEMBLEIA DE DEUS / SEMAFORO 232,CAXANGÁ,Não informado,COLISÃO,ÕNIBUS X MOTO C/V,1.0,1.0,0.0,0.0,0.0,1.0,0.0,0.0,0.0,1.0,0.0,Não informado,Não informado,Não informado,Não informado,Não informado,Não informado,Não informado,Não informado,60.0,Não informado,Não informado,Não informado,2020,11,11,2,20.0
2020-11-11,20:45:00,COM VÍTIMA,FINALIZADA,CASA FORTE,AV DEZESSETE DE AGOSTO,EST DAS UBAIAS,PROX AO FORTE FESTA,CASA FORTE,SUBURBIO,ABALROAMENTO LONGITUDINAL,AUTO X MOTO,1.0,1.0,0.0,0.0,0.0,0.0,0.0,0.0,0.0,1.0,0.0,Cruzamento,Bom,Sem defeito,Perfeito estado,Seca,Perfeito estado,Faixa de pedestre,Outras,60.0,Dupla,Faixa contínua,Não informado,2020,11,11,2,20.0
2020-11-12,05:38:00,SEM VÍTIMA,CANCELADA,PINA,RUA NOGUEIRA DE SOUZA,Não informado,Não informado,PINA,Não informado,COLISÃO,SEM VÍTIMA - CONDUTOR COM SUSPEITA DE EMBRIAGUEZ,2.0,1.0,0.0,0.0,0.0,0.0,0.0,0.0,0.0,0.0,0.0,Não informado,Não informado,Não informado,Não informado,Não informado,Não informado,Não informado,Não informado,60.0,Não informado,Não informado,Não informado,2020,11,12,3,5.0
2020-11-12,07:09:00,COM VÍTIMA,FINALIZADA,JAQUEIRA,AV PARNAMIRIM,RUA LEONARDO BEZERRA CAVALCANTE,AO LADO DO HOSPITAL MARIA LUCINDA / E EM FRENTE AO LABORATORIO A MAIS . EDF. PRÍNCIPE DE CASTELLAS.,JAQUEIRA,Não informado,COLISÃO COM CICLISTA,CICLISTA E AUTO,1.0,1.0,0.0,1.0,0.0,0.0,0.0,0.0,0.0,1.0,0.0,Longo da via,Bom,Sem defeito,Ilegível,Seca,Perfeito estado,Agente,R-6a,60.0,Dupla,Faixa seccionada,Não informado,2020,11,12,3,7.0
2020-11-12,07:21:00,COM VÍTIMA,FINALIZADA,IMBIRIBEIRA,AV ENGENHEIRO ALVES DE SOUZA,Não informado,EM FRENT SUB ESTAÇAO DA CELPE,IMBIRIBEIRA,CIDADE,ABALROAMENTO LONGITUDINAL,CAMINHAO E AUTO,1.0,1.0,0.0,0.0,0.0,0.0,1.0,0.0,0.0,1.0,0.0,Longo da via,Bom,Não existe,Perfeito estado,Seca,Perfeito estado,Não existe,Não há placas,60.0,Dupla,Faixa seccionada,Não informado,2020,11,12,3,7.0
2020-11-12,07:45:00,COM VÍTIMA,FINALIZADA,BARRO,AV DR JOSE RUFINO,RUA CAPITAO PONCIANO,AO LADO DA IGREJA DO BARRO,BARRO,SUBURBIO,ABALROAMENTO TRANSVERSAL,COM UMA VITIMA -SAMU NO LOCAL-CTTU NO LOCAL VT 24,1.0,1.0,0.0,0.0,0.0,0.0,0.0,0.0,0.0,1.0,0.0,Cruzamento,Bom,Não existe,Incompleta,Seca,Perfeito estado,Não existe,Placas Pare,60.0,Dupla,Faixa contínua,Não informado,2020,11,12,3,7.0
2020-11-12,14:33:00,COM VÍTIMA,FINALIZADA,BARRO,AV DR JOSE RUFINO,Não informado,PROX AO CONJUTO RESIDENCIAL PEDRO MACHADO,BARRO,SUBURBIO,ABALROAMENTO LONGITUDINAL,COLISAO COM VITIMAS ENTRE AUTO E MOTO,1.0,1.0,0.0,0.0,0.0,0.0,0.0,0.0,0.0,2.0,0.0,Longo da via,Bom,Não existe,Perfeito estado,Seca,Perfeito estado,Não existe,Outras,60.0,Dupla,Faixa contínua,Não informado,2020,11,12,3,14.0
2020-11-12,15:40:00,COM VÍTIMA,FINALIZADA,IPUTINGA,RUA BOM PASTOR,1 TRV JUSTICA E PAZ,EM FRENTE A GALERIA MARCELA CENTER,IPUTINGA,Não informado,COLISÃO FRONTAL,CARRO E MOTO,1.0,1.0,0.0,0.0,0.0,0.0,0.0,0.0,0.0,1.0,0.0,Longo da via,Bom,Não existe,Não informado,Seca,Não informado,Não existe,R-6b,60.0,Dupla,Não existe,Não informado,2020,11,12,3,15.0
2020-11-12,15:49:00,COM VÍTIMA,DUPLICIDADE,IPUTINGA,RUA BOM PASTOR,Não informado,E/F A GALERIA MARCELA CENTER,IPUTINGA,Não informado,COLISÃO,COLISAO ENTRE AUTO E MOTO COM VITIMA,1.0,1.0,0.0,0.0,0.0,0.0,0.0,0.0,0.0,1.0,0.0,Não informado,Não informado,Não informado,Não informado,Não informado,Não informado,Não informado,Não informado,60.0,Não informado,Não informado,Não informado,2020,11,12,3,15.0
2020-11-12,16:18:00,Não informado,Não informado,AFOGADOS,RUA SAO MIGUEL,Não informado,EM FRENTE AO DEPATRI,AFOGADOS,Não informado,COLISÃO,COLISÃO SEM VÍTIMA- VEÍCULO AGUARDANDO GUINCHO (IMOBILIZADO NA VIA),1.0,1.0,0.0,0.0,0.0,1.0,0.0,0.0,0.0,1.0,0.0,Não informado,Não informado,Não informado,Não informado,Não informado,Não informado,Não informado,Não informado,60.0,Não informado,Não informado,Não informado,2020,11,12,3,16.0
2020-11-12,16:20:00,SEM VÍTIMA,FINALIZADA,IMBIRIBEIRA,RUA SARGENTO SILVINO DE MACEDO,Não informado,Não informado,IMBIRIBEIRA,SUBURBIO,COLISÃO TRASEIRA,COLISÃO COM CARRO OFICIAL,2.0,1.0,0.0,0.0,0.0,0.0,0.0,0.0,0.0,0.0,0.0,Longo da via,Bom,Não existe,Perfeito estado,Seca,Perfeito estado,Não existe,Não há placas,60.0,Dupla,Faixa contínua,Não informado,2020,11,12,3,16.0
2020-11-12,17:00:00,COM VÍTIMA,FINALIZADA,IMBIRIBEIRA,AV DOM JOAO VI,RUA JOSE DA SILVA LUCENA,AO LADO DO COLÉGIO GGE.,IMBIRIBEIRA,SUBURBIO,COLISÃO FRONTAL,COLISAO ENTRE UM CAMINHAO E DUAS MOTOS COM VITIMAS,1.0,2.0,0.0,0.0,0.0,0.0,1.0,0.0,0.0,1.0,0.0,Longo da via,Bom,Sem defeito,Perfeito estado,Seca,Perfeito estado,Faixa de pedestre,Placas Dê a preferência,50.0,Única,Não existe,Não informado,2020,11,12,3,17.0
2020-11-12,20:14:00,COM VÍTIMA,FINALIZADA,BOA VIAGEM,RUA VISCONDE DE JEQUITINHONHA,RUA BALTAZAR PASSOS,LADO ESQUERDO DA JEQUITINHONHA- AO LADO DO EDIFICIO COSTA DOS NAVEGANTES,BOA VIAGEM,SUBURBIO,ABALROAMENTO LONGITUDINAL,COLISÃO ENTRE AUTO E MOTO- COM VÍTIMA,1.0,1.0,0.0,0.0,0.0,0.0,0.0,0.0,0.0,1.0,0.0,Cruzamento,Bom,Sem defeito,Perfeito estado,Seca,Perfeito estado,Faixa de pedestre,Não há placas,60.0,Dupla,Faixa contínua,Não informado,2020,11,12,3,20.0
2020-11-12,21:31:00,COM VÍTIMA,FINALIZADA,IMBIRIBEIRA,AV MARECHAL MASCARENHAS DE MORAES,Não informado,EM FRENTE AO HOTEL IBIS HOTEL,IMBIRIBEIRA,CIDADE,CHOQUE OBJETO FIXO,BATEU NO CANTEIRO E CAIU. A PM ESTA NO LOCAL.,1.0,1.0,0.0,0.0,0.0,0.0,0.0,0.0,0.0,1.0,0.0,Longo da via,Bom,Não existe,Perfeito estado,Seca,Perfeito estado,Não existe,Não há placas,60.0,Única,Canteiro central,Não informado,2020,11,12,3,21.0
2020-11-12,23:53:00,COM VÍTIMA,FINALIZADA,JARDIM SÃO PAULO,RUA LEANDRO BARRETO,RUA LEOBINA PEREIRA,EM FRENTE A PIZZARIA DO GORDO,JARDIM SÃO PAULO,SUBURBIO,ABALROAMENTO TRANSVERSAL,AUTO E MOTO COM VITIMA,1.0,1.0,0.0,0.0,0.0,0.0,0.0,0.0,0.0,1.0,0.0,Cruzamento,Bom,Não existe,Incompleta,Seca,Perfeito estado,Não existe,Não há placas,60.0,Dupla,Faixa seccionada,Não informado,2020,11,12,3,23.0
2020-11-13,01:33:00,COM VÍTIMA,FINALIZADA,BAIRRO DO RECIFE,CAIS DO APOLO,AV MILITAR,SEMAFORO 436 EM FRENTE A PCR,BAIRRO DO RECIFE,Não informado,CHOQUE OBJETO FIXO,CHOQUE COM SEMAFORO,1.0,1.0,0.0,0.0,0.0,0.0,0.0,0.0,0.0,1.0,0.0,Longo da via,Bom,Não informado,Perfeito estado,Seca,Perfeito estado,Faixa de pedestre,Não há placas,60.0,Única,Faixa contínua,Não informado,2020,11,13,4,1.0
2020-11-13,08:09:00,COM VÍTIMA,FINALIZADA,PRADO,RUA SANTA EDWIRGES,RUA PADRE TEOFILO TWORZ,POR TRAS DA ENGEFRIO,PRADO,SUBURBIO,ABALROAMENTO TRANSVERSAL,COLISÃO C/VITIMAS ENTRE DOIS AUTOS,2.0,1.0,0.0,0.0,0.0,0.0,0.0,0.0,0.0,1.0,0.0,Cruzamento,Bom,Sem defeito,Não informado,Seca,Mal conservada,Faixa de retenção,R-4a,60.0,Única,Não existe,Não informado,2020,11,13,4,8.0
2020-11-13,09:32:00,COM VÍTIMA,CANCELADA,PINA,AV HERCULANO BANDEIRA,Não informado,EM FRENTE AO RJ SERVIÇOS AUTOMOTIVOS,PINA,Não informado,COLISÃO,DUAS MOTOS C/V,1.0,2.0,0.0,0.0,0.0,0.0,0.0,0.0,0.0,1.0,0.0,Não informado,Não informado,Não informado,Não informado,Não informado,Não informado,Não informado,Não informado,60.0,Não informado,Não informado,Não informado,2020,11,13,4,9.0
2020-11-13,10:12:00,COM VÍTIMA,FINALIZADA,BARRO,AV DR JOSE RUFINO,Não informado,E/F AO MERCADINHO FRUTOS E FRUTAS,BARRO,CIDADE,COLISÃO TRASEIRA,COLISÃO ENTRE DOIS AUTOS E UMA MOTO,2.0,1.0,0.0,0.0,0.0,0.0,0.0,0.0,0.0,1.0,0.0,Longo da via,Bom,Sem defeito,Perfeito estado,Seca,Perfeito estado,Faixa de pedestre,R-19,40.0,Dupla,Faixa contínua,Não informado,2020,11,13,4,10.0
2020-11-13,11:05:00,COM VÍTIMA,FINALIZADA,IBURA,RUA JORNALISTA EDSON REGIS,Não informado,PROX. AO HOTEL CRISTAL,IBURA,SUBURBIO,ABALROAMENTO TRANSVERSAL,AUTO E MOTO C/V,1.0,1.0,0.0,0.0,0.0,0.0,0.0,0.0,0.0,1.0,0.0,Longo da via,Bom,Não existe,Perfeito estado,Seca,Perfeito estado,Outros,Outras,60.0,Dupla,Faixa seccionada,Não informado,2020,11,13,4,11.0
2020-11-13,13:02:00,COM VÍTIMA,CANCELADA,ÁGUA FRIA,RUA MANOEL SILVA,Não informado,AO LADO DO ESPETINHO DO BEU,ÁGUA FRIA,Não informado,COLISÃO,COLISAO ENTRE CAMINHAO E MOTO COM UMA VITIMA,1.0,1.0,0.0,0.0,0.0,0.0,1.0,0.0,0.0,1.0,0.0,Não informado,Não informado,Não informado,Não informado,Não informado,Não informado,Não informado,Não informado,60.0,Não informado,Não informado,Não informado,2020,11,13,4,13.0
2020-11-13,14:36:00,SEM VÍTIMA,FINALIZADA,TORRE,PTE ENGENHEIRO CANDIDO PINTO DE MELO,Não informado,PONTE QUE LIGA RUA AMELIA COM A RUA CONDE DE IRAJÁ,TORRE,Não informado,COLISÃO,AUTO E MOTO SEM VÍTIMA (AUTO VEÍCULO OFICIAL),1.0,1.0,0.0,0.0,0.0,0.0,0.0,0.0,0.0,0.0,0.0,Ponte,Bom,Sem defeito,Perfeito estado,Seca,Perfeito estado,Faixa de pedestre,Não informado,60.0,Dupla,Faixa contínua,Não informado,2020,11,13,4,14.0
2020-11-13,16:09:00,SEM VÍTIMA,CANCELADA,BAIRRO DO RECIFE,AV ALFREDO LISBOA,Não informado,E/F A RECEITA FEDEAL E AO MINISTERIO DA ECONOMIA,BAIRRO DO RECIFE,Não informado,COLISÃO,COLISAO ENTRE DOIS AUTOS CONDUTOR COM SINTOMAS DE EMBRIAGUEZ,2.0,1.0,0.0,0.0,0.0,0.0,0.0,0.0,0.0,0.0,0.0,Não informado,Não informado,Não informado,Não informado,Não informado,Não informado,Não informado,Não informado,60.0,Não informado,Não informado,Não informado,2020,11,13,4,16.0
2020-11-13,16:42:00,COM VÍTIMA,FINALIZADA,PINA,AV ENGENHEIRO DOMINGOS FERREIRA,Não informado,APOS A IGREJA DO PINA. EM FRENTE AO POSTO PETRONAC.,PINA,SUBURBIO,ABALROAMENTO LONGITUDINAL,COLISAO ENTRE AUTO E MOTO BATEDORES DA MOTO 38 E 14 NO LOCAL,1.0,1.0,0.0,0.0,0.0,0.0,0.0,0.0,0.0,1.0,0.0,Longo da via,Bom,Não existe,Perfeito estado,Seca,Perfeito estado,Outros,Outras,60.0,Única,Faixa contínua,Não informado,2020,11,13,4,16.0
2020-11-13,19:01:00,COM VÍTIMA,FINALIZADA,PINA,AV ENGENHEIRO DOMINGOS FERREIRA,Não informado,PISTA LESTE. LADO OPOSTO AO MUNDO PET.,PINA,SUBURBIO,ABALROAMENTO LONGITUDINAL,COM VÍTIMA,1.0,1.0,0.0,0.0,0.0,0.0,0.0,0.0,0.0,1.0,0.0,Longo da via,Bom,Não existe,Perfeito estado,Seca,Perfeito estado,Não existe,Não há placas,60.0,Única,Canteiro central,Não informado,2020,11,13,4,19.0
2020-11-13,20:32:00,SEM VÍTIMA,FINALIZADA,VÁRZEA,RUA VALE DO SIRIJI,Não informado,NO COMEÇO DA LADEIRA DO UR7,VÁRZEA,Não informado,COLISÃO,TRES AUTO  OBS: UM DOS MOTORISTA COM SUSPEITA DE EMBRIAGUEZ ABANDONOU O VEICULO NO MEIO DA VIA,3.0,1.0,0.0,0.0,0.0,0.0,0.0,0.0,0.0,0.0,0.0,Longo da via,Bom,Não existe,Incompleta,Seca,Mal iluminada,Não existe,Não há placas,60.0,Dupla,Não existe,Não informado,2020,11,13,4,20.0
2020-11-13,21:16:00,COM VÍTIMA,FINALIZADA,ILHA DO RETIRO,AV ENGENHEIRO ABDIAS DE CARVALHO,EST DOS REMEDIOS,EM FRENTE A BOB´S E FARMACIA DEPENDENTE,ILHA DO RETIRO,SUBURBIO,ABALROAMENTO TRANSVERSAL,CELTA X AUTO OBS: AMBULANCIA DO SAMU NO LOCAL,2.0,1.0,0.0,0.0,0.0,0.0,0.0,0.0,0.0,1.0,0.0,Cruzamento,Bom,Sem defeito,Perfeito estado,Seca,Perfeito estado,Faixa de pedestre,Placas Pare,60.0,Dupla,Canteiro central,Não informado,2020,11,13,4,21.0
2020-11-14,00:39:00,COM VÍTIMA,FINALIZADA,TORRE,RUA TOMAZ GONZAGA,RUA SOUZA BANDEIRA,COM A RUA SOUZA BANDEIRA,TORRE,CIDADE,ABALROAMENTO TRANSVERSAL,COLISÃO AUTO X MOTO,1.0,1.0,0.0,0.0,0.0,0.0,0.0,0.0,0.0,1.0,0.0,Cruzamento,Bom,Intermitente,Perfeito estado,Seca,Perfeito estado,Faixa de pedestre,R-4b,60.0,Dupla,Faixa contínua,Não informado,2020,11,14,5,0.0
2020-11-14,08:01:00,COM VÍTIMA,FINALIZADA,ARRUDA,RUA SETE PECADOS,RUA RAUL POMPEIA,EM FRENTE AO EDIFÍCIO RESIDENCIAL CHATEAU,ARRUDA,SUBURBIO,ABALROAMENTO LONGITUDINAL,COM DUAS VITIMAS- SAMU NO LOCAL,1.0,2.0,0.0,0.0,0.0,0.0,0.0,0.0,0.0,2.0,0.0,Esquina,Bom,Não existe,Perfeito estado,Seca,Perfeito estado,Faixa de pedestre,Placas Pare,20.0,Dupla,Faixa seccionada,Não informado,2020,11,14,5,8.0
2020-11-14,09:34:00,COM VÍTIMA,FINALIZADA,MADALENA,AV ENGENHEIRO ABDIAS DE CARVALHO,EST DOS REMEDIOS,FARMACIA INDEPENDENTE,MADALENA,SUBURBIO,ABALROAMENTO LONGITUDINAL,COLISÃO COM UMA VITIMA - SAMU ACIONADO,1.0,1.0,0.0,0.0,0.0,0.0,0.0,0.0,0.0,1.0,0.0,Cruzamento,Bom,Sem defeito,Perfeito estado,Seca,Perfeito estado,Faixa de pedestre,Não há placas,60.0,Única,Canteiro central,Não informado,2020,11,14,5,9.0
2020-11-14,09:37:00,COM VÍTIMA,FINALIZADA,CORDEIRO,AV CAXANGA,Não informado,LADO CONTRARIO DA SEMI NOVOS MOVIDA,CORDEIRO,CIDADE,TOMBAMENTO,VT 24 NO QTH GM LUANA,1.0,1.0,0.0,0.0,0.0,0.0,0.0,0.0,0.0,1.0,0.0,Longo da via,Bom,Não existe,Perfeito estado,Seca,Perfeito estado,Não existe,R-6a,60.0,Única,Faixa seccionada,Não informado,2020,11,14,5,9.0
2020-11-14,10:01:00,COM VÍTIMA,FINALIZADA,IPSEP,RUA JEAN EMILE FAVRE,RUA JAMAICA,EM FRENTE A FACULDADE BOA VIAGEM,IPSEP,Não informado,COLISÃO COM CICLISTA,COM UMA VITIMA AGUARDANDO SOCORRO,1.0,1.0,0.0,1.0,0.0,0.0,0.0,0.0,0.0,1.0,0.0,Longo da via,Bom,Não existe,Perfeito estado,Seca,Perfeito estado,Faixa de pedestre,Não informado,60.0,Dupla,Faixa contínua,Não informado,2020,11,14,5,10.0
2020-11-14,15:15:00,COM VÍTIMA,FINALIZADA,CABANGA,AV SUL,Não informado,Não informado,CABANGA,CIDADE,ATROPELAMENTO ANIMAL,MOTOCICLETA ATROPELOU UM CACHORRO NA VIA,1.0,1.0,0.0,0.0,0.0,0.0,0.0,0.0,0.0,1.0,0.0,Longo da via,Bom,Sem defeito,Perfeito estado,Seca,Perfeito estado,Faixa de pedestre,Não informado,60.0,Dupla,Faixa seccionada,Não informado,2020,11,14,5,15.0
2020-11-14,16:27:00,COM VÍTIMA,FINALIZADA,JOANA BEZERRA,AV CENTRAL,Não informado,PROX A ESTAÇÃO JOANA BEZERRA,JOANA BEZERRA,SUBURBIO,ABALROAMENTO LONGITUDINAL,COLISÃO ONIBUS X MOTO,1.0,1.0,0.0,0.0,0.0,1.0,0.0,0.0,0.0,1.0,0.0,Longo da via,Bom,Não existe,Perfeito estado,Seca,Perfeito estado,Não existe,R-26,60.0,Única,Não existe,Não informado,2020,11,14,5,16.0
2020-11-14,16:49:00,COM VÍTIMA,FINALIZADA,BARRO,AV DR JOSE RUFINO,Não informado,SOBRE O VIADUTO DA BR101,BARRO,Não informado,COLISÃO,CARRO X MOTO / CARRO SE EVADIU DO LOCAL,1.0,1.0,0.0,0.0,0.0,0.0,0.0,0.0,0.0,1.0,0.0,Longo da via,Bom,Não existe,Perfeito estado,Seca,Perfeito estado,Não existe,Não informado,60.0,Dupla,Não existe,Não informado,2020,11,14,5,16.0
2020-11-14,17:00:00,COM VÍTIMA,FINALIZADA,CAJUEIRO,AV BEBERIBE,Não informado,BAR DA FAVA,CAJUEIRO,CIDADE,ABALROAMENTO LONGITUDINAL,CARRO X MOTO / CARRO SE EVADIU DO LOCAL,1.0,1.0,0.0,0.0,0.0,0.0,0.0,0.0,0.0,1.0,0.0,Longo da via,Bom,Sem defeito,Perfeito estado,Seca,Perfeito estado,Faixa de pedestre,Outras,60.0,Dupla,Faixa contínua,Não informado,2020,11,14,5,17.0
2020-11-14,17:56:00,SEM VÍTIMA,FINALIZADA,SANTO AMARO,RUA DOS PALMARES,Não informado,E/F AO PROCAPE,SANTO AMARO,Não informado,COLISÃO,COLISAO DE DOIS AUTOS S/ V,1.0,1.0,0.0,0.0,0.0,0.0,0.0,1.0,0.0,0.0,0.0,Não informado,Não informado,Não informado,Não informado,Não informado,Não informado,Não informado,Não informado,60.0,Não informado,Não informado,Não informado,2020,11,14,5,17.0
2020-11-14,19:07:00,COM VÍTIMA,FINALIZADA,BOA VIAGEM,RUA DEZ DE JULHO,RUA CAMBOIM,NO CRUZAMENTO MESMO,BOA VIAGEM,CIDADE,ABALROAMENTO TRANSVERSAL,COLISAO ENTRE AUTO/ MOTO COM VITIMA,1.0,1.0,0.0,0.0,0.0,0.0,0.0,0.0,0.0,1.0,0.0,Cruzamento,Bom,Não existe,Perfeito estado,Seca,Perfeito estado,Não existe,Não há placas,60.0,Única,Faixa seccionada,Não informado,2020,11,14,5,19.0
2020-11-14,21:13:00,SEM VÍTIMA,CANCELADA,IMBIRIBEIRA,AV MARECHAL MASCARENHAS DE MORAES,Não informado,E/F A GRILO,IMBIRIBEIRA,Não informado,COLISÃO,COLISAO S/V COM SUSPEITA DE EMBREAGUES,3.0,1.0,0.0,0.0,0.0,0.0,0.0,0.0,0.0,0.0,0.0,Não informado,Não informado,Não informado,Não informado,Não informado,Não informado,Não informado,Não informado,60.0,Não informado,Não informado,Não informado,2020,11,14,5,21.0
2020-11-14,21:41:00,COM VÍTIMA,FINALIZADA,ÁGUA FRIA,RUA DA REGENERACAO,Não informado,PROX A JOSE LUIZ DA FONSECA,ÁGUA FRIA,SUBURBIO,COLISÃO FRONTAL,COLISAO ENTRE AUTO/ MOTO COM VITIMA E SINAL DE EMBREAGUES. SEGUNDO INFORMAÇÕES DO BOLETIM FÍSICO- O VEÍCULO EVADIU-SE DO LOCAL.,1.0,1.0,0.0,0.0,0.0,0.0,0.0,0.0,0.0,1.0,0.0,Longo da via,Bom,Não existe,Incompleta,Seca,Perfeito estado,Não existe,Não há placas,40.0,Dupla,Não existe,Não informado,2020,11,14,5,21.0
2020-11-15,00:51:00,COM VÍTIMA,FINALIZADA,BOA VIAGEM,RUA ARTUR MUNIZ,AV CONSELHEIRO AGUIAR,POSTO DE COMBUSTÍVEL BR,BOA VIAGEM,SUBURBIO,COLISÃO FRONTAL,AUTO E MOTONETA.,1.0,1.0,0.0,0.0,0.0,0.0,0.0,0.0,0.0,1.0,0.0,Cruzamento,Bom,Sem defeito,Perfeito estado,Seca,Perfeito estado,Faixa de pedestre,Não informado,60.0,Dupla,Não existe,Não informado,2020,11,15,6,0.0
2020-11-15,10:32:00,COM VÍTIMA,FINALIZADA,BOA VISTA,AV GOVERNADOR AGAMENON MAGALHAES,RUA DR LEOPOLDO LINS,EM FRENTE A CAIXA ECONÔMICA FEDERAL E RECEITA FEDERAL DO BRASIL.,BOA VISTA,SUBURBIO,TOMBAMENTO,SITUAÇÃO GRAVADA PELO VIDEOMONITORAMENTO. O VEÍCULO PEGOU FOGO LOGO APÓS A DERRAPAGEM,1.0,1.0,0.0,0.0,0.0,0.0,0.0,0.0,0.0,1.0,0.0,Longo da via,Bom,Sem defeito,Perfeito estado,Seca,Perfeito estado,Faixa de pedestre,Outras,60.0,Dupla,Faixa seccionada,Não informado,2020,11,15,6,10.0
2020-11-15,11:58:00,COM VÍTIMA,CANCELADA,JORDÃO,AV MARIA IRENE,Não informado,EM FRENTE AO CONDOMINIO JAIME RAMALHO E UPINHA,JORDÃO,Não informado,COLISÃO,AUTO E MOTO,1.0,1.0,0.0,0.0,0.0,0.0,0.0,0.0,0.0,1.0,0.0,Não informado,Não informado,Não informado,Não informado,Não informado,Não informado,Não informado,Não informado,60.0,Não informado,Não informado,Não informado,2020,11,15,6,11.0
2020-11-15,12:40:00,COM VÍTIMA,FINALIZADA,CAMPO GRANDE,EST DE BELEM,Não informado,LADO OPOSTO DO BANCO ITAU. EM FRENTE A IGREJA BATISTA.,CAMPO GRANDE,CIDADE,COLISÃO COM CICLISTA,COLISÃO COM VÍTIMA,1.0,1.0,0.0,1.0,0.0,0.0,0.0,0.0,0.0,1.0,0.0,Longo da via,Bom,Não existe,Não existente,Seca,Perfeito estado,Não existe,Não há placas,60.0,Dupla,Faixa contínua,Não informado,2020,11,15,6,12.0
2020-11-15,12:49:00,COM VÍTIMA,FINALIZADA,SANTO AMARO,AV CRUZ CABUGA,Não informado,LADO OPOSTO A ASSEMBLÉIA DE DEUS.,SANTO AMARO,SUBURBIO,ABALROAMENTO TRANSVERSAL,COLISÃO COM VITIMA,1.0,1.0,0.0,0.0,0.0,0.0,0.0,0.0,0.0,1.0,0.0,Longo da via,Bom,Não existe,Perfeito estado,Seca,Perfeito estado,Não existe,Não há placas,40.0,Dupla,Faixa contínua,Não informado,2020,11,15,6,12.0