data,hora,natureza_acidente,situacao,bairro,endereco,detalhe_endereco_acidente,complemento,bairro_cruzamento,sentido_via,tipo,descricao,auto,moto,ciclom,ciclista,pedestre,onibus,caminhao,viatura,outros,vitimas,vitimasfatais,acidente_verificado,tempo_clima,situacao_semaforo,sinalizacao,condicao_via,conservacao_via,ponto_controle,situacao_placa,velocidade_max_via,mao_direcao,divisao_via1,natureza,ano,mes,dia,dia_semana,hora_ocorrencia
2020-11-15,13:18:00,COM VÍTIMA,FINALIZADA,PINA,AV ENGENHEIRO DOMINGOS FERREIRA,RUA BARREIROS,LADO OPOSTO AO ARMAZÉM BEIRA MAR,PINA,SUBURBIO,ABALROAMENTO LONGITUDINAL,COLISÃO COM VITIMA,1.0,1.0,0.0,0.0,0.0,0.0,0.0,0.0,0.0,1.0,0.0,Longo da via,Bom,Não existe,Perfeito estado,Seca,Perfeito estado,Não existe,Não há placas,60.0,Única,Faixa contínua,Não informado,2020,11,15,6,13.0
2020-11-16,01:32:00,COM VÍTIMA,FINALIZADA,AFOGADOS,RUA VINTE E UM DE ABRIL,RUA VISCONDE DE PELOTAS,APOS O EROS,AFOGADOS,Não informado,ABALROAMENTO TRANSVERSAL,COLISÃO AUTO E MOTO- COM UMA VITIMA. BICICLETA TAMBÉM ENVOLVIDA- SEM MUITAS INFORMAÇÕES (SEGUNDO O BOLETIM FÍSICO).,1.0,1.0,0.0,1.0,0.0,0.0,0.0,0.0,0.0,1.0,0.0,Cruzamento,Bom,Intermitente,Incompleta,Seca,Perfeito estado,Outros,R-6a,60.0,Única,Faixa,Não informado,2020,11,16,0,1.0
2020-11-16,08:26:00,SEM VÍTIMA,FINALIZADA,FUNDÃO,AV BEBERIBE,Não informado,EM FRENTE A ASSEMBLEIA DE DEUS DO FUNDÃO,FUNDÃO,Não informado,COLISÃO,COM UMA VITIMA AGUARDANDO SOCORRO,1.0,1.0,0.0,0.0,0.0,1.0,0.0,0.0,0.0,0.0,0.0,Não informado,Não informado,Não informado,Não informado,Não informado,Não informado,Não informado,Não informado,60.0,Não informado,Não informado,Não informado,2020,11,16,0,8.0
2020-11-16,09:44:00,COM VÍTIMA,FINALIZADA,ARRUDA,RUA MEM DE SA,RUA PROFESSOR JERONIMO GUEIROS,RUA DA COCA COLA,ARRUDA,CIDADE,ABALROAMENTO TRANSVERSAL,MOTO E AUTO PASSEIO / VT 09 NO QTH GM RICARDO,1.0,1.0,0.0,0.0,0.0,0.0,0.0,0.0,0.0,1.0,0.0,Cruzamento,Bom,Sem defeito,Incompleta,Seca,Perfeito estado,Não existe,Não há placas,60.0,Dupla,Não existe,Não informado,2020,11,16,0,9.0
2020-11-16,11:58:00,COM VÍTIMA,FINALIZADA,BARRO,AV DR JOSE RUFINO,Não informado,SOBRE O VIADUTO.,BARRO,CIDADE,ABALROAMENTO LONGITUDINAL,COM DUAS VITIMAS AGUARDANDO SOCORRO,1.0,1.0,0.0,0.0,0.0,0.0,0.0,0.0,0.0,2.0,0.0,Longo da via,Bom,Não existe,Ilegível,Seca,Perfeito estado,Não existe,Não há placas,60.0,Dupla,Não existe,Não informado,2020,11,16,0,11.0
2020-11-16,13:29:00,COM VÍTIMA,FINALIZADA,ESTÂNCIA,AV DR JOSE RUFINO,RUA ANTONIO FIGUEIREDO,PRÓXIMO AO COLEGIO DECISAO,ESTÂNCIA,CIDADE,ABALROAMENTO TRANSVERSAL,COLISAO ENTRE AUTO E MOTO,1.0,1.0,0.0,0.0,0.0,0.0,0.0,0.0,0.0,1.0,0.0,Longo da via,Bom,Sem defeito,Perfeito estado,Seca,Perfeito estado,Outros,R-6a,60.0,Dupla,Faixa contínua,Não informado,2020,11,16,0,13.0
2020-11-16,15:35:00,COM VÍTIMA,FINALIZADA,IPUTINGA,AV MAURICIO DE NASSAU,RUA ITAPIRANGA,NA ENTRADA DO TERMINAL MONSENHOR FABRÍCIO.,IPUTINGA,CIDADE,ABALROAMENTO LONGITUDINAL,COLISÃO ENTRE AUTO E MOTO,1.0,1.0,0.0,0.0,0.0,0.0,0.0,0.0,0.0,2.0,0.0,Longo da via,Bom,Não existe,Perfeito estado,Seca,Perfeito estado,Outros,Outras,40.0,Dupla,Não existe,Não informado,2020,11,16,0,15.0
2020-11-16,15:42:00,COM VÍTIMA,FINALIZADA,ILHA DO RETIRO,EST DOS REMEDIOS,RUA TABAIARES,PROX CONCESSIONÁRIA HYUNDAI,ILHA DO RETIRO,CIDADE,ABALROAMENTO LONGITUDINAL,COLISAO ENTRE AUTO E MOTO COM VITIMAS,1.0,1.0,0.0,0.0,0.0,0.0,0.0,0.0,0.0,1.0,0.0,Longo da via,Bom,Sem defeito,Perfeito estado,Seca,Perfeito estado,Faixa de retenção,Não há placas,60.0,Única,Faixa contínua,Não informado,2020,11,16,0,15.0
2020-11-16,16:24:00,VÍTIMA FATAL,FINALIZADA,GRAÇAS,AV RUI BARBOSA,RUA AMELIA,SOB O SEMÁFORO DE Nº 048,GRAÇAS,CIDADE,ABALROAMENTO TRANSVERSAL,AMBULÂNCIA E MOTOCICLETA. APÓS A COLISÃO- UMA MOTOCICLETA QUE ESTAVA ESTACIONADA NAS PROXIMIDADES TAMBÉM FOI ATINGIDA.,1.0,2.0,0.0,0.0,0.0,0.0,0.0,0.0,0.0,1.0,1.0,Cruzamento,Bom,Sem defeito,Perfeito estado,Seca,Perfeito estado,Faixa de pedestre,Não informado,60.0,Única,Não informado,Não informado,2020,11,16,0,16.0
2020-11-16,17:02:00,COM VÍTIMA,CANCELADA,AFOGADOS,RUA VINTE E UM DE ABRIL,Não informado,PRÓXIMO AO CAFÉ PETINHO,AFOGADOS,Não informado,COLISÃO,HONDA CG 160 X NISSAN KICKS,1.0,1.0,0.0,0.0,0.0,0.0,0.0,0.0,0.0,1.0,0.0,Não informado,Não informado,Não informado,Não informado,Não informado,Não informado,Não informado,Não informado,60.0,Não informado,Não informado,Não informado,2020,11,16,0,17.0
2020-11-16,17:36:00,COM VÍTIMA,FINALIZADA,BOA VIAGEM,AV BOA VIAGEM,Não informado,EM FRENTE A PRACINHA DE BOA VIAGEM,BOA VIAGEM,CIDADE,ATROPELAMENTO,VITIMA NO LOCAL,1.0,1.0,0.0,0.0,1.0,0.0,0.0,0.0,0.0,1.0,0.0,Longo da via,Bom,Sem defeito,Perfeito estado,Seca,Perfeito estado,Faixa de pedestre,Não há placas,60.0,Única,Faixa seccionada,Não informado,2020,11,16,0,17.0
2020-11-16,19:08:00,COM VÍTIMA,CANCELADA,CASA AMARELA,RUA PADRE LEMOS,Não informado,EM FRENTE A MAGAZINE LUIZA- AO LADO DO CENTRO COMERCIAL DE CASA AMARELA,CASA AMARELA,Não informado,COLISÃO,COLISÃO ENTRE AUTO E MOTO- COM VITIMA,1.0,1.0,0.0,0.0,0.0,0.0,0.0,0.0,0.0,1.0,0.0,Não informado,Não informado,Não informado,Não informado,Não informado,Não informado,Não informado,Não informado,60.0,Não informado,Não informado,Não informado,2020,11,16,0,19.0
2020-11-16,19:47:00,COM VÍTIMA,FINALIZADA,ARRUDA,EST VELHA DE AGUA FRIA,AV PROFESSOR JOSE DOS ANJOS,Não informado,ARRUDA,SUBURBIO,COLISÃO TRASEIRA,COLISÃO ENTRE AUTO E MOTO COM VÍTIMA- VT-28 ESTÁ NO LOCAL,1.0,1.0,0.0,0.0,0.0,0.0,0.0,0.0,0.0,1.0,0.0,Cruzamento,Bom,Sem defeito,Perfeito estado,Seca,Perfeito estado,Faixa de pedestre,Não há placas,60.0,Única,Faixa contínua,Não informado,2020,11,16,0,19.0
2020-11-16,23:11:00,SEM VÍTIMA,FINALIZADA,DOIS UNIDOS,AV HILDEBRANDO DE VASCONCELOS,Não informado,PRÓXIMO AO ARMAZÉM DO NEGO- APÓS O CANIL- SENTIDO TERMINAL,DOIS UNIDOS,Não informado,COLISÃO,COLISÃO EM VEÍCULO OFICIAL,1.0,1.0,0.0,0.0,0.0,0.0,0.0,1.0,0.0,0.0,0.0,Longo da via,Bom,Não existe,Não existente,Seca,Perfeito estado,Não existe,Não informado,60.0,Dupla,Não existe,Não informado,2020,11,16,0,23.0
2020-11-17,06:53:00,COM VÍTIMA,FINALIZADA,PINA,AV BRASILIA FORMOSA,Não informado,E/F AO BAR DO PEIXE,PINA,Não informado,ATROPELAMENTO,ATROPELAMENTO,1.0,1.0,0.0,0.0,1.0,0.0,0.0,0.0,0.0,1.0,0.0,Longo da via,Bom,Não existe,Perfeito estado,Seca,Perfeito estado,Não existe,Não há placas,60.0,Dupla,Faixa seccionada,Não informado,2020,11,17,1,6.0
2020-11-17,07:50:00,COM VÍTIMA,FINALIZADA,ARRUDA,AV BEBERIBE,Não informado,E/F AO CERPE E AO CAMPO DO ARRUDA.,ARRUDA,CIDADE,COLISÃO COM CICLISTA,COLISÃO C/CICLISTA E MOTO,1.0,1.0,0.0,1.0,0.0,0.0,0.0,0.0,0.0,1.0,0.0,Longo da via,Bom,Sem defeito,Perfeito estado,Seca,Perfeito estado,Não existe,Outras,60.0,Dupla,Faixa contínua,Não informado,2020,11,17,1,7.0
2020-11-17,08:08:00,COM VÍTIMA,FINALIZADA,PINA,AV ENGENHEIRO DOMINGOS FERREIRA,Não informado,EM FRENTE AO POSTO DE GASOLINA PETRONAC E ARMAZÉM BEIRA MAR.,PINA,SUBURBIO,COLISÃO COM CICLISTA,VITIMA  SOCORRIDA PELO SAMU - COLISÃO ENTRE ÔNIBUS E BICICLETA.,1.0,1.0,0.0,1.0,0.0,1.0,0.0,0.0,0.0,1.0,0.0,Longo da via,Bom,Não existe,Perfeito estado,Seca,Perfeito estado,Outros,Não há placas,60.0,Única,Faixa seccionada,Não informado,2020,11,17,1,8.0
2020-11-17,08:14:00,COM VÍTIMA,FINALIZADA,CORDEIRO,AV CAXANGA,RUA GASPAR PEREZ,EM FRENTE A FACULDADE IMACULADA CONCEIÇAO,CORDEIRO,CIDADE,ABALROAMENTO LONGITUDINAL,AUTO E MOTO,1.0,1.0,0.0,0.0,0.0,0.0,0.0,0.0,0.0,1.0,0.0,Longo da via,Bom,Sem defeito,Perfeito estado,Seca,Perfeito estado,Não informado,Placas Pare,60.0,Dupla,Faixa seccionada,Não informado,2020,11,17,1,8.0
2020-11-17,09:01:00,COM VÍTIMA,FINALIZADA,SANTO AMARO,RUA ODORICO MENDES,Não informado,EM FRENTE  A EMPRESA SEAB,SANTO AMARO,CIDADE,ABALROAMENTO TRANSVERSAL,COLISÃO COM VITIMAS,1.0,1.0,0.0,0.0,0.0,0.0,0.0,0.0,0.0,2.0,0.0,Longo da via,Bom,Não existe,Perfeito estado,Seca,Perfeito estado,Não existe,Não há placas,40.0,Dupla,Faixa contínua,Não informado,2020,11,17,1,9.0
2020-11-17,11:10:00,COM VÍTIMA,FINALIZADA,PAISSANDU,RUA PAISSANDU,Não informado,EM FRENTE AO COLEGIO GGE E AO BANCO BRADESCO,PAISSANDU,CIDADE,ATROPELAMENTO,VITIMAS  A ESPERA DO SAMU,1.0,1.0,0.0,0.0,1.0,0.0,0.0,0.0,0.0,2.0,0.0,Longo da via,Bom,Não existe,Perfeito estado,Seca,Perfeito estado,Outros,Outras,60.0,Dupla,Canteiro central,Não informado,2020,11,17,1,11.0
2020-11-17,11:43:00,COM VÍTIMA,FINALIZADA,TORREÃO,RUA DOM JOAO COSTA,RUA FREI MIGUELINHO,PROX. A PRAÇA DO TORREÃO E RESTAURANTE ARVO.,TORREÃO,CIDADE,ABALROAMENTO TRANSVERSAL,AUTO E MOTO,1.0,1.0,0.0,0.0,0.0,0.0,0.0,0.0,0.0,1.0,0.0,Cruzamento,Bom,Não existe,Perfeito estado,Seca,Perfeito estado,Não informado,Placas Pare,60.0,Dupla,Não existe,Não informado,2020,11,17,1,11.0
2020-11-17,14:51:00,COM VÍTIMA,FINALIZADA,SÃO JOSÉ,AV MARTINS DE BARROS,Não informado,E/F AO MINISTERIO PUBLICO DE PERNAMBUCO.,SÃO JOSÉ,SUBURBIO,ABALROAMENTO LONGITUDINAL,COLISAO ENTRE AUTO E MOTO BATEDORES DA MOTO 37 E 21 NO LOCAL,1.0,1.0,0.0,0.0,0.0,0.0,0.0,0.0,0.0,1.0,0.0,Longo da via,Bom,Sem defeito,Perfeito estado,Seca,Perfeito estado,Não existe,R-6a,60.0,Única,Não existe,Não informado,2020,11,17,1,14.0
2020-11-17,16:29:00,SEM VÍTIMA,CANCELADA,SANTO AMARO,AV DR JAYME DA FONTE,0,Não informado,SANTO AMARO,Não informado,CHOQUE,COLISÃO SEGUIDA DE CHOQUE- INFORMAÇÃO DE CONDUTOR COM SINAIS DE EMBRIAGUEZ,1.0,1.0,0.0,0.0,0.0,0.0,0.0,0.0,0.0,0.0,0.0,Não informado,Não informado,Não informado,Não informado,Não informado,Não informado,Não informado,Não informado,60.0,Não informado,Não informado,Não informado,2020,11,17,1,16.0
2020-11-17,16:45:00,COM VÍTIMA,FINALIZADA,MADALENA,AV CAXANGA,Não informado,EM FRENTE AO NUCLEO DE SAUDE/ SENTIDO CIDADE. AO LADO DO COMPAZ DA CAXANGÁ.,MADALENA,CIDADE,ATROPELAMENTO,ATROPELAMENTO COM VÍTIMA,1.0,1.0,0.0,0.0,1.0,1.0,0.0,0.0,0.0,1.0,0.0,Longo da via,Bom,Sem defeito,Perfeito estado,Seca,Perfeito estado,Não informado,Não há placas,60.0,Única,Faixa seccionada,Não informado,2020,11,17,1,16.0
2020-11-17,17:05:00,SEM VÍTIMA,CANCELADA,CAXANGÁ,AV CAXANGA,AV INACIO MONTEIRO,E/F A DROGASIL S/T SUB,CAXANGÁ,Não informado,COLISÃO,COLISAO ENTRE DOIS AUTO E UMA MOTO UM DOS CONDUTORES ESTA COM SINTOMAS DE EMBRIAGUEZ,2.0,1.0,0.0,0.0,0.0,0.0,0.0,0.0,0.0,0.0,0.0,Não informado,Não informado,Não informado,Não informado,Não informado,Não informado,Não informado,Não informado,60.0,Não informado,Não informado,Não informado,2020,11,17,1,17.0
2020-11-17,17:13:00,COM VÍTIMA,FINALIZADA,IPSEP,AV RECIFE,RUA JEAN EMILE FAVRE,NA ENTRADA DO IPSEP´E/F A PADARIA VILA DO PAO S/T BOA VIAGEM,IPSEP,BOA VIAGEM,COLISÃO TRASEIRA,COLISAO ENTRE AUTO E MOTO COM UMA VITIMA,1.0,1.0,0.0,0.0,0.0,0.0,0.0,0.0,0.0,1.0,0.0,Longo da via,Bom,Sem defeito,Perfeito estado,Seca,Perfeito estado,Faixa de pedestre,Outras,60.0,Dupla,Canteiro central,Não informado,2020,11,17,1,17.0
2020-11-17,17:21:00,COM VÍTIMA,EQUIPE EM DESLOCAMENTO,VÁRZEA,AV CAXANGA,Não informado,LADO OPOSTO A UPA E PROXIMO AO PADRE CICERO,VÁRZEA,CIDADE,COLISÃO,COLISÃO COM VÍTIMA,4.0,1.0,0.0,0.0,0.0,0.0,0.0,0.0,0.0,1.0,0.0,Não informado,Não informado,Não informado,Não informado,Não informado,Não informado,Não informado,Não informado,60.0,Não informado,Não informado,Não informado,2020,11,17,1,17.0
2020-11-17,17:18:00,COM VÍTIMA,FINALIZADA,BOA VIAGEM,RUA COPACABANA,RUA CAMBOIM,NO TERMINAL DO ÔNIBUS DE SETUBAL,BOA VIAGEM,SUBURBIO,ABALROAMENTO TRANSVERSAL,COLISAO ENTRE AUTO E MOTO COM UMA VITIMA VT 29 NO LOCAL,1.0,1.0,0.0,0.0,0.0,0.0,0.0,0.0,0.0,1.0,0.0,Cruzamento,Bom,Não existe,Perfeito estado,Seca,Perfeito estado,Não existe,Placas Pare,30.0,Dupla,Faixa seccionada,Não informado,2020,11,17,1,17.0
2020-11-17,18:47:00,COM VÍTIMA,FINALIZADA,SANTO AMARO,AV CRUZ CABUGA,Não informado,EM FRENTE AO HOSPITAL NAVAL DO RECIFE. POSTE B030148.,SANTO AMARO,CIDADE,COLISÃO COM CICLISTA,COM VITIMA,1.0,1.0,0.0,1.0,0.0,0.0,0.0,0.0,0.0,1.0,0.0,Longo da via,Bom,Sem defeito,Perfeito estado,Seca,Perfeito estado,Não existe,Outras,60.0,Dupla,Faixa contínua,Não informado,2020,11,17,1,18.0
2020-11-18,06:37:00,SEM VÍTIMA,FINALIZADA,SÃO JOSÉ,TRV DO RAPOSO,PTE JOAQUIM CARDOSO,NA ENTRADA DA FAVELA DO PAPELÃO,SÃO JOSÉ,IMIP,COLISÃO,SEM VITIMA/VEÍCULO OFICIAL DE VERTENTE LERIO,1.0,1.0,0.0,0.0,0.0,0.0,0.0,1.0,0.0,0.0,0.0,Longo da via,Bom,Não existe,Não existente,Seca,Mal conservada,Não existe,Não há placas,60.0,Dupla,Blocos,Não informado,2020,11,18,2,6.0
2020-11-18,08:00:00,SEM VÍTIMA,FINALIZADA,ESPINHEIRO,RUA QUARENTA E OITO,Não informado,EM FRENTE AO Nº 462,ESPINHEIRO,CIDADE,COLISÃO TRASEIRA,COLISÃO SEM VITIMAS-COM VIATURA DO SAMU,1.0,1.0,0.0,0.0,0.0,0.0,0.0,1.0,0.0,0.0,0.0,Longo da via,Bom,Sem defeito,Perfeito estado,Seca,Perfeito estado,Não informado,Não há placas,60.0,Única,Faixa contínua,Não informado,2020,11,18,2,8.0
2020-11-18,08:24:00,COM VÍTIMA,FINALIZADA,BOA VIAGEM,RUA FRANCISCO DA CUNHA,RUA PADRE BERNADINO PESSOA,EM FRENTE AO MERCADINHO SINAS,BOA VIAGEM,CIDADE,ABALROAMENTO TRANSVERSAL,COM UMA VITIMA AGUARDANDO SOCORRO,2.0,1.0,0.0,0.0,0.0,0.0,0.0,0.0,0.0,1.0,0.0,Cruzamento,Bom,Não existe,Perfeito estado,Seca,Perfeito estado,Não existe,Placas Pare,60.0,Única,Não existe,Não informado,2020,11,18,2,8.0
2020-11-18,08:31:00,COM VÍTIMA,FINALIZADA,SANTO AMARO,RUA DO POMBAL,RUA FREI CASSIMIRO,Não informado,SANTO AMARO,SUBURBIO,ABALROAMENTO TRANSVERSAL,BATEDOR MOTA NO QTH DOIS AUTOS,2.0,1.0,0.0,0.0,0.0,0.0,0.0,0.0,0.0,1.0,0.0,Cruzamento,Bom,Não existe,Perfeito estado,Seca,Perfeito estado,Faixa de retenção,Placas Pare,30.0,Única,Canteiro central,Não informado,2020,11,18,2,8.0
2020-11-18,08:40:00,COM VÍTIMA,FINALIZADA,BOA VIAGEM,RUA BARAO DE SOUZA LEAO,AV DOM JOAO VI,EM FRENTE AO SUPERMERCADO TREVO,BOA VIAGEM,OESTE,ABALROAMENTO LONGITUDINAL,AUTO E MOTO.,1.0,1.0,0.0,0.0,0.0,0.0,0.0,0.0,0.0,1.0,0.0,Cruzamento,Bom,Sem defeito,Incompleta,Seca,Perfeito estado,Outros,Não há placas,60.0,Única,Não existe,Não informado,2020,11,18,2,8.0
2020-11-18,09:31:00,COM VÍTIMA,FINALIZADA,MORRO DA CONCEIÇÃO,RUA DOIS DE FEVEREIRO,Não informado,EM FRENTE AO DEPOSITO DE AGUA,MORRO DA CONCEIÇÃO,SUBURBIO,ABALROAMENTO LONGITUDINAL,AUTO E MOTO.,1.0,1.0,0.0,0.0,0.0,0.0,0.0,0.0,0.0,1.0,0.0,Longo da via,Bom,Não existe,Não existente,Seca,Perfeito estado,Não existe,Não há placas,60.0,Dupla,Não existe,Não informado,2020,11,18,2,9.0
2020-11-18,12:00:00,COM VÍTIMA,FINALIZADA,BOA VIAGEM,AV ENGENHEIRO DOMINGOS FERREIRA,Não informado,EM FRENTE A LOJA AREZZO. CERVEJA E TUDO.,BOA VIAGEM,SUBURBIO,COLISÃO TRASEIRA,COM UMA VITIMA- BOMBEIROS NO LOCAL.,1.0,1.0,0.0,0.0,0.0,0.0,0.0,0.0,0.0,1.0,0.0,Longo da via,Bom,Não existe,Perfeito estado,Seca,Perfeito estado,Não existe,Não há placas,60.0,Única,Faixa seccionada,Não informado,2020,11,18,2,12.0
2020-11-18,12:41:00,COM VÍTIMA,FINALIZADA,AREIAS,AV RECIFE,Não informado,LADO OPOSTO AO BIG BOMPREÇO,AREIAS,BR-101,ABALROAMENTO LONGITUDINAL,COLISAO ENTRE MOTO E AUTO COM VITIMAS,1.0,1.0,0.0,0.0,0.0,0.0,0.0,0.0,0.0,2.0,0.0,Longo da via,Bom,Sem defeito,Incompleta,Seca,Perfeito estado,Não existe,Não há placas,60.0,Única,Faixa contínua,Não informado,2020,11,18,2,12.0
2020-11-18,16:56:00,COM VÍTIMA,FINALIZADA,VÁRZEA,AV CAXANGA,Não informado,EM FRENTE A INTEGRAÇÃO DA CAXANGA. DENTRO DO TI DA CAXANGÁ.,VÁRZEA,SUBURBIO,ATROPELAMENTO,ATROPELAMENTO ENVOLVENDO ONIBUS E PEDESTRE,1.0,1.0,0.0,0.0,1.0,1.0,0.0,0.0,0.0,1.0,0.0,Outros,Bom,Não existe,Não existente,Seca,Perfeito estado,Faixa de pedestre,Não há placas,20.0,Única,Não existe,Não informado,2020,11,18,2,16.0
2020-11-18,19:23:00,COM VÍTIMA,FINALIZADA,JORDÃO,AV MARIA IRENE,Não informado,EM FRENTE AO POSTO TOTAL- EM FRENTE A JORDÃO PEÇAS E SERVIÇOS,JORDÃO,SUBURBIO,ABALROAMENTO TRANSVERSAL,COLISÃO ENTRE AUTO E MOTO- COM VÍTIMAS,1.0,1.0,0.0,0.0,0.0,0.0,0.0,0.0,0.0,1.0,0.0,Longo da via,Bom,Não existe,Ilegível,Seca,Perfeito estado,Não existe,Não há placas,60.0,Dupla,Faixa seccionada,Não informado,2020,11,18,2,19.0
2020-11-18,19:48:00,SEM VÍTIMA,FINALIZADA,PARNAMIRIM,EST DO ENCANAMENTO,Não informado,EM FRENTE A PRAÇA DE PARNAMIRIM- AO LADO DA FARMACIA DROGASIL,PARNAMIRIM,Não informado,COLISÃO,COLISÃO ENTRE TRÊS AUTOS SEM VITIMAS- UMA DAS PARTES APRESENTA FORTES SINTOMAS DE EMBRIAGUEZ,3.0,1.0,0.0,0.0,0.0,0.0,0.0,0.0,0.0,0.0,0.0,Não informado,Não informado,Não informado,Não informado,Não informado,Não informado,Não informado,Não informado,60.0,Não informado,Não informado,Não informado,2020,11,18,2,19.0
2020-11-19,16:08:00,COM VÍTIMA,FINALIZADA,IMBIRIBEIRA,RUA ITAJAI,RUA PAMPULHA,EM FRENTE A CASA BRANCA RECEPÇÕES. PORTO DELICATESSEN,IMBIRIBEIRA,Não informado,ABALROAMENTO TRANSVERSAL,COLISÃO COM VÍTIMA,1.0,1.0,0.0,0.0,0.0,0.0,0.0,0.0,0.0,1.0,0.0,Cruzamento,Bom,Não existe,Perfeito estado,Seca,Perfeito estado,Faixa de retenção,Placas Pare,60.0,Dupla,Faixa contínua,Não informado,2020,11,19,3,16.0
2020-11-19,16:52:00,SEM VÍTIMA,FINALIZADA,CABANGA,AV ENGENHEIRO JOSE ESTELITA,Não informado,E/F AO CATAMARAN,CABANGA,Não informado,COLISÃO,COLISAO ENTRE A VT O FICIAL DO BOPE E CAMINHAO DE GAS,1.0,1.0,0.0,0.0,0.0,0.0,1.0,1.0,0.0,0.0,0.0,Não informado,Bom,Não existe,Não informado,Outros,Outros,Outros,Outras,60.0,Única,Outros,Não informado,2020,11,19,3,16.0
2020-11-19,17:30:00,COM VÍTIMA,FINALIZADA,AFOGADOS,RUA SAO MIGUEL,Não informado,EM FRENTE A EMPRESA SENO,AFOGADOS,CIDADE,ATROPELAMENTO,ATROPELAMENTO COM VÍTIMA,1.0,1.0,0.0,0.0,1.0,0.0,0.0,0.0,0.0,1.0,0.0,Longo da via,Bom,Não existe,Incompleta,Seca,Mal conservada,Não existe,R-6a,60.0,Dupla,Faixa contínua,Não informado,2020,11,19,3,17.0
2020-11-19,18:39:00,COM VÍTIMA,FINALIZADA,CAMPO GRANDE,EST DE BELEM,Não informado,E/F A IGREJA BATISTA. COM A RUA LUIS CORREA DE BRITO (OLINDA).,CAMPO GRANDE,CIDADE,COLISÃO COM CICLISTA,ENTRE AUTO E CICILISTA. C/V (( SUSPEITA DE EMBRIAGUEZ O CONDUTOR DO CARRO))),1.0,1.0,0.0,1.0,0.0,0.0,0.0,0.0,0.0,1.0,0.0,Rotatória,Bom,Não existe,Perfeito estado,Seca,Perfeito estado,Não informado,R-6a,30.0,Única,Faixa contínua,Não informado,2020,11,19,3,18.0
2020-11-19,21:08:00,SEM VÍTIMA,FINALIZADA,VÁRZEA,AV AFONSO OLINDENSE,Não informado,E/F A UPINHA,VÁRZEA,Não informado,COLISÃO,AUTO X MOTO.. S/V,1.0,1.0,0.0,0.0,0.0,0.0,0.0,0.0,0.0,0.0,0.0,Longo da via,Bom,Não existe,Perfeito estado,Seca,Outros,Não existe,R-6c,60.0,Dupla,Faixa contínua,Não informado,2020,11,19,3,21.0
2020-11-19,23:20:00,VÍTIMA FATAL,FINALIZADA,BEBERIBE,AV BEBERIBE,RUA SAPUCAIA DO SUL,SEMÁFORO 314 / APÓS A PIZZARIA DO RUSH,BEBERIBE,Não informado,COLISÃO FRONTAL,ÕNIBUS X MOTO. C/V,1.0,1.0,0.0,0.0,0.0,1.0,0.0,0.0,0.0,1.0,1.0,Longo da via,Bom,Sem defeito,Perfeito estado,Seca,Mal conservada,Não existe,Não há placas,60.0,Dupla,Faixa contínua,Não informado,2020,11,19,3,23.0
2020-11-20,01:01:00,COM VÍTIMA,FINALIZADA,BOA VIAGEM,RUA GENERAL EDSON AMANCIO RAMALHO,RUA FELIX DE BRITO E MELO,EM FRENTE AO BIG BOMPREÇO. EDF. GOLDEN WAY.,BOA VIAGEM,CIDADE,ABALROAMENTO TRANSVERSAL,COLISÃO DOIS AUTOS,2.0,1.0,0.0,0.0,0.0,0.0,0.0,0.0,0.0,1.0,0.0,Cruzamento,Bom,Sem defeito,Perfeito estado,Seca,Perfeito estado,Faixa de pedestre,Outras,60.0,Única,Faixa contínua,Não informado,2020,11,20,4,1.0
2020-11-20,07:28:00,COM VÍTIMA,FINALIZADA,BOA VIAGEM,AV ENGENHEIRO DOMINGOS FERREIRA,RUA FAUSTINO PORTO,EM FRENTE A LOJA FAVORITA,BOA VIAGEM,Não informado,ABALROAMENTO LONGITUDINAL,COM UMA VITIMA -SAMU NO LOCAL,1.0,1.0,0.0,0.0,0.0,0.0,0.0,0.0,0.0,1.0,0.0,Longo da via,Bom,Não existe,Perfeito estado,Seca,Perfeito estado,Não existe,Não há placas,60.0,Dupla,Canteiro central,Não informado,2020,11,20,4,7.0
2020-11-20,08:18:00,VÍTIMA FATAL,FINALIZADA,DOIS IRMÃOS,RUA MANUEL DE MEDEIROS,Não informado,PROX DA RURAL / AO LADO DO BAR DA CURVA.,DOIS IRMÃOS,Não informado,COLISÃO FRONTAL,TRES AUTOS,3.0,1.0,0.0,0.0,0.0,0.0,0.0,0.0,0.0,1.0,1.0,Longo da via,Bom,Não existe,Perfeito estado,Seca,Perfeito estado,Não existe,Não há placas,60.0,Dupla,Não existe,Não informado,2020,11,20,4,8.0
2020-11-20,10:23:00,COM VÍTIMA,FINALIZADA,APIPUCOS,RUA DE APIPUCOS,Não informado,AO LADO DO ARCADIA DE APIPUCOS. CAMATEX.,APIPUCOS,SUBURBIO,COLISÃO TRASEIRA,COM UMA VITIMA -SOCORRIDA PELO SAMU,1.0,1.0,0.0,0.0,0.0,0.0,0.0,0.0,0.0,1.0,0.0,Longo da via,Bom,Não existe,Perfeito estado,Seca,Perfeito estado,Não existe,Não há placas,60.0,Dupla,Faixa contínua,Não informado,2020,11,20,4,10.0
2020-11-20,15:07:00,COM VÍTIMA,FINALIZADA,BOA VIAGEM,AV ENGENHEIRO DOMINGOS FERREIRA,Não informado,PROX AO ARMAZEM BEIRA MAR. LADO OPOSTO AO NÚMERO INFORMADO.,BOA VIAGEM,SUBURBIO,ABALROAMENTO LONGITUDINAL,MOTO X CARRO / VT 23 NO LOCAL SUB INSP LUCIANO,1.0,1.0,0.0,0.0,0.0,0.0,0.0,0.0,0.0,1.0,0.0,Longo da via,Bom,Não existe,Perfeito estado,Seca,Perfeito estado,Não existe,Não há placas,60.0,Única,Faixa contínua,Não informado,2020,11,20,4,15.0
2020-11-20,17:04:00,SEM VÍTIMA,FINALIZADA,ILHA DO LEITE,PTE JOSE DE BARROS LIMA,Não informado,Não informado,ILHA DO LEITE,BOA VIAGEM,COLISÃO,Não informado,1.0,1.0,0.0,0.0,0.0,0.0,0.0,0.0,0.0,0.0,0.0,Não informado,Não informado,Não informado,Não informado,Não informado,Não informado,Não informado,Não informado,60.0,Não informado,Não informado,Não informado,2020,11,20,4,17.0