data,hora,natureza_acidente,situacao,bairro,endereco,detalhe_endereco_acidente,complemento,bairro_cruzamento,sentido_via,tipo,descricao,auto,moto,ciclom,ciclista,pedestre,onibus,caminhao,viatura,outros,vitimas,vitimasfatais,acidente_verificado,tempo_clima,situacao_semaforo,sinalizacao,condicao_via,conservacao_via,ponto_controle,situacao_placa,velocidade_max_via,mao_direcao,divisao_via1,natureza,ano,mes,dia,dia_semana,hora_ocorrencia
2020-11-20,17:16:00,COM VÍTIMA,FINALIZADA,ILHA DO RETIRO,RUA SPORT CLUBE DO RECIFE,Não informado,EM FRENTE AO CLUBE DO SPORT SENTIDO AGAMENOM,ILHA DO RETIRO,CIDADE,ABALROAMENTO LONGITUDINAL,COLISAO ENVOLVENDO AUTO E MOTO COM VITIMA,1.0,1.0,0.0,0.0,0.0,0.0,0.0,0.0,0.0,2.0,0.0,Longo da via,Bom,Não existe,Perfeito estado,Seca,Perfeito estado,Não existe,R-6a,60.0,Dupla,Faixa seccionada,Não informado,2020,11,20,4,17.0
2020-11-20,18:28:00,COM VÍTIMA,FINALIZADA,CABANGA,AV SUL,Não informado,SENTIDO CIDADE,CABANGA,CIDADE,COLISÃO COM CICLISTA,VEÍCULO NÃO IDENTIFICADO COLIDIU EM UM CICLISTA.,1.0,1.0,0.0,1.0,0.0,0.0,0.0,0.0,0.0,1.0,0.0,Longo da via,Bom,Sem defeito,Perfeito estado,Seca,Perfeito estado,Faixa de pedestre,Não há placas,60.0,Dupla,Canteiro central,Não informado,2020,11,20,4,18.0
2020-11-20,19:09:00,COM VÍTIMA,FINALIZADA,BONGI,EST DO BONGI,Não informado,PROXIMO DA DELEGACIA DO BONGI- PROXIMO DE GL REFRIGERAÇÃO AUTOMOTIVA,BONGI,SUBURBIO,ATROPELAMENTO,ATROPELAMENTO ENVOLVENDO MOTO E PEDESTRE- C/V,1.0,1.0,0.0,0.0,1.0,0.0,0.0,0.0,0.0,2.0,0.0,Longo da via,Bom,Não existe,Perfeito estado,Seca,Perfeito estado,Não existe,Não há placas,60.0,Única,Faixa seccionada,Não informado,2020,11,20,4,19.0
2020-11-21,13:17:00,COM VÍTIMA,FINALIZADA,BOA VIAGEM,AV ENGENHEIRO DOMINGOS FERREIRA,RUA ALEXANDRINO MARTINS RODRIGUES,E/F AO BOMPREÇO,BOA VIAGEM,SUBURBIO,COLISÃO TRASEIRA,COLISAO ENTRE AUTO E MOTO COM UMA VITIMA VT 03 BATEDORES DA 13 E 32 NO LOCAL,1.0,1.0,0.0,0.0,0.0,0.0,0.0,0.0,0.0,1.0,0.0,Longo da via,Bom,Sem defeito,Não informado,Seca,Perfeito estado,Faixa de pedestre,Outras,60.0,Dupla,Faixa contínua,Não informado,2020,11,21,5,13.0
2020-11-21,16:36:00,SEM VÍTIMA,FINALIZADA,BOA VIAGEM,AV BOA VIAGEM,Não informado,Não informado,BOA VIAGEM,CIDADE,ABALROAMENTO LONGITUDINAL,COLISÃO SEM VÍTIMA/ COM VEÍCULO OFICIAL,2.0,1.0,0.0,0.0,0.0,0.0,0.0,0.0,0.0,0.0,0.0,Longo da via,Bom,Sem defeito,Perfeito estado,Seca,Perfeito estado,Não existe,Não informado,60.0,Única,Faixa contínua,Não informado,2020,11,21,5,16.0
2020-11-21,16:47:00,COM VÍTIMA,FINALIZADA,IMBIRIBEIRA,AV MARECHAL MASCARENHAS DE MORAES,Não informado,EM FRENTE AO IBIS HOTEL/ SENTIDO CIDADE,IMBIRIBEIRA,CIDADE,ATROPELAMENTO,ATROPELAMENTO COM VÍTIMA,1.0,1.0,0.0,0.0,1.0,0.0,0.0,0.0,0.0,1.0,0.0,Longo da via,Bom,Não existe,Perfeito estado,Seca,Perfeito estado,Não existe,Não há placas,60.0,Única,Faixa contínua,Não informado,2020,11,21,5,16.0
2020-11-21,19:46:00,SEM VÍTIMA,CANCELADA,ÁGUA FRIA,RUA SAO SEBASTIAO,Não informado,PRÓX AO TERMINAL DE ÁGUA FRIA / E/F AO CANAL,ÁGUA FRIA,Não informado,COLISÃO,ENTRE 2 AUTOS ( A OUTRA PARTE APRESENTA SINAIS FORTES DE EMBRIAGUEZ E ESTA BASTANTE VIOLENTO ) S/V,2.0,1.0,0.0,0.0,0.0,0.0,0.0,0.0,0.0,0.0,0.0,Não informado,Não informado,Não informado,Não informado,Não informado,Não informado,Não informado,Não informado,60.0,Não informado,Não informado,Não informado,2020,11,21,5,19.0
2020-11-21,23:20:00,SEM VÍTIMA,FINALIZADA,NOVA DESCOBERTA,AV NORTE,Não informado,AO LADO DA PRAÇA DOS TAXISTAS,NOVA DESCOBERTA,Não informado,COLISÃO TRASEIRA,DOIS AUTO  OBS:: SUSPEITA DE EMBRIAGUES,2.0,1.0,0.0,0.0,0.0,0.0,0.0,0.0,0.0,0.0,0.0,Longo da via,Bom,Sem defeito,Perfeito estado,Seca,Perfeito estado,Faixa de pedestre,Outras,60.0,Dupla,Canteiro central,Não informado,2020,11,21,5,23.0
2020-11-21,23:36:00,COM VÍTIMA,FINALIZADA,IPSEP,RUA JEAN EMILE FAVRE,RUA PAMPULHA,PROX A PRAÇA MAURICEIA SENTIDO BOA VIAGEM E FARMACIA DIARIAMENTE,IPSEP,BOA VIAGEM,ABALROAMENTO TRANSVERSAL,DOIS AUTOS,2.0,1.0,0.0,0.0,0.0,0.0,0.0,0.0,0.0,1.0,0.0,Cruzamento,Bom,Sem defeito,Não existente,Seca,Perfeito estado,Não existe,Não há placas,60.0,Única,Não existe,Não informado,2020,11,21,5,23.0
2020-11-22,03:40:00,SEM VÍTIMA,CANCELADA,MADALENA,AV ENGENHEIRO ABDIAS DE CARVALHO,EST DOS REMEDIOS,DROGASIL- SENTIDO 232,MADALENA,Não informado,COLISÃO,SEM VÍTIMAS- CONDUTOR COM SUSPEITA DE EMBRIAGUEZ,2.0,1.0,0.0,0.0,0.0,0.0,0.0,0.0,0.0,0.0,0.0,Não informado,Não informado,Não informado,Não informado,Não informado,Não informado,Não informado,Não informado,60.0,Não informado,Não informado,Não informado,2020,11,22,6,3.0
2020-11-22,08:20:00,COM VÍTIMA,FINALIZADA,CORDEIRO,AV CAXANGA,Não informado,EM FRENTE A JBS VEÍCULOS. MASSARELLA GRILL,CORDEIRO,CIDADE,COLISÃO COM CICLISTA,COM UMA VITIMA AGUARDANDO SOCORRO-VT 24 DA CTTU NO LOCAL-GM DIEGO MONTEIRO E GM LUANA,1.0,1.0,0.0,1.0,0.0,0.0,0.0,0.0,0.0,1.0,0.0,Longo da via,Bom,Não existe,Incompleta,Seca,Perfeito estado,Não existe,R-32,60.0,Única,Faixa contínua,Não informado,2020,11,22,6,8.0
2020-11-22,08:28:00,COM VÍTIMA,FINALIZADA,ALTO SANTA TERESINHA,RUA TAMBOARA,Não informado,HA 100 METROS DA ASSEMBLEIA DE DEUS,ALTO SANTA TERESINHA,CIDADE,ABALROAMENTO LONGITUDINAL,COM VITIMAS AGUARDANDO SAMU,1.0,1.0,0.0,0.0,0.0,0.0,0.0,0.0,0.0,2.0,0.0,Longo da via,Bom,Não existe,Perfeito estado,Seca,Perfeito estado,Não existe,R-6a,60.0,Dupla,Faixa seccionada,Não informado,2020,11,22,6,8.0
2020-11-22,11:47:00,SEM VÍTIMA,FINALIZADA,IPUTINGA,RUA DR JOSE ANASTACIO DA SILVA GUIMARAES,Não informado,EM FRENTE AO SUPERMERCADO ECONOMICO,IPUTINGA,Não informado,COLISÃO,COLISÃO COM SUSPEITA DE ALCOOLEMIA/ INFORMA QUE AO LONGO DA VIA O CONDUTOR COLIDIU COM 2 VEICULOS,3.0,1.0,0.0,0.0,0.0,0.0,0.0,0.0,0.0,0.0,0.0,Não informado,Não informado,Não informado,Não informado,Não informado,Não informado,Não informado,Não informado,60.0,Não informado,Não informado,Não informado,2020,11,22,6,11.0
2020-11-22,23:26:00,SEM VÍTIMA,FINALIZADA,BOA VIAGEM,AV ENGENHEIRO DOMINGOS FERREIRA,RUA PADRE CARAPUCEIRO,FAIXA DA DIREITA DA DOMINGOS FERREIRA- EM FRENTE AO GOSTO DE BOLO- AO LADO DO BANCO DO BRASIL,BOA VIAGEM,Não informado,COLISÃO,COLISÃO ENTRE VIATURA DA PM E AUTO- S/V,1.0,1.0,0.0,0.0,0.0,0.0,0.0,1.0,0.0,0.0,0.0,Longo da via,Bom,Sem defeito,Perfeito estado,Seca,Perfeito estado,Faixa de pedestre,Outras,60.0,Única,Canteiro central,Não informado,2020,11,22,6,23.0
2020-11-23,08:32:00,COM VÍTIMA,FINALIZADA,BOA VIAGEM,RUA GENERAL SALGADO,RUA COSMORAMA,EM FRENTE AO  EDIFICIO CHATEAU  HERMITAGE. PRÓXIMO A SHARK ARENA.,BOA VIAGEM,Não informado,ABALROAMENTO TRANSVERSAL,COLISÃO COM VITIMA,2.0,1.0,0.0,0.0,0.0,0.0,0.0,0.0,0.0,1.0,0.0,Cruzamento,Bom,Não existe,Perfeito estado,Seca,Perfeito estado,Não existe,Placas Pare,60.0,Dupla,Não existe,Não informado,2020,11,23,0,8.0
2020-11-23,19:02:00,COM VÍTIMA,FINALIZADA,IMBIRIBEIRA,AV RECIFE,Não informado,DECIDA DO ACESSO SENTIDO AV MASCARENHAS DE MORAIS,IMBIRIBEIRA,AFOGADOS,CHOQUE OBJETO FIXO,AUTO COLIDIU CO O GELO BAIANO,1.0,1.0,0.0,0.0,0.0,0.0,0.0,0.0,0.0,1.0,0.0,Não informado,Não informado,Não informado,Não informado,Não informado,Não informado,Não informado,Não informado,60.0,Não informado,Não informado,Não informado,2020,11,23,0,19.0
2020-11-23,19:07:00,SEM VÍTIMA,FINALIZADA,IPSEP,RUA PINTOR ANTONIO ALBUQUERQUE,RUA ABDIAS CABRAL DE MOURA,AO LADO DO POSTO SHELL,IPSEP,Não informado,CHOQUE OBJETO FIXO,CAMINHÃO CHOCOU-SE CONTRA O POSTE- CAUSANDO A QUEDA DO MESMO,1.0,1.0,0.0,0.0,0.0,0.0,1.0,0.0,0.0,0.0,0.0,Longo da via,Bom,Não existe,Perfeito estado,Seca,Perfeito estado,Outros,R-6a,30.0,Única,Outros,Não informado,2020,11,23,0,19.0
2020-11-23,19:39:00,COM VÍTIMA,FINALIZADA,BOA VIAGEM,AV ENGENHEIRO DOMINGOS FERREIRA,RUA RIBEIRO DE BRITO,E/F A MORADA DO SOL E AO PET SHOP AMIGO DO BIXO,BOA VIAGEM,Não informado,COLISÃO,ENTRE MOTO E AUTO PASSEIO. C/V,1.0,1.0,0.0,0.0,0.0,0.0,0.0,0.0,0.0,1.0,0.0,Não informado,Não informado,Não informado,Não informado,Não informado,Não informado,Não informado,Não informado,60.0,Não informado,Não informado,Não informado,2020,11,23,0,19.0
2020-11-23,19:47:00,COM VÍTIMA,FINALIZADA,IMBIRIBEIRA,AV PINHEIROS,RUA ARQUITETO LUIZ NUNES,NO CRUZAMENTO COM A ARQUITETO LUIZ NUNES.,IMBIRIBEIRA,CIDADE,COLISÃO FRONTAL,COLISAO ENTRE AUTO E MOTO COM VITIMA,1.0,1.0,0.0,0.0,0.0,0.0,0.0,0.0,0.0,1.0,0.0,Cruzamento,Bom,Sem defeito,Perfeito estado,Seca,Perfeito estado,Não existe,Não há placas,60.0,Dupla,Faixa contínua,Não informado,2020,11,23,0,19.0
2020-11-24,09:54:00,COM VÍTIMA,FINALIZADA,APIPUCOS,RUA DE APIPUCOS,Não informado,EM FRENTE AO MOTEL SENZALA,APIPUCOS,DOIS IRMÃOS,COLISÃO FRONTAL,2 AUTOS.,2.0,1.0,0.0,0.0,0.0,0.0,0.0,0.0,0.0,2.0,0.0,Longo da via,Bom,Sem defeito,Perfeito estado,Seca,Perfeito estado,Não informado,R-6a,60.0,Dupla,Faixa contínua,Não informado,2020,11,24,1,9.0
2020-11-24,10:13:00,COM VÍTIMA,FINALIZADA,PAISSANDU,AV GOVERNADOR AGAMENON MAGALHAES,Não informado,EM FRENTE AO EMPRESARIAL RENATO DIAS,PAISSANDU,SUBURBIO,ATROPELAMENTO,COM VITIMA,1.0,1.0,0.0,0.0,1.0,0.0,0.0,0.0,0.0,1.0,0.0,Longo da via,Bom,Não existe,Perfeito estado,Seca,Perfeito estado,Não existe,Outras,60.0,Dupla,Faixa seccionada,Não informado,2020,11,24,1,10.0
2020-11-24,12:39:00,COM VÍTIMA,FINALIZADA,VÁRZEA,RUA PROFESSOR ANTONIO COELHO,RUA ODON RODRIGUES DE MORAIS REGO,RUA DO COLÉGIO PONTUAL / PRÓX AO HAPVIDA DA CAXANGÁ,VÁRZEA,SUBURBIO,COLISÃO COM CICLISTA,COLISÃO COM CICLISTA. SAMU NO LOCAL.,1.0,1.0,0.0,1.0,0.0,0.0,0.0,0.0,0.0,1.0,0.0,Cruzamento,Bom,Não existe,Perfeito estado,Seca,Perfeito estado,Não existe,Placas Pare,30.0,Dupla,Não existe,Não informado,2020,11,24,1,12.0
2020-11-24,12:50:00,SEM VÍTIMA,FINALIZADA,JARDIM SÃO PAULO,RUA LEANDRO BARRETO,Não informado,PRÓXIMO À IGREJA DE JESUS CRISTO DOS SANTOS DOS ÚLTIMOS DIAS,JARDIM SÃO PAULO,SUBURBIO,COLISÃO TRASEIRA,COLISÃO COM VEÍCULO OFICIAL,2.0,1.0,0.0,0.0,0.0,0.0,0.0,0.0,0.0,0.0,0.0,Longo da via,Bom,Não existe,Não existente,Seca,Perfeito estado,Faixa de pedestre,Não há placas,60.0,Dupla,Faixa contínua,Não informado,2020,11,24,1,12.0
2020-11-24,13:45:00,COM VÍTIMA,FINALIZADA,BOA VISTA,RUA DA AURORA,RUA MAMEDE SIMOES,EM FRENTE AO GINÁSIO PERNAMBUCANO,BOA VISTA,SUBURBIO,COLISÃO TRASEIRA,COLISÃO COM VÍTIMA,1.0,1.0,0.0,0.0,0.0,0.0,0.0,0.0,0.0,1.0,0.0,Longo da via,Bom,Sem defeito,Perfeito estado,Seca,Perfeito estado,Faixa de pedestre,Não há placas,60.0,Única,Faixa seccionada,Não informado,2020,11,24,1,13.0
2020-11-24,17:14:00,COM VÍTIMA,FINALIZADA,VÁRZEA,AV AFONSO OLINDENSE,Não informado,PLANETA MAR PESCADO,VÁRZEA,Não informado,ABALROAMENTO LONGITUDINAL,COLISÃO AUTO E MOTO,1.0,1.0,0.0,0.0,0.0,0.0,0.0,0.0,0.0,2.0,0.0,Longo da via,Bom,Não existe,Perfeito estado,Seca,Perfeito estado,Não existe,Não há placas,60.0,Dupla,Faixa contínua,Não informado,2020,11,24,1,17.0
2020-11-24,18:44:00,COM VÍTIMA,FINALIZADA,ENCRUZILHADA,EST DE BELEM,RUA DONA JULIETA,EM FRENTE A PAROQUI NOSSA SENHORA DE BELEM- AO LADO DO VAN LONG ENCRUZILHADA. EDF. JÚLIO II,ENCRUZILHADA,SUBURBIO,ABALROAMENTO TRANSVERSAL,COLISÃO AUTO E MOTO- C/V,1.0,1.0,0.0,0.0,0.0,0.0,0.0,0.0,0.0,1.0,0.0,Cruzamento,Bom,Não existe,Perfeito estado,Seca,Perfeito estado,Não informado,Não há placas,60.0,Dupla,Faixa contínua,Não informado,2020,11,24,1,18.0
2020-11-24,21:14:00,COM VÍTIMA,FINALIZADA,SANTO AMARO,AV CRUZ CABUGA,RUA DOIS DE JULHO,EM FRENTE A IGREJA MISSIONARIA,SANTO AMARO,SUBURBIO,ABALROAMENTO TRANSVERSAL,COLISÃO ENTRE AUTO E MOTO COM VITIMA- VT-26 NO LOCAL,1.0,1.0,0.0,0.0,0.0,0.0,0.0,0.0,0.0,1.0,0.0,Esquina,Bom,Sem defeito,Perfeito estado,Seca,Perfeito estado,Faixa de pedestre,Outras,60.0,Dupla,Faixa seccionada,Não informado,2020,11,24,1,21.0
2020-11-25,09:04:00,COM VÍTIMA,FINALIZADA,CABANGA,RUA DILERMANO REIS,RUA COMANDANTE ANTONIO MANHAES DE MATTOS,AO LADO DA COMPESA.,CABANGA,SUBURBIO,COLISÃO COM CICLISTA,ONIBUS E CICLISTA C/V,1.0,1.0,0.0,1.0,0.0,1.0,0.0,0.0,0.0,1.0,0.0,Longo da via,Bom,Não existe,Perfeito estado,Seca,Perfeito estado,Não existe,Não há placas,30.0,Dupla,Faixa contínua,Não informado,2020,11,25,2,9.0
2020-11-25,14:09:00,COM VÍTIMA,FINALIZADA,ROSARINHO,EST VELHA DE AGUA FRIA,Não informado,E/F A FUNDAÇAO DA IBGE E ANTIGO DNOCS,ROSARINHO,CIDADE,ABALROAMENTO LONGITUDINAL,COLISAO ENTRE AUTO E MOTO COM UMA VITIMA,1.0,1.0,0.0,0.0,0.0,0.0,0.0,0.0,0.0,1.0,0.0,Longo da via,Bom,Sem defeito,Perfeito estado,Seca,Perfeito estado,Não existe,Não há placas,60.0,Dupla,Faixa contínua,Não informado,2020,11,25,2,14.0
2020-11-25,15:43:00,COM VÍTIMA,FINALIZADA,TEJIPIÓ,RUA FALCAO DE LACERDA,Não informado,EM FRENTE A CLINICA AQUI DOUTOR E PROXIMO AO SEMÁFORO 285,TEJIPIÓ,SUBURBIO,ABALROAMENTO TRANSVERSAL,COLISÃO COM VÍTIMA,1.0,1.0,0.0,0.0,0.0,0.0,0.0,0.0,0.0,1.0,0.0,Longo da via,Bom,Não informado,Incompleta,Seca,Mal conservada,Não existe,R-6a,60.0,Dupla,Não existe,Não informado,2020,11,25,2,15.0
2020-11-25,17:04:00,COM VÍTIMA,CANCELADA,SAN MARTIN,AV GENERAL SAN MARTIN,Não informado,PROX AO COLEGIO ADVENTISTA,SAN MARTIN,Não informado,COLISÃO,COLISAO ENTRE AUTO E MOTO COM UMA VITIMA,1.0,1.0,0.0,0.0,0.0,0.0,0.0,0.0,0.0,1.0,0.0,Não informado,Não informado,Não informado,Não informado,Não informado,Não informado,Não informado,Não informado,60.0,Não informado,Não informado,Não informado,2020,11,25,2,17.0
2020-11-25,19:05:00,COM VÍTIMA,FINALIZADA,SÃO JOSÉ,RUA IMPERIAL,TRV DO RAPOSO,E/F A FERRO E AÇO,SÃO JOSÉ,SUBURBIO,ABALROAMENTO TRANSVERSAL,COLISAO ENTRE DOIS AUTOS COM VITIMAS,2.0,1.0,0.0,0.0,0.0,0.0,0.0,0.0,0.0,1.0,0.0,Cruzamento,Bom,Sem defeito,Perfeito estado,Seca,Perfeito estado,Faixa de pedestre,Não informado,60.0,Única,Faixa contínua,Não informado,2020,11,25,2,19.0
2020-11-26,06:25:00,COM VÍTIMA,CANCELADA,ESTÂNCIA,AV DR JOSE RUFINO,Não informado,EM FRENTE A IGREJA DE SANTA LUZIA,ESTÂNCIA,Não informado,COLISÃO,COLISÃO COM VÍTIMA,1.0,1.0,0.0,0.0,0.0,0.0,0.0,0.0,0.0,2.0,0.0,Não informado,Não informado,Não informado,Não informado,Não informado,Não informado,Não informado,Não informado,60.0,Não informado,Não informado,Não informado,2020,11,26,3,6.0
2020-11-26,11:03:00,SEM VÍTIMA,FINALIZADA,IMBIRIBEIRA,AV MARECHAL MASCARENHAS DE MORAES,Não informado,AO LADO DIREITO DA LINHA DO TREM,IMBIRIBEIRA,Não informado,CHOQUE OBJETO FIXO,NA ENTRADA DO AEROPORTO CARRETA DERRUBOU UM POSTE.,1.0,1.0,0.0,0.0,0.0,0.0,1.0,0.0,0.0,0.0,0.0,Não informado,Não informado,Não informado,Não informado,Não informado,Não informado,Não informado,Não informado,60.0,Não informado,Não informado,Não informado,2020,11,26,3,11.0
2020-11-26,11:30:00,COM VÍTIMA,CANCELADA,TAMARINEIRA,AV CONS ROSA E SILVA,Não informado,EM FRENTE AO POSTO IPIRANGA,TAMARINEIRA,Não informado,COLISÃO,COLISÃO COM UMA VITIMA AGUARDANDO SOCORRO-VT 12 DA CTTU NO LOCAL,1.0,1.0,0.0,0.0,0.0,0.0,0.0,0.0,0.0,1.0,0.0,Não informado,Não informado,Não informado,Não informado,Não informado,Não informado,Não informado,Não informado,60.0,Não informado,Não informado,Não informado,2020,11,26,3,11.0
2020-11-26,11:39:00,COM VÍTIMA,FINALIZADA,JIQUIÁ,AV DR JOSE RUFINO,RUA PASSO DA SANTA CRUZ,APÓS A RUA ANTÔNIO CARNEIRO- EM FRENTE A FÁBRICA DE YOLANDA.,JIQUIÁ,SUBURBIO,COLISÃO FRONTAL,COM UMA VITIMA -SAMU NO LOCAL,1.0,1.0,0.0,0.0,0.0,0.0,1.0,0.0,0.0,1.0,0.0,Longo da via,Bom,Não existe,Perfeito estado,Seca,Perfeito estado,Não existe,Não há placas,60.0,Dupla,Faixa contínua,Não informado,2020,11,26,3,11.0
2020-11-26,12:15:00,COM VÍTIMA,FINALIZADA,BEBERIBE,AV BEBERIBE,Não informado,PRÓX AO BOMPREÇO E AO CAMPO DO ARRUDA,BEBERIBE,Não informado,COLISÃO,COLISÃO COM VÍTIMA. VT 25 NO LOCAL.,1.0,1.0,0.0,0.0,0.0,0.0,0.0,0.0,0.0,1.0,0.0,Não informado,Não informado,Não informado,Não informado,Não informado,Não informado,Não informado,Não informado,60.0,Não informado,Não informado,Não informado,2020,11,26,3,12.0
2020-11-26,12:51:00,COM VÍTIMA,FINALIZADA,JOANA BEZERRA,VDO PAPA JOAO PAULO II,Não informado,DESCIDA DO VIADUTO PAPA JOAO PAULO II - SENTIDO DERBY ANTES DA PASSARELA. AO LADO DO FORUM RODOLFO AURELIANO.,JOANA BEZERRA,CIDADE,ATROPELAMENTO,ÔNIBUS BRT E PEDESTRE.,1.0,1.0,0.0,0.0,1.0,1.0,0.0,0.0,0.0,1.0,0.0,Longo da via,Bom,Não existe,Perfeito estado,Seca,Perfeito estado,Não existe,Não há placas,60.0,Dupla,Faixa seccionada,Não informado,2020,11,26,3,12.0
2020-11-26,15:39:00,COM VÍTIMA,FINALIZADA,DERBY,AV GOVERNADOR AGAMENON MAGALHAES,Não informado,EM FRENTE À FARMÁCIA PAGUE MENOS / PRÓX À AGÊNCIA ITAÚ PERSONNALITÉ,DERBY,SUBURBIO,ABALROAMENTO LONGITUDINAL,COLISÃO COM VÍTIMA,1.0,1.0,0.0,0.0,0.0,0.0,1.0,0.0,0.0,1.0,0.0,Longo da via,Bom,Não existe,Perfeito estado,Seca,Perfeito estado,Outros,Não há placas,60.0,Dupla,Canal,Não informado,2020,11,26,3,15.0
2020-11-26,16:04:00,SEM VÍTIMA,FINALIZADA,PAISSANDU,AV GOVERNADOR AGAMENON MAGALHAES,Não informado,EM FRENTE AO BRADESCO Nº 4481,PAISSANDU,CIDADE,COLISÃO TRASEIRA,COLISÃO COM VEICULO OFICIAL- DA SECRETARIA DE MEIO AMBIENTE E SUSTETABILIDADE DE PERNAMBUCO,2.0,1.0,0.0,0.0,0.0,0.0,0.0,0.0,0.0,0.0,0.0,Não informado,Bom,Sem defeito,Perfeito estado,Seca,Perfeito estado,Não existe,Não há placas,60.0,Única,Canteiro central,Não informado,2020,11,26,3,16.0
2020-11-26,16:18:00,COM VÍTIMA,FINALIZADA,IMBIRIBEIRA,AV MARECHAL MASCARENHAS DE MORAES,RUA ITACARE,EM FRENTE À FERREIRA COSTA. LADO OPOSTO AO BANCO DO BRASIL.,IMBIRIBEIRA,SUBURBIO,ABALROAMENTO TRANSVERSAL,SAMU ACIONADO. AGENTES VINÍCIUS E PERICLES NO LOCAL. ABALROAMENTO TRANSVERSAL SEGUIDO DE ATROPELAMENTO.,2.0,1.0,0.0,0.0,1.0,0.0,0.0,0.0,0.0,1.0,0.0,Esquina,Bom,Sem defeito,Perfeito estado,Seca,Perfeito estado,Faixa de pedestre,Outras,60.0,Dupla,Faixa seccionada,Não informado,2020,11,26,3,16.0
2020-11-26,18:58:00,COM VÍTIMA,FINALIZADA,DERBY,RUA JOAQUIM NABUCO,Não informado,EM FRENTE AO HEMOPE E AO HOSPITAL SANTA JOANA,DERBY,SUBURBIO,COLISÃO TRASEIRA,COLISÃO ENTRE AUTO E MOTO- COM VÍTIMA,1.0,1.0,0.0,0.0,0.0,0.0,0.0,0.0,0.0,2.0,0.0,Longo da via,Bom,Não existe,Perfeito estado,Seca,Perfeito estado,Não existe,Não há placas,50.0,Única,Faixa seccionada,Não informado,2020,11,26,3,18.0
2020-11-27,03:02:00,COM VÍTIMA,FINALIZADA,SANTO ANTÔNIO,RUA DO SOL,PRC DA REPUBLICA,PROXIMO AO TEATRO SANTA ISABEL,SANTO ANTÔNIO,Não informado,ABALROAMENTO TRANSVERSAL,AUTO E MOTO.,1.0,1.0,0.0,0.0,0.0,0.0,0.0,0.0,0.0,1.0,0.0,Longo da via,Bom,Não existe,Perfeito estado,Seca,Perfeito estado,Não existe,R-6a,60.0,Única,Faixa contínua,Não informado,2020,11,27,4,3.0
2020-11-27,08:16:00,COM VÍTIMA,FINALIZADA,MADALENA,AV CAXANGA,Não informado,EM FRENTE AO COMPAZ- SENT. CIDADE,MADALENA,Não informado,COLISÃO COM CICLISTA,MOTO E CICLISTA C/V,1.0,1.0,0.0,1.0,0.0,0.0,0.0,0.0,0.0,3.0,0.0,Longo da via,Bom,Não existe,Perfeito estado,Seca,Perfeito estado,Faixa de pedestre,Não há placas,60.0,Única,Canteiro central,Não informado,2020,11,27,4,8.0
2020-11-27,08:58:00,COM VÍTIMA,CANCELADA,MUSTARDINHA,AV MANOEL GONCALVES DA LUZ,Não informado,EM FRENTE A ACADEMIA DA CIDADE  E A PRAÇA DO ABC,MUSTARDINHA,Não informado,COLISÃO,COLISÃO COM VITIMA A ESPERA DO SAMU,1.0,1.0,0.0,0.0,0.0,0.0,0.0,0.0,0.0,1.0,0.0,Não informado,Não informado,Não informado,Não informado,Não informado,Não informado,Não informado,Não informado,60.0,Não informado,Não informado,Não informado,2020,11,27,4,8.0
2020-11-27,09:49:00,COM VÍTIMA,FINALIZADA,MADALENA,AV BEIRA RIO,Não informado,EM ENFRENTE AO PREDIO DO GOVERNADOR. EDF. SOBRADO DO CAPIBARIBE.,MADALENA,TORRE,CHOQUE VEÍCULO PARADO,COM VITIMA,1.0,1.0,0.0,0.0,0.0,0.0,0.0,0.0,0.0,1.0,0.0,Longo da via,Bom,Não existe,Perfeito estado,Seca,Perfeito estado,Faixa de pedestre,R-6a,60.0,Dupla,Faixa seccionada,Não informado,2020,11,27,4,9.0
2020-11-27,10:52:00,SEM VÍTIMA,FINALIZADA,SANTO AMARO,RUA DA SAUDADE,RUA JOAO LIRA,Não informado,SANTO AMARO,SUBURBIO,ABALROAMENTO TRANSVERSAL,VEICULO OFICIAL DA CASA MILITAR,2.0,1.0,0.0,0.0,0.0,0.0,0.0,0.0,0.0,0.0,0.0,Cruzamento,Bom,Sem defeito,Incompleta,Seca,Perfeito estado,Faixa de pedestre,Não há placas,60.0,Única,Não existe,Não informado,2020,11,27,4,10.0
2020-11-27,10:59:00,COM VÍTIMA,FINALIZADA,TAMARINEIRA,AV NORTE,Não informado,EM FRENTE A  VISTOCAR  VISTORIA DO DETRAN,TAMARINEIRA,SUBURBIO,COLISÃO TRASEIRA,COLISÃO COM VITIMA A ESPERA DO SAMU,1.0,1.0,0.0,0.0,0.0,0.0,0.0,0.0,0.0,1.0,0.0,Longo da via,Bom,Não existe,Perfeito estado,Seca,Perfeito estado,Não existe,Outras,60.0,Dupla,Canteiro central,Não informado,2020,11,27,4,10.0
2020-11-27,16:56:00,COM VÍTIMA,FINALIZADA,APIPUCOS,AV DEZESSETE DE AGOSTO,Não informado,APOS O COLEGIO SILVA JARDIM,APIPUCOS,SUBURBIO,COLISÃO TRASEIRA,COLISAO ENTRE AUTO E MOTO COM UMA VITIMA,1.0,1.0,0.0,0.0,0.0,0.0,0.0,0.0,0.0,1.0,0.0,Longo da via,Bom,Não existe,Perfeito estado,Seca,Perfeito estado,Não informado,Outras,60.0,Dupla,Faixa contínua,Não informado,2020,11,27,4,16.0