data,hora,natureza_acidente,situacao,bairro,endereco,detalhe_endereco_acidente,complemento,bairro_cruzamento,sentido_via,tipo,descricao,auto,moto,ciclom,ciclista,pedestre,onibus,caminhao,viatura,outros,vitimas,vitimasfatais,acidente_verificado,tempo_clima,situacao_semaforo,sinalizacao,condicao_via,conservacao_via,ponto_controle,situacao_placa,velocidade_max_via,mao_direcao,divisao_via1,natureza,ano,mes,dia,dia_semana,hora_ocorrencia
2020-11-27,19:00:00,COM VÍTIMA,FINALIZADA,SANTO AMARO,RUA AURORA,AV NORTE,PONTE DO LIMOEIRO . HOSPITAL RECIFE 1 - COVID.,SANTO AMARO,SUBURBIO,COLISÃO COM CICLISTA,MOTO X CICILISTA. C/V,1.0,1.0,0.0,1.0,0.0,0.0,0.0,0.0,0.0,1.0,0.0,Cruzamento,Bom,Sem defeito,Perfeito estado,Seca,Perfeito estado,Faixa de pedestre,Outras,60.0,Dupla,Não existe,Não informado,2020,11,27,4,19.0
2020-11-28,05:57:00,SEM VÍTIMA,FINALIZADA,TORRÕES,RUA LUIZ DA CAMARA CASCUDO,Não informado,BARRACA DE SEU MARTIN,TORRÕES,Não informado,CHOQUE VEÍCULO PARADO,VEICULO COLIDIU COM O MURO DE UMA RESIDENCIA E O CONDUTOR ESTA VISIVELMENTE EMBRIAGADO SEGUNDO RELATOS,2.0,1.0,0.0,0.0,0.0,0.0,0.0,0.0,0.0,0.0,0.0,Não informado,Não informado,Não informado,Não informado,Não informado,Não informado,Não informado,Não informado,60.0,Não informado,Não informado,Não informado,2020,11,28,5,5.0
2020-11-28,07:33:00,SEM VÍTIMA,FINALIZADA,SANTO AMARO,AV CRUZ CABUGA,RUA PEDRO AFONSO,SOB SEMÁFORO 674,SANTO AMARO,SUBURBIO,COLISÃO FRONTAL,VEICULO CHOCOU-SE COM POSTE / VIRGINIA E JOAO SANTOS NO QTH,1.0,1.0,0.0,0.0,0.0,0.0,0.0,0.0,0.0,0.0,0.0,Cruzamento,Bom,Sem defeito,Perfeito estado,Seca,Perfeito estado,Faixa de pedestre,Não informado,60.0,Dupla,Não informado,Não informado,2020,11,28,5,7.0
2020-11-28,11:23:00,COM VÍTIMA,FINALIZADA,SANTO AMARO,RUA DA AURORA,Não informado,EM FRENTE A GLOBO. APÓS A ESTÁTUA DO TORTURA NUNCA MAIS. LADO OPOSTO AO NÚMERO INFORMADO.,SANTO AMARO,SUBURBIO,COLISÃO TRASEIRA,AUTO E MOTO PM,1.0,1.0,0.0,0.0,0.0,0.0,0.0,0.0,0.0,1.0,0.0,Longo da via,Bom,Não existe,Perfeito estado,Seca,Perfeito estado,Não existe,Não há placas,60.0,Dupla,Faixa seccionada,Não informado,2020,11,28,5,11.0
2020-11-28,14:06:00,COM VÍTIMA,FINALIZADA,IMBIRIBEIRA,AV MARECHAL MASCARENHAS DE MORAES,Não informado,EM FRENTE A FACULDADE UNIVERSO,IMBIRIBEIRA,SUBURBIO,ABALROAMENTO LONGITUDINAL,COLISÃO COM CARRO E MOTO / O CARRO COLIDIU COM A MOTO E A MOTO COLIDIU COM OUTRO CARRO,2.0,1.0,0.0,0.0,0.0,0.0,0.0,0.0,0.0,1.0,0.0,Longo da via,Bom,Não existe,Perfeito estado,Seca,Perfeito estado,Não existe,R-6a,60.0,Dupla,Canteiro central,Não informado,2020,11,28,5,14.0
2020-11-28,17:13:00,COM VÍTIMA,FINALIZADA,SANTO AMARO,AV NORTE,Não informado,PRÓX À NATY LANCHES / SENTIDO CABUGÁ. LADO OPOSTO A ANTIGA LBA.,SANTO AMARO,SUBURBIO,COLISÃO COM CICLISTA,COLISÃO COM CICLISTA. VT 26 NO LOCAL.,1.0,1.0,0.0,1.0,0.0,0.0,0.0,0.0,0.0,2.0,0.0,Longo da via,Bom,Sem defeito,Perfeito estado,Seca,Perfeito estado,Não existe,Não há placas,60.0,Única,Faixa seccionada,Não informado,2020,11,28,5,17.0
2020-11-28,18:11:00,SEM VÍTIMA,CANCELADA,VÁRZEA,RUA GASTAO VIDIGAL,Não informado,EM FRENTE A FARMACIA DO TRABALHADOR / PROX A UPA DA CAXANGA,VÁRZEA,Não informado,COLISÃO,COLISÃO COM SUSPEITA DE ALCOOLEMIA,2.0,1.0,0.0,0.0,0.0,0.0,0.0,0.0,0.0,0.0,0.0,Não informado,Não informado,Não informado,Não informado,Não informado,Não informado,Não informado,Não informado,60.0,Não informado,Não informado,Não informado,2020,11,28,5,18.0
2020-11-28,21:45:00,SEM VÍTIMA,FINALIZADA,BOA VIAGEM,AV HELIO FALCAO,Não informado,PRÓX AO COLÉGIO ANCHIETA // PRÓX A CHURRASCARIA PAJUSSARA,BOA VIAGEM,Não informado,CHOQUE,VEÍCULO CHOCOU-SE CONTRA O MURO DO EDIFÍCIO E O CONDUTOR EVADIU-SE DO LOCAL,1.0,1.0,0.0,0.0,0.0,0.0,0.0,0.0,0.0,0.0,0.0,Não informado,Não informado,Não informado,Não informado,Não informado,Não informado,Não informado,Não informado,60.0,Não informado,Não informado,Não informado,2020,11,28,5,21.0
2020-11-28,22:20:00,COM VÍTIMA,CANCELADA,BOA VIAGEM,RUA RIBEIRO DE BRITO,Não informado,EM FRENTE AO POSTO BR- PROXIMO DO VIADUTO TANCREDO NEVES,BOA VIAGEM,Não informado,ENGAVETAMENTO,ENGAVETAMENTO ENVOLVENDO TRÊS AUTO E UMA MOTO- COM VÍTIMAS,3.0,1.0,0.0,0.0,0.0,0.0,0.0,0.0,0.0,1.0,0.0,Não informado,Não informado,Não informado,Não informado,Não informado,Não informado,Não informado,Não informado,60.0,Não informado,Não informado,Não informado,2020,11,28,5,22.0
2020-11-29,00:55:00,COM VÍTIMA,EQUIPE NO LOCAL,DERBY,AV GOVERNADOR AGAMENON MAGALHAES,RUA HENRIQUE DIAS,SENTIDO OLINDA/BOA VIAGEM - EM FRENTE AO ANTIGO SPETTUS,DERBY,Não informado,ABALROAMENTO TRANSVERSAL,COLISÃO COM VÍTIMA ENTRE DOIS AUTOS,2.0,1.0,0.0,0.0,0.0,0.0,0.0,0.0,0.0,3.0,0.0,Cruzamento,Bom,Sem defeito,Perfeito estado,Seca,Perfeito estado,Faixa de pedestre,Não informado,60.0,Única,Não informado,Não informado,2020,11,29,6,0.0
2020-11-29,08:55:00,COM VÍTIMA,FINALIZADA,CASA FORTE,AV DEZESSETE DE AGOSTO,Não informado,EM FRENTE A RPA . GERÊNCIA OPERACIONAL DE FISCALIZAÇÃO.,CASA FORTE,CIDADE,COLISÃO TRASEIRA,COLISÃO COM VITIMA GM MILLER  QTH,2.0,1.0,0.0,0.0,0.0,0.0,0.0,0.0,0.0,1.0,0.0,Longo da via,Bom,Sem defeito,Perfeito estado,Seca,Perfeito estado,Faixa de pedestre,R-6a,60.0,Dupla,Faixa contínua,Não informado,2020,11,29,6,8.0
2020-11-29,09:06:00,COM VÍTIMA,FINALIZADA,BOA VISTA,RUA DO PRINCIPE,RUA BISPO CARDOSO AYRES,EM FRENTE A IGREJA EVANGELICA PERNAMBUCANA,BOA VISTA,CIDADE,ABALROAMENTO TRANSVERSAL,COLISÃO COM VITIMA A ESPERA DO SAMU,1.0,1.0,0.0,0.0,0.0,1.0,0.0,0.0,0.0,1.0,0.0,Cruzamento,Chuvoso,Sem defeito,Não informado,Molhada,Perfeito estado,Faixa de pedestre,Não há placas,60.0,Única,Faixa seccionada,Não informado,2020,11,29,6,9.0
2020-11-29,13:14:00,COM VÍTIMA,FINALIZADA,BOA VIAGEM,AV ENGENHEIRO DOMINGOS FERREIRA,RUA BRUNO VELOSO,EM FRENTE A DROGASIL/ VIA DA ESQUERDA,BOA VIAGEM,SUBURBIO,ABALROAMENTO TRANSVERSAL,COLISÃO COM VÍTIMA,2.0,1.0,0.0,0.0,0.0,0.0,0.0,0.0,0.0,1.0,0.0,Cruzamento,Bom,Sem defeito,Perfeito estado,Seca,Perfeito estado,Faixa de pedestre,Outras,60.0,Única,Faixa contínua,Não informado,2020,11,29,6,13.0
2020-11-29,15:08:00,COM VÍTIMA,FINALIZADA,AFOGADOS,EST DOS REMEDIOS,Não informado,E/F A DISRIBUIDORA DA TUPAN. LOJA JEEP FIORI.,AFOGADOS,Não informado,CHOQUE OBJETO FIXO,VEICULO CHOCOU COM A LOJA VT 21 NO LOCAL,1.0,1.0,0.0,0.0,0.0,0.0,0.0,0.0,0.0,1.0,0.0,Não informado,Bom,Sem defeito,Perfeito estado,Seca,Perfeito estado,Não informado,Não informado,60.0,Única,Faixa seccionada,Não informado,2020,11,29,6,15.0
2020-11-29,19:37:00,COM VÍTIMA,FINALIZADA,ALTO JOSÉ BONIFÁCIO,RUA ALTO JOSE BONIFACIO,Não informado,EM FRENTE A IGREJA BATISTA- PROXIMO DA FARMÁCIA DESCONTÃO,ALTO JOSÉ BONIFÁCIO,SUBURBIO,COLISÃO FRONTAL,COLISÃO ENTRE DOIS AUTO- COM VITIMA,2.0,1.0,0.0,0.0,0.0,0.0,0.0,0.0,0.0,1.0,0.0,Longo da via,Bom,Não existe,Perfeito estado,Seca,Perfeito estado,Não existe,Não há placas,30.0,Dupla,Faixa contínua,Não informado,2020,11,29,6,19.0
2020-11-29,19:52:00,COM VÍTIMA,FINALIZADA,IPUTINGA,AV MAURICIO DE NASSAU,EST DO BARBALHO,SEMÁFORO 246 / E/F AO MERCADO DAS RAÇÕES E LANCHONETE DA NANDA,IPUTINGA,SUBURBIO,ABALROAMENTO LONGITUDINAL,2 MOTOS. C/V,1.0,2.0,0.0,0.0,0.0,0.0,0.0,0.0,0.0,2.0,0.0,Longo da via,Bom,Sem defeito,Perfeito estado,Seca,Perfeito estado,Faixa de pedestre,Não informado,60.0,Dupla,Faixa contínua,Não informado,2020,11,29,6,19.0
2020-11-29,20:14:00,COM VÍTIMA,FINALIZADA,BOA VIAGEM,RUA CORONEL ANIZIO RODRIGUES COELHO,RUA DES JOAO PAES,AO LADO DO NORTE SUL NEGOCIOS,BOA VIAGEM,Não informado,ABALROAMENTO TRANSVERSAL,COLISÃO ENTRE AUTO E MOTO- COM VITIMA,1.0,1.0,0.0,0.0,0.0,0.0,0.0,0.0,0.0,1.0,0.0,Cruzamento,Bom,Não existe,Perfeito estado,Seca,Perfeito estado,Faixa de pedestre,Placas Pare,60.0,Única,Não existe,Não informado,2020,11,29,6,20.0
2020-11-30,02:51:00,SEM VÍTIMA,FINALIZADA,BOA VIAGEM,RUA ANTONIO FALCAO,Não informado,EM FRENTE AO PADERÃO,BOA VIAGEM,Não informado,CHOQUE OBJETO FIXO,POSTE CAÍDO SOBRE O VEÍCULO,1.0,1.0,0.0,0.0,0.0,0.0,0.0,0.0,0.0,0.0,0.0,Não informado,Não informado,Não informado,Não informado,Não informado,Não informado,Não informado,Não informado,60.0,Não informado,Não informado,Não informado,2020,11,30,0,2.0
2020-11-30,10:47:00,COM VÍTIMA,FINALIZADA,BOA VISTA,RUA MONTE CASTELO,Não informado,EM FRENTE AO ANEXO TRES DA CAMARA MUNICIPAL DO RECIFE.,BOA VISTA,Não informado,ABALROAMENTO LONGITUDINAL,COM UMA VITIMA SOCORRIDA PELO SAMU,2.0,1.0,0.0,0.0,0.0,0.0,0.0,0.0,0.0,1.0,0.0,Longo da via,Bom,Não existe,Perfeito estado,Seca,Perfeito estado,Não existe,Não há placas,60.0,Única,Não informado,Não informado,2020,11,30,0,10.0
2020-11-30,12:12:00,COM VÍTIMA,CANCELADA,ENCRUZILHADA,AV NORTE,RUA CEARA,POR TRÁS DO EXTRABOM /,ENCRUZILHADA,Não informado,COLISÃO,COLISÃO COM VÍTIMA,1.0,1.0,0.0,0.0,0.0,0.0,0.0,0.0,0.0,1.0,0.0,Não informado,Não informado,Não informado,Não informado,Não informado,Não informado,Não informado,Não informado,60.0,Não informado,Não informado,Não informado,2020,11,30,0,12.0
2020-11-30,12:47:00,COM VÍTIMA,FINALIZADA,PINA,AV CONSELHEIRO AGUIAR,RUA ONDINA,EM FRENTE A VIA CAR,PINA,CIDADE,ABALROAMENTO LONGITUDINAL,CARRO X MOTO,1.0,1.0,0.0,0.0,0.0,0.0,0.0,0.0,0.0,1.0,0.0,Cruzamento,Bom,Não existe,Incompleta,Seca,Perfeito estado,Não existe,R-6a,60.0,Única,Faixa seccionada,Não informado,2020,11,30,0,12.0
2020-11-30,12:51:00,SEM VÍTIMA,FINALIZADA,MADALENA,AV CAXANGA,Não informado,ESTRADA DOS REMÉDIOS,MADALENA,CIDADE,ABALROAMENTO LONGITUDINAL,COLISÃO COM VEÍCULO OFICIAL,2.0,1.0,0.0,0.0,0.0,0.0,0.0,0.0,0.0,0.0,0.0,Cruzamento,Bom,Sem defeito,Perfeito estado,Seca,Perfeito estado,Faixa de pedestre,Não há placas,60.0,Dupla,Blocos,Não informado,2020,11,30,0,12.0
2020-11-30,13:30:00,COM VÍTIMA,FINALIZADA,MADALENA,RUA JOAO IVO DA SILVA,RUA NOBRE DE LACERDA,PROX AO POSTO PETROVIA / APOS A SAIDO DO TUNEL MADALENA,MADALENA,CIDADE,ABALROAMENTO LONGITUDINAL,CARRO X MOTO / ORIENTADOR DE TRANSITO NO LOCAL- CLAUDIO E DAGOBERTO,1.0,1.0,0.0,0.0,0.0,0.0,0.0,0.0,0.0,1.0,0.0,Longo da via,Bom,Não existe,Perfeito estado,Seca,Perfeito estado,Não existe,Não há placas,60.0,Única,Faixa seccionada,Não informado,2020,11,30,0,13.0
2020-11-30,14:52:00,COM VÍTIMA,FINALIZADA,IBURA,AV DOIS RIOS,Não informado,ANTES DA POLICLINICA ARNALDO MARQUES. PRÓXIMO A AUTO ESCOLA PILOTO.,IBURA,CIDADE,ABALROAMENTO TRANSVERSAL,MOTO X CARRO,1.0,1.0,0.0,0.0,0.0,0.0,0.0,0.0,0.0,1.0,0.0,Longo da via,Bom,Sem defeito,Perfeito estado,Seca,Perfeito estado,Não informado,Não há placas,60.0,Dupla,Faixa contínua,Não informado,2020,11,30,0,14.0
2020-11-30,15:00:00,SEM VÍTIMA,FINALIZADA,CASA AMARELA,RUA XAVANTES,RUA VISCONDE DE TAUNAY,Não informado,CASA AMARELA,Não informado,ABALROAMENTO LONGITUDINAL,COLISÃO COM VEÍCULO OFICIAL,1.0,1.0,0.0,0.0,0.0,0.0,1.0,0.0,0.0,0.0,0.0,Longo da via,Bom,Não existe,Perfeito estado,Seca,Perfeito estado,Faixa de pedestre,Placas Pare,60.0,Não informado,Não existe,Não informado,2020,11,30,0,15.0
2020-11-30,15:38:00,COM VÍTIMA,FINALIZADA,SOLEDADE,RUA DAS NINFAS,RUA DO PROGRESSO,PRÓX À UNI SÃO MIGUEL. AO LADO DA ODONTO LEITE.,SOLEDADE,CIDADE,ABALROAMENTO TRANSVERSAL,AGUARDANDO ATENDIMENTO DO SAMU.,2.0,1.0,0.0,0.0,0.0,0.0,0.0,0.0,0.0,1.0,0.0,Cruzamento,Bom,Não existe,Perfeito estado,Seca,Perfeito estado,Faixa de pedestre,Placas Pare,60.0,Única,Não existe,Não informado,2020,11,30,0,15.0
2020-11-30,16:40:00,COM VÍTIMA,FINALIZADA,BREJO DE BEBERIBE,AV VEREADOR OTACILIO AZEVEDO,Não informado,Não informado,BREJO DE BEBERIBE,CIDADE,CHOQUE VEÍCULO PARADO,Auto x e auto y- SUSPEITA DE ALCOOLEMIA,2.0,1.0,0.0,0.0,0.0,0.0,0.0,0.0,0.0,1.0,0.0,Longo da via,Bom,Não existe,Incompleta,Seca,Perfeito estado,Não existe,Não há placas,60.0,Dupla,Faixa seccionada,Não informado,2020,11,30,0,16.0
2020-11-30,16:51:00,COM VÍTIMA,FINALIZADA,CAXANGÁ,AV CAXANGA,Não informado,NA PONTE DA CAXANGA / PROX A UPA CAXANGA,CAXANGÁ,SUBURBIO,ABALROAMENTO TRANSVERSAL,DUAS MOTOS.,1.0,2.0,0.0,0.0,0.0,0.0,0.0,0.0,0.0,1.0,0.0,Longo da via,Bom,Não existe,Perfeito estado,Seca,Perfeito estado,Agente,Não há placas,60.0,Única,Faixa seccionada,Não informado,2020,11,30,0,16.0
2020-11-30,17:28:00,COM VÍTIMA,CANCELADA,VÁRZEA,AV PROFESSOR LUIZ FREIRE,Não informado,AO LADO DO IFPE,VÁRZEA,Não informado,COLISÃO,COLISÃO MOTO X MOTO,1.0,2.0,0.0,0.0,0.0,0.0,0.0,0.0,0.0,2.0,0.0,Não informado,Não informado,Não informado,Não informado,Não informado,Não informado,Não informado,Não informado,60.0,Não informado,Não informado,Não informado,2020,11,30,0,17.0
2020-11-30,17:47:00,COM VÍTIMA,FINALIZADA,BREJO DE BEBERIBE,RUA URIEL DE HOLANDA,Não informado,PRÓX AO ARMAZÉM E SERRARIA OLIVEIRA,BREJO DE BEBERIBE,Não informado,ABALROAMENTO LONGITUDINAL,SAMU REALIZANDO ATENDIMENTO. VT 27 NO LOCAL.,1.0,1.0,0.0,0.0,0.0,0.0,0.0,0.0,0.0,2.0,0.0,Longo da via,Bom,Não existe,Perfeito estado,Seca,Perfeito estado,Não existe,Não há placas,60.0,Dupla,Não existe,Não informado,2020,11,30,0,17.0
2020-11-30,18:01:00,COM VÍTIMA,FINALIZADA,SÃO JOSÉ,AV SUL,Não informado,PRÓXIMO AO HOTEL LUA DE MEL. AO LADO DO NÚMERO 1800,SÃO JOSÉ,CIDADE,ABALROAMENTO TRANSVERSAL,DUAS MOTOS.,1.0,2.0,0.0,0.0,0.0,0.0,0.0,0.0,0.0,1.0,0.0,Longo da via,Bom,Não existe,Perfeito estado,Seca,Perfeito estado,Outros,Não informado,60.0,Dupla,Canteiro central,Não informado,2020,11,30,0,18.0
2020-11-30,19:40:00,COM VÍTIMA,FINALIZADA,CASA AMARELA,RUA CONS PERETTI,RUA OSCAR DE BARROS,PRÓX A CAIXA ECONÔMICA DE CASA AMARELA,CASA AMARELA,Não informado,COLISÃO,COLISÃO ENTRE MOTO E ÔNIBUS- COM VÍTIMA,1.0,1.0,0.0,0.0,0.0,0.0,0.0,0.0,0.0,1.0,0.0,Não informado,Não informado,Não informado,Não informado,Não informado,Não informado,Não informado,Não informado,60.0,Não informado,Não informado,Não informado,2020,11,30,0,19.0
2020-11-30,20:46:00,COM VÍTIMA,CANCELADA,BONGI,AV ENGENHEIRO ABDIAS DE CARVALHO,Não informado,EM FRENTE A PRAÇA DA CHESF- SENTIDO BR / PROX AO YOKI,BONGI,Não informado,ENGAVETAMENTO,ENGAVETAMENTO ENVONVENDO 4 VEÍCULOS- COM VÍTIMAS,4.0,1.0,0.0,0.0,0.0,0.0,0.0,0.0,0.0,2.0,0.0,Não informado,Não informado,Não informado,Não informado,Não informado,Não informado,Não informado,Não informado,60.0,Não informado,Não informado,Não informado,2020,11,30,0,20.0
2020-11-30,22:14:00,COM VÍTIMA,CANCELADA,MADALENA,AV VISCONDE DE ALBUQUERQUE,Não informado,EM FRENTE AO POSTO IPIRANGA // PRÓX AO HOSPITAL DE ÁVILLA,MADALENA,Não informado,COLISÃO,COLISÃO ENTRE DOIS AUTOS- COM VÍTIMA (CONDUTOR DO CLASSIC APRESENTA SINAIS DE EMBRIAGUEZ),2.0,1.0,0.0,0.0,0.0,0.0,0.0,0.0,0.0,1.0,0.0,Não informado,Não informado,Não informado,Não informado,Não informado,Não informado,Não informado,Não informado,60.0,Não informado,Não informado,Não informado,2020,11,30,0,22.0
2020-12-01,08:46:00,SEM VÍTIMA,FINALIZADA,VASCO DA GAMA,AV NORTE,Não informado,Não informado,VASCO DA GAMA,Não informado,COLISÃO,COLISÃO ENTRE DOIS AUTOS,3.0,1.0,0.0,0.0,0.0,0.0,0.0,0.0,0.0,0.0,0.0,Longo da via,Bom,Não existe,Perfeito estado,Seca,Perfeito estado,Não existe,Não informado,60.0,Dupla,Canteiro central,Não informado,2020,12,1,1,8.0
2020-12-01,08:57:00,SEM VÍTIMA,FINALIZADA,IMBIRIBEIRA,Não informado,Não informado,RUA DES. AGENOR FERREIRA DE LIMA/ ESCOLA MUNIC. JULIO DE OLIVEIRA,IMBIRIBEIRA,Não informado,COLISÃO,VEICULO OFICIAL,1.0,1.0,0.0,0.0,0.0,0.0,0.0,1.0,0.0,0.0,0.0,Longo da via,Bom,Não existe,Não existente,Seca,Perfeito estado,Não existe,Não há placas,60.0,Dupla,Não existe,Não informado,2020,12,1,1,8.0
2020-12-01,21:56:00,COM VÍTIMA,FINALIZADA,ESPINHEIRO,RUA QUARENTA E OITO,RUA DO ESPINHEIRO,E/F A PADARIA DO ESPINHEIRO E EDIFICIO ARAÇOYABA VILLAGE / SEMÁFORO 166,ESPINHEIRO,CIDADE,ABALROAMENTO TRANSVERSAL,DUAS MOTOS ENVOLVIDAS. C/V,1.0,2.0,0.0,0.0,0.0,0.0,0.0,0.0,0.0,2.0,0.0,Cruzamento,Chuvoso,Sem defeito,Perfeito estado,Seca,Perfeito estado,Faixa de pedestre,R-3,30.0,Única,Não informado,Não informado,2020,12,1,1,21.0
2020-12-01,22:02:00,COM VÍTIMA,CANCELADA,TEJIPIÓ,AV DR JOSE RUFINO,Não informado,E/F AO POSTO BR E REDES DA BATERIAS- SNT RECIFE,TEJIPIÓ,Não informado,COLISÃO,DUAS MOTOS ENVOLVIDAS. C/V,1.0,2.0,0.0,0.0,0.0,0.0,0.0,0.0,0.0,2.0,0.0,Não informado,Não informado,Não informado,Não informado,Não informado,Não informado,Não informado,Não informado,60.0,Não informado,Não informado,Não informado,2020,12,1,1,22.0
2020-12-02,08:17:00,COM VÍTIMA,FINALIZADA,CASA FORTE,AV DEZESSETE DE AGOSTO,Não informado,EM FRENTE AO LABORATORIO MARCELO MAGALHAES,CASA FORTE,CIDADE,ABALROAMENTO LONGITUDINAL,AUTO E MOTO.,1.0,1.0,0.0,0.0,0.0,0.0,0.0,0.0,0.0,2.0,0.0,Longo da via,Bom,Sem defeito,Perfeito estado,Seca,Perfeito estado,Não existe,R-6a,60.0,Dupla,Faixa contínua,Não informado,2020,12,2,2,8.0
2020-12-02,09:59:00,SEM VÍTIMA,FINALIZADA,CORDEIRO,RUA TOMAZ GONZAGA,AV PROFESSOR ESTEVAO FRANCISCO DA COSTA,Não informado,CORDEIRO,Não informado,COLISÃO,COLISÃO COM TRÊS VEÍCULOS ENVOLVIDOS E DERRAMAMENTO DE OLEO NA PISTA,1.0,1.0,0.0,0.0,0.0,0.0,0.0,0.0,0.0,0.0,0.0,Não informado,Não informado,Não informado,Não informado,Não informado,Não informado,Não informado,Não informado,60.0,Não informado,Não informado,Não informado,2020,12,2,2,9.0
2020-12-02,11:11:00,COM VÍTIMA,FINALIZADA,IMBIRIBEIRA,RUA MURITIBA,Não informado,RUA LATERAL AO BANCO DO BRASIL. POR TRÁS DO BANCO.,IMBIRIBEIRA,IPSEP,ABALROAMENTO LONGITUDINAL,MOTO E AUTO,1.0,1.0,0.0,0.0,0.0,0.0,0.0,0.0,0.0,1.0,0.0,Longo da via,Bom,Não existe,Não existente,Seca,Perfeito estado,Não existe,Outras,60.0,Dupla,Não existe,Não informado,2020,12,2,2,11.0
2020-12-02,11:31:00,COM VÍTIMA,FINALIZADA,ESTÂNCIA,AV DR JOSE RUFINO,Não informado,RUA DA GALERIA MARGARIDA,ESTÂNCIA,SUBURBIO,ABALROAMENTO LONGITUDINAL,MOTO E AUTO,1.0,1.0,0.0,0.0,0.0,0.0,0.0,0.0,0.0,1.0,0.0,Longo da via,Bom,Não existe,Perfeito estado,Seca,Perfeito estado,Não existe,Não há placas,60.0,Dupla,Não informado,Não informado,2020,12,2,2,11.0
2020-12-02,13:47:00,COM VÍTIMA,FINALIZADA,PINA,RUA DAGOBERTO PIRES,AV BRASILIA FORMOSA,PROX KIOSKE PALAFITA,PINA,CIDADE,ABALROAMENTO TRANSVERSAL,COLISÃO MOTO X CARRO,1.0,1.0,0.0,0.0,0.0,0.0,0.0,0.0,0.0,1.0,0.0,Longo da via,Bom,Não existe,Perfeito estado,Seca,Perfeito estado,Não existe,Não há placas,60.0,Dupla,Faixa seccionada,Não informado,2020,12,2,2,13.0
2020-12-02,16:00:00,SEM VÍTIMA,FINALIZADA,BOA VIAGEM,AV ENGENHEIRO DOMINGOS FERREIRA,RUA RIBEIRO DE BRITO,Não informado,BOA VIAGEM,SUBURBIO,COLISÃO TRASEIRA,VEÍCULO OFICIAL,1.0,1.0,0.0,0.0,0.0,0.0,0.0,0.0,0.0,0.0,0.0,Longo da via,Bom,Sem defeito,Perfeito estado,Seca,Perfeito estado,Faixa de pedestre,Não informado,60.0,Única,Canteiro central,Não informado,2020,12,2,2,16.0
2020-12-02,17:43:00,COM VÍTIMA,FINALIZADA,CAMPO GRANDE,EST DE BELEM,RUA COELHO NETO,EM FRENTE A IGREJA UNIVERSAL / EM FRENTE A PRAÇA CAMPO GRANDE,CAMPO GRANDE,OLINDA,COLISÃO TRASEIRA,COLISÃO MOTO X CARRO,1.0,1.0,0.0,0.0,0.0,0.0,0.0,0.0,0.0,2.0,0.0,Longo da via,Bom,Não existe,Perfeito estado,Seca,Perfeito estado,Outros,R-6a,60.0,Dupla,Faixa contínua,Não informado,2020,12,2,2,17.0
2020-12-02,17:47:00,COM VÍTIMA,FINALIZADA,SANTO AMARO,RUA TUPINAMBAS,Não informado,Não informado,SANTO AMARO,SUBURBIO,COLISÃO FRONTAL,COLISÃO MOTO X CARRO,1.0,1.0,0.0,0.0,0.0,0.0,0.0,0.0,0.0,1.0,0.0,Longo da via,Bom,Não existe,Perfeito estado,Seca,Perfeito estado,Não existe,Não há placas,60.0,Dupla,Faixa seccionada,Não informado,2020,12,2,2,17.0
2020-12-02,19:51:00,SEM VÍTIMA,CANCELADA,BOA VIAGEM,AV BOA VIAGEM,Não informado,APÓS O POINT DA JAMAICA- EM FRENTE AO EDIFICIO MOHANA,BOA VIAGEM,Não informado,CHOQUE,COLISÃO ENTRE DOIS AUTOS SEM VITIMAS- APOS A COLISÃO UM DOS VEÍCULOS CHOCOU-SE NO PORTÃO DO CONDOMINIO MOHANA,2.0,1.0,0.0,0.0,0.0,0.0,0.0,0.0,0.0,0.0,0.0,Não informado,Não informado,Não informado,Não informado,Não informado,Não informado,Não informado,Não informado,60.0,Não informado,Não informado,Não informado,2020,12,2,2,19.0
2020-12-02,20:22:00,COM VÍTIMA,CANCELADA,CASA FORTE,AV DEZESSETE DE AGOSTO,Não informado,EM FRENTE A CNA- AO LADO DO LABORATORIO MARCELO MAGALHÃES,CASA FORTE,Não informado,COLISÃO,COLISÃO ENTRE AUTO E MOTO- C/V,1.0,1.0,0.0,0.0,0.0,0.0,0.0,0.0,0.0,1.0,0.0,Não informado,Não informado,Não informado,Não informado,Não informado,Não informado,Não informado,Não informado,60.0,Não informado,Não informado,Não informado,2020,12,2,2,20.0
2020-12-02,21:32:00,COM VÍTIMA,FINALIZADA,ILHA JOANA BEZERRA,VIADUTO CAPITAO TEMUDO,Não informado,EM CIMA DO VIADUTO- SENTIDO BOA VIAGEM,ILHA JOANA BEZERRA,SUBURBIO,COLISÃO TRASEIRA,COLISÃO ENTRE AUTO E MOTO- C/V,1.0,1.0,0.0,0.0,0.0,0.0,0.0,0.0,0.0,1.0,0.0,Viaduto,Bom,Não existe,Perfeito estado,Seca,Perfeito estado,Não existe,Não há placas,60.0,Única,Faixa seccionada,Não informado,2020,12,2,2,21.0
2020-12-02,23:00:00,COM VÍTIMA,FINALIZADA,BOA VIAGEM,RUA PADRE BERNADINO PESSOA,RUA FRANCISCO DA CUNHA,EM FRENTE AO MERCADINHO SINAS,BOA VIAGEM,CIDADE,ABALROAMENTO TRANSVERSAL,COLISÃO ENTRE TRÊS AUTOS- COM VITIMA,3.0,1.0,0.0,0.0,0.0,0.0,0.0,0.0,0.0,1.0,0.0,Cruzamento,Bom,Não existe,Perfeito estado,Seca,Perfeito estado,Não existe,Placas Pare,60.0,Única,Não existe,Não informado,2020,12,2,2,23.0