data,hora,natureza_acidente,situacao,bairro,endereco,detalhe_endereco_acidente,complemento,bairro_cruzamento,sentido_via,tipo,descricao,auto,moto,ciclom,ciclista,pedestre,onibus,caminhao,viatura,outros,vitimas,vitimasfatais,acidente_verificado,tempo_clima,situacao_semaforo,sinalizacao,condicao_via,conservacao_via,ponto_controle,situacao_placa,velocidade_max_via,mao_direcao,divisao_via1,natureza,ano,mes,dia,dia_semana,hora_ocorrencia
2020-12-02,23:41:00,COM VÍTIMA,CANCELADA,MADALENA,RUA COMENDADOR BENTO AGUIAR,Não informado,EM FRENTE AO EXTRA DA BENFICA,MADALENA,Não informado,COLISÃO,COLISÃO ENTRE AUTO E MOTO- C/V,1.0,1.0,0.0,0.0,0.0,0.0,0.0,0.0,0.0,1.0,0.0,Não informado,Não informado,Não informado,Não informado,Não informado,Não informado,Não informado,Não informado,60.0,Não informado,Não informado,Não informado,2020,12,2,2,23.0
2020-12-03,08:37:00,SEM VÍTIMA,FINALIZADA,IPUTINGA,AV MARIO ALVARES PEREIRA DE LYRA,Não informado,BOM PASTOR,IPUTINGA,Não informado,ABALROAMENTO LONGITUDINAL,SEM VITIMA COM VEICULO OFICIAL- AMBULAMNCIA,1.0,1.0,0.0,0.0,0.0,0.0,0.0,0.0,1.0,0.0,0.0,Cruzamento,Bom,Não existe,Perfeito estado,Seca,Perfeito estado,Faixa de retenção,Placas Pare,40.0,Única,Canteiro central,Não informado,2020,12,3,3,8.0
2020-12-03,09:13:00,COM VÍTIMA,FINALIZADA,IBURA,AV DOIS RIOS,Não informado,PRÓXIMO A IGREJA UNIVERSAL DOS SANTOS DOS ÚLTIMOS DIAS- SENTIDO BR,IBURA,SUBURBIO,COLISÃO FRONTAL,DOIS AUTOS.,2.0,1.0,0.0,0.0,0.0,0.0,0.0,0.0,0.0,2.0,0.0,Longo da via,Bom,Não existe,Perfeito estado,Seca,Perfeito estado,Não informado,R-6a,60.0,Dupla,Faixa contínua,Não informado,2020,12,3,3,9.0
2020-12-03,10:33:00,COM VÍTIMA,CANCELADA,ENCRUZILHADA,RUA CONS PORTELA,Não informado,GALERIA,ENCRUZILHADA,Não informado,COLISÃO,COM VITIMA GUARDANDO SAMU NO LOCAL,1.0,1.0,0.0,0.0,0.0,0.0,0.0,0.0,0.0,2.0,0.0,Não informado,Não informado,Não informado,Não informado,Não informado,Não informado,Não informado,Não informado,60.0,Não informado,Não informado,Não informado,2020,12,3,3,10.0
2020-12-03,10:48:00,VÍTIMA FATAL,FINALIZADA,BOA VISTA,AV CONDE DA BOA VISTA,RUA DA UNIAO,ESQUINA COM O ED. PESSOA DE MELO. EM FRENTE AO POSTE H038159.,BOA VISTA,SUBURBIO,ATROPELAMENTO,ÔNIBUS E PEDESTRE,1.0,1.0,0.0,0.0,1.0,1.0,0.0,0.0,0.0,1.0,1.0,Longo da via,Bom,Não existe,Perfeito estado,Seca,Perfeito estado,Faixa de pedestre,R-6c,60.0,Dupla,Canteiro central,Não informado,2020,12,3,3,10.0
2020-12-03,11:39:00,COM VÍTIMA,FINALIZADA,VÁRZEA,AV JOAQUIM RIBEIRO,Não informado,PROX. DA UPA DA CAXANGA. GRANERO TRANSPORTES- LADO OPOSTO AO NÚMERO 200.,VÁRZEA,CIDADE,ABALROAMENTO LONGITUDINAL,COM VITIMA GUARDANDO SAMU NO LOCAL,1.0,1.0,0.0,0.0,0.0,0.0,0.0,0.0,0.0,1.0,0.0,Longo da via,Bom,Não existe,Perfeito estado,Seca,Perfeito estado,Não existe,Não há placas,60.0,Dupla,Canteiro central,Não informado,2020,12,3,3,11.0
2020-12-03,14:12:00,COM VÍTIMA,FINALIZADA,VÁRZEA,AV CAXANGA,RUA DONA INES CORREA DE ARAUJO,E/F A IGREJA ASSEMBLEIA DE DEUS NO SEMAFORO 232,VÁRZEA,CIDADE,ABALROAMENTO LONGITUDINAL,COLISAO ENTRE AUTO E MOTO COM UMA VITIMA,1.0,1.0,0.0,0.0,0.0,0.0,0.0,0.0,0.0,1.0,0.0,Cruzamento,Bom,Sem defeito,Perfeito estado,Seca,Perfeito estado,Faixa de pedestre,Não há placas,60.0,Dupla,Canteiro central,Não informado,2020,12,3,3,14.0
2020-12-03,14:20:00,COM VÍTIMA,FINALIZADA,ROSARINHO,AV NORTE,Não informado,E/F A PADARIA DO ROSARINHO S/T CID,ROSARINHO,CIDADE,COLISÃO COM CICLISTA,COLISAO ENTRE ONIBUS E CICLISTA COM UMA VITIMA,1.0,1.0,0.0,1.0,0.0,1.0,0.0,0.0,0.0,1.0,0.0,Longo da via,Bom,Não existe,Perfeito estado,Seca,Perfeito estado,Não existe,Não há placas,40.0,Dupla,Canteiro central,Não informado,2020,12,3,3,14.0
2020-12-03,17:30:00,COM VÍTIMA,FINALIZADA,CAXANGÁ,AV CAXANGA,Não informado,EM FRENTE AO GOLF CLUB SENTIDO CAMARAGIBE,CAXANGÁ,Não informado,COLISÃO,COLISAO ENVOLVENDO DUAS MOTOS COM VITIMA,1.0,2.0,0.0,0.0,0.0,0.0,0.0,0.0,0.0,2.0,0.0,Não informado,Não informado,Não informado,Não informado,Não informado,Não informado,Não informado,Não informado,60.0,Não informado,Não informado,Não informado,2020,12,3,3,17.0
2020-12-03,17:30:00,COM VÍTIMA,FINALIZADA,VÁRZEA,AV AFONSO OLINDENSE,Não informado,EM FRENTE AO CONDOMINIO PARQUE CAXANGA E PADARIA CAXANGÁ.,VÁRZEA,SUBURBIO,ABALROAMENTO TRANSVERSAL,AUTO E MOTO.,1.0,1.0,0.0,0.0,0.0,0.0,0.0,0.0,0.0,1.0,0.0,Longo da via,Bom,Sem defeito,Perfeito estado,Seca,Perfeito estado,Não existe,Outras,60.0,Dupla,Faixa contínua,Não informado,2020,12,3,3,17.0
2020-12-03,18:13:00,COM VÍTIMA,FINALIZADA,CASA FORTE,RUA LEONARDO BEZERRA CAVALCANTE,Não informado,E/F AO MUNDO PEET E LOJA SEDATEX TECIDOS.,CASA FORTE,SUBURBIO,COLISÃO TRASEIRA,COLISAO ENTRE AUTO E MOTO COM UMA VITIMA,1.0,1.0,0.0,0.0,0.0,0.0,0.0,0.0,0.0,1.0,0.0,Longo da via,Bom,Não existe,Perfeito estado,Seca,Perfeito estado,Não existe,Não há placas,60.0,Única,Não existe,Não informado,2020,12,3,3,18.0
2020-12-03,18:25:00,COM VÍTIMA,CANCELADA,TEJIPIÓ,AV LIBERDADE,Não informado,E/F A ANTIGA DELEGACIA DE FURTOS DE VEÍCULOS,TEJIPIÓ,Não informado,COLISÃO,AUTO X MOTO. C/V,1.0,1.0,0.0,0.0,0.0,0.0,0.0,0.0,0.0,1.0,0.0,Não informado,Não informado,Não informado,Não informado,Não informado,Não informado,Não informado,Não informado,60.0,Não informado,Não informado,Não informado,2020,12,3,3,18.0
2020-12-03,20:09:00,COM VÍTIMA,FINALIZADA,BOA VISTA,RUA DA SOLEDADE,AV OLIVEIRA LIMA,E/F A IGREJA DA SOLEDADE,BOA VISTA,CIDADE,COLISÃO TRASEIRA,COLISAO ENTRE 3 MOTOS E UM VEICULO,1.0,3.0,0.0,0.0,0.0,0.0,0.0,0.0,0.0,1.0,0.0,Cruzamento,Bom,Sem defeito,Perfeito estado,Seca,Perfeito estado,Faixa de pedestre,Não há placas,60.0,Única,Faixa contínua,Não informado,2020,12,3,3,20.0
2020-12-03,21:19:00,COM VÍTIMA,FINALIZADA,CORDEIRO,AV CAXANGA,RUA SOUZA BANDEIRA,E/F A DROGASIL,CORDEIRO,SUBURBIO,COLISÃO COM CICLISTA,ÔNIBUS E BICICLETA,1.0,1.0,0.0,1.0,0.0,1.0,0.0,0.0,0.0,1.0,0.0,Cruzamento,Bom,Sem defeito,Perfeito estado,Seca,Perfeito estado,Faixa de pedestre,R-6a,40.0,Dupla,Canteiro central,Não informado,2020,12,3,3,21.0
2020-12-03,23:31:00,SEM VÍTIMA,FINALIZADA,Não informado,RUA JOSE OSORIO,Não informado,COM A AV CAXANGÁ,Não informado,Não informado,COLISÃO,SEM VITIMA - EQUIPE NO APOIO PARA REMOÇÃO DOS VEÍCULOS,2.0,1.0,0.0,0.0,0.0,0.0,0.0,0.0,0.0,0.0,0.0,Não informado,Não informado,Não informado,Não informado,Não informado,Não informado,Não informado,Não informado,60.0,Não informado,Não informado,Não informado,2020,12,3,3,23.0
2020-12-03,23:46:00,COM VÍTIMA,FINALIZADA,IMBIRIBEIRA,RUA SARGENTO SILVINO DE MACEDO,RUA JOSE DA SILVA LUCENA,TOPPUS SERVIÇOS TERCERIZADOS,IMBIRIBEIRA,SUBURBIO,ABALROAMENTO TRANSVERSAL,VÍTIMA SOCORRIDA PELO SAMU. CONDUTOR DO COROLLA COM SUSPEITA DE EMBRIAGUES,1.0,1.0,0.0,0.0,0.0,0.0,0.0,0.0,0.0,1.0,0.0,Cruzamento,Bom,Não existe,Incompleta,Seca,Perfeito estado,Não existe,Placas Pare,30.0,Dupla,Não existe,Não informado,2020,12,3,3,23.0
2020-12-04,10:16:00,COM VÍTIMA,FINALIZADA,TORRE,RUA PROFESSOR TRAJANO DE MENDONCA,Não informado,PRÓXIMO A ENTRADA DO ESTACIONAMENTO DO ATACADO DOS PRESENTES.,TORRE,SUBURBIO,TOMBAMENTO,COM UMA VITIMA AGUARDANDO SAMU VT 22 DA CTTU NO LOCAL-GM PETRONILO/GM ODILON. SEGUNDO O BOLETIM FÍSICO- TESTEMUNHAS INFORMARAM QUE A COLISÃO ACONTECEU APÓS A QUEDA DO MOTOCICLISTA.,1.0,1.0,0.0,0.0,0.0,0.0,0.0,0.0,0.0,1.0,0.0,Longo da via,Bom,Sem defeito,Perfeito estado,Seca,Perfeito estado,Não existe,Não há placas,60.0,Única,Faixa seccionada,Não informado,2020,12,4,4,10.0
2020-12-04,11:46:00,COM VÍTIMA,FINALIZADA,VÁRZEA,AV AFONSO OLINDENSE,Não informado,NA LOMBADA ELETRONICA,VÁRZEA,SUBURBIO,ATROPELAMENTO,SAMU ACIONADO-VT21 CTTU NO LOCAL -GM JOÃO SANTOS E WALFRANQUILIN,1.0,1.0,0.0,0.0,1.0,0.0,0.0,0.0,0.0,1.0,0.0,Longo da via,Bom,Não existe,Perfeito estado,Seca,Perfeito estado,Faixa de pedestre,Outras,40.0,Dupla,Faixa contínua,Não informado,2020,12,4,4,11.0
2020-12-04,12:47:00,SEM VÍTIMA,FINALIZADA,BOA VIAGEM,AVENIDA CELSO FURTADO (VIA MANGUE),Não informado,Não informado,BOA VIAGEM,Não informado,ENGAVETAMENTO,COLISÃO COM SUSPEITA DE ALCOOLEMIA,3.0,1.0,0.0,0.0,0.0,0.0,0.0,0.0,0.0,0.0,0.0,Não informado,Não informado,Não informado,Não informado,Não informado,Não informado,Não informado,Não informado,60.0,Não informado,Não informado,Não informado,2020,12,4,4,12.0
2020-12-04,12:55:00,COM VÍTIMA,FINALIZADA,IMBIRIBEIRA,AV MARECHAL MASCARENHAS DE MORAES,Não informado,EM FRENTE À FERREIRA COSTA,IMBIRIBEIRA,Não informado,COLISÃO,COLISÃO COM VÍTIMA. AGUARDANDO ATENDIMENTO DO SAMU.,1.0,1.0,1.0,0.0,0.0,0.0,0.0,0.0,0.0,1.0,0.0,Não informado,Não informado,Não informado,Não informado,Não informado,Não informado,Não informado,Não informado,60.0,Não informado,Não informado,Não informado,2020,12,4,4,12.0
2020-12-04,13:25:00,SEM VÍTIMA,CANCELADA,PAISSANDU,AV GOVERNADOR AGAMENON MAGALHAES,Não informado,APÓS O CRUZAMENTO DA RUA HENRIQUE DIAS,PAISSANDU,BOA VIAGEM,COLISÃO,COLISÃO ENTRE DOIS AUTOS,2.0,1.0,0.0,0.0,0.0,0.0,0.0,0.0,0.0,0.0,0.0,Não informado,Não informado,Não informado,Não informado,Não informado,Não informado,Não informado,Não informado,60.0,Não informado,Não informado,Não informado,2020,12,4,4,13.0
2020-12-04,15:22:00,COM VÍTIMA,CANCELADA,BOA VISTA,AV CONDE DA BOA VISTA,Não informado,EM FRENTE A FAFIRE,BOA VISTA,Não informado,COLISÃO,Não informado,1.0,1.0,0.0,0.0,0.0,0.0,0.0,0.0,0.0,1.0,0.0,Não informado,Não informado,Não informado,Não informado,Não informado,Não informado,Não informado,Não informado,60.0,Não informado,Não informado,Não informado,2020,12,4,4,15.0
2020-12-04,16:24:00,COM VÍTIMA,FINALIZADA,IBURA,AV DOIS RIOS,RUA RIO DO OESTE,PRÓX AO MERCADO RM.,IBURA,IPSEP / IBURA,COLISÃO TRASEIRA,SAMU- BOMBEIROS E PM NO LOCAL. UM DOS CONDUTORES COM SUSPEITA DE ALCOOLEMIA.,1.0,1.0,0.0,0.0,0.0,0.0,0.0,0.0,0.0,2.0,0.0,Longo da via,Bom,Não existe,Perfeito estado,Seca,Perfeito estado,Não existe,Não há placas,60.0,Dupla,Faixa contínua,Não informado,2020,12,4,4,16.0
2020-12-04,17:10:00,COM VÍTIMA,FINALIZADA,MADALENA,RUA REAL DA TORRE,RUA MENEZES DRUMOND,EM FRENTE A PRAÇA DO MERCADO MADALENA. POR TRÁS DELE.,MADALENA,SUBURBIO,ATROPELAMENTO,USUARIO INFORMA QUE MOTOQUEIRO FOI DESVIAR DE UM PEDESTRE E COLIDIU COM O CARRO PARADO. SEGUNDO O BOLETIM FÍSICO- O ATROPELAMENTO ACONTECEU PRIMEIRO- EM SEGUIDA HOUVE O CHOQUE COM O VEÍCULO TÁXI QUE ENCONTRAVA-SE EM SEU PONTO DE EMBARQUE.,1.0,1.0,0.0,0.0,1.0,0.0,0.0,0.0,0.0,1.0,0.0,Longo da via,Bom,Não existe,Perfeito estado,Seca,Perfeito estado,Não existe,Não há placas,60.0,Única,Faixa seccionada,Não informado,2020,12,4,4,17.0
2020-12-04,17:32:00,COM VÍTIMA,FINALIZADA,CORDEIRO,RUA PROFESSOR JOAQUIM XAVIER DE BRITO,RUA OCIDENTAL,PROX JC CONSTRUÇÕES / LYA GALETOS,CORDEIRO,SUBURBIO,COLISÃO FRONTAL,COLISÃO MOTO X DOIS AUTOS,2.0,1.0,0.0,0.0,0.0,0.0,0.0,0.0,0.0,1.0,0.0,Cruzamento,Bom,Não existe,Incompleta,Seca,Perfeito estado,Não existe,Não informado,40.0,Dupla,Canteiro central,Não informado,2020,12,4,4,17.0
2020-12-04,18:26:00,COM VÍTIMA,FINALIZADA,MONTEIRO,RUA DE APIPUCOS,Não informado,PRÓXIMO AO EDIFICIO PORTA D' ÁGUA- APÓS A PRAÇA DO MONTEIRO.,MONTEIRO,CIDADE,COLISÃO FRONTAL,COLISÃO ENTRE DUAS MOTOS COM VITIMA,1.0,2.0,0.0,0.0,0.0,0.0,0.0,0.0,0.0,2.0,0.0,Longo da via,Bom,Não existe,Perfeito estado,Seca,Perfeito estado,Não existe,Não há placas,60.0,Dupla,Faixa contínua,Não informado,2020,12,4,4,18.0
2020-12-04,18:55:00,COM VÍTIMA,FINALIZADA,BOA VIAGEM,RUA JOAO CARDOSO AIRES,RUA ALMIRANTE BATISTA LEAO,EM FRENTE A PIZZARIA PARQUE DA PIZZA // PRÓX AO PLANET JATO,BOA VIAGEM,SUBURBIO,COLISÃO FRONTAL,COLISÃO ENTRE AUTO E MOTO- COM VÍTIMA,1.0,1.0,0.0,0.0,0.0,0.0,0.0,0.0,0.0,1.0,0.0,Cruzamento,Bom,Não existe,Perfeito estado,Seca,Perfeito estado,Não existe,Outras,30.0,Única,Não existe,Não informado,2020,12,4,4,18.0
2020-12-04,19:46:00,COM VÍTIMA,FINALIZADA,ENCRUZILHADA,AV NORTE,RUA FERNANDO CESAR,EM FRENTE AO ESTACIONAMENTO DO SUPERMERCADO EXTRABOM,ENCRUZILHADA,CIDADE,COLISÃO COM CICLISTA,MOTO E BICICLETA.,1.0,1.0,0.0,1.0,0.0,0.0,0.0,0.0,0.0,2.0,0.0,Longo da via,Bom,Sem defeito,Perfeito estado,Seca,Perfeito estado,Outros,Outras,60.0,Única,Faixa seccionada,Não informado,2020,12,4,4,19.0
2020-12-05,05:46:00,SEM VÍTIMA,CANCELADA,CASA AMARELA,AV PEDRO ALLAIN,Não informado,PRÓXIMO AO SUPERMERCADO CANELA,CASA AMARELA,Não informado,COLISÃO,SEGUNDO USUÁRIO- UMA DAS PARTES TEM SINTOMAS DE EMBRIAGUEZ,2.0,1.0,0.0,0.0,0.0,0.0,0.0,0.0,0.0,0.0,0.0,Não informado,Não informado,Não informado,Não informado,Não informado,Não informado,Não informado,Não informado,60.0,Não informado,Não informado,Não informado,2020,12,5,5,5.0
2020-12-05,07:00:00,COM VÍTIMA,FINALIZADA,IMBIRIBEIRA,AV RECIFE,Não informado,EM FRENTE A CARLOS FILME EQUIPADORA,IMBIRIBEIRA,SUBURBIO,COLISÃO TRASEIRA,MOTO E AUTO,1.0,1.0,0.0,0.0,0.0,0.0,0.0,0.0,0.0,1.0,0.0,Longo da via,Bom,Sem defeito,Perfeito estado,Seca,Perfeito estado,Faixa de pedestre,Não há placas,60.0,Dupla,Canteiro central,Não informado,2020,12,5,5,7.0
2020-12-05,19:56:00,SEM VÍTIMA,CANCELADA,VÁRZEA,AV AFONSO OLINDENSE,Não informado,PRÓX A LOMBADA ELETRONICA / E/F A IGREJA BATISTA,VÁRZEA,Não informado,COLISÃO,ENTRE 2 AUTOS. S/V. UM DOS CONDUTORES COM SINTOMAS DE EMBRIAGUEZ FORTE,1.0,1.0,0.0,0.0,0.0,0.0,0.0,0.0,0.0,0.0,0.0,Não informado,Não informado,Não informado,Não informado,Não informado,Não informado,Não informado,Não informado,60.0,Não informado,Não informado,Não informado,2020,12,5,5,19.0
2020-12-05,20:46:00,SEM VÍTIMA,CANCELADA,JARDIM SÃO PAULO,AV SAO PAULO,Não informado,EMBAIXO DO VIADUTO DO METRO,JARDIM SÃO PAULO,Não informado,CHOQUE OBJETO FIXO,Não informado,1.0,1.0,0.0,0.0,0.0,0.0,0.0,0.0,0.0,0.0,0.0,Não informado,Não informado,Não informado,Não informado,Não informado,Não informado,Não informado,Não informado,60.0,Não informado,Não informado,Não informado,2020,12,5,5,20.0
2020-12-05,21:08:00,COM VÍTIMA,FINALIZADA,ARRUDA,RUA PETRONILA BOTELHO,AV PROFESSOR JOSE DOS ANJOS,NO CRUZAMENTO DA AV PROF JOSÉ DOS ANJOS,ARRUDA,CIDADE,ABALROAMENTO TRANSVERSAL,AUTO E MOTO.,1.0,1.0,0.0,0.0,0.0,0.0,0.0,0.0,0.0,1.0,0.0,Cruzamento,Bom,Sem defeito,Perfeito estado,Seca,Perfeito estado,Faixa de pedestre,Não informado,40.0,Única,Faixa seccionada,Não informado,2020,12,5,5,21.0
2020-12-06,04:01:00,SEM VÍTIMA,CANCELADA,IPSEP,RUA DR RAPOSO PINTO,Não informado,RUA DO BAR DO AVIÃO,IPSEP,Não informado,CHOQUE VEÍCULO PARADO,CONDUTOR DO PUNTO COM SUSPEITA DE EMBRIAGUES.,1.0,1.0,0.0,0.0,0.0,0.0,0.0,0.0,0.0,0.0,0.0,Não informado,Não informado,Não informado,Não informado,Não informado,Não informado,Não informado,Não informado,60.0,Não informado,Não informado,Não informado,2020,12,6,6,4.0
2020-12-06,09:49:00,COM VÍTIMA,FINALIZADA,JORDÃO,RUA JOSE MARTORANO,RUA RUBINEIA,PRÓXIMO A IGREJA PRESBITERIANA DO BRASIL.,JORDÃO,SUBURBIO,ABALROAMENTO TRANSVERSAL,VT - 32 DA CTTU- MT MARCOS ANTONIO - ANTONIO SOUZA - ADAILSON X MOTOCICLETA- CONDUTOR DE MENOR IDADE- NÃO É HABILITADO,1.0,1.0,0.0,0.0,0.0,0.0,0.0,1.0,0.0,1.0,0.0,Cruzamento,Bom,Não existe,Não existente,Seca,Perfeito estado,Não existe,Não há placas,30.0,Dupla,Não existe,Não informado,2020,12,6,6,9.0
2020-12-06,15:27:00,COM VÍTIMA,FINALIZADA,JORDÃO,RUA ANTONIO ROCHA,AV BEIRA RIO,EM FRENTE A FUNDIÇÃO REAL,JORDÃO,SUBURBIO,ABALROAMENTO TRANSVERSAL,COLISÃO CARRO X MOTO,1.0,1.0,0.0,0.0,0.0,0.0,0.0,0.0,0.0,1.0,0.0,Cruzamento,Bom,Não existe,Incompleta,Seca,Outros,Não existe,Não há placas,60.0,Dupla,Outros,Não informado,2020,12,6,6,15.0
2020-12-06,15:59:00,COM VÍTIMA,FINALIZADA,BOA VISTA,RUA BISPO CARDOSO AYRES,RUA DO RIACHUELO,AO LADO DO DEPOSITO DO NILSON,BOA VISTA,Não informado,ABALROAMENTO TRANSVERSAL,COLISÃO MOTO X CARRO,1.0,1.0,0.0,0.0,0.0,0.0,0.0,0.0,0.0,1.0,0.0,Cruzamento,Bom,Não existe,Perfeito estado,Seca,Perfeito estado,Faixa de pedestre,Placas Pare,40.0,Única,Não informado,Não informado,2020,12,6,6,15.0
2020-12-06,19:23:00,COM VÍTIMA,FINALIZADA,CASA AMARELA,RUA PADRE LEMOS,AV PEDRO ALLAIN,EM FRENTE A FIGUEIRAS CALÇADOS E IGREJA UNIVERSAL .,CASA AMARELA,SUBURBIO,COLISÃO FRONTAL,COLISÃO ENTRE AUTO E MOTO- COM VÍTIMA,1.0,1.0,0.0,0.0,0.0,0.0,0.0,0.0,0.0,1.0,0.0,Cruzamento,Bom,Não existe,Perfeito estado,Seca,Perfeito estado,Faixa de pedestre,Não há placas,60.0,Dupla,Não existe,Não informado,2020,12,6,6,19.0
2020-12-06,20:19:00,COM VÍTIMA,CANCELADA,ESPINHEIRO,RUA DO ESPINHEIRO,RUA SANTO ELIAS,EM FRENTE AO POSTO IPIRANGA,ESPINHEIRO,Não informado,COLISÃO,COLISÃO ENTRE DOIS AUTOS- COM VÍTIMA,2.0,1.0,0.0,0.0,0.0,0.0,0.0,0.0,0.0,1.0,0.0,Não informado,Não informado,Não informado,Não informado,Não informado,Não informado,Não informado,Não informado,60.0,Não informado,Não informado,Não informado,2020,12,6,6,20.0
2020-12-06,23:29:00,COM VÍTIMA,CANCELADA,BOA VIAGEM,AV ENGENHEIRO DOMINGOS FERREIRA,Não informado,EM FRENTE A CHURRASCARIA PONTEIO- PROXIMO DA LOJA DISMADE- LADO DIREITO DA VIA,BOA VIAGEM,Não informado,COLISÃO,COLISÃO ENTRE AUTO E MOTO- COM VÍTIMA,1.0,1.0,0.0,0.0,0.0,0.0,0.0,0.0,0.0,1.0,0.0,Não informado,Não informado,Não informado,Não informado,Não informado,Não informado,Não informado,Não informado,60.0,Não informado,Não informado,Não informado,2020,12,6,6,23.0
2020-12-07,13:19:00,COM VÍTIMA,FINALIZADA,BOA VIAGEM,RUA ANTONIO FALCAO,RUA MINISTRO NELSON HUNGRIA,E/F A PADARIA PARQUE DO TRIGO DELICATESSEN.,BOA VIAGEM,Não informado,ABALROAMENTO LONGITUDINAL,AUTO E MOTO.,1.0,1.0,0.0,0.0,0.0,0.0,0.0,0.0,0.0,1.0,0.0,Longo da via,Bom,Não existe,Perfeito estado,Seca,Perfeito estado,Não existe,R-6a,60.0,Única,Faixa contínua,Não informado,2020,12,7,0,13.0
2020-12-07,18:18:00,COM VÍTIMA,FINALIZADA,ARRUDA,RUA DO MACHADO,RUA ZEFERINO AGRA,PRÓX AO CAMPO DO SANTA CRUZ,ARRUDA,CIDADE,ABALROAMENTO TRANSVERSAL,AUTO X MOTO. C/V,1.0,1.0,0.0,0.0,0.0,0.0,0.0,0.0,0.0,1.0,0.0,Cruzamento,Bom,Não existe,Perfeito estado,Seca,Perfeito estado,Faixa de retenção,Outras,60.0,Dupla,Não existe,Não informado,2020,12,7,0,18.0
2020-12-07,19:18:00,COM VÍTIMA,FINALIZADA,SÃO JOSÉ,RUA IMPERIAL,TRV DO RAPOSO,SEMÁFORO 910,SÃO JOSÉ,Não informado,COLISÃO,AUTO X MOTO. C/V,1.0,1.0,0.0,0.0,0.0,0.0,0.0,0.0,0.0,1.0,0.0,Não informado,Não informado,Não informado,Não informado,Não informado,Não informado,Não informado,Não informado,60.0,Não informado,Não informado,Não informado,2020,12,7,0,19.0
2020-12-07,20:47:00,COM VÍTIMA,CANCELADA,PASSARINHO,EST DO PASSARINHO,RUA ANDORINHA,PROX A IGREJA QUADRANGULAR,PASSARINHO,Não informado,COLISÃO,COLISAO ENTRE AUTO E MOTO COM VITIMA,1.0,1.0,0.0,0.0,0.0,0.0,0.0,0.0,0.0,1.0,0.0,Não informado,Não informado,Não informado,Não informado,Não informado,Não informado,Não informado,Não informado,60.0,Não informado,Não informado,Não informado,2020,12,7,0,20.0
2020-12-07,22:06:00,SEM VÍTIMA,CANCELADA,NOVA DESCOBERTA,RUA NOVA DESCOBERTA,Não informado,PRÓX A ASSEMBLEIA DE DEUS- LAGO DONA REGINA E E/F AO ''BAR DO CLAUDIO'',NOVA DESCOBERTA,Não informado,COLISÃO,2 AUTOS. S/V. CONDUTOR CAUSADOR COM SINTOMAS DE EMBRIAGUEZ,2.0,1.0,0.0,0.0,0.0,0.0,0.0,0.0,0.0,0.0,0.0,Não informado,Não informado,Não informado,Não informado,Não informado,Não informado,Não informado,Não informado,60.0,Não informado,Não informado,Não informado,2020,12,7,0,22.0
2020-12-08,14:53:00,COM VÍTIMA,FINALIZADA,BOA VIAGEM,AV ENGENHEIRO DOMINGOS FERREIRA,RUA ARTUR MUNIZ,PRÓXIMO AO EXTRA,BOA VIAGEM,SUBURBIO,COLISÃO TRASEIRA,COLISÃO ENTRE AUTO E MOTO,1.0,1.0,0.0,0.0,0.0,0.0,0.0,0.0,0.0,1.0,0.0,Cruzamento,Bom,Sem defeito,Perfeito estado,Seca,Perfeito estado,Faixa de pedestre,Não há placas,60.0,Única,Canteiro central,Não informado,2020,12,8,1,14.0
2020-12-08,19:38:00,COM VÍTIMA,CANCELADA,CASA FORTE,AV DEZESSETE DE AGOSTO,Não informado,EM FRENTE AO PARQUE REGIONAL DE MANUTENÇÃO DO EXÉRCITO,CASA FORTE,Não informado,COLISÃO,COLISÃO ENTRE AUTO E MOTO- COM VÍTIMA,1.0,1.0,0.0,0.0,0.0,0.0,0.0,0.0,0.0,1.0,0.0,Não informado,Não informado,Não informado,Não informado,Não informado,Não informado,Não informado,Não informado,60.0,Não informado,Não informado,Não informado,2020,12,8,1,19.0
2020-12-08,20:07:00,COM VÍTIMA,FINALIZADA,BOA VISTA,AV CONDE DA BOA VISTA,Não informado,EM FRENTE AO SHOPPING BOA VISTA- SENTIDO CENTRO E LOJA AGIBANK.,BOA VISTA,CIDADE,ATROPELAMENTO,ATROPELAMENTO ENVOLVENDO AUTO E PEDESTRE- COM VÍTIMA,1.0,1.0,0.0,0.0,1.0,0.0,0.0,0.0,0.0,1.0,0.0,Longo da via,Bom,Sem defeito,Perfeito estado,Seca,Perfeito estado,Faixa de pedestre,Outras,60.0,Única,Faixa contínua,Não informado,2020,12,8,1,20.0
2020-12-08,21:23:00,SEM VÍTIMA,FINALIZADA,IPUTINGA,RUA MANOEL JOAQUIM DE ALMEIDA,Não informado,EM FRENTE A IPUTINGA AUTOMOVEIS,IPUTINGA,Não informado,COLISÃO,COLISÃO ENTRE DOIS AUTOS SEM VÍTIMAS- UMAS DAS PARTES APRESENTA SINTOMAS DE EMBRIAGUEZ,2.0,1.0,0.0,0.0,0.0,0.0,0.0,0.0,0.0,0.0,0.0,Longo da via,Bom,Não existe,Não existente,Seca,Perfeito estado,Não existe,Não há placas,30.0,Única,Não existe,Não informado,2020,12,8,1,21.0