data,hora,natureza_acidente,situacao,bairro,endereco,detalhe_endereco_acidente,complemento,bairro_cruzamento,sentido_via,tipo,descricao,auto,moto,ciclom,ciclista,pedestre,onibus,caminhao,viatura,outros,vitimas,vitimasfatais,acidente_verificado,tempo_clima,situacao_semaforo,sinalizacao,condicao_via,conservacao_via,ponto_controle,situacao_placa,velocidade_max_via,mao_direcao,divisao_via1,natureza,ano,mes,dia,dia_semana,hora_ocorrencia
2020-12-09,07:08:00,COM VÍTIMA,FINALIZADA,IPUTINGA,RUA SAO MATEUS,AV MAURICIO DE NASSAU,EM FRENTE A IGREJA BATISTA CENTRAL,IPUTINGA,CIDADE,COLISÃO FRONTAL,MOTO,1.0,1.0,0.0,0.0,0.0,0.0,0.0,0.0,0.0,1.0,0.0,Cruzamento,Chuvoso,Não informado,Incompleta,Molhada,Mal conservada,Faixa de pedestre,R-6a,60.0,Dupla,Faixa contínua,Não informado,2020,12,9,2,7.0
2020-12-09,07:18:00,COM VÍTIMA,CANCELADA,SÃO JOSÉ,C SANTA RITA,Não informado,EM FRENTE AO 16ºBPM,SÃO JOSÉ,Não informado,CHOQUE OBJETO FIXO,VEÍCULO CHOCOU-SE CONTRA O GRADIL,1.0,1.0,0.0,0.0,0.0,0.0,0.0,0.0,0.0,1.0,0.0,Não informado,Não informado,Não informado,Não informado,Não informado,Não informado,Não informado,Não informado,60.0,Não informado,Não informado,Não informado,2020,12,9,2,7.0
2020-12-09,07:48:00,COM VÍTIMA,FINALIZADA,TAMARINEIRA,AV NORTE,Não informado,LADO OPOSTO AO POSTO BR,TAMARINEIRA,CIDADE,TOMBAMENTO,TOMBAMENTO DE MOTOCICLISTA.,1.0,1.0,0.0,0.0,0.0,0.0,0.0,0.0,0.0,1.0,0.0,Longo da via,Chuvoso,Sem defeito,Perfeito estado,Molhada,Perfeito estado,Não existe,Outras,60.0,Única,Canteiro central,Não informado,2020,12,9,2,7.0
2020-12-09,08:51:00,COM VÍTIMA,FINALIZADA,SÃO JOSÉ,C SANTA RITA,Não informado,AO LADO DAS TORRES GÊMEAS.,SÃO JOSÉ,CIDADE,TOMBAMENTO,TOMBAMENTO DE MOTOCICLISTA.,1.0,1.0,0.0,0.0,0.0,0.0,0.0,0.0,0.0,2.0,0.0,Longo da via,Chuvoso,Sem defeito,Perfeito estado,Molhada,Perfeito estado,Não existe,R-6a,60.0,Única,Faixa seccionada,Não informado,2020,12,9,2,8.0
2020-12-09,09:18:00,COM VÍTIMA,FINALIZADA,BOA VIAGEM,AV CONSELHEIRO AGUIAR,RUA ARTUR MUNIZ,EM FRENTE  AO POSTO DE GASOLINA BR,BOA VIAGEM,Não informado,ABALROAMENTO LONGITUDINAL,COLISÃO COM VITIMA A ESPERA DO SAMU,1.0,1.0,0.0,0.0,0.0,0.0,0.0,0.0,0.0,1.0,0.0,Cruzamento,Chuvoso,Sem defeito,Perfeito estado,Molhada,Perfeito estado,Faixa de pedestre,Outras,60.0,Única,Faixa seccionada,Não informado,2020,12,9,2,9.0
2020-12-09,10:03:00,COM VÍTIMA,FINALIZADA,BOA VIAGEM,AV CONSELHEIRO AGUIAR,Não informado,AO LADO DA CAIXA ECONOMICA FEDERAL E LOJA NOVO PROJETO.,BOA VIAGEM,SUBURBIO,ABALROAMENTO LONGITUDINAL,COLISÃO COM VITIMA BT AGUIAR LUCAS RAMOS QTH,1.0,1.0,0.0,0.0,0.0,0.0,0.0,0.0,0.0,1.0,0.0,Longo da via,Chuvoso,Não existe,Perfeito estado,Molhada,Perfeito estado,Não existe,Não há placas,60.0,Única,Faixa seccionada,Não informado,2020,12,9,2,10.0
2020-12-09,14:46:00,COM VÍTIMA,FINALIZADA,MADALENA,RUA NOBRE DE LACERDA,EST DOS REMEDIOS,E/F A NAGEM E AO LADO DO GRUPO SENA,MADALENA,Não informado,ABALROAMENTO LONGITUDINAL,COLISAO ENTRE DOIS AUTOS E UMA MOTO COM UMA VITIMA,2.0,1.0,0.0,0.0,0.0,0.0,0.0,0.0,0.0,1.0,0.0,Longo da via,Bom,Não existe,Não existente,Seca,Perfeito estado,Não existe,Não há placas,60.0,Dupla,Não existe,Não informado,2020,12,9,2,14.0
2020-12-09,17:29:00,COM VÍTIMA,CANCELADA,ARRUDA,AV PROFESSOR JOSE DOS ANJOS,Não informado,PROXIMO AO BAR DO ZÉ/ SENTIDO CIDADE,ARRUDA,Não informado,COLISÃO,COLISÃO COM VÍTIMA,1.0,1.0,0.0,0.0,0.0,0.0,0.0,0.0,0.0,1.0,0.0,Não informado,Não informado,Não informado,Não informado,Não informado,Não informado,Não informado,Não informado,60.0,Não informado,Não informado,Não informado,2020,12,9,2,17.0
2020-12-10,05:49:00,SEM VÍTIMA,FINALIZADA,BOA VIAGEM,AV ENGENHEIRO DOMINGOS FERREIRA,Não informado,APÓS CRUZ. COM A BRUNO VELOSO,BOA VIAGEM,Não informado,CHOQUE OBJETO FIXO,COM POSTE,1.0,1.0,0.0,0.0,0.0,0.0,0.0,0.0,0.0,0.0,0.0,Não informado,Não informado,Não informado,Não informado,Não informado,Não informado,Não informado,Não informado,60.0,Não informado,Não informado,Não informado,2020,12,10,3,5.0
2020-12-10,08:16:00,COM VÍTIMA,FINALIZADA,IMBIRIBEIRA,EST DO FRIGORIFICO,Não informado,APÓS O ARAS BOA VIAGEM E ATRÁS DA FACULDADE UNIVERSO,IMBIRIBEIRA,Não informado,CHOQUE OBJETO FIXO,POSTE VEIO AO SOLO E FIOS DE ALTA TENSÃO NO CHÃO - UMA PESSOA SOFREU UM CHOQUE ELÉTRICO E UMA VÍTIMA,1.0,1.0,0.0,0.0,0.0,0.0,0.0,0.0,0.0,1.0,0.0,Não informado,Não informado,Não informado,Não informado,Não informado,Não informado,Não informado,Não informado,60.0,Não informado,Não informado,Não informado,2020,12,10,3,8.0
2020-12-10,09:45:00,COM VÍTIMA,FINALIZADA,ILHA DO LEITE,RUA SENADOR JOSE HENRIQUE,AV FREI MATIAS TEVES,EM FRENTE AO EMPRESARIAL CHARLES DARWIN,ILHA DO LEITE,SUBURBIO,COLISÃO FRONTAL,COLISÃO ENTRE DOIS AUTOS .COM UMA VITIMA DE 89 ANOS SENDO SOCORRIDA PELO SAMU/,2.0,1.0,0.0,0.0,0.0,0.0,0.0,0.0,0.0,1.0,0.0,Cruzamento,Bom,Não existe,Perfeito estado,Seca,Perfeito estado,Faixa de pedestre,Placas Pare,30.0,Dupla,Não existe,Não informado,2020,12,10,3,9.0
2020-12-10,13:28:00,COM VÍTIMA,FINALIZADA,PINA,RUA PROFESSOR ARNALDO CARNEIRO LEAO,Não informado,PROX AO BIG BOMPREÇO,PINA,Não informado,COLISÃO,COLISÃO MOTO X CARRO,1.0,1.0,0.0,0.0,0.0,0.0,0.0,0.0,0.0,1.0,0.0,Não informado,Não informado,Não informado,Não informado,Não informado,Não informado,Não informado,Não informado,60.0,Não informado,Não informado,Não informado,2020,12,10,3,13.0
2020-12-10,13:34:00,COM VÍTIMA,FINALIZADA,CIDADE UNIVERSITÁRIA,RUA EMILIANO BRAGA,RUA PROFESSOR ANTONIO COELHO,POR TRAS DO TI CDU,CIDADE UNIVERSITÁRIA,CIDADE,ABALROAMENTO TRANSVERSAL,COLISÃO MOTO X CARRO / VT 24 NO LOCAL,1.0,1.0,0.0,0.0,0.0,0.0,0.0,0.0,0.0,1.0,0.0,Cruzamento,Bom,Não existe,Perfeito estado,Seca,Perfeito estado,Não informado,Placas Pare,60.0,Única,Faixa seccionada,Não informado,2020,12,10,3,13.0
2020-12-10,13:50:00,COM VÍTIMA,FINALIZADA,MADALENA,RUA BENFICA,RUA JOAO IVO DA SILVA,EM FRENTE AO MUSEU DA ABOLIÇÃO / BRADESCO,MADALENA,SUBURBIO,COLISÃO,SAMU NO LOCAL,1.0,1.0,0.0,0.0,0.0,0.0,0.0,0.0,0.0,1.0,0.0,Longo da via,Bom,Sem defeito,Perfeito estado,Seca,Perfeito estado,Faixa de pedestre,Não há placas,60.0,Dupla,Faixa contínua,Não informado,2020,12,10,3,13.0
2020-12-10,14:05:00,COM VÍTIMA,FINALIZADA,DOIS UNIDOS,AV HILDEBRANDO DE VASCONCELOS,RUA MARIO JOSE DE SOUZA,APÓS O CANIL / PRÓX À KS DISTRIBUIDORA,DOIS UNIDOS,CIDADE,COLISÃO FRONTAL,AGUARDANDO ATENDIMENTO DO SAMU,1.0,2.0,0.0,0.0,0.0,0.0,0.0,0.0,0.0,2.0,0.0,Esquina,Bom,Não existe,Perfeito estado,Seca,Perfeito estado,Outros,R-6a,60.0,Dupla,Faixa seccionada,Não informado,2020,12,10,3,14.0
2020-12-10,15:00:00,COM VÍTIMA,FINALIZADA,IMBIRIBEIRA,AV MARECHAL MASCARENHAS DE MORAES,Não informado,APÓS O GERALDÃO / SAM'S CLUB,IMBIRIBEIRA,Não informado,COLISÃO,AGUARDANDO ATENDIMENTO DO SAMU.,2.0,1.0,0.0,0.0,0.0,0.0,0.0,0.0,0.0,1.0,0.0,Não informado,Não informado,Não informado,Não informado,Não informado,Não informado,Não informado,Não informado,60.0,Não informado,Não informado,Não informado,2020,12,10,3,15.0
2020-12-10,16:53:00,COM VÍTIMA,FINALIZADA,BOA VIAGEM,AV BOA VIAGEM,Não informado,EM FRENTE AO SEGUNDO JARDIM,BOA VIAGEM,CIDADE,ABALROAMENTO LONGITUDINAL,AGUARDANDO ATENDIMENTO DO SAMU. BATEDORES REGINALDO E MILTON NO LOCAL.,1.0,1.0,0.0,0.0,0.0,0.0,0.0,0.0,0.0,1.0,0.0,Longo da via,Bom,Não existe,Perfeito estado,Seca,Perfeito estado,Não existe,Não há placas,60.0,Única,Faixa seccionada,Não informado,2020,12,10,3,16.0
2020-12-10,18:28:00,COM VÍTIMA,CANCELADA,DOIS IRMÃOS,RUA MANUEL DE MEDEIROS,Não informado,EM FRENTE AO LAFEPE- EM FRENTE A PRAÇA DOIS IRMÃOS,DOIS IRMÃOS,Não informado,COLISÃO,COLISÃO ENTRE AUTO E MOTO- COM VÍTIMAS,1.0,1.0,0.0,0.0,0.0,0.0,0.0,0.0,0.0,2.0,0.0,Não informado,Não informado,Não informado,Não informado,Não informado,Não informado,Não informado,Não informado,60.0,Não informado,Não informado,Não informado,2020,12,10,3,18.0
2020-12-10,20:38:00,COM VÍTIMA,FINALIZADA,SANTO AMARO,AV DR JAYME DA FONTE,Não informado,EM FRENTE A COMPESA- PROXIMO DO MERCADINHO MAIS VOCÊ,SANTO AMARO,Não informado,ABALROAMENTO TRANSVERSAL,COLISÃO ENTRE AUTO E MOTO- COM VÍTIMA,1.0,1.0,0.0,0.0,0.0,0.0,0.0,0.0,0.0,2.0,0.0,Longo da via,Bom,Não existe,Perfeito estado,Seca,Perfeito estado,Faixa de retenção,Não há placas,60.0,Dupla,Faixa seccionada,Não informado,2020,12,10,3,20.0
2020-12-11,07:59:00,COM VÍTIMA,FINALIZADA,CAMPO GRANDE,AV GOVERNADOR AGAMENON MAGALHAES,Não informado,PROX. A ANTIGA UNICORD E POSTO BR,CAMPO GRANDE,CIDADE,ABALROAMENTO TRANSVERSAL,COM VITIMAS,1.0,1.0,0.0,0.0,0.0,0.0,0.0,1.0,0.0,1.0,0.0,Longo da via,Bom,Sem defeito,Perfeito estado,Seca,Perfeito estado,Faixa de pedestre,Outras,60.0,Dupla,Faixa seccionada,Não informado,2020,12,11,4,7.0
2020-12-11,08:13:00,COM VÍTIMA,FINALIZADA,CORDEIRO,AV CAXANGA,Não informado,EM FRENTE DO BANCO SANTANDER,CORDEIRO,CIDADE,ABALROAMENTO LONGITUDINAL,COLISÃO COM EVASÃO/ VITIMA NO LOCAL,1.0,1.0,0.0,0.0,0.0,0.0,0.0,0.0,0.0,1.0,0.0,Longo da via,Bom,Não existe,Perfeito estado,Seca,Mal conservada,Não existe,Não há placas,60.0,Única,Faixa seccionada,Não informado,2020,12,11,4,8.0
2020-12-11,08:34:00,COM VÍTIMA,FINALIZADA,DERBY,AV GOVERNADOR AGAMENON MAGALHAES,RUA HENRIQUE DIAS,PROX. A FARMACIA PAGUE MENOS,DERBY,BOA VIAGEM,ATROPELAMENTO,MOTO E PEDESTRE C/V (PONTO FIXO GM JEFERSON E JOSY KARLA),1.0,1.0,0.0,0.0,1.0,0.0,0.0,0.0,0.0,1.0,0.0,Longo da via,Bom,Sem defeito,Perfeito estado,Seca,Perfeito estado,Agente,R-19,60.0,Dupla,Faixa contínua,Não informado,2020,12,11,4,8.0
2020-12-11,10:53:00,COM VÍTIMA,FINALIZADA,PINA,AV HERCULANO BANDEIRA,Não informado,EM FRENTE A MERCEDES,PINA,SUBURBIO,COLISÃO TRASEIRA,COM VITIMA,1.0,1.0,0.0,0.0,0.0,0.0,0.0,0.0,0.0,1.0,0.0,Longo da via,Bom,Sem defeito,Perfeito estado,Seca,Perfeito estado,Agente,Não há placas,60.0,Única,Faixa seccionada,Não informado,2020,12,11,4,10.0
2020-12-11,12:21:00,COM VÍTIMA,CANCELADA,IBURA,AV DOIS RIOS,Não informado,VIADUTO DA BR 101,IBURA,Não informado,CHOQUE,SEGUNDO INFORME DO SUPERVISOR JONATHAN - VEICULO SE CHOCOU COM A MURETA DO VIADUTO E CAIU NA AV DOIS RIOS,1.0,1.0,0.0,0.0,0.0,0.0,0.0,0.0,0.0,3.0,0.0,Não informado,Não informado,Não informado,Não informado,Não informado,Não informado,Não informado,Não informado,60.0,Não informado,Não informado,Não informado,2020,12,11,4,12.0
2020-12-11,13:18:00,COM VÍTIMA,FINALIZADA,ENGENHO DO MEIO,RUA LINDOLFO COLOR,RUA ANTONIO CURADO,NO SEMÁFORO 395/ SENTIDO AV CAXANGA,ENGENHO DO MEIO,Não informado,COLISÃO TRASEIRA,COLISÃO COM VÍTIMA,1.0,1.0,0.0,0.0,0.0,0.0,0.0,0.0,0.0,1.0,0.0,Cruzamento,Bom,Sem defeito,Ilegível,Seca,Perfeito estado,Faixa de pedestre,R-34,40.0,Dupla,Não informado,Não informado,2020,12,11,4,13.0
2020-12-11,13:51:00,COM VÍTIMA,FINALIZADA,AREIAS,AV DR JOSE RUFINO,Não informado,NO SEMAFORO 491. IGREJA MATRIZ DE SANTA LUZIA,AREIAS,SUBURBIO,ATROPELAMENTO,MOTO ATROPELOU UM PEDESTRE VT 22 NO LOCAL,1.0,1.0,0.0,0.0,1.0,0.0,0.0,0.0,0.0,1.0,0.0,Longo da via,Bom,Sem defeito,Perfeito estado,Seca,Perfeito estado,Faixa de pedestre,R-6a,60.0,Dupla,Faixa contínua,Não informado,2020,12,11,4,13.0
2020-12-11,18:12:00,COM VÍTIMA,FINALIZADA,VÁRZEA,AV AFONSO OLINDENSE,RUA MANOEL CORREIA,E/F A LOMBADA ELETRONICA E SUPERMERCADO BEM BOM.,VÁRZEA,PRC DA VÁRZEA,ABALROAMENTO LONGITUDINAL,COLISAO ENTRE MOTO E AUTO COM VITIMA,1.0,1.0,0.0,0.0,0.0,0.0,0.0,0.0,0.0,1.0,0.0,Longo da via,Bom,Não existe,Perfeito estado,Seca,Não informado,Não existe,Não há placas,60.0,Dupla,Faixa seccionada,Não informado,2020,12,11,4,18.0
2020-12-12,12:45:00,COM VÍTIMA,FINALIZADA,ENCRUZILHADA,AV BEBERIBE,RUA PROFESSOR OTAVIO DE FREITAS,PROX AO BAR DO DRAGAO / CANAL DA BARRIGUDA. AO LADO DO NÚMERO 433.,ENCRUZILHADA,SUBURBIO,ABALROAMENTO LONGITUDINAL,COLISÃO MOTO X CARRO / VT 02 NO LOCAL,1.0,1.0,0.0,0.0,0.0,0.0,0.0,0.0,0.0,1.0,0.0,Longo da via,Bom,Não existe,Não existente,Seca,Perfeito estado,Não existe,Não há placas,60.0,Dupla,Faixa contínua,Não informado,2020,12,12,5,12.0
2020-12-12,13:34:00,COM VÍTIMA,FINALIZADA,ILHA JOANA BEZERRA,PTE JOSE DE BARROS LIMA,Não informado,SUBIDA DA PONTE,ILHA JOANA BEZERRA,CIDADE,CHOQUE OBJETO FIXO,COLISAO ENVOLVENDO DUAS MOTOS COM VITIMA,1.0,2.0,0.0,0.0,0.0,0.0,0.0,0.0,0.0,1.0,0.0,Ponte,Bom,Não existe,Perfeito estado,Seca,Perfeito estado,Não existe,Não há placas,60.0,Única,Faixa seccionada,Não informado,2020,12,12,5,13.0
2020-12-12,13:46:00,COM VÍTIMA,FINALIZADA,BOA VISTA,AV CONDE DA BOA VISTA,RUA DA SOLEDADE,ESTAÇÃO BRT SOLEDADE.,BOA VISTA,SUBURBIO,ATROPELAMENTO,HONDA XRE 300,1.0,1.0,0.0,0.0,1.0,0.0,0.0,0.0,0.0,2.0,0.0,Longo da via,Bom,Sem defeito,Perfeito estado,Seca,Perfeito estado,Faixa de pedestre,Não há placas,60.0,Dupla,Outros,Não informado,2020,12,12,5,13.0
2020-12-12,15:04:00,COM VÍTIMA,FINALIZADA,BOA VIAGEM,AV ENGENHEIRO DOMINGOS FERREIRA,RUA ERNESTO DE PAULA SANTOS,EM FRENTE AO RESTAURANTE DOM FERREIRA FORNEIRA,BOA VIAGEM,SUBURBIO,ABALROAMENTO LONGITUDINAL,COLISÃO MOTO X CARRO,1.0,1.0,0.0,0.0,0.0,0.0,0.0,0.0,0.0,1.0,0.0,Cruzamento,Bom,Sem defeito,Perfeito estado,Seca,Perfeito estado,Faixa de pedestre,Não informado,60.0,Única,Canteiro central,Não informado,2020,12,12,5,15.0
2020-12-12,15:25:00,COM VÍTIMA,FINALIZADA,CAMPO GRANDE,RUA ODORICO MENDES,RUA VISCONDE DE CAIRU,APÓS O CLUBE DAS PÁS,CAMPO GRANDE,CIDADE,ABALROAMENTO LONGITUDINAL,AGUARDANDO ATENDIMENTO DO SAMU.,1.0,1.0,0.0,0.0,0.0,0.0,0.0,0.0,0.0,2.0,0.0,Cruzamento,Bom,Não existe,Não informado,Seca,Perfeito estado,Não existe,R-6a,60.0,Dupla,Faixa seccionada,Não informado,2020,12,12,5,15.0
2020-12-13,04:25:00,SEM VÍTIMA,CANCELADA,BOA VIAGEM,RUA VISCONDE DE JEQUITINHONHA,Não informado,COM RUA ARMINDO MOURA - SEMÁFORO 258,BOA VIAGEM,Não informado,CAPOTAMENTO,NA FAIXA NA DIREITA,1.0,1.0,0.0,0.0,0.0,0.0,0.0,0.0,0.0,0.0,0.0,Não informado,Não informado,Não informado,Não informado,Não informado,Não informado,Não informado,Não informado,60.0,Não informado,Não informado,Não informado,2020,12,13,6,4.0
2020-12-13,10:34:00,COM VÍTIMA,FINALIZADA,IMBIRIBEIRA,AV MARECHAL MASCARENHAS DE MORAES,RUA ITACARI,EM FRENTE AO BANCO ITAÚ.,IMBIRIBEIRA,SUBURBIO,COLISÃO TRASEIRA,COLISÃO COM VÍTIMA,1.0,2.0,0.0,0.0,0.0,0.0,0.0,0.0,0.0,2.0,0.0,Longo da via,Bom,Sem defeito,Perfeito estado,Seca,Perfeito estado,Faixa de pedestre,Não há placas,60.0,Dupla,Canteiro central,Não informado,2020,12,13,6,10.0
2020-12-13,13:30:00,COM VÍTIMA,FINALIZADA,PINA,AV REPUBLICA ARABE UNIDA,RUA NOGUEIRA DE SOUZA,NA ENTRADA DO SHOPPING RIOMAR,PINA,SHOP RIO MAR,ABALROAMENTO TRANSVERSAL,COLISAO ENTRE AUTO E MOTO COM UMA VITIMA,1.0,1.0,0.0,0.0,0.0,0.0,0.0,0.0,0.0,1.0,0.0,Cruzamento,Bom,Sem defeito,Perfeito estado,Seca,Perfeito estado,Não existe,Não há placas,60.0,Única,Faixa seccionada,Não informado,2020,12,13,6,13.0
2020-12-13,15:13:00,COM VÍTIMA,FINALIZADA,AFOGADOS,AV SUL,Não informado,ESTAÇÃO LARGO DA PAZ. BORRACHARIA SUL.,AFOGADOS,CIDADE,ABALROAMENTO LONGITUDINAL,COLISÃO COM VITIMA,1.0,1.0,0.0,0.0,0.0,0.0,0.0,0.0,0.0,1.0,0.0,Longo da via,Bom,Não existe,Perfeito estado,Seca,Perfeito estado,Não existe,Outras,60.0,Única,Faixa seccionada,Não informado,2020,12,13,6,15.0
2020-12-13,16:07:00,COM VÍTIMA,FINALIZADA,IBURA,RUA PINTOR AGENOR DE ALBUQUERQUE CESAR,AV DOIS RIOS,Não informado,IBURA,SUBURBIO,ATROPELAMENTO,MOTO ATROPELOU 1 PEDESTRE,1.0,1.0,0.0,0.0,1.0,0.0,0.0,0.0,0.0,1.0,0.0,Longo da via,Bom,Sem defeito,Incompleta,Seca,Perfeito estado,Faixa de pedestre,Outras,40.0,Dupla,Faixa seccionada,Não informado,2020,12,13,6,16.0
2020-12-13,17:40:00,COM VÍTIMA,FINALIZADA,TAMARINEIRA,EST VELHA DE AGUA FRIA,Não informado,PROX AO DNOCS,TAMARINEIRA,SUBURBIO,ABALROAMENTO LONGITUDINAL,COLISAO ENTRE AUTO E MOTO COM UMA VITIMA,1.0,1.0,0.0,0.0,0.0,0.0,0.0,0.0,0.0,1.0,0.0,Longo da via,Bom,Não existe,Perfeito estado,Seca,Perfeito estado,Não existe,Não há placas,60.0,Dupla,Faixa contínua,Não informado,2020,12,13,6,17.0
2020-12-13,19:20:00,COM VÍTIMA,FINALIZADA,ESPINHEIRO,RUA DO ESPINHEIRO,RUA SANTO ELIAS,E/F AO POSTO IPIRANGA,ESPINHEIRO,NORTE,ABALROAMENTO TRANSVERSAL,AUTO X MOTO. C/V,1.0,1.0,0.0,0.0,0.0,0.0,0.0,0.0,0.0,1.0,0.0,Cruzamento,Bom,Não existe,Perfeito estado,Seca,Perfeito estado,Faixa de pedestre,Não há placas,60.0,Única,Faixa seccionada,Não informado,2020,12,13,6,19.0
2020-12-13,19:57:00,COM VÍTIMA,FINALIZADA,CAXANGÁ,AV JOAQUIM RIBEIRO,AV PERNAMBUCO,APÓS A UPA DA CAXANGÁ - PROXIMO À ESTAÇÃO BRT. EM FRENTE A REDE TEM SUPERMERCADO.,CAXANGÁ,SUBURBIO,ATROPELAMENTO,MOTO X PEDESTRE,1.0,1.0,0.0,0.0,1.0,0.0,0.0,0.0,0.0,1.0,0.0,Longo da via,Bom,Não existe,Perfeito estado,Seca,Perfeito estado,Outros,Não informado,60.0,Dupla,Faixa seccionada,Não informado,2020,12,13,6,19.0
2020-12-13,23:38:00,SEM VÍTIMA,CANCELADA,AFOGADOS,RUA PROFESSOR AUGUSTO WANDERLEY FILHO,Não informado,SUBIDA DA PONTE MOTOCOLOMBO / TROCÃO,AFOGADOS,Não informado,COLISÃO,SEM VÍTIMA /POSTE SEMÁFORICO DANIFICADO,1.0,1.0,0.0,0.0,0.0,0.0,0.0,0.0,0.0,0.0,0.0,Não informado,Não informado,Não informado,Não informado,Não informado,Não informado,Não informado,Não informado,60.0,Não informado,Não informado,Não informado,2020,12,13,6,23.0
2020-12-14,01:18:00,COM VÍTIMA,CANCELADA,CORDEIRO,AV CAXANGA,AV GENERAL SAN MARTIN,CRUZAMENTO C/A AV GAL SAN MARTIN - SEM. 080,CORDEIRO,Não informado,COLISÃO,COLISÃO AUTO X MOTO C/VITIMA - SAMU A CAMINHO,1.0,1.0,0.0,0.0,0.0,0.0,0.0,0.0,0.0,1.0,0.0,Não informado,Não informado,Não informado,Não informado,Não informado,Não informado,Não informado,Não informado,60.0,Não informado,Não informado,Não informado,2020,12,14,0,1.0
2020-12-14,13:02:00,COM VÍTIMA,FINALIZADA,CORDEIRO,AV CAXANGA,Não informado,EM FRENTE A O EXTRA SUPERMERCADO.,CORDEIRO,SUBURBIO,COLISÃO TRASEIRA,COM UMA VITIMA-SAMU NO LOCAL,1.0,1.0,0.0,0.0,0.0,1.0,0.0,0.0,0.0,1.0,0.0,Longo da via,Bom,Não informado,Perfeito estado,Seca,Perfeito estado,Agente,Não há placas,60.0,Dupla,Faixa contínua,Não informado,2020,12,14,0,13.0
2020-12-14,14:15:00,COM VÍTIMA,FINALIZADA,SÃO JOSÉ,RUA IMPERIAL,TRV DO RAPOSO,C.M. PRODUTOS SIDERÚRGICOS FERRO E AÇO.,SÃO JOSÉ,SUBURBIO,ABALROAMENTO TRANSVERSAL,COM UMA VITIMA AGUARDANDO SOCORRO/CTTU NO LOCAL VT14,1.0,1.0,0.0,0.0,0.0,0.0,0.0,0.0,0.0,1.0,0.0,Cruzamento,Bom,Sem defeito,Perfeito estado,Seca,Perfeito estado,Faixa de pedestre,Não há placas,60.0,Única,Faixa contínua,Não informado,2020,12,14,0,14.0
2020-12-14,15:01:00,COM VÍTIMA,FINALIZADA,CAMPO GRANDE,RUA PROFESSOR FRANCISCO DA TRINDADE,RUA CATULO DA PAIXAO CEARENSE,PROX AO CENTRO DE BELEZA MERY. AO LADO DA CAPELA SÃO VICENTE.,CAMPO GRANDE,CIDADE,ABALROAMENTO TRANSVERSAL,COLISÃO MOTO X CARRO,1.0,1.0,0.0,0.0,0.0,0.0,0.0,0.0,0.0,1.0,0.0,Cruzamento,Bom,Não existe,Incompleta,Seca,Perfeito estado,Faixa de retenção,Placas Pare,60.0,Dupla,Faixa seccionada,Não informado,2020,12,14,0,15.0
2020-12-14,16:28:00,COM VÍTIMA,FINALIZADA,CAXANGÁ,AV CAXANGA,Não informado,EM FRENTE AO TI CAXANGA / PROX A PONTE SENTIDO UPA,CAXANGÁ,SUBURBIO,COLISÃO COM CICLISTA,COLISÃO COM CICLISTA,1.0,1.0,0.0,1.0,0.0,1.0,0.0,0.0,0.0,1.0,0.0,Longo da via,Bom,Sem defeito,Perfeito estado,Seca,Perfeito estado,Faixa de pedestre,Não há placas,60.0,Dupla,Faixa seccionada,Não informado,2020,12,14,0,16.0
2020-12-14,16:55:00,COM VÍTIMA,FINALIZADA,BOA VISTA,RUA DR LEOPOLDO LINS,AV GOVERNADOR AGAMENON MAGALHAES,NA ESQUINA DA CAIXA ECONOMICA,BOA VISTA,SUBURBIO,ABALROAMENTO TRANSVERSAL,COLISAO ENVOLVENDO AUTO E MOTO COM VITIMA,1.0,1.0,0.0,0.0,0.0,0.0,0.0,0.0,0.0,1.0,0.0,Cruzamento,Bom,Sem defeito,Perfeito estado,Seca,Perfeito estado,Faixa de pedestre,R-19,60.0,Dupla,Canal,Não informado,2020,12,14,0,16.0
2020-12-14,18:43:00,COM VÍTIMA,FINALIZADA,ENCRUZILHADA,AV NORTE,AV JOAO DE BARROS,EM FRENTE AO BANCO SANTANDER,ENCRUZILHADA,Não informado,ABALROAMENTO TRANSVERSAL,COLISÃO ENTRE AUTO E MOTO- COM VÍTIMA,1.0,1.0,0.0,0.0,0.0,0.0,0.0,0.0,0.0,1.0,0.0,Cruzamento,Bom,Sem defeito,Perfeito estado,Seca,Perfeito estado,Agente,R-26,60.0,Dupla,Canteiro central,Não informado,2020,12,14,0,18.0
2020-12-15,08:02:00,SEM VÍTIMA,FINALIZADA,TORRE,RUA NETO CAMPELO JUNIOR,RUA PADRE ANCHIETA,MINUTO PÃO DE AÇUCAR,TORRE,Não informado,COLISÃO,VEICULO OFICIAL,2.0,1.0,0.0,0.0,0.0,0.0,0.0,0.0,0.0,0.0,0.0,Longo da via,Bom,Não existe,Não existente,Seca,Perfeito estado,Não existe,Não há placas,60.0,Única,Não existe,Não informado,2020,12,15,1,8.0
2020-12-15,08:36:00,COM VÍTIMA,FINALIZADA,CIDADE UNIVERSITÁRIA,RUA GENERAL POLIDORO,Não informado,GALERIA UNIVERSITARIA. AO LADO DO NÚMERO INFORMADO.,CIDADE UNIVERSITÁRIA,SUBURBIO,ABALROAMENTO LONGITUDINAL,COM VITIMA,1.0,1.0,0.0,0.0,0.0,0.0,0.0,0.0,0.0,1.0,0.0,Longo da via,Bom,Não existe,Perfeito estado,Seca,Perfeito estado,Não existe,Não há placas,60.0,Dupla,Faixa contínua,Não informado,2020,12,15,1,8.0
2020-12-15,09:00:00,COM VÍTIMA,FINALIZADA,IBURA,AV DOIS RIOS,Não informado,CONSELHO TUTELAR RPA 6B,Não informado,SUBURBIO,COLISÃO FRONTAL,AUTO E MOTO,1.0,1.0,0.0,0.0,0.0,0.0,0.0,0.0,0.0,1.0,0.0,Longo da via,Bom,Não existe,Não existente,Seca,Perfeito estado,Não existe,Não há placas,60.0,Dupla,Faixa contínua,Não informado,2020,12,15,1,9.0