data,hora,natureza_acidente,situacao,bairro,endereco,detalhe_endereco_acidente,complemento,bairro_cruzamento,sentido_via,tipo,descricao,auto,moto,ciclom,ciclista,pedestre,onibus,caminhao,viatura,outros,vitimas,vitimasfatais,acidente_verificado,tempo_clima,situacao_semaforo,sinalizacao,condicao_via,conservacao_via,ponto_controle,situacao_placa,velocidade_max_via,mao_direcao,divisao_via1,natureza,ano,mes,dia,dia_semana,hora_ocorrencia
2020-12-15,14:01:00,COM VÍTIMA,FINALIZADA,CORDEIRO,AV CAXANGA,Não informado,EM FRENTE AO SOBERANO/ SENTIDO CIDADE,CORDEIRO,CIDADE,ABALROAMENTO LONGITUDINAL,COLISÃO COM VÍTIMA,1.0,1.0,0.0,0.0,0.0,0.0,0.0,0.0,0.0,1.0,0.0,Longo da via,Bom,Não existe,Perfeito estado,Seca,Perfeito estado,Não existe,R-6a,60.0,Única,Faixa seccionada,Não informado,2020,12,15,1,14.0
2020-12-15,18:13:00,COM VÍTIMA,FINALIZADA,MADALENA,AV ENGENHEIRO ABDIAS DE CARVALHO,EST DOS REMEDIOS,Não informado,MADALENA,TORRE,ABALROAMENTO LONGITUDINAL,COM VÍTIMA,1.0,2.0,0.0,0.0,0.0,0.0,0.0,0.0,0.0,1.0,0.0,Longo da via,Bom,Sem defeito,Perfeito estado,Seca,Perfeito estado,Não existe,Não há placas,60.0,Única,Faixa seccionada,Não informado,2020,12,15,1,18.0
2020-12-15,18:59:00,COM VÍTIMA,FINALIZADA,CABANGA,RUA CAPITAO TEMUDO,AV SATURNINO DE BRITO,SNT BV- AO LADO DO VIADUTO CAP TEMUDO,CABANGA,BOA VIAGEM,ABALROAMENTO LONGITUDINAL,AUTO X MOTO. C/V,1.0,1.0,0.0,0.0,0.0,0.0,0.0,0.0,0.0,1.0,0.0,Esquina,Chuvoso,Não existe,Perfeito estado,Molhada,Perfeito estado,Não existe,Não há placas,60.0,Única,Faixa seccionada,Não informado,2020,12,15,1,18.0
2020-12-15,19:14:00,SEM VÍTIMA,FINALIZADA,CAMPO GRANDE,EST DE BELEM,Não informado,E/F A PRAÇA DO TERMINAL DE ONIBUS DE CAMPO GRANDRE,CAMPO GRANDE,Não informado,COLISÃO,COLISAO SEM VITIMAS ENTRE TRES VEICULOS,3.0,1.0,0.0,0.0,0.0,0.0,0.0,0.0,0.0,0.0,0.0,Não informado,Não informado,Não informado,Não informado,Não informado,Não informado,Não informado,Não informado,60.0,Não informado,Não informado,Não informado,2020,12,15,1,19.0
2020-12-15,21:23:00,COM VÍTIMA,FINALIZADA,VÁRZEA,AV AFONSO OLINDENSE,Não informado,E/F AO ANTIGO COLISEU- EMPRESA COOPERNORTE. SINPETRACOPE.,VÁRZEA,PRAÇA DA VÁRZEA,ABALROAMENTO TRANSVERSAL,MOTO X ÕNIBUS. C/V,1.0,1.0,0.0,0.0,0.0,1.0,0.0,0.0,0.0,2.0,0.0,Longo da via,Bom,Não existe,Perfeito estado,Seca,Perfeito estado,Não existe,Não há placas,60.0,Dupla,Faixa seccionada,Não informado,2020,12,15,1,21.0
2020-12-16,01:23:00,COM VÍTIMA,CANCELADA,AFOGADOS,RUA SAO MIGUEL,Não informado,E/F AO CARTÓRIO DE AFOGADOS E DEPATRI,AFOGADOS,CIDADE,COLISÃO,COLISÃO 2 AUTOS C/VITIMA (FIAT/UNO SE ENCONTRA CAPOTADO),2.0,1.0,0.0,0.0,0.0,0.0,0.0,0.0,0.0,1.0,0.0,Não informado,Não informado,Não informado,Não informado,Não informado,Não informado,Não informado,Não informado,60.0,Não informado,Não informado,Não informado,2020,12,16,2,1.0
2020-12-16,09:20:00,COM VÍTIMA,FINALIZADA,VÁRZEA,RUA CONEGO JOSE FERNANDES MACHADO,Não informado,RUA DA ANTENA DO UR7 VÁRZEA,VÁRZEA,Não informado,COLISÃO FRONTAL,COM UMA VITIMA -AGUARDANDO SOCORRO,1.0,1.0,0.0,0.0,0.0,0.0,0.0,0.0,0.0,1.0,0.0,Longo da via,Bom,Não existe,Não existente,Seca,Perfeito estado,Não existe,Não há placas,60.0,Dupla,Não existe,Não informado,2020,12,16,2,9.0
2020-12-16,09:48:00,COM VÍTIMA,FINALIZADA,CORDEIRO,EST DO FORTE DO ARRAIAL N. DO B. JESUS,RUA TAMBORIL,AO LADO DA PRAÇA AMPO DO 15. SELF SERVICE DA BENE.,CORDEIRO,SUBURBIO,ABALROAMENTO LONGITUDINAL,COM UMA VITIMA-SAMU ACIONADO,1.0,1.0,0.0,0.0,0.0,0.0,0.0,0.0,0.0,1.0,0.0,Longo da via,Bom,Sem defeito,Perfeito estado,Seca,Perfeito estado,Não existe,Não há placas,30.0,Dupla,Faixa seccionada,Não informado,2020,12,16,2,9.0
2020-12-16,10:49:00,SEM VÍTIMA,FINALIZADA,MADALENA,AV VISCONDE DE ALBUQUERQUE,RUA ARNALDO BASTOS,PRÓXIMO AO BANCO ITAÚ,MADALENA,CIDADE,ABALROAMENTO LONGITUDINAL,SEM VITIMAS/VIATURA DA PM,1.0,1.0,0.0,0.0,0.0,0.0,0.0,1.0,0.0,0.0,0.0,Longo da via,Bom,Não existe,Perfeito estado,Seca,Perfeito estado,Faixa de pedestre,Não informado,60.0,Única,Faixa seccionada,Não informado,2020,12,16,2,10.0
2020-12-16,14:16:00,SEM VÍTIMA,FINALIZADA,IPUTINGA,RUA EMILIANO BRAGA,RUA MANOEL JOAQUIM DE ALMEIDA,PB HOSPITALAR MATERIAIS HOSPITALARES ( EM FRENTE),IPUTINGA,SUBURBIO,ABALROAMENTO TRANSVERSAL,COLISÃO NO LOCAL E NÃO TEM VÍTIMAS - VEÍCULOS ATRAPALJHANDO A FLUIDEZ DE VEÍCULOS,2.0,1.0,0.0,0.0,0.0,0.0,0.0,0.0,0.0,0.0,0.0,Cruzamento,Bom,Não existe,Não existente,Seca,Perfeito estado,Não existe,Não há placas,60.0,Dupla,Não existe,Não informado,2020,12,16,2,14.0
2020-12-16,14:42:00,SEM VÍTIMA,FINALIZADA,BOA VIAGEM,RUA PADRE GIORDANO,RUA PINHAL,Não informado,BOA VIAGEM,SUBURBIO,ABALROAMENTO TRANSVERSAL,COLISÃO COM VEÍCULO OFICIAL.,2.0,1.0,0.0,0.0,0.0,0.0,0.0,0.0,0.0,0.0,0.0,Longo da via,Bom,Não existe,Não existente,Seca,Perfeito estado,Não existe,Não há placas,60.0,Dupla,Não existe,Não informado,2020,12,16,2,14.0
2020-12-16,17:33:00,COM VÍTIMA,FINALIZADA,TORRE,RUA CONDE DE IRAJA,RUA REAL DA TORRE,ESQUINA COM O EXTRA BOM,TORRE,AFOGADOS,COLISÃO TRASEIRA,COLISAO ENVOLVENDO AUTO E MOTO COM VITIMA,1.0,1.0,0.0,0.0,0.0,0.0,0.0,0.0,0.0,1.0,0.0,Longo da via,Bom,Sem defeito,Perfeito estado,Seca,Perfeito estado,Faixa de pedestre,R-6a,50.0,Única,Faixa seccionada,Não informado,2020,12,16,2,17.0
2020-12-16,17:35:00,COM VÍTIMA,FINALIZADA,BOA VIAGEM,RUA DOS NAVEGANTES,RUA PROFESSOR JOSE BRANDAO,Não informado,BOA VIAGEM,SUBURBIO,ABALROAMENTO TRANSVERSAL,VÍTIMA SOCORRIDA PELO SAMU - MOTO NO LOCAL FICARÁ COM A RESPONSÁVEL XXX,1.0,1.0,0.0,0.0,0.0,0.0,0.0,0.0,0.0,1.0,0.0,Longo da via,Bom,Não existe,Perfeito estado,Seca,Perfeito estado,Não existe,Não há placas,60.0,Dupla,Não existe,Não informado,2020,12,16,2,17.0
2020-12-16,18:22:00,COM VÍTIMA,FINALIZADA,MADALENA,EST DOS REMEDIOS,RUA PADRE GABRIEL MOUSINHO,Não informado,MADALENA,CIDADE,ABALROAMENTO LONGITUDINAL,SITUAÇÃO REPASSADA PELO GTM JORGE,1.0,1.0,0.0,0.0,0.0,0.0,0.0,0.0,0.0,1.0,0.0,Cruzamento,Bom,Não existe,Perfeito estado,Seca,Perfeito estado,Não existe,Placas Pare,60.0,Única,Não existe,Não informado,2020,12,16,2,18.0
2020-12-16,20:19:00,COM VÍTIMA,FINALIZADA,BONGI,EST DO BONGI,Não informado,PRÓXIMO À DELEGACIA DA POLÍCIA CIVIL,BONGI,SUBURBIO,ABALROAMENTO TRANSVERSAL,AUTO E MOTO,1.0,1.0,0.0,0.0,0.0,0.0,0.0,0.0,0.0,1.0,0.0,Longo da via,Bom,Não existe,Perfeito estado,Seca,Perfeito estado,Não existe,Outras,60.0,Dupla,Faixa contínua,Não informado,2020,12,16,2,20.0
2020-12-17,08:29:00,SEM VÍTIMA,FINALIZADA,Não informado,RUA N S DO CARMO,AV DANTAS BARRETO,Não informado,Não informado,Não informado,COLISÃO,COLISÃO ENTRE DOIS AUTOS SENDO UMA VT CORREGEDORIA,2.0,1.0,0.0,0.0,0.0,0.0,0.0,0.0,0.0,0.0,0.0,Longo da via,Bom,Não informado,Perfeito estado,Seca,Perfeito estado,Não informado,Não há placas,40.0,Dupla,Faixa contínua,Não informado,2020,12,17,3,8.0
2020-12-17,11:16:00,COM VÍTIMA,FINALIZADA,SAN MARTIN,RUA GOMES TABORDA,AV GENERAL SAN MARTIN,Não informado,SAN MARTIN,CIDADE,TOMBAMENTO,TOMBAMENTO DE MOTO,1.0,1.0,0.0,0.0,0.0,0.0,0.0,0.0,0.0,1.0,0.0,Cruzamento,Bom,Sem defeito,Perfeito estado,Seca,Perfeito estado,Faixa de pedestre,R-6a,60.0,Dupla,Faixa contínua,Não informado,2020,12,17,3,11.0
2020-12-17,17:43:00,COM VÍTIMA,FINALIZADA,BOA VISTA,AV CONDE DA BOA VISTA,RUA DOM BOSCO,Não informado,BOA VISTA,SUBURBIO,ABALROAMENTO LONGITUDINAL,DUAS MOTOS COM VITIMA,1.0,2.0,0.0,0.0,0.0,0.0,0.0,0.0,0.0,1.0,0.0,Cruzamento,Bom,Sem defeito,Perfeito estado,Seca,Perfeito estado,Faixa de pedestre,Não há placas,60.0,Única,Faixa contínua,Não informado,2020,12,17,3,17.0
2020-12-17,19:40:00,SEM VÍTIMA,FINALIZADA,IMBIRIBEIRA,AV MARECHAL MASCARENHAS DE MORAES,Não informado,SEMAFORO Nº626,IMBIRIBEIRA,CIDADE,COLISÃO,COLISAO DOIS AUTOS SEM VITIMAS,1.0,1.0,0.0,0.0,0.0,0.0,0.0,0.0,0.0,0.0,0.0,Longo da via,Bom,Sem defeito,Perfeito estado,Seca,Perfeito estado,Não informado,Não há placas,60.0,Dupla,Canteiro central,Não informado,2020,12,17,3,19.0
2020-12-17,20:00:00,COM VÍTIMA,FINALIZADA,PRADO,EST DOS REMEDIOS,AV ENGENHEIRO ABDIAS DE CARVALHO,E/F À FARMACIA DROGASIL,PRADO,SUBURBIO,ABALROAMENTO LONGITUDINAL,COLISÃO AUTO X MOTO,1.0,1.0,0.0,0.0,0.0,0.0,0.0,0.0,0.0,2.0,0.0,Cruzamento,Bom,Sem defeito,Perfeito estado,Seca,Mal conservada,Faixa de pedestre,R-6a,60.0,Dupla,Faixa contínua,Não informado,2020,12,17,3,20.0
2020-12-18,07:32:00,COM VÍTIMA,FINALIZADA,GRAÇAS,AV GOVERNADOR AGAMENON MAGALHAES,Não informado,EM FRENTE AO MEDICAL CENTES- PISTA CENTRAL.,GRAÇAS,SUBURBIO,ABALROAMENTO LONGITUDINAL,COLISÃO ENTRE AUTO E MOTOCICLETA,1.0,1.0,0.0,0.0,0.0,0.0,0.0,0.0,0.0,1.0,0.0,Longo da via,Bom,Não existe,Perfeito estado,Seca,Perfeito estado,Não existe,Não há placas,60.0,Dupla,Canal,Não informado,2020,12,18,4,7.0
2020-12-18,08:30:00,COM VÍTIMA,FINALIZADA,ESPINHEIRO,RUA GOMES PACHECO,RUA AFONSO BATISTA,EM FRENTE AO POSTO SHELL,ESPINHEIRO,SUBURBIO,COLISÃO FRONTAL,COLISÃO ENTRE AUTO E MOTOCICLETA,1.0,1.0,0.0,0.0,0.0,0.0,0.0,0.0,0.0,1.0,0.0,Cruzamento,Bom,Não existe,Incompleta,Seca,Perfeito estado,Não existe,R-4a,60.0,Dupla,Não informado,Não informado,2020,12,18,4,8.0
2020-12-18,09:30:00,COM VÍTIMA,FINALIZADA,APIPUCOS,RUA DE APIPUCOS,Não informado,AÇUDE DE APIPUCOS,APIPUCOS,CIDADE,COLISÃO FRONTAL,COLISÃO COM UMA VÍTIMA,1.0,1.0,0.0,0.0,0.0,0.0,0.0,0.0,0.0,1.0,0.0,Cruzamento,Bom,Sem defeito,Perfeito estado,Seca,Perfeito estado,Faixa de retenção,R-6a,60.0,Dupla,Faixa contínua,Não informado,2020,12,18,4,9.0
2020-12-18,13:35:00,COM VÍTIMA,FINALIZADA,SANTO AMARO,AV GOVERNADOR AGAMENON MAGALHAES,Não informado,EM FRENTE A UPE.,SANTO AMARO,SUBURBIO,ABALROAMENTO LONGITUDINAL,AUTO E MOTO.,1.0,1.0,0.0,0.0,0.0,0.0,0.0,0.0,0.0,2.0,0.0,Longo da via,Bom,Sem defeito,Perfeito estado,Seca,Perfeito estado,Faixa de pedestre,R-19,60.0,Única,Faixa seccionada,Não informado,2020,12,18,4,13.0
2020-12-18,14:26:00,COM VÍTIMA,FINALIZADA,BOA VISTA,AV CONDE DA BOA VISTA,Não informado,EM FRENTE AO SANTANDER,BOA VISTA,CIDADE,ABALROAMENTO LONGITUDINAL,COLISÃO ENTRE AUTO E MOTOCICLETA,1.0,1.0,0.0,0.0,0.0,0.0,0.0,0.0,0.0,1.0,0.0,Longo da via,Bom,Não existe,Perfeito estado,Seca,Perfeito estado,Não existe,Outras,40.0,Dupla,Canteiro central,Não informado,2020,12,18,4,14.0
2020-12-19,01:12:00,VÍTIMA FATAL,FINALIZADA,SANTO AMARO,AV NORTE,RUA TREZE DE MAIO,COM RUA 13 DE MAIO,SANTO AMARO,CIDADE,CHOQUE OBJETO FIXO,VEÍCULO CHOCOU-SE CONTRA UM POSTE E UMA ÁRVORE ALÉM DO POSTE DA SEMAFORICA,1.0,1.0,0.0,0.0,0.0,0.0,0.0,0.0,0.0,1.0,1.0,Cruzamento,Bom,Sem defeito,Perfeito estado,Seca,Perfeito estado,Faixa de pedestre,Não há placas,60.0,Dupla,Canteiro central,Não informado,2020,12,19,5,1.0
2020-12-19,20:45:00,COM VÍTIMA,FINALIZADA,CORDEIRO,AV GENERAL SAN MARTIN,AV CAXANGA,TERMINAL INTEGRADO CAXANGÁ III PERIMETRAL.,CORDEIRO,CIDADE,ABALROAMENTO LONGITUDINAL,GOL VERMELHO X MOTO,1.0,1.0,0.0,0.0,0.0,0.0,0.0,0.0,0.0,1.0,0.0,Longo da via,Bom,Sem defeito,Ilegível,Seca,Perfeito estado,Faixa de retenção,R-6a,60.0,Única,Faixa contínua,Não informado,2020,12,19,5,20.0
2020-12-20,13:08:00,COM VÍTIMA,FINALIZADA,AFOGADOS,RUA SAO MIGUEL,Não informado,LADO OPOSTO A CLAYTON AUTO PEÇAS E SERVIÇOS.,AFOGADOS,SUBURBIO,ABALROAMENTO LONGITUDINAL,MOTO X GM SPIN,1.0,1.0,0.0,0.0,0.0,0.0,0.0,0.0,0.0,1.0,0.0,Longo da via,Bom,Não existe,Perfeito estado,Seca,Perfeito estado,Não existe,Não há placas,60.0,Dupla,Faixa contínua,Não informado,2020,12,20,6,13.0
2020-12-20,13:07:00,COM VÍTIMA,FINALIZADA,SÃO JOSÉ,RUA DA CONCORDIA,RUA DO PEIXOTO,Não informado,SÃO JOSÉ,CIDADE,COLISÃO FRONTAL,FIAT UNO X MOTO YAMAHA,1.0,1.0,0.0,0.0,0.0,0.0,0.0,0.0,0.0,1.0,0.0,Cruzamento,Bom,Sem defeito,Perfeito estado,Seca,Perfeito estado,Outros,Não há placas,40.0,Única,Não existe,Não informado,2020,12,20,6,13.0
2020-12-20,16:53:00,COM VÍTIMA,FINALIZADA,IPSEP,RUA JEAN EMILE FAVRE,RUA RIO AMAZONAS,SOB SEMÁFORO 527. PANIFICADORA PÃO NORTE.,IPSEP,Não informado,ABALROAMENTO LONGITUDINAL,AUTO E MOTO,1.0,1.0,1.0,0.0,0.0,0.0,0.0,0.0,0.0,1.0,0.0,Cruzamento,Bom,Sem defeito,Incompleta,Seca,Perfeito estado,Outros,Outras,60.0,Dupla,Faixa contínua,Não informado,2020,12,20,6,16.0
2020-12-20,21:09:00,SEM VÍTIMA,FINALIZADA,CABANGA,PTE GOVERNADOR PAULO GUERRA,Não informado,COLISÃO ENVOLVENDO HB 20 E FIAT PUNTO ENVOLVENDO CONDUTOR COM SINTOMAS DE EMBRIAGUEZ,CABANGA,Não informado,COLISÃO,Não informado,2.0,1.0,0.0,0.0,0.0,0.0,0.0,0.0,0.0,0.0,0.0,Ponte,Bom,Não existe,Perfeito estado,Seca,Perfeito estado,Outros,Não há placas,60.0,Única,Faixa contínua,Não informado,2020,12,20,6,21.0
2020-12-21,07:19:00,COM VÍTIMA,FINALIZADA,GRAÇAS,AV GOVERNADOR AGAMENON MAGALHAES,Não informado,PRÓXIMO AO SEMÁFORO 174. EM FRENTE À ESCOLA ESTADUAL GOV. BARBOSA LIMA.,GRAÇAS,BOA VIAGEM,COLISÃO COM CICLISTA,AUTO E CICLISTA,1.0,1.0,0.0,1.0,0.0,0.0,0.0,0.0,0.0,1.0,0.0,Longo da via,Bom,Sem defeito,Perfeito estado,Seca,Perfeito estado,Outros,Outras,60.0,Dupla,Canteiro central,Não informado,2020,12,21,0,7.0
2020-12-21,11:31:00,COM VÍTIMA,FINALIZADA,SANTO AMARO,RUA DO POMBAL,RUA DOS PALMARES,CENTRO DE SAUDE PROF. VALDEMAR DE OLIVEIRA,SANTO AMARO,Não informado,ABALROAMENTO TRANSVERSAL,COM VITIMA,1.0,1.0,0.0,0.0,0.0,0.0,0.0,0.0,0.0,1.0,0.0,Cruzamento,Bom,Não existe,Perfeito estado,Seca,Perfeito estado,Faixa de pedestre,R-34,40.0,Dupla,Canteiro central,Não informado,2020,12,21,0,11.0
2020-12-21,13:48:00,COM VÍTIMA,FINALIZADA,SANTO AMARO,AV NORTE,PRC GENERAL ABREU E LIMA,POR TRAS DO CEMITERIO DOS INGLESES,SANTO AMARO,CIDADE,ABALROAMENTO LONGITUDINAL,COLISAO ENTRE AUTO E MOTO COM VITIMA,1.0,1.0,0.0,0.0,0.0,0.0,0.0,0.0,0.0,1.0,0.0,Cruzamento,Bom,Sem defeito,Perfeito estado,Seca,Perfeito estado,Outros,Outras,60.0,Dupla,Faixa contínua,Não informado,2020,12,21,0,13.0
2020-12-21,16:05:00,COM VÍTIMA,FINALIZADA,ESPINHEIRO,AV GOVERNADOR AGAMENON MAGALHAES,Não informado,EM FRENTE AO SANTANDER SELECT,ESPINHEIRO,BOA VIAGEM,ABALROAMENTO LONGITUDINAL,COLISAO ENVOLVENDO AUTO E MOTO COM VITIMA,1.0,1.0,0.0,0.0,0.0,0.0,0.0,0.0,0.0,1.0,0.0,Longo da via,Bom,Sem defeito,Perfeito estado,Seca,Perfeito estado,Não existe,Outras,60.0,Dupla,Canal,Não informado,2020,12,21,0,16.0
2020-12-21,16:24:00,COM VÍTIMA,FINALIZADA,BOA VIAGEM,AVENIDA CELSO FURTADO (VIA MANGUE),Não informado,PROX A LOMBADA ELETRONICA. POSTE J013384.,BOA VIAGEM,CIDADE,COLISÃO TRASEIRA,COLISAO ENTRE AUTO E MOTO COM VITIMA,1.0,1.0,0.0,0.0,0.0,0.0,0.0,0.0,0.0,1.0,0.0,Longo da via,Bom,Não existe,Perfeito estado,Seca,Perfeito estado,Não existe,Não há placas,60.0,Dupla,Canteiro central,Não informado,2020,12,21,0,16.0
2020-12-21,17:46:00,COM VÍTIMA,CANCELADA,IBURA,RUA DOIS,Não informado,NA PRAÇA DA UR6,IBURA,Não informado,COLISÃO,COLISAO ENTRE UM MICRO ONIBUS E MOTO COM UMA VITIMA,1.0,1.0,0.0,0.0,0.0,1.0,0.0,0.0,0.0,1.0,0.0,Não informado,Não informado,Não informado,Não informado,Não informado,Não informado,Não informado,Não informado,60.0,Não informado,Não informado,Não informado,2020,12,21,0,17.0
2020-12-21,19:18:00,SEM VÍTIMA,FINALIZADA,TORRE,RUA PROFESSOR TRAJANO DE MENDONCA,Não informado,E/F AO POSTO SHELL / APÓS O ATACADO DOS PRESENTES,TORRE,Não informado,CHOQUE OBJETO FIXO,CAMINHÃO CHOCOU-SE CONTRA O POSTE E EM SEGUIDA ARRASTOU OS FIOS DO MESMO. A FIAÇÃO ESTA CAIDA PELA VIA. S/V,1.0,1.0,0.0,0.0,0.0,0.0,1.0,0.0,0.0,0.0,0.0,Não informado,Não informado,Não informado,Não informado,Não informado,Não informado,Não informado,Não informado,60.0,Não informado,Não informado,Não informado,2020,12,21,0,19.0
2020-12-21,19:26:00,COM VÍTIMA,FINALIZADA,TORRE,RUA REAL DA TORRE,Não informado,AO LADO DO ATACADO DOS PRESENTES,TORRE,SUBURBIO,ABALROAMENTO LONGITUDINAL,COLISAO ENTRE AUTO E MOTO COM VITIMA,1.0,1.0,0.0,0.0,0.0,0.0,0.0,0.0,0.0,1.0,0.0,Longo da via,Bom,Não existe,Perfeito estado,Seca,Perfeito estado,Não informado,Não há placas,40.0,Única,Não informado,Não informado,2020,12,21,0,19.0
2020-12-21,20:28:00,COM VÍTIMA,FINALIZADA,BAIRRO DO RECIFE,CAIS DO APOLO,Não informado,E/F AO PORTO DIGITAL,BAIRRO DO RECIFE,CIDADE,COLISÃO COM CICLISTA,COLISAO ENTRE ONIBUS E CICLISTA,1.0,1.0,0.0,1.0,0.0,1.0,0.0,0.0,0.0,1.0,0.0,Longo da via,Bom,Não existe,Perfeito estado,Seca,Perfeito estado,Não existe,Outras,60.0,Única,Faixa seccionada,Não informado,2020,12,21,0,20.0
2020-12-21,21:49:00,COM VÍTIMA,FINALIZADA,TORRE,RUA DIANOPOLIS,RUA SOUZA BANDEIRA,E/F AO EDFC VIVENDA DOS GIRASSOIS,TORRE,SUBURBIO,COLISÃO FRONTAL,COLISAO ENTRE AUTO E MOTO COM VITIMA,1.0,1.0,0.0,0.0,0.0,0.0,0.0,0.0,0.0,1.0,0.0,Cruzamento,Bom,Intermitente,Perfeito estado,Seca,Perfeito estado,Faixa de pedestre,R-6a,30.0,Dupla,Faixa contínua,Não informado,2020,12,21,0,21.0
2020-12-22,07:24:00,COM VÍTIMA,FINALIZADA,MANGUEIRA,RUA ALEXANDRE RODRIGUES FERREIRA,RUA MEDINA,EM FRENTE AO ARMAZEM REDE CONSTRUIR,MANGUEIRA,CIDADE,COLISÃO COM CICLISTA,COM DUA VITIMAS AGUARDANDO SAMU,1.0,1.0,0.0,1.0,0.0,0.0,0.0,0.0,0.0,2.0,0.0,Cruzamento,Bom,Não existe,Incompleta,Seca,Perfeito estado,Não existe,Não há placas,60.0,Única,Não existe,Não informado,2020,12,22,1,7.0
2020-12-22,10:19:00,COM VÍTIMA,FINALIZADA,SANTO AMARO,AV CRUZ CABUGA,Não informado,EM FRENTE A ESCOLA DE APRENDIZES DE MARINHEIROS,SANTO AMARO,Não informado,COLISÃO,MOTO 01 X MOTO 02,1.0,2.0,0.0,0.0,0.0,0.0,0.0,0.0,0.0,2.0,0.0,Não informado,Não informado,Não informado,Não informado,Não informado,Não informado,Não informado,Não informado,60.0,Não informado,Não informado,Não informado,2020,12,22,1,10.0
2020-12-22,10:52:00,SEM VÍTIMA,FINALIZADA,BOA VISTA,RUA JOAO FERNANDES VIEIRA,RUA OSVALDO CRUZ,TEATRO WALDEMAR DE OLIVEIRA,BOA VISTA,Não informado,COLISÃO,Não informado,2.0,1.0,0.0,0.0,0.0,0.0,0.0,0.0,0.0,0.0,0.0,Longo da via,Bom,Não existe,Perfeito estado,Seca,Perfeito estado,Não existe,Não há placas,60.0,Única,Faixa seccionada,Não informado,2020,12,22,1,10.0
2020-12-22,11:44:00,COM VÍTIMA,FINALIZADA,IMBIRIBEIRA,AV MARECHAL MASCARENHAS DE MORAES,Não informado,EM FRENTE AO JUIZADO ESPECIAL DO RECIFE,IMBIRIBEIRA,CIDADE,COLISÃO TRASEIRA,COM DUAS VITIMAS AGUARDANDO SAMU,1.0,1.0,0.0,0.0,0.0,0.0,0.0,0.0,0.0,2.0,0.0,Longo da via,Bom,Não existe,Perfeito estado,Seca,Perfeito estado,Não existe,Não há placas,60.0,Única,Faixa seccionada,Não informado,2020,12,22,1,11.0
2020-12-22,11:50:00,COM VÍTIMA,FINALIZADA,CASA AMARELA,AV NORTE,RUA OSCAR DE BARROS,Não informado,CASA AMARELA,SUBURBIO,COLISÃO COM CICLISTA,MOTOCICLETA X BICICLETA,1.0,1.0,0.0,1.0,0.0,0.0,0.0,0.0,0.0,1.0,0.0,Cruzamento,Bom,Sem defeito,Perfeito estado,Seca,Perfeito estado,Faixa de pedestre,R-6a,60.0,Dupla,Faixa contínua,Não informado,2020,12,22,1,11.0
2020-12-22,14:58:00,COM VÍTIMA,FINALIZADA,TORRE,RUA JOSE BONIFACIO,RUA JOSE DE HOLANDA,EM FRENTE AO MERCADO TORRE,TORRE,Não informado,COLISÃO,COLISÃO MOTO X CARRO,1.0,1.0,0.0,0.0,0.0,0.0,0.0,0.0,0.0,1.0,0.0,Não informado,Não informado,Não informado,Não informado,Não informado,Não informado,Não informado,Não informado,60.0,Não informado,Não informado,Não informado,2020,12,22,1,14.0
2020-12-22,16:08:00,COM VÍTIMA,FINALIZADA,BOA VIAGEM,AV CONSELHEIRO AGUIAR,Não informado,EM FRENTE AO ED. TROPICAL / APOS A CAIXA ECONIMICA,BOA VIAGEM,SUBURBIO,ATROPELAMENTO,ONIBUS ATROPELOU PEDESTRE,1.0,1.0,0.0,0.0,1.0,1.0,0.0,0.0,0.0,1.0,0.0,Longo da via,Bom,Sem defeito,Perfeito estado,Seca,Perfeito estado,Não existe,Não há placas,60.0,Única,Não existe,Não informado,2020,12,22,1,16.0
2020-12-22,17:22:00,SEM VÍTIMA,FINALIZADA,PINA,Não informado,Não informado,NA SAIDA DO TUNEL ANTONIO DE GOES,PINA,Não informado,COLISÃO,COLISÃO - NÃO HOUVE VÍTIMA E OS ORIENTADORES E GMS SOLICITARAM REALIZAR O BATE PRONTO,1.0,1.0,0.0,0.0,0.0,0.0,0.0,0.0,0.0,0.0,0.0,Não informado,Não informado,Não informado,Não informado,Não informado,Não informado,Não informado,Não informado,60.0,Não informado,Não informado,Não informado,2020,12,22,1,17.0
2020-12-22,17:41:00,COM VÍTIMA,FINALIZADA,SÃO JOSÉ,RUA SAO JOAO,RUA PASSO DA PATRIA,Não informado,SÃO JOSÉ,SUBURBIO,ABALROAMENTO TRANSVERSAL,V1 placa (motocicleta) X V2- PLACA,1.0,1.0,0.0,0.0,0.0,0.0,0.0,0.0,0.0,2.0,0.0,Cruzamento,Bom,Não existe,Não informado,Seca,Perfeito estado,Não existe,R-4b,40.0,Única,Não existe,Não informado,2020,12,22,1,17.0
2020-12-22,18:11:00,COM VÍTIMA,FINALIZADA,BEBERIBE,AV BEBERIBE,Não informado,LADO OPOSTO AO SUPERMERCADO SOBERANO,BEBERIBE,CIDADE,COLISÃO TRASEIRA,AUTO E MOTO,1.0,1.0,0.0,0.0,0.0,0.0,0.0,0.0,0.0,1.0,0.0,Longo da via,Bom,Não existe,Não existente,Seca,Perfeito estado,Não existe,R-6a,60.0,Dupla,Faixa contínua,Não informado,2020,12,22,1,18.0
2020-12-23,05:46:00,SEM VÍTIMA,CANCELADA,ESPINHEIRO,RUA JOSE LUIZ DA SILVEIRA BARROS,Não informado,DEPOIS DO CRUZAMENTO DA RUA AMELIA,ESPINHEIRO,Não informado,CHOQUE,Não informado,1.0,1.0,0.0,0.0,0.0,0.0,0.0,0.0,0.0,0.0,0.0,Não informado,Não informado,Não informado,Não informado,Não informado,Não informado,Não informado,Não informado,60.0,Não informado,Não informado,Não informado,2020,12,23,2,5.0