data,hora,natureza_acidente,situacao,bairro,endereco,detalhe_endereco_acidente,complemento,bairro_cruzamento,sentido_via,tipo,descricao,auto,moto,ciclom,ciclista,pedestre,onibus,caminhao,viatura,outros,vitimas,vitimasfatais,acidente_verificado,tempo_clima,situacao_semaforo,sinalizacao,condicao_via,conservacao_via,ponto_controle,situacao_placa,velocidade_max_via,mao_direcao,divisao_via1,natureza,ano,mes,dia,dia_semana,hora_ocorrencia
2020-12-23,07:15:00,COM VÍTIMA,FINALIZADA,MADALENA,RUA JOAO IVO DA SILVA,Não informado,SENTIDO AFOGADOS  NA SAÍDA DO TÚNEL DA ABOLIÇÃO.,MADALENA,CIDADE,ABALROAMENTO LONGITUDINAL,COLISÃO COM VITIMAS A ESPERA DO SAMU,1.0,2.0,0.0,0.0,0.0,0.0,0.0,0.0,0.0,1.0,0.0,Longo da via,Bom,Não existe,Perfeito estado,Seca,Perfeito estado,Não existe,Não há placas,60.0,Única,Faixa contínua,Não informado,2020,12,23,2,7.0
2020-12-23,08:30:00,COM VÍTIMA,FINALIZADA,MANGUEIRA,RUA VINTE E UM DE ABRIL,RUA ALEXANDRE RODRIGUES FERREIRA,EM FRENTE  A LOJA J.A PAPEIS,MANGUEIRA,Não informado,COLISÃO FRONTAL,COLISÃO COM VITIMAS,1.0,1.0,0.0,0.0,0.0,0.0,0.0,0.0,0.0,2.0,0.0,Cruzamento,Bom,Não existe,Incompleta,Seca,Perfeito estado,Não existe,Placas Pare,60.0,Dupla,Não existe,Não informado,2020,12,23,2,8.0
2020-12-23,08:38:00,COM VÍTIMA,FINALIZADA,CORDEIRO,RUA TIJUCA,AV ENGENHEIRO ABDIAS DE CARVALHO,DROGAMAIA-AQUITEM,CORDEIRO,SUBURBIO,ABALROAMENTO TRANSVERSAL,COLISÃO COM VITIMAS,2.0,1.0,0.0,0.0,0.0,0.0,0.0,0.0,0.0,1.0,0.0,Cruzamento,Bom,Sem defeito,Perfeito estado,Seca,Perfeito estado,Outros,R-4a,60.0,Única,Canteiro central,Não informado,2020,12,23,2,8.0
2020-12-23,15:16:00,COM VÍTIMA,FINALIZADA,AFOGADOS,RUA SAO MIGUEL,Não informado,PROXIMO AO CHINA BOX,AFOGADOS,AFOGADOS,COLISÃO FRONTAL,COLISÃO COM VÍTIMA,2.0,1.0,0.0,0.0,0.0,0.0,0.0,0.0,0.0,1.0,0.0,Longo da via,Bom,Não existe,Perfeito estado,Seca,Perfeito estado,Não existe,Não há placas,50.0,Dupla,Faixa contínua,Não informado,2020,12,23,2,15.0
2020-12-23,18:55:00,COM VÍTIMA,FINALIZADA,MADALENA,EST DOS REMEDIOS,Não informado,PRÓX A GALERIA MADALENA CENTER 401,MADALENA,SUBURBIO,ABALROAMENTO TRANSVERSAL,MOTO X AUTO. C/V,1.0,1.0,0.0,0.0,0.0,0.0,0.0,0.0,0.0,1.0,0.0,Cruzamento,Bom,Não existe,Não existente,Seca,Perfeito estado,Não existe,Placas Pare,60.0,Única,Faixa seccionada,Não informado,2020,12,23,2,18.0
2020-12-24,06:24:00,COM VÍTIMA,FINALIZADA,MORRO DA CONCEIÇÃO,RUA DOIS DE FEVEREIRO,Não informado,CASA / CENTRO ESPIRITA PEDRO CARNEIRO,MORRO DA CONCEIÇÃO,Não informado,ABALROAMENTO LONGITUDINAL,COM VITIMA- AGUARDANDO SAMU NO LOCAL,1.0,1.0,0.0,0.0,0.0,1.0,0.0,0.0,0.0,1.0,0.0,Longo da via,Chuvoso,Não existe,Não existente,Não informado,Mal conservada,Não existe,Não há placas,30.0,Dupla,Não existe,Não informado,2020,12,24,3,6.0
2020-12-24,07:23:00,COM VÍTIMA,FINALIZADA,CASA AMARELA,AV NORTE,RUA DA HARMONIA,EM FRENTE A FARMACIA PAGUE MENOS,CASA AMARELA,Não informado,COLISÃO,COM DUAS VITIMAS- AGUARDANDO SAMU,1.0,1.0,0.0,0.0,0.0,0.0,0.0,0.0,0.0,2.0,0.0,Não informado,Não informado,Não informado,Não informado,Não informado,Não informado,Não informado,Não informado,60.0,Não informado,Não informado,Não informado,2020,12,24,3,7.0
2020-12-24,07:59:00,COM VÍTIMA,FINALIZADA,CAXANGÁ,AV CAXANGA,Não informado,LADO OPOSTO AO RESIDENCIAL CAXANGÁ.,CAXANGÁ,SUBURBIO,COLISÃO COM CICLISTA,AUTO E BICICLETA.,1.0,1.0,0.0,1.0,0.0,0.0,0.0,0.0,0.0,1.0,0.0,Longo da via,Bom,Sem defeito,Perfeito estado,Seca,Perfeito estado,Faixa de pedestre,Não há placas,60.0,Dupla,Faixa seccionada,Não informado,2020,12,24,3,7.0
2020-12-24,08:38:00,COM VÍTIMA,FINALIZADA,NOVA DESCOBERTA,RUA NOVA DESCOBERTA,Não informado,Não informado,NOVA DESCOBERTA,VASCO DA GAMA,COLISÃO,COLISÃO ENTRE AUTOMÓVEL E MOTOCICLETA - A VT-25 SE DEPAROU COM A SITUAÇÃO E TINHA APENAS A VÍTIMA E O SAMU NO LOCAL - O VEÍCULO SE EVADIU E A MOTOCICLETA RETIRARAM DO LOCAL - EQUIPE DA VT 25 TOMARÁ TODAS AS PROVIDÊNCIAS PERANTE AS AUTORIDADES COMPETENTES.,1.0,1.0,0.0,0.0,0.0,0.0,0.0,0.0,0.0,1.0,0.0,Longo da via,Bom,Não existe,Perfeito estado,Seca,Perfeito estado,Não existe,R-6a,60.0,Dupla,Faixa seccionada,Não informado,2020,12,24,3,8.0
2020-12-24,09:28:00,SEM VÍTIMA,FINALIZADA,JORDÃO,AV DONA CARENTINA,Não informado,NA SUBIDA DA LADEIRA,JORDÃO,Não informado,CHOQUE OBJETO FIXO,UM VEICULO SE CHOCOU COM UM POSTE- ONDE OS FIOS FICARAM SOLTOS NO MEIO DA VIA/ SOLICITANTE DIZ TER ENTRADO EM CONTATO COM A CELPE- PORÉM ESTÁ AGUARDANDO O ATENDIMENTO.,1.0,1.0,0.0,0.0,0.0,0.0,0.0,0.0,1.0,0.0,0.0,Longo da via,Chuvoso,Não existe,Perfeito estado,Molhada,Perfeito estado,Não existe,Não há placas,60.0,Dupla,Faixa contínua,Não informado,2020,12,24,3,9.0
2020-12-24,09:35:00,COM VÍTIMA,FINALIZADA,AFOGADOS,RUA VINTE E UM DE ABRIL,Não informado,EM FRENTE AO AFOGADOS CENTER,AFOGADOS,Não informado,COLISÃO,COLISÃO COM UMA VITIMA -SAMU ACIONADO,1.0,1.0,1.0,0.0,0.0,0.0,0.0,0.0,0.0,1.0,0.0,Não informado,Não informado,Não informado,Não informado,Não informado,Não informado,Não informado,Não informado,60.0,Não informado,Não informado,Não informado,2020,12,24,3,9.0
2020-12-24,11:47:00,COM VÍTIMA,FINALIZADA,ALTO JOSÉ DO PINHO,COR DO BARTOLOMEU,RUA PADRE OLIVEIRA,FEIRA DA RODINHA - PANIFICADORA SENHOR DO BOMFIM.,ALTO JOSÉ DO PINHO,SUBURBIO,ATROPELAMENTO,ATROPELAMENTO,1.0,1.0,0.0,0.0,1.0,0.0,0.0,0.0,0.0,1.0,0.0,Longo da via,Bom,Não existe,Perfeito estado,Seca,Perfeito estado,Não existe,Outras,60.0,Dupla,Faixa contínua,Não informado,2020,12,24,3,11.0
2020-12-24,13:21:00,COM VÍTIMA,FINALIZADA,IMBIRIBEIRA,AV MARECHAL MASCARENHAS DE MORAES,Não informado,EM FRENTE À UNIVERSIDADE UNIVERSO,IMBIRIBEIRA,CIDADE,COLISÃO TRASEIRA,AGUARDANDO ATENDIMENTO DO SAMU.,1.0,1.0,0.0,0.0,0.0,0.0,0.0,0.0,0.0,1.0,0.0,Longo da via,Bom,Sem defeito,Perfeito estado,Seca,Perfeito estado,Faixa de pedestre,R-6a,60.0,Dupla,Canteiro central,Não informado,2020,12,24,3,13.0
2020-12-22,09:16:00,SEM VÍTIMA,FINALIZADA,GRAÇAS,AV GOVERNADOR AGAMENON MAGALHAES,Não informado,Não informado,GRAÇAS,PARNAMIRIM-DERBY,COLISÃO,AUTOMÓVEL PRETO PEV8799 X MOTOCICLETA,1.0,1.0,0.0,0.0,0.0,0.0,0.0,0.0,0.0,0.0,0.0,Não informado,Não informado,Não informado,Não informado,Não informado,Não informado,Não informado,Não informado,60.0,Não informado,Não informado,Não informado,2020,12,22,1,9.0
2020-12-24,15:16:00,SEM VÍTIMA,FINALIZADA,ENCRUZILHADA,AV JOAO DE BARROS,AV NORTE,Não informado,ENCRUZILHADA,CIDADE,COLISÃO,ACIDENTE NO CRUZAMENTO- COLISÃO TRANSVERSAL ENTRE DOIS AUTO PASSEIO- FECHANDO O CRUZAMENTO. AGENTE IRÁ AO LOCAL PARA DESOBSTRUIR A VIA- VERIFICAR A DOCUMENTAÇÃO SE TUDO CERTO ORIENTAR REALIZAR O BAT PRONTO.,2.0,1.0,0.0,0.0,0.0,0.0,0.0,0.0,0.0,0.0,0.0,Não informado,Não informado,Não informado,Não informado,Não informado,Não informado,Não informado,Não informado,60.0,Não informado,Não informado,Não informado,2020,12,24,3,15.0
2020-12-24,15:27:00,COM VÍTIMA,FINALIZADA,VÁRZEA,AV CAXANGA,Não informado,LADO OPOSTO AO TERMINAL INTEGRADO DA CAXANGÁ,VÁRZEA,CIDADE,COLISÃO TRASEIRA,COLISÃO ENTRE AUTO E MOTO,1.0,1.0,0.0,0.0,0.0,0.0,0.0,0.0,0.0,1.0,0.0,Longo da via,Bom,Sem defeito,Perfeito estado,Seca,Perfeito estado,Faixa de pedestre,Não há placas,60.0,Única,Faixa contínua,Não informado,2020,12,24,3,15.0
2020-12-24,17:37:00,COM VÍTIMA,FINALIZADA,BOA VIAGEM,AV ENGENHEIRO DOMINGOS FERREIRA,RUA FAUSTINO PORTO,EM FRENTE AO ED. ERICA,BOA VIAGEM,PIEDADE,COLISÃO TRASEIRA,COLISÃO COM 2 CARRO X MOTO/ UM DOS VEICULOS DE PLACA xxx SE EVADIU DO LOCAL,2.0,1.0,0.0,0.0,0.0,0.0,0.0,0.0,0.0,1.0,0.0,Longo da via,Bom,Sem defeito,Perfeito estado,Seca,Perfeito estado,Não existe,R-6a,60.0,Dupla,Faixa contínua,Não informado,2020,12,24,3,17.0
2020-12-24,18:24:00,COM VÍTIMA,FINALIZADA,ALTO JOSÉ DO PINHO,AV NORTE,Não informado,APÓS A ENTRADA DA MANGABEIRA / EM FRENTE AO ARMAZÉM CORAL.,ALTO JOSÉ DO PINHO,SUBURBIO,COLISÃO COM CICLISTA,COLISÃO ENTRE MOTO E CICLISTA,1.0,1.0,0.0,1.0,0.0,0.0,0.0,0.0,0.0,2.0,0.0,Longo da via,Bom,Não existe,Perfeito estado,Seca,Perfeito estado,Não existe,Não há placas,60.0,Única,Canteiro central,Não informado,2020,12,24,3,18.0
2020-12-25,07:24:00,SEM VÍTIMA,CANCELADA,TORRE,RUA MARCOS ANDRE,Não informado,EM FRENTE AO CONDOMINIO PRIVE BOSQUE DA TORRE,TORRE,Não informado,CHOQUE,VEICULO  CHOCOU SE  CONTRA MURO,1.0,1.0,0.0,0.0,0.0,0.0,0.0,0.0,0.0,0.0,0.0,Não informado,Não informado,Não informado,Não informado,Não informado,Não informado,Não informado,Não informado,60.0,Não informado,Não informado,Não informado,2020,12,25,4,7.0
2020-12-25,16:07:00,COM VÍTIMA,FINALIZADA,IMBIRIBEIRA,RUA ITAJAI,RUA PAMPULHA,E/F PORTO DELICATESSEN. CASA BRANCA BUFFET.,IMBIRIBEIRA,CIDADE,ABALROAMENTO TRANSVERSAL,AUTO E MOTO.,1.0,1.0,0.0,0.0,0.0,0.0,0.0,0.0,0.0,1.0,0.0,Cruzamento,Bom,Não existe,Perfeito estado,Seca,Perfeito estado,Faixa de retenção,Placas Pare,60.0,Dupla,Faixa contínua,Não informado,2020,12,25,4,16.0
2020-12-25,22:53:00,COM VÍTIMA,FINALIZADA,ENGENHO DO MEIO,RUA ANTONIO CURADO,RUA MANUEL ALVES DEUSDARA,AO LADO DA COMPESA / PRÓX A PRC DO ENGENHO DO MEIO. IGREJA PENTECOSTAL JESUS É A ESPERANÇA.,ENGENHO DO MEIO,CIDADE,COLISÃO COM CICLISTA,AUTO X BICICLETA. C/V,1.0,1.0,0.0,1.0,0.0,0.0,0.0,0.0,0.0,2.0,0.0,Longo da via,Bom,Não existe,Perfeito estado,Seca,Perfeito estado,Não existe,Outras,60.0,Dupla,Faixa seccionada,Não informado,2020,12,25,4,22.0
2020-12-26,05:22:00,SEM VÍTIMA,FINALIZADA,SOLEDADE,RUA JOAO FERNANDES VIEIRA,Não informado,PRÓXIMO AO CRUZAMENTO C/A RUA DA SOLEDADE,SOLEDADE,Não informado,CHOQUE OBJETO FIXO,CONDUTOR ABANDONOU O VEICULO- APÓS CHOCAR-SE CONTRA UM POSTE PÚBLICO,1.0,1.0,0.0,0.0,0.0,0.0,0.0,0.0,0.0,0.0,0.0,Não informado,Não informado,Não informado,Não informado,Não informado,Não informado,Não informado,Não informado,60.0,Não informado,Não informado,Não informado,2020,12,26,5,5.0
2020-12-26,09:59:00,SEM VÍTIMA,FINALIZADA,CORDEIRO,AV CAXANGA,RUA SAO MATEUS,FATO OCORRIDO NO ELEVADO DA AV CASXANGA- NO SENTIDO CIDADE / SUBURBIO.,CORDEIRO,SUBURBIO,COLISÃO COM CICLISTA,TRÊS CICLISTA UTILIZANDO INDEVIDAMENTE A FAIXA EXCLUSSIVA DO BRT ( ELEVADO DA CAXANGA ) NO SENTIDO CIDADE / SUBURBIO- QUANDO UM CICLISTA PAROU E FOI COLIDIDO LATERALMENTE POR UMA CICLISTA QUE TEVE POSSIVEIS- LEVES ESCORRIAÇÕES. ACIDENTE FLAGRADO PELA CÂMARAS DA CTTU.,1.0,1.0,0.0,2.0,0.0,0.0,0.0,0.0,0.0,0.0,0.0,Não informado,Não informado,Não informado,Não informado,Não informado,Não informado,Não informado,Não informado,60.0,Não informado,Não informado,Não informado,2020,12,26,5,9.0
2020-12-26,10:34:00,COM VÍTIMA,FINALIZADA,CORDEIRO,RUA MAURICIO DE NASSAU,Não informado,POR TRAS DO PARQUE DE EXPOSIÇÕES.,CORDEIRO,SUBURBIO,COLISÃO COM CICLISTA,VITIMA SOCORRIDA PELO SAMU,1.0,1.0,0.0,1.0,0.0,0.0,0.0,0.0,0.0,1.0,0.0,Longo da via,Bom,Não existe,Perfeito estado,Seca,Perfeito estado,Não existe,Não há placas,60.0,Dupla,Faixa contínua,Não informado,2020,12,26,5,10.0
2020-12-26,17:39:00,SEM VÍTIMA,FINALIZADA,IMBIRIBEIRA,RUA JORGE DE LIMA,Não informado,EM FRENTE A GEOVANE SONDA / EM FRENTE AO ED- VITA CLUBE,IMBIRIBEIRA,Não informado,COLISÃO,COLISÃO CARRO X CARRO COM SUSPEITA DE ALCOOLEMIA,2.0,1.0,0.0,0.0,0.0,0.0,0.0,0.0,0.0,0.0,0.0,Não informado,Não informado,Não informado,Não informado,Não informado,Não informado,Não informado,Não informado,60.0,Não informado,Não informado,Não informado,2020,12,26,5,17.0
2020-12-26,17:47:00,COM VÍTIMA,FINALIZADA,TORRE,VDO GOVERNADOR CORDEIRO DE FARIAS,Não informado,PONTE DA TORRE AO LADO DO CARREFOUR,TORRE,SUBURBIO,TOMBAMENTO,QUEDA DE MOTOCICLISTA,1.0,1.0,0.0,0.0,0.0,0.0,0.0,0.0,0.0,1.0,0.0,Viaduto,Bom,Não existe,Perfeito estado,Seca,Perfeito estado,Não existe,Não há placas,60.0,Única,Faixa seccionada,Não informado,2020,12,26,5,17.0
2020-12-26,19:44:00,SEM VÍTIMA,FINALIZADA,IMBIRIBEIRA,AV MARECHAL MASCARENHAS DE MORAES,Não informado,EM FRENTE A CHEVROLET TAMBAI,IMBIRIBEIRA,SUBURBIO,COLISÃO,COLISÃO SEM VITIMA ENVOLVENDO VEÍCULO OFICIAL (SAMU),1.0,1.0,0.0,0.0,0.0,0.0,0.0,1.0,0.0,0.0,0.0,Longo da via,Bom,Sem defeito,Perfeito estado,Seca,Perfeito estado,Faixa de pedestre,Não há placas,60.0,Única,Canteiro central,Não informado,2020,12,26,5,19.0
2020-12-27,00:53:00,SEM VÍTIMA,FINALIZADA,BOA VIAGEM,AV CONSELHEIRO AGUIAR,Não informado,Não informado,BOA VIAGEM,Não informado,COLISÃO,USUARIO INFORMA QUE A OCORRENCIA FOI SEM VÍTIMA E QUE O CONDUTOR DE UM DOS VEÍCULOS SE EVADIU ABANDONANDO O VEÍCULO NA VIA . POR ESSE MOTIVO ENVIAMOS UMA VT PRA VERIFICAR ESSA SITUAÇÃO . O CONDUTOR QUE FICOU NO LOCAL FOI ORIENTADO A PRESTAR UMA QUEIXA E GERAR ESSA OCORRENCIA PELO BATE-PRONTO.,2.0,1.0,0.0,0.0,0.0,0.0,0.0,1.0,0.0,0.0,0.0,Não informado,Não informado,Não informado,Não informado,Não informado,Não informado,Não informado,Não informado,60.0,Não informado,Não informado,Não informado,2020,12,27,6,0.0
2020-12-27,08:44:00,COM VÍTIMA,FINALIZADA,IMBIRIBEIRA,RUA ITAJAI,RUA PAMPULHA,EM FRENTE A PADARIA PORTO DELICATESSEN,IMBIRIBEIRA,SUBURBIO,ABALROAMENTO TRANSVERSAL,DOIS AUTOS C/V,2.0,1.0,0.0,0.0,0.0,0.0,0.0,0.0,0.0,1.0,0.0,Cruzamento,Bom,Não existe,Perfeito estado,Seca,Perfeito estado,Faixa de retenção,Placas Pare,60.0,Dupla,Faixa contínua,Não informado,2020,12,27,6,8.0
2020-12-27,11:57:00,COM VÍTIMA,CANCELADA,JORDÃO,AV MARIA IRENE,Não informado,E/F A DINO SORVETES E PROX A DELEGACIA DO JORDAO,JORDÃO,Não informado,COLISÃO,COLISAO ENTRE AUTO E MOTO COM UMA VITIMA,1.0,1.0,0.0,0.0,0.0,0.0,0.0,0.0,0.0,1.0,0.0,Não informado,Não informado,Não informado,Não informado,Não informado,Não informado,Não informado,Não informado,60.0,Não informado,Não informado,Não informado,2020,12,27,6,11.0
2020-12-27,12:06:00,COM VÍTIMA,FINALIZADA,IPSEP,RUA SAO NICOLAU,RUA PROFESSOR JOSE VICENTE,PROX A NUCLEO DA POLICIA E FARMÁCIA BOM CONSELHO.,IPSEP,SUBURBIO,ABALROAMENTO TRANSVERSAL,COLISAO ENTRE AUTO E MOTO COM UMA VITIMA,1.0,1.0,0.0,0.0,0.0,0.0,0.0,0.0,0.0,1.0,0.0,Longo da via,Bom,Não existe,Perfeito estado,Seca,Perfeito estado,Faixa de pedestre,Placas Pare,60.0,Única,Não existe,Não informado,2020,12,27,6,12.0
2020-12-27,15:44:00,SEM VÍTIMA,CANCELADA,PINA,RUA CARNEIRO PESSOA,Não informado,PROXIMO A IGREJA CATOLICA DO PINA,PINA,Não informado,CHOQUE,CHOQUE SEM VÍTIMA/ VIATURA POLICIA,1.0,1.0,0.0,0.0,0.0,0.0,0.0,1.0,0.0,0.0,0.0,Não informado,Não informado,Não informado,Não informado,Não informado,Não informado,Não informado,Não informado,60.0,Não informado,Não informado,Não informado,2020,12,27,6,15.0
2020-12-27,23:09:00,SEM VÍTIMA,CANCELADA,SAN MARTIN,RUA DELMIRO GOUVEIA,Não informado,EM FRENTE A TORRE DA CHESF,SAN MARTIN,Não informado,COLISÃO,COLISÃO DOIS AUTOS - CONDUTOR DO AUTO PASSEIO COM SINTOMAS DE EMBRIAGUES,1.0,1.0,0.0,0.0,0.0,0.0,1.0,0.0,0.0,0.0,0.0,Não informado,Não informado,Não informado,Não informado,Não informado,Não informado,Não informado,Não informado,60.0,Não informado,Não informado,Não informado,2020,12,27,6,23.0
2020-12-28,06:22:00,COM VÍTIMA,FINALIZADA,CABANGA,AV SUL,Não informado,APÓS O VIADUTO - SENTIDO SUB/CID,CABANGA,CIDADE,CHOQUE OBJETO FIXO,CONDUTOR DA MOTOCICLETA PERDEU O CONTROLE DO VEICULO E CHOCOU-SE CONTRA UMA ÁRVORE,1.0,1.0,0.0,0.0,0.0,0.0,0.0,0.0,0.0,1.0,0.0,Longo da via,Bom,Não existe,Não existente,Molhada,Outros,Não existe,Não há placas,60.0,Dupla,Faixa seccionada,Não informado,2020,12,28,0,6.0
2020-12-28,07:28:00,COM VÍTIMA,FINALIZADA,BOA VIAGEM,AVENIDA CELSO FURTADO (VIA MANGUE),Não informado,NO FINAL DA VIA MANGUE- NA ALÇA DA ANTÔNIO FALCÃO.,BOA VIAGEM,SUBURBIO,ABALROAMENTO LONGITUDINAL,COLISÃO COM EVASÃO- CONDUTOR DO CARRO FOI EMBORA SEM PRESTAR SOCORRO... AS VITIMAS AGUARDAM ATENDIMENTO DO SAMU.,1.0,1.0,0.0,0.0,0.0,0.0,0.0,0.0,0.0,2.0,0.0,Longo da via,Bom,Não existe,Incompleta,Seca,Perfeito estado,Não existe,Não há placas,60.0,Única,Não existe,Não informado,2020,12,28,0,7.0
2020-12-28,12:03:00,COM VÍTIMA,FINALIZADA,BOA VIAGEM,RUA ERNESTO DE PAULA SANTOS,AV ENGENHEIRO DOMINGOS FERREIRA,PROX A RESTAURANTE DOMINGOS FERREIRA,BOA VIAGEM,SUBURBIO,ABALROAMENTO TRANSVERSAL,COLISÃO CARRO X DUAS MOTOS,1.0,2.0,0.0,0.0,0.0,0.0,0.0,0.0,0.0,1.0,0.0,Cruzamento,Bom,Sem defeito,Perfeito estado,Seca,Perfeito estado,Faixa de retenção,Não há placas,60.0,Única,Faixa contínua,Não informado,2020,12,28,0,12.0
2020-12-28,12:22:00,SEM VÍTIMA,FINALIZADA,IMBIRIBEIRA,AV MARECHAL MASCARENHAS DE MORAES,RUA MIS JOEL CARLSON,PRÓX AO DEPÓSITO DA LASER ELETRO,IMBIRIBEIRA,Não informado,COLISÃO,CONDUTOR INFORMA QUE A OUTRA PARTE ENVOLVIDA NA COLISÃO NÃO ESTÁ DE POSSE DA HABILITAÇÃO E DOCUMENTO DO VEÍCULO.,2.0,1.0,0.0,0.0,0.0,0.0,0.0,0.0,0.0,0.0,0.0,Longo da via,Bom,Sem defeito,Perfeito estado,Seca,Perfeito estado,Não existe,Não há placas,60.0,Dupla,Canteiro central,Não informado,2020,12,28,0,12.0
2020-12-28,14:55:00,SEM VÍTIMA,FINALIZADA,ARRUDA,AV BEBERIBE,Não informado,EM FRENTE AO MERCADAO OLEO / PROX AO CAMPO DO ARRUDA,ARRUDA,Não informado,COLISÃO,COLISÃO CAMINHÃO X CARRO / INFORMA QUE TA TENDO DERRAMAMENTO DE OLEO NA VIA,1.0,1.0,0.0,0.0,0.0,1.0,1.0,0.0,0.0,0.0,0.0,Longo da via,Bom,Sem defeito,Perfeito estado,Seca,Perfeito estado,Não informado,Não informado,60.0,Dupla,Faixa contínua,Não informado,2020,12,28,0,14.0
2020-12-28,15:23:00,COM VÍTIMA,FINALIZADA,BOA VIAGEM,AV DOM JOAO VI,Não informado,AO LADO DO BIG BOMPREÇO.,BOA VIAGEM,SUBURBIO,ABALROAMENTO TRANSVERSAL,A EQUIPE SE DEPAROU COM O ACIDENTE,1.0,1.0,0.0,0.0,0.0,1.0,0.0,0.0,0.0,1.0,0.0,Longo da via,Bom,Sem defeito,Perfeito estado,Seca,Perfeito estado,Não existe,Não há placas,60.0,Única,Não existe,Não informado,2020,12,28,0,15.0
2020-12-28,16:26:00,COM VÍTIMA,FINALIZADA,BOA VIAGEM,RUA JOAO CARDOSO AIRES,RUA ALMIRANTE BATISTA LEAO,PROX AO COLEGIO MADRE DE DEUS / PROX AO HAPVIDA DIAGNÓSTICOS.,BOA VIAGEM,SUBURBIO,ABALROAMENTO TRANSVERSAL,COLISÃO MOTO X CARRO,1.0,1.0,0.0,0.0,0.0,0.0,0.0,0.0,0.0,1.0,0.0,Cruzamento,Chuvoso,Não existe,Perfeito estado,Seca,Perfeito estado,Não existe,Placas Pare,60.0,Única,Não existe,Não informado,2020,12,28,0,16.0
2020-12-28,16:42:00,COM VÍTIMA,FINALIZADA,SANTO AMARO,AV NORTE,Não informado,EM FRENTE AO CENTRO DE JUVENTUDE E O CRAS,SANTO AMARO,SUBURBIO,ATROPELAMENTO,ATROPELAMENTO ENVOLVENDO MOTO E PEDESTRE,1.0,1.0,0.0,0.0,1.0,0.0,0.0,0.0,0.0,1.0,0.0,Longo da via,Bom,Sem defeito,Perfeito estado,Seca,Perfeito estado,Não existe,Outras,60.0,Dupla,Canteiro central,Não informado,2020,12,28,0,16.0
2020-12-28,20:23:00,COM VÍTIMA,FINALIZADA,IMBIRIBEIRA,RUA JAMAICA,RUA IZABEL DE SOUZA,EM FRENTE A BSS BLINDAGEM,IMBIRIBEIRA,Não informado,COLISÃO,COLISÃO ENTRE AUTO E MOTO- COM VITIMA,1.0,1.0,0.0,0.0,0.0,0.0,0.0,0.0,0.0,2.0,0.0,Cruzamento,Bom,Não existe,Perfeito estado,Seca,Perfeito estado,Não existe,Placas Pare,60.0,Única,Faixa seccionada,Não informado,2020,12,28,0,20.0
2020-12-29,07:20:00,SEM VÍTIMA,FINALIZADA,BOA VISTA,RUA JOSE DE ALENCAR,RUA BARAO DE SAO BORJA,POR TRAS DO SHOPPING BOA VISTA,BOA VISTA,Não informado,CAPOTAMENTO,COLISÃO EM SEGUIDA DE CAPOTAMENTO SEM VITIMAS,2.0,1.0,0.0,0.0,0.0,0.0,0.0,0.0,0.0,0.0,0.0,Não informado,Não informado,Não informado,Não informado,Não informado,Não informado,Não informado,Não informado,60.0,Não informado,Não informado,Não informado,2020,12,29,1,7.0
2020-12-29,10:22:00,COM VÍTIMA,FINALIZADA,AREIAS,RUA CAPITAO DOMINGOS DA COSTA,RUA AURORA CACOTE,EM FRENTE AO SUPERMERCADO COBAL,AREIAS,Não informado,ATROPELAMENTO,AUTO E PEDESTRE,1.0,1.0,0.0,0.0,1.0,0.0,0.0,0.0,0.0,1.0,0.0,Cruzamento,Bom,Sem defeito,Não informado,Seca,Perfeito estado,Não existe,R-19,30.0,Dupla,Não existe,Não informado,2020,12,29,1,10.0
2020-12-29,10:55:00,COM VÍTIMA,FINALIZADA,ARRUDA,RUA SAO BENTO,Não informado,NA ENTRADA DA BOMBA DO HEMETERIO PROX AO POSTO DE GASOLINA DESATIVADO BR,ARRUDA,SUBURBIO,COLISÃO TRASEIRA,COLISÃO COM VITIMA A ESPERA DO SAMU,1.0,1.0,0.0,0.0,0.0,0.0,0.0,0.0,0.0,1.0,0.0,Longo da via,Bom,Sem defeito,Perfeito estado,Seca,Perfeito estado,Outros,Placas Pare,60.0,Única,Faixa seccionada,Não informado,2020,12,29,1,10.0
2020-12-29,15:12:00,COM VÍTIMA,FINALIZADA,ESPINHEIRO,RUA QUARENTA E OITO,RUA DO ESPINHEIRO,EM FRENTE A DELICATENSSEN ESPINHEIRO,ESPINHEIRO,CIDADE,ABALROAMENTO LONGITUDINAL,COLISÃO COM VÍTIMA,1.0,1.0,0.0,0.0,0.0,0.0,0.0,0.0,0.0,1.0,0.0,Cruzamento,Bom,Sem defeito,Perfeito estado,Seca,Perfeito estado,Faixa de pedestre,Outras,60.0,Única,Faixa seccionada,Não informado,2020,12,29,1,15.0
2020-12-29,18:14:00,COM VÍTIMA,FINALIZADA,SANTO ANTÔNIO,AV GUARARAPES,RUA DO SOL,AO LADO DA AGENCIA DOS CORREIOS,SANTO ANTÔNIO,CIDADE,ATROPELAMENTO,ÕNIBUS ATROPELOU CADEIRANTE. C/V,1.0,1.0,0.0,0.0,1.0,1.0,0.0,0.0,0.0,1.0,0.0,Cruzamento,Bom,Sem defeito,Perfeito estado,Seca,Perfeito estado,Faixa de pedestre,Outras,60.0,Única,Faixa contínua,Não informado,2020,12,29,1,18.0
2020-12-29,20:02:00,SEM VÍTIMA,FINALIZADA,JORDÃO,RUA DR ALVARO FERRAZ,Não informado,PROX AO TERMINAL DO JORDAO,JORDÃO,Não informado,COLISÃO,COLISAO ENTRE AUTO E MOTO S/VITIMAS,1.0,1.0,0.0,0.0,0.0,0.0,0.0,1.0,0.0,0.0,0.0,Longo da via,Bom,Não existe,Perfeito estado,Seca,Perfeito estado,Não existe,R-6a,60.0,Única,Não existe,Não informado,2020,12,29,1,20.0