data,hora,natureza_acidente,situacao,bairro,endereco,detalhe_endereco_acidente,complemento,bairro_cruzamento,sentido_via,tipo,descricao,auto,moto,ciclom,ciclista,pedestre,onibus,caminhao,viatura,outros,vitimas,vitimasfatais,acidente_verificado,tempo_clima,situacao_semaforo,sinalizacao,condicao_via,conservacao_via,ponto_controle,situacao_placa,velocidade_max_via,mao_direcao,divisao_via1,natureza,ano,mes,dia,dia_semana,hora_ocorrencia
2020-12-30,07:15:00,COM VÍTIMA,FINALIZADA,IPUTINGA,AV CAXANGA,AV PROFESSOR JOAQUIM CAVALCANTI,EMBAIXO DO VIADUTO AO LADFO DO BIG BOMPREÇO,IPUTINGA,SUBURBIO,COLISÃO,COM UMA VITIMA AGUARDANDO SAMU,1.0,1.0,0.0,0.0,0.0,0.0,0.0,0.0,0.0,1.0,0.0,Longo da via,Chuvoso,Não existe,Perfeito estado,Molhada,Perfeito estado,Não existe,Não há placas,60.0,Única,Não informado,Não informado,2020,12,30,2,7.0
2020-12-30,07:31:00,COM VÍTIMA,FINALIZADA,CABANGA,RUA JOAO PAULO II,Não informado,NO FINAL DO VIADUTO CAPITÃO TEMUDO /SENTIDO BOA VIAGEM,CABANGA,SUBURBIO,COLISÃO TRASEIRA,COM DUAS VITIMAS AGUARDANDO SAMU,1.0,1.0,0.0,0.0,0.0,0.0,0.0,0.0,0.0,1.0,0.0,Viaduto,Chuvoso,Não existe,Perfeito estado,Molhada,Perfeito estado,Não existe,Não há placas,60.0,Dupla,Canteiro central,Não informado,2020,12,30,2,7.0
2020-12-30,07:52:00,COM VÍTIMA,FINALIZADA,LINHA DO TIRO,RUA URIEL DE HOLANDA,Não informado,EM FRENTE AO ARMAZEM OLIVEIRA,LINHA DO TIRO,SUBURBIO,COLISÃO FRONTAL,COM UMA VITIMA-SOCORRIDA -VT 18 DA CTTU NO LOCAL/GMFLAVIO LUIS/GM DE SOUZA,1.0,1.0,0.0,0.0,0.0,0.0,0.0,0.0,0.0,1.0,0.0,Longo da via,Chuvoso,Não existe,Incompleta,Molhada,Perfeito estado,Não existe,Não há placas,60.0,Dupla,Não existe,Não informado,2020,12,30,2,7.0
2020-12-30,08:41:00,COM VÍTIMA,FINALIZADA,SÍTIO DOS PINTOS,RUA PROF CLAUDIO SELVA,RUA DA JAQUEIRA,Não informado,SÍTIO DOS PINTOS,SUBURBIO,TOMBAMENTO,CICLISTA PERDEU O CONTROLE DA BICICLETA,1.0,1.0,0.0,1.0,0.0,0.0,0.0,0.0,0.0,1.0,0.0,Longo da via,Bom,Não existe,Não existente,Seca,Perfeito estado,Não existe,Não há placas,60.0,Dupla,Não existe,Não informado,2020,12,30,2,8.0
2020-12-30,11:51:00,COM VÍTIMA,FINALIZADA,IBURA,RUA PINTOR AGENOR DE ALBUQUERQUE CESAR,Não informado,RUA DA COMPESA,IBURA,SUBURBIO,ABALROAMENTO TRANSVERSAL,COM UMA VITIMA -AGUARDANDO  SAMU,1.0,1.0,0.0,0.0,0.0,0.0,0.0,0.0,0.0,1.0,0.0,Longo da via,Chuvoso,Não existe,Perfeito estado,Molhada,Perfeito estado,Não existe,Não há placas,60.0,Dupla,Não existe,Não informado,2020,12,30,2,11.0
2020-12-30,14:04:00,COM VÍTIMA,FINALIZADA,JORDÃO,AV MARIA IRENE,Não informado,RROX AO POSTO IPIRANGA / PROX A FEIRA LIVRE DO JORDAO,JORDÃO,Não informado,COLISÃO TRASEIRA,COLISÃO MOTO X CARRO,1.0,1.0,0.0,0.0,0.0,0.0,0.0,0.0,0.0,1.0,0.0,Cruzamento,Bom,Não existe,Não existente,Seca,Perfeito estado,Não existe,Não há placas,60.0,Dupla,Não existe,Não informado,2020,12,30,2,14.0
2020-12-30,15:43:00,COM VÍTIMA,FINALIZADA,CAMPO GRANDE,RUA PROFESSOR FRANCISCO DA TRINDADE,RUA SAO CAETANO,APÓS O SUPERMERCADO STILOS / PRÓX À MISSÃO EVANGÉLICA PENTECOSTAL.,CAMPO GRANDE,Não informado,COLISÃO,AGUARDANDO ATENDIMENTO DO SAMU.,1.0,1.0,0.0,0.0,0.0,0.0,0.0,0.0,0.0,1.0,0.0,Cruzamento,Bom,Não existe,Perfeito estado,Seca,Perfeito estado,Não existe,Não informado,60.0,Dupla,Não existe,Não informado,2020,12,30,2,15.0
2020-12-30,17:26:00,SEM VÍTIMA,FINALIZADA,TEJIPIÓ,AV DR JOSE RUFINO,Não informado,PRÓX À ESTAÇÃO DE TEJIPIÓ,TEJIPIÓ,SUBURBIO,COLISÃO,UM DOS CONDUTORES SE RECUSA A RETIRAR O VEÍCULO DO LOCAL- IMPOSSIBILITANDO O OUTRO VEÍCULO DE TAMBÉM SAIR. VIA OBSTRUÍDA.,2.0,1.0,0.0,0.0,0.0,0.0,0.0,0.0,0.0,0.0,0.0,Não informado,Não informado,Não informado,Não informado,Não informado,Não informado,Não informado,Não informado,60.0,Não informado,Não informado,Não informado,2020,12,30,2,17.0
2020-12-30,17:30:00,SEM VÍTIMA,FINALIZADA,DERBY,AV GOVERNADOR AGAMENON MAGALHAES,RUA JOAQUIM NABUCO,AO LADO DO HOSPITAL DA RESTAURAÇÃO,DERBY,Não informado,COLISÃO,COLISÃO COM VEICULO OFICIAL / CARRO X USB,1.0,1.0,0.0,0.0,0.0,0.0,0.0,1.0,0.0,0.0,0.0,Não informado,Não informado,Não informado,Não informado,Não informado,Não informado,Não informado,Não informado,60.0,Não informado,Não informado,Não informado,2020,12,30,2,17.0
2020-12-30,18:57:00,SEM VÍTIMA,CANCELADA,ARRUDA,AV PROFESSOR JOSE DOS ANJOS,AV BEBERIBE,Não informado,ARRUDA,Não informado,COLISÃO,COLISÃO SEM VÍTIMAS- UMA DAS PARTES APRESENTA SINTOMAS DE EMBRIAGUEZ,4.0,1.0,0.0,0.0,0.0,0.0,0.0,0.0,0.0,0.0,0.0,Não informado,Não informado,Não informado,Não informado,Não informado,Não informado,Não informado,Não informado,60.0,Não informado,Não informado,Não informado,2020,12,30,2,18.0
2020-12-30,20:38:00,COM VÍTIMA,FINALIZADA,MANGABEIRA,AV NORTE,Não informado,EM FRENTE AO SESC DE CASA AMARELA/VÍTIMA JÁ SOCORRIDA,MANGABEIRA,Não informado,ATROPELAMENTO,Não informado,1.0,1.0,0.0,0.0,1.0,0.0,0.0,0.0,0.0,1.0,0.0,Longo da via,Bom,Não informado,Perfeito estado,Seca,Perfeito estado,Não existe,Outras,60.0,Dupla,Canteiro central,Não informado,2020,12,30,2,20.0
2020-12-31,15:47:00,COM VÍTIMA,FINALIZADA,CASA AMARELA,EST DAS UBAIAS,Não informado,Não informado,CASA AMARELA,CIDADE,COLISÃO FRONTAL,COM VÍTIMA,1.0,1.0,0.0,0.0,0.0,0.0,0.0,0.0,0.0,1.0,0.0,Longo da via,Bom,Não existe,Perfeito estado,Seca,Perfeito estado,Não existe,Outras,60.0,Dupla,Não existe,Não informado,2020,12,31,3,15.0
2020-12-31,21:48:00,COM VÍTIMA,FINALIZADA,CAMPINA DO BARRETO,AV PROFESSOR JOSE DOS ANJOS,Não informado,E/F A ACADEMIA DA CHAO DE ESTRELA,CAMPINA DO BARRETO,SUBURBIO,COLISÃO FRONTAL,COLISAO ENTRE DUAS MOTOS COM VITIMAS,1.0,2.0,0.0,0.0,0.0,0.0,0.0,0.0,0.0,4.0,0.0,Longo da via,Nublado,Não existe,Perfeito estado,Seca,Perfeito estado,Não existe,Outras,60.0,Dupla,Faixa seccionada,Não informado,2020,12,31,3,21.0
2021-01-01,19:44:00,COM VÍTIMA,FINALIZADA,MADALENA,RUA BENFICA,Não informado,EM FRENTE AO EXTRA NA SAIDA,MADALENA,SUBURBIO,COLISÃO FRONTAL,Não informado,1.0,1.0,0.0,0.0,0.0,0.0,0.0,0.0,0.0,1.0,0.0,Longo da via,Bom,Não existe,Perfeito estado,Seca,Perfeito estado,Outros,Não há placas,60.0,Dupla,Faixa contínua,Não informado,2021,1,1,4,19.0
2021-01-01,23:15:40,COM VÍTIMA,FINALIZADA,VÁRZEA,AV CAXANGA,RUA GASTAO VIDIGAL,EM FRENTE A UPA DA CAXANGA,VÁRZEA,CIDADE,COLISÃO TRASEIRA,Não informado,2.0,0.0,0.0,0.0,0.0,0.0,0.0,0.0,0.0,1.0,0.0,Cruzamento,Bom,Sem defeito,Perfeito estado,Oleosa,Perfeito estado,Outros,Outras,60.0,Única,Não existe,Não informado,2021,1,1,4,23.0
2021-01-02,10:54:00,COM VÍTIMA,FINALIZADA,VASCO DA GAMA,RUA RESPLENDOR,Não informado,AO  LADO  DO  COLEGIO ADERBAL  GALVÃO  EM  FRENTE  AO  CONJUNTO RESIDENCIAL  ADERBAL  GALVÃO,VASCO DA GAMA,Não informado,COLISÃO COM CICLISTA,Não informado,1.0,1.0,0.0,1.0,0.0,0.0,0.0,0.0,0.0,1.0,0.0,Longo da via,Bom,Não existe,Incompleta,Seca,Perfeito estado,Não existe,Não há placas,60.0,Dupla,Não existe,Não informado,2021,1,2,5,10.0
2021-01-02,11:13:00,COM VÍTIMA,FINALIZADA,BOA VIAGEM,RUA VISCONDE DE JEQUITINHONHA,RUA CAPITAO ZUZINHA,RUA CAPITÃO ZUZINHA,BOA VIAGEM,SUBURBIO,COLISÃO LATERAL,Não informado,1.0,1.0,0.0,0.0,0.0,0.0,0.0,0.0,0.0,1.0,0.0,Longo da via,Bom,Sem defeito,Perfeito estado,Seca,Perfeito estado,Faixa de pedestre,Outras,60.0,Única,Canal,Não informado,2021,1,2,5,11.0
2021-01-03,09:32:00,COM VÍTIMA,FINALIZADA,ILHA DO RETIRO,AV ENGENHEIRO ABDIAS DE CARVALHO,Não informado,EM FRENTE A LANCHONETE COXINHAS DE BATATA,ILHA DO RETIRO,Não informado,COLISÃO LATERAL,Não informado,1.0,1.0,0.0,0.0,0.0,0.0,0.0,0.0,0.0,2.0,0.0,Longo da via,Bom,Sem defeito,Perfeito estado,Seca,Perfeito estado,Faixa de pedestre,Outras,60.0,Dupla,Faixa contínua,Não informado,2021,1,3,6,9.0
2021-01-03,11:07:00,SEM VÍTIMA,FINALIZADA,CASA AMARELA,RUA OSCAR DE BARROS,Não informado,POSTO DE SAÚDE PROFESSOR MARIO RAMOS,CASA AMARELA,SUBURBIO,CHOQUE,Não informado,1.0,0.0,0.0,0.0,0.0,0.0,0.0,0.0,0.0,0.0,0.0,Longo da via,Bom,Não existe,Perfeito estado,Seca,Perfeito estado,Não existe,R-6a,60.0,Única,Não existe,Não informado,2021,1,3,6,11.0
2021-01-03,15:00:00,COM VÍTIMA,FINALIZADA,BOA VIAGEM,RUA VISCONDE DE JEQUITINHONHA,Não informado,PRÓX AO EDIFÍCIO PAINEIRAS E STEAKS ESPETINHO,BOA VIAGEM,Não informado,COLISÃO LATERAL,Não informado,1.0,1.0,0.0,0.0,0.0,0.0,0.0,0.0,0.0,1.0,0.0,Longo da via,Bom,Não existe,Perfeito estado,Seca,Perfeito estado,Não existe,Não há placas,40.0,Única,Faixa contínua,Não informado,2021,1,3,6,15.0
2021-01-03,15:39:00,SEM VÍTIMA,FINALIZADA,IPSEP,RUA JEAN EMILE FAVRE,RUA POTENGY,FARMÁCIA DIARIAMENTE / GALERIA MARIA DE LOURDES,IPSEP,SUBURBIO,COLISÃO TRANSVERSAL,Não informado,2.0,0.0,0.0,0.0,0.0,0.0,0.0,0.0,0.0,0.0,0.0,Cruzamento,Bom,Sem defeito,Perfeito estado,Seca,Perfeito estado,Faixa de pedestre,R-6a,60.0,Dupla,Faixa contínua,Não informado,2021,1,3,6,15.0
2021-01-03,21:19:40,SEM VÍTIMA,FINALIZADA,ESPINHEIRO,RUA DO ESPINHEIRO,RUA SANTO ELIAS,PROX AO POSTO DE GASOLINA IPIRANGA,ESPINHEIRO,Não informado,COLISÃO TRANSVERSAL,Não informado,2.0,0.0,0.0,0.0,0.0,0.0,0.0,0.0,0.0,0.0,0.0,Cruzamento,Bom,Não existe,Perfeito estado,Seca,Perfeito estado,Faixa de pedestre,R-6a,60.0,Única,Faixa seccionada,Não informado,2021,1,3,6,21.0
2021-01-04,09:56:00,COM VÍTIMA,FINALIZADA,ENCRUZILHADA,RUA FERNANDO CESAR,RUA DR JOSE MARIA,AO LADO DO MV AUTOMÓVEIS,ENCRUZILHADA,CIDADE,COLISÃO TRANSVERSAL,Não informado,1.0,1.0,0.0,0.0,0.0,0.0,0.0,0.0,0.0,1.0,0.0,Cruzamento,Bom,Sem defeito,Perfeito estado,Seca,Perfeito estado,Faixa de pedestre,Outras,60.0,Única,Não existe,Não informado,2021,1,4,0,9.0
2021-01-04,10:26:00,SEM VÍTIMA,FINALIZADA,SÃO JOSÉ,RUA IMPERIAL,Não informado,EM FRENTE,SÃO JOSÉ,SUBURBIO,CHOQUE,Não informado,0.0,0.0,0.0,0.0,0.0,0.0,1.0,0.0,0.0,0.0,0.0,Longo da via,Chuvoso,Não existe,Perfeito estado,Molhada,Mal conservada,Não existe,Não há placas,60.0,Única,Não existe,Não informado,2021,1,4,0,10.0
2021-01-04,10:28:00,SEM VÍTIMA,FINALIZADA,DERBY,AV GOVERNADOR AGAMENON MAGALHAES,RUA JOAQUIM NABUCO,HOSPITAL DA RESTAURAÇÃO,DERBY,SUBURBIO,COLISÃO TRANSVERSAL,Não informado,2.0,0.0,0.0,0.0,0.0,0.0,0.0,0.0,0.0,0.0,0.0,Cruzamento,Chuvoso,Sem defeito,Perfeito estado,Molhada,Perfeito estado,Faixa de pedestre,Não há placas,60.0,Dupla,Canal,Não informado,2021,1,4,0,10.0
2021-01-04,10:44:00,COM VÍTIMA,FINALIZADA,SANTO ANTÔNIO,C SANTA RITA,Não informado,EM FRENTE AS TORRES GÊMEAS,SANTO ANTÔNIO,Não informado,TOMBAMENTO,Não informado,1.0,1.0,0.0,0.0,0.0,0.0,0.0,0.0,0.0,1.0,0.0,Longo da via,Bom,Não existe,Perfeito estado,Seca,Perfeito estado,Outros,Não há placas,60.0,Dupla,Canteiro central,Não informado,2021,1,4,0,10.0
2021-01-04,16:05:00,COM VÍTIMA,FINALIZADA,DERBY,AV GOVERNADOR AGAMENON MAGALHAES,Não informado,E/F A PRAÇA DO DERBY S/T  BOA VIAGEM,DERBY,Não informado,COLISÃO FRONTAL,Não informado,1.0,1.0,0.0,0.0,0.0,0.0,0.0,0.0,0.0,1.0,0.0,Longo da via,Bom,Sem defeito,Perfeito estado,Seca,Perfeito estado,Faixa de pedestre,Não há placas,60.0,Dupla,Canteiro central,Não informado,2021,1,4,0,16.0
2021-01-05,08:25:00,COM VÍTIMA,FINALIZADA,SÃO JOSÉ,VDO DAS CINCO PONTAS,Não informado,SOBRE O VIADUTO DO FORTE DAS CINCO PONTAS,SÃO JOSÉ,SUBURBIO,COLISÃO LATERAL,Não informado,1.0,1.0,0.0,0.0,0.0,0.0,0.0,0.0,0.0,1.0,0.0,Viaduto,Bom,Não existe,Ilegível,Seca,Perfeito estado,Não existe,Não há placas,40.0,Dupla,Canteiro central,Não informado,2021,1,5,1,8.0
2021-01-05,10:48:00,COM VÍTIMA,FINALIZADA,PINA,AV ENGENHEIRO DOMINGOS FERREIRA,Não informado,EM FRENTE AO ARMAZEM CORAL,PINA,Não informado,ATROPELAMENTO,Não informado,0.0,1.0,0.0,0.0,1.0,0.0,0.0,0.0,0.0,1.0,0.0,Longo da via,Bom,Não existe,Perfeito estado,Seca,Perfeito estado,Não existe,Não há placas,60.0,Única,Faixa contínua,Não informado,2021,1,5,1,10.0
2021-01-05,11:15:00,COM VÍTIMA,FINALIZADA,AFOGADOS,RUA SAO MIGUEL,1 TRV JUSTICA E PAZ,qui,AFOGADOS,SUBURBIO,COLISÃO TRANSVERSAL,Não informado,2.0,0.0,0.0,0.0,0.0,0.0,0.0,0.0,0.0,1.0,0.0,Cruzamento,Bom,Sem defeito,Não informado,Seca,Perfeito estado,Faixa de pedestre,Outras,40.0,Dupla,Faixa contínua,Não informado,2021,1,5,1,11.0
2021-01-05,14:09:00,SEM VÍTIMA,FINALIZADA,BOA VIAGEM,AV BOA VIAGEM,Não informado,EM FRENTE AO ARCÁDIA RECEPÇÕES,BOA VIAGEM,Não informado,COLISÃO,Não informado,2.0,0.0,0.0,0.0,0.0,0.0,0.0,0.0,0.0,0.0,0.0,Não informado,Não informado,Não informado,Não informado,Não informado,Não informado,Não informado,Não informado,60.0,Não informado,Não informado,Não informado,2021,1,5,1,14.0
2021-01-05,16:24:00,COM VÍTIMA,FINALIZADA,AFOGADOS,RUA SAO MIGUEL,Não informado,PROX AO BODE DO NÓ,AFOGADOS,Não informado,COLISÃO LATERAL,Não informado,1.0,1.0,0.0,0.0,0.0,0.0,0.0,0.0,0.0,1.0,0.0,Longo da via,Bom,Sem defeito,Não informado,Não informado,Não informado,Não existe,Não há placas,60.0,Dupla,Faixa contínua,Não informado,2021,1,5,1,16.0
2021-01-05,17:35:00,COM VÍTIMA,FINALIZADA,ROSARINHO,AV NORTE,Não informado,DEFRONTE A PADARIA ROSARINHO,ROSARINHO,SUBURBIO,COLISÃO TRASEIRA,Não informado,1.0,1.0,0.0,0.0,0.0,0.0,0.0,0.0,0.0,1.0,0.0,Longo da via,Bom,Não existe,Perfeito estado,Seca,Perfeito estado,Faixa de pedestre,Outras,60.0,Dupla,Faixa seccionada,Não informado,2021,1,5,1,17.0
2021-01-05,18:37:00,COM VÍTIMA,CANCELADA,IPSEP,AV RECIFE,RUA JEAN EMILE FAVRE,Não informado,IPSEP,Não informado,COLISÃO,Não informado,1.0,1.0,0.0,0.0,0.0,0.0,0.0,0.0,0.0,1.0,0.0,Não informado,Não informado,Não informado,Não informado,Não informado,Não informado,Não informado,Não informado,60.0,Não informado,Não informado,Não informado,2021,1,5,1,18.0
2021-01-06,08:02:00,COM VÍTIMA,FINALIZADA,MUSTARDINHA,RUA DR ARMANDO TAVARES,RUA NATALINO TEIXEIRA,PROX. AO ESPETINHO DO PITECO,MUSTARDINHA,Não informado,COLISÃO TRANSVERSAL,Não informado,1.0,1.0,0.0,0.0,0.0,0.0,0.0,0.0,0.0,1.0,0.0,Cruzamento,Bom,Não existe,Não existente,Seca,Perfeito estado,Não existe,Não há placas,60.0,Dupla,Não existe,Não informado,2021,1,6,2,8.0
2021-01-06,08:11:00,SEM VÍTIMA,FINALIZADA,SANTO AMARO,RUA TREZE DE MAIO,RUA FREI CASSIMIRO,EM FRENTE BORRACHARIA,SANTO AMARO,Não informado,COLISÃO LATERAL,Não informado,1.0,0.0,0.0,0.0,0.0,0.0,0.0,1.0,0.0,0.0,0.0,Longo da via,Bom,Não existe,Incompleta,Seca,Mal conservada,Não existe,Outras,40.0,Dupla,Faixa contínua,Não informado,2021,1,6,2,8.0
2021-01-06,08:15:00,COM VÍTIMA,FINALIZADA,DERBY,AV GOVERNADOR AGAMENON MAGALHAES,Não informado,APOS  O HOSPITAL  DA RESTAURAÇÃO   NO SENTIDO  BOA  VIAGEM    DE  ESQUINA  COM  A  PRAÇA  DO  DERBY,DERBY,Não informado,COLISÃO LATERAL,Não informado,1.0,1.0,0.0,0.0,0.0,0.0,0.0,0.0,0.0,1.0,0.0,Longo da via,Bom,Não existe,Perfeito estado,Seca,Perfeito estado,Não existe,Não há placas,60.0,Única,Faixa seccionada,Não informado,2021,1,6,2,8.0
2021-01-06,15:22:00,COM VÍTIMA,FINALIZADA,CASA AMARELA,AV NORTE,RUA GUIMARAES PEIXOTO,RUA GUIMARÃES PEIXOTO,CASA AMARELA,Não informado,COLISÃO TRASEIRA,Não informado,0.0,2.0,0.0,0.0,0.0,0.0,0.0,0.0,0.0,1.0,0.0,Longo da via,Bom,Sem defeito,Perfeito estado,Seca,Perfeito estado,Faixa de pedestre,Outras,60.0,Não informado,Não existe,Não informado,2021,1,6,2,15.0
2021-01-06,17:32:00,COM VÍTIMA,CANCELADA,IMBIRIBEIRA,AV MARECHAL MASCARENHAS DE MORAES,Não informado,E/F AOS CORREIOS S/T PRAZERES PROX A FACULDADE UNIVERSO,IMBIRIBEIRA,Não informado,COLISÃO COM CICLISTA,Não informado,0.0,0.0,0.0,1.0,0.0,1.0,0.0,0.0,0.0,1.0,0.0,Não informado,Não informado,Não informado,Não informado,Não informado,Não informado,Não informado,Não informado,60.0,Não informado,Não informado,Não informado,2021,1,6,2,17.0
2021-01-06,21:17:40,COM VÍTIMA,FINALIZADA,BOA VIAGEM,RUA DOS NAVEGANTES,Não informado,E/F AO EDFC  HOLIDAY,BOA VIAGEM,Não informado,COLISÃO TRANSVERSAL,Não informado,1.0,1.0,0.0,0.0,0.0,0.0,0.0,0.0,0.0,1.0,0.0,Cruzamento,Bom,Não existe,Perfeito estado,Seca,Perfeito estado,Faixa de retenção,"Placas ""Pare""",60.0,Única,Outros,Não informado,2021,1,6,2,21.0
2021-01-07,06:55:00,COM VÍTIMA,FINALIZADA,TORRÕES,AV ENGENHEIRO ABDIAS DE CARVALHO,Não informado,EM FRENTE A UPA/LADO OPOSTO,TORRÕES,CIDADE,COLISÃO LATERAL,Não informado,1.0,1.0,0.0,0.0,0.0,0.0,0.0,0.0,0.0,1.0,0.0,Longo da via,Bom,Não existe,Perfeito estado,Seca,Perfeito estado,Não existe,Não há placas,60.0,Dupla,Canteiro central,Não informado,2021,1,7,3,6.0
2021-01-07,07:48:00,COM VÍTIMA,FINALIZADA,DERBY,AV GOVERNADOR AGAMENON MAGALHAES,RUA DR LEOPOLDO LINS,Não informado,DERBY,Não informado,COLISÃO TRASEIRA,Não informado,1.0,1.0,0.0,0.0,0.0,0.0,0.0,0.0,0.0,1.0,0.0,Longo da via,Bom,Sem defeito,Perfeito estado,Seca,Perfeito estado,Faixa de pedestre,Não há placas,60.0,Dupla,Faixa contínua,Não informado,2021,1,7,3,7.0
2021-01-07,08:47:00,SEM VÍTIMA,FINALIZADA,TAMARINEIRA,RUA CORONEL URIEL SERGIO GARDIM,Não informado,ACADEMIA ARMY CROSSFIT,TAMARINEIRA,SUBURBIO,COLISÃO LATERAL,Não informado,2.0,0.0,0.0,0.0,0.0,0.0,0.0,0.0,0.0,0.0,0.0,Longo da via,Bom,Não informado,Incompleta,Seca,Perfeito estado,Faixa de pedestre,Outras,60.0,Dupla,Não existe,Não informado,2021,1,7,3,8.0
2021-01-07,09:39:00,COM VÍTIMA,FINALIZADA,GRAÇAS,AV RUI BARBOSA,RUA DAS GRACAS,EM FRENTE AO COLEGIO AGNES,GRAÇAS,Não informado,CAPOTAMENTO,Não informado,0.0,1.0,0.0,0.0,0.0,0.0,0.0,0.0,0.0,1.0,0.0,Cruzamento,Chuvoso,Sem defeito,Perfeito estado,Molhada,Perfeito estado,Faixa de pedestre,Não há placas,60.0,Única,Faixa contínua,Não informado,2021,1,7,3,9.0
2021-01-07,09:55:00,SEM VÍTIMA,FINALIZADA,GRAÇAS,AV GOVERNADOR AGAMENON MAGALHAES,RUA JOAQUIM NABUCO,Não informado,GRAÇAS,Não informado,COLISÃO,Não informado,1.0,0.0,0.0,0.0,0.0,0.0,0.0,1.0,0.0,0.0,0.0,Não informado,Não informado,Não informado,Não informado,Não informado,Não informado,Não informado,Não informado,60.0,Não informado,Não informado,Não informado,2021,1,7,3,9.0
2021-01-07,11:38:00,COM VÍTIMA,FINALIZADA,ESPINHEIRO,RUA DA HORA,Não informado,ESQUINA DO CERPE,ESPINHEIRO,Não informado,COLISÃO LATERAL,Não informado,1.0,1.0,0.0,0.0,0.0,0.0,0.0,0.0,0.0,1.0,0.0,Cruzamento,Bom,Sem defeito,Perfeito estado,Seca,Perfeito estado,Faixa de pedestre,Outras,60.0,Única,Faixa contínua,Não informado,2021,1,7,3,11.0
2021-01-07,17:50:00,COM VÍTIMA,FINALIZADA,CASA AMARELA,AV NORTE,Não informado,PRÓX À UPINHA,CASA AMARELA,Não informado,COLISÃO COM CICLISTA,Não informado,1.0,0.0,0.0,1.0,0.0,0.0,0.0,0.0,0.0,1.0,0.0,Longo da via,Bom,Não existe,Perfeito estado,Seca,Perfeito estado,Não existe,Outras,60.0,Dupla,Faixa seccionada,Não informado,2021,1,7,3,17.0
2021-01-07,18:21:00,COM VÍTIMA,FINALIZADA,PARNAMIRIM,RUA DA HARMONIA,EST DO ENCANAMENTO,Não informado,PARNAMIRIM,Não informado,COLISÃO TRANSVERSAL,Não informado,0.0,2.0,0.0,0.0,0.0,0.0,0.0,0.0,0.0,2.0,0.0,Cruzamento,Bom,Sem defeito,Perfeito estado,Seca,Perfeito estado,Faixa de pedestre,Outras,60.0,Única,Não existe,Não informado,2021,1,7,3,18.0
2021-01-08,08:01:00,COM VÍTIMA,FINALIZADA,SAN MARTIN,AV ENGENHEIRO ABDIAS DE CARVALHO,RUA QUINZE DE MARCO,PRAÇA DA CHESF,SAN MARTIN,Não informado,COLISÃO LATERAL,Não informado,0.0,2.0,0.0,0.0,0.0,0.0,0.0,0.0,0.0,1.0,0.0,Longo da via,Bom,Sem defeito,Perfeito estado,Seca,Perfeito estado,Faixa de pedestre,Não há placas,60.0,Única,Canteiro central,Não informado,2021,1,8,4,8.0
2021-01-08,13:18:00,COM VÍTIMA,FINALIZADA,IPSEP,AV RECIFE,Não informado,EM FRENTE AO POSTO IPIRANGA/ SENTIDO BOA VIAGEM,IPSEP,Não informado,COLISÃO LATERAL,Não informado,1.0,1.0,0.0,0.0,0.0,0.0,0.0,0.0,0.0,1.0,0.0,Longo da via,Bom,Não existe,Perfeito estado,Seca,Perfeito estado,Não existe,Não há placas,60.0,Dupla,Faixa seccionada,Não informado,2021,1,8,4,13.0
2021-01-08,21:56:40,COM VÍTIMA,FINALIZADA,PINA,AV HERCULANO BANDEIRA,Não informado,PROX A CAIXA ECONOMICA,PINA,Não informado,COLISÃO TRASEIRA,Não informado,1.0,1.0,0.0,0.0,0.0,0.0,0.0,0.0,0.0,1.0,0.0,Cruzamento,Bom,Não existe,Perfeito estado,Seca,Perfeito estado,Não existe,Outras,60.0,Única,Faixa seccionada,Não informado,2021,1,8,4,21.0
2021-01-09,11:56:00,SEM VÍTIMA,FINALIZADA,BOA VISTA,AV CONDE DA BOA VISTA,Não informado,PRÓXIMO À RUA PADRE INGLÊS,BOA VISTA,Não informado,COLISÃO,Não informado,1.0,1.0,0.0,0.0,0.0,0.0,0.0,0.0,0.0,0.0,0.0,Não informado,Não informado,Não informado,Não informado,Não informado,Não informado,Não informado,Não informado,60.0,Não informado,Não informado,Não informado,2021,1,9,5,11.0
2021-01-09,12:19:00,COM VÍTIMA,FINALIZADA,BOA VIAGEM,AV ARMINDO MOURA,RUA VISCONDE DE JEQUITINHONHA,PRÓX AO COMAR II,BOA VIAGEM,Não informado,COLISÃO LATERAL,Não informado,1.0,1.0,0.0,0.0,0.0,0.0,0.0,0.0,0.0,1.0,0.0,Cruzamento,Bom,Sem defeito,Perfeito estado,Seca,Perfeito estado,Faixa de pedestre,Outras,60.0,Única,Faixa seccionada,Não informado,2021,1,9,5,12.0
2021-01-09,12:36:00,SEM VÍTIMA,FINALIZADA,BRASÍLIA TEIMOSA,AV BRASILIA FORMOSA,Não informado,PRAIA BURACO DA VÉIA / PRÓX À LOJA GOUVEIA,BRASÍLIA TEIMOSA,Não informado,COLISÃO LATERAL,Não informado,2.0,0.0,0.0,0.0,0.0,0.0,0.0,0.0,0.0,0.0,0.0,Longo da via,Bom,Não existe,Perfeito estado,Seca,Perfeito estado,Não existe,Não informado,60.0,Não informado,Não informado,Não informado,2021,1,9,5,12.0