data,hora,natureza_acidente,situacao,bairro,endereco,detalhe_endereco_acidente,complemento,bairro_cruzamento,sentido_via,tipo,descricao,auto,moto,ciclom,ciclista,pedestre,onibus,caminhao,viatura,outros,vitimas,vitimasfatais,acidente_verificado,tempo_clima,situacao_semaforo,sinalizacao,condicao_via,conservacao_via,ponto_controle,situacao_placa,velocidade_max_via,mao_direcao,divisao_via1,natureza,ano,mes,dia,dia_semana,hora_ocorrencia
2021-01-09,14:02:00,COM VÍTIMA,FINALIZADA,ÁGUA FRIA,RUA SAO BENTO,AV BEBERIBE,EM BAIXO DO SEMAFORO 064,ÁGUA FRIA,Não informado,COLISÃO LATERAL,Não informado,1.0,1.0,0.0,0.0,0.0,0.0,0.0,0.0,0.0,1.0,0.0,Cruzamento,Bom,Sem defeito,Perfeito estado,Seca,Perfeito estado,Faixa de pedestre,Não há placas,60.0,Dupla,Faixa contínua,Não informado,2021,1,9,5,14.0
2021-01-09,14:10:00,COM VÍTIMA,FINALIZADA,BOA VIAGEM,RUA VISCONDE DE JEQUITINHONHA,AV ARMINDO MOURA,PRÓX AO COMAR II,BOA VIAGEM,Não informado,COLISÃO TRANSVERSAL,Não informado,0.0,2.0,0.0,0.0,0.0,0.0,0.0,0.0,0.0,3.0,0.0,Cruzamento,Bom,Sem defeito,Perfeito estado,Seca,Perfeito estado,Faixa de pedestre,Outras,60.0,Única,Faixa seccionada,Não informado,2021,1,9,5,14.0
2021-01-09,14:21:00,COM VÍTIMA,FINALIZADA,SANTO AMARO,AV CRUZ CABUGA,AV NORTE,EM FRENTE AO PREDIO DO SENAI,SANTO AMARO,CIDADE,COLISÃO TRANSVERSAL,Não informado,4.0,0.0,0.0,0.0,0.0,0.0,0.0,0.0,0.0,1.0,0.0,Cruzamento,Bom,Sem defeito,Perfeito estado,Seca,Perfeito estado,Faixa de pedestre,Não informado,60.0,Dupla,Faixa contínua,Não informado,2021,1,9,5,14.0
2021-01-09,14:24:00,SEM VÍTIMA,CANCELADA,CAMPINA DO BARRETO,RUA MARCILIO DIAS,Não informado,NA ENTRADA DO POINT BURGUER,CAMPINA DO BARRETO,Não informado,COLISÃO,Não informado,1.0,1.0,0.0,0.0,0.0,0.0,0.0,0.0,0.0,0.0,0.0,Não informado,Não informado,Não informado,Não informado,Não informado,Não informado,Não informado,Não informado,60.0,Não informado,Não informado,Não informado,2021,1,9,5,14.0
2021-01-10,00:51:00,COM VÍTIMA,FINALIZADA,DERBY,AV GOVERNADOR AGAMENON MAGALHAES,Não informado,CRUZAMENTO COM A RUA HENRIQUE DIAS SENTIDO BOA VIAGEM,DERBY,Não informado,ATROPELAMENTO,Não informado,1.0,0.0,0.0,0.0,1.0,0.0,0.0,0.0,0.0,1.0,0.0,Cruzamento,Bom,Sem defeito,Perfeito estado,Seca,Perfeito estado,Faixa de pedestre,Outras,60.0,Única,Faixa seccionada,Não informado,2021,1,10,6,0.0
2021-01-10,19:36:00,COM VÍTIMA,FINALIZADA,AFOGADOS,RUA MOTOCOLOMBO,Não informado,E/F AO TROCAO,AFOGADOS,Não informado,COLISÃO TRANSVERSAL,Não informado,1.0,1.0,0.0,0.0,0.0,0.0,0.0,0.0,0.0,1.0,0.0,Cruzamento,Bom,Sem defeito,Perfeito estado,Seca,Perfeito estado,Faixa de pedestre,Outras,60.0,Única,Não existe,Não informado,2021,1,10,6,19.0
2021-01-10,22:27:40,COM VÍTIMA,FINALIZADA,CORDEIRO,RUA CANTORA CLARA NUNES,Não informado,E/F A UPINHA DE SANTA LUZIA,CORDEIRO,Não informado,COLISÃO FRONTAL,Não informado,1.0,1.0,0.0,0.0,0.0,0.0,0.0,0.0,0.0,1.0,0.0,Longo da via,Bom,Não existe,Ilegível,Seca,Mal iluminada,Não existe,Não há placas,60.0,Dupla,Não existe,Não informado,2021,1,10,6,22.0
2021-01-11,10:09:00,SEM VÍTIMA,FINALIZADA,DERBY,AV GOVERNADOR AGAMENON MAGALHAES,Não informado,EM FRENTE AO SEMÁFORO Nº 078,DERBY,CIDADE,COLISÃO TRANSVERSAL,Não informado,0.0,0.0,0.0,0.0,0.0,0.0,1.0,1.0,0.0,0.0,0.0,Longo da via,Bom,Sem defeito,Perfeito estado,Seca,Perfeito estado,Não existe,Não há placas,60.0,Dupla,Não existe,Não informado,2021,1,11,0,10.0
2021-01-11,11:21:00,COM VÍTIMA,FINALIZADA,GRAÇAS,RUA ALBERTO PAIVA,RUA DO FUTURO,EM FRENTE AO BISTRO FRISABOR,GRAÇAS,Não informado,COLISÃO FRONTAL,Não informado,1.0,1.0,0.0,0.0,0.0,0.0,0.0,0.0,0.0,1.0,0.0,Longo da via,Bom,Não existe,Incompleta,Seca,Perfeito estado,Não existe,"Placas ""Pare""",60.0,Única,Faixa seccionada,Não informado,2021,1,11,0,11.0
2021-01-11,12:14:00,COM VÍTIMA,FINALIZADA,TORRÕES,RUA WASHINGTON DUARTE ESPINDOLA,Não informado,AO LADO POSTO SHELL LUPI DOIS,TORRÕES,SUBURBIO,COLISÃO LATERAL,Não informado,1.0,1.0,0.0,0.0,0.0,0.0,0.0,0.0,0.0,2.0,0.0,Longo da via,Bom,Não existe,Não informado,Seca,Perfeito estado,Não existe,Não há placas,60.0,Única,Não informado,Não informado,2021,1,11,0,12.0
2021-01-11,14:35:00,COM VÍTIMA,FINALIZADA,ENCRUZILHADA,LGO ENCRUZILHADA,AV JOAO DE BARROS,Não informado,ENCRUZILHADA,Não informado,COLISÃO COM CICLISTA,Não informado,1.0,0.0,0.0,1.0,0.0,0.0,0.0,0.0,0.0,1.0,0.0,Longo da via,Bom,Sem defeito,Perfeito estado,Seca,Perfeito estado,Faixa de pedestre,Outras,60.0,Dupla,Faixa contínua,Não informado,2021,1,11,0,14.0
2021-01-11,16:00:00,COM VÍTIMA,FINALIZADA,BOA VIAGEM,AV CONSELHEIRO AGUIAR,RUA ARTUR MUNIZ,Não informado,BOA VIAGEM,Não informado,COLISÃO TRANSVERSAL,Não informado,1.0,1.0,0.0,0.0,0.0,0.0,0.0,0.0,0.0,1.0,0.0,Cruzamento,Bom,Sem defeito,Perfeito estado,Seca,Perfeito estado,Faixa de pedestre,Não informado,60.0,Única,Faixa contínua,Não informado,2021,1,11,0,16.0
2021-01-11,17:34:00,COM VÍTIMA,FINALIZADA,ARRUDA,AV BEBERIBE,Não informado,PRÓX AO CANAL DA CONSTRUÇÃO,ARRUDA,Não informado,COLISÃO COM CICLISTA,Não informado,0.0,0.0,0.0,1.0,0.0,1.0,0.0,0.0,0.0,1.0,0.0,Longo da via,Bom,Não existe,Perfeito estado,Seca,Perfeito estado,Outros,R-6a,60.0,Dupla,Faixa contínua,Não informado,2021,1,11,0,17.0
2021-01-11,18:22:00,SEM VÍTIMA,CANCELADA,CAMPO GRANDE,RUA MARQUES DE ABRANTES,Não informado,EM FRENTE A ULTRAGAZ,CAMPO GRANDE,Não informado,COLISÃO COM CICLISTA,Não informado,2.0,0.0,0.0,1.0,0.0,0.0,0.0,0.0,0.0,0.0,0.0,Não informado,Não informado,Não informado,Não informado,Não informado,Não informado,Não informado,Não informado,60.0,Não informado,Não informado,Não informado,2021,1,11,0,18.0
2021-01-12,08:42:00,COM VÍTIMA,FINALIZADA,IPSEP,AV RECIFE,RUA SAO NICOLAU,EM FRENTE A CASA DAS BATERIAS. CONCESSIONÁRIAS V8 PREMIUM.,IPSEP,SUBURBIO,COLISÃO TRANSVERSAL,Não informado,1.0,1.0,0.0,0.0,0.0,0.0,0.0,0.0,0.0,1.0,0.0,Cruzamento,Bom,Sem defeito,Perfeito estado,Seca,Perfeito estado,Agente,Não informado,60.0,Dupla,Canteiro central,Não informado,2021,1,12,1,8.0
2021-01-12,09:52:00,COM VÍTIMA,FINALIZADA,IPSEP,AV RECIFE,Não informado,E/F AO MARTELINHO DE OURO,IPSEP,Não informado,COLISÃO LATERAL,Não informado,0.0,0.0,0.0,0.0,0.0,1.0,1.0,0.0,0.0,1.0,0.0,Longo da via,Bom,Não existe,Perfeito estado,Seca,Perfeito estado,Não existe,Não há placas,60.0,Dupla,Faixa seccionada,Não informado,2021,1,12,1,9.0
2021-01-12,10:13:00,COM VÍTIMA,FINALIZADA,IPUTINGA,AV MAURICIO DE NASSAU,Não informado,E/F A AUTO FILME EQUIPADORA,IPUTINGA,Não informado,COLISÃO TRASEIRA,Não informado,1.0,1.0,0.0,0.0,0.0,0.0,0.0,0.0,0.0,1.0,0.0,Cruzamento,Bom,Não existe,Ilegível,Seca,Perfeito estado,Não existe,"Placas ""Pare""",60.0,Dupla,Faixa contínua,Não informado,2021,1,12,1,10.0
2021-01-12,10:18:00,COM VÍTIMA,FINALIZADA,ESPINHEIRO,RUA QUARENTA E OITO,Não informado,APOS O ESPAÇO VIDA SAUDAVEL,ESPINHEIRO,Não informado,COLISÃO LATERAL,Não informado,1.0,1.0,0.0,0.0,0.0,0.0,0.0,0.0,0.0,1.0,0.0,Longo da via,Bom,Não existe,Perfeito estado,Seca,Perfeito estado,Não existe,R-6a,60.0,Única,Faixa seccionada,Não informado,2021,1,12,1,10.0
2021-01-12,13:15:00,COM VÍTIMA,CANCELADA,TORRE,RUA REAL DA TORRE,RUA CONDE DE IRAJA,E/F AO EXTRABOM,TORRE,Não informado,COLISÃO,Não informado,0.0,1.0,0.0,0.0,0.0,0.0,0.0,0.0,0.0,1.0,0.0,Não informado,Não informado,Não informado,Não informado,Não informado,Não informado,Não informado,Não informado,60.0,Não informado,Não informado,Não informado,2021,1,12,1,13.0
2021-01-12,18:29:00,SEM VÍTIMA,FINALIZADA,SANTO AMARO,AV GOVERNADOR AGAMENON MAGALHAES,Não informado,E/F AO CAMPO DO ONZE,SANTO AMARO,Não informado,COLISÃO LATERAL,Não informado,2.0,0.0,0.0,0.0,0.0,0.0,0.0,0.0,0.0,0.0,0.0,Longo da via,Bom,Não existe,Perfeito estado,Seca,Perfeito estado,Não informado,Não há placas,60.0,Dupla,Canteiro central,Não informado,2021,1,12,1,18.0
2021-01-12,20:26:00,COM VÍTIMA,FINALIZADA,IMBIRIBEIRA,RUA ALAMEDA DAS HORTENCIAS,Não informado,PROX AO COLEGIO NOVO MOTIVO,IMBIRIBEIRA,Não informado,COLISÃO LATERAL,Não informado,1.0,1.0,0.0,0.0,0.0,0.0,0.0,0.0,0.0,1.0,0.0,Cruzamento,Bom,Não existe,Ilegível,Seca,Mal iluminada,Não existe,Não há placas,60.0,Dupla,Faixa seccionada,Não informado,2021,1,12,1,20.0
2021-01-12,22:06:40,COM VÍTIMA,FINALIZADA,IPSEP,AV RECIFE,Não informado,E/F AO POSTO SHELL / SEMÁFORO 055,IPSEP,Não informado,COLISÃO FRONTAL,Não informado,1.0,1.0,0.0,0.0,0.0,0.0,0.0,0.0,0.0,1.0,0.0,Não informado,Bom,Não existe,Não existente,Seca,Perfeito estado,Não existe,Não há placas,60.0,Não informado,Não existe,Não informado,2021,1,12,1,22.0
2021-01-13,10:48:00,SEM VÍTIMA,FINALIZADA,VÁRZEA,RUA GASTAO VIDIGAL,AV CAXANGA,SEMÁFORO Nº 281,VÁRZEA,CIDADE,CHOQUE,Não informado,0.0,0.0,0.0,0.0,0.0,1.0,0.0,0.0,0.0,0.0,0.0,Não informado,Bom,Sem defeito,Incompleta,Seca,Perfeito estado,Agente,Não há placas,60.0,Dupla,Faixa contínua,Não informado,2021,1,13,2,10.0
2021-01-13,11:12:00,COM VÍTIMA,FINALIZADA,MADALENA,RUA JOAO IVO DA SILVA,AV ENGENHEIRO ABDIAS DE CARVALHO,AO LADO DO HABIBS,MADALENA,CIDADE,COLISÃO TRANSVERSAL,Não informado,0.0,2.0,0.0,0.0,0.0,0.0,0.0,0.0,0.0,1.0,0.0,Cruzamento,Bom,Sem defeito,Incompleta,Seca,Perfeito estado,Faixa de pedestre,Não há placas,60.0,Única,Faixa seccionada,Não informado,2021,1,13,2,11.0
2021-01-13,13:48:00,SEM VÍTIMA,CANCELADA,SAN MARTIN,AV GENERAL SAN MARTIN,Não informado,EM FRENTE À FARMÁCIA DO TRABALHADOR,SAN MARTIN,Não informado,COLISÃO,Não informado,2.0,0.0,0.0,0.0,0.0,0.0,0.0,0.0,0.0,0.0,0.0,Não informado,Não informado,Não informado,Não informado,Não informado,Não informado,Não informado,Não informado,60.0,Não informado,Não informado,Não informado,2021,1,13,2,13.0
2021-01-13,14:30:00,COM VÍTIMA,FINALIZADA,PARNAMIRIM,RUA PROFESSORA AURORA SOARES,Não informado,PROX AO MUSEU MURILO LA GREGA,PARNAMIRIM,Não informado,COLISÃO LATERAL,Não informado,1.0,1.0,0.0,0.0,0.0,0.0,0.0,0.0,0.0,1.0,0.0,Longo da via,Bom,Não existe,Perfeito estado,Seca,Perfeito estado,Outros,Não há placas,60.0,Dupla,Faixa contínua,Não informado,2021,1,13,2,14.0
2021-01-13,14:59:00,COM VÍTIMA,FINALIZADA,IPUTINGA,AV CAXANGA,Não informado,EM FRENTE A FORD GRANVIA,IPUTINGA,Não informado,COLISÃO COM CICLISTA,Não informado,1.0,0.0,0.0,1.0,0.0,0.0,0.0,0.0,0.0,2.0,0.0,Longo da via,Bom,Sem defeito,Perfeito estado,Seca,Perfeito estado,Faixa de pedestre,Não há placas,60.0,Dupla,Canteiro central,Não informado,2021,1,13,2,14.0
2021-01-13,18:01:00,COM VÍTIMA,FINALIZADA,PINA,AV ANTONIO DE GOES,Não informado,EM FRENTE AO INTERNACIONAL TRADE CENTER,PINA,Não informado,COLISÃO TRASEIRA,Não informado,1.0,1.0,0.0,0.0,0.0,0.0,0.0,0.0,0.0,1.0,0.0,Longo da via,Bom,Não existe,Perfeito estado,Seca,Perfeito estado,Não existe,Não há placas,60.0,Única,Canteiro central,Não informado,2021,1,13,2,18.0
2021-01-13,17:59:00,COM VÍTIMA,FINALIZADA,BOA VIAGEM,RUA COSMORAMA,RUA BALTAZAR PASSOS,PROX TRAS DO COLEGIO MADRE DE DEUS,BOA VIAGEM,Não informado,COLISÃO LATERAL,Não informado,1.0,1.0,0.0,0.0,0.0,0.0,0.0,0.0,0.0,1.0,0.0,Esquina,Bom,Sem defeito,Perfeito estado,Seca,Perfeito estado,Faixa de pedestre,Outras,60.0,Dupla,Outros,Não informado,2021,1,13,2,17.0
2021-01-13,18:11:00,COM VÍTIMA,FINALIZADA,SANTO AMARO,RUA PALMARES,RUA TREZE DE MAIO,Não informado,SANTO AMARO,Não informado,COLISÃO LATERAL,Não informado,1.0,1.0,0.0,0.0,0.0,0.0,0.0,0.0,0.0,1.0,0.0,Cruzamento,Bom,Sem defeito,Perfeito estado,Seca,Perfeito estado,Faixa de pedestre,Não há placas,60.0,Dupla,Não existe,Não informado,2021,1,13,2,18.0
2021-01-13,18:27:00,COM VÍTIMA,FINALIZADA,BOA VIAGEM,RUA MARQUES DE VALENCA,Não informado,"EM FRENTE A IGREJA NOSSA SENHORA DE FÁTIMA, PROXIMO  DO RESTAURANTE ENTRE AMIGOS",BOA VIAGEM,Não informado,COLISÃO TRANSVERSAL,Não informado,1.0,1.0,0.0,0.0,0.0,0.0,0.0,0.0,0.0,1.0,0.0,Cruzamento,Bom,Não existe,Perfeito estado,Seca,Perfeito estado,Faixa de pedestre,Não há placas,60.0,Dupla,Faixa seccionada,Não informado,2021,1,13,2,18.0
2021-01-13,20:48:00,COM VÍTIMA,FINALIZADA,TEJIPIÓ,RUA FALCAO DE LACERDA,Não informado,"NA ENTRADA DA ESTAÇÃO DO METRÔ COQUEIRAL, AO LADO DA ASSEMBLEIA DE DEUS, AO LADO DA PIZZARIA  E CASA DE MASSAS",TEJIPIÓ,Não informado,COLISÃO LATERAL,Não informado,1.0,1.0,0.0,0.0,0.0,0.0,1.0,0.0,0.0,1.0,0.0,Longo da via,Bom,Sem defeito,Perfeito estado,Seca,Perfeito estado,Faixa de pedestre,Outras,50.0,Dupla,Faixa contínua,Não informado,2021,1,13,2,20.0
2021-01-14,07:21:00,COM VÍTIMA,FINALIZADA,CORDEIRO,RUA GOMES TABORDA,Não informado,EM FRENTE A CERVEJARIA VAPOR 82,CORDEIRO,Não informado,COLISÃO COM CICLISTA,Não informado,1.0,0.0,0.0,1.0,0.0,0.0,0.0,0.0,0.0,1.0,0.0,Longo da via,Bom,Não existe,Perfeito estado,Seca,Perfeito estado,Não existe,Outras,60.0,Dupla,Faixa seccionada,Não informado,2021,1,14,3,7.0
2021-01-14,07:29:00,SEM VÍTIMA,FINALIZADA,SANTO AMARO,AV CRUZ CABUGA,Não informado,E/F A CASA DA INDUSTRIA,SANTO AMARO,Não informado,COLISÃO LATERAL,Não informado,2.0,0.0,0.0,0.0,0.0,0.0,0.0,0.0,0.0,0.0,0.0,Longo da via,Bom,Não existe,Perfeito estado,Seca,Perfeito estado,Não existe,Não há placas,60.0,Dupla,Faixa contínua,Não informado,2021,1,14,3,7.0
2021-01-14,09:22:00,SEM VÍTIMA,FINALIZADA,ÁGUA FRIA,AV BEBERIBE,Não informado,Não informado,ÁGUA FRIA,Não informado,COLISÃO LATERAL,Não informado,0.0,0.0,0.0,0.0,0.0,1.0,1.0,0.0,0.0,0.0,0.0,Longo da via,Bom,Sem defeito,Perfeito estado,Seca,Perfeito estado,Outros,Outras,60.0,Dupla,Faixa contínua,Não informado,2021,1,14,3,9.0
2021-01-14,12:34:00,COM VÍTIMA,CANCELADA,ILHA DO LEITE,RUA MINAS GERAIS,Não informado,E/F A PRAÇA FERNANDES FIGUEIRA POR TRAS DO IMIP,ILHA DO LEITE,Não informado,COLISÃO,Não informado,1.0,1.0,0.0,0.0,0.0,0.0,0.0,0.0,0.0,1.0,0.0,Não informado,Não informado,Não informado,Não informado,Não informado,Não informado,Não informado,Não informado,60.0,Não informado,Não informado,Não informado,2021,1,14,3,12.0
2021-01-14,16:25:00,COM VÍTIMA,FINALIZADA,SANTO AMARO,AV PREFEITO ARTUR LIMA CAVALCANTI,Não informado,APOS O HOSPITAL DE COVID,SANTO AMARO,Não informado,COLISÃO LATERAL,Não informado,1.0,1.0,0.0,0.0,0.0,0.0,0.0,0.0,0.0,1.0,0.0,Longo da via,Bom,Não existe,Perfeito estado,Seca,Perfeito estado,Não existe,R-6a,60.0,Dupla,Canteiro central,Não informado,2021,1,14,3,16.0
2021-01-14,20:46:00,COM VÍTIMA,FINALIZADA,BOA VIAGEM,AV ENGENHEIRO DOMINGOS FERREIRA,Não informado,PROX AO BANCO SANTADER,BOA VIAGEM,Não informado,COLISÃO TRASEIRA,Não informado,2.0,0.0,0.0,0.0,0.0,0.0,0.0,0.0,0.0,1.0,0.0,Longo da via,Bom,Sem defeito,Perfeito estado,Seca,Perfeito estado,Faixa de pedestre,Outras,60.0,Única,Faixa seccionada,Não informado,2021,1,14,3,20.0
2021-01-14,20:30:40,COM VÍTIMA,FINALIZADA,AREIAS,AV DR JOSE RUFINO,RUA JOSE NATARIO,SEMÁFORO 044 / ENTRADA DE AREIAS E E/F AO POSTO SHELL,AREIAS,Não informado,COLISÃO TRANSVERSAL,Não informado,1.0,1.0,0.0,0.0,0.0,0.0,0.0,0.0,0.0,1.0,0.0,Cruzamento,Bom,Sem defeito,Perfeito estado,Seca,Perfeito estado,Faixa de pedestre,R-6a,40.0,Dupla,Faixa contínua,Não informado,2021,1,14,3,20.0
2021-01-14,23:09:40,COM VÍTIMA,FINALIZADA,BOA VIAGEM,AVENIDA CELSO FURTADO (VIA MANGUE),Não informado,PROXIMO AO RETORNO SENTIDO BOA VIAGEM,BOA VIAGEM,SUBURBIO,COLISÃO COM CICLISTA,Não informado,0.0,1.0,0.0,3.0,0.0,0.0,0.0,0.0,0.0,4.0,0.0,Longo da via,Bom,Não existe,Perfeito estado,Seca,Perfeito estado,Não existe,Outras,60.0,Única,Faixa contínua,Não informado,2021,1,14,3,23.0
2021-01-15,00:37:00,COM VÍTIMA,FINALIZADA,TAMARINEIRA,EST VELHA DE AGUA FRIA,Não informado,COM A AV PROFº JOSÉ DOS ANJOS,TAMARINEIRA,CIDADE,COLISÃO FRONTAL,Não informado,1.0,0.0,1.0,0.0,0.0,0.0,0.0,0.0,0.0,1.0,0.0,Cruzamento,Bom,Sem defeito,Perfeito estado,Seca,Perfeito estado,Faixa de pedestre,Não informado,60.0,Única,Canteiro central,Não informado,2021,1,15,4,0.0
2021-01-15,12:01:00,COM VÍTIMA,FINALIZADA,MADALENA,AV VISCONDE DE ALBUQUERQUE,RUA LOPES DE CARVALHO,Não informado,MADALENA,Não informado,COLISÃO TRANSVERSAL,Não informado,1.0,0.0,1.0,0.0,0.0,0.0,0.0,0.0,0.0,1.0,0.0,Longo da via,Bom,Não existe,Perfeito estado,Seca,Perfeito estado,Não existe,Não há placas,60.0,Única,Faixa seccionada,Não informado,2021,1,15,4,12.0
2021-01-15,16:14:00,COM VÍTIMA,FINALIZADA,TEJIPIÓ,AV DR JOSE RUFINO,Não informado,EM FRENTE À ESTAÇÃO DE TEJIPIÓ,TEJIPIÓ,Não informado,COLISÃO TRANSVERSAL,Não informado,1.0,1.0,0.0,0.0,0.0,0.0,0.0,0.0,0.0,2.0,0.0,Longo da via,Bom,Sem defeito,Perfeito estado,Seca,Perfeito estado,Não existe,R-6a,60.0,Dupla,Faixa contínua,Não informado,2021,1,15,4,16.0
2021-01-15,17:02:00,COM VÍTIMA,FINALIZADA,SÃO JOSÉ,AV ENGENHEIRO JOSE ESTELITA,Não informado,ANTES DO VIADUTO CAPITÃO TEMUDO,SÃO JOSÉ,SUB,COLISÃO TRANSVERSAL,Não informado,0.0,0.0,1.0,0.0,0.0,0.0,1.0,0.0,0.0,1.0,0.0,Longo da via,Bom,Não existe,Perfeito estado,Seca,Perfeito estado,Faixa de pedestre,Não informado,60.0,Dupla,Canteiro central,Não informado,2021,1,15,4,17.0
2021-01-15,17:04:00,SEM VÍTIMA,FINALIZADA,BOA VIAGEM,RUA PADRE BERNADINO PESSOA,RUA DOS NAVEGANTES,Não informado,BOA VIAGEM,Não informado,COLISÃO,Não informado,1.0,0.0,1.0,0.0,0.0,0.0,0.0,0.0,0.0,0.0,0.0,Não informado,Não informado,Não informado,Não informado,Não informado,Não informado,Não informado,Não informado,60.0,Não informado,Não informado,Não informado,2021,1,15,4,17.0
2021-01-15,17:12:00,SEM VÍTIMA,FINALIZADA,IMBIRIBEIRA,RUA SAO JUDAS TADEU,RUA PROF PEDRO AUGUSTO CARNEIRO LEAO,Não informado,IMBIRIBEIRA,Não informado,COLISÃO TRANSVERSAL,Não informado,2.0,0.0,0.0,0.0,0.0,0.0,0.0,0.0,0.0,0.0,0.0,Não informado,Bom,Não existe,Não existente,Seca,Perfeito estado,Não existe,Não há placas,60.0,Dupla,Não existe,Não informado,2021,1,15,4,17.0
2021-01-15,20:31:00,COM VÍTIMA,FINALIZADA,SAN MARTIN,AV GENERAL SAN MARTIN,AV CONSUL VILARES FRAGOSO,PRÓX AO QUARTEL DA CAVALARIA,SAN MARTIN,Não informado,COLISÃO COM CICLISTA,Não informado,1.0,0.0,0.0,1.0,0.0,0.0,0.0,0.0,0.0,1.0,0.0,Cruzamento,Bom,Sem defeito,Perfeito estado,Seca,Perfeito estado,Faixa de pedestre,Não há placas,60.0,Dupla,Faixa contínua,Não informado,2021,1,15,4,20.0
2021-01-15,21:55:40,SEM VÍTIMA,FINALIZADA,GUABIRABA,RUA Z,Não informado,"AO LADO DO POSTO DE GASOLINA "" ECO POSTO"" SERRA II",GUABIRABA,SUBURBIO,CHOQUE,Não informado,0.0,0.0,0.0,0.0,0.0,0.0,0.0,1.0,1.0,0.0,0.0,Longo da via,Bom,Não existe,Não existente,Seca,Mal iluminada,Não existe,Não há placas,60.0,Dupla,Não existe,Não informado,2021,1,15,4,21.0
2021-01-15,22:15:40,COM VÍTIMA,FINALIZADA,ESPINHEIRO,RUA DO ESPINHEIRO,RUA SANTO ELIAS,PRÓX AO POSTO DE COMBUSTÍVEL YPIRANGA,ESPINHEIRO,Não informado,COLISÃO TRANSVERSAL,Não informado,1.0,2.0,0.0,0.0,0.0,0.0,0.0,0.0,0.0,2.0,0.0,Cruzamento,Bom,Não existe,Perfeito estado,Seca,Perfeito estado,Faixa de pedestre,"Placas ""Pare""",60.0,Dupla,Faixa seccionada,Não informado,2021,1,15,4,22.0
2021-01-16,04:00:00,COM VÍTIMA,CANCELADA,BOA VIAGEM,RUA BARAO DE SOUZA LEAO,Não informado,EM  FRENTE  AO  HOSPITAL   ALFA,BOA VIAGEM,Não informado,CHOQUE,Não informado,0.0,0.0,0.0,0.0,0.0,1.0,0.0,0.0,0.0,1.0,0.0,Não informado,Não informado,Não informado,Não informado,Não informado,Não informado,Não informado,Não informado,60.0,Não informado,Não informado,Não informado,2021,1,16,5,4.0
2021-01-16,07:34:00,SEM VÍTIMA,FINALIZADA,IMBIRIBEIRA,AV MARECHAL MASCARENHAS DE MORAES,Não informado,EM FRENTE A FARMACIA PAGUE MENOS,IMBIRIBEIRA,SUBURBIO,COLISÃO TRASEIRA,Não informado,2.0,0.0,0.0,0.0,0.0,0.0,0.0,0.0,0.0,0.0,0.0,Longo da via,Bom,Sem defeito,Perfeito estado,Seca,Perfeito estado,Não existe,Não há placas,60.0,Dupla,Canteiro central,Não informado,2021,1,16,5,7.0
2021-01-16,13:41:00,COM VÍTIMA,CANCELADA,SANTO AMARO,PTE DO LIMOEIRO,Não informado,PROXIMO AO HOSPITAL  PROVISORIO,SANTO AMARO,Não informado,COLISÃO,Não informado,1.0,1.0,0.0,0.0,0.0,0.0,0.0,0.0,0.0,1.0,0.0,Não informado,Não informado,Não informado,Não informado,Não informado,Não informado,Não informado,Não informado,60.0,Não informado,Não informado,Não informado,2021,1,16,5,13.0
2021-01-16,18:49:00,SEM VÍTIMA,CANCELADA,TORRE,RUA JOSE BONIFACIO,Não informado,E/F AO POSOT IPIRANGA/ APOS O HOSPITAL DE AVILLA,TORRE,Não informado,COLISÃO,Não informado,2.0,0.0,0.0,0.0,0.0,0.0,0.0,0.0,0.0,0.0,0.0,Não informado,Não informado,Não informado,Não informado,Não informado,Não informado,Não informado,Não informado,60.0,Não informado,Não informado,Não informado,2021,1,16,5,18.0
2021-01-17,00:05:00,COM VÍTIMA,FINALIZADA,BOA VIAGEM,AV ENGENHEIRO DOMINGOS FERREIRA,RUA ALEXANDRINO MARTINS RODRIGUES,E/F AO BOMPREÇO,BOA VIAGEM,Não informado,COLISÃO LATERAL,Não informado,1.0,1.0,0.0,0.0,0.0,0.0,0.0,0.0,0.0,1.0,0.0,Longo da via,Bom,Sem defeito,Perfeito estado,Seca,Perfeito estado,Faixa de pedestre,Não informado,60.0,Única,Faixa contínua,Não informado,2021,1,17,6,0.0
2021-01-17,01:14:00,SEM VÍTIMA,CANCELADA,JORDÃO,RUA DR ALVARO FERRAZ,Não informado,"QUADRA ""C"" - PRÓXIMO NUCLEO POLICIAL E AO MERCADINHO LEVE MAIS",JORDÃO,Não informado,CHOQUE,Não informado,1.0,0.0,0.0,0.0,0.0,0.0,1.0,0.0,0.0,0.0,0.0,Não informado,Não informado,Não informado,Não informado,Não informado,Não informado,Não informado,Não informado,60.0,Não informado,Não informado,Não informado,2021,1,17,6,1.0