data,hora,natureza_acidente,situacao,bairro,endereco,detalhe_endereco_acidente,complemento,bairro_cruzamento,sentido_via,tipo,descricao,auto,moto,ciclom,ciclista,pedestre,onibus,caminhao,viatura,outros,vitimas,vitimasfatais,acidente_verificado,tempo_clima,situacao_semaforo,sinalizacao,condicao_via,conservacao_via,ponto_controle,situacao_placa,velocidade_max_via,mao_direcao,divisao_via1,natureza,ano,mes,dia,dia_semana,hora_ocorrencia
2021-01-17,07:20:00,COM VÍTIMA,FINALIZADA,SÃO JOSÉ,C SANTA RITA,Não informado,APÓS O CUBE DE AMADORES DE PESCA VIRIATO DE MEDEIROS,SÃO JOSÉ,CIDADE,CHOQUE,Não informado,1.0,0.0,0.0,0.0,0.0,0.0,0.0,0.0,0.0,1.0,0.0,Longo da via,Bom,Não existe,Perfeito estado,Seca,Perfeito estado,Não existe,Não há placas,60.0,Dupla,Canteiro central,Não informado,2021,1,17,6,7.0
2021-01-17,11:57:00,SEM VÍTIMA,CANCELADA,MADALENA,AV JOSE GONCALVES DE MEDEIROS,Não informado,EM FRENTE A PORTO SEGURO,MADALENA,Não informado,CHOQUE,Não informado,1.0,0.0,0.0,0.0,0.0,0.0,0.0,0.0,0.0,0.0,0.0,Não informado,Não informado,Não informado,Não informado,Não informado,Não informado,Não informado,Não informado,60.0,Não informado,Não informado,Não informado,2021,1,17,6,11.0
2021-01-17,15:27:00,COM VÍTIMA,FINALIZADA,MADALENA,EST DOS REMEDIOS,RUA BENFICA,EM FRENTE À POLICLÍNICA LESSA DE ANDRADE,MADALENA,Não informado,COLISÃO TRANSVERSAL,Não informado,0.0,2.0,0.0,0.0,0.0,0.0,0.0,0.0,0.0,2.0,0.0,Cruzamento,Bom,Sem defeito,Perfeito estado,Seca,Perfeito estado,Faixa de pedestre,R-6a,60.0,Única,Faixa contínua,Não informado,2021,1,17,6,15.0
2021-01-17,17:38:00,COM VÍTIMA,CANCELADA,MADALENA,RUA NOBRE DE LACERDA,RUA DR JOSE MARCELINO,PROX A LOJA NAGEM DA MADALENA,MADALENA,Não informado,COLISÃO,Não informado,1.0,1.0,0.0,0.0,0.0,0.0,0.0,0.0,0.0,2.0,0.0,Não informado,Não informado,Não informado,Não informado,Não informado,Não informado,Não informado,Não informado,60.0,Não informado,Não informado,Não informado,2021,1,17,6,17.0
2021-01-17,19:10:00,COM VÍTIMA,FINALIZADA,MUSTARDINHA,AV MANOEL GONCALVES DA LUZ,Não informado,"EM FRENTE AO POSTO DE COMBUSTIVEIS TOTAL, PROXIMO DO VAREJÃO DO POVO",MUSTARDINHA,Não informado,ATROPELAMENTO,Não informado,0.0,0.0,0.0,0.0,1.0,1.0,0.0,0.0,0.0,1.0,0.0,Longo da via,Bom,Não existe,Perfeito estado,Seca,Perfeito estado,Não existe,Não há placas,60.0,Dupla,Faixa seccionada,Não informado,2021,1,17,6,19.0
2021-01-17,19:18:00,COM VÍTIMA,FINALIZADA,AREIAS,AV RECIFE,Não informado,"APOS O HOSPITAL DO IDOSO, PROXIMO DO HIPER BOM PREÇO, SENTIDO CIDADE UNIVERSITARIA",AREIAS,Não informado,COLISÃO LATERAL,Não informado,1.0,1.0,0.0,0.0,0.0,0.0,0.0,0.0,0.0,1.0,0.0,Longo da via,Bom,Não existe,Perfeito estado,Seca,Perfeito estado,Não existe,Não há placas,60.0,Dupla,Faixa seccionada,Não informado,2021,1,17,6,19.0
2021-01-17,20:58:00,SEM VÍTIMA,FINALIZADA,PINA,AV ENGENHEIRO DOMINGOS FERREIRA,Não informado,CONFRARIA DA BARBA,PINA,SUBURBIO,COLISÃO TRASEIRA,Não informado,2.0,0.0,0.0,0.0,0.0,0.0,0.0,0.0,0.0,0.0,0.0,Longo da via,Bom,Sem defeito,Perfeito estado,Seca,Perfeito estado,Faixa de pedestre,R-6a,60.0,Única,Faixa seccionada,Não informado,2021,1,17,6,20.0
2021-01-17,21:32:40,SEM VÍTIMA,FINALIZADA,CASA AMARELA,RUA PADRE LEMOS,Não informado,"EM FRENTE AO MERCADO DE CASA AMARELA, LADO OPOSTO AO Nº 30",CASA AMARELA,SUBURBIO,COLISÃO LATERAL,Não informado,0.0,1.0,0.0,0.0,0.0,0.0,0.0,1.0,0.0,0.0,0.0,Longo da via,Bom,Sem defeito,Perfeito estado,Seca,Perfeito estado,Não informado,Não informado,60.0,Dupla,Não existe,Não informado,2021,1,17,6,21.0
2021-01-17,22:13:40,COM VÍTIMA,CANCELADA,BARRO,RUA ANDRE DIAS FIGUEREDO,Não informado,AO LADO DO BARRO SOCIETY,BARRO,Não informado,COLISÃO,Não informado,1.0,1.0,0.0,0.0,0.0,0.0,0.0,0.0,0.0,1.0,0.0,Não informado,Não informado,Não informado,Não informado,Não informado,Não informado,Não informado,Não informado,60.0,Não informado,Não informado,Não informado,2021,1,17,6,22.0
2021-01-17,22:55:40,COM VÍTIMA,CANCELADA,PINA,AV BOA VIAGEM,Não informado,PRÓXIMO AO JCPM,PINA,Não informado,CHOQUE,Não informado,0.0,0.0,0.0,0.0,0.0,0.0,0.0,0.0,0.0,1.0,0.0,Não informado,Não informado,Não informado,Não informado,Não informado,Não informado,Não informado,Não informado,60.0,Não informado,Não informado,Não informado,2021,1,17,6,22.0
2021-01-18,08:08:00,COM VÍTIMA,FINALIZADA,CASA AMARELA,RUA PADRE LEMOS,Não informado,Não informado,CASA AMARELA,Não informado,COLISÃO LATERAL,Não informado,1.0,1.0,0.0,0.0,0.0,0.0,0.0,0.0,0.0,1.0,0.0,Longo da via,Bom,Não existe,Perfeito estado,Seca,Perfeito estado,Não existe,R-6a,60.0,Dupla,Faixa seccionada,Não informado,2021,1,18,0,8.0
2021-01-18,15:34:00,COM VÍTIMA,FINALIZADA,SANTO AMARO,RUA BISPO CARDOSO AYRES,RUA BERNARDO GUIMARAES,Não informado,SANTO AMARO,Não informado,COLISÃO LATERAL,Não informado,1.0,1.0,0.0,0.0,0.0,0.0,0.0,0.0,0.0,1.0,0.0,Cruzamento,Bom,Não existe,Perfeito estado,Seca,Perfeito estado,Faixa de pedestre,Outras,60.0,Única,Não existe,Não informado,2021,1,18,0,15.0
2021-01-18,22:46:40,SEM VÍTIMA,CANCELADA,ROSARINHO,AV NORTE,RUA GENERAL ABREU E LIMA,CRUZAMENTO C/A RUA GENERAL ABREU E LIMA - SENTIDO SUB/CID,ROSARINHO,CIDADE,COLISÃO,Não informado,1.0,1.0,0.0,0.0,0.0,0.0,0.0,0.0,0.0,0.0,0.0,Não informado,Não informado,Não informado,Não informado,Não informado,Não informado,Não informado,Não informado,60.0,Não informado,Não informado,Não informado,2021,1,18,0,22.0
2021-01-19,03:22:00,COM VÍTIMA,FINALIZADA,BARRO,AV DR JOSE RUFINO,Não informado,SOBRE O VIADUTO DO BARRO,BARRO,CIDADE,COLISÃO TRANSVERSAL,Não informado,0.0,1.0,0.0,0.0,0.0,1.0,0.0,0.0,0.0,1.0,0.0,Cruzamento,Bom,Não existe,Ilegível,Seca,Mal conservada,Não existe,Não informado,60.0,Dupla,Não existe,Não informado,2021,1,19,1,3.0
2021-01-19,07:42:00,COM VÍTIMA,FINALIZADA,CASA AMARELA,EST DO ARRAIAL,Não informado,EM FRENTE DO CLUB AMERICA,CASA AMARELA,Não informado,COLISÃO TRASEIRA,Não informado,1.0,1.0,0.0,0.0,0.0,0.0,0.0,0.0,0.0,1.0,0.0,Longo da via,Nublado,Não existe,Não informado,Seca,Perfeito estado,Não existe,Outras,60.0,Única,Faixa seccionada,Não informado,2021,1,19,1,7.0
2021-01-19,08:56:00,COM VÍTIMA,DUPLICIDADE,ILHA DO RETIRO,RUA SPORT CLUBE DO RECIFE,Não informado,Não informado,ILHA DO RETIRO,Não informado,COLISÃO,Não informado,0.0,0.0,0.0,0.0,0.0,0.0,0.0,0.0,0.0,1.0,0.0,Não informado,Não informado,Não informado,Não informado,Não informado,Não informado,Não informado,Não informado,60.0,Não informado,Não informado,Não informado,2021,1,19,1,8.0
2021-01-19,08:58:00,COM VÍTIMA,FINALIZADA,ILHA DO RETIRO,AV ENGENHEIRO ABDIAS DE CARVALHO,Não informado,EM FRENTE A ILHA DO RETIRO,ILHA DO RETIRO,Não informado,COLISÃO,Não informado,1.0,1.0,0.0,0.0,0.0,0.0,0.0,0.0,0.0,1.0,0.0,Não informado,Não informado,Não informado,Não informado,Não informado,Não informado,Não informado,Não informado,60.0,Não informado,Não informado,Não informado,2021,1,19,1,8.0
2021-01-19,09:45:00,COM VÍTIMA,FINALIZADA,BOA VIAGEM,AV BOA VIAGEM,Não informado,EAO LADO DO PRAZA HOTEL,BOA VIAGEM,Não informado,COLISÃO TRASEIRA,Não informado,1.0,1.0,0.0,0.0,0.0,0.0,0.0,0.0,0.0,1.0,0.0,Longo da via,Bom,Sem defeito,Perfeito estado,Seca,Perfeito estado,Faixa de pedestre,R-6a,60.0,Única,Faixa contínua,Não informado,2021,1,19,1,9.0
2021-01-19,10:33:00,SEM VÍTIMA,CANCELADA,MACAXEIRA,AV NORTE,RUA DE APIPUCOS,EM FRENTE A PRAÇA DA MACAXEIRA,MACAXEIRA,Não informado,ENGAVETAMENTO,Não informado,5.0,0.0,0.0,0.0,0.0,0.0,0.0,1.0,0.0,0.0,0.0,Não informado,Não informado,Não informado,Não informado,Não informado,Não informado,Não informado,Não informado,60.0,Não informado,Não informado,Não informado,2021,1,19,1,10.0
2021-01-19,10:49:00,COM VÍTIMA,FINALIZADA,MACAXEIRA,AV NORTE,Não informado,EM FRENTE A ACADEMIA DA CIDADE,MACAXEIRA,Não informado,COLISÃO TRASEIRA,Não informado,1.0,4.0,0.0,0.0,0.0,0.0,2.0,0.0,0.0,1.0,0.0,Longo da via,Bom,Sem defeito,Perfeito estado,Seca,Perfeito estado,Faixa de retenção,Outras,60.0,Dupla,Canteiro central,Não informado,2021,1,19,1,10.0
2021-01-19,11:39:00,COM VÍTIMA,FINALIZADA,TORRE,RUA REAL DA TORRE,Não informado,REALIZAR DA UMA VARREDUIRA NO LOCAL DO BAIRRO DA MADALENA ATÉ O BAIRRO DA TORRE,TORRE,Não informado,COLISÃO,Não informado,2.0,0.0,0.0,0.0,0.0,0.0,0.0,0.0,0.0,1.0,0.0,Não informado,Não informado,Não informado,Não informado,Não informado,Não informado,Não informado,Não informado,60.0,Não informado,Não informado,Não informado,2021,1,19,1,11.0
2021-01-19,14:31:00,COM VÍTIMA,FINALIZADA,DERBY,AV GOVERNADOR AGAMENON MAGALHAES,Não informado,PRÓX AO AMERICANO BATISTA,DERBY,SUBURBIO,COLISÃO LATERAL,Não informado,1.0,1.0,0.0,0.0,0.0,0.0,0.0,0.0,0.0,1.0,0.0,Cruzamento,Bom,Sem defeito,Perfeito estado,Seca,Perfeito estado,Agente,R-4a,60.0,Dupla,Canteiro central,Não informado,2021,1,19,1,14.0
2021-01-19,14:57:00,COM VÍTIMA,FINALIZADA,SÃO JOSÉ,RUA IMPERIAL,Não informado,PRÓX À PERNAMBUCO ALUMÍNIO,SÃO JOSÉ,Não informado,COLISÃO TRASEIRA,Não informado,1.0,1.0,0.0,0.0,0.0,0.0,0.0,0.0,0.0,2.0,0.0,Longo da via,Bom,Sem defeito,Perfeito estado,Seca,Perfeito estado,Não existe,Não há placas,60.0,Única,Não existe,Não informado,2021,1,19,1,14.0
2021-01-19,15:54:00,COM VÍTIMA,FINALIZADA,CABANGA,VDO PAPA JOAO PAULO II,PRC GOVERNADOR PAULO GUERRA,AO LADO DO CABANGA IAT CLUBE,CABANGA,Não informado,COLISÃO LATERAL,Não informado,1.0,1.0,0.0,0.0,0.0,0.0,0.0,0.0,0.0,1.0,0.0,Longo da via,Bom,Não existe,Incompleta,Seca,Perfeito estado,Não existe,Não há placas,60.0,Única,Faixa contínua,Não informado,2021,1,19,1,15.0
2021-01-19,16:43:00,COM VÍTIMA,FINALIZADA,BOA VISTA,AV GOVERNADOR AGAMENON MAGALHAES,Não informado,AV. GOV. AGAMENON MAGALHAES,BOA VISTA,OLINDA,CAPOTAMENTO,Não informado,0.0,1.0,0.0,0.0,0.0,0.0,0.0,0.0,0.0,1.0,0.0,Cruzamento,Bom,Sem defeito,Perfeito estado,Seca,Perfeito estado,Faixa de pedestre,Não há placas,60.0,Única,Faixa seccionada,Não informado,2021,1,19,1,16.0
2021-01-19,17:42:00,COM VÍTIMA,FINALIZADA,VÁRZEA,AV AFONSO OLINDENSE,Não informado,"SENTINDO INDO PRA CAXAGA, LOGO APOS O COLISEU",VÁRZEA,Não informado,COLISÃO COM CICLISTA,Não informado,0.0,1.0,0.0,1.0,0.0,0.0,0.0,0.0,0.0,2.0,0.0,Longo da via,Bom,Não existe,Perfeito estado,Seca,Perfeito estado,Não existe,Outras,40.0,Dupla,Faixa seccionada,Não informado,2021,1,19,1,17.0
2021-01-19,21:27:40,SEM VÍTIMA,CANCELADA,MACAXEIRA,AV NORTE,Não informado,PROX AO TERMINAL DA MACAXEIRA,MACAXEIRA,Não informado,CHOQUE,Não informado,1.0,0.0,0.0,0.0,0.0,0.0,0.0,0.0,0.0,0.0,0.0,Não informado,Não informado,Não informado,Não informado,Não informado,Não informado,Não informado,Não informado,60.0,Não informado,Não informado,Não informado,2021,1,19,1,21.0
2021-01-19,21:31:40,COM VÍTIMA,FINALIZADA,SANTO ANTÔNIO,PTE PRINCESA IZABEL,Não informado,COLISÃO ENVOLVENDO VT DA CTTU NÚMERO 27,SANTO ANTÔNIO,Não informado,COLISÃO COM CICLISTA,Não informado,0.0,0.0,0.0,1.0,0.0,0.0,0.0,1.0,0.0,1.0,0.0,Longo da via,Chuvoso,Não existe,Perfeito estado,Molhada,Perfeito estado,Não existe,Não há placas,60.0,Dupla,Faixa contínua,Não informado,2021,1,19,1,21.0
2021-01-20,12:37:00,COM VÍTIMA,FINALIZADA,VÁRZEA,RUA AGRICOLANDIA,RUA PROFESSOR ANTONIO COELHO,EDF. RIO TAPAJÓS,VÁRZEA,Não informado,COLISÃO LATERAL,Não informado,1.0,1.0,0.0,0.0,0.0,0.0,0.0,0.0,0.0,1.0,0.0,Cruzamento,Bom,Não existe,Incompleta,Seca,Perfeito estado,Não existe,"Placas ""Pare""",60.0,Dupla,Faixa seccionada,Não informado,2021,1,20,2,12.0
2021-01-20,14:12:00,COM VÍTIMA,FINALIZADA,ARRUDA,AV BEBERIBE,Não informado,AO LADO DO LOJAO DO PETROLEO,ARRUDA,Não informado,COLISÃO COM CICLISTA,Não informado,0.0,0.0,0.0,1.0,0.0,1.0,0.0,0.0,0.0,1.0,0.0,Longo da via,Bom,Sem defeito,Perfeito estado,Seca,Perfeito estado,Faixa de pedestre,Outras,60.0,Dupla,Faixa contínua,Não informado,2021,1,20,2,14.0
2021-01-20,17:09:00,SEM VÍTIMA,FINALIZADA,SOLEDADE,RUA DA SOLEDADE,Não informado,E/F A IGREJA DA SOLEDADE,SOLEDADE,Não informado,COLISÃO LATERAL,Não informado,1.0,0.0,0.0,0.0,0.0,0.0,1.0,0.0,0.0,0.0,0.0,Longo da via,Bom,Sem defeito,Perfeito estado,Seca,Perfeito estado,Não informado,Não há placas,40.0,Única,Não informado,Não informado,2021,1,20,2,17.0
2021-01-20,21:07:40,COM VÍTIMA,CANCELADA,IMBIRIBEIRA,AV MARECHAL MASCARENHAS DE MORAES,Não informado,E/F AO AEROPORTO / NA ÁREA DE DESEMBARQUE,IMBIRIBEIRA,Não informado,COLISÃO,Não informado,1.0,1.0,0.0,0.0,0.0,0.0,0.0,0.0,0.0,1.0,0.0,Não informado,Não informado,Não informado,Não informado,Não informado,Não informado,Não informado,Não informado,60.0,Não informado,Não informado,Não informado,2021,1,20,2,21.0
2021-01-21,05:01:00,COM VÍTIMA,FINALIZADA,DERBY,AV GOVERNADOR AGAMENON MAGALHAES,AV RUI BARBOSA,CRUZAMENTO C/AV RUI BARBOSA - SENTIDO BOA VIAGEM,DERBY,Não informado,CHOQUE,Não informado,0.0,1.0,0.0,0.0,0.0,0.0,0.0,0.0,0.0,2.0,0.0,Não informado,Não informado,Não informado,Não informado,Não informado,Não informado,Não informado,Não informado,60.0,Não informado,Não informado,Não informado,2021,1,21,3,5.0
2021-01-21,09:30:00,COM VÍTIMA,FINALIZADA,IBURA,AV DOIS RIOS,Não informado,EM FRENTE AO PET SHOP CÃOBELELEIRO / POSTO PETRONAC,IBURA,Não informado,ATROPELAMENTO,Não informado,0.0,1.0,0.0,0.0,1.0,0.0,0.0,0.0,0.0,3.0,0.0,Longo da via,Bom,Não existe,Perfeito estado,Seca,Perfeito estado,Não existe,R-6a,60.0,Dupla,Faixa contínua,Não informado,2021,1,21,3,9.0
2021-01-21,10:36:00,COM VÍTIMA,FINALIZADA,CABANGA,AV ENGENHEIRO JOSE ESTELITA,Não informado,EMBAIXO DO VIADUTO DO CABANGA,CABANGA,Não informado,COLISÃO LATERAL,Não informado,1.0,1.0,0.0,0.0,0.0,0.0,0.0,0.0,0.0,1.0,0.0,Longo da via,Bom,Não existe,Perfeito estado,Seca,Perfeito estado,Não existe,Não há placas,60.0,Única,Não existe,Não informado,2021,1,21,3,10.0
2021-01-21,13:36:00,COM VÍTIMA,FINALIZADA,ARRUDA,RUA DO TRIUNFO,RUA BOM CONSELHO,PRÓX À LOJA DA NATURA,ARRUDA,Não informado,COLISÃO TRANSVERSAL,Não informado,0.0,2.0,0.0,0.0,0.0,0.0,0.0,0.0,0.0,1.0,0.0,Cruzamento,Bom,Não existe,Não existente,Seca,Perfeito estado,Não existe,Não há placas,60.0,Dupla,Não existe,Não informado,2021,1,21,3,13.0
2021-01-21,15:38:00,SEM VÍTIMA,CANCELADA,PINA,AV REPUBLICA DO LIBANO,Não informado,PRÓX AO SHOPPING RIO MAR,PINA,Não informado,COLISÃO,Não informado,2.0,0.0,0.0,0.0,0.0,0.0,0.0,0.0,0.0,0.0,0.0,Não informado,Não informado,Não informado,Não informado,Não informado,Não informado,Não informado,Não informado,60.0,Não informado,Não informado,Não informado,2021,1,21,3,15.0
2021-01-21,15:47:00,SEM VÍTIMA,FINALIZADA,SANTO ANTÔNIO,PTE PRINCESA IZABEL,Não informado,TEATRO DE SANTA ISABEL,SANTO ANTÔNIO,CIDADE,COLISÃO TRASEIRA,Não informado,2.0,0.0,0.0,0.0,0.0,0.0,0.0,0.0,0.0,0.0,0.0,Ponte,Bom,Não existe,Perfeito estado,Seca,Perfeito estado,Não existe,Não há placas,60.0,Dupla,Faixa contínua,Não informado,2021,1,21,3,15.0
2021-01-21,21:49:40,COM VÍTIMA,FINALIZADA,CASA FORTE,AV DEZESSETE DE AGOSTO,Não informado,"EM FRENTE AO BURGUER KING, PROXIMO DO SHOPPING PLAZA",CASA FORTE,Não informado,COLISÃO LATERAL,Não informado,1.0,1.0,0.0,0.0,0.0,0.0,0.0,0.0,0.0,1.0,0.0,Esquina,Chuvoso,Sem defeito,Perfeito estado,Seca,Perfeito estado,Faixa de pedestre,R-6a,60.0,Dupla,Faixa contínua,Não informado,2021,1,21,3,21.0
2021-01-22,08:15:00,COM VÍTIMA,CANCELADA,PARNAMIRIM,RUA SEBASTIAO ALVES,EST DO ARRAIAL,EM   BAIXO  DO  SEMAFORO  421    EM  FRENTE  A  FARMACIA  DO TRABALHADOR,PARNAMIRIM,Não informado,COLISÃO,Não informado,2.0,0.0,0.0,0.0,0.0,0.0,0.0,0.0,0.0,1.0,0.0,Não informado,Não informado,Não informado,Não informado,Não informado,Não informado,Não informado,Não informado,60.0,Não informado,Não informado,Não informado,2021,1,22,4,8.0
2021-01-22,12:02:00,COM VÍTIMA,FINALIZADA,CASA FORTE,AV DEZESSETE DE AGOSTO,Não informado,EM FRENTE AO BANCO DO BRASIL,CASA FORTE,Não informado,COLISÃO LATERAL,Não informado,0.0,2.0,0.0,0.0,0.0,0.0,0.0,0.0,0.0,2.0,0.0,Longo da via,Bom,Não informado,Perfeito estado,Seca,Perfeito estado,Não informado,Não informado,60.0,Dupla,Faixa contínua,Não informado,2021,1,22,4,12.0
2021-01-22,13:15:00,SEM VÍTIMA,FINALIZADA,BOA VISTA,RUA DO PRINCIPE,RUA NUNES MACHADO,RUA NUNES MACHADO,BOA VISTA,Não informado,COLISÃO LATERAL,Não informado,2.0,0.0,0.0,0.0,0.0,0.0,0.0,0.0,0.0,0.0,0.0,Longo da via,Bom,Não existe,Perfeito estado,Seca,Perfeito estado,Não existe,Não há placas,60.0,Única,Faixa contínua,Não informado,2021,1,22,4,13.0
2021-01-22,13:21:00,COM VÍTIMA,FINALIZADA,BOMBA DO HEMETÉRIO,RUA BOMBA DO HEMETERIO,Não informado,POR TRAS DO GIGANTE DO SAMBA,BOMBA DO HEMETÉRIO,Não informado,COLISÃO TRASEIRA,Não informado,1.0,1.0,0.0,0.0,0.0,0.0,0.0,0.0,0.0,1.0,0.0,Longo da via,Chuvoso,Não existe,Não existente,Molhada,Perfeito estado,Não existe,Não há placas,60.0,Dupla,Faixa seccionada,Não informado,2021,1,22,4,13.0
2021-01-22,16:38:00,COM VÍTIMA,FINALIZADA,JARDIM SÃO PAULO,AV RECIFE,Não informado,Não informado,JARDIM SÃO PAULO,Não informado,ATROPELAMENTO,Não informado,0.0,1.0,0.0,0.0,1.0,0.0,0.0,0.0,0.0,1.0,0.0,Longo da via,Bom,Não existe,Perfeito estado,Seca,Perfeito estado,Não existe,Não há placas,50.0,Dupla,Canteiro central,Não informado,2021,1,22,4,16.0
2021-01-22,16:52:00,COM VÍTIMA,CANCELADA,AFOGADOS,RUA ARQUITETO LUIZ NUNES,Não informado,APOS O DEPATRI PROX AO BANCO DO BRASIL,AFOGADOS,Não informado,COLISÃO COM CICLISTA,Não informado,1.0,0.0,0.0,1.0,0.0,0.0,0.0,0.0,0.0,1.0,0.0,Não informado,Não informado,Não informado,Não informado,Não informado,Não informado,Não informado,Não informado,60.0,Não informado,Não informado,Não informado,2021,1,22,4,16.0
2021-01-22,18:27:00,COM VÍTIMA,FINALIZADA,CORDEIRO,AV CAXANGA,AV GENERAL SAN MARTIN,SEMÁFORO 080 / PRÓX A INTEGRAÇÃO GETULIO VARGAS,CORDEIRO,Não informado,COLISÃO LATERAL,Não informado,1.0,1.0,0.0,0.0,0.0,0.0,0.0,0.0,0.0,1.0,0.0,Longo da via,Bom,Sem defeito,Perfeito estado,Seca,Perfeito estado,Não informado,Não informado,60.0,Única,Faixa seccionada,Não informado,2021,1,22,4,18.0
2021-01-22,20:49:40,COM VÍTIMA,FINALIZADA,BOA VIAGEM,RUA CAMBUI,RUA DEZ DE JULHO,PROX A ESTAÇAO DO AEROPORTO,BOA VIAGEM,Não informado,COLISÃO TRANSVERSAL,Não informado,1.0,2.0,0.0,0.0,0.0,0.0,0.0,0.0,0.0,1.0,0.0,Cruzamento,Bom,Não existe,Incompleta,Seca,Mal conservada,Não existe,"Placas ""Pare""",60.0,Única,Faixa seccionada,Não informado,2021,1,22,4,20.0
2021-01-22,21:52:40,SEM VÍTIMA,FINALIZADA,JORDÃO,AV MARIA IRENE,Não informado,E/F A CASA DE RAÇÃO WS PET SHOP / PRÓX A ASSEMBLEIA DE DEUS,JORDÃO,Não informado,COLISÃO LATERAL,Não informado,1.0,0.0,0.0,0.0,0.0,0.0,0.0,1.0,0.0,0.0,0.0,Longo da via,Bom,Não existe,Perfeito estado,Seca,Perfeito estado,Não existe,Não há placas,60.0,Única,Não existe,Não informado,2021,1,22,4,21.0
2021-01-23,11:28:00,SEM VÍTIMA,FINALIZADA,DERBY,AV GOVERNADOR AGAMENON MAGALHAES,PRC DO DERBY,EM FRENTE A PRAÇA,DERBY,OLINDA,COLISÃO LATERAL,Não informado,1.0,0.0,0.0,0.0,0.0,0.0,0.0,1.0,0.0,0.0,0.0,Longo da via,Bom,Sem defeito,Perfeito estado,Seca,Perfeito estado,Faixa de pedestre,Outras,60.0,Dupla,Faixa seccionada,Não informado,2021,1,23,5,11.0
2021-01-23,11:39:00,SEM VÍTIMA,CANCELADA,PORTO DA MADEIRA,RUA SATURNO,AV BEBERIBE,RUAS EM FRENTE AO COLEGIO NOVENTA GRAUS,PORTO DA MADEIRA,Não informado,COLISÃO,Não informado,2.0,0.0,0.0,0.0,0.0,0.0,0.0,0.0,0.0,0.0,0.0,Não informado,Não informado,Não informado,Não informado,Não informado,Não informado,Não informado,Não informado,60.0,Não informado,Não informado,Não informado,2021,1,23,5,11.0
2021-01-23,12:16:00,COM VÍTIMA,FINALIZADA,CAXANGÁ,RUA RIBEIRO PESSOA,Não informado,EM FRENTE AO PARAÍSO HOTEL,CAXANGÁ,Não informado,COLISÃO LATERAL,Não informado,1.0,1.0,0.0,0.0,0.0,0.0,0.0,0.0,0.0,1.0,0.0,Longo da via,Bom,Não existe,Não existente,Seca,Perfeito estado,Faixa de pedestre,Não informado,60.0,Dupla,Não existe,Não informado,2021,1,23,5,12.0
2021-01-23,12:20:00,SEM VÍTIMA,FINALIZADA,CAMPO GRANDE,EST DE BELEM,Não informado,PRÓX AO CENTRO DE CONVENÇÕES,CAMPO GRANDE,Não informado,COLISÃO,Não informado,3.0,0.0,0.0,0.0,0.0,0.0,0.0,0.0,0.0,0.0,0.0,Não informado,Não informado,Não informado,Não informado,Não informado,Não informado,Não informado,Não informado,60.0,Não informado,Não informado,Não informado,2021,1,23,5,12.0
2021-01-23,14:17:00,COM VÍTIMA,FINALIZADA,ENCRUZILHADA,AV BEBERIBE,Não informado,PROXIMO AO PADEIRÃO,ENCRUZILHADA,Não informado,COLISÃO TRANSVERSAL,Não informado,1.0,0.0,1.0,0.0,0.0,0.0,0.0,0.0,0.0,1.0,0.0,Longo da via,Bom,Não existe,Perfeito estado,Seca,Perfeito estado,Não existe,Não há placas,40.0,Dupla,Faixa seccionada,Não informado,2021,1,23,5,14.0
2021-01-23,19:41:00,COM VÍTIMA,FINALIZADA,BOA VIAGEM,RUA VISCONDE DE JEQUITINHONHA,RUA BALTAZAR PASSOS,Não informado,BOA VIAGEM,Não informado,COLISÃO TRANSVERSAL,Não informado,2.0,0.0,0.0,0.0,0.0,0.0,0.0,0.0,0.0,1.0,0.0,Cruzamento,Bom,Sem defeito,Perfeito estado,Seca,Perfeito estado,Faixa de pedestre,Outras,60.0,Única,Faixa seccionada,Não informado,2021,1,23,5,19.0