data,hora,natureza_acidente,situacao,bairro,endereco,detalhe_endereco_acidente,complemento,bairro_cruzamento,sentido_via,tipo,descricao,auto,moto,ciclom,ciclista,pedestre,onibus,caminhao,viatura,outros,vitimas,vitimasfatais,acidente_verificado,tempo_clima,situacao_semaforo,sinalizacao,condicao_via,conservacao_via,ponto_controle,situacao_placa,velocidade_max_via,mao_direcao,divisao_via1,natureza,ano,mes,dia,dia_semana,hora_ocorrencia
2021-01-24,12:06:00,COM VÍTIMA,FINALIZADA,SANTO AMARO,AV NORTE,Não informado,E/F A O CRAS DE SANTO AMARO S/T MACAXEIRA,SANTO AMARO,Não informado,COLISÃO LATERAL,Não informado,1.0,1.0,0.0,0.0,0.0,0.0,0.0,0.0,0.0,1.0,0.0,Longo da via,Bom,Não existe,Perfeito estado,Seca,Perfeito estado,Não existe,Não há placas,60.0,Dupla,Canteiro central,Não informado,2021,1,24,6,12.0
2021-01-24,14:27:00,COM VÍTIMA,CANCELADA,DOIS UNIDOS,RUA JORNALISTA NELSON FIRMO,Não informado,PROXIMO AO BAR DO GEORGE,DOIS UNIDOS,Não informado,COLISÃO,Não informado,1.0,1.0,0.0,0.0,0.0,0.0,0.0,0.0,0.0,1.0,0.0,Não informado,Não informado,Não informado,Não informado,Não informado,Não informado,Não informado,Não informado,60.0,Não informado,Não informado,Não informado,2021,1,24,6,14.0
2021-01-24,20:19:00,COM VÍTIMA,CANCELADA,IPSEP,RUA JEAN EMILE FAVRE,Não informado,E/F A DROGASIL,IPSEP,Não informado,COLISÃO,Não informado,1.0,1.0,0.0,0.0,0.0,0.0,0.0,0.0,0.0,1.0,0.0,Não informado,Não informado,Não informado,Não informado,Não informado,Não informado,Não informado,Não informado,60.0,Não informado,Não informado,Não informado,2021,1,24,6,20.0
2021-01-25,12:26:00,SEM VÍTIMA,FINALIZADA,NOVA DESCOBERTA,RUA CORREGO DA AREIA,Não informado,EM FRENTE À ESCOLA MUNICIPAL DE CASA AMARELA,NOVA DESCOBERTA,Não informado,COLISÃO LATERAL,Não informado,1.0,0.0,0.0,0.0,0.0,0.0,1.0,0.0,0.0,0.0,0.0,Longo da via,Bom,Não existe,Perfeito estado,Seca,Perfeito estado,Não existe,Não há placas,60.0,Dupla,Não existe,Não informado,2021,1,25,0,12.0
2021-01-25,16:06:00,COM VÍTIMA,CANCELADA,SAN MARTIN,RUA VINTE E UM DE ABRIL,Não informado,PRÓX À LOJA DE MÓVEIS MULTILAR / NA FRENTE DA LOTERICA MONTE CARLOS / NA LOJA MULTILAR,SAN MARTIN,Não informado,COLISÃO,Não informado,1.0,1.0,0.0,0.0,0.0,0.0,0.0,0.0,0.0,2.0,0.0,Não informado,Não informado,Não informado,Não informado,Não informado,Não informado,Não informado,Não informado,60.0,Não informado,Não informado,Não informado,2021,1,25,0,16.0
2021-01-25,16:34:00,COM VÍTIMA,FINALIZADA,BOA VIAGEM,RUA ANTONIO FALCAO,RUA PROFESSOR JULIO FERREIRA DE MELO,PRÓX À DEPIL,BOA VIAGEM,Não informado,COLISÃO LATERAL,Não informado,1.0,1.0,0.0,0.0,0.0,0.0,0.0,0.0,0.0,1.0,0.0,Longo da via,Bom,Não existe,Perfeito estado,Seca,Perfeito estado,Não existe,Não há placas,60.0,Única,Faixa seccionada,Não informado,2021,1,25,0,16.0
2021-01-25,16:48:00,COM VÍTIMA,FINALIZADA,JARDIM SÃO PAULO,RUA DAMASCO,RUA ALFREDO DUARTE FILHO,EM FRENTE AO NUMERO 55 / PROX A IGREJA SAO PAULO / NO CRUZAMENTO,JARDIM SÃO PAULO,Não informado,COLISÃO FRONTAL,Não informado,1.0,1.0,0.0,0.0,0.0,0.0,0.0,0.0,0.0,1.0,0.0,Cruzamento,Bom,Não existe,Perfeito estado,Seca,Perfeito estado,Não existe,Não há placas,30.0,Dupla,Não existe,Não informado,2021,1,25,0,16.0
2021-01-25,20:44:40,COM VÍTIMA,FINALIZADA,BOA VIAGEM,AV ENGENHEIRO DOMINGOS FERREIRA,RUA PADRE BERNADINO PESSOA,EM FRENTE AO TORRE MADRID RESIDENCE,BOA VIAGEM,SUBURBIO,COLISÃO LATERAL,Não informado,1.0,1.0,0.0,0.0,0.0,0.0,0.0,0.0,0.0,1.0,0.0,Cruzamento,Bom,Sem defeito,Perfeito estado,Seca,Perfeito estado,Faixa de pedestre,R-6a,60.0,Dupla,Canteiro central,Não informado,2021,1,25,0,20.0
2021-01-25,21:51:40,COM VÍTIMA,FINALIZADA,PORTO DA MADEIRA,AV BEBERIBE,Não informado,PRÓX A PIZZARIA DO ROUCHE,PORTO DA MADEIRA,SUBURBIO,COLISÃO LATERAL,Não informado,1.0,1.0,0.0,0.0,0.0,0.0,0.0,0.0,0.0,1.0,0.0,Longo da via,Bom,Não existe,Não informado,Seca,Mal iluminada,Não existe,Não há placas,60.0,Dupla,Faixa seccionada,Não informado,2021,1,25,0,21.0
2021-01-26,07:16:00,SEM VÍTIMA,FINALIZADA,DERBY,RUA JORNALISTA PAULO BITTENCOURT,Não informado,AO LADO DO HOSPITAL DA RESTAURAÇÃO,DERBY,Não informado,COLISÃO LATERAL,Não informado,1.0,1.0,0.0,0.0,0.0,0.0,0.0,0.0,0.0,0.0,0.0,Longo da via,Bom,Não existe,Perfeito estado,Seca,Perfeito estado,Não existe,Não há placas,60.0,Dupla,Não existe,Não informado,2021,1,26,1,7.0
2021-01-26,07:20:00,COM VÍTIMA,FINALIZADA,TORRE,RUA PADRE ANCHIETA,RUA JOSE BONIFACIO,EM  FRENTE  A  PADARIA  MASSA  NOBRE. APÓS O MINUTO PÃO DE AÇÚCAR.,TORRE,SUBURBIO,COLISÃO TRASEIRA,Não informado,0.0,2.0,0.0,0.0,0.0,0.0,0.0,0.0,0.0,1.0,0.0,Cruzamento,Chuvoso,Sem defeito,Perfeito estado,Molhada,Perfeito estado,Faixa de pedestre,R-6a,60.0,Única,Faixa seccionada,Não informado,2021,1,26,1,7.0
2021-01-26,08:01:00,COM VÍTIMA,FINALIZADA,CASA AMARELA,RUA BELA VISTA,Não informado,EM FRENTE AO SITIO DA TRINDADE,CASA AMARELA,SUBURBIO,COLISÃO TRANSVERSAL,Não informado,1.0,1.0,0.0,0.0,0.0,0.0,0.0,0.0,0.0,1.0,0.0,Longo da via,Bom,Não existe,Incompleta,Molhada,Perfeito estado,Não existe,Outras,40.0,Dupla,Não existe,Não informado,2021,1,26,1,8.0
2021-01-26,08:13:00,COM VÍTIMA,FINALIZADA,BOA VISTA,PRC MACIEL PINHEIRO,RUA DO ARAGAO,Não informado,BOA VISTA,CENTRO,ATROPELAMENTO,Não informado,1.0,0.0,0.0,0.0,1.0,0.0,0.0,0.0,0.0,1.0,0.0,Cruzamento,Bom,Sem defeito,Incompleta,Molhada,Mal conservada,Não existe,Não há placas,40.0,Única,Não existe,Não informado,2021,1,26,1,8.0
2021-01-26,10:41:00,SEM VÍTIMA,FINALIZADA,BOA VISTA,AV CONDE DA BOA VISTA,Não informado,RUA DA AURORA,BOA VISTA,Não informado,CHOQUE,Não informado,0.0,0.0,0.0,0.0,0.0,1.0,0.0,0.0,0.0,0.0,0.0,Cruzamento,Bom,Sem defeito,Perfeito estado,Seca,Perfeito estado,Agente,R-6c,60.0,Única,Faixa contínua,Não informado,2021,1,26,1,10.0
2021-01-26,13:46:00,COM VÍTIMA,FINALIZADA,ESPINHEIRO,AV GOVERNADOR AGAMENON MAGALHAES,Não informado,E/F AO CREA PE   S/T BOA VIAGEM,ESPINHEIRO,BOA VIAGEM,COLISÃO TRASEIRA,Não informado,1.0,1.0,0.0,0.0,0.0,0.0,0.0,0.0,0.0,1.0,0.0,Longo da via,Bom,Não existe,Perfeito estado,Seca,Perfeito estado,Não existe,Outras,60.0,Dupla,Canal,Não informado,2021,1,26,1,13.0
2021-01-26,16:25:00,COM VÍTIMA,FINALIZADA,ÁGUA FRIA,EST VELHA DE AGUA FRIA,AV PROFESSOR JOSE DOS ANJOS,PROX. AO DNOCS,ÁGUA FRIA,SUBURBIO,COLISÃO LATERAL,Não informado,0.0,2.0,0.0,0.0,0.0,0.0,0.0,0.0,0.0,1.0,0.0,Cruzamento,Bom,Sem defeito,Perfeito estado,Seca,Perfeito estado,Faixa de pedestre,Não há placas,40.0,Dupla,Não informado,Não informado,2021,1,26,1,16.0
2021-01-26,17:17:00,SEM VÍTIMA,FINALIZADA,BOA VIAGEM,RUA MARIO SOUTO MAIOR,RUA SA E SOUZA,EM FRENTE A DROGARIA SETUBAL,BOA VIAGEM,Não informado,COLISÃO,Não informado,1.0,1.0,0.0,0.0,0.0,0.0,0.0,0.0,0.0,0.0,0.0,Não informado,Não informado,Não informado,Não informado,Não informado,Não informado,Não informado,Não informado,60.0,Não informado,Não informado,Não informado,2021,1,26,1,17.0
2021-01-26,17:18:00,COM VÍTIMA,FINALIZADA,DOIS IRMÃOS,RUA RIBEIRO PESSOA,Não informado,PROX A UPA DA CAXANGA,DOIS IRMÃOS,SUBURBIO,COLISÃO TRANSVERSAL,Não informado,1.0,1.0,0.0,0.0,0.0,0.0,0.0,0.0,0.0,2.0,0.0,Longo da via,Chuvoso,Não existe,Incompleta,Seca,Perfeito estado,Não existe,R-6a,60.0,Dupla,Não existe,Não informado,2021,1,26,1,17.0
2021-01-26,17:41:00,SEM VÍTIMA,FINALIZADA,MUSTARDINHA,RUA VINTE E UM DE ABRIL,Não informado,EM FRENTE AO CAFÉ PETINHO,MUSTARDINHA,Não informado,COLISÃO LATERAL,Não informado,0.0,0.0,0.0,0.0,0.0,0.0,0.0,0.0,0.0,0.0,0.0,Longo da via,Bom,Sem defeito,Perfeito estado,Seca,Perfeito estado,Outros,Outras,60.0,Dupla,Outros,Não informado,2021,1,26,1,17.0
2021-01-26,17:43:00,COM VÍTIMA,FINALIZADA,BOA VIAGEM,AV ENGENHEIRO DOMINGOS FERREIRA,Não informado,EM FRENTE AO EXTRA,BOA VIAGEM,SUBURBIO,COLISÃO TRASEIRA,Não informado,1.0,1.0,0.0,0.0,0.0,0.0,0.0,0.0,0.0,1.0,0.0,Longo da via,Chuvoso,Não existe,Perfeito estado,Molhada,Perfeito estado,Não existe,R-19,60.0,Única,Faixa seccionada,Não informado,2021,1,26,1,17.0
2021-01-26,20:48:00,COM VÍTIMA,FINALIZADA,CAMPO GRANDE,EST DE BELEM,RUA PADRE CAPISTRANO,E/F A SUBWAY E POSTO PETRONAC,CAMPO GRANDE,CIDADE,COLISÃO TRANSVERSAL,Não informado,1.0,1.0,0.0,0.0,0.0,0.0,0.0,0.0,0.0,2.0,0.0,Longo da via,Chuvoso,Não existe,Perfeito estado,Molhada,Perfeito estado,Não existe,Não informado,60.0,Dupla,Faixa contínua,Não informado,2021,1,26,1,20.0
2021-01-26,22:45:40,SEM VÍTIMA,CANCELADA,JORDÃO,RUA EMILIO MONTEIRO FONSECA,Não informado,Não informado,JORDÃO,Não informado,COLISÃO,Não informado,2.0,0.0,0.0,0.0,0.0,0.0,0.0,0.0,0.0,0.0,0.0,Não informado,Não informado,Não informado,Não informado,Não informado,Não informado,Não informado,Não informado,60.0,Não informado,Não informado,Não informado,2021,1,26,1,22.0
2021-01-27,07:19:00,COM VÍTIMA,FINALIZADA,BAIRRO DO RECIFE,AV MILITAR,Não informado,EM  FRENTE a unidade de segurança quarda portuaria. MEMORIAL DE JUSTIÇA DE PERNAMBUCO.,BAIRRO DO RECIFE,SUBURBIO,COLISÃO LATERAL,Não informado,0.0,1.0,0.0,0.0,0.0,0.0,0.0,1.0,0.0,1.0,0.0,Longo da via,Chuvoso,Não existe,Perfeito estado,Molhada,Perfeito estado,Faixa de pedestre,R-6a,60.0,Única,Faixa seccionada,Não informado,2021,1,27,2,7.0
2021-01-27,08:55:00,SEM VÍTIMA,FINALIZADA,CABANGA,AV ENGENHEIRO JOSE ESTELITA,PRC GOVERNADOR PAULO GUERRA,AO LADO DO CABANGA IATE CLUB - PISTA OESTE SENTIDO ILHA JOANA BEZERRA,CABANGA,DERBY,COLISÃO TRASEIRA,Não informado,2.0,0.0,0.0,0.0,0.0,0.0,0.0,0.0,0.0,0.0,0.0,Não informado,Não informado,Não informado,Não informado,Não informado,Não informado,Não informado,Não informado,60.0,Não informado,Não informado,Não informado,2021,1,27,2,8.0
2021-01-27,10:25:00,COM VÍTIMA,FINALIZADA,SANTO AMARO,AV GOVERNADOR AGAMENON MAGALHAES,Não informado,DESCIDA DO VADUTO SENT DERBY / EM FRENTE AO RESIDENCIAL VIDAL DE NEGREIROS / PISTA LOCAL. EMPRESARIAL AGAMENON MAGALHÃES.,SANTO AMARO,SUBURBIO,COLISÃO LATERAL,Não informado,1.0,1.0,0.0,0.0,0.0,0.0,0.0,0.0,0.0,1.0,0.0,Longo da via,Bom,Não existe,Perfeito estado,Seca,Perfeito estado,Não existe,Outras,60.0,Dupla,Canteiro central,Não informado,2021,1,27,2,10.0
2021-01-27,10:31:00,SEM VÍTIMA,FINALIZADA,MADALENA,RUA BENFICA,RUA SPORT CLUBE DO RECIFE,Não informado,MADALENA,SUBURBIO,COLISÃO,Não informado,1.0,0.0,0.0,0.0,0.0,0.0,1.0,0.0,0.0,0.0,0.0,Não informado,Não informado,Não informado,Não informado,Não informado,Não informado,Não informado,Não informado,60.0,Não informado,Não informado,Não informado,2021,1,27,2,10.0
2021-01-27,12:10:00,SEM VÍTIMA,FINALIZADA,JAQUEIRA,AV RUI BARBOSA,Não informado,AO LADO DO PARQUE DA JAQUEIRA,JAQUEIRA,CIDADE,CHOQUE,Não informado,1.0,0.0,0.0,0.0,0.0,0.0,0.0,0.0,0.0,0.0,0.0,Longo da via,Chuvoso,Não existe,Perfeito estado,Molhada,Perfeito estado,Não existe,Não há placas,40.0,Única,Faixa seccionada,Não informado,2021,1,27,2,12.0
2021-01-27,13:17:00,COM VÍTIMA,FINALIZADA,SANTO AMARO,AV CRUZ CABUGA,RUA CAPITAO LIMA,EM FRENTE IGREJA UNIVERSAL GRAÇA DE DEUS,SANTO AMARO,SUBURBIO,COLISÃO COM CICLISTA,Não informado,1.0,0.0,0.0,1.0,0.0,0.0,0.0,0.0,0.0,1.0,0.0,Longo da via,Chuvoso,Não existe,Perfeito estado,Seca,Perfeito estado,Não existe,Outras,60.0,Dupla,Faixa contínua,Não informado,2021,1,27,2,13.0
2021-01-27,14:11:00,COM VÍTIMA,FINALIZADA,AFOGADOS,RUA COSME VIANA,RUA CORONEL ALFREDO DUARTE,PROX AO POSTO SETA / PROX AO SEMAFORO 430,AFOGADOS,SUBURBIO,COLISÃO FRONTAL,Não informado,0.0,1.0,0.0,0.0,0.0,0.0,1.0,0.0,0.0,1.0,0.0,Cruzamento,Bom,Sem defeito,Perfeito estado,Seca,Perfeito estado,Faixa de pedestre,Não há placas,60.0,Única,Faixa contínua,Não informado,2021,1,27,2,14.0
2021-01-27,14:37:00,SEM VÍTIMA,FINALIZADA,PINA,AV ANTONIO DE GOES,RUA MANOEL DE BRITO,EMPRESARIAL DOPIN,PINA,CIDADE,COLISÃO TRASEIRA,Não informado,2.0,0.0,0.0,0.0,0.0,0.0,0.0,0.0,0.0,0.0,0.0,Longo da via,Bom,Sem defeito,Perfeito estado,Seca,Perfeito estado,Faixa de pedestre,R-19,60.0,Única,Canteiro central,Não informado,2021,1,27,2,14.0
2021-01-27,16:01:00,COM VÍTIMA,FINALIZADA,PINA,AV BOA VIAGEM,Não informado,EM FRENTE AO MARANTE PLAZA HOTEL,PINA,CIDADE,COLISÃO COM CICLISTA,Não informado,1.0,0.0,0.0,1.0,0.0,0.0,0.0,0.0,0.0,1.0,0.0,Longo da via,Bom,Sem defeito,Perfeito estado,Seca,Perfeito estado,Faixa de pedestre,R-6a,60.0,Única,Não informado,Não informado,2021,1,27,2,16.0
2021-01-28,06:49:00,COM VÍTIMA,CANCELADA,ENCRUZILHADA,AV NORTE,Não informado,100 m ANTES DO BANCO SANTANDER,ENCRUZILHADA,Não informado,COLISÃO,Não informado,1.0,1.0,0.0,0.0,0.0,0.0,0.0,0.0,0.0,1.0,0.0,Não informado,Não informado,Não informado,Não informado,Não informado,Não informado,Não informado,Não informado,60.0,Não informado,Não informado,Não informado,2021,1,28,3,6.0
2021-01-28,12:23:00,COM VÍTIMA,FINALIZADA,CASA AMARELA,AV CONS ROSA E SILVA,RUA PADRE ROMA,E/F  A CASA JOSE ARAUJO,CASA AMARELA,SUBURBIO,COLISÃO LATERAL,Não informado,1.0,1.0,0.0,0.0,0.0,0.0,0.0,0.0,0.0,1.0,0.0,Cruzamento,Bom,Sem defeito,Perfeito estado,Seca,Perfeito estado,Faixa de pedestre,Não há placas,60.0,Única,Não informado,Não informado,2021,1,28,3,12.0
2021-01-28,15:20:00,COM VÍTIMA,FINALIZADA,GRAÇAS,RUA DAS PERNAMBUCANAS,RUA DAS GRACAS,AO LADO DO EDIFICIO PERNAMBUCANAS CENTER. BURGOMESTRE.,GRAÇAS,SUBURBIO,COLISÃO LATERAL,Não informado,1.0,1.0,0.0,0.0,0.0,0.0,0.0,0.0,0.0,1.0,0.0,Longo da via,Bom,Não informado,Não informado,Seca,Perfeito estado,Não informado,Não há placas,60.0,Única,Faixa seccionada,Não informado,2021,1,28,3,15.0
2021-01-28,16:05:00,SEM VÍTIMA,FINALIZADA,SANTO ANTÔNIO,RUA SANTO ANTONIO,Não informado,EM FRENTE A LASER ELETRO,SANTO ANTÔNIO,Não informado,COLISÃO TRANSVERSAL,Não informado,1.0,1.0,0.0,0.0,0.0,0.0,0.0,0.0,0.0,0.0,0.0,Cruzamento,Bom,Não existe,Ilegível,Seca,Perfeito estado,Não existe,Não há placas,60.0,Única,Não existe,Não informado,2021,1,28,3,16.0
2021-01-28,16:55:00,SEM VÍTIMA,FINALIZADA,CAXANGÁ,AV CAXANGA,Não informado,E/F A  FARMACIA PAGUE MENOS E A  CAXANGA VEICULO  S/T CAMARAGIBE,CAXANGÁ,Não informado,COLISÃO LATERAL,Não informado,2.0,0.0,0.0,0.0,0.0,0.0,0.0,0.0,0.0,0.0,0.0,Longo da via,Bom,Sem defeito,Perfeito estado,Seca,Perfeito estado,Faixa de pedestre,R-6a,60.0,Dupla,Canteiro central,Não informado,2021,1,28,3,16.0
2021-01-28,17:26:00,COM VÍTIMA,CANCELADA,ÁGUA FRIA,RUA SAO SEBASTIAO,Não informado,PROX AO MERCADINHO DO MARIO,ÁGUA FRIA,Não informado,COLISÃO,Não informado,1.0,1.0,0.0,0.0,0.0,0.0,0.0,0.0,0.0,1.0,0.0,Não informado,Não informado,Não informado,Não informado,Não informado,Não informado,Não informado,Não informado,60.0,Não informado,Não informado,Não informado,2021,1,28,3,17.0
2021-01-28,22:16:40,COM VÍTIMA,FINALIZADA,TAMARINEIRA,AV CONS ROSA E SILVA,RUA CONEGO BARATA,SEMÁFORO 061 / CASAS JOSÉ ARAUJO,TAMARINEIRA,CIDADE,COLISÃO TRANSVERSAL,Não informado,0.0,1.0,0.0,0.0,0.0,0.0,1.0,0.0,0.0,1.0,0.0,Cruzamento,Bom,Sem defeito,Perfeito estado,Seca,Perfeito estado,Faixa de pedestre,R-6a,40.0,Dupla,Canteiro central,Não informado,2021,1,28,3,22.0
2021-01-28,22:35:40,COM VÍTIMA,FINALIZADA,ESTÂNCIA,AV RECIFE,AV TAPAJOS,LADO OPOSTO AO POSTO BR / APOS O MAKRO,ESTÂNCIA,SUBURBIO,COLISÃO LATERAL,Não informado,1.0,1.0,0.0,0.0,0.0,0.0,0.0,0.0,0.0,1.0,0.0,Longo da via,Bom,Sem defeito,Perfeito estado,Seca,Perfeito estado,Faixa de retenção,Não informado,60.0,Única,Faixa contínua,Não informado,2021,1,28,3,22.0
2021-01-29,10:20:00,COM VÍTIMA,FINALIZADA,BOA VISTA,PRC MACIEL PINHEIRO,Não informado,CAMINHAO E AUTO PASSEIO,BOA VISTA,Não informado,COLISÃO,Não informado,1.0,0.0,0.0,0.0,0.0,0.0,1.0,0.0,0.0,1.0,0.0,Não informado,Não informado,Não informado,Não informado,Não informado,Não informado,Não informado,Não informado,60.0,Não informado,Não informado,Não informado,2021,1,29,4,10.0
2021-01-29,11:47:00,SEM VÍTIMA,FINALIZADA,SANTO AMARO,AV CRUZ CABUGA,RUA ALEXANDRE MOURA,Não informado,SANTO AMARO,SUBURBIO,COLISÃO TRANSVERSAL,Não informado,1.0,0.0,0.0,0.0,0.0,0.0,1.0,0.0,0.0,0.0,0.0,Não informado,Bom,Sem defeito,Perfeito estado,Seca,Perfeito estado,Faixa de pedestre,"Placas ""Pare""",60.0,Dupla,Faixa contínua,Não informado,2021,1,29,4,11.0
2021-01-29,13:58:00,COM VÍTIMA,FINALIZADA,IBURA,AV DOM HELDER CAMARA,Não informado,PROX AO ARMAZEM FAMA,IBURA,SUBURBIO,COLISÃO TRANSVERSAL,Não informado,0.0,1.0,0.0,0.0,0.0,0.0,1.0,0.0,0.0,1.0,0.0,Longo da via,Bom,Não existe,Não existente,Seca,Perfeito estado,Não existe,Não há placas,60.0,Dupla,Canteiro central,Não informado,2021,1,29,4,13.0
2021-01-29,15:00:00,COM VÍTIMA,FINALIZADA,ARRUDA,AV BEBERIBE,RUA DAS MOCAS,EM FRENTE AO ESTACIONAMENTO DO ARMAZEM CORAL / EM FRENTE A LOJINHA DO SANTA CRUZ,ARRUDA,CIDADE,COLISÃO LATERAL,Não informado,1.0,1.0,0.0,0.0,0.0,0.0,0.0,0.0,0.0,1.0,0.0,Cruzamento,Bom,Não existe,Perfeito estado,Seca,Perfeito estado,Outros,Não há placas,60.0,Dupla,Faixa contínua,Não informado,2021,1,29,4,15.0
2021-01-29,15:51:00,COM VÍTIMA,FINALIZADA,BOA VIAGEM,RUA BARAO DE SOUZA LEAO,AV DES JOSE NEVES,PRÓX AO SUPERMERCADO TREVO. PRÓXIMO AO CRUZAMENTO COM A DES JOSE NEVES.,BOA VIAGEM,Não informado,ATROPELAMENTO,Não informado,0.0,0.0,0.0,0.0,1.0,1.0,0.0,0.0,0.0,1.0,0.0,Cruzamento,Bom,Sem defeito,Incompleta,Seca,Perfeito estado,Não existe,R-6a,60.0,Única,Faixa seccionada,Não informado,2021,1,29,4,15.0
2021-01-29,15:54:00,COM VÍTIMA,FINALIZADA,CABANGA,PTE AGAMENON MAGALHAES,Não informado,AO LADO DO CABANGA IATE CLUB,CABANGA,CIDADE,CHOQUE,Não informado,1.0,1.0,0.0,0.0,0.0,0.0,0.0,0.0,0.0,1.0,0.0,Ponte,Bom,Não existe,Perfeito estado,Seca,Perfeito estado,Não existe,Não há placas,60.0,Única,Faixa contínua,Não informado,2021,1,29,4,15.0
2021-01-29,17:55:00,COM VÍTIMA,FINALIZADA,BEBERIBE,AV BEBERIBE,Não informado,LADO OPOSTO A BEBERIBE AUTO PEÇAS / PROX AO SEMAFORO 514,BEBERIBE,CIDADE,COLISÃO TRANSVERSAL,Não informado,2.0,1.0,0.0,0.0,0.0,0.0,0.0,0.0,0.0,1.0,0.0,Longo da via,Bom,Sem defeito,Incompleta,Seca,Mal conservada,Outros,R-6a,40.0,Dupla,Faixa contínua,Não informado,2021,1,29,4,17.0
2021-01-29,18:30:00,COM VÍTIMA,FINALIZADA,IMBIRIBEIRA,AV MARECHAL MASCARENHAS DE MORAES,Não informado,COLISÃO TRASEIRA COM VÍTIMA,IMBIRIBEIRA,Não informado,COLISÃO TRASEIRA,Não informado,1.0,1.0,0.0,0.0,0.0,0.0,0.0,0.0,0.0,1.0,0.0,Longo da via,Bom,Sem defeito,Perfeito estado,Seca,Perfeito estado,Não existe,Não há placas,60.0,Única,Faixa seccionada,Não informado,2021,1,29,4,18.0
2021-01-29,19:04:00,COM VÍTIMA,FINALIZADA,PINA,AV ANTONIO DE GOES,RUA DR JOSE MARIANO,Não informado,PINA,Não informado,COLISÃO TRASEIRA,Não informado,0.0,2.0,0.0,0.0,0.0,0.0,0.0,0.0,0.0,2.0,0.0,Cruzamento,Bom,Sem defeito,Perfeito estado,Seca,Perfeito estado,Agente,Não há placas,60.0,Única,Faixa seccionada,Não informado,2021,1,29,4,19.0
2021-01-29,20:02:00,COM VÍTIMA,CANCELADA,ÁGUA FRIA,AV BEBERIBE,Não informado,Não informado,ÁGUA FRIA,Não informado,COLISÃO,Não informado,1.0,1.0,0.0,0.0,0.0,0.0,0.0,0.0,0.0,1.0,0.0,Não informado,Não informado,Não informado,Não informado,Não informado,Não informado,Não informado,Não informado,60.0,Não informado,Não informado,Não informado,2021,1,29,4,20.0
2021-01-29,22:07:40,SEM VÍTIMA,FINALIZADA,Não informado,RUA ESCRITOR JOAQUIM NOBERTO,RUA FREI AMADOR,Não informado,Não informado,SUBURBIO,COLISÃO LATERAL,Não informado,1.0,1.0,0.0,0.0,0.0,0.0,0.0,0.0,0.0,0.0,0.0,Longo da via,Bom,Não existe,Não existente,Seca,Perfeito estado,Não existe,Não há placas,60.0,Não informado,Não existe,Não informado,2021,1,29,4,22.0
2021-01-30,07:34:00,COM VÍTIMA,FINALIZADA,BOA VISTA,RUA DO RIACHUELO,RUA DA AURORA,PROX. ECT CORREIOS E AGÊNCIA DO TRABALHO.,BOA VISTA,SUBURBIO,COLISÃO COM CICLISTA,Não informado,0.0,0.0,0.0,1.0,0.0,1.0,0.0,0.0,0.0,1.0,0.0,Cruzamento,Bom,Sem defeito,Não informado,Seca,Perfeito estado,Outros,Não informado,40.0,Única,Faixa seccionada,Não informado,2021,1,30,5,7.0
2021-01-30,15:07:00,COM VÍTIMA,CANCELADA,CABANGA,AV ENGENHEIRO JOSE ESTELITA,Não informado,E/F AO CAMBANGA  IATE CLUBE  S/T CID,CABANGA,Não informado,COLISÃO,Não informado,1.0,1.0,0.0,0.0,0.0,0.0,0.0,0.0,0.0,1.0,0.0,Não informado,Não informado,Não informado,Não informado,Não informado,Não informado,Não informado,Não informado,60.0,Não informado,Não informado,Não informado,2021,1,30,5,15.0
2021-01-30,15:33:00,COM VÍTIMA,FINALIZADA,BOA VIAGEM,RUA DR GASPAR REGUEIRA COSTA,RUA MARQUES DE VALENCA,POR TRAS DO COLEGIO SANTOS DUMONT,BOA VIAGEM,Não informado,COLISÃO LATERAL,Não informado,1.0,1.0,0.0,0.0,0.0,0.0,0.0,0.0,0.0,1.0,0.0,Cruzamento,Bom,Não existe,Perfeito estado,Seca,Perfeito estado,Não existe,Não há placas,60.0,Dupla,Faixa seccionada,Não informado,2021,1,30,5,15.0
2021-01-30,16:16:00,COM VÍTIMA,FINALIZADA,MACAXEIRA,RUA MANDACARU,Não informado,NO POSTO BR NA SUBIDA DO ALTO DO MANDU,MACAXEIRA,SUBURBIO,TOMBAMENTO,Não informado,1.0,1.0,0.0,0.0,0.0,0.0,0.0,0.0,0.0,1.0,0.0,Longo da via,Bom,Não existe,Incompleta,Seca,Perfeito estado,Não existe,Não há placas,60.0,Dupla,Faixa seccionada,Não informado,2021,1,30,5,16.0