data,hora,natureza_acidente,situacao,bairro,endereco,detalhe_endereco_acidente,complemento,bairro_cruzamento,sentido_via,tipo,descricao,auto,moto,ciclom,ciclista,pedestre,onibus,caminhao,viatura,outros,vitimas,vitimasfatais,acidente_verificado,tempo_clima,situacao_semaforo,sinalizacao,condicao_via,conservacao_via,ponto_controle,situacao_placa,velocidade_max_via,mao_direcao,divisao_via1,natureza,ano,mes,dia,dia_semana,hora_ocorrencia
2021-01-30,18:23:00,COM VÍTIMA,CANCELADA,BOA VIAGEM,AV ENGENHEIRO DOMINGOS FERREIRA,RUA ANTONIO FALCAO,CARREFUOR,BOA VIAGEM,Não informado,COLISÃO,Não informado,1.0,1.0,0.0,0.0,0.0,0.0,0.0,0.0,0.0,1.0,0.0,Não informado,Não informado,Não informado,Não informado,Não informado,Não informado,Não informado,Não informado,60.0,Não informado,Não informado,Não informado,2021,1,30,5,18.0
2021-01-30,23:11:40,COM VÍTIMA,FINALIZADA,ESPINHEIRO,RUA DO ESPINHEIRO,RUA SANTO ELIAS,CRUZAMENTO C/A RUA SANTO ELIAS - E/F AO POSTO YPIRANGA,ESPINHEIRO,ENCRUZILHADA,COLISÃO TRANSVERSAL,Não informado,2.0,0.0,0.0,0.0,0.0,0.0,0.0,0.0,0.0,2.0,0.0,Cruzamento,Bom,Não existe,Perfeito estado,Seca,Perfeito estado,Faixa de pedestre,"Placas ""Pare""",60.0,Única,Faixa contínua,Não informado,2021,1,30,5,23.0
2021-01-31,07:04:00,COM VÍTIMA,FINALIZADA,BOA VIAGEM,RUA GENERAL SALGADO,RUA COSMORAMA,EM FRENTE AO EDF CHATEAU,BOA VIAGEM,Não informado,COLISÃO LATERAL,Não informado,1.0,1.0,0.0,0.0,0.0,0.0,0.0,0.0,0.0,1.0,0.0,Longo da via,Bom,Não existe,Não informado,Seca,Perfeito estado,Não existe,Não há placas,60.0,Dupla,Não existe,Não informado,2021,1,31,6,7.0
2021-01-31,11:22:00,COM VÍTIMA,FINALIZADA,TAMARINEIRA,EST VELHA DE AGUA FRIA,AV NORTE,EM FRENTE A PADARIA MANÁ,TAMARINEIRA,SUBURBIO,COLISÃO LATERAL,Não informado,1.0,1.0,0.0,0.0,0.0,0.0,0.0,0.0,0.0,1.0,0.0,Longo da via,Bom,Não existe,Perfeito estado,Seca,Perfeito estado,Não existe,Outras,60.0,Dupla,Faixa contínua,Não informado,2021,1,31,6,11.0
2021-01-31,12:15:00,COM VÍTIMA,FINALIZADA,TAMARINEIRA,EST VELHA DE AGUA FRIA,RUA CABO HONORIO,LADO OPOSTO AO NUMERO 671,TAMARINEIRA,SUBURBIO,COLISÃO TRASEIRA,Não informado,1.0,1.0,0.0,0.0,0.0,0.0,0.0,0.0,0.0,1.0,0.0,Esquina,Bom,Não existe,Perfeito estado,Seca,Perfeito estado,Não existe,Outras,60.0,Dupla,Faixa contínua,Não informado,2021,1,31,6,12.0
2021-01-31,14:35:00,COM VÍTIMA,FINALIZADA,CASA FORTE,RUA LEONARDO BEZERRA CAVALCANTE,Não informado,MUNDO PET / PROX A FARMACIA PAGUE MENOS,CASA FORTE,SUBURBIO,COLISÃO FRONTAL,Não informado,1.0,1.0,0.0,0.0,0.0,0.0,0.0,0.0,0.0,1.0,0.0,Longo da via,Bom,Sem defeito,Perfeito estado,Seca,Perfeito estado,Faixa de pedestre,Outras,60.0,Única,Faixa seccionada,Não informado,2021,1,31,6,14.0
2021-01-31,22:14:40,COM VÍTIMA,FINALIZADA,BOA VISTA,AV MANOEL BORBA,Não informado,AO LADO DA BOATE METRÓPOLE.,BOA VISTA,SUBURBIO,ATROPELAMENTO,Não informado,1.0,0.0,0.0,0.0,1.0,0.0,0.0,0.0,0.0,1.0,0.0,Longo da via,Bom,Sem defeito,Perfeito estado,Seca,Perfeito estado,Faixa de pedestre,R-6a,40.0,Única,Faixa seccionada,Não informado,2021,1,31,6,22.0
2021-02-01,07:35:00,COM VÍTIMA,FINALIZADA,CASA FORTE,AV DEZESSETE DE AGOSTO,Não informado,E/F AO CENTRO MEDICO  ERMIRIO DE MORAES,CASA FORTE,SUBURBIO,COLISÃO LATERAL,Não informado,1.0,1.0,0.0,0.0,0.0,0.0,0.0,0.0,0.0,1.0,0.0,Longo da via,Bom,Sem defeito,Perfeito estado,Seca,Perfeito estado,Faixa de pedestre,R-6a,60.0,Dupla,Faixa contínua,Não informado,2021,2,1,0,7.0
2021-02-01,07:44:00,COM VÍTIMA,FINALIZADA,SÃO JOSÉ,C SANTA RITA,Não informado,AO LADO DAS TORRES GÊMEAS / EDF. PIER MAURÍCIO DE NASSAU.,SÃO JOSÉ,CIDADE,COLISÃO FRONTAL,Não informado,1.0,0.0,0.0,0.0,0.0,0.0,1.0,0.0,0.0,2.0,0.0,Longo da via,Bom,Não existe,Perfeito estado,Seca,Perfeito estado,Faixa de pedestre,R-6a,60.0,Dupla,Faixa seccionada,Não informado,2021,2,1,0,7.0
2021-02-01,08:15:00,SEM VÍTIMA,FINALIZADA,BOA VIAGEM,RUA MINISTRO NELSON HUNGRIA,RUA PADRE BERNADINO PESSOA,Não informado,BOA VIAGEM,Não informado,COLISÃO,Não informado,0.0,0.0,0.0,0.0,0.0,0.0,0.0,0.0,0.0,0.0,0.0,Não informado,Não informado,Não informado,Não informado,Não informado,Não informado,Não informado,Não informado,60.0,Não informado,Não informado,Não informado,2021,2,1,0,8.0
2021-02-01,09:55:00,VÍTIMA FATAL,FINALIZADA,IBURA,RUA RIO BRIGIDA,Não informado,IBURA  DE  BAIXO   PROX   AO  TERMINAL   DO  SESI,IBURA,CIDADE,ATROPELAMENTO DE PESSOA,Não informado,0.0,0.0,0.0,0.0,1.0,0.0,1.0,0.0,0.0,0.0,1.0,Longo da via,Bom,Não existe,Não existente,Seca,Perfeito estado,Não existe,Não há placas,60.0,Dupla,Faixa seccionada,Não informado,2021,2,1,0,9.0
2021-02-01,10:05:00,COM VÍTIMA,CANCELADA,DOIS UNIDOS,AV HILDEBRANDO DE VASCONCELOS,Não informado,EM  FRENTE  A  ACADEMIA  FIT,DOIS UNIDOS,Não informado,COLISÃO,Não informado,1.0,1.0,0.0,0.0,0.0,0.0,0.0,0.0,0.0,1.0,0.0,Não informado,Não informado,Não informado,Não informado,Não informado,Não informado,Não informado,Não informado,60.0,Não informado,Não informado,Não informado,2021,2,1,0,10.0
2021-02-01,14:19:00,COM VÍTIMA,FINALIZADA,SANTO AMARO,RUA DO POMBAL,RUA PEDRO AFONSO,RUA DA ESQUINA DO IML  VT 31 NO LOCAL,SANTO AMARO,SUBURBIO,COLISÃO LATERAL,Não informado,1.0,1.0,0.0,0.0,0.0,0.0,0.0,0.0,0.0,2.0,0.0,Cruzamento,Bom,Não existe,Perfeito estado,Seca,Perfeito estado,Não existe,"Placas ""Pare""",60.0,Não informado,Faixa seccionada,Não informado,2021,2,1,0,14.0
2021-02-01,15:28:00,VÍTIMA FATAL,FINALIZADA,MACAXEIRA,RUA MARIA CANDIDA,AV NORTE,AV NORTE,MACAXEIRA,SUBURBIO,ATROPELAMENTO DE PESSOA,Não informado,0.0,0.0,0.0,0.0,1.0,0.0,1.0,0.0,0.0,0.0,1.0,Cruzamento,Bom,Sem defeito,Incompleta,Seca,Perfeito estado,Não existe,Outras,40.0,Dupla,Canteiro central,Não informado,2021,2,1,0,15.0
2021-02-01,15:54:00,COM VÍTIMA,CANCELADA,BOA VIAGEM,RUA DEZ DE JULHO,Não informado,E/F A MAISON CHRISTAL RECEPÇOES   PROX AO AEROPORTO E   PROX A ESTAÇAO DO AEROPORTO,BOA VIAGEM,Não informado,COLISÃO,Não informado,0.0,2.0,0.0,0.0,0.0,0.0,0.0,0.0,0.0,2.0,0.0,Não informado,Não informado,Não informado,Não informado,Não informado,Não informado,Não informado,Não informado,60.0,Não informado,Não informado,Não informado,2021,2,1,0,15.0
2021-02-01,17:16:00,SEM VÍTIMA,CANCELADA,PINA,AVENIDA CELSO FURTADO (VIA MANGUE),Não informado,PRÓXIMO AO AEROCLUBE,PINA,JABOATÃO,CHOQUE,Não informado,0.0,0.0,0.0,0.0,0.0,0.0,0.0,0.0,0.0,0.0,0.0,Não informado,Não informado,Não informado,Não informado,Não informado,Não informado,Não informado,Não informado,60.0,Não informado,Não informado,Não informado,2021,2,1,0,17.0
2021-02-01,18:23:00,COM VÍTIMA,CANCELADA,CASA AMARELA,RUA PAULA BATISTA,RUA DONA ANA XAVIER,E/F AO BOMPREÇO E SUBWAY / AO LADO DO BANCO ITAU,CASA AMARELA,Não informado,COLISÃO,Não informado,1.0,1.0,0.0,0.0,0.0,0.0,0.0,0.0,0.0,1.0,0.0,Não informado,Não informado,Não informado,Não informado,Não informado,Não informado,Não informado,Não informado,60.0,Não informado,Não informado,Não informado,2021,2,1,0,18.0
2021-02-01,18:42:00,COM VÍTIMA,FINALIZADA,CAJUEIRO,RUA CORONEL URBANO RIBEIRO DE SENA,Não informado,PADARIA DO CORONEL,CAJUEIRO,Não informado,COLISÃO FRONTAL,Não informado,1.0,1.0,0.0,0.0,0.0,0.0,0.0,0.0,0.0,1.0,0.0,Cruzamento,Bom,Não existe,Não existente,Seca,Perfeito estado,Não informado,Não há placas,60.0,Dupla,Faixa seccionada,Não informado,2021,2,1,0,18.0
2021-02-01,19:12:00,COM VÍTIMA,FINALIZADA,BOA VIAGEM,RUA PROFESSOR JOAO MEDEIROS,RUA DHALIA,PET / RUA  DA ACESSO AO  SHOPPING RECIFE / EDIF. SANTO ANDRÉ,BOA VIAGEM,CIDADE,COLISÃO LATERAL,Não informado,1.0,1.0,0.0,0.0,0.0,0.0,0.0,0.0,0.0,1.0,0.0,Longo da via,Bom,Não informado,Perfeito estado,Seca,Perfeito estado,Outros,Outras,60.0,Única,Não informado,Não informado,2021,2,1,0,19.0
2021-02-01,20:45:00,COM VÍTIMA,FINALIZADA,PARNAMIRIM,AV FLOR DE SANTANA,Não informado,PRÓX A BURGUER KING,PARNAMIRIM,SUBURBIO,COLISÃO LATERAL,Não informado,1.0,1.0,0.0,0.0,0.0,0.0,0.0,0.0,0.0,1.0,0.0,Longo da via,Bom,Não existe,Ilegível,Seca,Perfeito estado,Não existe,Outras,60.0,Dupla,Não existe,Não informado,2021,2,1,0,20.0
2021-02-01,23:22:40,COM VÍTIMA,CANCELADA,BOA VIAGEM,RUA ERNESTO DE PAULA SANTOS,Não informado,COM A AV SIMOES BARBOSA,BOA VIAGEM,SUBURBIO,COLISÃO,Não informado,1.0,1.0,0.0,0.0,0.0,0.0,0.0,0.0,0.0,1.0,0.0,Não informado,Não informado,Não informado,Não informado,Não informado,Não informado,Não informado,Não informado,60.0,Não informado,Não informado,Não informado,2021,2,1,0,23.0
2021-02-02,08:55:00,COM VÍTIMA,FINALIZADA,SÃO JOSÉ,AV SUL,Não informado,EM FRENTE  A CIA MOTO PEÇAS E SERVIÇO,SÃO JOSÉ,CIDADE,COLISÃO COM CICLISTA,Não informado,0.0,1.0,0.0,1.0,0.0,0.0,0.0,0.0,0.0,1.0,0.0,Longo da via,Bom,Não existe,Perfeito estado,Seca,Perfeito estado,Não existe,Não há placas,60.0,Única,Canteiro central,Não informado,2021,2,2,1,8.0
2021-02-02,09:05:00,SEM VÍTIMA,FINALIZADA,PAISSANDU,AV GOVERNADOR AGAMENON MAGALHAES,RUA PAISSANDU,SOB O SEMÁFORO Nº 069,PAISSANDU,Não informado,COLISÃO TRANSVERSAL,Não informado,1.0,0.0,0.0,0.0,0.0,0.0,0.0,1.0,0.0,0.0,0.0,Cruzamento,Bom,Sem defeito,Perfeito estado,Seca,Perfeito estado,Faixa de pedestre,Não informado,60.0,Dupla,Canteiro central,Não informado,2021,2,2,1,9.0
2021-02-02,10:38:00,COM VÍTIMA,FINALIZADA,IBURA,RUA VALE DO ITAJAI,Não informado,EM FRENTE AO MESTRE DA PIZZA / PROX A UPA. LAVAJATO DOLOVE,IBURA,SUBURBIO,COLISÃO FRONTAL,Não informado,1.0,1.0,0.0,0.0,0.0,0.0,0.0,0.0,0.0,2.0,0.0,Longo da via,Bom,Não existe,Não informado,Seca,Perfeito estado,Não existe,Não há placas,30.0,Dupla,Não existe,Não informado,2021,2,2,1,10.0
2021-02-02,10:51:00,COM VÍTIMA,FINALIZADA,AFOGADOS,RUA VINTE E UM DE ABRIL,RUA AMARO DUARTE,AO LADO DO CLUBE ATLETICO,AFOGADOS,SUBURBIO,COLISÃO LATERAL,Não informado,1.0,1.0,0.0,0.0,0.0,0.0,0.0,0.0,0.0,1.0,0.0,Longo da via,Bom,Não existe,Não existente,Seca,Perfeito estado,Não existe,Não há placas,60.0,Não informado,Não existe,Não informado,2021,2,2,1,10.0
2021-02-02,11:32:00,COM VÍTIMA,FINALIZADA,AFOGADOS,EST DOS REMEDIOS,RUA TABAIARES,"EM FRENTE A CONCESSIONARIA HYUNDAI/CTTU NO LOCAL BATEDORES ,CRAYTON E RENATO LIMA",AFOGADOS,SUBURBIO,CHOQUE,Não informado,0.0,0.0,0.0,0.0,0.0,0.0,0.0,0.0,1.0,1.0,0.0,Longo da via,Bom,Sem defeito,Perfeito estado,Seca,Perfeito estado,Faixa de pedestre,R-6a,60.0,Única,Faixa seccionada,Não informado,2021,2,2,1,11.0
2021-02-02,13:29:00,COM VÍTIMA,FINALIZADA,IMBIRIBEIRA,RUA ARQUITETO LUIZ NUNES,Não informado,PRÓX AO COLÉGIO PINHEIROS,IMBIRIBEIRA,SUBURBIO,ATROPELAMENTO DE PESSOA,Não informado,0.0,1.0,0.0,0.0,1.0,0.0,0.0,0.0,0.0,1.0,0.0,Longo da via,Bom,Não existe,Perfeito estado,Seca,Perfeito estado,Não informado,Não informado,60.0,Dupla,Faixa contínua,Não informado,2021,2,2,1,13.0
2021-02-02,21:29:40,COM VÍTIMA,FINALIZADA,CASA AMARELA,RUA CONS PERETTI,RUA MAJOR AFONSO LEAL,PROXIMO DO COZINHANDO ESCONDIDINHO,CASA AMARELA,SUBURBIO,COLISÃO LATERAL,Não informado,0.0,1.0,0.0,0.0,0.0,1.0,0.0,0.0,0.0,2.0,0.0,Cruzamento,Bom,Não existe,Não existente,Seca,Perfeito estado,Não existe,R-6a,60.0,Única,Não existe,Não informado,2021,2,2,1,21.0
2021-02-02,21:13:40,SEM VÍTIMA,FINALIZADA,AFOGADOS,RUA SAO MIGUEL,Não informado,PRÓX A PRAÇA DE AFOGADOS,AFOGADOS,Não informado,COLISÃO,Não informado,1.0,0.0,0.0,0.0,0.0,0.0,0.0,1.0,0.0,0.0,0.0,Longo da via,Bom,Sem defeito,Perfeito estado,Seca,Perfeito estado,Faixa de pedestre,Outras,60.0,Dupla,Faixa seccionada,Não informado,2021,2,2,1,21.0
2021-02-02,21:32:40,SEM VÍTIMA,FINALIZADA,NOVA DESCOBERTA,AV VEREADOR OTACILIO AZEVEDO,Não informado,NA UPA DE NOVA DESCOBERTA,NOVA DESCOBERTA,Não informado,CHOQUE,Não informado,1.0,0.0,0.0,0.0,0.0,0.0,0.0,0.0,0.0,0.0,0.0,Outros,Bom,Não existe,Não existente,Outros,Perfeito estado,Não existe,Não há placas,30.0,Não informado,Não existe,Não informado,2021,2,2,1,21.0
2021-02-03,11:50:00,COM VÍTIMA,FINALIZADA,SANTO AMARO,RUA PALMARES,RUA ARNOBIO MARQUES,EM FRENTE AO LABORATÓRIO MUNICIPAL DE SAÚDE,SANTO AMARO,SUBURBIO,COLISÃO TRASEIRA,Não informado,1.0,1.0,0.0,0.0,0.0,0.0,0.0,0.0,0.0,1.0,0.0,Cruzamento,Chuvoso,Não existe,Incompleta,Molhada,Perfeito estado,Não existe,Outras,60.0,Única,Não existe,Não informado,2021,2,3,2,11.0
2021-02-03,12:16:00,COM VÍTIMA,CANCELADA,MADALENA,RUA JOSE OSORIO,Não informado,E/F A PREMIER AUTO  PROX A AUTO CAR,MADALENA,Não informado,COLISÃO,Não informado,1.0,1.0,0.0,0.0,0.0,0.0,0.0,0.0,0.0,1.0,0.0,Não informado,Não informado,Não informado,Não informado,Não informado,Não informado,Não informado,Não informado,60.0,Não informado,Não informado,Não informado,2021,2,3,2,12.0
2021-02-03,13:20:00,COM VÍTIMA,FINALIZADA,BOA VIAGEM,AV ENGENHEIRO DOMINGOS FERREIRA,RUA RIBEIRO DE BRITO,E/F ACADEMIA HI   SUB ADELSON NO LOCAL,BOA VIAGEM,SUBURBIO,COLISÃO TRANSVERSAL,Não informado,1.0,1.0,0.0,0.0,0.0,0.0,0.0,0.0,0.0,1.0,0.0,Cruzamento,Bom,Sem defeito,Perfeito estado,Seca,Perfeito estado,Agente,Outras,60.0,Única,Faixa seccionada,Não informado,2021,2,3,2,13.0
2021-02-03,13:24:00,SEM VÍTIMA,FINALIZADA,DERBY,RUA JORNALISTA PAULO BITTENCOURT,Não informado,PROXIMO A RESTAURAÇÃO,DERBY,Não informado,CHOQUE,Não informado,0.0,0.0,0.0,0.0,0.0,0.0,0.0,0.0,0.0,0.0,0.0,Longo da via,Bom,Não existe,Perfeito estado,Molhada,Perfeito estado,Não existe,Outras,30.0,Dupla,Faixa seccionada,Não informado,2021,2,3,2,13.0
2021-02-03,14:11:00,COM VÍTIMA,FINALIZADA,JORDÃO,AV MARIA IRENE,RUA BRITANIA,LADO OPOSTO DE JORDAO MOTOS,JORDÃO,SUBURBIO,COLISÃO,Não informado,0.0,1.0,0.0,0.0,0.0,1.0,0.0,0.0,0.0,1.0,0.0,Longo da via,Bom,Não existe,Ilegível,Seca,Perfeito estado,Outros,Não há placas,60.0,Dupla,Não existe,Não informado,2021,2,3,2,14.0
2021-02-03,15:28:00,COM VÍTIMA,FINALIZADA,DERBY,AV GOVERNADOR AGAMENON MAGALHAES,Não informado,E/F AO CENTRO DE REPRODUÇAO HUMANA S/T OLINDA,DERBY,OLINDA,ATROPELAMENTO DE PESSOA,Não informado,2.0,1.0,0.0,0.0,1.0,0.0,0.0,0.0,0.0,1.0,0.0,Longo da via,Bom,Sem defeito,Perfeito estado,Seca,Perfeito estado,Faixa de pedestre,Não informado,60.0,Única,Canteiro central,Não informado,2021,2,3,2,15.0
2021-02-03,19:23:00,COM VÍTIMA,FINALIZADA,TEJIPIÓ,AV DR JOSE RUFINO,RUA DO SANCHO,"E/F A ESTAÇÃO DE METRÔ DE TEJIPIÓ, SNT JABOATÃO / SEMÁFORO 434.",TEJIPIÓ,SUBURBIO,ATROPELAMENTO DE PESSOA,Não informado,0.0,0.0,0.0,0.0,1.0,1.0,0.0,0.0,0.0,1.0,0.0,Longo da via,Bom,Sem defeito,Perfeito estado,Seca,Perfeito estado,Faixa de pedestre,Não informado,40.0,Dupla,Faixa contínua,Não informado,2021,2,3,2,19.0
2021-02-03,20:11:00,COM VÍTIMA,CANCELADA,IMBIRIBEIRA,RUA ITACARI,RUA ITAJAI,POR TRÁS DO BANCO ITAU / PRÓX A EMPRESA GOPIL,IMBIRIBEIRA,Não informado,COLISÃO,Não informado,1.0,1.0,0.0,0.0,0.0,0.0,0.0,0.0,0.0,2.0,0.0,Não informado,Não informado,Não informado,Não informado,Não informado,Não informado,Não informado,Não informado,60.0,Não informado,Não informado,Não informado,2021,2,3,2,20.0
2021-02-04,15:04:00,COM VÍTIMA,FINALIZADA,ÁGUA FRIA,EST VELHA DE AGUA FRIA,RUA RIOLANDIA,EM FRENTE À CLINICARDIO,ÁGUA FRIA,CIDADE,COLISÃO LATERAL,Não informado,1.0,1.0,0.0,0.0,0.0,0.0,0.0,0.0,0.0,2.0,0.0,Esquina,Bom,Não existe,Não existente,Seca,Perfeito estado,Não existe,Não há placas,60.0,Única,Faixa seccionada,Não informado,2021,2,4,3,15.0
2021-02-04,15:24:00,COM VÍTIMA,CANCELADA,IMBIRIBEIRA,RUA ITAJAI,RUA ITACARE,PRÓX À YNOVE,IMBIRIBEIRA,Não informado,COLISÃO,Não informado,1.0,1.0,0.0,0.0,0.0,0.0,0.0,0.0,0.0,1.0,0.0,Não informado,Não informado,Não informado,Não informado,Não informado,Não informado,Não informado,Não informado,60.0,Não informado,Não informado,Não informado,2021,2,4,3,15.0
2021-02-04,16:24:00,COM VÍTIMA,FINALIZADA,IMBIRIBEIRA,AV MARECHAL MASCARENHAS DE MORAES,Não informado,EM FRENTE AO PONTO DA LOCALIZA / EM FRENTE A AEROPORTO,IMBIRIBEIRA,SUBURBIO,COLISÃO LATERAL,Não informado,1.0,1.0,0.0,0.0,0.0,0.0,0.0,0.0,0.0,2.0,0.0,Outros,Bom,Sem defeito,Perfeito estado,Seca,Perfeito estado,Faixa de pedestre,Outras,60.0,Única,Faixa seccionada,Não informado,2021,2,4,3,16.0
2021-02-04,19:05:00,COM VÍTIMA,CANCELADA,TAMARINEIRA,EST VELHA DE AGUA FRIA,AV PROFESSOR JOSE DOS ANJOS,PRÓXIMO AO DENOX,TAMARINEIRA,Não informado,COLISÃO,Não informado,0.0,0.0,0.0,0.0,0.0,0.0,0.0,0.0,0.0,1.0,0.0,Não informado,Não informado,Não informado,Não informado,Não informado,Não informado,Não informado,Não informado,60.0,Não informado,Não informado,Não informado,2021,2,4,3,19.0
2021-02-04,19:18:00,COM VÍTIMA,FINALIZADA,CAMPO GRANDE,RUA JERONIMO VILELA,AV PROFESSOR JOSE DOS ANJOS,EM FRENTE AO AÇOUGUE DE PINGO,CAMPO GRANDE,SUBURBIO,COLISÃO TRANSVERSAL,Não informado,1.0,1.0,0.0,0.0,0.0,0.0,0.0,0.0,0.0,1.0,0.0,Cruzamento,Bom,Sem defeito,Incompleta,Seca,Mal iluminada,Não existe,Não há placas,60.0,Dupla,Não existe,Não informado,2021,2,4,3,19.0
2021-02-04,20:29:00,COM VÍTIMA,CANCELADA,GRAÇAS,AV RUI BARBOSA,Não informado,PRÓX AO TRE // EM FRENTE AO RESTAURANTE PACHIO,GRAÇAS,Não informado,COLISÃO,Não informado,2.0,0.0,0.0,0.0,0.0,0.0,0.0,0.0,0.0,1.0,0.0,Não informado,Não informado,Não informado,Não informado,Não informado,Não informado,Não informado,Não informado,60.0,Não informado,Não informado,Não informado,2021,2,4,3,20.0
2021-02-04,21:46:40,COM VÍTIMA,CANCELADA,VÁRZEA,AV PROFESSOR ARTUR DE SA,RUA GENERAL POLIDORO,AO LADO DO POSTO CDU,VÁRZEA,Não informado,COLISÃO,Não informado,1.0,1.0,0.0,0.0,0.0,0.0,0.0,0.0,0.0,1.0,0.0,Não informado,Não informado,Não informado,Não informado,Não informado,Não informado,Não informado,Não informado,60.0,Não informado,Não informado,Não informado,2021,2,4,3,21.0
2021-02-05,00:31:00,SEM VÍTIMA,FINALIZADA,ILHA JOANA BEZERRA,AV CENTRAL,TRV DO RAPOSO,EMBAIXO DO PONTILHAO,ILHA JOANA BEZERRA,Não informado,COLISÃO,Não informado,1.0,1.0,0.0,0.0,0.0,0.0,0.0,0.0,0.0,0.0,0.0,Cruzamento,Bom,Não existe,Incompleta,Seca,Perfeito estado,Não existe,"Placas ""Dê a preferência""",60.0,Dupla,Não existe,Não informado,2021,2,5,4,0.0
2021-02-05,02:31:00,COM VÍTIMA,FINALIZADA,CORDEIRO,RUA DR MIGUEL VIEIRA FERREIRA,RUA CLAUDIO BROTHERHOOD,COM RUA CLAUDIO BROTHERHOOD,CORDEIRO,CIDADE,COLISÃO TRANSVERSAL,Não informado,1.0,1.0,0.0,0.0,0.0,0.0,0.0,0.0,0.0,1.0,0.0,Cruzamento,Bom,Não existe,Perfeito estado,Seca,Perfeito estado,Faixa de pedestre,Não há placas,60.0,Dupla,Faixa seccionada,Não informado,2021,2,5,4,2.0
2021-02-05,09:59:00,COM VÍTIMA,FINALIZADA,ILHA JOANA BEZERRA,VDO PAPA JOAO PAULO II,Não informado,"EM CIMA DO VIADUTO, SENT. BOA VIAGEM",ILHA JOANA BEZERRA,SUBURBIO,COLISÃO COM CICLISTA,Não informado,0.0,0.0,0.0,1.0,0.0,1.0,0.0,0.0,0.0,1.0,0.0,Longo da via,Bom,Não existe,Perfeito estado,Seca,Perfeito estado,Não existe,Não há placas,60.0,Dupla,Faixa seccionada,Não informado,2021,2,5,4,9.0
2021-02-05,10:39:00,COM VÍTIMA,FINALIZADA,BOA VISTA,RUA HENRIQUE DIAS,Não informado,EM  FRENTE  AO  HOSPITAL  LOCMED,BOA VISTA,Não informado,COLISÃO,Não informado,1.0,1.0,0.0,0.0,0.0,0.0,0.0,0.0,0.0,1.0,0.0,Não informado,Não informado,Não informado,Não informado,Não informado,Não informado,Não informado,Não informado,60.0,Não informado,Não informado,Não informado,2021,2,5,4,10.0
2021-02-05,10:57:00,COM VÍTIMA,FINALIZADA,CAMPO GRANDE,RUA ODORICO MENDES,RUA PROFESSOR FRANCISCO DA TRINDADE,EM FRENTE A SERRALHARIA PORTEL,CAMPO GRANDE,SUBURBIO,COLISÃO TRANSVERSAL,Não informado,1.0,1.0,0.0,0.0,0.0,0.0,0.0,0.0,0.0,2.0,0.0,Cruzamento,Bom,Sem defeito,Perfeito estado,Seca,Perfeito estado,Faixa de pedestre,Não informado,60.0,Dupla,Faixa contínua,Não informado,2021,2,5,4,10.0
2021-02-05,11:06:00,COM VÍTIMA,FINALIZADA,BOA VIAGEM,AV BOA VIAGEM,Não informado,PROX. A PRAÇA DE BOA VIAGEM,BOA VIAGEM,CIDADE,COLISÃO LATERAL,Não informado,1.0,1.0,0.0,0.0,0.0,0.0,0.0,0.0,0.0,1.0,0.0,Longo da via,Bom,Sem defeito,Perfeito estado,Seca,Perfeito estado,Não existe,"Placas ""Pare""",60.0,Única,Faixa seccionada,Não informado,2021,2,5,4,11.0
2021-02-05,11:18:00,COM VÍTIMA,FINALIZADA,JOANA BEZERRA,VIADUTO CAPITAO TEMUDO,Não informado,SENTIDO DERBY,JOANA BEZERRA,CIDADE,COLISÃO TRASEIRA,Não informado,1.0,1.0,0.0,0.0,0.0,0.0,0.0,0.0,0.0,1.0,0.0,Viaduto,Bom,Não existe,Perfeito estado,Seca,Perfeito estado,Não existe,Não há placas,60.0,Dupla,Canteiro central,Não informado,2021,2,5,4,11.0
2021-02-05,15:09:00,SEM VÍTIMA,CANCELADA,Não informado,AV GOVERNADOR AGAMENON MAGALHAES,Não informado,EM FRENTE AO MINISTÉRIO DO TRABALHO,Não informado,Não informado,COLISÃO,Não informado,0.0,0.0,0.0,0.0,0.0,0.0,0.0,0.0,0.0,0.0,0.0,Não informado,Não informado,Não informado,Não informado,Não informado,Não informado,Não informado,Não informado,60.0,Não informado,Não informado,Não informado,2021,2,5,4,15.0
2021-02-05,16:28:00,COM VÍTIMA,FINALIZADA,IBURA,AV DOIS RIOS,Não informado,EM FRENTE A RODRIGUES MERCADINHO E PANIFICADORA E EM FRENTE A UPA IBURA,IBURA,CIDADE,COLISÃO TRASEIRA,Não informado,1.0,1.0,0.0,0.0,0.0,0.0,0.0,0.0,0.0,1.0,0.0,Longo da via,Bom,Não existe,Perfeito estado,Seca,Perfeito estado,Não existe,Outras,60.0,Dupla,Faixa contínua,Não informado,2021,2,5,4,16.0