data,hora,natureza_acidente,situacao,bairro,endereco,detalhe_endereco_acidente,complemento,bairro_cruzamento,sentido_via,tipo,descricao,auto,moto,ciclom,ciclista,pedestre,onibus,caminhao,viatura,outros,vitimas,vitimasfatais,acidente_verificado,tempo_clima,situacao_semaforo,sinalizacao,condicao_via,conservacao_via,ponto_controle,situacao_placa,velocidade_max_via,mao_direcao,divisao_via1,natureza,ano,mes,dia,dia_semana,hora_ocorrencia
2021-02-05,20:40:00,COM VÍTIMA,FINALIZADA,PARNAMIRIM,AV PARNAMIRIM,RUA JOAO TUDE DE MELO,"PROXIMIDADES DO SHOPPING PLAZA, SNT TORRE /NA VIA DO  CANAL / ANTES DA  PONTE QUE DA ACESSO AO CARREFOUR. AO LADO DO SEBRO.",PARNAMIRIM,SUBURBIO,COLISÃO LATERAL,Não informado,0.0,1.0,0.0,0.0,0.0,0.0,0.0,1.0,0.0,2.0,0.0,Cruzamento,Bom,Sem defeito,Perfeito estado,Seca,Perfeito estado,Faixa de pedestre,Outras,60.0,Única,Faixa seccionada,Não informado,2021,2,5,4,20.0
2021-02-06,00:03:00,COM VÍTIMA,FINALIZADA,IPUTINGA,RUA LEAL DE BARROS,RUA REZENDE,CRUZAMENTO C/A RUA DR MANUEL RESENDE - PROXIMO À ESCOLA EXPOENTE.,IPUTINGA,SUBURBIO,COLISÃO FRONTAL,Não informado,1.0,1.0,0.0,0.0,0.0,0.0,0.0,0.0,0.0,1.0,0.0,Cruzamento,Bom,Não existe,Perfeito estado,Seca,Perfeito estado,Faixa de pedestre,"Placas ""Pare""",60.0,Dupla,Faixa contínua,Não informado,2021,2,6,5,0.0
2021-02-06,06:35:00,COM VÍTIMA,FINALIZADA,AFOGADOS,AV SUL,Não informado,EM FRENTE AO GRANDE ORIENTE PERNAMBUCO,AFOGADOS,IMBIRIBEIRA,QUEDA,Não informado,0.0,0.0,0.0,1.0,0.0,0.0,0.0,0.0,0.0,1.0,0.0,Não informado,Não informado,Não informado,Não informado,Não informado,Não informado,Não informado,Não informado,60.0,Não informado,Não informado,Não informado,2021,2,6,5,6.0
2021-02-06,08:19:00,SEM VÍTIMA,FINALIZADA,GUABIRABA,EST DO BARRO BRANCO,Não informado,EM FRENTE A ÁGUA MINERAL SANTA JOANA,GUABIRABA,Não informado,COLISÃO,Não informado,1.0,0.0,0.0,0.0,0.0,0.0,0.0,1.0,0.0,0.0,0.0,Longo da via,Bom,Não existe,Não existente,Seca,Mal conservada,Não existe,Não há placas,60.0,Dupla,Não existe,Não informado,2021,2,6,5,8.0
2021-02-06,14:16:00,COM VÍTIMA,FINALIZADA,BOA VIAGEM,AV ENGENHEIRO DOMINGOS FERREIRA,Não informado,EM FRENTE AO ARMAZEM CORAL  ACHAQUI/ ANTES PRACINHA DE BOA VIAGEM,BOA VIAGEM,SUBURBIO,ATROPELAMENTO DE PESSOA,Não informado,0.0,1.0,0.0,0.0,1.0,0.0,0.0,0.0,0.0,2.0,0.0,Longo da via,Bom,Não existe,Perfeito estado,Seca,Perfeito estado,Não existe,Outras,60.0,Única,Faixa seccionada,Não informado,2021,2,6,5,14.0
2021-02-06,14:42:00,COM VÍTIMA,FINALIZADA,TORRE,RUA JOSE BONIFACIO,RUA JOSE DE HOLANDA,EM FRENTE AO MERCADO DA TORRE,TORRE,Não informado,COLISÃO,Não informado,1.0,1.0,0.0,0.0,0.0,0.0,0.0,0.0,0.0,1.0,0.0,Não informado,Não informado,Não informado,Não informado,Não informado,Não informado,Não informado,Não informado,60.0,Não informado,Não informado,Não informado,2021,2,6,5,14.0
2021-02-06,17:02:00,COM VÍTIMA,FINALIZADA,MADALENA,AV ENGENHEIRO ABDIAS DE CARVALHO,RUA JOAO IVO DA SILVA,AO LADO DA HABIB'S,MADALENA,AFOGADOS,COLISÃO TRANSVERSAL,Não informado,1.0,1.0,0.0,0.0,0.0,0.0,0.0,0.0,0.0,1.0,0.0,Cruzamento,Bom,Sem defeito,Perfeito estado,Seca,Perfeito estado,Faixa de pedestre,Outras,60.0,Única,Canteiro central,Não informado,2021,2,6,5,17.0
2021-02-06,17:20:00,SEM VÍTIMA,FINALIZADA,BOA VIAGEM,AV DOM JOAO VI,Não informado,Não informado,BOA VIAGEM,SUBURBIO,COLISÃO,Não informado,2.0,0.0,0.0,0.0,0.0,0.0,0.0,0.0,0.0,0.0,0.0,Não informado,Não informado,Não informado,Não informado,Não informado,Não informado,Não informado,Não informado,60.0,Não informado,Não informado,Não informado,2021,2,6,5,17.0
2021-02-06,18:37:00,SEM VÍTIMA,CANCELADA,BOA VIAGEM,AV CONSELHEIRO AGUIAR,RUA PEREIRA DA COSTA,EM FRENTE AO URBAN  ARTS,BOA VIAGEM,Não informado,COLISÃO,Não informado,2.0,0.0,0.0,0.0,0.0,0.0,0.0,0.0,0.0,0.0,0.0,Não informado,Não informado,Não informado,Não informado,Não informado,Não informado,Não informado,Não informado,60.0,Não informado,Não informado,Não informado,2021,2,6,5,18.0
2021-02-07,00:13:00,COM VÍTIMA,FINALIZADA,NOVA DESCOBERTA,RUA BETINHA,Não informado,ANTES DA ENTRADA DO CÓRREGO DA AREIA,NOVA DESCOBERTA,SUBURBIO,CHOQUE,Não informado,3.0,0.0,0.0,0.0,0.0,0.0,0.0,0.0,0.0,1.0,0.0,Longo da via,Bom,Não existe,Não existente,Seca,Perfeito estado,Não existe,Não há placas,60.0,Dupla,Não existe,Não informado,2021,2,7,6,0.0
2021-02-07,18:10:00,COM VÍTIMA,FINALIZADA,JORDÃO,RUA DR ANDRADE LYRA,RUA DES EVANDRO NETTO,AO LADO DA ESC. MUNIC. PINTOR LULA CARDOSO AYRES/  RUA DO TERMINAL DE ÔNIBUS  JORDÃO BAIXO,JORDÃO,CIDADE,COLISÃO TRANSVERSAL,Não informado,1.0,1.0,0.0,0.0,0.0,0.0,0.0,0.0,0.0,1.0,0.0,Longo da via,Bom,Não existe,Perfeito estado,Seca,Não informado,Faixa de pedestre,Não informado,60.0,Única,Não informado,Não informado,2021,2,7,6,18.0
2021-02-07,23:01:40,SEM VÍTIMA,FINALIZADA,DERBY,AV GOVERNADOR AGAMENON MAGALHAES,Não informado,"NA PISTA PARALELA  MCDONALDS, SNT BV / PRÓXAO HR",DERBY,Não informado,COLISÃO,Não informado,2.0,0.0,0.0,0.0,0.0,0.0,0.0,0.0,0.0,0.0,0.0,Cruzamento,Bom,Sem defeito,Perfeito estado,Seca,Mal iluminada,Faixa de pedestre,Não informado,60.0,Dupla,Faixa contínua,Não informado,2021,2,7,6,23.0
2021-02-08,07:22:00,COM VÍTIMA,FINALIZADA,CAMPO GRANDE,RUA JERONIMO VILELA,RUA FRANKLIN TAVORA,AO LADO DO NÚMERO 475,CAMPO GRANDE,SUBURBIO,COLISÃO FRONTAL,Não informado,2.0,0.0,0.0,0.0,0.0,0.0,0.0,0.0,0.0,1.0,0.0,Cruzamento,Bom,Sem defeito,Perfeito estado,Seca,Perfeito estado,Faixa de pedestre,R-6a,60.0,Dupla,Faixa contínua,Não informado,2021,2,8,0,7.0
2021-02-08,08:07:00,COM VÍTIMA,FINALIZADA,CAXANGÁ,AV PROFESSOR MORAES REGO,Não informado,LADO OPOSTO AO HAPVIDA,CAXANGÁ,Não informado,COLISÃO,Não informado,1.0,1.0,0.0,0.0,0.0,0.0,0.0,0.0,0.0,2.0,0.0,Não informado,Não informado,Não informado,Não informado,Não informado,Não informado,Não informado,Não informado,60.0,Não informado,Não informado,Não informado,2021,2,8,0,8.0
2021-02-08,08:15:00,COM VÍTIMA,FINALIZADA,IMBIRIBEIRA,RUA JAMAICA,RUA IZABEL DE SOUZA,AO LADO DA CASA DO MARCENEIRO. BS BLINDAGENS.,IMBIRIBEIRA,MASC. MORAES,COLISÃO TRASEIRA,Não informado,1.0,1.0,0.0,0.0,0.0,0.0,0.0,0.0,0.0,1.0,0.0,Cruzamento,Bom,Não existe,Perfeito estado,Seca,Perfeito estado,Não existe,"Placas ""Pare""",60.0,Única,Faixa seccionada,Não informado,2021,2,8,0,8.0
2021-02-08,12:20:00,COM VÍTIMA,FINALIZADA,SÃO JOSÉ,AV MARTINS DE BARROS,Não informado,EM FRENTE AO TERMINAL INTEGRADO DO CAIS DE SANTA RITA.,SÃO JOSÉ,SUBURBIO,COLISÃO LATERAL,Não informado,1.0,1.0,0.0,0.0,0.0,0.0,0.0,0.0,0.0,1.0,0.0,Cruzamento,Bom,Sem defeito,Perfeito estado,Seca,Perfeito estado,Faixa de pedestre,Outras,60.0,Dupla,Canteiro central,Não informado,2021,2,8,0,12.0
2021-02-08,12:39:00,COM VÍTIMA,FINALIZADA,ENCRUZILHADA,RUA CEARA,RUA JULIAO NETO,PRÓX AO BAR DO TONHÃO,ENCRUZILHADA,SUBURBIO,COLISÃO TRANSVERSAL,Não informado,1.0,1.0,0.0,0.0,0.0,0.0,0.0,0.0,0.0,1.0,0.0,Longo da via,Bom,Não existe,Incompleta,Seca,Perfeito estado,Não existe,Outras,60.0,Única,Não existe,Não informado,2021,2,8,0,12.0
2021-02-08,15:19:00,COM VÍTIMA,FINALIZADA,SANTO AMARO,AV JOAO DE BARROS,Não informado,EM BAIXO DO VIADUTO DA JOAO DE BARROS / EM FRENTE AO EMPRESARIO BULIMAX,SANTO AMARO,SUBURBIO,COLISÃO LATERAL,Não informado,1.0,1.0,0.0,0.0,0.0,0.0,0.0,0.0,0.0,1.0,0.0,Longo da via,Bom,Não existe,Perfeito estado,Seca,Perfeito estado,Não existe,Não há placas,60.0,Única,Faixa seccionada,Não informado,2021,2,8,0,15.0
2021-02-08,18:15:00,COM VÍTIMA,FINALIZADA,IPSEP,RUA PAMPULHA,Não informado,PRÓXIMO À FACULDADE BOA VIAGEM,IPSEP,Não informado,TOMBAMENTO,Não informado,0.0,1.0,0.0,0.0,0.0,0.0,0.0,0.0,0.0,1.0,0.0,Longo da via,Bom,Não informado,Perfeito estado,Seca,Perfeito estado,Agente,Não há placas,40.0,Única,Faixa seccionada,Não informado,2021,2,8,0,18.0
2021-02-08,20:42:40,COM VÍTIMA,FINALIZADA,APIPUCOS,RUA DE APIPUCOS,RUA ALIANCA,EM FRENTE AO 11º BATALHÃO DA PM E SEMÁFORO 248,APIPUCOS,Não informado,COLISÃO TRANSVERSAL,Não informado,0.0,2.0,0.0,0.0,0.0,0.0,0.0,0.0,0.0,1.0,0.0,Cruzamento,Bom,Sem defeito,Perfeito estado,Seca,Perfeito estado,Não existe,Não há placas,60.0,Dupla,Não existe,Não informado,2021,2,8,0,20.0
2021-02-09,06:32:00,COM VÍTIMA,FINALIZADA,ENCRUZILHADA,RUA FERNANDO CESAR,RUA AMARO COUTINHO,EM  FRENTE  A  LOJA   GDA  EQUIPAMENTOS . PRÓXIMO À PRAÇA DOM MIGUEL VALVERDE.,ENCRUZILHADA,CIDADE,COLISÃO TRANSVERSAL,Não informado,1.0,1.0,0.0,0.0,0.0,0.0,0.0,0.0,0.0,2.0,0.0,Cruzamento,Bom,Não existe,Perfeito estado,Seca,Perfeito estado,Faixa de pedestre,"Placas ""Pare""",30.0,Única,Faixa seccionada,Não informado,2021,2,9,1,6.0
2021-02-09,11:26:00,COM VÍTIMA,FINALIZADA,SANTO AMARO,RUA AURORA,Não informado,LADO OPOSTO AO CLUBE DE REMO NÁUTICO CAPIBARIBE.,SANTO AMARO,SUBURBIO,COLISÃO TRASEIRA,Não informado,0.0,2.0,0.0,0.0,0.0,0.0,0.0,0.0,0.0,1.0,0.0,Longo da via,Bom,Não existe,Perfeito estado,Seca,Perfeito estado,Não existe,Não há placas,60.0,Dupla,Canteiro central,Não informado,2021,2,9,1,11.0
2021-02-09,14:18:00,COM VÍTIMA,FINALIZADA,TORRE,RUA REAL DA TORRE,RUA CONDE DE IRAJA,NO SEMÁFORO 106,TORRE,Não informado,COLISÃO LATERAL,Não informado,1.0,1.0,0.0,0.0,0.0,0.0,0.0,0.0,0.0,1.0,0.0,Cruzamento,Bom,Sem defeito,Perfeito estado,Seca,Perfeito estado,Faixa de pedestre,Outras,60.0,Não informado,Faixa seccionada,Não informado,2021,2,9,1,14.0
2021-02-09,16:35:00,COM VÍTIMA,FINALIZADA,ESPINHEIRO,RUA AMELIA,RUA DR VICENTE MEIRA,AO LADO DO ESPINHEIRO SHOPPING,ESPINHEIRO,CIDADE,COLISÃO LATERAL,Não informado,1.0,1.0,0.0,0.0,0.0,0.0,0.0,0.0,0.0,1.0,0.0,Esquina,Bom,Não existe,Perfeito estado,Seca,Perfeito estado,Não existe,"Placas ""Pare""",40.0,Única,Faixa seccionada,Não informado,2021,2,9,1,16.0
2021-02-09,16:46:00,COM VÍTIMA,FINALIZADA,JIQUIÁ,RUA SAO MIGUEL,Não informado,PROX A FABRICA DA HIOLANDA. EM FRENTE AO POSTO PETROISA.,JIQUIÁ,CIDADE,COLISÃO LATERAL,Não informado,2.0,1.0,0.0,0.0,0.0,0.0,0.0,0.0,0.0,1.0,0.0,Longo da via,Bom,Não existe,Perfeito estado,Seca,Perfeito estado,Não existe,Não há placas,60.0,Dupla,Faixa contínua,Não informado,2021,2,9,1,16.0
2021-02-09,18:15:00,COM VÍTIMA,FINALIZADA,AFOGADOS,RUA SAO MIGUEL,Não informado,LADO OPOSTO AO POSTO IPIRANGA,AFOGADOS,CIDADE,COLISÃO LATERAL,Não informado,1.0,1.0,0.0,0.0,0.0,0.0,0.0,0.0,0.0,1.0,0.0,Longo da via,Bom,Não existe,Perfeito estado,Seca,Perfeito estado,Não existe,Não há placas,60.0,Dupla,Faixa contínua,Não informado,2021,2,9,1,18.0
2021-02-09,20:19:00,COM VÍTIMA,FINALIZADA,BOA VISTA,AV GOVERNADOR AGAMENON MAGALHAES,Não informado,EM FRENTE AO BANCO DO BRASIL / SENTIDO OLINDA,BOA VISTA,OLINDA,COLISÃO LATERAL,Não informado,0.0,2.0,0.0,0.0,0.0,0.0,0.0,0.0,0.0,1.0,0.0,Longo da via,Bom,Sem defeito,Perfeito estado,Seca,Perfeito estado,Não existe,Não há placas,60.0,Dupla,Canteiro central,Não informado,2021,2,9,1,20.0
2021-02-10,06:26:00,SEM VÍTIMA,FINALIZADA,ILHA DO LEITE,RUA ESTADO DE ISRAEL,Não informado,APÓS O Nº 228,ILHA DO LEITE,CIDADE,CHOQUE,Não informado,2.0,0.0,0.0,0.0,0.0,0.0,0.0,0.0,0.0,0.0,0.0,Longo da via,Chuvoso,Não existe,Perfeito estado,Molhada,Perfeito estado,Faixa de pedestre,R-6a,60.0,Única,Faixa contínua,Não informado,2021,2,10,2,6.0
2021-02-10,06:47:00,COM VÍTIMA,FINALIZADA,CASA AMARELA,AV NORTE,Não informado,LADO OPOSTO AO ARMAZÉM CORAL.,CASA AMARELA,SUBURBIO,TOMBAMENTO,Não informado,0.0,1.0,0.0,0.0,0.0,0.0,0.0,0.0,0.0,1.0,0.0,Longo da via,Chuvoso,Não existe,Perfeito estado,Molhada,Perfeito estado,Não existe,R-6a,60.0,Dupla,Faixa seccionada,Não informado,2021,2,10,2,6.0
2021-02-10,07:31:00,COM VÍTIMA,FINALIZADA,CASA AMARELA,RUA PAULA BATISTA,RUA XAVANTES,ESQUINA CENTRO ESPIRITA MOACIR,CASA AMARELA,CIDADE,COLISÃO TRANSVERSAL,Não informado,2.0,0.0,0.0,0.0,0.0,0.0,0.0,0.0,0.0,1.0,0.0,Cruzamento,Chuvoso,Não existe,Perfeito estado,Molhada,Perfeito estado,Faixa de retenção,"Placas ""Pare""",30.0,Dupla,Faixa seccionada,Não informado,2021,2,10,2,7.0
2021-02-10,08:27:00,COM VÍTIMA,FINALIZADA,SÃO JOSÉ,AV SUL,Não informado,EM FRENTE A CAPITANIA DOS PORTOS,SÃO JOSÉ,CIDADE,TOMBAMENTO,Não informado,0.0,1.0,0.0,0.0,0.0,0.0,0.0,0.0,0.0,2.0,0.0,Longo da via,Bom,Sem defeito,Perfeito estado,Seca,Perfeito estado,Não existe,R-6a,60.0,Única,Faixa seccionada,Não informado,2021,2,10,2,8.0
2021-02-10,08:33:00,COM VÍTIMA,FINALIZADA,JARDIM SÃO PAULO,RUA LEANDRO BARRETO,Não informado,EM FRENTE A SERGIO DAS RAÇÕES,JARDIM SÃO PAULO,CIDADE,COLISÃO TRANSVERSAL,Não informado,1.0,1.0,0.0,0.0,0.0,0.0,0.0,0.0,0.0,2.0,0.0,Longo da via,Bom,Não existe,Incompleta,Seca,Mal conservada,Não existe,R-19,60.0,Dupla,Não existe,Não informado,2021,2,10,2,8.0
2021-02-10,10:58:00,SEM VÍTIMA,FINALIZADA,IBURA,AV DOIS RIOS,Não informado,EM FRENTE A  ODONTOMEDIC,IBURA,SUBURBIO,COLISÃO LATERAL,Não informado,2.0,0.0,0.0,0.0,0.0,0.0,0.0,0.0,0.0,0.0,0.0,Longo da via,Bom,Não existe,Perfeito estado,Seca,Perfeito estado,Não existe,Outras,60.0,Dupla,Faixa contínua,Não informado,2021,2,10,2,10.0
2021-02-10,15:12:00,COM VÍTIMA,CANCELADA,ESTÂNCIA,AV RECIFE,Não informado,EM FRENTE AO ANTIGO MAKRO,ESTÂNCIA,Não informado,COLISÃO,Não informado,0.0,2.0,0.0,0.0,0.0,0.0,0.0,0.0,0.0,2.0,0.0,Não informado,Não informado,Não informado,Não informado,Não informado,Não informado,Não informado,Não informado,60.0,Não informado,Não informado,Não informado,2021,2,10,2,15.0
2021-02-11,07:52:00,COM VÍTIMA,FINALIZADA,VÁRZEA,AV AFONSO OLINDENSE,Não informado,EM FRENTE AO EDF. PRAÇA DAS ARAUCARIAS,VÁRZEA,VÁRZEA,COLISÃO LATERAL,Não informado,1.0,1.0,0.0,0.0,0.0,0.0,0.0,0.0,0.0,1.0,0.0,Longo da via,Bom,Não existe,Perfeito estado,Seca,Perfeito estado,Outros,Outras,30.0,Dupla,Faixa contínua,Não informado,2021,2,11,3,7.0
2021-02-11,08:12:00,COM VÍTIMA,FINALIZADA,IPUTINGA,RUA SAO MATEUS,Não informado,EM   FRENTE  A  IGREJA  UNIVERSAL. AO LADO DO ARMARINHO ADONAI.,IPUTINGA,CIDADE,COLISÃO COM CICLISTA,Não informado,0.0,1.0,0.0,1.0,0.0,0.0,0.0,0.0,0.0,1.0,0.0,Longo da via,Bom,Não existe,Não existente,Seca,Perfeito estado,Não existe,Não há placas,30.0,Dupla,Faixa contínua,Não informado,2021,2,11,3,8.0
2021-02-11,13:29:00,COM VÍTIMA,FINALIZADA,CORDEIRO,AV ENGENHEIRO ABDIAS DE CARVALHO,Não informado,PROXIMO AO SEMÁFORO 058 E AO LADO OPOTO DO CAMARÃO DO LEO/ SENTIDO CIDADE. POSTE Nº B062560,CORDEIRO,CIDADE,COLISÃO TRASEIRA,Não informado,1.0,1.0,0.0,0.0,0.0,0.0,0.0,0.0,0.0,1.0,0.0,Longo da via,Bom,Sem defeito,Perfeito estado,Seca,Perfeito estado,Faixa de pedestre,R-6a,60.0,Única,Faixa seccionada,Não informado,2021,2,11,3,13.0
2021-02-11,15:28:00,COM VÍTIMA,FINALIZADA,PRADO,AV ENGENHEIRO ABDIAS DE CARVALHO,Não informado,EM FRENTE A ENGEFRIO / SENTIDO CIDADE,PRADO,CIDADE,COLISÃO LATERAL,Não informado,1.0,1.0,0.0,0.0,0.0,0.0,0.0,0.0,0.0,1.0,0.0,Longo da via,Bom,Sem defeito,Perfeito estado,Seca,Perfeito estado,Não existe,Não há placas,60.0,Única,Canteiro central,Não informado,2021,2,11,3,15.0
2021-02-11,16:46:00,COM VÍTIMA,FINALIZADA,SANCHO,AV LIBERDADE,Não informado,LADO OPOSTO AO CEMITÉRIO PARQUE DAS FLORES.,SANCHO,CIDADE,COLISÃO COM CICLISTA,Não informado,1.0,0.0,0.0,1.0,0.0,0.0,0.0,0.0,0.0,1.0,0.0,Longo da via,Bom,Não existe,Incompleta,Seca,Perfeito estado,Faixa de pedestre,Não há placas,60.0,Dupla,Faixa contínua,Não informado,2021,2,11,3,16.0
2021-02-11,17:43:00,COM VÍTIMA,FINALIZADA,AFOGADOS,EST DOS REMEDIOS,RUA TABAIARES,EM FRENTE À HYUNDAI PATEO,AFOGADOS,CIDADE,COLISÃO TRANSVERSAL,Não informado,1.0,1.0,0.0,0.0,0.0,0.0,0.0,0.0,0.0,1.0,0.0,Longo da via,Bom,Desligado,Perfeito estado,Seca,Perfeito estado,Faixa de retenção,R-6a,60.0,Única,Faixa seccionada,Não informado,2021,2,11,3,17.0
2021-02-11,20:59:00,COM VÍTIMA,FINALIZADA,MADALENA,AV VISCONDE DE ALBUQUERQUE,Não informado,PRÓX AO BOMPREÇO / EM FRENTE AO MUNDO DO CABELOS. EDF. PEDRO RODRIGUES.,MADALENA,SUBURBIO,COLISÃO TRASEIRA,Não informado,1.0,1.0,0.0,0.0,0.0,0.0,0.0,0.0,0.0,1.0,0.0,Longo da via,Bom,Não existe,Perfeito estado,Seca,Perfeito estado,Não existe,Outras,60.0,Única,Faixa seccionada,Não informado,2021,2,11,3,20.0
2021-02-11,20:53:40,COM VÍTIMA,CANCELADA,VÁRZEA,RUA GASTAO VIDIGAL,AV JOAQUIM RIBEIRO,PRÓX A UPA DA CAXANGÁ / SEMÁFORO 281,VÁRZEA,Não informado,COLISÃO COM CICLISTA,Não informado,1.0,0.0,0.0,1.0,0.0,0.0,0.0,0.0,0.0,1.0,0.0,Não informado,Não informado,Não informado,Não informado,Não informado,Não informado,Não informado,Não informado,60.0,Não informado,Não informado,Não informado,2021,2,11,3,20.0
2021-02-11,21:34:40,COM VÍTIMA,FINALIZADA,BOA VISTA,RUA JOAO LIRA,RUA DA SAUDADE,PRÓX AO 13 DE MAIO - E/F AO EDF MARAJÓ,BOA VISTA,CIDADE,COLISÃO TRANSVERSAL,Não informado,1.0,0.0,0.0,0.0,0.0,0.0,0.0,1.0,0.0,1.0,0.0,Cruzamento,Bom,Sem defeito,Perfeito estado,Seca,Perfeito estado,Faixa de pedestre,R-3,30.0,Única,Não informado,Não informado,2021,2,11,3,21.0
2021-02-12,06:13:00,COM VÍTIMA,CANCELADA,IMBIRIBEIRA,PRC MINISTRO SALGADO FILHO,Não informado,NO PORTÃO DE ENTRADA DO AEROPORTO,IMBIRIBEIRA,Não informado,ATROPELAMENTO DE PESSOA,Não informado,0.0,1.0,0.0,0.0,1.0,0.0,0.0,0.0,0.0,2.0,0.0,Não informado,Não informado,Não informado,Não informado,Não informado,Não informado,Não informado,Não informado,60.0,Não informado,Não informado,Não informado,2021,2,12,4,6.0
2021-02-12,07:58:00,COM VÍTIMA,FINALIZADA,CASA AMARELA,AV NORTE,Não informado,AO LADO DA FARMACIA BOM JESUS. LADO OPOSTO À LOTERIA NORTE.,CASA AMARELA,SUBURBIO,COLISÃO TRASEIRA,Não informado,1.0,1.0,0.0,0.0,0.0,0.0,0.0,0.0,0.0,1.0,0.0,Longo da via,Bom,Sem defeito,Perfeito estado,Seca,Perfeito estado,Não existe,Não há placas,60.0,Dupla,Canteiro central,Não informado,2021,2,12,4,7.0
2021-02-12,12:26:00,COM VÍTIMA,FINALIZADA,IPSEP,RUA POTENGY,Não informado,PRÓX AO SUPERMERCADO STYLO. PRAÇA JARDIM AMÉRICA.,IPSEP,AV. MASC MORAIS,CHOQUE,Não informado,1.0,2.0,0.0,0.0,0.0,0.0,0.0,0.0,0.0,1.0,0.0,Longo da via,Bom,Não existe,Perfeito estado,Seca,Perfeito estado,Não existe,Outras,20.0,Única,Não existe,Não informado,2021,2,12,4,12.0
2021-02-12,12:59:00,SEM VÍTIMA,FINALIZADA,ARRUDA,RUA PETRONILA BOTELHO,Não informado,POR TRÁS DO ESTÁDIO DO ARRUDA,ARRUDA,SUBURBIO,COLISÃO LATERAL,Não informado,0.0,2.0,0.0,0.0,0.0,0.0,0.0,0.0,0.0,0.0,0.0,Longo da via,Bom,Não existe,Não existente,Seca,Perfeito estado,Não existe,Não há placas,60.0,Dupla,Não existe,Não informado,2021,2,12,4,12.0
2021-02-12,14:36:00,COM VÍTIMA,FINALIZADA,AFOGADOS,RUA SAO MIGUEL,Não informado,LADO OPOSTO AO DEPATRI.,AFOGADOS,CIDADE,COLISÃO TRANSVERSAL,Não informado,0.0,1.0,0.0,0.0,0.0,0.0,0.0,1.0,0.0,1.0,0.0,Longo da via,Bom,Sem defeito,Perfeito estado,Seca,Perfeito estado,Não existe,R-6a,60.0,Dupla,Faixa contínua,Não informado,2021,2,12,4,14.0
2021-02-12,16:24:00,SEM VÍTIMA,FINALIZADA,MACAXEIRA,AV NORTE,Não informado,"ACADEMIA DA SAÚDE, AO LADO DO Nº 7368",MACAXEIRA,SUBURBIO,CHOQUE,Não informado,1.0,0.0,0.0,0.0,0.0,1.0,0.0,0.0,0.0,0.0,0.0,Longo da via,Bom,Não existe,Perfeito estado,Seca,Perfeito estado,Não existe,R-6a,60.0,Dupla,Canteiro central,Não informado,2021,2,12,4,16.0
2021-02-12,19:25:00,COM VÍTIMA,FINALIZADA,IBURA,AV DOIS RIOS,RUA FERNANDO TOMAZ DA SILVA,PRÓX A FARMÁCIA PAGUE MENOS,IBURA,CIDADE,COLISÃO LATERAL,Não informado,1.0,2.0,0.0,0.0,0.0,0.0,0.0,0.0,0.0,1.0,0.0,Longo da via,Bom,Sem defeito,Perfeito estado,Seca,Perfeito estado,Faixa de retenção,Não informado,60.0,Não informado,Não informado,Não informado,2021,2,12,4,19.0
2021-02-13,00:16:00,SEM VÍTIMA,CANCELADA,BOA VISTA,LGO DA SANTA CRUZ,Não informado,EM FRENTE AO GOVEIA DE BARROS,BOA VISTA,Não informado,COLISÃO,Não informado,2.0,0.0,0.0,0.0,0.0,0.0,0.0,0.0,0.0,0.0,0.0,Não informado,Não informado,Não informado,Não informado,Não informado,Não informado,Não informado,Não informado,60.0,Não informado,Não informado,Não informado,2021,2,13,5,0.0
2021-02-13,00:26:00,COM VÍTIMA,FINALIZADA,BOA VISTA,RUA DO RIACHUELO,RUA DA AURORA,Não informado,BOA VISTA,SUBURBIO,COLISÃO TRASEIRA,Não informado,1.0,1.0,0.0,0.0,0.0,0.0,0.0,0.0,0.0,1.0,0.0,Cruzamento,Bom,Sem defeito,Perfeito estado,Seca,Perfeito estado,Outros,R-6a,40.0,Única,Faixa seccionada,Não informado,2021,2,13,5,0.0
2021-02-13,08:28:00,SEM VÍTIMA,FINALIZADA,PAISSANDU,AV GOVERNADOR AGAMENON MAGALHAES,Não informado,E/F AO HOSPITAL PORTUGUÊS,PAISSANDU,Não informado,CHOQUE,Não informado,0.0,0.0,0.0,0.0,0.0,0.0,0.0,1.0,0.0,0.0,0.0,Não informado,Não informado,Não informado,Não informado,Não informado,Não informado,Não informado,Não informado,60.0,Não informado,Não informado,Não informado,2021,2,13,5,8.0
2021-02-14,07:57:00,COM VÍTIMA,FINALIZADA,ILHA JOANA BEZERRA,VDO PAPA JOAO PAULO II,Não informado,PRÓXIMO A PASSARELA. LADO OPOSTO AO FORUM RODOLFO AURELIANO.,ILHA JOANA BEZERRA,SUBURBIO,TOMBAMENTO,Não informado,0.0,1.0,0.0,0.0,0.0,0.0,0.0,0.0,0.0,1.0,0.0,Viaduto,Chuvoso,Não existe,Perfeito estado,Molhada,Não informado,Outros,R-19,60.0,Dupla,Canteiro central,Não informado,2021,2,14,6,7.0
2021-02-14,10:17:00,COM VÍTIMA,FINALIZADA,MUSTARDINHA,RUA VINTE E UM DE ABRIL,Não informado,TEERMINAL DE MUSTARDINHA,MUSTARDINHA,AFOGADOS,COLISÃO FRONTAL,Não informado,0.0,1.0,0.0,0.0,0.0,1.0,0.0,0.0,0.0,2.0,0.0,Longo da via,Bom,Sem defeito,Não informado,Seca,Perfeito estado,Não informado,Não informado,60.0,Não informado,Não informado,Não informado,2021,2,14,6,10.0