data,hora,natureza_acidente,situacao,bairro,endereco,detalhe_endereco_acidente,complemento,bairro_cruzamento,sentido_via,tipo,descricao,auto,moto,ciclom,ciclista,pedestre,onibus,caminhao,viatura,outros,vitimas,vitimasfatais,acidente_verificado,tempo_clima,situacao_semaforo,sinalizacao,condicao_via,conservacao_via,ponto_controle,situacao_placa,velocidade_max_via,mao_direcao,divisao_via1,natureza,ano,mes,dia,dia_semana,hora_ocorrencia
2021-02-15,09:08:00,COM VÍTIMA,FINALIZADA,SANTO AMARO,RUA COELHO LEITE,RUA DA SAUDADE,Não informado,SANTO AMARO,SUBURBIO,COLISÃO,Não informado,1.0,1.0,0.0,0.0,0.0,0.0,0.0,0.0,0.0,1.0,0.0,Longo da via,Bom,Não existe,Perfeito estado,Seca,Perfeito estado,Não informado,"Placas ""Pare""",60.0,Dupla,Faixa contínua,Não informado,2021,2,15,0,9.0
2021-02-15,11:53:00,SEM VÍTIMA,FINALIZADA,TEJIPIÓ,RUA FALCAO DE LACERDA,Não informado,PRÓXIMO A ESTAÇÃO DE METRÔ TEJIPIÓ,TEJIPIÓ,SUBURBIO,COLISÃO LATERAL,Não informado,0.0,1.0,0.0,0.0,0.0,0.0,0.0,1.0,0.0,0.0,0.0,Longo da via,Chuvoso,Não existe,Perfeito estado,Molhada,Perfeito estado,Não existe,Não há placas,60.0,Dupla,Faixa contínua,Não informado,2021,2,15,0,11.0
2021-02-15,15:50:00,SEM VÍTIMA,FINALIZADA,BOA VIAGEM,RUA DEZ DE JULHO,RUA CAMBOIM,Não informado,BOA VIAGEM,SUBURBIO,COLISÃO TRANSVERSAL,Não informado,2.0,0.0,0.0,0.0,0.0,0.0,0.0,0.0,0.0,0.0,0.0,Cruzamento,Bom,Não existe,Perfeito estado,Seca,Perfeito estado,Não existe,"Placas ""Pare""",60.0,Única,Não existe,Não informado,2021,2,15,0,15.0
2021-02-16,08:01:00,COM VÍTIMA,FINALIZADA,BOA VIAGEM,AV ENGENHEIRO DOMINGOS FERREIRA,RUA PROFESSOR JOSE BRANDAO,Não informado,BOA VIAGEM,SUBURBIO,ATROPELAMENTO DE PESSOA,Não informado,1.0,0.0,0.0,0.0,1.0,0.0,0.0,0.0,0.0,1.0,0.0,Longo da via,Bom,Sem defeito,Perfeito estado,Seca,Perfeito estado,Agente,Não informado,60.0,Única,Faixa contínua,Não informado,2021,2,16,1,8.0
2021-02-16,09:36:00,COM VÍTIMA,FINALIZADA,BOA VISTA,RUA DO RIACHUELO,RUA DO HOSPICIO,Não informado,BOA VISTA,CIDADE,COLISÃO TRASEIRA,Não informado,0.0,2.0,0.0,0.0,0.0,0.0,0.0,0.0,0.0,2.0,0.0,Cruzamento,Bom,Sem defeito,Perfeito estado,Seca,Perfeito estado,Faixa de pedestre,Outras,60.0,Única,Não existe,Não informado,2021,2,16,1,9.0
2021-02-16,12:33:00,COM VÍTIMA,FINALIZADA,TORRE,RUA SOUZA BANDEIRA,RUA MARQUES DE MARICA,Não informado,TORRE,Não informado,COLISÃO FRONTAL,Não informado,1.0,1.0,0.0,0.0,0.0,0.0,0.0,0.0,0.0,1.0,0.0,Cruzamento,Bom,Sem defeito,Perfeito estado,Seca,Perfeito estado,Faixa de retenção,Não informado,60.0,Única,Não informado,Não informado,2021,2,16,1,12.0
2021-02-16,15:00:00,COM VÍTIMA,FINALIZADA,DERBY,AV GOVERNADOR AGAMENON MAGALHAES,Não informado,ODONTO CAP; EM FRENTE À FACCEIMAGEM,DERBY,SUBURBIO,COLISÃO LATERAL,Não informado,1.0,1.0,0.0,0.0,0.0,0.0,0.0,0.0,0.0,1.0,0.0,Longo da via,Bom,Não existe,Perfeito estado,Seca,Perfeito estado,Não existe,Não há placas,60.0,Única,Faixa seccionada,Não informado,2021,2,16,1,15.0
2021-02-16,16:06:00,SEM VÍTIMA,FINALIZADA,MUSTARDINHA,AV MANOEL GONCALVES DA LUZ,Não informado,AO LADO DO POSTO TOTAL,MUSTARDINHA,Não informado,COLISÃO,Não informado,1.0,1.0,0.0,0.0,0.0,0.0,0.0,0.0,0.0,0.0,0.0,Não informado,Não informado,Não informado,Não informado,Não informado,Não informado,Não informado,Não informado,60.0,Não informado,Não informado,Não informado,2021,2,16,1,16.0
2021-02-16,17:27:00,COM VÍTIMA,FINALIZADA,CAXANGÁ,AV JOAQUIM RIBEIRO,RUA BELMIRO CORREIA,"APOS A UPA DA CAXANGA, SENTIDO CAMARAGIBE",CAXANGÁ,SUBURBIO,COLISÃO LATERAL,Não informado,1.0,2.0,0.0,0.0,0.0,0.0,0.0,0.0,0.0,3.0,0.0,Esquina,Bom,Não existe,Perfeito estado,Seca,Perfeito estado,Não existe,Outras,60.0,Dupla,Canteiro central,Não informado,2021,2,16,1,17.0
2021-02-16,18:49:00,SEM VÍTIMA,FINALIZADA,ALTO SANTA TERESINHA,AV ANIBAL BENEVOLO,Não informado,BIFURCAÇÃO COM A R. DOS ALTOS COQUEIROS,ALTO SANTA TERESINHA,Não informado,COLISÃO LATERAL,Não informado,2.0,0.0,0.0,0.0,0.0,0.0,0.0,0.0,0.0,0.0,0.0,Não informado,Bom,Não existe,Não informado,Seca,Mal iluminada,Não existe,Não há placas,60.0,Dupla,Não informado,Não informado,2021,2,16,1,18.0
2021-02-17,04:11:00,SEM VÍTIMA,CANCELADA,SAN MARTIN,RUA VINTE E UM DE ABRIL,Não informado,"PRÓXIMO A EMPREL, NO FINAL DA R. 21 DE ABRIL SENT. ABDIAS",SAN MARTIN,Não informado,COLISÃO,Não informado,2.0,0.0,0.0,0.0,0.0,0.0,0.0,0.0,0.0,0.0,0.0,Não informado,Não informado,Não informado,Não informado,Não informado,Não informado,Não informado,Não informado,60.0,Não informado,Não informado,Não informado,2021,2,17,2,4.0
2021-02-17,07:40:00,COM VÍTIMA,FINALIZADA,JARDIM SÃO PAULO,AV RECIFE,AV JOAO CABRAL DE MELO NETO,NA  ENTRADA  DE  JARDIM  SÃO  PAULO     EM  FRENTE  A EMPRESA  SERP,JARDIM SÃO PAULO,SUBURBIO,COLISÃO LATERAL,Não informado,0.0,1.0,0.0,0.0,0.0,0.0,1.0,0.0,0.0,1.0,0.0,Longo da via,Bom,Sem defeito,Perfeito estado,Seca,Perfeito estado,Faixa de pedestre,Não há placas,60.0,Dupla,Canteiro central,Não informado,2021,2,17,2,7.0
2021-02-17,07:46:00,COM VÍTIMA,FINALIZADA,CAXANGÁ,AV MAURICIO DE NASSAU,RUA ENGENHEIRO MOACYR PARAHYBA,PROX. AO  ALTINO VENTURA,CAXANGÁ,Não informado,COLISÃO TRANSVERSAL,Não informado,1.0,1.0,0.0,0.0,0.0,0.0,0.0,0.0,0.0,1.0,0.0,Cruzamento,Bom,Não existe,Não existente,Seca,Perfeito estado,Não existe,Não há placas,60.0,Dupla,Faixa contínua,Não informado,2021,2,17,2,7.0
2021-02-17,12:36:00,COM VÍTIMA,FINALIZADA,BOA VIAGEM,RUA CORONEL SERGIO HENRIQUE CARDIM,AV CONSELHEIRO AGUIAR,E/F AOS CORREIOS,BOA VIAGEM,CIDADE,ATROPELAMENTO DE PESSOA,Não informado,0.0,1.0,0.0,0.0,1.0,0.0,0.0,0.0,0.0,1.0,0.0,Cruzamento,Bom,Sem defeito,Perfeito estado,Seca,Perfeito estado,Faixa de pedestre,"Placas ""Pare""",60.0,Única,Não informado,Não informado,2021,2,17,2,12.0
2021-02-18,10:10:00,SEM VÍTIMA,FINALIZADA,MACAXEIRA,RUA LUIS JOSE DA CUNHA,Não informado,Não informado,MACAXEIRA,SUBURBIO,CHOQUE,Não informado,0.0,0.0,0.0,0.0,0.0,0.0,0.0,1.0,0.0,0.0,0.0,Longo da via,Bom,Não existe,Não existente,Seca,Mal conservada,Não existe,Não há placas,60.0,Única,Não existe,Não informado,2021,2,18,3,10.0
2021-02-18,12:20:00,COM VÍTIMA,FINALIZADA,CASA AMARELA,RUA DA HARMONIA,RUA DONA ROSA DA FONSECA,PROX AO ESCOLA VILA SEZAMO,CASA AMARELA,CIDADE,COLISÃO LATERAL,Não informado,1.0,1.0,0.0,0.0,0.0,0.0,0.0,0.0,0.0,1.0,0.0,Cruzamento,Bom,Não existe,Perfeito estado,Seca,Perfeito estado,Não existe,R-6a,60.0,Dupla,Faixa seccionada,Não informado,2021,2,18,3,12.0
2021-02-18,14:11:00,COM VÍTIMA,FINALIZADA,IBURA,AV PRESIDENTE DUTRA,Não informado,PRÓX AO SAL E BRASA E POSTO IPIRANGA; ANTES DO SEMÁFORO,IBURA,BOA VIAGEM,COLISÃO LATERAL,Não informado,1.0,1.0,0.0,0.0,0.0,0.0,0.0,0.0,0.0,1.0,0.0,Longo da via,Bom,Sem defeito,Perfeito estado,Seca,Perfeito estado,Faixa de pedestre,Outras,60.0,Dupla,Faixa seccionada,Não informado,2021,2,18,3,14.0
2021-02-18,16:19:00,COM VÍTIMA,FINALIZADA,MADALENA,AV ENGENHEIRO ABDIAS DE CARVALHO,Não informado,EM FRENTE À ESTÁCIO,MADALENA,SUBURBIO,COLISÃO TRASEIRA,Não informado,1.0,1.0,0.0,0.0,0.0,0.0,0.0,0.0,0.0,1.0,0.0,Longo da via,Bom,Sem defeito,Perfeito estado,Seca,Perfeito estado,Não informado,Não há placas,60.0,Dupla,Canteiro central,Não informado,2021,2,18,3,16.0
2021-02-18,17:29:00,COM VÍTIMA,FINALIZADA,PRADO,AV ENGENHEIRO ABDIAS DE CARVALHO,Não informado,PROX A ZERO GRAU,PRADO,CIDADE,TOMBAMENTO,Não informado,0.0,1.0,0.0,0.0,0.0,0.0,0.0,0.0,0.0,1.0,0.0,Longo da via,Bom,Não existe,Perfeito estado,Seca,Perfeito estado,Não existe,Não há placas,60.0,Dupla,Canteiro central,Não informado,2021,2,18,3,17.0
2021-02-18,18:28:00,COM VÍTIMA,FINALIZADA,CORDEIRO,AV GENERAL SAN MARTIN,RUA GOMES TABORDA,EM FRENTE AO ATACAREJO IDEAL; POSTO PETRONAC/ OPOSTO Á DROGASIL,CORDEIRO,CIDADE,COLISÃO TRANSVERSAL,Não informado,0.0,2.0,0.0,0.0,0.0,0.0,0.0,0.0,0.0,1.0,0.0,Longo da via,Bom,Sem defeito,Perfeito estado,Seca,Perfeito estado,Faixa de pedestre,R-6a,40.0,Dupla,Faixa contínua,Não informado,2021,2,18,3,18.0
2021-02-19,08:34:00,COM VÍTIMA,CANCELADA,IPSEP,RUA PINTOR LULA CARDOSO AYRES,Não informado,E/F FATO COMERCIO,IPSEP,Não informado,COLISÃO,Não informado,1.0,1.0,0.0,0.0,0.0,0.0,0.0,0.0,0.0,1.0,0.0,Não informado,Não informado,Não informado,Não informado,Não informado,Não informado,Não informado,Não informado,60.0,Não informado,Não informado,Não informado,2021,2,19,4,8.0
2021-02-19,08:51:00,COM VÍTIMA,FINALIZADA,IPSEP,RUA ITACARI,RUA IZABEL DE SOUZA,PROX. AO BANCO ITAU,IPSEP,SUBURBIO,COLISÃO TRANSVERSAL,Não informado,1.0,1.0,0.0,0.0,0.0,0.0,0.0,0.0,0.0,1.0,0.0,Cruzamento,Bom,Não existe,Perfeito estado,Seca,Perfeito estado,Faixa de retenção,"Placas ""Pare""",30.0,Única,Não informado,Não informado,2021,2,19,4,8.0
2021-02-19,18:58:00,COM VÍTIMA,FINALIZADA,CORDEIRO,RUA GOMES TABORDA,Não informado,SEMÁFORO 067 / PRÓX AO ATACAREJO IDEAL,CORDEIRO,SUBURBIO,COLISÃO LATERAL,Não informado,2.0,0.0,0.0,0.0,0.0,0.0,0.0,0.0,0.0,1.0,0.0,Longo da via,Bom,Sem defeito,Perfeito estado,Seca,Perfeito estado,Não informado,R-6a,30.0,Dupla,Faixa seccionada,Não informado,2021,2,19,4,18.0
2021-02-19,19:25:00,COM VÍTIMA,FINALIZADA,SANTO AMARO,RUA CAPITAO LIMA,RUA DA FUNDICAO,TV GLOBO (AO LADO DA ANTENA),SANTO AMARO,PRC TREZE DE MAIO,COLISÃO COM CICLISTA,Não informado,1.0,0.0,0.0,1.0,0.0,0.0,0.0,0.0,0.0,2.0,0.0,Cruzamento,Bom,Não existe,Perfeito estado,Seca,Perfeito estado,Faixa de pedestre,"Placas ""Pare""",60.0,Dupla,Faixa contínua,Não informado,2021,2,19,4,19.0
2021-02-19,19:53:00,COM VÍTIMA,FINALIZADA,MADALENA,RUA PROFESSOR JOSE TORRES PIRES,AV BEIRA RIO,EDIF. QUINTA BEIRA RIO,MADALENA,TORRE,COLISÃO LATERAL,Não informado,1.0,1.0,0.0,0.0,0.0,0.0,0.0,0.0,0.0,2.0,0.0,Longo da via,Bom,Não existe,Perfeito estado,Seca,Perfeito estado,Não existe,Não há placas,60.0,Única,Faixa seccionada,Não informado,2021,2,19,4,19.0
2021-02-20,10:22:00,SEM VÍTIMA,FINALIZADA,JORDÃO,RUA ESCOLA DE SAGRES,Não informado,EM FRENTE A IGREJA UNIVERSAL /   E A SECRETARIA DE DEFESA SOCIAL,JORDÃO,Não informado,COLISÃO,Não informado,2.0,0.0,0.0,0.0,0.0,0.0,0.0,0.0,0.0,0.0,0.0,Não informado,Não informado,Não informado,Não informado,Não informado,Não informado,Não informado,Não informado,60.0,Não informado,Não informado,Não informado,2021,2,20,5,10.0
2021-02-20,11:50:00,COM VÍTIMA,FINALIZADA,IPUTINGA,AV MAURICIO DE NASSAU,Não informado,LOGO APOS O PARQUE MUNICIPAL CAIARA,IPUTINGA,CIDADE,COLISÃO TRANSVERSAL,Não informado,1.0,1.0,0.0,0.0,0.0,0.0,0.0,0.0,0.0,1.0,0.0,Longo da via,Bom,Não existe,Não existente,Seca,Perfeito estado,Não existe,Não há placas,40.0,Dupla,Faixa contínua,Não informado,2021,2,20,5,11.0
2021-02-20,14:00:00,COM VÍTIMA,FINALIZADA,IMBIRIBEIRA,AV MARECHAL MASCARENHAS DE MORAES,Não informado,AO LADO DA FACULDADE UNIVERSO. EM FRENTE A CONCESSIONÁRIA LAND ROVER.,IMBIRIBEIRA,CIDADE,COLISÃO TRASEIRA,Não informado,1.0,1.0,0.0,0.0,0.0,0.0,0.0,0.0,0.0,1.0,0.0,Longo da via,Bom,Sem defeito,Perfeito estado,Seca,Perfeito estado,Faixa de pedestre,R-6a,60.0,Dupla,Faixa seccionada,Não informado,2021,2,20,5,14.0
2021-02-20,20:10:00,SEM VÍTIMA,CANCELADA,BOA VIAGEM,RUA CAMBOIM,RUA DEZ DE JULHO,PRÓX A MAISON CRISTAL RECEPÇÕES,BOA VIAGEM,Não informado,COLISÃO,Não informado,2.0,0.0,0.0,0.0,0.0,0.0,0.0,0.0,0.0,0.0,0.0,Não informado,Não informado,Não informado,Não informado,Não informado,Não informado,Não informado,Não informado,60.0,Não informado,Não informado,Não informado,2021,2,20,5,20.0
2021-02-20,23:24:40,SEM VÍTIMA,CANCELADA,ESTÂNCIA,AV DR JOSE RUFINO,Não informado,PRÓX AO COLÉGIO VISÃO,ESTÂNCIA,Não informado,COLISÃO,Não informado,9.0,1.0,0.0,0.0,0.0,0.0,0.0,0.0,0.0,0.0,0.0,Não informado,Não informado,Não informado,Não informado,Não informado,Não informado,Não informado,Não informado,60.0,Não informado,Não informado,Não informado,2021,2,20,5,23.0
2021-02-21,06:55:00,COM VÍTIMA,FINALIZADA,VÁRZEA,RUA ACADEMICO HELIO RAMOS,Não informado,"EM FRENTE A IGREJA ASSEMBLEIA DE DEUS, AO LADO CEMITERIO",VÁRZEA,Não informado,COLISÃO LATERAL,Não informado,0.0,1.0,0.0,0.0,0.0,1.0,0.0,0.0,0.0,1.0,0.0,Longo da via,Bom,Sem defeito,Não existente,Seca,Perfeito estado,Não existe,Não há placas,60.0,Dupla,Faixa seccionada,Não informado,2021,2,21,6,6.0
2021-02-21,11:16:00,SEM VÍTIMA,FINALIZADA,HIPÓDROMO,RUA PROFESSOR JERONIMO GUEIROS,RUA PROFESSOR JOSE CARNEIRO,Não informado,HIPÓDROMO,Não informado,COLISÃO TRASEIRA,Não informado,1.0,1.0,0.0,0.0,0.0,0.0,0.0,0.0,0.0,0.0,0.0,Longo da via,Bom,Não existe,Perfeito estado,Seca,Perfeito estado,Não existe,Não há placas,40.0,Dupla,Não existe,Não informado,2021,2,21,6,11.0
2021-02-21,15:11:00,SEM VÍTIMA,FINALIZADA,GUABIRABA,EST DOS MACACOS,Não informado,SOB O PONTILHÃO,GUABIRABA,CIDADE,COLISÃO LATERAL,Não informado,0.0,1.0,0.0,0.0,0.0,0.0,0.0,1.0,0.0,0.0,0.0,Longo da via,Bom,Sem defeito,Perfeito estado,Seca,Não informado,Não existe,Não há placas,60.0,Dupla,Não existe,Não informado,2021,2,21,6,15.0
2021-02-21,16:11:00,COM VÍTIMA,CANCELADA,IMBIRIBEIRA,RUA ALAMEDA DAS HORTENCIAS,Não informado,PROXIMO AO COLEGIO MOTIVO,IMBIRIBEIRA,Não informado,COLISÃO,Não informado,1.0,1.0,0.0,0.0,0.0,0.0,0.0,0.0,0.0,2.0,0.0,Não informado,Não informado,Não informado,Não informado,Não informado,Não informado,Não informado,Não informado,60.0,Não informado,Não informado,Não informado,2021,2,21,6,16.0
2021-02-21,19:40:00,COM VÍTIMA,FINALIZADA,BREJO DA GUABIRABA,AV VEREADOR OTACILIO AZEVEDO,RUA SENHOR DO BONFIM,PROX. A GARAGEM DA GLOBO. CRUZAMENTO COM A TRAVESSA DO SENHOR DO BONFIM.,BREJO DA GUABIRABA,SUBURBIO,COLISÃO TRANSVERSAL,Não informado,0.0,2.0,0.0,0.0,0.0,0.0,0.0,0.0,0.0,1.0,0.0,Longo da via,Bom,Não existe,Perfeito estado,Seca,Perfeito estado,Não existe,Outras,30.0,Dupla,Não existe,Não informado,2021,2,21,6,19.0
2021-02-21,20:39:40,COM VÍTIMA,CANCELADA,NOVA DESCOBERTA,RUA CORREGO DA AREIA,Não informado,ESCOLA MUNICIPAL CASA AMARELA,NOVA DESCOBERTA,Não informado,COLISÃO,Não informado,1.0,1.0,0.0,0.0,0.0,0.0,0.0,0.0,0.0,1.0,0.0,Não informado,Não informado,Não informado,Não informado,Não informado,Não informado,Não informado,Não informado,60.0,Não informado,Não informado,Não informado,2021,2,21,6,20.0
2021-02-21,21:04:40,SEM VÍTIMA,FINALIZADA,PORTO DA MADEIRA,LAD DO SAPOTI,AV BEBERIBE,PROX. AO BAR DA FAVA,PORTO DA MADEIRA,Não informado,COLISÃO,Não informado,2.0,0.0,0.0,0.0,0.0,0.0,0.0,0.0,0.0,0.0,0.0,Não informado,Não informado,Não informado,Não informado,Não informado,Não informado,Não informado,Não informado,60.0,Não informado,Não informado,Não informado,2021,2,21,6,21.0
2021-02-22,07:14:00,COM VÍTIMA,FINALIZADA,BOA VIAGEM,AV CONSELHEIRO AGUIAR,RUA PROFESSOR JOSE BRANDAO,EM FRENTE A CLINICA  ARMINDO MOURA,BOA VIAGEM,Não informado,COLISÃO TRANSVERSAL,Não informado,1.0,1.0,0.0,0.0,0.0,0.0,0.0,0.0,0.0,1.0,0.0,Longo da via,Bom,Sem defeito,Perfeito estado,Seca,Perfeito estado,Outros,Não há placas,60.0,Única,Não informado,Não informado,2021,2,22,0,7.0
2021-02-22,07:20:00,COM VÍTIMA,FINALIZADA,ILHA DO RETIRO,RUA SPORT CLUBE DO RECIFE,Não informado,SOBRE O VIADUTO CHICO SCIENCE,ILHA DO RETIRO,CIDADE,TOMBAMENTO,Não informado,0.0,1.0,0.0,0.0,0.0,0.0,0.0,0.0,0.0,1.0,0.0,Ponte,Bom,Não existe,Perfeito estado,Seca,Perfeito estado,Não existe,Não há placas,60.0,Dupla,Faixa contínua,Não informado,2021,2,22,0,7.0
2021-02-22,08:05:00,COM VÍTIMA,FINALIZADA,MONTEIRO,AV DEZESSETE DE AGOSTO,Não informado,EM FRENTE A PRAÇA DO MONTEIRO E A ESCOLA SIVA JARDIM E CLUBE DEZESSETE.,MONTEIRO,SUBURBIO,COLISÃO TRASEIRA,Não informado,1.0,1.0,0.0,0.0,0.0,0.0,0.0,0.0,0.0,1.0,0.0,Longo da via,Bom,Sem defeito,Perfeito estado,Seca,Perfeito estado,Faixa de pedestre,R-6a,60.0,Não informado,Faixa contínua,Não informado,2021,2,22,0,8.0
2021-02-22,08:52:00,COM VÍTIMA,FINALIZADA,ARRUDA,RUA DO TRIUNFO,RUA BOM CONSELHO,Não informado,ARRUDA,SUBURBIO,COLISÃO LATERAL,Não informado,1.0,1.0,0.0,0.0,0.0,0.0,0.0,0.0,0.0,2.0,0.0,Cruzamento,Bom,Não existe,Não existente,Seca,Perfeito estado,Não existe,Não há placas,60.0,Dupla,Não existe,Não informado,2021,2,22,0,8.0
2021-02-22,09:27:00,COM VÍTIMA,FINALIZADA,TAMARINEIRA,AV NORTE,Não informado,100 METROS ANTES DA RUA CÔNEGO BARATA (SENTIDO CENTRO). ATLANTA COLCHÕES.,TAMARINEIRA,CIDADE,COLISÃO LATERAL,Não informado,1.0,1.0,0.0,0.0,0.0,0.0,0.0,0.0,0.0,1.0,0.0,Longo da via,Bom,Sem defeito,Perfeito estado,Seca,Perfeito estado,Faixa de pedestre,Outras,60.0,Dupla,Faixa contínua,Não informado,2021,2,22,0,9.0
2021-02-22,10:27:00,COM VÍTIMA,FINALIZADA,CAMPINA DO BARRETO,RUA DAS MOCAS,RUA DOS PEIXINHOS,PROX A CHURRASCARIA VERONA E CLÁUDIO BAR.,CAMPINA DO BARRETO,SUBURBIO,COLISÃO TRANSVERSAL,Não informado,1.0,0.0,0.0,0.0,0.0,1.0,0.0,0.0,0.0,1.0,0.0,Cruzamento,Bom,Não existe,Perfeito estado,Seca,Perfeito estado,Faixa de retenção,Não informado,30.0,Dupla,Faixa seccionada,Não informado,2021,2,22,0,10.0
2021-02-22,12:22:00,COM VÍTIMA,FINALIZADA,AFOGADOS,RUA SAO MIGUEL,Não informado,"EM FRENTE AO POSTO DE COMBUSTÍVEIS, DISLUB",AFOGADOS,SUBURBIO,COLISÃO LATERAL,Não informado,1.0,1.0,0.0,0.0,0.0,0.0,0.0,0.0,0.0,1.0,0.0,Longo da via,Bom,Não existe,Perfeito estado,Seca,Perfeito estado,Faixa de pedestre,Outras,50.0,Dupla,Faixa seccionada,Não informado,2021,2,22,0,12.0
2021-02-22,13:13:00,SEM VÍTIMA,FINALIZADA,BOA VIAGEM,RUA FELIX DE BRITO E MELO,Não informado,HOTEL ACONCHEGO  RECIFE,BOA VIAGEM,CIDADE,COLISÃO TRASEIRA,Não informado,2.0,0.0,0.0,0.0,0.0,0.0,0.0,0.0,0.0,0.0,0.0,Longo da via,Bom,Sem defeito,Perfeito estado,Seca,Perfeito estado,Não existe,R-6a,60.0,Única,Faixa seccionada,Não informado,2021,2,22,0,13.0
2021-02-22,13:47:00,COM VÍTIMA,FINALIZADA,TORRE,RUA MARQUES DE MARICA,RUA SOUZA BANDEIRA,"APOS A IGREJA CATOLICA DA TORRE, PRIMEIRA RUA A DIREITA",TORRE,SUBURBIO,COLISÃO TRANSVERSAL,Não informado,1.0,1.0,0.0,0.0,0.0,0.0,0.0,0.0,0.0,1.0,0.0,Cruzamento,Bom,Sem defeito,Perfeito estado,Seca,Perfeito estado,Faixa de pedestre,Não há placas,60.0,Dupla,Não informado,Não informado,2021,2,22,0,13.0
2021-02-22,16:38:00,SEM VÍTIMA,FINALIZADA,BOA VIAGEM,RUA DOS NAVEGANTES,Não informado,PRÓXIMO AO EDIFÍCIO VITÓRIA REGIA,BOA VIAGEM,SUBURBIO,COLISÃO LATERAL,Não informado,2.0,0.0,0.0,0.0,0.0,0.0,0.0,0.0,0.0,0.0,0.0,Longo da via,Bom,Não existe,Perfeito estado,Seca,Perfeito estado,Não existe,Não há placas,60.0,Única,Não existe,Não informado,2021,2,22,0,16.0
2021-02-22,17:16:00,COM VÍTIMA,FINALIZADA,SANTO AMARO,AV ENGENHEIRO AGAMENON DE MAGALHAES MELO,AV DR JAYME DA FONTE,PROX A DELEGACIA DE ROUBOS E FURTOS / PROX AO CAMPO DO 11,SANTO AMARO,SUBURBIO,COLISÃO TRANSVERSAL,Não informado,1.0,1.0,0.0,0.0,0.0,0.0,0.0,0.0,0.0,1.0,0.0,Cruzamento,Bom,Sem defeito,Perfeito estado,Seca,Perfeito estado,Faixa de pedestre,Outras,60.0,Dupla,Canal,Não informado,2021,2,22,0,17.0
2021-02-22,20:56:00,COM VÍTIMA,FINALIZADA,COHAB,RUA DR BENIGNO JORDAO DE VASCONCELOS,Não informado,PROX A UPA LAGOA ENCANTADA / ESCOLA MARIA AUXILIADORA,COHAB,SUBURBIO,COLISÃO FRONTAL,Não informado,2.0,0.0,0.0,0.0,0.0,0.0,0.0,0.0,0.0,1.0,0.0,Longo da via,Bom,Não existe,Perfeito estado,Seca,Perfeito estado,Não existe,Não há placas,60.0,Dupla,Faixa seccionada,Não informado,2021,2,22,0,20.0
2021-02-23,07:56:00,SEM VÍTIMA,FINALIZADA,SANTO AMARO,AV CRUZ CABUGA,Não informado,EM FRENTE AO ARMAZÉM CORAL,SANTO AMARO,CIDADE,COLISÃO LATERAL,Não informado,1.0,1.0,0.0,0.0,0.0,0.0,0.0,0.0,0.0,0.0,0.0,Longo da via,Bom,Não existe,Perfeito estado,Seca,Perfeito estado,Não existe,R-6a,60.0,Dupla,Faixa contínua,Não informado,2021,2,23,1,7.0
2021-02-23,08:02:00,COM VÍTIMA,FINALIZADA,SAN MARTIN,AV GENERAL SAN MARTIN,Não informado,EM  FRENTE A  MUG  SORVETERIA  E CENTRO AUTOMOTIVO.,SAN MARTIN,CIDADE,COLISÃO FRONTAL,Não informado,1.0,1.0,0.0,0.0,0.0,0.0,0.0,0.0,0.0,1.0,0.0,Longo da via,Bom,Não existe,Perfeito estado,Seca,Perfeito estado,Não existe,Não há placas,60.0,Dupla,Faixa contínua,Não informado,2021,2,23,1,8.0
2021-02-23,08:27:00,COM VÍTIMA,FINALIZADA,ENCRUZILHADA,AV BEBERIBE,RUA FERNANDO CESAR,AO LADO DO BANCO DO BRASIL,ENCRUZILHADA,CIDADE,COLISÃO LATERAL,Não informado,2.0,0.0,0.0,0.0,0.0,0.0,0.0,0.0,0.0,1.0,0.0,Longo da via,Bom,Sem defeito,Perfeito estado,Seca,Perfeito estado,Não existe,Não informado,40.0,Dupla,Faixa contínua,Não informado,2021,2,23,1,8.0
2021-02-23,08:28:00,COM VÍTIMA,FINALIZADA,IBURA,AV DOM HELDER CAMARA,Não informado,Não informado,IBURA,SUBURBIO,COLISÃO LATERAL,Não informado,1.0,1.0,0.0,0.0,0.0,0.0,0.0,0.0,0.0,1.0,0.0,Longo da via,Bom,Não existe,Não existente,Seca,Mal conservada,Não existe,Não há placas,60.0,Única,Não existe,Não informado,2021,2,23,1,8.0
2021-02-23,08:31:00,COM VÍTIMA,FINALIZADA,CORDEIRO,AV CAXANGA,Não informado,EM  FRENTE  A  OFICINA   KI  PEÇAS . POSTE B052840.,CORDEIRO,CIDADE,COLISÃO FRONTAL,Não informado,1.0,1.0,0.0,0.0,0.0,0.0,0.0,0.0,0.0,1.0,0.0,Longo da via,Bom,Sem defeito,Perfeito estado,Seca,Perfeito estado,Faixa de pedestre,R-6a,60.0,Dupla,Canteiro central,Não informado,2021,2,23,1,8.0