data,hora,natureza_acidente,situacao,bairro,endereco,detalhe_endereco_acidente,complemento,bairro_cruzamento,sentido_via,tipo,descricao,auto,moto,ciclom,ciclista,pedestre,onibus,caminhao,viatura,outros,vitimas,vitimasfatais,acidente_verificado,tempo_clima,situacao_semaforo,sinalizacao,condicao_via,conservacao_via,ponto_controle,situacao_placa,velocidade_max_via,mao_direcao,divisao_via1,natureza,ano,mes,dia,dia_semana,hora_ocorrencia
2021-02-23,10:13:00,COM VÍTIMA,FINALIZADA,BOA VIAGEM,RUA RIBEIRO DE BRITO,RUA CORONEL ANIZIO RODRIGUES COELHO,"PROX. AO RESTAURANTE CARCARA, AO LADO DO POSTO DE GASOLINA BR",BOA VIAGEM,SUBURBIO,COLISÃO COM CICLISTA,Não informado,1.0,0.0,0.0,1.0,0.0,0.0,0.0,0.0,0.0,1.0,0.0,Cruzamento,Bom,Não existe,Perfeito estado,Seca,Perfeito estado,Não existe,Outras,40.0,Única,Não existe,Não informado,2021,2,23,1,10.0
2021-02-23,11:53:00,SEM VÍTIMA,FINALIZADA,SANTO ANTÔNIO,RUA DO SOL,AV GUARARAPES,AGÊNCIA DOS CORREIOS,SANTO ANTÔNIO,Não informado,COLISÃO LATERAL,Não informado,1.0,0.0,0.0,0.0,0.0,0.0,1.0,0.0,0.0,0.0,0.0,Cruzamento,Bom,Sem defeito,Perfeito estado,Seca,Perfeito estado,Faixa de pedestre,Não há placas,40.0,Única,Faixa contínua,Não informado,2021,2,23,1,11.0
2021-02-23,12:33:00,COM VÍTIMA,CANCELADA,ENCRUZILHADA,AV NORTE,Não informado,"LADO OPOSTO A RENAULT,  SENTIDO  CENTRO",ENCRUZILHADA,Não informado,COLISÃO,Não informado,1.0,1.0,0.0,0.0,0.0,0.0,0.0,0.0,0.0,1.0,0.0,Não informado,Não informado,Não informado,Não informado,Não informado,Não informado,Não informado,Não informado,60.0,Não informado,Não informado,Não informado,2021,2,23,1,12.0
2021-02-23,15:39:00,SEM VÍTIMA,FINALIZADA,AFOGADOS,AV SUL,Não informado,PX A POLICLINICA AGAMENON MAGALHÃES,AFOGADOS,Não informado,COLISÃO,Não informado,0.0,0.0,0.0,0.0,0.0,0.0,0.0,0.0,0.0,0.0,0.0,Não informado,Não informado,Não informado,Não informado,Não informado,Não informado,Não informado,Não informado,60.0,Não informado,Não informado,Não informado,2021,2,23,1,15.0
2021-02-23,17:39:00,COM VÍTIMA,FINALIZADA,ARRUDA,RUA MEM DE SA,Não informado,EM FRENTE A COCA-COLA,ARRUDA,Não informado,COLISÃO,Não informado,1.0,1.0,0.0,0.0,0.0,0.0,0.0,0.0,0.0,1.0,0.0,Longo da via,Bom,Não existe,Perfeito estado,Seca,Perfeito estado,Não existe,Não há placas,40.0,Dupla,Não existe,Não informado,2021,2,23,1,17.0
2021-02-23,19:26:00,COM VÍTIMA,FINALIZADA,IMBIRIBEIRA,RUA ITAJAI,Não informado,FACULDADE BOA VIAGEM,IMBIRIBEIRA,SUBURBIO,COLISÃO FRONTAL,Não informado,1.0,1.0,0.0,0.0,0.0,0.0,0.0,0.0,0.0,1.0,0.0,Longo da via,Bom,Não existe,Não informado,Seca,Perfeito estado,Não existe,Não há placas,30.0,Dupla,Não existe,Não informado,2021,2,23,1,19.0
2021-02-24,14:49:00,SEM VÍTIMA,FINALIZADA,ILHA JOANA BEZERRA,AV CENTRAL,Não informado,EM FRENTE AO COMPAZ DO COQUE,ILHA JOANA BEZERRA,CIDADE,COLISÃO LATERAL,Não informado,1.0,1.0,0.0,0.0,0.0,0.0,0.0,0.0,0.0,0.0,0.0,Longo da via,Bom,Não existe,Perfeito estado,Seca,Perfeito estado,Não informado,Não informado,60.0,Dupla,Não informado,Não informado,2021,2,24,2,14.0
2021-02-24,18:36:00,COM VÍTIMA,FINALIZADA,IMBIRIBEIRA,AV TANCREDO NEVES,Não informado,SOBRE O VIADUTO TANCREDO NEVES (SENTIDO BOA VIAGEM),IMBIRIBEIRA,CIDADE,COLISÃO LATERAL,Não informado,0.0,2.0,0.0,0.0,0.0,0.0,0.0,0.0,0.0,2.0,0.0,Viaduto,Bom,Não existe,Não existente,Seca,Perfeito estado,Não existe,Não há placas,60.0,Dupla,Canteiro central,Não informado,2021,2,24,2,18.0
2021-02-24,22:41:40,SEM VÍTIMA,FINALIZADA,TORRE,RUA CONDE DE IRAJA,AV BEIRA RIO,Não informado,TORRE,Não informado,COLISÃO,Não informado,2.0,0.0,0.0,0.0,0.0,0.0,0.0,0.0,0.0,0.0,0.0,Não informado,Não informado,Não informado,Não informado,Não informado,Não informado,Não informado,Não informado,60.0,Não informado,Não informado,Não informado,2021,2,24,2,22.0
2021-02-25,12:44:00,COM VÍTIMA,FINALIZADA,SANTO AMARO,RUA DOS PALMARES,Não informado,Não informado,SANTO AMARO,CIDADE,COLISÃO LATERAL,Não informado,1.0,1.0,0.0,0.0,0.0,0.0,0.0,0.0,0.0,1.0,0.0,Longo da via,Bom,Não existe,Perfeito estado,Seca,Perfeito estado,Não existe,Não há placas,60.0,Dupla,Canteiro central,Não informado,2021,2,25,3,12.0
2021-02-25,16:17:00,COM VÍTIMA,FINALIZADA,BOA VIAGEM,RUA BARAO DE SOUZA LEAO,RUA RIO AZUL,Não informado,BOA VIAGEM,SUBURBIO,COLISÃO TRANSVERSAL,Não informado,1.0,1.0,0.0,0.0,0.0,0.0,0.0,0.0,0.0,1.0,0.0,Cruzamento,Bom,Sem defeito,Perfeito estado,Seca,Perfeito estado,Faixa de pedestre,Outras,60.0,Única,Faixa contínua,Não informado,2021,2,25,3,16.0
2021-02-26,07:30:00,COM VÍTIMA,FINALIZADA,CASA FORTE,RUA DONA ADA VIEIRA,RUA DONA ADA VIEIRA,EM FRENTE PIZZARIA HUNT,CASA FORTE,CIDADE,COLISÃO TRANSVERSAL,Não informado,1.0,1.0,0.0,0.0,0.0,0.0,0.0,0.0,0.0,1.0,0.0,Esquina,Chuvoso,Não existe,Perfeito estado,Molhada,Perfeito estado,Não existe,R-6a,60.0,Dupla,Faixa contínua,Não informado,2021,2,26,4,7.0
2021-02-26,11:36:00,SEM VÍTIMA,FINALIZADA,DERBY,AV GOVERNADOR AGAMENON MAGALHAES,AV RUI BARBOSA,EM FRENTE AO TRE,DERBY,BOA  VIAGEM,COLISÃO,Não informado,1.0,0.0,0.0,0.0,0.0,0.0,0.0,1.0,0.0,0.0,0.0,Não informado,Não informado,Não informado,Não informado,Não informado,Não informado,Não informado,Não informado,60.0,Não informado,Não informado,Não informado,2021,2,26,4,11.0
2021-02-26,14:06:00,SEM VÍTIMA,FINALIZADA,IPSEP,RUA POTENGY,Não informado,Não informado,IPSEP,Não informado,COLISÃO,Não informado,0.0,1.0,0.0,0.0,0.0,0.0,0.0,1.0,0.0,0.0,0.0,Não informado,Não informado,Não informado,Não informado,Não informado,Não informado,Não informado,Não informado,60.0,Não informado,Não informado,Não informado,2021,2,26,4,14.0
2021-02-26,15:25:00,COM VÍTIMA,FINALIZADA,MANGABEIRA,AV NORTE,AV PROFESSOR JOSE DOS ANJOS,Não informado,MANGABEIRA,CIDADE,COLISÃO,Não informado,2.0,1.0,0.0,0.0,0.0,0.0,0.0,0.0,0.0,1.0,0.0,Cruzamento,Chuvoso,Sem defeito,Perfeito estado,Molhada,Perfeito estado,Faixa de pedestre,R-6c,60.0,Dupla,Faixa contínua,Não informado,2021,2,26,4,15.0
2021-02-26,17:07:00,COM VÍTIMA,FINALIZADA,TAMARINEIRA,RUA IBIAPABA,RUA JUNDIA,EM FRENTE AO ESTACIONAMENTO DA FERREIRA COSTA,TAMARINEIRA,SUBURBIO,COLISÃO FRONTAL,Não informado,1.0,1.0,0.0,0.0,0.0,0.0,0.0,0.0,0.0,1.0,0.0,Esquina,Chuvoso,Não existe,Perfeito estado,Seca,Perfeito estado,Faixa de pedestre,"Placas ""Pare""",60.0,Dupla,Faixa seccionada,Não informado,2021,2,26,4,17.0
2021-02-26,17:56:00,COM VÍTIMA,FINALIZADA,GRAÇAS,RUA DAS GRACAS,AV RUI BARBOSA,Não informado,GRAÇAS,CIDADE,COLISÃO TRASEIRA,Não informado,1.0,0.0,0.0,0.0,0.0,2.0,0.0,0.0,0.0,4.0,0.0,Longo da via,Chuvoso,Intermitente,Perfeito estado,Molhada,Perfeito estado,Faixa de pedestre,R-6a,60.0,Única,Faixa contínua,Não informado,2021,2,26,4,17.0
2021-02-26,20:47:00,SEM VÍTIMA,CANCELADA,SANTO AMARO,AV GOVERNADOR AGAMENON MAGALHAES,Não informado,"PROXIMO DO SHOPPING TACARUNA, PISTA LOCAL, AO LADO DO POSTO PETROBRAS BR",SANTO AMARO,SUBURBIO,COLISÃO,Não informado,2.0,0.0,0.0,0.0,0.0,0.0,0.0,0.0,0.0,0.0,0.0,Não informado,Não informado,Não informado,Não informado,Não informado,Não informado,Não informado,Não informado,60.0,Não informado,Não informado,Não informado,2021,2,26,4,20.0
2021-02-26,22:40:40,SEM VÍTIMA,CANCELADA,IPSEP,AV RECIFE,RUA JEAN EMILE FAVRE,PRÓX A PADARIA VILA DO PÃO,IPSEP,Não informado,COLISÃO,Não informado,2.0,0.0,0.0,0.0,0.0,0.0,0.0,0.0,0.0,0.0,0.0,Não informado,Não informado,Não informado,Não informado,Não informado,Não informado,Não informado,Não informado,60.0,Não informado,Não informado,Não informado,2021,2,26,4,22.0
2021-02-27,13:30:00,COM VÍTIMA,FINALIZADA,IPSEP,AV RECIFE,Não informado,"SOBRE A PONTE DO CAÇOTE,SENTIDO CEASA",IPSEP,SUBURBIO,COLISÃO TRASEIRA,Não informado,1.0,1.0,0.0,0.0,0.0,0.0,0.0,0.0,0.0,1.0,0.0,Longo da via,Bom,Não informado,Perfeito estado,Seca,Perfeito estado,Não informado,Não há placas,60.0,Dupla,Canteiro central,Não informado,2021,2,27,5,13.0
2021-02-27,15:00:00,COM VÍTIMA,CANCELADA,BRASÍLIA TEIMOSA,RUA FRANCISCO VALPASSOS,Não informado,PROXIMO AO BAR DO DE GILMAR,BRASÍLIA TEIMOSA,Não informado,COLISÃO,Não informado,1.0,1.0,0.0,0.0,0.0,0.0,0.0,0.0,0.0,1.0,0.0,Não informado,Não informado,Não informado,Não informado,Não informado,Não informado,Não informado,Não informado,60.0,Não informado,Não informado,Não informado,2021,2,27,5,15.0
2021-02-27,16:27:00,SEM VÍTIMA,FINALIZADA,COELHOS,AV AGOSTINHO GOMES,Não informado,"NA DESCIDA DO VIADULTO  JOAQUIM CARDOSO, SENTIDO JOANA BEZERRA",COELHOS,Não informado,COLISÃO,Não informado,1.0,0.0,0.0,0.0,0.0,0.0,0.0,1.0,0.0,0.0,0.0,Não informado,Não informado,Não informado,Não informado,Não informado,Não informado,Não informado,Não informado,60.0,Não informado,Não informado,Não informado,2021,2,27,5,16.0
2021-02-27,18:59:00,COM VÍTIMA,FINALIZADA,BOA VIAGEM,RUA JOSE DOMINGUES DA SILVA,RUA BELMONTE,"E/F A FARMACIA PERMANENTE, PRÓX A PAGUE MENOS",BOA VIAGEM,Não informado,COLISÃO TRANSVERSAL,Não informado,1.0,1.0,0.0,0.0,0.0,0.0,1.0,0.0,0.0,1.0,0.0,Cruzamento,Bom,Sem defeito,Perfeito estado,Seca,Perfeito estado,Não existe,"Placas ""Pare""",60.0,Dupla,Faixa seccionada,Não informado,2021,2,27,5,18.0
2021-02-28,06:53:00,SEM VÍTIMA,FINALIZADA,BAIRRO DO RECIFE,AV MARTINS DE BARROS,RUA SIQUEIRA CAMPOS,EM FRENTE A PARADA DO BRT / PROX AO SANTANDER,BAIRRO DO RECIFE,Não informado,CHOQUE,Não informado,0.0,0.0,0.0,0.0,0.0,1.0,0.0,1.0,0.0,0.0,0.0,Não informado,Não informado,Não informado,Não informado,Não informado,Não informado,Não informado,Não informado,60.0,Não informado,Não informado,Não informado,2021,2,28,6,6.0
2021-02-28,09:29:00,SEM VÍTIMA,FINALIZADA,ENCRUZILHADA,AV NORTE,Não informado,APOS CRUZAMENTO DA RUA JOSÉ DE SÁ CARNEIRO,ENCRUZILHADA,Não informado,COLISÃO,Não informado,2.0,0.0,0.0,0.0,0.0,0.0,0.0,0.0,0.0,0.0,0.0,Não informado,Não informado,Não informado,Não informado,Não informado,Não informado,Não informado,Não informado,60.0,Não informado,Não informado,Não informado,2021,2,28,6,9.0
2021-02-28,14:10:00,COM VÍTIMA,FINALIZADA,CAXANGÁ,AV CAXANGA,RUA MANOEL MOREIRA,EM FRENTE AO TERMINAL III PERIMETRAL,CAXANGÁ,CIDADE,COLISÃO TRASEIRA,Não informado,1.0,1.0,0.0,0.0,0.0,0.0,0.0,0.0,0.0,1.0,0.0,Longo da via,Bom,Sem defeito,Perfeito estado,Seca,Perfeito estado,Outros,Outras,60.0,Dupla,Faixa seccionada,Não informado,2021,2,28,6,14.0
2021-02-28,16:37:00,SEM VÍTIMA,CANCELADA,AFOGADOS,RUA SAO MIGUEL,Não informado,PRÓX AO DEPATRI,AFOGADOS,Não informado,COLISÃO,Não informado,2.0,0.0,0.0,0.0,0.0,0.0,0.0,0.0,0.0,0.0,0.0,Não informado,Não informado,Não informado,Não informado,Não informado,Não informado,Não informado,Não informado,60.0,Não informado,Não informado,Não informado,2021,2,28,6,16.0
2021-02-28,18:36:00,SEM VÍTIMA,CANCELADA,VÁRZEA,RUA JOSE ANTONIO DA COSTA FILHO,Não informado,EM FRENTE AO PASTEL DE LEDA,VÁRZEA,Não informado,CHOQUE,Não informado,0.0,0.0,0.0,0.0,0.0,0.0,0.0,0.0,0.0,0.0,0.0,Não informado,Não informado,Não informado,Não informado,Não informado,Não informado,Não informado,Não informado,60.0,Não informado,Não informado,Não informado,2021,2,28,6,18.0
2021-02-28,19:50:00,COM VÍTIMA,FINALIZADA,IPSEP,RUA PAMPULHA,RUA CACHOEIRA,Não informado,IPSEP,SUBURBIO,COLISÃO COM CICLISTA,Não informado,1.0,0.0,0.0,1.0,0.0,0.0,0.0,0.0,0.0,1.0,0.0,Cruzamento,Bom,Não existe,Perfeito estado,Seca,Perfeito estado,Faixa de retenção,"Placas ""Pare""",60.0,Única,Faixa seccionada,Não informado,2021,2,28,6,19.0
2021-02-28,19:51:00,SEM VÍTIMA,CANCELADA,MADALENA,AV BEIRA RIO,RUA DEMOSTENES DE OLINDA,PRAÇA PAULO FREIRE,MADALENA,Não informado,COLISÃO,Não informado,2.0,0.0,0.0,0.0,0.0,0.0,0.0,0.0,0.0,0.0,0.0,Não informado,Não informado,Não informado,Não informado,Não informado,Não informado,Não informado,Não informado,60.0,Não informado,Não informado,Não informado,2021,2,28,6,19.0
2021-02-28,21:02:40,COM VÍTIMA,CANCELADA,ENCRUZILHADA,EST DE BELEM,RUA ANTONIO RANGEL,PROX AO MERCADO QUITANDARIA,ENCRUZILHADA,Não informado,COLISÃO,Não informado,1.0,1.0,0.0,0.0,0.0,0.0,0.0,0.0,0.0,2.0,0.0,Não informado,Não informado,Não informado,Não informado,Não informado,Não informado,Não informado,Não informado,60.0,Não informado,Não informado,Não informado,2021,2,28,6,21.0
2021-03-01,00:11:00,SEM VÍTIMA,CANCELADA,BOA VIAGEM,AV MARECHAL JUAREZ TAVORA,Não informado,PRÓXIMO AO MOTEL FÓRUM,BOA VIAGEM,Não informado,COLISÃO,Não informado,0.0,0.0,0.0,0.0,0.0,0.0,0.0,0.0,0.0,0.0,0.0,Não informado,Não informado,Não informado,Não informado,Não informado,Não informado,Não informado,Não informado,60.0,Não informado,Não informado,Não informado,2021,3,1,0,0.0
2021-03-01,06:43:00,COM VÍTIMA,FINALIZADA,PRADO,AV ENGENHEIRO ABDIAS DE CARVALHO,RUA DONA MARIA AUGUSTA NOGUEIRA,EM FRENTE AO POSTO DE GASOLINA BR,PRADO,CIDADE,COLISÃO LATERAL,Não informado,1.0,1.0,0.0,0.0,0.0,0.0,0.0,0.0,0.0,1.0,0.0,Cruzamento,Chuvoso,Não existe,Incompleta,Molhada,Perfeito estado,Não existe,R-19,60.0,Única,Faixa seccionada,Não informado,2021,3,1,0,6.0
2021-03-01,07:31:00,COM VÍTIMA,FINALIZADA,CORDEIRO,AV GENERAL SAN MARTIN,Não informado,PROX  AO  GETULIO  VARGAS  EM  FRENTE  A  LOJA  COLORATA,CORDEIRO,CIDADE,COLISÃO TRANSVERSAL,Não informado,1.0,1.0,0.0,0.0,0.0,0.0,0.0,0.0,0.0,1.0,0.0,Longo da via,Chuvoso,Não existe,Perfeito estado,Molhada,Perfeito estado,Não existe,Não informado,60.0,Dupla,Faixa contínua,Não informado,2021,3,1,0,7.0
2021-03-01,09:53:00,COM VÍTIMA,FINALIZADA,NOVA DESCOBERTA,RUA CORREGO DA AREIA,Não informado,E/F A IGREJA PENTECOSTAL BOAS NOVAS,NOVA DESCOBERTA,SUBURBIO,COLISÃO TRASEIRA,Não informado,1.0,1.0,0.0,0.0,0.0,0.0,0.0,0.0,0.0,2.0,0.0,Longo da via,Chuvoso,Não existe,Perfeito estado,Molhada,Perfeito estado,Não existe,Não há placas,40.0,Dupla,Faixa seccionada,Não informado,2021,3,1,0,9.0
2021-03-01,10:20:00,COM VÍTIMA,FINALIZADA,AREIAS,AV RECIFE,Não informado,EM  FRENTE  AO  SUPERMERCADO    BIG  BOM PREÇO  NO SENTIDO  CAXANGA,AREIAS,SUBURBIO,COLISÃO TRASEIRA,Não informado,1.0,1.0,0.0,0.0,0.0,0.0,0.0,0.0,0.0,1.0,0.0,Longo da via,Chuvoso,Sem defeito,Perfeito estado,Molhada,Perfeito estado,Faixa de pedestre,Não há placas,60.0,Única,Faixa seccionada,Não informado,2021,3,1,0,10.0
2021-03-01,13:44:00,COM VÍTIMA,FINALIZADA,BOA VIAGEM,RUA CAPITAO ZUZINHA,Não informado,AUTO ESCOLA PILOTO,BOA VIAGEM,BOA VIAGEM,QUEDA,Não informado,0.0,1.0,0.0,0.0,0.0,0.0,0.0,0.0,0.0,1.0,0.0,Longo da via,Chuvoso,Não existe,Perfeito estado,Molhada,Perfeito estado,Faixa de pedestre,Não há placas,60.0,Única,Faixa seccionada,Não informado,2021,3,1,0,13.0
2021-03-01,16:29:00,COM VÍTIMA,FINALIZADA,CORDEIRO,RUA DR MIGUEL VIEIRA FERREIRA,RUA CLAUDIO BROTHERHOOD,EM FRENTE A GRAFICA CAMPELO COMUNICAÇÕES E PROXIMO A BETO BEBIDAS,CORDEIRO,SUBURBIO,COLISÃO TRANSVERSAL,Não informado,1.0,1.0,0.0,0.0,0.0,0.0,0.0,0.0,0.0,2.0,0.0,Cruzamento,Chuvoso,Não existe,Não existente,Molhada,Perfeito estado,Faixa de pedestre,Não há placas,60.0,Dupla,Faixa contínua,Não informado,2021,3,1,0,16.0
2021-03-01,17:07:00,COM VÍTIMA,FINALIZADA,AFOGADOS,RUA VINTE E UM DE ABRIL,Não informado,EM FRENTE A PADARIA IPIRANGA,AFOGADOS,SUBURBIO,COLISÃO TRANSVERSAL,Não informado,1.0,1.0,0.0,0.0,0.0,0.0,0.0,0.0,0.0,1.0,0.0,Longo da via,Chuvoso,Não existe,Não existente,Molhada,Perfeito estado,Não existe,Não há placas,60.0,Dupla,Não existe,Não informado,2021,3,1,0,17.0
2021-03-01,19:23:00,COM VÍTIMA,FINALIZADA,LINHA DO TIRO,RUA CORREGO DO EUCLIDES,Não informado,PROX AO TERMINAL DE ONIBUS DO BREJO,LINHA DO TIRO,CIDADE,COLISÃO FRONTAL,Não informado,1.0,1.0,0.0,0.0,0.0,0.0,0.0,0.0,0.0,1.0,0.0,Longo da via,Chuvoso,Não existe,Não existente,Molhada,Perfeito estado,Não existe,Não há placas,60.0,Dupla,Não existe,Não informado,2021,3,1,0,19.0
2021-03-02,07:17:00,SEM VÍTIMA,FINALIZADA,SAN MARTIN,AV GENERAL SAN MARTIN,RUA GOMES TABORDA,SOB O SEMÁFORO 068,SAN MARTIN,Não informado,COLISÃO LATERAL,Não informado,0.0,0.0,0.0,0.0,0.0,0.0,0.0,0.0,0.0,0.0,0.0,Não informado,Não informado,Não informado,Não informado,Não informado,Não informado,Não informado,Não informado,60.0,Não informado,Não informado,Não informado,2021,3,2,1,7.0
2021-03-02,07:20:00,SEM VÍTIMA,FINALIZADA,MACAXEIRA,AV NORTE,Não informado,PARQUE DA MACAXEIRA,MACAXEIRA,Não informado,MONITORAMENTO,Não informado,0.0,0.0,0.0,0.0,0.0,0.0,0.0,0.0,0.0,0.0,0.0,Não informado,Não informado,Não informado,Não informado,Não informado,Não informado,Não informado,Não informado,60.0,Não informado,Não informado,Não informado,2021,3,2,1,7.0
2021-03-02,07:23:00,COM VÍTIMA,FINALIZADA,VASCO DA GAMA,AV NORTE,RUA VASCO DA GAMA,EM FRENTE A YAMAHA,VASCO DA GAMA,SUBURBIO,COLISÃO LATERAL,Não informado,0.0,1.0,0.0,0.0,0.0,1.0,0.0,0.0,0.0,1.0,0.0,Cruzamento,Bom,Sem defeito,Perfeito estado,Seca,Perfeito estado,Não informado,Não há placas,60.0,Dupla,Canteiro central,Não informado,2021,3,2,1,7.0
2021-03-02,08:34:00,COM VÍTIMA,FINALIZADA,CORDEIRO,EST DO FORTE DO ARRAIAL N. DO B. JESUS,Não informado,EM FRENTE AO DEPOSITO DE GAS,CORDEIRO,CIDADE,COLISÃO COM CICLISTA,Não informado,0.0,1.0,0.0,1.0,0.0,0.0,0.0,0.0,0.0,1.0,0.0,Longo da via,Bom,Não existe,Perfeito estado,Seca,Perfeito estado,Não existe,Não há placas,60.0,Dupla,Faixa contínua,Não informado,2021,3,2,1,8.0
2021-03-02,09:14:00,COM VÍTIMA,FINALIZADA,BEBERIBE,AV BEBERIBE,Não informado,EM FRENTE ZAP MOVEIS,BEBERIBE,CIDADE,COLISÃO FRONTAL,Não informado,1.0,1.0,0.0,0.0,0.0,0.0,0.0,0.0,0.0,1.0,0.0,Longo da via,Bom,Não existe,Perfeito estado,Seca,Perfeito estado,Não existe,Não há placas,60.0,Dupla,Faixa contínua,Não informado,2021,3,2,1,9.0
2021-03-02,10:33:00,COM VÍTIMA,FINALIZADA,CAMPO GRANDE,RUA JERONIMO VILELA,Não informado,"APÓS A PADARIA SANTO ANTONIO  ,SENTIDO ESTRADA BELEM",CAMPO GRANDE,CIDADE,COLISÃO TRASEIRA,Não informado,1.0,1.0,0.0,0.0,0.0,0.0,0.0,0.0,0.0,1.0,0.0,Longo da via,Bom,Não existe,Perfeito estado,Seca,Perfeito estado,Não existe,Outras,60.0,Dupla,Faixa seccionada,Não informado,2021,3,2,1,10.0
2021-03-02,14:49:00,COM VÍTIMA,FINALIZADA,AREIAS,RUA CAMBUCA,RUA OITICICA LINS,EM FRENTE AO SUPERMERCADO COBAL,AREIAS,SUBURBIO,COLISÃO TRANSVERSAL,Não informado,1.0,1.0,0.0,0.0,0.0,0.0,0.0,0.0,0.0,1.0,0.0,Cruzamento,Bom,Não existe,Ilegível,Seca,Perfeito estado,Não existe,"Placas ""Pare""",40.0,Dupla,Não existe,Não informado,2021,3,2,1,14.0
2021-03-02,17:00:00,COM VÍTIMA,FINALIZADA,ESTÂNCIA,AV DR JOSE RUFINO,Não informado,AO LADO DA ANTIGA FABRICA YOLANDA,ESTÂNCIA,CIDADE,COLISÃO LATERAL,Não informado,0.0,2.0,0.0,0.0,0.0,0.0,0.0,0.0,0.0,2.0,0.0,Longo da via,Bom,Não existe,Perfeito estado,Seca,Perfeito estado,Não existe,Não há placas,60.0,Dupla,Faixa contínua,Não informado,2021,3,2,1,17.0
2021-03-02,19:46:00,COM VÍTIMA,FINALIZADA,MADALENA,RUA MANOEL BERNARDES,Não informado,PRÓX A PRAÇA CALAZANS,MADALENA,SUBURBIO,ATROPELAMENTO DE PESSOA,Não informado,1.0,0.0,0.0,0.0,1.0,0.0,0.0,0.0,0.0,1.0,0.0,Outros,Bom,Não existe,Perfeito estado,Seca,Perfeito estado,Não existe,Não há placas,60.0,Dupla,Não existe,Não informado,2021,3,2,1,19.0
2021-03-02,20:31:40,COM VÍTIMA,FINALIZADA,CASA AMARELA,AV NORTE,RUA DA HARMONIA,FARMÁCIA BOM JESUS,CASA AMARELA,SUBURBIO,COLISÃO COM CICLISTA,Não informado,1.0,0.0,0.0,1.0,0.0,0.0,0.0,0.0,0.0,1.0,0.0,Cruzamento,Bom,Sem defeito,Perfeito estado,Seca,Perfeito estado,Faixa de pedestre,"Placas ""Pare""",60.0,Dupla,Canteiro central,Não informado,2021,3,2,1,20.0
2021-03-03,09:29:00,SEM VÍTIMA,FINALIZADA,CAMPO GRANDE,RUA PRUDENTE DE MORAES,RUA CARLOS FERNANDES,E/F AO DEPOSITO DA ULTRAGÁS,CAMPO GRANDE,Não informado,COLISÃO,Não informado,2.0,0.0,0.0,0.0,0.0,0.0,0.0,0.0,0.0,0.0,0.0,Cruzamento,Bom,Não existe,Perfeito estado,Seca,Perfeito estado,Faixa de retenção,"Placas ""Pare""",30.0,Dupla,Faixa seccionada,Não informado,2021,3,3,2,9.0
2021-03-03,12:23:00,SEM VÍTIMA,CANCELADA,JOANA BEZERRA,AV GOVERNADOR AGAMENON MAGALHAES,Não informado,"SOB O VIADULTO CAPITÃO TEMUDO, SENTIDO OLINDA",JOANA BEZERRA,Não informado,COLISÃO,Não informado,1.0,1.0,0.0,0.0,0.0,0.0,0.0,0.0,0.0,0.0,0.0,Não informado,Não informado,Não informado,Não informado,Não informado,Não informado,Não informado,Não informado,60.0,Não informado,Não informado,Não informado,2021,3,3,2,12.0
2021-03-03,13:25:00,COM VÍTIMA,FINALIZADA,ZUMBI,AV CAXANGA,Não informado,EM FRENTE AO COMPAZ MIGUEL ARRAES,ZUMBI,CIDADE,COLISÃO LATERAL,Não informado,1.0,1.0,0.0,0.0,0.0,0.0,0.0,0.0,0.0,1.0,0.0,Longo da via,Bom,Não existe,Perfeito estado,Seca,Perfeito estado,Não existe,Outras,60.0,Dupla,Canteiro central,Não informado,2021,3,3,2,13.0
2021-03-03,13:35:00,COM VÍTIMA,FINALIZADA,IBURA,AV DOIS RIOS,RUA RIO XINGU,POSTO PETROBRAS,IBURA,CIDADE,COLISÃO FRONTAL,Não informado,1.0,1.0,0.0,0.0,0.0,0.0,0.0,0.0,0.0,2.0,0.0,Cruzamento,Bom,Sem defeito,Perfeito estado,Seca,Perfeito estado,Faixa de retenção,Não há placas,60.0,Dupla,Faixa contínua,Não informado,2021,3,3,2,13.0
2021-03-03,15:18:00,COM VÍTIMA,FINALIZADA,AFOGADOS,EST DOS REMEDIOS,RUA CORONEL ALFREDO DUARTE,POSTO IPIRANGA,AFOGADOS,CIDADE,COLISÃO LATERAL,Não informado,1.0,1.0,0.0,0.0,0.0,0.0,0.0,0.0,0.0,1.0,0.0,Esquina,Bom,Não existe,Perfeito estado,Seca,Perfeito estado,Não existe,R-6a,60.0,Única,Faixa seccionada,Não informado,2021,3,3,2,15.0