data,hora,natureza_acidente,situacao,bairro,endereco,detalhe_endereco_acidente,complemento,bairro_cruzamento,sentido_via,tipo,descricao,auto,moto,ciclom,ciclista,pedestre,onibus,caminhao,viatura,outros,vitimas,vitimasfatais,acidente_verificado,tempo_clima,situacao_semaforo,sinalizacao,condicao_via,conservacao_via,ponto_controle,situacao_placa,velocidade_max_via,mao_direcao,divisao_via1,natureza,ano,mes,dia,dia_semana,hora_ocorrencia
2021-03-03,16:35:00,COM VÍTIMA,FINALIZADA,BOMBA DO HEMETÉRIO,RUA JACOB,RUA DR JOSE FULCO,EM FRENTE AO ESPAÇO BELEZA MUNIZ CHIC,BOMBA DO HEMETÉRIO,SUBURBIO,COLISÃO LATERAL,Não informado,1.0,1.0,0.0,0.0,0.0,0.0,0.0,0.0,0.0,1.0,0.0,Longo da via,Bom,Não existe,Perfeito estado,Seca,Perfeito estado,Não existe,Outras,30.0,Dupla,Faixa seccionada,Não informado,2021,3,3,2,16.0
2021-03-03,16:52:00,COM VÍTIMA,FINALIZADA,BAIRRO DO RECIFE,AV ALFREDO LISBOA,Não informado,EM FRENTE A DELEGACIA DA MULHER,BAIRRO DO RECIFE,SUBURBIO,COLISÃO LATERAL,Não informado,0.0,2.0,0.0,0.0,0.0,0.0,0.0,0.0,0.0,1.0,0.0,Longo da via,Bom,Não existe,Perfeito estado,Seca,Perfeito estado,Não existe,Outras,60.0,Única,Faixa seccionada,Não informado,2021,3,3,2,16.0
2021-03-03,18:11:00,COM VÍTIMA,FINALIZADA,CASA FORTE,AV DEZESSETE DE AGOSTO,Não informado,E/F A FARMACIA PAGUE MENOS,CASA FORTE,SUBURBIO,COLISÃO LATERAL,Não informado,1.0,1.0,0.0,0.0,0.0,0.0,0.0,0.0,0.0,1.0,0.0,Longo da via,Bom,Sem defeito,Perfeito estado,Seca,Perfeito estado,Não existe,R-6a,60.0,Dupla,Faixa contínua,Não informado,2021,3,3,2,18.0
2021-03-03,18:46:00,COM VÍTIMA,CANCELADA,IPSEP,AV RECIFE,Não informado,NA ENTRADA DO IBURA / E/F A AUTO ESPORTE VEÍCULO E NOVA ERA,IPSEP,Não informado,COLISÃO,Não informado,1.0,1.0,0.0,0.0,0.0,0.0,0.0,0.0,0.0,2.0,0.0,Não informado,Não informado,Não informado,Não informado,Não informado,Não informado,Não informado,Não informado,60.0,Não informado,Não informado,Não informado,2021,3,3,2,18.0
2021-03-04,07:44:00,COM VÍTIMA,FINALIZADA,SANTO AMARO,AV GOVERNADOR AGAMENON MAGALHAES,Não informado,RETORNO DA UPE,SANTO AMARO,SUBURBIO,COLISÃO LATERAL,Não informado,1.0,1.0,0.0,0.0,0.0,0.0,0.0,0.0,0.0,2.0,0.0,Longo da via,Bom,Sem defeito,Perfeito estado,Seca,Perfeito estado,Faixa de pedestre,Não informado,60.0,Dupla,Faixa contínua,Não informado,2021,3,4,3,7.0
2021-03-04,14:39:00,COM VÍTIMA,FINALIZADA,IPSEP,RUA DR RAPOSO PINTO,RUA JACUNDA,PRÓX À CIDINHA DELICATESSEN E COLÉGIO WALT DISNEY,IPSEP,SUBURBIO,COLISÃO LATERAL,Não informado,1.0,1.0,0.0,0.0,0.0,0.0,0.0,0.0,0.0,1.0,0.0,Longo da via,Bom,Não existe,Perfeito estado,Seca,Perfeito estado,Não existe,Não informado,60.0,Dupla,Faixa contínua,Não informado,2021,3,4,3,14.0
2021-03-04,15:09:00,SEM VÍTIMA,FINALIZADA,CASA AMARELA,AV NORTE,Não informado,EM FRENTE A POLICLÍNICA BARROS LIMA,CASA AMARELA,Não informado,COLISÃO,Não informado,3.0,0.0,0.0,0.0,0.0,0.0,0.0,0.0,0.0,0.0,0.0,Longo da via,Bom,Intermitente,Perfeito estado,Seca,Perfeito estado,Faixa de pedestre,Outras,60.0,Dupla,Canteiro central,Não informado,2021,3,4,3,15.0
2021-03-04,16:02:00,SEM VÍTIMA,FINALIZADA,TORRÕES,AV ENGENHEIRO ABDIAS DE CARVALHO,Não informado,PRAÇA DA CHESF,TORRÕES,Não informado,COLISÃO,Não informado,0.0,0.0,0.0,0.0,0.0,0.0,0.0,0.0,0.0,0.0,0.0,Longo da via,Bom,Sem defeito,Perfeito estado,Seca,Perfeito estado,Faixa de pedestre,Não há placas,60.0,Única,Canteiro central,Não informado,2021,3,4,3,16.0
2021-03-04,17:21:00,COM VÍTIMA,CANCELADA,PRADO,AV ENGENHEIRO ABDIAS DE CARVALHO,Não informado,EM FRENTE A ENGEFRIO,PRADO,SUBURBIO,COLISÃO,Não informado,1.0,1.0,0.0,0.0,0.0,0.0,0.0,0.0,0.0,2.0,0.0,Não informado,Não informado,Não informado,Não informado,Não informado,Não informado,Não informado,Não informado,60.0,Não informado,Não informado,Não informado,2021,3,4,3,17.0
2021-03-04,17:29:00,SEM VÍTIMA,FINALIZADA,BOA VIAGEM,RUA TOME GIBSON,AV ENGENHEIRO DOMINGOS FERREIRA,Não informado,BOA VIAGEM,Não informado,COLISÃO,Não informado,0.0,0.0,0.0,0.0,0.0,0.0,0.0,0.0,0.0,0.0,0.0,Não informado,Não informado,Não informado,Não informado,Não informado,Não informado,Não informado,Não informado,60.0,Não informado,Não informado,Não informado,2021,3,4,3,17.0
2021-03-04,19:30:00,SEM VÍTIMA,FINALIZADA,PINA,AV ANTONIO DE GOES,RUA MIRANDA FALCAO,Não informado,PINA,Não informado,COLISÃO,Não informado,2.0,0.0,0.0,0.0,0.0,0.0,0.0,0.0,0.0,0.0,0.0,Longo da via,Bom,Sem defeito,Perfeito estado,Seca,Perfeito estado,Faixa de pedestre,Não há placas,60.0,Única,Faixa seccionada,Não informado,2021,3,4,3,19.0
2021-03-04,23:17:40,SEM VÍTIMA,FINALIZADA,ESPINHEIRO,RUA DA HORA,RUA QUARENTA E OITO,EM FRENTE AO EDF MARIA BELANIA,ESPINHEIRO,Não informado,COLISÃO,Não informado,2.0,0.0,0.0,0.0,0.0,0.0,0.0,0.0,0.0,0.0,0.0,Cruzamento,Bom,Sem defeito,Perfeito estado,Seca,Perfeito estado,Faixa de pedestre,R-6a,60.0,Única,Faixa seccionada,Não informado,2021,3,4,3,23.0
2021-03-05,15:21:00,COM VÍTIMA,CANCELADA,BOA VISTA,RUA GERVASIO PIRES,AV MANOEL BORBA,Não informado,BOA VISTA,Não informado,COLISÃO COM CICLISTA,Não informado,1.0,0.0,0.0,1.0,0.0,1.0,0.0,0.0,0.0,1.0,0.0,Não informado,Não informado,Não informado,Não informado,Não informado,Não informado,Não informado,Não informado,60.0,Não informado,Não informado,Não informado,2021,3,5,4,15.0
2021-03-05,17:20:00,COM VÍTIMA,FINALIZADA,SANTO AMARO,AV PREFEITO ARTUR LIMA CAVALCANTI,Não informado,APÓS A PONTE LIMOEIRO,SANTO AMARO,SUBURBIO,CHOQUE,Não informado,0.0,1.0,0.0,0.0,0.0,0.0,0.0,0.0,0.0,1.0,0.0,Longo da via,Bom,Não existe,Não existente,Seca,Perfeito estado,Não informado,Não informado,40.0,Dupla,Canteiro central,Não informado,2021,3,5,4,17.0
2021-03-05,20:05:00,COM VÍTIMA,FINALIZADA,PORTO DA MADEIRA,AV BEBERIBE,RUA BARROS BARRETO,PRÓX A DALVA DE OLIVEIRA / E/F AO REI DO ARRUMADINHO  E CONDOMINIO DO CONJUNTO JOÃO PAULO ll,PORTO DA MADEIRA,CIDADE,COLISÃO LATERAL,Não informado,1.0,1.0,0.0,0.0,0.0,0.0,0.0,0.0,0.0,2.0,0.0,Cruzamento,Bom,Não existe,Perfeito estado,Seca,Perfeito estado,Não existe,Não há placas,60.0,Dupla,Faixa seccionada,Não informado,2021,3,5,4,20.0
2021-03-06,09:28:00,COM VÍTIMA,FINALIZADA,IMBIRIBEIRA,AV MARECHAL MASCARENHAS DE MORAES,Não informado,EM FRENTE A FLOR E ARTE,IMBIRIBEIRA,AEROPORTO,COLISÃO TRASEIRA,Não informado,1.0,1.0,0.0,0.0,0.0,0.0,0.0,0.0,0.0,2.0,0.0,Longo da via,Bom,Sem defeito,Perfeito estado,Seca,Perfeito estado,Faixa de pedestre,R-6a,60.0,Única,Faixa contínua,Não informado,2021,3,6,5,9.0
2021-03-06,19:56:00,SEM VÍTIMA,FINALIZADA,JARDIM SÃO PAULO,AV LIBERDADE,Não informado,"PROXIMO DA DELEGACIA DRACO, EM FRENTE A  FARMACIA DISK REMEDIOS",JARDIM SÃO PAULO,Não informado,COLISÃO,Não informado,2.0,0.0,0.0,0.0,0.0,0.0,0.0,0.0,0.0,0.0,0.0,Longo da via,Bom,Não existe,Ilegível,Seca,Perfeito estado,Não existe,Não há placas,60.0,Dupla,Não existe,Não informado,2021,3,6,5,19.0
2021-03-06,22:32:40,SEM VÍTIMA,FINALIZADA,CAMPO GRANDE,RUA TENENTE GUIMARAES,RUA DR MACHADO,PROXIMO DO BRECHO QUINTAL ESPAÇO COLABORATIVO,CAMPO GRANDE,Não informado,CHOQUE,Não informado,1.0,0.0,0.0,0.0,0.0,0.0,0.0,0.0,0.0,0.0,0.0,Longo da via,Bom,Não existe,Não existente,Seca,Mal iluminada,Não existe,Não há placas,60.0,Dupla,Não existe,Não informado,2021,3,6,5,22.0
2021-03-07,00:49:00,SEM VÍTIMA,CANCELADA,IPSEP,RUA ITAJAI,Não informado,Não informado,IPSEP,Não informado,COLISÃO,Não informado,2.0,0.0,0.0,0.0,0.0,0.0,0.0,0.0,0.0,0.0,0.0,Não informado,Não informado,Não informado,Não informado,Não informado,Não informado,Não informado,Não informado,60.0,Não informado,Não informado,Não informado,2021,3,7,6,0.0
2021-03-07,21:28:40,COM VÍTIMA,CANCELADA,COHAB,AV PERNAMBUCO,Não informado,NA SUBIDA DA LADEIRA / E/F A ACADEMIA DA CIDADE,COHAB,Não informado,COLISÃO,Não informado,1.0,1.0,0.0,0.0,0.0,0.0,0.0,0.0,0.0,1.0,0.0,Não informado,Não informado,Não informado,Não informado,Não informado,Não informado,Não informado,Não informado,60.0,Não informado,Não informado,Não informado,2021,3,7,6,21.0
2021-03-08,01:22:00,SEM VÍTIMA,CANCELADA,DOIS IRMÃOS,RUA DOIS IRMAOS,Não informado,"INDO PELA AV CAXANGÁ, ANTES DA ENTRADA DA UFRPE - PRÓXIMO AO BAR DA CURVA",DOIS IRMÃOS,Não informado,COLISÃO,Não informado,2.0,0.0,0.0,0.0,0.0,0.0,0.0,0.0,0.0,0.0,0.0,Não informado,Não informado,Não informado,Não informado,Não informado,Não informado,Não informado,Não informado,60.0,Não informado,Não informado,Não informado,2021,3,8,0,1.0
2021-03-08,08:34:00,COM VÍTIMA,FINALIZADA,IPSEP,RUA JEAN EMILE FAVRE,Não informado,EM FRENTE A FACULDADE BOA VIAGEM  /,IPSEP,CIDADE,COLISÃO COM CICLISTA,Não informado,1.0,0.0,0.0,1.0,0.0,0.0,0.0,0.0,0.0,1.0,0.0,Longo da via,Bom,Não existe,Perfeito estado,Seca,Perfeito estado,Não existe,Outras,60.0,Dupla,Faixa contínua,Não informado,2021,3,8,0,8.0
2021-03-08,10:13:00,SEM VÍTIMA,FINALIZADA,SANTO AMARO,AV GOVERNADOR AGAMENON MAGALHAES,Não informado,EM FRENTE AO EDF VISGUEIRO,SANTO AMARO,OLINDA,COLISÃO,Não informado,1.0,0.0,0.0,0.0,0.0,0.0,0.0,1.0,0.0,0.0,0.0,Não informado,Bom,Sem defeito,Perfeito estado,Seca,Não informado,Faixa de pedestre,Não há placas,60.0,Única,Faixa seccionada,Não informado,2021,3,8,0,10.0
2021-03-08,12:20:00,COM VÍTIMA,CANCELADA,TORRÕES,AV ENGENHEIRO ABDIAS DE CARVALHO,Não informado,PRÓX À UPA,TORRÕES,SUBURBIO,COLISÃO COM CICLISTA,Não informado,0.0,0.0,0.0,1.0,0.0,1.0,0.0,0.0,0.0,1.0,0.0,Não informado,Não informado,Não informado,Não informado,Não informado,Não informado,Não informado,Não informado,60.0,Não informado,Não informado,Não informado,2021,3,8,0,12.0
2021-03-08,12:51:00,COM VÍTIMA,FINALIZADA,BOA VIAGEM,RUA VISCONDE DE JEQUITINHONHA,Não informado,"ANTES AO QUARTEL DA AERONALTICA,  PROX AO ED. VIA FARINE",BOA VIAGEM,SUBURBIO,COLISÃO LATERAL,Não informado,2.0,1.0,0.0,0.0,0.0,0.0,0.0,0.0,0.0,1.0,0.0,Longo da via,Bom,Sem defeito,Perfeito estado,Seca,Perfeito estado,Faixa de pedestre,Outras,60.0,Única,Faixa seccionada,Não informado,2021,3,8,0,12.0
2021-03-08,21:23:40,COM VÍTIMA,FINALIZADA,SAN MARTIN,AV ENGENHEIRO ABDIAS DE CARVALHO,Não informado,"PROXIMO DO ATACAREJO, EM FRENTE A ANTIGA FUNASE",SAN MARTIN,CIDADE,COLISÃO LATERAL,Não informado,1.0,1.0,0.0,0.0,0.0,0.0,0.0,0.0,0.0,1.0,0.0,Cruzamento,Bom,Sem defeito,Perfeito estado,Seca,Perfeito estado,Faixa de retenção,Outras,60.0,Não informado,Faixa seccionada,Não informado,2021,3,8,0,21.0
2021-03-09,05:10:00,SEM VÍTIMA,FINALIZADA,BOA VISTA,AV CONDE DA BOA VISTA,Não informado,AO LADO DO SHOPPING BOA VISTA,BOA VISTA,Não informado,COLISÃO,Não informado,0.0,0.0,0.0,0.0,0.0,1.0,1.0,0.0,0.0,0.0,0.0,Cruzamento,Bom,Sem defeito,Perfeito estado,Seca,Perfeito estado,Faixa de retenção,Não há placas,60.0,Dupla,Canteiro central,Não informado,2021,3,9,1,5.0
2021-03-09,11:23:00,COM VÍTIMA,FINALIZADA,BOA VISTA,AV MANOEL BORBA,Não informado,EM FRENTE AO SAMU,BOA VISTA,Não informado,COLISÃO LATERAL,Não informado,1.0,1.0,0.0,0.0,0.0,0.0,0.0,0.0,0.0,1.0,0.0,Cruzamento,Bom,Sem defeito,Perfeito estado,Seca,Perfeito estado,Outros,Outras,60.0,Única,Faixa contínua,Não informado,2021,3,9,1,11.0
2021-03-09,13:39:00,COM VÍTIMA,FINALIZADA,BREJO DE BEBERIBE,AV VEREADOR OTACILIO AZEVEDO,Não informado,PROXIMO AO CLUBE DA FAZENDA,BREJO DE BEBERIBE,CIDADE,COLISÃO LATERAL,Não informado,2.0,1.0,0.0,0.0,0.0,0.0,0.0,0.0,0.0,1.0,0.0,Longo da via,Bom,Não existe,Perfeito estado,Seca,Perfeito estado,Faixa de pedestre,"Placas ""Dê a preferência""",60.0,Dupla,Faixa seccionada,Não informado,2021,3,9,1,13.0
2021-03-09,14:05:00,COM VÍTIMA,FINALIZADA,TEJIPIÓ,AV DR JOSE RUFINO,Não informado,EM FRENTE A ESTAÇÃO DE TEJIPIO,TEJIPIÓ,CIDADE,COLISÃO LATERAL,Não informado,1.0,1.0,0.0,0.0,0.0,0.0,0.0,0.0,0.0,1.0,0.0,Longo da via,Bom,Não existe,Perfeito estado,Seca,Perfeito estado,Não existe,R-6a,60.0,Dupla,Faixa contínua,Não informado,2021,3,9,1,14.0
2021-03-09,14:43:00,COM VÍTIMA,DUPLICIDADE,TEJIPIÓ,AV DR JOSE RUFINO,Não informado,EM FRENTE A ESTAÇÃO DE TEJIPIO,TEJIPIÓ,Não informado,COLISÃO,Não informado,1.0,1.0,0.0,0.0,0.0,0.0,0.0,0.0,0.0,1.0,0.0,Não informado,Não informado,Não informado,Não informado,Não informado,Não informado,Não informado,Não informado,60.0,Não informado,Não informado,Não informado,2021,3,9,1,14.0
2021-03-09,15:18:00,COM VÍTIMA,FINALIZADA,MADALENA,AV BEIRA RIO,Não informado,EM FRENTE AO EDIFICIO QUATRO ESTAÇÕES,MADALENA,SUBURBIO,QUEDA,Não informado,1.0,1.0,0.0,0.0,0.0,0.0,0.0,0.0,0.0,1.0,0.0,Longo da via,Bom,Sem defeito,Perfeito estado,Seca,Perfeito estado,Faixa de pedestre,Outras,60.0,Não informado,Faixa contínua,Não informado,2021,3,9,1,15.0
2021-03-09,16:59:00,COM VÍTIMA,FINALIZADA,DERBY,AV GOVERNADOR AGAMENON MAGALHAES,Não informado,EM FRENTE AO ANTIGO SPETTUS/ SENTIDO BOA VIAGEM,DERBY,Não informado,COLISÃO TRANSVERSAL,Não informado,1.0,2.0,0.0,0.0,0.0,0.0,0.0,0.0,0.0,1.0,0.0,Cruzamento,Bom,Sem defeito,Perfeito estado,Seca,Perfeito estado,Não informado,Não informado,60.0,Dupla,Canteiro central,Não informado,2021,3,9,1,16.0
2021-03-09,17:48:00,SEM VÍTIMA,FINALIZADA,AFOGADOS,RUA TEREZINHA LIMA,Não informado,PROXIMO AO RESTAURANTE BODE DO NO,AFOGADOS,Não informado,CHOQUE,Não informado,0.0,0.0,0.0,0.0,0.0,0.0,1.0,0.0,0.0,0.0,0.0,Não informado,Não informado,Não informado,Não informado,Não informado,Não informado,Não informado,Não informado,60.0,Não informado,Não informado,Não informado,2021,3,9,1,17.0
2021-03-09,20:22:00,COM VÍTIMA,FINALIZADA,SANTO AMARO,AV CRUZ CABUGA,AV NORTE,SEMÁFORO 034 / E/F AO CEMITÉRIO DOS INGLESES,SANTO AMARO,CIDADE,COLISÃO TRASEIRA,Não informado,1.0,1.0,0.0,0.0,0.0,0.0,0.0,0.0,0.0,1.0,0.0,Longo da via,Bom,Sem defeito,Perfeito estado,Seca,Perfeito estado,Faixa de pedestre,Outras,60.0,Única,Faixa contínua,Não informado,2021,3,9,1,20.0
2021-03-10,12:17:00,COM VÍTIMA,FINALIZADA,PAISSANDU,RUA PAISSANDU,AV PORTUGAL,PRÓX AO SÃO MARCOS,PAISSANDU,CIDADE,COLISÃO TRANSVERSAL,Não informado,1.0,1.0,0.0,0.0,0.0,0.0,0.0,0.0,0.0,1.0,0.0,Longo da via,Bom,Sem defeito,Perfeito estado,Seca,Perfeito estado,Não informado,R-6a,60.0,Dupla,Faixa seccionada,Não informado,2021,3,10,2,12.0
2021-03-10,14:00:00,COM VÍTIMA,FINALIZADA,IBURA,AV DOM HELDER CAMARA,AV RECIFE,PROX AO SEMAFORO 016,IBURA,SUBURBIO,COLISÃO LATERAL,Não informado,1.0,2.0,0.0,0.0,0.0,0.0,0.0,0.0,0.0,1.0,0.0,Longo da via,Bom,Sem defeito,Perfeito estado,Seca,Perfeito estado,Agente,Não informado,60.0,Dupla,Faixa contínua,Não informado,2021,3,10,2,14.0
2021-03-10,16:22:00,SEM VÍTIMA,FINALIZADA,MADALENA,RUA DEMOSTENES DE OLINDA,AV BEIRA RIO,EM FRENTE AO COLÉGIO EQUIPE,MADALENA,Não informado,COLISÃO,Não informado,0.0,2.0,0.0,0.0,0.0,0.0,0.0,0.0,0.0,0.0,0.0,Esquina,Bom,Sem defeito,Perfeito estado,Seca,Perfeito estado,Faixa de pedestre,"Placas ""Pare""",30.0,Única,Faixa contínua,Não informado,2021,3,10,2,16.0
2021-03-10,19:31:00,COM VÍTIMA,FINALIZADA,MADALENA,AV ENGENHEIRO ABDIAS DE CARVALHO,EST DOS REMEDIOS,EM FRENTE A FARMÁCIA DROGASIL,MADALENA,SUBURBIO,COLISÃO LATERAL,Não informado,1.0,1.0,0.0,0.0,0.0,0.0,0.0,0.0,0.0,1.0,0.0,Cruzamento,Bom,Sem defeito,Perfeito estado,Seca,Perfeito estado,Não informado,Outras,60.0,Única,Não existe,Não informado,2021,3,10,2,19.0
2021-03-12,13:00:00,SEM VÍTIMA,FINALIZADA,BOA VIAGEM,AV ENGENHEIRO DOMINGOS FERREIRA,RUA CORONEL BENEDITO CHAVES,MUNDO DO CABELEREIRO,BOA VIAGEM,SUBURBIO,COLISÃO TRASEIRA,Não informado,2.0,0.0,0.0,0.0,0.0,0.0,0.0,0.0,0.0,0.0,0.0,Longo da via,Bom,Sem defeito,Perfeito estado,Seca,Perfeito estado,Faixa de pedestre,Outras,60.0,Única,Faixa contínua,Não informado,2021,3,12,4,13.0
2021-03-12,15:56:00,COM VÍTIMA,FINALIZADA,CABANGA,RUA CAPITAO TEMUDO,Não informado,PRÓX AO ESTELITA / CASA ROSA SELF SERVICE,CABANGA,PINA,ATROPELAMENTO DE PESSOA,Não informado,1.0,1.0,0.0,0.0,1.0,0.0,0.0,0.0,0.0,1.0,0.0,Longo da via,Bom,Não existe,Incompleta,Seca,Perfeito estado,Não existe,Não há placas,60.0,Única,Não existe,Não informado,2021,3,12,4,15.0
2021-03-12,16:17:00,COM VÍTIMA,FINALIZADA,TEJIPIÓ,AV DR JOSE RUFINO,Não informado,EM FRENTE À ESTAÇÃO DE TEJIPIÓ,TEJIPIÓ,SUBURBIO,COLISÃO LATERAL,Não informado,1.0,1.0,0.0,0.0,0.0,0.0,0.0,0.0,0.0,1.0,0.0,Longo da via,Bom,Sem defeito,Perfeito estado,Seca,Perfeito estado,Não existe,Não há placas,40.0,Dupla,Faixa contínua,Não informado,2021,3,12,4,16.0
2021-03-12,16:37:00,COM VÍTIMA,FINALIZADA,BOA VIAGEM,AV BOA VIAGEM,Não informado,EDF ANTÔNIO MONTE,BOA VIAGEM,CIDADE,COLISÃO TRASEIRA,Não informado,1.0,1.0,0.0,0.0,0.0,0.0,0.0,0.0,0.0,1.0,0.0,Longo da via,Bom,Sem defeito,Perfeito estado,Seca,Perfeito estado,Faixa de pedestre,Outras,60.0,Única,Faixa seccionada,Não informado,2021,3,12,4,16.0
2021-03-12,18:43:00,SEM VÍTIMA,FINALIZADA,GRAÇAS,RUA DAS CREOULAS,Não informado,PROTOCOLO=22026481 ( ATENDENTE RUAN ),GRAÇAS,Não informado,CHOQUE,Não informado,1.0,0.0,0.0,0.0,0.0,0.0,0.0,0.0,0.0,0.0,0.0,Não informado,Não informado,Não informado,Não informado,Não informado,Não informado,Não informado,Não informado,60.0,Não informado,Não informado,Não informado,2021,3,12,4,18.0
2021-03-13,09:58:00,COM VÍTIMA,FINALIZADA,BOA VISTA,AV JOAO DE BARROS,RUA DR LEOPOLDO LINS,Não informado,BOA VISTA,SUBURBIO,QUEDA,Não informado,0.0,1.0,0.0,0.0,0.0,0.0,0.0,0.0,0.0,1.0,0.0,Cruzamento,Bom,Sem defeito,Não existente,Seca,Perfeito estado,Faixa de pedestre,Não informado,30.0,Única,Faixa seccionada,Não informado,2021,3,13,5,9.0
2021-03-13,11:10:00,COM VÍTIMA,FINALIZADA,BARRO,AV DR JOSE RUFINO,RUA PADRE NOBREGA,IGREJA MUNDIAL DE JESUS CRISTO,BARRO,SUBURBIO,COLISÃO TRANSVERSAL,Não informado,1.0,1.0,0.0,0.0,0.0,0.0,0.0,0.0,0.0,1.0,0.0,Longo da via,Bom,Não existe,Ilegível,Seca,Perfeito estado,Faixa de pedestre,Não informado,60.0,Dupla,Faixa contínua,Não informado,2021,3,13,5,11.0
2021-03-13,16:01:00,COM VÍTIMA,FINALIZADA,CORDEIRO,RUA DR MIGUEL VIEIRA FERREIRA,Não informado,BROTO PIZZA,CORDEIRO,SUBURBIO,COLISÃO LATERAL,Não informado,1.0,1.0,0.0,0.0,0.0,0.0,0.0,1.0,0.0,1.0,0.0,Longo da via,Bom,Não existe,Perfeito estado,Seca,Perfeito estado,Não informado,R-6a,60.0,Dupla,Faixa contínua,Não informado,2021,3,13,5,16.0
2021-03-13,16:09:00,SEM VÍTIMA,FINALIZADA,BOMBA DO HEMETÉRIO,RUA BOMBA DO HEMETERIO,Não informado,EM FRENTE A IGREJA UNIVERSAL/ FARMACIA DA FAMILIA,BOMBA DO HEMETÉRIO,Não informado,COLISÃO TRASEIRA,Não informado,2.0,0.0,0.0,0.0,0.0,0.0,0.0,0.0,0.0,0.0,0.0,Não informado,Não informado,Não informado,Não informado,Não informado,Não informado,Não informado,Não informado,60.0,Não informado,Não informado,Não informado,2021,3,13,5,16.0
2021-03-14,11:06:00,COM VÍTIMA,FINALIZADA,IPSEP,RUA PAMPULHA,RUA CACHOEIRA,EM FRENTE AO COLEGIO SANTA TEREZA,IPSEP,SUL,COLISÃO TRANSVERSAL,Não informado,1.0,1.0,0.0,0.0,0.0,0.0,0.0,0.0,0.0,1.0,0.0,Cruzamento,Bom,Não existe,Perfeito estado,Seca,Perfeito estado,Faixa de retenção,"Placas ""Pare""",40.0,Única,Não existe,Não informado,2021,3,14,6,11.0
2021-03-15,07:03:00,SEM VÍTIMA,FINALIZADA,PINA,AV ANTONIO DE GOES,Não informado,PISTA DA ESQUERDA INICIO DO VIADUTO PAULO GUERRA,PINA,CIDADE,CHOQUE,Não informado,1.0,0.0,0.0,0.0,0.0,0.0,0.0,0.0,0.0,0.0,0.0,Viaduto,Bom,Não existe,Perfeito estado,Seca,Perfeito estado,Não existe,Não há placas,60.0,Única,Canteiro central,Não informado,2021,3,15,0,7.0
2021-03-15,14:37:00,SEM VÍTIMA,FINALIZADA,BOA VIAGEM,RUA BARAO DE SOUZA LEAO,Não informado,EM FRENTE AO RESTAURANTE COSTA BRAVA,BOA VIAGEM,Não informado,Não informado,Não informado,2.0,0.0,0.0,0.0,0.0,0.0,0.0,0.0,0.0,0.0,0.0,Longo da via,Bom,Não existe,Perfeito estado,Seca,Perfeito estado,Não existe,Não informado,60.0,Única,Faixa seccionada,Não informado,2021,3,15,0,14.0
2021-03-16,07:40:00,COM VÍTIMA,FINALIZADA,IPUTINGA,AV CAXANGA,Não informado,em frente ao posto br suplano,IPUTINGA,CIDADE,ATROPELAMENTO DE PESSOA,Não informado,1.0,0.0,0.0,0.0,1.0,0.0,0.0,0.0,0.0,1.0,0.0,Longo da via,Bom,Sem defeito,Perfeito estado,Seca,Perfeito estado,Faixa de pedestre,Não há placas,60.0,Dupla,Canteiro central,Não informado,2021,3,16,1,7.0
2021-03-16,09:00:00,COM VÍTIMA,FINALIZADA,BOA VIAGEM,AV BOA VIAGEM,RUA RIBEIRO DE BRITO,AO LADO DO EDF LE CORBUSIER,BOA VIAGEM,CIDADE,COLISÃO TRASEIRA,Não informado,1.0,1.0,0.0,0.0,0.0,0.0,0.0,0.0,0.0,1.0,0.0,Longo da via,Bom,Sem defeito,Perfeito estado,Seca,Perfeito estado,Não informado,Não informado,60.0,Única,Faixa seccionada,Não informado,2021,3,16,1,9.0
2021-03-16,10:47:00,SEM VÍTIMA,FINALIZADA,DOIS IRMÃOS,AV DA RECUPERACAO,Não informado,PRÓX. AO MOTEL SENZALA,DOIS IRMÃOS,CIDADE,COLISÃO TRASEIRA,Não informado,1.0,0.0,0.0,0.0,0.0,0.0,0.0,1.0,0.0,0.0,0.0,Longo da via,Bom,Sem defeito,Perfeito estado,Seca,Perfeito estado,Faixa de pedestre,Não há placas,30.0,Única,Faixa contínua,Não informado,2021,3,16,1,10.0
2021-03-16,14:49:00,SEM VÍTIMA,FINALIZADA,CASA FORTE,AV DEZESSETE DE AGOSTO,Não informado,AO LADO DO SHOPPING PLAZA,CASA FORTE,Não informado,COLISÃO LATERAL,Não informado,1.0,1.0,0.0,0.0,0.0,0.0,0.0,0.0,0.0,0.0,0.0,Não informado,Não informado,Não informado,Não informado,Não informado,Não informado,Não informado,Não informado,60.0,Não informado,Não informado,Não informado,2021,3,16,1,14.0