data,hora,natureza_acidente,situacao,bairro,endereco,detalhe_endereco_acidente,complemento,bairro_cruzamento,sentido_via,tipo,descricao,auto,moto,ciclom,ciclista,pedestre,onibus,caminhao,viatura,outros,vitimas,vitimasfatais,acidente_verificado,tempo_clima,situacao_semaforo,sinalizacao,condicao_via,conservacao_via,ponto_controle,situacao_placa,velocidade_max_via,mao_direcao,divisao_via1,natureza,ano,mes,dia,dia_semana,hora_ocorrencia
2021-03-16,14:58:00,COM VÍTIMA,FINALIZADA,CASA FORTE,AV DEZESSETE DE AGOSTO,Não informado,EM FRENTE AOBANCO DO BRASIL,CASA FORTE,SUBURBIO,COLISÃO TRASEIRA,Não informado,1.0,1.0,0.0,0.0,0.0,0.0,0.0,0.0,0.0,1.0,0.0,Longo da via,Bom,Sem defeito,Perfeito estado,Seca,Perfeito estado,Outros,Outras,60.0,Dupla,Faixa contínua,Não informado,2021,3,16,1,14.0
2021-03-16,15:00:00,COM VÍTIMA,FINALIZADA,BOA VISTA,RUA PRINCESA IZABEL,Não informado,EM FRENTE A FACULDADE DE DIREITO,BOA VISTA,CIDADE,ATROPELAMENTO DE PESSOA,Não informado,0.0,1.0,0.0,0.0,1.0,0.0,0.0,0.0,0.0,2.0,0.0,Longo da via,Bom,Não existe,Perfeito estado,Seca,Perfeito estado,Não existe,Não há placas,60.0,Única,Faixa seccionada,Não informado,2021,3,16,1,15.0
2021-03-17,13:20:00,COM VÍTIMA,FINALIZADA,IMBIRIBEIRA,AV MARECHAL MASCARENHAS DE MORAES,Não informado,EM FRENTE A FACULDADE PERNAMBUCANA DE SAUDE/ SENTIDO CIDADE,IMBIRIBEIRA,CIDADE,COLISÃO LATERAL,Não informado,1.0,1.0,0.0,0.0,0.0,0.0,0.0,0.0,0.0,1.0,0.0,Longo da via,Bom,Sem defeito,Perfeito estado,Seca,Perfeito estado,Faixa de pedestre,Não informado,60.0,Única,Faixa seccionada,Não informado,2021,3,17,2,13.0
2021-03-17,14:45:00,COM VÍTIMA,CANCELADA,ILHA JOANA BEZERRA,VDO PAPA JOAO PAULO II,Não informado,ALÇA QUE DÁ ACESSO À RUA IMPERIAL,ILHA JOANA BEZERRA,Não informado,COLISÃO TRASEIRA,Não informado,0.0,2.0,0.0,0.0,0.0,0.0,0.0,0.0,0.0,1.0,0.0,Não informado,Não informado,Não informado,Não informado,Não informado,Não informado,Não informado,Não informado,60.0,Não informado,Não informado,Não informado,2021,3,17,2,14.0
2021-03-17,15:40:00,COM VÍTIMA,CANCELADA,SÃO JOSÉ,RUA DO PEIXOTO,Não informado,EM FRENTE A CASA DA CULTURA,SÃO JOSÉ,Não informado,ATROPELAMENTO DE PESSOA,Não informado,0.0,1.0,0.0,0.0,1.0,0.0,0.0,0.0,0.0,1.0,0.0,Não informado,Não informado,Não informado,Não informado,Não informado,Não informado,Não informado,Não informado,60.0,Não informado,Não informado,Não informado,2021,3,17,2,15.0
2021-03-17,16:11:00,SEM VÍTIMA,FINALIZADA,CAXANGÁ,AV CAXANGA,AV GENERAL SAN MARTIN,Não informado,CAXANGÁ,Não informado,COLISÃO TRASEIRA,Não informado,0.0,0.0,0.0,0.0,0.0,0.0,0.0,0.0,0.0,0.0,0.0,Não informado,Não informado,Não informado,Não informado,Não informado,Não informado,Não informado,Não informado,60.0,Não informado,Não informado,Não informado,2021,3,17,2,16.0
2021-03-17,18:08:00,COM VÍTIMA,FINALIZADA,APIPUCOS,RUA DE APIPUCOS,Não informado,PROXIMO AO EDIFICIO PAINEIRAS,APIPUCOS,CIDADE,COLISÃO LATERAL,Não informado,1.0,1.0,0.0,0.0,0.0,0.0,0.0,0.0,0.0,1.0,0.0,Longo da via,Bom,Não existe,Perfeito estado,Seca,Perfeito estado,Não existe,R-6a,40.0,Dupla,Faixa contínua,Não informado,2021,3,17,2,18.0
2021-03-18,08:12:00,SEM VÍTIMA,FINALIZADA,BOA VIAGEM,AVENIDA CELSO FURTADO (VIA MANGUE),RUA TOME GIBSON,Não informado,BOA VIAGEM,Não informado,CAPOTAMENTO,Não informado,0.0,0.0,0.0,0.0,0.0,0.0,0.0,0.0,0.0,0.0,0.0,Não informado,Não informado,Não informado,Não informado,Não informado,Não informado,Não informado,Não informado,60.0,Não informado,Não informado,Não informado,2021,3,18,3,8.0
2021-03-18,12:24:00,SEM VÍTIMA,FINALIZADA,SÃO JOSÉ,C SANTA RITA,Não informado,TERMINAL DE SANTA RITA,SÃO JOSÉ,SUBURBIO,CHOQUE,Não informado,1.0,0.0,0.0,0.0,0.0,1.0,0.0,0.0,0.0,0.0,0.0,Longo da via,Bom,Sem defeito,Perfeito estado,Seca,Perfeito estado,Não existe,Não há placas,40.0,Dupla,Canteiro central,Não informado,2021,3,18,3,12.0
2021-03-18,12:58:00,COM VÍTIMA,FINALIZADA,ÁGUA FRIA,AV BEBERIBE,Não informado,EM FRENTE A MAGAZINE LUIZA,ÁGUA FRIA,CIDADE,ATROPELAMENTO DE PESSOA,Não informado,0.0,1.0,0.0,0.0,1.0,0.0,0.0,0.0,0.0,1.0,0.0,Longo da via,Chuvoso,Sem defeito,Perfeito estado,Molhada,Perfeito estado,Não existe,Não há placas,60.0,Dupla,Faixa contínua,Não informado,2021,3,18,3,12.0
2021-03-18,16:47:00,COM VÍTIMA,FINALIZADA,BOA VIAGEM,AV BOA VIAGEM,Não informado,APOS O HOSPITAL DA AERONALTICA,BOA VIAGEM,Não informado,COLISÃO TRASEIRA,Não informado,1.0,1.0,0.0,0.0,0.0,0.0,0.0,0.0,0.0,2.0,0.0,Não informado,Não informado,Não informado,Não informado,Não informado,Não informado,Não informado,Não informado,60.0,Não informado,Não informado,Não informado,2021,3,18,3,16.0
2021-03-18,20:28:00,COM VÍTIMA,FINALIZADA,BONGI,AV ENGENHEIRO ABDIAS DE CARVALHO,Não informado,PRÓX AO ATACAREJO,BONGI,CIDADE,COLISÃO LATERAL,Não informado,1.0,1.0,0.0,0.0,0.0,0.0,0.0,0.0,0.0,1.0,0.0,Longo da via,Bom,Sem defeito,Perfeito estado,Seca,Perfeito estado,Faixa de retenção,Outras,60.0,Única,Faixa seccionada,Não informado,2021,3,18,3,20.0
2021-03-19,08:48:00,COM VÍTIMA,FINALIZADA,TEJIPIÓ,AV DR JOSE RUFINO,RUA PAPA JOAO VINTE E TRES,PROX. AO CARTORIO DE TEJIPIO E FÁBRICA PADARIA,TEJIPIÓ,SUBURBIO,COLISÃO LATERAL,Não informado,1.0,1.0,0.0,0.0,0.0,0.0,0.0,0.0,0.0,1.0,0.0,Cruzamento,Bom,Sem defeito,Perfeito estado,Seca,Perfeito estado,Faixa de pedestre,Não há placas,60.0,Dupla,Faixa contínua,Não informado,2021,3,19,4,8.0
2021-03-19,10:53:00,COM VÍTIMA,DUPLICIDADE,CASA AMARELA,AV NORTE,Não informado,PRÓXIMO AO REI DA PICANHA,CASA AMARELA,Não informado,COLISÃO TRASEIRA,Não informado,1.0,1.0,0.0,0.0,0.0,0.0,0.0,0.0,0.0,1.0,0.0,Não informado,Não informado,Não informado,Não informado,Não informado,Não informado,Não informado,Não informado,60.0,Não informado,Não informado,Não informado,2021,3,19,4,10.0
2021-03-19,11:32:00,COM VÍTIMA,FINALIZADA,CASA AMARELA,AV NORTE,Não informado,"PROX. AO REI DA PICANHA, SENT. SUB. EM FRENTE AO POSTO BR",CASA AMARELA,SUBURBIO,COLISÃO TRASEIRA,Não informado,2.0,1.0,0.0,0.0,0.0,0.0,0.0,0.0,0.0,1.0,0.0,Longo da via,Bom,Sem defeito,Perfeito estado,Seca,Perfeito estado,Faixa de pedestre,Não informado,60.0,Dupla,Canteiro central,Não informado,2021,3,19,4,11.0
2021-03-19,16:37:00,COM VÍTIMA,FINALIZADA,SÃO JOSÉ,RUA IMPERIAL,TRV DO RAPOSO,"EM FRENTE A FERRO E AÇO, PRODUTOS SIDERÚRGICOS",SÃO JOSÉ,SUBURBIO,COLISÃO TRANSVERSAL,Não informado,1.0,1.0,0.0,0.0,0.0,0.0,0.0,0.0,0.0,1.0,0.0,Cruzamento,Bom,Sem defeito,Perfeito estado,Seca,Perfeito estado,Faixa de pedestre,Outras,40.0,Única,Faixa seccionada,Não informado,2021,3,19,4,16.0
2021-03-19,18:15:00,SEM VÍTIMA,FINALIZADA,SANTO AMARO,AV JOAO DE BARROS,Não informado,E/F AO CONCERVATORIO DE MUSICA PERNAMBUCANA,SANTO AMARO,Não informado,CHOQUE,Não informado,0.0,0.0,0.0,0.0,0.0,0.0,0.0,0.0,0.0,0.0,0.0,Não informado,Não informado,Não informado,Não informado,Não informado,Não informado,Não informado,Não informado,60.0,Não informado,Não informado,Não informado,2021,3,19,4,18.0
2021-03-19,21:02:40,VÍTIMA FATAL,FINALIZADA,BOA VIAGEM,AV ENGENHEIRO DOMINGOS FERREIRA,RUA ANTONIO FALCAO,RUA ANTONIO FALCÃO (SEMÁFORO 145),BOA VIAGEM,Não informado,COLISÃO TRANSVERSAL,Não informado,1.0,1.0,0.0,0.0,0.0,0.0,0.0,0.0,0.0,1.0,1.0,Cruzamento,Bom,Sem defeito,Não informado,Seca,Perfeito estado,Faixa de pedestre,Não informado,60.0,Única,Não informado,Não informado,2021,3,19,4,21.0
2021-03-19,21:04:40,COM VÍTIMA,FINALIZADA,ENCRUZILHADA,RUA AMARO COUTINHO,RUA FERNANDO CESAR,COM A RUA FERNANDO CESAR,ENCRUZILHADA,CIDADE,COLISÃO TRANSVERSAL,Não informado,1.0,1.0,0.0,0.0,0.0,0.0,0.0,0.0,0.0,1.0,0.0,Cruzamento,Bom,Não existe,Perfeito estado,Seca,Perfeito estado,Faixa de pedestre,"Placas ""Pare""",60.0,Única,Faixa seccionada,Não informado,2021,3,19,4,21.0
2021-03-20,04:00:00,SEM VÍTIMA,FINALIZADA,SANTO AMARO,AV PREFEITO ARTUR LIMA CAVALCANTI,AV NORTE,CRUZAMENTO COM A AV NORTE - SENTIDO SHOPING TACARUNA,SANTO AMARO,SUBURBIO,CHOQUE,Não informado,1.0,0.0,0.0,0.0,0.0,0.0,0.0,0.0,0.0,0.0,0.0,Não informado,Não informado,Não informado,Não informado,Não informado,Não informado,Não informado,Não informado,60.0,Não informado,Não informado,Não informado,2021,3,20,5,4.0
2021-03-20,07:18:00,COM VÍTIMA,FINALIZADA,MANGABEIRA,AV NORTE,AV PROFESSOR JOSE DOS ANJOS,EM FRENTE AO SESC,MANGABEIRA,CIDADE,COLISÃO LATERAL,Não informado,0.0,2.0,0.0,0.0,0.0,0.0,0.0,0.0,0.0,1.0,0.0,Longo da via,Bom,Não existe,Perfeito estado,Seca,Perfeito estado,Não existe,R-6a,60.0,Dupla,Faixa seccionada,Não informado,2021,3,20,5,7.0
2021-03-20,07:19:00,VÍTIMA FATAL,FINALIZADA,AREIAS,AV RECIFE,Não informado,LADO OPOSTO AO BIG BOMPREÇO E HM VEÍCULOS. LADO OPOSTO AO NÚMERO INFORMADO.,AREIAS,JARDIM SÃO PAULO,ATROPELAMENTO DE PESSOA,Não informado,0.0,0.0,0.0,0.0,1.0,0.0,1.0,0.0,0.0,0.0,1.0,Longo da via,Bom,Não existe,Perfeito estado,Seca,Perfeito estado,Outros,Não informado,60.0,Não informado,Faixa seccionada,Não informado,2021,3,20,5,7.0
2021-03-20,08:02:00,COM VÍTIMA,FINALIZADA,ROSARINHO,AV SANTOS DUMONT,RUA DR JOSE MARIA,"GALERIA D, BEL",ROSARINHO,SUBURBIO,COLISÃO TRASEIRA,Não informado,2.0,0.0,0.0,0.0,0.0,0.0,0.0,0.0,0.0,1.0,0.0,Cruzamento,Chuvoso,Sem defeito,Perfeito estado,Não informado,Perfeito estado,Faixa de pedestre,Outras,60.0,Única,Faixa seccionada,Não informado,2021,3,20,5,8.0
2021-03-20,14:01:00,SEM VÍTIMA,FINALIZADA,IMBIRIBEIRA,AV MARECHAL MASCARENHAS DE MORAES,Não informado,EM FRENTE AO GMAG ESTOFADOS,IMBIRIBEIRA,Não informado,COLISÃO TRASEIRA,Não informado,2.0,0.0,0.0,0.0,0.0,0.0,0.0,0.0,0.0,0.0,0.0,Não informado,Não informado,Não informado,Não informado,Não informado,Não informado,Não informado,Não informado,60.0,Não informado,Não informado,Não informado,2021,3,20,5,14.0
2021-03-20,15:12:00,COM VÍTIMA,FINALIZADA,DOIS UNIDOS,AV HILDEBRANDO DE VASCONCELOS,Não informado,EM FRENTE AO NUMERAL 863,DOIS UNIDOS,SUBURBIO,ATROPELAMENTO DE PESSOA,Não informado,0.0,1.0,0.0,0.0,1.0,0.0,0.0,0.0,0.0,1.0,0.0,Longo da via,Bom,Não existe,Não existente,Seca,Perfeito estado,Não existe,Não há placas,60.0,Dupla,Faixa seccionada,Não informado,2021,3,20,5,15.0
2021-03-20,16:18:00,COM VÍTIMA,FINALIZADA,SAN MARTIN,AV ENGENHEIRO ABDIAS DE CARVALHO,Não informado,LADO OPOSTO AO COMPAZ DA ABDIAS.,SAN MARTIN,CIDADE,COLISÃO LATERAL,Não informado,1.0,1.0,0.0,0.0,0.0,0.0,0.0,0.0,0.0,1.0,0.0,Longo da via,Bom,Sem defeito,Perfeito estado,Seca,Perfeito estado,Faixa de retenção,Não há placas,60.0,Única,Faixa contínua,Não informado,2021,3,20,5,16.0
2021-03-20,18:17:00,COM VÍTIMA,FINALIZADA,BOA VIAGEM,AV BOA VIAGEM,RUA RIBEIRO DE BRITO,"PRÓX A MR NORDESTE. EDF. QUEEN MARY""",BOA VIAGEM,CIDADE,COLISÃO TRASEIRA,Não informado,1.0,1.0,0.0,0.0,0.0,0.0,0.0,0.0,0.0,1.0,0.0,Longo da via,Bom,Não existe,Perfeito estado,Seca,Perfeito estado,Não existe,Outras,60.0,Única,Faixa seccionada,Não informado,2021,3,20,5,18.0
2021-03-20,19:00:00,COM VÍTIMA,CANCELADA,MADALENA,TUNEL DA ABOLICAO,Não informado,DENTRO DO TUNEL DA ABOLIÇÃO,MADALENA,Não informado,COLISÃO LATERAL,Não informado,1.0,1.0,0.0,0.0,0.0,0.0,0.0,0.0,0.0,1.0,0.0,Não informado,Não informado,Não informado,Não informado,Não informado,Não informado,Não informado,Não informado,60.0,Não informado,Não informado,Não informado,2021,3,20,5,19.0
2021-03-21,19:18:00,SEM VÍTIMA,CANCELADA,COHAB,AV SANTA FE,Não informado,E/F A LANCHONETE MEC BURGUER E LANCHONETE CARIOCA,COHAB,Não informado,CHOQUE,Não informado,1.0,0.0,0.0,0.0,0.0,0.0,0.0,0.0,0.0,0.0,0.0,Não informado,Não informado,Não informado,Não informado,Não informado,Não informado,Não informado,Não informado,60.0,Não informado,Não informado,Não informado,2021,3,21,6,19.0
2021-03-21,21:39:40,COM VÍTIMA,CANCELADA,CAXANGÁ,AV CAXANGA,Não informado,"E/F AO BIG BOMPREÇO, SNT CAMARAGIBE / PRÓX AO BANCO ITAU/BRADESCO",CAXANGÁ,Não informado,COLISÃO LATERAL,Não informado,0.0,2.0,0.0,0.0,0.0,0.0,0.0,0.0,0.0,2.0,0.0,Não informado,Não informado,Não informado,Não informado,Não informado,Não informado,Não informado,Não informado,60.0,Não informado,Não informado,Não informado,2021,3,21,6,21.0
2021-03-22,07:32:00,COM VÍTIMA,FINALIZADA,MADALENA,RUA GOMES TABORDA,RUA DES ADOLFO CIRIACO,AO LADO DO BAILE PERFUMADO. AO LADO DO SINDICOMBUSTÍVEL PERNAMBUCO,MADALENA,Não informado,COLISÃO LATERAL,Não informado,1.0,1.0,0.0,0.0,0.0,0.0,0.0,0.0,0.0,1.0,0.0,Cruzamento,Bom,Não existe,Perfeito estado,Seca,Perfeito estado,Não existe,Não há placas,30.0,Dupla,Faixa seccionada,Não informado,2021,3,22,0,7.0
2021-03-22,08:49:00,COM VÍTIMA,FINALIZADA,SANTO AMARO,AV JOAO DE BARROS,AV GOVERNADOR AGAMENON MAGALHAES,EM FRENTE A ESTETICA CLINICAL CENTER,SANTO AMARO,SUBURBIO,ATROPELAMENTO DE PESSOA,Não informado,0.0,0.0,0.0,0.0,1.0,1.0,0.0,0.0,0.0,1.0,0.0,Longo da via,Bom,Sem defeito,Perfeito estado,Seca,Perfeito estado,Faixa de retenção,"Placas ""Pare""",60.0,Única,Canteiro central,Não informado,2021,3,22,0,8.0
2021-03-22,09:30:00,COM VÍTIMA,FINALIZADA,IBURA,RUA JORNALISTA EDSON REGIS,Não informado,APOS A  ANTIGA FABRICA DA FREVO. KS PARTICIPAÇÕES.,IBURA,CIDADE,COLISÃO LATERAL,Não informado,1.0,1.0,0.0,0.0,0.0,0.0,0.0,0.0,0.0,1.0,0.0,Longo da via,Bom,Não existe,Perfeito estado,Seca,Perfeito estado,Não existe,R-6a,60.0,Dupla,Faixa seccionada,Não informado,2021,3,22,0,9.0
2021-03-22,10:09:00,SEM VÍTIMA,FINALIZADA,ÁGUA FRIA,EST VELHA DE AGUA FRIA,Não informado,Não informado,ÁGUA FRIA,SUBURBIO,Não informado,Não informado,1.0,0.0,0.0,0.0,0.0,0.0,0.0,1.0,0.0,0.0,0.0,Longo da via,Bom,Não existe,Perfeito estado,Seca,Perfeito estado,Não existe,Outras,30.0,Única,Outros,Não informado,2021,3,22,0,10.0
2021-03-22,11:32:00,COM VÍTIMA,FINALIZADA,JORDÃO,AV MARIA IRENE,Não informado,EDF JAIME RAMALHO,JORDÃO,SUBURBIO,COLISÃO TRANSVERSAL,Não informado,1.0,1.0,0.0,0.0,0.0,0.0,0.0,0.0,0.0,2.0,0.0,Cruzamento,Bom,Não existe,Não existente,Seca,Perfeito estado,Não existe,Não há placas,60.0,Dupla,Não existe,Não informado,2021,3,22,0,11.0
2021-03-22,13:07:00,SEM VÍTIMA,FINALIZADA,MADALENA,AV BEIRA RIO,Não informado,PRÓX À ILHA DO RETIRO,MADALENA,Não informado,CHOQUE,Não informado,0.0,0.0,0.0,0.0,0.0,0.0,1.0,0.0,0.0,0.0,0.0,Não informado,Não informado,Não informado,Não informado,Não informado,Não informado,Não informado,Não informado,60.0,Não informado,Não informado,Não informado,2021,3,22,0,13.0
2021-03-22,15:05:00,COM VÍTIMA,FINALIZADA,HIPÓDROMO,RUA CARLOS FERNANDES,RUA FONSECA OLIVEIRA,PROX A DELEGACIA 13° BPM,HIPÓDROMO,Não informado,COLISÃO LATERAL,Não informado,1.0,1.0,0.0,1.0,0.0,0.0,0.0,0.0,0.0,1.0,0.0,Cruzamento,Bom,Não existe,Perfeito estado,Seca,Perfeito estado,Outros,"Placas ""Pare""",60.0,Dupla,Faixa contínua,Não informado,2021,3,22,0,15.0
2021-03-22,17:33:00,VÍTIMA FATAL,FINALIZADA,ARRUDA,RUA DAS MOCAS,RUA DA REGENERACAO,CRUZAMENTO DO SEMÁFORO,ARRUDA,Não informado,COLISÃO TRANSVERSAL,Não informado,0.0,2.0,0.0,0.0,0.0,0.0,0.0,0.0,0.0,1.0,1.0,Cruzamento,Bom,Sem defeito,Perfeito estado,Seca,Perfeito estado,Faixa de pedestre,Outras,60.0,Dupla,Faixa seccionada,Não informado,2021,3,22,0,17.0
2021-03-22,18:40:00,COM VÍTIMA,CANCELADA,CORDEIRO,AV CAXANGA,Não informado,"EM FRENTE A PADARIA REPUBLICA DO PÃO, EM FRENTE A PIAUTO VEÍCULOS",CORDEIRO,CIDADE,COLISÃO COM CICLISTA,Não informado,1.0,0.0,0.0,1.0,0.0,0.0,0.0,0.0,0.0,1.0,0.0,Não informado,Não informado,Não informado,Não informado,Não informado,Não informado,Não informado,Não informado,60.0,Não informado,Não informado,Não informado,2021,3,22,0,18.0
2021-03-22,19:35:00,COM VÍTIMA,FINALIZADA,PINA,RUA MANOEL DE BRITO,AV REPUBLICA ARABE UNIDA,NA ENTRADA DO TÚNEL DO SHOPPING RIO MAR,PINA,Não informado,COLISÃO LATERAL,Não informado,1.0,1.0,0.0,0.0,0.0,0.0,0.0,0.0,0.0,1.0,0.0,Cruzamento,Bom,Sem defeito,Perfeito estado,Seca,Perfeito estado,Não informado,R-6a,60.0,Única,Faixa contínua,Não informado,2021,3,22,0,19.0
2021-03-23,05:05:00,COM VÍTIMA,CANCELADA,ESPINHEIRO,RUA DO ESPINHEIRO,RUA QUARENTA E OITO,NO CRUZAMENTO COM A RUA QUARENTA E OITO,ESPINHEIRO,Não informado,COLISÃO TRANSVERSAL,Não informado,1.0,0.0,0.0,0.0,0.0,1.0,0.0,0.0,0.0,1.0,0.0,Não informado,Não informado,Não informado,Não informado,Não informado,Não informado,Não informado,Não informado,60.0,Não informado,Não informado,Não informado,2021,3,23,1,5.0
2021-03-23,07:18:00,SEM VÍTIMA,FINALIZADA,AFOGADOS,RUA NICOLAU PEREIRA,Não informado,"SOB O PONTILHÃO DO METRÔ "" ESTAÇÃO"" AFOGADOS",AFOGADOS,SUBURBIO,Não informado,Não informado,0.0,0.0,0.0,0.0,0.0,0.0,1.0,0.0,1.0,0.0,0.0,Longo da via,Bom,Não informado,Perfeito estado,Seca,Perfeito estado,Não informado,R-15,60.0,Única,Não informado,Não informado,2021,3,23,1,7.0
2021-03-23,07:43:00,COM VÍTIMA,FINALIZADA,TORRE,AV BEIRA RIO,RUA CONDE DE IRAJA,Não informado,TORRE,Não informado,QUEDA,Não informado,0.0,0.0,0.0,1.0,0.0,0.0,0.0,0.0,0.0,1.0,0.0,Não informado,Não informado,Não informado,Não informado,Não informado,Não informado,Não informado,Não informado,60.0,Não informado,Não informado,Não informado,2021,3,23,1,7.0
2021-03-23,16:15:00,COM VÍTIMA,FINALIZADA,TORRE,RUA SOUZA BANDEIRA,RUA DIANOPOLIS,PORTO DE COMBUSTÍVEL BR,TORRE,CIDADE,COLISÃO LATERAL,Não informado,1.0,1.0,0.0,0.0,0.0,0.0,0.0,0.0,0.0,1.0,0.0,Longo da via,Bom,Sem defeito,Perfeito estado,Seca,Perfeito estado,Não existe,Não há placas,60.0,Dupla,Faixa contínua,Não informado,2021,3,23,1,16.0
2021-03-23,20:19:00,COM VÍTIMA,FINALIZADA,SANTO AMARO,RUA DOS PALMARES,RUA DO POMBAL,E/F AO CENTRO DE SAÚDE WALDEMAR DE OLIVEIRA,SANTO AMARO,CIDADE,COLISÃO FRONTAL,Não informado,1.0,1.0,0.0,0.0,0.0,0.0,0.0,0.0,0.0,1.0,0.0,Cruzamento,Chuvoso,Não existe,Perfeito estado,Molhada,Perfeito estado,Não existe,Não há placas,50.0,Dupla,Canteiro central,Não informado,2021,3,23,1,20.0
2021-03-23,20:48:00,COM VÍTIMA,FINALIZADA,IBURA,AV PRESIDENTE DUTRA,VIADUTO TANCREDO NEVES,"NA ENTRADA QUE DA ACESSO AO  VIADUTO TRANC NEVES, SNT BV / PRÓX AO SAL E BRAZA  / E/F A SUDENE",IBURA,Não informado,COLISÃO LATERAL,Não informado,1.0,1.0,0.0,0.0,0.0,0.0,0.0,0.0,0.0,1.0,0.0,Viaduto,Bom,Não existe,Perfeito estado,Seca,Perfeito estado,Não existe,Não há placas,60.0,Dupla,Faixa contínua,Não informado,2021,3,23,1,20.0
2021-03-23,20:56:00,SEM VÍTIMA,FINALIZADA,CABANGA,VIADUTO CAPITAO TEMUDO,Não informado,"POR CIMA DO VIADUTO, SNT CENTRO-BV",CABANGA,Não informado,COLISÃO TRASEIRA,Não informado,2.0,0.0,0.0,0.0,0.0,0.0,0.0,0.0,0.0,0.0,0.0,Não informado,Não informado,Não informado,Não informado,Não informado,Não informado,Não informado,Não informado,60.0,Não informado,Não informado,Não informado,2021,3,23,1,20.0
2021-03-24,08:18:00,COM VÍTIMA,FINALIZADA,BOA VIAGEM,RUA BALTAZAR PASSOS,RUA VISCONDE DE JEQUITINHONHA,Não informado,BOA VIAGEM,SUBURBIO,COLISÃO TRANSVERSAL,Não informado,1.0,1.0,0.0,0.0,0.0,0.0,0.0,0.0,0.0,1.0,0.0,Cruzamento,Chuvoso,Intermitente,Perfeito estado,Molhada,Perfeito estado,Faixa de pedestre,Outras,60.0,Única,Não informado,Não informado,2021,3,24,2,8.0
2021-03-24,09:35:00,SEM VÍTIMA,FINALIZADA,BOA VIAGEM,RUA VISCONDE DE JEQUITINHONHA,RUA PADRE LEANDRO CAMELO,Não informado,BOA VIAGEM,Não informado,COLISÃO TRASEIRA,Não informado,2.0,0.0,0.0,0.0,0.0,0.0,0.0,1.0,0.0,0.0,0.0,Longo da via,Chuvoso,Não existe,Incompleta,Molhada,Perfeito estado,Não existe,Não há placas,60.0,Única,Faixa seccionada,Não informado,2021,3,24,2,9.0
2021-03-24,11:27:00,COM VÍTIMA,FINALIZADA,ILHA DO RETIRO,RUA PADRE TEOFILO TWORZ,RUA COSME VIANA,EM FRENTE A PRAÇA COSME VIANA/LADO OPOSTO A TUPÃ,ILHA DO RETIRO,CIDADE,COLISÃO TRANSVERSAL,Não informado,1.0,1.0,0.0,0.0,0.0,0.0,0.0,0.0,0.0,1.0,0.0,Cruzamento,Bom,Não existe,Incompleta,Seca,Perfeito estado,Não existe,Outras,40.0,Dupla,Canteiro central,Não informado,2021,3,24,2,11.0
2021-03-24,11:31:00,COM VÍTIMA,FINALIZADA,IPSEP,RUA JEAN EMILE FAVRE,RUA POTENGI,EM FRENTE AO ESTACIONAMENTO DA FBV,IPSEP,SUBURBIO,COLISÃO TRANSVERSAL,Não informado,1.0,1.0,0.0,0.0,0.0,0.0,0.0,0.0,0.0,1.0,0.0,Cruzamento,Chuvoso,Sem defeito,Perfeito estado,Seca,Perfeito estado,Faixa de pedestre,Outras,60.0,Dupla,Faixa contínua,Não informado,2021,3,24,2,11.0
2021-03-24,17:21:00,COM VÍTIMA,FINALIZADA,CASA AMARELA,AV NORTE,Não informado,EM FRENTE AO CAPP DA AVENIDA NORTE,CASA AMARELA,SUBURBIO,COLISÃO LATERAL,Não informado,1.0,1.0,0.0,0.0,0.0,0.0,0.0,0.0,0.0,1.0,0.0,Longo da via,Chuvoso,Sem defeito,Perfeito estado,Molhada,Não informado,Faixa de pedestre,Não há placas,60.0,Dupla,Não informado,Não informado,2021,3,24,2,17.0
2021-03-25,07:07:00,COM VÍTIMA,FINALIZADA,CASA AMARELA,RUA PADRE LEMOS,AV PEDRO ALLAIN,EM FRENTE AO SUPERMERCADO CANELA,CASA AMARELA,Não informado,COLISÃO LATERAL,Não informado,0.0,1.0,0.0,0.0,0.0,1.0,0.0,0.0,0.0,1.0,0.0,Cruzamento,Bom,Não existe,Perfeito estado,Seca,Perfeito estado,Faixa de pedestre,R-6a,60.0,Dupla,Não existe,Não informado,2021,3,25,3,7.0