data,hora,natureza_acidente,situacao,bairro,endereco,detalhe_endereco_acidente,complemento,bairro_cruzamento,sentido_via,tipo,descricao,auto,moto,ciclom,ciclista,pedestre,onibus,caminhao,viatura,outros,vitimas,vitimasfatais,acidente_verificado,tempo_clima,situacao_semaforo,sinalizacao,condicao_via,conservacao_via,ponto_controle,situacao_placa,velocidade_max_via,mao_direcao,divisao_via1,natureza,ano,mes,dia,dia_semana,hora_ocorrencia
2021-03-25,14:18:00,COM VÍTIMA,FINALIZADA,FUNDÃO,RUA DO MACHADO,RUA MANOEL SILVA,NA RUA DOS IRRESPONSÁVEIS,FUNDÃO,SUBURBIO,COLISÃO LATERAL,Não informado,1.0,1.0,0.0,0.0,0.0,0.0,0.0,0.0,0.0,1.0,0.0,Cruzamento,Bom,Não existe,Perfeito estado,Seca,Perfeito estado,Faixa de pedestre,Não há placas,30.0,Dupla,Faixa seccionada,Não informado,2021,3,25,3,14.0
2021-03-25,15:54:00,COM VÍTIMA,FINALIZADA,GRAÇAS,RUA QUARENTA E OITO,RUA CONS PORTELA,FARMACIA PAGUE MENOS,GRAÇAS,CIDADE,COLISÃO TRANSVERSAL,Não informado,1.0,1.0,0.0,0.0,0.0,0.0,0.0,0.0,0.0,2.0,0.0,Cruzamento,Bom,Com defeito,Incompleta,Seca,Perfeito estado,Faixa de pedestre,Não há placas,30.0,Única,Faixa seccionada,Não informado,2021,3,25,3,15.0
2021-03-25,18:12:00,COM VÍTIMA,FINALIZADA,PINA,AV ANTONIO DE GOES,Não informado,PROXIMO AO JCPM,PINA,CIDADE,COLISÃO LATERAL,Não informado,1.0,1.0,0.0,0.0,0.0,0.0,0.0,0.0,0.0,2.0,0.0,Longo da via,Bom,Não existe,Perfeito estado,Seca,Perfeito estado,Não existe,Não há placas,60.0,Única,Faixa seccionada,Não informado,2021,3,25,3,18.0
2021-03-26,09:37:00,SEM VÍTIMA,FINALIZADA,SANTO AMARO,RUA DOIS DE JULHO,AV CRUZ CABUGA,Não informado,SANTO AMARO,Não informado,Não informado,Não informado,1.0,0.0,0.0,0.0,0.0,0.0,0.0,1.0,0.0,0.0,0.0,Longo da via,Bom,Não existe,Perfeito estado,Seca,Perfeito estado,Outros,Outras,30.0,Dupla,Não existe,Não informado,2021,3,26,4,9.0
2021-03-26,11:32:00,COM VÍTIMA,FINALIZADA,IBURA,RUA RIO XINGU,AV DOIS RIOS,EM FRENTE AO POSTO BR,IBURA,SUBURBIO,COLISÃO TRANSVERSAL,Não informado,1.0,1.0,0.0,0.0,0.0,0.0,0.0,0.0,0.0,1.0,0.0,Cruzamento,Bom,Sem defeito,Perfeito estado,Seca,Perfeito estado,Faixa de pedestre,Não há placas,60.0,Dupla,Não informado,Não informado,2021,3,26,4,11.0
2021-03-26,11:50:00,COM VÍTIMA,FINALIZADA,BOA VIAGEM,RUA PROFESSOR JOSE BRANDAO,RUA FRANCISCO DA CUNHA,EM FRENTE  AO EMPRESARIAL MASTER,BOA VIAGEM,SUBURBIO,COLISÃO TRANSVERSAL,Não informado,2.0,0.0,0.0,0.0,0.0,0.0,0.0,0.0,0.0,1.0,0.0,Cruzamento,Bom,Não existe,Perfeito estado,Seca,Perfeito estado,Faixa de retenção,"Placas ""Pare""",60.0,Única,Faixa seccionada,Não informado,2021,3,26,4,11.0
2021-03-26,14:57:00,COM VÍTIMA,FINALIZADA,AFOGADOS,RUA COSME VIANA,RUA TRES DE AGOSTO,PRÓX AO HOTEL EROS,AFOGADOS,SUBURBIO,COLISÃO TRANSVERSAL,Não informado,1.0,1.0,0.0,0.0,0.0,0.0,0.0,0.0,0.0,1.0,0.0,Cruzamento,Bom,Sem defeito,Perfeito estado,Seca,Perfeito estado,Faixa de pedestre,Outras,40.0,Única,Faixa contínua,Não informado,2021,3,26,4,14.0
2021-03-27,03:20:00,COM VÍTIMA,FINALIZADA,ESPINHEIRO,AV CONS ROSA E SILVA,RUA ANTENOR NAVARRO,EM FRENTE AO PONTO DO AÇAI,ESPINHEIRO,SUBURBIO,COLISÃO TRANSVERSAL,Não informado,1.0,1.0,0.0,0.0,0.0,0.0,0.0,0.0,0.0,1.0,0.0,Cruzamento,Bom,Sem defeito,Perfeito estado,Seca,Perfeito estado,Faixa de pedestre,"Placas ""Pare""",40.0,Única,Faixa seccionada,Não informado,2021,3,27,5,3.0
2021-03-27,15:17:00,COM VÍTIMA,CANCELADA,JIQUIÁ,AV DR JOSE RUFINO,RUA MORAIS E SILVA,PROX AO VIADUTO DA AV RECIFE  S/T AFOGADOS,JIQUIÁ,Não informado,COLISÃO FRONTAL,Não informado,1.0,1.0,0.0,0.0,0.0,0.0,0.0,0.0,0.0,1.0,0.0,Não informado,Não informado,Não informado,Não informado,Não informado,Não informado,Não informado,Não informado,60.0,Não informado,Não informado,Não informado,2021,3,27,5,15.0
2021-03-27,17:00:00,COM VÍTIMA,FINALIZADA,TEJIPIÓ,AV DR JOSE RUFINO,RUA IGUACU,NO SEMAFORO  285 SENTIDO JABOATAO. EM FRENTE A PADARIA PONTO DO TRIGO / FÁBRICA DA PADARIA.,TEJIPIÓ,SUBURBIO,COLISÃO COM CICLISTA,Não informado,1.0,0.0,0.0,1.0,0.0,0.0,0.0,0.0,0.0,1.0,0.0,Longo da via,Bom,Sem defeito,Perfeito estado,Seca,Mal iluminada,Faixa de pedestre,Outras,50.0,Dupla,Faixa contínua,Não informado,2021,3,27,5,17.0
2021-03-27,20:11:00,COM VÍTIMA,FINALIZADA,CASA AMARELA,EST DAS UBAIAS,RUA CONS NABUCO,E/F AO POSTO BR E PRÓX AO BOMPREÇO // SEMÁFORO 655,CASA AMARELA,SUBURBIO,COLISÃO TRANSVERSAL,Não informado,1.0,1.0,0.0,0.0,0.0,0.0,0.0,0.0,0.0,1.0,0.0,Cruzamento,Bom,Sem defeito,Perfeito estado,Seca,Perfeito estado,Faixa de pedestre,Não informado,60.0,Dupla,Faixa contínua,Não informado,2021,3,27,5,20.0
2021-03-27,21:16:40,COM VÍTIMA,FINALIZADA,CAMPO GRANDE,EST DE BELEM,RUA ODORICO MENDES,ENTRE A EXTRA FARMA E DROGASIL / E/F AO COLÉGIO JESUS CRUCIFICADO,CAMPO GRANDE,Não informado,COLISÃO TRASEIRA,Não informado,1.0,1.0,0.0,0.0,0.0,0.0,0.0,0.0,0.0,1.0,0.0,Longo da via,Chuvoso,Sem defeito,Perfeito estado,Molhada,Perfeito estado,Faixa de pedestre,Não informado,60.0,Dupla,Faixa contínua,Não informado,2021,3,27,5,21.0
2021-03-28,06:15:00,COM VÍTIMA,FINALIZADA,PINA,AVENIDA CELSO FURTADO (VIA MANGUE),Não informado,LADO  OPOSTO AO AERO CLUBE,PINA,SUBURBIO,CHOQUE,Não informado,0.0,1.0,0.0,0.0,0.0,0.0,0.0,0.0,0.0,1.0,0.0,Longo da via,Bom,Não existe,Não informado,Não informado,Não informado,Não existe,R-6a,60.0,Dupla,Não informado,Não informado,2021,3,28,6,6.0
2021-03-28,14:41:00,COM VÍTIMA,FINALIZADA,DERBY,AV GOVERNADOR AGAMENON MAGALHAES,RUA HENRIQUE DIAS,NO CRUZAMENTO EM BAIXO DO SEMAFORO 068,DERBY,BOA VIAGEM,COLISÃO TRANSVERSAL,Não informado,1.0,1.0,0.0,0.0,0.0,0.0,0.0,0.0,0.0,1.0,0.0,Cruzamento,Bom,Sem defeito,Perfeito estado,Seca,Perfeito estado,Faixa de pedestre,Outras,60.0,Não informado,Faixa contínua,Não informado,2021,3,28,6,14.0
2021-03-28,15:36:00,COM VÍTIMA,FINALIZADA,SANTO AMARO,AV GOVERNADOR AGAMENON MAGALHAES,AV JOAO DE BARROS,PRÓX AO POSTO BR - QUITANDARIA (AV. JOAO DE BARROS),SANTO AMARO,CIDADE,COLISÃO LATERAL,Não informado,1.0,1.0,0.0,0.0,0.0,0.0,0.0,0.0,0.0,1.0,0.0,Esquina,Bom,Não existe,Perfeito estado,Seca,Perfeito estado,Não existe,Outras,60.0,Única,Faixa seccionada,Não informado,2021,3,28,6,15.0
2021-03-28,17:22:00,COM VÍTIMA,FINALIZADA,BOA VIAGEM,AV CONSELHEIRO AGUIAR,RUA RIBEIRO DE BRITO,PXB4D39 X PGW4036,BOA VIAGEM,Não informado,COLISÃO LATERAL,Não informado,2.0,0.0,0.0,0.0,0.0,0.0,0.0,0.0,0.0,3.0,0.0,Cruzamento,Bom,Sem defeito,Perfeito estado,Seca,Perfeito estado,Faixa de pedestre,Não há placas,60.0,Única,Faixa seccionada,Não informado,2021,3,28,6,17.0
2021-03-28,19:43:00,COM VÍTIMA,FINALIZADA,BONGI,RUA PROFESSOR CELESTIN MALZAC,Não informado,EM FRENTE A FACULDADE NOVA ROMA,BONGI,CIDADE,COLISÃO TRANSVERSAL,Não informado,1.0,1.0,0.0,0.0,0.0,0.0,0.0,0.0,0.0,1.0,0.0,Longo da via,Bom,Não existe,Incompleta,Seca,Não informado,Não existe,Não há placas,60.0,Dupla,Não existe,Não informado,2021,3,28,6,19.0
2021-03-29,09:24:00,COM VÍTIMA,FINALIZADA,MONTEIRO,RUA DE APIPUCOS,RUA DOM MALAN,Não informado,MONTEIRO,SUBURBIO,COLISÃO TRANSVERSAL,Não informado,1.0,1.0,0.0,0.0,0.0,0.0,0.0,0.0,0.0,1.0,0.0,Longo da via,Bom,Não existe,Perfeito estado,Seca,Perfeito estado,Não existe,R-6a,60.0,Dupla,Faixa contínua,Não informado,2021,3,29,0,9.0
2021-03-29,09:47:00,COM VÍTIMA,FINALIZADA,VÁRZEA,RUA ACADEMICO HELIO RAMOS,Não informado,"PROX. A UNIVER. FEDERAL, JUNTO A GRADE",VÁRZEA,SUBURBIO,COLISÃO TRASEIRA,Não informado,1.0,1.0,0.0,0.0,0.0,0.0,0.0,0.0,0.0,1.0,0.0,Longo da via,Bom,Sem defeito,Perfeito estado,Seca,Perfeito estado,Não existe,Não há placas,30.0,Não informado,Faixa seccionada,Não informado,2021,3,29,0,9.0
2021-03-29,11:55:00,COM VÍTIMA,FINALIZADA,SANTO AMARO,AV VISCONDE DE SUASSUNA,RUA DO HOSPICIO,ESQUINA COM O CENTRO CULTURAL ROSSINI ALVES COUTO,SANTO AMARO,CIDADE,COLISÃO LATERAL,Não informado,1.0,0.0,1.0,0.0,0.0,0.0,0.0,0.0,0.0,1.0,0.0,Cruzamento,Bom,Sem defeito,Perfeito estado,Seca,Perfeito estado,Faixa de pedestre,Não há placas,40.0,Dupla,Não existe,Não informado,2021,3,29,0,11.0
2021-03-29,13:33:00,COM VÍTIMA,CANCELADA,BEBERIBE,AV BEBERIBE,Não informado,Não informado,BEBERIBE,Não informado,COLISÃO FRONTAL,Não informado,1.0,1.0,0.0,0.0,0.0,0.0,0.0,0.0,0.0,1.0,0.0,Não informado,Não informado,Não informado,Não informado,Não informado,Não informado,Não informado,Não informado,60.0,Não informado,Não informado,Não informado,2021,3,29,0,13.0
2021-03-29,17:04:00,COM VÍTIMA,FINALIZADA,CORDEIRO,RUA DR MIGUEL VIEIRA FERREIRA,RUA IPINIRAS,PROX A ANTIGA RUA DA LAMA S/T  SUDENE   NO SEMAFORO 566,CORDEIRO,SUBURBIO,COLISÃO TRANSVERSAL,Não informado,1.0,1.0,0.0,0.0,0.0,0.0,0.0,0.0,0.0,1.0,0.0,Esquina,Bom,Não existe,Não existente,Seca,Perfeito estado,Não informado,Não informado,60.0,Dupla,Não existe,Não informado,2021,3,29,0,17.0
2021-03-29,19:54:00,COM VÍTIMA,CANCELADA,ILHA DO LEITE,AV GOVERNADOR AGAMENON MAGALHAES,Não informado,E/F AO EMPRESARIAL NASSAU (VIA LOCAL) // SENTIDO OLINDA,ILHA DO LEITE,Não informado,ENGAVETAMENTO,Não informado,4.0,0.0,0.0,0.0,0.0,0.0,0.0,0.0,0.0,3.0,0.0,Não informado,Não informado,Não informado,Não informado,Não informado,Não informado,Não informado,Não informado,60.0,Não informado,Não informado,Não informado,2021,3,29,0,19.0
2021-03-29,22:34:40,SEM VÍTIMA,FINALIZADA,MADALENA,AV BEIRA RIO,RUA JOSE OSORIO,COM A RUA JOSÉ OSORIO,MADALENA,Não informado,COLISÃO TRASEIRA,Não informado,1.0,0.0,0.0,0.0,0.0,0.0,0.0,1.0,0.0,0.0,0.0,Não informado,Não informado,Não informado,Não informado,Não informado,Não informado,Não informado,Não informado,60.0,Não informado,Não informado,Não informado,2021,3,29,0,22.0
2021-03-30,05:13:00,COM VÍTIMA,FINALIZADA,IPUTINGA,AV CAXANGA,RUA MANOEL JOAQUIM DE ALMEIDA,LADO OPOSTO AO BIG BOMPREÇO,IPUTINGA,CIDADE,COLISÃO COM CICLISTA,Não informado,0.0,1.0,0.0,1.0,0.0,0.0,0.0,0.0,0.0,1.0,0.0,Cruzamento,Chuvoso,Sem defeito,Perfeito estado,Molhada,Perfeito estado,Faixa de pedestre,Outras,60.0,Única,Outros,Não informado,2021,3,30,1,5.0
2021-03-30,08:06:00,COM VÍTIMA,FINALIZADA,IMBIRIBEIRA,AV MARECHAL MASCARENHAS DE MORAES,Não informado,EM FRENTE A FACULDADE PERNAMBUCANA DE SAUDE,IMBIRIBEIRA,CIDADE,COLISÃO TRASEIRA,Não informado,1.0,1.0,0.0,0.0,0.0,0.0,0.0,0.0,0.0,1.0,0.0,Longo da via,Nublado,Sem defeito,Perfeito estado,Molhada,Perfeito estado,Faixa de pedestre,Outras,60.0,Única,Faixa seccionada,Não informado,2021,3,30,1,8.0
2021-03-30,12:40:00,COM VÍTIMA,FINALIZADA,BOA VIAGEM,RUA VISCONDE DE JEQUITINHONHA,Não informado,Não informado,BOA VIAGEM,SUBURBIO,ATROPELAMENTO DE PESSOA,Não informado,0.0,1.0,0.0,0.0,1.0,0.0,0.0,0.0,0.0,1.0,0.0,Longo da via,Bom,Sem defeito,Perfeito estado,Seca,Perfeito estado,Faixa de pedestre,Outras,60.0,Única,Faixa seccionada,Não informado,2021,3,30,1,12.0
2021-03-30,18:13:00,COM VÍTIMA,FINALIZADA,IMBIRIBEIRA,AV SUL,Não informado,POR TRÁS DA LOJA GRILHO  / PRÓX  A ESTAÇÃO IMBIRIBEIRA,IMBIRIBEIRA,SUBURBIO,ATROPELAMENTO DE PESSOA,Não informado,1.0,0.0,0.0,0.0,1.0,0.0,0.0,0.0,0.0,1.0,0.0,Longo da via,Bom,Não existe,Perfeito estado,Seca,Perfeito estado,Não existe,Não há placas,30.0,Dupla,Não existe,Não informado,2021,3,30,1,18.0
2021-03-31,08:51:00,COM VÍTIMA,FINALIZADA,CASA AMARELA,RUA CONS NABUCO,RUA EVARISTO DA VEIGA,EDIF. SOLAR TRINDADE,CASA AMARELA,CIDADE,COLISÃO TRANSVERSAL,Não informado,1.0,1.0,0.0,0.0,0.0,0.0,0.0,0.0,0.0,2.0,0.0,Longo da via,Bom,Sem defeito,Perfeito estado,Seca,Mal iluminada,Faixa de pedestre,Outras,50.0,Dupla,Faixa contínua,Não informado,2021,3,31,2,8.0
2021-03-31,15:32:00,SEM VÍTIMA,FINALIZADA,DERBY,AV GOVERNADOR AGAMENON MAGALHAES,Não informado,SOB O SEMÁFORO Nº 075 / SENTIDO SUL,DERBY,CIDADE,Não informado,Não informado,1.0,1.0,0.0,0.0,0.0,0.0,0.0,0.0,0.0,0.0,0.0,Cruzamento,Bom,Sem defeito,Perfeito estado,Seca,Perfeito estado,Agente,Não informado,60.0,Dupla,Canal,Não informado,2021,3,31,2,15.0
2021-03-31,16:15:00,COM VÍTIMA,FINALIZADA,BREJO DA GUABIRABA,AV VEREADOR OTACILIO AZEVEDO,RUA SENHOR DO BONFIM,E/F A GARAGEM DA GLOBO  S/T  SUB,BREJO DA GUABIRABA,Não informado,COLISÃO LATERAL,Não informado,1.0,1.0,0.0,0.0,0.0,0.0,0.0,0.0,0.0,2.0,0.0,Longo da via,Bom,Não existe,Não existente,Seca,Perfeito estado,Não existe,Não há placas,60.0,Dupla,Não existe,Não informado,2021,3,31,2,16.0
2021-03-31,17:05:00,COM VÍTIMA,FINALIZADA,MADALENA,AV VISCONDE DE ALBUQUERQUE,Não informado,PROXIMO A ESQUINA DA RUA DR. ARTHUR GONÇALVES; Hospital D'Ávila,MADALENA,SUBURBIO,COLISÃO TRASEIRA,Não informado,1.0,1.0,0.0,0.0,0.0,0.0,0.0,0.0,0.0,1.0,0.0,Longo da via,Bom,Não existe,Perfeito estado,Seca,Perfeito estado,Não existe,Não há placas,30.0,Única,Faixa seccionada,Não informado,2021,3,31,2,17.0
2021-03-31,17:39:00,COM VÍTIMA,FINALIZADA,PAISSANDU,AV GOVERNADOR AGAMENON MAGALHAES,RUA GENERAL JOAQUIM INACIO,E/F AO BANCO SAFRA  PROX AO HOSPITAL PORTUGUES,PAISSANDU,OLINDA,COLISÃO LATERAL,Não informado,1.0,1.0,0.0,0.0,0.0,0.0,0.0,0.0,0.0,1.0,0.0,Cruzamento,Bom,Sem defeito,Perfeito estado,Seca,Perfeito estado,Agente,R-19,60.0,Dupla,Canteiro central,Não informado,2021,3,31,2,17.0
2021-03-31,19:57:00,COM VÍTIMA,FINALIZADA,SAN MARTIN,AV RECIFE,AV JOAO CABRAL DE MELO NETO,CRUZAMENTO COM  A AV JOÃO CABRAL DE MELO NETO,SAN MARTIN,SUBURBIO,COLISÃO TRASEIRA,Não informado,1.0,1.0,0.0,0.0,0.0,0.0,0.0,0.0,0.0,1.0,0.0,Longo da via,Bom,Sem defeito,Perfeito estado,Seca,Perfeito estado,Faixa de pedestre,R-4a,60.0,Dupla,Canteiro central,Não informado,2021,3,31,2,19.0
2021-04-01,00:14:00,COM VÍTIMA,CANCELADA,IBURA,RUA JORNALISTA EDSON REGIS,Não informado,EM FRENTE A FABRICA DA FREVO REFRIGERANTES,IBURA,Não informado,COLISÃO LATERAL,Não informado,1.0,1.0,0.0,0.0,0.0,0.0,0.0,0.0,0.0,1.0,0.0,Não informado,Não informado,Não informado,Não informado,Não informado,Não informado,Não informado,Não informado,60.0,Não informado,Não informado,Não informado,2021,4,1,3,0.0
2021-04-01,07:09:00,COM VÍTIMA,FINALIZADA,IMBIRIBEIRA,AV MARECHAL MASCARENHAS DE MORAES,Não informado,EM FRENTE A FACULDADE PERNAMBUCANA DE SAUDE,IMBIRIBEIRA,SUBURBIO,COLISÃO TRASEIRA,Não informado,1.0,1.0,0.0,0.0,0.0,0.0,0.0,0.0,0.0,1.0,0.0,Longo da via,Bom,Sem defeito,Perfeito estado,Seca,Perfeito estado,Faixa de pedestre,R-6a,60.0,Dupla,Faixa contínua,Não informado,2021,4,1,3,7.0
2021-04-01,10:58:00,COM VÍTIMA,FINALIZADA,SANTO ANTÔNIO,AV MARTINS DE BARROS,RUA SIQUEIRA CAMPOS,Não informado,SANTO ANTÔNIO,Não informado,COLISÃO TRASEIRA,Não informado,1.0,2.0,0.0,0.0,0.0,0.0,0.0,0.0,0.0,1.0,0.0,Cruzamento,Bom,Não existe,Perfeito estado,Seca,Perfeito estado,Não existe,Não há placas,40.0,Única,Faixa seccionada,Não informado,2021,4,1,3,10.0
2021-04-01,19:19:00,COM VÍTIMA,FINALIZADA,BARRO,AV DR JOSE RUFINO,RUA CAPITAO PONCIANO,PRÓXIMO DA IGREJA DO BARRO,BARRO,CIDADE,COLISÃO TRASEIRA,Não informado,1.0,1.0,0.0,0.0,0.0,0.0,0.0,0.0,0.0,1.0,0.0,Cruzamento,Bom,Não existe,Incompleta,Seca,Perfeito estado,Não existe,Outras,40.0,Dupla,Faixa contínua,Não informado,2021,4,1,3,19.0
2021-04-01,19:43:00,SEM VÍTIMA,FINALIZADA,SANTO ANTÔNIO,RUA DA CONCORDIA,PRC SERGIO LORETO,Não informado,SANTO ANTÔNIO,Não informado,CHOQUE,Não informado,1.0,0.0,0.0,0.0,0.0,0.0,1.0,0.0,0.0,0.0,0.0,Não informado,Não informado,Não informado,Não informado,Não informado,Não informado,Não informado,Não informado,60.0,Não informado,Não informado,Não informado,2021,4,1,3,19.0
2021-04-01,21:22:40,COM VÍTIMA,FINALIZADA,MADALENA,RUA PESSOA DE MELO,Não informado,"PRC EÇA DE QUEIROZ, EM FRENTE AO BEERDOCK",MADALENA,SUBURBIO,COLISÃO FRONTAL,Não informado,1.0,1.0,0.0,0.0,0.0,0.0,0.0,0.0,0.0,1.0,0.0,Cruzamento,Chuvoso,Não existe,Perfeito estado,Molhada,Perfeito estado,Faixa de pedestre,Não há placas,40.0,Única,Não informado,Não informado,2021,4,1,3,21.0
2021-04-02,09:25:00,SEM VÍTIMA,FINALIZADA,CAXANGÁ,AV CAXANGA,RUA CLAUDIO BROTHERHOOD,Não informado,CAXANGÁ,Não informado,SEMÁFORO,Não informado,0.0,0.0,0.0,0.0,0.0,0.0,0.0,0.0,0.0,0.0,0.0,Não informado,Não informado,Não informado,Não informado,Não informado,Não informado,Não informado,Não informado,60.0,Não informado,Não informado,Não informado,2021,4,2,4,9.0
2021-04-02,11:03:00,SEM VÍTIMA,FINALIZADA,CAXANGÁ,AV CAXANGA,RUA CLAUDIO BROTHERHOOD,Não informado,CAXANGÁ,Não informado,SEMÁFORO,Não informado,0.0,0.0,0.0,0.0,0.0,0.0,0.0,0.0,0.0,0.0,0.0,Não informado,Não informado,Não informado,Não informado,Não informado,Não informado,Não informado,Não informado,60.0,Não informado,Não informado,Não informado,2021,4,2,4,11.0
2021-04-02,12:24:00,SEM VÍTIMA,FINALIZADA,CORDEIRO,AV CAXANGA,RUA CLAUDIO BROTHERHOOD,Não informado,CORDEIRO,Não informado,SEMÁFORO,Não informado,0.0,0.0,0.0,0.0,0.0,0.0,0.0,0.0,0.0,0.0,0.0,Não informado,Não informado,Não informado,Não informado,Não informado,Não informado,Não informado,Não informado,60.0,Não informado,Não informado,Não informado,2021,4,2,4,12.0
2021-04-02,20:46:00,COM VÍTIMA,CANCELADA,BOA VISTA,AV GOVERNADOR AGAMENON MAGALHAES,RUA DR LEOPOLDO LINS,CRUZAMENTO C/A RUA DR LEOPOLDO LINS - SENTIDO OLINDA,BOA VISTA,SUBURBIO,COLISÃO LATERAL,Não informado,0.0,0.0,0.0,0.0,0.0,0.0,0.0,0.0,0.0,1.0,0.0,Não informado,Não informado,Não informado,Não informado,Não informado,Não informado,Não informado,Não informado,60.0,Não informado,Não informado,Não informado,2021,4,2,4,20.0
2021-04-02,21:22:40,COM VÍTIMA,FINALIZADA,TORRE,RUA JOSE BONIFACIO,RUA CONDE DE IRAJA,CRUZAMENTO DA RUA JOSE BONIFACIO COM CONDE DE IRAJA,TORRE,SUBURBIO,COLISÃO COM CICLISTA,Não informado,1.0,0.0,0.0,1.0,0.0,0.0,0.0,0.0,0.0,1.0,0.0,Cruzamento,Bom,Sem defeito,Perfeito estado,Seca,Perfeito estado,Faixa de pedestre,Não informado,40.0,Única,Não informado,Não informado,2021,4,2,4,21.0
2021-04-03,09:47:00,COM VÍTIMA,FINALIZADA,CAMPO GRANDE,EST DE BELEM,RUA JERONIMO VILELA,EM FRENTE AO COLEGIO JESUS CRUCIFICADO,CAMPO GRANDE,Não informado,COLISÃO LATERAL,Não informado,1.0,1.0,0.0,0.0,0.0,0.0,0.0,0.0,0.0,2.0,0.0,Não informado,Não informado,Não informado,Não informado,Não informado,Não informado,Não informado,Não informado,60.0,Não informado,Não informado,Não informado,2021,4,3,5,9.0
2021-04-03,10:31:00,COM VÍTIMA,FINALIZADA,SANTO AMARO,AV CRUZ CABUGA,Não informado,EM FRENTE A SANTA CASA,SANTO AMARO,CIDADE,COLISÃO TRASEIRA,Não informado,1.0,1.0,0.0,0.0,0.0,0.0,0.0,0.0,0.0,1.0,0.0,Longo da via,Bom,Sem defeito,Perfeito estado,Seca,Perfeito estado,Faixa de retenção,Outras,60.0,Dupla,Blocos,Não informado,2021,4,3,5,10.0
2021-04-03,15:20:00,SEM VÍTIMA,FINALIZADA,BOA VISTA,AV GOVERNADOR AGAMENON MAGALHAES,Não informado,EM FRENTE A PARADA DE ÔNIBUS Nº 180184,BOA VISTA,SUBURBIO,COLISÃO TRASEIRA,Não informado,2.0,0.0,0.0,0.0,0.0,0.0,0.0,0.0,0.0,0.0,0.0,Longo da via,Bom,Sem defeito,Perfeito estado,Seca,Perfeito estado,Faixa de pedestre,Não informado,60.0,Dupla,Canteiro central,Não informado,2021,4,3,5,15.0
2021-04-03,18:17:00,COM VÍTIMA,FINALIZADA,CORDEIRO,AV GENERAL SAN MARTIN,RUA GOMES TABORDA,Não informado,CORDEIRO,SUBURBIO,COLISÃO FRONTAL,Não informado,1.0,1.0,0.0,0.0,0.0,0.0,0.0,0.0,0.0,1.0,0.0,Cruzamento,Bom,Sem defeito,Perfeito estado,Seca,Perfeito estado,Faixa de pedestre,Não há placas,60.0,Dupla,Faixa contínua,Não informado,2021,4,3,5,18.0
2021-04-03,20:59:00,SEM VÍTIMA,FINALIZADA,VÁRZEA,RUA PROFESSOR ANTONIO COELHO,RUA EMILIANO BRAGA,TERMINAL DE ÔNIBUS DE PASSAGEIRO ( CDU),VÁRZEA,SUBURBIO,COLISÃO TRANSVERSAL,Não informado,1.0,0.0,0.0,0.0,0.0,1.0,0.0,0.0,0.0,0.0,0.0,Cruzamento,Bom,Não existe,Perfeito estado,Seca,Perfeito estado,Faixa de retenção,"Placas ""Pare""",60.0,Única,Não informado,Não informado,2021,4,3,5,20.0
2021-04-04,11:56:00,COM VÍTIMA,FINALIZADA,TAMARINEIRA,RUA CONEGO BARATA,Não informado,AO LADO DA FERREIRA COSTA,TAMARINEIRA,SUBURBIO,CHOQUE,Não informado,0.0,1.0,0.0,0.0,0.0,0.0,0.0,0.0,0.0,1.0,0.0,Longo da via,Bom,Não existe,Não existente,Seca,Outros,Não existe,Não há placas,60.0,Única,Não existe,Não informado,2021,4,4,6,11.0
2021-04-05,06:30:00,SEM VÍTIMA,FINALIZADA,PINA,RUA ARQUITETO AUGUSTO REINALDO,Não informado,EM FRENTE AO ATACADO DA CONSTRUÇAO,PINA,Não informado,COLISÃO LATERAL,Não informado,1.0,0.0,0.0,0.0,0.0,0.0,0.0,1.0,0.0,0.0,0.0,Não informado,Não informado,Não informado,Não informado,Não informado,Não informado,Não informado,Não informado,60.0,Não informado,Não informado,Não informado,2021,4,5,0,6.0
2021-04-05,14:34:00,COM VÍTIMA,FINALIZADA,ÁGUA FRIA,AV BEBERIBE,EST VELHA DE AGUA FRIA,EM FRENTE A FEIRA NOVA DE ÁGUA FRIA,ÁGUA FRIA,CIDADE,COLISÃO COM CICLISTA,Não informado,0.0,0.0,0.0,1.0,0.0,0.0,1.0,0.0,0.0,1.0,0.0,Longo da via,Bom,Sem defeito,Perfeito estado,Seca,Perfeito estado,Faixa de pedestre,Outras,30.0,Dupla,Faixa contínua,Não informado,2021,4,5,0,14.0
2021-04-05,15:16:00,SEM VÍTIMA,FINALIZADA,CASA AMARELA,RUA DA HARMONIA,Não informado,CONDOMÍNIO ALMEIDA HARMONIA,CASA AMARELA,SUBURBIO,COLISÃO TRASEIRA,Não informado,2.0,0.0,0.0,0.0,0.0,0.0,0.0,0.0,0.0,0.0,0.0,Longo da via,Bom,Sem defeito,Perfeito estado,Seca,Perfeito estado,Não existe,Não informado,60.0,Dupla,Faixa seccionada,Não informado,2021,4,5,0,15.0