data,hora,natureza_acidente,situacao,bairro,endereco,detalhe_endereco_acidente,complemento,bairro_cruzamento,sentido_via,tipo,descricao,auto,moto,ciclom,ciclista,pedestre,onibus,caminhao,viatura,outros,vitimas,vitimasfatais,acidente_verificado,tempo_clima,situacao_semaforo,sinalizacao,condicao_via,conservacao_via,ponto_controle,situacao_placa,velocidade_max_via,mao_direcao,divisao_via1,natureza,ano,mes,dia,dia_semana,hora_ocorrencia
2021-04-05,16:21:00,SEM VÍTIMA,FINALIZADA,TORRÕES,RUA ZUMBI DOS PALMARES,RUA EDVALDO MARANHAO FERREIRA,UNIDADE DE SAUDE DA FAMILIA COSIROF,TORRÕES,SUBURBIO,COLISÃO TRASEIRA,Não informado,1.0,0.0,0.0,0.0,0.0,0.0,0.0,0.0,0.0,0.0,0.0,Cruzamento,Bom,Não existe,Não existente,Seca,Perfeito estado,Não existe,R-6a,30.0,Dupla,Não existe,Não informado,2021,4,5,0,16.0
2021-04-05,21:19:40,COM VÍTIMA,FINALIZADA,ILHA JOANA BEZERRA,VIADUTO CAPITAO TEMUDO,Não informado,EM CIMA DO VIADUTO CAPITÃO TEMUDO,ILHA JOANA BEZERRA,BOA VIAGEM,COLISÃO TRASEIRA,Não informado,1.0,1.0,0.0,0.0,0.0,0.0,0.0,0.0,0.0,2.0,0.0,Viaduto,Bom,Não existe,Perfeito estado,Seca,Perfeito estado,Não existe,Não há placas,60.0,Dupla,Faixa seccionada,Não informado,2021,4,5,0,21.0
2021-04-06,08:13:00,COM VÍTIMA,FINALIZADA,CORDEIRO,AV CAXANGA,Não informado,SENT. CIDADE,CORDEIRO,CIDADE,COLISÃO TRASEIRA,Não informado,1.0,1.0,0.0,0.0,0.0,0.0,0.0,0.0,0.0,1.0,0.0,Longo da via,Bom,Não existe,Perfeito estado,Seca,Perfeito estado,Não existe,R-6a,60.0,Dupla,Canteiro central,Não informado,2021,4,6,1,8.0
2021-04-06,12:09:00,COM VÍTIMA,FINALIZADA,COQUEIRAL,RUA ANANIAS CATANHO,RUA ALTO PIQUIRI,PRÓXIMO AO TERMINAL DE ONIBUS DE TOTO PLANALTO.,COQUEIRAL,CIDADE,ATROPELAMENTO DE PESSOA,Não informado,0.0,0.0,0.0,0.0,1.0,1.0,0.0,0.0,0.0,1.0,0.0,Longo da via,Bom,Não existe,Perfeito estado,Seca,Perfeito estado,Não existe,Não há placas,40.0,Dupla,Não existe,Não informado,2021,4,6,1,12.0
2021-04-06,12:34:00,SEM VÍTIMA,FINALIZADA,SÃO JOSÉ,TRV DO RAPOSO,Não informado,EM BAIXO DO PONTILHÃO DA FAVELA DO PAPELÃO,SÃO JOSÉ,Não informado,COLISÃO LATERAL,Não informado,1.0,0.0,0.0,0.0,0.0,0.0,0.0,0.0,1.0,0.0,0.0,Longo da via,Bom,Não existe,Não existente,Seca,Perfeito estado,Não existe,Não há placas,60.0,Dupla,Não existe,Não informado,2021,4,6,1,12.0
2021-04-06,13:03:00,COM VÍTIMA,FINALIZADA,PONTO DE PARADA,RUA MEM DE SA,RUA DEPUTADO PEDRO VELHO,PROXIMO A COCA COLA,PONTO DE PARADA,CIDADE,COLISÃO FRONTAL,Não informado,1.0,1.0,0.0,0.0,0.0,0.0,0.0,0.0,0.0,2.0,0.0,Cruzamento,Bom,Não existe,Incompleta,Seca,Perfeito estado,Não existe,Não há placas,40.0,Dupla,Não existe,Não informado,2021,4,6,1,13.0
2021-04-06,14:03:00,COM VÍTIMA,FINALIZADA,AFOGADOS,RUA COSME VIANA,RUA CORONEL ALFREDO DUARTE,EM FRENTE AO BOI GRILL E POSTO SETTA,AFOGADOS,S,COLISÃO LATERAL,Não informado,1.0,1.0,0.0,0.0,0.0,0.0,0.0,0.0,0.0,2.0,0.0,Cruzamento,Bom,Sem defeito,Perfeito estado,Seca,Perfeito estado,Não informado,R-6a,60.0,Única,Faixa contínua,Não informado,2021,4,6,1,14.0
2021-04-06,14:49:00,COM VÍTIMA,CANCELADA,VÁRZEA,RUA EMILIANO BRAGA,Não informado,POR TRAS DA CAXANGA VEÍCULO,VÁRZEA,Não informado,COLISÃO FRONTAL,Não informado,1.0,1.0,0.0,0.0,0.0,0.0,0.0,0.0,0.0,1.0,0.0,Não informado,Não informado,Não informado,Não informado,Não informado,Não informado,Não informado,Não informado,60.0,Não informado,Não informado,Não informado,2021,4,6,1,14.0
2021-04-06,18:22:00,COM VÍTIMA,FINALIZADA,CAXANGÁ,AV CAXANGA,AV LUIZ DE LACERDA,E/F A L2 AUTOMOVEIS. LADO OPOSTO A CAXANGÁ VEÍCULOS.,CAXANGÁ,SUBURBIO,COLISÃO LATERAL,Não informado,1.0,1.0,0.0,0.0,0.0,0.0,0.0,0.0,0.0,1.0,0.0,Não informado,Bom,Não existe,Perfeito estado,Seca,Perfeito estado,Não existe,Não há placas,60.0,Única,Faixa seccionada,Não informado,2021,4,6,1,18.0
2021-04-07,10:03:00,COM VÍTIMA,FINALIZADA,TORRE,RUA MAURICIO DE NASSAU,Não informado,AO LADO DO POSTO PETROCAL,TORRE,Não informado,ATROPELAMENTO DE PESSOA,Não informado,0.0,1.0,0.0,0.0,1.0,0.0,0.0,0.0,0.0,1.0,0.0,Longo da via,Bom,Não existe,Perfeito estado,Seca,Perfeito estado,Não informado,Não há placas,60.0,Dupla,Faixa seccionada,Não informado,2021,4,7,2,10.0
2021-04-07,10:37:00,COM VÍTIMA,FINALIZADA,AFOGADOS,AV SUL,Não informado,EM FRENTE A POLICLINICA AGAMENON MAGALHAES,AFOGADOS,CIDADE,COLISÃO COM CICLISTA,Não informado,0.0,1.0,0.0,1.0,0.0,0.0,0.0,0.0,0.0,4.0,0.0,Longo da via,Bom,Sem defeito,Incompleta,Seca,Perfeito estado,Não existe,Outras,60.0,Única,Faixa seccionada,Não informado,2021,4,7,2,10.0
2021-04-07,10:48:00,COM VÍTIMA,FINALIZADA,DERBY,AV GOVERNADOR AGAMENON MAGALHAES,RUA HENRIQUE DIAS,E/F AO ANTIGO RESTAURANTE SPETTUS,DERBY,Não informado,COLISÃO LATERAL,Não informado,1.0,1.0,0.0,0.0,0.0,0.0,0.0,0.0,0.0,1.0,0.0,Cruzamento,Bom,Sem defeito,Perfeito estado,Seca,Perfeito estado,Faixa de pedestre,Outras,60.0,Única,Não informado,Não informado,2021,4,7,2,10.0
2021-04-07,13:01:00,COM VÍTIMA,FINALIZADA,TEJIPIÓ,AV DR JOSE RUFINO,Não informado,EM FRENTE AO CONDOMINIO MORADA DO BARRO,TEJIPIÓ,C,COLISÃO LATERAL,Não informado,1.0,1.0,0.0,0.0,0.0,0.0,0.0,0.0,0.0,1.0,0.0,Longo da via,Bom,Não existe,Perfeito estado,Seca,Perfeito estado,Não existe,Não há placas,60.0,Dupla,Faixa contínua,Não informado,2021,4,7,2,13.0
2021-04-07,13:24:00,COM VÍTIMA,FINALIZADA,AFOGADOS,RUA SAO MIGUEL,Não informado,"EM FRENTE AO POSTO DISLUB / TRAVESSA SÃO MIGUEL,01",AFOGADOS,SUBURBIO,COLISÃO TRASEIRA,Não informado,0.0,1.0,0.0,0.0,0.0,0.0,0.0,1.0,0.0,1.0,0.0,Longo da via,Bom,Não existe,Perfeito estado,Seca,Perfeito estado,Não existe,Não informado,60.0,Dupla,Faixa contínua,Não informado,2021,4,7,2,13.0
2021-04-08,08:32:00,COM VÍTIMA,FINALIZADA,NOVA DESCOBERTA,AV NORTE,1 TRV JUSTICA E PAZ,NO RETORNO DO POSTO SÃO SEBASTIÃO,NOVA DESCOBERTA,CIDADE,COLISÃO LATERAL,Não informado,1.0,0.0,1.0,0.0,0.0,0.0,0.0,0.0,0.0,1.0,0.0,Não informado,Bom,Não existe,Incompleta,Seca,Perfeito estado,Não existe,Outras,60.0,Dupla,Canteiro central,Não informado,2021,4,8,3,8.0
2021-04-08,14:18:00,COM VÍTIMA,FINALIZADA,JARDIM SÃO PAULO,AV PIRACICABA,Não informado,E/F AO ARMAZEM  DE VALERIA,JARDIM SÃO PAULO,Não informado,COLISÃO FRONTAL,Não informado,1.0,1.0,0.0,0.0,0.0,1.0,0.0,0.0,0.0,1.0,0.0,Não informado,Não informado,Não informado,Não informado,Não informado,Não informado,Não informado,Não informado,60.0,Não informado,Não informado,Não informado,2021,4,8,3,14.0
2021-04-08,19:12:00,SEM VÍTIMA,FINALIZADA,ENCRUZILHADA,AV NORTE,RUA ALFREDO DE CASTRO,CRUZAMENTO COM A RUA ALFREDO DE CASTRO,ENCRUZILHADA,Não informado,CHOQUE,Não informado,0.0,0.0,0.0,0.0,0.0,0.0,0.0,0.0,0.0,0.0,0.0,Não informado,Não informado,Não informado,Não informado,Não informado,Não informado,Não informado,Não informado,60.0,Não informado,Não informado,Não informado,2021,4,8,3,19.0
2021-04-08,20:39:00,COM VÍTIMA,FINALIZADA,AFOGADOS,RUA VINTE E UM DE ABRIL,RUA JOSUE PEREIRA,E/F AO CLUBE FERROVIARIO,AFOGADOS,SUBURBIO,COLISÃO LATERAL,Não informado,1.0,1.0,0.0,0.0,0.0,0.0,0.0,0.0,0.0,2.0,0.0,Longo da via,Bom,Sem defeito,Perfeito estado,Seca,Perfeito estado,Não informado,Não há placas,30.0,Dupla,Não existe,Não informado,2021,4,8,3,20.0
2021-04-09,08:49:00,SEM VÍTIMA,FINALIZADA,VÁRZEA,AV JOAQUIM RIBEIRO,Não informado,SOB O SEMÁFORO 281,VÁRZEA,Não informado,COLISÃO TRASEIRA,Não informado,1.0,0.0,0.0,0.0,0.0,0.0,0.0,1.0,0.0,0.0,0.0,Cruzamento,Bom,Sem defeito,Perfeito estado,Seca,Perfeito estado,Faixa de pedestre,Outras,60.0,Única,Canteiro central,Não informado,2021,4,9,4,8.0
2021-04-09,09:31:00,COM VÍTIMA,FINALIZADA,IMBIRIBEIRA,AV MARECHAL MASCARENHAS DE MORAES,RUA JALISCO,EM FRENTE AO GERALDÃO,IMBIRIBEIRA,CIDADE,COLISÃO TRASEIRA,Não informado,2.0,0.0,1.0,0.0,0.0,0.0,1.0,0.0,0.0,1.0,0.0,Cruzamento,Bom,Sem defeito,Perfeito estado,Seca,Perfeito estado,Faixa de pedestre,Outras,60.0,Única,Faixa contínua,Não informado,2021,4,9,4,9.0
2021-04-09,18:20:00,COM VÍTIMA,FINALIZADA,BOA VIAGEM,RUA RIBEIRO DE BRITO,Não informado,ANTES DA SUBIDA DO VIADUTO TANCREDO NEVES,BOA VIAGEM,Não informado,ATROPELAMENTO DE PESSOA,Não informado,0.0,1.0,0.0,0.0,1.0,0.0,0.0,0.0,0.0,1.0,0.0,Longo da via,Chuvoso,Não informado,Não informado,Molhada,Perfeito estado,Não informado,Não há placas,60.0,Única,Faixa contínua,Não informado,2021,4,9,4,18.0
2021-04-09,19:12:00,SEM VÍTIMA,FINALIZADA,ESPINHEIRO,AV GOVERNADOR AGAMENON MAGALHAES,Não informado,EM CIMA DO VIADUTO QUE CRUZA AVENIDA JOÃO DE BARROS,ESPINHEIRO,CIDADE,COLISÃO TRASEIRA,Não informado,1.0,0.0,0.0,0.0,0.0,0.0,0.0,1.0,0.0,0.0,0.0,Viaduto,Chuvoso,Não existe,Não existente,Molhada,Perfeito estado,Não existe,Não há placas,60.0,Única,Faixa contínua,Não informado,2021,4,9,4,19.0
2021-04-10,06:45:00,COM VÍTIMA,FINALIZADA,MADALENA,RUA BENFICA,AV VISCONDE DE ALBUQUERQUE,EM FRENTE AO BOM PREÇO E POSTO EXTRA,MADALENA,Não informado,COLISÃO LATERAL,Não informado,0.0,3.0,0.0,0.0,0.0,0.0,0.0,0.0,0.0,1.0,0.0,Cruzamento,Chuvoso,Sem defeito,Perfeito estado,Molhada,Perfeito estado,Faixa de pedestre,Não há placas,60.0,Dupla,Não existe,Não informado,2021,4,10,5,6.0
2021-04-10,07:10:00,COM VÍTIMA,FINALIZADA,ROSARINHO,AV NORTE,AV SANTOS DUMONT,PRÓXIMO À PADARIA ROSARINHO,ROSARINHO,SUBURBIO,COLISÃO TRANSVERSAL,Não informado,0.0,1.0,0.0,0.0,0.0,0.0,0.0,1.0,0.0,1.0,0.0,Cruzamento,Bom,Sem defeito,Perfeito estado,Molhada,Perfeito estado,Faixa de pedestre,Outras,60.0,Dupla,Não informado,Não informado,2021,4,10,5,7.0
2021-04-10,11:07:00,SEM VÍTIMA,FINALIZADA,BOA VIAGEM,RUA VISCONDE DE JEQUITINHONHA,RUA PROFESSOR MARIO CASTRO,RUA PROFESSOR MÁRIO CASTRO,BOA VIAGEM,Não informado,SEMÁFORO,Não informado,0.0,0.0,0.0,0.0,0.0,0.0,0.0,0.0,0.0,0.0,0.0,Não informado,Não informado,Não informado,Não informado,Não informado,Não informado,Não informado,Não informado,60.0,Não informado,Não informado,Não informado,2021,4,10,5,11.0
2021-04-10,11:45:00,SEM VÍTIMA,FINALIZADA,CASA FORTE,EST DAS UBAIAS,RUA CONS NABUCO,RUA CONS NABUCO,CASA FORTE,Não informado,SEMÁFORO,Não informado,0.0,0.0,0.0,0.0,0.0,0.0,0.0,0.0,0.0,0.0,0.0,Não informado,Não informado,Não informado,Não informado,Não informado,Não informado,Não informado,Não informado,60.0,Não informado,Não informado,Não informado,2021,4,10,5,11.0
2021-04-10,16:11:00,SEM VÍTIMA,FINALIZADA,PAISSANDU,AV GOVERNADOR AGAMENON MAGALHAES,RUA GENERAL JOAQUIM INACIO,SEMAFORO 069,PAISSANDU,Não informado,SEMÁFORO,Não informado,0.0,0.0,0.0,0.0,0.0,0.0,0.0,0.0,0.0,0.0,0.0,Não informado,Não informado,Não informado,Não informado,Não informado,Não informado,Não informado,Não informado,60.0,Não informado,Não informado,Não informado,2021,4,10,5,16.0
2021-04-10,16:11:00,SEM VÍTIMA,FINALIZADA,PAISSANDU,AV GOVERNADOR AGAMENON MAGALHAES,RUA PAISSANDU,SEMAFORO 070,PAISSANDU,Não informado,SEMÁFORO,Não informado,0.0,0.0,0.0,0.0,0.0,0.0,0.0,0.0,0.0,0.0,0.0,Não informado,Não informado,Não informado,Não informado,Não informado,Não informado,Não informado,Não informado,60.0,Não informado,Não informado,Não informado,2021,4,10,5,16.0
2021-04-10,16:36:00,SEM VÍTIMA,FINALIZADA,DERBY,AV GOVERNADOR AGAMENON MAGALHAES,AV RUI BARBOSA,Não informado,DERBY,Não informado,SEMÁFORO,Não informado,0.0,0.0,0.0,0.0,0.0,0.0,0.0,0.0,0.0,0.0,0.0,Não informado,Não informado,Não informado,Não informado,Não informado,Não informado,Não informado,Não informado,60.0,Não informado,Não informado,Não informado,2021,4,10,5,16.0
2021-04-10,16:36:00,SEM VÍTIMA,FINALIZADA,DERBY,AV GOVERNADOR AGAMENON MAGALHAES,AV RUI BARBOSA,Não informado,DERBY,Não informado,SEMÁFORO,Não informado,0.0,0.0,0.0,0.0,0.0,0.0,0.0,0.0,0.0,0.0,0.0,Não informado,Não informado,Não informado,Não informado,Não informado,Não informado,Não informado,Não informado,60.0,Não informado,Não informado,Não informado,2021,4,10,5,16.0
2021-04-10,19:55:00,COM VÍTIMA,FINALIZADA,CASA FORTE,AV DEZESSETE DE AGOSTO,RUA LAURINDO COELHO,E/F A CAOA CHERY,CASA FORTE,SUBURBIO,COLISÃO TRANSVERSAL,Não informado,1.0,1.0,0.0,0.0,0.0,0.0,0.0,0.0,0.0,1.0,0.0,Esquina,Chuvoso,Não existe,Perfeito estado,Molhada,Perfeito estado,Não existe,Não há placas,40.0,Dupla,Faixa contínua,Não informado,2021,4,10,5,19.0
2021-04-11,07:11:00,SEM VÍTIMA,FINALIZADA,BOA VIAGEM,AV FERNANDO SIMOES BARBOSA,Não informado,EM FRENTE AO EDF CATALINA/GALERIA SANTO ANTONIO,BOA VIAGEM,Não informado,CHOQUE,Não informado,1.0,0.0,0.0,0.0,0.0,0.0,0.0,0.0,0.0,0.0,0.0,Não informado,Não informado,Não informado,Não informado,Não informado,Não informado,Não informado,Não informado,60.0,Não informado,Não informado,Não informado,2021,4,11,6,7.0
2021-04-11,17:16:00,COM VÍTIMA,FINALIZADA,PINA,AV REPUBLICA ARABE UNIDA,RUA NOGUEIRA DE SOUZA,EM FRENTE AO EDF. SÃO CAETANO,PINA,Não informado,COLISÃO LATERAL,Não informado,2.0,0.0,0.0,0.0,0.0,0.0,0.0,0.0,0.0,3.0,0.0,Cruzamento,Chuvoso,Desligado,Perfeito estado,Molhada,Perfeito estado,Faixa de pedestre,Outras,60.0,Única,Faixa seccionada,Não informado,2021,4,11,6,17.0
2021-04-11,22:02:40,COM VÍTIMA,FINALIZADA,BOA VIAGEM,AV CONSELHEIRO AGUIAR,RUA BALTAZAR PEREIRA,"AO LADO DO PORPINO HAMBURGUERIA, EM FRENTE A CASA DE DISIGN MÓVEIS PERSONALIZADOS",BOA VIAGEM,CIDADE,COLISÃO FRONTAL,Não informado,0.0,2.0,0.0,0.0,0.0,0.0,0.0,0.0,0.0,2.0,0.0,Cruzamento,Chuvoso,Não existe,Perfeito estado,Molhada,Perfeito estado,Não existe,Não há placas,60.0,Única,Faixa seccionada,Não informado,2021,4,11,6,22.0
2021-04-11,23:20:40,COM VÍTIMA,CANCELADA,BONGI,RUA ISAAC MARKMAN,Não informado,"PROXIMO DA CELPE, PROXIMO AO TERMINAL DO BONGI",BONGI,Não informado,COLISÃO LATERAL,Não informado,1.0,1.0,0.0,0.0,0.0,0.0,0.0,0.0,0.0,1.0,0.0,Não informado,Não informado,Não informado,Não informado,Não informado,Não informado,Não informado,Não informado,60.0,Não informado,Não informado,Não informado,2021,4,11,6,23.0
2021-04-12,07:32:00,SEM VÍTIMA,FINALIZADA,CORDEIRO,AV ENGENHEIRO ABDIAS DE CARVALHO,EST DO FORTE DO ARRAIAL N. DO B. JESUS,EST DO FORTE DO ARRAIAL N. DO B. JESUS,CORDEIRO,Não informado,SEMÁFORO,Não informado,0.0,0.0,0.0,0.0,0.0,0.0,0.0,0.0,0.0,0.0,0.0,Não informado,Não informado,Não informado,Não informado,Não informado,Não informado,Não informado,Não informado,60.0,Não informado,Não informado,Não informado,2021,4,12,0,7.0
2021-04-12,07:32:00,SEM VÍTIMA,FINALIZADA,MADALENA,AV BEIRA RIO,RUA JOSE OSORIO,RUA JOSE OSORIO,MADALENA,Não informado,SEMÁFORO,Não informado,0.0,0.0,0.0,0.0,0.0,0.0,0.0,0.0,0.0,0.0,0.0,Não informado,Não informado,Não informado,Não informado,Não informado,Não informado,Não informado,Não informado,60.0,Não informado,Não informado,Não informado,2021,4,12,0,7.0
2021-04-12,07:32:00,SEM VÍTIMA,FINALIZADA,VÁRZEA,AV CAXANGA,RUA RODRIGUES FERREIRA,RUA RODRIGUES FERREIRA,VÁRZEA,Não informado,SEMÁFORO,Não informado,0.0,0.0,0.0,0.0,0.0,0.0,0.0,0.0,0.0,0.0,0.0,Não informado,Não informado,Não informado,Não informado,Não informado,Não informado,Não informado,Não informado,60.0,Não informado,Não informado,Não informado,2021,4,12,0,7.0
2021-04-12,07:48:00,COM VÍTIMA,FINALIZADA,SANTO AMARO,RUA TREZE DE MAIO,RUA DOS PALMARES,Não informado,SANTO AMARO,SUBURBIO,COLISÃO TRANSVERSAL,Não informado,1.0,1.0,0.0,0.0,0.0,0.0,0.0,0.0,0.0,1.0,0.0,Cruzamento,Bom,Sem defeito,Perfeito estado,Seca,Perfeito estado,Faixa de pedestre,R-4a,60.0,Única,Faixa contínua,Não informado,2021,4,12,0,7.0
2021-04-12,08:08:00,SEM VÍTIMA,FINALIZADA,VÁRZEA,AV CAXANGA,AV AFONSO OLINDENSE,AV AFONSO OLINDENSE,VÁRZEA,Não informado,SEMÁFORO,Não informado,0.0,0.0,0.0,0.0,0.0,0.0,0.0,0.0,0.0,0.0,0.0,Não informado,Não informado,Não informado,Não informado,Não informado,Não informado,Não informado,Não informado,60.0,Não informado,Não informado,Não informado,2021,4,12,0,8.0
2021-04-12,08:09:00,SEM VÍTIMA,FINALIZADA,SÃO JOSÉ,C SANTA RITA,Não informado,EM FRENTE AO ARMAZEM 16,SÃO JOSÉ,Não informado,SEMÁFORO,Não informado,0.0,0.0,0.0,0.0,0.0,0.0,0.0,0.0,0.0,0.0,0.0,Não informado,Não informado,Não informado,Não informado,Não informado,Não informado,Não informado,Não informado,60.0,Não informado,Não informado,Não informado,2021,4,12,0,8.0
2021-04-12,08:18:00,SEM VÍTIMA,FINALIZADA,BOA VISTA,RUA DO HOSPICIO,RUA PRINCESA IZABEL,Não informado,BOA VISTA,Não informado,SEMÁFORO,Não informado,0.0,0.0,0.0,0.0,0.0,0.0,0.0,0.0,0.0,0.0,0.0,Não informado,Não informado,Não informado,Não informado,Não informado,Não informado,Não informado,Não informado,60.0,Não informado,Não informado,Não informado,2021,4,12,0,8.0
2021-04-12,08:19:00,SEM VÍTIMA,FINALIZADA,BOA VIAGEM,AV BOA VIAGEM,RUA PROFESSOR MARIO CASTRO,RUA PROFESSOR MÁRIO CASTRO,BOA VIAGEM,Não informado,SEMÁFORO,Não informado,0.0,0.0,0.0,0.0,0.0,0.0,0.0,0.0,0.0,0.0,0.0,Não informado,Não informado,Não informado,Não informado,Não informado,Não informado,Não informado,Não informado,60.0,Não informado,Não informado,Não informado,2021,4,12,0,8.0
2021-04-12,08:21:00,SEM VÍTIMA,FINALIZADA,BOA VISTA,RUA GERVASIO PIRES,RUA DO RIACHUELO,RIACHUELLO,BOA VISTA,Não informado,SEMÁFORO,Não informado,0.0,0.0,0.0,0.0,0.0,0.0,0.0,0.0,0.0,0.0,0.0,Não informado,Não informado,Não informado,Não informado,Não informado,Não informado,Não informado,Não informado,60.0,Não informado,Não informado,Não informado,2021,4,12,0,8.0
2021-04-12,08:44:00,SEM VÍTIMA,FINALIZADA,SANTO ANTÔNIO,RUA DO SOL,Não informado,RUA NOVA,SANTO ANTÔNIO,Não informado,SEMÁFORO,Não informado,0.0,0.0,0.0,0.0,0.0,0.0,0.0,0.0,0.0,0.0,0.0,Não informado,Não informado,Não informado,Não informado,Não informado,Não informado,Não informado,Não informado,60.0,Não informado,Não informado,Não informado,2021,4,12,0,8.0
2021-04-12,09:38:00,SEM VÍTIMA,FINALIZADA,BOA VISTA,RUA GERVASIO PIRES,RUA DO RIACHUELO,RIACHUELLO,BOA VISTA,Não informado,SEMÁFORO,Não informado,0.0,0.0,0.0,0.0,0.0,0.0,0.0,0.0,0.0,0.0,0.0,Não informado,Não informado,Não informado,Não informado,Não informado,Não informado,Não informado,Não informado,60.0,Não informado,Não informado,Não informado,2021,4,12,0,9.0
2021-04-12,10:12:00,SEM VÍTIMA,FINALIZADA,PAISSANDU,AV GOVERNADOR AGAMENON MAGALHAES,RUA GENERAL JOAQUIM INACIO,Não informado,PAISSANDU,Não informado,SEMÁFORO,Não informado,0.0,0.0,0.0,0.0,0.0,0.0,0.0,0.0,0.0,0.0,0.0,Não informado,Não informado,Não informado,Não informado,Não informado,Não informado,Não informado,Não informado,60.0,Não informado,Não informado,Não informado,2021,4,12,0,10.0
2021-04-12,12:27:00,COM VÍTIMA,FINALIZADA,MADALENA,AV ENGENHEIRO ABDIAS DE CARVALHO,RUA JOAO IVO DA SILVA,LADO OPOSTO AO HABIB´S/  SENTIDO CIDADE,MADALENA,CIDADE,COLISÃO LATERAL,Não informado,1.0,1.0,0.0,0.0,0.0,0.0,0.0,0.0,0.0,1.0,0.0,Cruzamento,Bom,Sem defeito,Perfeito estado,Seca,Perfeito estado,Faixa de pedestre,Outras,60.0,Dupla,Canteiro central,Não informado,2021,4,12,0,12.0
2021-04-12,12:50:00,SEM VÍTIMA,CANCELADA,JARDIM SÃO PAULO,RUA LEANDRO BARRETO,Não informado,COLISAO SOBRE O VIADUTO,JARDIM SÃO PAULO,Não informado,COLISÃO LATERAL,Não informado,1.0,1.0,0.0,0.0,0.0,0.0,0.0,0.0,0.0,0.0,0.0,Não informado,Não informado,Não informado,Não informado,Não informado,Não informado,Não informado,Não informado,60.0,Não informado,Não informado,Não informado,2021,4,12,0,12.0
2021-04-12,16:18:00,COM VÍTIMA,FINALIZADA,DERBY,AV GOVERNADOR AGAMENON MAGALHAES,RUA JOAQUIM NABUCO,AO LADO DO HOSPITAL DA RESTAURAÇÃO,DERBY,SUBURBIO,COLISÃO TRANSVERSAL,Não informado,1.0,1.0,0.0,0.0,0.0,0.0,0.0,0.0,0.0,1.0,0.0,Cruzamento,Bom,Sem defeito,Perfeito estado,Seca,Perfeito estado,Faixa de pedestre,Outras,60.0,Dupla,Canal,Não informado,2021,4,12,0,16.0
2021-04-12,21:06:40,COM VÍTIMA,FINALIZADA,CAMPO GRANDE,AV GOVERNADOR AGAMENON MAGALHAES,RUA ODORICO MENDES,E/F A CENTRAL DE FLAGRANTES,CAMPO GRANDE,CIDADE,ATROPELAMENTO DE PESSOA,Não informado,0.0,1.0,0.0,0.0,1.0,0.0,0.0,0.0,0.0,2.0,0.0,Cruzamento,Bom,Sem defeito,Perfeito estado,Seca,Perfeito estado,Faixa de pedestre,Não informado,60.0,Dupla,Canal,Não informado,2021,4,12,0,21.0
2021-04-13,10:23:00,SEM VÍTIMA,FINALIZADA,TORRE,RUA JOSE BONIFACIO,Não informado,EM FRENTE AO ATACADO DOS PRESENTES,TORRE,Não informado,ENGAVETAMENTO,Não informado,4.0,0.0,0.0,0.0,0.0,0.0,0.0,0.0,0.0,0.0,0.0,Não informado,Não informado,Não informado,Não informado,Não informado,Não informado,Não informado,Não informado,60.0,Não informado,Não informado,Não informado,2021,4,13,1,10.0
2021-04-13,12:57:00,COM VÍTIMA,FINALIZADA,BAIRRO DO RECIFE,AV MILITAR,AV MILITAR,Não informado,BAIRRO DO RECIFE,SUBURBIO,ATROPELAMENTO DE PESSOA,Não informado,1.0,0.0,0.0,0.0,1.0,0.0,0.0,0.0,0.0,1.0,0.0,Cruzamento,Bom,Sem defeito,Perfeito estado,Seca,Perfeito estado,Faixa de pedestre,Não há placas,40.0,Dupla,Canteiro central,Não informado,2021,4,13,1,12.0
2021-04-13,13:05:00,COM VÍTIMA,FINALIZADA,CAXANGÁ,AV CAXANGA,Não informado,POSTO POTENCIAL,CAXANGÁ,CIDADE,COLISÃO LATERAL,Não informado,1.0,1.0,0.0,0.0,0.0,0.0,0.0,0.0,0.0,1.0,0.0,Longo da via,Bom,Não existe,Perfeito estado,Seca,Perfeito estado,Não existe,Não há placas,60.0,Única,Faixa seccionada,Não informado,2021,4,13,1,13.0
2021-04-13,16:57:00,COM VÍTIMA,FINALIZADA,MADALENA,AV JOSE GONCALVES DE MEDEIROS,RUA PROFESSOR BENEDITO MONTEIRO,PRÓX AO EXTRA,MADALENA,SUBURBIO,COLISÃO LATERAL,Não informado,1.0,1.0,0.0,0.0,0.0,0.0,0.0,0.0,0.0,1.0,0.0,Longo da via,Bom,Não existe,Perfeito estado,Seca,Perfeito estado,Não existe,Não há placas,60.0,Dupla,Faixa contínua,Não informado,2021,4,13,1,16.0