data,hora,natureza_acidente,situacao,bairro,endereco,detalhe_endereco_acidente,complemento,bairro_cruzamento,sentido_via,tipo,descricao,auto,moto,ciclom,ciclista,pedestre,onibus,caminhao,viatura,outros,vitimas,vitimasfatais,acidente_verificado,tempo_clima,situacao_semaforo,sinalizacao,condicao_via,conservacao_via,ponto_controle,situacao_placa,velocidade_max_via,mao_direcao,divisao_via1,natureza,ano,mes,dia,dia_semana,hora_ocorrencia
2021-04-14,07:52:00,COM VÍTIMA,FINALIZADA,SÃO JOSÉ,PRC DAS CINCO PONTAS,Não informado,DESCIDA DO VIADUTO,SÃO JOSÉ,CIDADE,COLISÃO LATERAL,Não informado,0.0,0.0,0.0,0.0,0.0,0.0,0.0,0.0,0.0,1.0,0.0,Não informado,Não informado,Não informado,Não informado,Não informado,Não informado,Não informado,Não informado,60.0,Não informado,Não informado,Não informado,2021,4,14,2,7.0
2021-04-14,12:46:00,COM VÍTIMA,FINALIZADA,CASA FORTE,AV DEZESSETE DE AGOSTO,Não informado,LADO OPOSTO AO CNA,CASA FORTE,SUBURBIO,COLISÃO FRONTAL,Não informado,1.0,1.0,0.0,0.0,0.0,0.0,0.0,0.0,0.0,1.0,0.0,Longo da via,Chuvoso,Não existe,Perfeito estado,Molhada,Perfeito estado,Não existe,Não há placas,40.0,Dupla,Faixa contínua,Não informado,2021,4,14,2,12.0
2021-04-14,12:48:00,COM VÍTIMA,FINALIZADA,SANTO AMARO,RUA TREZE DE MAIO,"AV DA SAUDADE,",PROXIMO AO CEMITERIO E A UNINASSAU,SANTO AMARO,SUBURBIO,COLISÃO LATERAL,Não informado,1.0,1.0,0.0,0.0,0.0,0.0,0.0,0.0,0.0,1.0,0.0,Cruzamento,Chuvoso,Sem defeito,Perfeito estado,Seca,Perfeito estado,Não existe,Não há placas,40.0,Dupla,Faixa contínua,Não informado,2021,4,14,2,12.0
2021-04-14,17:07:00,COM VÍTIMA,FINALIZADA,BOMBA DO HEMETÉRIO,RUA JACOB,Não informado,EM FRENTE A UPINHA,BOMBA DO HEMETÉRIO,SUBURBIO,COLISÃO LATERAL,Não informado,1.0,1.0,0.0,0.0,0.0,0.0,0.0,0.0,0.0,1.0,0.0,Cruzamento,Chuvoso,Não existe,Não existente,Molhada,Mal iluminada,Não existe,Não há placas,60.0,Dupla,Não existe,Não informado,2021,4,14,2,17.0
2021-04-14,18:52:00,SEM VÍTIMA,FINALIZADA,VÁRZEA,AV CAXANGA,Não informado,EM FRENTE AO RESIDENCIAL CAXANGÁ,VÁRZEA,CIDADE,COLISÃO LATERAL,Não informado,1.0,0.0,0.0,0.0,0.0,0.0,1.0,0.0,0.0,0.0,0.0,Cruzamento,Bom,Sem defeito,Não existente,Seca,Perfeito estado,Faixa de pedestre,R-6a,60.0,Dupla,Canteiro central,Não informado,2021,4,14,2,18.0
2021-04-14,19:45:00,COM VÍTIMA,FINALIZADA,SÃO JOSÉ,RUA IMPERIAL,RUA LOURENCO DE SA,E/F A JUCEPE,SÃO JOSÉ,Não informado,ATROPELAMENTO DE PESSOA,Não informado,1.0,0.0,0.0,0.0,1.0,0.0,0.0,0.0,0.0,1.0,0.0,Cruzamento,Bom,Sem defeito,Perfeito estado,Seca,Perfeito estado,Faixa de pedestre,Não há placas,60.0,Única,Faixa contínua,Não informado,2021,4,14,2,19.0
2021-04-15,07:52:00,COM VÍTIMA,FINALIZADA,PINA,AV ANTONIO DE GOES,Não informado,LADO OPOSTO A ALIANZ,PINA,CIDADE,COLISÃO TRASEIRA,Não informado,1.0,0.0,0.0,0.0,0.0,0.0,1.0,0.0,0.0,1.0,0.0,Longo da via,Bom,Sem defeito,Perfeito estado,Seca,Perfeito estado,Faixa de pedestre,R-6a,60.0,Única,Faixa contínua,Não informado,2021,4,15,3,7.0
2021-04-15,11:08:00,SEM VÍTIMA,CANCELADA,TORREÃO,AV GOVERNADOR AGAMENON MAGALHAES,Não informado,Não informado,TORREÃO,Não informado,COLISÃO TRASEIRA,Não informado,0.0,0.0,0.0,0.0,0.0,0.0,0.0,0.0,0.0,0.0,0.0,Não informado,Não informado,Não informado,Não informado,Não informado,Não informado,Não informado,Não informado,60.0,Não informado,Não informado,Não informado,2021,4,15,3,11.0
2021-04-15,11:51:00,SEM VÍTIMA,FINALIZADA,MADALENA,EST DOS REMEDIOS,Não informado,EM FRENTE A CASA DOS COLCHOES,MADALENA,Não informado,COLISÃO FRONTAL,Não informado,1.0,0.0,0.0,0.0,0.0,0.0,0.0,1.0,0.0,0.0,0.0,Cruzamento,Chuvoso,Sem defeito,Perfeito estado,Molhada,Perfeito estado,Faixa de pedestre,Não há placas,60.0,Única,Faixa contínua,Não informado,2021,4,15,3,11.0
2021-04-15,15:43:00,COM VÍTIMA,FINALIZADA,IPSEP,AV RECIFE,Não informado,PROX AO AMEREICA FILME EQUIPADORA,IPSEP,Não informado,COLISÃO TRASEIRA,Não informado,1.0,1.0,0.0,0.0,0.0,0.0,0.0,0.0,0.0,1.0,0.0,Longo da via,Chuvoso,Sem defeito,Perfeito estado,Molhada,Perfeito estado,Faixa de pedestre,Outras,60.0,Dupla,Faixa seccionada,Não informado,2021,4,15,3,15.0
2021-04-15,16:00:00,COM VÍTIMA,FINALIZADA,SÃO JOSÉ,RUA FLORIANO PEIXOTO,Não informado,em frente a honda,SÃO JOSÉ,SUBURBIO,CHOQUE,Não informado,1.0,0.0,0.0,0.0,0.0,0.0,0.0,0.0,0.0,1.0,0.0,Longo da via,Chuvoso,Sem defeito,Perfeito estado,Molhada,Perfeito estado,Faixa de pedestre,Outras,60.0,Única,Faixa seccionada,Não informado,2021,4,15,3,16.0
2021-04-15,22:08:40,SEM VÍTIMA,FINALIZADA,IBURA,RUA AGAMENON BEZERRA LAFAYETE,Não informado,PRÓX AO DEPÓSITO PAULA BEBIDAS // IGREJA PENTESCOSTAL DA GRAÇA DE DEUS,IBURA,Não informado,CHOQUE,Não informado,1.0,0.0,0.0,0.0,0.0,0.0,0.0,0.0,0.0,0.0,0.0,Longo da via,Chuvoso,Não existe,Não existente,Seca,Mal iluminada,Não existe,Não há placas,60.0,Dupla,Não existe,Não informado,2021,4,15,3,22.0
2021-04-16,09:40:00,SEM VÍTIMA,FINALIZADA,BOA VIAGEM,AV BOA VIAGEM,Não informado,Não informado,BOA VIAGEM,Não informado,COLISÃO TRANSVERSAL,Não informado,0.0,0.0,0.0,0.0,0.0,0.0,0.0,0.0,0.0,0.0,0.0,Longo da via,Bom,Não existe,Perfeito estado,Seca,Perfeito estado,Não existe,Não há placas,60.0,Única,Faixa seccionada,Não informado,2021,4,16,4,9.0
2021-04-16,09:40:00,SEM VÍTIMA,FINALIZADA,BOA VIAGEM,AV ENGENHEIRO DOMINGOS FERREIRA,RUA CORONEL SERGIO HENRIQUE CARDIM,Não informado,BOA VIAGEM,Não informado,SEMÁFORO,Não informado,0.0,0.0,0.0,0.0,0.0,0.0,0.0,0.0,0.0,0.0,0.0,Não informado,Não informado,Não informado,Não informado,Não informado,Não informado,Não informado,Não informado,60.0,Não informado,Não informado,Não informado,2021,4,16,4,9.0
2021-04-16,09:56:00,COM VÍTIMA,FINALIZADA,PINA,RUA MANOEL DE BRITO,Não informado,"NO TUNEL,",PINA,CIDADE,COLISÃO TRASEIRA,Não informado,3.0,0.0,0.0,0.0,0.0,0.0,0.0,0.0,0.0,1.0,0.0,Outros,Bom,Não existe,Perfeito estado,Seca,Perfeito estado,Não existe,Não há placas,60.0,Única,Faixa contínua,Não informado,2021,4,16,4,9.0
2021-04-16,12:24:00,SEM VÍTIMA,FINALIZADA,JARDIM SÃO PAULO,AV RECIFE,Não informado,EM FRENTE AO CERPE/ SENTIDO BR,JARDIM SÃO PAULO,Não informado,COLISÃO TRASEIRA,Não informado,2.0,0.0,0.0,0.0,0.0,0.0,0.0,1.0,0.0,0.0,0.0,Cruzamento,Chuvoso,Sem defeito,Perfeito estado,Molhada,Perfeito estado,Faixa de pedestre,Outras,60.0,Dupla,Faixa contínua,Não informado,2021,4,16,4,12.0
2021-04-16,14:05:00,COM VÍTIMA,FINALIZADA,PINA,AV HERCULANO BANDEIRA,Não informado,EM FRENTE AO AO MARTELINHO,PINA,SUBURBIO,COLISÃO COM CICLISTA,Não informado,1.0,0.0,0.0,1.0,0.0,0.0,0.0,0.0,0.0,1.0,0.0,Longo da via,Chuvoso,Não existe,Perfeito estado,Molhada,Perfeito estado,Não existe,R-6a,60.0,Única,Faixa seccionada,Não informado,2021,4,16,4,14.0
2021-04-16,16:39:00,COM VÍTIMA,FINALIZADA,BOA VISTA,AV JOAO DE BARROS,Não informado,EM FRENTE A CELPE,BOA VISTA,CIDADE,COLISÃO LATERAL,Não informado,1.0,1.0,0.0,0.0,0.0,0.0,0.0,0.0,0.0,1.0,0.0,Longo da via,Chuvoso,Não existe,Perfeito estado,Molhada,Perfeito estado,Não existe,Não há placas,40.0,Única,Faixa seccionada,Não informado,2021,4,16,4,16.0
2021-04-16,16:45:00,COM VÍTIMA,CANCELADA,LINHA DO TIRO,AV RIO MORNO,Não informado,E/F AO MERCADINHO PONTES,LINHA DO TIRO,Não informado,CHOQUE,Não informado,0.0,1.0,0.0,0.0,0.0,0.0,0.0,0.0,0.0,1.0,0.0,Não informado,Não informado,Não informado,Não informado,Não informado,Não informado,Não informado,Não informado,60.0,Não informado,Não informado,Não informado,2021,4,16,4,16.0
2021-04-17,09:57:00,COM VÍTIMA,FINALIZADA,COELHOS,PRC MIGUEL DE CERVANTES,Não informado,EM FRENTE A PRAÇA PROX AO IMIP,COELHOS,CIDADE,COLISÃO LATERAL,Não informado,1.0,1.0,0.0,0.0,0.0,0.0,0.0,0.0,0.0,1.0,0.0,Longo da via,Chuvoso,Não existe,Perfeito estado,Molhada,Perfeito estado,Outros,Outras,60.0,Única,Não existe,Não informado,2021,4,17,5,9.0
2021-04-17,08:16:00,COM VÍTIMA,DUPLICIDADE,COELHOS,RUA ANTONIO GOMES DE FREITAS,Não informado,EM FRENTE A PRAÇA PROX AO IMIP,COELHOS,Não informado,COLISÃO LATERAL,Não informado,1.0,1.0,0.0,0.0,0.0,0.0,0.0,0.0,0.0,1.0,0.0,Não informado,Não informado,Não informado,Não informado,Não informado,Não informado,Não informado,Não informado,60.0,Não informado,Não informado,Não informado,2021,4,17,5,8.0
2021-04-17,08:57:00,COM VÍTIMA,FINALIZADA,POÇO DA PANELA,RUA SAMUEL FARIAS,AV DEZESSETE DE AGOSTO,OPOSTO EXERCITO BRASILEIRO,POÇO DA PANELA,CIDADE,COLISÃO LATERAL,Não informado,1.0,1.0,0.0,0.0,0.0,0.0,0.0,0.0,0.0,1.0,0.0,Esquina,Bom,Não existe,Perfeito estado,Seca,Perfeito estado,Outros,R-6a,60.0,Dupla,Faixa contínua,Não informado,2021,4,17,5,8.0
2021-04-17,12:27:00,COM VÍTIMA,FINALIZADA,TORRE,AV BEIRA RIO,Não informado,PRÓX À ACADEMIA DA CIDADE / PONTE DA TORRE,TORRE,Não informado,COLISÃO LATERAL,Não informado,2.0,0.0,0.0,0.0,0.0,0.0,0.0,0.0,0.0,2.0,0.0,Cruzamento,Bom,Sem defeito,Perfeito estado,Seca,Perfeito estado,Outros,Não informado,40.0,Dupla,Não informado,Não informado,2021,4,17,5,12.0
2021-04-17,14:43:00,COM VÍTIMA,FINALIZADA,CAXANGÁ,AV CAXANGA,RUA GENERAL POLIDORO,EM FRENTE AO POSTO SHELL,CAXANGÁ,Não informado,COLISÃO TRASEIRA,Não informado,1.0,1.0,0.0,0.0,0.0,0.0,0.0,0.0,0.0,1.0,0.0,Longo da via,Não informado,Sem defeito,Perfeito estado,Seca,Perfeito estado,Faixa de pedestre,Não há placas,60.0,Dupla,Canteiro central,Não informado,2021,4,17,5,14.0
2021-04-17,15:46:00,SEM VÍTIMA,FINALIZADA,IMBIRIBEIRA,AV MARECHAL MASCARENHAS DE MORAES,Não informado,Não informado,IMBIRIBEIRA,Não informado,CHOQUE,Não informado,1.0,0.0,0.0,0.0,0.0,0.0,0.0,0.0,0.0,0.0,0.0,Não informado,Não informado,Não informado,Não informado,Não informado,Não informado,Não informado,Não informado,60.0,Não informado,Não informado,Não informado,2021,4,17,5,15.0
2021-04-18,00:17:00,COM VÍTIMA,FINALIZADA,AFOGADOS,RUA SAO MIGUEL,RUA QUITERIO INACIO DE MELLO,EM FRENTE AO BANCO DO BRASIL,AFOGADOS,SUBURBIO,Não informado,Não informado,1.0,1.0,0.0,0.0,0.0,0.0,0.0,0.0,0.0,1.0,0.0,Longo da via,Bom,Sem defeito,Perfeito estado,Seca,Perfeito estado,Faixa de retenção,Outras,60.0,Dupla,Faixa contínua,Não informado,2021,4,18,6,0.0
2021-04-18,07:45:00,SEM VÍTIMA,FINALIZADA,AFOGADOS,RUA SAO MIGUEL,EST DOS REMEDIOS,Não informado,AFOGADOS,Não informado,SEMÁFORO,Não informado,0.0,0.0,0.0,0.0,0.0,0.0,0.0,0.0,0.0,0.0,0.0,Não informado,Não informado,Não informado,Não informado,Não informado,Não informado,Não informado,Não informado,60.0,Não informado,Não informado,Não informado,2021,4,18,6,7.0
2021-04-18,09:09:00,COM VÍTIMA,FINALIZADA,MADALENA,AV BEIRA RIO,RUA JOSE OSORIO,EM FRENTE AO EDF. SOLAR DO CAPIBARIBE,MADALENA,Não informado,COLISÃO TRANSVERSAL,Não informado,2.0,0.0,0.0,0.0,0.0,0.0,0.0,0.0,0.0,1.0,0.0,Cruzamento,Bom,Sem defeito,Perfeito estado,Seca,Perfeito estado,Faixa de pedestre,R-6c,60.0,Dupla,Não informado,Não informado,2021,4,18,6,9.0
2021-04-18,10:00:00,COM VÍTIMA,FINALIZADA,BOA VIAGEM,RUA BALTAZAR PASSOS,Não informado,PROX. A PAN JOVEM,BOA VIAGEM,SUBURBIO,COLISÃO TRASEIRA,Não informado,2.0,0.0,0.0,0.0,0.0,0.0,0.0,0.0,0.0,3.0,0.0,Longo da via,Chuvoso,Não existe,Não informado,Molhada,Perfeito estado,Não existe,Não há placas,40.0,Única,Não existe,Não informado,2021,4,18,6,10.0
2021-04-18,11:27:00,SEM VÍTIMA,FINALIZADA,SÃO JOSÉ,RUA IMPERIAL,AV SUL,PROX. DO FEIRÃO DE AUTOS E O CRISTAL HOTEL,SÃO JOSÉ,Não informado,COLISÃO FRONTAL,Não informado,1.0,0.0,0.0,0.0,0.0,0.0,0.0,1.0,0.0,0.0,0.0,Longo da via,Chuvoso,Não existe,Perfeito estado,Molhada,Perfeito estado,Não existe,"Placas ""Pare""",60.0,Dupla,Não existe,Não informado,2021,4,18,6,11.0
2021-04-18,13:29:00,SEM VÍTIMA,FINALIZADA,TORRE,RUA CONDE DE IRAJA,Não informado,Não informado,TORRE,Não informado,COLISÃO LATERAL,Não informado,0.0,0.0,0.0,0.0,0.0,0.0,0.0,0.0,0.0,0.0,0.0,Cruzamento,Chuvoso,Sem defeito,Perfeito estado,Molhada,Perfeito estado,Faixa de pedestre,Outras,60.0,Não informado,Faixa seccionada,Não informado,2021,4,18,6,13.0
2021-04-18,15:49:00,VÍTIMA FATAL,FINALIZADA,IPSEP,AV RECIFE,RUA JEAN EMILE FAVRE,"PX AO POSTO FEDERAL, SENTIDO BOA VIAGEM",IPSEP,SUBURBIO,COLISÃO TRASEIRA,Não informado,1.0,0.0,0.0,0.0,0.0,0.0,1.0,0.0,0.0,1.0,1.0,Longo da via,Chuvoso,Não existe,Perfeito estado,Molhada,Perfeito estado,Não existe,Não há placas,60.0,Dupla,Canteiro central,Não informado,2021,4,18,6,15.0
2021-04-18,18:03:00,SEM VÍTIMA,FINALIZADA,IMBIRIBEIRA,AV ANTONIO TORRES GALVAO,Não informado,SEMÁFORO 543 / E/F AO VIADUTO,IMBIRIBEIRA,Não informado,COLISÃO TRASEIRA,Não informado,3.0,0.0,0.0,0.0,0.0,0.0,0.0,0.0,0.0,0.0,0.0,Não informado,Não informado,Não informado,Não informado,Não informado,Não informado,Não informado,Não informado,60.0,Não informado,Não informado,Não informado,2021,4,18,6,18.0
2021-04-18,18:47:00,SEM VÍTIMA,CANCELADA,IPUTINGA,AV MARIO ALVARES PEREIRA DE LYRA,Não informado,PROX A COMPESA E IGREJA EMANOEL,IPUTINGA,Não informado,COLISÃO TRASEIRA,Não informado,2.0,0.0,0.0,0.0,0.0,0.0,0.0,0.0,0.0,0.0,0.0,Não informado,Não informado,Não informado,Não informado,Não informado,Não informado,Não informado,Não informado,60.0,Não informado,Não informado,Não informado,2021,4,18,6,18.0
2021-04-19,09:22:00,SEM VÍTIMA,FINALIZADA,BAIRRO DO RECIFE,CAIS DO APOLO,Não informado,Não informado,BAIRRO DO RECIFE,Não informado,COLISÃO LATERAL,Não informado,0.0,2.0,0.0,0.0,0.0,0.0,0.0,0.0,0.0,0.0,0.0,Não informado,Não informado,Não informado,Não informado,Não informado,Não informado,Não informado,Não informado,60.0,Não informado,Não informado,Não informado,2021,4,19,0,9.0
2021-04-19,10:32:00,COM VÍTIMA,FINALIZADA,GRAÇAS,AV CONS ROSA E SILVA,Não informado,EM FRENTE AO HOSPITAL DOS SERVIDORES,GRAÇAS,SUBURBIO,COLISÃO LATERAL,Não informado,1.0,1.0,0.0,0.0,0.0,0.0,0.0,0.0,0.0,1.0,0.0,Longo da via,Chuvoso,Sem defeito,Perfeito estado,Molhada,Perfeito estado,Não existe,R-6a,60.0,Única,Faixa seccionada,Não informado,2021,4,19,0,10.0
2021-04-19,17:03:00,COM VÍTIMA,FINALIZADA,CORDEIRO,AV PROFESSOR ESTEVAO FRANCISCO DA COSTA,RUA PARANAI,PROX AO HOSPITAL VETERINARIO,CORDEIRO,Não informado,COLISÃO FRONTAL,Não informado,1.0,1.0,0.0,0.0,0.0,0.0,0.0,0.0,0.0,1.0,0.0,Longo da via,Bom,Não existe,Não informado,Seca,Não informado,Não existe,Não há placas,60.0,Dupla,Não existe,Não informado,2021,4,19,0,17.0
2021-04-19,18:26:00,COM VÍTIMA,FINALIZADA,BOA VISTA,RUA AURORA,PTE PRINCESA IZABEL,DELEGACIA DA POLICIA CIVIL,BOA VISTA,SUBURBIO,COLISÃO COM CICLISTA,Não informado,0.0,0.0,0.0,1.0,0.0,1.0,0.0,0.0,0.0,1.0,0.0,Cruzamento,Chuvoso,Sem defeito,Perfeito estado,Molhada,Perfeito estado,Faixa de pedestre,Não há placas,60.0,Única,Faixa contínua,Não informado,2021,4,19,0,18.0
2021-04-19,18:32:00,COM VÍTIMA,FINALIZADA,BAIRRO DO RECIFE,AV MILITAR,Não informado,TERMINAL MORITINO DE PASSAGEM MECY DA SIVA CAMPOS,BAIRRO DO RECIFE,SUBURBIO,COLISÃO TRASEIRA,Não informado,1.0,1.0,0.0,0.0,0.0,0.0,0.0,0.0,0.0,1.0,0.0,Longo da via,Bom,Não existe,Perfeito estado,Seca,Perfeito estado,Não existe,Não há placas,60.0,Única,Faixa seccionada,Não informado,2021,4,19,0,18.0
2021-04-19,18:56:00,COM VÍTIMA,FINALIZADA,ARRUDA,AV BEBERIBE,RUA DAS MOCAS,EM FRENTE AO ARMAZEM CORAL,ARRUDA,Não informado,COLISÃO COM CICLISTA,Não informado,1.0,0.0,0.0,1.0,0.0,0.0,0.0,0.0,0.0,1.0,0.0,Cruzamento,Chuvoso,Não existe,Perfeito estado,Molhada,Perfeito estado,Faixa de pedestre,"Placas ""Pare""",60.0,Dupla,Faixa seccionada,Não informado,2021,4,19,0,18.0
2021-04-19,19:00:00,COM VÍTIMA,FINALIZADA,IMBIRIBEIRA,AV MARECHAL MASCARENHAS DE MORAES,AV PINHEIROS,PRÓXIMO  AO POSTO IPIRANGA,IMBIRIBEIRA,SUBURBIO,COLISÃO COM CICLISTA,Não informado,0.0,1.0,0.0,1.0,0.0,0.0,0.0,0.0,0.0,1.0,0.0,Cruzamento,Chuvoso,Sem defeito,Perfeito estado,Molhada,Perfeito estado,Faixa de pedestre,Não há placas,60.0,Dupla,Faixa seccionada,Não informado,2021,4,19,0,19.0
2021-04-19,22:06:40,SEM VÍTIMA,CANCELADA,MACAXEIRA,AV NORTE,RUA MONTE PAVAO,"EM FRENTE AO RESTAURANDO DO CHINA, PROXIMO DA ANTIGA FABRICA DA OTON",MACAXEIRA,Não informado,CHOQUE,Não informado,1.0,0.0,0.0,0.0,0.0,0.0,0.0,0.0,0.0,0.0,0.0,Não informado,Não informado,Não informado,Não informado,Não informado,Não informado,Não informado,Não informado,60.0,Não informado,Não informado,Não informado,2021,4,19,0,22.0
2021-04-20,07:05:00,COM VÍTIMA,FINALIZADA,SAN MARTIN,AV GENERAL SAN MARTIN,Não informado,PROBX. A LOMBADA ELETRONICA E A PRAÇA,SAN MARTIN,CIDADE,COLISÃO TRASEIRA,Não informado,1.0,1.0,0.0,0.0,0.0,0.0,0.0,0.0,0.0,1.0,0.0,Longo da via,Bom,Não existe,Incompleta,Seca,Perfeito estado,Não existe,Não há placas,60.0,Dupla,Faixa contínua,Não informado,2021,4,20,1,7.0
2021-04-20,08:05:00,SEM VÍTIMA,FINALIZADA,BOA VIAGEM,AV ENGENHEIRO DOMINGOS FERREIRA,RUA CORONEL SERGIO HENRIQUE CARDIM,Não informado,BOA VIAGEM,Não informado,SEMÁFORO,Não informado,0.0,0.0,0.0,0.0,0.0,0.0,0.0,0.0,0.0,0.0,0.0,Não informado,Não informado,Não informado,Não informado,Não informado,Não informado,Não informado,Não informado,60.0,Não informado,Não informado,Não informado,2021,4,20,1,8.0
2021-04-20,08:07:00,SEM VÍTIMA,FINALIZADA,IPSEP,RUA ITANAGE,RUA BLUMENAU,Não informado,IPSEP,Não informado,SEMÁFORO,Não informado,0.0,0.0,0.0,0.0,0.0,0.0,0.0,0.0,0.0,0.0,0.0,Não informado,Não informado,Não informado,Não informado,Não informado,Não informado,Não informado,Não informado,60.0,Não informado,Não informado,Não informado,2021,4,20,1,8.0
2021-04-20,08:14:00,SEM VÍTIMA,FINALIZADA,IPSEP,AV RECIFE,AV SENADOR ROBERT KENNEDY,Não informado,IPSEP,Não informado,SEMÁFORO,Não informado,0.0,0.0,0.0,0.0,0.0,0.0,0.0,0.0,0.0,0.0,0.0,Não informado,Não informado,Não informado,Não informado,Não informado,Não informado,Não informado,Não informado,60.0,Não informado,Não informado,Não informado,2021,4,20,1,8.0
2021-04-20,08:24:00,COM VÍTIMA,FINALIZADA,MADALENA,RUA BENFICA,RUA MONSENHOR JULIO MARIA,LADO OPOSTO AO MARTELINHO DE OURO,MADALENA,CIDADE,ATROPELAMENTO DE PESSOA,Não informado,1.0,0.0,0.0,0.0,1.0,0.0,0.0,0.0,0.0,1.0,0.0,Longo da via,Bom,Não existe,Perfeito estado,Seca,Perfeito estado,Não existe,Não informado,60.0,Dupla,Faixa contínua,Não informado,2021,4,20,1,8.0
2021-04-20,08:39:00,SEM VÍTIMA,FINALIZADA,CORDEIRO,AV PROFESSOR ESTEVAO FRANCISCO DA COSTA,Não informado,PROX. AO TI GETULIO VARGAS,CORDEIRO,Não informado,COLISÃO TRASEIRA,Não informado,1.0,1.0,0.0,0.0,0.0,0.0,0.0,0.0,0.0,0.0,0.0,Longo da via,Bom,Sem defeito,Perfeito estado,Seca,Perfeito estado,Não existe,R-6a,60.0,Única,Faixa seccionada,Não informado,2021,4,20,1,8.0
2021-04-20,12:02:00,COM VÍTIMA,FINALIZADA,SANTO AMARO,AV PREFEITO ARTUR LIMA CAVALCANTI,Não informado,POR TRAS DO HOSPITAL NAVAL,SANTO AMARO,SUBURBIO,ATROPELAMENTO DE PESSOA,Não informado,0.0,0.0,0.0,0.0,1.0,0.0,0.0,0.0,0.0,1.0,0.0,Longo da via,Bom,Não existe,Perfeito estado,Seca,Perfeito estado,Não existe,Não há placas,40.0,Única,Canteiro central,Não informado,2021,4,20,1,12.0
2021-04-20,13:17:00,SEM VÍTIMA,FINALIZADA,VASCO DA GAMA,AV NORTE,LGO DOM LUIZ,LARGO DOM LUIZ,VASCO DA GAMA,Não informado,SEMÁFORO,Não informado,0.0,0.0,0.0,0.0,0.0,0.0,0.0,0.0,0.0,0.0,0.0,Não informado,Não informado,Não informado,Não informado,Não informado,Não informado,Não informado,Não informado,60.0,Não informado,Não informado,Não informado,2021,4,20,1,13.0
2021-04-20,16:07:00,COM VÍTIMA,FINALIZADA,CASA FORTE,AV DEZESSETE DE AGOSTO,Não informado,PIZZA CASA FORTE,CASA FORTE,CIDADE,CHOQUE,Não informado,1.0,1.0,0.0,0.0,0.0,0.0,0.0,0.0,0.0,1.0,0.0,Longo da via,Bom,Sem defeito,Perfeito estado,Seca,Perfeito estado,Não existe,Outras,40.0,Dupla,Faixa contínua,Não informado,2021,4,20,1,16.0
2021-04-20,16:29:00,COM VÍTIMA,FINALIZADA,IPSEP,RUA ITAJAI,RUA PAMPULHA,E/F A PADARIA PORTO  AO LADO DA CASA BLANCA  RECEPÇOES,IPSEP,Não informado,COLISÃO LATERAL,Não informado,1.0,1.0,0.0,0.0,0.0,0.0,0.0,0.0,0.0,1.0,0.0,Cruzamento,Bom,Não existe,Perfeito estado,Seca,Perfeito estado,Não informado,"Placas ""Pare""",60.0,Dupla,Não existe,Não informado,2021,4,20,1,16.0
2021-04-20,16:46:00,SEM VÍTIMA,FINALIZADA,BOA VIAGEM,RUA BARAO DE SOUZA LEAO,AV DES JOSE NEVES,TREVO SUPERMERCADO,BOA VIAGEM,SUBURBIO,SEMÁFORO,Não informado,0.0,0.0,0.0,0.0,0.0,0.0,0.0,0.0,0.0,0.0,0.0,Não informado,Não informado,Não informado,Não informado,Não informado,Não informado,Não informado,Não informado,60.0,Não informado,Não informado,Não informado,2021,4,20,1,16.0
2021-04-20,19:04:00,COM VÍTIMA,FINALIZADA,BOA VIAGEM,AV DES JOSE NEVES,Não informado,PROX A FERREIRA PINTO,BOA VIAGEM,CIDADE,COLISÃO TRASEIRA,Não informado,1.0,1.0,0.0,0.0,0.0,0.0,0.0,0.0,0.0,1.0,0.0,Longo da via,Bom,Não existe,Não existente,Seca,Mal iluminada,Não existe,Não há placas,50.0,Única,Não existe,Não informado,2021,4,20,1,19.0
2021-04-20,19:44:00,COM VÍTIMA,CANCELADA,IMBIRIBEIRA,RUA ARQUITETO LUIZ NUNES,Não informado,E/F A IGREJA DO MORMON,IMBIRIBEIRA,Não informado,COLISÃO TRASEIRA,Não informado,1.0,1.0,0.0,0.0,0.0,0.0,0.0,0.0,0.0,1.0,0.0,Não informado,Não informado,Não informado,Não informado,Não informado,Não informado,Não informado,Não informado,60.0,Não informado,Não informado,Não informado,2021,4,20,1,19.0