data,hora,natureza_acidente,situacao,bairro,endereco,detalhe_endereco_acidente,complemento,bairro_cruzamento,sentido_via,tipo,descricao,auto,moto,ciclom,ciclista,pedestre,onibus,caminhao,viatura,outros,vitimas,vitimasfatais,acidente_verificado,tempo_clima,situacao_semaforo,sinalizacao,condicao_via,conservacao_via,ponto_controle,situacao_placa,velocidade_max_via,mao_direcao,divisao_via1,natureza,ano,mes,dia,dia_semana,hora_ocorrencia
2021-04-21,08:49:00,COM VÍTIMA,FINALIZADA,SÃO JOSÉ,AV SUL,Não informado,E/F AO POSTO PETROBRAS,SÃO JOSÉ,CIDADE,COLISÃO TRASEIRA,Não informado,1.0,1.0,0.0,0.0,0.0,0.0,0.0,0.0,0.0,1.0,0.0,Longo da via,Bom,Sem defeito,Perfeito estado,Seca,Perfeito estado,Faixa de retenção,Não há placas,60.0,Dupla,Canteiro central,Não informado,2021,4,21,2,8.0
2021-04-21,13:52:00,COM VÍTIMA,FINALIZADA,BOA VIAGEM,RUA CAMBOIM,Não informado,PROX A ESTAÇÃO AEROPORTO,BOA VIAGEM,Não informado,COLISÃO LATERAL,Não informado,1.0,1.0,0.0,0.0,0.0,0.0,0.0,0.0,0.0,1.0,0.0,Não informado,Não informado,Não informado,Não informado,Não informado,Não informado,Não informado,Não informado,60.0,Não informado,Não informado,Não informado,2021,4,21,2,13.0
2021-04-22,08:00:00,SEM VÍTIMA,FINALIZADA,BOA VIAGEM,AV ENGENHEIRO DOMINGOS FERREIRA,RUA CORONEL SERGIO HENRIQUE CARDIM,Não informado,BOA VIAGEM,Não informado,SEMÁFORO,Não informado,0.0,0.0,0.0,0.0,0.0,0.0,0.0,0.0,0.0,0.0,0.0,Não informado,Não informado,Não informado,Não informado,Não informado,Não informado,Não informado,Não informado,60.0,Não informado,Não informado,Não informado,2021,4,22,3,8.0
2021-04-22,08:11:00,COM VÍTIMA,FINALIZADA,CAMPO GRANDE,AV PROFESSOR JOSE DOS ANJOS,Não informado,"EM FRENTE A ACADEMIA DA CIDADE, SENT. PEIXINHOS",CAMPO GRANDE,SUBURBIO,COLISÃO TRASEIRA,Não informado,1.0,1.0,0.0,0.0,0.0,0.0,0.0,0.0,0.0,1.0,0.0,Longo da via,Bom,Não existe,Não existente,Seca,Perfeito estado,Não existe,Não há placas,60.0,Dupla,Não existe,Não informado,2021,4,22,3,8.0
2021-04-22,09:13:00,SEM VÍTIMA,FINALIZADA,BOA VISTA,AV JOAO DE BARROS,AV VISCONDE DE SUASSUNA,Não informado,BOA VISTA,Não informado,SEMÁFORO,Não informado,0.0,0.0,0.0,0.0,0.0,0.0,0.0,0.0,0.0,0.0,0.0,Não informado,Não informado,Não informado,Não informado,Não informado,Não informado,Não informado,Não informado,60.0,Não informado,Não informado,Não informado,2021,4,22,3,9.0
2021-04-22,09:58:00,SEM VÍTIMA,FINALIZADA,DERBY,AV GOVERNADOR AGAMENON MAGALHAES,AV GOVERNADOR CARLOS DE LIMA CAVALCANTI,Não informado,DERBY,Não informado,SEMÁFORO,Não informado,0.0,0.0,0.0,0.0,0.0,0.0,0.0,0.0,0.0,0.0,0.0,Não informado,Não informado,Não informado,Não informado,Não informado,Não informado,Não informado,Não informado,60.0,Não informado,Não informado,Não informado,2021,4,22,3,9.0
2021-04-22,11:09:00,SEM VÍTIMA,FINALIZADA,SANTO ANTÔNIO,AV MARTINS DE BARROS,PRC DA REPUBLICA,Não informado,SANTO ANTÔNIO,Não informado,SEMÁFORO,Não informado,0.0,0.0,0.0,0.0,0.0,0.0,0.0,0.0,0.0,0.0,0.0,Não informado,Não informado,Não informado,Não informado,Não informado,Não informado,Não informado,Não informado,60.0,Não informado,Não informado,Não informado,2021,4,22,3,11.0
2021-04-22,11:18:00,SEM VÍTIMA,FINALIZADA,ESPINHEIRO,AV NORTE,RUA ALFREDO DE CASTRO,Não informado,ESPINHEIRO,Não informado,SEMÁFORO,Não informado,0.0,0.0,0.0,0.0,0.0,0.0,0.0,0.0,0.0,0.0,0.0,Não informado,Não informado,Não informado,Não informado,Não informado,Não informado,Não informado,Não informado,60.0,Não informado,Não informado,Não informado,2021,4,22,3,11.0
2021-04-22,11:46:00,COM VÍTIMA,CANCELADA,NOVA DESCOBERTA,RUA ALTO JARDIM PROGRESSO,Não informado,PROX. A QUADRA DE FUTEBOL,NOVA DESCOBERTA,Não informado,COLISÃO FRONTAL,Não informado,1.0,1.0,0.0,0.0,0.0,0.0,0.0,0.0,0.0,1.0,0.0,Não informado,Não informado,Não informado,Não informado,Não informado,Não informado,Não informado,Não informado,60.0,Não informado,Não informado,Não informado,2021,4,22,3,11.0
2021-04-22,12:02:00,SEM VÍTIMA,FINALIZADA,CORDEIRO,AV ENGENHEIRO ABDIAS DE CARVALHO,RUA QUINZE DE MARCO,Não informado,CORDEIRO,Não informado,SEMÁFORO,Não informado,0.0,0.0,0.0,0.0,0.0,0.0,0.0,0.0,0.0,0.0,0.0,Não informado,Não informado,Não informado,Não informado,Não informado,Não informado,Não informado,Não informado,60.0,Não informado,Não informado,Não informado,2021,4,22,3,12.0
2021-04-22,12:28:00,SEM VÍTIMA,CANCELADA,SANTO ANTÔNIO,AV MARTINS DE BARROS,PRC DA REPUBLICA,Não informado,SANTO ANTÔNIO,Não informado,SEMÁFORO,Não informado,0.0,0.0,0.0,0.0,0.0,0.0,0.0,0.0,0.0,0.0,0.0,Não informado,Não informado,Não informado,Não informado,Não informado,Não informado,Não informado,Não informado,60.0,Não informado,Não informado,Não informado,2021,4,22,3,12.0
2021-04-22,12:43:00,COM VÍTIMA,FINALIZADA,IMBIRIBEIRA,AV MARECHAL MASCARENHAS DE MORAES,Não informado,AO LADO DA MARAVILHA MOTO S/T AFOGADOS NO SEMAFORO 631,IMBIRIBEIRA,CIDADE,COLISÃO TRASEIRA,Não informado,1.0,1.0,0.0,0.0,0.0,0.0,0.0,0.0,0.0,1.0,0.0,Longo da via,Bom,Sem defeito,Perfeito estado,Seca,Perfeito estado,Faixa de pedestre,Não há placas,40.0,Única,Faixa seccionada,Não informado,2021,4,22,3,12.0
2021-04-22,13:07:00,COM VÍTIMA,FINALIZADA,SÃO JOSÉ,C SANTA RITA,Não informado,EM FRENTE AO SEMAFORO N 076,SÃO JOSÉ,SUBURBIO,COLISÃO LATERAL,Não informado,1.0,1.0,0.0,0.0,0.0,0.0,0.0,0.0,0.0,1.0,0.0,Longo da via,Bom,Sem defeito,Perfeito estado,Seca,Mal conservada,Outros,Outras,60.0,Dupla,Canteiro central,Não informado,2021,4,22,3,13.0
2021-04-22,15:07:00,COM VÍTIMA,FINALIZADA,IMBIRIBEIRA,AV MARECHAL MASCARENHAS DE MORAES,Não informado,OPOSTO AO IBIS HOTEL,IMBIRIBEIRA,CIDADE,COLISÃO COM CICLISTA,Não informado,0.0,0.0,0.0,1.0,0.0,1.0,0.0,0.0,0.0,1.0,0.0,Longo da via,Bom,Sem defeito,Perfeito estado,Seca,Perfeito estado,Não existe,Outras,60.0,Única,Faixa contínua,Não informado,2021,4,22,3,15.0
2021-04-22,15:52:00,SEM VÍTIMA,FINALIZADA,AFOGADOS,EST DOS REMEDIOS,RUA NICOLAU PEREIRA,RUA NICOLAU PEREIRA,AFOGADOS,Não informado,SEMÁFORO,Não informado,0.0,0.0,0.0,0.0,0.0,0.0,0.0,0.0,0.0,0.0,0.0,Não informado,Não informado,Não informado,Não informado,Não informado,Não informado,Não informado,Não informado,60.0,Não informado,Não informado,Não informado,2021,4,22,3,15.0
2021-04-22,18:22:00,COM VÍTIMA,FINALIZADA,SÃO JOSÉ,C SANTA RITA,Não informado,SEMÁFORO 076,SÃO JOSÉ,SUBURBIO,COLISÃO TRASEIRA,Não informado,0.0,0.0,0.0,0.0,0.0,0.0,0.0,0.0,0.0,1.0,0.0,Longo da via,Bom,Sem defeito,Incompleta,Seca,Mal conservada,Outros,Outras,60.0,Dupla,Canteiro central,Não informado,2021,4,22,3,18.0
2021-04-23,07:10:00,COM VÍTIMA,FINALIZADA,CASA AMARELA,RUA ANTONIO DE CASTRO,Não informado,EM FRENTE AO CONDOMINIO EDF TURMALINA E AO SALÃO CRIS HAIR,CASA AMARELA,Não informado,COLISÃO FRONTAL,Não informado,1.0,1.0,0.0,0.0,0.0,0.0,0.0,0.0,0.0,1.0,0.0,Longo da via,Bom,Não existe,Ilegível,Seca,Perfeito estado,Outros,Não há placas,60.0,Única,Não existe,Não informado,2021,4,23,4,7.0
2021-04-23,08:29:00,SEM VÍTIMA,FINALIZADA,SANTO AMARO,RUA FREI CASSIMIRO,RUA DO POMBAL,Não informado,SANTO AMARO,Não informado,COLISÃO TRANSVERSAL,Não informado,1.0,1.0,0.0,0.0,0.0,0.0,0.0,0.0,0.0,0.0,0.0,Cruzamento,Bom,Não existe,Perfeito estado,Seca,Perfeito estado,Faixa de pedestre,"Placas ""Pare""",40.0,Dupla,Canteiro central,Não informado,2021,4,23,4,8.0
2021-04-23,10:13:00,SEM VÍTIMA,FINALIZADA,AFOGADOS,RUA SAO MIGUEL,Não informado,Não informado,AFOGADOS,Não informado,CHOQUE,Não informado,1.0,0.0,0.0,0.0,0.0,0.0,0.0,0.0,1.0,0.0,0.0,Longo da via,Bom,Não existe,Perfeito estado,Seca,Perfeito estado,Não existe,Não há placas,60.0,Dupla,Faixa seccionada,Não informado,2021,4,23,4,10.0
2021-04-23,16:13:00,COM VÍTIMA,FINALIZADA,SANTO AMARO,AV GOVERNADOR AGAMENON MAGALHAES,Não informado,EM FRENTE AO MINISTERIO DO TRABALHO,SANTO AMARO,Não informado,COLISÃO LATERAL,Não informado,1.0,1.0,0.0,0.0,0.0,0.0,0.0,0.0,0.0,1.0,0.0,Longo da via,Bom,Sem defeito,Perfeito estado,Seca,Perfeito estado,Faixa de pedestre,Outras,60.0,Dupla,Canal,Não informado,2021,4,23,4,16.0
2021-04-23,16:16:00,COM VÍTIMA,FINALIZADA,ESTÂNCIA,AV RECIFE,AV JOAO CABRAL DE MELO NETO,BAR ESQUINA DO GALETO,ESTÂNCIA,SUBURBIO,COLISÃO LATERAL,Não informado,1.0,1.0,0.0,0.0,0.0,0.0,0.0,0.0,0.0,1.0,0.0,Cruzamento,Bom,Sem defeito,Perfeito estado,Seca,Perfeito estado,Faixa de pedestre,Não há placas,60.0,Dupla,Canteiro central,Não informado,2021,4,23,4,16.0
2021-04-23,16:32:00,COM VÍTIMA,FINALIZADA,BOA VISTA,RUA DOM BOSCO,Não informado,EM FRENTE AO POSTO BR,BOA VISTA,SUBURBIO,ATROPELAMENTO DE PESSOA,Não informado,1.0,0.0,0.0,0.0,1.0,0.0,0.0,0.0,0.0,1.0,0.0,Longo da via,Bom,Sem defeito,Perfeito estado,Seca,Perfeito estado,Faixa de pedestre,Não informado,60.0,Única,Faixa contínua,Não informado,2021,4,23,4,16.0
2021-04-23,17:51:00,SEM VÍTIMA,FINALIZADA,PINA,AV BRASILIA FORMOSA,Não informado,Não informado,PINA,Não informado,COLISÃO FRONTAL,Não informado,2.0,0.0,0.0,0.0,0.0,0.0,0.0,0.0,0.0,0.0,0.0,Longo da via,Bom,Não existe,Não existente,Seca,Mal iluminada,Não existe,Não há placas,60.0,Dupla,Não existe,Não informado,2021,4,23,4,17.0
2021-04-23,20:19:00,COM VÍTIMA,FINALIZADA,ÁGUA FRIA,RUA DA REGENERACAO,RUA BOM CONSELHO,PRÓX A CASA DE FERRAGENS JOSÉ LUIZ FONSECA E FILHOS,ÁGUA FRIA,Não informado,COLISÃO FRONTAL,Não informado,1.0,1.0,0.0,0.0,0.0,0.0,0.0,0.0,0.0,2.0,0.0,Cruzamento,Bom,Não existe,Perfeito estado,Seca,Não informado,Não existe,Não há placas,60.0,Dupla,Não existe,Não informado,2021,4,23,4,20.0
2021-04-23,21:27:40,COM VÍTIMA,FINALIZADA,BOA VIAGEM,RUA VISCONDE DE JEQUITINHONHA,RUA BALTAZAR PASSOS,"APÓS O PARQUE DONA LINDU, FAIXA DA ESQUERDA",BOA VIAGEM,SUBURBIO,COLISÃO TRASEIRA,Não informado,0.0,2.0,0.0,0.0,0.0,0.0,0.0,0.0,0.0,3.0,0.0,Longo da via,Bom,Sem defeito,Perfeito estado,Seca,Perfeito estado,Faixa de pedestre,Não há placas,60.0,Única,Faixa seccionada,Não informado,2021,4,23,4,21.0
2021-04-24,09:14:00,COM VÍTIMA,FINALIZADA,SANTO AMARO,AV GOVERNADOR AGAMENON MAGALHAES,Não informado,SINISTRO SOB O SEMAFORO N° 379,SANTO AMARO,Não informado,COLISÃO TRASEIRA,Não informado,0.0,2.0,0.0,0.0,0.0,0.0,0.0,0.0,0.0,1.0,0.0,Longo da via,Bom,Sem defeito,Perfeito estado,Seca,Perfeito estado,Outros,Outras,60.0,Dupla,Canteiro central,Não informado,2021,4,24,5,9.0
2021-04-24,10:08:00,COM VÍTIMA,FINALIZADA,IBURA,AV DOM HELDER CAMARA,Não informado,100 METROS DO NUCLEO DA POLICIA DO IBURA,IBURA,CIDADE,COLISÃO TRASEIRA,Não informado,1.0,1.0,0.0,0.0,0.0,0.0,0.0,0.0,0.0,1.0,0.0,Longo da via,Bom,Não existe,Incompleta,Seca,Perfeito estado,Não existe,Não há placas,60.0,Dupla,Canteiro central,Não informado,2021,4,24,5,10.0
2021-04-24,14:49:00,COM VÍTIMA,FINALIZADA,IMBIRIBEIRA,RUA PAMPULHA,RUA ITAJAI,E/F A CASA BRANCA RECEPÇOES,IMBIRIBEIRA,Não informado,COLISÃO FRONTAL,Não informado,1.0,1.0,0.0,0.0,0.0,0.0,0.0,0.0,0.0,1.0,0.0,Cruzamento,Bom,Não existe,Perfeito estado,Seca,Perfeito estado,Não existe,"Placas ""Pare""",60.0,Única,Faixa seccionada,Não informado,2021,4,24,5,14.0
2021-04-24,15:26:00,SEM VÍTIMA,FINALIZADA,PAISSANDU,AV GOVERNADOR AGAMENON MAGALHAES,Não informado,EM FRENTE AO HOSPITAL PORTUGUES,PAISSANDU,BOA VIAGEM,COLISÃO TRASEIRA,Não informado,2.0,0.0,0.0,0.0,0.0,0.0,0.0,0.0,0.0,0.0,0.0,Não informado,Não informado,Não informado,Não informado,Não informado,Não informado,Não informado,Não informado,60.0,Não informado,Não informado,Não informado,2021,4,24,5,15.0
2021-04-24,16:15:00,COM VÍTIMA,FINALIZADA,CAMPO GRANDE,RUA JERONIMO VILELA,Não informado,E/F  AO CAMPO VITAL,CAMPO GRANDE,Não informado,COLISÃO LATERAL,Não informado,1.0,1.0,0.0,0.0,0.0,0.0,0.0,0.0,0.0,1.0,0.0,Não informado,Não informado,Não informado,Não informado,Não informado,Não informado,Não informado,Não informado,60.0,Não informado,Não informado,Não informado,2021,4,24,5,16.0
2021-04-24,21:49:40,COM VÍTIMA,FINALIZADA,VASCO DA GAMA,RUA VASCO DA GAMA,RUA RESPLENDOR,E/F A ESCOLA MUNICIPAL PROF ADERBAL GALVÃO,VASCO DA GAMA,CIDADE,COLISÃO FRONTAL,Não informado,1.0,1.0,0.0,0.0,0.0,0.0,0.0,0.0,0.0,1.0,0.0,Esquina,Bom,Não existe,Incompleta,Seca,Perfeito estado,Não existe,R-6a,30.0,Dupla,Não existe,Não informado,2021,4,24,5,21.0
2021-04-25,21:05:40,COM VÍTIMA,FINALIZADA,IPUTINGA,AV CAXANGA,RUA RODRIGUES FERREIRA,"PRÓX A UPA DA CAXANGÁ // PRÓX A ASSEMBLÉIA DE DEUS , SENTIDO CAMARAGIBE",IPUTINGA,Não informado,COLISÃO TRASEIRA,Não informado,1.0,1.0,0.0,0.0,0.0,0.0,0.0,0.0,0.0,1.0,0.0,Cruzamento,Bom,Sem defeito,Perfeito estado,Seca,Perfeito estado,Faixa de pedestre,Não há placas,60.0,Dupla,Faixa seccionada,Não informado,2021,4,25,6,21.0
2021-04-26,10:19:00,COM VÍTIMA,FINALIZADA,IMBIRIBEIRA,AV GENERAL MAC ARTHUR,RUA JORGE DE LIMA,PROX. DA ESTAÇÃO ANTONIO FALCÃO,IMBIRIBEIRA,Não informado,COLISÃO COM CICLISTA,Não informado,1.0,0.0,0.0,1.0,0.0,0.0,0.0,0.0,0.0,1.0,0.0,Cruzamento,Bom,Sem defeito,Perfeito estado,Seca,Perfeito estado,Faixa de pedestre,R-6a,60.0,Única,Faixa contínua,Não informado,2021,4,26,0,10.0
2021-04-26,11:34:00,COM VÍTIMA,FINALIZADA,IMBIRIBEIRA,AV MARECHAL MASCARENHAS DE MORAES,RUA PAMPULHA,E/F A CONCESSIONÁRIA RENAULT (SENT. AEROPORTO),IMBIRIBEIRA,SUBURBIO,COLISÃO LATERAL,Não informado,1.0,1.0,0.0,0.0,0.0,0.0,0.0,0.0,0.0,1.0,0.0,Cruzamento,Bom,Sem defeito,Perfeito estado,Seca,Perfeito estado,Faixa de pedestre,Não há placas,60.0,Dupla,Canteiro central,Não informado,2021,4,26,0,11.0
2021-04-26,12:31:00,COM VÍTIMA,FINALIZADA,CURADO,AV PREFEITO ANTONIO PEREIRA,RUA DR GEORGE WILLIAM BUTLER,APOS A COPARC  PROX AO TIP  S/T TIP,CURADO,Não informado,COLISÃO LATERAL,Não informado,1.0,1.0,0.0,0.0,0.0,1.0,0.0,0.0,0.0,2.0,0.0,Cruzamento,Bom,Sem defeito,Perfeito estado,Seca,Perfeito estado,Não existe,Não há placas,60.0,Dupla,Faixa contínua,Não informado,2021,4,26,0,12.0
2021-04-26,13:06:00,COM VÍTIMA,FINALIZADA,BOA VIAGEM,AV BOA VIAGEM,Não informado,SOB SEMAFORO 555,BOA VIAGEM,CIDADE,COLISÃO FRONTAL,Não informado,1.0,1.0,0.0,0.0,0.0,0.0,0.0,0.0,0.0,1.0,0.0,Esquina,Bom,Sem defeito,Perfeito estado,Seca,Perfeito estado,Faixa de pedestre,Outras,60.0,Única,Não existe,Não informado,2021,4,26,0,13.0
2021-04-26,17:59:00,COM VÍTIMA,FINALIZADA,ARRUDA,AV PROFESSOR JOSE DOS ANJOS,AV BEBERIBE,EM FRENTE AO BOMPREÇO DO ARRUDA / SEMÁFORO 131,ARRUDA,CIDADE,COLISÃO COM CICLISTA,Não informado,0.0,0.0,0.0,1.0,0.0,0.0,1.0,0.0,0.0,1.0,0.0,Cruzamento,Bom,Sem defeito,Perfeito estado,Seca,Perfeito estado,Outros,Outras,40.0,Única,Faixa seccionada,Não informado,2021,4,26,0,17.0
2021-04-26,20:22:00,SEM VÍTIMA,FINALIZADA,IMBIRIBEIRA,RUA GENERAL GOES MONTEIRO,RUA ENGENHEIRO JOSE BRANDAO CAVALCANTE,E/F À CONCESSIONÁRIA MEIRA LINS,IMBIRIBEIRA,Não informado,COLISÃO TRANSVERSAL,Não informado,0.0,0.0,0.0,0.0,0.0,0.0,1.0,1.0,0.0,0.0,0.0,Cruzamento,Bom,Não existe,Não informado,Seca,Outros,Não existe,"Placas ""Pare""",30.0,Dupla,Não existe,Não informado,2021,4,26,0,20.0
2021-04-27,07:57:00,COM VÍTIMA,FINALIZADA,MADALENA,RUA REAL DA TORRE,RUA JOSE OSORIO,CRUZAMENTO,MADALENA,SUBURBIO,COLISÃO TRASEIRA,Não informado,1.0,1.0,0.0,0.0,0.0,0.0,0.0,0.0,0.0,1.0,0.0,Cruzamento,Bom,Sem defeito,Perfeito estado,Seca,Perfeito estado,Agente,Não há placas,60.0,Única,Faixa seccionada,Não informado,2021,4,27,1,7.0
2021-04-27,08:27:00,COM VÍTIMA,FINALIZADA,IPSEP,AV RECIFE,RUA ADOLFO FARO,ANTIGO POSTO FEDERAL,IPSEP,CIDADE,COLISÃO TRASEIRA,Não informado,0.0,1.0,0.0,0.0,0.0,0.0,1.0,0.0,0.0,1.0,0.0,Cruzamento,Bom,Não existe,Perfeito estado,Seca,Perfeito estado,Não existe,Não há placas,60.0,Dupla,Faixa contínua,Não informado,2021,4,27,1,8.0
2021-04-27,08:55:00,COM VÍTIMA,FINALIZADA,MADALENA,RUA DEMOCRITO DE SOUZA FILHO,Não informado,EM FRENTE AO EMPRESARIAL GREEN TOWER,MADALENA,Não informado,COLISÃO COM CICLISTA,Não informado,1.0,0.0,0.0,1.0,0.0,0.0,0.0,0.0,0.0,1.0,0.0,Longo da via,Bom,Não existe,Perfeito estado,Seca,Perfeito estado,Não existe,R-6a,60.0,Única,Não existe,Não informado,2021,4,27,1,8.0
2021-04-27,10:41:00,SEM VÍTIMA,CANCELADA,BOA VIAGEM,RUA VISCONDE DE JEQUITINHONHA,Não informado,EM FRENTE AO EDF TOBAGO,BOA VIAGEM,Não informado,COLISÃO FRONTAL,Não informado,2.0,0.0,0.0,0.0,0.0,0.0,0.0,0.0,0.0,0.0,0.0,Não informado,Não informado,Não informado,Não informado,Não informado,Não informado,Não informado,Não informado,60.0,Não informado,Não informado,Não informado,2021,4,27,1,10.0
2021-04-27,10:53:00,SEM VÍTIMA,FINALIZADA,IMBIRIBEIRA,AV MARECHAL MASCARENHAS DE MORAES,Não informado,Não informado,IMBIRIBEIRA,Não informado,COLISÃO LATERAL,Não informado,0.0,0.0,0.0,0.0,0.0,0.0,0.0,0.0,0.0,0.0,0.0,Não informado,Não informado,Não informado,Não informado,Não informado,Não informado,Não informado,Não informado,60.0,Não informado,Não informado,Não informado,2021,4,27,1,10.0
2021-04-27,13:59:00,SEM VÍTIMA,FINALIZADA,MADALENA,AV CAXANGA,Não informado,SOB O TÚNEL DA ABOLIÇÃO,MADALENA,Não informado,COLISÃO LATERAL,Não informado,1.0,0.0,0.0,0.0,0.0,0.0,0.0,1.0,0.0,0.0,0.0,Longo da via,Bom,Sem defeito,Perfeito estado,Seca,Perfeito estado,Não informado,Não há placas,60.0,Dupla,Faixa contínua,Não informado,2021,4,27,1,13.0
2021-04-27,17:01:00,SEM VÍTIMA,FINALIZADA,CABANGA,RUA PADRE CARLOS DE BARROS BARRETO,Não informado,EM FRENTE A COMPESA DO CABANGA,CABANGA,Não informado,COLISÃO LATERAL,Não informado,2.0,0.0,0.0,0.0,0.0,0.0,0.0,0.0,0.0,0.0,0.0,Longo da via,Bom,Não existe,Não existente,Seca,Perfeito estado,Não existe,Não há placas,40.0,Dupla,Não existe,Não informado,2021,4,27,1,17.0
2021-04-27,19:54:00,COM VÍTIMA,FINALIZADA,MADALENA,EST DOS REMEDIOS,AV JOSE GONCALVES DE MEDEIROS,EM FRENTE A POLICLINICA LESSA DE ANDRADE,MADALENA,Não informado,COLISÃO LATERAL,Não informado,0.0,1.0,0.0,0.0,0.0,0.0,0.0,1.0,0.0,1.0,0.0,Cruzamento,Bom,Sem defeito,Perfeito estado,Seca,Perfeito estado,Faixa de pedestre,Não informado,60.0,Única,Não existe,Não informado,2021,4,27,1,19.0
2021-04-28,07:23:00,SEM VÍTIMA,FINALIZADA,IPUTINGA,AV CAXANGA,EST DO BARBALHO,Não informado,IPUTINGA,Não informado,SEMÁFORO,Não informado,0.0,0.0,0.0,0.0,0.0,0.0,0.0,0.0,0.0,0.0,0.0,Não informado,Não informado,Não informado,Não informado,Não informado,Não informado,Não informado,Não informado,60.0,Não informado,Não informado,Não informado,2021,4,28,2,7.0
2021-04-28,09:30:00,COM VÍTIMA,FINALIZADA,TAMARINEIRA,RUA PADRE ROMA,AV CONS ROSA E SILVA,COMEDORIA DA PIZZA,TAMARINEIRA,SUBURBIO,COLISÃO TRANSVERSAL,Não informado,1.0,1.0,0.0,0.0,0.0,0.0,0.0,0.0,0.0,1.0,0.0,Longo da via,Chuvoso,Sem defeito,Perfeito estado,Molhada,Perfeito estado,Faixa de pedestre,R-4b,60.0,Dupla,Faixa contínua,Não informado,2021,4,28,2,9.0
2021-04-28,14:11:00,SEM VÍTIMA,FINALIZADA,TORRÕES,AV ENGENHEIRO ABDIAS DE CARVALHO,RUA QUINZE DE MARCO,PRAÇA DA CHESF,TORRÕES,Não informado,SEMÁFORO,Não informado,0.0,0.0,0.0,0.0,0.0,0.0,0.0,0.0,0.0,0.0,0.0,Não informado,Não informado,Não informado,Não informado,Não informado,Não informado,Não informado,Não informado,60.0,Não informado,Não informado,Não informado,2021,4,28,2,14.0
2021-04-28,15:43:00,SEM VÍTIMA,FINALIZADA,IPUTINGA,AV CAXANGA,EST DO BARBALHO,ESTRADA DO BARBALHO,IPUTINGA,Não informado,SEMÁFORO,Não informado,0.0,0.0,0.0,0.0,0.0,0.0,0.0,0.0,0.0,0.0,0.0,Não informado,Não informado,Não informado,Não informado,Não informado,Não informado,Não informado,Não informado,60.0,Não informado,Não informado,Não informado,2021,4,28,2,15.0
2021-04-28,17:51:00,SEM VÍTIMA,FINALIZADA,BOA VIAGEM,RUA DES JOAO PAES,Não informado,Não informado,BOA VIAGEM,Não informado,CHOQUE,Não informado,1.0,0.0,0.0,0.0,0.0,0.0,0.0,0.0,0.0,0.0,0.0,Não informado,Não informado,Não informado,Não informado,Não informado,Não informado,Não informado,Não informado,60.0,Não informado,Não informado,Não informado,2021,4,28,2,17.0
2021-04-28,18:09:00,COM VÍTIMA,FINALIZADA,CASA FORTE,AV DEZESSETE DE AGOSTO,RUA PIAUI,SEMÁFORO 251 / PRÓX AO HOSP EMILIO DE MORAES,CASA FORTE,CIDADE,COLISÃO LATERAL,Não informado,1.0,1.0,0.0,0.0,0.0,0.0,0.0,0.0,0.0,1.0,0.0,Cruzamento,Bom,Sem defeito,Perfeito estado,Seca,Perfeito estado,Não existe,Não informado,60.0,Dupla,Faixa contínua,Não informado,2021,4,28,2,18.0
2021-04-28,18:38:00,SEM VÍTIMA,FINALIZADA,TORRÕES,AV ENGENHEIRO ABDIAS DE CARVALHO,RUA QUINZE DE MARCO,CRUZAMENTO C/A RUA QUINZE DE MARÇO - PRÓXIMO A PRAÇA DA CHESF,TORRÕES,Não informado,SEMÁFORO,Não informado,0.0,0.0,0.0,0.0,0.0,0.0,0.0,0.0,0.0,0.0,0.0,Não informado,Não informado,Não informado,Não informado,Não informado,Não informado,Não informado,Não informado,60.0,Não informado,Não informado,Não informado,2021,4,28,2,18.0
2021-04-28,19:00:00,COM VÍTIMA,FINALIZADA,CASA AMARELA,AV NORTE,Não informado,ESCOLA SOZEMAR DE MACEDIE LIMA,CASA AMARELA,CIDADE,COLISÃO FRONTAL,Não informado,1.0,1.0,0.0,0.0,0.0,0.0,0.0,0.0,0.0,1.0,0.0,Longo da via,Bom,Não existe,Ilegível,Seca,Mal conservada,Não existe,Não informado,60.0,Única,Não existe,Não informado,2021,4,28,2,19.0