data,hora,natureza_acidente,situacao,bairro,endereco,detalhe_endereco_acidente,complemento,bairro_cruzamento,sentido_via,tipo,descricao,auto,moto,ciclom,ciclista,pedestre,onibus,caminhao,viatura,outros,vitimas,vitimasfatais,acidente_verificado,tempo_clima,situacao_semaforo,sinalizacao,condicao_via,conservacao_via,ponto_controle,situacao_placa,velocidade_max_via,mao_direcao,divisao_via1,natureza,ano,mes,dia,dia_semana,hora_ocorrencia
2021-04-29,12:55:00,SEM VÍTIMA,FINALIZADA,SANTO AMARO,AV CRUZ CABUGA,Não informado,Não informado,SANTO AMARO,Não informado,COLISÃO TRASEIRA,Não informado,1.0,1.0,0.0,0.0,0.0,0.0,0.0,0.0,0.0,0.0,0.0,Longo da via,Bom,Sem defeito,Perfeito estado,Seca,Perfeito estado,Faixa de pedestre,Não há placas,60.0,Dupla,Faixa contínua,Não informado,2021,4,29,3,12.0
2021-04-29,13:49:00,SEM VÍTIMA,FINALIZADA,IMBIRIBEIRA,RUA SARGENTO SILVINO DE MACEDO,Não informado,POR TRAS DA ESTAÇAO DO METRO SHOPING,IMBIRIBEIRA,Não informado,COLISÃO FRONTAL,Não informado,0.0,0.0,0.0,0.0,0.0,0.0,0.0,0.0,0.0,0.0,0.0,Cruzamento,Bom,Não existe,Perfeito estado,Seca,Perfeito estado,Não existe,Não há placas,60.0,Dupla,Não existe,Não informado,2021,4,29,3,13.0
2021-04-29,14:29:00,SEM VÍTIMA,FINALIZADA,ENCRUZILHADA,RUA FERNANDO CESAR,Não informado,Não informado,ENCRUZILHADA,CIDADE,CAPOTAMENTO,Não informado,1.0,0.0,0.0,0.0,0.0,0.0,0.0,0.0,0.0,0.0,0.0,Longo da via,Bom,Sem defeito,Perfeito estado,Seca,Perfeito estado,Faixa de pedestre,Outras,60.0,Única,Faixa seccionada,Não informado,2021,4,29,3,14.0
2021-04-29,19:29:00,COM VÍTIMA,FINALIZADA,BOA VIAGEM,AV ENGENHEIRO DOMINGOS FERREIRA,Não informado,"PROXIMO DO BANCO DO NORDESTE, FAIXA DA ESQUERDA",BOA VIAGEM,SUBURBIO,COLISÃO TRASEIRA,Não informado,3.0,1.0,0.0,0.0,0.0,0.0,0.0,0.0,0.0,1.0,0.0,Longo da via,Bom,Não existe,Perfeito estado,Seca,Perfeito estado,Não existe,Não há placas,60.0,Dupla,Canteiro central,Não informado,2021,4,29,3,19.0
2021-04-29,21:27:40,COM VÍTIMA,FINALIZADA,SÃO JOSÉ,RUA IMPERIAL,RUA BOM SUCESSO,EM FRENTE AO NUMERO 222,SÃO JOSÉ,SUBURBIO,COLISÃO LATERAL,Não informado,2.0,0.0,0.0,0.0,0.0,0.0,0.0,0.0,0.0,2.0,0.0,Cruzamento,Bom,Não existe,Perfeito estado,Seca,Perfeito estado,Não existe,Não há placas,60.0,Única,Faixa seccionada,Não informado,2021,4,29,3,21.0
2021-04-30,08:08:00,COM VÍTIMA,FINALIZADA,CASA AMARELA,RUA CONS NABUCO,Não informado,PROXIMO A ESCOLA BRINQUEDOS E BRINCADEIRAS,CASA AMARELA,Não informado,COLISÃO FRONTAL,Não informado,1.0,1.0,0.0,0.0,0.0,0.0,0.0,0.0,0.0,1.0,0.0,Longo da via,Chuvoso,Não existe,Perfeito estado,Molhada,Perfeito estado,Não existe,R-6a,60.0,Dupla,Não existe,Não informado,2021,4,30,4,8.0
2021-04-30,08:17:00,SEM VÍTIMA,FINALIZADA,BOA VISTA,RUA DOM BOSCO,Não informado,EM FRENTE AO BATALHÃO DA RP,BOA VISTA,Não informado,COLISÃO LATERAL,Não informado,1.0,0.0,0.0,0.0,0.0,0.0,0.0,1.0,0.0,0.0,0.0,Longo da via,Chuvoso,Não existe,Perfeito estado,Molhada,Perfeito estado,Não existe,Não há placas,60.0,Única,Faixa contínua,Não informado,2021,4,30,4,8.0
2021-04-30,09:56:00,SEM VÍTIMA,FINALIZADA,SANTO AMARO,AV GOVERNADOR AGAMENON MAGALHAES,Não informado,EM FRENTE A ANTIGA UNICORDIS,SANTO AMARO,BOA VIAGEM,COLISÃO TRASEIRA,Não informado,1.0,0.0,0.0,0.0,0.0,0.0,0.0,1.0,0.0,0.0,0.0,Longo da via,Bom,Sem defeito,Perfeito estado,Seca,Perfeito estado,Faixa de pedestre,Não há placas,60.0,Dupla,Canal,Não informado,2021,4,30,4,9.0
2021-04-30,11:59:00,COM VÍTIMA,FINALIZADA,CORDEIRO,RUA GOMES TABORDA,Não informado,EM FRENTE A HENRIQUE CELL,CORDEIRO,CIDADE,ATROPELAMENTO DE PESSOA,Não informado,0.0,1.0,0.0,0.0,1.0,0.0,0.0,0.0,0.0,1.0,0.0,Longo da via,Chuvoso,Não existe,Perfeito estado,Molhada,Perfeito estado,Não existe,Não há placas,30.0,Dupla,Faixa seccionada,Não informado,2021,4,30,4,11.0
2021-04-30,12:23:00,SEM VÍTIMA,FINALIZADA,IPUTINGA,EST DO BARBALHO,AV CAXANGA,Não informado,IPUTINGA,Não informado,SEMÁFORO,Não informado,0.0,0.0,0.0,0.0,0.0,0.0,0.0,0.0,0.0,0.0,0.0,Não informado,Não informado,Não informado,Não informado,Não informado,Não informado,Não informado,Não informado,60.0,Não informado,Não informado,Não informado,2021,4,30,4,12.0
2021-04-30,16:10:00,COM VÍTIMA,FINALIZADA,SÍTIO DOS PINTOS,RUA MANUEL DE MEDEIROS,Não informado,EM FRENTE UFRPE CCEAGRI,SÍTIO DOS PINTOS,SUBURBIO,COLISÃO LATERAL,Não informado,1.0,1.0,0.0,0.0,0.0,0.0,0.0,0.0,0.0,1.0,0.0,Longo da via,Chuvoso,Não existe,Perfeito estado,Seca,Mal conservada,Não existe,R-19,30.0,Dupla,Não existe,Não informado,2021,4,30,4,16.0
2021-04-30,16:12:00,SEM VÍTIMA,FINALIZADA,CAXANGÁ,AV CAXANGA,AV GENERAL SAN MARTIN,Não informado,CAXANGÁ,Não informado,SEMÁFORO,Não informado,0.0,0.0,0.0,0.0,0.0,0.0,0.0,0.0,0.0,0.0,0.0,Não informado,Não informado,Não informado,Não informado,Não informado,Não informado,Não informado,Não informado,60.0,Não informado,Não informado,Não informado,2021,4,30,4,16.0
2021-04-30,18:19:00,COM VÍTIMA,FINALIZADA,CASA AMARELA,AV NORTE,Não informado,"E/F AO NUCLEO DE CASA AMARELA, SNT CID",CASA AMARELA,CIDADE,QUEDA,Não informado,1.0,1.0,0.0,0.0,0.0,0.0,0.0,0.0,0.0,1.0,0.0,Longo da via,Bom,Não existe,Perfeito estado,Seca,Mal iluminada,Outros,Outras,60.0,Dupla,Canteiro central,Não informado,2021,4,30,4,18.0
2021-04-30,19:29:00,COM VÍTIMA,FINALIZADA,CABANGA,PRC GOVERNADOR PAULO GUERRA,PTE GOVERNADOR PAULO GUERRA,LARGO DO CABANGA - SENTIDO BOA VIAGEM - APÓS A LOMBADA ELETRÔNICA - NA CABECEIRA DA PONTE ESTAIADA,CABANGA,SUBURBIO,ATROPELAMENTO DE PESSOA,Não informado,0.0,1.0,0.0,0.0,1.0,0.0,0.0,0.0,0.0,1.0,0.0,Longo da via,Bom,Sem defeito,Perfeito estado,Seca,Perfeito estado,Não existe,Não informado,60.0,Não informado,Faixa contínua,Não informado,2021,4,30,4,19.0
2021-05-01,13:01:00,COM VÍTIMA,FINALIZADA,TOTÓ,AV LIBERDADE,Não informado,EM FRENTE AO CEMITERIO PARQUE DA FLORES,TOTÓ,SUBURBIO,COLISÃO COM CICLISTA,Não informado,1.0,0.0,0.0,1.0,0.0,0.0,0.0,0.0,0.0,1.0,0.0,Longo da via,Bom,Sem defeito,Perfeito estado,Seca,Perfeito estado,Não existe,Não há placas,60.0,Dupla,Faixa contínua,Não informado,2021,5,1,5,13.0
2021-05-01,13:16:00,COM VÍTIMA,FINALIZADA,ENCRUZILHADA,AV NORTE,AV SANTOS DUMONT,PAMELA  ROSARINHO,ENCRUZILHADA,CIDADE,COLISÃO LATERAL,Não informado,1.0,0.0,0.0,0.0,0.0,0.0,0.0,0.0,0.0,1.0,0.0,Cruzamento,Nublado,Sem defeito,Perfeito estado,Seca,Perfeito estado,Faixa de pedestre,Outras,60.0,Única,Canteiro central,Não informado,2021,5,1,5,13.0
2021-05-01,14:45:00,COM VÍTIMA,FINALIZADA,BOA VIAGEM,AV ENGENHEIRO DOMINGOS FERREIRA,RUA PROFESSOR JOSE BRANDAO,FARMÁCIA INDEPENDENTE,BOA VIAGEM,Não informado,COLISÃO LATERAL,Não informado,1.0,1.0,0.0,0.0,0.0,0.0,0.0,0.0,0.0,1.0,0.0,Longo da via,Bom,Sem defeito,Perfeito estado,Seca,Perfeito estado,Faixa de pedestre,Não há placas,60.0,Única,Faixa seccionada,Não informado,2021,5,1,5,14.0
2021-05-01,14:59:00,COM VÍTIMA,FINALIZADA,APIPUCOS,RUA DE APIPUCOS,Não informado,PROX AO BPM DO GATI / NO SEMAFORO 248,APIPUCOS,CIDADE,ATROPELAMENTO DE PESSOA,Não informado,1.0,0.0,0.0,0.0,1.0,0.0,0.0,0.0,0.0,1.0,0.0,Longo da via,Bom,Sem defeito,Perfeito estado,Seca,Perfeito estado,Faixa de pedestre,Outras,60.0,Dupla,Faixa contínua,Não informado,2021,5,1,5,14.0
2021-05-02,00:27:00,COM VÍTIMA,CANCELADA,IPSEP,RUA ARACATUBA,Não informado,"PRAÇA DA MAURICEIA , PRÓXIMO AO COLÉGIO ESTADUAL ELEANOR ROOSEVELT",IPSEP,Não informado,COLISÃO TRASEIRA,Não informado,1.0,1.0,0.0,0.0,0.0,0.0,0.0,0.0,0.0,1.0,0.0,Não informado,Não informado,Não informado,Não informado,Não informado,Não informado,Não informado,Não informado,60.0,Não informado,Não informado,Não informado,2021,5,2,6,0.0
2021-05-02,12:58:00,COM VÍTIMA,FINALIZADA,IMBIRIBEIRA,AV MARECHAL MASCARENHAS DE MORAES,Não informado,E/F A GRILLO HOME DECOR S/T CID,IMBIRIBEIRA,Não informado,COLISÃO TRASEIRA,Não informado,1.0,1.0,0.0,0.0,0.0,0.0,0.0,0.0,0.0,1.0,0.0,Longo da via,Chuvoso,Sem defeito,Perfeito estado,Molhada,Perfeito estado,Não existe,Outras,60.0,Dupla,Faixa contínua,Não informado,2021,5,2,6,12.0
2021-05-02,17:51:00,COM VÍTIMA,FINALIZADA,BONGI,RUA APARECIDA DE MINAS,Não informado,POR TRÁS DA CELPE,BONGI,SUBURBIO,CHOQUE,Não informado,1.0,1.0,0.0,0.0,0.0,0.0,0.0,0.0,0.0,1.0,0.0,Longo da via,Bom,Não existe,Não existente,Seca,Perfeito estado,Não existe,Não há placas,60.0,Dupla,Não existe,Não informado,2021,5,2,6,17.0
2021-05-02,18:05:00,COM VÍTIMA,FINALIZADA,MADALENA,RUA LOPES DE CARVALHO,AV VISCONDE DE ALBUQUERQUE,PRÓX AO BAR AMADALENA E ASTRAL MULTI MARCAS,MADALENA,CIDADE,COLISÃO LATERAL,Não informado,1.0,1.0,0.0,0.0,0.0,0.0,0.0,0.0,0.0,1.0,0.0,Longo da via,Bom,Não existe,Não existente,Seca,Perfeito estado,Não existe,Não há placas,60.0,Única,Faixa seccionada,Não informado,2021,5,2,6,18.0
2021-05-02,18:23:00,COM VÍTIMA,FINALIZADA,IPSEP,RUA PINTOR ANTONIO ALBUQUERQUE,Não informado,EM FRENTE AO SMOPE,IPSEP,SUBURBIO,COLISÃO COM CICLISTA,Não informado,1.0,0.0,0.0,1.0,0.0,0.0,0.0,0.0,0.0,1.0,0.0,Longo da via,Bom,Não existe,Perfeito estado,Seca,Perfeito estado,Não existe,Não há placas,30.0,Única,Faixa contínua,Não informado,2021,5,2,6,18.0
2021-05-02,19:25:00,COM VÍTIMA,FINALIZADA,CORDEIRO,EST DO FORTE DO ARRAIAL N. DO B. JESUS,Não informado,AO LADO DO CONJUNTO ARRAIAL E E/F AO ANTIGO CAMPO DO 15 / PRÓX AO POSTO SHELL,CORDEIRO,SUBURBIO,COLISÃO LATERAL,Não informado,1.0,1.0,0.0,0.0,0.0,0.0,0.0,0.0,0.0,1.0,0.0,Longo da via,Bom,Não existe,Perfeito estado,Seca,Perfeito estado,Não existe,Não há placas,60.0,Dupla,Faixa contínua,Não informado,2021,5,2,6,19.0
2021-05-03,08:07:00,COM VÍTIMA,FINALIZADA,CORDEIRO,RUA GOMES TABORDA,AV GENERAL SAN MARTIN,EM  FRENTE AO SUPERMERCADO IDEAL,CORDEIRO,CIDADE,COLISÃO FRONTAL,Não informado,1.0,1.0,0.0,0.0,0.0,0.0,0.0,0.0,0.0,1.0,0.0,Longo da via,Bom,Sem defeito,Perfeito estado,Seca,Perfeito estado,Faixa de pedestre,"Placas ""Pare""",60.0,Dupla,Faixa seccionada,Não informado,2021,5,3,0,8.0
2021-05-03,08:20:00,COM VÍTIMA,FINALIZADA,GRAÇAS,RUA AMELIA,AV RUI BARBOSA,PROXIMO AO  POSTO BR,GRAÇAS,CIDADE,CAPOTAMENTO,Não informado,1.0,0.0,0.0,0.0,0.0,0.0,0.0,0.0,0.0,1.0,0.0,Longo da via,Bom,Sem defeito,Perfeito estado,Seca,Perfeito estado,Não informado,Outras,60.0,Única,Faixa seccionada,Não informado,2021,5,3,0,8.0
2021-05-03,08:38:00,COM VÍTIMA,FINALIZADA,IMBIRIBEIRA,RUA ARQUITETO LUIZ NUNES,RUA MIS JOEL CARLSON,"NA ESQUINA DO ATACAREJO ,NOVO TEMPO",IMBIRIBEIRA,CIDADE,ATROPELAMENTO DE PESSOA,Não informado,1.0,0.0,0.0,0.0,1.0,0.0,0.0,0.0,0.0,1.0,0.0,Cruzamento,Chuvoso,Sem defeito,Perfeito estado,Molhada,Perfeito estado,Faixa de pedestre,Não há placas,70.0,Dupla,Faixa contínua,Não informado,2021,5,3,0,8.0
2021-05-03,14:59:00,COM VÍTIMA,FINALIZADA,TORRÕES,AV INACIO MONTEIRO,RUA DR MIGUEL VIEIRA FERREIRA,PROX A FARMACIA DROGARIA CORDEIRO,TORRÕES,Não informado,COLISÃO LATERAL,Não informado,1.0,1.0,0.0,0.0,0.0,0.0,0.0,0.0,0.0,1.0,0.0,Cruzamento,Bom,Com defeito,Perfeito estado,Seca,Perfeito estado,Faixa de pedestre,Não há placas,30.0,Dupla,Não informado,Não informado,2021,5,3,0,14.0
2021-05-03,15:49:00,COM VÍTIMA,FINALIZADA,SÃO JOSÉ,AV DANTAS BARRETO,RUA DO PEIXOTO,SOB O SEMÁFORO DE N. 181,SÃO JOSÉ,SUBURBIO,COLISÃO LATERAL,Não informado,0.0,1.0,0.0,0.0,0.0,1.0,0.0,0.0,0.0,1.0,0.0,Cruzamento,Bom,Sem defeito,Perfeito estado,Seca,Perfeito estado,Faixa de pedestre,Não há placas,60.0,Dupla,Faixa contínua,Não informado,2021,5,3,0,15.0
2021-05-03,16:51:00,COM VÍTIMA,FINALIZADA,DOIS IRMÃOS,RUA DOIS IRMAOS,Não informado,PROX AO LAFEPE,DOIS IRMÃOS,SUBURBIO,COLISÃO LATERAL,Não informado,1.0,1.0,0.0,0.0,0.0,0.0,0.0,0.0,0.0,1.0,0.0,Longo da via,Bom,Sem defeito,Perfeito estado,Seca,Perfeito estado,Faixa de pedestre,Outras,60.0,Dupla,Faixa contínua,Não informado,2021,5,3,0,16.0
2021-05-03,18:05:00,SEM VÍTIMA,FINALIZADA,BOA VISTA,AV GOVERNADOR AGAMENON MAGALHAES,Não informado,PROX. AO AMERICANO BATISTA,BOA VISTA,Não informado,COLISÃO TRASEIRA,Não informado,3.0,0.0,0.0,0.0,0.0,0.0,0.0,0.0,0.0,0.0,0.0,Não informado,Não informado,Não informado,Não informado,Não informado,Não informado,Não informado,Não informado,60.0,Não informado,Não informado,Não informado,2021,5,3,0,18.0
2021-05-03,18:18:00,COM VÍTIMA,FINALIZADA,SÃO JOSÉ,C SANTA RITA,Não informado,EM FRENTE A GERMAN E AS TORRES GEMEAS,SÃO JOSÉ,CIDADE,Não informado,Não informado,0.0,1.0,0.0,0.0,0.0,0.0,0.0,0.0,0.0,2.0,0.0,Longo da via,Bom,Não existe,Perfeito estado,Seca,Perfeito estado,Não existe,Não há placas,60.0,Dupla,Canteiro central,Não informado,2021,5,3,0,18.0
2021-05-03,18:37:00,COM VÍTIMA,FINALIZADA,IMBIRIBEIRA,RUA ANTONIO FALCAO,RUA JACY,EM FRENTE AO POSTO YPIRANGA / APÓS O PADEIRÃO,IMBIRIBEIRA,SUBURBIO,COLISÃO LATERAL,Não informado,1.0,1.0,0.0,0.0,0.0,0.0,0.0,0.0,0.0,2.0,0.0,Longo da via,Bom,Sem defeito,Perfeito estado,Seca,Perfeito estado,Faixa de pedestre,"Placas ""Pare""",60.0,Única,Faixa seccionada,Não informado,2021,5,3,0,18.0
2021-05-03,21:50:40,COM VÍTIMA,FINALIZADA,AFOGADOS,RUA SAO MIGUEL,Não informado,EM FRENTE  AO BODE DO NÔ,AFOGADOS,CIDADE,COLISÃO FRONTAL,Não informado,1.0,1.0,0.0,0.0,0.0,0.0,0.0,0.0,0.0,1.0,0.0,Longo da via,Chuvoso,Não existe,Perfeito estado,Molhada,Perfeito estado,Não existe,Não há placas,60.0,Dupla,Faixa seccionada,Não informado,2021,5,3,0,21.0
2021-05-04,08:22:00,COM VÍTIMA,FINALIZADA,SANTO AMARO,AV NORTE,Não informado,E/F A IGREJA SÃO SEBASTIÃO,SANTO AMARO,SUBURBIO,COLISÃO LATERAL,Não informado,0.0,0.0,0.0,0.0,0.0,0.0,0.0,0.0,0.0,1.0,0.0,Longo da via,Chuvoso,Sem defeito,Perfeito estado,Molhada,Perfeito estado,Não existe,Outras,60.0,Dupla,Canteiro central,Não informado,2021,5,4,1,8.0
2021-05-04,08:39:00,COM VÍTIMA,FINALIZADA,BOA VIAGEM,RUA COPACABANA,RUA COPACABANA,PROX. AO TERMINAL DE SETUBAL E AO LADO DO COLEGIO FERNANDO MOTTA,BOA VIAGEM,CIDADE,COLISÃO TRASEIRA,Não informado,2.0,0.0,0.0,0.0,0.0,0.0,0.0,0.0,0.0,1.0,0.0,Cruzamento,Chuvoso,Não existe,Incompleta,Molhada,Perfeito estado,Não existe,Outras,60.0,Dupla,Faixa contínua,Não informado,2021,5,4,1,8.0
2021-05-04,12:28:00,COM VÍTIMA,FINALIZADA,CABANGA,AV SUL,AV SUL,EM FRENTE A INDUSTRIA PORTELA,CABANGA,SUBURBIO,COLISÃO FRONTAL,Não informado,0.0,1.0,0.0,0.0,0.0,1.0,0.0,0.0,0.0,1.0,0.0,Cruzamento,Chuvoso,Sem defeito,Perfeito estado,Molhada,Perfeito estado,Não existe,Não há placas,60.0,Dupla,Blocos,Não informado,2021,5,4,1,12.0
2021-05-04,13:35:00,COM VÍTIMA,FINALIZADA,CORDEIRO,RUA GOMES TABORDA,RUA DES ADOLFO CIRIACO,EM FRENTE A SINDI COMBUSTIVEIS E PROXIMO AO ANTIGO CLUBE PERFUMADO,CORDEIRO,CIDADE,COLISÃO LATERAL,Não informado,1.0,1.0,0.0,0.0,0.0,0.0,0.0,0.0,0.0,1.0,0.0,Longo da via,Bom,Não existe,Não existente,Seca,Perfeito estado,Não existe,Não há placas,60.0,Dupla,Faixa seccionada,Não informado,2021,5,4,1,13.0
2021-05-04,14:34:00,SEM VÍTIMA,CANCELADA,CASA AMARELA,RUA CONS NABUCO,Não informado,EM FRENTE AO STUDIO TAISA,CASA AMARELA,Não informado,COLISÃO LATERAL,Não informado,2.0,0.0,0.0,0.0,0.0,0.0,0.0,0.0,0.0,0.0,0.0,Não informado,Não informado,Não informado,Não informado,Não informado,Não informado,Não informado,Não informado,60.0,Não informado,Não informado,Não informado,2021,5,4,1,14.0
2021-05-04,17:11:00,COM VÍTIMA,FINALIZADA,CASA FORTE,EST DO ENCANAMENTO,RUA DO MARQUES,Não informado,CASA FORTE,SUBURBIO,COLISÃO TRANSVERSAL,Não informado,1.0,1.0,0.0,0.0,0.0,0.0,0.0,0.0,0.0,1.0,0.0,Longo da via,Nublado,Não existe,Perfeito estado,Seca,Perfeito estado,Faixa de pedestre,Outras,30.0,Dupla,Faixa seccionada,Não informado,2021,5,4,1,17.0
2021-05-04,20:59:40,SEM VÍTIMA,CANCELADA,CAXANGÁ,AV CAXANGA,Não informado,"E;F A ACADEMIA REF / PRÓX AO HOSPITAL SANTA TEREZINHA E POSTO SHELL,. SNT CAMARAGIBE",CAXANGÁ,Não informado,COLISÃO TRASEIRA,Não informado,2.0,0.0,0.0,0.0,0.0,0.0,0.0,0.0,0.0,0.0,0.0,Não informado,Não informado,Não informado,Não informado,Não informado,Não informado,Não informado,Não informado,60.0,Não informado,Não informado,Não informado,2021,5,4,1,20.0
2021-05-05,08:27:00,COM VÍTIMA,FINALIZADA,SANTO AMARO,AV CRUZ CABUGA,Não informado,EM FRENTE AO COLEGIO  SIGISNANDO FERREIRA,SANTO AMARO,CIDADE,COLISÃO TRASEIRA,Não informado,1.0,1.0,0.0,0.0,0.0,0.0,0.0,0.0,0.0,2.0,0.0,Longo da via,Bom,Não existe,Perfeito estado,Seca,Perfeito estado,Não existe,Não há placas,60.0,Dupla,Faixa contínua,Não informado,2021,5,5,2,8.0
2021-05-05,11:58:00,COM VÍTIMA,FINALIZADA,CIDADE UNIVERSITÁRIA,RUA PROFESSOR ANTONIO COELHO,RUA MARECHAL MANOEL LUIS OSORIO,EM FRENTE AO COLEGIO PONTUAL,CIDADE UNIVERSITÁRIA,Não informado,COLISÃO LATERAL,Não informado,1.0,1.0,0.0,0.0,0.0,0.0,0.0,0.0,0.0,1.0,0.0,Não informado,Não informado,Não informado,Não informado,Não informado,Não informado,Não informado,Não informado,60.0,Não informado,Não informado,Não informado,2021,5,5,2,11.0
2021-05-05,13:46:00,COM VÍTIMA,FINALIZADA,CABANGA,RUA COMANDANTE ANTONIO MANHAES DE MATTOS,Não informado,AO LADO DA COMPESA,CABANGA,CIDADE,COLISÃO FRONTAL,Não informado,1.0,1.0,0.0,0.0,0.0,0.0,0.0,0.0,0.0,1.0,0.0,Cruzamento,Bom,Não existe,Não informado,Seca,Perfeito estado,Não existe,Não há placas,60.0,Dupla,Não existe,Não informado,2021,5,5,2,13.0
2021-05-05,14:48:00,COM VÍTIMA,FINALIZADA,SANTO AMARO,AV GOVERNADOR AGAMENON MAGALHAES,Não informado,PRÓX SHOPPING TACARUNA /  PRÓX AO VDO ENG ROBERTO PEREIRA DE CARVALHO,SANTO AMARO,OLINDA,COLISÃO TRASEIRA,Não informado,1.0,1.0,0.0,0.0,0.0,1.0,0.0,0.0,0.0,1.0,0.0,Não informado,Não informado,Não informado,Não informado,Não informado,Não informado,Não informado,Não informado,60.0,Não informado,Não informado,Não informado,2021,5,5,2,14.0
2021-05-06,05:15:00,COM VÍTIMA,FINALIZADA,CAXANGÁ,AV CAXANGA,Não informado,EM FRENTE AO BOI E BRASA,CAXANGÁ,SUBURBIO,COLISÃO FRONTAL,Não informado,1.0,2.0,0.0,0.0,0.0,0.0,0.0,0.0,0.0,3.0,0.0,Longo da via,Bom,Sem defeito,Perfeito estado,Seca,Perfeito estado,Não existe,Não há placas,60.0,Dupla,Canteiro central,Não informado,2021,5,6,3,5.0
2021-05-06,09:19:00,COM VÍTIMA,FINALIZADA,ENCRUZILHADA,RUA CASTRO ALVES,RUA JOSE DE SA CARNEIRO,EN FRENTE A CAIXA DA ENCRUZILHADA,ENCRUZILHADA,SUBURBIO,ATROPELAMENTO DE PESSOA,Não informado,1.0,0.0,0.0,0.0,1.0,0.0,0.0,0.0,0.0,1.0,0.0,Esquina,Bom,Sem defeito,Perfeito estado,Seca,Perfeito estado,Outros,Não há placas,30.0,Única,Faixa seccionada,Não informado,2021,5,6,3,9.0
2021-05-06,12:48:00,COM VÍTIMA,CANCELADA,CORDEIRO,AV MAURICIO DE NASSAU,Não informado,E/F A PADARIA  ATLANTICA  S/T  SUB,CORDEIRO,Não informado,COLISÃO FRONTAL,Não informado,2.0,1.0,0.0,0.0,0.0,0.0,0.0,0.0,0.0,1.0,0.0,Não informado,Não informado,Não informado,Não informado,Não informado,Não informado,Não informado,Não informado,60.0,Não informado,Não informado,Não informado,2021,5,6,3,12.0
2021-05-06,14:46:00,COM VÍTIMA,FINALIZADA,SANTO AMARO,AV CRUZ CABUGA,RUA LEAO TREZE,E/F AO HOSPITAL DA MARINHA S/T CID,SANTO AMARO,CIDADE,COLISÃO LATERAL,Não informado,1.0,1.0,0.0,0.0,0.0,0.0,0.0,0.0,0.0,1.0,0.0,Longo da via,Bom,Não existe,Perfeito estado,Seca,Perfeito estado,Não existe,R-6a,60.0,Dupla,Faixa seccionada,Não informado,2021,5,6,3,14.0
2021-05-06,18:52:00,COM VÍTIMA,FINALIZADA,CASA AMARELA,RUA CASA AMARELA,RUA SANTA IZABEL,E/F A PRACA JOTA LEAL ( E/F AO COLEGIO DOM VITA),CASA AMARELA,SUBURBIO,COLISÃO COM CICLISTA,Não informado,1.0,0.0,0.0,1.0,0.0,0.0,0.0,0.0,0.0,1.0,0.0,Cruzamento,Bom,Não existe,Perfeito estado,Seca,Perfeito estado,Não existe,R-6a,30.0,Dupla,Não existe,Não informado,2021,5,6,3,18.0
2021-05-06,20:12:00,COM VÍTIMA,FINALIZADA,BOA VIAGEM,RUA VISCONDE DE JEQUITINHONHA,RUA DR VICENTE GOMES,E/F A LOCALIZA,BOA VIAGEM,SUBURBIO,COLISÃO COM CICLISTA,Não informado,1.0,0.0,0.0,1.0,0.0,0.0,0.0,0.0,0.0,1.0,0.0,Cruzamento,Bom,Sem defeito,Perfeito estado,Seca,Perfeito estado,Faixa de pedestre,Não há placas,60.0,Única,Não informado,Não informado,2021,5,6,3,20.0
2021-05-06,20:33:00,COM VÍTIMA,FINALIZADA,IMBIRIBEIRA,AV MARECHAL MASCARENHAS DE MORAES,RUA JORNALISTA CLEOFHAS DE OLIVEIRA,E/F AO GERALDÃO / SEMÁFORO 290,IMBIRIBEIRA,SUBURBIO,COLISÃO LATERAL,Não informado,1.0,1.0,0.0,0.0,0.0,0.0,0.0,0.0,0.0,1.0,0.0,Longo da via,Bom,Sem defeito,Perfeito estado,Seca,Perfeito estado,Faixa de pedestre,Não há placas,60.0,Única,Faixa contínua,Não informado,2021,5,6,3,20.0
2021-05-06,20:39:40,SEM VÍTIMA,FINALIZADA,BOA VIAGEM,RUA PROFESSOR JOSE BRANDAO,RUA DR PEDRO DE MELLO CAHU,POR TRÁS DO COLÉGIO BV,BOA VIAGEM,Não informado,COLISÃO LATERAL,Não informado,2.0,0.0,0.0,0.0,0.0,0.0,0.0,0.0,0.0,0.0,0.0,Não informado,Não informado,Não informado,Não informado,Não informado,Não informado,Não informado,Não informado,60.0,Não informado,Não informado,Não informado,2021,5,6,3,20.0
2021-05-07,09:12:00,COM VÍTIMA,FINALIZADA,SANTO AMARO,AV GOVERNADOR AGAMENON MAGALHAES,Não informado,EM FRENTE A UPE,SANTO AMARO,Não informado,COLISÃO TRASEIRA,Não informado,1.0,1.0,0.0,0.0,0.0,0.0,0.0,0.0,0.0,1.0,0.0,Não informado,Não informado,Não informado,Não informado,Não informado,Não informado,Não informado,Não informado,60.0,Não informado,Não informado,Não informado,2021,5,7,4,9.0