data,hora,natureza_acidente,situacao,bairro,endereco,detalhe_endereco_acidente,complemento,bairro_cruzamento,sentido_via,tipo,descricao,auto,moto,ciclom,ciclista,pedestre,onibus,caminhao,viatura,outros,vitimas,vitimasfatais,acidente_verificado,tempo_clima,situacao_semaforo,sinalizacao,condicao_via,conservacao_via,ponto_controle,situacao_placa,velocidade_max_via,mao_direcao,divisao_via1,natureza,ano,mes,dia,dia_semana,hora_ocorrencia
2021-05-07,11:05:00,COM VÍTIMA,FINALIZADA,IBURA,AV RECIFE,Não informado,LADO OPOSTO AO N. 2670 SENTIDO BR101 - BOA VIAGEM,IBURA,Não informado,COLISÃO TRANSVERSAL,Não informado,1.0,1.0,0.0,0.0,0.0,0.0,0.0,0.0,0.0,1.0,0.0,Longo da via,Bom,Sem defeito,Perfeito estado,Seca,Perfeito estado,Agente,Não informado,60.0,Dupla,Faixa seccionada,Não informado,2021,5,7,4,11.0
2021-05-07,14:04:00,COM VÍTIMA,FINALIZADA,IMBIRIBEIRA,AV MARECHAL MASCARENHAS DE MORAES,PRC MINISTRO SALGADO FILHO,EM FRENTE AO AEROPORTO / EM BAIXO DA PASSARELA,IMBIRIBEIRA,Não informado,COLISÃO TRASEIRA,Não informado,1.0,1.0,0.0,0.0,0.0,0.0,0.0,0.0,0.0,1.0,0.0,Não informado,Não informado,Não informado,Não informado,Não informado,Não informado,Não informado,Não informado,60.0,Não informado,Não informado,Não informado,2021,5,7,4,14.0
2021-05-07,14:37:00,COM VÍTIMA,FINALIZADA,ESPINHEIRO,AV GOVERNADOR AGAMENON MAGALHAES,Não informado,EM FRENTE AO CIRCULO MILITAR SENTIDO OLINDA,ESPINHEIRO,CIDADE,COLISÃO LATERAL,Não informado,1.0,1.0,0.0,0.0,0.0,0.0,0.0,0.0,0.0,1.0,0.0,Longo da via,Bom,Não existe,Perfeito estado,Seca,Perfeito estado,Faixa de retenção,Não há placas,60.0,Dupla,Canteiro central,Não informado,2021,5,7,4,14.0
2021-05-07,19:08:00,COM VÍTIMA,FINALIZADA,IMBIRIBEIRA,AV RECIFE,Não informado,"NA SUB, DO VIADULTO TANCREDO NEVES , SENTIDO BOA VIAGEM",IMBIRIBEIRA,Não informado,COLISÃO COM CICLISTA,Não informado,1.0,0.0,0.0,1.0,0.0,0.0,0.0,0.0,0.0,1.0,0.0,Longo da via,Bom,Não existe,Perfeito estado,Seca,Perfeito estado,Não existe,Não há placas,60.0,Única,Canteiro central,Não informado,2021,5,7,4,19.0
2021-05-07,20:56:40,COM VÍTIMA,CANCELADA,ESTÂNCIA,AV RECIFE,Não informado,EM FRENTE AO ATACADÃO (ANTIGO MAKRO),ESTÂNCIA,Não informado,ENGAVETAMENTO,Não informado,3.0,1.0,0.0,0.0,0.0,0.0,0.0,0.0,0.0,1.0,0.0,Não informado,Não informado,Não informado,Não informado,Não informado,Não informado,Não informado,Não informado,60.0,Não informado,Não informado,Não informado,2021,5,7,4,20.0
2021-05-08,06:42:00,COM VÍTIMA,FINALIZADA,TORRE,RUA REAL DA TORRE,RUA CONDE DE IRAJA,E/F AO MERCADO EXTRABOM,TORRE,SUBURBIO,COLISÃO FRONTAL,Não informado,1.0,1.0,0.0,0.0,0.0,0.0,0.0,0.0,0.0,2.0,0.0,Cruzamento,Chuvoso,Sem defeito,Perfeito estado,Molhada,Perfeito estado,Faixa de pedestre,Não há placas,60.0,Única,Faixa seccionada,Não informado,2021,5,8,5,6.0
2021-05-08,07:13:00,COM VÍTIMA,FINALIZADA,SÃO JOSÉ,AV SUL,RUA PADRE JOSE DE SA LEITAO,SEMAFORO 509,SÃO JOSÉ,CIDADE,COLISÃO TRASEIRA,Não informado,1.0,1.0,0.0,0.0,0.0,0.0,0.0,0.0,0.0,1.0,0.0,Cruzamento,Bom,Sem defeito,Perfeito estado,Molhada,Perfeito estado,Faixa de pedestre,R-4a,60.0,Única,Não informado,Não informado,2021,5,8,5,7.0
2021-05-08,08:53:00,COM VÍTIMA,FINALIZADA,IMBIRIBEIRA,AV MARECHAL MASCARENHAS DE MORAES,Não informado,AO LADO DA FERREICA COSTA,IMBIRIBEIRA,CIDADE,COLISÃO TRASEIRA,Não informado,1.0,1.0,0.0,0.0,0.0,0.0,0.0,0.0,0.0,1.0,0.0,Longo da via,Chuvoso,Sem defeito,Perfeito estado,Molhada,Perfeito estado,Não existe,Não há placas,60.0,Dupla,Faixa contínua,Não informado,2021,5,8,5,8.0
2021-05-08,13:04:00,COM VÍTIMA,FINALIZADA,BARRO,AV DR JOSE RUFINO,Não informado,EM FRENTE A IGREJA MUNDIAL DE JESUS CRISTO,BARRO,SUBURBIO,COLISÃO LATERAL,Não informado,1.0,1.0,0.0,0.0,0.0,0.0,0.0,0.0,0.0,1.0,0.0,Longo da via,Bom,Não existe,Perfeito estado,Seca,Perfeito estado,Não existe,Não há placas,60.0,Dupla,Faixa contínua,Não informado,2021,5,8,5,13.0
2021-05-08,13:40:00,COM VÍTIMA,FINALIZADA,TOTÓ,AV LIBERDADE,Não informado,E/F AO CEMITERIO  PARQUE DAS FLORES,TOTÓ,CIDADE,ATROPELAMENTO DE PESSOA,Não informado,1.0,0.0,0.0,0.0,1.0,0.0,0.0,0.0,0.0,1.0,0.0,Longo da via,Bom,Não existe,Perfeito estado,Seca,Perfeito estado,Não existe,Não há placas,60.0,Dupla,Faixa contínua,Não informado,2021,5,8,5,13.0
2021-05-08,14:48:00,COM VÍTIMA,FINALIZADA,CIDADE UNIVERSITÁRIA,RUA EMILIANO BRAGA,RUA PROFESSOR ANTONIO COELHO,EM FRENTE A INTEGRAÇÃO DA CIDADE UNIVERSITARIA,CIDADE UNIVERSITÁRIA,SUBURBIO,COLISÃO LATERAL,Não informado,1.0,1.0,0.0,0.0,0.0,0.0,0.0,0.0,0.0,1.0,0.0,Cruzamento,Bom,Não existe,Perfeito estado,Seca,Perfeito estado,Faixa de pedestre,"Placas ""Pare""",40.0,Não informado,Faixa seccionada,Não informado,2021,5,8,5,14.0
2021-05-09,14:56:00,SEM VÍTIMA,CANCELADA,BOA VIAGEM,RUA DOM JOSE LOPES,Não informado,EM FRENTE AO BAR E RESTAURANTE CANGAÇO,BOA VIAGEM,Não informado,COLISÃO TRASEIRA,Não informado,2.0,0.0,0.0,0.0,0.0,0.0,0.0,0.0,0.0,0.0,0.0,Não informado,Não informado,Não informado,Não informado,Não informado,Não informado,Não informado,Não informado,60.0,Não informado,Não informado,Não informado,2021,5,9,6,14.0
2021-05-09,15:02:00,COM VÍTIMA,FINALIZADA,AFOGADOS,RUA NICOLAU PEREIRA,Não informado,EM BAIXO DO SEMAFORO 242 / PROX AO ARMAZEM CORAL,AFOGADOS,Não informado,COLISÃO LATERAL,Não informado,1.0,1.0,0.0,0.0,0.0,0.0,0.0,0.0,0.0,1.0,0.0,Não informado,Não informado,Não informado,Não informado,Não informado,Não informado,Não informado,Não informado,60.0,Não informado,Não informado,Não informado,2021,5,9,6,15.0
2021-05-09,21:57:40,SEM VÍTIMA,CANCELADA,BOA VIAGEM,AV BOA VIAGEM,RUA ANTONIO FALCAO,PRÓX AO HOTEL VILA RICA,BOA VIAGEM,Não informado,CHOQUE,Não informado,1.0,0.0,0.0,0.0,0.0,0.0,0.0,0.0,0.0,0.0,0.0,Não informado,Não informado,Não informado,Não informado,Não informado,Não informado,Não informado,Não informado,60.0,Não informado,Não informado,Não informado,2021,5,9,6,21.0
2021-05-10,09:53:00,COM VÍTIMA,FINALIZADA,MACAXEIRA,AV NORTE,Não informado,APÓS O PARQUE DA MACAXEIRA,MACAXEIRA,SUBURBIO,COLISÃO TRASEIRA,Não informado,1.0,1.0,0.0,0.0,0.0,0.0,0.0,0.0,0.0,1.0,0.0,Longo da via,Chuvoso,Sem defeito,Perfeito estado,Molhada,Perfeito estado,Faixa de pedestre,Outras,60.0,Dupla,Canteiro central,Não informado,2021,5,10,0,9.0
2021-05-10,12:16:00,COM VÍTIMA,FINALIZADA,BOA VIAGEM,AV CONSELHEIRO AGUIAR,RUA ANTONIO FALCAO,RUA ANTONIO FALCAO,BOA VIAGEM,Não informado,COLISÃO FRONTAL,Não informado,1.0,1.0,0.0,0.0,0.0,0.0,0.0,0.0,0.0,1.0,0.0,Não informado,Não informado,Não informado,Não informado,Não informado,Não informado,Não informado,Não informado,60.0,Não informado,Não informado,Não informado,2021,5,10,0,12.0
2021-05-10,12:31:00,COM VÍTIMA,FINALIZADA,IBURA,RUA DR BENIGNO JORDAO DE VASCONCELOS,Não informado,NA LAGOA ENCANTADA NA SUBIDA DA UR2,IBURA,Não informado,COLISÃO LATERAL,Não informado,1.0,1.0,0.0,0.0,0.0,0.0,0.0,0.0,0.0,1.0,0.0,Não informado,Não informado,Não informado,Não informado,Não informado,Não informado,Não informado,Não informado,60.0,Não informado,Não informado,Não informado,2021,5,10,0,12.0
2021-05-10,13:43:00,COM VÍTIMA,FINALIZADA,TAMARINEIRA,RUA GOMES COUTINHO,Não informado,PROX AO SUPERMERCADO EXTRA,TAMARINEIRA,Não informado,COLISÃO TRASEIRA,Não informado,0.0,1.0,0.0,0.0,0.0,0.0,1.0,0.0,0.0,1.0,0.0,Não informado,Não informado,Não informado,Não informado,Não informado,Não informado,Não informado,Não informado,60.0,Não informado,Não informado,Não informado,2021,5,10,0,13.0
2021-05-11,10:14:00,COM VÍTIMA,FINALIZADA,VASCO DA GAMA,RUA VASCO DA GAMA,RUA PROFESSOR RUI DA SILVEIRA CASTRO,EM FRENTE A FARMACIA DA SAÚDE,VASCO DA GAMA,Não informado,COLISÃO FRONTAL,Não informado,1.0,1.0,0.0,0.0,0.0,0.0,0.0,0.0,0.0,1.0,0.0,Não informado,Não informado,Não informado,Não informado,Não informado,Não informado,Não informado,Não informado,60.0,Não informado,Não informado,Não informado,2021,5,11,1,10.0
2021-05-11,13:33:00,COM VÍTIMA,FINALIZADA,CASA AMARELA,AV NORTE,Não informado,EM FRENTE AO ARMAZÉM CORAL,CASA AMARELA,Não informado,COLISÃO COM CICLISTA,Não informado,0.0,0.0,0.0,1.0,0.0,1.0,0.0,0.0,0.0,1.0,0.0,Não informado,Não informado,Não informado,Não informado,Não informado,Não informado,Não informado,Não informado,60.0,Não informado,Não informado,Não informado,2021,5,11,1,13.0
2021-05-11,17:41:00,COM VÍTIMA,FINALIZADA,SANTO AMARO,AV GOVERNADOR AGAMENON MAGALHAES,Não informado,EM FRENTE AO TACARUNA/ SENTIDO RECIFE,SANTO AMARO,CIDADE,COLISÃO LATERAL,Não informado,2.0,1.0,0.0,0.0,0.0,0.0,0.0,0.0,0.0,1.0,0.0,Não informado,Não informado,Não informado,Não informado,Não informado,Não informado,Não informado,Não informado,60.0,Não informado,Não informado,Não informado,2021,5,11,1,17.0
2021-05-11,18:07:00,SEM VÍTIMA,FINALIZADA,MADALENA,AV VISCONDE DE ALBUQUERQUE,Não informado,EM FRENTE AO MADALENA CENTER,MADALENA,Não informado,COLISÃO TRANSVERSAL,Não informado,1.0,0.0,0.0,0.0,0.0,0.0,0.0,0.0,1.0,0.0,0.0,Não informado,Não informado,Não informado,Não informado,Não informado,Não informado,Não informado,Não informado,60.0,Não informado,Não informado,Não informado,2021,5,11,1,18.0
2021-05-11,18:35:00,COM VÍTIMA,FINALIZADA,SÃO JOSÉ,AV SUL,Não informado,EM FRENTE A COMPANHIA MOTO PEÇAS E SERVIÇOS,SÃO JOSÉ,Não informado,COLISÃO LATERAL,Não informado,0.0,2.0,0.0,0.0,0.0,0.0,0.0,0.0,0.0,1.0,0.0,Não informado,Não informado,Não informado,Não informado,Não informado,Não informado,Não informado,Não informado,60.0,Não informado,Não informado,Não informado,2021,5,11,1,18.0
2021-05-11,18:50:00,COM VÍTIMA,FINALIZADA,CASA FORTE,RUA DE APIPUCOS,Não informado,Não informado,CASA FORTE,Não informado,ATROPELAMENTO DE ANIMAL,Não informado,0.0,0.0,0.0,0.0,0.0,0.0,0.0,0.0,0.0,1.0,0.0,Não informado,Não informado,Não informado,Não informado,Não informado,Não informado,Não informado,Não informado,60.0,Não informado,Não informado,Não informado,2021,5,11,1,18.0
2021-05-11,18:53:00,SEM VÍTIMA,CANCELADA,ILHA DO LEITE,RUA JOSE DE ALENCAR,RUA VISCONDE DE GOIANA,PRÓX A UNIMED RECIFE 3,ILHA DO LEITE,Não informado,COLISÃO FRONTAL,Não informado,2.0,0.0,0.0,0.0,0.0,0.0,0.0,0.0,0.0,0.0,0.0,Não informado,Não informado,Não informado,Não informado,Não informado,Não informado,Não informado,Não informado,60.0,Não informado,Não informado,Não informado,2021,5,11,1,18.0
2021-05-12,11:35:00,COM VÍTIMA,FINALIZADA,CASA AMARELA,RUA PADRE LEMOS,Não informado,EM FRENTE AO POSTO PETROBRÁS,CASA AMARELA,Não informado,COLISÃO FRONTAL,Não informado,1.0,1.0,0.0,0.0,0.0,0.0,0.0,0.0,0.0,1.0,0.0,Longo da via,Bom,Sem defeito,Incompleta,Seca,Perfeito estado,Não existe,R-6a,30.0,Dupla,Não existe,Não informado,2021,5,12,2,11.0
2021-05-12,12:07:00,COM VÍTIMA,FINALIZADA,AFOGADOS,RUA VINTE E UM DE ABRIL,Não informado,EM FRENTE A FABRICA DO CAFE PETINHO,AFOGADOS,SUBURBIO,COLISÃO FRONTAL,Não informado,0.0,2.0,0.0,0.0,0.0,0.0,0.0,0.0,0.0,1.0,0.0,Longo da via,Bom,Não existe,Não existente,Seca,Perfeito estado,Não existe,Não há placas,60.0,Dupla,Não existe,Não informado,2021,5,12,2,12.0
2021-05-12,13:59:00,COM VÍTIMA,FINALIZADA,PINA,PTE GOVERNADOR PAULO GUERRA,Não informado,SENTIDO BOA VIAGEM,PINA,SUBURBIO,Não informado,Não informado,1.0,1.0,0.0,0.0,0.0,0.0,0.0,0.0,0.0,1.0,0.0,Longo da via,Bom,Não existe,Perfeito estado,Seca,Perfeito estado,Não existe,Não há placas,60.0,Única,Faixa seccionada,Não informado,2021,5,12,2,13.0
2021-05-12,15:17:00,COM VÍTIMA,FINALIZADA,SÃO JOSÉ,RUA IMPERIAL,Não informado,PROX. AO POSTO BR,SÃO JOSÉ,Não informado,COLISÃO LATERAL,Não informado,0.0,2.0,0.0,0.0,0.0,0.0,0.0,0.0,0.0,1.0,0.0,Não informado,Não informado,Não informado,Não informado,Não informado,Não informado,Não informado,Não informado,60.0,Não informado,Não informado,Não informado,2021,5,12,2,15.0
2021-05-12,15:56:00,COM VÍTIMA,CANCELADA,SAN MARTIN,AV JOAO CABRAL DE MELO NETO,Não informado,PROX A GRAFICA ALENCAR S/T SUB  VT  20 NO LOCAL,SAN MARTIN,Não informado,COLISÃO COM CICLISTA,Não informado,0.0,1.0,0.0,0.0,0.0,0.0,0.0,0.0,0.0,1.0,0.0,Não informado,Não informado,Não informado,Não informado,Não informado,Não informado,Não informado,Não informado,60.0,Não informado,Não informado,Não informado,2021,5,12,2,15.0
2021-05-12,17:58:00,COM VÍTIMA,FINALIZADA,BOA VISTA,RUA DA AURORA,Não informado,PONTE DE FERRO ( PONTE BOA VISTA),BOA VISTA,SUBURBIO,ATROPELAMENTO DE PESSOA,Não informado,0.0,1.0,0.0,0.0,1.0,0.0,0.0,0.0,0.0,1.0,0.0,Longo da via,Bom,Sem defeito,Perfeito estado,Seca,Perfeito estado,Não existe,R-6a,60.0,Única,Faixa seccionada,Não informado,2021,5,12,2,17.0
2021-05-13,01:36:00,SEM VÍTIMA,FINALIZADA,SANTO AMARO,AV GOVERNADOR AGAMENON MAGALHAES,Não informado,PISTA LOCAL DA AV GOV AGAMENOM MAGALHÃES - E/F À ACADEMIA DA CIDADE - PROXIMO À UPE - SENTIDO OLINDA,SANTO AMARO,Não informado,CHOQUE,Não informado,1.0,0.0,0.0,0.0,0.0,0.0,0.0,0.0,0.0,0.0,0.0,Não informado,Não informado,Não informado,Não informado,Não informado,Não informado,Não informado,Não informado,60.0,Não informado,Não informado,Não informado,2021,5,13,3,1.0
2021-05-13,15:41:00,SEM VÍTIMA,FINALIZADA,BOA VISTA,RUA BISPO CARDOSO AYRES,RUA DO PRINCIPE,MONITORAMENTO EM PONTO DE ALAGAMENTO,BOA VISTA,Não informado,ALAGAMENTO,Não informado,0.0,0.0,0.0,0.0,0.0,0.0,0.0,0.0,0.0,0.0,0.0,Não informado,Não informado,Não informado,Não informado,Não informado,Não informado,Não informado,Não informado,60.0,Não informado,Não informado,Não informado,2021,5,13,3,15.0
2021-05-13,16:07:00,SEM VÍTIMA,FINALIZADA,BOA VISTA,RUA BISPO CARDOSO AYRES,RUA DO PRINCIPE,MONITORAMENTO EM PONTO DE ALAGAMENTO,BOA VISTA,Não informado,ALAGAMENTO,Não informado,0.0,0.0,0.0,0.0,0.0,0.0,0.0,0.0,0.0,0.0,0.0,Não informado,Não informado,Não informado,Não informado,Não informado,Não informado,Não informado,Não informado,60.0,Não informado,Não informado,Não informado,2021,5,13,3,16.0
2021-05-13,17:04:00,SEM VÍTIMA,CANCELADA,BOA VISTA,RUA BISPO CARDOSO AYRES,RUA DO PRINCIPE,MONITORAMENTO EM PONTO DE ALAGAMENTO,BOA VISTA,Não informado,ALAGAMENTO,Não informado,0.0,0.0,0.0,0.0,0.0,0.0,0.0,0.0,0.0,0.0,0.0,Não informado,Não informado,Não informado,Não informado,Não informado,Não informado,Não informado,Não informado,60.0,Não informado,Não informado,Não informado,2021,5,13,3,17.0
2021-05-14,18:00:00,COM VÍTIMA,FINALIZADA,PRADO,RUA SANTA EDWIRGES,AV ENGENHEIRO ABDIAS DE CARVALHO,SEMÁFORO 354,PRADO,CIDADE,COLISÃO LATERAL,Não informado,1.0,1.0,0.0,0.0,0.0,0.0,0.0,0.0,0.0,1.0,0.0,Cruzamento,Chuvoso,Com defeito,Perfeito estado,Molhada,Perfeito estado,Faixa de pedestre,Outras,60.0,Única,Não existe,Não informado,2021,5,14,4,18.0
2021-05-14,19:12:00,SEM VÍTIMA,FINALIZADA,BOMBA DO HEMETÉRIO,RUA BOMBA DO HEMETERIO,Não informado,E/F A fUNERARIA BOMBA DO HEMETEIRO E CONSULTÓRIOS MÉDICOS,BOMBA DO HEMETÉRIO,Não informado,COLISÃO LATERAL,Não informado,0.0,0.0,0.0,0.0,0.0,0.0,0.0,0.0,0.0,0.0,0.0,Não informado,Não informado,Não informado,Não informado,Não informado,Não informado,Não informado,Não informado,60.0,Não informado,Não informado,Não informado,2021,5,14,4,19.0
2021-05-14,19:36:00,SEM VÍTIMA,EVADIU-SE,CASA AMARELA,AV NORTE,Não informado,SEMÁFORO  643 / E/F AO POSTO BR E PRÓX AO SESC,CASA AMARELA,Não informado,COLISÃO FRONTAL,Não informado,2.0,0.0,0.0,0.0,0.0,0.0,0.0,0.0,0.0,0.0,0.0,Não informado,Não informado,Não informado,Não informado,Não informado,Não informado,Não informado,Não informado,60.0,Não informado,Não informado,Não informado,2021,5,14,4,19.0
2021-05-15,11:09:00,COM VÍTIMA,FINALIZADA,BOA VIAGEM,RUA JOAQUIM BANDEIRA,RUA SARGENTO SILVINO DE MACEDO,HOTEL PRAIA SUL,BOA VIAGEM,Não informado,COLISÃO TRANSVERSAL,Não informado,1.0,1.0,0.0,0.0,0.0,0.0,0.0,0.0,0.0,1.0,0.0,Não informado,Não informado,Não informado,Não informado,Não informado,Não informado,Não informado,Não informado,60.0,Não informado,Não informado,Não informado,2021,5,15,5,11.0
2021-05-15,13:00:00,COM VÍTIMA,FINALIZADA,ÁGUA FRIA,RUA MANOEL SILVA,Não informado,PRÓX AO EMPÓRIO DA CERVEJA,ÁGUA FRIA,Não informado,COLISÃO LATERAL,Não informado,2.0,0.0,0.0,0.0,0.0,0.0,0.0,0.0,0.0,1.0,0.0,Não informado,Não informado,Não informado,Não informado,Não informado,Não informado,Não informado,Não informado,60.0,Não informado,Não informado,Não informado,2021,5,15,5,13.0
2021-05-15,14:03:00,COM VÍTIMA,FINALIZADA,CAXANGÁ,AV CAXANGA,Não informado,PRÓX À UPA,CAXANGÁ,CIDADE,COLISÃO TRASEIRA,Não informado,1.0,1.0,0.0,0.0,0.0,0.0,0.0,0.0,0.0,1.0,0.0,Longo da via,Bom,Sem defeito,Perfeito estado,Seca,Perfeito estado,Não existe,Não há placas,60.0,Dupla,Canteiro central,Não informado,2021,5,15,5,14.0
2021-05-15,14:35:00,COM VÍTIMA,FINALIZADA,CAMPO GRANDE,EST DE BELEM,Não informado,ASSEMBLEIA DE DEUS,CAMPO GRANDE,CIDADE,COLISÃO TRASEIRA,Não informado,0.0,1.0,0.0,0.0,0.0,1.0,0.0,0.0,0.0,1.0,0.0,Longo da via,Bom,Não existe,Perfeito estado,Seca,Perfeito estado,Não existe,Outras,60.0,Dupla,Faixa contínua,Não informado,2021,5,15,5,14.0
2021-05-15,15:13:00,COM VÍTIMA,FINALIZADA,IBURA,AV RECIFE,Não informado,EM FRENTE AO PERNAMBUCO GÁS,IBURA,CIDADE,COLISÃO TRASEIRA,Não informado,1.0,1.0,0.0,0.0,0.0,0.0,0.0,0.0,0.0,1.0,0.0,Longo da via,Bom,Sem defeito,Perfeito estado,Seca,Perfeito estado,Outros,Outras,60.0,Dupla,Canteiro central,Não informado,2021,5,15,5,15.0
2021-05-15,15:28:00,COM VÍTIMA,FINALIZADA,PONTO DE PARADA,RUA COUTO MAGALHAES,Não informado,PRÓX à PADARIA DO ÍNDIO,PONTO DE PARADA,SUBURBIO,COLISÃO TRASEIRA,Não informado,2.0,0.0,0.0,0.0,0.0,0.0,0.0,0.0,0.0,3.0,0.0,Longo da via,Bom,Não existe,Não existente,Seca,Perfeito estado,Não existe,Não há placas,60.0,Dupla,Não existe,Não informado,2021,5,15,5,15.0
2021-05-15,15:40:00,COM VÍTIMA,FINALIZADA,SANTO AMARO,AV CRUZ CABUGA,Não informado,EM FRENTE À IGREJA UNIVERSAL,SANTO AMARO,CIDADE,COLISÃO COM CICLISTA,Não informado,1.0,0.0,0.0,1.0,0.0,0.0,0.0,0.0,0.0,1.0,0.0,Longo da via,Bom,Não existe,Perfeito estado,Seca,Perfeito estado,Outros,Não há placas,60.0,Dupla,Faixa seccionada,Não informado,2021,5,15,5,15.0
2021-05-15,15:45:00,COM VÍTIMA,FINALIZADA,BOA VIAGEM,RUA DOS NAVEGANTES,RUA MARIA CAROLINA,Não informado,BOA VIAGEM,SUBURBIO,COLISÃO LATERAL,Não informado,1.0,1.0,0.0,0.0,0.0,0.0,0.0,0.0,0.0,1.0,0.0,Cruzamento,Bom,Não existe,Perfeito estado,Seca,Perfeito estado,Não existe,Não há placas,60.0,Única,Não existe,Não informado,2021,5,15,5,15.0
2021-05-15,19:06:00,SEM VÍTIMA,FINALIZADA,BOA VIAGEM,RUA TENENTE JOAO CICERO,RUA MINISTRO NELSON HUNGRIA,Não informado,BOA VIAGEM,CIDADE,COLISÃO TRANSVERSAL,Não informado,3.0,0.0,0.0,0.0,0.0,0.0,0.0,0.0,0.0,0.0,0.0,Cruzamento,Bom,Não existe,Incompleta,Seca,Perfeito estado,Não existe,"Placas ""Pare""",60.0,Única,Não existe,Não informado,2021,5,15,5,19.0
2021-05-15,21:46:40,SEM VÍTIMA,FINALIZADA,TORREÃO,RUA OTHON PARAISO,RUA DJALMA FARIAS,Não informado,TORREÃO,Não informado,COLISÃO FRONTAL,Não informado,2.0,0.0,0.0,0.0,0.0,0.0,0.0,0.0,0.0,0.0,0.0,Não informado,Não informado,Não informado,Não informado,Não informado,Não informado,Não informado,Não informado,60.0,Não informado,Não informado,Não informado,2021,5,15,5,21.0
2021-05-16,07:35:00,SEM VÍTIMA,CANCELADA,IMBIRIBEIRA,AV MARECHAL MASCARENHAS DE MORAES,Não informado,"EMFRENTE AO POSTO IPIRANGA,AO LADO DACAIXA ECONOMICA, SENT. CIDADE",IMBIRIBEIRA,Não informado,COLISÃO LATERAL,Não informado,3.0,0.0,0.0,0.0,0.0,0.0,0.0,0.0,0.0,0.0,0.0,Não informado,Não informado,Não informado,Não informado,Não informado,Não informado,Não informado,Não informado,60.0,Não informado,Não informado,Não informado,2021,5,16,6,7.0
2021-05-16,07:41:00,COM VÍTIMA,FINALIZADA,BOA VIAGEM,AV ENGENHEIRO DOMINGOS FERREIRA,RUA FELIX DE BRITO E MELO,POR TRAS DO CARREFOUR,BOA VIAGEM,SUBURBIO,CAPOTAMENTO,Não informado,2.0,0.0,0.0,0.0,0.0,0.0,0.0,0.0,0.0,1.0,0.0,Cruzamento,Bom,Sem defeito,Perfeito estado,Seca,Perfeito estado,Faixa de pedestre,R-6a,60.0,Única,Canteiro central,Não informado,2021,5,16,6,7.0
2021-05-16,17:27:00,COM VÍTIMA,FINALIZADA,BOA VIAGEM,AV ENGENHEIRO DOMINGOS FERREIRA,RUA FELIX DE BRITO E MELO,RUA FELIX BRITO DE MELO,BOA VIAGEM,SUBURBIO,COLISÃO LATERAL,Não informado,1.0,1.0,0.0,0.0,0.0,0.0,0.0,0.0,0.0,1.0,0.0,Cruzamento,Bom,Sem defeito,Perfeito estado,Seca,Perfeito estado,Faixa de pedestre,Não informado,60.0,Única,Faixa contínua,Não informado,2021,5,16,6,17.0
2021-05-16,19:10:00,COM VÍTIMA,FINALIZADA,TORRE,RUA JOSE BONIFACIO,RUA MARCOS ANDRE,CRUZAMENTO C/A RUA MARCOS ANDRÉ - PRÓXIMO AO CARREFOUR,TORRE,CIDADE,COLISÃO COM CICLISTA,Não informado,1.0,1.0,0.0,0.0,0.0,0.0,0.0,0.0,0.0,1.0,0.0,Longo da via,Bom,Sem defeito,Perfeito estado,Seca,Perfeito estado,Não existe,R-6a,40.0,Dupla,Canteiro central,Não informado,2021,5,16,6,19.0
2021-05-16,19:09:00,COM VÍTIMA,FINALIZADA,MADALENA,AV BEIRA RIO,RUA JOSE OSORIO,SEMÁFORO 387,MADALENA,CIDADE,COLISÃO COM CICLISTA,Não informado,1.0,0.0,0.0,1.0,0.0,0.0,0.0,0.0,0.0,1.0,0.0,Cruzamento,Bom,Sem defeito,Perfeito estado,Seca,Perfeito estado,Faixa de pedestre,R-6a,60.0,Única,Não informado,Não informado,2021,5,16,6,19.0