data,hora,natureza_acidente,situacao,bairro,endereco,detalhe_endereco_acidente,complemento,bairro_cruzamento,sentido_via,tipo,descricao,auto,moto,ciclom,ciclista,pedestre,onibus,caminhao,viatura,outros,vitimas,vitimasfatais,acidente_verificado,tempo_clima,situacao_semaforo,sinalizacao,condicao_via,conservacao_via,ponto_controle,situacao_placa,velocidade_max_via,mao_direcao,divisao_via1,natureza,ano,mes,dia,dia_semana,hora_ocorrencia
2021-05-16,19:13:00,COM VÍTIMA,FINALIZADA,SANTO AMARO,AV GOVERNADOR AGAMENON MAGALHAES,RUA DR LEOPOLDO LINS,CRUZAMENTO C/A RUA LEOPOLDO LINS - SENTIDO OLINDA - PROXIMO À CAIXA ECONOMICA,SANTO AMARO,SUBURBIO,CHOQUE,Não informado,1.0,1.0,0.0,0.0,0.0,0.0,0.0,0.0,0.0,1.0,0.0,Longo da via,Bom,Sem defeito,Perfeito estado,Seca,Perfeito estado,Faixa de pedestre,Outras,60.0,Única,Faixa seccionada,Não informado,2021,5,16,6,19.0
2021-05-17,07:07:00,COM VÍTIMA,FINALIZADA,IPUTINGA,AV CAXANGA,Não informado,EM FRENTE  AO BIG BOMPREÇO,IPUTINGA,SUBURBIO,COLISÃO LATERAL,Não informado,1.0,1.0,0.0,0.0,0.0,0.0,0.0,0.0,0.0,1.0,0.0,Longo da via,Bom,Sem defeito,Perfeito estado,Seca,Perfeito estado,Agente,Não há placas,60.0,Única,Faixa seccionada,Não informado,2021,5,17,0,7.0
2021-05-17,09:17:00,SEM VÍTIMA,FINALIZADA,CASA AMARELA,RUA PAULA BATISTA,RUA XAVANTES,CASA ESPÍRITA LAR DE MARIA,CASA AMARELA,CIDADE,COLISÃO TRANSVERSAL,Não informado,1.0,0.0,0.0,0.0,0.0,0.0,0.0,1.0,0.0,0.0,0.0,Cruzamento,Bom,Não existe,Incompleta,Seca,Perfeito estado,Faixa de retenção,Outras,60.0,Dupla,Faixa seccionada,Não informado,2021,5,17,0,9.0
2021-05-17,10:09:00,COM VÍTIMA,FINALIZADA,BOMBA DO HEMETÉRIO,RUA BOMBA DO HEMETERIO,Não informado,PRÓX AO POSTO DE COMBUSTÍVEL NORTE BRAS,BOMBA DO HEMETÉRIO,SUBURBIO,COLISÃO TRASEIRA,Não informado,1.0,1.0,0.0,0.0,0.0,0.0,0.0,0.0,0.0,2.0,0.0,Rotatória,Bom,Não existe,Perfeito estado,Seca,Perfeito estado,Faixa de pedestre,Não há placas,30.0,Dupla,Faixa seccionada,Não informado,2021,5,17,0,10.0
2021-05-17,11:32:00,COM VÍTIMA,FINALIZADA,IMBIRIBEIRA,RUA JORGE DE LIMA,RUA JORGE DE LIMA,EM FRENTE AO GALETINHO DO MATUTO,IMBIRIBEIRA,SUBURBIO,COLISÃO LATERAL,Não informado,0.0,2.0,0.0,0.0,0.0,0.0,0.0,0.0,0.0,1.0,0.0,Cruzamento,Bom,Sem defeito,Perfeito estado,Seca,Perfeito estado,Faixa de pedestre,Outras,60.0,Única,Faixa contínua,Não informado,2021,5,17,0,11.0
2021-05-17,14:56:00,COM VÍTIMA,FINALIZADA,SÃO JOSÉ,AV DANTAS BARRETO,Não informado,PRÓX À PRAÇA SERGIO LORÊTO,SÃO JOSÉ,CIDADE,ATROPELAMENTO DE PESSOA,Não informado,1.0,0.0,0.0,0.0,1.0,0.0,0.0,0.0,0.0,1.0,0.0,Longo da via,Bom,Sem defeito,Perfeito estado,Seca,Perfeito estado,Faixa de pedestre,Não há placas,60.0,Dupla,Faixa contínua,Não informado,2021,5,17,0,14.0
2021-05-17,19:12:00,SEM VÍTIMA,CANCELADA,MANGABEIRA,RUA DA MANGABEIRA,Não informado,PROX. DO CLUB DA MANGABEIRA,MANGABEIRA,Não informado,COLISÃO LATERAL,Não informado,2.0,0.0,0.0,0.0,0.0,0.0,0.0,0.0,0.0,0.0,0.0,Não informado,Não informado,Não informado,Não informado,Não informado,Não informado,Não informado,Não informado,60.0,Não informado,Não informado,Não informado,2021,5,17,0,19.0
2021-05-17,19:22:00,COM VÍTIMA,CANCELADA,COQUEIRAL,RUA ANANIAS CATANHO,Não informado,CASA,COQUEIRAL,Não informado,ATROPELAMENTO DE PESSOA,Não informado,0.0,1.0,0.0,0.0,1.0,0.0,0.0,0.0,0.0,1.0,0.0,Não informado,Não informado,Não informado,Não informado,Não informado,Não informado,Não informado,Não informado,60.0,Não informado,Não informado,Não informado,2021,5,17,0,19.0
2021-05-17,19:52:00,COM VÍTIMA,FINALIZADA,SANTO AMARO,AV NORTE,AV CRUZ CABUGA,NA ALÇA DE ACESSO A AV. CRUZ CABUGÁ,SANTO AMARO,CIDADE,COLISÃO TRASEIRA,Não informado,1.0,1.0,0.0,0.0,0.0,0.0,0.0,0.0,0.0,1.0,0.0,Longo da via,Bom,Não existe,Perfeito estado,Seca,Perfeito estado,Faixa de pedestre,"Placas ""Dê a preferência""",60.0,Única,Não existe,Não informado,2021,5,17,0,19.0
2021-05-18,07:54:00,COM VÍTIMA,FINALIZADA,AREIAS,AV RECIFE,Não informado,EMFRENTE AO HIPER DE AREIAS. SENTIDO BOA VIAGEM,AREIAS,Não informado,COLISÃO LATERAL,Não informado,0.0,2.0,0.0,0.0,0.0,0.0,0.0,0.0,0.0,1.0,0.0,Longo da via,Bom,Não existe,Perfeito estado,Seca,Perfeito estado,Não existe,Outras,60.0,Dupla,Canteiro central,Não informado,2021,5,18,1,7.0
2021-05-18,09:44:00,COM VÍTIMA,FINALIZADA,ILHA DO LEITE,RUA FRANCISCO ALVES,Não informado,EMPREASRIAL MULTIMED ILHA CENTER,ILHA DO LEITE,SUBURBIO,COLISÃO LATERAL,Não informado,1.0,1.0,0.0,0.0,0.0,0.0,0.0,0.0,0.0,1.0,0.0,Longo da via,Bom,Não existe,Perfeito estado,Seca,Perfeito estado,Outros,"Placas ""Dê a preferência""",60.0,Dupla,Faixa contínua,Não informado,2021,5,18,1,9.0
2021-05-18,12:48:00,COM VÍTIMA,FINALIZADA,TORRE,RUA CONDE DE IRAJA,RUA REAL DA TORRE,AO LADO EXTRA E/F A ESCOLA GERAÇAO  ATIVA,TORRE,SUBURBIO,COLISÃO LATERAL,Não informado,1.0,1.0,0.0,0.0,0.0,0.0,0.0,0.0,0.0,1.0,0.0,Longo da via,Bom,Não existe,Perfeito estado,Seca,Perfeito estado,Não existe,Não há placas,60.0,Única,Faixa seccionada,Não informado,2021,5,18,1,12.0
2021-05-18,13:29:00,COM VÍTIMA,FINALIZADA,ESPINHEIRO,RUA QUARENTA E OITO,RUA CARNEIRO VILELA,EM FRENTE A GALERIA QUARENTA E OITO,ESPINHEIRO,CIDADE,COLISÃO TRANSVERSAL,Não informado,1.0,1.0,0.0,0.0,0.0,0.0,0.0,0.0,0.0,1.0,0.0,Longo da via,Bom,Não existe,Perfeito estado,Seca,Perfeito estado,Faixa de pedestre,Não há placas,40.0,Única,Faixa seccionada,Não informado,2021,5,18,1,13.0
2021-05-18,15:03:00,COM VÍTIMA,FINALIZADA,SANTO AMARO,RUA TRES DE MAIO,RUA FREI CASSIMIRO,PROX ANTIGA CTTU E/F A BORRACHARIA MODESTO,SANTO AMARO,SUBURBIO,COLISÃO LATERAL,Não informado,1.0,0.0,0.0,0.0,0.0,0.0,0.0,0.0,0.0,1.0,0.0,Cruzamento,Bom,Não existe,Ilegível,Seca,Mal iluminada,Não existe,Não há placas,60.0,Dupla,Não existe,Não informado,2021,5,18,1,15.0
2021-05-18,17:32:00,COM VÍTIMA,FINALIZADA,BOA VISTA,RUA DOM BOSCO,Não informado,LADO OPOSTO A FARMACIA DROGASIL,BOA VISTA,SUBURBIO,CHOQUE,Não informado,1.0,0.0,0.0,0.0,0.0,0.0,0.0,0.0,0.0,1.0,0.0,Longo da via,Bom,Sem defeito,Perfeito estado,Seca,Perfeito estado,Outros,Outras,40.0,Única,Faixa seccionada,Não informado,2021,5,18,1,17.0
2021-05-18,17:42:00,COM VÍTIMA,FINALIZADA,BOA VISTA,AV GOVERNADOR AGAMENON MAGALHAES,AV GOVERNADOR AGAMENON MAGALHAES,EM FRENTE AO HOSPITAL MENORIAL SÃO JOSE,BOA VISTA,CIDADE,COLISÃO TRASEIRA,Não informado,0.0,0.0,0.0,0.0,0.0,2.0,0.0,0.0,0.0,1.0,0.0,Longo da via,Bom,Sem defeito,Perfeito estado,Seca,Perfeito estado,Não existe,Não há placas,60.0,Dupla,Canteiro central,Não informado,2021,5,18,1,17.0
2021-05-18,17:55:00,COM VÍTIMA,FINALIZADA,ESPINHEIRO,AV NORTE,RUA MARQUES DO PARANA,LADO OPOSTO A PRAÇA DA PICANHA,ESPINHEIRO,CIDADE,CAPOTAMENTO,Não informado,1.0,0.0,0.0,0.0,0.0,0.0,0.0,0.0,0.0,1.0,0.0,Cruzamento,Bom,Sem defeito,Perfeito estado,Seca,Perfeito estado,Faixa de pedestre,Outras,60.0,Dupla,Canteiro central,Não informado,2021,5,18,1,17.0
2021-05-18,18:11:00,COM VÍTIMA,FINALIZADA,BOA VIAGEM,AV BOA VIAGEM,Não informado,Não informado,BOA VIAGEM,CIDADE,COLISÃO TRANSVERSAL,Não informado,1.0,1.0,0.0,0.0,0.0,0.0,0.0,0.0,0.0,1.0,0.0,Longo da via,Bom,Não existe,Perfeito estado,Seca,Perfeito estado,Não existe,Não há placas,60.0,Única,Faixa seccionada,Não informado,2021,5,18,1,18.0
2021-05-19,07:17:00,COM VÍTIMA,FINALIZADA,MADALENA,AV BEIRA RIO,Não informado,EM FRENTE AO EDF BEIRA RIO,MADALENA,Não informado,COLISÃO COM CICLISTA,Não informado,1.0,0.0,0.0,1.0,0.0,0.0,0.0,0.0,0.0,1.0,0.0,Longo da via,Bom,Sem defeito,Perfeito estado,Seca,Perfeito estado,Não existe,Não há placas,60.0,Dupla,Faixa seccionada,Não informado,2021,5,19,2,7.0
2021-05-19,08:16:00,COM VÍTIMA,FINALIZADA,CAXANGÁ,AV CAXANGA,Não informado,EM  FRENTE A EXPOSIÇAO DE ANIMAIS /  SENT CAMARAGIBE /,CAXANGÁ,Não informado,COLISÃO TRASEIRA,Não informado,1.0,1.0,0.0,0.0,0.0,0.0,0.0,0.0,0.0,1.0,0.0,Longo da via,Bom,Não existe,Perfeito estado,Seca,Perfeito estado,Não existe,R-6a,60.0,Dupla,Faixa contínua,Não informado,2021,5,19,2,8.0
2021-05-19,09:11:00,COM VÍTIMA,FINALIZADA,BOA VISTA,RUA JOSE DE ALENCAR,RUA BARAO DE SAO BORJA,EM FRENTE AO HOTEL BOA VISTA,BOA VISTA,Não informado,COLISÃO LATERAL,Não informado,2.0,0.0,0.0,0.0,0.0,0.0,0.0,0.0,0.0,1.0,0.0,Não informado,Não informado,Não informado,Não informado,Não informado,Não informado,Não informado,Não informado,60.0,Não informado,Não informado,Não informado,2021,5,19,2,9.0
2021-05-19,17:35:00,COM VÍTIMA,FINALIZADA,SANTO AMARO,AV VISCONDE DE SUASSUNA,PRQ TREZE DE MAIO,COLÉGIO IEP,SANTO AMARO,Não informado,COLISÃO LATERAL,Não informado,0.0,1.0,0.0,0.0,0.0,0.0,0.0,1.0,0.0,1.0,0.0,Cruzamento,Bom,Sem defeito,Perfeito estado,Seca,Perfeito estado,Faixa de pedestre,Outras,60.0,Dupla,Faixa seccionada,Não informado,2021,5,19,2,17.0
2021-05-19,19:05:00,COM VÍTIMA,FINALIZADA,CORDEIRO,AV CAXANGA,AV GENERAL SAN MARTIN,PRÓX AO HOSPITAL GETÚLIO VARGAS,CORDEIRO,CIDADE,COLISÃO LATERAL,Não informado,1.0,1.0,0.0,0.0,0.0,0.0,0.0,0.0,0.0,1.0,0.0,Longo da via,Bom,Sem defeito,Perfeito estado,Seca,Perfeito estado,Não existe,Não há placas,60.0,Dupla,Canteiro central,Não informado,2021,5,19,2,19.0
2021-05-20,08:21:00,COM VÍTIMA,FINALIZADA,IPUTINGA,AV CAXANGA,RUA PROFESSOR CHAVES BATISTA,LADO OPOSTO AO HOSPITAL SANTA TEREZINHA,IPUTINGA,CIDADE,COLISÃO COM CICLISTA,Não informado,0.0,0.0,0.0,1.0,0.0,0.0,0.0,0.0,0.0,1.0,0.0,Cruzamento,Bom,Sem defeito,Perfeito estado,Seca,Perfeito estado,Faixa de pedestre,Outras,60.0,Dupla,Canteiro central,Não informado,2021,5,20,3,8.0
2021-05-20,12:08:00,COM VÍTIMA,FINALIZADA,TEJIPIÓ,RUA FALCAO DE LACERDA,Não informado,PROXIMO A OFICINA LIDER,TEJIPIÓ,SUBURBIO,COLISÃO LATERAL,Não informado,1.0,1.0,0.0,0.0,0.0,0.0,0.0,0.0,0.0,1.0,0.0,Longo da via,Bom,Não existe,Ilegível,Seca,Perfeito estado,Não existe,Não há placas,40.0,Dupla,Faixa contínua,Não informado,2021,5,20,3,12.0
2021-05-20,13:58:00,COM VÍTIMA,FINALIZADA,CORDEIRO,RUA CLAUDIO BROTHERHOOD,RUA RIO CAPIBARIBE,Não informado,CORDEIRO,CIDADE,COLISÃO FRONTAL,Não informado,1.0,1.0,0.0,0.0,0.0,0.0,0.0,0.0,0.0,1.0,0.0,Cruzamento,Bom,Não existe,Não existente,Seca,Perfeito estado,Não existe,Não há placas,40.0,Dupla,Faixa seccionada,Não informado,2021,5,20,3,13.0
2021-05-20,15:07:00,COM VÍTIMA,FINALIZADA,MADALENA,RUA SENADOR FABIO DE BARROS,Não informado,E/F AO EXTRA,MADALENA,SUBURBIO,COLISÃO FRONTAL,Não informado,1.0,1.0,0.0,0.0,0.0,0.0,0.0,0.0,0.0,1.0,0.0,Longo da via,Bom,Sem defeito,Perfeito estado,Seca,Perfeito estado,Não existe,Não há placas,60.0,Dupla,Faixa contínua,Não informado,2021,5,20,3,15.0
2021-05-20,16:24:00,COM VÍTIMA,FINALIZADA,IMBIRIBEIRA,AV ENGENHEIRO ALVES DE SOUZA,RUA ARQUITETO LUIZ NUNES,EM FRENTE A DROGASIL E A JULIETTO,IMBIRIBEIRA,CIDADE,COLISÃO LATERAL,Não informado,1.0,1.0,0.0,0.0,0.0,0.0,0.0,0.0,0.0,1.0,0.0,Cruzamento,Bom,Sem defeito,Ilegível,Seca,Perfeito estado,Faixa de pedestre,"Placas ""Pare""",60.0,Dupla,Faixa seccionada,Não informado,2021,5,20,3,16.0
2021-05-20,22:26:40,COM VÍTIMA,FINALIZADA,BOA VIAGEM,AV ENGENHEIRO DOMINGOS FERREIRA,RUA ERNESTO DE PAULA SANTOS,E/F AO RESTAURANTE CASA DITÁLIA - PISTA DA ESQUERDA,BOA VIAGEM,SUBURBIO,COLISÃO TRASEIRA,Não informado,1.0,1.0,0.0,0.0,0.0,0.0,0.0,0.0,0.0,1.0,0.0,Cruzamento,Bom,Sem defeito,Perfeito estado,Seca,Perfeito estado,Faixa de pedestre,R-6a,50.0,Única,Canteiro central,Não informado,2021,5,20,3,22.0
2021-05-21,05:22:00,SEM VÍTIMA,FINALIZADA,IPUTINGA,AV PROFESSOR JOAQUIM CAVALCANTI,Não informado,PROXIMO DO VIADUTO DA CAXANGÁ,IPUTINGA,Não informado,COLISÃO LATERAL,Não informado,2.0,0.0,0.0,0.0,0.0,0.0,0.0,0.0,0.0,0.0,0.0,Não informado,Não informado,Não informado,Não informado,Não informado,Não informado,Não informado,Não informado,60.0,Não informado,Não informado,Não informado,2021,5,21,4,5.0
2021-05-21,10:03:00,COM VÍTIMA,FINALIZADA,GRAÇAS,RUA ALBERTO PAIVA,Não informado,POR TRÁS DA PEDRAGON CHEVROLET,GRAÇAS,SUBURBIO,QUEDA,Não informado,0.0,1.0,0.0,0.0,0.0,0.0,0.0,0.0,0.0,1.0,0.0,Longo da via,Chuvoso,Não existe,Perfeito estado,Oleosa,Perfeito estado,Não existe,Não há placas,40.0,Única,Faixa seccionada,Não informado,2021,5,21,4,10.0
2021-05-21,10:27:00,COM VÍTIMA,FINALIZADA,IBURA,AV RECIFE,Não informado,LOJA DE AUTO,IBURA,SUBURBIO,COLISÃO TRANSVERSAL,Não informado,1.0,1.0,0.0,0.0,0.0,0.0,0.0,0.0,0.0,1.0,0.0,Longo da via,Bom,Sem defeito,Perfeito estado,Seca,Perfeito estado,Não existe,Não há placas,60.0,Dupla,Canteiro central,Não informado,2021,5,21,4,10.0
2021-05-21,10:35:00,COM VÍTIMA,FINALIZADA,SANTO ANTÔNIO,AV GUARARAPES,Não informado,EM FRENTE A CAIXA ECONÔMICA FEDERAL,SANTO ANTÔNIO,SUBURBIO,ATROPELAMENTO DE PESSOA,Não informado,0.0,0.0,0.0,0.0,1.0,1.0,0.0,0.0,0.0,1.0,0.0,Longo da via,Bom,Não existe,Perfeito estado,Seca,Perfeito estado,Não existe,Não há placas,40.0,Dupla,Canteiro central,Não informado,2021,5,21,4,10.0
2021-05-21,10:50:00,COM VÍTIMA,DUPLICIDADE,SANTO ANTÔNIO,AV GUARARAPES,Não informado,EM FRENTE A FARMACIA INDEPENDENTE,SANTO ANTÔNIO,SUBURBIO,ATROPELAMENTO DE PESSOA,Não informado,0.0,0.0,0.0,0.0,1.0,0.0,0.0,0.0,0.0,1.0,0.0,Não informado,Não informado,Não informado,Não informado,Não informado,Não informado,Não informado,Não informado,60.0,Não informado,Não informado,Não informado,2021,5,21,4,10.0
2021-05-21,12:23:00,COM VÍTIMA,FINALIZADA,SÃO JOSÉ,C SANTA RITA,AV ENGENHEIRO JOSE ESTELITA,EM FRENTE AO PIER MARICIO DE NASSAU,SÃO JOSÉ,SUBURBIO,COLISÃO TRASEIRA,Não informado,1.0,1.0,0.0,0.0,0.0,0.0,0.0,0.0,0.0,1.0,0.0,Longo da via,Bom,Não existe,Perfeito estado,Seca,Perfeito estado,Não existe,Não há placas,60.0,Dupla,Canteiro central,Não informado,2021,5,21,4,12.0
2021-05-21,13:11:00,COM VÍTIMA,FINALIZADA,BOA VIAGEM,RUA VISCONDE DE JEQUITINHONHA,RUA DES JOAO PAES,EM FRENTE,BOA VIAGEM,CIDADE,COLISÃO FRONTAL,Não informado,2.0,0.0,0.0,0.0,0.0,0.0,0.0,0.0,0.0,1.0,0.0,Cruzamento,Bom,Não existe,Perfeito estado,Seca,Perfeito estado,Faixa de pedestre,"Placas ""Pare""",60.0,Única,Não existe,Não informado,2021,5,21,4,13.0
2021-05-21,14:18:00,COM VÍTIMA,FINALIZADA,BRASÍLIA TEIMOSA,RUA IVONETE FERREIRA DA SILVA,Não informado,"AO LADO DO HABITACIONAL,EM FRENTE A OFICINA DE BARCOS",BRASÍLIA TEIMOSA,CIDADE,COLISÃO FRONTAL,Não informado,1.0,1.0,0.0,0.0,0.0,0.0,0.0,0.0,0.0,1.0,0.0,Longo da via,Bom,Não existe,Ilegível,Seca,Mal conservada,Não existe,Não há placas,60.0,Dupla,Faixa contínua,Não informado,2021,5,21,4,14.0
2021-05-21,19:17:00,COM VÍTIMA,CANCELADA,BOA VIAGEM,AV CONSELHEIRO AGUIAR,Não informado,EM FRENTE A IMORIO FRUTÁRIA/ EDIF. SANTA TEREZA,BOA VIAGEM,Não informado,COLISÃO LATERAL,Não informado,2.0,0.0,0.0,0.0,0.0,0.0,0.0,0.0,0.0,1.0,0.0,Não informado,Não informado,Não informado,Não informado,Não informado,Não informado,Não informado,Não informado,60.0,Não informado,Não informado,Não informado,2021,5,21,4,19.0
2021-05-21,19:34:00,SEM VÍTIMA,CANCELADA,ARRUDA,AV PROFESSOR JOSE DOS ANJOS,RUA CONEGO BARATA,PRÓX AO DENOCS,ARRUDA,Não informado,COLISÃO TRASEIRA,Não informado,2.0,0.0,0.0,0.0,0.0,0.0,0.0,0.0,0.0,0.0,0.0,Não informado,Não informado,Não informado,Não informado,Não informado,Não informado,Não informado,Não informado,60.0,Não informado,Não informado,Não informado,2021,5,21,4,19.0
2021-05-21,20:54:40,COM VÍTIMA,FINALIZADA,CAMPO GRANDE,RUA CATULO DA PAIXAO CEARENSE,RUA PROFESSOR FRANCISCO DA TRINDADE,PRÓX A IGREJA A UNIVERSAL,CAMPO GRANDE,Não informado,COLISÃO LATERAL,Não informado,1.0,1.0,0.0,0.0,0.0,0.0,0.0,0.0,0.0,1.0,0.0,Não informado,Não informado,Não informado,Não informado,Não informado,Não informado,Não informado,Não informado,60.0,Não informado,Não informado,Não informado,2021,5,21,4,20.0
2021-05-22,08:48:00,COM VÍTIMA,FINALIZADA,AFOGADOS,RUA PROFESSOR AUGUSTO WANDERLEY FILHO,RUA AUGUSTO CALHEIROS,"ANTES DA PONTE MOTOCOLOMBO, SENT. IMBIRIBEIRA",AFOGADOS,SUBURBIO,COLISÃO TRASEIRA,Não informado,1.0,1.0,0.0,0.0,0.0,0.0,0.0,0.0,0.0,1.0,0.0,Longo da via,Bom,Sem defeito,Perfeito estado,Seca,Perfeito estado,Não existe,Não há placas,40.0,Única,Faixa seccionada,Não informado,2021,5,22,5,8.0
2021-05-22,13:49:00,COM VÍTIMA,FINALIZADA,BOA VIAGEM,AV BOA VIAGEM,Não informado,APOS O HOTEL INTERNACIONAL PALACE  RECIFE,BOA VIAGEM,CIDADE,COLISÃO TRASEIRA,Não informado,1.0,1.0,0.0,0.0,0.0,0.0,0.0,0.0,0.0,1.0,0.0,Longo da via,Bom,Não existe,Perfeito estado,Seca,Perfeito estado,Não existe,Não há placas,60.0,Única,Faixa seccionada,Não informado,2021,5,22,5,13.0
2021-05-22,19:26:00,COM VÍTIMA,FINALIZADA,SAN MARTIN,AV JOAO CABRAL DE MELO NETO,RUA TENENTE MINDELO,SEMÁFORO 250 - RUA TENENTE MINDELO,SAN MARTIN,SUBURBIO,COLISÃO COM CICLISTA,Não informado,0.0,1.0,0.0,1.0,0.0,0.0,0.0,0.0,0.0,1.0,0.0,Cruzamento,Bom,Sem defeito,Perfeito estado,Seca,Perfeito estado,Não existe,Não há placas,60.0,Dupla,Canteiro central,Não informado,2021,5,22,5,19.0
2021-05-22,20:42:40,COM VÍTIMA,CANCELADA,ÁGUA FRIA,AV ANIBAL BENEVOLO,Não informado,E/F AO MERCADINHO SUPERBOM E PRÓX AO BELA VISTA,ÁGUA FRIA,Não informado,COLISÃO FRONTAL,Não informado,0.0,1.0,1.0,0.0,0.0,0.0,0.0,0.0,0.0,3.0,0.0,Não informado,Não informado,Não informado,Não informado,Não informado,Não informado,Não informado,Não informado,60.0,Não informado,Não informado,Não informado,2021,5,22,5,20.0
2021-05-22,21:20:40,SEM VÍTIMA,FINALIZADA,PRADO,RUA GOMES TABORDA,RUA QUATRO DE OUTUBRO,Não informado,PRADO,SUBURBIO,Não informado,Não informado,1.0,1.0,0.0,0.0,0.0,0.0,0.0,0.0,0.0,0.0,0.0,Longo da via,Bom,Não existe,Não existente,Seca,Mal conservada,Não informado,Não há placas,60.0,Dupla,Faixa seccionada,Não informado,2021,5,22,5,21.0
2021-05-22,22:17:40,COM VÍTIMA,CANCELADA,IPSEP,RUA JEAN EMILE FAVRE,Não informado,EM FRENTE A DP DO IPSEP,IPSEP,Não informado,COLISÃO LATERAL,Não informado,0.0,2.0,0.0,0.0,0.0,0.0,0.0,0.0,0.0,1.0,0.0,Não informado,Não informado,Não informado,Não informado,Não informado,Não informado,Não informado,Não informado,60.0,Não informado,Não informado,Não informado,2021,5,22,5,22.0
2021-05-23,13:46:00,COM VÍTIMA,FINALIZADA,BOA VIAGEM,AV ENGENHEIRO DOMINGOS FERREIRA,Não informado,PROX AO RESTAURANTE MATCH / PROX AO SUPERMERCADO ZEPELIN,BOA VIAGEM,SUBURBIO,COLISÃO TRASEIRA,Não informado,2.0,0.0,0.0,0.0,0.0,0.0,0.0,0.0,0.0,1.0,0.0,Longo da via,Bom,Não existe,Perfeito estado,Seca,Perfeito estado,Não existe,Não há placas,60.0,Única,Faixa contínua,Não informado,2021,5,23,6,13.0
2021-05-24,10:49:00,COM VÍTIMA,FINALIZADA,PINA,AV ENGENHEIRO DOMINGOS FERREIRA,Não informado,E/F A ART FIBRA SINTETICA,PINA,SUBURBIO,COLISÃO LATERAL,Não informado,0.0,0.0,0.0,0.0,0.0,0.0,0.0,0.0,0.0,2.0,0.0,Longo da via,Bom,Não existe,Perfeito estado,Seca,Perfeito estado,Não existe,Não há placas,60.0,Única,Faixa seccionada,Não informado,2021,5,24,0,10.0
2021-05-24,11:21:00,COM VÍTIMA,FINALIZADA,SANTO AMARO,AV CRUZ CABUGA,RUA DO HOSPICIO,MPPE,SANTO AMARO,Não informado,COLISÃO TRASEIRA,Não informado,1.0,1.0,0.0,0.0,0.0,0.0,0.0,0.0,0.0,1.0,0.0,Longo da via,Bom,Sem defeito,Perfeito estado,Seca,Perfeito estado,Faixa de pedestre,Não há placas,60.0,Única,Faixa contínua,Não informado,2021,5,24,0,11.0
2021-05-24,12:18:00,COM VÍTIMA,FINALIZADA,AFOGADOS,RUA SAO MIGUEL,RUA ALEXANDRE RODRIGUES FERREIRA,EM FRENTE AO RESTAURANTE CHARQUE NA BRASA,AFOGADOS,SUBURBIO,COLISÃO LATERAL,Não informado,1.0,1.0,0.0,0.0,0.0,0.0,0.0,0.0,0.0,1.0,0.0,Longo da via,Bom,Não existe,Perfeito estado,Seca,Perfeito estado,Não existe,Não há placas,60.0,Dupla,Faixa seccionada,Não informado,2021,5,24,0,12.0
2021-05-24,17:46:00,COM VÍTIMA,FINALIZADA,IMBIRIBEIRA,AV RECIFE,AV SENADOR ROBERT KENNEDY,SENTIDO AEROPORTO,IMBIRIBEIRA,Não informado,COLISÃO COM CICLISTA,Não informado,1.0,0.0,0.0,1.0,0.0,0.0,0.0,0.0,0.0,1.0,0.0,Cruzamento,Bom,Sem defeito,Perfeito estado,Seca,Perfeito estado,Faixa de pedestre,R-18,30.0,Dupla,Faixa contínua,Não informado,2021,5,24,0,17.0
2021-05-25,08:25:00,COM VÍTIMA,FINALIZADA,SÃO JOSÉ,AV DANTAS BARRETO,RUA SAO JOAO,SEMÁFORO 054,SÃO JOSÉ,CIDADE,ATROPELAMENTO DE PESSOA,Não informado,0.0,1.0,0.0,0.0,1.0,0.0,0.0,0.0,0.0,1.0,0.0,Cruzamento,Bom,Sem defeito,Perfeito estado,Seca,Perfeito estado,Faixa de pedestre,Não há placas,60.0,Dupla,Faixa contínua,Não informado,2021,5,25,1,8.0
2021-05-25,12:09:00,COM VÍTIMA,CANCELADA,GRAÇAS,RUA AMELIA,Não informado,EM  FRENTE A  CACHEFERIA TRADICAO,GRAÇAS,Não informado,COLISÃO COM CICLISTA,Não informado,1.0,0.0,0.0,1.0,0.0,0.0,0.0,0.0,0.0,1.0,0.0,Não informado,Não informado,Não informado,Não informado,Não informado,Não informado,Não informado,Não informado,60.0,Não informado,Não informado,Não informado,2021,5,25,1,12.0
2021-05-26,13:47:00,COM VÍTIMA,FINALIZADA,CASA FORTE,AV DEZESSETE DE AGOSTO,Não informado,EM FRENTE A CAOA CHERY,CASA FORTE,SUBURBIO,COLISÃO LATERAL,Não informado,0.0,2.0,0.0,0.0,0.0,0.0,0.0,0.0,0.0,1.0,0.0,Longo da via,Bom,Não existe,Perfeito estado,Seca,Perfeito estado,Não existe,Não há placas,40.0,Dupla,Faixa seccionada,Não informado,2021,5,26,2,13.0