data,hora,natureza_acidente,situacao,bairro,endereco,detalhe_endereco_acidente,complemento,bairro_cruzamento,sentido_via,tipo,descricao,auto,moto,ciclom,ciclista,pedestre,onibus,caminhao,viatura,outros,vitimas,vitimasfatais,acidente_verificado,tempo_clima,situacao_semaforo,sinalizacao,condicao_via,conservacao_via,ponto_controle,situacao_placa,velocidade_max_via,mao_direcao,divisao_via1,natureza,ano,mes,dia,dia_semana,hora_ocorrencia
2021-05-26,15:09:00,COM VÍTIMA,FINALIZADA,ROSARINHO,AV NORTE,AV SANTOS DUMONT,LADO OPOSTO A PADARIA ROSARINHO DELICATESSEN,ROSARINHO,SUBURBIO,COLISÃO LATERAL,Não informado,1.0,1.0,0.0,0.0,0.0,0.0,0.0,0.0,0.0,1.0,0.0,Longo da via,Bom,Sem defeito,Perfeito estado,Seca,Perfeito estado,Faixa de pedestre,Não há placas,60.0,Dupla,Canteiro central,Não informado,2021,5,26,2,15.0
2021-05-27,07:51:00,COM VÍTIMA,FINALIZADA,BOA VIAGEM,RUA FELIX DE BRITO E MELO,Não informado,Não informado,BOA VIAGEM,CIDADE,CAPOTAMENTO,Não informado,2.0,0.0,0.0,0.0,0.0,0.0,0.0,0.0,0.0,1.0,0.0,Longo da via,Chuvoso,Não existe,Perfeito estado,Molhada,Perfeito estado,Não existe,Não há placas,60.0,Única,Faixa seccionada,Não informado,2021,5,27,3,7.0
2021-05-27,08:46:00,COM VÍTIMA,FINALIZADA,CORDEIRO,RUA N S DA SAUDE,RUA DR GASTAO DA SILVEIRA,CENTRO VETERIN ARIO DE ESPECIALIDADE PATRICA BARROCA,CORDEIRO,Não informado,COLISÃO TRASEIRA,Não informado,1.0,0.0,0.0,0.0,0.0,0.0,0.0,0.0,0.0,1.0,0.0,Cruzamento,Bom,Não existe,Perfeito estado,Molhada,Perfeito estado,Não existe,Não há placas,40.0,Dupla,Faixa contínua,Não informado,2021,5,27,3,8.0
2021-05-27,08:58:00,COM VÍTIMA,FINALIZADA,SANTO AMARO,RUA COELHO LEITE,RUA COELHO LEITE,EM FRENTE AO GALPAO DA POLICIA,SANTO AMARO,CIDADE,COLISÃO TRASEIRA,Não informado,1.0,1.0,0.0,0.0,0.0,0.0,0.0,0.0,0.0,1.0,0.0,Cruzamento,Chuvoso,Não existe,Perfeito estado,Molhada,Perfeito estado,Faixa de retenção,Outras,40.0,Dupla,Faixa seccionada,Não informado,2021,5,27,3,8.0
2021-05-27,09:24:00,COM VÍTIMA,FINALIZADA,CASA FORTE,AV DEZESSETE DE AGOSTO,Não informado,AO LADO DO MUSEUN DO HOMEM DO NORDESTE,CASA FORTE,CIDADE,COLISÃO LATERAL,Não informado,1.0,1.0,0.0,0.0,0.0,0.0,0.0,0.0,0.0,1.0,0.0,Longo da via,Chuvoso,Sem defeito,Perfeito estado,Molhada,Perfeito estado,Faixa de retenção,Não há placas,60.0,Dupla,Faixa contínua,Não informado,2021,5,27,3,9.0
2021-05-27,14:22:00,COM VÍTIMA,FINALIZADA,CASA AMARELA,RUA PAULA BATISTA,RUA XAVANTES,EM FRENTE AO CENTRO ESPÍRITAR MOACYR / PRÓX À PRAÇA DO TRABALHO,CASA AMARELA,Não informado,COLISÃO LATERAL,Não informado,2.0,0.0,0.0,0.0,0.0,0.0,0.0,0.0,0.0,3.0,0.0,Cruzamento,Chuvoso,Não existe,Perfeito estado,Seca,Perfeito estado,Faixa de retenção,"Placas ""Pare""",60.0,Dupla,Faixa seccionada,Não informado,2021,5,27,3,14.0
2021-05-27,14:42:00,COM VÍTIMA,FINALIZADA,SANTO AMARO,AV CRUZ CABUGA,AV NORTE,ESQUINA COM A CASA DA INDUSTRIA,SANTO AMARO,CIDADE,COLISÃO TRANSVERSAL,Não informado,1.0,1.0,0.0,0.0,0.0,0.0,0.0,0.0,0.0,1.0,0.0,Cruzamento,Bom,Sem defeito,Perfeito estado,Seca,Perfeito estado,Agente,Não há placas,60.0,Dupla,Faixa contínua,Não informado,2021,5,27,3,14.0
2021-05-27,15:46:00,COM VÍTIMA,FINALIZADA,CORDEIRO,AV CAXANGA,RUA CLAUDIO BROTHERHOOD,EM FRENTE À EXPOSIÇÃO DE ANIMAIS,CORDEIRO,CIDADE,COLISÃO LATERAL,Não informado,1.0,1.0,0.0,0.0,0.0,0.0,0.0,0.0,0.0,2.0,0.0,Cruzamento,Bom,Sem defeito,Incompleta,Seca,Perfeito estado,Faixa de pedestre,R-6a,60.0,Dupla,Faixa contínua,Não informado,2021,5,27,3,15.0
2021-05-27,17:19:00,COM VÍTIMA,FINALIZADA,BOA VIAGEM,AV BOA VIAGEM,Não informado,EDIF. MARIA EDICTA,BOA VIAGEM,CIDADE,COLISÃO LATERAL,Não informado,1.0,1.0,0.0,0.0,0.0,0.0,0.0,0.0,0.0,1.0,0.0,Longo da via,Bom,Sem defeito,Perfeito estado,Seca,Perfeito estado,Não existe,Outras,60.0,Única,Faixa contínua,Não informado,2021,5,27,3,17.0
2021-05-27,17:43:00,COM VÍTIMA,FINALIZADA,IPSEP,RUA JEAN EMILE FAVRE,Não informado,MERCADINHO IGUAÇU,IPSEP,CIDADE,ATROPELAMENTO DE PESSOA,Não informado,1.0,0.0,0.0,0.0,2.0,0.0,0.0,0.0,0.0,2.0,0.0,Longo da via,Chuvoso,Sem defeito,Perfeito estado,Molhada,Perfeito estado,Não existe,Não há placas,60.0,Dupla,Faixa contínua,Não informado,2021,5,27,3,17.0
2021-05-27,19:35:00,COM VÍTIMA,CANCELADA,IPUTINGA,AV CAXANGA,Não informado,DROGASIL E BOI E BRASA,IPUTINGA,Não informado,COLISÃO LATERAL,Não informado,0.0,2.0,0.0,0.0,0.0,0.0,0.0,0.0,0.0,3.0,0.0,Não informado,Não informado,Não informado,Não informado,Não informado,Não informado,Não informado,Não informado,60.0,Não informado,Não informado,Não informado,2021,5,27,3,19.0
2021-05-28,07:45:00,COM VÍTIMA,FINALIZADA,JORDÃO,AV MARIA IRENE,Não informado,EM FRENTE A CAPELA SÃO JOÃO BATISTA,JORDÃO,CIDADE,COLISÃO TRASEIRA,Não informado,1.0,1.0,0.0,0.0,0.0,0.0,0.0,0.0,0.0,1.0,0.0,Longo da via,Bom,Não existe,Perfeito estado,Seca,Perfeito estado,Não existe,Não há placas,60.0,Dupla,Faixa contínua,Não informado,2021,5,28,4,7.0
2021-05-28,08:43:00,COM VÍTIMA,FINALIZADA,PARNAMIRIM,RUA JOAO TUDE DE MELO,Não informado,SHOPPING PARNAMIRIN,PARNAMIRIM,SUBURBIO,COLISÃO LATERAL,Não informado,0.0,0.0,0.0,0.0,0.0,0.0,0.0,0.0,0.0,2.0,0.0,Longo da via,Bom,Não existe,Perfeito estado,Seca,Perfeito estado,Faixa de pedestre,Não há placas,60.0,Única,Faixa seccionada,Não informado,2021,5,28,4,8.0
2021-05-28,08:59:00,COM VÍTIMA,CANCELADA,DOIS UNIDOS,RUA URIEL DE HOLANDA,Não informado,CAMPO DO CAFÉ,DOIS UNIDOS,Não informado,ATROPELAMENTO DE PESSOA,Não informado,0.0,0.0,0.0,0.0,1.0,0.0,0.0,0.0,0.0,1.0,0.0,Não informado,Não informado,Não informado,Não informado,Não informado,Não informado,Não informado,Não informado,60.0,Não informado,Não informado,Não informado,2021,5,28,4,8.0
2021-05-28,09:59:00,COM VÍTIMA,FINALIZADA,CAXANGÁ,AV CAXANGA,Não informado,EM FRENTE A FARMACIA PAGUE MENOS E ESTAÇÃO BRT ABOLIÇÃO SENT. CIDADE,CAXANGÁ,CIDADE,COLISÃO LATERAL,Não informado,1.0,1.0,0.0,0.0,0.0,0.0,0.0,0.0,0.0,1.0,0.0,Longo da via,Bom,Sem defeito,Perfeito estado,Seca,Perfeito estado,Não existe,Não há placas,60.0,Dupla,Canteiro central,Não informado,2021,5,28,4,9.0
2021-05-28,16:08:00,COM VÍTIMA,FINALIZADA,DOIS IRMÃOS,RUA DOIS IRMAOS,RUA DOIS IRMAOS,SOB VIADUTO DA BR-101,DOIS IRMÃOS,CIDADE,COLISÃO TRASEIRA,Não informado,0.0,1.0,0.0,0.0,0.0,1.0,0.0,0.0,0.0,1.0,0.0,Longo da via,Chuvoso,Sem defeito,Perfeito estado,Molhada,Perfeito estado,Faixa de retenção,Não há placas,60.0,Única,Outros,Não informado,2021,5,28,4,16.0
2021-05-28,22:38:40,COM VÍTIMA,CANCELADA,TORRE,RUA CONDE DE IRAJA,Não informado,PROXIMO IGREJA DA TORRE,TORRE,Não informado,COLISÃO LATERAL,Não informado,0.0,2.0,0.0,0.0,0.0,0.0,0.0,0.0,0.0,2.0,0.0,Não informado,Não informado,Não informado,Não informado,Não informado,Não informado,Não informado,Não informado,60.0,Não informado,Não informado,Não informado,2021,5,28,4,22.0
2021-05-29,09:41:00,COM VÍTIMA,FINALIZADA,BOA VIAGEM,AV BOA VIAGEM,Não informado,Não informado,BOA VIAGEM,CIDADE,COLISÃO TRANSVERSAL,Não informado,0.0,1.0,1.0,0.0,0.0,0.0,0.0,0.0,0.0,1.0,0.0,Longo da via,Bom,Sem defeito,Perfeito estado,Seca,Perfeito estado,Faixa de pedestre,Outras,60.0,Única,Faixa contínua,Não informado,2021,5,29,5,9.0
2021-05-29,11:08:00,COM VÍTIMA,FINALIZADA,DOIS UNIDOS,AV HILDEBRANDO DE VASCONCELOS,Não informado,EM FRENTE A ESTAÇAO DA CELPE / ENTRADA DE DOIS UNIDOS,DOIS UNIDOS,Não informado,COLISÃO LATERAL,Não informado,1.0,1.0,0.0,0.0,0.0,0.0,0.0,0.0,0.0,1.0,0.0,Cruzamento,Bom,Não existe,Incompleta,Seca,Perfeito estado,Faixa de pedestre,Outras,40.0,Dupla,Faixa,Não informado,2021,5,29,5,11.0
2021-05-29,13:14:00,COM VÍTIMA,FINALIZADA,TORRE,RUA MARQUES DE MARICA,Não informado,PRÓX À PRAÇA PROF. BARRETO CAMPELO,TORRE,SUBURBIO,COLISÃO LATERAL,Não informado,1.0,1.0,0.0,0.0,0.0,0.0,0.0,0.0,0.0,1.0,0.0,Longo da via,Bom,Não existe,Perfeito estado,Seca,Perfeito estado,Não existe,"Placas ""Pare""",60.0,Dupla,Faixa seccionada,Não informado,2021,5,29,5,13.0
2021-05-29,14:16:00,SEM VÍTIMA,FINALIZADA,BOA VIAGEM,RUA ANTONIO FALCAO,Não informado,SEMÁFORO 640,BOA VIAGEM,Não informado,CHOQUE,Não informado,1.0,0.0,0.0,0.0,0.0,0.0,0.0,0.0,0.0,0.0,0.0,Não informado,Não informado,Não informado,Não informado,Não informado,Não informado,Não informado,Não informado,60.0,Não informado,Não informado,Não informado,2021,5,29,5,14.0
2021-05-30,11:51:00,COM VÍTIMA,FINALIZADA,ESPINHEIRO,RUA DA HORA,AV JOAO DE BARROS,E/F AO EXTRA,ESPINHEIRO,SUBURBIO,COLISÃO FRONTAL,Não informado,2.0,0.0,0.0,0.0,0.0,0.0,0.0,0.0,0.0,2.0,0.0,Cruzamento,Chuvoso,Sem defeito,Perfeito estado,Molhada,Perfeito estado,Faixa de pedestre,Outras,60.0,Única,Não existe,Não informado,2021,5,30,6,11.0
2021-05-30,15:54:00,COM VÍTIMA,FINALIZADA,CORDEIRO,AV GENERAL SAN MARTIN,RUA CLOTILDE DE OLIVEIRA,RUA CLOTILDE DE OLIVEIRA,CORDEIRO,SUBURBIO,COLISÃO LATERAL,Não informado,1.0,1.0,0.0,0.0,0.0,0.0,0.0,0.0,0.0,1.0,0.0,Longo da via,Bom,Sem defeito,Perfeito estado,Seca,Mal conservada,Faixa de pedestre,Não há placas,60.0,Dupla,Faixa contínua,Não informado,2021,5,30,6,15.0
2021-05-30,19:50:00,SEM VÍTIMA,CANCELADA,AREIAS,AV RECIFE,Não informado,"SEMÁFORO 494 - E/F AO RESIDENCIAL IGNEZ ANDREAZZA,  PRÓX AO BIG BOMPREÇO - FAIXA DA ESQUERDA",AREIAS,Não informado,COLISÃO TRASEIRA,Não informado,2.0,0.0,0.0,0.0,0.0,0.0,0.0,0.0,0.0,0.0,0.0,Não informado,Não informado,Não informado,Não informado,Não informado,Não informado,Não informado,Não informado,60.0,Não informado,Não informado,Não informado,2021,5,30,6,19.0
2021-05-31,09:08:00,COM VÍTIMA,FINALIZADA,ÁGUA FRIA,AV BEBERIBE,Não informado,EM FRENTE AO CONDOMINIO SOBRADO BEBERIBE,ÁGUA FRIA,CIDADE,COLISÃO LATERAL,Não informado,1.0,1.0,0.0,0.0,0.0,0.0,0.0,0.0,0.0,1.0,0.0,Longo da via,Bom,Sem defeito,Perfeito estado,Seca,Perfeito estado,Faixa de pedestre,Outras,60.0,Dupla,Faixa contínua,Não informado,2021,5,31,0,9.0
2021-05-31,13:21:00,COM VÍTIMA,FINALIZADA,CASA AMARELA,AV NORTE,Não informado,EM FRENTE AO REI DA PICANHA,CASA AMARELA,SUBURBIO,COLISÃO COM CICLISTA,Não informado,0.0,0.0,0.0,1.0,0.0,0.0,1.0,0.0,0.0,1.0,0.0,Longo da via,Bom,Sem defeito,Perfeito estado,Seca,Perfeito estado,Não existe,Outras,60.0,Dupla,Faixa seccionada,Não informado,2021,5,31,0,13.0
2021-05-31,16:28:00,COM VÍTIMA,FINALIZADA,SANTO ANTÔNIO,PRC DA REPUBLICA,Não informado,ENTRE O PALACIO CAMPO DAS PRINCESA E O TEATRO SANTA ISABEL,SANTO ANTÔNIO,Não informado,COLISÃO COM CICLISTA,Não informado,1.0,0.0,0.0,1.0,0.0,0.0,0.0,0.0,0.0,1.0,0.0,Longo da via,Chuvoso,Não existe,Perfeito estado,Molhada,Perfeito estado,Outros,R-6a,60.0,Única,Outros,Não informado,2021,5,31,0,16.0
2021-05-31,17:59:00,COM VÍTIMA,FINALIZADA,BOA VIAGEM,RUA DEZ DE JULHO,RUA CAMBOIM,EM FRENTE AO MAISON CRISTAL,BOA VIAGEM,SUBURBIO,COLISÃO LATERAL,Não informado,1.0,1.0,0.0,0.0,0.0,0.0,0.0,0.0,0.0,1.0,0.0,Cruzamento,Chuvoso,Não existe,Perfeito estado,Molhada,Perfeito estado,Faixa de pedestre,"Placas ""Pare""",30.0,Dupla,Faixa seccionada,Não informado,2021,5,31,0,17.0
2021-05-31,18:42:00,COM VÍTIMA,FINALIZADA,BEBERIBE,RUA BOLIVAR,Não informado,EM FRENTE AO CAMPO DO ARRUDA/ ARMAZÉM CORAL,BEBERIBE,CIDADE,COLISÃO LATERAL,Não informado,1.0,1.0,0.0,0.0,0.0,0.0,0.0,0.0,0.0,1.0,0.0,Longo da via,Chuvoso,Não existe,Perfeito estado,Molhada,Perfeito estado,Não existe,Outras,60.0,Dupla,Faixa contínua,Não informado,2021,5,31,0,18.0
2021-05-31,19:05:00,COM VÍTIMA,FINALIZADA,IPSEP,AV RECIFE,RUA JEAN EMILE FAVRE,PRÓXIMO A ENTRADA DA JEAN EMILE FAVRE,IPSEP,SUBURBIO,CAPOTAMENTO,Não informado,0.0,0.0,0.0,0.0,0.0,0.0,0.0,0.0,0.0,4.0,0.0,Longo da via,Chuvoso,Não existe,Perfeito estado,Molhada,Perfeito estado,Não informado,Não informado,60.0,Dupla,Faixa seccionada,Não informado,2021,5,31,0,19.0
2021-05-31,19:08:00,COM VÍTIMA,FINALIZADA,CAXANGÁ,AV CAXANGA,Não informado,"PROX. A UPA, SENTIDO CIDADE",CAXANGÁ,CIDADE,COLISÃO TRASEIRA,Não informado,1.0,1.0,0.0,0.0,0.0,0.0,0.0,0.0,0.0,1.0,0.0,Longo da via,Chuvoso,Não existe,Perfeito estado,Molhada,Perfeito estado,Não existe,Não há placas,60.0,Única,Faixa seccionada,Não informado,2021,5,31,0,19.0
2021-06-01,08:48:00,COM VÍTIMA,FINALIZADA,IPUTINGA,AV MAURICIO DE NASSAU,RUA N S DA SAUDE,Não informado,IPUTINGA,SUBURBIO,COLISÃO TRANSVERSAL,Não informado,1.0,1.0,0.0,0.0,0.0,0.0,0.0,0.0,0.0,1.0,0.0,Longo da via,Bom,Sem defeito,Não informado,Seca,Perfeito estado,Faixa de retenção,R-19,40.0,Dupla,Faixa contínua,Não informado,2021,6,1,1,8.0
2021-06-01,08:57:00,COM VÍTIMA,FINALIZADA,ARRUDA,RUA DAS MOCAS,Não informado,ARMAZÉM SÃO JOÃO,ARRUDA,SUBURBIO,COLISÃO COM CICLISTA,Não informado,1.0,0.0,0.0,1.0,0.0,0.0,0.0,0.0,0.0,1.0,0.0,Longo da via,Bom,Não existe,Perfeito estado,Seca,Perfeito estado,Não existe,"Placas ""Pare""",60.0,Dupla,Não informado,Não informado,2021,6,1,1,8.0
2021-06-01,11:17:00,COM VÍTIMA,FINALIZADA,BOA VIAGEM,AV ENGENHEIRO DOMINGOS FERREIRA,Não informado,PRÓX. AO EXTRABOM,BOA VIAGEM,SUBURBIO,COLISÃO LATERAL,Não informado,2.0,0.0,0.0,0.0,0.0,0.0,0.0,0.0,0.0,1.0,0.0,Longo da via,Bom,Sem defeito,Perfeito estado,Seca,Perfeito estado,Não informado,Não há placas,60.0,Única,Canteiro central,Não informado,2021,6,1,1,11.0
2021-06-01,16:37:00,COM VÍTIMA,FINALIZADA,AFOGADOS,RUA SAO MIGUEL,Não informado,AO LADO DO POSTO DISLUB ESQUINA COM A GRAN FARMA,AFOGADOS,SUBURBIO,CHOQUE,Não informado,0.0,1.0,0.0,0.0,0.0,0.0,0.0,0.0,0.0,1.0,0.0,Longo da via,Bom,Não existe,Perfeito estado,Seca,Perfeito estado,Faixa de pedestre,R-4a,60.0,Dupla,Faixa contínua,Não informado,2021,6,1,1,16.0
2021-06-02,03:31:00,COM VÍTIMA,FINALIZADA,PINA,AVENIDA CELSO FURTADO (VIA MANGUE),Não informado,"APÓS O SHOPPING RIO MAR, PRÓXIMO AO AERO CLUBE -SENTIDO PIEDADE",PINA,Não informado,TOMBAMENTO,Não informado,0.0,1.0,0.0,0.0,0.0,0.0,0.0,0.0,0.0,1.0,0.0,Não informado,Não informado,Não informado,Não informado,Não informado,Não informado,Não informado,Não informado,60.0,Não informado,Não informado,Não informado,2021,6,2,2,3.0
2021-06-02,08:33:00,COM VÍTIMA,FINALIZADA,SANTO AMARO,RUA DO POMBAL,Não informado,ATRÁS DA DELEGACIA DA MULHER,SANTO AMARO,Não informado,COLISÃO FRONTAL,Não informado,0.0,0.0,0.0,0.0,0.0,0.0,0.0,0.0,0.0,1.0,0.0,Cruzamento,Bom,Não existe,Perfeito estado,Seca,Perfeito estado,Não informado,Não informado,60.0,Dupla,Faixa seccionada,Não informado,2021,6,2,2,8.0
2021-06-02,10:34:00,SEM VÍTIMA,FINALIZADA,MACAXEIRA,RUA ANA,Não informado,PROXIMO AO LARGO DE DONA REGINA,MACAXEIRA,SUBURBIO,COLISÃO TRASEIRA,Não informado,1.0,0.0,0.0,0.0,0.0,0.0,1.0,0.0,0.0,0.0,0.0,Não informado,Não informado,Não informado,Não informado,Não informado,Não informado,Não informado,Não informado,60.0,Não informado,Não informado,Não informado,2021,6,2,2,10.0
2021-06-02,15:45:00,COM VÍTIMA,FINALIZADA,BOA VISTA,AV CONDE DA BOA VISTA,RUA BARAO DA SOLEDADE,EM FRENTE A IGREJA NOSSA SENHORA DA SOLEDADE,BOA VISTA,CIDADE,QUEDA,Não informado,0.0,1.0,0.0,0.0,0.0,0.0,0.0,0.0,0.0,1.0,0.0,Longo da via,Bom,Sem defeito,Perfeito estado,Seca,Perfeito estado,Faixa de pedestre,R-6a,40.0,Única,Não informado,Não informado,2021,6,2,2,15.0
2021-06-02,17:59:00,COM VÍTIMA,FINALIZADA,BOA VIAGEM,AVENIDA CELSO FURTADO (VIA MANGUE),Não informado,Não informado,BOA VIAGEM,SUBURBIO,COLISÃO FRONTAL,Não informado,1.0,1.0,0.0,0.0,0.0,0.0,0.0,0.0,0.0,1.0,0.0,Longo da via,Bom,Não existe,Perfeito estado,Seca,Perfeito estado,Não existe,Outras,60.0,Dupla,Faixa seccionada,Não informado,2021,6,2,2,17.0
2021-06-03,16:21:00,COM VÍTIMA,FINALIZADA,TAMARINEIRA,EST VELHA DE AGUA FRIA,RUA JOSE DE VASCONCELOS,DENOCS,TAMARINEIRA,SUBURBIO,COLISÃO FRONTAL,Não informado,1.0,1.0,0.0,0.0,0.0,0.0,0.0,0.0,0.0,1.0,0.0,Cruzamento,Bom,Não existe,Não existente,Seca,Perfeito estado,Não existe,R-6a,60.0,Dupla,Faixa seccionada,Não informado,2021,6,3,3,16.0
2021-06-03,17:13:00,COM VÍTIMA,FINALIZADA,DERBY,AV GOVERNADOR AGAMENON MAGALHAES,RUA JOAQUIM NABUCO,PROXIMO AO HOSPITAL DA RESTAURAÇÃO SENTIDO BOA VIAGEM,DERBY,Não informado,COLISÃO LATERAL,Não informado,1.0,0.0,0.0,0.0,0.0,0.0,1.0,0.0,0.0,1.0,0.0,Cruzamento,Bom,Sem defeito,Perfeito estado,Seca,Perfeito estado,Faixa de pedestre,Outras,60.0,Dupla,Faixa seccionada,Não informado,2021,6,3,3,17.0
2021-06-03,19:23:00,COM VÍTIMA,FINALIZADA,ROSARINHO,RUA REGUEIRA COSTA,Não informado,COM A RUA CAIO PEREIRA,ROSARINHO,Não informado,COLISÃO FRONTAL,Não informado,1.0,1.0,0.0,0.0,0.0,0.0,0.0,0.0,0.0,1.0,0.0,Cruzamento,Bom,Não existe,Perfeito estado,Seca,Perfeito estado,Não existe,Não há placas,60.0,Única,Não existe,Não informado,2021,6,3,3,19.0
2021-06-03,19:28:00,COM VÍTIMA,FINALIZADA,CABANGA,VIADUTO CAPITAO TEMUDO,Não informado,SOBRE A AV ENGº JOSE ESTELITA SENTIDO OLINDA,CABANGA,CIDADE,COLISÃO COM CICLISTA,Não informado,1.0,0.0,0.0,1.0,0.0,0.0,0.0,0.0,0.0,1.0,0.0,Longo da via,Bom,Não existe,Perfeito estado,Seca,Perfeito estado,Não informado,Não há placas,60.0,Dupla,Outros,Não informado,2021,6,3,3,19.0
2021-06-04,00:10:00,SEM VÍTIMA,FINALIZADA,CABANGA,VIADUTO CAPITAO TEMUDO,Não informado,SOBRE O CAIS JOSÉ ESTELITA - SENTIDO OLINDA,CABANGA,Não informado,CHOQUE,Não informado,1.0,0.0,0.0,0.0,0.0,0.0,0.0,0.0,0.0,0.0,0.0,Não informado,Não informado,Não informado,Não informado,Não informado,Não informado,Não informado,Não informado,60.0,Não informado,Não informado,Não informado,2021,6,4,4,0.0
2021-06-04,00:26:00,COM VÍTIMA,FINALIZADA,BOA VIAGEM,AV CONSELHEIRO AGUIAR,RUA HENRIQUE CAPITULINO,CRUZAMENTO COM A RUA HENRIQUE CAPITULINO - PROXIMO A PIZZA HUT,BOA VIAGEM,CIDADE,COLISÃO TRANSVERSAL,Não informado,2.0,0.0,0.0,0.0,0.0,0.0,0.0,0.0,0.0,2.0,0.0,Cruzamento,Bom,Sem defeito,Perfeito estado,Seca,Perfeito estado,Faixa de pedestre,Outras,60.0,Única,Faixa contínua,Não informado,2021,6,4,4,0.0
2021-06-04,07:19:00,SEM VÍTIMA,DUPLICIDADE,IPSEP,AV RECIFE,Não informado,EM FRENTE AO BIG BOMPREÇO,IPSEP,SUBURBIO,COLISÃO TRANSVERSAL,Não informado,1.0,0.0,0.0,0.0,0.0,0.0,0.0,0.0,0.0,0.0,0.0,Não informado,Não informado,Não informado,Não informado,Não informado,Não informado,Não informado,Não informado,60.0,Não informado,Não informado,Não informado,2021,6,4,4,7.0
2021-06-04,07:33:00,COM VÍTIMA,FINALIZADA,IPSEP,AV RECIFE,RUA JEAN EMILE FAVRE,"ACIDENTE, CAPOTAMENTO. COM VÍTIMA NO BAIRRO DO IPSEP. SENTIDO  IBURA / BOA VIAGEM. VÍTIMA SOCORRIDA PELO SAMU",IPSEP,SUBURBIO,CAPOTAMENTO,Não informado,0.0,0.0,0.0,0.0,0.0,0.0,0.0,0.0,0.0,1.0,0.0,Longo da via,Chuvoso,Não existe,Perfeito estado,Seca,Perfeito estado,Não existe,Não há placas,60.0,Dupla,Faixa contínua,Não informado,2021,6,4,4,7.0
2021-06-04,10:45:00,COM VÍTIMA,FINALIZADA,PORTO DA MADEIRA,AV CIDADE DE MONTEIRO,RUA ARAO BOTLER,ACIDENTE ENTRE MOTO x AUTO COM VÓTIMA SOCORRIDA PELO SAMU. ANTE DO CONJ. JOÃO PAULO II-,PORTO DA MADEIRA,SUBURBIO,COLISÃO LATERAL,Não informado,1.0,1.0,0.0,0.0,0.0,0.0,0.0,0.0,0.0,1.0,0.0,Cruzamento,Bom,Não existe,Perfeito estado,Seca,Perfeito estado,Não existe,Não há placas,30.0,Dupla,Faixa contínua,Não informado,2021,6,4,4,10.0
2021-06-04,13:08:00,COM VÍTIMA,FINALIZADA,TORRE,RUA JOSE BONIFACIO,Não informado,AO LADO DO ATACADO DOS PRESENTES,TORRE,SUBURBIO,COLISÃO LATERAL,Não informado,0.0,1.0,0.0,0.0,0.0,0.0,1.0,0.0,0.0,1.0,0.0,Longo da via,Bom,Não existe,Perfeito estado,Seca,Perfeito estado,Não existe,Outras,40.0,Única,Faixa seccionada,Não informado,2021,6,4,4,13.0
2021-06-04,14:53:00,SEM VÍTIMA,FINALIZADA,ARRUDA,RUA JOAO LIBERATO,RUA SAO BENTO,CHOQUE CAMINHÃO COM POSTE. FIAÇÃO NO LOCAL CELPE JÁ ACIONADA,ARRUDA,SUBURBIO,CHOQUE,Não informado,0.0,0.0,0.0,0.0,0.0,0.0,1.0,0.0,0.0,0.0,0.0,Não informado,Não informado,Não informado,Não informado,Não informado,Não informado,Não informado,Não informado,60.0,Não informado,Não informado,Não informado,2021,6,4,4,14.0
2021-06-04,17:03:00,SEM VÍTIMA,FINALIZADA,DOIS IRMÃOS,RUA DOIS IRMAOS,Não informado,AO LADO DO MOTEL SENZALA,DOIS IRMÃOS,Não informado,COLISÃO FRONTAL,Não informado,0.0,0.0,0.0,0.0,0.0,1.0,1.0,0.0,0.0,0.0,0.0,Não informado,Não informado,Não informado,Não informado,Não informado,Não informado,Não informado,Não informado,60.0,Não informado,Não informado,Não informado,2021,6,4,4,17.0
2021-06-04,19:05:00,COM VÍTIMA,CANCELADA,ROSARINHO,AV SANTOS DUMONT,RUA AMARO COUTINHO,AUTO E MOTO,ROSARINHO,Não informado,COLISÃO FRONTAL,Não informado,1.0,1.0,0.0,0.0,0.0,0.0,0.0,0.0,0.0,1.0,0.0,Não informado,Não informado,Não informado,Não informado,Não informado,Não informado,Não informado,Não informado,60.0,Não informado,Não informado,Não informado,2021,6,4,4,19.0
2021-06-04,20:46:00,SEM VÍTIMA,FINALIZADA,GRAÇAS,AV CONS ROSA E SILVA,Não informado,PRAÇA DO ENTRONCAMENTO,GRAÇAS,SUBURBIO,CHOQUE,Não informado,0.0,0.0,0.0,0.0,0.0,0.0,0.0,0.0,0.0,0.0,0.0,Não informado,Não informado,Não informado,Não informado,Não informado,Não informado,Não informado,Não informado,60.0,Não informado,Não informado,Não informado,2021,6,4,4,20.0
2021-06-04,23:20:40,SEM VÍTIMA,FINALIZADA,DERBY,AV GOVERNADOR AGAMENON MAGALHAES,RUA DR BANDEIRA FILHO,Não informado,DERBY,SUBURBIO,COLISÃO TRANSVERSAL,Não informado,1.0,0.0,0.0,0.0,0.0,0.0,0.0,1.0,0.0,0.0,0.0,Cruzamento,Bom,Sem defeito,Perfeito estado,Seca,Perfeito estado,Faixa de pedestre,Não há placas,60.0,Dupla,Canteiro central,Não informado,2021,6,4,4,23.0