data,hora,natureza_acidente,situacao,bairro,endereco,detalhe_endereco_acidente,complemento,bairro_cruzamento,sentido_via,tipo,descricao,auto,moto,ciclom,ciclista,pedestre,onibus,caminhao,viatura,outros,vitimas,vitimasfatais,acidente_verificado,tempo_clima,situacao_semaforo,sinalizacao,condicao_via,conservacao_via,ponto_controle,situacao_placa,velocidade_max_via,mao_direcao,divisao_via1,natureza,ano,mes,dia,dia_semana,hora_ocorrencia
2021-06-05,07:38:00,COM VÍTIMA,FINALIZADA,CABANGA,AV GOVERNADOR AGAMENON MAGALHAES,Não informado,"ENFRENTE AO CABANGA, SENTIDO CAP. TEMUDO",CABANGA,Não informado,COLISÃO LATERAL,Não informado,1.0,1.0,0.0,0.0,0.0,0.0,0.0,0.0,0.0,1.0,0.0,Longo da via,Bom,Não existe,Perfeito estado,Seca,Perfeito estado,Outros,Não há placas,60.0,Dupla,Outros,Não informado,2021,6,5,5,7.0
2021-06-05,10:53:00,SEM VÍTIMA,FINALIZADA,DOIS UNIDOS,AV HILDEBRANDO DE VASCONCELOS,Não informado,PRAÇA DO COMAR - TERMINAL DE ÔNIBUS DE DOIS UNIDOS,DOIS UNIDOS,Não informado,Não informado,Não informado,0.0,0.0,0.0,0.0,0.0,1.0,0.0,1.0,0.0,0.0,0.0,Longo da via,Bom,Não existe,Não informado,Seca,Perfeito estado,Não existe,R-4a,60.0,Dupla,Não existe,Não informado,2021,6,5,5,10.0
2021-06-05,14:15:00,COM VÍTIMA,CANCELADA,BOA VIAGEM,RUA AGENOR LOPES,RUA RIBEIRO DE BRITO,E/F AO POSTO BR,BOA VIAGEM,Não informado,ATROPELAMENTO DE PESSOA,Não informado,1.0,0.0,0.0,0.0,1.0,0.0,0.0,0.0,0.0,1.0,0.0,Não informado,Não informado,Não informado,Não informado,Não informado,Não informado,Não informado,Não informado,60.0,Não informado,Não informado,Não informado,2021,6,5,5,14.0
2021-06-05,16:06:00,COM VÍTIMA,FINALIZADA,AREIAS,AV DR JOSE RUFINO,Não informado,PROX HONDA MOTOS,AREIAS,SUBURBIO,COLISÃO LATERAL,Não informado,1.0,1.0,0.0,0.0,0.0,0.0,0.0,0.0,0.0,1.0,0.0,Longo da via,Bom,Não existe,Perfeito estado,Seca,Perfeito estado,Não existe,Não informado,50.0,Não informado,Faixa contínua,Não informado,2021,6,5,5,16.0
2021-06-05,17:20:00,COM VÍTIMA,FINALIZADA,AFOGADOS,EST DOS REMEDIOS,RUA TABAIARES,Não informado,AFOGADOS,Não informado,CHOQUE,Não informado,1.0,0.0,0.0,0.0,0.0,0.0,0.0,0.0,0.0,3.0,0.0,Longo da via,Chuvoso,Sem defeito,Perfeito estado,Seca,Perfeito estado,Não existe,Não há placas,60.0,Única,Faixa seccionada,Não informado,2021,6,5,5,17.0
2021-06-05,18:40:00,COM VÍTIMA,FINALIZADA,SÃO JOSÉ,TRV DO RAPOSO,Não informado,"NA DESCIDA DA PONTE / PRÓX AO METRO, SNT RUA IMPERIAL",SÃO JOSÉ,SUBURBIO,COLISÃO LATERAL,Não informado,1.0,1.0,0.0,0.0,0.0,0.0,0.0,0.0,0.0,1.0,0.0,Viaduto,Chuvoso,Não existe,Não existente,Molhada,Mal iluminada,Não existe,Não há placas,60.0,Dupla,Não existe,Não informado,2021,6,5,5,18.0
2021-06-06,09:04:00,COM VÍTIMA,FINALIZADA,TORREÃO,AV NORTE,RUA MARQUES DO PARANA,LADO OPOSTO A CHURRASCARIA LEITÃO,TORREÃO,CIDADE,QUEDA,Não informado,0.0,1.0,0.0,0.0,0.0,0.0,0.0,0.0,0.0,1.0,0.0,Esquina,Chuvoso,Sem defeito,Perfeito estado,Molhada,Perfeito estado,Faixa de pedestre,R-6a,60.0,Dupla,Faixa seccionada,Não informado,2021,6,6,6,9.0
2021-06-06,12:16:00,SEM VÍTIMA,CANCELADA,MACAXEIRA,AV NORTE,Não informado,E/F AO PARQUE ESTADUAL DA MACAXEIRA,MACAXEIRA,Não informado,COLISÃO TRASEIRA,Não informado,1.0,0.0,0.0,0.0,0.0,0.0,1.0,0.0,0.0,0.0,0.0,Não informado,Não informado,Não informado,Não informado,Não informado,Não informado,Não informado,Não informado,60.0,Não informado,Não informado,Não informado,2021,6,6,6,12.0
2021-06-06,13:18:00,COM VÍTIMA,FINALIZADA,CABANGA,PTE JOSE DE BARROS LIMA,Não informado,"EM CIMA DO VIADUTO, SENTIDO OLINDA",CABANGA,Não informado,COLISÃO TRASEIRA,Não informado,2.0,0.0,0.0,0.0,0.0,0.0,0.0,0.0,0.0,1.0,0.0,Viaduto,Bom,Não existe,Perfeito estado,Seca,Perfeito estado,Não existe,Não há placas,60.0,Dupla,Faixa seccionada,Não informado,2021,6,6,6,13.0
2021-06-06,15:26:00,COM VÍTIMA,FINALIZADA,ILHA DO LEITE,RUA FRANCISCO ALVES,AV FREI MATIAS TEVES,EM FRENTE AO HOPE,ILHA DO LEITE,Não informado,COLISÃO LATERAL,Não informado,2.0,0.0,0.0,0.0,0.0,0.0,0.0,0.0,0.0,1.0,0.0,Não informado,Não informado,Não informado,Não informado,Não informado,Não informado,Não informado,Não informado,60.0,Não informado,Não informado,Não informado,2021,6,6,6,15.0
2021-06-06,15:44:00,COM VÍTIMA,FINALIZADA,PINA,AV ANTONIO DE GOES,RUA MANOEL DE BRITO,SAÍDA DO TÚNEL DO RIO MAR,PINA,Não informado,COLISÃO COM CICLISTA,Não informado,1.0,0.0,0.0,1.0,0.0,0.0,0.0,0.0,0.0,1.0,0.0,Não informado,Não informado,Não informado,Não informado,Não informado,Não informado,Não informado,Não informado,60.0,Não informado,Não informado,Não informado,2021,6,6,6,15.0
2021-06-06,18:06:00,COM VÍTIMA,FINALIZADA,GRAÇAS,AV CONS ROSA E SILVA,RUA ANTENOR NAVARRO,PONTO DO AÇAI E DROGASIL,GRAÇAS,SUBURBIO,COLISÃO LATERAL,Não informado,1.0,1.0,0.0,0.0,0.0,0.0,0.0,0.0,0.0,1.0,0.0,Cruzamento,Bom,Sem defeito,Perfeito estado,Seca,Perfeito estado,Faixa de retenção,Não há placas,60.0,Única,Não existe,Não informado,2021,6,6,6,18.0
2021-06-06,20:48:00,COM VÍTIMA,FINALIZADA,NOVA DESCOBERTA,AV VEREADOR OTACILIO AZEVEDO,Não informado,E/F A ASSEMBLEIA DE DEUS,NOVA DESCOBERTA,SUBURBIO,COLISÃO FRONTAL,Não informado,0.0,2.0,0.0,0.0,0.0,0.0,0.0,0.0,0.0,2.0,0.0,Longo da via,Bom,Não existe,Incompleta,Seca,Não informado,Não informado,Não informado,60.0,Dupla,Não existe,Não informado,2021,6,6,6,20.0
2021-06-07,07:22:00,SEM VÍTIMA,FINALIZADA,ENCRUZILHADA,RUA CASTRO ALVES,Não informado,CAIXA ECONOMICA,ENCRUZILHADA,Não informado,OUTROS APOIOS,Não informado,0.0,0.0,0.0,0.0,0.0,0.0,0.0,0.0,0.0,0.0,0.0,Não informado,Não informado,Não informado,Não informado,Não informado,Não informado,Não informado,Não informado,60.0,Não informado,Não informado,Não informado,2021,6,7,0,7.0
2021-06-07,08:47:00,COM VÍTIMA,FINALIZADA,TEJIPIÓ,AV DR JOSE RUFINO,Não informado,EM FRENTE AO EDF CASA SOLAN,TEJIPIÓ,SUBURBIO,COLISÃO FRONTAL,Não informado,1.0,1.0,0.0,0.0,0.0,0.0,0.0,0.0,0.0,1.0,0.0,Longo da via,Chuvoso,Não existe,Perfeito estado,Seca,Perfeito estado,Não existe,Outras,60.0,Dupla,Faixa contínua,Não informado,2021,6,7,0,8.0
2021-06-08,09:02:00,COM VÍTIMA,FINALIZADA,SANTO ANTÔNIO,RUA DO SOL,Não informado,EM FRENTE AO POSTO BO19343,SANTO ANTÔNIO,CIDADE,QUEDA,Não informado,0.0,1.0,0.0,0.0,0.0,0.0,0.0,0.0,0.0,1.0,0.0,Longo da via,Bom,Não existe,Perfeito estado,Oleosa,Perfeito estado,Não existe,Outras,40.0,Única,Faixa seccionada,Não informado,2021,6,8,1,9.0
2021-06-08,10:13:00,COM VÍTIMA,FINALIZADA,DERBY,AV GOVERNADOR AGAMENON MAGALHAES,Não informado,EM FRENTE AO HOSPITAL DA RESTAURAÇÃO SENT. BOA VIAGEM,DERBY,Não informado,COLISÃO LATERAL,Não informado,1.0,1.0,0.0,0.0,0.0,0.0,0.0,0.0,0.0,1.0,0.0,Longo da via,Chuvoso,Sem defeito,Perfeito estado,Seca,Perfeito estado,Faixa de pedestre,Não há placas,60.0,Única,Faixa contínua,Não informado,2021,6,8,1,10.0
2021-06-08,11:46:00,COM VÍTIMA,FINALIZADA,PRADO,RUA CARLOS GOMES,Não informado,E/F AO BAILE PERFUMADO,PRADO,Não informado,COLISÃO LATERAL,Não informado,1.0,1.0,0.0,0.0,0.0,0.0,0.0,0.0,0.0,1.0,0.0,Não informado,Não informado,Não informado,Não informado,Não informado,Não informado,Não informado,Não informado,60.0,Não informado,Não informado,Não informado,2021,6,8,1,11.0
2021-06-08,12:51:00,COM VÍTIMA,FINALIZADA,TEJIPIÓ,RUA DO SANCHO,Não informado,PRÓX AO RESIDENCIAL BOSQUE DAS PALMEIRAS / SALÃO DAS TESTEMUNHAS DE JEOVÁ,TEJIPIÓ,Não informado,COLISÃO LATERAL,Não informado,0.0,1.0,0.0,0.0,0.0,1.0,0.0,0.0,0.0,2.0,0.0,Longo da via,Chuvoso,Não existe,Não existente,Molhada,Mal conservada,Não existe,Não há placas,60.0,Dupla,Não existe,Não informado,2021,6,8,1,12.0
2021-06-08,16:59:00,SEM VÍTIMA,FINALIZADA,IMBIRIBEIRA,RUA JOAQUIM BANDEIRA,Não informado,PROXIMO A GEOVANE SOM,IMBIRIBEIRA,Não informado,CHOQUE,Não informado,1.0,1.0,0.0,0.0,0.0,0.0,0.0,0.0,0.0,0.0,0.0,Não informado,Não informado,Não informado,Não informado,Não informado,Não informado,Não informado,Não informado,60.0,Não informado,Não informado,Não informado,2021,6,8,1,16.0
2021-06-08,17:24:00,COM VÍTIMA,FINALIZADA,JIQUIÁ,RUA SAO MIGUEL,Não informado,NA RUA DA FABRICA DA IOLANDA,JIQUIÁ,CIDADE,COLISÃO FRONTAL,Não informado,0.0,2.0,0.0,0.0,0.0,0.0,0.0,0.0,0.0,1.0,0.0,Longo da via,Chuvoso,Sem defeito,Incompleta,Molhada,Perfeito estado,Não existe,Outras,40.0,Dupla,Faixa contínua,Não informado,2021,6,8,1,17.0
2021-06-08,19:09:00,COM VÍTIMA,FINALIZADA,IPSEP,RUA SAO NICOLAU,RUA PROFESSOR JOSE VICENTE,E/F A FARMACIA BOM CONSELHO,IPSEP,CIDADE,COLISÃO LATERAL,Não informado,1.0,1.0,0.0,0.0,0.0,0.0,0.0,0.0,0.0,1.0,0.0,Cruzamento,Bom,Não existe,Não existente,Seca,Mal conservada,Não existe,Não há placas,60.0,Única,Não existe,Não informado,2021,6,8,1,19.0
2021-06-08,20:42:00,COM VÍTIMA,FINALIZADA,SÃO JOSÉ,AV DANTAS BARRETO,RUA DO PEIXOTO,"PRÓX AO METRO, SNT METRO / SEMÁFORO 181",SÃO JOSÉ,SUBURBIO,COLISÃO LATERAL,Não informado,1.0,1.0,0.0,0.0,0.0,0.0,0.0,0.0,0.0,1.0,0.0,Cruzamento,Bom,Sem defeito,Perfeito estado,Seca,Perfeito estado,Não existe,Não há placas,60.0,Dupla,Faixa contínua,Não informado,2021,6,8,1,20.0
2021-06-08,21:40:40,COM VÍTIMA,FINALIZADA,BOA VIAGEM,VIADUTO TANCREDO NEVES,Não informado,AO LADO DO ATACADAO,BOA VIAGEM,SUBURBIO,COLISÃO LATERAL,Não informado,1.0,1.0,0.0,0.0,0.0,0.0,0.0,0.0,0.0,1.0,0.0,Viaduto,Chuvoso,Não existe,Perfeito estado,Seca,Perfeito estado,Não existe,Não há placas,60.0,Dupla,Faixa seccionada,Não informado,2021,6,8,1,21.0
2021-06-09,10:20:00,COM VÍTIMA,FINALIZADA,PINA,RUA MANOEL DE BRITO,Não informado,APÓS O 19º. EM FRENTE AO CALDINHO DO NENÊ,PINA,Não informado,COLISÃO LATERAL,Não informado,1.0,1.0,0.0,0.0,0.0,0.0,0.0,0.0,0.0,1.0,0.0,Longo da via,Chuvoso,Sem defeito,Perfeito estado,Molhada,Perfeito estado,Não existe,Não há placas,60.0,Única,Faixa contínua,Não informado,2021,6,9,2,10.0
2021-06-09,13:47:00,COM VÍTIMA,FINALIZADA,MUSTARDINHA,RUA VINTE E UM DE ABRIL,Não informado,AO LADO DO TERMINAL DA MUSTARDINHA,MUSTARDINHA,SUBURBIO,COLISÃO LATERAL,Não informado,1.0,1.0,0.0,0.0,0.0,0.0,0.0,0.0,0.0,1.0,0.0,Longo da via,Bom,Sem defeito,Perfeito estado,Seca,Perfeito estado,Não existe,Não há placas,60.0,Dupla,Não existe,Não informado,2021,6,9,2,13.0
2021-06-09,18:27:00,COM VÍTIMA,CANCELADA,BARRO,RUA PADRE NOBREGA,Não informado,E/F A QUADRA DO  CANÁRIO,BARRO,Não informado,COLISÃO LATERAL,Não informado,2.0,0.0,0.0,0.0,0.0,0.0,0.0,0.0,0.0,1.0,0.0,Não informado,Não informado,Não informado,Não informado,Não informado,Não informado,Não informado,Não informado,60.0,Não informado,Não informado,Não informado,2021,6,9,2,18.0
2021-06-10,12:50:00,COM VÍTIMA,FINALIZADA,PAISSANDU,AV GOVERNADOR AGAMENON MAGALHAES,Não informado,EM FRENTE AO HOSPITAL PORTUGUES/ SENTIDO BOA VIAGEM,PAISSANDU,SUBURBIO,ATROPELAMENTO DE PESSOA,Não informado,0.0,0.0,0.0,0.0,1.0,1.0,0.0,0.0,0.0,1.0,0.0,Longo da via,Bom,Sem defeito,Perfeito estado,Seca,Perfeito estado,Faixa de pedestre,Não há placas,60.0,Dupla,Faixa seccionada,Não informado,2021,6,10,3,12.0
2021-06-10,15:48:00,COM VÍTIMA,FINALIZADA,AFOGADOS,RUA VINTE E UM DE ABRIL,Não informado,E/F AO CAFE PETINHO,AFOGADOS,Não informado,COLISÃO LATERAL,Não informado,0.0,2.0,0.0,0.0,0.0,0.0,0.0,0.0,0.0,1.0,0.0,Longo da via,Bom,Não existe,Incompleta,Seca,Perfeito estado,Não existe,Outras,40.0,Dupla,Faixa contínua,Não informado,2021,6,10,3,15.0
2021-06-11,06:22:00,COM VÍTIMA,FINALIZADA,BOA VIAGEM,AV ENGENHEIRO DOMINGOS FERREIRA,RUA FELIX DE BRITO E MELO,E/F A EXTRAFARMA,BOA VIAGEM,SUBURBIO,COLISÃO TRANSVERSAL,Não informado,2.0,0.0,0.0,0.0,0.0,0.0,0.0,0.0,0.0,1.0,0.0,Cruzamento,Chuvoso,Sem defeito,Perfeito estado,Molhada,Perfeito estado,Faixa de pedestre,Outras,60.0,Única,Canteiro central,Não informado,2021,6,11,4,6.0
2021-06-11,09:15:00,COM VÍTIMA,FINALIZADA,JOANA BEZERRA,RUA DOM PAULO II,Não informado,LADO OPOSTO AO FORUM DES. RODOLFO AURELIANO,JOANA BEZERRA,SUBURBIO,COLISÃO COM CICLISTA,Não informado,1.0,0.0,0.0,1.0,0.0,0.0,0.0,0.0,0.0,1.0,0.0,Longo da via,Bom,Não existe,Perfeito estado,Seca,Perfeito estado,Não existe,Não há placas,60.0,Dupla,Canteiro central,Não informado,2021,6,11,4,9.0
2021-06-11,09:18:00,COM VÍTIMA,FINALIZADA,ESTÂNCIA,AV DR JOSE RUFINO,Não informado,EM FRENTE A PANIFICADORA FITIENTE,ESTÂNCIA,CIDADE,COLISÃO LATERAL,Não informado,1.0,1.0,0.0,0.0,0.0,0.0,0.0,0.0,0.0,1.0,0.0,Longo da via,Bom,Não existe,Perfeito estado,Seca,Perfeito estado,Não existe,R-6a,50.0,Dupla,Faixa contínua,Não informado,2021,6,11,4,9.0
2021-06-11,12:36:00,COM VÍTIMA,FINALIZADA,CORDEIRO,AV INACIO MONTEIRO,Não informado,PROXIMO AO COLEGIO ALBERT SABIN,CORDEIRO,DUPLO,COLISÃO LATERAL,Não informado,1.0,1.0,0.0,0.0,0.0,0.0,0.0,0.0,0.0,1.0,0.0,Cruzamento,Bom,Não existe,Perfeito estado,Seca,Perfeito estado,Não existe,Não há placas,60.0,Dupla,Faixa seccionada,Não informado,2021,6,11,4,12.0
2021-06-11,12:38:00,COM VÍTIMA,FINALIZADA,JORDÃO,RUA BOANERGES PEREIRA,Não informado,PRÓX À DROGARIA RECIFE,JORDÃO,SUBURBIO,CAPOTAMENTO,Não informado,2.0,0.0,0.0,0.0,0.0,0.0,0.0,0.0,0.0,1.0,0.0,Longo da via,Bom,Não existe,Não existente,Seca,Perfeito estado,Não existe,Não há placas,60.0,Dupla,Não existe,Não informado,2021,6,11,4,12.0
2021-06-11,12:56:00,COM VÍTIMA,FINALIZADA,BOA VIAGEM,VIADUTO TANCREDO NEVES,Não informado,EM CIMA DO VIADUTO/ SENTIDO BOA VIAGEM,BOA VIAGEM,BOA VIAGEM,COLISÃO TRASEIRA,Não informado,1.0,1.0,0.0,0.0,0.0,0.0,0.0,0.0,0.0,1.0,0.0,Longo da via,Bom,Não existe,Perfeito estado,Seca,Perfeito estado,Não existe,Não há placas,60.0,Única,Não existe,Não informado,2021,6,11,4,12.0
2021-06-11,20:28:00,COM VÍTIMA,FINALIZADA,IPSEP,AV RECIFE,RUA JEAN EMILE FAVRE,"SEMÁFORO 247, SNT BV",IPSEP,BOA VIAGEM,COLISÃO LATERAL,Não informado,0.0,2.0,0.0,0.0,0.0,0.0,0.0,0.0,0.0,1.0,0.0,Longo da via,Bom,Sem defeito,Perfeito estado,Seca,Perfeito estado,Não existe,Não há placas,60.0,Dupla,Faixa seccionada,Não informado,2021,6,11,4,20.0
2021-06-11,20:43:40,COM VÍTIMA,CANCELADA,CASA FORTE,AV DEZESSETE DE AGOSTO,Não informado,PRÓX AO  GUAIAMUM BAR E RESTAURANTE,CASA FORTE,Não informado,COLISÃO TRASEIRA,Não informado,1.0,1.0,0.0,0.0,0.0,0.0,0.0,0.0,0.0,1.0,0.0,Não informado,Não informado,Não informado,Não informado,Não informado,Não informado,Não informado,Não informado,60.0,Não informado,Não informado,Não informado,2021,6,11,4,20.0
2021-06-12,03:22:00,COM VÍTIMA,FINALIZADA,JORDÃO,AV MARIA IRENE,Não informado,EDF. MARIA IRENE,JORDÃO,CIDADE,COLISÃO FRONTAL,Não informado,1.0,1.0,0.0,0.0,0.0,0.0,0.0,0.0,0.0,2.0,0.0,Longo da via,Bom,Não existe,Não existente,Seca,Perfeito estado,Não existe,Não há placas,60.0,Dupla,Canteiro central,Não informado,2021,6,12,5,3.0
2021-06-12,07:48:00,COM VÍTIMA,FINALIZADA,SANTO AMARO,RUA DOS CASADOS,PRC GENERAL CARLOS PINTO,AO LADO DA PRAÇA GENERAL CARLOS PINTO,SANTO AMARO,CIDADE,COLISÃO LATERAL,Não informado,1.0,1.0,0.0,0.0,0.0,0.0,0.0,0.0,0.0,1.0,0.0,Esquina,Bom,Sem defeito,Não informado,Seca,Perfeito estado,Não existe,R-6a,60.0,Dupla,Não existe,Não informado,2021,6,12,5,7.0
2021-06-12,09:37:00,SEM VÍTIMA,FINALIZADA,NOVA DESCOBERTA,RUA JOSE REBOUCAS,Não informado,PROX. AO TERMINAL DO BREJO // BIFURCAÇÃO COM A RUA NICOLINO MIRANDA,NOVA DESCOBERTA,SUBURBIO,COLISÃO FRONTAL,Não informado,0.0,2.0,0.0,0.0,0.0,0.0,0.0,0.0,0.0,0.0,0.0,Longo da via,Bom,Não existe,Não existente,Seca,Perfeito estado,Não existe,Não há placas,60.0,Dupla,Não existe,Não informado,2021,6,12,5,9.0
2021-06-12,10:06:00,COM VÍTIMA,FINALIZADA,CASA AMARELA,AV NORTE,Não informado,"PROX. AO SESC, SENT. CIDADE",CASA AMARELA,CIDADE,COLISÃO TRASEIRA,Não informado,0.0,2.0,0.0,0.0,0.0,0.0,0.0,0.0,0.0,1.0,0.0,Cruzamento,Bom,Sem defeito,Perfeito estado,Seca,Perfeito estado,Faixa de pedestre,Outras,60.0,Dupla,Faixa seccionada,Não informado,2021,6,12,5,10.0
2021-06-12,10:57:00,COM VÍTIMA,FINALIZADA,AFOGADOS,RUA COSME VIANA,RUA PADRE TEOFILO TWORZ,E/F A LOJA TUPAN,AFOGADOS,SUBURBIO,COLISÃO LATERAL,Não informado,3.0,1.0,0.0,0.0,0.0,0.0,0.0,0.0,0.0,1.0,0.0,Cruzamento,Bom,Sem defeito,Perfeito estado,Seca,Perfeito estado,Outros,Não há placas,60.0,Única,Canteiro central,Não informado,2021,6,12,5,10.0
2021-06-12,12:00:00,COM VÍTIMA,FINALIZADA,BOA VIAGEM,AV BOA VIAGEM,Não informado,PROX. AO PARK HOTEL,BOA VIAGEM,CIDADE,COLISÃO TRASEIRA,Não informado,1.0,1.0,0.0,0.0,0.0,0.0,0.0,0.0,0.0,1.0,0.0,Longo da via,Bom,Sem defeito,Perfeito estado,Seca,Perfeito estado,Não existe,Não há placas,60.0,Única,Faixa contínua,Não informado,2021,6,12,5,12.0
2021-06-12,12:34:00,COM VÍTIMA,FINALIZADA,ARRUDA,AV BEBERIBE,Não informado,AO LADO DO ARMAZÉM CORAL,ARRUDA,SUBURBIO,COLISÃO LATERAL,Não informado,1.0,0.0,0.0,0.0,0.0,0.0,0.0,0.0,0.0,1.0,0.0,Cruzamento,Bom,Não existe,Incompleta,Seca,Perfeito estado,Não existe,Não há placas,60.0,Dupla,Não informado,Não informado,2021,6,12,5,12.0
2021-06-12,12:41:00,SEM VÍTIMA,CANCELADA,IMBIRIBEIRA,RUA CAFESOPOLIS,Não informado,POR TRÁS DO FORUN PEQUENAS CAUSAS,IMBIRIBEIRA,Não informado,COLISÃO TRASEIRA,Não informado,2.0,0.0,0.0,0.0,0.0,0.0,0.0,0.0,0.0,0.0,0.0,Não informado,Não informado,Não informado,Não informado,Não informado,Não informado,Não informado,Não informado,60.0,Não informado,Não informado,Não informado,2021,6,12,5,12.0
2021-06-12,13:33:00,COM VÍTIMA,FINALIZADA,TORRE,RUA REAL DA TORRE,Não informado,SOBRE A PONTE DA TORRE,TORRE,Não informado,COLISÃO LATERAL,Não informado,1.0,1.0,0.0,0.0,0.0,0.0,0.0,0.0,0.0,1.0,0.0,Longo da via,Bom,Não existe,Não existente,Seca,Perfeito estado,Não existe,Outras,60.0,Única,Faixa seccionada,Não informado,2021,6,12,5,13.0
2021-06-12,13:54:00,SEM VÍTIMA,FINALIZADA,CIDADE UNIVERSITÁRIA,RUA GENERAL POLIDORO,Não informado,PRÓX À REEF ACADEMIA,CIDADE UNIVERSITÁRIA,Não informado,COLISÃO LATERAL,Não informado,1.0,1.0,0.0,0.0,0.0,0.0,0.0,0.0,0.0,0.0,0.0,Não informado,Não informado,Não informado,Não informado,Não informado,Não informado,Não informado,Não informado,60.0,Não informado,Não informado,Não informado,2021,6,12,5,13.0
2021-06-12,14:33:00,SEM VÍTIMA,CANCELADA,COHAB,RUA DR BENIGNO JORDAO DE VASCONCELOS,Não informado,AO LADO CANAL/ESCOLA LAGOA ENCANTADA,COHAB,Não informado,COLISÃO LATERAL,Não informado,0.0,2.0,0.0,0.0,0.0,0.0,0.0,0.0,0.0,0.0,0.0,Não informado,Não informado,Não informado,Não informado,Não informado,Não informado,Não informado,Não informado,60.0,Não informado,Não informado,Não informado,2021,6,12,5,14.0
2021-06-12,21:00:40,COM VÍTIMA,FINALIZADA,BARRO,AV DR JOSE RUFINO,Não informado,E/F AO CONVENTO DO BARRO,BARRO,SUBURBIO,COLISÃO FRONTAL,Não informado,1.0,1.0,0.0,0.0,0.0,0.0,0.0,0.0,0.0,1.0,0.0,Longo da via,Bom,Não existe,Perfeito estado,Seca,Perfeito estado,Não existe,R-6a,60.0,Dupla,Faixa contínua,Não informado,2021,6,12,5,21.0
2021-06-12,21:10:40,COM VÍTIMA,FINALIZADA,AFOGADOS,RUA DA PAZ,Não informado,EM FRENTE A POLICLINICA AGAMENON MAGALHAES,AFOGADOS,SUBURBIO,COLISÃO COM CICLISTA,Não informado,1.0,0.0,0.0,1.0,0.0,0.0,0.0,0.0,0.0,1.0,0.0,Longo da via,Bom,Não existe,Perfeito estado,Seca,Perfeito estado,Não existe,Outras,60.0,Única,Faixa seccionada,Não informado,2021,6,12,5,21.0
2021-06-13,06:15:00,COM VÍTIMA,FINALIZADA,BRASÍLIA TEIMOSA,RUA COMENDADOR MORAES,Não informado,AO LADO DO JC PM,BRASÍLIA TEIMOSA,SUBURBIO,QUEDA,Não informado,0.0,0.0,1.0,0.0,0.0,0.0,0.0,0.0,0.0,2.0,0.0,Longo da via,Bom,Não existe,Perfeito estado,Seca,Perfeito estado,Não existe,Outras,60.0,Única,Faixa seccionada,Não informado,2021,6,13,6,6.0
2021-06-13,10:18:00,COM VÍTIMA,FINALIZADA,IPSEP,RUA JEAN EMILE FAVRE,RUA BLUMENAU,Não informado,IPSEP,SUBURBIO,COLISÃO LATERAL,Não informado,1.0,1.0,0.0,0.0,0.0,0.0,0.0,0.0,0.0,1.0,0.0,Cruzamento,Bom,Sem defeito,Perfeito estado,Seca,Perfeito estado,Faixa de pedestre,R-6a,60.0,Dupla,Faixa contínua,Não informado,2021,6,13,6,10.0
2021-06-13,19:11:00,COM VÍTIMA,FINALIZADA,BONGI,EST DO BONGI,Não informado,PROX A DELEGACIA DA POLICIA CIVIL,BONGI,CIDADE,COLISÃO COM CICLISTA,Não informado,0.0,1.0,0.0,1.0,0.0,0.0,0.0,0.0,0.0,1.0,0.0,Longo da via,Bom,Não existe,Perfeito estado,Seca,Perfeito estado,Não informado,Não há placas,30.0,Dupla,Faixa contínua,Não informado,2021,6,13,6,19.0
2021-06-13,20:20:00,COM VÍTIMA,FINALIZADA,CAMPO GRANDE,AV GOVERNADOR AGAMENON MAGALHAES,Não informado,PROX AO POSTO DISLUB,CAMPO GRANDE,OLINDA,COLISÃO LATERAL,Não informado,1.0,1.0,0.0,0.0,0.0,0.0,0.0,0.0,0.0,1.0,0.0,Não informado,Não informado,Não informado,Não informado,Não informado,Não informado,Não informado,Não informado,60.0,Não informado,Não informado,Não informado,2021,6,13,6,20.0
2021-06-13,21:25:40,COM VÍTIMA,FINALIZADA,BONGI,RUA PADRE TEOFILO TWORZ,RUA CARLOS GOMES,NO CRUZAMNETO MESMO,BONGI,SUBURBIO,COLISÃO FRONTAL,Não informado,1.0,1.0,0.0,0.0,0.0,0.0,0.0,0.0,0.0,1.0,0.0,Cruzamento,Bom,Não existe,Perfeito estado,Seca,Perfeito estado,Não existe,"Placas ""Pare""",60.0,Única,Faixa seccionada,Não informado,2021,6,13,6,21.0