data,hora,natureza_acidente,situacao,bairro,endereco,detalhe_endereco_acidente,complemento,bairro_cruzamento,sentido_via,tipo,descricao,auto,moto,ciclom,ciclista,pedestre,onibus,caminhao,viatura,outros,vitimas,vitimasfatais,acidente_verificado,tempo_clima,situacao_semaforo,sinalizacao,condicao_via,conservacao_via,ponto_controle,situacao_placa,velocidade_max_via,mao_direcao,divisao_via1,natureza,ano,mes,dia,dia_semana,hora_ocorrencia
2021-06-14,07:01:00,COM VÍTIMA,FINALIZADA,BAIRRO DO RECIFE,AV MILITAR,Não informado,EM FRENTE O POSTO BR E PROX. DA PREFEITURA,BAIRRO DO RECIFE,Não informado,COLISÃO LATERAL,Não informado,0.0,1.0,0.0,0.0,0.0,1.0,0.0,0.0,0.0,1.0,0.0,Não informado,Não informado,Não informado,Não informado,Não informado,Não informado,Não informado,Não informado,60.0,Não informado,Não informado,Não informado,2021,6,14,0,7.0
2021-06-14,11:52:00,SEM VÍTIMA,FINALIZADA,TEJIPIÓ,AV PADRE IBIAPINA,Não informado,AO LADO DO POSTE Nº B 088968,TEJIPIÓ,SUBURBIO,COLISÃO TRASEIRA,Não informado,2.0,0.0,0.0,0.0,0.0,0.0,0.0,0.0,0.0,0.0,0.0,Longo da via,Bom,Não existe,Não existente,Seca,Perfeito estado,Não existe,Não há placas,60.0,Dupla,Não existe,Não informado,2021,6,14,0,11.0
2021-06-14,11:55:00,COM VÍTIMA,FINALIZADA,BEBERIBE,AV BEBERIBE,RUA DALVA DE OLIVEIRA,Não informado,BEBERIBE,Não informado,COLISÃO LATERAL,Não informado,1.0,1.0,0.0,0.0,0.0,0.0,0.0,0.0,0.0,1.0,0.0,Cruzamento,Chuvoso,Sem defeito,Perfeito estado,Molhada,Perfeito estado,Faixa de pedestre,Outras,60.0,Dupla,Faixa contínua,Não informado,2021,6,14,0,11.0
2021-06-14,14:22:00,COM VÍTIMA,FINALIZADA,DERBY,PRC DO DERBY,Não informado,EM FRENTE AO LABORATÓRIO MARCELO MAGALHÃES,DERBY,CIDADE,ATROPELAMENTO DE PESSOA,Não informado,1.0,0.0,0.0,0.0,1.0,0.0,0.0,0.0,0.0,1.0,0.0,Longo da via,Bom,Não existe,Perfeito estado,Seca,Perfeito estado,Não existe,Outras,60.0,Única,Faixa seccionada,Não informado,2021,6,14,0,14.0
2021-06-14,17:04:00,COM VÍTIMA,CANCELADA,CASA AMARELA,RUA DES MOTTA JUNIOR,Não informado,E/F A ESCOLA ESTADUAL CARLOS DE LIMA CAVALCANTI,CASA AMARELA,Não informado,COLISÃO LATERAL,Não informado,1.0,1.0,0.0,0.0,0.0,0.0,0.0,0.0,0.0,1.0,0.0,Não informado,Não informado,Não informado,Não informado,Não informado,Não informado,Não informado,Não informado,60.0,Não informado,Não informado,Não informado,2021,6,14,0,17.0
2021-06-14,19:36:00,COM VÍTIMA,FINALIZADA,MADALENA,RUA JOSE OSORIO,Não informado,PRÓX A AUTO NORDESTE E MULTI MARCAS,MADALENA,CIDADE,COLISÃO FRONTAL,Não informado,1.0,1.0,0.0,0.0,0.0,0.0,0.0,0.0,0.0,1.0,0.0,Longo da via,Chuvoso,Não existe,Perfeito estado,Molhada,Perfeito estado,Não existe,Não há placas,60.0,Dupla,Faixa contínua,Não informado,2021,6,14,0,19.0
2021-06-14,20:33:40,COM VÍTIMA,FINALIZADA,BOA VISTA,AV CONDE DA BOA VISTA,Não informado,LOGO APÓS O CRUZAMENTO COM A RUA GERVÁSIO PIRES,BOA VISTA,SUBURBIO,COLISÃO FRONTAL,Não informado,0.0,1.0,0.0,0.0,0.0,0.0,0.0,0.0,0.0,1.0,0.0,Longo da via,Chuvoso,Não existe,Perfeito estado,Molhada,Perfeito estado,Não existe,Outras,60.0,Única,Faixa seccionada,Não informado,2021,6,14,0,20.0
2021-06-15,11:05:00,COM VÍTIMA,FINALIZADA,BEBERIBE,AV BEBERIBE,RUA ZEFERINO AGRA,AO LADO OFICINA SAO MARCOS,BEBERIBE,CIDADE,COLISÃO FRONTAL,Não informado,1.0,1.0,0.0,0.0,0.0,0.0,0.0,0.0,0.0,1.0,0.0,Longo da via,Bom,Não existe,Perfeito estado,Seca,Perfeito estado,Faixa de pedestre,Não há placas,60.0,Dupla,Faixa contínua,Não informado,2021,6,15,1,11.0
2021-06-15,11:07:00,COM VÍTIMA,FINALIZADA,CAMPO GRANDE,AV PROFESSOR JOSE DOS ANJOS,Não informado,"SENT. OLINDA, EM FRENTE AO SUPERMERCADO BOA FEIRA",CAMPO GRANDE,Não informado,COLISÃO TRASEIRA,Não informado,1.0,1.0,0.0,0.0,0.0,0.0,0.0,0.0,0.0,1.0,0.0,Longo da via,Bom,Não existe,Perfeito estado,Seca,Perfeito estado,Não existe,Não há placas,60.0,Única,Faixa seccionada,Não informado,2021,6,15,1,11.0
2021-06-15,11:14:00,COM VÍTIMA,FINALIZADA,SAN MARTIN,RUA CLOTILDE DE OLIVEIRA,Não informado,PROX. DO GERTULIO VARGAS,SAN MARTIN,CIDADE,COLISÃO FRONTAL,Não informado,1.0,1.0,0.0,0.0,0.0,0.0,0.0,0.0,0.0,1.0,0.0,Cruzamento,Bom,Sem defeito,Ilegível,Seca,Mal conservada,Faixa de pedestre,R-6a,60.0,Dupla,Faixa contínua,Não informado,2021,6,15,1,11.0
2021-06-15,12:17:00,COM VÍTIMA,FINALIZADA,BOA VIAGEM,RUA BALTAZAR PASSOS,RUA ALMIRANTE BATISTA LEAO,AO LADO DO COLEGIO MADRE DE DEUS  E/F AO BAR DO LUIZ,BOA VIAGEM,Não informado,COLISÃO LATERAL,Não informado,1.0,1.0,0.0,0.0,0.0,0.0,0.0,0.0,0.0,1.0,0.0,Cruzamento,Bom,Não existe,Incompleta,Seca,Perfeito estado,Não existe,"Placas ""Pare""",60.0,Única,Faixa seccionada,Não informado,2021,6,15,1,12.0
2021-06-15,13:36:00,COM VÍTIMA,FINALIZADA,ESPINHEIRO,RUA DA HORA,Não informado,APÓS O BRADESCO,ESPINHEIRO,Não informado,COLISÃO COM CICLISTA,Não informado,1.0,0.0,0.0,1.0,0.0,0.0,0.0,0.0,0.0,1.0,0.0,Longo da via,Bom,Não existe,Perfeito estado,Seca,Perfeito estado,Outros,Não há placas,60.0,Única,Não existe,Não informado,2021,6,15,1,13.0
2021-06-15,15:32:00,COM VÍTIMA,CANCELADA,CASA AMARELA,AV DR EURICO CHAVES,Não informado,PRÓX À PADARIA MANDACARU,CASA AMARELA,Não informado,COLISÃO LATERAL,Não informado,2.0,1.0,0.0,0.0,0.0,0.0,0.0,0.0,0.0,1.0,0.0,Não informado,Não informado,Não informado,Não informado,Não informado,Não informado,Não informado,Não informado,60.0,Não informado,Não informado,Não informado,2021,6,15,1,15.0
2021-06-15,16:22:00,COM VÍTIMA,FINALIZADA,MACAXEIRA,RUA TEREZA CARNEIRO,Não informado,PROXIMO A QUITANDA DO DINHO,MACAXEIRA,SUBURBIO,COLISÃO LATERAL,Não informado,0.0,1.0,0.0,0.0,0.0,0.0,0.0,1.0,0.0,2.0,0.0,Longo da via,Chuvoso,Não existe,Não existente,Molhada,Mal conservada,Não existe,Não há placas,60.0,Dupla,Não existe,Não informado,2021,6,15,1,16.0
2021-06-15,18:28:00,SEM VÍTIMA,CANCELADA,BEBERIBE,RUA URIEL DE HOLANDA,Não informado,ENTRADA DE DOIS UNIDOS. APÓS A PRAÇA DA CONVENÇÃO,BEBERIBE,Não informado,APOIO COMPESA,Não informado,0.0,0.0,0.0,0.0,0.0,0.0,0.0,0.0,0.0,0.0,0.0,Não informado,Não informado,Não informado,Não informado,Não informado,Não informado,Não informado,Não informado,60.0,Não informado,Não informado,Não informado,2021,6,15,1,18.0
2021-06-16,12:38:00,COM VÍTIMA,FINALIZADA,BOA VIAGEM,RUA DEZ DE JULHO,RUA CAMBOIM,AO LADO DA MAISON CHRISTAL RECEPÇÕES,BOA VIAGEM,CIDADE,COLISÃO LATERAL,Não informado,1.0,1.0,0.0,0.0,0.0,0.0,0.0,0.0,0.0,1.0,0.0,Cruzamento,Bom,Não existe,Perfeito estado,Seca,Perfeito estado,Faixa de pedestre,"Placas ""Pare""",30.0,Única,Faixa contínua,Não informado,2021,6,16,2,12.0
2021-06-16,15:45:00,COM VÍTIMA,FINALIZADA,ENCRUZILHADA,RUA CASTRO ALVES,Não informado,PRÓX À CHURRASCARIA LEITÃO,ENCRUZILHADA,SUBURBIO,COLISÃO LATERAL,Não informado,1.0,1.0,0.0,0.0,0.0,0.0,0.0,0.0,0.0,1.0,0.0,Longo da via,Bom,Sem defeito,Perfeito estado,Seca,Perfeito estado,Faixa de pedestre,Outras,60.0,Única,Faixa contínua,Não informado,2021,6,16,2,15.0
2021-06-16,16:10:00,COM VÍTIMA,FINALIZADA,BEBERIBE,PRC DA CONVENCAO,Não informado,E/F AIGREJA BATISTA  E O MAGAZINE LUIZA,BEBERIBE,SUBURBIO,ATROPELAMENTO DE PESSOA,Não informado,0.0,1.0,0.0,0.0,1.0,0.0,0.0,0.0,0.0,2.0,0.0,Longo da via,Bom,Sem defeito,Perfeito estado,Seca,Perfeito estado,Outros,Não há placas,60.0,Dupla,Faixa contínua,Não informado,2021,6,16,2,16.0
2021-06-16,17:59:00,COM VÍTIMA,FINALIZADA,AREIAS,AV DR JOSE RUFINO,Não informado,E/F AO CT DA HONDA,AREIAS,SUBURBIO,COLISÃO FRONTAL,Não informado,0.0,2.0,0.0,0.0,0.0,0.0,0.0,0.0,0.0,1.0,0.0,Longo da via,Bom,Não existe,Perfeito estado,Seca,Perfeito estado,Não existe,Não há placas,60.0,Dupla,Faixa contínua,Não informado,2021,6,16,2,17.0
2021-06-17,18:38:00,SEM VÍTIMA,FINALIZADA,MADALENA,AV BEIRA RIO,Não informado,E/F AO EDF SOBRADO DO CAPIBARIBE,MADALENA,Não informado,COLISÃO LATERAL,Não informado,3.0,0.0,0.0,0.0,0.0,0.0,0.0,0.0,0.0,0.0,0.0,Não informado,Não informado,Não informado,Não informado,Não informado,Não informado,Não informado,Não informado,60.0,Não informado,Não informado,Não informado,2021,6,17,3,18.0
2021-06-17,19:07:00,COM VÍTIMA,FINALIZADA,SANTO AMARO,AV MARIO MELO,AV CRUZ CABUGA,SEMÁFORO 171 / SNT SUB-CID,SANTO AMARO,CIDADE,COLISÃO FRONTAL,Não informado,0.0,1.0,0.0,0.0,0.0,1.0,0.0,0.0,0.0,1.0,0.0,Cruzamento,Bom,Sem defeito,Perfeito estado,Seca,Perfeito estado,Outros,R-4a,60.0,Dupla,Faixa contínua,Não informado,2021,6,17,3,19.0
2021-06-17,19:24:00,COM VÍTIMA,FINALIZADA,VÁRZEA,RUA ENGENHEIRO VASCONCELOS BITTENCOURT,RUA ABATIA,E/F A PRC DO CAXITO,VÁRZEA,SUBURBIO,ATROPELAMENTO DE PESSOA,Não informado,0.0,1.0,0.0,0.0,1.0,0.0,0.0,0.0,0.0,1.0,0.0,Longo da via,Bom,Não existe,Não existente,Seca,Perfeito estado,Não existe,Não há placas,30.0,Dupla,Não existe,Não informado,2021,6,17,3,19.0
2021-06-17,20:41:40,SEM VÍTIMA,FINALIZADA,BOA VIAGEM,RUA CORONEL ANIZIO RODRIGUES COELHO,Não informado,E/F AO EDF CASTELO DE VAN GOGH / PRÓX A IGREJA NOSSA SENHORA DE FATIMA,BOA VIAGEM,Não informado,ENGAVETAMENTO,Não informado,3.0,0.0,0.0,0.0,0.0,0.0,0.0,0.0,0.0,0.0,0.0,Não informado,Não informado,Não informado,Não informado,Não informado,Não informado,Não informado,Não informado,60.0,Não informado,Não informado,Não informado,2021,6,17,3,20.0
2021-06-17,21:00:40,COM VÍTIMA,FINALIZADA,BOA VIAGEM,RUA GENERAL SALGADO,RUA COSMORAMA,NO CRUZAMENTO MESMO,BOA VIAGEM,SUBURBIO,COLISÃO LATERAL,Não informado,1.0,1.0,0.0,0.0,0.0,0.0,0.0,0.0,0.0,1.0,0.0,Cruzamento,Chuvoso,Não existe,Perfeito estado,Molhada,Perfeito estado,Não existe,"Placas ""Pare""",40.0,Dupla,Não informado,Não informado,2021,6,17,3,21.0
2021-06-17,21:01:40,SEM VÍTIMA,FINALIZADA,ARRUDA,RUA DO MACHADO,Não informado,PRÓX AO EMPORIO DA CERVEJA,ARRUDA,Não informado,COLISÃO LATERAL,Não informado,1.0,0.0,0.0,0.0,0.0,0.0,0.0,1.0,0.0,0.0,0.0,Não informado,Não informado,Não informado,Não informado,Não informado,Não informado,Não informado,Não informado,60.0,Não informado,Não informado,Não informado,2021,6,17,3,21.0
2021-06-18,03:37:00,SEM VÍTIMA,FINALIZADA,SANTO AMARO,AV GOVERNADOR AGAMENON MAGALHAES,Não informado,"POSTO BR, SENTIDO OLINDA",SANTO AMARO,Não informado,CHOQUE,Não informado,1.0,0.0,0.0,0.0,0.0,0.0,0.0,0.0,0.0,0.0,0.0,Não informado,Não informado,Não informado,Não informado,Não informado,Não informado,Não informado,Não informado,60.0,Não informado,Não informado,Não informado,2021,6,18,4,3.0
2021-06-18,19:11:00,SEM VÍTIMA,CANCELADA,JARDIM SÃO PAULO,RUA LEANDRO BARRETO,Não informado,E/F A PÁDARIA SABORES DA PRAÇA,JARDIM SÃO PAULO,Não informado,COLISÃO TRASEIRA,Não informado,2.0,0.0,0.0,0.0,0.0,0.0,0.0,0.0,0.0,0.0,0.0,Não informado,Não informado,Não informado,Não informado,Não informado,Não informado,Não informado,Não informado,60.0,Não informado,Não informado,Não informado,2021,6,18,4,19.0
2021-06-19,08:23:00,COM VÍTIMA,FINALIZADA,CORDEIRO,AV CAXANGA,Não informado,SUPERMERCADO EXTRA,CORDEIRO,SUBURBIO,CHOQUE,Não informado,0.0,1.0,0.0,0.0,0.0,0.0,0.0,0.0,0.0,1.0,0.0,Longo da via,Chuvoso,Não existe,Perfeito estado,Molhada,Perfeito estado,Não existe,Não há placas,60.0,Dupla,Canteiro central,Não informado,2021,6,19,5,8.0
2021-06-19,08:50:00,COM VÍTIMA,CANCELADA,MADALENA,RUA JOSE OSORIO,Não informado,EM FRENTE A LOJA SEU CARANGO,MADALENA,Não informado,COLISÃO TRASEIRA,Não informado,1.0,1.0,0.0,0.0,0.0,0.0,0.0,0.0,0.0,1.0,0.0,Não informado,Não informado,Não informado,Não informado,Não informado,Não informado,Não informado,Não informado,60.0,Não informado,Não informado,Não informado,2021,6,19,5,8.0
2021-06-19,13:17:00,COM VÍTIMA,FINALIZADA,CAMPO GRANDE,AV CORREIA DE BRITO,Não informado,EM FRENTE A CONSTRUTORA PLINIO CAVALCANTI,CAMPO GRANDE,SUBURBIO,COLISÃO FRONTAL,Não informado,1.0,1.0,0.0,0.0,0.0,0.0,0.0,0.0,0.0,1.0,0.0,Longo da via,Bom,Não existe,Não existente,Seca,Perfeito estado,Não existe,Não há placas,60.0,Dupla,Não existe,Não informado,2021,6,19,5,13.0
2021-06-19,16:33:00,SEM VÍTIMA,FINALIZADA,IPSEP,AV RECIFE,Não informado,LADO OPOSTO AO POSTO DE COMBUSTIVEIS FEDERAL,IPSEP,SUBURBIO,CAPOTAMENTO,Não informado,1.0,0.0,0.0,0.0,0.0,0.0,0.0,0.0,0.0,0.0,0.0,Longo da via,Chuvoso,Não existe,Perfeito estado,Molhada,Perfeito estado,Não existe,Não há placas,60.0,Dupla,Faixa contínua,Não informado,2021,6,19,5,16.0
2021-06-19,17:09:00,COM VÍTIMA,FINALIZADA,SÃO JOSÉ,RUA IMPERIAL,RUA BOM SUCESSO,APOS O COLEGIO JOAQUIM NABUCO  VT  01  ESTA NO LOCAL AGUARDANDO A VT 22,SÃO JOSÉ,AFOGADOS,COLISÃO LATERAL,Não informado,1.0,1.0,0.0,0.0,0.0,0.0,0.0,0.0,0.0,1.0,0.0,Cruzamento,Chuvoso,Não existe,Incompleta,Molhada,Perfeito estado,Não existe,Outras,40.0,Única,Não existe,Não informado,2021,6,19,5,17.0
2021-06-19,17:49:00,SEM VÍTIMA,FINALIZADA,BAIRRO DO RECIFE,AV RIO BRANCO,Não informado,APOS A POLICIA FEDERAL,BAIRRO DO RECIFE,Não informado,Não informado,Não informado,1.0,0.0,0.0,0.0,0.0,0.0,0.0,1.0,0.0,0.0,0.0,Longo da via,Bom,Sem defeito,Perfeito estado,Molhada,Perfeito estado,Faixa de pedestre,R-6c,60.0,Dupla,Faixa contínua,Não informado,2021,6,19,5,17.0
2021-06-19,21:06:40,SEM VÍTIMA,CANCELADA,IPUTINGA,EST DO BARBALHO,Não informado,EM FRENTE A GRANJA DE BIRA,IPUTINGA,Não informado,COLISÃO LATERAL,Não informado,4.0,0.0,0.0,0.0,0.0,0.0,0.0,0.0,0.0,0.0,0.0,Não informado,Não informado,Não informado,Não informado,Não informado,Não informado,Não informado,Não informado,60.0,Não informado,Não informado,Não informado,2021,6,19,5,21.0
2021-06-19,22:49:40,COM VÍTIMA,FINALIZADA,BOA VIAGEM,RUA HENRIQUE CAPITULINO,AV CONSELHEIRO AGUIAR,COM A  AV  CONS AGUIAR,BOA VIAGEM,CIDADE,COLISÃO FRONTAL,Não informado,1.0,1.0,0.0,0.0,0.0,0.0,0.0,0.0,0.0,1.0,0.0,Cruzamento,Chuvoso,Sem defeito,Perfeito estado,Molhada,Perfeito estado,Faixa de pedestre,Outras,60.0,Única,Faixa seccionada,Não informado,2021,6,19,5,22.0
2021-06-21,07:11:00,COM VÍTIMA,CANCELADA,IPUTINGA,RUA BARAO DE ITAPISSUMA,Não informado,PROX AO POSTO DE GASOLINA ECOPOSTO /  ESQ COM A IGREJA PRIMEIRA BATISTA DA IPUTINGA,IPUTINGA,Não informado,COLISÃO TRASEIRA,Não informado,1.0,1.0,0.0,0.0,0.0,0.0,0.0,0.0,0.0,1.0,0.0,Não informado,Não informado,Não informado,Não informado,Não informado,Não informado,Não informado,Não informado,60.0,Não informado,Não informado,Não informado,2021,6,21,0,7.0
2021-06-21,12:39:00,SEM VÍTIMA,FINALIZADA,ENCRUZILHADA,RUA DONA ELVIRA,RUA FREDERICO,PROX A CONFRARIA DO MAR,ENCRUZILHADA,Não informado,COLISÃO LATERAL,Não informado,2.0,0.0,0.0,0.0,0.0,0.0,0.0,0.0,0.0,0.0,0.0,Não informado,Não informado,Não informado,Não informado,Não informado,Não informado,Não informado,Não informado,60.0,Não informado,Não informado,Não informado,2021,6,21,0,12.0
2021-06-21,12:44:00,COM VÍTIMA,FINALIZADA,PORTO DA MADEIRA,AV BEBERIBE,Não informado,POSTO SINIVI,PORTO DA MADEIRA,CIDADE,ATROPELAMENTO DE PESSOA,Não informado,0.0,1.0,0.0,0.0,1.0,0.0,0.0,0.0,0.0,1.0,0.0,Longo da via,Bom,Não existe,Perfeito estado,Seca,Mal conservada,Não existe,Não há placas,60.0,Dupla,Faixa contínua,Não informado,2021,6,21,0,12.0
2021-06-21,13:23:00,COM VÍTIMA,FINALIZADA,CASA AMARELA,AV NORTE,Não informado,EM FRENTE À PRAÇA DO TRABALHO,CASA AMARELA,SUBURBIO,COLISÃO LATERAL,Não informado,0.0,1.0,0.0,0.0,0.0,2.0,0.0,0.0,0.0,2.0,0.0,Longo da via,Bom,Sem defeito,Perfeito estado,Seca,Perfeito estado,Faixa de pedestre,Não há placas,60.0,Dupla,Canteiro central,Não informado,2021,6,21,0,13.0
2021-06-21,14:08:00,SEM VÍTIMA,FINALIZADA,SANTO AMARO,AV DR JAYME DA FONTE,Não informado,E/F AO CAMPO DO ONZE,SANTO AMARO,Não informado,COLISÃO TRASEIRA,Não informado,2.0,0.0,0.0,0.0,0.0,0.0,0.0,0.0,0.0,0.0,0.0,Não informado,Não informado,Não informado,Não informado,Não informado,Não informado,Não informado,Não informado,60.0,Não informado,Não informado,Não informado,2021,6,21,0,14.0
2021-06-21,20:46:40,SEM VÍTIMA,FINALIZADA,GRAÇAS,AV CONS ROSA E SILVA,RUA AMELIA,CRUZAMENTO,GRAÇAS,Não informado,COLISÃO LATERAL,Não informado,1.0,0.0,1.0,0.0,0.0,0.0,0.0,0.0,0.0,0.0,0.0,Não informado,Não informado,Não informado,Não informado,Não informado,Não informado,Não informado,Não informado,60.0,Não informado,Não informado,Não informado,2021,6,21,0,20.0
2021-06-21,22:20:40,COM VÍTIMA,CANCELADA,CASA FORTE,AV DEZESSETE DE AGOSTO,RUA PIAUI,PRÓX AO MUSEU DO HOMEM DO NORDESTE / SEMÁFORO 251,CASA FORTE,Não informado,COLISÃO LATERAL,Não informado,1.0,1.0,0.0,0.0,0.0,0.0,0.0,0.0,0.0,1.0,0.0,Não informado,Não informado,Não informado,Não informado,Não informado,Não informado,Não informado,Não informado,60.0,Não informado,Não informado,Não informado,2021,6,21,0,22.0
2021-06-22,07:32:00,COM VÍTIMA,FINALIZADA,SANTO AMARO,RUA PEDRO AFONSO,RUA TREZE DE MAIO,SER EDUCACIONAL E SESC/ IML,SANTO AMARO,CIDADE,COLISÃO TRANSVERSAL,Não informado,1.0,1.0,0.0,0.0,0.0,0.0,0.0,0.0,0.0,1.0,0.0,Não informado,Não informado,Não informado,Não informado,Não informado,Não informado,Não informado,Não informado,60.0,Não informado,Não informado,Não informado,2021,6,22,1,7.0
2021-06-22,08:30:00,COM VÍTIMA,FINALIZADA,APIPUCOS,RUA DE APIPUCOS,Não informado,EDIF. ARQUIPELAGO DOS AÇORES.,APIPUCOS,CIDADE,QUEDA,Não informado,0.0,1.0,0.0,0.0,0.0,0.0,0.0,0.0,0.0,2.0,0.0,Não informado,Não informado,Não informado,Não informado,Não informado,Não informado,Não informado,Não informado,60.0,Não informado,Não informado,Não informado,2021,6,22,1,8.0
2021-06-22,08:32:00,COM VÍTIMA,FINALIZADA,ÁGUA FRIA,AV BEBERIBE,RUA PROFESSOR OTAVIO DE FREITAS,Não informado,ÁGUA FRIA,SUBURBIO,COLISÃO LATERAL,Não informado,0.0,1.0,0.0,0.0,0.0,1.0,0.0,0.0,0.0,1.0,0.0,Longo da via,Bom,Não existe,Não informado,Seca,Não informado,Outros,Outras,60.0,Dupla,Faixa contínua,Não informado,2021,6,22,1,8.0
2021-06-22,09:48:00,COM VÍTIMA,FINALIZADA,BOA VIAGEM,RUA VISCONDE DE JEQUITINHONHA,Não informado,LADO OPOSTO À ACADEMIA SELF IT,BOA VIAGEM,SUBURBIO,COLISÃO TRASEIRA,Não informado,3.0,1.0,0.0,0.0,0.0,0.0,0.0,0.0,0.0,1.0,0.0,Não informado,Não informado,Não informado,Não informado,Não informado,Não informado,Não informado,Não informado,60.0,Não informado,Não informado,Não informado,2021,6,22,1,9.0
2021-06-22,11:42:00,COM VÍTIMA,FINALIZADA,IPUTINGA,AV CAXANGA,Não informado,AO LADO DA AUTO ESC. ESTRELA,IPUTINGA,Não informado,COLISÃO TRANSVERSAL,Não informado,1.0,1.0,0.0,0.0,0.0,0.0,0.0,0.0,0.0,1.0,0.0,Não informado,Não informado,Não informado,Não informado,Não informado,Não informado,Não informado,Não informado,60.0,Não informado,Não informado,Não informado,2021,6,22,1,11.0
2021-06-22,15:53:00,COM VÍTIMA,FINALIZADA,IMBIRIBEIRA,RUA ITAJAI,RUA IRAPUA,PADARIA PORTO DELICATESSEN,IMBIRIBEIRA,Não informado,COLISÃO LATERAL,Não informado,4.0,0.0,0.0,0.0,0.0,0.0,0.0,0.0,0.0,1.0,0.0,Não informado,Não informado,Não informado,Não informado,Não informado,Não informado,Não informado,Não informado,60.0,Não informado,Não informado,Não informado,2021,6,22,1,15.0
2021-06-22,18:44:00,COM VÍTIMA,FINALIZADA,CASA AMARELA,AV DR EURICO CHAVES,Não informado,E/F A ACADEMIA ACTION FITNESS,CASA AMARELA,Não informado,COLISÃO LATERAL,Não informado,0.0,0.0,0.0,0.0,0.0,0.0,0.0,0.0,0.0,1.0,0.0,Não informado,Não informado,Não informado,Não informado,Não informado,Não informado,Não informado,Não informado,60.0,Não informado,Não informado,Não informado,2021,6,22,1,18.0
2021-06-23,00:12:00,COM VÍTIMA,FINALIZADA,PINA,AV CONSELHEIRO AGUIAR,Não informado,EM FRENTE À BARBEARIA TRÓIS,PINA,CIDADE,COLISÃO TRASEIRA,Não informado,1.0,1.0,0.0,0.0,0.0,0.0,0.0,0.0,0.0,1.0,0.0,Não informado,Não informado,Não informado,Não informado,Não informado,Não informado,Não informado,Não informado,60.0,Não informado,Não informado,Não informado,2021,6,23,2,0.0
2021-06-23,07:24:00,COM VÍTIMA,FINALIZADA,BOA VIAGEM,RUA BRUNO VELOSO,AV BOA VIAGEM,EM FRENTE AO ED LITORANIOS,BOA VIAGEM,CIDADE,COLISÃO TRASEIRA,Não informado,1.0,1.0,0.0,0.0,0.0,0.0,0.0,0.0,0.0,1.0,0.0,Não informado,Não informado,Não informado,Não informado,Não informado,Não informado,Não informado,Não informado,60.0,Não informado,Não informado,Não informado,2021,6,23,2,7.0
2021-06-23,08:01:00,COM VÍTIMA,FINALIZADA,GRAÇAS,AV GOVERNADOR AGAMENON MAGALHAES,RUA DR BANDEIRA FILHO,CLUBE PORTUGUÊS,GRAÇAS,Não informado,COLISÃO TRASEIRA,Não informado,0.0,2.0,0.0,0.0,0.0,0.0,0.0,0.0,0.0,1.0,0.0,Longo da via,Bom,Sem defeito,Perfeito estado,Seca,Perfeito estado,Faixa de pedestre,Não há placas,60.0,Única,Faixa contínua,Não informado,2021,6,23,2,8.0
2021-06-23,11:54:00,COM VÍTIMA,FINALIZADA,TEJIPIÓ,RUA APRIGIO GUIMARAES,Não informado,PROX. AO HOSP. OTÁVIO DE FREITAS,TEJIPIÓ,SUBURBIO,COLISÃO TRASEIRA,Não informado,1.0,1.0,0.0,0.0,0.0,0.0,0.0,0.0,0.0,1.0,0.0,Não informado,Não informado,Não informado,Não informado,Não informado,Não informado,Não informado,Não informado,60.0,Não informado,Não informado,Não informado,2021,6,23,2,11.0
2021-06-23,18:59:00,SEM VÍTIMA,FINALIZADA,MADALENA,AV VISCONDE DE ALBUQUERQUE,RUA GALVAO RAPOSO,SEMAFORO 576  / E/F AO EDF VILLA BARILOCHE / PRÓX AO POSTO IPIRANGA,MADALENA,Não informado,COLISÃO LATERAL,Não informado,2.0,0.0,0.0,0.0,0.0,0.0,0.0,0.0,0.0,0.0,0.0,Não informado,Não informado,Não informado,Não informado,Não informado,Não informado,Não informado,Não informado,60.0,Não informado,Não informado,Não informado,2021,6,23,2,18.0