data,hora,natureza_acidente,situacao,bairro,endereco,detalhe_endereco_acidente,complemento,bairro_cruzamento,sentido_via,tipo,descricao,auto,moto,ciclom,ciclista,pedestre,onibus,caminhao,viatura,outros,vitimas,vitimasfatais,acidente_verificado,tempo_clima,situacao_semaforo,sinalizacao,condicao_via,conservacao_via,ponto_controle,situacao_placa,velocidade_max_via,mao_direcao,divisao_via1,natureza,ano,mes,dia,dia_semana,hora_ocorrencia
2021-06-23,23:19:40,SEM VÍTIMA,FINALIZADA,IMBIRIBEIRA,AV MARECHAL MASCARENHAS DE MORAES,Não informado,E/F A FACULDADE PERNAMBUCANA,IMBIRIBEIRA,Não informado,COLISÃO TRASEIRA,Não informado,2.0,0.0,0.0,0.0,0.0,0.0,0.0,0.0,0.0,0.0,0.0,Não informado,Não informado,Não informado,Não informado,Não informado,Não informado,Não informado,Não informado,60.0,Não informado,Não informado,Não informado,2021,6,23,2,23.0
2021-06-24,02:22:00,SEM VÍTIMA,FINALIZADA,IMBIRIBEIRA,AV MARECHAL MASCARENHAS DE MORAES,Não informado,Não informado,IMBIRIBEIRA,Não informado,COLISÃO TRANSVERSAL,Não informado,2.0,0.0,0.0,0.0,0.0,0.0,0.0,0.0,0.0,0.0,0.0,Não informado,Não informado,Não informado,Não informado,Não informado,Não informado,Não informado,Não informado,60.0,Não informado,Não informado,Não informado,2021,6,24,3,2.0
2021-06-24,07:25:00,COM VÍTIMA,FINALIZADA,ESPINHEIRO,RUA QUARENTA E OITO,RUA DA HORA,NA ESQUINA DO LABORATÓRIO CERPE,ESPINHEIRO,CIDADE,COLISÃO FRONTAL,Não informado,1.0,0.0,1.0,0.0,0.0,0.0,0.0,0.0,0.0,1.0,0.0,Não informado,Não informado,Não informado,Não informado,Não informado,Não informado,Não informado,Não informado,60.0,Não informado,Não informado,Não informado,2021,6,24,3,7.0
2021-06-24,12:01:00,SEM VÍTIMA,FINALIZADA,IPSEP,RUA JEAN EMILE FAVRE,RUA POTENGI,FARMÁCIA DIARIAMENTE,IPSEP,CIDADE,COLISÃO TRANSVERSAL,Não informado,2.0,0.0,0.0,0.0,0.0,0.0,0.0,0.0,0.0,0.0,0.0,Não informado,Não informado,Não informado,Não informado,Não informado,Não informado,Não informado,Não informado,60.0,Não informado,Não informado,Não informado,2021,6,24,3,12.0
2021-06-24,22:31:40,SEM VÍTIMA,CANCELADA,CORDEIRO,AV GENERAL SAN MARTIN,Não informado,E/F AO HOSPITAL GETULIO VARGAS E POSTO SANTA TEREZINHA,CORDEIRO,Não informado,CHOQUE,Não informado,1.0,0.0,0.0,0.0,0.0,0.0,0.0,0.0,0.0,0.0,0.0,Não informado,Não informado,Não informado,Não informado,Não informado,Não informado,Não informado,Não informado,60.0,Não informado,Não informado,Não informado,2021,6,24,3,22.0
2021-06-25,07:03:00,COM VÍTIMA,FINALIZADA,TAMARINEIRA,AV NORTE,Não informado,EM FRENTE A FABRICA DE BOLO,TAMARINEIRA,Não informado,COLISÃO FRONTAL,Não informado,0.0,2.0,0.0,0.0,0.0,0.0,0.0,0.0,0.0,1.0,0.0,Não informado,Não informado,Não informado,Não informado,Não informado,Não informado,Não informado,Não informado,60.0,Não informado,Não informado,Não informado,2021,6,25,4,7.0
2021-06-25,07:58:00,COM VÍTIMA,FINALIZADA,BOA VISTA,AV GOVERNADOR AGAMENON MAGALHAES,Não informado,"EM FRENTE AO CIRCULO MILITAR, SENT. OLINDA",BOA VISTA,Não informado,COLISÃO LATERAL,Não informado,1.0,1.0,0.0,0.0,0.0,0.0,0.0,0.0,0.0,1.0,0.0,Não informado,Não informado,Não informado,Não informado,Não informado,Não informado,Não informado,Não informado,60.0,Não informado,Não informado,Não informado,2021,6,25,4,7.0
2021-06-25,14:46:00,COM VÍTIMA,FINALIZADA,TAMARINEIRA,RUA CONEGO BARATA,Não informado,PROXIMO A PADARIA MANA/ SENTIDO ÁGUA FRIA,TAMARINEIRA,Não informado,COLISÃO LATERAL,Não informado,1.0,1.0,0.0,0.0,0.0,0.0,0.0,0.0,0.0,1.0,0.0,Não informado,Não informado,Não informado,Não informado,Não informado,Não informado,Não informado,Não informado,60.0,Não informado,Não informado,Não informado,2021,6,25,4,14.0
2021-06-25,15:14:00,COM VÍTIMA,FINALIZADA,ROSARINHO,AV NORTE,Não informado,E/F A PADARIA DO ROSARINHO S/T CID,ROSARINHO,CIDADE,COLISÃO LATERAL,Não informado,2.0,1.0,0.0,0.0,0.0,0.0,0.0,0.0,0.0,1.0,0.0,Não informado,Não informado,Não informado,Não informado,Não informado,Não informado,Não informado,Não informado,60.0,Não informado,Não informado,Não informado,2021,6,25,4,15.0
2021-06-25,18:20:00,SEM VÍTIMA,FINALIZADA,BAIRRO DO RECIFE,Não informado,Não informado,PONTE 12 DE SETEMBRO / EM FRENTE AO SEMÁFORO DE Nº473,BAIRRO DO RECIFE,SUBURBIO,COLISÃO COM CICLISTA,Não informado,1.0,0.0,0.0,1.0,0.0,0.0,0.0,0.0,0.0,0.0,0.0,Não informado,Não informado,Não informado,Não informado,Não informado,Não informado,Não informado,Não informado,60.0,Não informado,Não informado,Não informado,2021,6,25,4,18.0
2021-06-25,18:37:00,COM VÍTIMA,FINALIZADA,VÁRZEA,AV AFONSO OLINDENSE,Não informado,E/F AO RESIDENCIAL ELIS REGINA,VÁRZEA,Não informado,COLISÃO TRASEIRA,Não informado,1.0,1.0,0.0,0.0,0.0,0.0,0.0,0.0,0.0,1.0,0.0,Não informado,Não informado,Não informado,Não informado,Não informado,Não informado,Não informado,Não informado,60.0,Não informado,Não informado,Não informado,2021,6,25,4,18.0
2021-06-25,20:50:40,COM VÍTIMA,CANCELADA,DOIS UNIDOS,SUB DA MEDALHA MILAGROSA,Não informado,PRÓX AO CAMPO DO CAFÉ,DOIS UNIDOS,Não informado,COLISÃO FRONTAL,Não informado,1.0,1.0,0.0,0.0,0.0,0.0,0.0,0.0,0.0,1.0,0.0,Não informado,Não informado,Não informado,Não informado,Não informado,Não informado,Não informado,Não informado,60.0,Não informado,Não informado,Não informado,2021,6,25,4,20.0
2021-06-26,00:34:00,COM VÍTIMA,FINALIZADA,IMBIRIBEIRA,AV MARECHAL MASCARENHAS DE MORAES,1 TRV JUSTICA E PAZ,APÓS A FERREIRA COSTA - E/F AO BANCO ITAÚ - SENTIDO AFOGADOS,IMBIRIBEIRA,CID,CHOQUE,Não informado,1.0,1.0,0.0,0.0,0.0,0.0,0.0,0.0,0.0,2.0,0.0,Não informado,Não informado,Não informado,Não informado,Não informado,Não informado,Não informado,Não informado,60.0,Não informado,Não informado,Não informado,2021,6,26,5,0.0
2021-06-26,00:42:00,COM VÍTIMA,FINALIZADA,BOA VIAGEM,RUA DEZ DE JULHO,RUA CAMBOIM,CRUZAMENTO C/A RUA CAMBOIM - APÓS A ESTAÇÃO DO METRÔ,BOA VIAGEM,Não informado,COLISÃO LATERAL,Não informado,1.0,1.0,0.0,0.0,0.0,0.0,0.0,0.0,0.0,1.0,0.0,Não informado,Não informado,Não informado,Não informado,Não informado,Não informado,Não informado,Não informado,60.0,Não informado,Não informado,Não informado,2021,6,26,5,0.0
2021-06-26,06:07:00,COM VÍTIMA,FINALIZADA,AFOGADOS,AV SUL,Não informado,APÓS A POLICLINICA DE AFOGADOS,AFOGADOS,CIDADE,COLISÃO TRANSVERSAL,Não informado,1.0,1.0,0.0,0.0,0.0,0.0,0.0,0.0,0.0,2.0,0.0,Não informado,Não informado,Não informado,Não informado,Não informado,Não informado,Não informado,Não informado,60.0,Não informado,Não informado,Não informado,2021,6,26,5,6.0
2021-06-26,06:29:00,COM VÍTIMA,FINALIZADA,IPSEP,RUA JEAN EMILE FAVRE,RUA POTENGY,PROX. A FEIJOADA DO VAVÁ,IPSEP,Não informado,COLISÃO FRONTAL,Não informado,1.0,1.0,0.0,0.0,0.0,0.0,0.0,0.0,0.0,1.0,0.0,Não informado,Não informado,Não informado,Não informado,Não informado,Não informado,Não informado,Não informado,60.0,Não informado,Não informado,Não informado,2021,6,26,5,6.0
2021-06-27,11:05:00,SEM VÍTIMA,FINALIZADA,CAXANGÁ,AV CAXANGA,Não informado,"INTEGRAÇÃO DA CAXANGÁ, PROX. A UPA",CAXANGÁ,Não informado,CHOQUE,Não informado,0.0,0.0,0.0,0.0,0.0,0.0,0.0,1.0,0.0,0.0,0.0,Não informado,Não informado,Não informado,Não informado,Não informado,Não informado,Não informado,Não informado,60.0,Não informado,Não informado,Não informado,2021,6,27,6,11.0
2021-06-27,16:50:00,COM VÍTIMA,CANCELADA,IBURA,AV DOIS RIOS,Não informado,EM FRENTE A IGREJA EL SHADDAI E AO PET SHOP CÃOBELELEIRO,IBURA,Não informado,COLISÃO FRONTAL,Não informado,1.0,1.0,0.0,0.0,0.0,0.0,0.0,0.0,0.0,1.0,0.0,Não informado,Não informado,Não informado,Não informado,Não informado,Não informado,Não informado,Não informado,60.0,Não informado,Não informado,Não informado,2021,6,27,6,16.0
2021-06-27,18:50:00,COM VÍTIMA,FINALIZADA,IPSEP,RUA JEAN EMILE FAVRE,Não informado,E/F A PADARIA PAO NORTE,IPSEP,Não informado,COLISÃO FRONTAL,Não informado,1.0,0.0,0.0,0.0,0.0,0.0,0.0,0.0,0.0,2.0,0.0,Não informado,Não informado,Não informado,Não informado,Não informado,Não informado,Não informado,Não informado,60.0,Não informado,Não informado,Não informado,2021,6,27,6,18.0
2021-06-28,08:45:00,COM VÍTIMA,FINALIZADA,VÁRZEA,RUA SOLDADO MARIO KOSEL FILHO,RUA INALDO BARTOLOMEU DE CARVALHO,PROX. A IGREJA ASSEMBLEIA DE DEUS,VÁRZEA,Não informado,ATROPELAMENTO DE PESSOA,Não informado,0.0,0.0,0.0,0.0,1.0,0.0,1.0,0.0,0.0,1.0,0.0,Não informado,Não informado,Não informado,Não informado,Não informado,Não informado,Não informado,Não informado,60.0,Não informado,Não informado,Não informado,2021,6,28,0,8.0
2021-06-28,11:36:00,COM VÍTIMA,FINALIZADA,PINA,AV BOA VIAGEM,Não informado,E/F AO POSTO PETROBRÁS BR,PINA,CIDADE,COLISÃO LATERAL,Não informado,1.0,1.0,0.0,0.0,0.0,0.0,0.0,0.0,0.0,1.0,0.0,Não informado,Não informado,Não informado,Não informado,Não informado,Não informado,Não informado,Não informado,60.0,Não informado,Não informado,Não informado,2021,6,28,0,11.0
2021-06-28,12:53:00,COM VÍTIMA,FINALIZADA,ESTÂNCIA,AV RECIFE,Não informado,ANTIGA CIROL ROYAL / SENTIDO CEASA,ESTÂNCIA,SUBURBIO,COLISÃO LATERAL,Não informado,0.0,1.0,0.0,0.0,0.0,0.0,1.0,0.0,0.0,1.0,0.0,Não informado,Não informado,Não informado,Não informado,Não informado,Não informado,Não informado,Não informado,60.0,Não informado,Não informado,Não informado,2021,6,28,0,12.0
2021-06-28,13:48:00,COM VÍTIMA,FINALIZADA,CASA FORTE,AV DEZESSETE DE AGOSTO,Não informado,EM  FRENTE À FARMÁCIA PAGUE MENOS,CASA FORTE,CIDADE,COLISÃO LATERAL,Não informado,2.0,1.0,0.0,0.0,0.0,0.0,0.0,0.0,0.0,1.0,0.0,Não informado,Não informado,Não informado,Não informado,Não informado,Não informado,Não informado,Não informado,60.0,Não informado,Não informado,Não informado,2021,6,28,0,13.0
2021-06-28,14:56:00,SEM VÍTIMA,FINALIZADA,TORRE,RUA MARQUES DE MARICA,RUA SOUZA BANDEIRA,ESQUINA DO EDIFICIO VIVENDA DOS GIRASSOIS 236,TORRE,CIDADE,COLISÃO TRASEIRA,Não informado,2.0,0.0,0.0,0.0,0.0,0.0,0.0,0.0,0.0,0.0,0.0,Não informado,Não informado,Não informado,Não informado,Não informado,Não informado,Não informado,Não informado,60.0,Não informado,Não informado,Não informado,2021,6,28,0,14.0
2021-06-29,10:30:00,SEM VÍTIMA,FINALIZADA,APIPUCOS,RUA DOIS IRMAOS,AV DA RECUPERACAO,Não informado,APIPUCOS,Não informado,COLISÃO LATERAL,Não informado,0.0,2.0,0.0,0.0,0.0,0.0,0.0,0.0,0.0,0.0,0.0,Não informado,Não informado,Não informado,Não informado,Não informado,Não informado,Não informado,Não informado,60.0,Não informado,Não informado,Não informado,2021,6,29,1,10.0
2021-06-29,10:39:00,COM VÍTIMA,FINALIZADA,BOA VIAGEM,AV ENGENHEIRO DOMINGOS FERREIRA,Não informado,EM FRENTE A FARMACIA INDEPENDENTE,BOA VIAGEM,Não informado,COLISÃO TRASEIRA,Não informado,1.0,1.0,0.0,0.0,0.0,0.0,0.0,0.0,0.0,1.0,0.0,Não informado,Não informado,Não informado,Não informado,Não informado,Não informado,Não informado,Não informado,60.0,Não informado,Não informado,Não informado,2021,6,29,1,10.0
2021-06-29,11:05:00,SEM VÍTIMA,FINALIZADA,CORDEIRO,AV PROFESSOR ESTEVAO FRANCISCO DA COSTA,RUA ODETE MONTEIRO,MARTELINHO DE OURO PREMIUM E O POSTO PETROCAL,CORDEIRO,Não informado,COLISÃO FRONTAL,Não informado,1.0,0.0,0.0,0.0,0.0,0.0,0.0,1.0,0.0,0.0,0.0,Não informado,Não informado,Não informado,Não informado,Não informado,Não informado,Não informado,Não informado,60.0,Não informado,Não informado,Não informado,2021,6,29,1,11.0
2021-06-29,11:31:00,SEM VÍTIMA,FINALIZADA,CORDEIRO,RUA MARIA QUITERIA,Não informado,E/F AO EDF. RIO JARI,CORDEIRO,Não informado,COLISÃO LATERAL,Não informado,1.0,0.0,0.0,0.0,0.0,0.0,0.0,1.0,0.0,0.0,0.0,Não informado,Não informado,Não informado,Não informado,Não informado,Não informado,Não informado,Não informado,60.0,Não informado,Não informado,Não informado,2021,6,29,1,11.0
2021-06-29,11:39:00,VÍTIMA FATAL,FINALIZADA,SANTO AMARO,AV NORTE,RUA TREZE DE MAIO,ESQUINA COM A RUA TREZE DE MAIO,SANTO AMARO,CIDADE,ATROPELAMENTO DE PESSOA,Não informado,1.0,0.0,0.0,0.0,1.0,0.0,0.0,0.0,0.0,1.0,1.0,Não informado,Não informado,Não informado,Não informado,Não informado,Não informado,Não informado,Não informado,60.0,Não informado,Não informado,Não informado,2021,6,29,1,11.0
2021-06-29,11:55:00,COM VÍTIMA,FINALIZADA,ÁGUA FRIA,AV BEBERIBE,Não informado,E/F AO SUPERMERCADO SOBERANO,ÁGUA FRIA,Não informado,COLISÃO LATERAL,Não informado,1.0,1.0,0.0,0.0,0.0,0.0,0.0,0.0,0.0,1.0,0.0,Não informado,Não informado,Não informado,Não informado,Não informado,Não informado,Não informado,Não informado,60.0,Não informado,Não informado,Não informado,2021,6,29,1,11.0
2021-06-29,13:21:00,COM VÍTIMA,FINALIZADA,IMBIRIBEIRA,AV MARECHAL MASCARENHAS DE MORAES,Não informado,EM FRENTE AO GERALDÃO/ SENTIDO CIDADE,IMBIRIBEIRA,Não informado,COLISÃO TRASEIRA,Não informado,1.0,1.0,0.0,0.0,0.0,0.0,0.0,0.0,0.0,1.0,0.0,Não informado,Não informado,Não informado,Não informado,Não informado,Não informado,Não informado,Não informado,60.0,Não informado,Não informado,Não informado,2021,6,29,1,13.0
2021-06-29,17:07:00,SEM VÍTIMA,FINALIZADA,MACAXEIRA,AV NORTE,Não informado,PROX  A ESCOLA  DO ESTADUAL MARILIA AMALIA,MACAXEIRA,Não informado,COLISÃO LATERAL,Não informado,0.0,1.0,0.0,0.0,0.0,0.0,0.0,1.0,0.0,0.0,0.0,Não informado,Não informado,Não informado,Não informado,Não informado,Não informado,Não informado,Não informado,60.0,Não informado,Não informado,Não informado,2021,6,29,1,17.0
2021-06-29,20:59:40,COM VÍTIMA,FINALIZADA,CAMPO GRANDE,RUA ODORICO MENDES,Não informado,AO LADO DA CENTRAL DE FLAGRANTES,CAMPO GRANDE,Não informado,ATROPELAMENTO DE PESSOA,Não informado,0.0,1.0,0.0,0.0,1.0,0.0,0.0,0.0,0.0,1.0,0.0,Não informado,Não informado,Não informado,Não informado,Não informado,Não informado,Não informado,Não informado,60.0,Não informado,Não informado,Não informado,2021,6,29,1,20.0
2021-06-29,22:20:40,SEM VÍTIMA,FINALIZADA,CAMPO GRANDE,RUA ODORICO MENDES,Não informado,AO LADO DA CENTRAL DE FLAGRANTES,CAMPO GRANDE,Não informado,COLISÃO TRASEIRA,Não informado,3.0,0.0,0.0,0.0,0.0,0.0,0.0,0.0,0.0,0.0,0.0,Não informado,Não informado,Não informado,Não informado,Não informado,Não informado,Não informado,Não informado,60.0,Não informado,Não informado,Não informado,2021,6,29,1,22.0
2021-06-30,09:24:00,COM VÍTIMA,FINALIZADA,TORRÕES,RUA DR MIGUEL VIEIRA FERREIRA,Não informado,EM FRENTE AO BETO BEBIDAS,TORRÕES,Não informado,ATROPELAMENTO DE PESSOA,Não informado,1.0,0.0,0.0,0.0,1.0,0.0,0.0,0.0,0.0,1.0,0.0,Não informado,Não informado,Não informado,Não informado,Não informado,Não informado,Não informado,Não informado,60.0,Não informado,Não informado,Não informado,2021,6,30,2,9.0
2021-06-30,10:19:00,COM VÍTIMA,FINALIZADA,SANCHO,AV LIBERDADE,Não informado,100 METROS ANTES DA IGREJA ASSEMBLEIA DE DEUS,SANCHO,Não informado,COLISÃO LATERAL,Não informado,1.0,1.0,0.0,0.0,0.0,0.0,0.0,0.0,0.0,1.0,0.0,Não informado,Não informado,Não informado,Não informado,Não informado,Não informado,Não informado,Não informado,60.0,Não informado,Não informado,Não informado,2021,6,30,2,10.0
2021-06-30,11:40:00,COM VÍTIMA,FINALIZADA,AFOGADOS,RUA DA PAZ,Não informado,E/F A FIGUEIRAS CALÇADOS,AFOGADOS,Não informado,ATROPELAMENTO DE PESSOA,Não informado,1.0,0.0,0.0,0.0,1.0,0.0,0.0,0.0,0.0,1.0,0.0,Não informado,Não informado,Não informado,Não informado,Não informado,Não informado,Não informado,Não informado,60.0,Não informado,Não informado,Não informado,2021,6,30,2,11.0
2021-06-30,13:44:00,COM VÍTIMA,CANCELADA,CASA FORTE,AV DEZESSETE DE AGOSTO,Não informado,EM FRENTE AO CENTRO MÉDICO SEN. JOSÉ ERMÍRIO DE MORAES,CASA FORTE,Não informado,COLISÃO TRASEIRA,Não informado,1.0,1.0,0.0,0.0,0.0,0.0,0.0,0.0,0.0,1.0,0.0,Não informado,Não informado,Não informado,Não informado,Não informado,Não informado,Não informado,Não informado,60.0,Não informado,Não informado,Não informado,2021,6,30,2,13.0
2021-06-30,14:34:00,COM VÍTIMA,FINALIZADA,CASA AMARELA,AV NORTE,Não informado,Não informado,CASA AMARELA,Não informado,COLISÃO TRANSVERSAL,Não informado,0.0,2.0,0.0,0.0,0.0,0.0,0.0,0.0,0.0,1.0,0.0,Não informado,Não informado,Não informado,Não informado,Não informado,Não informado,Não informado,Não informado,60.0,Não informado,Não informado,Não informado,2021,6,30,2,14.0
2021-06-30,16:40:00,COM VÍTIMA,FINALIZADA,SÃO JOSÉ,AV SUL,Não informado,EM FRENTE A POLICLINICA DE AFOGADOS,SÃO JOSÉ,Não informado,QUEDA,Não informado,0.0,0.0,0.0,0.0,0.0,0.0,0.0,0.0,0.0,1.0,0.0,Não informado,Não informado,Não informado,Não informado,Não informado,Não informado,Não informado,Não informado,60.0,Não informado,Não informado,Não informado,2021,6,30,2,16.0
2021-06-30,16:54:00,COM VÍTIMA,FINALIZADA,ROSARINHO,AV NORTE,Não informado,EM FRENTE A PRAÇA DO ROSARINHO,ROSARINHO,Não informado,COLISÃO LATERAL,Não informado,1.0,1.0,0.0,0.0,0.0,0.0,0.0,0.0,0.0,1.0,0.0,Não informado,Não informado,Não informado,Não informado,Não informado,Não informado,Não informado,Não informado,60.0,Não informado,Não informado,Não informado,2021,6,30,2,16.0
2021-06-30,19:09:00,COM VÍTIMA,FINALIZADA,AREIAS,AV DR JOSE RUFINO,Não informado,PROX A HONDA,AREIAS,Não informado,COLISÃO FRONTAL,Não informado,1.0,1.0,0.0,0.0,0.0,0.0,0.0,0.0,0.0,1.0,0.0,Não informado,Não informado,Não informado,Não informado,Não informado,Não informado,Não informado,Não informado,60.0,Não informado,Não informado,Não informado,2021,6,30,2,19.0
2021-06-30,20:02:00,COM VÍTIMA,CANCELADA,JARDIM SÃO PAULO,RUA LEANDRO BARRETO,Não informado,E/F AO SUPER MERCADO COMPRA MAIS,JARDIM SÃO PAULO,Não informado,COLISÃO FRONTAL,Não informado,1.0,1.0,0.0,0.0,0.0,0.0,0.0,0.0,0.0,1.0,0.0,Não informado,Não informado,Não informado,Não informado,Não informado,Não informado,Não informado,Não informado,60.0,Não informado,Não informado,Não informado,2021,6,30,2,20.0
2021-07-01,07:58:00,COM VÍTIMA,FINALIZADA,SANTO AMARO,RUA IMPERADOR PEDRO SEGUNDO,RUA PRIMEIRO DE MARCO,EM FRENTE AO BANCO ITAÚ,SANTO AMARO,Não informado,COLISÃO TRANSVERSAL,Não informado,1.0,1.0,0.0,0.0,0.0,0.0,0.0,0.0,0.0,1.0,0.0,Cruzamento,Chuvoso,Sem defeito,Perfeito estado,Molhada,Perfeito estado,Faixa de pedestre,Outras,40.0,Única,Faixa seccionada,Não informado,2021,7,1,3,7.0
2021-07-01,13:56:00,COM VÍTIMA,FINALIZADA,ESPINHEIRO,RUA AFONSO BATISTA,RUA GOMES PACHECO,PRÓX AO CHINA BAR,ESPINHEIRO,SUBURBIO,COLISÃO LATERAL,Não informado,1.0,1.0,0.0,0.0,0.0,0.0,0.0,0.0,0.0,1.0,0.0,Esquina,Bom,Não existe,Perfeito estado,Seca,Perfeito estado,Outros,"Placas ""Pare""",60.0,Dupla,Não existe,Não informado,2021,7,1,3,13.0
2021-07-01,14:46:00,VÍTIMA FATAL,FINALIZADA,BOA VIAGEM,AV BOA VIAGEM,Não informado,PRÓXIMO AO HOSPITAL DE AERONÁLTICA,BOA VIAGEM,CIDADE,QUEDA,Não informado,1.0,1.0,0.0,0.0,0.0,0.0,0.0,0.0,0.0,1.0,1.0,Longo da via,Bom,Não existe,Perfeito estado,Seca,Perfeito estado,Não existe,Não há placas,60.0,Única,Faixa seccionada,Não informado,2021,7,1,3,14.0
2021-07-01,18:15:00,COM VÍTIMA,FINALIZADA,BOA VISTA,RUA DO RIACHUELO,Não informado,Não informado,BOA VISTA,CIDADE,COLISÃO FRONTAL,Não informado,2.0,0.0,1.0,0.0,0.0,0.0,0.0,0.0,0.0,2.0,0.0,Longo da via,Bom,Não existe,Perfeito estado,Seca,Perfeito estado,Não existe,R-6a,60.0,Única,Faixa contínua,Não informado,2021,7,1,3,18.0
2021-07-01,22:42:40,COM VÍTIMA,FINALIZADA,SANTO AMARO,RUA FREI CASSIMIRO,RUA FRANCISCO JACINTO,E/F A DELEGACIA,SANTO AMARO,SUBURBIO,COLISÃO LATERAL,Não informado,1.0,1.0,0.0,0.0,0.0,0.0,0.0,0.0,0.0,1.0,0.0,Cruzamento,Chuvoso,Não existe,Incompleta,Molhada,Mal iluminada,Não existe,Não há placas,60.0,Dupla,Canteiro central,Não informado,2021,7,1,3,22.0
2021-07-02,07:54:00,COM VÍTIMA,FINALIZADA,CORDEIRO,EST DO FORTE DO ARRAIAL N. DO B. JESUS,RUA AUREO XAVIER,E/F AO RESTAURANTE O PESCADOR,CORDEIRO,Não informado,COLISÃO LATERAL,Não informado,1.0,1.0,0.0,0.0,0.0,0.0,0.0,0.0,0.0,1.0,0.0,Longo da via,Bom,Não existe,Perfeito estado,Seca,Perfeito estado,Não informado,Outras,60.0,Dupla,Faixa contínua,Não informado,2021,7,2,4,7.0
2021-07-02,09:31:00,SEM VÍTIMA,FINALIZADA,CASA FORTE,AV DEZESSETE DE AGOSTO,RUA JORGE DE ALBUQUERQUE,Não informado,CASA FORTE,SUBURBIO,Não informado,Não informado,2.0,0.0,0.0,0.0,0.0,0.0,0.0,0.0,0.0,0.0,0.0,Cruzamento,Bom,Sem defeito,Perfeito estado,Seca,Perfeito estado,Faixa de pedestre,Outras,60.0,Dupla,Faixa contínua,Não informado,2021,7,2,4,9.0
2021-07-02,09:50:00,COM VÍTIMA,FINALIZADA,BOA VIAGEM,RUA SA E SOUZA,RUA DR LUIZ INACIO PESSOA DE MELO,PROX. AO RM EXPRESS,BOA VIAGEM,SUBURBIO,COLISÃO LATERAL,Não informado,1.0,1.0,0.0,0.0,0.0,0.0,0.0,0.0,0.0,1.0,0.0,Cruzamento,Bom,Não existe,Perfeito estado,Seca,Perfeito estado,Não existe,R-6a,60.0,Dupla,Não existe,Não informado,2021,7,2,4,9.0
2021-07-02,11:16:00,COM VÍTIMA,FINALIZADA,ALTO JOSÉ BONIFÁCIO,RUA CORREGO DO EUCLIDES,Não informado,PROX. A UPA E O TERMINAL DE ONIBUS DO COR. DO EUCLIDES,ALTO JOSÉ BONIFÁCIO,CIDADE,COLISÃO COM CICLISTA,Não informado,1.0,1.0,0.0,0.0,0.0,0.0,0.0,0.0,0.0,1.0,0.0,Longo da via,Bom,Não existe,Não existente,Seca,Mal conservada,Não existe,Não há placas,60.0,Dupla,Não existe,Não informado,2021,7,2,4,11.0