data,hora,natureza_acidente,situacao,bairro,endereco,detalhe_endereco_acidente,complemento,bairro_cruzamento,sentido_via,tipo,descricao,auto,moto,ciclom,ciclista,pedestre,onibus,caminhao,viatura,outros,vitimas,vitimasfatais,acidente_verificado,tempo_clima,situacao_semaforo,sinalizacao,condicao_via,conservacao_via,ponto_controle,situacao_placa,velocidade_max_via,mao_direcao,divisao_via1,natureza,ano,mes,dia,dia_semana,hora_ocorrencia
2021-07-10,15:45:00,COM VÍTIMA,FINALIZADA,VASCO DA GAMA,AV VEREADOR OTACILIO AZEVEDO,Não informado,NA ENTRADA DO CORREGO DO CAROA,VASCO DA GAMA,CIDADE,COLISÃO FRONTAL,Não informado,2.0,0.0,0.0,0.0,0.0,0.0,0.0,0.0,0.0,2.0,0.0,Longo da via,Chuvoso,Não existe,Não existente,Molhada,Perfeito estado,Outros,Outras,60.0,Dupla,Faixa seccionada,Não informado,2021,7,10,5,15.0
2021-07-10,17:42:00,COM VÍTIMA,FINALIZADA,CORDEIRO,AV CAXANGA,Não informado,EM FRENTE AO CERPRO,CORDEIRO,CIDADE,COLISÃO FRONTAL,Não informado,2.0,0.0,0.0,0.0,0.0,0.0,0.0,0.0,0.0,1.0,0.0,Longo da via,Bom,Não existe,Perfeito estado,Seca,Perfeito estado,Não existe,Não há placas,60.0,Única,Canteiro central,Não informado,2021,7,10,5,17.0
2021-07-11,10:49:00,COM VÍTIMA,FINALIZADA,BOA VIAGEM,AV BOA VIAGEM,RUA VERDES MARES,EM FRENTE 5354,BOA VIAGEM,CIDADE,COLISÃO TRASEIRA,Não informado,2.0,0.0,0.0,0.0,0.0,0.0,0.0,0.0,0.0,2.0,0.0,Longo da via,Bom,Não existe,Perfeito estado,Seca,Perfeito estado,Faixa de pedestre,R-6a,60.0,Única,Faixa seccionada,Não informado,2021,7,11,6,10.0
2021-07-11,20:19:00,COM VÍTIMA,FINALIZADA,CASA FORTE,EST DO ENCANAMENTO,Não informado,COM A RUA MARECHAL RONDON,CASA FORTE,CIDADE,COLISÃO COM CICLISTA,Não informado,1.0,0.0,0.0,1.0,0.0,0.0,0.0,0.0,0.0,1.0,0.0,Cruzamento,Chuvoso,Não existe,Perfeito estado,Molhada,Perfeito estado,Não existe,Não há placas,60.0,Dupla,Não existe,Não informado,2021,7,11,6,20.0
2021-07-11,20:31:40,COM VÍTIMA,FINALIZADA,ARRUDA,AV BEBERIBE,Não informado,PROX AO CANAL DA CONSTRUÇÃO  / EM FRENTE A ANTIGA EMPRESA SP,ARRUDA,SUBURBIO,CHOQUE,Não informado,0.0,1.0,0.0,0.0,0.0,0.0,0.0,0.0,0.0,1.0,0.0,Longo da via,Chuvoso,Não existe,Perfeito estado,Molhada,Mal conservada,Não informado,Não há placas,40.0,Dupla,Faixa contínua,Não informado,2021,7,11,6,20.0
2021-07-11,22:09:40,COM VÍTIMA,FINALIZADA,SÃO JOSÉ,RUA DA CONCORDIA,RUA DO PEIXOTO,SEMAFORO 182 / EM FRENTE AO EDF CAMPO FRIO,SÃO JOSÉ,CIDADE,COLISÃO LATERAL,Não informado,1.0,0.0,0.0,0.0,0.0,1.0,0.0,0.0,0.0,1.0,0.0,Cruzamento,Bom,Intermitente,Perfeito estado,Seca,Perfeito estado,Outros,Outras,60.0,Única,Não existe,Não informado,2021,7,11,6,22.0
2021-07-12,06:12:00,COM VÍTIMA,FINALIZADA,CAXANGÁ,AV CAXANGA,RUA RIBEIRO PESSOA,EM FRENTE UPA,CAXANGÁ,SUBURBIO,COLISÃO LATERAL,Não informado,2.0,0.0,0.0,0.0,0.0,0.0,0.0,0.0,0.0,2.0,0.0,Cruzamento,Bom,Sem defeito,Perfeito estado,Molhada,Perfeito estado,Faixa de pedestre,Não há placas,60.0,Dupla,Faixa contínua,Não informado,2021,7,12,0,6.0
2021-07-12,06:47:00,COM VÍTIMA,DUPLICIDADE,IPUTINGA,AV CAXANGA,RUA RIBEIRO PESSOA,E/F A UPA DA CAXANGÁ,IPUTINGA,Não informado,COLISÃO LATERAL,Não informado,2.0,0.0,0.0,0.0,0.0,0.0,0.0,0.0,0.0,1.0,0.0,Não informado,Não informado,Não informado,Não informado,Não informado,Não informado,Não informado,Não informado,60.0,Não informado,Não informado,Não informado,2021,7,12,0,6.0
2021-07-12,07:24:00,COM VÍTIMA,FINALIZADA,CAXANGÁ,AV CAXANGA,Não informado,"EM FRENTE A FIAT ITALIANA, SENTIDO CAMARAGIBE",CAXANGÁ,SUBURBIO,COLISÃO COM CICLISTA,Não informado,1.0,0.0,0.0,1.0,0.0,1.0,0.0,0.0,0.0,1.0,0.0,Longo da via,Bom,Não existe,Incompleta,Molhada,Perfeito estado,Não existe,R-6a,60.0,Dupla,Faixa contínua,Não informado,2021,7,12,0,7.0
2021-07-12,08:16:00,SEM VÍTIMA,FINALIZADA,BOA VISTA,RUA JOAO FERNANDES VIEIRA,Não informado,EM FRENTE AO POSTE H 042956,BOA VISTA,CIDADE,COLISÃO TRASEIRA,Não informado,1.0,1.0,0.0,0.0,0.0,0.0,0.0,0.0,0.0,0.0,0.0,Longo da via,Bom,Não existe,Perfeito estado,Seca,Perfeito estado,Faixa de pedestre,Não há placas,60.0,Única,Faixa contínua,Não informado,2021,7,12,0,8.0
2021-07-12,09:12:00,COM VÍTIMA,CANCELADA,MADALENA,RUA COMENDADOR BENTO AGUIAR,Não informado,EM FRENTE A FARMACIA PAGUE MENOS,MADALENA,Não informado,COLISÃO LATERAL,Não informado,1.0,1.0,0.0,0.0,0.0,0.0,0.0,0.0,0.0,1.0,0.0,Não informado,Não informado,Não informado,Não informado,Não informado,Não informado,Não informado,Não informado,60.0,Não informado,Não informado,Não informado,2021,7,12,0,9.0
2021-07-12,10:12:00,COM VÍTIMA,FINALIZADA,DERBY,AV GOVERNADOR AGAMENON MAGALHAES,Não informado,ATROPELAMENTO,DERBY,SUBURBIO,ATROPELAMENTO DE PESSOA,Não informado,1.0,0.0,0.0,0.0,1.0,0.0,0.0,0.0,0.0,1.0,0.0,Longo da via,Chuvoso,Sem defeito,Perfeito estado,Molhada,Perfeito estado,Não existe,Não há placas,60.0,Única,Faixa seccionada,Não informado,2021,7,12,0,10.0
2021-07-12,10:56:00,COM VÍTIMA,FINALIZADA,ESTÂNCIA,AV RECIFE,Não informado,EM FRENTE AO ANTIGO MAKRO,ESTÂNCIA,SUBURBIO,COLISÃO TRASEIRA,Não informado,1.0,1.0,0.0,0.0,0.0,0.0,0.0,0.0,0.0,1.0,0.0,Longo da via,Bom,Sem defeito,Perfeito estado,Seca,Perfeito estado,Faixa de pedestre,Não há placas,60.0,Dupla,Não informado,Não informado,2021,7,12,0,10.0
2021-07-12,12:13:00,COM VÍTIMA,FINALIZADA,BEBERIBE,RUA DALVA DE OLIVEIRA,Não informado,PROX A AMBEV  E/F A IGREJA BATISTA DO VALE,BEBERIBE,SUBURBIO,COLISÃO COM CICLISTA,Não informado,1.0,0.0,0.0,1.0,0.0,0.0,0.0,0.0,0.0,1.0,0.0,Cruzamento,Bom,Não existe,Não existente,Seca,Perfeito estado,Não existe,"Placas ""Dê a preferência""",60.0,Dupla,Não existe,Não informado,2021,7,12,0,12.0
2021-07-12,14:00:00,SEM VÍTIMA,FINALIZADA,BOA VIAGEM,AV BOA VIAGEM,Não informado,PRÓX À PRACINHA DE BOA VIAGEM / EDIFÍCIO BAÍA DE VIGO,BOA VIAGEM,Não informado,COLISÃO LATERAL,Não informado,2.0,0.0,0.0,0.0,0.0,0.0,0.0,0.0,0.0,0.0,0.0,Não informado,Não informado,Não informado,Não informado,Não informado,Não informado,Não informado,Não informado,60.0,Não informado,Não informado,Não informado,2021,7,12,0,14.0
2021-07-12,18:35:00,COM VÍTIMA,FINALIZADA,VÁRZEA,AV AFONSO OLINDENSE,Não informado,PROX AO COLISEU,VÁRZEA,SUBURBIO,COLISÃO LATERAL,Não informado,1.0,1.0,0.0,0.0,0.0,0.0,0.0,0.0,0.0,1.0,0.0,Longo da via,Bom,Não existe,Perfeito estado,Seca,Perfeito estado,Outros,Não há placas,40.0,Dupla,Faixa contínua,Não informado,2021,7,12,0,18.0
2021-07-12,22:07:40,COM VÍTIMA,FINALIZADA,CAXANGÁ,AV JOAQUIM RIBEIRO,Não informado,PROX A PURE GELO,CAXANGÁ,SUBURBIO,COLISÃO TRASEIRA,Não informado,0.0,1.0,0.0,0.0,0.0,0.0,1.0,0.0,0.0,1.0,0.0,Longo da via,Bom,Não existe,Perfeito estado,Seca,Perfeito estado,Não existe,Não há placas,60.0,Dupla,Faixa contínua,Não informado,2021,7,12,0,22.0
2021-07-13,07:57:00,COM VÍTIMA,FINALIZADA,TORRE,RUA MARQUES DE MARICA,RUA SOUZA BANDEIRA,EDF. VIVENDA DOS GIRASSOIS,TORRE,Não informado,COLISÃO LATERAL,Não informado,1.0,1.0,0.0,0.0,0.0,0.0,0.0,0.0,0.0,1.0,0.0,Cruzamento,Bom,Sem defeito,Perfeito estado,Seca,Perfeito estado,Faixa de pedestre,R-6a,60.0,Dupla,Faixa contínua,Não informado,2021,7,13,1,7.0
2021-07-13,10:34:00,COM VÍTIMA,FINALIZADA,BOA VIAGEM,AV CONSELHEIRO AGUIAR,Não informado,EM FRENTE A PADARIA AUGUSTA,BOA VIAGEM,CIDADE,COLISÃO TRASEIRA,Não informado,1.0,0.0,0.0,0.0,0.0,1.0,0.0,0.0,0.0,1.0,0.0,Longo da via,Bom,Sem defeito,Perfeito estado,Seca,Perfeito estado,Outros,Não há placas,60.0,Única,Faixa contínua,Não informado,2021,7,13,1,10.0
2021-07-13,11:02:00,COM VÍTIMA,CANCELADA,BOA VIAGEM,AV BOA VIAGEM,Não informado,EM FRENTE AO CASTELINHO,BOA VIAGEM,Não informado,COLISÃO FRONTAL,Não informado,1.0,1.0,0.0,0.0,0.0,0.0,0.0,0.0,0.0,2.0,0.0,Não informado,Não informado,Não informado,Não informado,Não informado,Não informado,Não informado,Não informado,60.0,Não informado,Não informado,Não informado,2021,7,13,1,11.0
2021-07-13,18:59:00,COM VÍTIMA,FINALIZADA,ENCRUZILHADA,RUA DR FERNANDO ALLAIN,RUA MARQUES DO PARANA,E/F AO MARTELINHO DE OURO,ENCRUZILHADA,CIDADE,COLISÃO FRONTAL,Não informado,2.0,0.0,0.0,0.0,0.0,0.0,0.0,0.0,0.0,1.0,0.0,Cruzamento,Bom,Não existe,Perfeito estado,Seca,Perfeito estado,Faixa de retenção,"Placas ""Pare""",60.0,Única,Não informado,Não informado,2021,7,13,1,18.0
2021-07-13,20:13:00,SEM VÍTIMA,FINALIZADA,VASCO DA GAMA,RUA ASSUNCAO,Não informado,PROX AO TEATRO LOBATINHO,VASCO DA GAMA,Não informado,CHOQUE,Não informado,0.0,0.0,0.0,0.0,0.0,0.0,0.0,0.0,0.0,0.0,0.0,Não informado,Não informado,Não informado,Não informado,Não informado,Não informado,Não informado,Não informado,60.0,Não informado,Não informado,Não informado,2021,7,13,1,20.0
2021-07-14,01:10:00,SEM VÍTIMA,CANCELADA,ESTÂNCIA,AV RECIFE,Não informado,"EM FRENTE AO ATACADÃO,SENTIDO AEROPORTO",ESTÂNCIA,Não informado,CHOQUE,Não informado,0.0,0.0,0.0,0.0,0.0,0.0,0.0,0.0,0.0,0.0,0.0,Não informado,Não informado,Não informado,Não informado,Não informado,Não informado,Não informado,Não informado,60.0,Não informado,Não informado,Não informado,2021,7,14,2,1.0
2021-07-14,11:40:00,COM VÍTIMA,FINALIZADA,HIPÓDROMO,EST DE BELEM,RUA PRUDENTE DE MORAES,ESQUINA DO POSTO TOTAL,HIPÓDROMO,Não informado,COLISÃO FRONTAL,Não informado,0.0,1.0,0.0,0.0,0.0,1.0,0.0,0.0,0.0,1.0,0.0,Cruzamento,Bom,Sem defeito,Perfeito estado,Seca,Perfeito estado,Faixa de pedestre,Outras,30.0,Dupla,Faixa contínua,Não informado,2021,7,14,2,11.0
2021-07-14,11:56:00,SEM VÍTIMA,FINALIZADA,CAMPO GRANDE,RUA NOGUEIRA LIMA,Não informado,EM FRENTE A ESCOLA EMBAIXADOR GILBERTO AMADO,CAMPO GRANDE,Não informado,Não informado,Não informado,2.0,0.0,0.0,0.0,0.0,0.0,0.0,0.0,0.0,0.0,0.0,Longo da via,Bom,Não existe,Perfeito estado,Seca,Perfeito estado,Não existe,Não há placas,60.0,Dupla,Não existe,Não informado,2021,7,14,2,11.0
2021-07-14,15:43:00,COM VÍTIMA,FINALIZADA,TAMARINEIRA,AV NORTE,Não informado,APÓS O SESC DE CASA AMARELA,TAMARINEIRA,CIDADE,ATROPELAMENTO DE PESSOA,Não informado,0.0,1.0,0.0,0.0,1.0,0.0,0.0,0.0,0.0,1.0,0.0,Longo da via,Bom,Não existe,Perfeito estado,Seca,Perfeito estado,Não existe,Não há placas,60.0,Única,Faixa seccionada,Não informado,2021,7,14,2,15.0
2021-07-14,16:45:00,SEM VÍTIMA,FINALIZADA,CAMPO GRANDE,RUA MARQUES DE BAIPENDI,Não informado,PROXIMO AO DEPOSITO DA COCA COLA,CAMPO GRANDE,Não informado,COLISÃO LATERAL,Não informado,3.0,0.0,0.0,0.0,0.0,0.0,0.0,0.0,0.0,0.0,0.0,Não informado,Não informado,Não informado,Não informado,Não informado,Não informado,Não informado,Não informado,60.0,Não informado,Não informado,Não informado,2021,7,14,2,16.0
2021-07-14,17:23:00,COM VÍTIMA,FINALIZADA,SÃO JOSÉ,AV SUL,Não informado,NO SEMÁFORO 260,SÃO JOSÉ,CIDADE,COLISÃO LATERAL,Não informado,1.0,1.0,0.0,0.0,0.0,0.0,0.0,0.0,0.0,1.0,0.0,Cruzamento,Nublado,Sem defeito,Incompleta,Molhada,Perfeito estado,Faixa de pedestre,Não há placas,60.0,Única,Não existe,Não informado,2021,7,14,2,17.0
2021-07-14,20:12:00,COM VÍTIMA,FINALIZADA,MADALENA,AV VISCONDE DE ALBUQUERQUE,Não informado,E/F AO MADALENA CENTER,MADALENA,CIDADE,COLISÃO TRASEIRA,Não informado,3.0,0.0,0.0,0.0,0.0,1.0,0.0,0.0,0.0,1.0,0.0,Cruzamento,Bom,Não existe,Perfeito estado,Seca,Perfeito estado,Não existe,"Placas ""Pare""",60.0,Única,Faixa seccionada,Não informado,2021,7,14,2,20.0
2021-07-15,08:09:00,COM VÍTIMA,FINALIZADA,DOIS IRMÃOS,RUA MANUEL DE MEDEIROS,Não informado,EM FRENTE A UNIVERSIDADE RURAL,DOIS IRMÃOS,Não informado,COLISÃO TRASEIRA,Não informado,1.0,1.0,0.0,0.0,0.0,0.0,0.0,0.0,0.0,1.0,0.0,Longo da via,Bom,Sem defeito,Perfeito estado,Molhada,Mal conservada,Não existe,R-19,30.0,Dupla,Não existe,Não informado,2021,7,15,3,8.0
2021-07-15,10:48:00,COM VÍTIMA,FINALIZADA,BOA VIAGEM,AV ENGENHEIRO DOMINGOS FERREIRA,Não informado,TREED CENTER,BOA VIAGEM,SUBURBIO,COLISÃO TRANSVERSAL,Não informado,1.0,1.0,0.0,0.0,0.0,0.0,0.0,0.0,0.0,1.0,0.0,Longo da via,Bom,Não existe,Perfeito estado,Seca,Perfeito estado,Não existe,Não há placas,60.0,Única,Canteiro central,Não informado,2021,7,15,3,10.0
2021-07-15,12:23:00,COM VÍTIMA,FINALIZADA,AFOGADOS,RUA NICOLAU PEREIRA,Não informado,EM FRENTE AO ARMAZEM CORAL,AFOGADOS,SUBURBIO,COLISÃO TRASEIRA,Não informado,1.0,2.0,0.0,0.0,0.0,0.0,0.0,0.0,0.0,1.0,0.0,Longo da via,Bom,Sem defeito,Perfeito estado,Seca,Perfeito estado,Não existe,Não informado,60.0,Não informado,Não informado,Não informado,2021,7,15,3,12.0
2021-07-15,13:48:00,COM VÍTIMA,CANCELADA,PINA,AV ANTONIO DE GOES,Não informado,EM FRENTE AO LUCILO ÁVILA,PINA,Não informado,COLISÃO TRASEIRA,Não informado,1.0,1.0,0.0,0.0,0.0,0.0,0.0,0.0,0.0,2.0,0.0,Não informado,Não informado,Não informado,Não informado,Não informado,Não informado,Não informado,Não informado,60.0,Não informado,Não informado,Não informado,2021,7,15,3,13.0
2021-07-15,14:46:00,COM VÍTIMA,FINALIZADA,ESPINHEIRO,AV GOVERNADOR AGAMENON MAGALHAES,Não informado,EM FRENTE A MEDICAL / SENTIDO BOA VIAGEM,ESPINHEIRO,BOA VIAGEM,COLISÃO TRASEIRA,Não informado,1.0,1.0,0.0,0.0,0.0,0.0,0.0,0.0,0.0,1.0,0.0,Longo da via,Bom,Sem defeito,Perfeito estado,Seca,Perfeito estado,Não existe,Não há placas,60.0,Dupla,Faixa seccionada,Não informado,2021,7,15,3,14.0
2021-07-15,16:34:00,COM VÍTIMA,FINALIZADA,CIDADE UNIVERSITÁRIA,AV PROFESSOR LUIZ FREIRE,Não informado,PRÓX AO IFPE,CIDADE UNIVERSITÁRIA,BR-101,QUEDA,Não informado,0.0,1.0,0.0,0.0,0.0,0.0,0.0,0.0,0.0,1.0,0.0,Longo da via,Bom,Sem defeito,Incompleta,Seca,Mal conservada,Não informado,Não há placas,30.0,Única,Faixa seccionada,Não informado,2021,7,15,3,16.0
2021-07-15,16:18:00,COM VÍTIMA,FINALIZADA,TORRÕES,AV ENGENHEIRO ABDIAS DE CARVALHO,RUA QUINZE DE MARCO,NO SEMAFORO 422 PROX A CHESF  S/T BR,TORRÕES,SUBURBIO,COLISÃO LATERAL,Não informado,1.0,1.0,0.0,0.0,0.0,0.0,0.0,0.0,0.0,1.0,0.0,Cruzamento,Bom,Sem defeito,Perfeito estado,Seca,Não informado,Faixa de pedestre,Não há placas,60.0,Única,Canteiro central,Não informado,2021,7,15,3,16.0
2021-07-15,16:27:00,COM VÍTIMA,FINALIZADA,ENCRUZILHADA,AV BEBERIBE,Não informado,E/F AO BANCO DO BRASIL S/T  SUB,ENCRUZILHADA,SUBURBIO,COLISÃO FRONTAL,Não informado,1.0,1.0,0.0,0.0,0.0,0.0,0.0,0.0,0.0,1.0,0.0,Longo da via,Bom,Não informado,Perfeito estado,Seca,Perfeito estado,Não existe,R-6a,60.0,Dupla,Faixa contínua,Não informado,2021,7,15,3,16.0
2021-07-15,21:04:40,SEM VÍTIMA,FINALIZADA,SANTO AMARO,AV GOVERNADOR AGAMENON MAGALHAES,Não informado,AO LADO DO MINISTÉRIO PÚBLICO FEDERAL,SANTO AMARO,CIDADE,COLISÃO TRASEIRA,Não informado,1.0,0.0,0.0,0.0,0.0,0.0,0.0,1.0,0.0,0.0,0.0,Longo da via,Bom,Não existe,Não existente,Seca,Perfeito estado,Não existe,Não há placas,60.0,Dupla,Não informado,Não informado,2021,7,15,3,21.0
2021-07-16,04:18:00,SEM VÍTIMA,FINALIZADA,ARRUDA,AV PROFESSOR JOSE DOS ANJOS,Não informado,APÓS A VIA SUL,ARRUDA,Não informado,CHOQUE,Não informado,1.0,0.0,0.0,0.0,0.0,1.0,0.0,0.0,0.0,0.0,0.0,Não informado,Não informado,Não informado,Não informado,Não informado,Não informado,Não informado,Não informado,60.0,Não informado,Não informado,Não informado,2021,7,16,4,4.0
2021-07-16,09:52:00,COM VÍTIMA,FINALIZADA,BOA VIAGEM,RUA ERNESTO DE PAULA SANTOS,RUA AGENOR LOPES,APOS A FARMACIA PAGUE MENOS,BOA VIAGEM,Não informado,COLISÃO LATERAL,Não informado,1.0,1.0,0.0,0.0,0.0,0.0,0.0,0.0,0.0,1.0,0.0,Cruzamento,Chuvoso,Não existe,Perfeito estado,Molhada,Perfeito estado,Faixa de pedestre,Não há placas,60.0,Única,Faixa seccionada,Não informado,2021,7,16,4,9.0
2021-07-16,11:47:00,COM VÍTIMA,FINALIZADA,SÃO JOSÉ,AV SUL,Não informado,AO LADO DO POSTO BR. PRAÇA SÉRGIO LORETO.,SÃO JOSÉ,CIDADE,COLISÃO TRASEIRA,Não informado,1.0,1.0,0.0,0.0,0.0,0.0,0.0,0.0,0.0,1.0,0.0,Longo da via,Chuvoso,Sem defeito,Perfeito estado,Molhada,Perfeito estado,Faixa de retenção,Outras,60.0,Dupla,Canteiro central,Não informado,2021,7,16,4,11.0
2021-07-16,16:32:00,COM VÍTIMA,FINALIZADA,BOA VIAGEM,RUA ERNESTO DE PAULA SANTOS,RUA CORONEL ANIZIO RODRIGUES COELHO,PROX A PALADARIA  E DELICATESSEN,BOA VIAGEM,CIDADE,COLISÃO LATERAL,Não informado,2.0,0.0,0.0,0.0,0.0,0.0,0.0,0.0,0.0,1.0,0.0,Cruzamento,Bom,Não existe,Perfeito estado,Molhada,Perfeito estado,Não existe,Não há placas,60.0,Única,Não existe,Não informado,2021,7,16,4,16.0
2021-07-16,20:40:00,COM VÍTIMA,FINALIZADA,BOA VIAGEM,AV CONSELHEIRO AGUIAR,Não informado,E/F AO HOSPITAL VERETINARIO ARMONIA,BOA VIAGEM,SUBURBIO,COLISÃO TRASEIRA,Não informado,1.0,1.0,0.0,0.0,0.0,0.0,0.0,0.0,0.0,1.0,0.0,Longo da via,Bom,Não existe,Perfeito estado,Seca,Perfeito estado,Não existe,R-6a,60.0,Única,Canteiro central,Não informado,2021,7,16,4,20.0
2021-07-17,10:12:00,COM VÍTIMA,CANCELADA,TORRE,RUA PADRE LANDIM,RUA CONDE DE IRAJA,APOS A PADARIA DO IRAJA,TORRE,Não informado,COLISÃO TRANSVERSAL,Não informado,1.0,1.0,0.0,0.0,0.0,0.0,0.0,0.0,0.0,1.0,0.0,Não informado,Não informado,Não informado,Não informado,Não informado,Não informado,Não informado,Não informado,60.0,Não informado,Não informado,Não informado,2021,7,17,5,10.0
2021-07-17,14:11:00,COM VÍTIMA,FINALIZADA,ROSARINHO,RUA DR JOSE MARIA,Não informado,PROX AO TAMARIDU´S FESTAS S/T SUB,ROSARINHO,Não informado,COLISÃO LATERAL,Não informado,1.0,1.0,0.0,0.0,0.0,0.0,0.0,0.0,0.0,1.0,0.0,Não informado,Não informado,Não informado,Não informado,Não informado,Não informado,Não informado,Não informado,60.0,Não informado,Não informado,Não informado,2021,7,17,5,14.0
2021-07-17,19:31:00,COM VÍTIMA,FINALIZADA,BOA VIAGEM,AV BOA VIAGEM,Não informado,PROX AO EDFC PLAZA DEL MAR,BOA VIAGEM,CIDADE,ATROPELAMENTO DE PESSOA,Não informado,0.0,1.0,0.0,0.0,1.0,0.0,0.0,0.0,0.0,1.0,0.0,Longo da via,Bom,Sem defeito,Perfeito estado,Seca,Perfeito estado,Faixa de pedestre,Não há placas,60.0,Única,Faixa contínua,Não informado,2021,7,17,5,19.0
2021-07-17,19:36:00,COM VÍTIMA,FINALIZADA,BOA VIAGEM,RUA VISCONDE DE JEQUITINHONHA,Não informado,LADO OPOSTO A CHURRASCARIA PONTEIO,BOA VIAGEM,SUBURBIO,ATROPELAMENTO DE PESSOA,Não informado,1.0,0.0,0.0,0.0,1.0,0.0,0.0,0.0,0.0,1.0,0.0,Longo da via,Bom,Não existe,Não existente,Seca,Perfeito estado,Não existe,Não há placas,60.0,Única,Faixa seccionada,Não informado,2021,7,17,5,19.0
2021-07-17,20:39:40,COM VÍTIMA,FINALIZADA,CORDEIRO,AV GENERAL SAN MARTIN,RUA GOMES TABORDA,E/F A DROGASIL,CORDEIRO,SUBURBIO,COLISÃO TRANSVERSAL,Não informado,1.0,1.0,0.0,0.0,0.0,0.0,0.0,0.0,0.0,1.0,0.0,Cruzamento,Chuvoso,Sem defeito,Não existente,Molhada,Perfeito estado,Faixa de pedestre,Outras,60.0,Dupla,Faixa contínua,Não informado,2021,7,17,5,20.0
2021-07-17,22:21:40,COM VÍTIMA,FINALIZADA,BOA VIAGEM,AV BOA VIAGEM,Não informado,E/F AO EDFC  CASA ALTA,BOA VIAGEM,Não informado,COLISÃO TRASEIRA,Não informado,1.0,1.0,0.0,0.0,0.0,0.0,0.0,0.0,0.0,1.0,0.0,Não informado,Não informado,Não informado,Não informado,Não informado,Não informado,Não informado,Não informado,60.0,Não informado,Não informado,Não informado,2021,7,17,5,22.0
2021-07-18,02:18:00,SEM VÍTIMA,CANCELADA,IMBIRIBEIRA,AV MARECHAL MASCARENHAS DE MORAES,Não informado,PROXIMO AO AO ATACADO DOS PRESENTES,IMBIRIBEIRA,CIDADE,COLISÃO TRASEIRA,Não informado,2.0,0.0,0.0,0.0,0.0,0.0,0.0,0.0,0.0,0.0,0.0,Não informado,Não informado,Não informado,Não informado,Não informado,Não informado,Não informado,Não informado,60.0,Não informado,Não informado,Não informado,2021,7,18,6,2.0
2021-07-18,07:40:00,COM VÍTIMA,FINALIZADA,SANTO AMARO,AV DR JAYME DA FONTE,AV CRUZ CABUGA,SEMÁFORO 373,SANTO AMARO,SUBURBIO,COLISÃO LATERAL,Não informado,2.0,0.0,0.0,0.0,0.0,0.0,0.0,0.0,0.0,3.0,0.0,Cruzamento,Bom,Sem defeito,Perfeito estado,Seca,Perfeito estado,Faixa de pedestre,Outras,60.0,Dupla,Canteiro central,Não informado,2021,7,18,6,7.0
2021-07-18,09:13:00,COM VÍTIMA,CANCELADA,MADALENA,AV ENGENHEIRO ABDIAS DE CARVALHO,Não informado,E/F A MC DONALD'S,MADALENA,SUBURBIO,COLISÃO TRASEIRA,Não informado,1.0,1.0,0.0,0.0,0.0,0.0,0.0,0.0,0.0,1.0,0.0,Não informado,Não informado,Não informado,Não informado,Não informado,Não informado,Não informado,Não informado,60.0,Não informado,Não informado,Não informado,2021,7,18,6,9.0
2021-07-19,07:36:00,COM VÍTIMA,FINALIZADA,ILHA JOANA BEZERRA,VIADUTO CAPITAO TEMUDO,Não informado,Não informado,ILHA JOANA BEZERRA,CIDADE,QUEDA,Não informado,0.0,1.0,0.0,0.0,0.0,0.0,0.0,0.0,0.0,1.0,0.0,Viaduto,Chuvoso,Não existe,Perfeito estado,Molhada,Perfeito estado,Agente,"Placas ""Dê a preferência""",60.0,Dupla,Canteiro central,Não informado,2021,7,19,0,7.0
2021-07-19,08:17:00,SEM VÍTIMA,FINALIZADA,VASCO DA GAMA,RUA ALTO DO EUCALIPTO,Não informado,Não informado,VASCO DA GAMA,Não informado,Não informado,Não informado,2.0,0.0,0.0,0.0,0.0,0.0,0.0,0.0,1.0,0.0,0.0,Longo da via,Chuvoso,Não existe,Não informado,Molhada,Perfeito estado,Não existe,Não há placas,30.0,Dupla,Não existe,Não informado,2021,7,19,0,8.0
2021-07-19,08:35:00,COM VÍTIMA,FINALIZADA,ARRUDA,AV BEBERIBE,Não informado,ESTÁDIO DO SANTA CRUZ,ARRUDA,CIDADE,COLISÃO TRASEIRA,Não informado,1.0,1.0,0.0,0.0,0.0,0.0,0.0,0.0,0.0,1.0,0.0,Longo da via,Chuvoso,Não informado,Perfeito estado,Molhada,Perfeito estado,Faixa de pedestre,Outras,60.0,Dupla,Faixa contínua,Não informado,2021,7,19,0,8.0