data,hora,natureza_acidente,situacao,bairro,endereco,detalhe_endereco_acidente,complemento,bairro_cruzamento,sentido_via,tipo,descricao,auto,moto,ciclom,ciclista,pedestre,onibus,caminhao,viatura,outros,vitimas,vitimasfatais,acidente_verificado,tempo_clima,situacao_semaforo,sinalizacao,condicao_via,conservacao_via,ponto_controle,situacao_placa,velocidade_max_via,mao_direcao,divisao_via1,natureza,ano,mes,dia,dia_semana,hora_ocorrencia
2021-07-19,10:00:00,SEM VÍTIMA,FINALIZADA,BOA VISTA,AV GOVERNADOR AGAMENON MAGALHAES,Não informado,E/F AO COLÉGIO AMERICANO BATISTA,BOA VISTA,SUBURBIO,COLISÃO TRASEIRA,Não informado,2.0,0.0,0.0,0.0,0.0,0.0,0.0,0.0,0.0,0.0,0.0,Longo da via,Chuvoso,Sem defeito,Perfeito estado,Molhada,Perfeito estado,Faixa de pedestre,Outras,60.0,Dupla,Canteiro central,Não informado,2021,7,19,0,10.0
2021-07-19,11:48:00,COM VÍTIMA,FINALIZADA,AFOGADOS,RUA SAO MIGUEL,RUA GENERAL CARLOS LIRA,EM FRENTE AO POSTO DE COMBUSTIVEL DISLUB,AFOGADOS,SUBURBIO,COLISÃO LATERAL,Não informado,1.0,1.0,0.0,0.0,0.0,0.0,0.0,0.0,0.0,1.0,0.0,Longo da via,Chuvoso,Não existe,Perfeito estado,Molhada,Perfeito estado,Faixa de pedestre,Não há placas,60.0,Dupla,Faixa contínua,Não informado,2021,7,19,0,11.0
2021-07-20,10:15:00,COM VÍTIMA,FINALIZADA,BOA VIAGEM,RUA SA E SOUZA,RUA BARAO DE SOUZA LEAO,E/F AO COLÉGIO SANTOS DUMONT,BOA VIAGEM,SUBURBIO,ATROPELAMENTO DE PESSOA,Não informado,0.0,0.0,0.0,0.0,1.0,0.0,0.0,0.0,0.0,1.0,0.0,Cruzamento,Bom,Sem defeito,Perfeito estado,Seca,Perfeito estado,Faixa de pedestre,Outras,60.0,Única,Faixa contínua,Não informado,2021,7,20,1,10.0
2021-07-20,15:57:00,COM VÍTIMA,FINALIZADA,CORDEIRO,RUA SOUZA BANDEIRA,AV CAXANGA,LIVRARIA E PAPELARIA CAXANGÁ,CORDEIRO,Não informado,COLISÃO LATERAL,Não informado,1.0,1.0,0.0,0.0,0.0,0.0,0.0,0.0,0.0,1.0,0.0,Longo da via,Bom,Sem defeito,Perfeito estado,Seca,Perfeito estado,Faixa de pedestre,Não há placas,60.0,Única,Faixa seccionada,Não informado,2021,7,20,1,15.0
2021-07-20,17:04:00,COM VÍTIMA,FINALIZADA,IMBIRIBEIRA,RUA SUELI LUNA MENELAU,AV MARECHAL MASCARENHAS DE MORAES,EM FRENTE A OFICINA ELICAR,IMBIRIBEIRA,CIDADE,COLISÃO LATERAL,Não informado,1.0,1.0,0.0,0.0,0.0,0.0,0.0,0.0,0.0,1.0,0.0,Cruzamento,Bom,Não existe,Não existente,Seca,Perfeito estado,Não existe,"Placas ""Dê a preferência""",60.0,Única,Não existe,Não informado,2021,7,20,1,17.0
2021-07-20,19:14:00,COM VÍTIMA,FINALIZADA,BOA VIAGEM,RUA CAMBOIM,Não informado,PRÓX AO TERMINAL DE SETUBAL,BOA VIAGEM,DUPLO,COLISÃO TRASEIRA,Não informado,1.0,1.0,0.0,0.0,0.0,0.0,0.0,0.0,0.0,1.0,0.0,Cruzamento,Bom,Não existe,Perfeito estado,Seca,Perfeito estado,Faixa de retenção,R-6a,60.0,Dupla,Não existe,Não informado,2021,7,20,1,19.0
2021-07-20,19:30:00,COM VÍTIMA,FINALIZADA,ENCRUZILHADA,AV NORTE,AV JOAO DE BARROS,LADO OPOSTO AO BANCO SANTANDER,ENCRUZILHADA,SUBURBIO,COLISÃO COM CICLISTA,Não informado,1.0,0.0,0.0,1.0,0.0,0.0,0.0,0.0,0.0,1.0,0.0,Longo da via,Bom,Sem defeito,Perfeito estado,Seca,Mal iluminada,Faixa de pedestre,Outras,60.0,Dupla,Não informado,Não informado,2021,7,20,1,19.0
2021-07-20,20:58:40,COM VÍTIMA,FINALIZADA,TORRE,RUA JOSE BONIFACIO,Não informado,PRÓX AO CARLITOS BURGUER E PADARIA NOVA ARMADA,TORRE,SUBURBIO,COLISÃO LATERAL,Não informado,0.0,2.0,0.0,0.0,0.0,0.0,0.0,0.0,0.0,1.0,0.0,Longo da via,Bom,Não existe,Perfeito estado,Seca,Perfeito estado,Não existe,Não há placas,60.0,Única,Faixa seccionada,Não informado,2021,7,20,1,20.0
2021-07-21,06:32:00,COM VÍTIMA,FINALIZADA,ENCRUZILHADA,AV NORTE,Não informado,Não informado,ENCRUZILHADA,CIDADE,QUEDA,Não informado,0.0,1.0,0.0,0.0,0.0,0.0,0.0,0.0,0.0,1.0,0.0,Longo da via,Chuvoso,Não existe,Não informado,Molhada,Não informado,Não existe,R-6a,60.0,Dupla,Canteiro central,Não informado,2021,7,21,2,6.0
2021-07-21,10:04:00,COM VÍTIMA,FINALIZADA,PINA,AV BOA VIAGEM,Não informado,EM FRENTE AO CONJUNTO BELMAR,PINA,SUBURBIO,COLISÃO LATERAL,Não informado,1.0,1.0,0.0,0.0,0.0,0.0,0.0,0.0,0.0,1.0,0.0,Longo da via,Chuvoso,Não existe,Perfeito estado,Molhada,Perfeito estado,Não existe,Não há placas,60.0,Única,Faixa seccionada,Não informado,2021,7,21,2,10.0
2021-07-21,10:15:00,COM VÍTIMA,FINALIZADA,CASA FORTE,AV DEZESSETE DE AGOSTO,Não informado,EM FRENTE AO COLEGIO MOTIVO,CASA FORTE,SUBURBIO,COLISÃO LATERAL,Não informado,1.0,1.0,0.0,0.0,0.0,0.0,0.0,0.0,0.0,1.0,0.0,Longo da via,Bom,Sem defeito,Perfeito estado,Molhada,Perfeito estado,Não existe,Outras,60.0,Dupla,Faixa contínua,Não informado,2021,7,21,2,10.0
2021-07-21,11:35:00,COM VÍTIMA,FINALIZADA,CASA FORTE,RUA LEONARDO BEZERRA CAVALCANTE,Não informado,EM FRENTE AO BIG BOMPREÇO,CASA FORTE,SUBURBIO,COLISÃO TRANSVERSAL,Não informado,1.0,1.0,0.0,0.0,0.0,0.0,0.0,0.0,0.0,1.0,0.0,Longo da via,Chuvoso,Não existe,Perfeito estado,Seca,Perfeito estado,Não existe,Outras,60.0,Única,Faixa seccionada,Não informado,2021,7,21,2,11.0
2021-07-21,15:48:00,COM VÍTIMA,FINALIZADA,IPSEP,RUA HELIO BRANDAO,RUA ADERBAL DE MELO,Não informado,IPSEP,Não informado,COLISÃO LATERAL,Não informado,0.0,1.0,0.0,0.0,0.0,0.0,1.0,0.0,0.0,1.0,0.0,Cruzamento,Bom,Não existe,Perfeito estado,Seca,Perfeito estado,Outros,"Placas ""Pare""",60.0,Única,Não informado,Não informado,2021,7,21,2,15.0
2021-07-21,16:33:00,COM VÍTIMA,FINALIZADA,SAN MARTIN,RUA MINEIROLANDIA,RUA CATURITE,Não informado,SAN MARTIN,SUBURBIO,COLISÃO LATERAL,Não informado,1.0,0.0,0.0,0.0,0.0,0.0,0.0,1.0,0.0,1.0,0.0,Cruzamento,Bom,Não existe,Perfeito estado,Seca,Perfeito estado,Não existe,Não há placas,40.0,Dupla,Não existe,Não informado,2021,7,21,2,16.0
2021-07-22,08:16:00,COM VÍTIMA,FINALIZADA,CASA FORTE,RUA DO MARQUES,AV FLOR DE SANTANA,PROX. A BURGUER KING,CASA FORTE,CIDADE,QUEDA,Não informado,0.0,1.0,0.0,0.0,0.0,0.0,0.0,0.0,0.0,1.0,0.0,Cruzamento,Bom,Não existe,Incompleta,Seca,Mal iluminada,Não existe,"Placas ""Pare""",60.0,Dupla,Não existe,Não informado,2021,7,22,3,8.0
2021-07-22,10:53:00,COM VÍTIMA,FINALIZADA,ESTÂNCIA,AV ESTANCIA,RUA MORAIS E SILVA,PROX A ESTAÇAO  SANTA LUZIA,ESTÂNCIA,Não informado,COLISÃO LATERAL,Não informado,2.0,0.0,0.0,0.0,0.0,0.0,0.0,0.0,0.0,1.0,0.0,Não informado,Não informado,Não informado,Não informado,Não informado,Não informado,Não informado,Não informado,60.0,Não informado,Não informado,Não informado,2021,7,22,3,10.0
2021-07-22,11:14:00,COM VÍTIMA,CANCELADA,APIPUCOS,RUA DE APIPUCOS,Não informado,E/F AO EDF. PAINEIRAS,APIPUCOS,Não informado,COLISÃO FRONTAL,Não informado,1.0,1.0,0.0,0.0,0.0,0.0,0.0,0.0,0.0,1.0,0.0,Não informado,Não informado,Não informado,Não informado,Não informado,Não informado,Não informado,Não informado,60.0,Não informado,Não informado,Não informado,2021,7,22,3,11.0
2021-07-22,11:22:00,COM VÍTIMA,CANCELADA,CAXANGÁ,Não informado,Não informado,"EM FRENTE A ESTAÇÃO BARREIRA, SENTIDO CAMARAGIBE",CAXANGÁ,Não informado,COLISÃO TRANSVERSAL,Não informado,1.0,1.0,0.0,0.0,0.0,0.0,0.0,0.0,0.0,1.0,0.0,Não informado,Não informado,Não informado,Não informado,Não informado,Não informado,Não informado,Não informado,60.0,Não informado,Não informado,Não informado,2021,7,22,3,11.0
2021-07-22,14:05:00,COM VÍTIMA,FINALIZADA,CAXANGÁ,RUA RIBEIRO PESSOA,Não informado,APOS A UPA DA CAXANGA SENTIDO DOIS IRMAOS,CAXANGÁ,CIDADE,COLISÃO LATERAL,Não informado,0.0,1.0,0.0,0.0,0.0,0.0,1.0,0.0,0.0,1.0,0.0,Cruzamento,Bom,Não existe,Perfeito estado,Seca,Perfeito estado,Não existe,Outras,40.0,Dupla,Faixa seccionada,Não informado,2021,7,22,3,14.0
2021-07-22,14:25:00,COM VÍTIMA,FINALIZADA,BOA VIAGEM,RUA SA E SOUZA,Não informado,EDIFICIO BARRAMARES,BOA VIAGEM,CIDADE,COLISÃO LATERAL,Não informado,1.0,0.0,0.0,0.0,0.0,0.0,1.0,0.0,0.0,1.0,0.0,Longo da via,Bom,Não existe,Perfeito estado,Seca,Perfeito estado,Não existe,Outras,40.0,Dupla,Faixa seccionada,Não informado,2021,7,22,3,14.0
2021-07-22,14:31:00,COM VÍTIMA,FINALIZADA,BOA VISTA,AV CRUZ CABUGA,Não informado,EM FRENTE A SERES,BOA VISTA,Não informado,ATROPELAMENTO DE PESSOA,Não informado,0.0,1.0,0.0,0.0,1.0,0.0,0.0,0.0,0.0,3.0,0.0,Longo da via,Bom,Não existe,Ilegível,Seca,Perfeito estado,Não existe,R-6a,60.0,Dupla,Blocos,Não informado,2021,7,22,3,14.0
2021-07-22,15:57:00,COM VÍTIMA,FINALIZADA,ESTÂNCIA,AV RECIFE,Não informado,EM FRENTE AO ATACADÃO,ESTÂNCIA,AEROPORTO,COLISÃO TRASEIRA,Não informado,1.0,0.0,0.0,0.0,0.0,0.0,1.0,0.0,0.0,1.0,0.0,Longo da via,Bom,Sem defeito,Perfeito estado,Seca,Perfeito estado,Faixa de pedestre,Não há placas,60.0,Dupla,Canteiro central,Não informado,2021,7,22,3,15.0
2021-07-22,17:21:00,COM VÍTIMA,FINALIZADA,CASA AMARELA,AV NORTE,RUA DA HARMONIA,AO LADO DO BANCO DO BRADESCO,CASA AMARELA,SUBURBIO,COLISÃO FRONTAL,Não informado,1.0,1.0,0.0,0.0,0.0,0.0,0.0,0.0,0.0,1.0,0.0,Cruzamento,Bom,Sem defeito,Não existente,Seca,Perfeito estado,Não existe,R-26,50.0,Única,Canteiro central,Não informado,2021,7,22,3,17.0
2021-07-22,17:42:00,SEM VÍTIMA,FINALIZADA,NOVA DESCOBERTA,RUA NOVA DESCOBERTA,Não informado,EM FRENTE A ALB RAÇOES,NOVA DESCOBERTA,SUBURBIO,COLISÃO TRANSVERSAL,Não informado,0.0,0.0,0.0,0.0,0.0,1.0,0.0,1.0,0.0,0.0,0.0,Longo da via,Bom,Não existe,Perfeito estado,Seca,Perfeito estado,Outros,Outras,40.0,Dupla,Faixa seccionada,Não informado,2021,7,22,3,17.0
2021-07-23,00:27:00,SEM VÍTIMA,FINALIZADA,IBURA,AV DOIS RIOS,Não informado,PRÓXIMO A POLICLINICA ARNALDO MARQUES,IBURA,Não informado,COLISÃO TRANSVERSAL,Não informado,1.0,0.0,0.0,0.0,0.0,0.0,1.0,0.0,0.0,0.0,0.0,Cruzamento,Chuvoso,Não existe,Perfeito estado,Molhada,Perfeito estado,Não informado,Não há placas,40.0,Dupla,Não existe,Não informado,2021,7,23,4,0.0
2021-07-23,11:40:00,SEM VÍTIMA,FINALIZADA,AREIAS,AV RECIFE,RUA MAESTRO ALCIDES LEAO,EM FRENTE AO HOTEL ESTORIL,AREIAS,CIDADE,COLISÃO TRASEIRA,Não informado,2.0,0.0,0.0,0.0,0.0,0.0,0.0,0.0,0.0,0.0,0.0,Longo da via,Bom,Sem defeito,Perfeito estado,Seca,Perfeito estado,Não existe,Não há placas,60.0,Dupla,Canteiro central,Não informado,2021,7,23,4,11.0
2021-07-23,16:42:00,SEM VÍTIMA,FINALIZADA,MADALENA,AV VISCONDE DE ALBUQUERQUE,RUA JOSE OSORIO,AO LADO DA EXTRAFARMA,MADALENA,SUBURBIO,COLISÃO TRANSVERSAL,Não informado,1.0,0.0,0.0,0.0,0.0,0.0,0.0,1.0,0.0,0.0,0.0,Cruzamento,Chuvoso,Sem defeito,Perfeito estado,Molhada,Perfeito estado,Não existe,Não informado,30.0,Única,Faixa seccionada,Não informado,2021,7,23,4,16.0
2021-07-23,16:53:00,COM VÍTIMA,FINALIZADA,CAMPO GRANDE,RUA MARQUES DE BAIPENDI,Não informado,AO LADO DO MERCADINHO N.S. DA CONCEIÇÃO,CAMPO GRANDE,Não informado,COLISÃO FRONTAL,Não informado,0.0,1.0,0.0,0.0,0.0,1.0,0.0,0.0,0.0,1.0,0.0,Longo da via,Bom,Não existe,Não existente,Seca,Perfeito estado,Não existe,Não há placas,60.0,Dupla,Faixa seccionada,Não informado,2021,7,23,4,16.0
2021-07-23,17:00:00,COM VÍTIMA,FINALIZADA,CASA AMARELA,AV NORTE,Não informado,RESTAURANTE REI DA PICANHA,CASA AMARELA,SUBURBIO,CHOQUE,Não informado,0.0,1.0,0.0,0.0,0.0,0.0,0.0,0.0,0.0,1.0,0.0,Longo da via,Bom,Não existe,Perfeito estado,Seca,Perfeito estado,Não existe,Outras,60.0,Dupla,Canteiro central,Não informado,2021,7,23,4,17.0
2021-07-23,18:07:00,COM VÍTIMA,CANCELADA,ALTO JOSÉ BONIFÁCIO,RUA ALTO JOSE BONIFACIO,Não informado,NA SUBIDA DA LADEIRA / PRÓX  A BARBEARIA DOS REIS E PRAÇA DA BANDEIRA,ALTO JOSÉ BONIFÁCIO,Não informado,COLISÃO LATERAL,Não informado,2.0,0.0,0.0,0.0,0.0,0.0,0.0,0.0,0.0,1.0,0.0,Não informado,Não informado,Não informado,Não informado,Não informado,Não informado,Não informado,Não informado,60.0,Não informado,Não informado,Não informado,2021,7,23,4,18.0
2021-07-23,18:17:00,COM VÍTIMA,CANCELADA,PARNAMIRIM,AV PARNAMIRIM,Não informado,PROX AO PARNAMARIM CENTER,PARNAMIRIM,Não informado,COLISÃO LATERAL,Não informado,1.0,1.0,0.0,0.0,0.0,0.0,0.0,0.0,0.0,1.0,0.0,Não informado,Não informado,Não informado,Não informado,Não informado,Não informado,Não informado,Não informado,60.0,Não informado,Não informado,Não informado,2021,7,23,4,18.0
2021-07-23,18:29:00,COM VÍTIMA,FINALIZADA,SANTO AMARO,AV CRUZ CABUGA,RUA CAPITAO LIMA,PRÓX. A CTTU,SANTO AMARO,CIDADE,COLISÃO LATERAL,Não informado,1.0,1.0,0.0,0.0,0.0,0.0,0.0,0.0,0.0,1.0,0.0,Longo da via,Bom,Não existe,Perfeito estado,Não informado,Não informado,Não existe,"Placas ""Pare""",40.0,Dupla,Faixa contínua,Não informado,2021,7,23,4,18.0
2021-07-23,20:26:00,COM VÍTIMA,FINALIZADA,IPUTINGA,AV CAXANGA,Não informado,EM FRENTE A FARMACIA EXTRAFARMA,IPUTINGA,SUBURBIO,COLISÃO LATERAL,Não informado,2.0,0.0,0.0,0.0,0.0,0.0,0.0,0.0,0.0,1.0,0.0,Longo da via,Bom,Não existe,Perfeito estado,Seca,Perfeito estado,Não existe,R-6a,60.0,Dupla,Canteiro central,Não informado,2021,7,23,4,20.0
2021-07-24,05:40:00,VÍTIMA FATAL,FINALIZADA,IBURA,AV DOZE DE JUNHO,Não informado,EM FRENTE AO IMÓVEL N E 1450,IBURA,CIDADE,CHOQUE,Não informado,0.0,1.0,0.0,0.0,0.0,0.0,0.0,0.0,0.0,1.0,1.0,Longo da via,Bom,Não existe,Não existente,Seca,Perfeito estado,Não existe,Não há placas,30.0,Dupla,Não existe,Não informado,2021,7,24,5,5.0
2021-07-24,10:54:00,COM VÍTIMA,FINALIZADA,SÃO JOSÉ,PRC DAS CINCO PONTAS,Não informado,E/F AO TRE,SÃO JOSÉ,AV SUL,COLISÃO FRONTAL,Não informado,1.0,1.0,0.0,0.0,0.0,0.0,0.0,0.0,0.0,1.0,0.0,Cruzamento,Bom,Sem defeito,Perfeito estado,Seca,Perfeito estado,Outros,Outras,60.0,Não informado,Faixa seccionada,Não informado,2021,7,24,5,10.0
2021-07-24,11:31:00,SEM VÍTIMA,FINALIZADA,TAMARINEIRA,RUA CONEGO BARATA,Não informado,OPOSTO A FERREIRA COSTA HOME CENTER,TAMARINEIRA,CIDADE,Não informado,Não informado,1.0,0.0,0.0,0.0,0.0,0.0,0.0,1.0,0.0,0.0,0.0,Longo da via,Bom,Sem defeito,Perfeito estado,Seca,Perfeito estado,Faixa de pedestre,Outras,50.0,Dupla,Faixa seccionada,Não informado,2021,7,24,5,11.0
2021-07-24,13:14:00,COM VÍTIMA,FINALIZADA,SANTO AMARO,AV GOVERNADOR AGAMENON MAGALHAES,Não informado,NA REITORIA DA UPE,SANTO AMARO,CIDADE,COLISÃO LATERAL,Não informado,1.0,1.0,0.0,0.0,0.0,0.0,0.0,0.0,0.0,1.0,0.0,Ponte,Bom,Não existe,Perfeito estado,Seca,Perfeito estado,Não existe,Não há placas,60.0,Única,Canteiro central,Não informado,2021,7,24,5,13.0
2021-07-24,21:31:40,COM VÍTIMA,CANCELADA,TOTÓ,AV LIBERDADE,Não informado,E/F A CASA DO BREGA,TOTÓ,Não informado,ATROPELAMENTO DE PESSOA,Não informado,1.0,0.0,0.0,0.0,1.0,0.0,0.0,0.0,0.0,1.0,0.0,Não informado,Não informado,Não informado,Não informado,Não informado,Não informado,Não informado,Não informado,60.0,Não informado,Não informado,Não informado,2021,7,24,5,21.0
2021-07-25,06:41:00,SEM VÍTIMA,FINALIZADA,SANTO ANTÔNIO,AV DANTAS BARRETO,RUA SIQUEIRA CAMPOS,SOB O SEMÁFORO 141,SANTO ANTÔNIO,CIDADE,COLISÃO TRANSVERSAL,Não informado,1.0,0.0,0.0,0.0,0.0,1.0,0.0,0.0,0.0,0.0,0.0,Cruzamento,Bom,Intermitente,Perfeito estado,Seca,Perfeito estado,Faixa de pedestre,Não há placas,60.0,Não informado,Canteiro central,Não informado,2021,7,25,6,6.0
2021-07-25,08:21:00,COM VÍTIMA,FINALIZADA,DOIS UNIDOS,AV HILDEBRANDO DE VASCONCELOS,Não informado,COMPESA,DOIS UNIDOS,SUBURBIO,COLISÃO FRONTAL,Não informado,0.0,2.0,0.0,0.0,0.0,0.0,0.0,0.0,0.0,2.0,0.0,Longo da via,Bom,Não informado,Perfeito estado,Molhada,Perfeito estado,Não existe,Não há placas,40.0,Dupla,Faixa seccionada,Não informado,2021,7,25,6,8.0
2021-07-25,17:58:00,COM VÍTIMA,FINALIZADA,AFOGADOS,RUA NICOLAU PEREIRA,RUA NICOLAU PEREIRA,E/F A POLICLINICA DE AFOGADOS,AFOGADOS,Não informado,QUEDA,Não informado,0.0,1.0,0.0,0.0,0.0,0.0,0.0,0.0,0.0,1.0,0.0,Longo da via,Chuvoso,Não existe,Perfeito estado,Molhada,Perfeito estado,Não existe,Não há placas,40.0,Única,Faixa seccionada,Não informado,2021,7,25,6,17.0
2021-07-25,19:29:00,SEM VÍTIMA,FINALIZADA,PINA,AV ENGENHEIRO DOMINGOS FERREIRA,Não informado,E/F AO MUNDO PET / PRÓX AO HOTEL IBIS,PINA,Não informado,COLISÃO LATERAL,Não informado,2.0,0.0,0.0,0.0,0.0,0.0,0.0,0.0,0.0,0.0,0.0,Não informado,Não informado,Não informado,Não informado,Não informado,Não informado,Não informado,Não informado,60.0,Não informado,Não informado,Não informado,2021,7,25,6,19.0
2021-07-25,20:55:40,COM VÍTIMA,FINALIZADA,NOVA DESCOBERTA,AV VEREADOR OTACILIO AZEVEDO,Não informado,E/F AO ANTIGO CLUBE DA FAZENDA / PRÓX A UPA,NOVA DESCOBERTA,SUBURBIO,COLISÃO TRASEIRA,Não informado,0.0,2.0,0.0,0.0,0.0,0.0,0.0,0.0,0.0,1.0,0.0,Longo da via,Chuvoso,Não existe,Ilegível,Molhada,Perfeito estado,Não existe,Não há placas,60.0,Dupla,Faixa seccionada,Não informado,2021,7,25,6,20.0
2021-07-26,08:29:00,COM VÍTIMA,FINALIZADA,CORDEIRO,AV PROFESSOR ESTEVAO FRANCISCO DA COSTA,Não informado,AO LADO 412,CORDEIRO,Não informado,COLISÃO LATERAL,Não informado,1.0,1.0,0.0,0.0,0.0,0.0,0.0,0.0,0.0,1.0,0.0,Cruzamento,Bom,Sem defeito,Perfeito estado,Seca,Perfeito estado,Faixa de pedestre,Não há placas,60.0,Dupla,Canteiro central,Não informado,2021,7,26,0,8.0
2021-07-26,10:42:00,COM VÍTIMA,FINALIZADA,ENCRUZILHADA,AV BEBERIBE,Não informado,"AO LADO DA DISNOVE, EM FRENTE AO ARMAZEM MADCUNHA",ENCRUZILHADA,SUBURBIO,COLISÃO FRONTAL,Não informado,1.0,2.0,0.0,0.0,0.0,0.0,0.0,0.0,0.0,1.0,0.0,Longo da via,Bom,Não existe,Perfeito estado,Seca,Perfeito estado,Não existe,Outras,60.0,Dupla,Faixa contínua,Não informado,2021,7,26,0,10.0
2021-07-26,14:52:00,COM VÍTIMA,FINALIZADA,SANTO AMARO,AV GOVERNADOR AGAMENON MAGALHAES,Não informado,UPINHA,SANTO AMARO,CIDADE,CHOQUE,Não informado,1.0,0.0,0.0,0.0,0.0,0.0,0.0,0.0,0.0,3.0,0.0,Longo da via,Bom,Não existe,Perfeito estado,Seca,Perfeito estado,Outros,Outras,60.0,Dupla,Faixa contínua,Não informado,2021,7,26,0,14.0
2021-07-26,16:22:00,SEM VÍTIMA,FINALIZADA,IMBIRIBEIRA,AV MARECHAL MASCARENHAS DE MORAES,Não informado,EM FRENTE AO POSTO PETROBRAS,IMBIRIBEIRA,SUBURBIO,Não informado,Não informado,1.0,0.0,0.0,0.0,0.0,0.0,0.0,1.0,0.0,0.0,0.0,Longo da via,Bom,Sem defeito,Perfeito estado,Seca,Perfeito estado,Não existe,Outras,60.0,Única,Faixa seccionada,Não informado,2021,7,26,0,16.0
2021-07-26,20:46:00,COM VÍTIMA,FINALIZADA,CAXANGÁ,AV CAXANGA,RUA SAO MATEUS,SEMÁFORO 229,CAXANGÁ,SUBURBIO,COLISÃO FRONTAL,Não informado,1.0,1.0,0.0,0.0,0.0,0.0,0.0,0.0,0.0,1.0,0.0,Cruzamento,Chuvoso,Sem defeito,Perfeito estado,Molhada,Perfeito estado,Faixa de pedestre,Não há placas,60.0,Dupla,Faixa contínua,Não informado,2021,7,26,0,20.0
2021-07-26,20:53:40,COM VÍTIMA,FINALIZADA,PORTO DA MADEIRA,RUA DALVA DE OLIVEIRA,RUA NOVA ESPERANCA,RUA VILA  ESPERANÇA/ E/F A IGREJA BATISTA DO VALE,PORTO DA MADEIRA,SUBURBIO,COLISÃO LATERAL,Não informado,1.0,1.0,0.0,0.0,0.0,0.0,0.0,0.0,0.0,1.0,0.0,Cruzamento,Bom,Não existe,Perfeito estado,Molhada,Perfeito estado,Faixa de pedestre,"Placas ""Pare""",60.0,Dupla,Faixa seccionada,Não informado,2021,7,26,0,20.0
2021-07-27,12:24:00,SEM VÍTIMA,CANCELADA,SANTO AMARO,RUA DOS PALMARES,Não informado,E/F A EMERGENCIA DO PROCAP,SANTO AMARO,Não informado,COLISÃO LATERAL,Não informado,1.0,0.0,0.0,0.0,0.0,0.0,0.0,1.0,0.0,0.0,0.0,Não informado,Não informado,Não informado,Não informado,Não informado,Não informado,Não informado,Não informado,60.0,Não informado,Não informado,Não informado,2021,7,27,1,12.0
2021-07-27,12:24:00,COM VÍTIMA,FINALIZADA,SANTO AMARO,AV VISCONDE DE SUASSUNA,Não informado,LADO OPOSTO A AUDIOCLÍNICA,SANTO AMARO,SUBURBIO,COLISÃO LATERAL,Não informado,1.0,0.0,0.0,0.0,0.0,0.0,0.0,0.0,1.0,1.0,0.0,Longo da via,Bom,Não existe,Perfeito estado,Seca,Perfeito estado,Não existe,R-6a,40.0,Única,Faixa seccionada,Não informado,2021,7,27,1,12.0
2021-07-26,09:25:00,COM VÍTIMA,FINALIZADA,BOA VISTA,AV GOVERNADOR AGAMENON MAGALHAES,Não informado,PISTA CENTRAL EM FRENTE À FARMÁCIA DROGASIL,BOA VISTA,BOA VIAGEM,COLISÃO TRASEIRA,Não informado,1.0,2.0,0.0,0.0,0.0,0.0,0.0,0.0,0.0,2.0,0.0,Longo da via,Bom,Não existe,Perfeito estado,Seca,Perfeito estado,Outros,Outras,60.0,Dupla,Canteiro central,Não informado,2021,7,26,0,9.0
2021-07-27,15:03:00,COM VÍTIMA,FINALIZADA,BREJO DE BEBERIBE,AV VEREADOR OTACILIO AZEVEDO,RUA PINDAI,E/F AO COLEGIO ROTARY DE NOVA DESCOBERTA,BREJO DE BEBERIBE,Não informado,COLISÃO LATERAL,Não informado,1.0,1.0,0.0,0.0,0.0,0.0,0.0,0.0,0.0,1.0,0.0,Esquina,Bom,Não existe,Ilegível,Seca,Perfeito estado,Não existe,R-6a,60.0,Dupla,Não existe,Não informado,2021,7,27,1,15.0
2021-07-27,16:29:00,COM VÍTIMA,FINALIZADA,AFLITOS,AV NORTE,RUA GUIMARAES PEIXOTO,EM FRENTE À LOJA RAINHA REVESTE,AFLITOS,Não informado,COLISÃO LATERAL,Não informado,1.0,1.0,0.0,0.0,0.0,0.0,0.0,0.0,0.0,1.0,0.0,Cruzamento,Bom,Sem defeito,Perfeito estado,Seca,Perfeito estado,Agente,Outras,60.0,Dupla,Canteiro central,Não informado,2021,7,27,1,16.0
2021-07-27,16:53:00,SEM VÍTIMA,FINALIZADA,BOA VIAGEM,RUA BARAO DE SOUZA LEAO,RUA PADRE LUIZ MARQUES TEIXEIRA,Não informado,BOA VIAGEM,Não informado,Não informado,Não informado,1.0,0.0,0.0,0.0,0.0,0.0,0.0,1.0,0.0,0.0,0.0,Cruzamento,Bom,Não existe,Perfeito estado,Seca,Perfeito estado,Faixa de pedestre,Não há placas,60.0,Única,Faixa seccionada,Não informado,2021,7,27,1,16.0
2021-07-28,09:47:00,COM VÍTIMA,FINALIZADA,CASA FORTE,AV DEZESSETE DE AGOSTO,Não informado,EM FRENTE A CONFEITARIA CASA FORTE,CASA FORTE,SUBURBIO,COLISÃO LATERAL,Não informado,2.0,2.0,0.0,0.0,0.0,0.0,0.0,0.0,0.0,1.0,0.0,Longo da via,Bom,Sem defeito,Perfeito estado,Seca,Perfeito estado,Faixa de pedestre,R-6a,60.0,Dupla,Faixa contínua,Não informado,2021,7,28,2,9.0