data,hora,natureza_acidente,situacao,bairro,endereco,detalhe_endereco_acidente,complemento,bairro_cruzamento,sentido_via,tipo,descricao,auto,moto,ciclom,ciclista,pedestre,onibus,caminhao,viatura,outros,vitimas,vitimasfatais,acidente_verificado,tempo_clima,situacao_semaforo,sinalizacao,condicao_via,conservacao_via,ponto_controle,situacao_placa,velocidade_max_via,mao_direcao,divisao_via1,natureza,ano,mes,dia,dia_semana,hora_ocorrencia
2021-07-28,10:03:00,COM VÍTIMA,FINALIZADA,CASA AMARELA,AV NORTE,Não informado,AO LADO DO CONSULTÓRIOS ODONTO- MÉDICOS COSTA SILVA,CASA AMARELA,CIDADE,ATROPELAMENTO DE PESSOA,Não informado,0.0,1.0,0.0,0.0,1.0,0.0,0.0,0.0,0.0,1.0,0.0,Longo da via,Bom,Sem defeito,Perfeito estado,Seca,Perfeito estado,Faixa de pedestre,Outras,60.0,Dupla,Faixa seccionada,Não informado,2021,7,28,2,10.0
2021-07-28,11:26:00,COM VÍTIMA,CANCELADA,PARNAMIRIM,AV FLOR DE SANTANA,Não informado,EM FRENTE AO EDF JOSUE PAIVA,PARNAMIRIM,Não informado,COLISÃO TRASEIRA,Não informado,1.0,1.0,0.0,0.0,0.0,0.0,0.0,0.0,0.0,1.0,0.0,Não informado,Não informado,Não informado,Não informado,Não informado,Não informado,Não informado,Não informado,60.0,Não informado,Não informado,Não informado,2021,7,28,2,11.0
2021-07-28,15:36:00,COM VÍTIMA,FINALIZADA,BOA VIAGEM,RUA JOAO CARDOSO AIRES,RUA CAMBOIM,EM FRENTE AO RESTAURANTE DO BAMBAM,BOA VIAGEM,SUBURBIO,COLISÃO FRONTAL,Não informado,1.0,1.0,0.0,0.0,0.0,0.0,0.0,0.0,0.0,1.0,0.0,Cruzamento,Bom,Não existe,Perfeito estado,Seca,Perfeito estado,Faixa de retenção,"Placas ""Pare""",30.0,Dupla,Faixa contínua,Não informado,2021,7,28,2,15.0
2021-07-28,18:11:00,COM VÍTIMA,FINALIZADA,NOVA DESCOBERTA,RUA NOVA DESCOBERTA,Não informado,EM FRENTE AO N° 211,NOVA DESCOBERTA,SUBURBIO,ATROPELAMENTO DE PESSOA,Não informado,1.0,0.0,0.0,0.0,1.0,0.0,0.0,0.0,0.0,1.0,0.0,Longo da via,Bom,Não existe,Incompleta,Seca,Mal iluminada,Não existe,Não há placas,60.0,Dupla,Faixa seccionada,Não informado,2021,7,28,2,18.0
2021-07-29,02:03:00,COM VÍTIMA,FINALIZADA,BOA VISTA,AV GOVERNADOR AGAMENON MAGALHAES,RUA JOAO FERNANDES VIEIRA,AO LADO DO COLÉGIO AMERICANO BATISTA,BOA VISTA,SUBURBIO,CAPOTAMENTO,Não informado,1.0,0.0,0.0,0.0,0.0,0.0,0.0,0.0,0.0,1.0,0.0,Longo da via,Bom,Sem defeito,Perfeito estado,Seca,Perfeito estado,Faixa de retenção,Não há placas,60.0,Dupla,Não existe,Não informado,2021,7,29,3,2.0
2021-07-29,07:47:00,COM VÍTIMA,FINALIZADA,GRAÇAS,RUA SIMAO MENDES,RUA DO FUTURO,AO LADO PARQUE DA JAQUEIRA,GRAÇAS,Não informado,COLISÃO LATERAL,Não informado,1.0,1.0,0.0,0.0,0.0,0.0,0.0,0.0,0.0,1.0,0.0,Esquina,Bom,Não existe,Incompleta,Seca,Perfeito estado,Faixa de pedestre,Não informado,40.0,Dupla,Faixa seccionada,Não informado,2021,7,29,3,7.0
2021-07-29,17:13:00,COM VÍTIMA,FINALIZADA,SANTO AMARO,AV CRUZ CABUGA,Não informado,AO LADO DA ESTAÇÃO BRT ARARIPINA,SANTO AMARO,CIDADE,ATROPELAMENTO DE PESSOA,Não informado,0.0,1.0,0.0,0.0,1.0,0.0,0.0,0.0,0.0,1.0,0.0,Longo da via,Bom,Não existe,Perfeito estado,Seca,Perfeito estado,Não existe,Não há placas,60.0,Dupla,Faixa contínua,Não informado,2021,7,29,3,17.0
2021-07-29,20:50:00,SEM VÍTIMA,CANCELADA,CASA FORTE,PRC DE CASA FORTE,Não informado,PROX A IGREJA DE CASA FORTE,CASA FORTE,Não informado,COLISÃO LATERAL,Não informado,1.0,1.0,0.0,0.0,0.0,0.0,0.0,0.0,0.0,0.0,0.0,Não informado,Não informado,Não informado,Não informado,Não informado,Não informado,Não informado,Não informado,60.0,Não informado,Não informado,Não informado,2021,7,29,3,20.0
2021-07-30,07:38:00,COM VÍTIMA,FINALIZADA,CASA AMARELA,AV NORTE,Não informado,LADO OPOSTO AO ARMAZÉM CORAL,CASA AMARELA,SUBURBIO,QUEDA,Não informado,0.0,1.0,0.0,0.0,0.0,0.0,0.0,0.0,0.0,1.0,0.0,Longo da via,Bom,Sem defeito,Perfeito estado,Seca,Perfeito estado,Outros,Outras,60.0,Dupla,Faixa seccionada,Não informado,2021,7,30,4,7.0
2021-07-30,10:58:00,COM VÍTIMA,FINALIZADA,DERBY,AV GOVERNADOR AGAMENON MAGALHAES,Não informado,E/F AO HOSPITAL MEMORIAL SÃO JOSÉ (SENTIDO OLINDA),DERBY,OLINDA,COLISÃO LATERAL,Não informado,1.0,1.0,0.0,0.0,0.0,0.0,0.0,0.0,0.0,1.0,0.0,Longo da via,Bom,Não existe,Perfeito estado,Seca,Perfeito estado,Não existe,Não há placas,60.0,Única,Faixa seccionada,Não informado,2021,7,30,4,10.0
2021-07-30,11:19:00,SEM VÍTIMA,FINALIZADA,IMBIRIBEIRA,AV GENERAL MAC ARTHUR,Não informado,APÓS O RESTAURANTE BAIÃO DE DOIS,IMBIRIBEIRA,SUBURBIO,CHOQUE,Não informado,1.0,0.0,0.0,0.0,0.0,0.0,0.0,0.0,0.0,0.0,0.0,Longo da via,Bom,Sem defeito,Perfeito estado,Seca,Perfeito estado,Faixa de pedestre,Outras,60.0,Única,Faixa seccionada,Não informado,2021,7,30,4,11.0
2021-07-30,11:34:00,COM VÍTIMA,FINALIZADA,ARRUDA,RUA SAO BENTO,Não informado,EM FRENTE A JF RAÇÕES,ARRUDA,Não informado,COLISÃO TRASEIRA,Não informado,1.0,1.0,0.0,0.0,0.0,0.0,0.0,0.0,0.0,1.0,0.0,Não informado,Não informado,Não informado,Não informado,Não informado,Não informado,Não informado,Não informado,60.0,Não informado,Não informado,Não informado,2021,7,30,4,11.0
2021-07-30,12:41:00,COM VÍTIMA,FINALIZADA,TEJIPIÓ,AV LIBERDADE,Não informado,E/F AO CONDOMINIO VILA JARDIM,TEJIPIÓ,CIDADE,COLISÃO LATERAL,Não informado,1.0,1.0,0.0,0.0,0.0,0.0,0.0,0.0,0.0,1.0,0.0,Longo da via,Bom,Não existe,Incompleta,Seca,Mal conservada,Não existe,Não há placas,60.0,Dupla,Não existe,Não informado,2021,7,30,4,12.0
2021-07-30,16:52:00,COM VÍTIMA,FINALIZADA,SANTO AMARO,AV CRUZ CABUGA,Não informado,EM FRENTE AO HOSPITAL DO CANCER/ SENTIDO OLINDA,SANTO AMARO,SUBURBIO,ATROPELAMENTO DE PESSOA,Não informado,0.0,1.0,0.0,0.0,1.0,0.0,0.0,0.0,0.0,1.0,0.0,Longo da via,Bom,Sem defeito,Perfeito estado,Seca,Perfeito estado,Faixa de pedestre,Não há placas,60.0,Dupla,Canteiro central,Não informado,2021,7,30,4,16.0
2021-07-30,18:22:00,SEM VÍTIMA,FINALIZADA,BOA VIAGEM,AV CONSELHEIRO AGUIAR,Não informado,E/ F AO SO CALDINHO,BOA VIAGEM,Não informado,COLISÃO LATERAL,Não informado,1.0,0.0,0.0,0.0,0.0,1.0,0.0,0.0,0.0,0.0,0.0,Não informado,Não informado,Não informado,Não informado,Não informado,Não informado,Não informado,Não informado,60.0,Não informado,Não informado,Não informado,2021,7,30,4,18.0
2021-07-30,18:53:00,SEM VÍTIMA,FINALIZADA,Não informado,RUA VALE DO CARIRI,Não informado,EM FRENTE AO Nº 10,Não informado,SUBURBIO,COLISÃO TRASEIRA,Não informado,1.0,0.0,0.0,0.0,0.0,0.0,0.0,1.0,0.0,0.0,0.0,Longo da via,Bom,Não existe,Não existente,Seca,Perfeito estado,Não existe,Não informado,60.0,Dupla,Não existe,Não informado,2021,7,30,4,18.0
2021-07-30,19:27:00,SEM VÍTIMA,FINALIZADA,BOA VISTA,RUA DO RIACHUELO,Não informado,E/F AO EDFC EBANO,BOA VISTA,Não informado,COLISÃO LATERAL,Não informado,1.0,0.0,0.0,0.0,0.0,0.0,0.0,0.0,0.0,0.0,0.0,Não informado,Não informado,Não informado,Não informado,Não informado,Não informado,Não informado,Não informado,60.0,Não informado,Não informado,Não informado,2021,7,30,4,19.0
2021-07-30,21:07:40,SEM VÍTIMA,FINALIZADA,ARRUDA,AV PROFESSOR JOSE DOS ANJOS,Não informado,AO LADO DO ESTADIO DO ARRUDA SEMÁFORO 131,ARRUDA,SUBURBIO,COLISÃO TRASEIRA,Não informado,1.0,0.0,0.0,0.0,0.0,0.0,0.0,1.0,0.0,0.0,0.0,Longo da via,Chuvoso,Sem defeito,Perfeito estado,Molhada,Perfeito estado,Faixa de pedestre,Outras,60.0,Única,Faixa contínua,Não informado,2021,7,30,4,21.0
2021-07-31,03:48:00,COM VÍTIMA,FINALIZADA,IMBIRIBEIRA,AV MARECHAL MASCARENHAS DE MORAES,AV GENERAL MAC ARTHUR,Não informado,IMBIRIBEIRA,CIDADE,COLISÃO TRANSVERSAL,Não informado,0.0,1.0,0.0,0.0,0.0,0.0,1.0,0.0,0.0,1.0,0.0,Cruzamento,Bom,Sem defeito,Perfeito estado,Molhada,Perfeito estado,Faixa de pedestre,Não há placas,60.0,Dupla,Faixa contínua,Não informado,2021,7,31,5,3.0
2021-07-31,07:36:00,COM VÍTIMA,FINALIZADA,CASA AMARELA,AV NORTE,Não informado,EM FRENTE A UPINHA,CASA AMARELA,CIDADE,ATROPELAMENTO DE PESSOA,Não informado,0.0,1.0,0.0,0.0,1.0,0.0,0.0,0.0,0.0,2.0,0.0,Longo da via,Bom,Não existe,Incompleta,Seca,Perfeito estado,Não existe,Não informado,60.0,Única,Faixa seccionada,Não informado,2021,7,31,5,7.0
2021-07-31,09:14:00,COM VÍTIMA,FINALIZADA,CAXANGÁ,AV CAXANGA,Não informado,EM FRENTE AO GOLF CLUBE,CAXANGÁ,CIDADE,COLISÃO FRONTAL,Não informado,0.0,2.0,0.0,0.0,0.0,0.0,0.0,0.0,0.0,1.0,0.0,Longo da via,Chuvoso,Não existe,Perfeito estado,Molhada,Perfeito estado,Não informado,Não informado,60.0,Não informado,Não informado,Não informado,2021,7,31,5,9.0
2021-07-31,14:30:00,COM VÍTIMA,FINALIZADA,GRAÇAS,AV GOVERNADOR AGAMENON MAGALHAES,RUA DR BANDEIRA FILHO,EM FRENTE AO MCDONALD'S,GRAÇAS,BOA VIAGEM,COLISÃO LATERAL,Não informado,1.0,1.0,0.0,0.0,0.0,0.0,0.0,0.0,0.0,1.0,0.0,Cruzamento,Bom,Sem defeito,Perfeito estado,Seca,Perfeito estado,Faixa de pedestre,R-6a,60.0,Única,Faixa seccionada,Não informado,2021,7,31,5,14.0
2021-07-31,15:39:00,COM VÍTIMA,FINALIZADA,IMBIRIBEIRA,AV MARECHAL MASCARENHAS DE MORAES,Não informado,EM FRENTE A FERREIRA COSTA,IMBIRIBEIRA,CIDADE,COLISÃO LATERAL,Não informado,1.0,1.0,0.0,0.0,0.0,0.0,0.0,0.0,0.0,1.0,0.0,Longo da via,Bom,Sem defeito,Perfeito estado,Seca,Perfeito estado,Faixa de pedestre,R-6a,60.0,Dupla,Canteiro central,Não informado,2021,7,31,5,15.0
2021-07-31,16:24:00,COM VÍTIMA,FINALIZADA,CAMPO GRANDE,RUA PROFESSOR FRANCISCO DA TRINDADE,Não informado,RUA RESIDENCIAL SEM ESTABELECIMENTOS PARA REFERENCIAS,CAMPO GRANDE,CIDADE,COLISÃO TRASEIRA,Não informado,2.0,0.0,0.0,0.0,0.0,0.0,0.0,0.0,0.0,1.0,0.0,Longo da via,Bom,Não informado,Perfeito estado,Seca,Perfeito estado,Não informado,Não informado,60.0,Não informado,Não informado,Não informado,2021,7,31,5,16.0
2021-07-31,20:19:00,COM VÍTIMA,FINALIZADA,ALTO JOSÉ BONIFÁCIO,RUA ALTO JOSE BONIFACIO,Não informado,PROX A IGREJA BATISTA DA FILADELFIA,ALTO JOSÉ BONIFÁCIO,SUBURBIO,COLISÃO FRONTAL,Não informado,1.0,2.0,0.0,0.0,0.0,0.0,0.0,0.0,0.0,3.0,0.0,Longo da via,Bom,Não existe,Não existente,Seca,Perfeito estado,Não existe,Não há placas,60.0,Dupla,Faixa seccionada,Não informado,2021,7,31,5,20.0
2021-07-31,20:41:00,SEM VÍTIMA,CANCELADA,ÁGUA FRIA,RUA LADEIRA DE PEDRA,Não informado,PROX AO CLUBE SETE DE SETEMBRO,ÁGUA FRIA,Não informado,COLISÃO TRASEIRA,Não informado,1.0,1.0,0.0,0.0,0.0,0.0,0.0,0.0,0.0,0.0,0.0,Não informado,Não informado,Não informado,Não informado,Não informado,Não informado,Não informado,Não informado,60.0,Não informado,Não informado,Não informado,2021,7,31,5,20.0
2021-08-01,05:43:00,SEM VÍTIMA,FINALIZADA,PINA,AVENIDA CELSO FURTADO (VIA MANGUE),Não informado,"PRÓXIMO AO EXTRA, SENTIDO PIEDADE",PINA,Não informado,CHOQUE,Não informado,1.0,0.0,0.0,0.0,0.0,0.0,0.0,0.0,0.0,0.0,0.0,Não informado,Não informado,Não informado,Não informado,Não informado,Não informado,Não informado,Não informado,60.0,Não informado,Não informado,Não informado,2021,8,1,6,5.0
2021-08-01,15:11:00,COM VÍTIMA,FINALIZADA,MADALENA,AV CAXANGA,Não informado,EM FRENTE À DROGASIL,MADALENA,CIDADE,COLISÃO LATERAL,Não informado,0.0,2.0,0.0,0.0,0.0,0.0,0.0,0.0,0.0,2.0,0.0,Cruzamento,Bom,Sem defeito,Perfeito estado,Seca,Perfeito estado,Faixa de pedestre,Não informado,60.0,Dupla,Faixa seccionada,Não informado,2021,8,1,6,15.0
2021-08-01,18:00:00,COM VÍTIMA,FINALIZADA,VÁRZEA,AV BARAO DE BONITO,RUA ENGENHEIRO VASCONCELOS BITTENCOURT,E/F A PANIFICADORA SEMPRE VIVA,VÁRZEA,SUBURBIO,COLISÃO LATERAL,Não informado,1.0,1.0,0.0,0.0,0.0,0.0,0.0,0.0,0.0,1.0,0.0,Cruzamento,Chuvoso,Não existe,Ilegível,Molhada,Mal conservada,Faixa de retenção,"Placas ""Pare""",60.0,Dupla,Não existe,Não informado,2021,8,1,6,18.0
2021-08-01,18:18:00,COM VÍTIMA,CANCELADA,ILHA DO RETIRO,AV ENGENHEIRO ABDIAS DE CARVALHO,Não informado,AO LADO DO CAMPO DO SPORT,ILHA DO RETIRO,Não informado,COLISÃO LATERAL,Não informado,1.0,1.0,0.0,0.0,0.0,0.0,0.0,0.0,0.0,1.0,0.0,Não informado,Não informado,Não informado,Não informado,Não informado,Não informado,Não informado,Não informado,60.0,Não informado,Não informado,Não informado,2021,8,1,6,18.0
2021-08-02,09:48:00,COM VÍTIMA,FINALIZADA,CASA FORTE,AV DEZESSETE DE AGOSTO,Não informado,EM FRENTE AO COLÉGIO MOTIVO,CASA FORTE,CIDADE,COLISÃO LATERAL,Não informado,1.0,1.0,0.0,0.0,0.0,0.0,0.0,0.0,0.0,1.0,0.0,Longo da via,Chuvoso,Sem defeito,Perfeito estado,Molhada,Perfeito estado,Faixa de pedestre,R-6a,60.0,Dupla,Faixa contínua,Não informado,2021,8,2,0,9.0
2021-08-02,10:52:00,SEM VÍTIMA,FINALIZADA,ENCRUZILHADA,RUA PROFESSOR JERONIMO GUEIROS,RUA DONA ELVIRA,Não informado,ENCRUZILHADA,SUBURBIO,Não informado,Não informado,2.0,0.0,0.0,0.0,0.0,0.0,0.0,0.0,0.0,0.0,0.0,Cruzamento,Chuvoso,Não existe,Não existente,Molhada,Perfeito estado,Não existe,Não há placas,60.0,Dupla,Não existe,Não informado,2021,8,2,0,10.0
2021-08-02,10:52:00,COM VÍTIMA,FINALIZADA,CAMPO GRANDE,RUA SAO CAETANO,RUA PROFESSOR FRANCISCO DA TRINDADE,CRUZAMENTO DOS VIAS,CAMPO GRANDE,SUBURBIO,COLISÃO LATERAL,Não informado,0.0,1.0,0.0,0.0,0.0,0.0,1.0,0.0,0.0,1.0,0.0,Cruzamento,Chuvoso,Não existe,Incompleta,Molhada,Perfeito estado,Não existe,Não há placas,60.0,Dupla,Não existe,Não informado,2021,8,2,0,10.0
2021-08-02,13:22:00,SEM VÍTIMA,FINALIZADA,ILHA DO RETIRO,RUA SPORT CLUBE DO RECIFE,Não informado,LADO OPOSTO A LOJA OFICIAL DO SPORT CLUB DO RECIFE,ILHA DO RETIRO,SUBURBIO,COLISÃO TRASEIRA,Não informado,1.0,0.0,0.0,0.0,0.0,0.0,1.0,0.0,0.0,0.0,0.0,Longo da via,Bom,Sem defeito,Perfeito estado,Seca,Perfeito estado,Faixa de pedestre,Não há placas,60.0,Única,Canteiro central,Não informado,2021,8,2,0,13.0
2021-08-02,17:54:00,COM VÍTIMA,FINALIZADA,PINA,PTE GOVERNADOR PAULO GUERRA,Não informado,NO MEIO DA PONTE,PINA,SUBURBIO,COLISÃO LATERAL,Não informado,3.0,0.0,0.0,0.0,0.0,0.0,0.0,0.0,0.0,1.0,0.0,Longo da via,Chuvoso,Não existe,Perfeito estado,Molhada,Perfeito estado,Não existe,Não há placas,60.0,Única,Faixa seccionada,Não informado,2021,8,2,0,17.0
2021-08-02,20:00:00,COM VÍTIMA,FINALIZADA,BOA VIAGEM,RUA DEZ DE JULHO,RUA CAMBOIM,Não informado,BOA VIAGEM,SUBURBIO,COLISÃO FRONTAL,Não informado,2.0,0.0,0.0,0.0,0.0,0.0,0.0,0.0,0.0,2.0,0.0,Cruzamento,Chuvoso,Não existe,Perfeito estado,Molhada,Perfeito estado,Faixa de pedestre,"Placas ""Pare""",60.0,Única,Faixa seccionada,Não informado,2021,8,2,0,20.0
2021-08-02,20:53:00,SEM VÍTIMA,FINALIZADA,BOA VIAGEM,AV BOA VIAGEM,Não informado,E/F A PADARIA BOA VIAGEM,BOA VIAGEM,Não informado,COLISÃO TRANSVERSAL,Não informado,1.0,1.0,0.0,0.0,0.0,0.0,0.0,0.0,0.0,0.0,0.0,Não informado,Não informado,Não informado,Não informado,Não informado,Não informado,Não informado,Não informado,60.0,Não informado,Não informado,Não informado,2021,8,2,0,20.0
2021-08-03,01:15:00,COM VÍTIMA,CANCELADA,ALTO JOSÉ DO PINHO,RUA VALERIANO LOBO,Não informado,DESCIDA DO ONIBUS DO ALTO JOSÉ DO PINHO,ALTO JOSÉ DO PINHO,Não informado,COLISÃO TRASEIRA,Não informado,1.0,2.0,0.0,0.0,0.0,0.0,0.0,0.0,0.0,1.0,0.0,Não informado,Não informado,Não informado,Não informado,Não informado,Não informado,Não informado,Não informado,60.0,Não informado,Não informado,Não informado,2021,8,3,1,1.0
2021-08-03,07:58:00,COM VÍTIMA,FINALIZADA,SANTO AMARO,AV GOVERNADOR AGAMENON MAGALHAES,Não informado,EM FRENTE A FIORE / SENTIDO OLINDA,SANTO AMARO,OLINDA,COLISÃO LATERAL,Não informado,1.0,1.0,0.0,0.0,0.0,0.0,0.0,0.0,0.0,1.0,0.0,Longo da via,Chuvoso,Sem defeito,Perfeito estado,Molhada,Perfeito estado,Faixa de pedestre,Não há placas,60.0,Dupla,Canteiro central,Não informado,2021,8,3,1,7.0
2021-08-03,08:53:00,SEM VÍTIMA,FINALIZADA,APIPUCOS,RUA DOIS IRMAOS,Não informado,Não informado,APIPUCOS,Não informado,COLISÃO LATERAL,Não informado,0.0,0.0,0.0,0.0,0.0,0.0,0.0,0.0,0.0,0.0,0.0,Não informado,Não informado,Não informado,Não informado,Não informado,Não informado,Não informado,Não informado,60.0,Não informado,Não informado,Não informado,2021,8,3,1,8.0
2021-08-03,08:57:00,COM VÍTIMA,FINALIZADA,DOIS IRMÃOS,AV DEZESSETE DE AGOSTO,Não informado,11° BATALHÃO DA PMPE,DOIS IRMÃOS,CIDADE,QUEDA,Não informado,0.0,1.0,0.0,0.0,0.0,0.0,0.0,0.0,0.0,1.0,0.0,Cruzamento,Chuvoso,Sem defeito,Perfeito estado,Oleosa,Perfeito estado,Não existe,Outras,60.0,Dupla,Faixa contínua,Não informado,2021,8,3,1,8.0
2021-08-03,11:33:00,SEM VÍTIMA,FINALIZADA,DOIS IRMÃOS,RUA DOIS IRMAOS,Não informado,EM FRENTE  AESCOLA DE REF.  PROF. CANDIDO DUARTE,DOIS IRMÃOS,CIDADE,Não informado,Não informado,1.0,0.0,0.0,0.0,0.0,0.0,1.0,0.0,0.0,0.0,0.0,Longo da via,Chuvoso,Não existe,Perfeito estado,Molhada,Perfeito estado,Não existe,Não há placas,60.0,Dupla,Faixa contínua,Não informado,2021,8,3,1,11.0
2021-08-03,17:23:00,SEM VÍTIMA,FINALIZADA,CASA FORTE,PRC JORNALISTA FRANCISCO PESSOA DE QUEIROZ JR,Não informado,BIG BOMPREÇO CASA FORTE,CASA FORTE,Não informado,MONITORAMENTO,Não informado,0.0,0.0,0.0,0.0,0.0,0.0,0.0,0.0,0.0,0.0,0.0,Não informado,Não informado,Não informado,Não informado,Não informado,Não informado,Não informado,Não informado,60.0,Não informado,Não informado,Não informado,2021,8,3,1,17.0
2021-08-03,12:43:00,SEM VÍTIMA,FINALIZADA,DOIS IRMÃOS,RUA MANUEL DE MEDEIROS,Não informado,UFRPE,DOIS IRMÃOS,Não informado,MONITORAMENTO,Não informado,0.0,0.0,0.0,0.0,0.0,0.0,0.0,0.0,0.0,0.0,0.0,Não informado,Não informado,Não informado,Não informado,Não informado,Não informado,Não informado,Não informado,60.0,Não informado,Não informado,Não informado,2021,8,3,1,12.0
2021-08-03,13:23:00,COM VÍTIMA,FINALIZADA,JAQUEIRA,RUA DO FUTURO,Não informado,EM FRENTE AO VERAFRUT,JAQUEIRA,SUBURBIO,COLISÃO LATERAL,Não informado,1.0,1.0,0.0,0.0,0.0,0.0,0.0,0.0,0.0,1.0,0.0,Longo da via,Bom,Não existe,Perfeito estado,Seca,Perfeito estado,Não existe,Não há placas,60.0,Única,Faixa seccionada,Não informado,2021,8,3,1,13.0
2021-08-03,10:00:00,SEM VÍTIMA,DUPLICIDADE,DOIS IRMÃOS,RUA DOIS IRMAOS,Não informado,EM FRENTE A ESCOLA ESTADUAL PROF CÃNDIDO DUARTE,DOIS IRMÃOS,Não informado,COLISÃO LATERAL,Não informado,1.0,0.0,0.0,0.0,0.0,0.0,1.0,0.0,0.0,0.0,0.0,Não informado,Não informado,Não informado,Não informado,Não informado,Não informado,Não informado,Não informado,60.0,Não informado,Não informado,Não informado,2021,8,3,1,10.0
2021-08-03,16:19:00,COM VÍTIMA,FINALIZADA,ESPINHEIRO,RUA BARAO DE ITAMARACA,Não informado,EM FRENTE AO CONSULTORIOS INTEGRADOS,ESPINHEIRO,SUBURBIO,COLISÃO TRASEIRA,Não informado,1.0,1.0,0.0,0.0,0.0,0.0,0.0,0.0,0.0,1.0,0.0,Longo da via,Bom,Não existe,Perfeito estado,Seca,Perfeito estado,Outros,R-6a,60.0,Dupla,Faixa contínua,Não informado,2021,8,3,1,16.0
2021-08-03,16:49:00,COM VÍTIMA,FINALIZADA,AFOGADOS,RUA COSME VIANA,RUA PADRE TEOFILO TWORZ,LADO OPOSTO A TUPAN,AFOGADOS,SUBURBIO,COLISÃO FRONTAL,Não informado,1.0,1.0,0.0,0.0,0.0,0.0,0.0,0.0,0.0,2.0,0.0,Cruzamento,Bom,Não existe,Não existente,Seca,Perfeito estado,Não existe,Não há placas,60.0,Única,Não existe,Não informado,2021,8,3,1,16.0
2021-08-03,19:44:00,COM VÍTIMA,CANCELADA,IMBIRIBEIRA,VIADUTO TANCREDO NEVES,Não informado,NA DESCIDA DO VIADUTO,IMBIRIBEIRA,Não informado,COLISÃO LATERAL,Não informado,1.0,1.0,0.0,0.0,0.0,0.0,0.0,0.0,0.0,1.0,0.0,Não informado,Não informado,Não informado,Não informado,Não informado,Não informado,Não informado,Não informado,60.0,Não informado,Não informado,Não informado,2021,8,3,1,19.0
2021-08-04,10:25:00,SEM VÍTIMA,FINALIZADA,AREIAS,AV RECIFE,Não informado,EM FRENTE AO BIG BOMPREÇO,AREIAS,SUBURBIO,Não informado,Não informado,0.0,0.0,0.0,0.0,0.0,0.0,1.0,1.0,0.0,0.0,0.0,Longo da via,Chuvoso,Sem defeito,Perfeito estado,Molhada,Perfeito estado,Faixa de retenção,Não há placas,60.0,Única,Faixa seccionada,Não informado,2021,8,4,2,10.0
2021-08-04,16:57:00,COM VÍTIMA,FINALIZADA,ESPINHEIRO,RUA CONS PORTELA,AV JOAO DE BARROS,PROX AO CHINA 48,ESPINHEIRO,SUBURBIO,COLISÃO LATERAL,Não informado,1.0,1.0,0.0,0.0,0.0,0.0,0.0,0.0,0.0,1.0,0.0,Cruzamento,Chuvoso,Não existe,Perfeito estado,Molhada,Perfeito estado,Não existe,R-6a,60.0,Única,Faixa seccionada,Não informado,2021,8,4,2,16.0
2021-08-04,18:15:00,COM VÍTIMA,FINALIZADA,JOANA BEZERRA,RUA DOM PAULO II,Não informado,SOBRE O VIADUTO,JOANA BEZERRA,SUBURBIO,QUEDA,Não informado,0.0,1.0,0.0,0.0,0.0,0.0,0.0,0.0,0.0,1.0,0.0,Viaduto,Chuvoso,Não existe,Perfeito estado,Molhada,Perfeito estado,Não existe,Não há placas,60.0,Única,Faixa seccionada,Não informado,2021,8,4,2,18.0
2021-08-05,00:03:00,COM VÍTIMA,FINALIZADA,DERBY,AV GOVERNADOR AGAMENON MAGALHAES,Não informado,SEMAFORO N° 75,DERBY,CIDADE,COLISÃO TRANSVERSAL,Não informado,0.0,0.0,0.0,0.0,0.0,0.0,0.0,0.0,0.0,1.0,0.0,Cruzamento,Chuvoso,Sem defeito,Perfeito estado,Molhada,Perfeito estado,Faixa de pedestre,Outras,60.0,Dupla,Canal,Não informado,2021,8,5,3,0.0
2021-08-05,06:34:00,COM VÍTIMA,FINALIZADA,PINA,AV HERCULANO BANDEIRA,RUA NOGUEIRA DE SOUZA,Não informado,PINA,SUBURBIO,COLISÃO TRASEIRA,Não informado,1.0,1.0,0.0,0.0,0.0,0.0,0.0,0.0,0.0,1.0,0.0,Cruzamento,Chuvoso,Sem defeito,Perfeito estado,Molhada,Perfeito estado,Faixa de pedestre,Não há placas,60.0,Única,Faixa seccionada,Não informado,2021,8,5,3,6.0