data,hora,natureza_acidente,situacao,bairro,endereco,detalhe_endereco_acidente,complemento,bairro_cruzamento,sentido_via,tipo,descricao,auto,moto,ciclom,ciclista,pedestre,onibus,caminhao,viatura,outros,vitimas,vitimasfatais,acidente_verificado,tempo_clima,situacao_semaforo,sinalizacao,condicao_via,conservacao_via,ponto_controle,situacao_placa,velocidade_max_via,mao_direcao,divisao_via1,natureza,ano,mes,dia,dia_semana,hora_ocorrencia
2021-08-05,07:59:00,COM VÍTIMA,FINALIZADA,ZUMBI,AV CAXANGA,Não informado,E/F A ESTAÇÃO BRT ZUMBI,ZUMBI,CIDADE,ATROPELAMENTO DE PESSOA,Não informado,0.0,1.0,0.0,0.0,1.0,0.0,0.0,0.0,0.0,2.0,0.0,Longo da via,Chuvoso,Sem defeito,Perfeito estado,Molhada,Não informado,Faixa de pedestre,Não há placas,60.0,Dupla,Canteiro central,Não informado,2021,8,5,3,7.0
2021-08-05,08:03:00,COM VÍTIMA,FINALIZADA,IBURA,AV DOIS RIOS,RUA PINTOR AGENOR DE ALBUQUERQUE CESAR,Não informado,IBURA,SUBURBIO,COLISÃO COM CICLISTA,Não informado,0.0,1.0,0.0,1.0,0.0,0.0,0.0,0.0,0.0,2.0,0.0,Não informado,Não informado,Não informado,Não informado,Não informado,Não informado,Não informado,Não informado,60.0,Não informado,Não informado,Não informado,2021,8,5,3,8.0
2021-08-05,08:49:00,SEM VÍTIMA,FINALIZADA,IPSEP,RUA HELIO BRANDAO,RUA ADERBAL DE MELO,Não informado,IPSEP,SUBURBIO,COLISÃO TRANSVERSAL,Não informado,3.0,0.0,0.0,0.0,0.0,0.0,0.0,0.0,0.0,0.0,0.0,Cruzamento,Chuvoso,Não existe,Perfeito estado,Molhada,Perfeito estado,Não existe,"Placas ""Pare""",60.0,Dupla,Não existe,Não informado,2021,8,5,3,8.0
2021-08-05,09:35:00,COM VÍTIMA,FINALIZADA,SANTO ANTÔNIO,RUA IMPERADOR PEDRO SEGUNDO,Não informado,EM FRENTE AO PREDIO DA OAB,SANTO ANTÔNIO,CIDADE,QUEDA,Não informado,0.0,1.0,0.0,0.0,0.0,0.0,0.0,0.0,0.0,1.0,0.0,Longo da via,Chuvoso,Não existe,Não existente,Molhada,Perfeito estado,Não existe,Não há placas,60.0,Única,Faixa seccionada,Não informado,2021,8,5,3,9.0
2021-08-05,09:49:00,COM VÍTIMA,FINALIZADA,VÁRZEA,AV AFONSO OLINDENSE,Não informado,EM FRENTE A SECRETARIA DE EDUCAÇÃO,VÁRZEA,SUBURBIO,Não informado,Não informado,1.0,1.0,0.0,0.0,0.0,0.0,0.0,0.0,0.0,1.0,0.0,Longo da via,Chuvoso,Não existe,Incompleta,Molhada,Perfeito estado,Não existe,Não há placas,40.0,Dupla,Faixa seccionada,Não informado,2021,8,5,3,9.0
2021-08-05,12:22:00,COM VÍTIMA,FINALIZADA,HIPÓDROMO,RUA MEM DE SA,Não informado,AO LADO DA COCA COLA,HIPÓDROMO,SUBURBIO,COLISÃO LATERAL,Não informado,1.0,1.0,0.0,0.0,0.0,0.0,0.0,0.0,0.0,1.0,0.0,Cruzamento,Chuvoso,Sem defeito,Perfeito estado,Molhada,Perfeito estado,Não existe,Não há placas,60.0,Dupla,Faixa seccionada,Não informado,2021,8,5,3,12.0
2021-08-05,14:55:00,COM VÍTIMA,FINALIZADA,DOIS IRMÃOS,RUA MANUEL DE MEDEIROS,Não informado,POSTE BO14915,DOIS IRMÃOS,CIDADE,COLISÃO LATERAL,Não informado,1.0,1.0,0.0,0.0,0.0,0.0,0.0,0.0,0.0,1.0,0.0,Longo da via,Bom,Não existe,Não existente,Seca,Mal conservada,Não existe,Não há placas,60.0,Dupla,Não existe,Não informado,2021,8,5,3,14.0
2021-08-05,15:42:00,COM VÍTIMA,FINALIZADA,BOA VIAGEM,AV ENGENHEIRO DOMINGOS FERREIRA,RUA ARISTIDES MUNIZ,DIOLDSER DEPILAÇOES A LASER,BOA VIAGEM,SUBURBIO,COLISÃO LATERAL,Não informado,2.0,1.0,0.0,0.0,0.0,0.0,0.0,0.0,0.0,1.0,0.0,Longo da via,Bom,Não existe,Não informado,Seca,Perfeito estado,Não existe,Não há placas,60.0,Única,Faixa seccionada,Não informado,2021,8,5,3,15.0
2021-08-05,20:15:00,COM VÍTIMA,FINALIZADA,CASA AMARELA,AV NORTE MIGUEL ARRAES DE ALENCAR,Não informado,EM FRENTE A ANTIGA CASA DA BIKE NORTE,CASA AMARELA,CIDADE,COLISÃO LATERAL,Não informado,1.0,1.0,0.0,0.0,0.0,0.0,0.0,0.0,0.0,1.0,0.0,Longo da via,Chuvoso,Sem defeito,Perfeito estado,Molhada,Perfeito estado,Outros,Outras,60.0,Única,Faixa seccionada,Não informado,2021,8,5,3,20.0
2021-08-05,20:33:40,VÍTIMA FATAL,FINALIZADA,VASCO DA GAMA,RUA VASCO DA GAMA,Não informado,EM FRENTE AO N° 1134,VASCO DA GAMA,SUBURBIO,COLISÃO COM CICLISTA,Não informado,0.0,0.0,0.0,1.0,0.0,1.0,0.0,0.0,0.0,0.0,1.0,Longo da via,Chuvoso,Não existe,Incompleta,Molhada,Mal conservada,Não existe,Não há placas,60.0,Dupla,Não existe,Não informado,2021,8,5,3,20.0
2021-08-06,06:42:00,COM VÍTIMA,FINALIZADA,GRAÇAS,RUA BRUNO MAIA,RUA JOAO RAMOS,OPOSTO AO STUDIO PORTAL DAS GRAÇAS,GRAÇAS,CIDADE,COLISÃO TRANSVERSAL,Não informado,0.0,1.0,0.0,0.0,0.0,0.0,0.0,1.0,0.0,2.0,0.0,Cruzamento,Bom,Não existe,Perfeito estado,Seca,Perfeito estado,Faixa de pedestre,"Placas ""Pare""",60.0,Única,Não existe,Não informado,2021,8,6,4,6.0
2021-08-06,06:59:00,COM VÍTIMA,FINALIZADA,IMBIRIBEIRA,AV MARECHAL MASCARENHAS DE MORAES,Não informado,EM FRENTE A IMBIRIBEIRA DISEL,IMBIRIBEIRA,Não informado,QUEDA,Não informado,0.0,1.0,0.0,0.0,0.0,0.0,0.0,0.0,0.0,1.0,0.0,Não informado,Não informado,Não informado,Não informado,Não informado,Não informado,Não informado,Não informado,60.0,Não informado,Não informado,Não informado,2021,8,6,4,6.0
2021-08-06,09:21:00,COM VÍTIMA,FINALIZADA,IPSEP,AV RAIMUNDO DINIZ,Não informado,PRAÇA DA SUDENE,IPSEP,SUBURBIO,COLISÃO LATERAL,Não informado,1.0,0.0,0.0,0.0,0.0,1.0,0.0,0.0,0.0,1.0,0.0,Longo da via,Bom,Não existe,Perfeito estado,Seca,Perfeito estado,Não existe,Não há placas,60.0,Dupla,Faixa seccionada,Não informado,2021,8,6,4,9.0
2021-08-06,18:24:00,COM VÍTIMA,FINALIZADA,AREIAS,AV TAPAJOS,RUA IBIMIRIM,E/F AO HORTIFRUTI PRIMAS,AREIAS,CIDADE,COLISÃO FRONTAL,Não informado,1.0,1.0,0.0,0.0,0.0,0.0,0.0,0.0,0.0,1.0,0.0,Cruzamento,Bom,Não existe,Não existente,Seca,Perfeito estado,Não existe,Não há placas,60.0,Dupla,Não existe,Não informado,2021,8,6,4,18.0
2021-08-06,20:47:00,COM VÍTIMA,FINALIZADA,BOA VIAGEM,AV ENGENHEIRO DOMINGOS FERREIRA,Não informado,EM FRENTE CERPE,BOA VIAGEM,SUBURBIO,COLISÃO TRASEIRA,Não informado,1.0,1.0,0.0,0.0,0.0,0.0,0.0,0.0,0.0,1.0,0.0,Longo da via,Bom,Sem defeito,Perfeito estado,Seca,Perfeito estado,Faixa de pedestre,Outras,60.0,Única,Canteiro central,Não informado,2021,8,6,4,20.0
2021-08-07,01:33:00,COM VÍTIMA,FINALIZADA,AFOGADOS,EST DOS REMEDIOS,RUA SAO MIGUEL,PRÓXIMO A IGREJA DO LARGO DA PAZ,AFOGADOS,SUBURBIO,COLISÃO TRANSVERSAL,Não informado,2.0,0.0,0.0,0.0,0.0,0.0,0.0,0.0,0.0,2.0,0.0,Cruzamento,Chuvoso,Sem defeito,Perfeito estado,Molhada,Perfeito estado,Não existe,Não há placas,60.0,Única,Faixa seccionada,Não informado,2021,8,7,5,1.0
2021-08-07,05:45:00,COM VÍTIMA,FINALIZADA,MADALENA,RUA JOSE BONIFACIO,Não informado,RESTAURANTE  JOÃO DA CARNE DO SOL,MADALENA,SUBURBIO,CHOQUE,Não informado,1.0,0.0,0.0,0.0,0.0,0.0,0.0,0.0,0.0,1.0,0.0,Longo da via,Bom,Não existe,Perfeito estado,Seca,Perfeito estado,Não existe,R-6a,60.0,Única,Faixa seccionada,Não informado,2021,8,7,5,5.0
2021-08-07,08:25:00,COM VÍTIMA,FINALIZADA,TORRE,AV BEIRA RIO,RUA CONDE DE IRAJA,PROX. A PONTE DA TORRE,TORRE,SUBURBIO,COLISÃO FRONTAL,Não informado,2.0,0.0,0.0,0.0,0.0,0.0,0.0,0.0,0.0,1.0,0.0,Cruzamento,Bom,Sem defeito,Perfeito estado,Seca,Perfeito estado,Outros,Outras,60.0,Única,Faixa seccionada,Não informado,2021,8,7,5,8.0
2021-08-07,10:17:00,COM VÍTIMA,FINALIZADA,BOA VIAGEM,AV BOA VIAGEM,Não informado,PROXIMO AO QUIOSQUE N° 08,BOA VIAGEM,SUBURBIO,COLISÃO LATERAL,Não informado,2.0,1.0,0.0,0.0,0.0,0.0,0.0,0.0,0.0,1.0,0.0,Longo da via,Bom,Não existe,Perfeito estado,Seca,Perfeito estado,Não existe,Outras,60.0,Dupla,Faixa seccionada,Não informado,2021,8,7,5,10.0
2021-08-07,14:42:00,OUTROS,FINALIZADA,SANTO AMARO,AV CRUZ CABUGA,Não informado,PROXIMO A VICE GOVERNADORIA,SANTO AMARO,CIDADE,OUTROS,Não informado,1.0,0.0,0.0,0.0,0.0,0.0,0.0,0.0,0.0,0.0,0.0,Não informado,Não informado,Não informado,Não informado,Não informado,Não informado,Não informado,Não informado,60.0,Não informado,Não informado,Não informado,2021,8,7,5,14.0
2021-08-08,06:39:00,SEM VÍTIMA,FINALIZADA,Não informado,Não informado,Não informado,Não informado,Não informado,Não informado,Não informado,Não informado,0.0,0.0,0.0,0.0,0.0,0.0,0.0,0.0,0.0,0.0,0.0,Não informado,Não informado,Não informado,Não informado,Não informado,Não informado,Não informado,Não informado,60.0,Não informado,Não informado,Não informado,2021,8,8,6,6.0
2021-08-07,15:49:00,COM VÍTIMA,FINALIZADA,MUSTARDINHA,AV MANOEL GONCALVES DA LUZ,RUA TEJUCUPAPO,ENFRENTE A PRAÇA DO ABC,MUSTARDINHA,Não informado,COLISÃO TRASEIRA,Não informado,1.0,1.0,0.0,0.0,0.0,0.0,0.0,0.0,0.0,1.0,0.0,Longo da via,Bom,Não existe,Perfeito estado,Seca,Perfeito estado,Faixa de pedestre,Outras,60.0,Dupla,Faixa seccionada,Não informado,2021,8,7,5,15.0
2021-08-07,17:13:00,COM VÍTIMA,FINALIZADA,VÁRZEA,RUA GASTAO VIDIGAL,RUA DIAS D'AVILA,AO DO HOTEL COSTA AZUL,VÁRZEA,SUBURBIO,COLISÃO LATERAL,Não informado,1.0,1.0,0.0,0.0,0.0,0.0,0.0,0.0,0.0,1.0,0.0,Cruzamento,Chuvoso,Não existe,Incompleta,Molhada,Perfeito estado,Não existe,Não há placas,60.0,Dupla,Não existe,Não informado,2021,8,7,5,17.0
2021-08-07,18:39:00,COM VÍTIMA,CANCELADA,PARNAMIRIM,RUA JOAO TUDE DE MELO,Não informado,E/F AO GUAIAMUM GIGANTE,PARNAMIRIM,Não informado,COLISÃO LATERAL,Não informado,1.0,1.0,0.0,0.0,0.0,0.0,0.0,0.0,0.0,1.0,0.0,Não informado,Não informado,Não informado,Não informado,Não informado,Não informado,Não informado,Não informado,60.0,Não informado,Não informado,Não informado,2021,8,7,5,18.0
2021-08-08,11:00:00,COM VÍTIMA,FINALIZADA,IMBIRIBEIRA,AV MARECHAL MASCARENHAS DE MORAES,Não informado,EM FRENTE A UNIDAS,IMBIRIBEIRA,CIDADE,COLISÃO LATERAL,Não informado,1.0,1.0,0.0,0.0,0.0,0.0,0.0,0.0,0.0,1.0,0.0,Longo da via,Bom,Sem defeito,Perfeito estado,Seca,Perfeito estado,Não informado,Não há placas,60.0,Dupla,Canteiro central,Não informado,2021,8,8,6,11.0
2021-08-08,19:58:00,SEM VÍTIMA,FINALIZADA,JARDIM SÃO PAULO,RUA NOSSA SENHORA DE FATIMA,Não informado,Não informado,JARDIM SÃO PAULO,SUBURBIO,Não informado,Não informado,2.0,0.0,1.0,0.0,0.0,0.0,0.0,0.0,0.0,0.0,0.0,Longo da via,Bom,Não existe,Não existente,Seca,Perfeito estado,Não existe,Não há placas,60.0,Dupla,Não existe,Não informado,2021,8,8,6,19.0
2021-08-08,20:58:40,COM VÍTIMA,FINALIZADA,BOA VIAGEM,RUA JOAO CARDOSO AIRES,RUA ALMIRANTE BATISTA LEAO,E/F AO PARQUE DA PIZZA,BOA VIAGEM,SUBURBIO,COLISÃO TRASEIRA,Não informado,1.0,1.0,0.0,0.0,0.0,0.0,0.0,0.0,0.0,1.0,0.0,Cruzamento,Bom,Não existe,Incompleta,Seca,Mal iluminada,Faixa de retenção,"Placas ""Pare""",30.0,Única,Não informado,Não informado,2021,8,8,6,20.0
2021-08-09,00:05:00,COM VÍTIMA,FINALIZADA,IPUTINGA,AV CAXANGA,AV LUIZ DE LACERDA,EM FRENTE A CHEVROLET,IPUTINGA,SUBURBIO,COLISÃO LATERAL,Não informado,1.0,1.0,0.0,0.0,0.0,0.0,0.0,0.0,0.0,1.0,0.0,Longo da via,Chuvoso,Sem defeito,Perfeito estado,Molhada,Perfeito estado,Não existe,Não há placas,60.0,Única,Faixa seccionada,Não informado,2021,8,9,0,0.0
2021-08-09,01:17:00,COM VÍTIMA,FINALIZADA,MADALENA,AV VISCONDE DE ALBUQUERQUE,RUA JOSE OSORIO,EM FRENTE A EXTRA FARMA,MADALENA,SUBURBIO,COLISÃO FRONTAL,Não informado,2.0,0.0,0.0,0.0,0.0,0.0,0.0,0.0,0.0,1.0,0.0,Cruzamento,Chuvoso,Sem defeito,Perfeito estado,Molhada,Perfeito estado,Não existe,Não há placas,60.0,Única,Faixa seccionada,Não informado,2021,8,9,0,1.0
2021-08-09,07:25:00,COM VÍTIMA,FINALIZADA,SANTO AMARO,AV GOVERNADOR AGAMENON MAGALHAES,Não informado,SOBRE VIADUTO DA INDEPENDENCIA,SANTO AMARO,CIDADE,COLISÃO TRASEIRA,Não informado,1.0,1.0,0.0,0.0,0.0,0.0,0.0,0.0,0.0,1.0,0.0,Viaduto,Bom,Sem defeito,Perfeito estado,Seca,Perfeito estado,Faixa de pedestre,Outras,60.0,Única,Faixa contínua,Não informado,2021,8,9,0,7.0
2021-08-09,08:48:00,COM VÍTIMA,FINALIZADA,CORDEIRO,RUA GOMES TABORDA,RUA FIRMINO DE BARROS,EM FRENTE A POWER CAR BATERIAS,CORDEIRO,Não informado,COLISÃO LATERAL,Não informado,1.0,1.0,0.0,0.0,0.0,0.0,0.0,0.0,0.0,1.0,0.0,Cruzamento,Chuvoso,Não existe,Não informado,Molhada,Perfeito estado,Não existe,Não há placas,40.0,Dupla,Faixa seccionada,Não informado,2021,8,9,0,8.0
2021-08-09,09:07:00,COM VÍTIMA,FINALIZADA,IMBIRIBEIRA,AV MARECHAL MASCARENHAS DE MORAES,Não informado,E/F A RECIFE RADIADORES,IMBIRIBEIRA,SUBURBIO,COLISÃO TRASEIRA,Não informado,2.0,0.0,0.0,0.0,0.0,0.0,0.0,0.0,0.0,1.0,0.0,Não informado,Não informado,Não informado,Não informado,Não informado,Não informado,Não informado,Não informado,60.0,Não informado,Não informado,Não informado,2021,8,9,0,9.0
2021-08-09,09:28:00,COM VÍTIMA,FINALIZADA,BOA VIAGEM,AV CONSELHEIRO AGUIAR,RUA ATLANTICO,RESTAURANTE JOHNY GASTROBAR,BOA VIAGEM,CIDADE,COLISÃO FRONTAL,Não informado,1.0,1.0,0.0,0.0,0.0,0.0,0.0,0.0,0.0,1.0,0.0,Cruzamento,Chuvoso,Não existe,Perfeito estado,Molhada,Perfeito estado,Faixa de pedestre,"Placas ""Pare""",60.0,Única,Faixa seccionada,Não informado,2021,8,9,0,9.0
2021-08-09,11:09:00,COM VÍTIMA,FINALIZADA,AREIAS,AV RECIFE,Não informado,LADO OPOSTO AO ARMAZÉM CORAL ACHAQUI M° 726,AREIAS,Não informado,QUEDA,Não informado,0.0,1.0,0.0,0.0,0.0,0.0,0.0,0.0,0.0,1.0,0.0,Longo da via,Chuvoso,Não existe,Perfeito estado,Molhada,Perfeito estado,Não existe,Não há placas,60.0,Dupla,Canteiro central,Não informado,2021,8,9,0,11.0
2021-08-09,13:05:00,COM VÍTIMA,FINALIZADA,IPUTINGA,AV MAURICIO DE NASSAU,Não informado,LA MELIO MODA FEMININA,IPUTINGA,CIDADE,COLISÃO COM CICLISTA,Não informado,1.0,0.0,0.0,1.0,0.0,0.0,0.0,0.0,0.0,1.0,0.0,Longo da via,Chuvoso,Sem defeito,Perfeito estado,Molhada,Perfeito estado,Faixa de pedestre,Outras,60.0,Dupla,Faixa contínua,Não informado,2021,8,9,0,13.0
2021-08-09,14:45:00,COM VÍTIMA,FINALIZADA,ARRUDA,AV BEBERIBE,Não informado,E/F AO LOJÃO DO PETRÓLEO,ARRUDA,SUBURBIO,COLISÃO COM CICLISTA,Não informado,0.0,1.0,0.0,1.0,0.0,0.0,0.0,0.0,0.0,3.0,0.0,Longo da via,Chuvoso,Sem defeito,Perfeito estado,Molhada,Perfeito estado,Não existe,Outras,60.0,Dupla,Faixa contínua,Não informado,2021,8,9,0,14.0
2021-08-09,17:27:00,COM VÍTIMA,FINALIZADA,SANTO ANTÔNIO,AV N S DO CARMO,Não informado,LADO OPOSTO A CASA PIO,SANTO ANTÔNIO,SUBURBIO,ATROPELAMENTO DE PESSOA,Não informado,0.0,0.0,0.0,0.0,1.0,1.0,0.0,0.0,0.0,1.0,0.0,Longo da via,Chuvoso,Sem defeito,Perfeito estado,Molhada,Perfeito estado,Não existe,Outras,60.0,Dupla,Outros,Não informado,2021,8,9,0,17.0
2021-08-10,00:02:00,COM VÍTIMA,FINALIZADA,SAN MARTIN,AV ENGENHEIRO ABDIAS DE CARVALHO,Não informado,LADO OPOSTO A UPA,SAN MARTIN,CIDADE,QUEDA,Não informado,0.0,1.0,0.0,0.0,0.0,0.0,0.0,1.0,0.0,1.0,0.0,Longo da via,Chuvoso,Sem defeito,Incompleta,Molhada,Mal iluminada,Não existe,Não há placas,60.0,Dupla,Canteiro central,Não informado,2021,8,10,1,0.0
2021-08-10,06:49:00,SEM VÍTIMA,FINALIZADA,VÁRZEA,AV CAXANGA,Não informado,LADO OPOSTO AO TERMINAL INTEGRADO DA CAXANGÁ,VÁRZEA,CIDADE,COLISÃO TRASEIRA,Não informado,3.0,0.0,0.0,0.0,0.0,0.0,0.0,0.0,0.0,0.0,0.0,Longo da via,Chuvoso,Sem defeito,Perfeito estado,Molhada,Perfeito estado,Agente,Não informado,60.0,Única,Faixa contínua,Não informado,2021,8,10,1,6.0
2021-08-10,07:17:00,COM VÍTIMA,FINALIZADA,BOA VIAGEM,RUA VISCONDE DE JEQUITINHONHA,Não informado,EM FRENTE AO POSTO SHELL,BOA VIAGEM,SUBURBIO,COLISÃO TRASEIRA,Não informado,0.0,0.0,0.0,0.0,0.0,2.0,0.0,0.0,0.0,1.0,0.0,Longo da via,Chuvoso,Sem defeito,Perfeito estado,Molhada,Perfeito estado,Não existe,Não há placas,60.0,Única,Faixa seccionada,Não informado,2021,8,10,1,7.0
2021-08-10,11:35:00,COM VÍTIMA,CANCELADA,SANTO AMARO,AV JOAO DE BARROS,Não informado,PRÓX AO CONSERVATÓRIO PERNAMBUCANO DE MÚSICA,SANTO AMARO,Não informado,COLISÃO COM CICLISTA,Não informado,1.0,0.0,0.0,1.0,0.0,0.0,0.0,0.0,0.0,1.0,0.0,Não informado,Não informado,Não informado,Não informado,Não informado,Não informado,Não informado,Não informado,60.0,Não informado,Não informado,Não informado,2021,8,10,1,11.0
2021-08-10,12:16:00,COM VÍTIMA,FINALIZADA,BOA VISTA,RUA DO HOSPICIO,Não informado,E/F A CAMERA DOS VEREADORES,BOA VISTA,CIDADE,COLISÃO LATERAL,Não informado,1.0,1.0,0.0,0.0,0.0,0.0,0.0,0.0,0.0,1.0,0.0,Cruzamento,Chuvoso,Sem defeito,Incompleta,Molhada,Perfeito estado,Agente,Outras,60.0,Dupla,Faixa contínua,Não informado,2021,8,10,1,12.0
2021-08-10,17:02:00,COM VÍTIMA,FINALIZADA,BOA VIAGEM,RUA BALTAZAR PASSOS,RUA VISCONDE DE JEQUITINHONHA,Não informado,BOA VIAGEM,Não informado,COLISÃO LATERAL,Não informado,1.0,1.0,0.0,0.0,0.0,0.0,0.0,0.0,0.0,1.0,0.0,Cruzamento,Bom,Sem defeito,Perfeito estado,Seca,Perfeito estado,Faixa de pedestre,R-25d,60.0,Dupla,Faixa contínua,Não informado,2021,8,10,1,17.0
2021-08-10,18:36:00,VÍTIMA FATAL,FINALIZADA,ENCRUZILHADA,EST DE BELEM,RUA DONA JULIETA,EM FRENTE A IGREJA CATÓLICA DE BELÉM E EDF JULIO ll,ENCRUZILHADA,CIDADE,COLISÃO TRANSVERSAL,Não informado,1.0,1.0,0.0,0.0,0.0,0.0,0.0,0.0,0.0,0.0,1.0,Cruzamento,Bom,Não existe,Perfeito estado,Seca,Perfeito estado,Não existe,R-6a,60.0,Dupla,Faixa contínua,Não informado,2021,8,10,1,18.0
2021-08-10,19:54:00,SEM VÍTIMA,CANCELADA,ILHA DO LEITE,RUA FRANCISCO ALVES,Não informado,E/F AO HOSPITAL HOPE,ILHA DO LEITE,Não informado,COLISÃO LATERAL,Não informado,1.0,0.0,0.0,0.0,0.0,1.0,0.0,0.0,0.0,0.0,0.0,Não informado,Não informado,Não informado,Não informado,Não informado,Não informado,Não informado,Não informado,60.0,Não informado,Não informado,Não informado,2021,8,10,1,19.0
2021-08-11,08:09:00,VÍTIMA FATAL,FINALIZADA,MADALENA,AV JOSE GONCALVES DE MEDEIROS,RUA COMENDADOR BENTO AGUIAR,APOIO NO LOCAL  ACIDENTE COM VITIMA FATAL,MADALENA,SUBURBIO,CHOQUE,Não informado,1.0,0.0,0.0,0.0,0.0,0.0,0.0,0.0,0.0,0.0,1.0,Longo da via,Chuvoso,Não informado,Não informado,Molhada,Perfeito estado,Não existe,R-6a,60.0,Dupla,Faixa contínua,Não informado,2021,8,11,2,8.0
2021-08-12,07:24:00,COM VÍTIMA,FINALIZADA,AFOGADOS,RUA VINTE E UM DE ABRIL,RUA DR ALBERTO MOREIRA,EM FRENTE A FABRICA CAFE PETINHO,AFOGADOS,SUBURBIO,COLISÃO LATERAL,Não informado,1.0,1.0,0.0,0.0,0.0,0.0,0.0,0.0,0.0,1.0,0.0,Longo da via,Chuvoso,Não existe,Não existente,Molhada,Não informado,Não existe,Não há placas,60.0,Dupla,Não existe,Não informado,2021,8,12,3,7.0
2021-08-12,07:25:00,COM VÍTIMA,FINALIZADA,DERBY,AV GOVERNADOR AGAMENON MAGALHAES,Não informado,EM FRENTE AO HOSP. DA RESTAURAÇÃO,DERBY,BOA VIAGEM,COLISÃO COM CICLISTA,Não informado,0.0,0.0,0.0,1.0,0.0,1.0,0.0,0.0,0.0,1.0,0.0,Longo da via,Chuvoso,Sem defeito,Não informado,Molhada,Mal conservada,Faixa de pedestre,Não informado,60.0,Dupla,Canteiro central,Não informado,2021,8,12,3,7.0
2021-08-12,09:32:00,COM VÍTIMA,FINALIZADA,TORRE,RUA MARQUES DE MARICA,Não informado,EM FRENTE AO CONDOMINIO ENGENHO DA TORRE,TORRE,Não informado,COLISÃO LATERAL,Não informado,1.0,1.0,0.0,0.0,0.0,0.0,0.0,0.0,0.0,1.0,0.0,Longo da via,Chuvoso,Não existe,Perfeito estado,Molhada,Perfeito estado,Não existe,Não há placas,30.0,Dupla,Faixa seccionada,Não informado,2021,8,12,3,9.0
2021-08-12,09:36:00,COM VÍTIMA,FINALIZADA,IMBIRIBEIRA,RUA PINTOR LULA CARDOSO AYRES,RUA JOSE LINS DO REGO,"APOS O POSTO SHELL, PRIMEIRA ENTRADA NA RUA DE CARGA E DESCARGA DO AEROPORTO",IMBIRIBEIRA,SUBURBIO,COLISÃO FRONTAL,Não informado,1.0,1.0,0.0,0.0,0.0,0.0,0.0,0.0,0.0,1.0,0.0,Cruzamento,Bom,Não existe,Não existente,Seca,Perfeito estado,Não existe,Não há placas,60.0,Dupla,Não informado,Não informado,2021,8,12,3,9.0
2021-08-12,09:38:00,COM VÍTIMA,FINALIZADA,CASA FORTE,AV DEZESSETE DE AGOSTO,Não informado,EM FRENTE AO MUSEU  HOMEM DO NORDESTE /,CASA FORTE,CIDADE,COLISÃO TRASEIRA,Não informado,1.0,1.0,0.0,0.0,0.0,0.0,1.0,0.0,0.0,1.0,0.0,Longo da via,Bom,Não existe,Perfeito estado,Seca,Perfeito estado,Não existe,R-6a,60.0,Dupla,Faixa contínua,Não informado,2021,8,12,3,9.0
2021-08-12,11:45:00,COM VÍTIMA,FINALIZADA,BOA VIAGEM,RUA RIBEIRO DE BRITO,RUA DOS NAVEGANTES,AO LADO DO EDF. HOLLIDAY,BOA VIAGEM,Não informado,COLISÃO LATERAL,Não informado,1.0,1.0,0.0,0.0,0.0,0.0,0.0,0.0,0.0,1.0,0.0,Cruzamento,Bom,Não existe,Perfeito estado,Seca,Perfeito estado,Faixa de retenção,Não há placas,60.0,Única,Não existe,Não informado,2021,8,12,3,11.0
2021-08-12,13:21:00,COM VÍTIMA,FINALIZADA,ILHA DO RETIRO,RUA JOAO ELISIO RAMOS,RUA DR JOAO MARQUES,PRAÇA PABS BARRETO,ILHA DO RETIRO,SUBURBIO,COLISÃO LATERAL,Não informado,1.0,1.0,0.0,0.0,0.0,0.0,0.0,0.0,0.0,1.0,0.0,Cruzamento,Bom,Não existe,Incompleta,Seca,Perfeito estado,Não existe,R-6a,60.0,Dupla,Faixa seccionada,Não informado,2021,8,12,3,13.0
2021-08-13,10:04:00,SEM VÍTIMA,FINALIZADA,DOIS IRMÃOS,RUA DOIS IRMAOS,Não informado,AO LADO DO MOTEL SENZALA,DOIS IRMÃOS,Não informado,CHOQUE,Não informado,1.0,0.0,0.0,0.0,0.0,0.0,0.0,0.0,0.0,0.0,0.0,Não informado,Não informado,Não informado,Não informado,Não informado,Não informado,Não informado,Não informado,60.0,Não informado,Não informado,Não informado,2021,8,13,4,10.0
2021-08-13,12:43:00,COM VÍTIMA,FINALIZADA,MADALENA,RUA BENFICA,RUA JOAO IVO DA SILVA,E/F A O MUSEU DA ABOLIÇAO  PROX  AO BRADESCO PRIME,MADALENA,CIDADE,COLISÃO FRONTAL,Não informado,2.0,0.0,0.0,0.0,0.0,0.0,0.0,0.0,0.0,1.0,0.0,Cruzamento,Bom,Sem defeito,Perfeito estado,Seca,Perfeito estado,Outros,Não há placas,60.0,Dupla,Faixa contínua,Não informado,2021,8,13,4,12.0
2021-08-13,12:51:00,SEM VÍTIMA,FINALIZADA,DERBY,AV GOVERNADOR AGAMENON MAGALHAES,Não informado,EM FRENTE A EMERGENCIA CLÍNICA DO HOSPITAL DA RESTAURAÇÃO,DERBY,SUBURBIO,Não informado,Não informado,2.0,0.0,0.0,0.0,0.0,0.0,0.0,0.0,0.0,0.0,0.0,Longo da via,Bom,Não existe,Perfeito estado,Seca,Perfeito estado,Não existe,Não há placas,60.0,Única,Faixa seccionada,Não informado,2021,8,13,4,12.0