data,hora,natureza_acidente,situacao,bairro,endereco,detalhe_endereco_acidente,complemento,bairro_cruzamento,sentido_via,tipo,descricao,auto,moto,ciclom,ciclista,pedestre,onibus,caminhao,viatura,outros,vitimas,vitimasfatais,acidente_verificado,tempo_clima,situacao_semaforo,sinalizacao,condicao_via,conservacao_via,ponto_controle,situacao_placa,velocidade_max_via,mao_direcao,divisao_via1,natureza,ano,mes,dia,dia_semana,hora_ocorrencia
2021-08-13,14:50:00,COM VÍTIMA,FINALIZADA,SANTO AMARO,AV NORTE MIGUEL ARRAES DE ALENCAR,AV CRUZ CABUGA,PROX AO CEMITERIO DOS INGLESES,SANTO AMARO,CIDADE,COLISÃO TRASEIRA,Não informado,1.0,1.0,0.0,0.0,0.0,0.0,0.0,0.0,0.0,2.0,0.0,Longo da via,Bom,Sem defeito,Perfeito estado,Seca,Perfeito estado,Faixa de pedestre,Outras,60.0,Única,Não existe,Não informado,2021,8,13,4,14.0
2021-08-13,14:59:00,SEM VÍTIMA,FINALIZADA,BOA VIAGEM,RUA ANTONIO LUMACK DO MONTE,Não informado,FERREIRA COSTA,BOA VIAGEM,SUBURBIO,Não informado,Não informado,0.0,0.0,0.0,0.0,0.0,0.0,0.0,0.0,0.0,0.0,0.0,Não informado,Não informado,Não informado,Não informado,Não informado,Não informado,Não informado,Não informado,60.0,Não informado,Não informado,Não informado,2021,8,13,4,14.0
2021-08-13,16:42:00,COM VÍTIMA,FINALIZADA,CORDEIRO,EST DO FORTE DO ARRAIAL N. DO B. JESUS,RUA EURICO DE SOUZA LEAO,E/F ACADEMIA  CIA FIT,CORDEIRO,AV CAXANGA,COLISÃO LATERAL,Não informado,1.0,1.0,0.0,0.0,0.0,0.0,0.0,0.0,0.0,1.0,0.0,Cruzamento,Bom,Não existe,Perfeito estado,Seca,Não informado,Não existe,Não há placas,60.0,Dupla,Não existe,Não informado,2021,8,13,4,16.0
2021-08-13,19:07:00,COM VÍTIMA,FINALIZADA,SANTO ANTÔNIO,AV SUL,Não informado,E/F AO POSTO BR,SANTO ANTÔNIO,CIDADE,COLISÃO COM CICLISTA,Não informado,0.0,1.0,0.0,1.0,0.0,0.0,0.0,0.0,0.0,1.0,0.0,Longo da via,Bom,Sem defeito,Perfeito estado,Seca,Perfeito estado,Não existe,Não há placas,60.0,Dupla,Não existe,Não informado,2021,8,13,4,19.0
2021-08-13,20:21:00,SEM VÍTIMA,FINALIZADA,IPSEP,RUA ITAJAI,RUA JAMAICA,Não informado,IPSEP,SUBURBIO,COLISÃO TRANSVERSAL,Não informado,2.0,0.0,0.0,0.0,0.0,0.0,0.0,0.0,0.0,0.0,0.0,Cruzamento,Bom,Não existe,Perfeito estado,Seca,Perfeito estado,Faixa de pedestre,Outras,40.0,Única,Faixa contínua,Não informado,2021,8,13,4,20.0
2021-08-13,22:36:40,SEM VÍTIMA,FINALIZADA,SANTO AMARO,AV CRUZ CABUGA,Não informado,EM FRENTE AO SHOPPING TACARUNA,SANTO AMARO,SUBURBIO,COLISÃO LATERAL,Não informado,0.0,1.0,0.0,0.0,0.0,0.0,1.0,0.0,0.0,0.0,0.0,Não informado,Não informado,Não informado,Não informado,Não informado,Não informado,Não informado,Não informado,60.0,Não informado,Não informado,Não informado,2021,8,13,4,22.0
2021-08-14,09:18:00,COM VÍTIMA,FINALIZADA,SANTO ANTÔNIO,AV MARTINS DE BARROS,Não informado,EM FRENTE AO BANCO SANTANDER,SANTO ANTÔNIO,SUBURBIO,COLISÃO TRANSVERSAL,Não informado,1.0,1.0,0.0,0.0,0.0,0.0,0.0,0.0,0.0,1.0,0.0,Longo da via,Bom,Não existe,Perfeito estado,Seca,Perfeito estado,Não informado,Não informado,60.0,Não informado,Não informado,Não informado,2021,8,14,5,9.0
2021-08-14,15:57:00,COM VÍTIMA,FINALIZADA,IPUTINGA,RUA SAO MATEUS,Não informado,EM FRENTE A CENTRAL DE DISTRIBUIÇÃO DOS CORREIOS,IPUTINGA,CIDADE,COLISÃO LATERAL,Não informado,1.0,1.0,0.0,0.0,0.0,0.0,0.0,0.0,0.0,1.0,0.0,Longo da via,Bom,Não existe,Perfeito estado,Seca,Perfeito estado,Não existe,Não há placas,60.0,Dupla,Não existe,Não informado,2021,8,14,5,15.0
2021-08-14,22:29:40,SEM VÍTIMA,FINALIZADA,ESPINHEIRO,AV JOAO DE BARROS,Não informado,POSTO BR E LOMBADA ELETRÔNICA,ESPINHEIRO,SUBURBIO,CHOQUE,Não informado,2.0,0.0,0.0,0.0,0.0,0.0,0.0,0.0,0.0,0.0,0.0,Longo da via,Chuvoso,Não existe,Perfeito estado,Molhada,Perfeito estado,Não existe,Outras,60.0,Única,Faixa seccionada,Não informado,2021,8,14,5,22.0
2021-08-15,15:45:00,COM VÍTIMA,FINALIZADA,IPUTINGA,AV MAURICIO DE NASSAU,Não informado,DEPOIS DO GOE,IPUTINGA,SUBURBIO,CHOQUE,Não informado,0.0,1.0,0.0,0.0,0.0,0.0,0.0,0.0,0.0,1.0,0.0,Longo da via,Bom,Não existe,Perfeito estado,Seca,Perfeito estado,Não existe,Outras,60.0,Dupla,Faixa contínua,Não informado,2021,8,15,6,15.0
2021-08-15,17:06:00,COM VÍTIMA,CANCELADA,PRADO,AV ENGENHEIRO ABDIAS DE CARVALHO,Não informado,PROX. AO CORREIOS,PRADO,Não informado,COLISÃO FRONTAL,Não informado,3.0,0.0,0.0,0.0,0.0,0.0,0.0,0.0,0.0,2.0,0.0,Não informado,Não informado,Não informado,Não informado,Não informado,Não informado,Não informado,Não informado,60.0,Não informado,Não informado,Não informado,2021,8,15,6,17.0
2021-08-15,18:15:00,COM VÍTIMA,FINALIZADA,CASA AMARELA,AV NORTE MIGUEL ARRAES DE ALENCAR,Não informado,EM FRENTE A PASSARELA,CASA AMARELA,Não informado,COLISÃO LATERAL,Não informado,1.0,1.0,0.0,0.0,0.0,0.0,0.0,0.0,0.0,1.0,0.0,Longo da via,Bom,Não existe,Perfeito estado,Seca,Perfeito estado,Não existe,Não há placas,60.0,Dupla,Não informado,Não informado,2021,8,15,6,18.0
2021-08-16,00:33:00,SEM VÍTIMA,CANCELADA,ESPINHEIRO,RUA CONS PORTELA,Não informado,Não informado,ESPINHEIRO,Não informado,CHOQUE,Não informado,2.0,0.0,0.0,0.0,0.0,0.0,0.0,0.0,0.0,0.0,0.0,Não informado,Não informado,Não informado,Não informado,Não informado,Não informado,Não informado,Não informado,60.0,Não informado,Não informado,Não informado,2021,8,16,0,0.0
2021-08-16,09:00:00,VÍTIMA FATAL,FINALIZADA,MADALENA,AV CAXANGA,RUA FREI TEOFILO DE VIRGOLETTA,E/F A SEMINOVOS LOCALIZA,MADALENA,CIDADE,ATROPELAMENTO DE PESSOA,Não informado,0.0,0.0,0.0,0.0,1.0,1.0,0.0,0.0,0.0,0.0,1.0,Longo da via,Bom,Não existe,Perfeito estado,Seca,Perfeito estado,Não existe,Não há placas,60.0,Dupla,Canteiro central,Não informado,2021,8,16,0,9.0
2021-08-16,12:23:00,COM VÍTIMA,FINALIZADA,BONGI,EST DO BONGI,Não informado,PRÓXIMO A LANCHONETE BOKA LOKA,BONGI,CIDADE,COLISÃO FRONTAL,Não informado,1.0,1.0,0.0,0.0,0.0,0.0,0.0,0.0,0.0,1.0,0.0,Longo da via,Bom,Sem defeito,Perfeito estado,Seca,Perfeito estado,Não existe,Não há placas,30.0,Dupla,Faixa seccionada,Não informado,2021,8,16,0,12.0
2021-08-16,12:29:00,COM VÍTIMA,FINALIZADA,SANTO AMARO,RUA TREZE DE MAIO,Não informado,EM FRENTE DA PRAÇA DO CAMPO SANTO,SANTO AMARO,SUBURBIO,COLISÃO LATERAL,Não informado,1.0,1.0,0.0,0.0,0.0,0.0,0.0,0.0,0.0,1.0,0.0,Longo da via,Bom,Não existe,Perfeito estado,Seca,Perfeito estado,Não existe,Outras,60.0,Dupla,Faixa contínua,Não informado,2021,8,16,0,12.0
2021-08-16,13:51:00,COM VÍTIMA,FINALIZADA,AFOGADOS,RUA MOTOCOLOMBO,Não informado,AO LADO DA IGREJA PRESBITERIANA DO LARGO DA PAZ,AFOGADOS,SUBURBIO,COLISÃO FRONTAL,Não informado,1.0,1.0,0.0,0.0,0.0,0.0,0.0,0.0,0.0,1.0,0.0,Longo da via,Bom,Não existe,Não existente,Seca,Perfeito estado,Não existe,Não há placas,60.0,Única,Faixa seccionada,Não informado,2021,8,16,0,13.0
2021-08-16,15:13:00,COM VÍTIMA,FINALIZADA,DERBY,AV GOVERNADOR AGAMENON MAGALHAES,Não informado,SOB O SEMÁFORO N° 75,DERBY,SUBURBIO,COLISÃO TRASEIRA,Não informado,1.0,1.0,0.0,0.0,0.0,0.0,0.0,0.0,0.0,1.0,0.0,Cruzamento,Bom,Sem defeito,Perfeito estado,Seca,Perfeito estado,Faixa de pedestre,Outras,60.0,Dupla,Canal,Não informado,2021,8,16,0,15.0
2021-08-16,17:30:00,VÍTIMA FATAL,FINALIZADA,SANTO AMARO,AV GOVERNADOR AGAMENON MAGALHAES,Não informado,SOB O VIADUTO DA AVENIDA NORTE,SANTO AMARO,SUBURBIO,ATROPELAMENTO DE PESSOA,Não informado,0.0,0.0,0.0,0.0,1.0,1.0,0.0,0.0,0.0,1.0,1.0,Longo da via,Bom,Não informado,Perfeito estado,Seca,Não informado,Não informado,Não informado,60.0,Não informado,Não informado,Não informado,2021,8,16,0,17.0
2021-08-16,18:04:00,COM VÍTIMA,FINALIZADA,BOA VIAGEM,RUA BALTAZAR PASSOS,RUA JOSE HIPOLITO CARDOSO,E/F AO CAFE SAO BRAZ,BOA VIAGEM,Não informado,COLISÃO FRONTAL,Não informado,1.0,2.0,0.0,0.0,0.0,0.0,0.0,0.0,0.0,1.0,0.0,Cruzamento,Bom,Não existe,Perfeito estado,Seca,Perfeito estado,Faixa de pedestre,"Placas ""Pare""",60.0,Única,Não existe,Não informado,2021,8,16,0,18.0
2021-08-16,19:43:00,COM VÍTIMA,FINALIZADA,BOA VIAGEM,AV BOA VIAGEM,Não informado,E/F AO EDF MAR DEL PLATA E ORLA,BOA VIAGEM,CIDADE,ATROPELAMENTO DE PESSOA,Não informado,0.0,1.0,0.0,0.0,1.0,0.0,0.0,0.0,0.0,1.0,0.0,Longo da via,Bom,Sem defeito,Perfeito estado,Seca,Perfeito estado,Não informado,Outras,50.0,Única,Não informado,Não informado,2021,8,16,0,19.0
2021-08-16,19:53:00,COM VÍTIMA,FINALIZADA,CABANGA,AV ENGENHEIRO JOSE ESTELITA,Não informado,EM FRENTE AO GABANGA IATE  CLUBE,CABANGA,Não informado,COLISÃO LATERAL,Não informado,0.0,0.0,0.0,0.0,0.0,0.0,0.0,0.0,0.0,1.0,0.0,Não informado,Não informado,Não informado,Não informado,Não informado,Não informado,Não informado,Não informado,60.0,Não informado,Não informado,Não informado,2021,8,16,0,19.0
2021-08-16,20:13:00,COM VÍTIMA,FINALIZADA,CAJUEIRO,AV SEBASTIAO SALAZAR,Não informado,PRÓX AO BAR DA FAVA E POSTO BRAZ CAJUEIRO,CAJUEIRO,Não informado,COLISÃO LATERAL,Não informado,1.0,1.0,0.0,0.0,0.0,0.0,0.0,0.0,0.0,1.0,0.0,Longo da via,Bom,Não existe,Perfeito estado,Seca,Perfeito estado,Não existe,Outras,60.0,Dupla,Faixa contínua,Não informado,2021,8,16,0,20.0
2021-08-16,22:38:40,COM VÍTIMA,FINALIZADA,BAIRRO DO RECIFE,AV MARQUES DE OLINDA,RUA MADRE DEUS,E/F AOS CORREIOS,BAIRRO DO RECIFE,SUBURBIO,COLISÃO LATERAL,Não informado,1.0,0.0,0.0,0.0,0.0,1.0,0.0,0.0,0.0,1.0,0.0,Cruzamento,Chuvoso,Intermitente,Perfeito estado,Molhada,Perfeito estado,Faixa de pedestre,Outras,60.0,Única,Faixa seccionada,Não informado,2021,8,16,0,22.0
2021-08-17,00:12:00,COM VÍTIMA,FINALIZADA,DERBY,AV GOVERNADOR AGAMENON MAGALHAES,RUA JOAQUIM NABUCO,EM FRENTE AO HOSPITAL DA RESTAURAÇÃO,DERBY,SUBURBIO,COLISÃO TRANSVERSAL,Não informado,0.0,0.0,0.0,0.0,0.0,0.0,0.0,0.0,0.0,1.0,0.0,Cruzamento,Bom,Sem defeito,Perfeito estado,Seca,Perfeito estado,Faixa de pedestre,R-6a,50.0,Dupla,Canal,Não informado,2021,8,17,1,0.0
2021-08-17,07:48:00,SEM VÍTIMA,FINALIZADA,ARRUDA,AV BEBERIBE,Não informado,"REGIONAL NORTE, APOIO A EMLURB,GEOP, GCUTI",ARRUDA,SUBURBIO,Não informado,Não informado,0.0,0.0,0.0,0.0,0.0,0.0,0.0,0.0,0.0,0.0,0.0,Não informado,Não informado,Não informado,Não informado,Não informado,Não informado,Não informado,Não informado,60.0,Não informado,Não informado,Não informado,2021,8,17,1,7.0
2021-08-17,10:28:00,SEM VÍTIMA,FINALIZADA,JOANA BEZERRA,AV BEIRA RIO,VIADUTO CAPITAO TEMUDO,AO LADO DO FORUM DES RODOLFO AURELIANO,JOANA BEZERRA,CIDADE,COLISÃO TRASEIRA,Não informado,1.0,0.0,0.0,0.0,0.0,0.0,0.0,1.0,0.0,0.0,0.0,Longo da via,Bom,Sem defeito,Incompleta,Seca,Perfeito estado,Não informado,R-6a,60.0,Dupla,Faixa contínua,Não informado,2021,8,17,1,10.0
2021-08-17,10:24:00,COM VÍTIMA,FINALIZADA,BOA VIAGEM,AV ENGENHEIRO DOMINGOS FERREIRA,RUA FELIX DE BRITO E MELO,PROX. A PAPIC PAPELARIA,BOA VIAGEM,CIDADE,COLISÃO LATERAL,Não informado,1.0,1.0,0.0,0.0,0.0,0.0,0.0,0.0,0.0,1.0,0.0,Cruzamento,Bom,Sem defeito,Perfeito estado,Seca,Perfeito estado,Faixa de pedestre,Não informado,60.0,Única,Canteiro central,Não informado,2021,8,17,1,10.0
2021-08-17,12:15:00,COM VÍTIMA,FINALIZADA,TAMARINEIRA,AV NORTE MIGUEL ARRAES DE ALENCAR,Não informado,EM FRENTE A CANTANHEDE DIESEL,TAMARINEIRA,SUBURBIO,ATROPELAMENTO DE PESSOA,Não informado,0.0,1.0,0.0,0.0,1.0,0.0,0.0,0.0,0.0,1.0,0.0,Longo da via,Bom,Não existe,Perfeito estado,Seca,Perfeito estado,Não existe,R-6a,60.0,Dupla,Faixa seccionada,Não informado,2021,8,17,1,12.0
2021-08-17,13:21:00,COM VÍTIMA,FINALIZADA,BAIRRO DO RECIFE,CAIS DO APOLO,Não informado,EM FRENTE A PREFEITURA DO RECIFE,BAIRRO DO RECIFE,SUBURBIO,QUEDA,Não informado,0.0,1.0,0.0,0.0,0.0,0.0,0.0,0.0,0.0,1.0,0.0,Longo da via,Chuvoso,Sem defeito,Perfeito estado,Molhada,Perfeito estado,Faixa de pedestre,Outras,60.0,Única,Faixa seccionada,Não informado,2021,8,17,1,13.0
2021-08-17,13:55:00,COM VÍTIMA,FINALIZADA,VÁRZEA,AV AFONSO OLINDENSE,Não informado,E/F A SECRETARIA DE EDUCAÇAO,VÁRZEA,CIDADE,COLISÃO LATERAL,Não informado,0.0,1.0,0.0,0.0,0.0,0.0,0.0,1.0,0.0,1.0,0.0,Longo da via,Chuvoso,Não existe,Perfeito estado,Molhada,Perfeito estado,Não existe,Não há placas,60.0,Dupla,Faixa contínua,Não informado,2021,8,17,1,13.0
2021-08-17,15:16:00,COM VÍTIMA,FINALIZADA,ZUMBI,AV CAXANGA,Não informado,LADO OPOSTO AO NÚMERO 345,ZUMBI,SUBURBIO,COLISÃO COM CICLISTA,Não informado,0.0,0.0,0.0,1.0,0.0,1.0,0.0,0.0,0.0,1.0,0.0,Longo da via,Bom,Não existe,Perfeito estado,Seca,Perfeito estado,Não existe,Não há placas,60.0,Dupla,Faixa contínua,Não informado,2021,8,17,1,15.0
2021-08-17,17:29:00,COM VÍTIMA,FINALIZADA,SANTO AMARO,AV PREFEITO ARTUR LIMA CAVALCANTI,Não informado,PRÓXIMO A PONTE DO LIMOEIRO,SANTO AMARO,SUBURBIO,COLISÃO TRASEIRA,Não informado,1.0,1.0,0.0,0.0,0.0,0.0,0.0,0.0,0.0,1.0,0.0,Longo da via,Bom,Não existe,Perfeito estado,Seca,Perfeito estado,Não existe,Não há placas,40.0,Não informado,Faixa seccionada,Não informado,2021,8,17,1,17.0
2021-08-17,17:50:00,COM VÍTIMA,FINALIZADA,CORDEIRO,RUA GOMES TABORDA,Não informado,PROXIMO AO ATACAREJO IDEAL,CORDEIRO,CIDADE,COLISÃO LATERAL,Não informado,1.0,1.0,0.0,0.0,0.0,0.0,0.0,0.0,0.0,1.0,0.0,Longo da via,Bom,Não existe,Incompleta,Seca,Mal iluminada,Não existe,R-6a,60.0,Dupla,Faixa seccionada,Não informado,2021,8,17,1,17.0
2021-08-17,18:42:00,COM VÍTIMA,FINALIZADA,BARRO,AV DR JOSE RUFINO,RUA PEDRO JOSE VIEIRA,E/F AO PONTO IMPERIO,BARRO,DUPLO,COLISÃO FRONTAL,Não informado,1.0,1.0,0.0,0.0,0.0,0.0,0.0,0.0,0.0,1.0,0.0,Cruzamento,Bom,Não existe,Perfeito estado,Seca,Perfeito estado,Não existe,Não informado,60.0,Dupla,Não existe,Não informado,2021,8,17,1,18.0
2021-08-17,19:37:00,COM VÍTIMA,FINALIZADA,BOA VIAGEM,AV BOA VIAGEM,RUA FRANCA PEREIRA,PROX AO SEGUNDO JARDIN,BOA VIAGEM,CIDADE,COLISÃO TRANSVERSAL,Não informado,1.0,1.0,0.0,0.0,0.0,0.0,0.0,0.0,0.0,1.0,0.0,Longo da via,Bom,Sem defeito,Perfeito estado,Seca,Perfeito estado,Faixa de pedestre,Não há placas,60.0,Única,Faixa contínua,Não informado,2021,8,17,1,19.0
2021-08-17,22:44:40,COM VÍTIMA,FINALIZADA,BAIRRO DO RECIFE,AV ALFREDO LISBOA,Não informado,E/F AO FORTE DO BRUM,BAIRRO DO RECIFE,SUBURBIO,COLISÃO COM CICLISTA,Não informado,1.0,0.0,0.0,2.0,0.0,0.0,0.0,0.0,0.0,2.0,0.0,Longo da via,Bom,Sem defeito,Perfeito estado,Seca,Mal iluminada,Faixa de pedestre,Outras,60.0,Única,Faixa seccionada,Não informado,2021,8,17,1,22.0
2021-08-18,08:29:00,COM VÍTIMA,FINALIZADA,SANTO AMARO,AV PREFEITO ARTUR LIMA CAVALCANTI,Não informado,"POR TRAS DO PREDIO DA CONTAX, NA CURVA",SANTO AMARO,SUBURBIO,QUEDA,Não informado,0.0,1.0,0.0,0.0,0.0,0.0,0.0,0.0,0.0,1.0,0.0,Longo da via,Bom,Não existe,Perfeito estado,Seca,Perfeito estado,Não existe,Não há placas,60.0,Dupla,Canteiro central,Não informado,2021,8,18,2,8.0
2021-08-18,09:39:00,SEM VÍTIMA,CANCELADA,ILHA DO RETIRO,EST DOS REMEDIOS,Não informado,PROX. A HYUNDAI,ILHA DO RETIRO,Não informado,COLISÃO TRASEIRA,Não informado,2.0,0.0,0.0,0.0,0.0,0.0,0.0,0.0,0.0,0.0,0.0,Não informado,Não informado,Não informado,Não informado,Não informado,Não informado,Não informado,Não informado,60.0,Não informado,Não informado,Não informado,2021,8,18,2,9.0
2021-08-18,09:50:00,SEM VÍTIMA,FINALIZADA,ESPINHEIRO,AV GOVERNADOR AGAMENON MAGALHAES,RUA BUENOS AYRES,LADO OPOSTO A CAIXA ECONÔMICA FEDERAL,ESPINHEIRO,SUBURBIO,Não informado,Não informado,1.0,0.0,0.0,0.0,0.0,0.0,1.0,0.0,0.0,0.0,0.0,Cruzamento,Bom,Sem defeito,Perfeito estado,Seca,Perfeito estado,Faixa de pedestre,Outras,60.0,Dupla,Canal,Não informado,2021,8,18,2,9.0
2021-08-18,09:59:00,COM VÍTIMA,FINALIZADA,MADALENA,RUA DEMOCRITO DE SOUZA FILHO,RUA PROFESSOR JOSE TORRES PIRES,EM FRENTE A BARBEARIA BELEZA CAFE E MODA,MADALENA,SUBURBIO,COLISÃO LATERAL,Não informado,1.0,1.0,0.0,0.0,0.0,0.0,0.0,0.0,0.0,1.0,0.0,Cruzamento,Bom,Não existe,Perfeito estado,Seca,Perfeito estado,Não existe,R-3,60.0,Única,Não existe,Não informado,2021,8,18,2,9.0
2021-08-18,10:04:00,SEM VÍTIMA,DUPLICIDADE,BOA VISTA,AV GOVERNADOR AGAMENON MAGALHAES,RUA DR LEOPOLDO LINS,"EM FRENTE A CAIXA ECONÔMICA, SENTIDO OLINDA",BOA VISTA,Não informado,COLISÃO LATERAL,Não informado,1.0,0.0,0.0,0.0,0.0,0.0,0.0,1.0,0.0,0.0,0.0,Não informado,Não informado,Não informado,Não informado,Não informado,Não informado,Não informado,Não informado,60.0,Não informado,Não informado,Não informado,2021,8,18,2,10.0
2021-08-18,11:29:00,COM VÍTIMA,FINALIZADA,PAISSANDU,AV GOVERNADOR AGAMENON MAGALHAES,Não informado,PROXIMO AO BRADESCO PRIME,PAISSANDU,BOA VIAGEM,COLISÃO TRASEIRA,Não informado,1.0,1.0,0.0,0.0,0.0,0.0,0.0,0.0,0.0,1.0,0.0,Longo da via,Bom,Não existe,Não existente,Seca,Perfeito estado,Não existe,Não há placas,60.0,Única,Faixa seccionada,Não informado,2021,8,18,2,11.0
2021-08-18,12:11:00,COM VÍTIMA,FINALIZADA,BOA VIAGEM,AV ENGENHEIRO DOMINGOS FERREIRA,Não informado,EM FRENTE AO EMPRESARIAL SAN MARINO,BOA VIAGEM,SUBURBIO,COLISÃO LATERAL,Não informado,1.0,1.0,0.0,0.0,0.0,0.0,0.0,0.0,0.0,1.0,0.0,Longo da via,Bom,Não existe,Perfeito estado,Seca,Perfeito estado,Não existe,Não há placas,60.0,Dupla,Canteiro central,Não informado,2021,8,18,2,12.0
2021-08-18,11:55:00,COM VÍTIMA,FINALIZADA,CASA AMARELA,RUA PADRE LEMOS,Não informado,AO LADO DA ASSEMBLEIA DE DEUS,CASA AMARELA,SUBURBIO,COLISÃO LATERAL,Não informado,1.0,1.0,0.0,0.0,0.0,0.0,0.0,0.0,0.0,1.0,0.0,Longo da via,Bom,Sem defeito,Incompleta,Seca,Mal conservada,Faixa de pedestre,Outras,30.0,Dupla,Não existe,Não informado,2021,8,18,2,11.0
2021-08-19,06:31:00,COM VÍTIMA,FINALIZADA,BOA VISTA,RUA JOSE DE ALENCAR,RUA BARAO DE SAO BORJA,HOTEL BOA VISTA,BOA VISTA,CIDADE,COLISÃO FRONTAL,Não informado,1.0,0.0,0.0,0.0,0.0,0.0,0.0,0.0,1.0,1.0,0.0,Cruzamento,Chuvoso,Não existe,Perfeito estado,Molhada,Perfeito estado,Faixa de pedestre,Outras,60.0,Única,Outros,Não informado,2021,8,19,3,6.0
2021-08-19,07:48:00,COM VÍTIMA,FINALIZADA,BEBERIBE,AV BEBERIBE,Não informado,LOJA KI BIKE,BEBERIBE,SUBURBIO,COLISÃO COM CICLISTA,Não informado,0.0,0.0,0.0,1.0,0.0,0.0,0.0,0.0,0.0,1.0,0.0,Longo da via,Nublado,Não existe,Perfeito estado,Molhada,Perfeito estado,Não existe,R-6a,60.0,Dupla,Faixa seccionada,Não informado,2021,8,19,3,7.0
2021-08-19,12:59:00,COM VÍTIMA,FINALIZADA,MADALENA,RUA DEMOCRITO DE SOUZA FILHO,RUA PROFESSOR JOSE TORRES PIRES,PRÓX À ASSOCIAÇÃO NOSSA SENHORA DO PERPÉTUO SOCORRO,MADALENA,CIDADE,COLISÃO FRONTAL,Não informado,1.0,0.0,0.0,0.0,0.0,0.0,0.0,0.0,0.0,1.0,0.0,Cruzamento,Chuvoso,Não existe,Incompleta,Molhada,Perfeito estado,Não existe,Não há placas,60.0,Única,Não existe,Não informado,2021,8,19,3,12.0
2021-08-19,15:28:00,SEM VÍTIMA,FINALIZADA,TORRÕES,AV ENGENHEIRO ABDIAS DE CARVALHO,EST DO FORTE DO ARRAIAL N. DO B. JESUS,KI XOI GALETOS,TORRÕES,SUBURBIO,COLISÃO TRASEIRA,Não informado,1.0,0.0,0.0,0.0,0.0,0.0,2.0,0.0,0.0,0.0,0.0,Longo da via,Chuvoso,Sem defeito,Perfeito estado,Molhada,Perfeito estado,Faixa de pedestre,Não informado,60.0,Dupla,Faixa seccionada,Não informado,2021,8,19,3,15.0
2021-08-19,17:54:00,COM VÍTIMA,FINALIZADA,SAN MARTIN,AV GENERAL SAN MARTIN,Não informado,PTOXIMO A ESCOLA ADVENTISTA DE SAN MARTIN,SAN MARTIN,NORTE / SUL,COLISÃO FRONTAL,Não informado,0.0,2.0,0.0,0.0,0.0,0.0,0.0,0.0,0.0,1.0,0.0,Longo da via,Bom,Não existe,Perfeito estado,Seca,Perfeito estado,Não existe,Não há placas,40.0,Dupla,Faixa contínua,Não informado,2021,8,19,3,17.0
2021-08-19,18:55:00,COM VÍTIMA,CANCELADA,CASA AMARELA,EST DO ENCANAMENTO,RUA DA HARMONIA,NO CRUZAMENTO,CASA AMARELA,Não informado,ATROPELAMENTO DE PESSOA,Não informado,0.0,1.0,0.0,0.0,1.0,0.0,0.0,0.0,0.0,1.0,0.0,Não informado,Não informado,Não informado,Não informado,Não informado,Não informado,Não informado,Não informado,60.0,Não informado,Não informado,Não informado,2021,8,19,3,18.0
2021-08-19,19:48:00,COM VÍTIMA,FINALIZADA,SANTO AMARO,RUA AURORA,Não informado,PRÓX A TV GLOBO,SANTO AMARO,SUBURBIO,ATROPELAMENTO DE ANIMAL,Não informado,1.0,0.0,0.0,0.0,0.0,0.0,0.0,0.0,0.0,1.0,0.0,Longo da via,Bom,Não existe,Perfeito estado,Seca,Perfeito estado,Não existe,Não há placas,60.0,Dupla,Faixa contínua,Não informado,2021,8,19,3,19.0
2021-08-20,00:49:00,COM VÍTIMA,FINALIZADA,GRAÇAS,RUA ALBERTO PAIVA,RUA ANTONIO NOVAIS,APÓS A PIZZARIA HUT,GRAÇAS,DUPLO,COLISÃO LATERAL,Não informado,2.0,0.0,0.0,0.0,0.0,0.0,0.0,0.0,0.0,2.0,0.0,Cruzamento,Chuvoso,Sem defeito,Perfeito estado,Molhada,Perfeito estado,Faixa de pedestre,Não há placas,60.0,Dupla,Não existe,Não informado,2021,8,20,4,0.0
2021-08-20,08:18:00,COM VÍTIMA,FINALIZADA,CASA AMARELA,AV NORTE MIGUEL ARRAES DE ALENCAR,Não informado,"EM FRENTE A RETIFICA PADRÃO, SENT. CIDADE",CASA AMARELA,CIDADE,COLISÃO TRASEIRA,Não informado,1.0,1.0,0.0,0.0,0.0,0.0,0.0,0.0,0.0,1.0,0.0,Longo da via,Chuvoso,Sem defeito,Perfeito estado,Molhada,Perfeito estado,Faixa de pedestre,Outras,60.0,Dupla,Canteiro central,Não informado,2021,8,20,4,8.0
2021-08-20,10:11:00,COM VÍTIMA,FINALIZADA,CASA AMARELA,COR DO BARTOLOMEU,Não informado,E/F CENTRO SOCIAL DOS SERVIDORES DO RECIFE,CASA AMARELA,SUBURBIO,COLISÃO TRANSVERSAL,Não informado,0.0,2.0,0.0,0.0,0.0,0.0,0.0,0.0,0.0,2.0,0.0,Longo da via,Chuvoso,Não existe,Perfeito estado,Molhada,Perfeito estado,Não existe,R-6a,30.0,Dupla,Faixa seccionada,Não informado,2021,8,20,4,10.0