data,hora,natureza_acidente,situacao,bairro,endereco,detalhe_endereco_acidente,complemento,bairro_cruzamento,sentido_via,tipo,descricao,auto,moto,ciclom,ciclista,pedestre,onibus,caminhao,viatura,outros,vitimas,vitimasfatais,acidente_verificado,tempo_clima,situacao_semaforo,sinalizacao,condicao_via,conservacao_via,ponto_controle,situacao_placa,velocidade_max_via,mao_direcao,divisao_via1,natureza,ano,mes,dia,dia_semana,hora_ocorrencia
2021-08-20,11:24:00,COM VÍTIMA,FINALIZADA,SANTO AMARO,AV CRUZ CABUGA,RUA FREI CASSIMIRO,Não informado,SANTO AMARO,SUBURBIO,COLISÃO TRASEIRA,Não informado,0.0,1.0,0.0,0.0,0.0,0.0,1.0,0.0,0.0,1.0,0.0,Cruzamento,Chuvoso,Não existe,Perfeito estado,Seca,Perfeito estado,Não existe,R-6a,60.0,Dupla,Faixa contínua,Não informado,2021,8,20,4,11.0
2021-08-20,16:31:00,COM VÍTIMA,FINALIZADA,MADALENA,RUA REAL DA TORRE,RUA DES LUIZ SALAZAR,PROX AO MERCADO DA MADALENA  VT 08 NO LOCAL,MADALENA,SUBURBIO,COLISÃO LATERAL,Não informado,2.0,0.0,0.0,0.0,0.0,0.0,0.0,0.0,0.0,1.0,0.0,Longo da via,Chuvoso,Não existe,Perfeito estado,Molhada,Perfeito estado,Não existe,Não há placas,60.0,Única,Não existe,Não informado,2021,8,20,4,16.0
2021-08-21,00:03:00,COM VÍTIMA,FINALIZADA,JARDIM SÃO PAULO,AV LIBERDADE,Não informado,"APOS AO N° 125, SOBRE O VIADUTO",JARDIM SÃO PAULO,CIDADE,COLISÃO FRONTAL,Não informado,1.0,1.0,0.0,0.0,0.0,0.0,0.0,0.0,0.0,1.0,0.0,Longo da via,Bom,Não existe,Não informado,Seca,Perfeito estado,Não existe,Não há placas,60.0,Dupla,Faixa contínua,Não informado,2021,8,21,5,0.0
2021-08-21,11:19:00,COM VÍTIMA,FINALIZADA,BEBERIBE,RUA ARAO BOTLER,Não informado,EM FRENTE A GALERIA DO TERRAÇO,BEBERIBE,SUBURBIO,COLISÃO LATERAL,Não informado,1.0,1.0,0.0,0.0,0.0,0.0,0.0,0.0,0.0,2.0,0.0,Longo da via,Bom,Não informado,Perfeito estado,Seca,Perfeito estado,Não existe,Não há placas,60.0,Única,Não existe,Não informado,2021,8,21,5,11.0
2021-08-21,15:08:00,COM VÍTIMA,FINALIZADA,ILHA DO RETIRO,RUA SPORT CLUBE DO RECIFE,Não informado,EM FRENTE A SEDE SPORT CLUB DO REIFE,ILHA DO RETIRO,CIDADE,COLISÃO TRASEIRA,Não informado,1.0,1.0,0.0,0.0,0.0,0.0,0.0,0.0,0.0,1.0,0.0,Longo da via,Bom,Sem defeito,Perfeito estado,Seca,Perfeito estado,Não informado,Não há placas,60.0,Dupla,Faixa contínua,Não informado,2021,8,21,5,15.0
2021-08-21,17:02:00,COM VÍTIMA,CANCELADA,IMBIRIBEIRA,AV MARECHAL MASCARENHAS DE MORAES,Não informado,VIADUTO DA MASCARENHAS DE MORAES / AEROPORTO / SENTIDO RECIFE.,IMBIRIBEIRA,Não informado,COLISÃO LATERAL,Não informado,1.0,1.0,0.0,0.0,0.0,0.0,0.0,0.0,0.0,1.0,0.0,Não informado,Não informado,Não informado,Não informado,Não informado,Não informado,Não informado,Não informado,60.0,Não informado,Não informado,Não informado,2021,8,21,5,17.0
2021-08-21,17:02:00,COM VÍTIMA,FINALIZADA,BOA VIAGEM,AV ENGENHEIRO DOMINGOS FERREIRA,RUA PROFESSOR JOSE BRANDAO,ENFRENTE A FARMACIA INDEPENDENTE,BOA VIAGEM,SUBURBIO,ENGAVETAMENTO,Não informado,3.0,0.0,0.0,0.0,0.0,0.0,0.0,0.0,0.0,1.0,0.0,Longo da via,Bom,Sem defeito,Perfeito estado,Seca,Perfeito estado,Faixa de pedestre,Outras,60.0,Única,Faixa contínua,Não informado,2021,8,21,5,17.0
2021-08-21,17:10:00,COM VÍTIMA,FINALIZADA,JORDÃO,AV MARIA IRENE,RUA CRISTALIA,ESQUINA DO MERCADINHO EVA RAÇOES,JORDÃO,CIDADE,COLISÃO LATERAL,Não informado,1.0,1.0,0.0,0.0,0.0,0.0,0.0,0.0,0.0,1.0,0.0,Longo da via,Bom,Não existe,Perfeito estado,Seca,Perfeito estado,Não existe,Não há placas,40.0,Dupla,Não informado,Não informado,2021,8,21,5,17.0
2021-08-21,22:36:40,COM VÍTIMA,FINALIZADA,MACAXEIRA,RUA MARIA CANDIDA,AV NORTE MIGUEL ARRAES DE ALENCAR,PARQUE IRANO DA MACAXEIRA,MACAXEIRA,SUBURBIO,COLISÃO LATERAL,Não informado,1.0,1.0,0.0,0.0,0.0,0.0,0.0,0.0,0.0,1.0,0.0,Cruzamento,Chuvoso,Sem defeito,Perfeito estado,Seca,Perfeito estado,Faixa de pedestre,Outras,60.0,Dupla,Faixa seccionada,Não informado,2021,8,21,5,22.0
2021-08-22,13:02:00,COM VÍTIMA,FINALIZADA,ILHA JOANA BEZERRA,VDO PAPA JOAO PAULO II,Não informado,SOB O VIADUTO,ILHA JOANA BEZERRA,RECIFE / OLINDA,COLISÃO LATERAL,Não informado,0.0,2.0,0.0,0.0,0.0,0.0,0.0,0.0,0.0,1.0,0.0,Longo da via,Bom,Não existe,Perfeito estado,Seca,Perfeito estado,Outros,Outras,60.0,Dupla,Canteiro central,Não informado,2021,8,22,6,13.0
2021-08-22,14:29:00,COM VÍTIMA,CANCELADA,SANTO AMARO,AV CRUZ CABUGA,Não informado,E/F AO CISNE S/T OLINDA,SANTO AMARO,Não informado,COLISÃO LATERAL,Não informado,2.0,0.0,0.0,0.0,0.0,0.0,0.0,0.0,0.0,1.0,0.0,Não informado,Não informado,Não informado,Não informado,Não informado,Não informado,Não informado,Não informado,60.0,Não informado,Não informado,Não informado,2021,8,22,6,14.0
2021-08-22,16:52:00,COM VÍTIMA,FINALIZADA,JORDÃO,AV GOVERNADOR ROBERTO SILVEIRA,RUA DES EVANDRO NETTO,APOS O TERMINAL DE ONIBUS DO JORDAO BAIXO PRIMEIRA RUA,JORDÃO,Não informado,COLISÃO LATERAL,Não informado,1.0,0.0,0.0,0.0,0.0,0.0,0.0,0.0,0.0,1.0,0.0,Cruzamento,Chuvoso,Não existe,Perfeito estado,Seca,Perfeito estado,Faixa de pedestre,R-24a,60.0,Única,Não existe,Não informado,2021,8,22,6,16.0
2021-08-23,09:15:00,SEM VÍTIMA,FINALIZADA,MADALENA,AV JOSE GONCALVES DE MEDEIROS,RUA SENADOR FABIO DE BARROS,EM FRENTE A PORTO SEGURO,MADALENA,SUBURBIO,COLISÃO TRANSVERSAL,Não informado,1.0,0.0,0.0,0.0,0.0,0.0,0.0,1.0,0.0,0.0,0.0,Cruzamento,Nublado,Não existe,Perfeito estado,Seca,Perfeito estado,Não existe,R-6a,60.0,Dupla,Faixa contínua,Não informado,2021,8,23,0,9.0
2021-08-23,10:07:00,COM VÍTIMA,FINALIZADA,CASA AMARELA,AV NORTE MIGUEL ARRAES DE ALENCAR,Não informado,AO LADO ARMAZEM CORAL ACHAQUI,CASA AMARELA,CIDADE,COLISÃO LATERAL,Não informado,0.0,1.0,0.0,0.0,0.0,0.0,1.0,0.0,0.0,1.0,0.0,Longo da via,Chuvoso,Não existe,Perfeito estado,Seca,Perfeito estado,Não existe,R-6a,60.0,Dupla,Faixa seccionada,Não informado,2021,8,23,0,10.0
2021-08-23,14:29:00,COM VÍTIMA,FINALIZADA,SANTO ANTÔNIO,AV GUARARAPES,RUA DO SOL,EM FRENTE AOS CORREIOS,SANTO ANTÔNIO,SUBURBIO,COLISÃO LATERAL,Não informado,0.0,2.0,0.0,0.0,0.0,0.0,0.0,0.0,0.0,1.0,0.0,Cruzamento,Bom,Sem defeito,Perfeito estado,Seca,Perfeito estado,Faixa de pedestre,Não há placas,60.0,Dupla,Canteiro central,Não informado,2021,8,23,0,14.0
2021-08-23,15:45:00,COM VÍTIMA,FINALIZADA,CORDEIRO,AV CAXANGA,RUA N S DA SAUDE,EM FRENTE À AGROÚTIL,CORDEIRO,SUBURBIO,COLISÃO TRASEIRA,Não informado,1.0,1.0,0.0,0.0,0.0,0.0,0.0,0.0,0.0,1.0,0.0,Longo da via,Bom,Sem defeito,Perfeito estado,Seca,Perfeito estado,Faixa de pedestre,Não há placas,60.0,Dupla,Canteiro central,Não informado,2021,8,23,0,15.0
2021-08-23,16:55:00,COM VÍTIMA,FINALIZADA,CASA FORTE,AV DEZESSETE DE AGOSTO,Não informado,E/F AO PLAZA,CASA FORTE,SUBURBIO,COLISÃO COM CICLISTA,Não informado,1.0,0.0,0.0,1.0,0.0,0.0,0.0,0.0,0.0,1.0,0.0,Longo da via,Bom,Sem defeito,Perfeito estado,Seca,Perfeito estado,Faixa de pedestre,R-6a,60.0,Dupla,Faixa contínua,Não informado,2021,8,23,0,16.0
2021-08-23,19:37:00,COM VÍTIMA,FINALIZADA,IMBIRIBEIRA,AV SUL,Não informado,E/F AO TI TRANCREDO NEVES,IMBIRIBEIRA,SUBURBIO,COLISÃO LATERAL,Não informado,1.0,1.0,0.0,0.0,0.0,0.0,0.0,0.0,0.0,1.0,0.0,Longo da via,Bom,Não existe,Perfeito estado,Seca,Perfeito estado,Não existe,Não há placas,60.0,Única,Não existe,Não informado,2021,8,23,0,19.0
2021-08-24,08:43:00,SEM VÍTIMA,FINALIZADA,BOA VIAGEM,AVENIDA CELSO FURTADO (VIA MANGUE),Não informado,"A 200M DO SUPERMERCADO EXTRA ( PISTA OESTE) , SENTIDO CIDADE / SUBÚRBIO",BOA VIAGEM,SUBURBIO,CHOQUE,Não informado,1.0,0.0,0.0,0.0,0.0,0.0,0.0,0.0,0.0,0.0,0.0,Longo da via,Bom,Não existe,Perfeito estado,Molhada,Perfeito estado,Não informado,R-19,60.0,Dupla,Canteiro central,Não informado,2021,8,24,1,8.0
2021-08-24,09:41:00,SEM VÍTIMA,FINALIZADA,BOA VIAGEM,RUA REMIGIO,Não informado,TÚNEL FELIPE CAMARÃO ( LOCAL EXATO),BOA VIAGEM,SUBURBIO,CHOQUE,Não informado,0.0,0.0,0.0,0.0,0.0,0.0,0.0,1.0,0.0,0.0,0.0,Longo da via,Bom,Não existe,Incompleta,Seca,Mal conservada,Não existe,Não há placas,60.0,Dupla,Canteiro central,Não informado,2021,8,24,1,9.0
2021-08-24,12:15:00,COM VÍTIMA,FINALIZADA,BOA VIAGEM,RUA PROFESSOR JOAO MEDEIROS,RUA BRUNO VELOSO,PROX ACADEMIA R2 S/T BEIRA MAR,BOA VIAGEM,CIDADE,COLISÃO LATERAL,Não informado,1.0,1.0,0.0,0.0,0.0,0.0,0.0,0.0,0.0,1.0,0.0,Cruzamento,Bom,Sem defeito,Perfeito estado,Seca,Perfeito estado,Faixa de pedestre,Outras,60.0,Dupla,Faixa contínua,Não informado,2021,8,24,1,12.0
2021-08-10,18:20:00,COM VÍTIMA,FINALIZADA,DOIS UNIDOS,RUA DIVISOPOLIS,Não informado,ESCOLA MUNICIPAL ALTO DO MARACANÃ,DOIS UNIDOS,CIDADE,ATROPELAMENTO DE PESSOA,Não informado,0.0,1.0,0.0,0.0,1.0,0.0,0.0,0.0,0.0,1.0,0.0,Longo da via,Bom,Não existe,Não existente,Seca,Mal iluminada,Não existe,Não há placas,30.0,Dupla,Não existe,Não informado,2021,8,10,1,18.0
2021-08-24,15:56:00,COM VÍTIMA,FINALIZADA,TAMARINEIRA,EST VELHA DE AGUA FRIA,AV PROFESSOR JOSE DOS ANJOS,SOBE O SEMAFORO 306,TAMARINEIRA,SUBURBIO,QUEDA,Não informado,0.0,1.0,0.0,0.0,0.0,0.0,0.0,0.0,0.0,1.0,0.0,Cruzamento,Bom,Sem defeito,Perfeito estado,Seca,Perfeito estado,Faixa de pedestre,Não informado,60.0,Dupla,Canteiro central,Não informado,2021,8,24,1,15.0
2021-08-24,16:00:00,COM VÍTIMA,FINALIZADA,AFOGADOS,RUA SAO MIGUEL,RUA JOVELINO SELVA,EM FRENTE AO CENTRO AUTOMOTIVO ABC,AFOGADOS,CIDADE,COLISÃO LATERAL,Não informado,2.0,1.0,0.0,0.0,0.0,0.0,0.0,0.0,0.0,1.0,0.0,Longo da via,Bom,Não existe,Perfeito estado,Seca,Perfeito estado,Não existe,Não há placas,60.0,Dupla,Faixa,Não informado,2021,8,24,1,16.0
2021-08-24,18:57:00,COM VÍTIMA,FINALIZADA,IBURA,AV DOIS RIOS,RUA RIO NEGRO,E/F A IGREJA  EL SHADAY,IBURA,CIDADE,COLISÃO LATERAL,Não informado,0.0,2.0,0.0,0.0,0.0,0.0,0.0,0.0,0.0,2.0,0.0,Cruzamento,Bom,Não existe,Perfeito estado,Seca,Perfeito estado,Não existe,Não há placas,60.0,Dupla,Faixa contínua,Não informado,2021,8,24,1,18.0
2021-08-24,18:57:00,SEM VÍTIMA,FINALIZADA,IBURA,AV DOIS RIOS,RUA RIO BRIGIDA,EM FRENTE A FARMÁCIA INDEPENDENTE,IBURA,SUBURBIO,COLISÃO TRASEIRA,Não informado,1.0,1.0,0.0,0.0,0.0,0.0,0.0,0.0,0.0,0.0,0.0,Longo da via,Bom,Não existe,Perfeito estado,Seca,Perfeito estado,Não existe,Não há placas,60.0,Dupla,Faixa contínua,Não informado,2021,8,24,1,18.0
2021-08-24,20:50:00,COM VÍTIMA,FINALIZADA,ESPINHEIRO,RUA DO ESPINHEIRO,RUA SANTO ELIAS,PRÓX A MASCATE LIVRARIA E ANTIGO POSTO IPIRANGA,ESPINHEIRO,SUBURBIO,COLISÃO COM CICLISTA,Não informado,1.0,0.0,0.0,1.0,0.0,0.0,0.0,0.0,0.0,1.0,0.0,Longo da via,Bom,Não existe,Perfeito estado,Seca,Perfeito estado,Faixa de pedestre,"Placas ""Pare""",60.0,Dupla,Não informado,Não informado,2021,8,24,1,20.0
2021-08-24,21:15:40,COM VÍTIMA,FINALIZADA,IPUTINGA,RUA SAO MATEUS,Não informado,ACADEMIA L.FIT,IPUTINGA,SUBURBIO,COLISÃO FRONTAL,Não informado,0.0,2.0,0.0,0.0,0.0,0.0,0.0,0.0,0.0,1.0,0.0,Longo da via,Bom,Não existe,Perfeito estado,Seca,Perfeito estado,Não existe,Outras,60.0,Dupla,Não existe,Não informado,2021,8,24,1,21.0
2021-08-25,00:23:00,COM VÍTIMA,CANCELADA,BARRO,AV DR JOSE RUFINO,Não informado,PROXIMO AO MOTEL OLIMPICOS,BARRO,Não informado,COLISÃO LATERAL,Não informado,1.0,1.0,0.0,0.0,0.0,0.0,0.0,0.0,0.0,1.0,0.0,Não informado,Não informado,Não informado,Não informado,Não informado,Não informado,Não informado,Não informado,60.0,Não informado,Não informado,Não informado,2021,8,25,2,0.0
2021-08-25,11:42:00,COM VÍTIMA,FINALIZADA,AFOGADOS,EST DOS REMEDIOS,Não informado,EM FRENTE A AGATA VEICULOS,AFOGADOS,SUBURBIO,COLISÃO LATERAL,Não informado,2.0,1.0,0.0,0.0,0.0,0.0,0.0,0.0,0.0,1.0,0.0,Longo da via,Bom,Não existe,Perfeito estado,Seca,Perfeito estado,Não existe,Não há placas,60.0,Única,Faixa seccionada,Não informado,2021,8,25,2,11.0
2021-08-25,13:22:00,COM VÍTIMA,FINALIZADA,IBURA,RUA JORNALISTA EDSON REGIS,AV DOIS RIOS,ESQUINA COM A AUTO MECÂNICA BASTOS,IBURA,SUBURBIO,COLISÃO LATERAL,Não informado,1.0,1.0,0.0,0.0,0.0,0.0,0.0,0.0,0.0,1.0,0.0,Longo da via,Bom,Sem defeito,Perfeito estado,Seca,Perfeito estado,Faixa de pedestre,Outras,60.0,Dupla,Não existe,Não informado,2021,8,25,2,13.0
2021-08-25,16:00:00,SEM VÍTIMA,FINALIZADA,SANTO AMARO,AV MARIO MELO,RUA DA FUNDICAO,EM FRENTE AO POSTE H 024676,SANTO AMARO,SUBURBIO,COLISÃO TRANSVERSAL,Não informado,1.0,0.0,0.0,0.0,0.0,0.0,0.0,1.0,0.0,0.0,0.0,Cruzamento,Bom,Não existe,Perfeito estado,Seca,Perfeito estado,Faixa de pedestre,Outras,60.0,Dupla,Canteiro central,Não informado,2021,8,25,2,16.0
2021-08-25,18:59:00,COM VÍTIMA,FINALIZADA,CASA AMARELA,AV NORTE MIGUEL ARRAES DE ALENCAR,Não informado,LADO OPOSTO AO ARMAZÉM CORAL,CASA AMARELA,SUBURBIO,COLISÃO TRASEIRA,Não informado,1.0,1.0,0.0,0.0,0.0,0.0,0.0,0.0,0.0,1.0,0.0,Longo da via,Bom,Não existe,Incompleta,Seca,Mal conservada,Não existe,Outras,60.0,Dupla,Canteiro central,Não informado,2021,8,25,2,18.0
2021-08-26,08:44:00,COM VÍTIMA,FINALIZADA,AFOGADOS,RUA COSME VIANA,RUA JOSE DA BOMBA,PRÓXIMO A BLUECAR AUTO SERVICE,AFOGADOS,SUBURBIO,COLISÃO LATERAL,Não informado,1.0,1.0,0.0,0.0,0.0,0.0,0.0,0.0,0.0,1.0,0.0,Longo da via,Bom,Sem defeito,Perfeito estado,Seca,Perfeito estado,Não existe,Não há placas,60.0,Única,Não existe,Não informado,2021,8,26,3,8.0
2021-08-26,09:12:00,COM VÍTIMA,FINALIZADA,IBURA,RUA RIO XINGU,Não informado,EM FRENTE AO N° 924,IBURA,SUBURBIO,COLISÃO FRONTAL,Não informado,1.0,1.0,0.0,0.0,0.0,0.0,0.0,0.0,0.0,1.0,0.0,Longo da via,Bom,Não existe,Perfeito estado,Seca,Perfeito estado,Não existe,R-6a,30.0,Dupla,Faixa seccionada,Não informado,2021,8,26,3,9.0
2021-08-26,10:24:00,COM VÍTIMA,FINALIZADA,PORTO DA MADEIRA,RUA DALVA DE OLIVEIRA,RUA RIO BEBERIBE,E/F A IGREJA BATISTA,PORTO DA MADEIRA,CIDADE,COLISÃO FRONTAL,Não informado,0.0,1.0,0.0,0.0,0.0,0.0,1.0,0.0,0.0,1.0,0.0,Cruzamento,Bom,Não existe,Perfeito estado,Seca,Perfeito estado,Faixa de pedestre,Outras,60.0,Dupla,Não existe,Não informado,2021,8,26,3,10.0
2021-08-26,13:04:00,COM VÍTIMA,FINALIZADA,JARDIM SÃO PAULO,RUA LEANDRO BARRETO,RUA LEOBINA PEREIRA,EM FRENTE A PIZZARIA E RESTAURANTE DOS GÊMEOS,JARDIM SÃO PAULO,SUBURBIO,COLISÃO LATERAL,Não informado,1.0,1.0,0.0,0.0,0.0,0.0,0.0,0.0,0.0,1.0,0.0,Longo da via,Bom,Não existe,Não existente,Seca,Perfeito estado,Não existe,Não há placas,60.0,Dupla,Não existe,Não informado,2021,8,26,3,13.0
2021-08-26,13:48:00,COM VÍTIMA,FINALIZADA,CAXANGÁ,AV CAXANGA,Não informado,SOBRE A PONTE MARECHAL CASTELO BRANCO,CAXANGÁ,CIDADE,COLISÃO TRASEIRA,Não informado,1.0,1.0,0.0,0.0,0.0,0.0,0.0,0.0,0.0,1.0,0.0,Ponte,Bom,Sem defeito,Perfeito estado,Seca,Perfeito estado,Não informado,R-32,60.0,Dupla,Faixa seccionada,Não informado,2021,8,26,3,13.0
2021-08-26,15:04:00,COM VÍTIMA,FINALIZADA,BOA VIAGEM,AV MARECHAL JUAREZ TAVORA,Não informado,EM FRETE A CONSTRUTORA SANTO ANTONIO,BOA VIAGEM,SUBURBIO,COLISÃO TRASEIRA,Não informado,0.0,1.0,0.0,0.0,0.0,0.0,1.0,0.0,0.0,1.0,0.0,Longo da via,Bom,Não existe,Perfeito estado,Seca,Perfeito estado,Não existe,R-19,40.0,Dupla,Canal,Não informado,2021,8,26,3,15.0
2021-08-26,16:21:00,COM VÍTIMA,FINALIZADA,SANTO ANTÔNIO,PTE PRINCESA IZABEL,RUA DO SOL,EM FRENTE AO TEATRO PRINCESA IZABEL,SANTO ANTÔNIO,Não informado,QUEDA,Não informado,0.0,1.0,0.0,0.0,0.0,0.0,0.0,0.0,0.0,1.0,0.0,Esquina,Bom,Não existe,Perfeito estado,Seca,Perfeito estado,Não existe,Outras,60.0,Única,Não existe,Não informado,2021,8,26,3,16.0
2021-08-27,08:00:00,COM VÍTIMA,FINALIZADA,ENCRUZILHADA,AV NORTE MIGUEL ARRAES DE ALENCAR,Não informado,LADO OPOSTO AO T2 AUTOS,ENCRUZILHADA,CIDADE,ATROPELAMENTO DE PESSOA,Não informado,0.0,1.0,0.0,0.0,1.0,0.0,0.0,0.0,0.0,2.0,0.0,Longo da via,Bom,Não existe,Perfeito estado,Seca,Mal conservada,Outros,Outras,60.0,Dupla,Faixa seccionada,Não informado,2021,8,27,4,8.0
2021-08-27,09:12:00,COM VÍTIMA,CANCELADA,DERBY,Não informado,Não informado,EM FRENTE O COLÉGIO MILITAR,DERBY,Não informado,COLISÃO TRANSVERSAL,Não informado,2.0,0.0,0.0,0.0,0.0,0.0,0.0,0.0,0.0,1.0,0.0,Não informado,Não informado,Não informado,Não informado,Não informado,Não informado,Não informado,Não informado,60.0,Não informado,Não informado,Não informado,2021,8,27,4,9.0
2021-08-27,12:37:00,COM VÍTIMA,FINALIZADA,DOIS IRMÃOS,RUA DOIS IRMAOS,Não informado,EM FRENTE AO VIADUTO DA BR 101,DOIS IRMÃOS,CIDADE,CHOQUE,Não informado,0.0,1.0,0.0,0.0,0.0,0.0,0.0,0.0,0.0,1.0,0.0,Outros,Bom,Com defeito,Perfeito estado,Seca,Perfeito estado,Faixa de retenção,Não há placas,60.0,Dupla,Faixa seccionada,Não informado,2021,8,27,4,12.0
2021-08-27,14:41:00,SEM VÍTIMA,FINALIZADA,ILHA DO RETIRO,RUA SPORT CLUBE DO RECIFE,Não informado,SOB SEM. 355,ILHA DO RETIRO,CIDADE,Não informado,Não informado,1.0,0.0,0.0,0.0,0.0,0.0,0.0,1.0,0.0,0.0,0.0,Longo da via,Bom,Sem defeito,Perfeito estado,Seca,Perfeito estado,Não existe,Não há placas,60.0,Dupla,Canteiro central,Não informado,2021,8,27,4,14.0
2021-08-27,15:22:00,COM VÍTIMA,FINALIZADA,IMBIRIBEIRA,AV MARECHAL MASCARENHAS DE MORAES,Não informado,EM FRENTE A FACULDADE UNIVERSO,IMBIRIBEIRA,SUBURBIO,COLISÃO TRASEIRA,Não informado,2.0,0.0,0.0,0.0,0.0,0.0,0.0,0.0,0.0,1.0,0.0,Longo da via,Bom,Sem defeito,Perfeito estado,Seca,Perfeito estado,Faixa de pedestre,Não há placas,60.0,Dupla,Canteiro central,Não informado,2021,8,27,4,15.0
2021-08-27,19:49:00,VÍTIMA FATAL,FINALIZADA,SANTO AMARO,RUA DOS PALMARES,RUA DO POMBAL,PRÓX AO COMANDO DA GUARDA,SANTO AMARO,SUBURBIO,COLISÃO COM CICLISTA,Não informado,0.0,1.0,0.0,1.0,0.0,0.0,0.0,0.0,0.0,1.0,1.0,Cruzamento,Bom,Não existe,Perfeito estado,Seca,Perfeito estado,Faixa de pedestre,Não há placas,60.0,Única,Faixa seccionada,Não informado,2021,8,27,4,19.0
2021-08-28,08:16:00,COM VÍTIMA,FINALIZADA,IPSEP,RUA POTENGY,RUA JEAN EMILE FAVRE,EM FRENTE A FARMÁCIA DIARIMENTE,IPSEP,CIDADE,COLISÃO TRANSVERSAL,Não informado,1.0,1.0,0.0,0.0,0.0,0.0,0.0,0.0,0.0,1.0,0.0,Longo da via,Bom,Sem defeito,Perfeito estado,Seca,Perfeito estado,Não existe,Não informado,40.0,Única,Faixa seccionada,Não informado,2021,8,28,5,8.0
2021-08-28,08:46:00,COM VÍTIMA,FINALIZADA,PRADO,RUA PADRE TEOFILO TWORZ,RUA SANTA EDWIRGES,EM FRENTE A IGREJA PRESBITERIANA DO CORDEIRO,PRADO,CIDADE,COLISÃO LATERAL,Não informado,1.0,1.0,0.0,0.0,0.0,0.0,0.0,0.0,0.0,1.0,0.0,Cruzamento,Bom,Não existe,Não informado,Seca,Perfeito estado,Faixa de pedestre,Não há placas,60.0,Não informado,Não informado,Não informado,2021,8,28,5,8.0
2021-08-28,18:57:00,SEM VÍTIMA,CANCELADA,DOIS IRMÃOS,RUA DOIS IRMAOS,Não informado,EM BAIXO DO VIADUTO DA BR 101,DOIS IRMÃOS,Não informado,COLISÃO LATERAL,Não informado,2.0,0.0,0.0,0.0,0.0,0.0,0.0,0.0,0.0,0.0,0.0,Não informado,Não informado,Não informado,Não informado,Não informado,Não informado,Não informado,Não informado,60.0,Não informado,Não informado,Não informado,2021,8,28,5,18.0
2021-08-28,20:56:00,VÍTIMA FATAL,FINALIZADA,APIPUCOS,RUA DE APIPUCOS,Não informado,E/F AO BATALHAO PMPE 11,APIPUCOS,SUBURBIO,CHOQUE,Não informado,0.0,1.0,0.0,0.0,0.0,0.0,0.0,0.0,0.0,0.0,1.0,Longo da via,Bom,Sem defeito,Ilegível,Seca,Mal conservada,Faixa de pedestre,Outras,60.0,Dupla,Faixa contínua,Não informado,2021,8,28,5,20.0
2021-08-29,19:00:00,COM VÍTIMA,FINALIZADA,BOA VIAGEM,AV BOA VIAGEM,Não informado,PRIMEIRO JARDIM,BOA VIAGEM,CIDADE,COLISÃO TRASEIRA,Não informado,1.0,1.0,0.0,0.0,0.0,0.0,0.0,0.0,0.0,2.0,0.0,Longo da via,Bom,Não existe,Perfeito estado,Seca,Perfeito estado,Não informado,Não há placas,60.0,Única,Faixa seccionada,Não informado,2021,8,29,6,19.0
2021-08-29,19:42:00,SEM VÍTIMA,FINALIZADA,BOA VIAGEM,AV BOA VIAGEM,Não informado,EM FRENTE AO HOTEL GOLDEN PARK,BOA VIAGEM,CIDADE,COLISÃO TRASEIRA,Não informado,2.0,0.0,0.0,0.0,0.0,0.0,0.0,0.0,0.0,0.0,0.0,Longo da via,Bom,Não existe,Perfeito estado,Seca,Perfeito estado,Não existe,Não informado,60.0,Única,Faixa seccionada,Não informado,2021,8,29,6,19.0
2021-08-30,12:58:00,COM VÍTIMA,FINALIZADA,CAXANGÁ,RUA MINISTRO JOAO ALBERTO,RUA ALCIDES CODECEIRA,PRÓX AO ATACADÃO.,CAXANGÁ,SUBURBIO,CAPOTAMENTO,Não informado,1.0,0.0,0.0,0.0,0.0,0.0,0.0,0.0,0.0,1.0,0.0,Longo da via,Bom,Não existe,Perfeito estado,Seca,Perfeito estado,Não existe,Não há placas,40.0,Dupla,Faixa seccionada,Não informado,2021,8,30,0,12.0
2021-08-30,14:08:00,COM VÍTIMA,FINALIZADA,GRAÇAS,RUA JOAQUIM NABUCO,Não informado,LADO OPOSTO AO N°92,GRAÇAS,SUBURBIO,COLISÃO TRASEIRA,Não informado,1.0,1.0,0.0,0.0,0.0,0.0,0.0,0.0,0.0,1.0,0.0,Longo da via,Bom,Não existe,Perfeito estado,Seca,Perfeito estado,Faixa de pedestre,R-6a,40.0,Única,Faixa seccionada,Não informado,2021,8,30,0,14.0
2021-08-30,15:10:00,COM VÍTIMA,FINALIZADA,BOA VISTA,RUA GERVASIO PIRES,Não informado,EDIFICIO CAROLENA,BOA VISTA,SUBURBIO,ATROPELAMENTO DE PESSOA,Não informado,0.0,0.0,0.0,0.0,1.0,0.0,1.0,0.0,0.0,1.0,0.0,Longo da via,Bom,Sem defeito,Perfeito estado,Seca,Perfeito estado,Faixa de pedestre,R-6a,60.0,Única,Faixa seccionada,Não informado,2021,8,30,0,15.0