data,hora,natureza_acidente,situacao,bairro,endereco,detalhe_endereco_acidente,complemento,bairro_cruzamento,sentido_via,tipo,descricao,auto,moto,ciclom,ciclista,pedestre,onibus,caminhao,viatura,outros,vitimas,vitimasfatais,acidente_verificado,tempo_clima,situacao_semaforo,sinalizacao,condicao_via,conservacao_via,ponto_controle,situacao_placa,velocidade_max_via,mao_direcao,divisao_via1,natureza,ano,mes,dia,dia_semana,hora_ocorrencia
2021-08-30,15:39:00,COM VÍTIMA,FINALIZADA,MADALENA,RUA RICARDO SALAZAR,Não informado,EM FRENTE AO EDIFÍCIO DESEMBARGADOR,MADALENA,SUBURBIO,CHOQUE,Não informado,1.0,0.0,0.0,0.0,0.0,0.0,0.0,0.0,0.0,1.0,0.0,Longo da via,Bom,Não existe,Incompleta,Seca,Perfeito estado,Não existe,Não há placas,60.0,Única,Canal,Não informado,2021,8,30,0,15.0
2021-08-30,17:26:00,COM VÍTIMA,FINALIZADA,PINA,AV ENGENHEIRO DOMINGOS FERREIRA,Não informado,LADO OPOSTO AO N° 40,PINA,SUBURBIO,ATROPELAMENTO DE PESSOA,Não informado,0.0,1.0,0.0,0.0,2.0,0.0,0.0,0.0,0.0,3.0,0.0,Longo da via,Bom,Não existe,Perfeito estado,Seca,Perfeito estado,Não existe,Não há placas,60.0,Única,Faixa seccionada,Não informado,2021,8,30,0,17.0
2021-08-30,17:36:00,COM VÍTIMA,FINALIZADA,VÁRZEA,RUA EMILIANO BRAGA,RUA PROFESSOR ANTONIO COELHO,TERMINAL DE ONIBUS DA CDU,VÁRZEA,SUBURBIO,COLISÃO LATERAL,Não informado,0.0,2.0,0.0,0.0,0.0,0.0,0.0,0.0,0.0,1.0,0.0,Cruzamento,Bom,Não existe,Perfeito estado,Seca,Perfeito estado,Não existe,"Placas ""Pare""",40.0,Única,Faixa contínua,Não informado,2021,8,30,0,17.0
2021-08-30,17:57:00,COM VÍTIMA,FINALIZADA,SÃO JOSÉ,AV N S DO CARMO,Não informado,EM FRENTE AO IMPERIO DAS CAPAS E A LUCIANA NOIVAS,SÃO JOSÉ,CIDADE,COLISÃO COM CICLISTA,Não informado,0.0,1.0,0.0,1.0,0.0,0.0,0.0,0.0,0.0,1.0,0.0,Longo da via,Bom,Sem defeito,Perfeito estado,Seca,Perfeito estado,Não existe,Outras,40.0,Dupla,Faixa contínua,Não informado,2021,8,30,0,17.0
2021-08-30,20:12:00,COM VÍTIMA,FINALIZADA,MACAXEIRA,AV NORTE MIGUEL ARRAES DE ALENCAR,Não informado,E/F AO ANTIGO TERMINAL DA MACAXEIRA,MACAXEIRA,SUBURBIO,COLISÃO LATERAL,Não informado,0.0,2.0,0.0,0.0,0.0,0.0,0.0,0.0,0.0,3.0,0.0,Não informado,Não informado,Não informado,Não informado,Não informado,Não informado,Não informado,Não informado,60.0,Não informado,Não informado,Não informado,2021,8,30,0,20.0
2021-08-31,10:08:00,COM VÍTIMA,FINALIZADA,SANTO AMARO,AV CRUZ CABUGA,Não informado,NA FRENTE DA CASA DA INDUSTRIA,SANTO AMARO,SUBURBIO,ATROPELAMENTO DE PESSOA,Não informado,0.0,1.0,0.0,0.0,1.0,0.0,0.0,0.0,0.0,1.0,0.0,Longo da via,Bom,Sem defeito,Perfeito estado,Seca,Perfeito estado,Agente,Não há placas,60.0,Dupla,Faixa contínua,Não informado,2021,8,31,1,10.0
2021-08-31,10:15:00,COM VÍTIMA,FINALIZADA,IPUTINGA,AV CAXANGA,Não informado,E/F AO RESTAURANTE MASSARELA,IPUTINGA,CIDADE,COLISÃO LATERAL,Não informado,1.0,1.0,0.0,0.0,0.0,0.0,0.0,0.0,0.0,1.0,0.0,Longo da via,Bom,Não existe,Perfeito estado,Seca,Perfeito estado,Não existe,Não há placas,60.0,Dupla,Canteiro central,Não informado,2021,8,31,1,10.0
2021-08-31,11:54:00,COM VÍTIMA,CANCELADA,ARRUDA,RUA RAMIZ GALVAO,RUA JOAO LIBERATO,PRÓX À IGREJA DE CRISTO COMUNIDADE NO ARRUDA - ICCA,ARRUDA,Não informado,COLISÃO LATERAL,Não informado,1.0,0.0,0.0,0.0,0.0,0.0,1.0,0.0,0.0,1.0,0.0,Não informado,Não informado,Não informado,Não informado,Não informado,Não informado,Não informado,Não informado,60.0,Não informado,Não informado,Não informado,2021,8,31,1,11.0
2021-08-31,14:49:00,COM VÍTIMA,FINALIZADA,PRADO,RUA GOMES TABORDA,RUA FIDELIS MOLITERNO,EM FRENTE AO LÉO CHOPP PRADO,PRADO,CIDADE,COLISÃO LATERAL,Não informado,1.0,1.0,0.0,0.0,0.0,0.0,0.0,0.0,0.0,1.0,0.0,Cruzamento,Bom,Não existe,Ilegível,Seca,Perfeito estado,Não existe,Outras,40.0,Dupla,Faixa seccionada,Não informado,2021,8,31,1,14.0
2021-08-31,15:13:00,SEM VÍTIMA,FINALIZADA,PINA,RUA COMENDADOR MORAES,Não informado,POSTO DE POLICIAMENTO 19º BPMPE,PINA,SUBURBIO,Não informado,Não informado,0.0,1.0,0.0,0.0,0.0,0.0,0.0,1.0,0.0,0.0,0.0,Longo da via,Bom,Não existe,Perfeito estado,Seca,Perfeito estado,Faixa de pedestre,Não há placas,60.0,Única,Não existe,Não informado,2021,8,31,1,15.0
2021-08-31,15:30:00,COM VÍTIMA,FINALIZADA,MADALENA,RUA REAL DA TORRE,Não informado,EM FRENTE AO LOJA DO CONDOMÍNIO,MADALENA,CIDADE,COLISÃO LATERAL,Não informado,1.0,1.0,0.0,0.0,0.0,0.0,0.0,0.0,0.0,1.0,0.0,Longo da via,Bom,Não existe,Perfeito estado,Seca,Perfeito estado,Não existe,Não há placas,60.0,Única,Faixa seccionada,Não informado,2021,8,31,1,15.0
2021-08-31,19:30:00,SEM VÍTIMA,FINALIZADA,SANTO AMARO,RUA DOS PALMARES,Não informado,SEMÁFORO 526,SANTO AMARO,SUBURBIO,COLISÃO TRASEIRA,Não informado,2.0,0.0,0.0,0.0,0.0,0.0,0.0,0.0,0.0,0.0,0.0,Longo da via,Chuvoso,Sem defeito,Perfeito estado,Molhada,Perfeito estado,Faixa de pedestre,Não informado,60.0,Única,Não informado,Não informado,2021,8,31,1,19.0
2021-09-01,09:28:00,COM VÍTIMA,FINALIZADA,HIPÓDROMO,EST DE BELEM,Não informado,PROX  A CASA DO BOLO,HIPÓDROMO,SUBURBIO,QUEDA,Não informado,0.0,0.0,0.0,0.0,0.0,0.0,0.0,0.0,0.0,1.0,0.0,Longo da via,Bom,Não existe,Perfeito estado,Seca,Perfeito estado,Não existe,Outras,50.0,Dupla,Faixa seccionada,Não informado,2021,9,1,2,9.0
2021-09-01,09:28:00,COM VÍTIMA,FINALIZADA,TOTÓ,AV LIBERDADE,Não informado,AO LADO DA OFICINA FERREIRA MOTO PEÇAS,TOTÓ,SUBURBIO,COLISÃO LATERAL,Não informado,1.0,1.0,0.0,0.0,0.0,0.0,0.0,0.0,0.0,1.0,0.0,Longo da via,Bom,Não existe,Perfeito estado,Seca,Perfeito estado,Faixa de pedestre,Outras,30.0,Dupla,Faixa contínua,Não informado,2021,9,1,2,9.0
2021-09-01,09:32:00,SEM VÍTIMA,FINALIZADA,SÃO JOSÉ,C SANTA RITA,Não informado,COLISÃO  COM VEICULO OFICIAL,SÃO JOSÉ,Não informado,COLISÃO LATERAL,Não informado,0.0,0.0,0.0,0.0,0.0,0.0,0.0,1.0,0.0,0.0,0.0,Não informado,Não informado,Não informado,Não informado,Não informado,Não informado,Não informado,Não informado,60.0,Não informado,Não informado,Não informado,2021,9,1,2,9.0
2021-09-01,10:14:00,COM VÍTIMA,FINALIZADA,MADALENA,AV BEIRA RIO,Não informado,EM FRENTE AO EDF. VILA BEIRA RIO,MADALENA,CIDADE,COLISÃO LATERAL,Não informado,1.0,1.0,0.0,0.0,0.0,0.0,0.0,0.0,0.0,1.0,0.0,Longo da via,Bom,Não existe,Incompleta,Seca,Perfeito estado,Não informado,Não há placas,60.0,Não informado,Não informado,Não informado,2021,9,1,2,10.0
2021-09-01,14:37:00,COM VÍTIMA,FINALIZADA,PRADO,AV ENGENHEIRO ABDIAS DE CARVALHO,RUA SANTA EDWIRGES,BOSCH CAR SERVICE,PRADO,CIDADE,COLISÃO TRASEIRA,Não informado,1.0,1.0,0.0,0.0,0.0,0.0,0.0,0.0,0.0,1.0,0.0,Longo da via,Bom,Sem defeito,Perfeito estado,Seca,Perfeito estado,Não existe,Não há placas,60.0,Única,Faixa contínua,Não informado,2021,9,1,2,14.0
2021-09-01,15:16:00,COM VÍTIMA,CANCELADA,BOA VIAGEM,RUA JOAO CARDOSO AIRES,Não informado,E/F AO RESTAURANTE DO BAMBAM GRILL,BOA VIAGEM,Não informado,COLISÃO FRONTAL,Não informado,1.0,1.0,0.0,0.0,0.0,0.0,0.0,0.0,0.0,1.0,0.0,Não informado,Não informado,Não informado,Não informado,Não informado,Não informado,Não informado,Não informado,60.0,Não informado,Não informado,Não informado,2021,9,1,2,15.0
2021-09-01,15:33:00,COM VÍTIMA,FINALIZADA,VASCO DA GAMA,RUA ALTO NOVO MUNDO,RUA VASCO DA GAMA,RUA EM FRENTE AO MERCADINHO LAYS,VASCO DA GAMA,SUBURBIO,COLISÃO LATERAL,Não informado,1.0,1.0,0.0,0.0,0.0,0.0,0.0,0.0,0.0,1.0,0.0,Longo da via,Bom,Não existe,Não existente,Seca,Perfeito estado,Não existe,Não há placas,30.0,Dupla,Não existe,Não informado,2021,9,1,2,15.0
2021-09-01,16:22:00,SEM VÍTIMA,FINALIZADA,CORDEIRO,AV GENERAL SAN MARTIN,Não informado,EM FRENTE AOS CORREIOS,CORDEIRO,CIDADE,Não informado,Não informado,1.0,0.0,0.0,0.0,0.0,0.0,0.0,0.0,2.0,0.0,0.0,Longo da via,Bom,Não existe,Ilegível,Seca,Perfeito estado,Não existe,Não há placas,60.0,Dupla,Faixa contínua,Não informado,2021,9,1,2,16.0
2021-09-01,17:06:00,COM VÍTIMA,FINALIZADA,BOA VIAGEM,RUA PADRE CARAPUCEIRO,Não informado,EM FRENTE A LOJA CEA,BOA VIAGEM,Não informado,COLISÃO TRASEIRA,Não informado,2.0,0.0,0.0,0.0,0.0,0.0,0.0,0.0,0.0,1.0,0.0,Longo da via,Bom,Não existe,Perfeito estado,Seca,Perfeito estado,Não existe,"Placas ""Pare""",60.0,Única,Não existe,Não informado,2021,9,1,2,17.0
2021-09-01,18:41:00,COM VÍTIMA,FINALIZADA,IPSEP,RUA ALVARO MOREYRA,AV RAIMUNDO DINIZ,PRÓX A DELEGACIA DO IPSEP E ESCOLA LAURO DINIZ,IPSEP,CIDADE,COLISÃO LATERAL,Não informado,1.0,1.0,0.0,0.0,0.0,0.0,0.0,0.0,0.0,1.0,0.0,Cruzamento,Bom,Não existe,Perfeito estado,Seca,Perfeito estado,Não existe,Outras,60.0,Dupla,Faixa seccionada,Não informado,2021,9,1,2,18.0
2021-09-02,08:33:00,COM VÍTIMA,FINALIZADA,SÃO JOSÉ,VDO PAPA JOAO PAULO II,Não informado,AÇAI DA DESCIDA DO VIADUTO,SÃO JOSÉ,BOA VIAGEM,COLISÃO COM CICLISTA,Não informado,0.0,0.0,0.0,1.0,0.0,0.0,0.0,0.0,0.0,1.0,0.0,Longo da via,Bom,Não existe,Perfeito estado,Seca,Perfeito estado,Não existe,Não há placas,60.0,Única,Faixa seccionada,Não informado,2021,9,2,3,8.0
2021-09-02,08:54:00,COM VÍTIMA,FINALIZADA,PAISSANDU,AV GOVERNADOR AGAMENON MAGALHAES,Não informado,EM FRENTE AO N° 4318,PAISSANDU,BOA VIAGEM,ATROPELAMENTO DE PESSOA,Não informado,0.0,1.0,0.0,0.0,2.0,0.0,0.0,0.0,0.0,2.0,0.0,Longo da via,Bom,Sem defeito,Perfeito estado,Seca,Perfeito estado,Agente,Não há placas,60.0,Dupla,Canteiro central,Não informado,2021,9,2,3,8.0
2021-09-02,09:38:00,COM VÍTIMA,DUPLICIDADE,PAISSANDU,AV GOVERNADOR AGAMENON MAGALHAES,Não informado,"EM FRENTE O EMPRESARIAL RENATO DIAS, SENTIDO JOANA BEZERRA",PAISSANDU,SUBURBIO,ATROPELAMENTO DE PESSOA,Não informado,0.0,1.0,0.0,0.0,2.0,0.0,0.0,0.0,0.0,2.0,0.0,Não informado,Não informado,Não informado,Não informado,Não informado,Não informado,Não informado,Não informado,60.0,Não informado,Não informado,Não informado,2021,9,2,3,9.0
2021-09-02,10:14:00,COM VÍTIMA,FINALIZADA,JIQUIÁ,AV DR JOSE RUFINO,Não informado,POSTO DE COMBUSTÍVEL PETROISA,JIQUIÁ,SUBURBIO,COLISÃO TRASEIRA,Não informado,0.0,1.0,0.0,0.0,0.0,0.0,1.0,0.0,0.0,1.0,0.0,Longo da via,Bom,Não existe,Perfeito estado,Seca,Perfeito estado,Não existe,Não há placas,60.0,Dupla,Não existe,Não informado,2021,9,2,3,10.0
2021-09-02,15:22:00,COM VÍTIMA,FINALIZADA,PINA,PRC GOVERNADOR PAULO GUERRA,Não informado,S/T  CID E/F AO IATE CLUBE DO RECIFE  NA DESCIDA DA PONTE DO PINA,PINA,CIDADE,COLISÃO TRASEIRA,Não informado,0.0,2.0,0.0,0.0,0.0,0.0,0.0,0.0,0.0,2.0,0.0,Outros,Bom,Não existe,Perfeito estado,Seca,Perfeito estado,Não existe,Outras,60.0,Única,Faixa seccionada,Não informado,2021,9,2,3,15.0
2021-09-03,08:21:00,COM VÍTIMA,FINALIZADA,IPSEP,AV RECIFE,Não informado,LADO OPOSTO AO N° 3033,IPSEP,CIDADE,COLISÃO TRASEIRA,Não informado,1.0,1.0,0.0,0.0,0.0,0.0,0.0,0.0,0.0,1.0,0.0,Longo da via,Bom,Não existe,Perfeito estado,Seca,Perfeito estado,Não informado,Não informado,60.0,Não informado,Não informado,Não informado,2021,9,3,4,8.0
2021-09-03,12:29:00,COM VÍTIMA,FINALIZADA,TORRE,AV PROFESSOR ESTEVAO FRANCISCO DA COSTA,RUA 10 DE NOVEMBRO,NO SEMÁFORO 280,TORRE,Não informado,COLISÃO FRONTAL,Não informado,1.0,1.0,0.0,0.0,0.0,0.0,0.0,0.0,0.0,1.0,0.0,Cruzamento,Bom,Sem defeito,Perfeito estado,Seca,Perfeito estado,Faixa de pedestre,Outras,60.0,Única,Não informado,Não informado,2021,9,3,4,12.0
2021-09-03,12:31:00,SEM VÍTIMA,FINALIZADA,BOA VIAGEM,AV ANTONIO TORRES GALVAO,AV ANTONIO TORRES GALVAO,PROXIMO A FORD,BOA VIAGEM,Não informado,COLISÃO TRASEIRA,Não informado,0.0,0.0,0.0,0.0,0.0,0.0,0.0,0.0,0.0,0.0,0.0,Não informado,Não informado,Não informado,Não informado,Não informado,Não informado,Não informado,Não informado,60.0,Não informado,Não informado,Não informado,2021,9,3,4,12.0
2021-09-03,12:36:00,COM VÍTIMA,FINALIZADA,TAMARINEIRA,RUA JUNDIA,Não informado,AO LADO DA FERREIRA COSTA,TAMARINEIRA,SUBURBIO,COLISÃO LATERAL,Não informado,0.0,2.0,0.0,0.0,0.0,0.0,0.0,0.0,0.0,2.0,0.0,Longo da via,Bom,Não existe,Perfeito estado,Seca,Perfeito estado,Não existe,Não há placas,30.0,Dupla,Faixa seccionada,Não informado,2021,9,3,4,12.0
2021-09-03,14:18:00,COM VÍTIMA,FINALIZADA,MADALENA,AV BEIRA RIO,Não informado,EM FRENTE AO EDIFICIO IARUGA,MADALENA,CIDADE,COLISÃO LATERAL,Não informado,1.0,1.0,0.0,0.0,0.0,0.0,0.0,0.0,0.0,1.0,0.0,Longo da via,Bom,Sem defeito,Perfeito estado,Seca,Perfeito estado,Não existe,Não informado,60.0,Dupla,Faixa contínua,Não informado,2021,9,3,4,14.0
2021-09-03,15:02:00,COM VÍTIMA,FINALIZADA,IPUTINGA,AV MAURICIO DE NASSAU,RUA ENGENHEIRO MOACYR PARAHYBA,AUTO FILME,IPUTINGA,Não informado,COLISÃO LATERAL,Não informado,1.0,1.0,0.0,0.0,0.0,0.0,0.0,0.0,0.0,1.0,0.0,Longo da via,Bom,Não informado,Perfeito estado,Seca,Perfeito estado,Não existe,Não há placas,60.0,Dupla,Faixa contínua,Não informado,2021,9,3,4,15.0
2021-09-03,16:08:00,COM VÍTIMA,FINALIZADA,MADALENA,RUA REAL DA TORRE,RUA QUINZE DE NOVEMBRO,NA ENTRADA DO TÚNEL DA ABOLIÇÃO,MADALENA,SUBURBIO,CHOQUE,Não informado,1.0,0.0,0.0,0.0,0.0,0.0,0.0,0.0,0.0,1.0,0.0,Longo da via,Bom,Sem defeito,Perfeito estado,Seca,Perfeito estado,Faixa de pedestre,Não há placas,60.0,Única,Faixa seccionada,Não informado,2021,9,3,4,16.0
2021-09-03,19:21:00,COM VÍTIMA,FINALIZADA,PINA,PTE GOVERNADOR PAULO GUERRA,Não informado,PROX A ENTRADA DO RIO MAR,PINA,SUBURBIO,COLISÃO FRONTAL,Não informado,1.0,1.0,0.0,0.0,0.0,0.0,0.0,0.0,0.0,1.0,0.0,Viaduto,Bom,Não existe,Perfeito estado,Seca,Perfeito estado,Não existe,Outras,60.0,Única,Faixa seccionada,Não informado,2021,9,3,4,19.0
2021-09-04,13:40:00,COM VÍTIMA,FINALIZADA,IMBIRIBEIRA,AV MARECHAL MASCARENHAS DE MORAES,Não informado,ENFRENTE A TUPAN,IMBIRIBEIRA,CIDADE,COLISÃO LATERAL,Não informado,1.0,1.0,0.0,0.0,0.0,0.0,0.0,0.0,0.0,1.0,0.0,Longo da via,Bom,Sem defeito,Perfeito estado,Seca,Perfeito estado,Não existe,Outras,60.0,Única,Faixa contínua,Não informado,2021,9,4,5,13.0
2021-09-04,17:26:00,COM VÍTIMA,FINALIZADA,CASA AMARELA,RUA VISCONDE DE TAUNAY,RUA XAVANTES,POR TRAS DO SUPERMERCADO CANELA DE CASA AMARELA,CASA AMARELA,Não informado,COLISÃO LATERAL,Não informado,1.0,1.0,0.0,0.0,0.0,0.0,0.0,0.0,0.0,1.0,0.0,Longo da via,Bom,Não existe,Perfeito estado,Seca,Perfeito estado,Faixa de retenção,"Placas ""Pare""",60.0,Dupla,Não existe,Não informado,2021,9,4,5,17.0
2021-09-05,09:33:00,COM VÍTIMA,FINALIZADA,IBURA,RUA VALE DO ITAJAI,RUA DR OTAVIO DE MORAES VASCONCELOS,EM FRENTE AO NÚMERO 137,IBURA,DUPLO,COLISÃO LATERAL,Não informado,1.0,1.0,0.0,0.0,0.0,0.0,0.0,0.0,0.0,1.0,0.0,Cruzamento,Chuvoso,Não existe,Não existente,Molhada,Perfeito estado,Não existe,Não há placas,40.0,Dupla,Não existe,Não informado,2021,9,5,6,9.0
2021-09-05,10:24:00,COM VÍTIMA,FINALIZADA,JARDIM SÃO PAULO,RUA LEANDRO BARRETO,RUA LORENA,PROXIMO A ACADEMIA WM MOV,JARDIM SÃO PAULO,CIDADE,COLISÃO TRANSVERSAL,Não informado,1.0,1.0,0.0,0.0,0.0,0.0,0.0,0.0,0.0,1.0,0.0,Longo da via,Chuvoso,Não existe,Não existente,Molhada,Mal conservada,Não existe,Não há placas,60.0,Dupla,Não existe,Não informado,2021,9,5,6,10.0
2021-09-05,11:49:00,COM VÍTIMA,FINALIZADA,JARDIM SÃO PAULO,RUA LEANDRO BARRETO,Não informado,EM FRENTE AO MERCADINHO SUPER BOM,JARDIM SÃO PAULO,CIDADE,ATROPELAMENTO DE PESSOA,Não informado,0.0,0.0,0.0,0.0,1.0,1.0,0.0,0.0,0.0,1.0,0.0,Longo da via,Bom,Sem defeito,Incompleta,Seca,Não informado,Faixa de pedestre,Não há placas,60.0,Dupla,Não existe,Não informado,2021,9,5,6,11.0
2021-09-05,14:11:00,COM VÍTIMA,FINALIZADA,PORTO DA MADEIRA,RUA RIO BEBERIBE,RUA DALVA DE OLIVEIRA,PROXIMO AO SEST SANAT,PORTO DA MADEIRA,SUBURBIO,COLISÃO FRONTAL,Não informado,1.0,1.0,0.0,0.0,0.0,0.0,0.0,0.0,0.0,1.0,0.0,Cruzamento,Bom,Não existe,Não existente,Seca,Perfeito estado,Não existe,"Placas ""Pare""",60.0,Dupla,Outros,Não informado,2021,9,5,6,14.0
2021-09-05,16:50:00,COM VÍTIMA,FINALIZADA,VÁRZEA,AV CAXANGA,Não informado,EM FRENTE A IGREJA BATISTA MISSIONARIA/ SENTIDO CAMARAGIBE,VÁRZEA,SUBURBIO,COLISÃO LATERAL,Não informado,1.0,1.0,0.0,0.0,0.0,0.0,0.0,0.0,0.0,1.0,0.0,Longo da via,Bom,Sem defeito,Perfeito estado,Seca,Perfeito estado,Não existe,Não há placas,60.0,Única,Não existe,Não informado,2021,9,5,6,16.0
2021-09-05,23:10:40,COM VÍTIMA,CANCELADA,IPUTINGA,AV MAURICIO DE NASSAU,Não informado,ENTRE O PARQUE DO CAIARA  E LOMBADA ELETRONICA,IPUTINGA,Não informado,COLISÃO TRASEIRA,Não informado,1.0,1.0,0.0,0.0,0.0,0.0,0.0,0.0,0.0,1.0,0.0,Não informado,Não informado,Não informado,Não informado,Não informado,Não informado,Não informado,Não informado,60.0,Não informado,Não informado,Não informado,2021,9,5,6,23.0
2021-09-06,06:54:00,COM VÍTIMA,FINALIZADA,MONTEIRO,RUA DE APIPUCOS,Não informado,RESERVA APIPUCOS,MONTEIRO,SUBURBIO,COLISÃO TRANSVERSAL,Não informado,2.0,1.0,0.0,0.0,0.0,0.0,0.0,0.0,0.0,1.0,0.0,Longo da via,Bom,Não existe,Perfeito estado,Seca,Perfeito estado,Não existe,Não há placas,60.0,Dupla,Faixa contínua,Não informado,2021,9,6,0,6.0
2021-09-06,08:24:00,COM VÍTIMA,FINALIZADA,ÁGUA FRIA,AV BEBERIBE,Não informado,MERCADO DO ÓLEO,ÁGUA FRIA,DUPLO,COLISÃO TRANSVERSAL,Não informado,1.0,1.0,0.0,0.0,0.0,0.0,0.0,0.0,0.0,1.0,0.0,Longo da via,Bom,Não existe,Perfeito estado,Seca,Perfeito estado,Outros,Não há placas,60.0,Dupla,Faixa contínua,Não informado,2021,9,6,0,8.0
2021-09-06,10:42:00,COM VÍTIMA,FINALIZADA,PRADO,AV ENGENHEIRO ABDIAS DE CARVALHO,Não informado,EM FRENTE A ESTÁCIO,PRADO,CIDADE,COLISÃO TRASEIRA,Não informado,3.0,0.0,0.0,0.0,0.0,0.0,0.0,0.0,0.0,1.0,0.0,Longo da via,Bom,Sem defeito,Incompleta,Seca,Perfeito estado,Faixa de pedestre,Outras,60.0,Dupla,Canteiro central,Não informado,2021,9,6,0,10.0
2021-09-06,11:43:00,SEM VÍTIMA,CANCELADA,BOA VIAGEM,RUA PADRE BERNADINO PESSOA,Não informado,AO LADO DO RESTAURANTE ILHA DOS NAVEGANTES,BOA VIAGEM,Não informado,COLISÃO LATERAL,Não informado,2.0,0.0,0.0,0.0,0.0,0.0,0.0,0.0,0.0,0.0,0.0,Não informado,Não informado,Não informado,Não informado,Não informado,Não informado,Não informado,Não informado,60.0,Não informado,Não informado,Não informado,2021,9,6,0,11.0
2021-09-06,16:20:00,COM VÍTIMA,FINALIZADA,DERBY,AV GOVERNADOR AGAMENON MAGALHAES,RUA JOAQUIM NABUCO,EM FRENTE AO HOSPITAL DA RESTAURAÇÃO,DERBY,CIDADE,ATROPELAMENTO DE PESSOA,Não informado,1.0,0.0,0.0,0.0,1.0,0.0,0.0,0.0,0.0,1.0,0.0,Longo da via,Bom,Sem defeito,Perfeito estado,Seca,Perfeito estado,Faixa de pedestre,Outras,60.0,Dupla,Canal,Não informado,2021,9,6,0,16.0
2021-09-06,18:45:00,COM VÍTIMA,CANCELADA,BOA VIAGEM,AV ARMINDO MOURA,Não informado,E/F A PIZZARIA KAMILA,BOA VIAGEM,Não informado,COLISÃO FRONTAL,Não informado,1.0,1.0,0.0,0.0,0.0,0.0,0.0,0.0,0.0,1.0,0.0,Não informado,Não informado,Não informado,Não informado,Não informado,Não informado,Não informado,Não informado,60.0,Não informado,Não informado,Não informado,2021,9,6,0,18.0
2021-09-06,19:28:00,COM VÍTIMA,FINALIZADA,ÁGUA FRIA,AV BEBERIBE,Não informado,E/F A SELECTA ALIMENTOS,ÁGUA FRIA,SUBURBIO,COLISÃO COM CICLISTA,Não informado,0.0,0.0,0.0,1.0,0.0,1.0,0.0,0.0,0.0,1.0,0.0,Cruzamento,Bom,Sem defeito,Perfeito estado,Seca,Perfeito estado,Faixa de pedestre,R-6a,60.0,Dupla,Faixa contínua,Não informado,2021,9,6,0,19.0
2021-09-07,13:37:00,COM VÍTIMA,FINALIZADA,SÃO JOSÉ,AV MARTINS DE BARROS,C SANTA RITA,EM FRENTE AO TERMINAL INTEGRADO CAIS DE SANTA RITA,SÃO JOSÉ,CIDADE,COLISÃO COM CICLISTA,Não informado,1.0,0.0,0.0,1.0,0.0,0.0,0.0,0.0,0.0,1.0,0.0,Longo da via,Bom,Sem defeito,Perfeito estado,Seca,Perfeito estado,Faixa de pedestre,Não há placas,60.0,Dupla,Canteiro central,Não informado,2021,9,7,1,13.0
2021-09-07,17:26:00,COM VÍTIMA,FINALIZADA,VÁRZEA,AV PROFESSOR ARTUR DE SA,Não informado,E/F AO BAR DA KELLY,VÁRZEA,Não informado,COLISÃO LATERAL,Não informado,1.0,1.0,0.0,0.0,0.0,0.0,0.0,0.0,0.0,1.0,0.0,Longo da via,Bom,Não existe,Não existente,Seca,Perfeito estado,Não existe,Não há placas,60.0,Dupla,Faixa,Não informado,2021,9,7,1,17.0
2021-09-07,17:59:00,COM VÍTIMA,FINALIZADA,BOA VIAGEM,AV BOA VIAGEM,Não informado,EM FRENTE A PRACINHA DE BOA VIAGEM,BOA VIAGEM,CIDADE,COLISÃO LATERAL,Não informado,1.0,1.0,0.0,0.0,0.0,0.0,0.0,0.0,0.0,1.0,0.0,Longo da via,Bom,Não existe,Perfeito estado,Seca,Perfeito estado,Não informado,Não informado,60.0,Não informado,Não informado,Não informado,2021,9,7,1,17.0
2021-09-07,18:18:00,COM VÍTIMA,FINALIZADA,AREIAS,AV RECIFE,Não informado,LADO OPOSTO AO ATACADÃO,AREIAS,SUBURBIO,ATROPELAMENTO DE PESSOA,Não informado,1.0,0.0,0.0,0.0,1.0,0.0,0.0,0.0,0.0,1.0,0.0,Longo da via,Bom,Sem defeito,Perfeito estado,Seca,Perfeito estado,Não existe,Não há placas,60.0,Dupla,Faixa contínua,Não informado,2021,9,7,1,18.0
2021-09-07,22:29:40,COM VÍTIMA,FINALIZADA,BOA VIAGEM,AV ENGENHEIRO DOMINGOS FERREIRA,RUA PROFESSOR RUI BATISTA,E/F AO BANCO DO BRADESCO,BOA VIAGEM,SUBURBIO,COLISÃO TRASEIRA,Não informado,1.0,0.0,0.0,0.0,0.0,1.0,0.0,0.0,0.0,1.0,0.0,Longo da via,Bom,Sem defeito,Perfeito estado,Seca,Perfeito estado,Outros,Outras,60.0,Única,Faixa seccionada,Não informado,2021,9,7,1,22.0
2021-09-08,08:58:00,COM VÍTIMA,FINALIZADA,DOIS UNIDOS,AV HILDEBRANDO DE VASCONCELOS,RUA JOAO CAVALCANTI PETRIBU,EM FRENTE AO MERCADINHO DO GALEGO,DOIS UNIDOS,SUBURBIO,COLISÃO FRONTAL,Não informado,0.0,1.0,0.0,0.0,0.0,1.0,0.0,0.0,0.0,1.0,0.0,Cruzamento,Bom,Não existe,Incompleta,Molhada,Perfeito estado,Não existe,Outras,60.0,Dupla,Não existe,Não informado,2021,9,8,2,8.0