data,hora,natureza_acidente,situacao,bairro,endereco,detalhe_endereco_acidente,complemento,bairro_cruzamento,sentido_via,tipo,descricao,auto,moto,ciclom,ciclista,pedestre,onibus,caminhao,viatura,outros,vitimas,vitimasfatais,acidente_verificado,tempo_clima,situacao_semaforo,sinalizacao,condicao_via,conservacao_via,ponto_controle,situacao_placa,velocidade_max_via,mao_direcao,divisao_via1,natureza,ano,mes,dia,dia_semana,hora_ocorrencia
2021-09-08,14:28:00,COM VÍTIMA,FINALIZADA,BOA VIAGEM,AV CONSELHEIRO AGUIAR,RUA MAMANGUAPE,AO LADO DA FARMACIA DROGASIL,BOA VIAGEM,CIDADE,COLISÃO LATERAL,Não informado,1.0,1.0,0.0,0.0,0.0,0.0,0.0,0.0,0.0,1.0,0.0,Cruzamento,Bom,Não existe,Perfeito estado,Seca,Perfeito estado,Não informado,"Placas ""Pare""",60.0,Única,Faixa seccionada,Não informado,2021,9,8,2,14.0
2021-09-08,17:53:00,COM VÍTIMA,FINALIZADA,BOA VIAGEM,AVENIDA CELSO FURTADO (VIA MANGUE),Não informado,APÓS O SHOPPING RECIFE,BOA VIAGEM,CIDADE,COLISÃO TRASEIRA,Não informado,1.0,1.0,0.0,0.0,0.0,0.0,0.0,0.0,0.0,1.0,0.0,Longo da via,Bom,Não existe,Perfeito estado,Seca,Perfeito estado,Não existe,Não há placas,60.0,Única,Faixa seccionada,Não informado,2021,9,8,2,17.0
2021-09-09,08:19:00,COM VÍTIMA,FINALIZADA,MADALENA,RUA REAL DA TORRE,Não informado,EM FRENTE AO EDIFICIO MONT. GEMEVRE,MADALENA,Não informado,COLISÃO LATERAL,Não informado,1.0,1.0,0.0,0.0,0.0,0.0,0.0,0.0,0.0,1.0,0.0,Longo da via,Bom,Não existe,Perfeito estado,Seca,Perfeito estado,Não existe,R-6a,60.0,Única,Não existe,Não informado,2021,9,9,3,8.0
2021-09-09,09:00:00,COM VÍTIMA,FINALIZADA,AREIAS,AV RECIFE,Não informado,"EM FRENTE AO ATACADAO, LUNA RATTAN MÓVEIS",AREIAS,CIDADE,COLISÃO TRASEIRA,Não informado,4.0,0.0,0.0,0.0,0.0,0.0,0.0,0.0,0.0,1.0,0.0,Longo da via,Bom,Sem defeito,Não informado,Seca,Perfeito estado,Faixa de pedestre,Não há placas,60.0,Dupla,Canteiro central,Não informado,2021,9,9,3,9.0
2021-09-09,09:41:00,COM VÍTIMA,FINALIZADA,SANTANA,RUA JORGE GOMES DE SA,Não informado,PARQUE SANTANA,SANTANA,SUBURBIO,COLISÃO TRANSVERSAL,Não informado,1.0,1.0,0.0,0.0,0.0,0.0,0.0,0.0,0.0,1.0,0.0,Longo da via,Bom,Não existe,Incompleta,Seca,Perfeito estado,Não existe,Outras,60.0,Dupla,Não informado,Não informado,2021,9,9,3,9.0
2021-09-09,10:20:00,COM VÍTIMA,FINALIZADA,BOA VIAGEM,RUA DEZ DE JULHO,RUA CAMBOIM,E/F A MAISON CRISTAL,BOA VIAGEM,LOCAL,COLISÃO LATERAL,Não informado,1.0,1.0,0.0,0.0,0.0,0.0,0.0,0.0,0.0,1.0,0.0,Cruzamento,Bom,Não existe,Perfeito estado,Seca,Perfeito estado,Faixa de pedestre,"Placas ""Pare""",60.0,Dupla,Faixa contínua,Não informado,2021,9,9,3,10.0
2021-09-09,11:10:00,SEM VÍTIMA,FINALIZADA,AFOGADOS,RUA MOTOCOLOMBO,Não informado,EM FRENTE A IGREJA PRESBITERIANA DO LARGO DA PAZ,AFOGADOS,SUBURBIO,COLISÃO TRASEIRA,Não informado,2.0,0.0,0.0,0.0,0.0,0.0,0.0,0.0,0.0,0.0,0.0,Longo da via,Bom,Não existe,Perfeito estado,Seca,Perfeito estado,Não existe,Não há placas,60.0,Única,Faixa seccionada,Não informado,2021,9,9,3,11.0
2021-09-09,11:17:00,COM VÍTIMA,FINALIZADA,PRADO,AV ENGENHEIRO ABDIAS DE CARVALHO,Não informado,EM FRENTE A FACULDADE ESTACIO /,PRADO,CIDADE,COLISÃO TRASEIRA,Não informado,1.0,1.0,0.0,0.0,0.0,0.0,0.0,0.0,0.0,1.0,0.0,Longo da via,Bom,Sem defeito,Perfeito estado,Seca,Não informado,Faixa de pedestre,Não informado,60.0,Dupla,Canteiro central,Não informado,2021,9,9,3,11.0
2021-09-09,11:42:00,COM VÍTIMA,FINALIZADA,ILHA DO LEITE,PTE JOSE DE BARROS LIMA,Não informado,APÓS O HOSPITAL PORTUGUÊS,ILHA DO LEITE,SUBURBIO,COLISÃO TRASEIRA,Não informado,1.0,1.0,0.0,0.0,0.0,0.0,0.0,0.0,0.0,1.0,0.0,Longo da via,Bom,Não existe,Incompleta,Seca,Mal conservada,Não existe,Não há placas,60.0,Dupla,Canteiro central,Não informado,2021,9,9,3,11.0
2021-09-09,12:26:00,COM VÍTIMA,FINALIZADA,MADALENA,RUA DR JOAO COIMBRA,RUA REAL DA TORRE,POR TRAS DO MERCADO DA MADALENA,MADALENA,SUBURBIO,ATROPELAMENTO DE PESSOA,Não informado,1.0,0.0,0.0,0.0,1.0,0.0,0.0,0.0,0.0,1.0,0.0,Longo da via,Bom,Não existe,Perfeito estado,Seca,Perfeito estado,Não existe,Não há placas,60.0,Única,Não existe,Não informado,2021,9,9,3,12.0
2021-09-09,13:05:00,SEM VÍTIMA,FINALIZADA,BOA VIAGEM,AV BOA VIAGEM,RUA ERNESTO DE PAULA SANTOS,SECURITY LEADERS ORGANIZAÇÃO DE EVENTOS / GRAND MERCURE BOA VIAGEM.,BOA VIAGEM,Não informado,COLISÃO TRASEIRA,Não informado,2.0,0.0,0.0,0.0,0.0,0.0,0.0,0.0,0.0,0.0,0.0,Não informado,Não informado,Não informado,Não informado,Não informado,Não informado,Não informado,Não informado,60.0,Não informado,Não informado,Não informado,2021,9,9,3,13.0
2021-09-09,15:30:00,COM VÍTIMA,FINALIZADA,AFOGADOS,RUA VINTE E UM DE ABRIL,Não informado,PROXIMO AO CLUBE FERREVIARIO,AFOGADOS,SUBURBIO,COLISÃO TRASEIRA,Não informado,2.0,0.0,0.0,0.0,0.0,0.0,0.0,0.0,0.0,1.0,0.0,Longo da via,Bom,Sem defeito,Perfeito estado,Seca,Perfeito estado,Outros,Não há placas,60.0,Dupla,Não existe,Não informado,2021,9,9,3,15.0
2021-09-09,17:28:00,COM VÍTIMA,FINALIZADA,VÁRZEA,AV CAXANGA,Não informado,LADO OPOSTO AO POSTO IPIRANGA,VÁRZEA,SUBURBIO,ATROPELAMENTO DE PESSOA,Não informado,0.0,0.0,1.0,0.0,1.0,0.0,0.0,0.0,0.0,2.0,0.0,Longo da via,Bom,Sem defeito,Perfeito estado,Seca,Perfeito estado,Não existe,Não há placas,60.0,Dupla,Canteiro central,Não informado,2021,9,9,3,17.0
2021-09-09,20:37:40,COM VÍTIMA,FINALIZADA,BOA VIAGEM,AV DOM JOAO VI,Não informado,PRÓX AO BOMPREÇO,BOA VIAGEM,SUBURBIO,ATROPELAMENTO DE PESSOA,Não informado,0.0,0.0,0.0,0.0,1.0,0.0,0.0,0.0,0.0,1.0,0.0,Longo da via,Bom,Não existe,Perfeito estado,Seca,Perfeito estado,Não existe,Não há placas,60.0,Única,Faixa seccionada,Não informado,2021,9,9,3,20.0
2021-09-10,06:10:00,COM VÍTIMA,FINALIZADA,PINA,AV ANTONIO DE GOES,PTE GOVERNADOR PAULO GUERRA,E/F AO DENIT - INICIO DA PONTE DO PINA - SENTIDO DERBY,PINA,CIDADE,CHOQUE,Não informado,1.0,0.0,0.0,0.0,0.0,0.0,0.0,0.0,0.0,1.0,0.0,Ponte,Bom,Não existe,Perfeito estado,Seca,Perfeito estado,Não existe,Não há placas,60.0,Única,Faixa seccionada,Não informado,2021,9,10,4,6.0
2021-09-10,09:00:00,COM VÍTIMA,FINALIZADA,CASA AMARELA,AV NORTE MIGUEL ARRAES DE ALENCAR,Não informado,ENTRADA DO VASCO DA GAMA,CASA AMARELA,SUBURBIO,COLISÃO TRASEIRA,Não informado,0.0,2.0,0.0,0.0,0.0,0.0,0.0,0.0,0.0,2.0,0.0,Longo da via,Bom,Sem defeito,Perfeito estado,Seca,Perfeito estado,Não existe,Não há placas,60.0,Única,Faixa contínua,Não informado,2021,9,10,4,9.0
2021-09-10,09:53:00,COM VÍTIMA,FINALIZADA,MADALENA,RUA MONSENHOR JULIO MARIA,Não informado,GRUPO DWL,MADALENA,SUBURBIO,COLISÃO COM CICLISTA,Não informado,1.0,0.0,0.0,1.0,0.0,0.0,0.0,0.0,0.0,1.0,0.0,Cruzamento,Bom,Não existe,Incompleta,Seca,Perfeito estado,Não existe,Não há placas,60.0,Única,Não informado,Não informado,2021,9,10,4,9.0
2021-09-10,13:29:00,COM VÍTIMA,FINALIZADA,SANTO AMARO,AV CRUZ CABUGA,Não informado,APÓS HOSPITAL SANTA CASA DA MISERICÓRDIA DO RECIFE,SANTO AMARO,CIDADE,COLISÃO FRONTAL,Não informado,2.0,1.0,0.0,0.0,0.0,0.0,0.0,0.0,0.0,1.0,0.0,Longo da via,Bom,Sem defeito,Perfeito estado,Seca,Perfeito estado,Não existe,Não há placas,60.0,Dupla,Faixa contínua,Não informado,2021,9,10,4,13.0
2021-09-10,17:18:00,COM VÍTIMA,FINALIZADA,AREIAS,AV DR JOSE RUFINO,Não informado,"EM FRENTE A COMUNIDADE BATISTA DA CIDADE/ PROXIMO A HONDA, LADO OPOSTO À ARENA SOCIETY",AREIAS,SUBURBIO,COLISÃO LATERAL,Não informado,1.0,1.0,0.0,0.0,0.0,0.0,0.0,0.0,0.0,2.0,0.0,Esquina,Bom,Não existe,Não existente,Molhada,Mal conservada,Não existe,Não há placas,60.0,Dupla,Não existe,Não informado,2021,9,10,4,17.0
2021-09-10,18:59:00,COM VÍTIMA,FINALIZADA,BOA VIAGEM,AV BOA VIAGEM,Não informado,SEMÁFORO 124,BOA VIAGEM,CIDADE,COLISÃO FRONTAL,Não informado,1.0,1.0,0.0,0.0,0.0,0.0,0.0,0.0,0.0,1.0,0.0,Longo da via,Bom,Sem defeito,Perfeito estado,Seca,Perfeito estado,Faixa de pedestre,Não há placas,60.0,Única,Faixa seccionada,Não informado,2021,9,10,4,18.0
2021-09-11,04:52:00,COM VÍTIMA,CANCELADA,MANGABEIRA,AV NORTE MIGUEL ARRAES DE ALENCAR,COR DO BARTOLOMEU,Não informado,MANGABEIRA,Não informado,QUEDA,Não informado,1.0,0.0,0.0,0.0,0.0,0.0,0.0,0.0,0.0,1.0,0.0,Não informado,Não informado,Não informado,Não informado,Não informado,Não informado,Não informado,Não informado,60.0,Não informado,Não informado,Não informado,2021,9,11,5,4.0
2021-09-11,10:09:00,COM VÍTIMA,FINALIZADA,BOA VISTA,AV MANOEL BORBA,Não informado,VITA FRUTAS,BOA VISTA,SUBURBIO,COLISÃO TRASEIRA,Não informado,1.0,1.0,0.0,0.0,0.0,0.0,0.0,0.0,0.0,1.0,0.0,Longo da via,Bom,Não existe,Perfeito estado,Seca,Perfeito estado,Não informado,Não informado,40.0,Única,Faixa seccionada,Não informado,2021,9,11,5,10.0
2021-09-11,10:23:00,COM VÍTIMA,FINALIZADA,AFOGADOS,RUA JOAO IVO DA SILVA,RUA PADRE TEOFILO TWORZ,EM FRENTE A TUPAN E A FIORI,AFOGADOS,SUBURBIO,COLISÃO TRASEIRA,Não informado,1.0,1.0,0.0,0.0,0.0,0.0,0.0,0.0,0.0,1.0,0.0,Longo da via,Bom,Sem defeito,Perfeito estado,Seca,Perfeito estado,Faixa de pedestre,Não há placas,60.0,Única,Canal,Não informado,2021,9,11,5,10.0
2021-09-11,14:58:00,COM VÍTIMA,FINALIZADA,DOIS IRMÃOS,RUA RIBEIRO PESSOA,RUA DR ANTONIO H DE CASTRO NETO,A FABRICA PINTO FORMOSO,DOIS IRMÃOS,Não informado,COLISÃO TRASEIRA,Não informado,0.0,2.0,0.0,0.0,0.0,0.0,0.0,0.0,0.0,1.0,0.0,Longo da via,Bom,Não existe,Não existente,Seca,Perfeito estado,Não existe,Não há placas,60.0,Dupla,Não existe,Não informado,2021,9,11,5,14.0
2021-09-11,22:13:40,COM VÍTIMA,FINALIZADA,ENCRUZILHADA,AV JOAO DE BARROS,AV NORTE MIGUEL ARRAES DE ALENCAR,SEMÁFORO 43,ENCRUZILHADA,CIDADE,CHOQUE,Não informado,1.0,0.0,0.0,0.0,0.0,0.0,0.0,0.0,0.0,1.0,0.0,Longo da via,Bom,Sem defeito,Perfeito estado,Seca,Perfeito estado,Faixa de retenção,Não há placas,60.0,Única,Canteiro central,Não informado,2021,9,11,5,22.0
2021-09-12,09:04:00,COM VÍTIMA,FINALIZADA,TORRÕES,RUA ZUMBI DOS PALMARES,Não informado,EM FRENTE AO N° 770,TORRÕES,SUBURBIO,COLISÃO FRONTAL,Não informado,3.0,0.0,0.0,0.0,0.0,0.0,0.0,0.0,0.0,1.0,0.0,Longo da via,Bom,Não existe,Incompleta,Seca,Não informado,Não existe,R-6a,30.0,Dupla,Não existe,Não informado,2021,9,12,6,9.0
2021-09-12,09:06:00,COM VÍTIMA,FINALIZADA,BAIRRO DO RECIFE,AV MILITAR,Não informado,LADO OPOSTO AO POSTO BR,BAIRRO DO RECIFE,Não informado,TOMBAMENTO,Não informado,0.0,1.0,0.0,0.0,0.0,0.0,0.0,0.0,0.0,1.0,0.0,Longo da via,Bom,Não existe,Perfeito estado,Seca,Perfeito estado,Não existe,R-6a,60.0,Única,Canteiro central,Não informado,2021,9,12,6,9.0
2021-09-12,12:27:00,COM VÍTIMA,FINALIZADA,TAMARINEIRA,AV NORTE MIGUEL ARRAES DE ALENCAR,RUA BEZERROS,EM FRENTE AO ARMAZÉM CORAL,TAMARINEIRA,CIDADE,COLISÃO TRANSVERSAL,Não informado,1.0,1.0,0.0,0.0,0.0,0.0,0.0,0.0,0.0,1.0,0.0,Esquina,Bom,Não existe,Perfeito estado,Seca,Perfeito estado,Outros,R-6a,60.0,Dupla,Canteiro central,Não informado,2021,9,12,6,12.0
2021-09-12,20:52:00,COM VÍTIMA,FINALIZADA,BOA VIAGEM,AV CONSELHEIRO AGUIAR,RUA SOLIDONIO LEITE,PRÓX AO POSTO BR / E/F AO RESTAURANTE NIKKO,BOA VIAGEM,CIDADE,COLISÃO TRANSVERSAL,Não informado,1.0,1.0,0.0,0.0,0.0,0.0,0.0,0.0,0.0,2.0,0.0,Longo da via,Bom,Não existe,Perfeito estado,Seca,Perfeito estado,Não existe,R-6a,60.0,Única,Faixa seccionada,Não informado,2021,9,12,6,20.0
2021-09-12,21:03:40,SEM VÍTIMA,FINALIZADA,CASA AMARELA,AV NORTE MIGUEL ARRAES DE ALENCAR,Não informado,Não informado,CASA AMARELA,SUBURBIO,Não informado,Não informado,1.0,0.0,0.0,0.0,0.0,0.0,0.0,0.0,0.0,0.0,0.0,Longo da via,Bom,Sem defeito,Perfeito estado,Seca,Perfeito estado,Não existe,Não há placas,60.0,Dupla,Canteiro central,Não informado,2021,9,12,6,21.0
2021-09-13,08:18:00,COM VÍTIMA,FINALIZADA,MADALENA,AV VISCONDE DE ALBUQUERQUE,RUA LOPES DE CARVALHO,PRÓXIMO À MADALENA CENTER,MADALENA,Não informado,CAPOTAMENTO,Não informado,0.0,1.0,0.0,0.0,0.0,0.0,0.0,0.0,0.0,1.0,0.0,Longo da via,Bom,Não existe,Perfeito estado,Seca,Mal conservada,Não existe,Não há placas,60.0,Única,Não existe,Não informado,2021,9,13,0,8.0
2021-09-13,10:48:00,COM VÍTIMA,FINALIZADA,AFOGADOS,RUA PADRE TEOFILO TWORZ,RUA COSME VIANA,Não informado,AFOGADOS,SUBURBIO,COLISÃO TRANSVERSAL,Não informado,1.0,1.0,0.0,0.0,0.0,0.0,0.0,0.0,0.0,1.0,0.0,Cruzamento,Bom,Não existe,Incompleta,Seca,Perfeito estado,Não existe,Não há placas,60.0,Única,Não existe,Não informado,2021,9,13,0,10.0
2021-09-13,16:52:00,COM VÍTIMA,FINALIZADA,COELHOS,AV SUL,Não informado,LADO OPOSTO A LOJA PORTELA,COELHOS,CIDADE,COLISÃO COM CICLISTA,Não informado,0.0,0.0,0.0,1.0,0.0,1.0,0.0,0.0,0.0,1.0,0.0,Longo da via,Bom,Sem defeito,Perfeito estado,Seca,Perfeito estado,Não informado,Não informado,60.0,Dupla,Não existe,Não informado,2021,9,13,0,16.0
2021-09-13,18:12:00,COM VÍTIMA,FINALIZADA,BOA VIAGEM,RUA MARIA CAROLINA,RUA MINISTRO NELSON HUNGRIA,EDF BRISTOL RECIFE HOTEL,BOA VIAGEM,SUBURBIO,COLISÃO TRASEIRA,Não informado,0.0,1.0,1.0,0.0,0.0,0.0,0.0,0.0,0.0,2.0,0.0,Cruzamento,Bom,Não existe,Perfeito estado,Seca,Perfeito estado,Não existe,Não há placas,60.0,Única,Não existe,Não informado,2021,9,13,0,18.0
2021-09-13,18:45:00,COM VÍTIMA,FINALIZADA,CABANGA,VIADUTO CAPITAO TEMUDO,Não informado,"POR CIMA DO VIADUTO, SNT OLINDA",CABANGA,CIDADE,COLISÃO LATERAL,Não informado,1.0,1.0,0.0,0.0,0.0,0.0,0.0,0.0,0.0,2.0,0.0,Longo da via,Bom,Não existe,Perfeito estado,Seca,Perfeito estado,Não existe,Não há placas,60.0,Única,Faixa seccionada,Não informado,2021,9,13,0,18.0
2021-09-14,10:34:00,SEM VÍTIMA,CANCELADA,Não informado,AV RECIFE,AV JOAO CABRAL DE MELO NETO,Não informado,Não informado,Não informado,COLISÃO LATERAL,Não informado,0.0,0.0,0.0,0.0,0.0,0.0,0.0,0.0,0.0,0.0,0.0,Não informado,Não informado,Não informado,Não informado,Não informado,Não informado,Não informado,Não informado,60.0,Não informado,Não informado,Não informado,2021,9,14,1,10.0
2021-09-14,10:47:00,COM VÍTIMA,FINALIZADA,ÁGUA FRIA,AV BEBERIBE,Não informado,EM FRENTE A LOJA DOMINANTE MOVEIS,ÁGUA FRIA,CIDADE,COLISÃO FRONTAL,Não informado,1.0,1.0,0.0,0.0,0.0,0.0,0.0,0.0,0.0,2.0,0.0,Longo da via,Bom,Não existe,Perfeito estado,Seca,Perfeito estado,Não existe,Outras,60.0,Dupla,Faixa contínua,Não informado,2021,9,14,1,10.0
2021-09-14,11:15:00,COM VÍTIMA,FINALIZADA,IPUTINGA,AV CAXANGA,RUA PAUL HARRIS,E/F AO HOSPITAL SANTA TEREZINHA,IPUTINGA,SUBURBIO,COLISÃO TRASEIRA,Não informado,1.0,1.0,0.0,0.0,0.0,0.0,0.0,0.0,0.0,1.0,0.0,Longo da via,Bom,Sem defeito,Perfeito estado,Seca,Perfeito estado,Faixa de pedestre,Não há placas,60.0,Dupla,Canteiro central,Não informado,2021,9,14,1,11.0
2021-09-14,17:36:00,COM VÍTIMA,FINALIZADA,CAMPO GRANDE,AV BEBERIBE,Não informado,PROX AO POSTO SHEL E O SEMAFORO 238  E/F AO ARMAZEM COMERCIAL BECHARA,CAMPO GRANDE,SUBURBIO,COLISÃO LATERAL,Não informado,1.0,1.0,0.0,0.0,0.0,0.0,0.0,0.0,0.0,1.0,0.0,Longo da via,Bom,Não existe,Perfeito estado,Seca,Perfeito estado,Não existe,R-6a,40.0,Dupla,Faixa contínua,Não informado,2021,9,14,1,17.0
2021-09-14,19:40:00,COM VÍTIMA,FINALIZADA,DERBY,AV GOVERNADOR AGAMENON MAGALHAES,Não informado,E/F A PRAÇA DO DERBY,DERBY,SUBURBIO,ATROPELAMENTO DE PESSOA,Não informado,1.0,0.0,0.0,0.0,1.0,0.0,0.0,0.0,0.0,1.0,0.0,Cruzamento,Bom,Sem defeito,Perfeito estado,Seca,Perfeito estado,Faixa de pedestre,R-6a,60.0,Dupla,Canal,Não informado,2021,9,14,1,19.0
2021-09-14,23:06:40,COM VÍTIMA,FINALIZADA,BOA VIAGEM,AV ENGENHEIRO DOMINGOS FERREIRA,RUA FELIX DE BRITO E MELO,CRUZAMENTO,BOA VIAGEM,SUBURBIO,COLISÃO TRANSVERSAL,Não informado,0.0,0.0,0.0,0.0,0.0,0.0,0.0,0.0,0.0,2.0,0.0,Cruzamento,Bom,Sem defeito,Perfeito estado,Seca,Perfeito estado,Faixa de pedestre,Não há placas,60.0,Única,Faixa contínua,Não informado,2021,9,14,1,23.0
2021-09-15,07:32:00,COM VÍTIMA,FINALIZADA,BOA VIAGEM,RUA SA E SOUZA,RUA BALTAZAR PASSOS,EM FRENTE A CULTURA INGLESA,BOA VIAGEM,SUBURBIO,COLISÃO TRANSVERSAL,Não informado,1.0,1.0,0.0,0.0,0.0,0.0,0.0,0.0,0.0,1.0,0.0,Cruzamento,Bom,Não existe,Perfeito estado,Seca,Perfeito estado,Faixa de retenção,R-6a,60.0,Dupla,Faixa seccionada,Não informado,2021,9,15,2,7.0
2021-09-15,08:20:00,COM VÍTIMA,FINALIZADA,CAXANGÁ,RUA RIBEIRO PESSOA,Não informado,EM FRENTE A PINTO FORMOSO,CAXANGÁ,CIDADE,COLISÃO TRASEIRA,Não informado,1.0,1.0,0.0,0.0,0.0,0.0,0.0,0.0,0.0,1.0,0.0,Longo da via,Bom,Não existe,Incompleta,Seca,Perfeito estado,Não existe,Não há placas,60.0,Dupla,Não existe,Não informado,2021,9,15,2,8.0
2021-09-15,08:34:00,SEM VÍTIMA,FINALIZADA,ILHA DO RETIRO,RUA DR JOAQUIM DOS SANTOS SOUTO,Não informado,PRÓXIMO MARIA TERESA COELHO ( EM TEMPO EDIFÍCIO ),ILHA DO RETIRO,CIDADE,COLISÃO TRASEIRA,Não informado,1.0,0.0,0.0,0.0,0.0,0.0,0.0,1.0,0.0,0.0,0.0,Longo da via,Bom,Não existe,Perfeito estado,Seca,Perfeito estado,Não existe,Não há placas,60.0,Única,Faixa seccionada,Não informado,2021,9,15,2,8.0
2021-09-15,08:42:00,SEM VÍTIMA,FINALIZADA,VÁRZEA,AV CAXANGA,Não informado,AO LADO DO POSTO IPIRANGA,VÁRZEA,Não informado,Não informado,Não informado,1.0,0.0,0.0,0.0,0.0,0.0,0.0,1.0,0.0,0.0,0.0,Não informado,Bom,Não existe,Perfeito estado,Seca,Perfeito estado,Não existe,Não há placas,60.0,Não informado,Não existe,Não informado,2021,9,15,2,8.0
2021-09-15,09:57:00,COM VÍTIMA,FINALIZADA,SÃO JOSÉ,AV SUL,Não informado,"EM FRENTE A PORTELA E A NEXTEL, SENTIDO AFOGADOS",SÃO JOSÉ,Não informado,ATROPELAMENTO DE PESSOA,Não informado,0.0,0.0,0.0,0.0,1.0,1.0,0.0,0.0,0.0,1.0,0.0,Não informado,Não informado,Não informado,Não informado,Não informado,Não informado,Não informado,Não informado,60.0,Não informado,Não informado,Não informado,2021,9,15,2,9.0
2021-09-15,12:10:00,COM VÍTIMA,FINALIZADA,CORDEIRO,RUA N S DA SAUDE,RUA DR GASTAO DA SILVEIRA,SEM ESTABELECIMENTO COMERCIAL PARA REFERENCIAS,CORDEIRO,Não informado,COLISÃO FRONTAL,Não informado,2.0,1.0,0.0,0.0,0.0,0.0,0.0,0.0,0.0,3.0,0.0,Longo da via,Bom,Não existe,Perfeito estado,Seca,Perfeito estado,Não existe,"Placas ""Pare""",40.0,Dupla,Faixa contínua,Não informado,2021,9,15,2,12.0
2021-09-15,15:34:00,COM VÍTIMA,FINALIZADA,SANTO AMARO,RUA DO POMBAL,Não informado,EM FRENTE AO CEMITÉRIO DE SANTO AMARO,SANTO AMARO,Não informado,COLISÃO FRONTAL,Não informado,2.0,0.0,0.0,0.0,0.0,0.0,0.0,0.0,0.0,1.0,0.0,Longo da via,Bom,Não existe,Perfeito estado,Seca,Perfeito estado,Não informado,Não há placas,40.0,Dupla,Faixa seccionada,Não informado,2021,9,15,2,15.0
2021-09-15,17:01:00,COM VÍTIMA,FINALIZADA,CASA FORTE,AV DEZESSETE DE AGOSTO,Não informado,E/F AO PET HOME  E  DA LOJA DEMOCRATA,CASA FORTE,CIDADE,COLISÃO FRONTAL,Não informado,1.0,1.0,0.0,0.0,0.0,0.0,0.0,0.0,0.0,1.0,0.0,Longo da via,Bom,Não existe,Perfeito estado,Seca,Perfeito estado,Não existe,R-6a,60.0,Dupla,Faixa contínua,Não informado,2021,9,15,2,17.0
2021-09-15,18:16:00,COM VÍTIMA,FINALIZADA,SANTO AMARO,AV NORTE MIGUEL ARRAES DE ALENCAR,Não informado,"PRÓX A IGREJA SAO SEBASTIAO E E/F THAIS NOVAS, SANT SUB / NA MEDIAÇÃO DO SEMÁFO 097",SANTO AMARO,SUBURBIO,ATROPELAMENTO DE PESSOA,Não informado,0.0,1.0,0.0,0.0,1.0,0.0,0.0,0.0,0.0,1.0,0.0,Longo da via,Bom,Sem defeito,Perfeito estado,Seca,Perfeito estado,Não existe,Não há placas,60.0,Única,Faixa seccionada,Não informado,2021,9,15,2,18.0
2021-09-15,18:18:00,COM VÍTIMA,FINALIZADA,IMBIRIBEIRA,RUA ITAJAI,RUA PAMPULHA,CRUZAMENTO,IMBIRIBEIRA,IPSEP,COLISÃO TRANSVERSAL,Não informado,1.0,1.0,0.0,0.0,0.0,0.0,0.0,0.0,0.0,1.0,0.0,Cruzamento,Bom,Não existe,Perfeito estado,Seca,Mal iluminada,Não existe,"Placas ""Pare""",60.0,Dupla,Faixa seccionada,Não informado,2021,9,15,2,18.0
2021-09-15,18:26:00,COM VÍTIMA,FINALIZADA,TORRE,RUA JOSE BONIFACIO,RUA JOSE DE HOLANDA,E/F AO MERCADO PUBLICO DA TORRE,TORRE,SUBURBIO,COLISÃO FRONTAL,Não informado,1.0,1.0,0.0,0.0,0.0,0.0,0.0,0.0,0.0,1.0,0.0,Cruzamento,Bom,Sem defeito,Perfeito estado,Seca,Perfeito estado,Não existe,Não há placas,60.0,Única,Faixa contínua,Não informado,2021,9,15,2,18.0
2021-09-15,18:46:00,COM VÍTIMA,FINALIZADA,IMBIRIBEIRA,RUA JEAN EMILE FAVRE,RUA IZABEL DE SOUZA,PROX AO BRADESCO,IMBIRIBEIRA,SUBURBIO,COLISÃO TRANSVERSAL,Não informado,2.0,0.0,0.0,0.0,0.0,0.0,0.0,0.0,0.0,1.0,0.0,Cruzamento,Bom,Sem defeito,Perfeito estado,Seca,Perfeito estado,Agente,Outras,60.0,Dupla,Faixa contínua,Não informado,2021,9,15,2,18.0
2021-09-16,07:30:00,COM VÍTIMA,FINALIZADA,CIDADE UNIVERSITÁRIA,RUA EMILIANO BRAGA,AV PROFESSOR MORAES REGO,EM FRENTE AO TI CDU,CIDADE UNIVERSITÁRIA,SUBURBIO,COLISÃO TRANSVERSAL,Não informado,0.0,1.0,0.0,0.0,0.0,1.0,0.0,0.0,0.0,1.0,0.0,Longo da via,Bom,Não existe,Perfeito estado,Seca,Perfeito estado,Não existe,R-6a,30.0,Única,Faixa seccionada,Não informado,2021,9,16,3,7.0
2021-09-16,09:36:00,SEM VÍTIMA,FINALIZADA,AFOGADOS,RUA ESCRITOR ALVARO LINS,Não informado,EM FRENTE AO CONDOMÍNIO MARIA LUIZA,AFOGADOS,SUBURBIO,CHOQUE,Não informado,0.0,0.0,0.0,0.0,0.0,0.0,1.0,0.0,0.0,0.0,0.0,Longo da via,Bom,Não existe,Não existente,Seca,Perfeito estado,Não existe,Não há placas,30.0,Dupla,Não existe,Não informado,2021,9,16,3,9.0
2021-09-16,12:20:00,COM VÍTIMA,FINALIZADA,CORDEIRO,AV MAURICIO DE NASSAU,Não informado,AO LADO DA CRECHE LUTANDO SE CONQUISTA,CORDEIRO,CIDADE,COLISÃO TRANSVERSAL,Não informado,1.0,1.0,0.0,0.0,0.0,0.0,0.0,0.0,0.0,1.0,0.0,Longo da via,Bom,Não existe,Perfeito estado,Seca,Perfeito estado,Não existe,Não há placas,60.0,Dupla,Não informado,Não informado,2021,9,16,3,12.0