data,hora,natureza_acidente,situacao,bairro,endereco,detalhe_endereco_acidente,complemento,bairro_cruzamento,sentido_via,tipo,descricao,auto,moto,ciclom,ciclista,pedestre,onibus,caminhao,viatura,outros,vitimas,vitimasfatais,acidente_verificado,tempo_clima,situacao_semaforo,sinalizacao,condicao_via,conservacao_via,ponto_controle,situacao_placa,velocidade_max_via,mao_direcao,divisao_via1,natureza,ano,mes,dia,dia_semana,hora_ocorrencia
2021-09-16,12:42:00,SEM VÍTIMA,CANCELADA,CASA FORTE,RUA LEONARDO BEZERRA CAVALCANTE,RUA IGARASSU,"COLISÃO ENTRE VEÍCULOS - ENVOLVENDO UM AGENTE DE SEGURANÇA MUNICIPAL, REF EM FRENTE AO BIG BOMPREÇO",CASA FORTE,SUBURBIO,COLISÃO FRONTAL,Não informado,0.0,2.0,0.0,0.0,0.0,0.0,0.0,0.0,0.0,0.0,0.0,Não informado,Não informado,Não informado,Não informado,Não informado,Não informado,Não informado,Não informado,60.0,Não informado,Não informado,Não informado,2021,9,16,3,12.0
2021-09-16,13:50:00,SEM VÍTIMA,FINALIZADA,SANTO AMARO,AV DR JAYME DA FONTE,Não informado,LADO OPOSTO A COMPESA,SANTO AMARO,CIDADE,COLISÃO TRASEIRA,Não informado,1.0,1.0,0.0,0.0,0.0,0.0,0.0,0.0,0.0,0.0,0.0,Longo da via,Bom,Não existe,Perfeito estado,Seca,Perfeito estado,Não existe,Outras,60.0,Dupla,Faixa seccionada,Não informado,2021,9,16,3,13.0
2021-09-16,16:55:00,COM VÍTIMA,FINALIZADA,SANTO AMARO,AV CRUZ CABUGA,RUA DOIS DE JULHO,"RUA DA CONTAX APOIO A EQUIPE DE BATEDORES KELVYN  / DIEGO CARVALHO - SITUAÇÃO DE ACIDENTE COM VÍTIMA, NECESSARIO ADEQUA A SINALIZAÇÃO, QUESTÃO DE SEGURANÇA VIÁRIA",SANTO AMARO,CIDADE,COLISÃO FRONTAL,Não informado,1.0,1.0,0.0,0.0,0.0,0.0,0.0,0.0,0.0,1.0,0.0,Cruzamento,Bom,Não existe,Perfeito estado,Seca,Perfeito estado,Não existe,Não há placas,60.0,Dupla,Faixa contínua,Não informado,2021,9,16,3,16.0
2021-09-16,20:18:00,COM VÍTIMA,FINALIZADA,MACAXEIRA,RUA DOLORES SALGADO,Não informado,PROX AO PARQUE DA MACAXEIRA,MACAXEIRA,SUBURBIO,COLISÃO FRONTAL,Não informado,1.0,1.0,0.0,0.0,0.0,0.0,0.0,0.0,0.0,1.0,0.0,Outros,Bom,Não existe,Não existente,Seca,Mal iluminada,Não existe,Outras,60.0,Dupla,Não informado,Não informado,2021,9,16,3,20.0
2021-09-16,20:51:40,COM VÍTIMA,FINALIZADA,CAMPINA DO BARRETO,AV POETA VINICIUS DE MORAIS,RUA CAMPO REDONDO,PROX A PADARIA CORAÇAO DE MAE,CAMPINA DO BARRETO,SUBURBIO,COLISÃO TRANSVERSAL,Não informado,1.0,1.0,0.0,0.0,0.0,0.0,0.0,0.0,0.0,1.0,0.0,Esquina,Bom,Não existe,Perfeito estado,Seca,Perfeito estado,Não existe,Não há placas,40.0,Dupla,Faixa seccionada,Não informado,2021,9,16,3,20.0
2021-09-16,23:10:40,COM VÍTIMA,FINALIZADA,SANTO ANTÔNIO,PTE PRINCESA IZABEL,Não informado,EM FRENTE AO TEATRO SANTA ISABEL,SANTO ANTÔNIO,CIDADE,CHOQUE,Não informado,0.0,0.0,0.0,0.0,0.0,0.0,0.0,1.0,0.0,1.0,0.0,Longo da via,Bom,Não existe,Perfeito estado,Seca,Perfeito estado,Não existe,Não há placas,60.0,Única,Faixa seccionada,Não informado,2021,9,16,3,23.0
2021-09-17,06:49:00,COM VÍTIMA,CANCELADA,IPUTINGA,AV CAXANGA,Não informado,EMBAIXO DO VIADUTO DA CAXANGA,IPUTINGA,CIDADE,COLISÃO TRASEIRA,Não informado,1.0,2.0,0.0,0.0,0.0,0.0,0.0,0.0,0.0,1.0,0.0,Não informado,Não informado,Não informado,Não informado,Não informado,Não informado,Não informado,Não informado,60.0,Não informado,Não informado,Não informado,2021,9,17,4,6.0
2021-09-17,07:54:00,COM VÍTIMA,FINALIZADA,BOA VISTA,AV GOVERNADOR AGAMENON MAGALHAES,Não informado,E/F AO ESTACIONAMENTO SANPARK  (SENT. OLINDA) // VIA LATERAL,BOA VISTA,OLINDA,COLISÃO FRONTAL,Não informado,1.0,1.0,0.0,0.0,0.0,0.0,0.0,0.0,0.0,1.0,0.0,Longo da via,Bom,Não existe,Perfeito estado,Seca,Perfeito estado,Não existe,Não há placas,60.0,Dupla,Canal,Não informado,2021,9,17,4,7.0
2021-09-17,08:15:00,COM VÍTIMA,FINALIZADA,IBURA,RUA EXP FRANCISCO VITORIANO,Não informado,E/F AO MERCADINHO KI ECONOMIA,IBURA,Não informado,COLISÃO FRONTAL,Não informado,0.0,2.0,0.0,0.0,0.0,0.0,0.0,0.0,0.0,1.0,0.0,Longo da via,Bom,Não existe,Incompleta,Seca,Perfeito estado,Não existe,R-6a,60.0,Dupla,Não existe,Não informado,2021,9,17,4,8.0
2021-09-17,13:58:00,COM VÍTIMA,FINALIZADA,MADALENA,RUA DR JOSE MARCELINO,RUA CARLOS ESTEVAO,RUA RESIDENCIAL,MADALENA,SUBURBIO,COLISÃO FRONTAL,Não informado,1.0,1.0,0.0,0.0,0.0,0.0,0.0,0.0,0.0,1.0,0.0,Longo da via,Bom,Não existe,Não existente,Seca,Perfeito estado,Não existe,Não há placas,60.0,Não informado,Não existe,Não informado,2021,9,17,4,13.0
2021-09-17,15:51:00,COM VÍTIMA,FINALIZADA,SANCHO,RUA APRIGIO GUIMARAES,Não informado,LADO OPOSTO A PADARIA E SUPERMERCADO,SANCHO,SUBURBIO,COLISÃO LATERAL,Não informado,0.0,2.0,0.0,0.0,0.0,0.0,0.0,0.0,0.0,1.0,0.0,Longo da via,Bom,Não existe,Não informado,Seca,Perfeito estado,Não existe,Não há placas,60.0,Dupla,Faixa seccionada,Não informado,2021,9,17,4,15.0
2021-09-17,16:13:00,COM VÍTIMA,FINALIZADA,AFOGADOS,EST DOS REMEDIOS,Não informado,DENTRO DO TERMINAL DE AFOGADOS,AFOGADOS,Não informado,ATROPELAMENTO DE PESSOA,Não informado,0.0,0.0,0.0,0.0,1.0,1.0,0.0,0.0,0.0,1.0,0.0,Outros,Bom,Não existe,Perfeito estado,Seca,Perfeito estado,Não existe,Não há placas,60.0,Não informado,Não existe,Não informado,2021,9,17,4,16.0
2021-09-17,18:23:00,SEM VÍTIMA,FINALIZADA,BAIRRO DO RECIFE,RUA DO BRUM,Não informado,SINDICATO DOS ESTIVADORES,BAIRRO DO RECIFE,CIDADE,CHOQUE,Não informado,2.0,0.0,0.0,0.0,0.0,0.0,0.0,0.0,0.0,0.0,0.0,Longo da via,Bom,Não existe,Não existente,Seca,Perfeito estado,Não existe,Outras,60.0,Única,Não existe,Não informado,2021,9,17,4,18.0
2021-09-17,20:34:40,COM VÍTIMA,FINALIZADA,TORRÕES,RUA DR FLAVIO FERREIRA DA SILVA MAROJO,Não informado,EM FRENTE A DISTRIBUIDORA CASA DO GRANITO,TORRÕES,CIDADE,ATROPELAMENTO DE PESSOA,Não informado,0.0,1.0,0.0,0.0,1.0,0.0,0.0,0.0,0.0,1.0,0.0,Longo da via,Bom,Não existe,Ilegível,Seca,Mal iluminada,Não existe,Não há placas,60.0,Única,Não existe,Não informado,2021,9,17,4,20.0
2021-09-17,21:58:40,COM VÍTIMA,FINALIZADA,CAMPO GRANDE,RUA JERONIMO VILELA,EST DE BELEM,EM FRENTE A DROGASIL,CAMPO GRANDE,Não informado,COLISÃO FRONTAL,Não informado,1.0,1.0,0.0,0.0,0.0,0.0,0.0,0.0,0.0,1.0,0.0,Longo da via,Bom,Sem defeito,Perfeito estado,Seca,Perfeito estado,Não informado,Não informado,60.0,Não informado,Não informado,Não informado,2021,9,17,4,21.0
2021-09-17,23:16:40,SEM VÍTIMA,FINALIZADA,CAMPO GRANDE,RUA PRUDENTE DE MORAES,Não informado,PROX AO DEPOSITO DA BRASIL GAS,CAMPO GRANDE,Não informado,CHOQUE,Não informado,1.0,0.0,0.0,0.0,0.0,0.0,0.0,0.0,0.0,0.0,0.0,Não informado,Não informado,Não informado,Não informado,Não informado,Não informado,Não informado,Não informado,60.0,Não informado,Não informado,Não informado,2021,9,17,4,23.0
2021-09-18,07:02:00,COM VÍTIMA,FINALIZADA,MORRO DA CONCEIÇÃO,AV NORTE MIGUEL ARRAES DE ALENCAR,Não informado,AO LADO DA UPINHA 24H,MORRO DA CONCEIÇÃO,SUBURBIO,COLISÃO TRASEIRA,Não informado,0.0,1.0,0.0,0.0,0.0,1.0,0.0,0.0,0.0,1.0,0.0,Longo da via,Bom,Não existe,Incompleta,Seca,Perfeito estado,Não existe,Não há placas,60.0,Dupla,Faixa seccionada,Não informado,2021,9,18,5,7.0
2021-09-18,08:13:00,SEM VÍTIMA,FINALIZADA,VÁRZEA,RUA GASTAO VIDIGAL,Não informado,PROX. A MADEIREIRA ESPERANÇA,VÁRZEA,Não informado,COLISÃO LATERAL,Não informado,2.0,0.0,0.0,0.0,0.0,0.0,0.0,0.0,0.0,0.0,0.0,Não informado,Não informado,Não informado,Não informado,Não informado,Não informado,Não informado,Não informado,60.0,Não informado,Não informado,Não informado,2021,9,18,5,8.0
2021-09-18,08:52:00,COM VÍTIMA,FINALIZADA,BREJO DA GUABIRABA,AV VEREADOR OTACILIO AZEVEDO,Não informado,EM FRENTE A CHACARA NORTE,BREJO DA GUABIRABA,CIDADE,COLISÃO LATERAL,Não informado,1.0,1.0,0.0,0.0,0.0,0.0,0.0,0.0,0.0,1.0,0.0,Longo da via,Bom,Não existe,Incompleta,Seca,Perfeito estado,Não existe,R-6c,60.0,Dupla,Não existe,Não informado,2021,9,18,5,8.0
2021-09-18,12:27:00,COM VÍTIMA,FINALIZADA,IPSEP,RUA PAMPULHA,RUA IZABEL DE SOUZA,RUA AO LADO DA EUROVIA,IPSEP,BOA VIAGEM,COLISÃO TRANSVERSAL,Não informado,1.0,2.0,0.0,0.0,0.0,0.0,0.0,0.0,0.0,2.0,0.0,Cruzamento,Bom,Sem defeito,Perfeito estado,Seca,Perfeito estado,Faixa de pedestre,Não informado,60.0,Única,Não informado,Não informado,2021,9,18,5,12.0
2021-09-18,14:55:00,SEM VÍTIMA,FINALIZADA,BOA VIAGEM,RUA PADRE CARAPUCEIRO,Não informado,ESTACIONAMENTO E-2 DO SHOPPING RECIFE,BOA VIAGEM,Não informado,COLISÃO TRASEIRA,Não informado,2.0,0.0,0.0,0.0,0.0,0.0,0.0,0.0,0.0,0.0,0.0,Não informado,Não informado,Não informado,Não informado,Não informado,Não informado,Não informado,Não informado,60.0,Não informado,Não informado,Não informado,2021,9,18,5,14.0
2021-09-18,15:52:00,COM VÍTIMA,FINALIZADA,TORRE,AV BEIRA RIO,Não informado,PROX A QUADRA DA PREFEITURA,TORRE,CIDADE,CAPOTAMENTO,Não informado,3.0,0.0,0.0,0.0,0.0,0.0,0.0,0.0,0.0,1.0,0.0,Longo da via,Bom,Não existe,Perfeito estado,Seca,Perfeito estado,Não existe,Não há placas,60.0,Dupla,Faixa contínua,Não informado,2021,9,18,5,15.0
2021-09-18,16:14:00,SEM VÍTIMA,FINALIZADA,VÁRZEA,RUA GENERAL POLIDORO,Não informado,EM FRENTE AO CONDOMÍNIO RESERVA POLIDORO / UNIT ACADEMIA,VÁRZEA,Não informado,COLISÃO TRASEIRA,Não informado,1.0,1.0,0.0,0.0,0.0,0.0,0.0,0.0,0.0,0.0,0.0,Não informado,Não informado,Não informado,Não informado,Não informado,Não informado,Não informado,Não informado,60.0,Não informado,Não informado,Não informado,2021,9,18,5,16.0
2021-09-18,16:47:00,COM VÍTIMA,FINALIZADA,SANTO AMARO,AV CRUZ CABUGA,AV DR JAYME DA FONTE,"ACIDENTE  ATÍPICO, COLISÃO FRONTAL GRAVE ENVOLVENDO ÔNIBUS  / AUTOMÓVEL.  RESULTANDO NO FINAL COM CHOQUE DO ÔNIBUS COM O MURO DO HOSPITAL NAVAL, CAUSANDO GRANDE TRANSTORNO E LENTIDÃO NA VIA.",SANTO AMARO,AMBOS,COLISÃO FRONTAL,Não informado,1.0,0.0,0.0,0.0,0.0,1.0,0.0,0.0,0.0,11.0,0.0,Longo da via,Bom,Não existe,Perfeito estado,Seca,Perfeito estado,Não existe,Não há placas,60.0,Dupla,Faixa contínua,Não informado,2021,9,18,5,16.0
2021-09-18,18:08:00,COM VÍTIMA,CANCELADA,IBURA,AV DOIS RIOS,Não informado,E/F A IGREJA DOS MORMONS,IBURA,Não informado,ATROPELAMENTO DE PESSOA,Não informado,0.0,1.0,0.0,0.0,1.0,0.0,0.0,0.0,0.0,1.0,0.0,Não informado,Não informado,Não informado,Não informado,Não informado,Não informado,Não informado,Não informado,60.0,Não informado,Não informado,Não informado,2021,9,18,5,18.0
2021-09-18,20:43:40,COM VÍTIMA,FINALIZADA,BOA VIAGEM,RUA ERNESTO DE PAULA SANTOS,RUA DR JOAO GUILHERME DE P SOBRINHO,E/F A UNIMED,BOA VIAGEM,CIDADE,COLISÃO TRANSVERSAL,Não informado,2.0,0.0,0.0,0.0,0.0,0.0,0.0,0.0,0.0,1.0,0.0,Cruzamento,Bom,Não existe,Perfeito estado,Seca,Perfeito estado,Faixa de pedestre,Não há placas,40.0,Única,Faixa contínua,Não informado,2021,9,18,5,20.0
2021-09-19,12:32:00,COM VÍTIMA,FINALIZADA,BOA VIAGEM,RUA ERNESTO DE PAULA SANTOS,RUA VISCONDE DE JEQUITINHONHA,Não informado,BOA VIAGEM,Não informado,COLISÃO TRANSVERSAL,Não informado,1.0,1.0,0.0,0.0,0.0,0.0,0.0,0.0,0.0,1.0,0.0,Cruzamento,Bom,Sem defeito,Perfeito estado,Seca,Perfeito estado,Faixa de pedestre,R-6a,30.0,Única,Faixa contínua,Não informado,2021,9,19,6,12.0
2021-09-19,13:56:00,COM VÍTIMA,FINALIZADA,IMBIRIBEIRA,AV MARECHAL MASCARENHAS DE MORAES,RUA DR VALDIR PESSOA,EM FRENTE A ESTAÇÃO IMBIRIBEIRA/ SENTIDO CIDADE,IMBIRIBEIRA,CIDADE,COLISÃO LATERAL,Não informado,2.0,1.0,0.0,0.0,0.0,0.0,0.0,0.0,0.0,1.0,0.0,Cruzamento,Bom,Sem defeito,Perfeito estado,Seca,Não informado,Faixa de pedestre,Não há placas,60.0,Dupla,Canteiro central,Não informado,2021,9,19,6,13.0
2021-09-19,18:10:00,COM VÍTIMA,FINALIZADA,BOA VIAGEM,RUA BALTAZAR PASSOS,RUA PROFESSOR LINS E SILVA,EM FRENTE AO N° 310,BOA VIAGEM,SUBURBIO,COLISÃO FRONTAL,Não informado,2.0,0.0,0.0,0.0,0.0,0.0,0.0,0.0,0.0,1.0,0.0,Cruzamento,Bom,Não existe,Não informado,Seca,Perfeito estado,Não existe,"Placas ""Pare""",60.0,Única,Não existe,Não informado,2021,9,19,6,18.0
2021-09-20,08:18:00,COM VÍTIMA,FINALIZADA,CORDEIRO,AV ENGENHEIRO ABDIAS DE CARVALHO,Não informado,COMPAZ,CORDEIRO,CIDADE,COLISÃO FRONTAL,Não informado,2.0,1.0,0.0,0.0,0.0,0.0,0.0,0.0,0.0,2.0,0.0,Longo da via,Bom,Não existe,Perfeito estado,Seca,Perfeito estado,Não existe,R-6a,60.0,Única,Faixa seccionada,Não informado,2021,9,20,0,8.0
2021-09-20,10:30:00,COM VÍTIMA,FINALIZADA,AFLITOS,RUA CONS PORTELA,RUA CARNEIRO VILELA,OPOSTO AO 665,AFLITOS,CIDADE,COLISÃO COM CICLISTA,Não informado,1.0,0.0,0.0,1.0,0.0,0.0,0.0,0.0,0.0,1.0,0.0,Cruzamento,Bom,Não existe,Perfeito estado,Seca,Perfeito estado,Faixa de pedestre,R-6a,40.0,Única,Faixa seccionada,Não informado,2021,9,20,0,10.0
2021-09-20,11:40:00,COM VÍTIMA,FINALIZADA,DERBY,RUA JENER DE SOUZA,PRC DO DERBY,QUADRA DO QUARTEL DO DERBY,DERBY,SUBURBIO,COLISÃO TRANSVERSAL,Não informado,1.0,1.0,0.0,0.0,0.0,0.0,0.0,0.0,0.0,1.0,0.0,Cruzamento,Bom,Sem defeito,Perfeito estado,Seca,Perfeito estado,Faixa de pedestre,Não informado,60.0,Dupla,Canteiro central,Não informado,2021,9,20,0,11.0
2021-09-20,13:48:00,OUTROS,FINALIZADA,CORDEIRO,RUA MATHUZALEM WANDERLEY,AV CAXANGA,"OFICINA  DA LOCADORA, REALIZAR MANUTENÇÃO PREVENTIVA",CORDEIRO,SUBURBIO,OUTROS,Não informado,1.0,0.0,0.0,0.0,0.0,0.0,0.0,0.0,0.0,0.0,0.0,Não informado,Não informado,Não informado,Não informado,Não informado,Não informado,Não informado,Não informado,60.0,Não informado,Não informado,Não informado,2021,9,20,0,13.0
2021-09-20,14:35:00,COM VÍTIMA,FINALIZADA,PARNAMIRIM,AV DEZESSETE DE AGOSTO,Não informado,EM FRENTE AO PARQUE REGIONAL DE MANUTENÇÃO,PARNAMIRIM,Não informado,COLISÃO TRANSVERSAL,Não informado,1.0,1.0,0.0,0.0,0.0,0.0,0.0,0.0,0.0,2.0,0.0,Longo da via,Bom,Não existe,Perfeito estado,Seca,Perfeito estado,Não existe,R-6a,60.0,Dupla,Faixa contínua,Não informado,2021,9,20,0,14.0
2021-09-20,18:23:00,COM VÍTIMA,FINALIZADA,PAISSANDU,RUA PAISSANDU,Não informado,AO LADO DO BRADESCO,PAISSANDU,CIDADE,ATROPELAMENTO DE PESSOA,Não informado,1.0,0.0,0.0,0.0,1.0,0.0,0.0,0.0,0.0,1.0,0.0,Longo da via,Bom,Não existe,Perfeito estado,Seca,Perfeito estado,Não existe,Outras,60.0,Dupla,Canteiro central,Não informado,2021,9,20,0,18.0
2021-09-21,11:05:00,COM VÍTIMA,FINALIZADA,AREIAS,AV RECIFE,Não informado,LADO OPOSTO AO 5520- T&F DESIGN GESSO,AREIAS,SUBURBIO,COLISÃO FRONTAL,Não informado,0.0,0.0,0.0,0.0,0.0,0.0,0.0,0.0,0.0,1.0,0.0,Ponte,Bom,Não existe,Perfeito estado,Seca,Perfeito estado,Não existe,Não há placas,60.0,Dupla,Canteiro central,Não informado,2021,9,21,1,11.0
2021-09-21,12:14:00,COM VÍTIMA,FINALIZADA,LINHA DO TIRO,RUA URIEL DE HOLANDA,RUA BARAO DE MURITIBA,EM FRENTE A LAVA JATO,LINHA DO TIRO,SUBURBIO,COLISÃO FRONTAL,Não informado,1.0,1.0,0.0,0.0,0.0,0.0,0.0,0.0,0.0,2.0,0.0,Esquina,Bom,Não existe,Perfeito estado,Seca,Perfeito estado,Não existe,Outras,60.0,Dupla,Não existe,Não informado,2021,9,21,1,12.0
2021-09-21,13:31:00,COM VÍTIMA,FINALIZADA,SANTO AMARO,AV NORTE MIGUEL ARRAES DE ALENCAR,RUA TREZE DE MAIO,Não informado,SANTO AMARO,CIDADE,COLISÃO FRONTAL,Não informado,0.0,0.0,0.0,0.0,0.0,0.0,0.0,0.0,0.0,1.0,0.0,Longo da via,Bom,Sem defeito,Perfeito estado,Seca,Perfeito estado,Faixa de pedestre,Não há placas,60.0,Dupla,Canteiro central,Não informado,2021,9,21,1,13.0
2021-09-21,14:31:00,SEM VÍTIMA,FINALIZADA,MADALENA,AV JOSE GONCALVES DE MEDEIROS,Não informado,EM FRENTE AO SUPERMERCADO EXTRA,MADALENA,Não informado,COLISÃO TRANSVERSAL,Não informado,1.0,0.0,0.0,0.0,0.0,1.0,0.0,0.0,0.0,0.0,0.0,Longo da via,Bom,Não existe,Perfeito estado,Seca,Perfeito estado,Não existe,Não há placas,60.0,Dupla,Não informado,Não informado,2021,9,21,1,14.0
2021-09-21,21:43:40,COM VÍTIMA,FINALIZADA,ENCRUZILHADA,AV BEBERIBE,Não informado,SOB O SEMÁFORO 186,ENCRUZILHADA,SUBURBIO,ATROPELAMENTO DE PESSOA,Não informado,1.0,0.0,0.0,0.0,1.0,0.0,0.0,0.0,0.0,1.0,0.0,Longo da via,Bom,Sem defeito,Perfeito estado,Seca,Perfeito estado,Outros,R-6a,60.0,Dupla,Faixa contínua,Não informado,2021,9,21,1,21.0
2021-09-21,21:55:40,COM VÍTIMA,FINALIZADA,BOA VIAGEM,AV CONSELHEIRO AGUIAR,Não informado,EM FRENTE AO IMÓVEL 1177,BOA VIAGEM,CIDADE,COLISÃO TRASEIRA,Não informado,0.0,1.0,0.0,0.0,0.0,1.0,0.0,0.0,0.0,1.0,0.0,Longo da via,Bom,Não existe,Perfeito estado,Seca,Perfeito estado,Faixa de pedestre,R-6a,60.0,Única,Não informado,Não informado,2021,9,21,1,21.0
2021-09-22,08:46:00,COM VÍTIMA,FINALIZADA,AFOGADOS,RUA COSME VIANA,RUA PADRE TEOFILO TWORZ,E/F A TUPAN,AFOGADOS,SUBURBIO,COLISÃO TRANSVERSAL,Não informado,1.0,1.0,0.0,0.0,0.0,0.0,0.0,0.0,0.0,1.0,0.0,Cruzamento,Bom,Sem defeito,Incompleta,Seca,Perfeito estado,Faixa de pedestre,Outras,60.0,Única,Faixa contínua,Não informado,2021,9,22,2,8.0
2021-09-22,12:15:00,COM VÍTIMA,FINALIZADA,CASA AMARELA,AV NORTE MIGUEL ARRAES DE ALENCAR,Não informado,SUPERMERCADO MAIS VOCÊ,CASA AMARELA,CIDADE,COLISÃO TRASEIRA,Não informado,2.0,1.0,0.0,0.0,0.0,0.0,0.0,0.0,0.0,1.0,0.0,Longo da via,Bom,Sem defeito,Perfeito estado,Seca,Perfeito estado,Faixa de pedestre,Outras,60.0,Dupla,Faixa seccionada,Não informado,2021,9,22,2,12.0
2021-09-22,16:13:00,COM VÍTIMA,FINALIZADA,IPSEP,RUA JEAN EMILE FAVRE,Não informado,E/F A DELEGACIA DO IPSEP,IPSEP,SUBURBIO,ATROPELAMENTO DE PESSOA,Não informado,1.0,0.0,0.0,0.0,2.0,0.0,0.0,0.0,0.0,2.0,0.0,Cruzamento,Bom,Sem defeito,Perfeito estado,Seca,Perfeito estado,Faixa de pedestre,R-6a,60.0,Dupla,Faixa contínua,Não informado,2021,9,22,2,16.0
2021-09-22,20:33:00,COM VÍTIMA,FINALIZADA,BOA VIAGEM,RUA ANTONIO FALCAO,Não informado,E/F AO BANCO SANTANDER / E/F AO EDF LUZO,BOA VIAGEM,ÚNICO,CHOQUE,Não informado,2.0,0.0,0.0,0.0,0.0,0.0,0.0,0.0,0.0,1.0,0.0,Longo da via,Bom,Não existe,Perfeito estado,Seca,Perfeito estado,Não existe,Não há placas,60.0,Única,Faixa seccionada,Não informado,2021,9,22,2,20.0
2021-09-23,07:44:00,COM VÍTIMA,FINALIZADA,MACAXEIRA,AV NORTE MIGUEL ARRAES DE ALENCAR,Não informado,PRÓXIMO AO TI MACAXEIRA,MACAXEIRA,SUBURBIO,COLISÃO TRANSVERSAL,Não informado,1.0,1.0,0.0,0.0,0.0,0.0,0.0,0.0,0.0,1.0,0.0,Cruzamento,Bom,Não existe,Perfeito estado,Seca,Perfeito estado,Não existe,Não há placas,60.0,Não informado,Não existe,Não informado,2021,9,23,3,7.0
2021-09-23,10:41:00,SEM VÍTIMA,FINALIZADA,BOA VISTA,AV CONDE DA BOA VISTA,RUA GONCALVES MAIA,EM FRENTE AO POSTO SHELL,BOA VISTA,CIDADE,COLISÃO TRASEIRA,Não informado,1.0,0.0,0.0,0.0,0.0,0.0,0.0,1.0,0.0,0.0,0.0,Longo da via,Bom,Sem defeito,Perfeito estado,Seca,Perfeito estado,Faixa de pedestre,Não há placas,60.0,Dupla,Canteiro central,Não informado,2021,9,23,3,10.0
2021-09-23,12:50:00,COM VÍTIMA,FINALIZADA,IPSEP,RUA IBIPITUBA,RUA FRANCISCO BARRETO,EM FRENTE AO ANTIGO 19º BATAHÃO,IPSEP,Não informado,COLISÃO TRANSVERSAL,Não informado,1.0,1.0,0.0,0.0,0.0,0.0,0.0,0.0,0.0,1.0,0.0,Cruzamento,Bom,Não existe,Não existente,Seca,Perfeito estado,Não existe,Não há placas,60.0,Dupla,Não existe,Não informado,2021,9,23,3,12.0
2021-09-23,17:23:00,COM VÍTIMA,FINALIZADA,PAISSANDU,RUA SPORT CLUBE DO RECIFE,Não informado,LADO OPOSTO AO SPORT/ NA DESCIDA DA PONTE/ SENTIDO BR,PAISSANDU,SUBURBIO,COLISÃO TRASEIRA,Não informado,1.0,1.0,0.0,0.0,0.0,0.0,0.0,0.0,0.0,1.0,0.0,Longo da via,Bom,Sem defeito,Perfeito estado,Seca,Perfeito estado,Agente,R-26,60.0,Dupla,Faixa contínua,Não informado,2021,9,23,3,17.0
2021-09-23,17:41:00,COM VÍTIMA,FINALIZADA,ARRUDA,AV BEBERIBE,Não informado,E/F AO MERCADÃO DO OLEO S/T  SUB,ARRUDA,CIDADE,ATROPELAMENTO DE PESSOA,Não informado,0.0,1.0,0.0,0.0,1.0,0.0,0.0,0.0,0.0,1.0,0.0,Longo da via,Bom,Não existe,Perfeito estado,Seca,Perfeito estado,Não existe,Não há placas,60.0,Dupla,Faixa contínua,Não informado,2021,9,23,3,17.0
2021-09-23,18:48:00,COM VÍTIMA,FINALIZADA,IMBIRIBEIRA,RUA ARQUITETO LUIZ NUNES,Não informado,SEMÁFORO 634,IMBIRIBEIRA,CIDADE,COLISÃO TRANSVERSAL,Não informado,1.0,1.0,0.0,0.0,0.0,0.0,0.0,0.0,0.0,1.0,0.0,Cruzamento,Bom,Sem defeito,Perfeito estado,Seca,Perfeito estado,Faixa de pedestre,Não há placas,40.0,Dupla,Não informado,Não informado,2021,9,23,3,18.0
2021-09-23,19:35:00,COM VÍTIMA,FINALIZADA,AFOGADOS,RUA SAO MIGUEL,RUA DA PAZ,LADO DA PRAÇA DA PAZ,AFOGADOS,SUBURBIO,CHOQUE,Não informado,0.0,0.0,0.0,0.0,0.0,1.0,0.0,0.0,0.0,1.0,0.0,Cruzamento,Bom,Sem defeito,Perfeito estado,Seca,Perfeito estado,Faixa de pedestre,Outras,60.0,Única,Faixa seccionada,Não informado,2021,9,23,3,19.0
2021-09-24,08:25:00,COM VÍTIMA,FINALIZADA,APIPUCOS,RUA DE APIPUCOS,RUA CORONEL JOAO BATISTA DO REGO BARROS,CENTRO MÉDICO DE SAÚDE SÃO JOÃO,APIPUCOS,Não informado,CHOQUE,Não informado,1.0,0.0,0.0,0.0,0.0,0.0,0.0,0.0,0.0,1.0,0.0,Longo da via,Chuvoso,Sem defeito,Perfeito estado,Molhada,Perfeito estado,Faixa de retenção,Outras,60.0,Dupla,Faixa contínua,Não informado,2021,9,24,4,8.0
2021-09-24,10:39:00,COM VÍTIMA,FINALIZADA,MADALENA,RUA BENFICA,Não informado,EM FRENTE AO INTERNACIAL,MADALENA,CIDADE,COLISÃO COM CICLISTA,Não informado,1.0,0.0,0.0,1.0,0.0,0.0,0.0,0.0,0.0,1.0,0.0,Longo da via,Bom,Não existe,Perfeito estado,Seca,Perfeito estado,Não existe,Não há placas,60.0,Dupla,Outros,Não informado,2021,9,24,4,10.0