data,hora,natureza_acidente,situacao,bairro,endereco,detalhe_endereco_acidente,complemento,bairro_cruzamento,sentido_via,tipo,descricao,auto,moto,ciclom,ciclista,pedestre,onibus,caminhao,viatura,outros,vitimas,vitimasfatais,acidente_verificado,tempo_clima,situacao_semaforo,sinalizacao,condicao_via,conservacao_via,ponto_controle,situacao_placa,velocidade_max_via,mao_direcao,divisao_via1,natureza,ano,mes,dia,dia_semana,hora_ocorrencia
2021-09-24,16:13:00,SEM VÍTIMA,FINALIZADA,BOA VIAGEM,RUA CAPITAO ZUZINHA,RUA VISCONDE DE JEQUITINHONHA,Não informado,BOA VIAGEM,CIDADE,COLISÃO TRANSVERSAL,Não informado,0.0,0.0,0.0,0.0,0.0,0.0,0.0,1.0,0.0,0.0,0.0,Não informado,Não informado,Não informado,Não informado,Não informado,Não informado,Não informado,Não informado,60.0,Não informado,Não informado,Não informado,2021,9,24,4,16.0
2021-09-24,16:05:00,SEM VÍTIMA,FINALIZADA,BOA VIAGEM,RUA CAPITAO ZUZINHA,RUA VISCONDE DE JEQUITINHONHA,ACIDENTE ENTRE DOIS VEÍCULOS SENDO UM VEÍC OFÍCIAL EMLURB,BOA VIAGEM,SUBURBIO,COLISÃO TRANSVERSAL,Não informado,0.0,0.0,0.0,0.0,0.0,0.0,0.0,0.0,0.0,0.0,0.0,Não informado,Não informado,Não informado,Não informado,Não informado,Não informado,Não informado,Não informado,60.0,Não informado,Não informado,Não informado,2021,9,24,4,16.0
2021-09-24,18:04:00,COM VÍTIMA,FINALIZADA,AREIAS,AV PRESIDENTE DUTRA,Não informado,E/F AO SAL E BRASA,AREIAS,AEROPORTO INTERNACIONA DO RECIFE,COLISÃO COM CICLISTA,Não informado,0.0,1.0,0.0,1.0,0.0,0.0,0.0,0.0,0.0,1.0,0.0,Longo da via,Bom,Não existe,Perfeito estado,Seca,Perfeito estado,Não existe,Não há placas,60.0,Dupla,Canteiro central,Não informado,2021,9,24,4,18.0
2021-09-25,10:25:00,COM VÍTIMA,FINALIZADA,PINA,AVENIDA CELSO FURTADO (VIA MANGUE),Não informado,PRÓXIMO AO 19° B.P.M,PINA,CIDADE,QUEDA,Não informado,0.0,1.0,0.0,0.0,0.0,0.0,0.0,0.0,0.0,1.0,0.0,Longo da via,Bom,Não existe,Perfeito estado,Seca,Perfeito estado,Não existe,Não há placas,60.0,Dupla,Canteiro central,Não informado,2021,9,25,5,10.0
2021-09-25,10:49:00,COM VÍTIMA,FINALIZADA,IPUTINGA,AV CAXANGA,Não informado,EM FRENTE AO 17° CARTÓRIO DE REGISTRO CIVIL DA VÁRZEA,IPUTINGA,CIDADE,COLISÃO LATERAL,Não informado,0.0,2.0,0.0,0.0,0.0,0.0,0.0,0.0,0.0,1.0,0.0,Longo da via,Bom,Sem defeito,Incompleta,Seca,Não informado,Faixa de pedestre,Não há placas,60.0,Dupla,Canteiro central,Não informado,2021,9,25,5,10.0
2021-09-26,11:44:00,COM VÍTIMA,FINALIZADA,BEBERIBE,PRC DA CONVENCAO,Não informado,E/F A IGREJA CATOLICA DE BEBERIBE,BEBERIBE,Não informado,QUEDA,Não informado,0.0,1.0,0.0,0.0,0.0,0.0,0.0,0.0,0.0,1.0,0.0,Não informado,Não informado,Não informado,Não informado,Não informado,Não informado,Não informado,Não informado,60.0,Não informado,Não informado,Não informado,2021,9,26,6,11.0
2021-09-26,16:32:00,COM VÍTIMA,FINALIZADA,GRAÇAS,AV RUI BARBOSA,RUA ESMERALDINO BANDEIRA,"SOB  O SEMÁROFO  DE NUMERO 126  - RUA CARDEAL  ARCO VERDE ,  REF.  PIZZARIA ATLANTICO",GRAÇAS,CIDADE,COLISÃO COM CICLISTA,Não informado,1.0,0.0,0.0,1.0,0.0,0.0,0.0,0.0,0.0,1.0,0.0,Cruzamento,Bom,Sem defeito,Perfeito estado,Seca,Perfeito estado,Faixa de pedestre,Não há placas,60.0,Única,Não existe,Não informado,2021,9,26,6,16.0
2021-09-27,01:52:00,SEM VÍTIMA,FINALIZADA,ILHA JOANA BEZERRA,VIADUTO CAPITAO TEMUDO,Não informado,EM CIMA DO VIADUTO CAPITAO TEMUDO,ILHA JOANA BEZERRA,Não informado,CHOQUE,Não informado,1.0,0.0,0.0,0.0,0.0,0.0,0.0,0.0,0.0,0.0,0.0,Não informado,Não informado,Não informado,Não informado,Não informado,Não informado,Não informado,Não informado,60.0,Não informado,Não informado,Não informado,2021,9,27,0,1.0
2021-09-27,06:18:00,COM VÍTIMA,FINALIZADA,PRADO,AV ENGENHEIRO ABDIAS DE CARVALHO,RUA SANTA EDWIRGES,PROX A ENGENFRIO,PRADO,CIDADE,COLISÃO FRONTAL,Não informado,1.0,1.0,0.0,0.0,0.0,0.0,0.0,0.0,0.0,1.0,0.0,Cruzamento,Bom,Sem defeito,Perfeito estado,Seca,Perfeito estado,Faixa de pedestre,Outras,60.0,Dupla,Canteiro central,Não informado,2021,9,27,0,6.0
2021-09-27,08:40:00,COM VÍTIMA,FINALIZADA,TEJIPIÓ,RUA APRIGIO GUIMARAES,RUA MANDUZINHO,MERCADINHO CUSTODIA,TEJIPIÓ,SUBURBIO,QUEDA,Não informado,0.0,1.0,0.0,0.0,0.0,0.0,0.0,0.0,0.0,1.0,0.0,Longo da via,Bom,Sem defeito,Perfeito estado,Seca,Mal conservada,Faixa de pedestre,R-6a,60.0,Dupla,Faixa contínua,Não informado,2021,9,27,0,8.0
2021-09-27,14:44:00,COM VÍTIMA,FINALIZADA,TORRÕES,RUA DR MIGUEL VIEIRA FERREIRA,RUA CLAUDIO BROTHERHOOD,UPAS LIDER VIDROS,TORRÕES,SUBURBIO,COLISÃO TRANSVERSAL,Não informado,2.0,0.0,0.0,0.0,0.0,0.0,0.0,0.0,0.0,1.0,0.0,Cruzamento,Bom,Não existe,Perfeito estado,Seca,Perfeito estado,Faixa de retenção,"Placas ""Pare""",60.0,Dupla,Faixa seccionada,Não informado,2021,9,27,0,14.0
2021-09-27,15:25:00,COM VÍTIMA,CANCELADA,SANTO AMARO,AV GOVERNADOR AGAMENON MAGALHAES,Não informado,NA SUBIDA DO VIADUTO AO LADO DO CIRCULO MILITAR S/T OLINDA,SANTO AMARO,Não informado,ENGAVETAMENTO,Não informado,3.0,0.0,0.0,0.0,0.0,0.0,0.0,0.0,0.0,2.0,0.0,Não informado,Não informado,Não informado,Não informado,Não informado,Não informado,Não informado,Não informado,60.0,Não informado,Não informado,Não informado,2021,9,27,0,15.0
2021-09-27,15:37:00,COM VÍTIMA,FINALIZADA,IMBIRIBEIRA,RUA JOSE DA SILVA LUCENA,RUA SARGENTO SILVINO DE MACEDO,EM FRENTE AO NÚMERO 241,IMBIRIBEIRA,SUBURBIO,COLISÃO FRONTAL,Não informado,1.0,1.0,0.0,0.0,0.0,0.0,0.0,0.0,0.0,1.0,0.0,Cruzamento,Bom,Não existe,Perfeito estado,Seca,Perfeito estado,Não existe,Não há placas,60.0,Dupla,Não existe,Não informado,2021,9,27,0,15.0
2021-09-27,16:14:00,SEM VÍTIMA,FINALIZADA,CAMPO GRANDE,RUA FRANCISCO BERENGUER,Não informado,Não informado,CAMPO GRANDE,SUBURBIO,COLISÃO TRASEIRA,Não informado,2.0,0.0,0.0,0.0,0.0,0.0,0.0,0.0,0.0,0.0,0.0,Longo da via,Bom,Não existe,Não informado,Seca,Perfeito estado,Não existe,Não há placas,30.0,Dupla,Não existe,Não informado,2021,9,27,0,16.0
2021-09-27,20:08:00,COM VÍTIMA,FINALIZADA,IBURA,AV DOIS RIOS,LAD DA COHAB,AO LADO DA POLICLINA PROFESSOR ARNALDO BASTOS,IBURA,SUBURBIO,COLISÃO FRONTAL,Não informado,1.0,2.0,0.0,0.0,0.0,0.0,0.0,0.0,0.0,2.0,0.0,Longo da via,Bom,Não existe,Perfeito estado,Seca,Perfeito estado,Não existe,Não há placas,60.0,Dupla,Não existe,Não informado,2021,9,27,0,20.0
2021-09-27,21:53:40,COM VÍTIMA,FINALIZADA,CASA AMARELA,RUA DOIS DE FEVEREIRO,Não informado,CENTRO PEDRO CARNEIRO,CASA AMARELA,CIDADE,COLISÃO FRONTAL,Não informado,1.0,1.0,0.0,0.0,0.0,0.0,0.0,0.0,0.0,1.0,0.0,Longo da via,Bom,Sem defeito,Ilegível,Seca,Perfeito estado,Não existe,Outras,60.0,Dupla,Faixa contínua,Não informado,2021,9,27,0,21.0
2021-09-28,01:09:00,SEM VÍTIMA,FINALIZADA,BAIRRO DO RECIFE,AV MILITAR,Não informado,E/F À UNIDADE DA GUARDA PORTUÁRIA - PROXIMO À FABRICA DA PILAR,BAIRRO DO RECIFE,Não informado,CHOQUE,Não informado,1.0,0.0,0.0,0.0,0.0,0.0,0.0,0.0,0.0,0.0,0.0,Não informado,Não informado,Não informado,Não informado,Não informado,Não informado,Não informado,Não informado,60.0,Não informado,Não informado,Não informado,2021,9,28,1,1.0
2021-09-28,11:53:00,COM VÍTIMA,FINALIZADA,SANTO AMARO,AV CRUZ CABUGA,Não informado,EM FRENTE AO N° 481,SANTO AMARO,CIDADE,COLISÃO TRANSVERSAL,Não informado,0.0,0.0,0.0,0.0,0.0,2.0,0.0,0.0,0.0,2.0,0.0,Longo da via,Bom,Sem defeito,Perfeito estado,Seca,Perfeito estado,Faixa de pedestre,Outras,60.0,Dupla,Faixa contínua,Não informado,2021,9,28,1,11.0
2021-09-28,12:47:00,COM VÍTIMA,FINALIZADA,TAMARINEIRA,RUA CONEGO BARATA,AV NORTE MIGUEL ARRAES DE ALENCAR,EM FRENTE À OFICINA TRI AUTOS,TAMARINEIRA,CIDADE,COLISÃO TRASEIRA,Não informado,0.0,1.0,0.0,0.0,0.0,1.0,0.0,0.0,0.0,1.0,0.0,Cruzamento,Bom,Sem defeito,Perfeito estado,Seca,Perfeito estado,Faixa de pedestre,R-6a,60.0,Dupla,Canteiro central,Não informado,2021,9,28,1,12.0
2021-09-28,14:18:00,COM VÍTIMA,FINALIZADA,CASA AMARELA,RUA PADRE LEMOS,RUA DR TOME DIAS,NO CENTRO DE CASA AMARELA E/F A IGREJA UNIVERSAL,CASA AMARELA,CIDADE,COLISÃO FRONTAL,Não informado,1.0,1.0,0.0,0.0,0.0,0.0,0.0,0.0,0.0,1.0,0.0,Longo da via,Bom,Não existe,Perfeito estado,Seca,Perfeito estado,Faixa de pedestre,"Placas ""Pare""",60.0,Dupla,Não existe,Não informado,2021,9,28,1,14.0
2021-09-28,17:37:00,COM VÍTIMA,FINALIZADA,IMBIRIBEIRA,AV MARECHAL MASCARENHAS DE MORAES,RUA JALISCO,"EM FRENTE AO GERALDÃO, VEÍCULO ATROPELOU UMA SRA. E FULGOU DO LOCAL DO FATO. PLACA E MARCA MODELO NÃO ANOTADA",IMBIRIBEIRA,CIDADE,ATROPELAMENTO DE PESSOA,Não informado,1.0,0.0,0.0,0.0,1.0,0.0,0.0,0.0,0.0,1.0,0.0,Longo da via,Bom,Sem defeito,Perfeito estado,Seca,Perfeito estado,Faixa de pedestre,R-6a,60.0,Única,Faixa contínua,Não informado,2021,9,28,1,17.0
2021-09-28,19:57:00,COM VÍTIMA,FINALIZADA,PRADO,AV ENGENHEIRO ABDIAS DE CARVALHO,Não informado,APÓS A ESTACIO  / PROX A FUNASE,PRADO,SUBURBIO,ATROPELAMENTO DE ANIMAL,Não informado,0.0,1.0,0.0,0.0,0.0,0.0,0.0,0.0,0.0,1.0,0.0,Longo da via,Bom,Não existe,Perfeito estado,Seca,Perfeito estado,Não existe,Não há placas,60.0,Dupla,Faixa seccionada,Não informado,2021,9,28,1,19.0
2021-09-29,00:10:00,SEM VÍTIMA,CANCELADA,ESPINHEIRO,RUA MARQUES DO PARANA,Não informado,Não informado,ESPINHEIRO,Não informado,COLISÃO FRONTAL,Não informado,0.0,0.0,0.0,0.0,0.0,0.0,0.0,0.0,0.0,0.0,0.0,Não informado,Não informado,Não informado,Não informado,Não informado,Não informado,Não informado,Não informado,60.0,Não informado,Não informado,Não informado,2021,9,29,2,0.0
2021-09-29,07:34:00,COM VÍTIMA,FINALIZADA,IPSEP,RUA JEAN EMILE FAVRE,RUA PAMPULHA,PROX A PRAÇA DA MAURUCEIA,IPSEP,SUBURBIO,COLISÃO TRANSVERSAL,Não informado,1.0,1.0,0.0,0.0,0.0,0.0,0.0,0.0,0.0,1.0,0.0,Cruzamento,Bom,Sem defeito,Perfeito estado,Seca,Perfeito estado,Faixa de pedestre,R-26,60.0,Dupla,Faixa contínua,Não informado,2021,9,29,2,7.0
2021-09-29,11:22:00,COM VÍTIMA,FINALIZADA,PINA,AV ENGENHEIRO DOMINGOS FERREIRA,RUA PEREIRA DA COSTA,E/F AO EMPRESARIAL MARCELO DOBEUX,PINA,SUBURBIO,COLISÃO TRASEIRA,Não informado,1.0,1.0,0.0,0.0,0.0,0.0,0.0,0.0,0.0,1.0,0.0,Cruzamento,Bom,Sem defeito,Perfeito estado,Seca,Perfeito estado,Faixa de pedestre,R-4b,60.0,Dupla,Canteiro central,Não informado,2021,9,29,2,11.0
2021-09-29,12:34:00,COM VÍTIMA,FINALIZADA,BAIRRO DO RECIFE,AV ALFREDO LISBOA,RUA BREJO DA MADRE DE DEUS,POSTO BR,BAIRRO DO RECIFE,CIDADE,COLISÃO TRASEIRA,Não informado,2.0,1.0,0.0,0.0,0.0,0.0,0.0,0.0,0.0,1.0,0.0,Longo da via,Bom,Não existe,Perfeito estado,Seca,Perfeito estado,Não existe,R-6a,30.0,Não informado,Faixa seccionada,Não informado,2021,9,29,2,12.0
2021-09-29,12:52:00,SEM VÍTIMA,FINALIZADA,BOA VISTA,RUA DOM BOSCO,Não informado,APÓS O POSTO IPIRANGA,BOA VISTA,SUBURBIO,Não informado,Não informado,1.0,0.0,0.0,0.0,0.0,0.0,0.0,1.0,0.0,0.0,0.0,Longo da via,Bom,Não existe,Perfeito estado,Seca,Perfeito estado,Outros,Outras,40.0,Única,Faixa seccionada,Não informado,2021,9,29,2,12.0
2021-09-29,22:45:40,COM VÍTIMA,FINALIZADA,MADALENA,AV CAXANGA,Não informado,"E/F AO BANCO SANTANDER, SNT SUB",MADALENA,SUBURBIO,ATROPELAMENTO DE ANIMAL,Não informado,0.0,1.0,0.0,0.0,0.0,0.0,0.0,0.0,0.0,1.0,0.0,Longo da via,Chuvoso,Sem defeito,Perfeito estado,Molhada,Perfeito estado,Não existe,Não há placas,60.0,Dupla,Canteiro central,Não informado,2021,9,29,2,22.0
2021-09-30,03:20:00,COM VÍTIMA,FINALIZADA,BOA VIAGEM,RUA BARAO DE SOUZA LEAO,RUA VISCONDE DE JEQUITINHONHA,CRUZAMENTO C/A RUA BARÃO DE SOUZA LEÃO - E/F AO HOSPITAL ALFA,BOA VIAGEM,CIDADE,COLISÃO TRANSVERSAL,Não informado,1.0,1.0,0.0,0.0,0.0,0.0,0.0,0.0,0.0,1.0,0.0,Cruzamento,Chuvoso,Sem defeito,Perfeito estado,Molhada,Mal iluminada,Faixa de pedestre,R-6a,60.0,Única,Faixa contínua,Não informado,2021,9,30,3,3.0
2021-09-30,03:47:00,SEM VÍTIMA,FINALIZADA,CASA FORTE,AV DEZESSETE DE AGOSTO,Não informado,E/F À SAIDA DO SHOPPING PLAZA,CASA FORTE,Não informado,COLISÃO TRASEIRA,Não informado,2.0,0.0,0.0,0.0,0.0,0.0,0.0,0.0,0.0,0.0,0.0,Não informado,Não informado,Não informado,Não informado,Não informado,Não informado,Não informado,Não informado,60.0,Não informado,Não informado,Não informado,2021,9,30,3,3.0
2021-09-30,07:51:00,COM VÍTIMA,FINALIZADA,GRAÇAS,AV CONS ROSA E SILVA,Não informado,E/F AO TRE ANEXO,GRAÇAS,CIDADE,COLISÃO FRONTAL,Não informado,1.0,1.0,0.0,0.0,0.0,0.0,0.0,0.0,0.0,2.0,0.0,Longo da via,Bom,Não existe,Perfeito estado,Molhada,Perfeito estado,Não existe,Não há placas,60.0,Única,Canteiro central,Não informado,2021,9,30,3,7.0
2021-09-30,08:49:00,COM VÍTIMA,FINALIZADA,BOA VIAGEM,AVENIDA CELSO FURTADO (VIA MANGUE),Não informado,HABTACIONAL ENCANTA MOÇÃ,BOA VIAGEM,SUBURBIO,COLISÃO TRASEIRA,Não informado,1.0,1.0,0.0,0.0,0.0,0.0,0.0,0.0,0.0,1.0,0.0,Longo da via,Bom,Não existe,Perfeito estado,Seca,Perfeito estado,Não existe,Não há placas,60.0,Única,Faixa seccionada,Não informado,2021,9,30,3,8.0
2021-09-30,15:00:00,SEM VÍTIMA,FINALIZADA,DOIS IRMÃOS,EST DOS PINTOS,Não informado,EM FRENTE A QUITANDA COMPRE MAIS,DOIS IRMÃOS,Não informado,COLISÃO LATERAL,Não informado,2.0,0.0,0.0,0.0,0.0,0.0,0.0,0.0,0.0,0.0,0.0,Não informado,Não informado,Não informado,Não informado,Não informado,Não informado,Não informado,Não informado,60.0,Não informado,Não informado,Não informado,2021,9,30,3,15.0
2021-09-30,17:59:00,COM VÍTIMA,FINALIZADA,DERBY,RUA JOAQUIM NABUCO,Não informado,AO LADO DO HOSPITAL DA RESTAURAÇÃO,DERBY,SUBURBIO,Não informado,Não informado,1.0,1.0,0.0,0.0,0.0,0.0,0.0,0.0,0.0,1.0,0.0,Longo da via,Bom,Não informado,Perfeito estado,Seca,Perfeito estado,Não existe,R-6a,60.0,Única,Faixa seccionada,Não informado,2021,9,30,3,17.0
2021-09-30,19:00:00,SEM VÍTIMA,FINALIZADA,GRAÇAS,AV GOVERNADOR AGAMENON MAGALHAES,AV CONS ROSA E SILVA,EM FRENTE À MC DONALDS,GRAÇAS,Não informado,COLISÃO TRANSVERSAL,Não informado,3.0,0.0,0.0,0.0,0.0,0.0,0.0,0.0,0.0,0.0,0.0,Não informado,Não informado,Não informado,Não informado,Não informado,Não informado,Não informado,Não informado,60.0,Não informado,Não informado,Não informado,2021,9,30,3,19.0
2021-09-30,21:04:40,COM VÍTIMA,FINALIZADA,TAMARINEIRA,EST VELHA DE AGUA FRIA,Não informado,EM FRENTE AO N° 655,TAMARINEIRA,CIDADE,COLISÃO TRANSVERSAL,Não informado,0.0,0.0,0.0,0.0,0.0,0.0,0.0,0.0,0.0,1.0,0.0,Longo da via,Bom,Não existe,Perfeito estado,Seca,Perfeito estado,Não existe,Não há placas,60.0,Dupla,Faixa contínua,Não informado,2021,9,30,3,21.0
2021-10-01,01:57:00,COM VÍTIMA,FINALIZADA,APIPUCOS,AV DEZESSETE DE AGOSTO,Não informado,AO LADO DO MOTEL SENZALA,APIPUCOS,CIDADE,CHOQUE,Não informado,1.0,0.0,0.0,0.0,0.0,0.0,0.0,0.0,0.0,1.0,0.0,Longo da via,Bom,Não existe,Perfeito estado,Molhada,Perfeito estado,Não existe,Não há placas,60.0,Dupla,Faixa contínua,Não informado,2021,10,1,4,1.0
2021-10-01,02:55:00,SEM VÍTIMA,FINALIZADA,ESPINHEIRO,RUA DA HORA,Não informado,RESTAURANTE SINHÁ JOANA,ESPINHEIRO,Não informado,COLISÃO LATERAL,Não informado,2.0,0.0,0.0,0.0,0.0,0.0,0.0,0.0,0.0,0.0,0.0,Não informado,Não informado,Não informado,Não informado,Não informado,Não informado,Não informado,Não informado,60.0,Não informado,Não informado,Não informado,2021,10,1,4,2.0
2021-10-01,07:31:00,COM VÍTIMA,FINALIZADA,SÃO JOSÉ,AV ENGENHEIRO JOSE ESTELITA,Não informado,EM BAIXO DO VIADUTO JOAO PAULO II  / SENT BOA VIAGEM,SÃO JOSÉ,SUBURBIO,COLISÃO FRONTAL,Não informado,1.0,1.0,0.0,0.0,0.0,0.0,0.0,0.0,0.0,1.0,0.0,Longo da via,Bom,Não informado,Ilegível,Seca,Perfeito estado,Não existe,Não há placas,60.0,Única,Faixa seccionada,Não informado,2021,10,1,4,7.0
2021-10-01,08:37:00,COM VÍTIMA,FINALIZADA,CORDEIRO,AV CAXANGA,Não informado,EM FRENTE A FATAL PNEUS,CORDEIRO,CIDADE,ATROPELAMENTO DE PESSOA,Não informado,1.0,1.0,0.0,0.0,1.0,0.0,0.0,0.0,0.0,2.0,0.0,Longo da via,Bom,Sem defeito,Perfeito estado,Seca,Perfeito estado,Não existe,Não há placas,60.0,Dupla,Canteiro central,Não informado,2021,10,1,4,8.0
2021-10-01,12:20:00,COM VÍTIMA,FINALIZADA,AREIAS,AV TAPAJOS,Não informado,EM FRENTE AO N° 170,AREIAS,SUBURBIO,COLISÃO TRASEIRA,Não informado,0.0,1.0,0.0,0.0,0.0,0.0,0.0,0.0,0.0,1.0,0.0,Longo da via,Bom,Sem defeito,Perfeito estado,Seca,Perfeito estado,Não informado,Outras,60.0,Dupla,Faixa contínua,Não informado,2021,10,1,4,12.0
2021-10-01,12:54:00,COM VÍTIMA,FINALIZADA,SANTO AMARO,AV GOVERNADOR AGAMENON MAGALHAES,Não informado,SEMÁFORO 465,SANTO AMARO,SUBURBIO,COLISÃO FRONTAL,Não informado,1.0,1.0,0.0,0.0,0.0,0.0,0.0,0.0,0.0,1.0,0.0,Longo da via,Bom,Sem defeito,Perfeito estado,Seca,Perfeito estado,Não informado,Não informado,60.0,Não informado,Não informado,Não informado,2021,10,1,4,12.0
2021-10-01,15:50:00,COM VÍTIMA,FINALIZADA,SANTO AMARO,AV CRUZ CABUGA,RUA DOIS DE JULHO,EM FRENTE AO ARMAZÉM CORAL,SANTO AMARO,SUBURBIO,COLISÃO TRANSVERSAL,Não informado,1.0,1.0,0.0,0.0,0.0,0.0,0.0,0.0,0.0,1.0,0.0,Longo da via,Bom,Não existe,Perfeito estado,Seca,Perfeito estado,Outros,Outras,60.0,Dupla,Faixa seccionada,Não informado,2021,10,1,4,15.0
2021-10-01,18:24:00,COM VÍTIMA,FINALIZADA,BONGI,AV ENGENHEIRO ABDIAS DE CARVALHO,Não informado,LADO OPOSTO AO POSTO BR,BONGI,SUBURBIO,ENGAVETAMENTO,Não informado,4.0,0.0,0.0,0.0,0.0,0.0,0.0,0.0,0.0,2.0,0.0,Longo da via,Bom,Não existe,Perfeito estado,Seca,Perfeito estado,Não existe,Não há placas,60.0,Única,Faixa seccionada,Não informado,2021,10,1,4,18.0
2021-10-01,19:51:00,COM VÍTIMA,FINALIZADA,IBURA,AV DOIS RIOS,Não informado,LADEIRA DA COHAB,IBURA,SUBURBIO,COLISÃO TRASEIRA,Não informado,0.0,2.0,0.0,0.0,0.0,0.0,0.0,0.0,0.0,2.0,0.0,Longo da via,Bom,Não existe,Não existente,Seca,Perfeito estado,Não existe,Não há placas,60.0,Dupla,Faixa contínua,Não informado,2021,10,1,4,19.0
2021-10-02,00:25:00,COM VÍTIMA,FINALIZADA,SÃO JOSÉ,AV SUL,Não informado,LADO OPOSTO NÚMERO,SÃO JOSÉ,SUBURBIO,COLISÃO FRONTAL,Não informado,0.0,1.0,0.0,0.0,0.0,1.0,0.0,0.0,0.0,1.0,0.0,Longo da via,Chuvoso,Não existe,Perfeito estado,Molhada,Perfeito estado,Não existe,Não há placas,60.0,Dupla,Faixa contínua,Não informado,2021,10,2,5,0.0
2021-10-02,02:15:00,SEM VÍTIMA,FINALIZADA,PINA,AVENIDA CELSO FURTADO (VIA MANGUE),Não informado,AO LADO DO ANTIGO AERO CLUBE,PINA,SUBURBIO,CHOQUE,Não informado,1.0,0.0,0.0,0.0,0.0,0.0,0.0,0.0,0.0,0.0,0.0,Longo da via,Chuvoso,Não existe,Perfeito estado,Molhada,Perfeito estado,Outros,Outras,60.0,Dupla,Faixa contínua,Não informado,2021,10,2,5,2.0
2021-10-02,08:02:00,SEM VÍTIMA,FINALIZADA,CORDEIRO,AV CAXANGA,Não informado,EM FRENTE A SÓ AQUI TEM AUTO PEÇA,CORDEIRO,CIDADE,COLISÃO TRASEIRA,Não informado,2.0,0.0,0.0,0.0,0.0,1.0,0.0,0.0,0.0,0.0,0.0,Longo da via,Bom,Não existe,Perfeito estado,Seca,Perfeito estado,Não existe,R-6a,60.0,Dupla,Faixa seccionada,Não informado,2021,10,2,5,8.0
2021-10-02,10:51:00,COM VÍTIMA,FINALIZADA,LINHA DO TIRO,RUA GUARAJA,RUA RIO CORRENTE,EM FRENTE AO N° 73,LINHA DO TIRO,S,COLISÃO FRONTAL,Não informado,1.0,1.0,0.0,0.0,0.0,0.0,0.0,0.0,0.0,1.0,0.0,Cruzamento,Bom,Não existe,Perfeito estado,Seca,Não informado,Faixa de pedestre,"Placas ""Pare""",20.0,Dupla,Não existe,Não informado,2021,10,2,5,10.0
2021-10-02,12:33:00,COM VÍTIMA,FINALIZADA,SANTO ANTÔNIO,AV MARTINS DE BARROS,Não informado,ENFRENTE AO ARMAZEM DO CAMPO,SANTO ANTÔNIO,Não informado,ATROPELAMENTO DE PESSOA,Não informado,1.0,0.0,0.0,0.0,1.0,0.0,0.0,0.0,0.0,1.0,0.0,Longo da via,Bom,Sem defeito,Perfeito estado,Seca,Perfeito estado,Faixa de pedestre,Outras,40.0,Única,Faixa seccionada,Não informado,2021,10,2,5,12.0
2021-10-02,12:39:00,COM VÍTIMA,FINALIZADA,JORDÃO,AV DONA CARENTINA,Não informado,EM FRENTE À ACADEMIA DA CIDADE DO JODÃO BAIXO,JORDÃO,Não informado,COLISÃO LATERAL,Não informado,1.0,1.0,0.0,0.0,0.0,0.0,0.0,0.0,0.0,1.0,0.0,Não informado,Não informado,Não informado,Não informado,Não informado,Não informado,Não informado,Não informado,60.0,Não informado,Não informado,Não informado,2021,10,2,5,12.0
2021-10-02,16:02:00,COM VÍTIMA,FINALIZADA,IBURA,AV ENGENHO SERRA VERDE,Não informado,TONHO FRUTAS,IBURA,CIDADE,COLISÃO FRONTAL,Não informado,1.0,1.0,0.0,0.0,0.0,0.0,0.0,0.0,0.0,1.0,0.0,Longo da via,Bom,Não existe,Perfeito estado,Seca,Perfeito estado,Não existe,R-6a,60.0,Única,Não existe,Não informado,2021,10,2,5,16.0
2021-10-02,16:46:00,COM VÍTIMA,CANCELADA,CASA AMARELA,EST DO ARRAIAL,Não informado,EM FRENTE AO BANCO DO BRASIL,CASA AMARELA,Não informado,ATROPELAMENTO DE PESSOA,Não informado,1.0,0.0,0.0,0.0,0.0,0.0,0.0,0.0,0.0,1.0,0.0,Não informado,Não informado,Não informado,Não informado,Não informado,Não informado,Não informado,Não informado,60.0,Não informado,Não informado,Não informado,2021,10,2,5,16.0
2021-10-02,17:06:00,COM VÍTIMA,FINALIZADA,DOIS IRMÃOS,RUA MANUEL DE MEDEIROS,AV LUIZ ANTONIO DE ARAUJO,BORRACHARIA PNEUS E RODAS,DOIS IRMÃOS,Não informado,COLISÃO TRASEIRA,Não informado,2.0,0.0,0.0,0.0,0.0,0.0,0.0,0.0,0.0,1.0,0.0,Longo da via,Bom,Não existe,Não existente,Seca,Mal conservada,Não existe,Outras,60.0,Dupla,Faixa seccionada,Não informado,2021,10,2,5,17.0
2021-10-02,17:38:00,VÍTIMA FATAL,FINALIZADA,MADALENA,AV CAXANGA,Não informado,EM FRENTE AO CFI COLÉGIO DE FORMÇÃO INTEGRAL,MADALENA,SUBURBIO,CHOQUE,Não informado,0.0,0.0,0.0,0.0,0.0,0.0,0.0,0.0,0.0,2.0,1.0,Longo da via,Bom,Não existe,Incompleta,Seca,Perfeito estado,Não existe,Não há placas,60.0,Dupla,Faixa contínua,Não informado,2021,10,2,5,17.0