data,hora,natureza_acidente,situacao,bairro,endereco,detalhe_endereco_acidente,complemento,bairro_cruzamento,sentido_via,tipo,descricao,auto,moto,ciclom,ciclista,pedestre,onibus,caminhao,viatura,outros,vitimas,vitimasfatais,acidente_verificado,tempo_clima,situacao_semaforo,sinalizacao,condicao_via,conservacao_via,ponto_controle,situacao_placa,velocidade_max_via,mao_direcao,divisao_via1,natureza,ano,mes,dia,dia_semana,hora_ocorrencia
2021-10-02,20:54:40,COM VÍTIMA,FINALIZADA,COHAB,AV SANTA FE,Não informado,LADO OPOSTO A GRÁFICA BARTO INFORMÁTICA,COHAB,SUBURBIO,COLISÃO FRONTAL,Não informado,0.0,2.0,0.0,0.0,0.0,0.0,0.0,0.0,0.0,2.0,0.0,Longo da via,Bom,Não existe,Perfeito estado,Seca,Perfeito estado,Não existe,Não há placas,60.0,Dupla,Faixa seccionada,Não informado,2021,10,2,5,20.0
2021-10-02,21:42:40,COM VÍTIMA,FINALIZADA,CASA AMARELA,AV NORTE MIGUEL ARRAES DE ALENCAR,Não informado,POLICLINICA PROF BARROS LIMAS,CASA AMARELA,CIDADE,COLISÃO TRASEIRA,Não informado,0.0,0.0,0.0,0.0,0.0,0.0,0.0,0.0,0.0,1.0,0.0,Longo da via,Bom,Não existe,Perfeito estado,Seca,Perfeito estado,Não existe,Não há placas,60.0,Dupla,Faixa seccionada,Não informado,2021,10,2,5,21.0
2021-10-03,08:32:00,SEM VÍTIMA,FINALIZADA,SANTO ANTÔNIO,PRC DA REPUBLICA,Não informado,EM FRENTE AO FORUM DA JUSTIÇA,SANTO ANTÔNIO,CIDADE,CHOQUE,Não informado,1.0,0.0,0.0,0.0,0.0,0.0,0.0,0.0,0.0,0.0,0.0,Longo da via,Bom,Sem defeito,Perfeito estado,Seca,Perfeito estado,Não informado,Outras,60.0,Não informado,Faixa contínua,Não informado,2021,10,3,6,8.0
2021-10-03,15:41:00,COM VÍTIMA,FINALIZADA,NOVA DESCOBERTA,AV VEREADOR OTACILIO AZEVEDO,Não informado,PROXIMO A SEMENTEIRA,NOVA DESCOBERTA,SUBURBIO,ATROPELAMENTO DE PESSOA,Não informado,1.0,0.0,0.0,0.0,1.0,0.0,0.0,0.0,0.0,1.0,0.0,Longo da via,Bom,Não existe,Não existente,Seca,Perfeito estado,Não existe,Outras,30.0,Dupla,Não existe,Não informado,2021,10,3,6,15.0
2021-10-03,16:21:00,COM VÍTIMA,CANCELADA,ÁGUA FRIA,AV BEBERIBE,RUA DA REGENERACAO,NO SEMAFORO 187,ÁGUA FRIA,Não informado,COLISÃO FRONTAL,Não informado,1.0,1.0,0.0,0.0,0.0,0.0,0.0,0.0,0.0,1.0,0.0,Não informado,Não informado,Não informado,Não informado,Não informado,Não informado,Não informado,Não informado,60.0,Não informado,Não informado,Não informado,2021,10,3,6,16.0
2021-10-03,20:14:00,COM VÍTIMA,FINALIZADA,IMBIRIBEIRA,AV GENERAL MAC ARTHUR,RUA JORGE DE LIMA,SEMÁFORO 402 / PRÓX AO GALETO DO MATUTO,IMBIRIBEIRA,Não informado,COLISÃO TRASEIRA,Não informado,1.0,1.0,0.0,0.0,0.0,0.0,0.0,0.0,0.0,2.0,0.0,Cruzamento,Bom,Sem defeito,Perfeito estado,Seca,Perfeito estado,Não existe,Outras,60.0,Única,Faixa seccionada,Não informado,2021,10,3,6,20.0
2021-10-03,20:35:40,COM VÍTIMA,FINALIZADA,TAMARINEIRA,AV NORTE MIGUEL ARRAES DE ALENCAR,RUA CONEGO BARATA,RUA CONEGO BARATA,TAMARINEIRA,SUBURBIO,COLISÃO FRONTAL,Não informado,2.0,0.0,0.0,0.0,0.0,0.0,0.0,0.0,0.0,1.0,0.0,Cruzamento,Bom,Sem defeito,Perfeito estado,Seca,Perfeito estado,Faixa de pedestre,Não há placas,60.0,Dupla,Faixa seccionada,Não informado,2021,10,3,6,20.0
2021-10-04,00:19:00,COM VÍTIMA,FINALIZADA,IBURA,AV DOIS RIOS,RUA RIO XINGU,CRUZAMENTO C/A RUA RIO XINGU,IBURA,SUBURBIO,COLISÃO TRANSVERSAL,Não informado,1.0,1.0,0.0,0.0,0.0,0.0,0.0,0.0,0.0,1.0,0.0,Longo da via,Bom,Sem defeito,Perfeito estado,Seca,Perfeito estado,Faixa de pedestre,"Placas ""Pare""",60.0,Dupla,Faixa contínua,Não informado,2021,10,4,0,0.0
2021-10-04,08:12:00,COM VÍTIMA,FINALIZADA,VÁRZEA,AV BARAO DE BONITO,Não informado,EM FRENTE A MULTYLOG,VÁRZEA,CIDADE,COLISÃO TRANSVERSAL,Não informado,1.0,1.0,0.0,0.0,0.0,0.0,0.0,0.0,0.0,2.0,0.0,Longo da via,Bom,Não existe,Ilegível,Seca,Perfeito estado,Não existe,R-6a,30.0,Dupla,Não existe,Não informado,2021,10,4,0,8.0
2021-10-04,08:48:00,SEM VÍTIMA,FINALIZADA,SANTO AMARO,AV GOVERNADOR AGAMENON MAGALHAES,Não informado,SEMÁFORO 378,SANTO AMARO,SUBURBIO,CHOQUE,Não informado,1.0,0.0,0.0,0.0,0.0,0.0,0.0,0.0,0.0,0.0,0.0,Longo da via,Bom,Sem defeito,Perfeito estado,Seca,Perfeito estado,Não existe,Não há placas,60.0,Não informado,Faixa contínua,Não informado,2021,10,4,0,8.0
2021-10-04,09:16:00,COM VÍTIMA,FINALIZADA,PARNAMIRIM,AV FLOR DE SANTANA,Não informado,E/F AO EMPRESARIAL FLOR DE SANTANA,PARNAMIRIM,CIDADE,COLISÃO TRANSVERSAL,Não informado,1.0,1.0,0.0,0.0,0.0,0.0,0.0,0.0,0.0,1.0,0.0,Longo da via,Bom,Não existe,Ilegível,Seca,Perfeito estado,Outros,R-6a,60.0,Dupla,Não existe,Não informado,2021,10,4,0,9.0
2021-10-04,10:14:00,COM VÍTIMA,FINALIZADA,BOA VIAGEM,RUA COSMORAMA,RUA JOSE HIPOLITO CARDOSO,CLUBE SARGENTO DA AERONÁUTICA,BOA VIAGEM,SUBURBIO,COLISÃO FRONTAL,Não informado,1.0,1.0,0.0,0.0,0.0,0.0,0.0,0.0,0.0,1.0,0.0,Longo da via,Bom,Não existe,Perfeito estado,Seca,Perfeito estado,Não existe,Não há placas,40.0,Dupla,Faixa seccionada,Não informado,2021,10,4,0,10.0
2021-10-04,10:25:00,COM VÍTIMA,FINALIZADA,BOA VISTA,AV CONDE DA BOA VISTA,Não informado,PROX. A CREFISA,BOA VISTA,CIDADE,QUEDA,Não informado,0.0,1.0,0.0,0.0,0.0,0.0,0.0,0.0,0.0,1.0,0.0,Longo da via,Bom,Sem defeito,Perfeito estado,Seca,Perfeito estado,Faixa de pedestre,Não há placas,60.0,Dupla,Canteiro central,Não informado,2021,10,4,0,10.0
2021-10-04,10:48:00,COM VÍTIMA,FINALIZADA,IPUTINGA,AV MAURICIO DE NASSAU,Não informado,EM FRENTE AO ALTINO VENTURA,IPUTINGA,SUBURBIO,COLISÃO TRANSVERSAL,Não informado,1.0,1.0,0.0,0.0,0.0,0.0,0.0,0.0,0.0,1.0,0.0,Longo da via,Bom,Sem defeito,Perfeito estado,Seca,Perfeito estado,Não existe,R-6a,60.0,Dupla,Faixa contínua,Não informado,2021,10,4,0,10.0
2021-10-04,12:25:00,SEM VÍTIMA,FINALIZADA,CORDEIRO,AV CAXANGA,Não informado,EM FRENTE AO SUPERMERCADO SOBERANO,CORDEIRO,CIDADE,COLISÃO TRASEIRA,Não informado,1.0,0.0,0.0,0.0,0.0,1.0,0.0,0.0,0.0,0.0,0.0,Longo da via,Bom,Sem defeito,Perfeito estado,Seca,Perfeito estado,Outros,Outras,60.0,Dupla,Canteiro central,Não informado,2021,10,4,0,12.0
2021-10-04,15:26:00,COM VÍTIMA,FINALIZADA,CORDEIRO,RUA DR MIGUEL VIEIRA FERREIRA,RUA CLAUDIO BROTHERHOOD,PRÓX AO DEPÓSITO BETO BEBIDAS,CORDEIRO,CIDADE,COLISÃO TRANSVERSAL,Não informado,0.0,2.0,0.0,0.0,0.0,0.0,0.0,0.0,0.0,1.0,0.0,Cruzamento,Bom,Não existe,Incompleta,Seca,Perfeito estado,Não existe,Não informado,60.0,Dupla,Não informado,Não informado,2021,10,4,0,15.0
2021-10-04,16:02:00,SEM VÍTIMA,FINALIZADA,GRAÇAS,AV RUI BARBOSA,RUA MUNIZ TAVARES,Não informado,GRAÇAS,Não informado,CHOQUE,Não informado,1.0,0.0,0.0,0.0,0.0,0.0,0.0,0.0,0.0,0.0,0.0,Não informado,Não informado,Não informado,Não informado,Não informado,Não informado,Não informado,Não informado,60.0,Não informado,Não informado,Não informado,2021,10,4,0,16.0
2021-10-04,17:32:00,COM VÍTIMA,FINALIZADA,SANTO AMARO,AV NORTE MIGUEL ARRAES DE ALENCAR,RUA DA AURORA,Não informado,SANTO AMARO,SUBURBIO,COLISÃO TRANSVERSAL,Não informado,1.0,1.0,0.0,0.0,0.0,0.0,0.0,0.0,0.0,1.0,0.0,Cruzamento,Bom,Sem defeito,Perfeito estado,Seca,Perfeito estado,Faixa de pedestre,Não há placas,60.0,Dupla,Faixa contínua,Não informado,2021,10,4,0,17.0
2021-10-04,18:17:00,COM VÍTIMA,FINALIZADA,NOVA DESCOBERTA,RUA ALTO JARDIM PROGRESSO,Não informado,PROX A LOTERICA,NOVA DESCOBERTA,SUBURBIO,ATROPELAMENTO DE PESSOA,Não informado,1.0,0.0,0.0,0.0,1.0,0.0,0.0,0.0,0.0,1.0,0.0,Longo da via,Bom,Não existe,Não existente,Seca,Perfeito estado,Não existe,Não há placas,60.0,Dupla,Não existe,Não informado,2021,10,4,0,18.0
2021-10-05,06:35:00,COM VÍTIMA,FINALIZADA,SANTO ANTÔNIO,RUA DO SOL,Não informado,EM FRENTE AO TEATRO SANTA ISABEL,SANTO ANTÔNIO,CIDADE,QUEDA,Não informado,0.0,1.0,0.0,0.0,0.0,0.0,0.0,0.0,0.0,1.0,0.0,Outros,Bom,Não existe,Não existente,Oleosa,Perfeito estado,Não existe,Não há placas,30.0,Única,Faixa seccionada,Não informado,2021,10,5,1,6.0
2021-10-05,07:56:00,COM VÍTIMA,FINALIZADA,CASA AMARELA,EST DO ARRAIAL,Não informado,100 METROS APÓS A APAE,CASA AMARELA,SUBURBIO,COLISÃO FRONTAL,Não informado,1.0,1.0,0.0,0.0,0.0,0.0,0.0,0.0,0.0,1.0,0.0,Longo da via,Bom,Não existe,Perfeito estado,Seca,Perfeito estado,Não existe,R-4b,60.0,Única,Faixa seccionada,Não informado,2021,10,5,1,7.0
2021-10-05,09:36:00,COM VÍTIMA,FINALIZADA,GRAÇAS,RUA JOAQUIM NABUCO,RUA GUILHERME PINTO,EM FRENTE A VERDE FRUTE,GRAÇAS,SUBURBIO,COLISÃO TRANSVERSAL,Não informado,1.0,1.0,0.0,0.0,0.0,0.0,0.0,0.0,0.0,2.0,0.0,Longo da via,Bom,Não existe,Perfeito estado,Seca,Perfeito estado,Não existe,Outras,40.0,Única,Não existe,Não informado,2021,10,5,1,9.0
2021-10-05,10:19:00,COM VÍTIMA,FINALIZADA,TAMARINEIRA,RUA CONEGO BARATA,AV NORTE MIGUEL ARRAES DE ALENCAR,PROX. A FERREIRA COSTA,TAMARINEIRA,CIDADE,COLISÃO FRONTAL,Não informado,1.0,1.0,0.0,0.0,0.0,0.0,0.0,0.0,0.0,1.0,0.0,Cruzamento,Bom,Sem defeito,Perfeito estado,Seca,Perfeito estado,Faixa de pedestre,R-4a,60.0,Dupla,Faixa contínua,Não informado,2021,10,5,1,10.0
2021-10-05,12:55:00,COM VÍTIMA,FINALIZADA,AREIAS,AV CAPITAO GREGORIO DE CALDAS,RUA CAPITAO FELIPE FERREIRA,AO LADO DO N° 88,AREIAS,Não informado,COLISÃO FRONTAL,Não informado,1.0,1.0,0.0,0.0,0.0,0.0,0.0,0.0,0.0,1.0,0.0,Longo da via,Bom,Não existe,Incompleta,Seca,Perfeito estado,Não existe,Não há placas,60.0,Dupla,Canteiro central,Não informado,2021,10,5,1,12.0
2021-10-05,17:26:00,COM VÍTIMA,FINALIZADA,CASA AMARELA,AV NORTE MIGUEL ARRAES DE ALENCAR,Não informado,EM FRENTE AO POSTO BR,CASA AMARELA,SUBURBIO,ATROPELAMENTO DE PESSOA,Não informado,0.0,1.0,0.0,0.0,1.0,0.0,0.0,0.0,0.0,1.0,0.0,Longo da via,Bom,Não existe,Perfeito estado,Seca,Perfeito estado,Não existe,R-6a,60.0,Dupla,Faixa seccionada,Não informado,2021,10,5,1,17.0
2021-10-05,23:15:40,COM VÍTIMA,FINALIZADA,TAMARINEIRA,RUA CONEGO BARATA,Não informado,LADO OPOSTO FERREIRA COSTA,TAMARINEIRA,SUBURBIO,ATROPELAMENTO DE PESSOA,Não informado,0.0,0.0,0.0,0.0,1.0,0.0,0.0,0.0,0.0,1.0,0.0,Longo da via,Bom,Sem defeito,Perfeito estado,Seca,Perfeito estado,Faixa de pedestre,Outras,60.0,Dupla,Canteiro central,Não informado,2021,10,5,1,23.0
2021-10-06,05:00:00,COM VÍTIMA,FINALIZADA,DERBY,AV GOVERNADOR AGAMENON MAGALHAES,RUA HENRIQUE DIAS,AMIL N° 422,DERBY,CIDADE,COLISÃO TRANSVERSAL,Não informado,1.0,0.0,0.0,0.0,0.0,0.0,0.0,0.0,0.0,2.0,0.0,Cruzamento,Bom,Sem defeito,Perfeito estado,Seca,Perfeito estado,Faixa de pedestre,Outras,60.0,Única,Faixa seccionada,Não informado,2021,10,6,2,5.0
2021-10-06,08:58:00,COM VÍTIMA,FINALIZADA,CORDEIRO,AV CAXANGA,RUA SOUZA BANDEIRA,LADO OPOSTO DA DROGASIL,CORDEIRO,SUBURBIO,COLISÃO TRASEIRA,Não informado,0.0,2.0,0.0,0.0,0.0,0.0,0.0,0.0,0.0,2.0,0.0,Longo da via,Bom,Sem defeito,Perfeito estado,Seca,Perfeito estado,Outros,Não há placas,60.0,Única,Faixa contínua,Não informado,2021,10,6,2,8.0
2021-10-06,09:38:00,COM VÍTIMA,FINALIZADA,CAMPO GRANDE,RUA PRUDENTE DE MORAES,RUA MARQUES DE ABRANTES,POSTO REVENDA ULTRA GAZ,CAMPO GRANDE,CIDADE,COLISÃO TRANSVERSAL,Não informado,1.0,1.0,0.0,0.0,0.0,0.0,0.0,0.0,0.0,1.0,0.0,Cruzamento,Bom,Não existe,Perfeito estado,Seca,Perfeito estado,Faixa de pedestre,"Placas ""Pare""",60.0,Dupla,Faixa seccionada,Não informado,2021,10,6,2,9.0
2021-10-06,09:53:00,COM VÍTIMA,FINALIZADA,AREIAS,AV DR JOSE RUFINO,RUA ENGENHEIRO ARNALDO LIMA,EM FRENTE O SENAI,AREIAS,SUBURBIO,ATROPELAMENTO DE PESSOA,Não informado,1.0,0.0,0.0,0.0,1.0,0.0,0.0,0.0,0.0,1.0,0.0,Longo da via,Bom,Sem defeito,Perfeito estado,Seca,Perfeito estado,Faixa de pedestre,R-6a,60.0,Dupla,Faixa contínua,Não informado,2021,10,6,2,9.0
2021-10-06,10:45:00,COM VÍTIMA,FINALIZADA,IPSEP,AV RECIFE,Não informado,ENTRADA DO IBURA,IPSEP,Não informado,ATROPELAMENTO DE PESSOA,Não informado,0.0,1.0,0.0,0.0,1.0,0.0,0.0,0.0,0.0,1.0,0.0,Não informado,Não informado,Não informado,Não informado,Não informado,Não informado,Não informado,Não informado,60.0,Não informado,Não informado,Não informado,2021,10,6,2,10.0
2021-10-06,10:46:00,COM VÍTIMA,FINALIZADA,IPSEP,AV RECIFE,Não informado,LADO OPOSTO,IPSEP,SUBURBIO,ATROPELAMENTO DE PESSOA,Não informado,0.0,0.0,0.0,0.0,0.0,0.0,0.0,0.0,0.0,1.0,0.0,Longo da via,Bom,Não existe,Incompleta,Seca,Mal conservada,Não existe,Não há placas,60.0,Dupla,Canteiro central,Não informado,2021,10,6,2,10.0
2021-10-06,11:02:00,COM VÍTIMA,FINALIZADA,BOA VIAGEM,AV HERCULANO BANDEIRA,Não informado,EM FRENTE AO MARTELINHO DE OURO,BOA VIAGEM,SUBURBIO,COLISÃO FRONTAL,Não informado,1.0,1.0,0.0,0.0,0.0,0.0,0.0,0.0,0.0,1.0,0.0,Longo da via,Bom,Não existe,Perfeito estado,Seca,Perfeito estado,Não existe,Não há placas,60.0,Única,Faixa seccionada,Não informado,2021,10,6,2,11.0
2021-10-06,12:27:00,COM VÍTIMA,FINALIZADA,ILHA DO LEITE,PTE JOSE DE BARROS LIMA,AV GOVERNADOR AGAMENON MAGALHAES,ACIDENTE COM UMA VÍTIMA  ( CICLISTA ) RESULTANTE DE COLISÃO COM O ÔNIBUS BORBOREMA  Nº DE ORDEM 881.   EQUIPE CTTU APOIADA PELA EQUIPE ARGUS.  NO LOCAL.,ILHA DO LEITE,SUBURBIO,COLISÃO COM CICLISTA,Não informado,0.0,0.0,0.0,1.0,0.0,1.0,0.0,0.0,0.0,1.0,0.0,Viaduto,Bom,Não existe,Não existente,Seca,Perfeito estado,Não existe,Não há placas,60.0,Dupla,Canteiro central,Não informado,2021,10,6,2,12.0
2021-10-06,15:17:00,COM VÍTIMA,FINALIZADA,BOA VIAGEM,AV ENGENHEIRO DOMINGOS FERREIRA,Não informado,EM FRENTE A DELEGACIA,BOA VIAGEM,SUBURBIO,QUEDA,Não informado,0.0,1.0,0.0,0.0,0.0,0.0,0.0,0.0,0.0,1.0,0.0,Longo da via,Bom,Não existe,Perfeito estado,Seca,Perfeito estado,Não existe,Não há placas,60.0,Única,Faixa seccionada,Não informado,2021,10,6,2,15.0
2021-10-06,15:20:00,SEM VÍTIMA,FINALIZADA,CASA FORTE,AV DEZESSETE DE AGOSTO,Não informado,EM FRENTE AO Nº 1791,CASA FORTE,CIDADE,COLISÃO TRASEIRA,Não informado,1.0,0.0,0.0,0.0,0.0,0.0,0.0,1.0,0.0,0.0,0.0,Longo da via,Chuvoso,Não existe,Perfeito estado,Molhada,Perfeito estado,Outros,Outras,60.0,Dupla,Faixa contínua,Não informado,2021,10,6,2,15.0
2021-10-06,16:57:00,COM VÍTIMA,FINALIZADA,BOA VIAGEM,AV CONSELHEIRO AGUIAR,RUA ARTUR MUNIZ,SEMÁFORO 5,BOA VIAGEM,CIDADE,COLISÃO FRONTAL,Não informado,1.0,1.0,0.0,0.0,0.0,0.0,0.0,0.0,0.0,1.0,0.0,Cruzamento,Bom,Sem defeito,Perfeito estado,Seca,Perfeito estado,Faixa de pedestre,Não há placas,60.0,Única,Faixa seccionada,Não informado,2021,10,6,2,16.0
2021-10-06,18:00:00,COM VÍTIMA,FINALIZADA,MACAXEIRA,AV NORTE MIGUEL ARRAES DE ALENCAR,Não informado,NA ENTRADA DO TERMINAL DA MACAXEIRA,MACAXEIRA,SUBURBIO,COLISÃO FRONTAL,Não informado,0.0,1.0,0.0,0.0,0.0,1.0,0.0,0.0,0.0,1.0,0.0,Longo da via,Bom,Não existe,Não existente,Seca,Perfeito estado,Não existe,Não há placas,60.0,Única,Não existe,Não informado,2021,10,6,2,18.0
2021-10-06,18:52:00,SEM VÍTIMA,FINALIZADA,BOA VISTA,RUA DO HOSPICIO,Não informado,TEATRO DO PARQUE,BOA VISTA,SUBURBIO,Não informado,Não informado,0.0,0.0,0.0,0.0,0.0,1.0,0.0,1.0,0.0,0.0,0.0,Longo da via,Bom,Não existe,Não existente,Seca,Perfeito estado,Não existe,Não há placas,60.0,Única,Faixa seccionada,Não informado,2021,10,6,2,18.0
2021-10-06,21:44:40,COM VÍTIMA,FINALIZADA,PINA,AV ANTONIO DE GOES,Não informado,SEMÁFORO 103,PINA,CIDADE,COLISÃO TRANSVERSAL,Não informado,1.0,1.0,0.0,0.0,0.0,0.0,0.0,0.0,0.0,1.0,0.0,Cruzamento,Bom,Sem defeito,Perfeito estado,Seca,Perfeito estado,Faixa de pedestre,Não informado,60.0,Dupla,Faixa contínua,Não informado,2021,10,6,2,21.0
2021-10-07,07:24:00,COM VÍTIMA,FINALIZADA,CAMPO GRANDE,RUA MARQUES DE ABRANTES,RUA BARAO DE VERA CRUZ,PROX. A RESTAURANTE VENTURA,CAMPO GRANDE,Não informado,COLISÃO LATERAL,Não informado,2.0,0.0,0.0,0.0,0.0,0.0,0.0,0.0,0.0,1.0,0.0,Cruzamento,Bom,Não existe,Não existente,Seca,Perfeito estado,Não existe,Não há placas,60.0,Única,Não existe,Não informado,2021,10,7,3,7.0
2021-10-07,09:30:00,COM VÍTIMA,FINALIZADA,ÁGUA FRIA,RUA SAO SEBASTIAO,Não informado,EM FRENTE A IGREJA ADVENTISTA,ÁGUA FRIA,BOMBA DO HEMITERIO,COLISÃO LATERAL,Não informado,2.0,0.0,0.0,0.0,0.0,0.0,0.0,0.0,0.0,1.0,0.0,Longo da via,Bom,Não existe,Perfeito estado,Seca,Perfeito estado,Não existe,Outras,30.0,Dupla,Faixa seccionada,Não informado,2021,10,7,3,9.0
2021-10-07,11:15:00,COM VÍTIMA,FINALIZADA,BOA VIAGEM,RUA SA E SOUZA,RUA BALTAZAR PASSOS,POSTO N° BOO8019,BOA VIAGEM,CIDADE,COLISÃO FRONTAL,Não informado,2.0,0.0,0.0,0.0,0.0,0.0,0.0,0.0,0.0,1.0,0.0,Cruzamento,Bom,Não existe,Perfeito estado,Seca,Perfeito estado,Não existe,"Placas ""Pare""",60.0,Dupla,Faixa seccionada,Não informado,2021,10,7,3,11.0
2021-10-07,12:44:00,SEM VÍTIMA,FINALIZADA,SANTO AMARO,RUA NUMA POMPILHO,Não informado,LADO Nº 439,SANTO AMARO,SUBURBIO,COLISÃO TRASEIRA,Não informado,0.0,1.0,0.0,0.0,0.0,0.0,0.0,1.0,0.0,0.0,0.0,Longo da via,Bom,Não existe,Perfeito estado,Seca,Perfeito estado,Não existe,Não há placas,60.0,Única,Não existe,Não informado,2021,10,7,3,12.0
2021-10-07,13:28:00,COM VÍTIMA,CANCELADA,SÃO JOSÉ,VDO DAS CINCO PONTAS,Não informado,SUBIDA DO VIADUTO - SENTIDO BOA VIAGEM.,SÃO JOSÉ,Não informado,COLISÃO LATERAL,Não informado,1.0,1.0,0.0,0.0,0.0,0.0,0.0,0.0,0.0,1.0,0.0,Não informado,Não informado,Não informado,Não informado,Não informado,Não informado,Não informado,Não informado,60.0,Não informado,Não informado,Não informado,2021,10,7,3,13.0
2021-10-07,17:25:00,COM VÍTIMA,CANCELADA,NOVA DESCOBERTA,RUA ALTO JARDIM PROGRESSO,Não informado,PROXIMO A QUADRA DO ALTO JARDIM PROGRESSO,NOVA DESCOBERTA,Não informado,COLISÃO FRONTAL,Não informado,0.0,1.0,0.0,0.0,0.0,1.0,0.0,0.0,0.0,1.0,0.0,Não informado,Não informado,Não informado,Não informado,Não informado,Não informado,Não informado,Não informado,60.0,Não informado,Não informado,Não informado,2021,10,7,3,17.0
2021-10-07,17:41:00,COM VÍTIMA,FINALIZADA,MADALENA,RUA DEMOCRITO DE SOUZA FILHO,RUA PROFESSOR JOSE TORRES PIRES,EM FRENTE A GARDEU,MADALENA,Não informado,COLISÃO TRANSVERSAL,Não informado,1.0,1.0,0.0,0.0,0.0,0.0,0.0,0.0,0.0,1.0,0.0,Cruzamento,Bom,Não existe,Perfeito estado,Seca,Perfeito estado,Não existe,Não informado,60.0,Única,Não existe,Não informado,2021,10,7,3,17.0
2021-10-07,18:17:00,COM VÍTIMA,FINALIZADA,ENCRUZILHADA,RUA DA CORAGEM,RUA DONA JULIETA,PARALELA E ESTRADA DE BELEM,ENCRUZILHADA,Não informado,COLISÃO TRANSVERSAL,Não informado,1.0,1.0,0.0,0.0,0.0,0.0,0.0,0.0,0.0,1.0,0.0,Cruzamento,Bom,Não existe,Perfeito estado,Seca,Perfeito estado,Não existe,"Placas ""Pare""",30.0,Não informado,Faixa seccionada,Não informado,2021,10,7,3,18.0
2021-10-07,19:38:00,COM VÍTIMA,FINALIZADA,BAIRRO DO RECIFE,AV ALFREDO LISBOA,Não informado,EM FRENTE A TORRE MALAKOFF,BAIRRO DO RECIFE,SUBURBIO,COLISÃO TRANSVERSAL,Não informado,1.0,1.0,0.0,0.0,0.0,0.0,0.0,0.0,0.0,1.0,0.0,Longo da via,Bom,Sem defeito,Perfeito estado,Seca,Não informado,Faixa de pedestre,Outras,60.0,Única,Faixa seccionada,Não informado,2021,10,7,3,19.0
2021-10-07,22:29:40,SEM VÍTIMA,CANCELADA,NOVA DESCOBERTA,AV NORTE MIGUEL ARRAES DE ALENCAR,Não informado,PROXIMIDADES DO LARGO DONA REGINA / E/F A FARMACIA MANDACARU,NOVA DESCOBERTA,Não informado,COLISÃO LATERAL,Não informado,1.0,0.0,0.0,0.0,0.0,0.0,1.0,0.0,0.0,0.0,0.0,Não informado,Não informado,Não informado,Não informado,Não informado,Não informado,Não informado,Não informado,60.0,Não informado,Não informado,Não informado,2021,10,7,3,22.0
2021-10-08,08:43:00,COM VÍTIMA,FINALIZADA,SANTO ANTÔNIO,AV DANTAS BARRETO,Não informado,Não informado,SANTO ANTÔNIO,SUBURBIO,ATROPELAMENTO DE PESSOA,Não informado,0.0,1.0,0.0,0.0,1.0,0.0,0.0,0.0,0.0,1.0,0.0,Longo da via,Bom,Não existe,Perfeito estado,Seca,Perfeito estado,Não existe,Não há placas,30.0,Única,Não informado,Não informado,2021,10,8,4,8.0
2021-10-08,11:04:00,COM VÍTIMA,FINALIZADA,TEJIPIÓ,AV DR JOSE RUFINO,Não informado,FARMÁCIA TRABALHOR DE PERNAMBUCO,TEJIPIÓ,SUBURBIO,ATROPELAMENTO DE PESSOA,Não informado,0.0,1.0,0.0,0.0,1.0,0.0,0.0,0.0,0.0,1.0,0.0,Longo da via,Bom,Não existe,Incompleta,Seca,Perfeito estado,Não existe,R-6a,60.0,Dupla,Não existe,Não informado,2021,10,8,4,11.0
2021-10-08,13:42:00,COM VÍTIMA,FINALIZADA,DOIS IRMÃOS,RUA RIBEIRO PESSOA,Não informado,AO LADO DA UNIDADE HOSPITAL UPA CAXANGÁ,DOIS IRMÃOS,CIDADE,COLISÃO TRASEIRA,Não informado,1.0,1.0,0.0,0.0,0.0,0.0,0.0,0.0,0.0,1.0,0.0,Longo da via,Bom,Sem defeito,Perfeito estado,Seca,Perfeito estado,Agente,Outras,40.0,Dupla,Faixa contínua,Não informado,2021,10,8,4,13.0
2021-10-08,17:23:00,VÍTIMA FATAL,FINALIZADA,ARRUDA,AV BEBERIBE,Não informado,DISNOVE VEICULO,ARRUDA,SUBURBIO,CHOQUE,Não informado,0.0,0.0,0.0,0.0,0.0,1.0,0.0,0.0,0.0,0.0,1.0,Longo da via,Bom,Não existe,Perfeito estado,Seca,Perfeito estado,Não existe,Outras,60.0,Dupla,Não existe,Não informado,2021,10,8,4,17.0
2021-10-08,17:47:00,COM VÍTIMA,FINALIZADA,SANTO AMARO,AV NORTE MIGUEL ARRAES DE ALENCAR,AV CRUZ CABUGA,LADO OPOSTO AO CEMITÉRIO DOS INGLESES,SANTO AMARO,CIDADE,COLISÃO FRONTAL,Não informado,1.0,1.0,0.0,0.0,0.0,0.0,0.0,0.0,0.0,2.0,0.0,Cruzamento,Bom,Sem defeito,Perfeito estado,Seca,Perfeito estado,Faixa de pedestre,Não há placas,60.0,Dupla,Canteiro central,Não informado,2021,10,8,4,17.0
2021-10-08,20:55:40,COM VÍTIMA,FINALIZADA,AREIAS,AV DR JOSE RUFINO,Não informado,EM FRENTE A BRINK KIDS,AREIAS,CIDADE,COLISÃO FRONTAL,Não informado,1.0,1.0,0.0,0.0,0.0,0.0,0.0,0.0,0.0,1.0,0.0,Longo da via,Bom,Não existe,Não existente,Seca,Perfeito estado,Não existe,Não há placas,60.0,Dupla,Faixa contínua,Não informado,2021,10,8,4,20.0