data,hora,natureza_acidente,situacao,bairro,endereco,detalhe_endereco_acidente,complemento,bairro_cruzamento,sentido_via,tipo,descricao,auto,moto,ciclom,ciclista,pedestre,onibus,caminhao,viatura,outros,vitimas,vitimasfatais,acidente_verificado,tempo_clima,situacao_semaforo,sinalizacao,condicao_via,conservacao_via,ponto_controle,situacao_placa,velocidade_max_via,mao_direcao,divisao_via1,natureza,ano,mes,dia,dia_semana,hora_ocorrencia
2021-10-08,23:13:40,SEM VÍTIMA,FINALIZADA,BOA VIAGEM,RUA ANTONIO FALCAO,Não informado,AO BANCO SANTANDER,BOA VIAGEM,CIDADE,COLISÃO TRASEIRA,Não informado,1.0,0.0,0.0,0.0,0.0,0.0,1.0,0.0,0.0,0.0,0.0,Longo da via,Bom,Sem defeito,Perfeito estado,Seca,Perfeito estado,Não existe,Outras,60.0,Única,Não informado,Não informado,2021,10,8,4,23.0
2021-10-09,01:20:00,COM VÍTIMA,FINALIZADA,SANTO AMARO,AV GOVERNADOR AGAMENON MAGALHAES,RUA ODORICO MENDES,Não informado,SANTO AMARO,SUBURBIO,COLISÃO COM CICLISTA,Não informado,0.0,0.0,0.0,1.0,0.0,0.0,0.0,0.0,0.0,1.0,0.0,Cruzamento,Bom,Sem defeito,Perfeito estado,Seca,Perfeito estado,Faixa de pedestre,Outras,60.0,Dupla,Faixa contínua,Não informado,2021,10,9,5,1.0
2021-10-09,04:18:00,SEM VÍTIMA,FINALIZADA,BOA VIAGEM,RUA ANTONIO FALCAO,Não informado,PRÓXIMO AO BISTROL RECIFE HOTEL,BOA VIAGEM,Não informado,CHOQUE,Não informado,4.0,0.0,0.0,0.0,0.0,0.0,0.0,0.0,0.0,0.0,0.0,Longo da via,Bom,Não existe,Não existente,Molhada,Perfeito estado,Não existe,Não há placas,60.0,Única,Não existe,Não informado,2021,10,9,5,4.0
2021-10-09,11:24:00,SEM VÍTIMA,FINALIZADA,CASA AMARELA,AV NORTE MIGUEL ARRAES DE ALENCAR,Não informado,EM FRENTE A MOTOPARTS,CASA AMARELA,SUBURBIO,CHOQUE,Não informado,0.0,0.0,0.0,0.0,0.0,0.0,1.0,0.0,2.0,0.0,0.0,Longo da via,Bom,Sem defeito,Perfeito estado,Seca,Perfeito estado,Faixa de pedestre,Outras,60.0,Dupla,Canteiro central,Não informado,2021,10,9,5,11.0
2021-10-09,15:29:00,COM VÍTIMA,FINALIZADA,SAN MARTIN,RUA APULCRO DE ASSUNCAO,RUA EDUARDO DE ANDRADE,PROXIMO AO RESTAURANTE PASSIRA,SAN MARTIN,SUBURBIO,COLISÃO TRANSVERSAL,Não informado,1.0,1.0,0.0,0.0,0.0,0.0,0.0,0.0,0.0,1.0,0.0,Longo da via,Bom,Não existe,Não existente,Seca,Mal conservada,Não existe,Não há placas,60.0,Dupla,Não existe,Não informado,2021,10,9,5,15.0
2021-10-10,14:47:00,SEM VÍTIMA,FINALIZADA,IMBIRIBEIRA,AV GENERAL MAC ARTHUR,AV MARECHAL MASCARENHAS DE MORAES,AO LADO DO POSTO IPIRANGA GÁS NATURAL,IMBIRIBEIRA,SUBURBIO,COLISÃO TRASEIRA,Não informado,2.0,0.0,0.0,0.0,0.0,0.0,0.0,0.0,0.0,0.0,0.0,Longo da via,Bom,Sem defeito,Perfeito estado,Seca,Perfeito estado,Faixa de retenção,Não há placas,40.0,Única,Não existe,Não informado,2021,10,10,6,14.0
2021-10-10,15:11:00,COM VÍTIMA,FINALIZADA,IPSEP,RUA JEAN EMILE FAVRE,RUA FRANCISCO BARRETO,EM FRENTE A PÃO NORTE N° 1131,IPSEP,CIDADE,COLISÃO TRANSVERSAL,Não informado,1.0,1.0,0.0,0.0,0.0,0.0,0.0,0.0,0.0,1.0,0.0,Longo da via,Bom,Sem defeito,Perfeito estado,Seca,Perfeito estado,Faixa de pedestre,Outras,60.0,Dupla,Faixa contínua,Não informado,2021,10,10,6,15.0
2021-10-10,22:43:40,COM VÍTIMA,FINALIZADA,DOIS UNIDOS,AV CHAGAS FERREIRA,RUA LEONCIO RODRIGUES,AO LADO DO HOTEL SECULO XX,DOIS UNIDOS,SUBURBIO,COLISÃO FRONTAL,Não informado,0.0,2.0,0.0,0.0,0.0,0.0,0.0,0.0,0.0,2.0,0.0,Longo da via,Bom,Não existe,Incompleta,Seca,Perfeito estado,Não existe,Não há placas,60.0,Dupla,Não existe,Não informado,2021,10,10,6,22.0
2021-10-11,01:42:00,SEM VÍTIMA,CANCELADA,BOA VIAGEM,AV CONSELHEIRO AGUIAR,RUA PADRE BERNADINO PESSOA,Não informado,BOA VIAGEM,Não informado,COLISÃO FRONTAL,Não informado,2.0,0.0,0.0,0.0,0.0,0.0,0.0,0.0,0.0,0.0,0.0,Não informado,Não informado,Não informado,Não informado,Não informado,Não informado,Não informado,Não informado,60.0,Não informado,Não informado,Não informado,2021,10,11,0,1.0
2021-10-11,09:38:00,COM VÍTIMA,FINALIZADA,BOA VISTA,RUA GERVASIO PIRES,Não informado,Não informado,BOA VISTA,SUBURBIO,ATROPELAMENTO DE PESSOA,Não informado,0.0,1.0,0.0,0.0,1.0,0.0,0.0,0.0,0.0,1.0,0.0,Longo da via,Bom,Não informado,Perfeito estado,Seca,Perfeito estado,Não existe,R-6a,60.0,Única,Não informado,Não informado,2021,10,11,0,9.0
2021-10-11,09:41:00,COM VÍTIMA,FINALIZADA,DERBY,AV GOVERNADOR AGAMENON MAGALHAES,RUA HENRIQUE DIAS,SENTIDO BOA VIAGEM,DERBY,CIDADE,COLISÃO TRANSVERSAL,Não informado,0.0,2.0,0.0,0.0,0.0,0.0,0.0,0.0,0.0,2.0,0.0,Cruzamento,Bom,Sem defeito,Perfeito estado,Seca,Perfeito estado,Faixa de pedestre,R-4a,60.0,Dupla,Faixa contínua,Não informado,2021,10,11,0,9.0
2021-10-11,09:52:00,COM VÍTIMA,FINALIZADA,JORDÃO,AV MARIA IRENE,Não informado,MARTELINHO DE OURO AUTO CRUZ,JORDÃO,SUBURBIO,COLISÃO FRONTAL,Não informado,1.0,1.0,0.0,0.0,0.0,0.0,0.0,0.0,0.0,1.0,0.0,Longo da via,Bom,Não existe,Perfeito estado,Seca,Perfeito estado,Não existe,Não há placas,60.0,Dupla,Faixa contínua,Não informado,2021,10,11,0,9.0
2021-10-11,12:05:00,COM VÍTIMA,FINALIZADA,VÁRZEA,RUA GENERAL POLIDORO,Não informado,Não informado,VÁRZEA,SUBURBIO,ATROPELAMENTO DE PESSOA,Não informado,1.0,0.0,0.0,0.0,1.0,0.0,0.0,0.0,0.0,1.0,0.0,Longo da via,Bom,Não existe,Incompleta,Seca,Perfeito estado,Não informado,Outras,30.0,Dupla,Não existe,Não informado,2021,10,11,0,12.0
2021-10-11,14:39:00,COM VÍTIMA,FINALIZADA,IMBIRIBEIRA,AV PRESIDENTE DUTRA,Não informado,SOBRE O VIADUTO TANCREDO NEVES,IMBIRIBEIRA,CAXANGÁ,COLISÃO COM CICLISTA,Não informado,1.0,0.0,0.0,1.0,0.0,0.0,0.0,0.0,0.0,1.0,0.0,Longo da via,Bom,Não existe,Perfeito estado,Seca,Perfeito estado,Não existe,R-26,60.0,Única,Faixa contínua,Não informado,2021,10,11,0,14.0
2021-10-11,15:04:00,COM VÍTIMA,FINALIZADA,MADALENA,AV JOSE GONCALVES DE MEDEIROS,Não informado,AO LADO DA MCDONALDS,MADALENA,CIDADE,COLISÃO TRANSVERSAL,Não informado,1.0,1.0,0.0,0.0,0.0,0.0,0.0,0.0,0.0,1.0,0.0,Longo da via,Bom,Não existe,Perfeito estado,Seca,Perfeito estado,Não existe,Não há placas,60.0,Dupla,Faixa contínua,Não informado,2021,10,11,0,15.0
2021-10-11,16:39:00,COM VÍTIMA,FINALIZADA,ÁGUA FRIA,AV BEBERIBE,RUA DA REGENERACAO,NO SEMFORO 187 VT  04 NO LOCAL,ÁGUA FRIA,SUBURBIO,ATROPELAMENTO DE PESSOA,Não informado,1.0,0.0,0.0,0.0,1.0,0.0,0.0,0.0,0.0,1.0,0.0,Cruzamento,Bom,Sem defeito,Perfeito estado,Seca,Perfeito estado,Faixa de pedestre,R-6a,60.0,Dupla,Faixa contínua,Não informado,2021,10,11,0,16.0
2021-10-11,20:29:00,SEM VÍTIMA,DUPLICIDADE,CABANGA,RUA CAPITAO TEMUDO,Não informado,AO LADO DA COMPESA,CABANGA,Não informado,ATROPELAMENTO DE ANIMAL,Não informado,1.0,0.0,0.0,0.0,0.0,0.0,0.0,0.0,0.0,0.0,0.0,Não informado,Não informado,Não informado,Não informado,Não informado,Não informado,Não informado,Não informado,60.0,Não informado,Não informado,Não informado,2021,10,11,0,20.0
2021-10-11,20:31:00,COM VÍTIMA,FINALIZADA,PINA,RUA CAPITAO TEMUDO,Não informado,PRÓX A LOMBADA ELETRONICA E E/F A  JBS,PINA,Não informado,ATROPELAMENTO DE ANIMAL,Não informado,1.0,0.0,0.0,0.0,0.0,0.0,0.0,0.0,0.0,1.0,0.0,Não informado,Não informado,Não informado,Não informado,Não informado,Não informado,Não informado,Não informado,60.0,Não informado,Não informado,Não informado,2021,10,11,0,20.0
2021-10-11,21:38:40,COM VÍTIMA,FINALIZADA,BOA VISTA,AV MANOEL BORBA,Não informado,EM FRENTE AO HAPVIDA VASCO LUCENA,BOA VISTA,SUBURBIO,COLISÃO TRASEIRA,Não informado,1.0,1.0,0.0,0.0,0.0,0.0,0.0,0.0,0.0,1.0,0.0,Longo da via,Bom,Não existe,Perfeito estado,Seca,Perfeito estado,Não existe,R-6a,60.0,Única,Faixa seccionada,Não informado,2021,10,11,0,21.0
2021-10-12,09:32:00,COM VÍTIMA,FINALIZADA,TAMARINEIRA,AV PROFESSOR JOSE DOS ANJOS,RUA MARIO BHERING,PROX DENOX,TAMARINEIRA,SUBURBIO,COLISÃO TRANSVERSAL,Não informado,1.0,1.0,0.0,0.0,0.0,0.0,0.0,0.0,0.0,1.0,0.0,Esquina,Bom,Não existe,Perfeito estado,Seca,Perfeito estado,Faixa de pedestre,R-6a,60.0,Única,Faixa contínua,Não informado,2021,10,12,1,9.0
2021-10-12,10:44:00,COM VÍTIMA,FINALIZADA,ENCRUZILHADA,AV NORTE MIGUEL ARRAES DE ALENCAR,Não informado,"EM FRENTE A ACADEMIA MATCH, SENT. CIDADE",ENCRUZILHADA,CIDADE,ATROPELAMENTO DE PESSOA,Não informado,0.0,1.0,0.0,0.0,1.0,0.0,0.0,0.0,0.0,1.0,0.0,Longo da via,Bom,Não existe,Não informado,Seca,Mal conservada,Faixa de pedestre,Outras,60.0,Dupla,Faixa seccionada,Não informado,2021,10,12,1,10.0
2021-10-12,15:29:00,COM VÍTIMA,CANCELADA,LINHA DO TIRO,RUA ALTO FORMOSO,Não informado,NA SUBIDA DO ALTO DO UNIAO,LINHA DO TIRO,Não informado,COLISÃO FRONTAL,Não informado,1.0,1.0,0.0,0.0,0.0,0.0,0.0,0.0,0.0,2.0,0.0,Não informado,Não informado,Não informado,Não informado,Não informado,Não informado,Não informado,Não informado,60.0,Não informado,Não informado,Não informado,2021,10,12,1,15.0
2021-10-12,18:56:00,COM VÍTIMA,FINALIZADA,CASA AMARELA,EST DO ARRAIAL,RUA BELA VISTA,E/F A PIZZARIA CANDELABRO,CASA AMARELA,SUBURBIO,COLISÃO FRONTAL,Não informado,1.0,1.0,0.0,0.0,0.0,0.0,0.0,0.0,0.0,1.0,0.0,Cruzamento,Bom,Não existe,Perfeito estado,Seca,Perfeito estado,Não informado,Não há placas,40.0,Única,Faixa seccionada,Não informado,2021,10,12,1,18.0
2021-10-13,07:43:00,COM VÍTIMA,FINALIZADA,CASA FORTE,PRC DE CASA FORTE,Não informado,FRENTE A PRAÇÃ DE CASA FORTE,CASA FORTE,CIDADE,COLISÃO COM CICLISTA,Não informado,1.0,0.0,0.0,1.0,0.0,0.0,0.0,0.0,0.0,1.0,0.0,Longo da via,Bom,Não existe,Perfeito estado,Seca,Perfeito estado,Faixa de pedestre,Outras,60.0,Única,Não informado,Não informado,2021,10,13,2,7.0
2021-10-13,09:58:00,COM VÍTIMA,CANCELADA,BOA VIAGEM,RUA BARAO DE AGUA BRANCA,Não informado,EM FRENTE AO COLEGIO COGNITIVO,BOA VIAGEM,Não informado,COLISÃO LATERAL,Não informado,1.0,1.0,0.0,0.0,0.0,0.0,0.0,0.0,0.0,1.0,0.0,Não informado,Não informado,Não informado,Não informado,Não informado,Não informado,Não informado,Não informado,60.0,Não informado,Não informado,Não informado,2021,10,13,2,9.0
2021-10-13,13:26:00,COM VÍTIMA,FINALIZADA,IMBIRIBEIRA,AV MARECHAL MASCARENHAS DE MORAES,Não informado,LADO OPOSTO AO POSTE BO50133,IMBIRIBEIRA,SUBURBIO,ATROPELAMENTO DE PESSOA,Não informado,1.0,0.0,0.0,0.0,1.0,0.0,0.0,0.0,0.0,1.0,0.0,Longo da via,Bom,Não existe,Perfeito estado,Seca,Perfeito estado,Não existe,Não há placas,60.0,Dupla,Canteiro central,Não informado,2021,10,13,2,13.0
2021-10-13,14:24:00,COM VÍTIMA,FINALIZADA,BOA VIAGEM,RUA BARAO DE SOUZA LEAO,AV DES JOSE NEVES,PROX AO SUPERMERCADO TREVO  NO SEMAFORO  476,BOA VIAGEM,CIDADE,COLISÃO TRANSVERSAL,Não informado,1.0,1.0,0.0,0.0,0.0,0.0,0.0,0.0,0.0,1.0,0.0,Cruzamento,Bom,Sem defeito,Perfeito estado,Seca,Perfeito estado,Faixa de pedestre,Outras,60.0,Única,Canal,Não informado,2021,10,13,2,14.0
2021-10-13,19:17:00,COM VÍTIMA,FINALIZADA,IBURA,AV DOIS RIOS,Não informado,SEMÁFORO 594 / E/F A UPINHA,IBURA,SUBURBIO,COLISÃO FRONTAL,Não informado,1.0,1.0,0.0,0.0,0.0,0.0,0.0,0.0,0.0,2.0,0.0,Longo da via,Bom,Sem defeito,Perfeito estado,Seca,Perfeito estado,Faixa de pedestre,R-6a,60.0,Dupla,Faixa contínua,Não informado,2021,10,13,2,19.0
2021-10-13,20:38:00,COM VÍTIMA,FINALIZADA,AREIAS,RUA AURORA CACOTE,Não informado,PROX AO BOI QUENTE,AREIAS,Não informado,COLISÃO FRONTAL,Não informado,0.0,2.0,0.0,0.0,0.0,0.0,0.0,0.0,0.0,1.0,0.0,Não informado,Não informado,Não informado,Não informado,Não informado,Não informado,Não informado,Não informado,60.0,Não informado,Não informado,Não informado,2021,10,13,2,20.0
2021-10-13,20:40:40,COM VÍTIMA,FINALIZADA,AREIAS,AV RECIFE,Não informado,VIADUTO DA AV RECIFE/ ARMAZEM CORAL,AREIAS,SUBURBIO,COLISÃO FRONTAL,Não informado,0.0,2.0,0.0,0.0,0.0,0.0,0.0,0.0,0.0,1.0,0.0,Longo da via,Bom,Não existe,Perfeito estado,Seca,Perfeito estado,Não existe,Não há placas,60.0,Única,Faixa seccionada,Não informado,2021,10,13,2,20.0
2021-10-13,20:45:40,VÍTIMA FATAL,FINALIZADA,SÃO JOSÉ,PTE JOSE DE BARROS LIMA,Não informado,APÓS A PASSARELA EM FRENTE A PRAÇA DA JOANA BEZERRA,SÃO JOSÉ,BOA VIAGEM,ATROPELAMENTO DE PESSOA,Não informado,1.0,0.0,0.0,0.0,1.0,0.0,0.0,0.0,0.0,0.0,1.0,Longo da via,Bom,Não existe,Perfeito estado,Seca,Perfeito estado,Não existe,Não há placas,60.0,Dupla,Canteiro central,Não informado,2021,10,13,2,20.0
2021-10-14,02:21:00,COM VÍTIMA,FINALIZADA,BONGI,AV ENGENHEIRO ABDIAS DE CARVALHO,Não informado,PROXIMO AO ATACAREJO,BONGI,SUBURBIO,CHOQUE,Não informado,1.0,0.0,0.0,0.0,0.0,0.0,0.0,0.0,0.0,1.0,0.0,Longo da via,Bom,Sem defeito,Perfeito estado,Seca,Perfeito estado,Faixa de pedestre,R-6a,60.0,Dupla,Canteiro central,Não informado,2021,10,14,3,2.0
2021-10-14,10:28:00,COM VÍTIMA,FINALIZADA,SANTO AMARO,AV NORTE MIGUEL ARRAES DE ALENCAR,RUA DA AURORA,AO LADO DO HOSPITAL DE CAMPANHA COVID,SANTO AMARO,CIDADE,COLISÃO TRASEIRA,Não informado,1.0,0.0,0.0,0.0,0.0,0.0,1.0,0.0,0.0,1.0,0.0,Longo da via,Bom,Sem defeito,Perfeito estado,Seca,Perfeito estado,Faixa de pedestre,Não há placas,60.0,Única,Canteiro central,Não informado,2021,10,14,3,10.0
2021-10-14,12:22:00,COM VÍTIMA,FINALIZADA,IBURA,AV DOIS RIOS,Não informado,HOTEL MALICE,IBURA,CIDADE,COLISÃO FRONTAL,Não informado,1.0,1.0,0.0,0.0,0.0,0.0,0.0,0.0,0.0,1.0,0.0,Longo da via,Bom,Não existe,Não existente,Seca,Perfeito estado,Não existe,Não há placas,60.0,Dupla,Não existe,Não informado,2021,10,14,3,12.0
2021-10-08,07:50:00,COM VÍTIMA,FINALIZADA,IBURA,RUA RIO TAPADO,AV DOIS RIOS,Não informado,IBURA,SUBURBIO,COLISÃO LATERAL,Não informado,0.0,1.0,0.0,0.0,0.0,0.0,1.0,0.0,0.0,2.0,0.0,Longo da via,Bom,Sem defeito,Não existente,Seca,Perfeito estado,Outros,Não há placas,60.0,Dupla,Não existe,Não informado,2021,10,8,4,7.0
2021-10-14,12:00:00,COM VÍTIMA,DUPLICIDADE,IBURA,AV DOIS RIOS,Não informado,EM FRENTE AO HOTEL MALICE,IBURA,Não informado,COLISÃO TRASEIRA,Não informado,0.0,1.0,0.0,0.0,0.0,1.0,0.0,0.0,0.0,1.0,0.0,Não informado,Não informado,Não informado,Não informado,Não informado,Não informado,Não informado,Não informado,60.0,Não informado,Não informado,Não informado,2021,10,14,3,12.0
2021-10-14,17:27:00,COM VÍTIMA,FINALIZADA,BAIRRO DO RECIFE,CAIS DO APOLO,PTE CONDE MAURICIO DE NASSAU,EM FRENTE AO BANCO SANTANDER,BAIRRO DO RECIFE,SUBURBIO,ATROPELAMENTO DE PESSOA,Não informado,0.0,0.0,0.0,0.0,1.0,1.0,0.0,0.0,0.0,1.0,0.0,Longo da via,Bom,Não existe,Perfeito estado,Seca,Perfeito estado,Não existe,Não há placas,60.0,Única,Faixa seccionada,Não informado,2021,10,14,3,17.0
2021-10-14,20:56:00,COM VÍTIMA,CANCELADA,MADALENA,RUA BENFICA,Não informado,E/F A GPCA,MADALENA,Não informado,COLISÃO LATERAL,Não informado,1.0,1.0,0.0,0.0,0.0,0.0,0.0,0.0,0.0,1.0,0.0,Não informado,Não informado,Não informado,Não informado,Não informado,Não informado,Não informado,Não informado,60.0,Não informado,Não informado,Não informado,2021,10,14,3,20.0
2021-10-15,10:24:00,COM VÍTIMA,FINALIZADA,VÁRZEA,RUA GENERAL POLIDORO,RUA ABATIA,NO SEMAFORO 577,VÁRZEA,SUBURBIO,COLISÃO FRONTAL,Não informado,0.0,1.0,0.0,0.0,0.0,0.0,1.0,0.0,0.0,2.0,0.0,Cruzamento,Bom,Sem defeito,Perfeito estado,Seca,Perfeito estado,Faixa de pedestre,Não há placas,40.0,Não informado,Faixa contínua,Não informado,2021,10,15,4,10.0
2021-10-15,10:59:00,COM VÍTIMA,FINALIZADA,BOA VISTA,AV GOVERNADOR AGAMENON MAGALHAES,RUA JOAQUIM NABUCO,Não informado,BOA VISTA,SUBURBIO,COLISÃO TRANSVERSAL,Não informado,1.0,1.0,0.0,0.0,0.0,0.0,0.0,0.0,0.0,2.0,0.0,Cruzamento,Bom,Sem defeito,Perfeito estado,Seca,Perfeito estado,Faixa de pedestre,Outras,60.0,Dupla,Canteiro central,Não informado,2021,10,15,4,10.0
2021-10-15,11:28:00,COM VÍTIMA,CANCELADA,ESPINHEIRO,AV GOVERNADOR AGAMENON MAGALHAES,Não informado,EM FRENTE O MINISTÉRIO DO TRABALHO,ESPINHEIRO,Não informado,COLISÃO LATERAL,Não informado,1.0,1.0,0.0,0.0,0.0,0.0,0.0,0.0,0.0,1.0,0.0,Não informado,Não informado,Não informado,Não informado,Não informado,Não informado,Não informado,Não informado,60.0,Não informado,Não informado,Não informado,2021,10,15,4,11.0
2021-10-15,14:18:00,COM VÍTIMA,FINALIZADA,ALTO SANTA TERESINHA,AV ANIBAL BENEVOLO,Não informado,EM FRENTE AO ESTACIONAMENTO DO CLUBE BELA VISTA,ALTO SANTA TERESINHA,URIEL DE HOLANDA,COLISÃO FRONTAL,Não informado,1.0,1.0,0.0,0.0,0.0,0.0,0.0,0.0,0.0,1.0,0.0,Longo da via,Bom,Não existe,Incompleta,Seca,Perfeito estado,Não existe,R-6a,60.0,Dupla,Não existe,Não informado,2021,10,15,4,14.0
2021-10-15,14:49:00,COM VÍTIMA,FINALIZADA,BOA VIAGEM,RUA PADRE BERNADINO PESSOA,RUA MINISTRO NELSON HUNGRIA,COLÉGIO SANTA MARIA,BOA VIAGEM,SUBURBIO,COLISÃO TRANSVERSAL,Não informado,1.0,1.0,0.0,0.0,0.0,0.0,0.0,0.0,0.0,1.0,0.0,Cruzamento,Bom,Não existe,Incompleta,Seca,Perfeito estado,Faixa de pedestre,Não há placas,60.0,Única,Não existe,Não informado,2021,10,15,4,14.0
2021-10-15,17:03:00,SEM VÍTIMA,FINALIZADA,TORRE,RUA MARCOS ANDRE,Não informado,PROXIMO AO PRIVE BOSQUE DA TORRE,TORRE,SUBURBIO,Não informado,Não informado,1.0,0.0,0.0,0.0,0.0,0.0,0.0,1.0,0.0,0.0,0.0,Longo da via,Bom,Sem defeito,Perfeito estado,Seca,Perfeito estado,Não existe,Não há placas,60.0,Não informado,Faixa contínua,Não informado,2021,10,15,4,17.0
2021-10-15,20:46:40,COM VÍTIMA,FINALIZADA,CASA FORTE,RUA MARECHAL RONDON,RUA MARECHAL RONDON,PROX A CASA DE FESTA ESTRIPULIA,CASA FORTE,CIDADE,COLISÃO FRONTAL,Não informado,1.0,1.0,0.0,0.0,0.0,0.0,0.0,0.0,0.0,1.0,0.0,Cruzamento,Bom,Não existe,Perfeito estado,Seca,Perfeito estado,Outros,"Placas ""Pare""",60.0,Única,Faixa contínua,Não informado,2021,10,15,4,20.0
2021-10-15,21:00:40,COM VÍTIMA,FINALIZADA,IMBIRIBEIRA,RUA ARQUITETO LUIZ NUNES,Não informado,PROX AO SUPERMECADO AÇAI,IMBIRIBEIRA,CIDADE,COLISÃO COM CICLISTA,Não informado,1.0,0.0,0.0,2.0,0.0,0.0,0.0,0.0,0.0,2.0,0.0,Longo da via,Bom,Sem defeito,Perfeito estado,Seca,Não informado,Não existe,R-6a,40.0,Dupla,Não existe,Não informado,2021,10,15,4,21.0
2021-10-16,06:06:00,COM VÍTIMA,FINALIZADA,VÁRZEA,RUA ACADEMICO HELIO RAMOS,AV PROFESSOR LUIZ FREIRE,AO LADO DA ESCOLA MUNICIPAL PROFESSOR PAULO ROSAS,VÁRZEA,VARZEA,COLISÃO FRONTAL,Não informado,0.0,1.0,0.0,0.0,0.0,1.0,0.0,0.0,0.0,1.0,0.0,Esquina,Bom,Não existe,Incompleta,Seca,Perfeito estado,Não existe,Outras,30.0,Dupla,Não existe,Não informado,2021,10,16,5,6.0
2021-10-16,06:59:00,COM VÍTIMA,FINALIZADA,TEJIPIÓ,RUA FALCAO DE LACERDA,Não informado,OPOSTO A IGREJA ASSEMBLEIA DE DEUS,TEJIPIÓ,SUBURBIO,CHOQUE,Não informado,1.0,1.0,0.0,0.0,0.0,0.0,0.0,0.0,0.0,1.0,0.0,Longo da via,Bom,Não existe,Não existente,Seca,Perfeito estado,Não existe,Não há placas,60.0,Dupla,Não existe,Não informado,2021,10,16,5,6.0
2021-10-16,11:20:00,COM VÍTIMA,CANCELADA,CAMPO GRANDE,RUA PRUDENTE DE MORAES,Não informado,PROX. AO ANTIGO CALDINHO DA ZEZE,CAMPO GRANDE,Não informado,COLISÃO FRONTAL,Não informado,1.0,1.0,0.0,0.0,0.0,0.0,0.0,0.0,0.0,1.0,0.0,Não informado,Não informado,Não informado,Não informado,Não informado,Não informado,Não informado,Não informado,60.0,Não informado,Não informado,Não informado,2021,10,16,5,11.0
2021-10-16,12:26:00,COM VÍTIMA,FINALIZADA,ILHA DO RETIRO,RUA JOAO IVO DA SILVA,RUA PADRE TEOFILO TWORZ,SOB O SEMÁFORO,ILHA DO RETIRO,SUBURBIO,COLISÃO FRONTAL,Não informado,1.0,1.0,0.0,0.0,0.0,0.0,0.0,0.0,0.0,1.0,0.0,Cruzamento,Bom,Sem defeito,Incompleta,Seca,Perfeito estado,Outros,Não há placas,50.0,Única,Não existe,Não informado,2021,10,16,5,12.0
2021-10-16,12:47:00,COM VÍTIMA,FINALIZADA,ILHA DO RETIRO,EST DOS REMEDIOS,TRV PADRE TEOFILO TWORZ,AO LADO DA HYUNDAI,ILHA DO RETIRO,AFOGADOS,COLISÃO FRONTAL,Não informado,1.0,1.0,0.0,0.0,0.0,0.0,0.0,0.0,0.0,1.0,0.0,Cruzamento,Bom,Sem defeito,Incompleta,Seca,Perfeito estado,Não existe,Outras,60.0,Única,Não existe,Não informado,2021,10,16,5,12.0
2021-10-16,19:47:00,SEM VÍTIMA,CANCELADA,CAMPO GRANDE,RUA ODORICO MENDES,Não informado,E/F A DROGASIL,CAMPO GRANDE,Não informado,COLISÃO LATERAL,Não informado,2.0,0.0,0.0,0.0,0.0,0.0,0.0,0.0,0.0,0.0,0.0,Não informado,Não informado,Não informado,Não informado,Não informado,Não informado,Não informado,Não informado,60.0,Não informado,Não informado,Não informado,2021,10,16,5,19.0
2021-10-16,21:02:40,SEM VÍTIMA,FINALIZADA,IMBIRIBEIRA,PTE GILBERTO FREYRE,Não informado,SOBRE A PONTE,IMBIRIBEIRA,SUBURBIO,Não informado,Não informado,0.0,1.0,0.0,0.0,0.0,0.0,0.0,1.0,0.0,0.0,0.0,Ponte,Bom,Não existe,Perfeito estado,Seca,Perfeito estado,Não informado,Não informado,60.0,Única,Faixa seccionada,Não informado,2021,10,16,5,21.0
2021-10-16,21:57:40,COM VÍTIMA,FINALIZADA,TOTÓ,AV LIBERDADE,Não informado,EM FRENTE AO PRESIDIO ANIBAL BRUNO,TOTÓ,CIDADE,COLISÃO COM CICLISTA,Não informado,0.0,0.0,0.0,1.0,0.0,1.0,0.0,0.0,0.0,1.0,0.0,Longo da via,Chuvoso,Não existe,Ilegível,Seca,Perfeito estado,Não existe,Outras,60.0,Dupla,Faixa contínua,Não informado,2021,10,16,5,21.0
2021-10-16,22:43:40,SEM VÍTIMA,FINALIZADA,BOA VIAGEM,RUA ANTONIO FALCAO,Não informado,"SOB O VIADUTO DA VIA MANGUE, POSTE BO 04803",BOA VIAGEM,SUBURBIO,COLISÃO TRASEIRA,Não informado,2.0,0.0,0.0,0.0,0.0,0.0,0.0,0.0,0.0,0.0,0.0,Longo da via,Bom,Sem defeito,Perfeito estado,Seca,Perfeito estado,Faixa de pedestre,Outras,60.0,Única,Faixa seccionada,Não informado,2021,10,16,5,22.0