data,hora,natureza_acidente,situacao,bairro,endereco,detalhe_endereco_acidente,complemento,bairro_cruzamento,sentido_via,tipo,descricao,auto,moto,ciclom,ciclista,pedestre,onibus,caminhao,viatura,outros,vitimas,vitimasfatais,acidente_verificado,tempo_clima,situacao_semaforo,sinalizacao,condicao_via,conservacao_via,ponto_controle,situacao_placa,velocidade_max_via,mao_direcao,divisao_via1,natureza,ano,mes,dia,dia_semana,hora_ocorrencia
2021-10-17,07:12:00,COM VÍTIMA,FINALIZADA,CAMPO GRANDE,EST DE BELEM,RUA JERONIMO VILELA,EM FRENTE A ESCOLA JESUS CRUCIFICADO,CAMPO GRANDE,CIDADE,COLISÃO TRANSVERSAL,Não informado,1.0,1.0,0.0,0.0,0.0,0.0,0.0,0.0,0.0,2.0,0.0,Cruzamento,Bom,Sem defeito,Perfeito estado,Seca,Perfeito estado,Faixa de pedestre,R-4a,60.0,Dupla,Não existe,Não informado,2021,10,17,6,7.0
2021-10-17,08:42:00,COM VÍTIMA,FINALIZADA,BOA VIAGEM,RUA DES JOAO PAES,RUA CORONEL ANIZIO RODRIGUES COELHO,AO LADO DO N° 618,BOA VIAGEM,ÚNICO,COLISÃO FRONTAL,Não informado,1.0,1.0,0.0,0.0,0.0,0.0,0.0,0.0,0.0,1.0,0.0,Longo da via,Bom,Não existe,Perfeito estado,Seca,Perfeito estado,Faixa de pedestre,"Placas ""Pare""",60.0,Única,Não existe,Não informado,2021,10,17,6,8.0
2021-10-17,13:21:00,COM VÍTIMA,FINALIZADA,HIPÓDROMO,RUA FONSECA OLIVEIRA,Não informado,PROX A PRAÇA DO HIPODROMO E/F AO EDF RIO JURUÁ,HIPÓDROMO,SUBURBIO,COLISÃO TRANSVERSAL,Não informado,1.0,1.0,0.0,0.0,0.0,0.0,0.0,0.0,0.0,1.0,0.0,Longo da via,Bom,Não existe,Perfeito estado,Seca,Mal conservada,Não existe,Outras,60.0,Dupla,Faixa seccionada,Não informado,2021,10,17,6,13.0
2021-10-17,14:29:00,COM VÍTIMA,FINALIZADA,SANTO ANTÔNIO,RUA DA AURORA,RUA PRINCESA IZABEL,EM FRENTE A POLICIA CIVIL,SANTO ANTÔNIO,SUBURBIO,COLISÃO TRANSVERSAL,Não informado,1.0,1.0,0.0,0.0,0.0,0.0,0.0,0.0,0.0,1.0,0.0,Cruzamento,Bom,Sem defeito,Perfeito estado,Seca,Perfeito estado,Faixa de pedestre,Outras,60.0,Única,Faixa contínua,Não informado,2021,10,17,6,14.0
2021-10-17,15:24:00,COM VÍTIMA,FINALIZADA,BOA VIAGEM,AV ENGENHEIRO DOMINGOS FERREIRA,RUA BRUNO VELOSO,ESCOLA MUNICIPAL DO LEÃO,BOA VIAGEM,SUBURBIO,COLISÃO FRONTAL,Não informado,1.0,1.0,0.0,0.0,0.0,0.0,0.0,0.0,0.0,1.0,0.0,Cruzamento,Bom,Sem defeito,Perfeito estado,Seca,Perfeito estado,Faixa de pedestre,Não há placas,60.0,Não informado,Não informado,Não informado,2021,10,17,6,15.0
2021-10-17,16:32:00,SEM VÍTIMA,FINALIZADA,VÁRZEA,RUA MINISTRO MARIO ANDREAZZA,Não informado,AO LADO DO INSTITUTO DE INOVAÇÃO TECNOLÓGICA,VÁRZEA,SUBURBIO,COLISÃO FRONTAL,Não informado,0.0,1.0,0.0,0.0,0.0,0.0,0.0,1.0,0.0,0.0,0.0,Longo da via,Bom,Não existe,Não existente,Seca,Mal conservada,Não existe,Não há placas,60.0,Dupla,Não existe,Não informado,2021,10,17,6,16.0
2021-10-17,18:37:00,COM VÍTIMA,FINALIZADA,IMBIRIBEIRA,AV GENERAL MAC ARTHUR,RUA MONSENHOR TABOSA,ZUMA AUTO,IMBIRIBEIRA,CIDADE,COLISÃO COM CICLISTA,Não informado,1.0,0.0,0.0,1.0,0.0,0.0,0.0,0.0,0.0,2.0,0.0,Longo da via,Bom,Não existe,Perfeito estado,Seca,Perfeito estado,Não informado,"Placas ""Pare""",40.0,Única,Não informado,Não informado,2021,10,17,6,18.0
2021-10-17,19:59:00,COM VÍTIMA,FINALIZADA,ARRUDA,RUA COUTO MAGALHAES,AV BEBERIBE,APÓS O SEMÁFORO N° 63,ARRUDA,SUBURBIO,COLISÃO FRONTAL,Não informado,1.0,1.0,0.0,0.0,0.0,0.0,0.0,0.0,0.0,1.0,0.0,Longo da via,Bom,Sem defeito,Perfeito estado,Seca,Perfeito estado,Não existe,Não há placas,40.0,Dupla,Faixa contínua,Não informado,2021,10,17,6,19.0
2021-10-17,23:03:40,SEM VÍTIMA,FINALIZADA,BOA VISTA,AV CONDE DA BOA VISTA,Não informado,ESCOLA DA BÍBLIA,BOA VISTA,SUBURBIO,COLISÃO TRASEIRA,Não informado,2.0,0.0,0.0,0.0,0.0,0.0,0.0,0.0,0.0,0.0,0.0,Longo da via,Bom,Sem defeito,Perfeito estado,Seca,Perfeito estado,Não existe,Não há placas,60.0,Dupla,Canteiro central,Não informado,2021,10,17,6,23.0
2021-10-18,06:58:00,COM VÍTIMA,CANCELADA,TORRE,RUA JOSE BONIFACIO,Não informado,E/F AO CARREFOUR DA TORRE (SOBRE A PONTE/  SENTIDO AFOGADOS),TORRE,Não informado,COLISÃO LATERAL,Não informado,0.0,1.0,0.0,0.0,0.0,1.0,0.0,0.0,0.0,1.0,0.0,Não informado,Não informado,Não informado,Não informado,Não informado,Não informado,Não informado,Não informado,60.0,Não informado,Não informado,Não informado,2021,10,18,0,6.0
2021-10-18,09:26:00,COM VÍTIMA,FINALIZADA,ILHA DO RETIRO,TUNEL CHICO SCIENCE,Não informado,TÚNEL CHICO SCIENCE,ILHA DO RETIRO,CIDADE,COLISÃO FRONTAL,Não informado,1.0,1.0,0.0,0.0,0.0,0.0,0.0,0.0,0.0,1.0,0.0,Outros,Bom,Não existe,Perfeito estado,Seca,Perfeito estado,Não existe,Não há placas,60.0,Única,Faixa contínua,Não informado,2021,10,18,0,9.0
2021-10-18,09:32:00,COM VÍTIMA,FINALIZADA,TORRÕES,AV ENGENHEIRO ABDIAS DE CARVALHO,Não informado,LADO OPOSTO AO N° 3068,TORRÕES,CIDADE,COLISÃO FRONTAL,Não informado,1.0,1.0,0.0,0.0,0.0,0.0,0.0,0.0,0.0,1.0,0.0,Longo da via,Bom,Sem defeito,Perfeito estado,Seca,Perfeito estado,Não existe,R-19,60.0,Dupla,Canteiro central,Não informado,2021,10,18,0,9.0
2021-10-18,13:01:00,COM VÍTIMA,FINALIZADA,SANTO AMARO,AV VISCONDE DE SUASSUNA,Não informado,EM FRENTE A URBANO VITALINO ADVOGADOS,SANTO AMARO,SUBURBIO,COLISÃO TRASEIRA,Não informado,1.0,1.0,0.0,0.0,0.0,0.0,0.0,0.0,0.0,2.0,0.0,Longo da via,Bom,Não existe,Perfeito estado,Seca,Perfeito estado,Não existe,R-6a,60.0,Única,Faixa seccionada,Não informado,2021,10,18,0,13.0
2021-10-18,17:31:00,COM VÍTIMA,FINALIZADA,CORDEIRO,RUA QUATA,Não informado,EM FRENTE AO N° 79,CORDEIRO,SUBURBIO,CHOQUE,Não informado,2.0,0.0,0.0,0.0,0.0,0.0,0.0,0.0,0.0,1.0,0.0,Longo da via,Bom,Não existe,Perfeito estado,Seca,Perfeito estado,Não existe,Não há placas,60.0,Dupla,Não existe,Não informado,2021,10,18,0,17.0
2021-10-18,19:44:00,COM VÍTIMA,FINALIZADA,COQUEIRAL,AV DR JOSE RUFINO,RUA PAPA JOAO VINTE E TRES,PADARIA FÁBRICA,COQUEIRAL,Não informado,COLISÃO FRONTAL,Não informado,0.0,0.0,0.0,0.0,0.0,0.0,0.0,0.0,0.0,1.0,0.0,Outros,Bom,Sem defeito,Ilegível,Seca,Mal iluminada,Outros,Outras,60.0,Dupla,Não existe,Não informado,2021,10,18,0,19.0
2021-10-19,00:53:00,COM VÍTIMA,FINALIZADA,IPUTINGA,AV CAXANGA,EST DO BARBALHO,EM FRENTE AO BIG BOM PREÇO,IPUTINGA,SUBURBIO,COLISÃO TRASEIRA,Não informado,0.0,1.0,0.0,0.0,0.0,0.0,0.0,0.0,0.0,2.0,0.0,Longo da via,Bom,Não existe,Perfeito estado,Seca,Perfeito estado,Não existe,Outras,60.0,Dupla,Canteiro central,Não informado,2021,10,19,1,0.0
2021-10-19,12:07:00,SEM VÍTIMA,FINALIZADA,SANTO AMARO,AV CRUZ CABUGA,Não informado,EM FRENTE À CTTU,SANTO AMARO,SUBURBIO,COLISÃO TRANSVERSAL,Não informado,0.0,2.0,0.0,0.0,0.0,0.0,0.0,0.0,0.0,0.0,0.0,Longo da via,Bom,Não existe,Perfeito estado,Seca,Perfeito estado,Não existe,R-6a,60.0,Dupla,Faixa contínua,Não informado,2021,10,19,1,12.0
2021-10-19,14:24:00,COM VÍTIMA,FINALIZADA,SANTO AMARO,AV CRUZ CABUGA,RUA FREI CASSIMIRO,SENAI,SANTO AMARO,Não informado,COLISÃO TRANSVERSAL,Não informado,1.0,1.0,0.0,0.0,0.0,0.0,0.0,0.0,0.0,1.0,0.0,Cruzamento,Bom,Não existe,Perfeito estado,Seca,Perfeito estado,Faixa de pedestre,R-6a,60.0,Dupla,Faixa contínua,Não informado,2021,10,19,1,14.0
2021-10-19,14:32:00,COM VÍTIMA,FINALIZADA,IPSEP,AV RECIFE,Não informado,EM FRENTE A CARLOS FILMS EQUIPADORA,IPSEP,SUBURBIO,COLISÃO TRASEIRA,Não informado,1.0,1.0,0.0,0.0,0.0,0.0,0.0,0.0,0.0,2.0,0.0,Longo da via,Bom,Sem defeito,Perfeito estado,Seca,Perfeito estado,Faixa de pedestre,Não informado,60.0,Dupla,Faixa contínua,Não informado,2021,10,19,1,14.0
2021-10-19,15:34:00,COM VÍTIMA,FINALIZADA,CORDEIRO,AV GENERAL SAN MARTIN,RUA GOMES TABORDA,AV GENERAL SAN MARTIN,CORDEIRO,SUBURBIO,ATROPELAMENTO DE PESSOA,Não informado,1.0,0.0,0.0,0.0,1.0,0.0,0.0,0.0,0.0,1.0,0.0,Cruzamento,Bom,Sem defeito,Perfeito estado,Seca,Perfeito estado,Faixa de pedestre,Não há placas,40.0,Dupla,Faixa contínua,Não informado,2021,10,19,1,15.0
2021-10-19,20:17:00,SEM VÍTIMA,FINALIZADA,BOA VIAGEM,AV DES JOSE NEVES,Não informado,SEMÁFORO 639 / PRÓX AO SHOPPING RECIFE,BOA VIAGEM,Não informado,CHOQUE,Não informado,0.0,0.0,0.0,0.0,0.0,0.0,0.0,0.0,0.0,0.0,0.0,Não informado,Não informado,Não informado,Não informado,Não informado,Não informado,Não informado,Não informado,60.0,Não informado,Não informado,Não informado,2021,10,19,1,20.0
2021-10-20,05:52:00,SEM VÍTIMA,FINALIZADA,ILHA JOANA BEZERRA,VIADUTO CAPITAO TEMUDO,Não informado,APÓS A PASSARELA - SUBIDA DO VIADUTO,ILHA JOANA BEZERRA,SUBURBIO,ATROPELAMENTO DE ANIMAL,Não informado,2.0,0.0,0.0,0.0,0.0,0.0,0.0,0.0,0.0,0.0,0.0,Não informado,Não informado,Não informado,Não informado,Não informado,Não informado,Não informado,Não informado,60.0,Não informado,Não informado,Não informado,2021,10,20,2,5.0
2021-10-20,07:43:00,COM VÍTIMA,FINALIZADA,PINA,AV BOA VIAGEM,Não informado,EM FRENTE AO TRANSAMERICA PRESTIGE BEACH CLASS,PINA,CIDADE,COLISÃO FRONTAL,Não informado,1.0,1.0,0.0,0.0,0.0,0.0,0.0,0.0,0.0,2.0,0.0,Longo da via,Bom,Sem defeito,Perfeito estado,Seca,Perfeito estado,Faixa de retenção,Não há placas,60.0,Única,Faixa seccionada,Não informado,2021,10,20,2,7.0
2021-10-20,08:17:00,COM VÍTIMA,FINALIZADA,BOA VIAGEM,AV ENGENHEIRO DOMINGOS FERREIRA,RUA PROFESSOR JOSE BRANDAO,E/F A FARMACIA INDEPENDENTE,BOA VIAGEM,Não informado,COLISÃO TRASEIRA,Não informado,1.0,1.0,0.0,0.0,0.0,0.0,0.0,0.0,0.0,1.0,0.0,Cruzamento,Bom,Sem defeito,Perfeito estado,Seca,Perfeito estado,Faixa de pedestre,Não há placas,60.0,Única,Faixa contínua,Não informado,2021,10,20,2,8.0
2021-10-20,12:50:00,COM VÍTIMA,FINALIZADA,BOA VISTA,RUA GERVASIO PIRES,Não informado,AO LADO DO POSTE BO26003,BOA VISTA,SUBURBIO,COLISÃO FRONTAL,Não informado,1.0,1.0,0.0,0.0,0.0,0.0,0.0,0.0,0.0,2.0,0.0,Longo da via,Bom,Não existe,Perfeito estado,Seca,Perfeito estado,Não existe,R-6a,60.0,Única,Não existe,Não informado,2021,10,20,2,12.0
2021-10-20,14:29:00,COM VÍTIMA,FINALIZADA,BOA VIAGEM,AV ENGENHEIRO DOMINGOS FERREIRA,Não informado,E/F A  CELPE,BOA VIAGEM,SUBURBIO,COLISÃO TRASEIRA,Não informado,2.0,1.0,0.0,0.0,0.0,0.0,0.0,0.0,0.0,1.0,0.0,Longo da via,Bom,Não existe,Perfeito estado,Seca,Perfeito estado,Não existe,R-6a,60.0,Única,Faixa contínua,Não informado,2021,10,20,2,14.0
2021-10-20,18:48:00,COM VÍTIMA,CANCELADA,AREIAS,AV DR JOSE RUFINO,Não informado,E/F AO SENAI,AREIAS,Não informado,COLISÃO FRONTAL,Não informado,1.0,1.0,0.0,0.0,0.0,0.0,0.0,0.0,0.0,1.0,0.0,Não informado,Não informado,Não informado,Não informado,Não informado,Não informado,Não informado,Não informado,60.0,Não informado,Não informado,Não informado,2021,10,20,2,18.0
2021-10-21,08:57:00,COM VÍTIMA,CANCELADA,IMBIRIBEIRA,AV MARECHAL MASCARENHAS DE MORAES,Não informado,EM FRENTE A UPA,IMBIRIBEIRA,Não informado,COLISÃO TRASEIRA,Não informado,0.0,1.0,0.0,0.0,0.0,0.0,1.0,0.0,0.0,1.0,0.0,Não informado,Não informado,Não informado,Não informado,Não informado,Não informado,Não informado,Não informado,60.0,Não informado,Não informado,Não informado,2021,10,21,3,8.0
2021-10-21,14:29:00,SEM VÍTIMA,FINALIZADA,ESPINHEIRO,AV GOVERNADOR AGAMENON MAGALHAES,Não informado,EM FRENTE AO CLUBE PORTUGUES,ESPINHEIRO,Não informado,COLISÃO TRASEIRA,Não informado,3.0,0.0,0.0,0.0,0.0,0.0,0.0,0.0,0.0,0.0,0.0,Longo da via,Bom,Sem defeito,Perfeito estado,Seca,Perfeito estado,Não informado,Não informado,60.0,Única,Faixa seccionada,Não informado,2021,10,21,3,14.0
2021-10-21,14:39:00,SEM VÍTIMA,FINALIZADA,TAMARINEIRA,RUA ISAAC SALAZAR,Não informado,EM FRENTE AO EDIFÍCIO RESEDÁ,TAMARINEIRA,CIDADE,Não informado,Não informado,1.0,0.0,0.0,0.0,0.0,0.0,0.0,1.0,0.0,0.0,0.0,Longo da via,Bom,Não existe,Perfeito estado,Seca,Perfeito estado,Faixa de retenção,"Placas ""Pare""",60.0,Única,Não existe,Não informado,2021,10,21,3,14.0
2021-10-21,20:28:00,VÍTIMA FATAL,FINALIZADA,MADALENA,RUA REAL DA TORRE,Não informado,EM FRENTE AO MERCADO DA MADALENA,MADALENA,AFOGADOS,CHOQUE,Não informado,0.0,1.0,0.0,0.0,0.0,0.0,0.0,0.0,0.0,0.0,1.0,Longo da via,Bom,Não existe,Perfeito estado,Seca,Perfeito estado,Não existe,Outras,60.0,Única,Faixa seccionada,Não informado,2021,10,21,3,20.0
2021-10-22,08:25:00,COM VÍTIMA,FINALIZADA,ENCRUZILHADA,AV NORTE MIGUEL ARRAES DE ALENCAR,Não informado,LADO OPOSTO AO T2 VEICULOS,ENCRUZILHADA,CIDADE,ATROPELAMENTO DE PESSOA,Não informado,0.0,1.0,0.0,0.0,1.0,0.0,0.0,0.0,0.0,1.0,0.0,Longo da via,Bom,Não existe,Ilegível,Seca,Perfeito estado,Outros,Outras,60.0,Dupla,Faixa seccionada,Não informado,2021,10,22,4,8.0
2021-10-22,08:35:00,COM VÍTIMA,FINALIZADA,BOA VISTA,RUA DO HOSPICIO,RUA PRINCESA IZABEL,EM FRENTE A CAMARA DOS VEREADORES DE RECIFE,BOA VISTA,CIDADE,COLISÃO FRONTAL,Não informado,1.0,2.0,0.0,0.0,0.0,0.0,0.0,0.0,0.0,1.0,0.0,Cruzamento,Bom,Sem defeito,Perfeito estado,Seca,Perfeito estado,Agente,R-25c,40.0,Única,Faixa contínua,Não informado,2021,10,22,4,8.0
2021-10-22,09:31:00,COM VÍTIMA,FINALIZADA,TORRÕES,AV ENGENHEIRO ABDIAS DE CARVALHO,Não informado,EM FRENTE MARMOARIA AQUIPEDRAS,TORRÕES,CIDADE,COLISÃO TRASEIRA,Não informado,1.0,1.0,0.0,0.0,0.0,0.0,0.0,0.0,0.0,1.0,0.0,Longo da via,Bom,Sem defeito,Perfeito estado,Seca,Perfeito estado,Faixa de pedestre,R-6a,60.0,Dupla,Faixa contínua,Não informado,2021,10,22,4,9.0
2021-10-22,10:13:00,COM VÍTIMA,FINALIZADA,MADALENA,RUA REAL DA TORRE,Não informado,AO LADO DA ESCOLA DE EDUCADORES DO RECIFE,MADALENA,Não informado,ATROPELAMENTO DE PESSOA,Não informado,1.0,0.0,0.0,0.0,1.0,0.0,0.0,0.0,0.0,1.0,0.0,Longo da via,Bom,Sem defeito,Perfeito estado,Seca,Perfeito estado,Não existe,Não há placas,50.0,Única,Faixa seccionada,Não informado,2021,10,22,4,10.0
2021-10-22,10:33:00,COM VÍTIMA,FINALIZADA,BOA VIAGEM,AV CONSELHEIRO AGUIAR,Não informado,EM FRENTE AO EDIFICIO BELÉM,BOA VIAGEM,CIDADE,COLISÃO FRONTAL,Não informado,1.0,1.0,0.0,0.0,0.0,0.0,0.0,0.0,0.0,1.0,0.0,Longo da via,Bom,Não existe,Perfeito estado,Seca,Perfeito estado,Não existe,R-6a,60.0,Única,Faixa contínua,Não informado,2021,10,22,4,10.0
2021-10-22,14:12:00,COM VÍTIMA,FINALIZADA,SAN MARTIN,AV GENERAL SAN MARTIN,Não informado,EM FRENTE A IGREJA INTERNACIONAL DA GRAÇA,SAN MARTIN,SUBURBIO,COLISÃO FRONTAL,Não informado,1.0,1.0,0.0,0.0,0.0,0.0,0.0,0.0,0.0,2.0,0.0,Longo da via,Bom,Não existe,Perfeito estado,Seca,Perfeito estado,Não existe,Não há placas,40.0,Dupla,Faixa contínua,Não informado,2021,10,22,4,14.0
2021-10-22,15:54:00,COM VÍTIMA,FINALIZADA,AFOGADOS,RUA QUITERIO INACIO DE MELLO,RUA CINCO DE NOVEMBRO,IMPORT PNEUS,AFOGADOS,SUBURBIO,COLISÃO TRANSVERSAL,Não informado,0.0,2.0,0.0,0.0,0.0,0.0,0.0,0.0,0.0,1.0,0.0,Cruzamento,Bom,Não existe,Perfeito estado,Seca,Perfeito estado,Não existe,Não há placas,60.0,Única,Faixa seccionada,Não informado,2021,10,22,4,15.0
2021-10-22,17:52:00,COM VÍTIMA,FINALIZADA,BOA VIAGEM,RUA SA E SOUZA,RUA PADRE CABRAL,E/F A CERPE  LABORATORIO,BOA VIAGEM,SUBURBIO,COLISÃO TRANSVERSAL,Não informado,1.0,1.0,0.0,0.0,0.0,0.0,0.0,0.0,0.0,1.0,0.0,Longo da via,Bom,Não existe,Perfeito estado,Seca,Perfeito estado,Não existe,Outras,30.0,Dupla,Faixa seccionada,Não informado,2021,10,22,4,17.0
2021-10-22,18:10:00,COM VÍTIMA,FINALIZADA,AREIAS,AV RECIFE,RUA ADOLFO FARO,POSTO FEDERAL,AREIAS,SUBURBIO,COLISÃO COM CICLISTA,Não informado,0.0,0.0,0.0,1.0,0.0,0.0,1.0,0.0,0.0,1.0,0.0,Longo da via,Bom,Não existe,Perfeito estado,Seca,Perfeito estado,Não existe,Não há placas,60.0,Dupla,Canteiro central,Não informado,2021,10,22,4,18.0
2021-10-22,21:07:40,COM VÍTIMA,FINALIZADA,BOA VIAGEM,AV ENGENHEIRO DOMINGOS FERREIRA,Não informado,LADO OPOSTO PIZZARIA CAPITÃO GANCHO,BOA VIAGEM,SUBURBIO,ATROPELAMENTO DE PESSOA,Não informado,0.0,0.0,1.0,0.0,1.0,0.0,0.0,0.0,0.0,1.0,0.0,Longo da via,Bom,Não existe,Perfeito estado,Seca,Perfeito estado,Não existe,Não há placas,60.0,Única,Faixa seccionada,Não informado,2021,10,22,4,21.0
2021-10-22,23:23:40,COM VÍTIMA,FINALIZADA,CABANGA,PTE GOVERNADOR PAULO GUERRA,Não informado,CURVA DO LARGO DO CABANGA,CABANGA,CIDADE,QUEDA,Não informado,0.0,1.0,0.0,0.0,0.0,0.0,0.0,0.0,0.0,1.0,0.0,Viaduto,Bom,Não existe,Perfeito estado,Seca,Perfeito estado,Não existe,Outras,60.0,Dupla,Canteiro central,Não informado,2021,10,22,4,23.0
2021-10-23,09:18:00,COM VÍTIMA,CANCELADA,MANGABEIRA,AV NORTE MIGUEL ARRAES DE ALENCAR,Não informado,"EM FRENTE O SESC DA AV NORTE, SENTIDO CENTRO",MANGABEIRA,Não informado,COLISÃO COM CICLISTA,Não informado,1.0,0.0,0.0,1.0,0.0,0.0,0.0,0.0,0.0,1.0,0.0,Não informado,Não informado,Não informado,Não informado,Não informado,Não informado,Não informado,Não informado,60.0,Não informado,Não informado,Não informado,2021,10,23,5,9.0
2021-10-23,14:15:00,SEM VÍTIMA,CANCELADA,TORRÕES,AV ENGENHEIRO ABDIAS DE CARVALHO,Não informado,E/F A  UPA  S/T SUB,TORRÕES,Não informado,COLISÃO TRANSVERSAL,Não informado,2.0,0.0,0.0,0.0,0.0,0.0,0.0,0.0,0.0,0.0,0.0,Não informado,Não informado,Não informado,Não informado,Não informado,Não informado,Não informado,Não informado,60.0,Não informado,Não informado,Não informado,2021,10,23,5,14.0
2021-10-23,14:15:00,SEM VÍTIMA,FINALIZADA,IPSEP,RUA BLUMENAU,Não informado,SEMÁFORO Nº 111,IPSEP,SUBURBIO,COLISÃO TRASEIRA,Não informado,2.0,0.0,0.0,0.0,0.0,0.0,0.0,0.0,0.0,0.0,0.0,Longo da via,Bom,Sem defeito,Perfeito estado,Seca,Perfeito estado,Faixa de pedestre,Não há placas,60.0,Única,Não existe,Não informado,2021,10,23,5,14.0
2021-10-23,15:20:00,COM VÍTIMA,FINALIZADA,TEJIPIÓ,AV DR JOSE RUFINO,Não informado,E/F AO  TERMINAL DE METRO DE TEJIPIO,TEJIPIÓ,CIDADE,COLISÃO TRASEIRA,Não informado,1.0,1.0,0.0,0.0,0.0,0.0,0.0,0.0,0.0,1.0,0.0,Longo da via,Bom,Sem defeito,Perfeito estado,Seca,Perfeito estado,Faixa de retenção,R-6a,60.0,Dupla,Faixa contínua,Não informado,2021,10,23,5,15.0
2021-10-23,22:00:40,COM VÍTIMA,FINALIZADA,MADALENA,AV JOSE GONCALVES DE MEDEIROS,Não informado,E/F ENTRADA DO SUPERMECADO EXTRA,MADALENA,Não informado,COLISÃO TRANSVERSAL,Não informado,1.0,0.0,1.0,0.0,0.0,0.0,0.0,0.0,0.0,1.0,0.0,Longo da via,Bom,Não existe,Perfeito estado,Seca,Perfeito estado,Não existe,R-6a,60.0,Dupla,Faixa contínua,Não informado,2021,10,23,5,22.0
2021-10-24,04:44:00,COM VÍTIMA,FINALIZADA,CAJUEIRO,AV BEBERIBE,Não informado,EM FRENTE AO N° 3185,CAJUEIRO,CIDADE,CHOQUE,Não informado,1.0,0.0,0.0,0.0,0.0,0.0,0.0,0.0,0.0,1.0,0.0,Longo da via,Bom,Não existe,Incompleta,Seca,Perfeito estado,Não informado,Não há placas,50.0,Dupla,Canteiro central,Não informado,2021,10,24,6,4.0
2021-10-24,10:21:00,COM VÍTIMA,FINALIZADA,TEJIPIÓ,AV DR JOSE RUFINO,Não informado,SOB SEMÁFORO 497,TEJIPIÓ,CIDADE,COLISÃO FRONTAL,Não informado,0.0,2.0,0.0,0.0,0.0,0.0,0.0,0.0,0.0,1.0,0.0,Longo da via,Bom,Sem defeito,Perfeito estado,Seca,Perfeito estado,Não existe,R-6a,60.0,Dupla,Faixa contínua,Não informado,2021,10,24,6,10.0
2021-10-24,13:26:00,COM VÍTIMA,FINALIZADA,PINA,AV BRASILIA FORMOSA,Não informado,NA PISTA QUE DA ACESSO A ESCULTURA DE BRENNAND,PINA,Não informado,COLISÃO COM CICLISTA,Não informado,0.0,1.0,0.0,1.0,0.0,0.0,0.0,0.0,0.0,1.0,0.0,Longo da via,Bom,Não existe,Não existente,Seca,Perfeito estado,Não existe,Não há placas,60.0,Dupla,Não existe,Não informado,2021,10,24,6,13.0
2021-10-24,15:45:00,COM VÍTIMA,FINALIZADA,SANCHO,AV LIBERDADE,Não informado,PIZZARIA E CHURRASCARIA MANÁ,SANCHO,CIDADE,COLISÃO COM CICLISTA,Não informado,1.0,1.0,0.0,1.0,0.0,0.0,0.0,0.0,0.0,2.0,0.0,Longo da via,Bom,Não existe,Não existente,Seca,Não informado,Não existe,Não há placas,60.0,Dupla,Não existe,Não informado,2021,10,24,6,15.0
2021-10-24,18:05:00,SEM VÍTIMA,FINALIZADA,TAMARINEIRA,RUA CONEGO BARATA,Não informado,E/F A FERREIRA COSTA,TAMARINEIRA,Não informado,COLISÃO TRASEIRA,Não informado,2.0,0.0,0.0,0.0,0.0,0.0,0.0,0.0,0.0,0.0,0.0,Não informado,Não informado,Não informado,Não informado,Não informado,Não informado,Não informado,Não informado,60.0,Não informado,Não informado,Não informado,2021,10,24,6,18.0
2021-10-24,21:51:40,SEM VÍTIMA,FINALIZADA,TEJIPIÓ,AV DR JOSE RUFINO,Não informado,"PRÓX AO CARTORIO DE TEJIPIO, SNT JABOATAO",TEJIPIÓ,Não informado,ENGAVETAMENTO,Não informado,3.0,0.0,0.0,0.0,0.0,0.0,0.0,0.0,0.0,0.0,0.0,Não informado,Não informado,Não informado,Não informado,Não informado,Não informado,Não informado,Não informado,60.0,Não informado,Não informado,Não informado,2021,10,24,6,21.0
2021-10-24,22:18:40,SEM VÍTIMA,FINALIZADA,CASA AMARELA,AV NORTE MIGUEL ARRAES DE ALENCAR,Não informado,AO LADO DA PAGUE NORTE  /// SEMÁFORO 079,CASA AMARELA,Não informado,COLISÃO FRONTAL,Não informado,2.0,0.0,0.0,0.0,0.0,0.0,0.0,0.0,0.0,0.0,0.0,Não informado,Não informado,Não informado,Não informado,Não informado,Não informado,Não informado,Não informado,60.0,Não informado,Não informado,Não informado,2021,10,24,6,22.0
2021-10-25,14:43:00,COM VÍTIMA,FINALIZADA,SANTO AMARO,AV CRUZ CABUGA,AV PREFEITO ARTUR LIMA CAVALCANTI,AO LADO DA SECRETARIA  DE INFRAENSTRUTURA,SANTO AMARO,CIDADE,COLISÃO FRONTAL,Não informado,0.0,1.0,0.0,0.0,0.0,1.0,0.0,0.0,0.0,1.0,0.0,Cruzamento,Bom,Sem defeito,Perfeito estado,Seca,Perfeito estado,Faixa de pedestre,Outras,60.0,Dupla,Faixa contínua,Não informado,2021,10,25,0,14.0