data,hora,natureza_acidente,situacao,bairro,endereco,detalhe_endereco_acidente,complemento,bairro_cruzamento,sentido_via,tipo,descricao,auto,moto,ciclom,ciclista,pedestre,onibus,caminhao,viatura,outros,vitimas,vitimasfatais,acidente_verificado,tempo_clima,situacao_semaforo,sinalizacao,condicao_via,conservacao_via,ponto_controle,situacao_placa,velocidade_max_via,mao_direcao,divisao_via1,natureza,ano,mes,dia,dia_semana,hora_ocorrencia
2021-10-25,15:01:00,COM VÍTIMA,FINALIZADA,SANTO AMARO,AV GOVERNADOR AGAMENON MAGALHAES,Não informado,SEMÁFORO 378,SANTO AMARO,SUBURBIO,ATROPELAMENTO DE PESSOA,Não informado,0.0,0.0,0.0,0.0,1.0,1.0,0.0,0.0,0.0,1.0,0.0,Longo da via,Bom,Sem defeito,Perfeito estado,Seca,Perfeito estado,Faixa de pedestre,R-6a,60.0,Dupla,Faixa seccionada,Não informado,2021,10,25,0,15.0
2021-10-25,16:52:00,SEM VÍTIMA,FINALIZADA,MADALENA,RUA BENFICA,RUA ARLINDO GOUVEIA,Não informado,MADALENA,SUBURBIO,COLISÃO TRASEIRA,Não informado,2.0,0.0,0.0,0.0,0.0,0.0,0.0,0.0,0.0,0.0,0.0,Longo da via,Bom,Sem defeito,Perfeito estado,Seca,Perfeito estado,Faixa de pedestre,Não há placas,40.0,Dupla,Canteiro central,Não informado,2021,10,25,0,16.0
2021-10-25,17:51:00,COM VÍTIMA,FINALIZADA,IMBIRIBEIRA,AV MARECHAL MASCARENHAS DE MORAES,RUA GUADALAJARA,E/F AO GERALDAO   S/T CID,IMBIRIBEIRA,CIDADE,COLISÃO LATERAL,Não informado,1.0,1.0,0.0,0.0,0.0,0.0,0.0,0.0,0.0,1.0,0.0,Longo da via,Bom,Não existe,Perfeito estado,Seca,Perfeito estado,Não existe,Outras,60.0,Dupla,Faixa seccionada,Não informado,2021,10,25,0,17.0
2021-10-25,18:00:00,COM VÍTIMA,FINALIZADA,AREIAS,AV RECIFE,Não informado,SEMÁFORO,AREIAS,SUBURBIO,ATROPELAMENTO DE PESSOA,Não informado,0.0,1.0,0.0,0.0,1.0,0.0,0.0,0.0,0.0,1.0,0.0,Longo da via,Bom,Sem defeito,Perfeito estado,Seca,Perfeito estado,Faixa de pedestre,Não informado,60.0,Única,Faixa seccionada,Não informado,2021,10,25,0,18.0
2021-10-25,18:24:00,COM VÍTIMA,FINALIZADA,BOA VIAGEM,RUA JOAO DIAS MARTINS,RUA DONA MAGINA PONTUAL,AO LADO DO EDIFICIO MIRELLA,BOA VIAGEM,CIDADE,COLISÃO TRANSVERSAL,Não informado,1.0,1.0,0.0,0.0,0.0,0.0,0.0,0.0,0.0,1.0,0.0,Cruzamento,Bom,Não existe,Perfeito estado,Seca,Perfeito estado,Faixa de retenção,"Placas ""Pare""",60.0,Dupla,Faixa contínua,Não informado,2021,10,25,0,18.0
2021-10-26,07:35:00,COM VÍTIMA,FINALIZADA,CORDEIRO,RUA GOMES TABORDA,EST DO FORTE DO ARRAIAL N. DO B. JESUS,SOB SEMÁFORO 249,CORDEIRO,SUBURBIO,COLISÃO FRONTAL,Não informado,1.0,1.0,0.0,0.0,0.0,0.0,0.0,0.0,0.0,1.0,0.0,Cruzamento,Bom,Sem defeito,Perfeito estado,Seca,Perfeito estado,Faixa de pedestre,Não há placas,30.0,Dupla,Faixa seccionada,Não informado,2021,10,26,1,7.0
2021-10-26,07:42:00,COM VÍTIMA,FINALIZADA,BOA VIAGEM,RUA VISCONDE DE JEQUITINHONHA,RUA PROFESSOR MARIO CASTRO,E/F AO POSTO DE GASOLINA BR,BOA VIAGEM,SUBURBIO,COLISÃO TRASEIRA,Não informado,1.0,1.0,0.0,0.0,0.0,0.0,0.0,0.0,0.0,1.0,0.0,Longo da via,Chuvoso,Sem defeito,Perfeito estado,Molhada,Perfeito estado,Faixa de pedestre,Não há placas,60.0,Única,Canteiro central,Não informado,2021,10,26,1,7.0
2021-10-26,08:20:00,SEM VÍTIMA,FINALIZADA,ENCRUZILHADA,AV NORTE MIGUEL ARRAES DE ALENCAR,Não informado,CAXANGÁ ACESSÓRIOS,ENCRUZILHADA,CIDADE,COLISÃO TRASEIRA,Não informado,1.0,0.0,0.0,0.0,0.0,0.0,0.0,1.0,0.0,0.0,0.0,Longo da via,Bom,Não existe,Perfeito estado,Seca,Perfeito estado,Não existe,Outras,60.0,Dupla,Canteiro central,Não informado,2021,10,26,1,8.0
2021-10-26,10:03:00,SEM VÍTIMA,FINALIZADA,SÃO JOSÉ,RUA IMPERIAL,Não informado,PRÓXIMO AO FERRO E AÇO,SÃO JOSÉ,SUBURBIO,COLISÃO TRASEIRA,Não informado,2.0,0.0,0.0,0.0,0.0,0.0,0.0,0.0,0.0,0.0,0.0,Longo da via,Bom,Não existe,Não existente,Seca,Mal conservada,Não existe,Não há placas,60.0,Única,Não existe,Não informado,2021,10,26,1,10.0
2021-10-26,11:33:00,COM VÍTIMA,FINALIZADA,CASA FORTE,AV DEZESSETE DE AGOSTO,Não informado,EM FRENTE A PAGUE MENOS,CASA FORTE,SUBURBIO,COLISÃO TRASEIRA,Não informado,1.0,1.0,0.0,0.0,0.0,0.0,0.0,0.0,0.0,1.0,0.0,Não informado,Não informado,Não informado,Não informado,Não informado,Não informado,Não informado,Não informado,60.0,Não informado,Não informado,Não informado,2021,10,26,1,11.0
2021-10-26,14:10:00,COM VÍTIMA,FINALIZADA,SANTO AMARO,AV GOVERNADOR AGAMENON MAGALHAES,Não informado,SEMÁFORO 378,SANTO AMARO,SUBURBIO,COLISÃO FRONTAL,Não informado,2.0,1.0,0.0,0.0,0.0,0.0,0.0,0.0,0.0,1.0,0.0,Outros,Bom,Sem defeito,Perfeito estado,Seca,Perfeito estado,Faixa de retenção,Não há placas,60.0,Dupla,Canteiro central,Não informado,2021,10,26,1,14.0
2021-10-26,18:05:00,COM VÍTIMA,CANCELADA,SANTO AMARO,AV GOVERNADOR AGAMENON MAGALHAES,Não informado,"EM FRENTE AO SHOPPING TACARUNA, SENTIDO OLINDA",SANTO AMARO,Não informado,QUEDA,Não informado,0.0,2.0,0.0,0.0,0.0,0.0,0.0,0.0,0.0,1.0,0.0,Não informado,Não informado,Não informado,Não informado,Não informado,Não informado,Não informado,Não informado,60.0,Não informado,Não informado,Não informado,2021,10,26,1,18.0
2021-10-26,18:35:00,COM VÍTIMA,FINALIZADA,PINA,AVENIDA CELSO FURTADO (VIA MANGUE),Não informado,PROX A PRIMEIRA LOMBADA ELETRONICA SENTIDO BOA VIAGEM,PINA,SUBURBIO,COLISÃO TRASEIRA,Não informado,1.0,1.0,0.0,0.0,0.0,0.0,0.0,0.0,0.0,1.0,0.0,Longo da via,Bom,Não existe,Perfeito estado,Seca,Perfeito estado,Não existe,Não há placas,60.0,Dupla,Faixa seccionada,Não informado,2021,10,26,1,18.0
2021-10-26,21:28:40,COM VÍTIMA,FINALIZADA,AFOGADOS,RUA VINTE E UM DE ABRIL,RUA REALENGO,PROX AO CLUBE FERROVIARIO,AFOGADOS,SUBURBIO,COLISÃO FRONTAL,Não informado,1.0,1.0,0.0,0.0,0.0,0.0,0.0,0.0,0.0,1.0,0.0,Longo da via,Chuvoso,Não existe,Não existente,Molhada,Perfeito estado,Não existe,R-30,60.0,Dupla,Não existe,Não informado,2021,10,26,1,21.0
2021-10-27,07:25:00,COM VÍTIMA,FINALIZADA,DERBY,AV GOVERNADOR AGAMENON MAGALHAES,Não informado,SOB O SEMÁFORO 75,DERBY,Não informado,COLISÃO TRASEIRA,Não informado,0.0,1.0,0.0,0.0,0.0,0.0,0.0,0.0,0.0,1.0,0.0,Cruzamento,Bom,Sem defeito,Perfeito estado,Seca,Perfeito estado,Agente,Não informado,60.0,Dupla,Canal,Não informado,2021,10,27,2,7.0
2021-10-27,09:42:00,SEM VÍTIMA,FINALIZADA,SANTO AMARO,AV NORTE MIGUEL ARRAES DE ALENCAR,Não informado,EM FRENTE A IGREJA PRESBITERIANA FAMÍLIA CRISTÃ. BO 242567 É CONTINUAÇÃO DO BO 212568,SANTO AMARO,SUBURBIO,COLISÃO TRASEIRA,Não informado,4.0,0.0,0.0,0.0,0.0,0.0,0.0,0.0,0.0,0.0,0.0,Longo da via,Bom,Não existe,Perfeito estado,Seca,Perfeito estado,Não existe,Outras,60.0,Dupla,Canteiro central,Não informado,2021,10,27,2,9.0
2021-10-27,10:36:00,COM VÍTIMA,FINALIZADA,SÃO JOSÉ,AV SUL,Não informado,EM FRENTE AO ESTACIONAMENTO PRIVATIVO DA SECRETARIA DA FAZENDA  / SENT AFOGADOS,SÃO JOSÉ,SUBURBIO,COLISÃO COM CICLISTA,Não informado,0.0,0.0,0.0,1.0,0.0,1.0,0.0,0.0,0.0,1.0,0.0,Longo da via,Bom,Não existe,Perfeito estado,Seca,Perfeito estado,Não existe,Não há placas,60.0,Dupla,Faixa contínua,Não informado,2021,10,27,2,10.0
2021-10-27,15:33:00,SEM VÍTIMA,CANCELADA,CASA AMARELA,AV NORTE MIGUEL ARRAES DE ALENCAR,RUA GOMES COUTINHO,PRÓX AO POSTO BR,CASA AMARELA,SUBURBIO,COLISÃO LATERAL,Não informado,0.0,0.0,0.0,0.0,0.0,0.0,0.0,1.0,1.0,0.0,0.0,Não informado,Não informado,Não informado,Não informado,Não informado,Não informado,Não informado,Não informado,60.0,Não informado,Não informado,Não informado,2021,10,27,2,15.0
2021-10-27,18:07:00,SEM VÍTIMA,FINALIZADA,BAIRRO DO RECIFE,AV MILITAR,Não informado,E/F A PREFEITURA,BAIRRO DO RECIFE,Não informado,COLISÃO LATERAL,Não informado,2.0,0.0,0.0,0.0,0.0,0.0,0.0,0.0,0.0,0.0,0.0,Não informado,Não informado,Não informado,Não informado,Não informado,Não informado,Não informado,Não informado,60.0,Não informado,Não informado,Não informado,2021,10,27,2,18.0
2021-10-27,19:07:00,COM VÍTIMA,FINALIZADA,PRADO,RUA GOMES TABORDA,RUA DES ADOLFO CIRIACO,SINOI COMBUSTÍVEIS,PRADO,Não informado,COLISÃO LATERAL,Não informado,1.0,1.0,0.0,0.0,0.0,0.0,0.0,0.0,0.0,1.0,0.0,Longo da via,Bom,Sem defeito,Ilegível,Seca,Perfeito estado,Não existe,Não há placas,30.0,Dupla,Faixa seccionada,Não informado,2021,10,27,2,19.0
2021-10-28,12:39:00,SEM VÍTIMA,FINALIZADA,BOA VIAGEM,RUA RIBEIRO DE BRITO,Não informado,EM FRENTE AO POSTO DE GASOLINA PETROBRAS,BOA VIAGEM,Não informado,COLISÃO TRANSVERSAL,Não informado,2.0,0.0,0.0,0.0,0.0,0.0,0.0,0.0,0.0,0.0,0.0,Não informado,Não informado,Não informado,Não informado,Não informado,Não informado,Não informado,Não informado,60.0,Não informado,Não informado,Não informado,2021,10,28,3,12.0
2021-10-28,13:19:00,COM VÍTIMA,FINALIZADA,CORDEIRO,AV GENERAL SAN MARTIN,Não informado,EM FRENTE A SORVETERIA  MUG,CORDEIRO,SUBURBIO,COLISÃO FRONTAL,Não informado,1.0,1.0,0.0,0.0,0.0,0.0,0.0,0.0,0.0,1.0,0.0,Longo da via,Bom,Não existe,Incompleta,Seca,Mal iluminada,Não existe,Outras,60.0,Dupla,Faixa contínua,Não informado,2021,10,28,3,13.0
2021-10-28,13:40:00,COM VÍTIMA,FINALIZADA,VÁRZEA,RUA VALE DO SIRIJI,Não informado,Não informado,VÁRZEA,Não informado,CHOQUE,Não informado,0.0,0.0,0.0,0.0,0.0,0.0,0.0,0.0,0.0,1.0,0.0,Longo da via,Bom,Não existe,Não existente,Seca,Perfeito estado,Não existe,Não há placas,60.0,Dupla,Não existe,Não informado,2021,10,28,3,13.0
2021-10-28,17:21:00,COM VÍTIMA,FINALIZADA,AFOGADOS,RUA SAO MIGUEL,RUA DES DIRCEU BORGES,E/F AO POSTO IPIRANGA,AFOGADOS,SUBURBIO,COLISÃO FRONTAL,Não informado,1.0,1.0,0.0,0.0,0.0,0.0,0.0,0.0,0.0,2.0,0.0,Cruzamento,Bom,Não existe,Perfeito estado,Seca,Perfeito estado,Não existe,Não há placas,60.0,Dupla,Faixa contínua,Não informado,2021,10,28,3,17.0
2021-10-28,18:32:00,COM VÍTIMA,FINALIZADA,BOA VIAGEM,AVENIDA CELSO FURTADO (VIA MANGUE),RUA TENENTE JOAO CICERO,Não informado,BOA VIAGEM,CIDADE,CHOQUE,Não informado,0.0,1.0,0.0,0.0,0.0,0.0,0.0,0.0,0.0,1.0,0.0,Esquina,Bom,Não existe,Perfeito estado,Seca,Perfeito estado,Não existe,R-4b,60.0,Única,Faixa seccionada,Não informado,2021,10,28,3,18.0
2021-10-28,18:42:00,COM VÍTIMA,FINALIZADA,BOA VIAGEM,RUA HENRIQUE CAPITULINO,AV CONSELHEIRO AGUIAR,SEMÁFORO 143 / PRÓX A LOJA PRADORMIR,BOA VIAGEM,CIDADE,COLISÃO COM CICLISTA,Não informado,1.0,0.0,0.0,1.0,0.0,0.0,0.0,0.0,0.0,1.0,0.0,Cruzamento,Bom,Sem defeito,Perfeito estado,Seca,Perfeito estado,Faixa de pedestre,Não informado,60.0,Única,Faixa seccionada,Não informado,2021,10,28,3,18.0
2021-10-28,22:15:40,COM VÍTIMA,FINALIZADA,AFOGADOS,PTE DO MOTOCOLOMBO,Não informado,EM CIMA DA PONTE,AFOGADOS,CIDADE,COLISÃO TRASEIRA,Não informado,1.0,1.0,0.0,0.0,0.0,0.0,0.0,0.0,0.0,1.0,0.0,Ponte,Bom,Não existe,Perfeito estado,Seca,Perfeito estado,Não existe,Outras,60.0,Dupla,Canteiro central,Não informado,2021,10,28,3,22.0
2021-10-29,10:34:00,COM VÍTIMA,FINALIZADA,BOA VIAGEM,RUA VISCONDE DE JEQUITINHONHA,Não informado,AO LADO DA AERONÁLTICA FAIXA  DA DIREIRA SENTIDO PIEDADE/ SEGUNDO COMAR DO QUARTEL GERERAL,BOA VIAGEM,SUBURBIO,COLISÃO TRASEIRA,Não informado,1.0,1.0,0.0,0.0,0.0,1.0,0.0,0.0,0.0,1.0,0.0,Longo da via,Bom,Não existe,Perfeito estado,Seca,Perfeito estado,Não existe,Não há placas,60.0,Única,Faixa seccionada,Não informado,2021,10,29,4,10.0
2021-10-29,12:58:00,SEM VÍTIMA,CANCELADA,TOTÓ,RUA ONZE DE AGOSTO,Não informado,AO LADO  DO BIDU KRAUSE,TOTÓ,Não informado,COLISÃO TRASEIRA,Não informado,1.0,1.0,0.0,0.0,0.0,0.0,0.0,0.0,0.0,0.0,0.0,Não informado,Não informado,Não informado,Não informado,Não informado,Não informado,Não informado,Não informado,60.0,Não informado,Não informado,Não informado,2021,10,29,4,12.0
2021-10-29,17:00:00,SEM VÍTIMA,FINALIZADA,TORRE,RUA SOUZA BANDEIRA,RUA DIANOPOLIS,SOB O SEMÁFORO 317,TORRE,SUBURBIO,COLISÃO TRANSVERSAL,Não informado,1.0,1.0,0.0,0.0,0.0,0.0,0.0,0.0,0.0,0.0,0.0,Cruzamento,Bom,Sem defeito,Perfeito estado,Seca,Perfeito estado,Faixa de pedestre,R-6a,60.0,Dupla,Não existe,Não informado,2021,10,29,4,17.0
2021-10-29,21:32:40,COM VÍTIMA,FINALIZADA,ARRUDA,AV BEBERIBE,AV PROFESSOR JOSE DOS ANJOS,ESTADIO DO ARRUDA,ARRUDA,SUBURBIO,COLISÃO TRASEIRA,Não informado,1.0,2.0,0.0,0.0,0.0,0.0,0.0,0.0,0.0,1.0,0.0,Cruzamento,Bom,Sem defeito,Perfeito estado,Seca,Perfeito estado,Faixa de pedestre,"Placas ""Dê a preferência""",60.0,Única,Faixa contínua,Não informado,2021,10,29,4,21.0
2021-10-30,06:03:00,COM VÍTIMA,FINALIZADA,LINHA DO TIRO,RUA URIEL DE HOLANDA,Não informado,PROX. AO ARMAZEM OLIVEIRA,LINHA DO TIRO,SUBURBIO,ATROPELAMENTO DE PESSOA,Não informado,0.0,0.0,0.0,0.0,1.0,1.0,0.0,0.0,0.0,1.0,0.0,Longo da via,Bom,Não existe,Perfeito estado,Seca,Perfeito estado,Não existe,Outras,40.0,Dupla,Não existe,Não informado,2021,10,30,5,6.0
2021-10-30,08:28:00,COM VÍTIMA,FINALIZADA,AREIAS,AV RECIFE,Não informado,EM FRENTE AO N° 1008,AREIAS,CIDADE,COLISÃO FRONTAL,Não informado,1.0,1.0,0.0,0.0,0.0,0.0,0.0,0.0,0.0,1.0,0.0,Longo da via,Bom,Não existe,Perfeito estado,Seca,Perfeito estado,Não existe,Não há placas,60.0,Dupla,Canteiro central,Não informado,2021,10,30,5,8.0
2021-10-30,11:31:00,COM VÍTIMA,FINALIZADA,MADALENA,RUA JOAO IVO DA SILVA,Não informado,OPOSTO AO N° 79,MADALENA,SUBURBIO,COLISÃO COM CICLISTA,Não informado,1.0,0.0,0.0,1.0,0.0,0.0,0.0,0.0,0.0,1.0,0.0,Longo da via,Bom,Não existe,Perfeito estado,Seca,Perfeito estado,Não existe,R-6a,60.0,Única,Faixa seccionada,Não informado,2021,10,30,5,11.0
2021-10-30,11:51:00,SEM VÍTIMA,FINALIZADA,ARRUDA,RUA DAS MOCAS,Não informado,AO LADO DO ESTÁDIO DO ARRUDA,ARRUDA,SUBURBIO,Não informado,Não informado,1.0,0.0,0.0,0.0,0.0,0.0,0.0,1.0,0.0,0.0,0.0,Longo da via,Bom,Não existe,Perfeito estado,Seca,Perfeito estado,Não existe,R-6a,60.0,Dupla,Faixa seccionada,Não informado,2021,10,30,5,11.0
2021-10-30,12:29:00,COM VÍTIMA,FINALIZADA,CORDEIRO,AV CAXANGA,RUA FIDELIS MOLITERNO,MF CAR,CORDEIRO,CIDADE,COLISÃO FRONTAL,Não informado,1.0,1.0,0.0,0.0,0.0,0.0,0.0,0.0,0.0,1.0,0.0,Longo da via,Bom,Não existe,Não existente,Seca,Perfeito estado,Não existe,Não há placas,60.0,Única,Não existe,Não informado,2021,10,30,5,12.0
2021-10-30,13:03:00,SEM VÍTIMA,FINALIZADA,BRASÍLIA TEIMOSA,AV BRASILIA FORMOSA,Não informado,Não informado,BRASÍLIA TEIMOSA,SUBURBIO,Não informado,Não informado,0.0,1.0,0.0,0.0,0.0,0.0,0.0,1.0,0.0,0.0,0.0,Longo da via,Bom,Não existe,Incompleta,Seca,Perfeito estado,Não existe,Outras,60.0,Dupla,Faixa seccionada,Não informado,2021,10,30,5,13.0
2021-10-30,13:16:00,COM VÍTIMA,FINALIZADA,JORDÃO,AV MARIA IRENE,Não informado,PRÓX AO MARTELINHO DE OURO AUTO CRUZ,JORDÃO,SUBURBIO,COLISÃO TRANSVERSAL,Não informado,1.0,1.0,0.0,0.0,0.0,0.0,0.0,0.0,0.0,1.0,0.0,Longo da via,Bom,Não existe,Perfeito estado,Seca,Perfeito estado,Não existe,Não há placas,60.0,Dupla,Faixa contínua,Não informado,2021,10,30,5,13.0
2021-10-30,14:53:00,COM VÍTIMA,FINALIZADA,BOA VIAGEM,RUA BARAO DE SOUZA LEAO,AV DES JOSE NEVES,PROXIMO AO TREVO SUPERMERCADO,BOA VIAGEM,CIDADE,COLISÃO TRANSVERSAL,Não informado,0.0,3.0,0.0,0.0,0.0,0.0,0.0,0.0,0.0,3.0,0.0,Cruzamento,Bom,Sem defeito,Perfeito estado,Seca,Perfeito estado,Faixa de pedestre,Outras,60.0,Única,Faixa seccionada,Não informado,2021,10,30,5,14.0
2021-10-30,16:25:00,COM VÍTIMA,FINALIZADA,CASA AMARELA,RUA DR TOME DIAS,Não informado,AO LADO DA CASA PIO,CASA AMARELA,Não informado,ATROPELAMENTO DE PESSOA,Não informado,1.0,0.0,0.0,0.0,1.0,0.0,0.0,0.0,0.0,1.0,0.0,Longo da via,Bom,Não existe,Perfeito estado,Seca,Perfeito estado,Faixa de pedestre,"Placas ""Pare""",60.0,Dupla,Faixa contínua,Não informado,2021,10,30,5,16.0
2021-10-30,17:15:00,SEM VÍTIMA,CANCELADA,BOA VIAGEM,RUA DOS NAVEGANTES,Não informado,EM FRENTE AO NAVEGANTES PRAIA HOTEL,BOA VIAGEM,Não informado,COLISÃO TRASEIRA,Não informado,2.0,0.0,0.0,0.0,0.0,0.0,0.0,0.0,0.0,0.0,0.0,Não informado,Não informado,Não informado,Não informado,Não informado,Não informado,Não informado,Não informado,60.0,Não informado,Não informado,Não informado,2021,10,30,5,17.0
2021-10-31,10:17:00,COM VÍTIMA,FINALIZADA,BOA VIAGEM,RUA VISCONDE DE JEQUITINHONHA,AV ARMINDO MOURA,POR TRAZ DA VILA MILITAR/ LAVA JATO DAS MENINAS,BOA VIAGEM,SUBURBIO,COLISÃO TRASEIRA,Não informado,1.0,1.0,0.0,0.0,0.0,0.0,0.0,0.0,0.0,1.0,0.0,Longo da via,Bom,Sem defeito,Perfeito estado,Seca,Perfeito estado,Faixa de pedestre,Não há placas,60.0,Única,Faixa contínua,Não informado,2021,10,31,6,10.0
2021-10-31,14:27:00,COM VÍTIMA,FINALIZADA,SAN MARTIN,AV CONSUL VILARES FRAGOSO,RUA COMENDADOR FRANCO FERREIRA,AO LADO DA CAVALARIA DA POLICIA MILITAR,SAN MARTIN,Não informado,QUEDA,Não informado,0.0,1.0,0.0,0.0,0.0,0.0,0.0,0.0,0.0,1.0,0.0,Longo da via,Bom,Não existe,Perfeito estado,Seca,Perfeito estado,Não existe,Não informado,60.0,Dupla,Não informado,Não informado,2021,10,31,6,14.0
2021-10-31,14:44:00,COM VÍTIMA,FINALIZADA,PAISSANDU,AV GOVERNADOR AGAMENON MAGALHAES,RUA PAISSANDU,RUA PAISSANDU,PAISSANDU,SUBURBIO,COLISÃO TRANSVERSAL,Não informado,0.0,2.0,0.0,0.0,0.0,0.0,0.0,0.0,0.0,2.0,0.0,Longo da via,Bom,Sem defeito,Perfeito estado,Seca,Perfeito estado,Faixa de pedestre,Outras,60.0,Dupla,Canal,Não informado,2021,10,31,6,14.0
2021-10-31,15:52:00,SEM VÍTIMA,FINALIZADA,PINA,RUA MANOEL DE BRITO,AV REPUBLICA ARABE UNIDA,Não informado,PINA,CIDADE,COLISÃO TRASEIRA,Não informado,0.0,1.0,0.0,0.0,0.0,0.0,0.0,1.0,0.0,0.0,0.0,Cruzamento,Bom,Sem defeito,Incompleta,Seca,Perfeito estado,Faixa de pedestre,R-6a,60.0,Única,Faixa seccionada,Não informado,2021,10,31,6,15.0
2021-10-31,19:48:00,COM VÍTIMA,FINALIZADA,SANTO AMARO,AV GOVERNADOR AGAMENON MAGALHAES,Não informado,PRÓXIMO DA LOMBADA ELETRÔNICA,SANTO AMARO,SUBURBIO,COLISÃO COM CICLISTA,Não informado,1.0,0.0,0.0,1.0,0.0,0.0,0.0,0.0,0.0,1.0,0.0,Longo da via,Bom,Sem defeito,Perfeito estado,Seca,Perfeito estado,Não existe,Outras,60.0,Única,Faixa contínua,Não informado,2021,10,31,6,19.0
2021-11-01,02:37:00,SEM VÍTIMA,FINALIZADA,TORRÕES,RUA MIRABELA,Não informado,UPA DO TORRÕES,TORRÕES,Não informado,COLISÃO TRASEIRA,Não informado,0.0,0.0,0.0,0.0,0.0,0.0,0.0,0.0,0.0,0.0,0.0,Não informado,Não informado,Não informado,Não informado,Não informado,Não informado,Não informado,Não informado,60.0,Não informado,Não informado,Não informado,2021,11,1,0,2.0
2021-11-01,07:24:00,COM VÍTIMA,FINALIZADA,CAMPO GRANDE,RUA MARQUES DE BAIPENDI,Não informado,LADO OPOSTO A PADARIA PAN BENICIO,CAMPO GRANDE,Não informado,COLISÃO TRANSVERSAL,Não informado,1.0,1.0,0.0,0.0,0.0,0.0,0.0,0.0,0.0,2.0,0.0,Longo da via,Bom,Não existe,Perfeito estado,Seca,Perfeito estado,Outros,Outras,60.0,Dupla,Faixa seccionada,Não informado,2021,11,1,0,7.0
2021-11-01,10:58:00,COM VÍTIMA,FINALIZADA,PINA,AV ANTONIO DE GOES,Não informado,LADO OPOSTO DETROI CARDS,PINA,CIDADE,ATROPELAMENTO DE PESSOA,Não informado,1.0,0.0,0.0,0.0,1.0,0.0,0.0,0.0,0.0,1.0,0.0,Longo da via,Bom,Sem defeito,Perfeito estado,Seca,Perfeito estado,Não existe,Não há placas,60.0,Dupla,Canteiro central,Não informado,2021,11,1,0,10.0
2021-11-01,12:10:00,COM VÍTIMA,FINALIZADA,TORRÕES,AV BICENTENARIO DA REVOLUCAO FRANCESA,Não informado,AO LADO DA IGREJA ASSEMBLEIA DE DEUS,TORRÕES,SUBURBIO,ATROPELAMENTO DE PESSOA,Não informado,0.0,0.0,0.0,0.0,1.0,0.0,0.0,0.0,0.0,1.0,0.0,Longo da via,Bom,Não existe,Perfeito estado,Seca,Perfeito estado,Não existe,"Placas ""Pare""",30.0,Dupla,Não existe,Não informado,2021,11,1,0,12.0
2021-11-01,14:15:00,COM VÍTIMA,FINALIZADA,DOIS IRMÃOS,RUA DOIS IRMAOS,Não informado,EM FRENTE AO IFPE,DOIS IRMÃOS,Não informado,COLISÃO TRANSVERSAL,Não informado,2.0,0.0,0.0,0.0,0.0,0.0,0.0,0.0,0.0,1.0,0.0,Longo da via,Bom,Não existe,Perfeito estado,Seca,Perfeito estado,Não existe,Não há placas,60.0,Dupla,Faixa contínua,Não informado,2021,11,1,0,14.0
2021-11-01,16:12:00,COM VÍTIMA,FINALIZADA,JOANA BEZERRA,AV CENTRAL,Não informado,ATRÁS DA UNIDADE DE SAÚDE SÃO JOSE DO COQUE,JOANA BEZERRA,SUBURBIO,COLISÃO COM CICLISTA,Não informado,0.0,0.0,0.0,1.0,0.0,1.0,0.0,0.0,0.0,1.0,0.0,Longo da via,Bom,Não existe,Incompleta,Seca,Perfeito estado,Não existe,Outras,60.0,Única,Não existe,Não informado,2021,11,1,0,16.0
2021-11-01,16:44:00,COM VÍTIMA,FINALIZADA,MADALENA,EST DOS REMEDIOS,AV JOSE GONCALVES DE MEDEIROS,EM FRENTE A POLICLÍNICA LESSA DE ANDRADE,MADALENA,SUBURBIO,COLISÃO TRANSVERSAL,Não informado,1.0,1.0,0.0,0.0,0.0,0.0,0.0,0.0,0.0,1.0,0.0,Cruzamento,Bom,Sem defeito,Perfeito estado,Seca,Perfeito estado,Faixa de pedestre,R-25a,60.0,Única,Blocos,Não informado,2021,11,1,0,16.0
2021-11-01,16:53:00,COM VÍTIMA,FINALIZADA,MADALENA,RUA GOMES TABORDA,RUA CARLOS GOMES,EM FRENTE AO ANTIGO BAILE PERFUMADO,MADALENA,SUBURBIO,COLISÃO COM CICLISTA,Não informado,1.0,0.0,0.0,1.0,0.0,0.0,0.0,0.0,0.0,1.0,0.0,Cruzamento,Bom,Sem defeito,Perfeito estado,Seca,Perfeito estado,Faixa de pedestre,Não há placas,40.0,Dupla,Não existe,Não informado,2021,11,1,0,16.0
2021-11-02,11:11:00,COM VÍTIMA,FINALIZADA,ESPINHEIRO,RUA AMELIA,Não informado,EM FRENTE A AREZZO,ESPINHEIRO,CIDADE,COLISÃO FRONTAL,Não informado,1.0,1.0,0.0,0.0,0.0,0.0,0.0,0.0,0.0,1.0,0.0,Longo da via,Bom,Não existe,Perfeito estado,Seca,Perfeito estado,Não existe,R-6a,40.0,Única,Não informado,Não informado,2021,11,2,1,11.0
2021-11-02,13:15:00,SEM VÍTIMA,CANCELADA,AFOGADOS,RUA SAO MIGUEL,Não informado,EM FRENTE AO BODE DO NÔ,AFOGADOS,SUBURBIO,COLISÃO TRASEIRA,Não informado,2.0,0.0,0.0,0.0,0.0,0.0,0.0,0.0,0.0,0.0,0.0,Não informado,Não informado,Não informado,Não informado,Não informado,Não informado,Não informado,Não informado,60.0,Não informado,Não informado,Não informado,2021,11,2,1,13.0