data,hora,natureza_acidente,situacao,bairro,endereco,detalhe_endereco_acidente,complemento,bairro_cruzamento,sentido_via,tipo,descricao,auto,moto,ciclom,ciclista,pedestre,onibus,caminhao,viatura,outros,vitimas,vitimasfatais,acidente_verificado,tempo_clima,situacao_semaforo,sinalizacao,condicao_via,conservacao_via,ponto_controle,situacao_placa,velocidade_max_via,mao_direcao,divisao_via1,natureza,ano,mes,dia,dia_semana,hora_ocorrencia
2021-11-02,16:39:00,COM VÍTIMA,FINALIZADA,BOA VISTA,RUA JOAO FERNANDES VIEIRA,Não informado,E/F A UNIBRA,BOA VISTA,CIDADE,COLISÃO FRONTAL,Não informado,1.0,1.0,0.0,0.0,0.0,0.0,0.0,0.0,0.0,1.0,0.0,Longo da via,Bom,Não existe,Perfeito estado,Seca,Perfeito estado,Faixa de pedestre,Outras,60.0,Única,Faixa seccionada,Não informado,2021,11,2,1,16.0
2021-11-02,17:22:00,COM VÍTIMA,FINALIZADA,PORTO DA MADEIRA,RUA DALVA DE OLIVEIRA,RUA DR TRINDADE HENRIQUE,PROXIMO AO SEST/SENAT,PORTO DA MADEIRA,SUBURBIO,COLISÃO TRASEIRA,Não informado,1.0,1.0,0.0,0.0,0.0,0.0,0.0,0.0,0.0,1.0,0.0,Cruzamento,Bom,Não existe,Não existente,Seca,Mal iluminada,Não existe,Não há placas,60.0,Dupla,Não existe,Não informado,2021,11,2,1,17.0
2021-11-03,07:38:00,COM VÍTIMA,FINALIZADA,BOA VISTA,RUA GERVASIO PIRES,RUA DO RIACHUELO,SEMÁFORO 175,BOA VISTA,CIDADE,COLISÃO FRONTAL,Não informado,0.0,0.0,0.0,1.0,0.0,0.0,0.0,0.0,0.0,1.0,0.0,Cruzamento,Bom,Sem defeito,Perfeito estado,Seca,Perfeito estado,Faixa de pedestre,Não há placas,40.0,Única,Não existe,Não informado,2021,11,3,2,7.0
2021-11-03,08:25:00,COM VÍTIMA,FINALIZADA,TAMARINEIRA,AV NORTE MIGUEL ARRAES DE ALENCAR,AV PROFESSOR JOSE DOS ANJOS,SOB O SEMÁFORO N° 364,TAMARINEIRA,Não informado,ATROPELAMENTO DE ANIMAL,Não informado,0.0,1.0,0.0,0.0,0.0,0.0,0.0,0.0,1.0,1.0,0.0,Cruzamento,Bom,Sem defeito,Perfeito estado,Seca,Perfeito estado,Não existe,Outras,60.0,Dupla,Não existe,Não informado,2021,11,3,2,8.0
2021-11-03,10:54:00,COM VÍTIMA,FINALIZADA,ESTÂNCIA,AV DR JOSE RUFINO,RUA MORAIS E SILVA,LADO OPOSTO GALERIA MARGARIDA,ESTÂNCIA,SUBURBIO,COLISÃO FRONTAL,Não informado,1.0,1.0,0.0,0.0,0.0,0.0,0.0,0.0,0.0,1.0,0.0,Cruzamento,Bom,Não existe,Ilegível,Seca,Perfeito estado,Não existe,R-6a,60.0,Dupla,Não existe,Não informado,2021,11,3,2,10.0
2021-11-03,13:36:00,COM VÍTIMA,FINALIZADA,SANTO AMARO,VDO ENG ROBERTO PEREIRA DE CARVALHO,Não informado,EM FRENTE AO SHOPPING TACARUNA,SANTO AMARO,SUBURBIO,COLISÃO FRONTAL,Não informado,1.0,1.0,0.0,0.0,0.0,0.0,0.0,0.0,0.0,1.0,0.0,Viaduto,Bom,Não existe,Perfeito estado,Seca,Perfeito estado,Não existe,Não há placas,60.0,Única,Faixa seccionada,Não informado,2021,11,3,2,13.0
2021-11-03,14:45:00,SEM VÍTIMA,FINALIZADA,SÃO JOSÉ,AV SUL,AV DANTAS BARRETO,PRÓX À SEDE DO GALO DA MADRUGADA,SÃO JOSÉ,Não informado,COLISÃO TRASEIRA,Não informado,2.0,0.0,0.0,0.0,0.0,0.0,0.0,0.0,0.0,0.0,0.0,Não informado,Não informado,Não informado,Não informado,Não informado,Não informado,Não informado,Não informado,60.0,Não informado,Não informado,Não informado,2021,11,3,2,14.0
2021-11-03,14:54:00,VÍTIMA FATAL,FINALIZADA,CAXANGÁ,AV CAXANGA,Não informado,NA FRENTE DO CAXANGÁ GOLF & COUNTRY CLUB,CAXANGÁ,SUBURBIO,COLISÃO COM CICLISTA,Não informado,1.0,0.0,0.0,1.0,0.0,0.0,0.0,0.0,0.0,1.0,1.0,Longo da via,Bom,Não existe,Perfeito estado,Seca,Perfeito estado,Não existe,Não há placas,60.0,Dupla,Canteiro central,Não informado,2021,11,3,2,14.0
2021-11-03,17:08:00,COM VÍTIMA,FINALIZADA,BOA VIAGEM,AV BOA VIAGEM,Não informado,EM FRENTE AO EDIFICIO VICENTE LACERDA DE MENEZES,BOA VIAGEM,CIDADE,COLISÃO FRONTAL,Não informado,1.0,1.0,0.0,0.0,0.0,0.0,0.0,0.0,0.0,1.0,0.0,Longo da via,Bom,Não existe,Perfeito estado,Seca,Perfeito estado,Não existe,Não há placas,60.0,Única,Faixa seccionada,Não informado,2021,11,3,2,17.0
2021-11-03,18:00:00,COM VÍTIMA,FINALIZADA,BOA VISTA,RUA JOAO FERNANDES VIEIRA,Não informado,VERDE FLUT / VERDURAS E FRUTAS,BOA VISTA,CIDADE,COLISÃO FRONTAL,Não informado,1.0,1.0,0.0,0.0,0.0,0.0,0.0,0.0,0.0,1.0,0.0,Longo da via,Bom,Não existe,Perfeito estado,Seca,Perfeito estado,Não existe,Outras,60.0,Única,Faixa seccionada,Não informado,2021,11,3,2,18.0
2021-11-04,09:44:00,COM VÍTIMA,FINALIZADA,IMBIRIBEIRA,AV MARECHAL MASCARENHAS DE MORAES,Não informado,EM FRENTE A TROLLER,IMBIRIBEIRA,CIDADE,COLISÃO FRONTAL,Não informado,0.0,1.0,0.0,0.0,0.0,0.0,1.0,0.0,0.0,1.0,0.0,Longo da via,Bom,Sem defeito,Perfeito estado,Seca,Perfeito estado,Não existe,R-32,60.0,Única,Canteiro central,Não informado,2021,11,4,3,9.0
2021-11-04,11:58:00,COM VÍTIMA,FINALIZADA,MADALENA,RUA JOSE OSORIO,RUA REAL DA TORRE,AUTO RECIFE MULTI MARCAS,MADALENA,SUBURBIO,COLISÃO TRASEIRA,Não informado,0.0,2.0,0.0,0.0,0.0,0.0,0.0,0.0,0.0,1.0,0.0,Longo da via,Bom,Sem defeito,Perfeito estado,Seca,Perfeito estado,Outros,R-6a,60.0,Única,Faixa seccionada,Não informado,2021,11,4,3,11.0
2021-11-04,14:44:00,COM VÍTIMA,FINALIZADA,IMBIRIBEIRA,RUA BARAO DE AGUA BRANCA,RUA DUQUE ESTRADA,EM FRENTE AO EDIFICIO ÁGUA BRANCA,IMBIRIBEIRA,Não informado,COLISÃO TRANSVERSAL,Não informado,2.0,0.0,0.0,0.0,0.0,0.0,0.0,0.0,0.0,1.0,0.0,Cruzamento,Bom,Não existe,Não existente,Seca,Perfeito estado,Não existe,Não há placas,60.0,Dupla,Não existe,Não informado,2021,11,4,3,14.0
2021-11-04,14:44:00,COM VÍTIMA,FINALIZADA,BAIRRO DO RECIFE,CAIS DO APOLO,PTE CONDE MAURICIO DE NASSAU,SEMÁFORO 165,BAIRRO DO RECIFE,SUBURBIO,ATROPELAMENTO DE PESSOA,Não informado,0.0,0.0,0.0,0.0,1.0,1.0,0.0,0.0,0.0,1.0,0.0,Cruzamento,Bom,Sem defeito,Perfeito estado,Seca,Perfeito estado,Faixa de pedestre,R-6a,30.0,Única,Faixa seccionada,Não informado,2021,11,4,3,14.0
2021-11-04,16:02:00,SEM VÍTIMA,FINALIZADA,ILHA DO LEITE,RUA FRANCISCO ALVES,PRC MIGUEL DE CERVANTES,Não informado,ILHA DO LEITE,CIDADE,Não informado,Não informado,1.0,0.0,0.0,0.0,0.0,0.0,0.0,1.0,0.0,0.0,0.0,Cruzamento,Bom,Sem defeito,Perfeito estado,Seca,Perfeito estado,Faixa de pedestre,Não há placas,60.0,Dupla,Faixa contínua,Não informado,2021,11,4,3,16.0
2021-11-04,17:38:00,SEM VÍTIMA,FINALIZADA,AFOGADOS,RUA SANTOS ARAUJO,Não informado,EM FRENTE A IPESU - FAREC,AFOGADOS,SUBURBIO,Não informado,Não informado,1.0,0.0,0.0,0.0,0.0,1.0,0.0,0.0,0.0,0.0,0.0,Longo da via,Bom,Não existe,Perfeito estado,Seca,Perfeito estado,Não existe,Outras,60.0,Única,Faixa contínua,Não informado,2021,11,4,3,17.0
2021-11-05,00:14:00,SEM VÍTIMA,FINALIZADA,ROSARINHO,AV SANTOS DUMONT,Não informado,APÓS A PRAÇA DO ROSARINHO,ROSARINHO,Não informado,COLISÃO TRASEIRA,Não informado,0.0,0.0,0.0,0.0,0.0,0.0,0.0,0.0,0.0,0.0,0.0,Não informado,Não informado,Não informado,Não informado,Não informado,Não informado,Não informado,Não informado,60.0,Não informado,Não informado,Não informado,2021,11,5,4,0.0
2021-11-05,09:00:00,COM VÍTIMA,FINALIZADA,CAXANGÁ,AV CAXANGA,Não informado,EM FRENTE A ESTAÇÃO ENGENHO POETA,CAXANGÁ,SUBURBIO,ATROPELAMENTO DE PESSOA,Não informado,1.0,0.0,0.0,0.0,1.0,0.0,0.0,0.0,0.0,2.0,0.0,Longo da via,Bom,Sem defeito,Perfeito estado,Seca,Perfeito estado,Não informado,R-6a,60.0,Dupla,Faixa contínua,Não informado,2021,11,5,4,9.0
2021-11-05,10:46:00,COM VÍTIMA,FINALIZADA,TORRÕES,AV ENGENHEIRO ABDIAS DE CARVALHO,Não informado,HELENO SUSPENSÃO,TORRÕES,CIDADE,COLISÃO COM CICLISTA,Não informado,1.0,0.0,0.0,1.0,0.0,0.0,0.0,0.0,0.0,1.0,0.0,Longo da via,Bom,Não existe,Perfeito estado,Seca,Perfeito estado,Não existe,Não há placas,60.0,Dupla,Canteiro central,Não informado,2021,11,5,4,10.0
2021-11-05,11:29:00,COM VÍTIMA,FINALIZADA,AFOGADOS,RUA SAO MIGUEL,RUA ODILON TUCUMAN,EM FRENTE O 14º DE LOGISTICA,AFOGADOS,CIDADE,COLISÃO FRONTAL,Não informado,1.0,1.0,0.0,0.0,0.0,0.0,0.0,0.0,0.0,1.0,0.0,Longo da via,Bom,Não existe,Perfeito estado,Seca,Perfeito estado,Não existe,R-6a,60.0,Dupla,Faixa seccionada,Não informado,2021,11,5,4,11.0
2021-11-05,16:30:00,SEM VÍTIMA,FINALIZADA,DERBY,AV GOVERNADOR AGAMENON MAGALHAES,PRC DO DERBY,PRAÇA DO DERBY,DERBY,SUBURBIO,COLISÃO FRONTAL,Não informado,0.0,0.0,0.0,0.0,0.0,1.0,0.0,1.0,0.0,0.0,0.0,Cruzamento,Bom,Sem defeito,Perfeito estado,Seca,Perfeito estado,Agente,Outras,60.0,Dupla,Outros,Não informado,2021,11,5,4,16.0
2021-11-05,20:12:00,SEM VÍTIMA,CANCELADA,BOA VIAGEM,AV ENGENHEIRO DOMINGOS FERREIRA,Não informado,PROX A FAMILIA GIULIANO,BOA VIAGEM,Não informado,COLISÃO TRASEIRA,Não informado,3.0,0.0,0.0,0.0,0.0,0.0,0.0,0.0,0.0,0.0,0.0,Não informado,Não informado,Não informado,Não informado,Não informado,Não informado,Não informado,Não informado,60.0,Não informado,Não informado,Não informado,2021,11,5,4,20.0
2021-11-05,20:33:00,COM VÍTIMA,CANCELADA,PARNAMIRIM,AV DEZESSETE DE AGOSTO,Não informado,E/F AO BANCO DO BRASIL,PARNAMIRIM,Não informado,COLISÃO FRONTAL,Não informado,1.0,1.0,0.0,0.0,0.0,0.0,0.0,0.0,0.0,1.0,0.0,Não informado,Não informado,Não informado,Não informado,Não informado,Não informado,Não informado,Não informado,60.0,Não informado,Não informado,Não informado,2021,11,5,4,20.0
2021-11-05,21:34:40,SEM VÍTIMA,FINALIZADA,CABANGA,AV ENGENHEIRO JOSE ESTELITA,Não informado,PROX AO VIADUTO,CABANGA,Não informado,CHOQUE,Não informado,1.0,0.0,0.0,0.0,0.0,0.0,0.0,0.0,0.0,0.0,0.0,Não informado,Não informado,Não informado,Não informado,Não informado,Não informado,Não informado,Não informado,60.0,Não informado,Não informado,Não informado,2021,11,5,4,21.0
2021-11-06,08:03:00,COM VÍTIMA,FINALIZADA,ESPINHEIRO,RUA QUARENTA E OITO,RUA DO ESPINHEIRO,Não informado,ESPINHEIRO,CIDADE,COLISÃO COM CICLISTA,Não informado,0.0,1.0,0.0,1.0,0.0,0.0,0.0,0.0,0.0,3.0,0.0,Cruzamento,Bom,Sem defeito,Perfeito estado,Seca,Perfeito estado,Faixa de pedestre,Não há placas,30.0,Única,Faixa seccionada,Não informado,2021,11,6,5,8.0
2021-11-06,14:03:00,COM VÍTIMA,CANCELADA,TEJIPIÓ,RUA FALCAO DE LACERDA,Não informado,EM FRENTE AO DOURADÃO GALETO,TEJIPIÓ,Não informado,COLISÃO LATERAL,Não informado,1.0,2.0,0.0,0.0,0.0,0.0,0.0,0.0,0.0,1.0,0.0,Não informado,Não informado,Não informado,Não informado,Não informado,Não informado,Não informado,Não informado,60.0,Não informado,Não informado,Não informado,2021,11,6,5,14.0
2021-11-06,18:21:00,COM VÍTIMA,FINALIZADA,BOA VIAGEM,AV BOA VIAGEM,Não informado,EM FRENTE AO EDIFICIO LUIZ IGNACIO,BOA VIAGEM,CIDADE,ATROPELAMENTO DE PESSOA,Não informado,1.0,0.0,0.0,0.0,1.0,0.0,0.0,0.0,0.0,1.0,0.0,Longo da via,Bom,Não existe,Perfeito estado,Seca,Perfeito estado,Não existe,Não há placas,60.0,Única,Faixa seccionada,Não informado,2021,11,6,5,18.0
2021-11-07,00:23:00,COM VÍTIMA,FINALIZADA,CAMPO GRANDE,EST DE BELEM,Não informado,PRÓXIMO A ROTÁTORIA E IGREJA BATISTA,CAMPO GRANDE,Não informado,CHOQUE,Não informado,0.0,0.0,0.0,0.0,0.0,0.0,0.0,0.0,0.0,1.0,0.0,Não informado,Não informado,Não informado,Não informado,Não informado,Não informado,Não informado,Não informado,60.0,Não informado,Não informado,Não informado,2021,11,7,6,0.0
2021-11-07,02:08:00,SEM VÍTIMA,FINALIZADA,CASA FORTE,AV DEZESSETE DE AGOSTO,Não informado,POSTO DE GASOLINA PETROBRAS,CASA FORTE,Não informado,COLISÃO LATERAL,Não informado,0.0,0.0,0.0,0.0,0.0,0.0,0.0,0.0,0.0,0.0,0.0,Não informado,Não informado,Não informado,Não informado,Não informado,Não informado,Não informado,Não informado,60.0,Não informado,Não informado,Não informado,2021,11,7,6,2.0
2021-11-07,11:20:00,COM VÍTIMA,FINALIZADA,IPSEP,RUA JEAN EMILE FAVRE,RUA BLUMENAU,EM FRENTE A FARMACIA SANTA LUZIA,IPSEP,CIDADE,COLISÃO FRONTAL,Não informado,0.0,2.0,0.0,0.0,0.0,0.0,0.0,0.0,0.0,1.0,0.0,Cruzamento,Bom,Sem defeito,Perfeito estado,Seca,Perfeito estado,Faixa de pedestre,R-6a,60.0,Dupla,Faixa contínua,Não informado,2021,11,7,6,11.0
2021-11-07,12:32:00,SEM VÍTIMA,CANCELADA,CORDEIRO,RUA CARNEIRO DE MARIZ,Não informado,PRÓX AO MCONTAB - ESCRITÓRIO DE CONTABILIDADE.,CORDEIRO,Não informado,COLISÃO TRASEIRA,Não informado,2.0,0.0,0.0,0.0,0.0,0.0,0.0,0.0,0.0,0.0,0.0,Não informado,Não informado,Não informado,Não informado,Não informado,Não informado,Não informado,Não informado,60.0,Não informado,Não informado,Não informado,2021,11,7,6,12.0
2021-11-07,07:40:00,COM VÍTIMA,FINALIZADA,CASA AMARELA,AV NORTE MIGUEL ARRAES DE ALENCAR,Não informado,LADO OPOSTO AO N° 6037,CASA AMARELA,SUBURBIO,CHOQUE,Não informado,0.0,1.0,0.0,0.0,0.0,0.0,0.0,0.0,0.0,1.0,0.0,Longo da via,Bom,Não existe,Perfeito estado,Seca,Perfeito estado,Não existe,Não há placas,60.0,Dupla,Canteiro central,Não informado,2021,11,7,6,7.0
2021-11-07,17:52:00,SEM VÍTIMA,FINALIZADA,IPSEP,RUA JEAN EMILE FAVRE,Não informado,PRÓX A DELTA AUTO PEÇAS E À VIGILÂNCIA SANITÁRIA,IPSEP,Não informado,COLISÃO LATERAL,Não informado,2.0,0.0,0.0,0.0,0.0,0.0,0.0,0.0,0.0,0.0,0.0,Não informado,Não informado,Não informado,Não informado,Não informado,Não informado,Não informado,Não informado,60.0,Não informado,Não informado,Não informado,2021,11,7,6,17.0
2021-11-07,20:14:00,SEM VÍTIMA,FINALIZADA,AFOGADOS,EST DO BONGI,Não informado,EF AO HOTEL COSTA AZUL,AFOGADOS,Não informado,CHOQUE,Não informado,1.0,0.0,0.0,0.0,0.0,0.0,0.0,0.0,0.0,0.0,0.0,Não informado,Não informado,Não informado,Não informado,Não informado,Não informado,Não informado,Não informado,60.0,Não informado,Não informado,Não informado,2021,11,7,6,20.0
2021-11-07,20:20:00,COM VÍTIMA,FINALIZADA,ÁGUA FRIA,EST VELHA DE AGUA FRIA,AV NORTE MIGUEL ARRAES DE ALENCAR,PRÓX A FERREIRA COSTA,ÁGUA FRIA,CIDADE,COLISÃO FRONTAL,Não informado,1.0,1.0,0.0,0.0,0.0,0.0,0.0,0.0,0.0,1.0,0.0,Longo da via,Bom,Sem defeito,Perfeito estado,Seca,Perfeito estado,Não existe,Não há placas,60.0,Dupla,Faixa seccionada,Não informado,2021,11,7,6,20.0
2021-11-07,20:50:00,COM VÍTIMA,CANCELADA,IPUTINGA,AV INACIO MONTEIRO,Não informado,PRÓX A ASSEMBLEIA DE DEUS,IPUTINGA,Não informado,CHOQUE,Não informado,3.0,0.0,0.0,0.0,0.0,0.0,0.0,0.0,0.0,1.0,0.0,Não informado,Não informado,Não informado,Não informado,Não informado,Não informado,Não informado,Não informado,60.0,Não informado,Não informado,Não informado,2021,11,7,6,20.0
2021-11-07,21:58:40,COM VÍTIMA,CANCELADA,DOIS UNIDOS,RUA BEIJA FLOR,Não informado,PRÓX A VILA DA MINERVA E ASINHA DO TONHO,DOIS UNIDOS,Não informado,COLISÃO FRONTAL,Não informado,0.0,1.0,0.0,0.0,0.0,1.0,0.0,0.0,0.0,2.0,0.0,Não informado,Não informado,Não informado,Não informado,Não informado,Não informado,Não informado,Não informado,60.0,Não informado,Não informado,Não informado,2021,11,7,6,21.0
2021-11-08,00:56:00,COM VÍTIMA,FINALIZADA,JOANA BEZERRA,PTE JOSE DE BARROS LIMA,Não informado,DECLIVE DA PONTE,JOANA BEZERRA,SUBURBIO,CAPOTAMENTO,Não informado,1.0,0.0,0.0,0.0,0.0,0.0,0.0,0.0,0.0,1.0,0.0,Ponte,Bom,Não existe,Perfeito estado,Seca,Perfeito estado,Não existe,Não há placas,60.0,Dupla,Faixa seccionada,Não informado,2021,11,8,0,0.0
2021-11-08,08:41:00,COM VÍTIMA,FINALIZADA,IPUTINGA,AV CAXANGA,RUA MANOEL JOAQUIM DE ALMEIDA,PRÓXIMO AO BIG BOMPREÇO,IPUTINGA,CIDADE,COLISÃO TRASEIRA,Não informado,0.0,2.0,0.0,0.0,0.0,0.0,0.0,0.0,0.0,2.0,0.0,Cruzamento,Bom,Sem defeito,Perfeito estado,Seca,Perfeito estado,Agente,Não há placas,60.0,Não informado,Faixa contínua,Não informado,2021,11,8,0,8.0
2021-11-08,09:22:00,COM VÍTIMA,CANCELADA,TORRE,RUA JOSE OSORIO,RUA REAL DA TORRE,AO LADO DOPOSTO DE GASOLINA BR E A PRAÇA,TORRE,Não informado,COLISÃO TRASEIRA,Não informado,1.0,0.0,0.0,0.0,0.0,0.0,1.0,0.0,0.0,1.0,0.0,Não informado,Não informado,Não informado,Não informado,Não informado,Não informado,Não informado,Não informado,60.0,Não informado,Não informado,Não informado,2021,11,8,0,9.0
2021-11-08,10:20:00,COM VÍTIMA,FINALIZADA,BOA VIAGEM,AV CONSELHEIRO AGUIAR,Não informado,AO LADO DA  PADARIA DIPLOMATA,BOA VIAGEM,CIDADE,CHOQUE,Não informado,1.0,0.0,0.0,0.0,0.0,0.0,0.0,0.0,0.0,2.0,0.0,Longo da via,Bom,Não existe,Perfeito estado,Seca,Perfeito estado,Não existe,Não há placas,60.0,Única,Faixa seccionada,Não informado,2021,11,8,0,10.0
2021-11-08,11:17:00,COM VÍTIMA,FINALIZADA,VASCO DA GAMA,RUA ASSUNCAO,Não informado,PROX. AO TEATRO LOMBATINHO,VASCO DA GAMA,Não informado,CHOQUE,Não informado,2.0,0.0,0.0,0.0,0.0,0.0,1.0,0.0,0.0,1.0,0.0,Longo da via,Bom,Não existe,Não existente,Seca,Perfeito estado,Não existe,Não há placas,60.0,Dupla,Não existe,Não informado,2021,11,8,0,11.0
2021-11-08,13:35:00,SEM VÍTIMA,FINALIZADA,SAN MARTIN,AV GENERAL SAN MARTIN,Não informado,EM FRENTE AO NOVO ATACAREJO,SAN MARTIN,CIDADE,Não informado,Não informado,1.0,1.0,0.0,0.0,0.0,0.0,0.0,0.0,0.0,0.0,0.0,Longo da via,Bom,Sem defeito,Perfeito estado,Seca,Perfeito estado,Faixa de pedestre,Outras,60.0,Dupla,Faixa contínua,Não informado,2021,11,8,0,13.0
2021-11-08,17:54:00,COM VÍTIMA,FINALIZADA,CORDEIRO,AV MAURICIO DE NASSAU,Não informado,POR TRÁS DO PARQUE DE EXPOSIÇÃO DO CORDEIRO,CORDEIRO,CIDADE,COLISÃO FRONTAL,Não informado,3.0,0.0,0.0,0.0,0.0,0.0,0.0,0.0,0.0,2.0,0.0,Longo da via,Bom,Não existe,Perfeito estado,Seca,Não informado,Não existe,Não informado,60.0,Dupla,Não informado,Não informado,2021,11,8,0,17.0
2021-11-08,18:29:00,COM VÍTIMA,FINALIZADA,LINHA DO TIRO,RUA AGUAS DE PRATA,Não informado,E/F A ANTIGA FABRICA DO CAFÉ BEBERIBE,LINHA DO TIRO,SUBURBIO,CHOQUE,Não informado,0.0,0.0,0.0,0.0,0.0,0.0,1.0,0.0,0.0,1.0,0.0,Longo da via,Bom,Não existe,Perfeito estado,Seca,Perfeito estado,Não existe,Não há placas,40.0,Dupla,Não existe,Não informado,2021,11,8,0,18.0
2021-11-09,04:44:00,SEM VÍTIMA,FINALIZADA,BAIRRO DO RECIFE,AV MILITAR,Não informado,POSTO SHELL,BAIRRO DO RECIFE,Não informado,QUEDA,Não informado,0.0,1.0,0.0,0.0,0.0,0.0,0.0,0.0,0.0,0.0,0.0,Não informado,Não informado,Não informado,Não informado,Não informado,Não informado,Não informado,Não informado,60.0,Não informado,Não informado,Não informado,2021,11,9,1,4.0
2021-11-09,09:39:00,COM VÍTIMA,FINALIZADA,TOTÓ,AV LIBERDADE,Não informado,LADO OPOSTO A ANTIGA FURTOS DE VEICULOS,TOTÓ,SUBURBIO,COLISÃO TRANSVERSAL,Não informado,1.0,1.0,0.0,0.0,0.0,0.0,0.0,0.0,0.0,1.0,0.0,Longo da via,Bom,Não existe,Incompleta,Seca,Não informado,Não existe,Não há placas,60.0,Dupla,Não existe,Não informado,2021,11,9,1,9.0
2021-11-09,11:42:00,COM VÍTIMA,FINALIZADA,BOA VIAGEM,RUA SA E SOUZA,RUA BELMONTE,EM FRENTE A FARMACIA DROGASIL,BOA VIAGEM,SUBURBIO,COLISÃO FRONTAL,Não informado,0.0,1.0,0.0,0.0,0.0,1.0,0.0,0.0,0.0,1.0,0.0,Cruzamento,Bom,Não existe,Perfeito estado,Seca,Perfeito estado,Faixa de pedestre,"Placas ""Pare""",30.0,Dupla,Faixa seccionada,Não informado,2021,11,9,1,11.0
2021-11-09,13:12:00,COM VÍTIMA,FINALIZADA,JOANA BEZERRA,AV BEIRA RIO,Não informado,PRÓXIMO A ACADEMIA DA CIDADE,JOANA BEZERRA,CIDADE,COLISÃO TRANSVERSAL,Não informado,1.0,1.0,0.0,0.0,0.0,0.0,0.0,0.0,0.0,1.0,0.0,Cruzamento,Bom,Não existe,Perfeito estado,Seca,Perfeito estado,Faixa de retenção,"Placas ""Pare""",60.0,Única,Faixa contínua,Não informado,2021,11,9,1,13.0
2021-11-09,14:26:00,SEM VÍTIMA,CANCELADA,DOIS UNIDOS,SUB DA MEDALHA MILAGROSA,Não informado,OPOSTO AO Nº 80,DOIS UNIDOS,Não informado,CAPOTAMENTO,Não informado,1.0,0.0,0.0,0.0,0.0,0.0,0.0,0.0,0.0,0.0,0.0,Não informado,Bom,Não existe,Perfeito estado,Seca,Perfeito estado,Não existe,Não há placas,60.0,Dupla,Não existe,Não informado,2021,11,9,1,14.0
2021-11-09,17:05:00,SEM VÍTIMA,FINALIZADA,AFOGADOS,RUA SAO MIGUEL,RUA MANOEL DE ALBUQUERQUE FERNANDES,PROXIMO  A  FARMACIA BONGI,AFOGADOS,SUBURBIO,COLISÃO TRANSVERSAL,Não informado,2.0,0.0,0.0,0.0,0.0,0.0,0.0,0.0,0.0,0.0,0.0,Longo da via,Bom,Não existe,Não existente,Seca,Perfeito estado,Não existe,Não há placas,60.0,Dupla,Faixa seccionada,Não informado,2021,11,9,1,17.0
2021-11-09,17:18:00,COM VÍTIMA,FINALIZADA,TORRÕES,AV ENGENHEIRO ABDIAS DE CARVALHO,Não informado,RESTAURANTE KIYOI GALETOS,TORRÕES,CIDADE,COLISÃO FRONTAL,Não informado,0.0,2.0,0.0,0.0,0.0,0.0,0.0,0.0,0.0,1.0,0.0,Cruzamento,Bom,Sem defeito,Perfeito estado,Seca,Perfeito estado,Faixa de pedestre,R-4a,60.0,Dupla,Canteiro central,Não informado,2021,11,9,1,17.0
2021-11-10,06:17:00,COM VÍTIMA,FINALIZADA,VASCO DA GAMA,RUA VASCO DA GAMA,Não informado,AO LADO DA IGREJA ASSEMBLEIA DE DEUS,VASCO DA GAMA,SUBURBIO,COLISÃO TRASEIRA,Não informado,1.0,0.0,0.0,0.0,0.0,1.0,0.0,0.0,0.0,1.0,0.0,Longo da via,Bom,Não existe,Perfeito estado,Seca,Perfeito estado,Não existe,Não há placas,60.0,Dupla,Faixa seccionada,Não informado,2021,11,10,2,6.0
2021-11-10,11:53:00,COM VÍTIMA,FINALIZADA,CASA AMARELA,RUA XAVANTES,RUA PAULA BATISTA,EM FRENTE MEGA MED,CASA AMARELA,Não informado,COLISÃO FRONTAL,Não informado,1.0,0.0,0.0,0.0,0.0,0.0,0.0,0.0,0.0,1.0,0.0,Longo da via,Bom,Não existe,Perfeito estado,Seca,Perfeito estado,Não existe,Não há placas,30.0,Dupla,Faixa seccionada,Não informado,2021,11,10,2,11.0
2021-11-10,12:43:00,COM VÍTIMA,FINALIZADA,PRADO,RUA JAPECANGA,RUA JOAO IVO DA SILVA,EM FRENTE AO ARTCONTA,PRADO,SUBURBIO,COLISÃO FRONTAL,Não informado,1.0,0.0,0.0,0.0,0.0,0.0,0.0,0.0,0.0,1.0,0.0,Longo da via,Bom,Não existe,Ilegível,Seca,Perfeito estado,Não existe,Não há placas,30.0,Única,Faixa seccionada,Não informado,2021,11,10,2,12.0