data,hora,natureza_acidente,situacao,bairro,endereco,detalhe_endereco_acidente,complemento,bairro_cruzamento,sentido_via,tipo,descricao,auto,moto,ciclom,ciclista,pedestre,onibus,caminhao,viatura,outros,vitimas,vitimasfatais,acidente_verificado,tempo_clima,situacao_semaforo,sinalizacao,condicao_via,conservacao_via,ponto_controle,situacao_placa,velocidade_max_via,mao_direcao,divisao_via1,natureza,ano,mes,dia,dia_semana,hora_ocorrencia
2021-11-10,14:07:00,COM VÍTIMA,FINALIZADA,BOA VIAGEM,RUA VISCONDE DE JEQUITINHONHA,AV ARMINDO MOURA,PRÓXIMO AO LAVA JATO DAS MENINAS,BOA VIAGEM,SUBURBIO,COLISÃO TRANSVERSAL,Não informado,1.0,1.0,0.0,0.0,0.0,0.0,0.0,0.0,0.0,2.0,0.0,Cruzamento,Bom,Sem defeito,Perfeito estado,Seca,Perfeito estado,Faixa de pedestre,Não há placas,60.0,Dupla,Faixa contínua,Não informado,2021,11,10,2,14.0
2021-11-10,15:22:00,COM VÍTIMA,FINALIZADA,BOA VIAGEM,AV ENGENHEIRO DOMINGOS FERREIRA,Não informado,LADO OPOSTO AO HAPVIDA BOA VIAGEM,BOA VIAGEM,SUBURBIO,COLISÃO COM CICLISTA,Não informado,0.0,0.0,0.0,1.0,0.0,1.0,0.0,0.0,0.0,1.0,0.0,Longo da via,Bom,Não existe,Perfeito estado,Seca,Perfeito estado,Outros,Outras,60.0,Única,Faixa contínua,Não informado,2021,11,10,2,15.0
2021-11-10,16:10:00,COM VÍTIMA,FINALIZADA,PORTO DA MADEIRA,AV BEBERIBE,Não informado,ENFRENTE AO SESC SENAC,PORTO DA MADEIRA,SUBURBIO,COLISÃO FRONTAL,Não informado,1.0,1.0,0.0,0.0,0.0,0.0,0.0,0.0,0.0,1.0,0.0,Longo da via,Bom,Sem defeito,Perfeito estado,Seca,Perfeito estado,Não existe,Não há placas,60.0,Dupla,Faixa contínua,Não informado,2021,11,10,2,16.0
2021-11-10,18:26:00,SEM VÍTIMA,CANCELADA,IMBIRIBEIRA,RUA PAMPULHA,Não informado,POR TRAS DO BANCO DO BRASIL,IMBIRIBEIRA,Não informado,COLISÃO LATERAL,Não informado,1.0,0.0,0.0,0.0,0.0,0.0,1.0,0.0,0.0,0.0,0.0,Não informado,Não informado,Não informado,Não informado,Não informado,Não informado,Não informado,Não informado,60.0,Não informado,Não informado,Não informado,2021,11,10,2,18.0
2021-11-10,18:34:00,COM VÍTIMA,CANCELADA,DOIS IRMÃOS,RUA RIBEIRO PESSOA,RUA DR ANTONIO H DE CASTRO NETO,PRÓX A UPA DA CAXANGÁ,DOIS IRMÃOS,Não informado,COLISÃO TRASEIRA,Não informado,1.0,1.0,0.0,0.0,0.0,0.0,0.0,0.0,0.0,1.0,0.0,Não informado,Não informado,Não informado,Não informado,Não informado,Não informado,Não informado,Não informado,60.0,Não informado,Não informado,Não informado,2021,11,10,2,18.0
2021-11-11,06:23:00,COM VÍTIMA,FINALIZADA,GRAÇAS,AV GOVERNADOR AGAMENON MAGALHAES,RUA DR BANDEIRA FILHO,E/F AO EDF. DO TRE (SENT. BOA VIAGEM // VIA PRINCIPAL ),GRAÇAS,BOA VIAGEM,COLISÃO FRONTAL,Não informado,1.0,1.0,0.0,0.0,0.0,0.0,0.0,0.0,0.0,1.0,0.0,Longo da via,Chuvoso,Sem defeito,Perfeito estado,Molhada,Perfeito estado,Não existe,Outras,60.0,Dupla,Canal,Não informado,2021,11,11,3,6.0
2021-11-11,08:10:00,COM VÍTIMA,FINALIZADA,CIDADE UNIVERSITÁRIA,AV PROFESSOR ARTUR DE SA,Não informado,AO LADO DO DOSPITAL DAS CLÍNICAS,CIDADE UNIVERSITÁRIA,SUBURBIO,COLISÃO TRANSVERSAL,Não informado,1.0,1.0,0.0,0.0,0.0,0.0,0.0,0.0,0.0,1.0,0.0,Longo da via,Bom,Não existe,Não informado,Seca,Outros,Não existe,Outras,40.0,Dupla,Faixa contínua,Não informado,2021,11,11,3,8.0
2021-11-11,08:38:00,COM VÍTIMA,FINALIZADA,BEBERIBE,RUA DALVA DE OLIVEIRA,Não informado,Não informado,BEBERIBE,Não informado,COLISÃO TRASEIRA,Não informado,2.0,0.0,0.0,0.0,0.0,0.0,0.0,0.0,0.0,1.0,0.0,Não informado,Não informado,Não informado,Não informado,Não informado,Não informado,Não informado,Não informado,60.0,Não informado,Não informado,Não informado,2021,11,11,3,8.0
2021-11-11,11:30:00,SEM VÍTIMA,FINALIZADA,ESTÂNCIA,AV RECIFE,Não informado,ANTIGA MAKRO,ESTÂNCIA,SUBURBIO,COLISÃO TRANSVERSAL,Não informado,6.0,0.0,0.0,0.0,0.0,0.0,0.0,0.0,0.0,0.0,0.0,Não informado,Não informado,Não informado,Não informado,Não informado,Não informado,Não informado,Não informado,60.0,Não informado,Não informado,Não informado,2021,11,11,3,11.0
2021-11-11,14:32:00,COM VÍTIMA,FINALIZADA,BOA VIAGEM,RUA VISCONDE DE JEQUITINHONHA,Não informado,SEMÁFORO 443,BOA VIAGEM,SUBURBIO,ATROPELAMENTO DE PESSOA,Não informado,0.0,1.0,0.0,0.0,1.0,0.0,0.0,0.0,0.0,1.0,0.0,Longo da via,Bom,Sem defeito,Perfeito estado,Seca,Perfeito estado,Faixa de pedestre,Outras,60.0,Única,Faixa seccionada,Não informado,2021,11,11,3,14.0
2021-11-11,15:43:00,COM VÍTIMA,CANCELADA,IBURA,AV DOIS RIOS,Não informado,PROX A NR SUPERMERCADO,IBURA,Não informado,COLISÃO LATERAL,Não informado,1.0,1.0,0.0,0.0,0.0,0.0,0.0,0.0,0.0,1.0,0.0,Não informado,Não informado,Não informado,Não informado,Não informado,Não informado,Não informado,Não informado,60.0,Não informado,Não informado,Não informado,2021,11,11,3,15.0
2021-11-11,16:27:00,SEM VÍTIMA,FINALIZADA,AFOGADOS,RUA QUITERIO INACIO DE MELLO,RUA CINCO DE NOVEMBRO,IMPORT PNEUS,AFOGADOS,SUBURBIO,Não informado,Não informado,2.0,0.0,0.0,0.0,0.0,0.0,0.0,0.0,0.0,0.0,0.0,Longo da via,Bom,Sem defeito,Perfeito estado,Seca,Perfeito estado,Não informado,"Placas ""Pare""",60.0,Única,Faixa seccionada,Não informado,2021,11,11,3,16.0
2021-11-11,17:58:00,COM VÍTIMA,FINALIZADA,ROSARINHO,AV NORTE MIGUEL ARRAES DE ALENCAR,Não informado,ANTES DO EDIFICIO FORTE DOS REIS MAGOS,ROSARINHO,SUBURBIO,COLISÃO TRASEIRA,Não informado,1.0,1.0,0.0,0.0,0.0,0.0,0.0,0.0,0.0,1.0,0.0,Longo da via,Bom,Não existe,Perfeito estado,Seca,Perfeito estado,Não existe,"Placas ""Pare""",60.0,Dupla,Faixa seccionada,Não informado,2021,11,11,3,17.0
2021-11-11,18:37:00,COM VÍTIMA,FINALIZADA,SANTO AMARO,AV GOVERNADOR AGAMENON MAGALHAES,Não informado,EM CIMA DO VIADUTO SENTIDO OLINDA -,SANTO AMARO,Não informado,COLISÃO COM CICLISTA,Não informado,1.0,0.0,0.0,1.0,0.0,0.0,0.0,0.0,0.0,1.0,0.0,Não informado,Não informado,Não informado,Não informado,Não informado,Não informado,Não informado,Não informado,60.0,Não informado,Não informado,Não informado,2021,11,11,3,18.0
2021-11-11,20:17:00,COM VÍTIMA,FINALIZADA,TAMARINEIRA,AV NORTE MIGUEL ARRAES DE ALENCAR,AV PROFESSOR JOSE DOS ANJOS,EM FRENTE AO SESC,TAMARINEIRA,CIDADE,COLISÃO FRONTAL,Não informado,0.0,1.0,0.0,0.0,0.0,0.0,0.0,0.0,0.0,2.0,0.0,Cruzamento,Bom,Sem defeito,Perfeito estado,Seca,Perfeito estado,Faixa de pedestre,Não há placas,60.0,Dupla,Canteiro central,Não informado,2021,11,11,3,20.0
2021-11-12,09:32:00,SEM VÍTIMA,FINALIZADA,MANGUEIRA,RUA SAO MIGUEL,Não informado,AO LADO DO ATACAREJO,MANGUEIRA,Não informado,COLISÃO LATERAL,Não informado,0.0,1.0,0.0,0.0,0.0,0.0,0.0,1.0,0.0,0.0,0.0,Cruzamento,Bom,Não existe,Perfeito estado,Seca,Perfeito estado,Não existe,Não há placas,60.0,Dupla,Faixa contínua,Não informado,2021,11,12,4,9.0
2021-11-12,11:22:00,COM VÍTIMA,FINALIZADA,CORDEIRO,EST DO FORTE DO ARRAIAL N. DO B. JESUS,Não informado,E/F A P.A PESCADOS,CORDEIRO,Não informado,COLISÃO TRANSVERSAL,Não informado,1.0,1.0,0.0,0.0,0.0,0.0,0.0,0.0,0.0,1.0,0.0,Longo da via,Bom,Não existe,Perfeito estado,Seca,Perfeito estado,Não existe,Não há placas,60.0,Dupla,Faixa contínua,Não informado,2021,11,12,4,11.0
2021-11-12,11:32:00,COM VÍTIMA,FINALIZADA,BOA VISTA,RUA TABIRA,AV MONTEVIDEU,APOS O BRADESCO AUTO CENTER,BOA VISTA,CIDADE,COLISÃO COM CICLISTA,Não informado,1.0,0.0,0.0,1.0,0.0,0.0,0.0,0.0,0.0,1.0,0.0,Cruzamento,Bom,Não existe,Perfeito estado,Seca,Perfeito estado,Não existe,Não há placas,60.0,Única,Faixa seccionada,Não informado,2021,11,12,4,11.0
2021-11-12,11:57:00,SEM VÍTIMA,FINALIZADA,BAIRRO DO RECIFE,RUA DO PRINCIPE,Não informado,PROX A IGREJA CONGREGACIONAL,BAIRRO DO RECIFE,Não informado,ENGAVETAMENTO,Não informado,3.0,0.0,0.0,0.0,0.0,0.0,0.0,0.0,0.0,0.0,0.0,Não informado,Não informado,Não informado,Não informado,Não informado,Não informado,Não informado,Não informado,60.0,Não informado,Não informado,Não informado,2021,11,12,4,11.0
2021-11-12,12:31:00,COM VÍTIMA,FINALIZADA,MADALENA,RUA BENFICA,Não informado,EM FRENTE AO EDIFICIO CRISTINA,MADALENA,CIDADE,COLISÃO FRONTAL,Não informado,1.0,1.0,0.0,0.0,0.0,0.0,0.0,0.0,0.0,1.0,0.0,Longo da via,Bom,Não existe,Perfeito estado,Seca,Perfeito estado,Não existe,Não há placas,60.0,Dupla,Faixa contínua,Não informado,2021,11,12,4,12.0
2021-11-12,14:01:00,COM VÍTIMA,FINALIZADA,BOA VIAGEM,AV BOA VIAGEM,RUA RIBEIRO DE BRITO,EM FRENTE AO EDIFICIO QUEEN MARY,BOA VIAGEM,CIDADE,COLISÃO COM CICLISTA,Não informado,1.0,0.0,0.0,1.0,0.0,0.0,0.0,0.0,0.0,1.0,0.0,Longo da via,Bom,Não existe,Perfeito estado,Seca,Perfeito estado,Não existe,Não há placas,60.0,Única,Faixa seccionada,Não informado,2021,11,12,4,14.0
2021-11-12,14:09:00,COM VÍTIMA,FINALIZADA,BOA VIAGEM,AV CONSELHEIRO AGUIAR,Não informado,AO LADO DO BANCO SANTANDER,BOA VIAGEM,CIDADE,COLISÃO TRASEIRA,Não informado,1.0,1.0,0.0,0.0,0.0,0.0,0.0,0.0,0.0,1.0,0.0,Cruzamento,Bom,Não existe,Perfeito estado,Seca,Perfeito estado,Não existe,"Placas ""Pare""",60.0,Única,Faixa seccionada,Não informado,2021,11,12,4,14.0
2021-11-12,15:33:00,SEM VÍTIMA,FINALIZADA,MADALENA,RUA MONSENHOR SILVA,Não informado,PROXIMO AO MINUTO PÃO DE AÇÚCAR,MADALENA,Não informado,COLISÃO LATERAL,Não informado,2.0,0.0,0.0,0.0,0.0,0.0,0.0,0.0,0.0,0.0,0.0,Longo da via,Bom,Não existe,Não existente,Seca,Perfeito estado,Não existe,Não há placas,60.0,Não informado,Não existe,Não informado,2021,11,12,4,15.0
2021-11-12,16:41:00,COM VÍTIMA,FINALIZADA,SÃO JOSÉ,AV DANTAS BARRETO,Não informado,EM FRENTE AO NE 906,SÃO JOSÉ,SUBURBIO,ATROPELAMENTO DE PESSOA,Não informado,1.0,0.0,0.0,0.0,1.0,0.0,0.0,0.0,0.0,1.0,0.0,Longo da via,Bom,Não existe,Perfeito estado,Seca,Perfeito estado,Não existe,Outras,60.0,Dupla,Faixa contínua,Não informado,2021,11,12,4,16.0
2021-11-12,17:15:00,COM VÍTIMA,FINALIZADA,VASCO DA GAMA,AV VEREADOR OTACILIO AZEVEDO,RUA TUPIRACABA,APÓS A UPA,VASCO DA GAMA,SUBURBIO,COLISÃO FRONTAL,Não informado,0.0,1.0,0.0,0.0,0.0,1.0,0.0,0.0,0.0,1.0,0.0,Cruzamento,Bom,Não existe,Não existente,Seca,Perfeito estado,Não existe,Não há placas,60.0,Dupla,Não existe,Não informado,2021,11,12,4,17.0
2021-11-12,18:21:00,COM VÍTIMA,FINALIZADA,LINHA DO TIRO,RUA URIEL DE HOLANDA,RUA TAGUATINGA,"NA LADEIRA, PRÓX AO CLUBE BELA VISTA",LINHA DO TIRO,Não informado,ENGAVETAMENTO,Não informado,1.0,1.0,0.0,0.0,0.0,0.0,1.0,0.0,0.0,4.0,0.0,Cruzamento,Bom,Não existe,Não informado,Não informado,Não informado,Não informado,Não informado,60.0,Não informado,Não informado,Não informado,2021,11,12,4,18.0
2021-11-12,21:11:40,COM VÍTIMA,FINALIZADA,CORDEIRO,AV ENGENHEIRO ABDIAS DE CARVALHO,Não informado,PROX AO SUPERMECADO DO ATACAREJO,CORDEIRO,CIDADE,COLISÃO TRANSVERSAL,Não informado,1.0,1.0,0.0,0.0,0.0,0.0,0.0,0.0,0.0,1.0,0.0,Longo da via,Bom,Sem defeito,Perfeito estado,Seca,Perfeito estado,Faixa de pedestre,Não há placas,60.0,Não informado,Faixa seccionada,Não informado,2021,11,12,4,21.0
2021-11-12,21:49:40,COM VÍTIMA,FINALIZADA,TAMARINEIRA,AV CONS ROSA E SILVA,RUA SIMAO MENDES,FARMÁCIA PAGUE MENOS,TAMARINEIRA,S,COLISÃO TRANSVERSAL,Não informado,1.0,1.0,0.0,0.0,0.0,0.0,0.0,0.0,0.0,1.0,0.0,Cruzamento,Chuvoso,Sem defeito,Perfeito estado,Molhada,Perfeito estado,Faixa de pedestre,Outras,60.0,Única,Faixa contínua,Não informado,2021,11,12,4,21.0
2021-11-12,22:33:40,VÍTIMA FATAL,FINALIZADA,IPUTINGA,RUA BOM PASTOR,RUA MAURICEIA,EM FRENTE PONTO DO PASTEL,IPUTINGA,SUBURBIO,ATROPELAMENTO DE PESSOA,Não informado,1.0,0.0,0.0,0.0,3.0,0.0,0.0,0.0,0.0,3.0,1.0,Longo da via,Bom,Intermitente,Perfeito estado,Seca,Perfeito estado,Faixa de pedestre,Não há placas,60.0,Dupla,Faixa seccionada,Não informado,2021,11,12,4,22.0
2021-11-13,08:24:00,SEM VÍTIMA,CANCELADA,VÁRZEA,RUA EMETERIO MACIEL,Não informado,E/F AO CONJUNTO RESIDENCIAL PORTINARI,VÁRZEA,Não informado,COLISÃO FRONTAL,Não informado,2.0,0.0,0.0,0.0,0.0,0.0,0.0,0.0,0.0,0.0,0.0,Não informado,Não informado,Não informado,Não informado,Não informado,Não informado,Não informado,Não informado,60.0,Não informado,Não informado,Não informado,2021,11,13,5,8.0
2021-11-13,18:14:00,COM VÍTIMA,FINALIZADA,VÁRZEA,RUA AMARO GOMES POROCA,Não informado,PRÓXIMO AO RESTAURANTE BRAZETUS,VÁRZEA,Não informado,COLISÃO COM CICLISTA,Não informado,0.0,0.0,0.0,1.0,0.0,1.0,0.0,0.0,0.0,1.0,0.0,Longo da via,Bom,Não existe,Perfeito estado,Seca,Perfeito estado,Não existe,Não há placas,60.0,Dupla,Faixa seccionada,Não informado,2021,11,13,5,18.0
2021-11-13,20:17:00,SEM VÍTIMA,CANCELADA,AFLITOS,RUA DO FUTURO,Não informado,E/F AO EDFC SAO NICOLAU,AFLITOS,Não informado,COLISÃO TRASEIRA,Não informado,2.0,0.0,0.0,0.0,0.0,0.0,0.0,0.0,0.0,0.0,0.0,Não informado,Não informado,Não informado,Não informado,Não informado,Não informado,Não informado,Não informado,60.0,Não informado,Não informado,Não informado,2021,11,13,5,20.0
2021-11-13,23:14:40,COM VÍTIMA,FINALIZADA,TORRE,RUA JOSE BONIFACIO,Não informado,EM FRENTE AO CARREFOUR DA TORRE,TORRE,Não informado,COLISÃO LATERAL,Não informado,1.0,1.0,0.0,0.0,0.0,0.0,0.0,0.0,0.0,1.0,0.0,Não informado,Não informado,Não informado,Não informado,Não informado,Não informado,Não informado,Não informado,60.0,Não informado,Não informado,Não informado,2021,11,13,5,23.0
2021-11-14,12:43:00,COM VÍTIMA,FINALIZADA,IPUTINGA,AV MAURICIO DE NASSAU,EST DO BARBALHO,NO SEMÁFORO 246,IPUTINGA,CIDADE,COLISÃO FRONTAL,Não informado,2.0,0.0,0.0,0.0,0.0,0.0,0.0,0.0,0.0,1.0,0.0,Cruzamento,Bom,Sem defeito,Perfeito estado,Seca,Perfeito estado,Faixa de pedestre,Não há placas,60.0,Dupla,Faixa contínua,Não informado,2021,11,14,6,12.0
2021-11-14,13:14:00,SEM VÍTIMA,FINALIZADA,BOA VIAGEM,RUA PROFESSOR EDUARDO WANDERLEY FILHO,Não informado,E/F A  CASA SAO PAULO SUPERMERCADO,BOA VIAGEM,Não informado,COLISÃO LATERAL,Não informado,0.0,1.0,0.0,0.0,0.0,0.0,0.0,1.0,0.0,0.0,0.0,Cruzamento,Bom,Não existe,Perfeito estado,Seca,Perfeito estado,Faixa de pedestre,"Placas ""Pare""",60.0,Dupla,Faixa seccionada,Não informado,2021,11,14,6,13.0
2021-11-14,15:57:00,COM VÍTIMA,FINALIZADA,ALTO JOSÉ DO PINHO,RUA ACAIACA,Não informado,MERCADINHO SANTA FÉ,ALTO JOSÉ DO PINHO,Não informado,CHOQUE,Não informado,2.0,1.0,0.0,0.0,0.0,0.0,0.0,0.0,0.0,1.0,0.0,Longo da via,Bom,Não existe,Perfeito estado,Seca,Perfeito estado,Não existe,Não há placas,60.0,Dupla,Não existe,Não informado,2021,11,14,6,15.0
2021-11-14,21:31:40,COM VÍTIMA,FINALIZADA,MUSTARDINHA,RUA VINTE E UM DE ABRIL,AV MUSTARDINHA,lado oposto ao numero 1245,MUSTARDINHA,SUBURBIO,COLISÃO TRASEIRA,Não informado,1.0,1.0,0.0,0.0,0.0,0.0,0.0,0.0,0.0,1.0,0.0,Longo da via,Bom,Não existe,Perfeito estado,Seca,Mal iluminada,Não existe,Não há placas,60.0,Dupla,Faixa seccionada,Não informado,2021,11,14,6,21.0
2021-11-14,22:20:40,COM VÍTIMA,FINALIZADA,PINA,RUA TOME GIBSON,AV ENGENHEIRO DOMINGOS FERREIRA,PRÓX A ESCOLA OSVALDO LIMA FILHO,PINA,SUBURBIO,COLISÃO FRONTAL,Não informado,1.0,1.0,0.0,0.0,0.0,0.0,0.0,0.0,0.0,1.0,0.0,Cruzamento,Bom,Sem defeito,Perfeito estado,Seca,Perfeito estado,Faixa de pedestre,R-6a,60.0,Dupla,Faixa contínua,Não informado,2021,11,14,6,22.0
2021-11-15,19:09:00,COM VÍTIMA,FINALIZADA,IMBIRIBEIRA,AV MARECHAL MASCARENHAS DE MORAES,Não informado,"PRÓX AO AÇAI ATACADISTA, SNT CENTRO / E/F A SAEL BMW",IMBIRIBEIRA,SUBURBIO,COLISÃO TRASEIRA,Não informado,1.0,1.0,0.0,0.0,0.0,0.0,0.0,0.0,0.0,1.0,0.0,Longo da via,Bom,Não existe,Incompleta,Seca,Perfeito estado,Não existe,Não há placas,60.0,Dupla,Canteiro central,Não informado,2021,11,15,0,19.0
2021-11-15,19:22:00,SEM VÍTIMA,CANCELADA,BOA VIAGEM,AV ENGENHEIRO DOMINGOS FERREIRA,Não informado,E/F AO COLÉGIO NÚCLEO E BANCO DO BRASIL,BOA VIAGEM,Não informado,COLISÃO TRASEIRA,Não informado,2.0,0.0,0.0,0.0,0.0,0.0,0.0,0.0,0.0,0.0,0.0,Não informado,Não informado,Não informado,Não informado,Não informado,Não informado,Não informado,Não informado,60.0,Não informado,Não informado,Não informado,2021,11,15,0,19.0
2021-11-15,20:23:00,COM VÍTIMA,FINALIZADA,CORDEIRO,AV GENERAL SAN MARTIN,Não informado,E/F A IGREJA NOVA BATISTA DO CORDEIRO,CORDEIRO,Não informado,COLISÃO LATERAL,Não informado,1.0,1.0,0.0,0.0,0.0,0.0,0.0,0.0,0.0,1.0,0.0,Longo da via,Bom,Não existe,Perfeito estado,Seca,Perfeito estado,Não existe,R-6a,60.0,Dupla,Faixa contínua,Não informado,2021,11,15,0,20.0
2021-11-16,00:39:00,COM VÍTIMA,FINALIZADA,ARRUDA,RUA DO MACHADO,RUA DO TRIUNFO,PADARIA CENTRAL,ARRUDA,SUBURBIO,COLISÃO FRONTAL,Não informado,1.0,1.0,0.0,0.0,0.0,0.0,0.0,0.0,0.0,2.0,0.0,Cruzamento,Bom,Não existe,Ilegível,Seca,Não informado,Não existe,"Placas ""Pare""",30.0,Dupla,Não existe,Não informado,2021,11,16,1,0.0
2021-11-16,07:32:00,COM VÍTIMA,FINALIZADA,CASA AMARELA,RUA DOIS DE FEVEREIRO,Não informado,PROX. A SAULO MOTOS,CASA AMARELA,CIDADE,COLISÃO FRONTAL,Não informado,1.0,1.0,0.0,0.0,0.0,0.0,0.0,0.0,0.0,1.0,0.0,Longo da via,Bom,Não existe,Incompleta,Seca,Perfeito estado,Não existe,R-19,30.0,Dupla,Não existe,Não informado,2021,11,16,1,7.0
2021-11-16,08:33:00,COM VÍTIMA,FINALIZADA,CABANGA,VIADUTO CAPITAO TEMUDO,Não informado,EM CIMA DO VIADUTO DO CABANGA (SENT. BOA VIAGEM) // ALÇA DE TRANSPORTE,CABANGA,SUBURBIO,COLISÃO TRASEIRA,Não informado,2.0,0.0,0.0,0.0,0.0,1.0,0.0,0.0,0.0,2.0,0.0,Longo da via,Bom,Não existe,Perfeito estado,Seca,Perfeito estado,Não existe,Não há placas,60.0,Única,Faixa seccionada,Não informado,2021,11,16,1,8.0
2021-11-16,09:07:00,COM VÍTIMA,FINALIZADA,SANTO AMARO,AV GOVERNADOR AGAMENON MAGALHAES,Não informado,EM FRENTE AO EDF HENRIQUE DIAS,SANTO AMARO,OLINDA,COLISÃO TRANSVERSAL,Não informado,2.0,0.0,0.0,0.0,0.0,0.0,1.0,0.0,0.0,1.0,0.0,Longo da via,Bom,Não existe,Perfeito estado,Seca,Perfeito estado,Não existe,Não há placas,60.0,Dupla,Canal,Não informado,2021,11,16,1,9.0
2021-11-16,12:47:00,COM VÍTIMA,FINALIZADA,TORRÕES,AV ENGENHEIRO ABDIAS DE CARVALHO,Não informado,LADO OPOSTO AO POSTO DE GASOLINA BR,TORRÕES,CIDADE,COLISÃO TRASEIRA,Não informado,0.0,1.0,0.0,0.0,0.0,0.0,0.0,0.0,0.0,1.0,0.0,Longo da via,Bom,Não existe,Perfeito estado,Seca,Perfeito estado,Não existe,Não há placas,60.0,Única,Faixa seccionada,Não informado,2021,11,16,1,12.0
2021-11-16,12:51:00,SEM VÍTIMA,CANCELADA,ESPINHEIRO,AV GOVERNADOR AGAMENON MAGALHAES,Não informado,EM FRENTE À FIORI JEEP / SUBIDA DO VIADUTO,ESPINHEIRO,CIDADE,COLISÃO LATERAL,Não informado,2.0,0.0,0.0,0.0,0.0,0.0,0.0,0.0,0.0,0.0,0.0,Não informado,Não informado,Não informado,Não informado,Não informado,Não informado,Não informado,Não informado,60.0,Não informado,Não informado,Não informado,2021,11,16,1,12.0
2021-11-16,12:58:00,COM VÍTIMA,FINALIZADA,SANTO AMARO,AV GOVERNADOR AGAMENON MAGALHAES,Não informado,EM FRENTE A UPE/ SENTIDO OLINDA,SANTO AMARO,Não informado,COLISÃO FRONTAL,Não informado,1.0,1.0,0.0,0.0,0.0,0.0,0.0,0.0,0.0,2.0,0.0,Longo da via,Bom,Sem defeito,Perfeito estado,Seca,Perfeito estado,Não existe,Não há placas,60.0,Única,Faixa seccionada,Não informado,2021,11,16,1,12.0
2021-11-16,15:49:00,SEM VÍTIMA,CANCELADA,ARRUDA,AV PEDRO DE MELO PEDROZA,Não informado,EM FRENTE AO CONDOMINIO ARISTOTELES DE ANDRADE,ARRUDA,Não informado,COLISÃO COM CICLISTA,Não informado,1.0,0.0,0.0,1.0,0.0,0.0,0.0,0.0,0.0,0.0,0.0,Não informado,Não informado,Não informado,Não informado,Não informado,Não informado,Não informado,Não informado,60.0,Não informado,Não informado,Não informado,2021,11,16,1,15.0
2021-11-16,18:57:00,COM VÍTIMA,FINALIZADA,IMBIRIBEIRA,AV MARECHAL MASCARENHAS DE MORAES,Não informado,EM FRENTE A MOVIDA,IMBIRIBEIRA,CIDADE,QUEDA,Não informado,0.0,1.0,0.0,0.0,0.0,0.0,0.0,0.0,0.0,1.0,0.0,Longo da via,Bom,Sem defeito,Perfeito estado,Seca,Perfeito estado,Não informado,Outras,60.0,Dupla,Canteiro central,Não informado,2021,11,16,1,18.0
2021-11-16,19:00:00,SEM VÍTIMA,FINALIZADA,BOA VIAGEM,AV BOA VIAGEM,Não informado,E/F AO HOTEL GRAND MERCURY,BOA VIAGEM,Não informado,COLISÃO LATERAL,Não informado,1.0,0.0,0.0,0.0,0.0,0.0,0.0,1.0,0.0,0.0,0.0,Longo da via,Bom,Não existe,Perfeito estado,Seca,Perfeito estado,Não existe,"Placas ""Dê a preferência""",60.0,Única,Faixa seccionada,Não informado,2021,11,16,1,19.0
2021-11-16,20:07:00,COM VÍTIMA,FINALIZADA,IMBIRIBEIRA,AV MARECHAL MASCARENHAS DE MORAES,Não informado,EM FRENTE A PRAÇA MIN SALGADO FILHO,IMBIRIBEIRA,SUBURBIO,ATROPELAMENTO DE PESSOA,Não informado,0.0,0.0,0.0,0.0,1.0,0.0,0.0,0.0,0.0,1.0,0.0,Longo da via,Bom,Sem defeito,Perfeito estado,Seca,Perfeito estado,Faixa de pedestre,Outras,60.0,Dupla,Canteiro central,Não informado,2021,11,16,1,20.0
2021-11-16,20:51:00,SEM VÍTIMA,FINALIZADA,ENCRUZILHADA,AV NORTE MIGUEL ARRAES DE ALENCAR,Não informado,"EF AO EXTRA, SEMÁFORO 045, SNT CID/SUB",ENCRUZILHADA,Não informado,CHOQUE,Não informado,1.0,0.0,0.0,0.0,0.0,0.0,0.0,0.0,0.0,0.0,0.0,Não informado,Não informado,Não informado,Não informado,Não informado,Não informado,Não informado,Não informado,60.0,Não informado,Não informado,Não informado,2021,11,16,1,20.0
2021-11-16,20:47:40,SEM VÍTIMA,FINALIZADA,BOA VIAGEM,RUA JOAO EUGENIO DE LIMA,Não informado,PROX A QUADRA DO COLEGIO MADRE DE DEUS,BOA VIAGEM,Não informado,COLISÃO FRONTAL,Não informado,1.0,0.0,0.0,0.0,0.0,0.0,0.0,1.0,0.0,0.0,0.0,Cruzamento,Bom,Sem defeito,Não existente,Seca,Perfeito estado,Não existe,Não há placas,60.0,Dupla,Não existe,Não informado,2021,11,16,1,20.0