data,hora,natureza_acidente,situacao,bairro,endereco,detalhe_endereco_acidente,complemento,bairro_cruzamento,sentido_via,tipo,descricao,auto,moto,ciclom,ciclista,pedestre,onibus,caminhao,viatura,outros,vitimas,vitimasfatais,acidente_verificado,tempo_clima,situacao_semaforo,sinalizacao,condicao_via,conservacao_via,ponto_controle,situacao_placa,velocidade_max_via,mao_direcao,divisao_via1,natureza,ano,mes,dia,dia_semana,hora_ocorrencia
2021-11-16,22:10:40,COM VÍTIMA,FINALIZADA,JORDÃO,RUA VIRGINOPOLIS,Não informado,PRÓX AO TERMINAL DE ONIBUS,JORDÃO,SUBURBIO,ATROPELAMENTO DE PESSOA,Não informado,1.0,0.0,0.0,0.0,2.0,0.0,0.0,0.0,0.0,2.0,0.0,Longo da via,Bom,Não existe,Perfeito estado,Seca,Perfeito estado,Não existe,Não há placas,60.0,Única,Não existe,Não informado,2021,11,16,1,22.0
2021-11-16,23:00:40,SEM VÍTIMA,FINALIZADA,BOA VIAGEM,RUA VISCONDE DE JEQUITINHONHA,Não informado,E/F AO EDF LAGOA DO ABAETÉ,BOA VIAGEM,Não informado,CHOQUE,Não informado,1.0,0.0,0.0,0.0,0.0,0.0,0.0,0.0,0.0,0.0,0.0,Não informado,Não informado,Não informado,Não informado,Não informado,Não informado,Não informado,Não informado,60.0,Não informado,Não informado,Não informado,2021,11,16,1,23.0
2021-11-17,07:45:00,COM VÍTIMA,FINALIZADA,IBURA,AV DOM HELDER CAMARA,AV DOM HELDER CAMARA,EM FRENTE A CASA DA BATERIA,IBURA,CIDADE,COLISÃO FRONTAL,Não informado,1.0,1.0,0.0,0.0,0.0,0.0,0.0,0.0,0.0,1.0,0.0,Longo da via,Bom,Não existe,Perfeito estado,Seca,Perfeito estado,Não existe,Não há placas,60.0,Dupla,Canteiro central,Não informado,2021,11,17,2,7.0
2021-11-17,08:59:00,SEM VÍTIMA,FINALIZADA,PINA,RUA PROFESSOR JOSUE DE CASTRO,Não informado,DENTRO DO TUNEO  / SENT  CIDADE,PINA,CIDADE,COLISÃO TRASEIRA,Não informado,1.0,0.0,0.0,0.0,0.0,0.0,0.0,1.0,0.0,0.0,0.0,Longo da via,Bom,Sem defeito,Perfeito estado,Seca,Perfeito estado,Faixa de pedestre,Não há placas,60.0,Única,Não informado,Não informado,2021,11,17,2,8.0
2021-11-17,09:05:00,COM VÍTIMA,FINALIZADA,AFOGADOS,RUA PROFESSOR AUGUSTO WANDERLEY FILHO,Não informado,ENIIL,AFOGADOS,Não informado,COLISÃO TRANSVERSAL,Não informado,1.0,1.0,0.0,0.0,0.0,0.0,0.0,0.0,0.0,1.0,0.0,Cruzamento,Bom,Sem defeito,Perfeito estado,Seca,Perfeito estado,Faixa de pedestre,Não há placas,60.0,Única,Faixa seccionada,Não informado,2021,11,17,2,9.0
2021-11-17,09:17:00,COM VÍTIMA,FINALIZADA,CASA AMARELA,AV NORTE MIGUEL ARRAES DE ALENCAR,Não informado,E/F A IGREJA QUADRANGULAR,CASA AMARELA,CIDADE,ATROPELAMENTO DE PESSOA,Não informado,0.0,1.0,0.0,0.0,1.0,0.0,0.0,0.0,0.0,1.0,0.0,Longo da via,Bom,Sem defeito,Perfeito estado,Seca,Perfeito estado,Não existe,Não informado,60.0,Dupla,Faixa seccionada,Não informado,2021,11,17,2,9.0
2021-11-17,10:52:00,COM VÍTIMA,FINALIZADA,IMBIRIBEIRA,AV DOM JOAO VI,RUA SOLDADO SINESIO DE ARAGAO,EM FRENTE AO SEMAFORO 639,IMBIRIBEIRA,SUBURBIO,COLISÃO TRASEIRA,Não informado,0.0,1.0,0.0,0.0,0.0,0.0,1.0,0.0,0.0,1.0,0.0,Cruzamento,Bom,Sem defeito,Perfeito estado,Seca,Perfeito estado,Faixa de pedestre,Não há placas,60.0,Dupla,Canal,Não informado,2021,11,17,2,10.0
2021-11-17,13:15:00,COM VÍTIMA,FINALIZADA,IBURA,AV DOIS RIOS,RUA PINTOR AGENOR DE ALBUQUERQUE CESAR,SOB O SEMÁFORO,IBURA,SUBURBIO,COLISÃO TRANSVERSAL,Não informado,1.0,1.0,0.0,0.0,0.0,0.0,0.0,0.0,0.0,1.0,0.0,Esquina,Bom,Sem defeito,Perfeito estado,Seca,Perfeito estado,Faixa de pedestre,Outras,60.0,Dupla,Faixa seccionada,Não informado,2021,11,17,2,13.0
2021-11-17,14:32:00,COM VÍTIMA,FINALIZADA,CAXANGÁ,AV CAXANGA,Não informado,E/F  A UPA S/T CID,CAXANGÁ,CIDADE,QUEDA,Não informado,0.0,1.0,0.0,0.0,0.0,0.0,0.0,0.0,0.0,1.0,0.0,Longo da via,Bom,Sem defeito,Perfeito estado,Seca,Perfeito estado,Agente,R-32,60.0,Dupla,Faixa contínua,Não informado,2021,11,17,2,14.0
2021-11-17,14:46:00,COM VÍTIMA,FINALIZADA,ESPINHEIRO,AV GOVERNADOR AGAMENON MAGALHAES,Não informado,EM FRENTE AO EDIFICIO VISCONDE DE UTINGA,ESPINHEIRO,Não informado,COLISÃO LATERAL,Não informado,1.0,1.0,0.0,0.0,0.0,0.0,0.0,0.0,0.0,2.0,0.0,Longo da via,Bom,Não existe,Perfeito estado,Seca,Perfeito estado,Não existe,Não há placas,60.0,Dupla,Canteiro central,Não informado,2021,11,17,2,14.0
2021-11-17,14:59:00,COM VÍTIMA,FINALIZADA,ENCRUZILHADA,EST DE BELEM,RUA DONA JULIETA,E/F A IGREJA DE BELEM,ENCRUZILHADA,SUBURBIO,COLISÃO TRANSVERSAL,Não informado,1.0,1.0,0.0,0.0,0.0,0.0,0.0,0.0,0.0,1.0,0.0,Cruzamento,Bom,Não existe,Perfeito estado,Seca,Perfeito estado,Não existe,Não há placas,60.0,Dupla,Faixa contínua,Não informado,2021,11,17,2,14.0
2021-11-17,16:06:00,COM VÍTIMA,FINALIZADA,MADALENA,RUA BENFICA,Não informado,CHURRASCARIA AFOX,MADALENA,CIDADE,COLISÃO TRASEIRA,Não informado,1.0,1.0,0.0,0.0,0.0,0.0,0.0,0.0,0.0,1.0,0.0,Longo da via,Bom,Não existe,Perfeito estado,Seca,Perfeito estado,Não existe,R-6a,60.0,Dupla,Faixa contínua,Não informado,2021,11,17,2,16.0
2021-11-17,16:52:00,OUTROS,FINALIZADA,SÃO JOSÉ,C SANTA RITA,Não informado,LADO OPOSTO AO 16° BPM,SÃO JOSÉ,CIDADE,OUTROS,Não informado,0.0,1.0,0.0,0.0,0.0,0.0,0.0,0.0,0.0,1.0,0.0,Longo da via,Chuvoso,Sem defeito,Perfeito estado,Molhada,Perfeito estado,Não existe,Não há placas,60.0,Dupla,Canteiro central,Não informado,2021,11,17,2,16.0
2021-11-17,18:23:00,COM VÍTIMA,FINALIZADA,MADALENA,AV CAXANGA,Não informado,PROX AO BANCO SANTANDER,MADALENA,SUBURBIO,ATROPELAMENTO DE PESSOA,Não informado,1.0,0.0,0.0,0.0,1.0,0.0,0.0,0.0,0.0,1.0,0.0,Longo da via,Bom,Não existe,Perfeito estado,Seca,Perfeito estado,Não existe,Não há placas,60.0,Dupla,Canteiro central,Não informado,2021,11,17,2,18.0
2021-11-17,19:12:00,COM VÍTIMA,CANCELADA,PAISSANDU,AV GOVERNADOR AGAMENON MAGALHAES,Não informado,PROX AO BANCO SAFRA,PAISSANDU,OLINDA,COLISÃO LATERAL,Não informado,1.0,1.0,0.0,0.0,0.0,0.0,0.0,0.0,0.0,1.0,0.0,Não informado,Não informado,Não informado,Não informado,Não informado,Não informado,Não informado,Não informado,60.0,Não informado,Não informado,Não informado,2021,11,17,2,19.0
2021-11-17,20:01:00,COM VÍTIMA,FINALIZADA,IPSEP,RUA HELIO BRANDAO,RUA ALAGOAS,AO LADO DO N° 340,IPSEP,Não informado,ATROPELAMENTO DE PESSOA,Não informado,1.0,0.0,0.0,0.0,1.0,0.0,0.0,0.0,0.0,1.0,0.0,Longo da via,Bom,Não existe,Ilegível,Seca,Mal iluminada,Não existe,R-6a,60.0,Dupla,Faixa seccionada,Não informado,2021,11,17,2,20.0
2021-11-17,22:44:40,COM VÍTIMA,FINALIZADA,BOA VIAGEM,RUA VISCONDE DE JEQUITINHONHA,RUA BALTAZAR PASSOS,EM FRENTE AO SEMÁFORO NÚMERO 154,BOA VIAGEM,Não informado,Não informado,Não informado,1.0,1.0,0.0,0.0,0.0,0.0,0.0,0.0,0.0,2.0,0.0,Cruzamento,Bom,Sem defeito,Perfeito estado,Seca,Perfeito estado,Faixa de retenção,Não há placas,60.0,Única,Faixa contínua,Não informado,2021,11,17,2,22.0
2021-11-18,07:18:00,COM VÍTIMA,FINALIZADA,ILHA DO LEITE,RUA PAISSANDU,Não informado,EM FRENTE AO HOSPITAL SÃO MARCOS,ILHA DO LEITE,CIDADE,QUEDA,Não informado,0.0,1.0,0.0,0.0,0.0,0.0,0.0,0.0,0.0,1.0,0.0,Longo da via,Chuvoso,Sem defeito,Perfeito estado,Seca,Perfeito estado,Não existe,Não há placas,60.0,Dupla,Faixa contínua,Não informado,2021,11,18,3,7.0
2021-11-18,08:02:00,COM VÍTIMA,CANCELADA,SÃO JOSÉ,C SANTA RITA,Não informado,ESQ DO PAINEL DIGITAL  / RUA ESQ COM AS TORRES GEMEAS / 675,SÃO JOSÉ,Não informado,COLISÃO LATERAL,Não informado,0.0,2.0,0.0,0.0,0.0,0.0,0.0,0.0,0.0,1.0,0.0,Não informado,Não informado,Não informado,Não informado,Não informado,Não informado,Não informado,Não informado,60.0,Não informado,Não informado,Não informado,2021,11,18,3,8.0
2021-11-18,14:07:00,COM VÍTIMA,FINALIZADA,APIPUCOS,RUA DOIS IRMAOS,Não informado,EM FRENTE A ASSOCIAÇÃO BRASILEIRA DE ODONTOLOGIA,APIPUCOS,CIDADE,COLISÃO TRASEIRA,Não informado,1.0,1.0,0.0,0.0,0.0,0.0,0.0,0.0,0.0,1.0,0.0,Longo da via,Bom,Não existe,Perfeito estado,Seca,Perfeito estado,Não existe,R-6a,60.0,Dupla,Faixa contínua,Não informado,2021,11,18,3,14.0
2021-11-18,15:58:00,COM VÍTIMA,FINALIZADA,IMBIRIBEIRA,AV MARECHAL MASCARENHAS DE MORAES,Não informado,EM FRENTE AO DEPOSITO LASER,IMBIRIBEIRA,CIDADE,COLISÃO TRASEIRA,Não informado,0.0,0.0,0.0,1.0,0.0,1.0,0.0,0.0,0.0,1.0,0.0,Longo da via,Bom,Não existe,Perfeito estado,Seca,Perfeito estado,Não existe,Não há placas,60.0,Dupla,Canteiro central,Não informado,2021,11,18,3,15.0
2021-11-18,16:37:00,COM VÍTIMA,FINALIZADA,ROSARINHO,AV NORTE MIGUEL ARRAES DE ALENCAR,RUA CEARA,EM FRENTE AO N° 2760,ROSARINHO,SUBURBIO,COLISÃO TRASEIRA,Não informado,1.0,1.0,0.0,0.0,0.0,0.0,0.0,0.0,0.0,1.0,0.0,Esquina,Chuvoso,Sem defeito,Perfeito estado,Molhada,Perfeito estado,Não existe,R-6a,60.0,Dupla,Canteiro central,Não informado,2021,11,18,3,16.0
2021-11-18,19:39:00,COM VÍTIMA,CANCELADA,DOIS UNIDOS,RUA CORONEL PILAR,Não informado,PRÓX AO FORRO DO ARLINDO,DOIS UNIDOS,Não informado,COLISÃO FRONTAL,Não informado,0.0,1.0,0.0,0.0,0.0,1.0,0.0,0.0,0.0,1.0,0.0,Não informado,Não informado,Não informado,Não informado,Não informado,Não informado,Não informado,Não informado,60.0,Não informado,Não informado,Não informado,2021,11,18,3,19.0
2021-11-18,20:28:00,COM VÍTIMA,FINALIZADA,BOA VIAGEM,AV ENGENHEIRO DOMINGOS FERREIRA,RUA BRUNO VELOSO,SEMAFORO 338,BOA VIAGEM,Não informado,COLISÃO LATERAL,Não informado,1.0,1.0,0.0,0.0,0.0,0.0,0.0,0.0,0.0,1.0,0.0,Não informado,Não informado,Não informado,Não informado,Não informado,Não informado,Não informado,Não informado,60.0,Não informado,Não informado,Não informado,2021,11,18,3,20.0
2021-11-18,22:06:40,SEM VÍTIMA,FINALIZADA,VÁRZEA,AV AFONSO OLINDENSE,Não informado,PRÓX A FARMACIA PERNAMBUCANAS,VÁRZEA,Não informado,COLISÃO TRASEIRA,Não informado,0.0,0.0,0.0,0.0,0.0,0.0,0.0,0.0,0.0,0.0,0.0,Longo da via,Bom,Com defeito,Perfeito estado,Seca,Perfeito estado,Faixa de pedestre,Não há placas,30.0,Dupla,Faixa contínua,Não informado,2021,11,18,3,22.0
2021-11-19,07:03:00,COM VÍTIMA,FINALIZADA,ENCRUZILHADA,AV BEBERIBE,RUA FERNANDO CESAR,EM FRENTE AO BANCO DO BRASIL,ENCRUZILHADA,SUBURBIO,COLISÃO FRONTAL,Não informado,1.0,1.0,0.0,0.0,0.0,0.0,0.0,0.0,0.0,1.0,0.0,Cruzamento,Bom,Sem defeito,Perfeito estado,Seca,Perfeito estado,Outros,R-4a,60.0,Dupla,Faixa contínua,Não informado,2021,11,19,4,7.0
2021-11-19,08:26:00,SEM VÍTIMA,FINALIZADA,BOMBA DO HEMETÉRIO,RUA BOMBA DO HEMETERIO,Não informado,EM FRENTE AO NE 393,BOMBA DO HEMETÉRIO,Não informado,COLISÃO LATERAL,Não informado,0.0,1.0,0.0,0.0,0.0,0.0,0.0,1.0,0.0,0.0,0.0,Longo da via,Bom,Não existe,Perfeito estado,Seca,Perfeito estado,Não existe,Outras,60.0,Dupla,Não existe,Não informado,2021,11,19,4,8.0
2021-11-19,09:11:00,COM VÍTIMA,FINALIZADA,CASA AMARELA,EST DO ENCANAMENTO,RUA PROFESSOR ALVARO LIMA,E/F A CASA DE FESTAS ESTRIPULIA,CASA AMARELA,CIDADE,COLISÃO TRANSVERSAL,Não informado,2.0,0.0,0.0,0.0,0.0,0.0,0.0,0.0,0.0,1.0,0.0,Cruzamento,Bom,Não existe,Perfeito estado,Seca,Não informado,Não existe,"Placas ""Pare""",60.0,Única,Faixa seccionada,Não informado,2021,11,19,4,9.0
2021-11-19,10:53:00,SEM VÍTIMA,FINALIZADA,BOA VIAGEM,AV REPUBLICA ARABE UNIDA,Não informado,EM FRENTE AO ESTACIONAMENTO DO MERCADINHO GRAÇAS,BOA VIAGEM,Não informado,COLISÃO TRASEIRA,Não informado,1.0,1.0,0.0,0.0,0.0,0.0,0.0,0.0,0.0,0.0,0.0,Não informado,Não informado,Não informado,Não informado,Não informado,Não informado,Não informado,Não informado,60.0,Não informado,Não informado,Não informado,2021,11,19,4,10.0
2021-11-19,16:42:00,COM VÍTIMA,FINALIZADA,DERBY,AV GOVERNADOR AGAMENON MAGALHAES,Não informado,EM FRENTE AO TRIBUNAL ELEITORAL DE RECIFE,DERBY,BOA VIAGEM,COLISÃO TRANSVERSAL,Não informado,1.0,1.0,0.0,0.0,0.0,0.0,0.0,0.0,0.0,1.0,0.0,Cruzamento,Bom,Sem defeito,Perfeito estado,Seca,Perfeito estado,Faixa de pedestre,Não há placas,60.0,Dupla,Canteiro central,Não informado,2021,11,19,4,16.0
2021-11-19,18:09:00,COM VÍTIMA,FINALIZADA,CASA AMARELA,RUA DA HARMONIA,Não informado,PROX A IGREJA DA HARMONIA,CASA AMARELA,Não informado,COLISÃO FRONTAL,Não informado,1.0,1.0,0.0,0.0,0.0,0.0,0.0,0.0,0.0,1.0,0.0,Longo da via,Bom,Não existe,Perfeito estado,Seca,Perfeito estado,Não existe,Não há placas,60.0,Dupla,Faixa seccionada,Não informado,2021,11,19,4,18.0
2021-11-19,20:49:00,COM VÍTIMA,FINALIZADA,LINHA DO TIRO,RUA SODRELANDIA,Não informado,NA SUBIDA PROX AO CAMPO DO CAFÉ,LINHA DO TIRO,SUBURBIO,CAPOTAMENTO,Não informado,0.0,0.0,0.0,0.0,0.0,0.0,0.0,0.0,0.0,1.0,0.0,Longo da via,Bom,Não existe,Não informado,Seca,Perfeito estado,Não existe,Não informado,60.0,Dupla,Não existe,Não informado,2021,11,19,4,20.0
2021-11-20,05:39:00,COM VÍTIMA,FINALIZADA,ARRUDA,AV PROFESSOR JOSE DOS ANJOS,Não informado,EM FRENTE A ECO ESTAÇÃO,ARRUDA,DUPLO,COLISÃO FRONTAL,Não informado,1.0,1.0,0.0,0.0,0.0,0.0,0.0,0.0,0.0,1.0,0.0,Longo da via,Bom,Não existe,Perfeito estado,Seca,Perfeito estado,Não existe,Não há placas,60.0,Dupla,Não existe,Não informado,2021,11,20,5,5.0
2021-11-20,11:22:00,COM VÍTIMA,FINALIZADA,CAJUEIRO,AV CIDADE DE MONTEIRO,Não informado,EM FRENTE AO HORTE FRUTE ESPERANÇA,CAJUEIRO,SUBURBIO,COLISÃO FRONTAL,Não informado,1.0,1.0,0.0,0.0,0.0,0.0,0.0,0.0,0.0,1.0,0.0,Longo da via,Nublado,Não existe,Perfeito estado,Seca,Perfeito estado,Outros,R-6a,40.0,Dupla,Faixa contínua,Não informado,2021,11,20,5,11.0
2021-11-20,12:26:00,COM VÍTIMA,FINALIZADA,CASA AMARELA,RUA CONS NABUCO,RUA EVARISTO DA VEIGA,EM FRENTE AO EDIFICIO TRINDADE,CASA AMARELA,CIDADE,COLISÃO FRONTAL,Não informado,1.0,1.0,0.0,0.0,0.0,0.0,0.0,0.0,0.0,1.0,0.0,Esquina,Bom,Não existe,Incompleta,Seca,Perfeito estado,Não existe,Outras,60.0,Dupla,Não existe,Não informado,2021,11,20,5,12.0
2021-11-20,19:25:00,COM VÍTIMA,FINALIZADA,JARDIM SÃO PAULO,AV SAO PAULO,RUA PROF ZENIA GUERRA,PROX A FARMACIA PRIME,JARDIM SÃO PAULO,CIDADE,COLISÃO FRONTAL,Não informado,1.0,1.0,0.0,0.0,0.0,0.0,0.0,0.0,0.0,1.0,0.0,Longo da via,Bom,Não existe,Não existente,Seca,Perfeito estado,Não existe,Não há placas,60.0,Dupla,Faixa seccionada,Não informado,2021,11,20,5,19.0
2021-11-20,22:47:40,COM VÍTIMA,FINALIZADA,MADALENA,AV JOSE GONCALVES DE MEDEIROS,Não informado,E/F AO MC DONALDS,MADALENA,CIDADE,COLISÃO FRONTAL,Não informado,1.0,1.0,0.0,0.0,0.0,0.0,0.0,0.0,0.0,1.0,0.0,Longo da via,Bom,Sem defeito,Perfeito estado,Seca,Perfeito estado,Não informado,Não há placas,60.0,Dupla,Canteiro central,Não informado,2021,11,20,5,22.0
2021-11-21,02:40:00,COM VÍTIMA,FINALIZADA,GRAÇAS,RUA AMELIA,AV CONS ROSA E SILVA,Não informado,GRAÇAS,Não informado,COLISÃO TRANSVERSAL,Não informado,1.0,1.0,0.0,0.0,0.0,0.0,0.0,0.0,0.0,1.0,0.0,Cruzamento,Bom,Sem defeito,Perfeito estado,Seca,Perfeito estado,Não informado,Não informado,60.0,Não informado,Não informado,Não informado,2021,11,21,6,2.0
2021-11-21,09:17:00,COM VÍTIMA,FINALIZADA,JOANA BEZERRA,AV MARTIN LUTHER KING,RUA IBIRAMA,ACADEMIA DA CIDADE,JOANA BEZERRA,CIDADE,CAPOTAMENTO,Não informado,1.0,0.0,0.0,0.0,0.0,0.0,0.0,0.0,0.0,1.0,0.0,Longo da via,Bom,Não existe,Perfeito estado,Seca,Perfeito estado,Outros,Outras,60.0,Única,Canteiro central,Não informado,2021,11,21,6,9.0
2021-11-21,10:21:00,COM VÍTIMA,FINALIZADA,IMBIRIBEIRA,RUA ITAJAI,Não informado,LADO OPOSTO AO 162,IMBIRIBEIRA,SUBURBIO,COLISÃO TRANSVERSAL,Não informado,1.0,1.0,0.0,0.0,0.0,0.0,0.0,0.0,0.0,1.0,0.0,Cruzamento,Bom,Não existe,Perfeito estado,Seca,Perfeito estado,Faixa de pedestre,Não há placas,70.0,Única,Faixa seccionada,Não informado,2021,11,21,6,10.0
2021-11-21,17:28:00,COM VÍTIMA,FINALIZADA,BOA VIAGEM,RUA ANTONIO PASSOS,RUA JOSE MOREIRA LEAL,ESQUINA DO COLEGIO ELO,BOA VIAGEM,SUBURBIO,COLISÃO FRONTAL,Não informado,2.0,0.0,0.0,0.0,0.0,0.0,0.0,0.0,0.0,1.0,0.0,Cruzamento,Bom,Não existe,Perfeito estado,Seca,Perfeito estado,Não existe,Não há placas,60.0,Única,Não existe,Não informado,2021,11,21,6,17.0
2021-11-22,00:06:00,COM VÍTIMA,FINALIZADA,BOA VIAGEM,AVENIDA CELSO FURTADO (VIA MANGUE),RUA TOME GIBSON,CONVENTO SÃO FELIX,BOA VIAGEM,CIDADE,COLISÃO FRONTAL,Não informado,0.0,0.0,0.0,1.0,0.0,0.0,0.0,0.0,0.0,2.0,0.0,Longo da via,Bom,Não existe,Perfeito estado,Seca,Perfeito estado,Não existe,Não há placas,60.0,Dupla,Canteiro central,Não informado,2021,11,22,0,0.0
2021-11-22,07:52:00,SEM VÍTIMA,FINALIZADA,SÃO JOSÉ,C SANTA RITA,Não informado,LADO OPOSTO AO 795,SÃO JOSÉ,Não informado,CHOQUE,Não informado,1.0,0.0,0.0,0.0,0.0,0.0,0.0,0.0,0.0,0.0,0.0,Longo da via,Bom,Não existe,Perfeito estado,Seca,Perfeito estado,Não existe,Não há placas,60.0,Única,Faixa seccionada,Não informado,2021,11,22,0,7.0
2021-11-22,08:29:00,COM VÍTIMA,FINALIZADA,ESPINHEIRO,AV JOAO DE BARROS,RUA CONS PORTELA,"APÓS A ESCOLA ETEPAM/ entrada da rua, CARNEIRO VILELA...O SOLICITANTE ESTÁ EM FRENTE A GALERIA CONSELHEIRO PORTELA",ESPINHEIRO,SUBURBIO,COLISÃO FRONTAL,Não informado,1.0,1.0,0.0,0.0,0.0,0.0,0.0,0.0,0.0,1.0,0.0,Cruzamento,Bom,Não existe,Perfeito estado,Seca,Perfeito estado,Faixa de pedestre,Não informado,60.0,Única,Faixa contínua,Não informado,2021,11,22,0,8.0
2021-11-22,09:05:00,SEM VÍTIMA,CANCELADA,CORDEIRO,RUA OCIDENTAL,Não informado,PROX. A IGREJA BATISTA JARDINS DAS PALMEIRAS,CORDEIRO,Não informado,COLISÃO FRONTAL,Não informado,2.0,0.0,0.0,0.0,0.0,0.0,0.0,0.0,0.0,0.0,0.0,Não informado,Não informado,Não informado,Não informado,Não informado,Não informado,Não informado,Não informado,60.0,Não informado,Não informado,Não informado,2021,11,22,0,9.0
2021-11-22,10:37:00,COM VÍTIMA,FINALIZADA,FUNDÃO,AV BEBERIBE,Não informado,EM FRENTE AO PAGODE DA PRESSÃO,FUNDÃO,CIDADE,COLISÃO TRASEIRA,Não informado,1.0,1.0,0.0,0.0,0.0,0.0,0.0,0.0,0.0,1.0,0.0,Longo da via,Bom,Sem defeito,Perfeito estado,Seca,Perfeito estado,Faixa de pedestre,Não informado,60.0,Dupla,Faixa contínua,Não informado,2021,11,22,0,10.0
2021-11-22,11:10:00,SEM VÍTIMA,CANCELADA,SANTO AMARO,RUA ITUBERA,Não informado,PRÓX À COMPESA,SANTO AMARO,Não informado,CHOQUE,Não informado,0.0,0.0,0.0,0.0,0.0,0.0,0.0,1.0,0.0,0.0,0.0,Não informado,Não informado,Não informado,Não informado,Não informado,Não informado,Não informado,Não informado,60.0,Não informado,Não informado,Não informado,2021,11,22,0,11.0
2021-11-22,11:43:00,COM VÍTIMA,FINALIZADA,TAMARINEIRA,RUA CONEGO BARATA,Não informado,E/F AO HOSPITAL HELENA MOURA,TAMARINEIRA,CIDADE,COLISÃO FRONTAL,Não informado,0.0,1.0,0.0,0.0,0.0,0.0,0.0,0.0,0.0,1.0,0.0,Longo da via,Bom,Não existe,Não existente,Seca,Perfeito estado,Não existe,Não há placas,60.0,Única,Faixa seccionada,Não informado,2021,11,22,0,11.0
2021-11-22,11:56:00,COM VÍTIMA,FINALIZADA,BOA VIAGEM,AV ENGENHEIRO DOMINGOS FERREIRA,Não informado,EM FRENTE SUPERMERCADO EXTRA,BOA VIAGEM,SUBURBIO,COLISÃO FRONTAL,Não informado,0.0,2.0,0.0,0.0,0.0,0.0,0.0,0.0,0.0,1.0,0.0,Longo da via,Bom,Não existe,Perfeito estado,Seca,Perfeito estado,Não existe,Não há placas,60.0,Única,Canteiro central,Não informado,2021,11,22,0,11.0
2021-11-22,14:26:00,SEM VÍTIMA,FINALIZADA,SÃO JOSÉ,RUA FLORIANO PEIXOTO,Não informado,PROX  CASA DA CULTURA ENTRE O PROCON E A HONDA,SÃO JOSÉ,Não informado,COLISÃO TRASEIRA,Não informado,1.0,1.0,0.0,0.0,0.0,0.0,0.0,0.0,0.0,0.0,0.0,Longo da via,Bom,Sem defeito,Perfeito estado,Seca,Perfeito estado,Faixa de pedestre,R-6a,60.0,Única,Faixa seccionada,Não informado,2021,11,22,0,14.0
2021-11-22,21:18:40,SEM VÍTIMA,FINALIZADA,TORREÃO,RUA OTHON PARAISO,Não informado,COM A RUA DJALMA FARIAS,TORREÃO,Não informado,COLISÃO LATERAL,Não informado,0.0,0.0,0.0,0.0,0.0,0.0,0.0,0.0,0.0,0.0,0.0,Não informado,Não informado,Não informado,Não informado,Não informado,Não informado,Não informado,Não informado,60.0,Não informado,Não informado,Não informado,2021,11,22,0,21.0
2021-11-23,08:02:00,COM VÍTIMA,FINALIZADA,BOA VIAGEM,RUA RIBEIRO DE BRITO,RUA DOS NAVEGANTES,PRÓXIMO EDIFICIO HOLIDAY,BOA VIAGEM,CIDADE,COLISÃO TRANSVERSAL,Não informado,1.0,1.0,0.0,0.0,0.0,0.0,0.0,0.0,0.0,1.0,0.0,Cruzamento,Bom,Não existe,Perfeito estado,Seca,Perfeito estado,Não existe,"Placas ""Pare""",60.0,Única,Não existe,Não informado,2021,11,23,1,8.0
2021-11-23,08:41:00,COM VÍTIMA,FINALIZADA,VÁRZEA,RUA VALE DO SIRIJI,Não informado,LADO OPOSTO FELIPE JATO,VÁRZEA,SUBURBIO,COLISÃO COM CICLISTA,Não informado,1.0,0.0,0.0,1.0,0.0,0.0,0.0,0.0,0.0,1.0,0.0,Cruzamento,Bom,Não existe,Incompleta,Seca,Perfeito estado,Não existe,R-6a,60.0,Dupla,Outros,Não informado,2021,11,23,1,8.0
2021-11-23,08:41:00,COM VÍTIMA,FINALIZADA,CABANGA,AV ENGENHEIRO JOSE ESTELITA,Não informado,EM FRENTE AO CABANGA IATE CLUBE,CABANGA,CIDADE,COLISÃO COM CICLISTA,Não informado,0.0,0.0,0.0,1.0,0.0,1.0,0.0,0.0,0.0,1.0,0.0,Longo da via,Bom,Não existe,Incompleta,Seca,Perfeito estado,Não existe,Outras,60.0,Dupla,Faixa contínua,Não informado,2021,11,23,1,8.0
2021-11-23,10:08:00,COM VÍTIMA,FINALIZADA,MADALENA,AV ENGENHEIRO ABDIAS DE CARVALHO,RUA JOAO IVO DA SILVA,E/F A HABIB'S,MADALENA,CIDADE,CHOQUE,Não informado,1.0,0.0,0.0,0.0,0.0,0.0,0.0,0.0,0.0,1.0,0.0,Cruzamento,Bom,Sem defeito,Perfeito estado,Seca,Perfeito estado,Faixa de pedestre,Outras,60.0,Dupla,Canteiro central,Não informado,2021,11,23,1,10.0