data,hora,natureza_acidente,situacao,bairro,endereco,detalhe_endereco_acidente,complemento,bairro_cruzamento,sentido_via,tipo,descricao,auto,moto,ciclom,ciclista,pedestre,onibus,caminhao,viatura,outros,vitimas,vitimasfatais,acidente_verificado,tempo_clima,situacao_semaforo,sinalizacao,condicao_via,conservacao_via,ponto_controle,situacao_placa,velocidade_max_via,mao_direcao,divisao_via1,natureza,ano,mes,dia,dia_semana,hora_ocorrencia
2021-11-23,12:40:00,COM VÍTIMA,FINALIZADA,ALTO JOSÉ DO PINHO,RUA HORACIO SILVA,Não informado,PONTO DOS SALGADOS,ALTO JOSÉ DO PINHO,SUBURBIO,ATROPELAMENTO DE PESSOA,Não informado,1.0,0.0,0.0,0.0,1.0,0.0,0.0,0.0,0.0,1.0,0.0,Longo da via,Bom,Não existe,Perfeito estado,Seca,Perfeito estado,Não existe,R-6a,60.0,Dupla,Não existe,Não informado,2021,11,23,1,12.0
2021-11-23,12:42:00,COM VÍTIMA,FINALIZADA,CORDEIRO,EST DO FORTE DO ARRAIAL N. DO B. JESUS,Não informado,KROC KROC FRANGO CROCANTE,CORDEIRO,CIDADE,COLISÃO TRANSVERSAL,Não informado,1.0,1.0,0.0,0.0,0.0,0.0,0.0,0.0,0.0,1.0,0.0,Cruzamento,Bom,Não existe,Perfeito estado,Seca,Perfeito estado,Faixa de retenção,Não há placas,60.0,Dupla,Faixa contínua,Não informado,2021,11,23,1,12.0
2021-11-23,16:34:00,COM VÍTIMA,FINALIZADA,MADALENA,RUA BENFICA,Não informado,AO LADO DA PRAÇA DA BANDEIRA,MADALENA,CIDADE,COLISÃO FRONTAL,Não informado,1.0,1.0,0.0,0.0,0.0,0.0,0.0,0.0,0.0,1.0,0.0,Cruzamento,Bom,Não existe,Incompleta,Seca,Perfeito estado,Não existe,Outras,30.0,Única,Blocos,Não informado,2021,11,23,1,16.0
2021-11-23,17:35:00,SEM VÍTIMA,FINALIZADA,PINA,AVENIDA CELSO FURTADO (VIA MANGUE),Não informado,APÓS O SHOPPING RIO MAR,PINA,Não informado,COLISÃO TRASEIRA,Não informado,1.0,0.0,0.0,0.0,0.0,0.0,0.0,0.0,0.0,0.0,0.0,Não informado,Não informado,Não informado,Não informado,Não informado,Não informado,Não informado,Não informado,60.0,Não informado,Não informado,Não informado,2021,11,23,1,17.0
2021-11-23,18:32:00,COM VÍTIMA,FINALIZADA,BOA VISTA,PRC PARQUE AMORIM,AV GOVERNADOR AGAMENON MAGALHAES,EM FRENTE AO SUPER BOM PREÇO,BOA VISTA,SUBURBIO,COLISÃO FRONTAL,Não informado,0.0,2.0,0.0,0.0,0.0,0.0,0.0,0.0,0.0,1.0,0.0,Esquina,Bom,Sem defeito,Perfeito estado,Seca,Perfeito estado,Faixa de pedestre,Outras,60.0,Única,Faixa contínua,Não informado,2021,11,23,1,18.0
2021-11-23,19:17:00,COM VÍTIMA,FINALIZADA,TEJIPIÓ,AV DR JOSE RUFINO,Não informado,PRÓX AO ARMAZÉM CORAL,TEJIPIÓ,SUBURBIO,COLISÃO TRASEIRA,Não informado,1.0,0.0,0.0,0.0,0.0,1.0,0.0,0.0,0.0,1.0,0.0,Longo da via,Bom,Não existe,Perfeito estado,Seca,Perfeito estado,Outros,Outras,60.0,Dupla,Faixa contínua,Não informado,2021,11,23,1,19.0
2021-11-24,07:53:00,COM VÍTIMA,FINALIZADA,PAISSANDU,RUA GENERAL JOAQUIM INACIO,AV GOVERNADOR AGAMENON MAGALHAES,SOB O SEMÁFORO 69,PAISSANDU,SUBURBIO,COLISÃO TRANSVERSAL,Não informado,1.0,1.0,0.0,0.0,0.0,0.0,0.0,0.0,0.0,1.0,0.0,Cruzamento,Bom,Sem defeito,Perfeito estado,Seca,Perfeito estado,Agente,Outras,40.0,Única,Faixa seccionada,Não informado,2021,11,24,2,7.0
2021-11-24,10:03:00,COM VÍTIMA,FINALIZADA,SANTO ANTÔNIO,RUA SIQUEIRA CAMPOS,AV DANTAS BARRETO,SOB O SEMÁFORO 141,SANTO ANTÔNIO,Não informado,COLISÃO TRANSVERSAL,Não informado,1.0,1.0,0.0,0.0,0.0,0.0,0.0,0.0,0.0,2.0,0.0,Cruzamento,Bom,Sem defeito,Perfeito estado,Seca,Perfeito estado,Faixa de pedestre,Não há placas,40.0,Única,Não existe,Não informado,2021,11,24,2,10.0
2021-11-24,11:58:00,COM VÍTIMA,FINALIZADA,ILHA DO LEITE,AV GOVERNADOR AGAMENON MAGALHAES,Não informado,EM FRENTE AO HOSPITAL PORTUGUES- PISTA PRINCIPAL,ILHA DO LEITE,BOA VIAGEM,COLISÃO TRASEIRA,Não informado,1.0,1.0,0.0,0.0,0.0,0.0,0.0,0.0,0.0,1.0,0.0,Longo da via,Bom,Sem defeito,Perfeito estado,Seca,Perfeito estado,Faixa de pedestre,Não há placas,60.0,Dupla,Canal,Não informado,2021,11,24,2,11.0
2021-11-24,12:20:00,COM VÍTIMA,FINALIZADA,ARRUDA,RUA MEM DE SA,Não informado,EM FRENTE À COCA-COLA,ARRUDA,CIDADE,COLISÃO FRONTAL,Não informado,1.0,1.0,0.0,0.0,0.0,0.0,0.0,0.0,0.0,1.0,0.0,Longo da via,Bom,Não existe,Não existente,Seca,Perfeito estado,Não existe,Não há placas,60.0,Dupla,Faixa seccionada,Não informado,2021,11,24,2,12.0
2021-11-24,14:28:00,SEM VÍTIMA,CANCELADA,BOA VIAGEM,RUA SA E SOUZA,Não informado,APOS A IGREJA DOS MORMONS,BOA VIAGEM,Não informado,CHOQUE,Não informado,3.0,0.0,0.0,0.0,0.0,0.0,0.0,0.0,0.0,0.0,0.0,Não informado,Não informado,Não informado,Não informado,Não informado,Não informado,Não informado,Não informado,60.0,Não informado,Não informado,Não informado,2021,11,24,2,14.0
2021-11-24,15:27:00,SEM VÍTIMA,FINALIZADA,PRADO,RUA GOMES TABORDA,Não informado,PROXIMO AO CAVALO DOURADO,PRADO,Não informado,COLISÃO TRASEIRA,Não informado,2.0,0.0,0.0,0.0,0.0,0.0,0.0,0.0,0.0,0.0,0.0,Longo da via,Bom,Não existe,Incompleta,Seca,Mal conservada,Não existe,R-6b,60.0,Dupla,Faixa seccionada,Não informado,2021,11,24,2,15.0
2021-11-24,18:22:00,COM VÍTIMA,FINALIZADA,MADALENA,AV CAXANGA,Não informado,PROX A LOJA DE CREDITOS BMG,MADALENA,CIDADE,ATROPELAMENTO DE PESSOA,Não informado,0.0,1.0,0.0,0.0,1.0,0.0,0.0,0.0,0.0,1.0,0.0,Longo da via,Bom,Sem defeito,Perfeito estado,Seca,Perfeito estado,Faixa de retenção,Não informado,60.0,Única,Faixa contínua,Não informado,2021,11,24,2,18.0
2021-11-24,18:45:00,COM VÍTIMA,FINALIZADA,BONGI,RUA DELMIRO GOUVEIA,RUA QUINZE DE MARCO,E/F A CHESF,BONGI,CIDADE,COLISÃO TRANSVERSAL,Não informado,1.0,1.0,0.0,0.0,0.0,0.0,0.0,0.0,0.0,1.0,0.0,Cruzamento,Bom,Não existe,Não existente,Seca,Mal conservada,Não informado,Não há placas,40.0,Dupla,Não existe,Não informado,2021,11,24,2,18.0
2021-11-25,08:39:00,COM VÍTIMA,FINALIZADA,VÁRZEA,AV CAXANGA,Não informado,E/F AO GOLF CLUB,VÁRZEA,CIDADE,CHOQUE,Não informado,0.0,1.0,0.0,0.0,0.0,0.0,0.0,0.0,0.0,1.0,0.0,Longo da via,Bom,Não existe,Perfeito estado,Seca,Perfeito estado,Não existe,R-6a,60.0,Dupla,Faixa contínua,Não informado,2021,11,25,3,8.0
2021-11-25,09:12:00,COM VÍTIMA,FINALIZADA,VÁRZEA,AV CAXANGA,Não informado,EM FRENTE AO GOLF CLUBE,VÁRZEA,SUBURBIO,COLISÃO COM CICLISTA,Não informado,0.0,1.0,0.0,1.0,0.0,0.0,0.0,0.0,0.0,1.0,0.0,Longo da via,Bom,Não existe,Perfeito estado,Seca,Perfeito estado,Não existe,Outras,60.0,Dupla,Faixa contínua,Não informado,2021,11,25,3,9.0
2021-11-25,16:03:00,COM VÍTIMA,FINALIZADA,PINA,AV BRASILIA FORMOSA,Não informado,ESCOLA PENA AZUL,PINA,SUBURBIO,COLISÃO FRONTAL,Não informado,1.0,1.0,0.0,0.0,0.0,0.0,0.0,0.0,0.0,1.0,0.0,Longo da via,Bom,Não existe,Perfeito estado,Seca,Perfeito estado,Outros,Outras,60.0,Dupla,Faixa seccionada,Não informado,2021,11,25,3,16.0
2021-11-25,16:33:00,COM VÍTIMA,FINALIZADA,SANTO AMARO,AV VISCONDE DE SUASSUNA,RUA DO HOSPICIO,AO LADO DA CAIXA ECONOMICA FEDERAL,SANTO AMARO,SUBURBIO,COLISÃO FRONTAL,Não informado,0.0,1.0,0.0,0.0,0.0,0.0,0.0,0.0,1.0,1.0,0.0,Cruzamento,Bom,Sem defeito,Perfeito estado,Seca,Perfeito estado,Faixa de pedestre,R-6a,40.0,Única,Faixa seccionada,Não informado,2021,11,25,3,16.0
2021-11-25,16:34:00,COM VÍTIMA,FINALIZADA,TAMARINEIRA,AV NORTE MIGUEL ARRAES DE ALENCAR,Não informado,E/F AO HOTEL NEXOS S/T CID  VT 26 NO LOCAL,TAMARINEIRA,Não informado,CAPOTAMENTO,Não informado,1.0,0.0,0.0,0.0,0.0,0.0,0.0,0.0,0.0,1.0,0.0,Longo da via,Bom,Não existe,Perfeito estado,Seca,Perfeito estado,Não existe,Não há placas,60.0,Única,Faixa seccionada,Não informado,2021,11,25,3,16.0
2021-11-25,18:13:00,SEM VÍTIMA,CANCELADA,CABANGA,AV SATURNINO DE BRITO,Não informado,PRÓX A COMPESA E LOMBADA ELETRONICA DE 60,CABANGA,Não informado,COLISÃO LATERAL,Não informado,1.0,0.0,0.0,0.0,0.0,0.0,1.0,0.0,0.0,0.0,0.0,Não informado,Não informado,Não informado,Não informado,Não informado,Não informado,Não informado,Não informado,60.0,Não informado,Não informado,Não informado,2021,11,25,3,18.0
2021-11-25,19:05:00,COM VÍTIMA,FINALIZADA,BOA VISTA,AV GOVERNADOR AGAMENON MAGALHAES,RUA HENRIQUE DIAS,SEMAFORO 068 / FARMACIA PAGUE MENOS,BOA VISTA,Não informado,COLISÃO TRASEIRA,Não informado,1.0,1.0,0.0,0.0,0.0,0.0,0.0,0.0,0.0,1.0,0.0,Não informado,Não informado,Não informado,Não informado,Não informado,Não informado,Não informado,Não informado,60.0,Não informado,Não informado,Não informado,2021,11,25,3,19.0
2021-11-25,19:32:00,COM VÍTIMA,FINALIZADA,AREIAS,AV RECIFE,Não informado,EM FRENTE AO NÚMERO 53,AREIAS,CIDADE,COLISÃO TRASEIRA,Não informado,2.0,0.0,0.0,0.0,0.0,0.0,0.0,0.0,0.0,1.0,0.0,Longo da via,Bom,Não existe,Perfeito estado,Seca,Perfeito estado,Não informado,Não informado,60.0,Dupla,Faixa seccionada,Não informado,2021,11,25,3,19.0
2021-11-25,21:10:40,COM VÍTIMA,FINALIZADA,BOA VISTA,RUA MIGUEL COUTO,AV GOVERNADOR CARLOS DE LIMA CAVALCANTI,AO LADO DO NÚMERO 203,BOA VISTA,CIDADE,COLISÃO FRONTAL,Não informado,0.0,0.0,0.0,0.0,0.0,0.0,0.0,0.0,0.0,1.0,0.0,Esquina,Bom,Não existe,Incompleta,Seca,Perfeito estado,Não existe,R-6a,60.0,Dupla,Não existe,Não informado,2021,11,25,3,21.0
2021-11-26,00:35:00,COM VÍTIMA,FINALIZADA,TORRE,RUA JOSE BONIFACIO,Não informado,PRÓXIMO AO POSTO SHELL E CARREFOUR,TORRE,Não informado,COLISÃO TRANSVERSAL,Não informado,2.0,0.0,0.0,0.0,0.0,0.0,0.0,0.0,0.0,1.0,0.0,Não informado,Não informado,Não informado,Não informado,Não informado,Não informado,Não informado,Não informado,60.0,Não informado,Não informado,Não informado,2021,11,26,4,0.0
2021-11-26,06:14:00,SEM VÍTIMA,FINALIZADA,IMBIRIBEIRA,RUA DR TAVARES CORREIA,Não informado,EM FRENTE A ZS AUTOS FILIAL,IMBIRIBEIRA,SUBURBIO,CHOQUE,Não informado,1.0,0.0,0.0,0.0,0.0,0.0,0.0,0.0,0.0,0.0,0.0,Longo da via,Bom,Não existe,Perfeito estado,Seca,Perfeito estado,Não existe,Não há placas,60.0,Dupla,Não existe,Não informado,2021,11,26,4,6.0
2021-11-26,07:05:00,COM VÍTIMA,FINALIZADA,MADALENA,AV VISCONDE DE ALBUQUERQUE,Não informado,EM FRENTE A GALERIA MADALENA CENTER,MADALENA,ÚNICO,COLISÃO TRANSVERSAL,Não informado,1.0,1.0,0.0,0.0,0.0,0.0,0.0,0.0,0.0,2.0,0.0,Longo da via,Bom,Não existe,Perfeito estado,Seca,Perfeito estado,Não existe,R-24a,60.0,Única,Faixa contínua,Não informado,2021,11,26,4,7.0
2021-11-26,07:41:00,COM VÍTIMA,FINALIZADA,APIPUCOS,AV DEZESSETE DE AGOSTO,Não informado,EM FRENTE AO PARQUE DE APIPUCOS,APIPUCOS,CIDADE,COLISÃO TRASEIRA,Não informado,1.0,1.0,0.0,0.0,0.0,0.0,0.0,0.0,0.0,1.0,0.0,Longo da via,Bom,Sem defeito,Perfeito estado,Seca,Perfeito estado,Não existe,R-6a,60.0,Dupla,Faixa contínua,Não informado,2021,11,26,4,7.0
2021-11-26,08:05:00,COM VÍTIMA,FINALIZADA,CASA AMARELA,AV NORTE MIGUEL ARRAES DE ALENCAR,RUA SOARES MORENO,LADO OPOSTO AO MOTEL NEXUS,CASA AMARELA,CIDADE,COLISÃO TRASEIRA,Não informado,1.0,1.0,0.0,0.0,0.0,0.0,0.0,0.0,0.0,1.0,0.0,Longo da via,Bom,Não existe,Perfeito estado,Seca,Perfeito estado,Não existe,Outras,60.0,Única,Faixa seccionada,Não informado,2021,11,26,4,8.0
2021-11-26,09:53:00,COM VÍTIMA,FINALIZADA,PORTO DA MADEIRA,RUA DALVA DE OLIVEIRA,Não informado,EM FRENTE AO SEST Q SENAT,PORTO DA MADEIRA,SUBURBIO,COLISÃO TRANSVERSAL,Não informado,0.0,0.0,0.0,0.0,0.0,0.0,0.0,0.0,0.0,1.0,0.0,Longo da via,Bom,Não existe,Perfeito estado,Seca,Perfeito estado,Não existe,Não há placas,30.0,Dupla,Faixa contínua,Não informado,2021,11,26,4,9.0
2021-11-26,16:20:00,SEM VÍTIMA,FINALIZADA,IPUTINGA,RUA PROFESSOR JULIO OLIVEIRA,Não informado,PARAQUIMICA IND. COM. E DISTRIBUIDORA,IPUTINGA,CIDADE,Não informado,Não informado,1.0,0.0,0.0,0.0,0.0,0.0,0.0,0.0,0.0,0.0,0.0,Longo da via,Bom,Não existe,Perfeito estado,Seca,Perfeito estado,Não existe,"Placas ""Pare""",60.0,Única,Faixa contínua,Não informado,2021,11,26,4,16.0
2021-11-26,20:03:00,COM VÍTIMA,FINALIZADA,SAN MARTIN,AV GENERAL SAN MARTIN,RUA FLORA RICA,PRÓXIMO A ESCOLA ADVENTISTA,SAN MARTIN,CIDADE,COLISÃO TRANSVERSAL,Não informado,1.0,1.0,0.0,0.0,0.0,0.0,0.0,0.0,0.0,1.0,0.0,Cruzamento,Bom,Não existe,Perfeito estado,Seca,Perfeito estado,Não existe,Outras,60.0,Dupla,Faixa contínua,Não informado,2021,11,26,4,20.0
2021-11-26,21:39:40,COM VÍTIMA,FINALIZADA,CORDEIRO,EST DO FORTE DO ARRAIAL N. DO B. JESUS,Não informado,E/F A PRAÇA DO QUINZE,CORDEIRO,Não informado,COLISÃO FRONTAL,Não informado,2.0,0.0,0.0,0.0,0.0,0.0,0.0,0.0,0.0,1.0,0.0,Longo da via,Bom,Não existe,Perfeito estado,Seca,Perfeito estado,Não informado,Não há placas,60.0,Dupla,Faixa contínua,Não informado,2021,11,26,4,21.0
2021-11-27,01:05:00,COM VÍTIMA,FINALIZADA,ESPINHEIRO,RUA DO ESPINHEIRO,RUA SANTO ELIAS,CRUZAMENTO,ESPINHEIRO,SUBURBIO,COLISÃO TRANSVERSAL,Não informado,0.0,2.0,0.0,0.0,0.0,0.0,0.0,0.0,0.0,1.0,0.0,Cruzamento,Bom,Não existe,Não informado,Seca,Perfeito estado,Faixa de pedestre,"Placas ""Pare""",60.0,Dupla,Não existe,Não informado,2021,11,27,5,1.0
2021-11-27,06:24:00,COM VÍTIMA,FINALIZADA,ENCRUZILHADA,AV BEBERIBE,Não informado,SOB O SEMÁFORO 186,ENCRUZILHADA,CIDADE,ATROPELAMENTO DE PESSOA,Não informado,1.0,0.0,0.0,0.0,1.0,0.0,0.0,0.0,0.0,1.0,0.0,Longo da via,Bom,Sem defeito,Perfeito estado,Seca,Perfeito estado,Faixa de pedestre,Não há placas,60.0,Dupla,Canteiro central,Não informado,2021,11,27,5,6.0
2021-11-27,06:29:00,COM VÍTIMA,FINALIZADA,IMBIRIBEIRA,AV PROJETADA,RUA FRAGATAS,LADO OPOSTO AO AEROPORTO / SENTIDO AFOGADOS // VIA LOCAL,IMBIRIBEIRA,CIDADE,CHOQUE,Não informado,1.0,0.0,0.0,0.0,0.0,0.0,1.0,0.0,0.0,1.0,0.0,Longo da via,Bom,Não existe,Não existente,Seca,Perfeito estado,Não existe,Não há placas,60.0,Única,Faixa seccionada,Não informado,2021,11,27,5,6.0
2021-11-27,12:15:00,COM VÍTIMA,FINALIZADA,TORRÕES,AV GOVERNADOR AGAMENON MAGALHAES,RUA PADRE MIGUELINHO,EDIFICIO TERESA DIAS,TORRÕES,SUBURBIO,COLISÃO TRANSVERSAL,Não informado,1.0,1.0,0.0,0.0,0.0,0.0,0.0,0.0,0.0,1.0,0.0,Longo da via,Bom,Não existe,Perfeito estado,Seca,Perfeito estado,Não existe,"Placas ""Pare""",60.0,Única,Faixa seccionada,Não informado,2021,11,27,5,12.0
2021-11-27,13:28:00,SEM VÍTIMA,FINALIZADA,SÃO JOSÉ,C SANTA RITA,Não informado,PRÓX AO ARMAZÉM CORAL,SÃO JOSÉ,Não informado,COLISÃO FRONTAL,Não informado,1.0,0.0,0.0,0.0,0.0,0.0,0.0,1.0,0.0,0.0,0.0,Não informado,Não informado,Não informado,Não informado,Não informado,Não informado,Não informado,Não informado,60.0,Não informado,Não informado,Não informado,2021,11,27,5,13.0
2021-11-27,17:15:00,COM VÍTIMA,FINALIZADA,PINA,AV BOA VIAGEM,Não informado,Não informado,PINA,Não informado,COLISÃO TRANSVERSAL,Não informado,1.0,1.0,0.0,0.0,0.0,0.0,0.0,0.0,0.0,1.0,0.0,Não informado,Não informado,Não informado,Não informado,Não informado,Não informado,Não informado,Não informado,60.0,Não informado,Não informado,Não informado,2021,11,27,5,17.0
2021-11-28,11:30:00,COM VÍTIMA,FINALIZADA,SANTO AMARO,RUA DOS PALMARES,Não informado,PRÓXIMO AO COMANDO DA GUARDA DO RECIFE,SANTO AMARO,CIDADE,ATROPELAMENTO DE PESSOA,Não informado,1.0,0.0,0.0,0.0,1.0,0.0,0.0,0.0,0.0,1.0,0.0,Longo da via,Bom,Não existe,Perfeito estado,Seca,Perfeito estado,Não existe,Não há placas,60.0,Dupla,Canteiro central,Não informado,2021,11,28,6,11.0
2021-11-28,13:10:00,COM VÍTIMA,CANCELADA,AREIAS,AV RECIFE,Não informado,APOS O ATACADÃO S/T AEROPORTO,AREIAS,Não informado,COLISÃO FRONTAL,Não informado,2.0,0.0,0.0,0.0,0.0,0.0,0.0,0.0,0.0,1.0,0.0,Não informado,Não informado,Não informado,Não informado,Não informado,Não informado,Não informado,Não informado,60.0,Não informado,Não informado,Não informado,2021,11,28,6,13.0
2021-11-28,13:35:00,COM VÍTIMA,CANCELADA,CAXANGÁ,AV JOAQUIM RIBEIRO,Não informado,APÓS A UPA DA CAXANGA,CAXANGÁ,Não informado,COLISÃO TRASEIRA,Não informado,1.0,1.0,0.0,0.0,0.0,0.0,0.0,0.0,0.0,2.0,0.0,Não informado,Não informado,Não informado,Não informado,Não informado,Não informado,Não informado,Não informado,60.0,Não informado,Não informado,Não informado,2021,11,28,6,13.0
2021-11-28,18:31:00,COM VÍTIMA,CANCELADA,MACAXEIRA,RUA MARIA AMALIA,Não informado,PRÓX AO CAMPO DA UNIÃO,MACAXEIRA,Não informado,COLISÃO FRONTAL,Não informado,0.0,0.0,0.0,0.0,0.0,0.0,0.0,0.0,0.0,1.0,0.0,Não informado,Não informado,Não informado,Não informado,Não informado,Não informado,Não informado,Não informado,60.0,Não informado,Não informado,Não informado,2021,11,28,6,18.0
2021-11-28,19:14:00,COM VÍTIMA,FINALIZADA,VÁRZEA,AV AFONSO OLINDENSE,Não informado,E/F A ASSEMBLEIA DE DEUS,VÁRZEA,SUBURBIO,COLISÃO TRANSVERSAL,Não informado,1.0,1.0,0.0,0.0,0.0,0.0,0.0,0.0,0.0,1.0,0.0,Longo da via,Bom,Não existe,Não informado,Seca,Perfeito estado,Não existe,Outras,60.0,Dupla,Faixa contínua,Não informado,2021,11,28,6,19.0
2021-11-28,20:27:00,COM VÍTIMA,FINALIZADA,IBURA,AV DOIS RIOS,Não informado,DESCIDA LADEIRA DA COHAB,IBURA,CIDADE,COLISÃO TRANSVERSAL,Não informado,1.0,1.0,0.0,0.0,0.0,0.0,0.0,0.0,0.0,2.0,0.0,Longo da via,Bom,Não existe,Perfeito estado,Seca,Perfeito estado,Não existe,Outras,60.0,Dupla,Não existe,Não informado,2021,11,28,6,20.0
2021-11-28,21:31:40,SEM VÍTIMA,FINALIZADA,CAXANGÁ,RUA DOUTOR DUSTAN DE CARVALHO SOARES,Não informado,PRÓX AO HOTEL TURQUESA,CAXANGÁ,Não informado,ENGAVETAMENTO,Não informado,0.0,0.0,0.0,0.0,0.0,0.0,0.0,0.0,0.0,0.0,0.0,Não informado,Não informado,Não informado,Não informado,Não informado,Não informado,Não informado,Não informado,60.0,Não informado,Não informado,Não informado,2021,11,28,6,21.0
2021-11-28,22:11:40,SEM VÍTIMA,CANCELADA,ARRUDA,RUA DA REGENERACAO,RUA DO MACHADO,PRÓX AO CLUBE DOS IRRESPONSÁVEIS,ARRUDA,Não informado,ENGAVETAMENTO,Não informado,3.0,0.0,0.0,0.0,0.0,0.0,0.0,0.0,0.0,0.0,0.0,Não informado,Não informado,Não informado,Não informado,Não informado,Não informado,Não informado,Não informado,60.0,Não informado,Não informado,Não informado,2021,11,28,6,22.0
2021-11-29,00:04:00,SEM VÍTIMA,CANCELADA,IPUTINGA,RUA EMILIANO BRAGA,Não informado,AO LADO DA INTEGRAÇÃO CDU,IPUTINGA,Não informado,COLISÃO LATERAL,Não informado,3.0,0.0,0.0,0.0,0.0,0.0,0.0,0.0,0.0,0.0,0.0,Não informado,Não informado,Não informado,Não informado,Não informado,Não informado,Não informado,Não informado,60.0,Não informado,Não informado,Não informado,2021,11,29,0,0.0
2021-11-29,10:12:00,COM VÍTIMA,FINALIZADA,ESPINHEIRO,RUA QUARENTA E OITO,RUA DA HORA,E/F AO LABORATÓRIO CERPE,ESPINHEIRO,CIDADE,COLISÃO FRONTAL,Não informado,1.0,1.0,0.0,0.0,0.0,0.0,0.0,0.0,0.0,2.0,0.0,Cruzamento,Bom,Sem defeito,Perfeito estado,Seca,Perfeito estado,Faixa de pedestre,Outras,60.0,Única,Faixa seccionada,Não informado,2021,11,29,0,10.0
2021-11-29,10:17:00,COM VÍTIMA,FINALIZADA,CABANGA,AV ANTONIO DE GOES,Não informado,AO LADO DO CABANGA IAT CLUBE,CABANGA,CIDADE,QUEDA,Não informado,0.0,1.0,0.0,0.0,0.0,0.0,0.0,0.0,0.0,1.0,0.0,Longo da via,Bom,Não existe,Não existente,Seca,Perfeito estado,Não existe,Não há placas,60.0,Não informado,Não informado,Não informado,2021,11,29,0,10.0
2021-11-29,12:35:00,COM VÍTIMA,FINALIZADA,CABANGA,PRC GOVERNADOR PAULO GUERRA,Não informado,AO LADO DO CABANGA IAT CLUBE,CABANGA,CIDADE,CHOQUE,Não informado,0.0,1.0,0.0,0.0,0.0,0.0,0.0,0.0,0.0,1.0,0.0,Longo da via,Bom,Não existe,Perfeito estado,Seca,Perfeito estado,Não existe,Outras,60.0,Dupla,Faixa contínua,Não informado,2021,11,29,0,12.0
2021-11-29,13:12:00,COM VÍTIMA,FINALIZADA,BARRO,AV DR JOSE RUFINO,Não informado,LADO OPOSTO A GILBERTO EQUIPADORA,BARRO,Não informado,COLISÃO TRASEIRA,Não informado,1.0,1.0,0.0,0.0,0.0,1.0,0.0,0.0,0.0,1.0,0.0,Longo da via,Bom,Não existe,Perfeito estado,Seca,Perfeito estado,Não existe,Não há placas,60.0,Dupla,Faixa contínua,Não informado,2021,11,29,0,13.0
2021-11-29,15:01:00,COM VÍTIMA,FINALIZADA,AFLITOS,AV SANTOS DUMONT,RUA CARNEIRO VILELA,EM FRENTE AO EDIFICIO MONTE NEGRO,AFLITOS,SUBURBIO,CHOQUE,Não informado,1.0,0.0,0.0,0.0,0.0,0.0,0.0,0.0,0.0,1.0,0.0,Longo da via,Bom,Não existe,Perfeito estado,Seca,Perfeito estado,Não existe,R-6a,60.0,Única,Não existe,Não informado,2021,11,29,0,15.0
2021-11-29,18:20:00,COM VÍTIMA,FINALIZADA,ÁGUA FRIA,AV BEBERIBE,RUA RAMIZ GALVAO,CRUZAMENTO DO EMÁFORO N° 492,ÁGUA FRIA,SUBURBIO,COLISÃO FRONTAL,Não informado,1.0,1.0,0.0,0.0,0.0,0.0,0.0,0.0,0.0,1.0,0.0,Cruzamento,Bom,Sem defeito,Perfeito estado,Seca,Perfeito estado,Faixa de pedestre,Não há placas,60.0,Dupla,Faixa contínua,Não informado,2021,11,29,0,18.0
2021-11-29,18:45:00,COM VÍTIMA,FINALIZADA,IMBIRIBEIRA,RUA JAMAICA,Não informado,PROX A BS BLINDAGEM,IMBIRIBEIRA,Não informado,COLISÃO LATERAL,Não informado,2.0,1.0,0.0,0.0,0.0,0.0,0.0,0.0,0.0,1.0,0.0,Não informado,Não informado,Não informado,Não informado,Não informado,Não informado,Não informado,Não informado,60.0,Não informado,Não informado,Não informado,2021,11,29,0,18.0
2021-11-29,20:26:00,COM VÍTIMA,FINALIZADA,TAMARINEIRA,RUA PADRE ROMA,Não informado,EM FRENTE A POLICLINICA ALBERT SABIN,TAMARINEIRA,SUBURBIO,COLISÃO TRANSVERSAL,Não informado,0.0,2.0,0.0,0.0,0.0,0.0,0.0,0.0,0.0,1.0,0.0,Longo da via,Bom,Não existe,Perfeito estado,Seca,Perfeito estado,Não existe,Outras,60.0,Dupla,Faixa seccionada,Não informado,2021,11,29,0,20.0
2021-11-30,06:52:00,OUTROS,FINALIZADA,GRAÇAS,AV DR MALAQUIAS,Não informado,Não informado,GRAÇAS,Não informado,OUTROS,Não informado,0.0,0.0,0.0,0.0,0.0,0.0,1.0,0.0,0.0,0.0,0.0,Não informado,Não informado,Não informado,Não informado,Não informado,Não informado,Não informado,Não informado,60.0,Não informado,Não informado,Não informado,2021,11,30,1,6.0