data,hora,natureza_acidente,situacao,bairro,endereco,detalhe_endereco_acidente,complemento,bairro_cruzamento,sentido_via,tipo,descricao,auto,moto,ciclom,ciclista,pedestre,onibus,caminhao,viatura,outros,vitimas,vitimasfatais,acidente_verificado,tempo_clima,situacao_semaforo,sinalizacao,condicao_via,conservacao_via,ponto_controle,situacao_placa,velocidade_max_via,mao_direcao,divisao_via1,natureza,ano,mes,dia,dia_semana,hora_ocorrencia
2021-11-30,10:02:00,COM VÍTIMA,FINALIZADA,BOA VISTA,RUA JOAO FERNANDES VIEIRA,RUA JOAO FERNANDES VIEIRA,EM FRENTE AO AMERICANO BATISTA,BOA VISTA,CIDADE,COLISÃO FRONTAL,Não informado,0.0,2.0,0.0,0.0,0.0,0.0,0.0,0.0,0.0,2.0,0.0,Longo da via,Bom,Sem defeito,Perfeito estado,Seca,Perfeito estado,Faixa de pedestre,Não há placas,40.0,Única,Faixa seccionada,Não informado,2021,11,30,1,10.0
2021-11-30,13:20:00,COM VÍTIMA,FINALIZADA,BOA VISTA,AV GOVERNADOR AGAMENON MAGALHAES,Não informado,EM FRENTE AO CÍRCULO MILITAR,BOA VISTA,CIDADE,COLISÃO TRANSVERSAL,Não informado,1.0,1.0,0.0,0.0,0.0,0.0,0.0,0.0,0.0,1.0,0.0,Longo da via,Bom,Não existe,Perfeito estado,Seca,Perfeito estado,Não existe,Não há placas,60.0,Única,Canteiro central,Não informado,2021,11,30,1,13.0
2021-11-30,14:15:00,COM VÍTIMA,FINALIZADA,IPUTINGA,RUA DR JOSE ANASTACIO DA SILVA GUIMARAES,Não informado,EM FRENTE AO N° 330,IPUTINGA,CIDADE,COLISÃO FRONTAL,Não informado,1.0,1.0,0.0,0.0,0.0,0.0,0.0,0.0,0.0,1.0,0.0,Longo da via,Bom,Não existe,Não existente,Seca,Perfeito estado,Não existe,Não há placas,60.0,Dupla,Não existe,Não informado,2021,11,30,1,14.0
2021-11-30,15:49:00,COM VÍTIMA,FINALIZADA,CAMPO GRANDE,EST DE BELEM,RUA TENENTE GUIMARAES,MERCADINHO TRÊS CORAÇÕES,CAMPO GRANDE,CIDADE,COLISÃO FRONTAL,Não informado,1.0,1.0,0.0,0.0,0.0,0.0,0.0,0.0,0.0,1.0,0.0,Longo da via,Bom,Não existe,Perfeito estado,Seca,Perfeito estado,Não existe,R-6a,60.0,Dupla,Faixa contínua,Não informado,2021,11,30,1,15.0
2021-11-30,15:57:00,COM VÍTIMA,FINALIZADA,CASA AMARELA,AV NORTE MIGUEL ARRAES DE ALENCAR,Não informado,LADO OPOSTO A AGÊNCIA DE EMPREGO DO RECIFE,CASA AMARELA,CIDADE,ATROPELAMENTO DE PESSOA,Não informado,0.0,1.0,0.0,0.0,1.0,0.0,0.0,0.0,0.0,1.0,0.0,Longo da via,Bom,Não existe,Perfeito estado,Seca,Perfeito estado,Não existe,R-6a,60.0,Dupla,Canteiro central,Não informado,2021,11,30,1,15.0
2021-11-30,16:04:00,SEM VÍTIMA,FINALIZADA,MADALENA,TUNEL CHICO SCIENCE,Não informado,SOB O TUNEL CHICO SCIENCE,MADALENA,Não informado,COLISÃO TRASEIRA,Não informado,2.0,0.0,0.0,0.0,0.0,0.0,0.0,0.0,0.0,0.0,0.0,Longo da via,Bom,Não existe,Não existente,Seca,Perfeito estado,Não existe,Não há placas,60.0,Única,Faixa contínua,Não informado,2021,11,30,1,16.0
2021-11-30,18:05:00,SEM VÍTIMA,CANCELADA,ESTÂNCIA,AV RECIFE,AV JOAO CABRAL DE MELO NETO,SEMÁFORO 259 / PRÓX A CERPE,ESTÂNCIA,Não informado,CHOQUE,Não informado,0.0,0.0,0.0,0.0,0.0,0.0,0.0,0.0,0.0,0.0,0.0,Não informado,Não informado,Não informado,Não informado,Não informado,Não informado,Não informado,Não informado,60.0,Não informado,Não informado,Não informado,2021,11,30,1,18.0
2021-11-30,19:06:00,COM VÍTIMA,FINALIZADA,VÁRZEA,AV PROFESSOR ARTUR DE SA,Não informado,E/F A GALERIA PRAZERES CENTER,VÁRZEA,SUBURBIO,COLISÃO TRANSVERSAL,Não informado,0.0,0.0,0.0,0.0,0.0,0.0,0.0,0.0,0.0,2.0,0.0,Longo da via,Bom,Não existe,Perfeito estado,Seca,Perfeito estado,Faixa de pedestre,Não há placas,60.0,Dupla,Não informado,Não informado,2021,11,30,1,19.0
2021-12-01,06:31:00,COM VÍTIMA,FINALIZADA,DOIS IRMÃOS,RUA MANUEL DE MEDEIROS,Não informado,EM FRENTE A RESIDÊNCIA ESTUDANTIL,DOIS IRMÃOS,SUBURBIO,COLISÃO FRONTAL,Não informado,0.0,2.0,0.0,0.0,0.0,0.0,0.0,0.0,0.0,2.0,0.0,Longo da via,Bom,Não existe,Perfeito estado,Seca,Perfeito estado,Outros,Outras,60.0,Dupla,Faixa seccionada,Não informado,2021,12,1,2,6.0
2021-12-01,07:55:00,COM VÍTIMA,FINALIZADA,ZUMBI,RUA CONS THEODORO,Não informado,EM FRENTE A IGREJA ASSEMBLEIA DE DEUS,ZUMBI,CAXANGÁ,COLISÃO FRONTAL,Não informado,2.0,0.0,0.0,0.0,0.0,0.0,0.0,0.0,0.0,1.0,0.0,Longo da via,Bom,Não existe,Perfeito estado,Seca,Perfeito estado,Não existe,Não há placas,60.0,Dupla,Faixa seccionada,Não informado,2021,12,1,2,7.0
2021-12-01,08:50:00,COM VÍTIMA,FINALIZADA,BEBERIBE,AV BEBERIBE,RUA CORTES,EM FRENTE AO COLEGIO 90 GRAUS,BEBERIBE,SUBURBIO,COLISÃO TRANSVERSAL,Não informado,1.0,1.0,0.0,0.0,0.0,0.0,0.0,0.0,0.0,1.0,0.0,Esquina,Bom,Sem defeito,Perfeito estado,Seca,Mal conservada,Faixa de retenção,Outras,60.0,Dupla,Faixa contínua,Não informado,2021,12,1,2,8.0
2021-12-01,09:16:00,COM VÍTIMA,FINALIZADA,AFOGADOS,RUA COSME VIANA,RUA PADRE TEOFILO TWORZ,EM FRENTE A LOJA DA TUPAN,AFOGADOS,SUBURBIO,COLISÃO TRANSVERSAL,Não informado,1.0,1.0,0.0,0.0,0.0,0.0,0.0,0.0,0.0,1.0,0.0,Cruzamento,Bom,Sem defeito,Incompleta,Seca,Perfeito estado,Faixa de pedestre,R-32,60.0,Única,Faixa contínua,Não informado,2021,12,1,2,9.0
2021-11-04,10:00:00,COM VÍTIMA,FINALIZADA,MADALENA,RUA BENFICA,Não informado,EM FRENTE AO SUPERMERCADO EXTRA,MADALENA,CIDADE,COLISÃO LATERAL,Não informado,0.0,2.0,0.0,0.0,0.0,0.0,0.0,0.0,0.0,2.0,0.0,Longo da via,Bom,Sem defeito,Perfeito estado,Seca,Perfeito estado,Não informado,Não há placas,60.0,Única,Faixa seccionada,Não informado,2021,11,4,3,10.0
2021-12-01,18:19:00,COM VÍTIMA,FINALIZADA,CASA AMARELA,EST DO ARRAIAL,RUA DA HARMONIA,EM FRENTE AO PRÉDIO DA PREVIDÊNCIA SOCIAL,CASA AMARELA,Não informado,ATROPELAMENTO DE PESSOA,Não informado,0.0,1.0,0.0,0.0,1.0,0.0,0.0,0.0,0.0,2.0,0.0,Cruzamento,Bom,Sem defeito,Perfeito estado,Seca,Perfeito estado,Faixa de pedestre,Não há placas,60.0,Dupla,Faixa contínua,Não informado,2021,12,1,2,18.0
2021-12-01,22:43:40,SEM VÍTIMA,FINALIZADA,PRADO,RUA CARLOS GOMES,Não informado,SOBRE A PONTE ( CANAL),PRADO,CIDADE,COLISÃO TRANSVERSAL,Não informado,1.0,1.0,0.0,0.0,0.0,0.0,0.0,0.0,0.0,0.0,0.0,Cruzamento,Bom,Não existe,Perfeito estado,Molhada,Perfeito estado,Não existe,Outras,60.0,Única,Faixa seccionada,Não informado,2021,12,1,2,22.0
2021-12-01,23:14:40,COM VÍTIMA,FINALIZADA,PARNAMIRIM,RUA JOAO TUDE DE MELO,RUA ABELARDO CARNEIRO LEAO,PROX AO GUAIAMUM GIGANTE,PARNAMIRIM,SUBURBIO,CHOQUE,Não informado,0.0,0.0,0.0,0.0,0.0,0.0,0.0,1.0,0.0,2.0,0.0,Viaduto,Bom,Não existe,Perfeito estado,Seca,Perfeito estado,Não existe,Não há placas,60.0,Única,Faixa seccionada,Não informado,2021,12,1,2,23.0
2021-12-02,14:40:00,SEM VÍTIMA,FINALIZADA,AFOGADOS,RUA IMPERIAL,RUA DA PAZ,PONTE SOBRE BRAÇO DO RIO CAPIBARIBE,AFOGADOS,SUBURBIO,Não informado,Não informado,1.0,1.0,0.0,0.0,0.0,0.0,0.0,1.0,0.0,0.0,0.0,Longo da via,Bom,Não existe,Perfeito estado,Seca,Perfeito estado,Não existe,Não há placas,40.0,Única,Não existe,Não informado,2021,12,2,3,14.0
2021-12-02,16:18:00,COM VÍTIMA,FINALIZADA,IMBIRIBEIRA,RUA ITAJAI,RUA ITACARI,Não informado,IMBIRIBEIRA,SUBURBIO,COLISÃO FRONTAL,Não informado,1.0,1.0,0.0,0.0,0.0,0.0,0.0,0.0,0.0,1.0,0.0,Longo da via,Bom,Não existe,Perfeito estado,Seca,Perfeito estado,Não existe,Não há placas,60.0,Dupla,Faixa contínua,Não informado,2021,12,2,3,16.0
2021-12-02,16:27:00,COM VÍTIMA,FINALIZADA,ESPINHEIRO,RUA CONS PORTELA,RUA CARNEIRO VILELA,LADO OPOSTO AO ESTACIONAMENTO DO BANCO ITAU,ESPINHEIRO,SUBURBIO,COLISÃO FRONTAL,Não informado,1.0,1.0,0.0,0.0,0.0,0.0,0.0,0.0,0.0,1.0,0.0,Longo da via,Bom,Não existe,Perfeito estado,Seca,Perfeito estado,Não existe,Não há placas,60.0,Única,Faixa seccionada,Não informado,2021,12,2,3,16.0
2021-12-02,19:20:00,COM VÍTIMA,FINALIZADA,SANTO AMARO,RUA DOS PALMARES,RUA MAJOR CODECEIRA,E/F AO POSTO DE SAÚDE JULIÃO - PRÓXIMO AO PROCAP,SANTO AMARO,SUBURBIO,COLISÃO LATERAL,Não informado,1.0,1.0,0.0,0.0,0.0,0.0,0.0,0.0,0.0,2.0,0.0,Cruzamento,Bom,Não existe,Perfeito estado,Seca,Perfeito estado,Não existe,Outras,60.0,Única,Não informado,Não informado,2021,12,2,3,19.0
2021-12-02,20:37:40,SEM VÍTIMA,FINALIZADA,IPSEP,AV RECIFE,RUA PINTOR ANTONIO ALBUQUERQUE,POSTO SHELL,IPSEP,SUBURBIO,Não informado,Não informado,1.0,2.0,0.0,0.0,0.0,0.0,0.0,0.0,0.0,0.0,0.0,Cruzamento,Bom,Sem defeito,Perfeito estado,Seca,Perfeito estado,Faixa de pedestre,Outras,60.0,Dupla,Canteiro central,Não informado,2021,12,2,3,20.0
2021-12-03,10:27:00,SEM VÍTIMA,FINALIZADA,BOA VIAGEM,RUA WALDEMAR NERY CARNEIRO MONTEIRO,RUA SIDERAL,EM FRENTE AO CAPS,BOA VIAGEM,Não informado,Não informado,Não informado,2.0,0.0,0.0,0.0,0.0,0.0,0.0,0.0,0.0,0.0,0.0,Não informado,Não informado,Não informado,Não informado,Não informado,Não informado,Não informado,Não informado,60.0,Não informado,Não informado,Não informado,2021,12,3,4,10.0
2021-12-03,10:36:00,COM VÍTIMA,FINALIZADA,CASA AMARELA,RUA PADRE LEMOS,Não informado,EM FRENTE A CASA PIO AO LADO DO SUPERMERCADO CANELA,CASA AMARELA,SUBURBIO,COLISÃO LATERAL,Não informado,0.0,1.0,0.0,0.0,0.0,1.0,0.0,0.0,0.0,2.0,0.0,Longo da via,Bom,Não existe,Perfeito estado,Seca,Mal conservada,Não existe,Outras,30.0,Dupla,Não existe,Não informado,2021,12,3,4,10.0
2021-12-03,12:36:00,COM VÍTIMA,FINALIZADA,CASA AMARELA,RUA DA HARMONIA,RUA MAJOR NEREU GUERRA,PRÓX À ESCOLA PADRE MACHADO,CASA AMARELA,CIDADE,COLISÃO LATERAL,Não informado,1.0,1.0,0.0,0.0,0.0,0.0,0.0,0.0,0.0,1.0,0.0,Cruzamento,Bom,Sem defeito,Perfeito estado,Seca,Perfeito estado,Faixa de retenção,Não há placas,40.0,Dupla,Faixa seccionada,Não informado,2021,12,3,4,12.0
2021-12-03,13:06:00,COM VÍTIMA,FINALIZADA,DERBY,RUA JENER DE SOUZA,PRC DO DERBY,PRÓX À PRAÇA JENER DE SOUZA,DERBY,SUBURBIO,COLISÃO LATERAL,Não informado,2.0,0.0,0.0,0.0,0.0,0.0,0.0,0.0,0.0,1.0,0.0,Esquina,Bom,Não existe,Perfeito estado,Seca,Perfeito estado,Outros,Outras,60.0,Dupla,Canteiro central,Não informado,2021,12,3,4,13.0
2021-12-03,14:10:00,SEM VÍTIMA,FINALIZADA,PINA,AV HERCULANO BANDEIRA,Não informado,EM FRENTE A FARMACIA DIARIAMENTE,PINA,SUBURBIO,Não informado,Não informado,1.0,0.0,0.0,0.0,0.0,1.0,0.0,0.0,0.0,0.0,0.0,Longo da via,Bom,Não existe,Perfeito estado,Seca,Perfeito estado,Não existe,Outras,60.0,Única,Não existe,Não informado,2021,12,3,4,14.0
2021-12-03,16:04:00,COM VÍTIMA,FINALIZADA,BOA VISTA,AV GOVERNADOR AGAMENON MAGALHAES,RUA DR LEOPOLDO LINS,PROX A CAIXA ECONOMICA NO SEMAFORO 078  S/T OLINDA,BOA VISTA,OLINDA,COLISÃO TRASEIRA,Não informado,1.0,1.0,0.0,0.0,0.0,1.0,0.0,0.0,0.0,1.0,0.0,Longo da via,Bom,Sem defeito,Perfeito estado,Seca,Perfeito estado,Faixa de pedestre,Outras,60.0,Dupla,Faixa contínua,Não informado,2021,12,3,4,16.0
2021-12-03,17:09:00,COM VÍTIMA,FINALIZADA,TORRE,AV BEIRA RIO,Não informado,PROX AO RESTAURANTE MEIO DO MUNDO,TORRE,SUBURBIO,COLISÃO TRASEIRA,Não informado,1.0,1.0,0.0,0.0,0.0,0.0,0.0,1.0,0.0,2.0,0.0,Longo da via,Bom,Sem defeito,Perfeito estado,Seca,Perfeito estado,Faixa de pedestre,R-6a,60.0,Dupla,Faixa seccionada,Não informado,2021,12,3,4,17.0
2021-12-03,17:28:00,COM VÍTIMA,FINALIZADA,BOA VIAGEM,AV BOA VIAGEM,Não informado,APOS A PADARIA BOA VIAGEM  EDF. ALVARO COSTA,BOA VIAGEM,CIDADE,COLISÃO LATERAL,Não informado,1.0,1.0,0.0,0.0,0.0,0.0,0.0,0.0,0.0,1.0,0.0,Longo da via,Bom,Sem defeito,Perfeito estado,Seca,Perfeito estado,Não existe,Não há placas,60.0,Única,Faixa seccionada,Não informado,2021,12,3,4,17.0
2021-12-03,20:09:00,SEM VÍTIMA,FINALIZADA,CASA AMARELA,AV NORTE MIGUEL ARRAES DE ALENCAR,Não informado,LADO OPOSTO A POLICLÍNICA E MATERNIDADE PROFESSOR BARROS LIMA,CASA AMARELA,SUBURBIO,COLISÃO TRASEIRA,Não informado,2.0,0.0,0.0,0.0,0.0,0.0,0.0,0.0,0.0,0.0,0.0,Longo da via,Bom,Sem defeito,Perfeito estado,Seca,Perfeito estado,Faixa de pedestre,Não há placas,60.0,Dupla,Canteiro central,Não informado,2021,12,3,4,20.0
2021-12-04,00:30:00,SEM VÍTIMA,FINALIZADA,CASA AMARELA,EST DO ENCANAMENTO,Não informado,Não informado,CASA AMARELA,CIDADE,CHOQUE,Não informado,1.0,0.0,0.0,0.0,0.0,0.0,0.0,0.0,0.0,0.0,0.0,Longo da via,Chuvoso,Sem defeito,Perfeito estado,Molhada,Perfeito estado,Faixa de pedestre,"Placas ""Pare""",60.0,Única,Faixa seccionada,Não informado,2021,12,4,5,0.0
2021-12-04,01:03:00,COM VÍTIMA,FINALIZADA,ARRUDA,RUA DA REGENERACAO,AV PROFESSOR JOSE DOS ANJOS,Não informado,ARRUDA,CIDADE,COLISÃO COM CICLISTA,Não informado,1.0,0.0,0.0,1.0,0.0,0.0,0.0,0.0,0.0,1.0,0.0,Longo da via,Bom,Não existe,Não existente,Seca,Perfeito estado,Não existe,Não há placas,60.0,Dupla,Não existe,Não informado,2021,12,4,5,1.0
2021-12-04,04:27:00,COM VÍTIMA,FINALIZADA,CORDEIRO,AV CAXANGA,Não informado,EM FRENTE AO PARQUE DE EXPOSIÇÕES DO CORDEIRO,CORDEIRO,Não informado,CHOQUE,Não informado,1.0,0.0,0.0,0.0,0.0,0.0,0.0,0.0,0.0,2.0,0.0,Longo da via,Bom,Não existe,Perfeito estado,Molhada,Perfeito estado,Não existe,"Placas ""Dê a preferência""",60.0,Dupla,Canteiro central,Não informado,2021,12,4,5,4.0
2021-12-04,08:39:00,COM VÍTIMA,CANCELADA,MANGABEIRA,AV NORTE MIGUEL ARRAES DE ALENCAR,Não informado,AÓS A ENTRADA DA MANGABEIRA,MANGABEIRA,Não informado,COLISÃO LATERAL,Não informado,1.0,1.0,0.0,0.0,0.0,0.0,0.0,0.0,0.0,1.0,0.0,Não informado,Não informado,Não informado,Não informado,Não informado,Não informado,Não informado,Não informado,60.0,Não informado,Não informado,Não informado,2021,12,4,5,8.0
2021-12-04,09:05:00,VÍTIMA FATAL,DUPLICIDADE,DOIS IRMÃOS,RUA MANUEL DE MEDEIROS,Não informado,EM FRENTE À UFRPE,DOIS IRMÃOS,Não informado,COLISÃO LATERAL,Não informado,0.0,0.0,0.0,0.0,0.0,0.0,0.0,0.0,0.0,1.0,1.0,Não informado,Não informado,Não informado,Não informado,Não informado,Não informado,Não informado,Não informado,60.0,Não informado,Não informado,Não informado,2021,12,4,5,9.0
2021-12-04,09:20:00,VÍTIMA FATAL,FINALIZADA,DOIS IRMÃOS,RUA MANUEL DE MEDEIROS,Não informado,EM FRENTE AO BAR DA CURVA,DOIS IRMÃOS,SUBURBIO,COLISÃO TRANSVERSAL,Não informado,0.0,1.0,0.0,0.0,0.0,0.0,1.0,0.0,0.0,0.0,1.0,Longo da via,Bom,Não existe,Perfeito estado,Seca,Mal conservada,Não existe,R-6a,30.0,Dupla,Faixa contínua,Não informado,2021,12,4,5,9.0
2021-12-04,15:14:00,COM VÍTIMA,CANCELADA,TAMARINEIRA,RUA CONEGO BARATA,Não informado,APOS A FERREIRA COSTA  E/F A FARMACIA VT 12 NO LOCAL,TAMARINEIRA,Não informado,COLISÃO FRONTAL,Não informado,1.0,1.0,0.0,0.0,0.0,0.0,0.0,0.0,0.0,1.0,0.0,Não informado,Não informado,Não informado,Não informado,Não informado,Não informado,Não informado,Não informado,60.0,Não informado,Não informado,Não informado,2021,12,4,5,15.0
2021-12-04,15:14:00,COM VÍTIMA,FINALIZADA,BONGI,AV CONSUL VILARES FRAGOSO,Não informado,PROX A CHESF DEPOIS DA CAVALARIA,BONGI,SUBURBIO,COLISÃO TRASEIRA,Não informado,0.0,2.0,0.0,0.0,0.0,0.0,0.0,0.0,0.0,2.0,0.0,Longo da via,Bom,Não existe,Ilegível,Seca,Mal conservada,Não existe,"Placas ""Dê a preferência""",60.0,Dupla,Faixa contínua,Não informado,2021,12,4,5,15.0
2021-12-04,20:41:40,SEM VÍTIMA,CANCELADA,ESTÂNCIA,RUA DES CAPISTRANO DE MORAES E SILVA,Não informado,Não informado,ESTÂNCIA,Não informado,CHOQUE,Não informado,0.0,0.0,0.0,0.0,0.0,0.0,0.0,0.0,0.0,0.0,0.0,Não informado,Não informado,Não informado,Não informado,Não informado,Não informado,Não informado,Não informado,60.0,Não informado,Não informado,Não informado,2021,12,4,5,20.0
2021-12-04,21:22:40,SEM VÍTIMA,FINALIZADA,BOA VIAGEM,RUA DOS NAVEGANTES,Não informado,E/F AO EDF TENERIFE,BOA VIAGEM,Não informado,COLISÃO TRASEIRA,Não informado,0.0,0.0,0.0,0.0,0.0,0.0,0.0,0.0,0.0,0.0,0.0,Não informado,Não informado,Não informado,Não informado,Não informado,Não informado,Não informado,Não informado,60.0,Não informado,Não informado,Não informado,2021,12,4,5,21.0
2021-12-04,22:28:40,SEM VÍTIMA,FINALIZADA,CAMPO GRANDE,EST DE BELEM,Não informado,SEMÁFORO 504,CAMPO GRANDE,SUBURBIO,COLISÃO TRASEIRA,Não informado,2.0,0.0,0.0,0.0,0.0,0.0,0.0,0.0,0.0,0.0,0.0,Longo da via,Chuvoso,Sem defeito,Perfeito estado,Molhada,Perfeito estado,Não existe,Outras,60.0,Dupla,Faixa contínua,Não informado,2021,12,4,5,22.0
2021-12-04,23:13:40,COM VÍTIMA,FINALIZADA,BOA VIAGEM,AV ENGENHEIRO DOMINGOS FERREIRA,Não informado,RUA PROFº EDUARDO WNDWERLEY FILHO,BOA VIAGEM,SUBURBIO,COLISÃO TRASEIRA,Não informado,1.0,1.0,0.0,0.0,0.0,0.0,0.0,0.0,0.0,1.0,0.0,Longo da via,Chuvoso,Sem defeito,Perfeito estado,Molhada,Perfeito estado,Faixa de pedestre,"Placas ""Pare""",60.0,Única,Faixa contínua,Não informado,2021,12,4,5,23.0
2021-12-05,07:58:00,COM VÍTIMA,FINALIZADA,BOA VIAGEM,RUA CORONEL ANIZIO RODRIGUES COELHO,RUA RIBEIRO DE BRITO,PRÓX. AO COLÉGIO VILA APRENDIZ,BOA VIAGEM,CIDADE,COLISÃO TRANSVERSAL,Não informado,1.0,1.0,0.0,0.0,0.0,0.0,0.0,0.0,0.0,2.0,0.0,Cruzamento,Bom,Sem defeito,Perfeito estado,Seca,Perfeito estado,Faixa de pedestre,R-6a,60.0,Única,Não informado,Não informado,2021,12,5,6,7.0
2021-12-05,08:27:00,COM VÍTIMA,FINALIZADA,DOIS IRMÃOS,RUA MANUEL DE MEDEIROS,Não informado,ESCOLA ESTADUAL LIONS DE PARNAMIRIM,DOIS IRMÃOS,Não informado,COLISÃO LATERAL,Não informado,1.0,1.0,0.0,0.0,0.0,0.0,0.0,0.0,0.0,1.0,0.0,Longo da via,Bom,Não existe,Perfeito estado,Seca,Perfeito estado,Não existe,Outras,60.0,Dupla,Faixa seccionada,Não informado,2021,12,5,6,8.0
2021-12-05,14:12:00,COM VÍTIMA,FINALIZADA,SANTO AMARO,RUA PEDRO AFONSO,RUA DO POMBAL,NO CRUZAMENTO DO IML,SANTO AMARO,CIDADE,COLISÃO TRANSVERSAL,Não informado,1.0,1.0,0.0,0.0,0.0,0.0,0.0,0.0,0.0,1.0,0.0,Cruzamento,Bom,Não existe,Perfeito estado,Seca,Perfeito estado,Não existe,"Placas ""Pare""",40.0,Dupla,Faixa seccionada,Não informado,2021,12,5,6,14.0
2021-12-05,14:36:00,COM VÍTIMA,CANCELADA,JORDÃO,AV MARIA IRENE,Não informado,PRÓX À ESCOLA ROBERTO SILVEIRA,JORDÃO,Não informado,COLISÃO TRASEIRA,Não informado,1.0,1.0,0.0,0.0,0.0,0.0,0.0,0.0,0.0,1.0,0.0,Não informado,Não informado,Não informado,Não informado,Não informado,Não informado,Não informado,Não informado,60.0,Não informado,Não informado,Não informado,2021,12,5,6,14.0
2021-12-05,15:17:00,COM VÍTIMA,FINALIZADA,PINA,RUA CAPITAO REBELINHO,RUA PEREIRA DA COSTA,PRÓX AO FIDALGO RESTAURANTE - COLISÃO COM VÍTIMA ENTRE MOTO  HONDA x AUTO JAC / J3,PINA,Não informado,COLISÃO TRANSVERSAL,Não informado,1.0,1.0,0.0,0.0,0.0,0.0,0.0,0.0,0.0,1.0,0.0,Cruzamento,Bom,Não existe,Perfeito estado,Seca,Perfeito estado,Faixa de pedestre,R-6a,60.0,Única,Não existe,Não informado,2021,12,5,6,15.0
2021-12-05,19:02:00,SEM VÍTIMA,FINALIZADA,IMBIRIBEIRA,RUA SARGENTO SILVINO DE MACEDO,RUA JOAQUIM BANDEIRA,AO HOTEL PRAIA SUL,IMBIRIBEIRA,SUBURBIO,COLISÃO FRONTAL,Não informado,1.0,1.0,0.0,0.0,0.0,0.0,0.0,0.0,0.0,0.0,0.0,Cruzamento,Bom,Não existe,Não existente,Seca,Perfeito estado,Não existe,Não há placas,60.0,Dupla,Não existe,Não informado,2021,12,5,6,19.0
2021-12-05,19:31:00,COM VÍTIMA,FINALIZADA,SÃO JOSÉ,RUA DA CONCORDIA,RUA TOBIAS BARRETO,ED. CONCORDIA,SÃO JOSÉ,CIDADE,COLISÃO TRANSVERSAL,Não informado,1.0,0.0,0.0,0.0,0.0,0.0,1.0,0.0,0.0,2.0,0.0,Cruzamento,Bom,Não existe,Perfeito estado,Seca,Perfeito estado,Não existe,Não há placas,60.0,Única,Não existe,Não informado,2021,12,5,6,19.0
2021-12-06,01:35:00,COM VÍTIMA,CANCELADA,IPSEP,RUA JEAN EMILE FAVRE,Não informado,PROXIMO A DROGASIL,IPSEP,Não informado,COLISÃO LATERAL,Não informado,1.0,1.0,0.0,0.0,0.0,0.0,0.0,0.0,0.0,1.0,0.0,Não informado,Não informado,Não informado,Não informado,Não informado,Não informado,Não informado,Não informado,60.0,Não informado,Não informado,Não informado,2021,12,6,0,1.0
2021-12-06,09:14:00,COM VÍTIMA,FINALIZADA,BOA VIAGEM,RUA DES JOAO PAES,RUA CORONEL ANIZIO RODRIGUES COELHO,PROX. AO BODE DO NÔ,BOA VIAGEM,SUBURBIO,COLISÃO LATERAL,Não informado,2.0,0.0,0.0,0.0,0.0,0.0,0.0,0.0,0.0,1.0,0.0,Cruzamento,Bom,Não existe,Perfeito estado,Seca,Perfeito estado,Faixa de pedestre,"Placas ""Pare""",60.0,Não informado,Não informado,Não informado,2021,12,6,0,9.0
2021-12-06,09:05:00,COM VÍTIMA,FINALIZADA,PINA,AV ANTONIO DE GOES,Não informado,EM FRENTE AO EMPRESARIAL ITC,PINA,Não informado,ATROPELAMENTO DE PESSOA,Não informado,0.0,1.0,0.0,0.0,1.0,0.0,0.0,0.0,0.0,1.0,0.0,Cruzamento,Bom,Não existe,Perfeito estado,Seca,Perfeito estado,Agente,Não há placas,60.0,Única,Faixa contínua,Não informado,2021,12,6,0,9.0
2021-12-06,13:55:00,SEM VÍTIMA,FINALIZADA,BOA VIAGEM,AV BOA VIAGEM,Não informado,EM FRENTE AO EDF MARIA ANGELA LUCENA,BOA VIAGEM,CIDADE,COLISÃO TRASEIRA,Não informado,1.0,1.0,0.0,0.0,0.0,0.0,0.0,0.0,0.0,0.0,0.0,Longo da via,Bom,Não existe,Perfeito estado,Seca,Perfeito estado,Não existe,Não há placas,60.0,Única,Faixa contínua,Não informado,2021,12,6,0,13.0
2021-12-06,15:07:00,COM VÍTIMA,FINALIZADA,SANTO AMARO,AV GOVERNADOR AGAMENON MAGALHAES,Não informado,EMBAIXO DO VIADUTO DA AV NORTE.,SANTO AMARO,SUBURBIO,COLISÃO TRASEIRA,Não informado,0.0,0.0,0.0,0.0,0.0,2.0,0.0,0.0,0.0,6.0,0.0,Longo da via,Bom,Sem defeito,Perfeito estado,Seca,Perfeito estado,Faixa de pedestre,R-32,60.0,Dupla,Canteiro central,Não informado,2021,12,6,0,15.0
2021-12-06,20:26:00,COM VÍTIMA,CANCELADA,JORDÃO,AV MARIA IRENE,Não informado,PRÓX A ASSEMBLEIA DE DEUS NOVA DE PAZ E DELEGACIA,JORDÃO,Não informado,COLISÃO LATERAL,Não informado,0.0,0.0,0.0,0.0,0.0,0.0,0.0,0.0,0.0,1.0,0.0,Não informado,Não informado,Não informado,Não informado,Não informado,Não informado,Não informado,Não informado,60.0,Não informado,Não informado,Não informado,2021,12,6,0,20.0