data,hora,natureza_acidente,situacao,bairro,endereco,detalhe_endereco_acidente,complemento,bairro_cruzamento,sentido_via,tipo,descricao,auto,moto,ciclom,ciclista,pedestre,onibus,caminhao,viatura,outros,vitimas,vitimasfatais,acidente_verificado,tempo_clima,situacao_semaforo,sinalizacao,condicao_via,conservacao_via,ponto_controle,situacao_placa,velocidade_max_via,mao_direcao,divisao_via1,natureza,ano,mes,dia,dia_semana,hora_ocorrencia
2021-12-07,08:18:00,COM VÍTIMA,FINALIZADA,IBURA,AV RIO LARGO,Não informado,"NA CURVA , PROX. AO COLETOR DE LIXO E COLEGIO CRISTIANO CORDEIRO",IBURA,Não informado,COLISÃO FRONTAL,Não informado,1.0,1.0,0.0,0.0,0.0,0.0,0.0,0.0,0.0,1.0,0.0,Longo da via,Bom,Não existe,Perfeito estado,Seca,Perfeito estado,Não informado,Não informado,60.0,Não informado,Não informado,Não informado,2021,12,7,1,8.0
2021-12-07,09:06:00,COM VÍTIMA,FINALIZADA,SANTO AMARO,AV CRUZ CABUGA,Não informado,"EM FRENTE A FACULDADE NUCLEO DE ATENDIMENTO PROFISSIONAL EM, FRENTE À IGREJA UNIVERSAL",SANTO AMARO,CIDADE,COLISÃO LATERAL,Não informado,0.0,2.0,0.0,0.0,0.0,0.0,0.0,0.0,0.0,1.0,0.0,Longo da via,Bom,Não existe,Perfeito estado,Seca,Perfeito estado,Não existe,Não há placas,60.0,Dupla,Faixa contínua,Não informado,2021,12,7,1,9.0
2021-12-07,10:02:00,COM VÍTIMA,FINALIZADA,CIDADE UNIVERSITÁRIA,AV PROFESSOR ARTUR DE SA,Não informado,PROX. AO BAR DA KELLY,CIDADE UNIVERSITÁRIA,SUBURBIO,COLISÃO TRASEIRA,Não informado,1.0,1.0,0.0,0.0,0.0,0.0,0.0,0.0,0.0,1.0,0.0,Longo da via,Bom,Não existe,Perfeito estado,Seca,Perfeito estado,Não existe,Outras,60.0,Dupla,Faixa seccionada,Não informado,2021,12,7,1,10.0
2021-12-07,12:21:00,COM VÍTIMA,FINALIZADA,CASA AMARELA,EST DO ARRAIAL,RUA ENGENHEIRO OSCAR FERREIRA,ENFRENTE AO COSRISCO E DADA,CASA AMARELA,SUBURBIO,COLISÃO COM CICLISTA,Não informado,1.0,0.0,0.0,1.0,0.0,0.0,0.0,0.0,0.0,1.0,0.0,Esquina,Bom,Não existe,Perfeito estado,Seca,Perfeito estado,Faixa de retenção,Outras,60.0,Única,Faixa seccionada,Não informado,2021,12,7,1,12.0
2021-12-07,16:52:00,COM VÍTIMA,FINALIZADA,BAIRRO DO RECIFE,TRV DO FORTE,Não informado,E/F AO FORTE DAS CINCO PONTAS S/T SUB,BAIRRO DO RECIFE,SUBURBIO,COLISÃO TRASEIRA,Não informado,1.0,1.0,0.0,0.0,0.0,0.0,0.0,0.0,0.0,1.0,0.0,Viaduto,Bom,Não existe,Perfeito estado,Seca,Perfeito estado,Não existe,Não há placas,60.0,Dupla,Canteiro central,Não informado,2021,12,7,1,16.0
2021-12-07,18:49:00,OUTROS,FINALIZADA,SAN MARTIN,AV GENERAL SAN MARTIN,Não informado,NA ROTATORIA,SAN MARTIN,Não informado,OUTROS,Não informado,0.0,1.0,0.0,0.0,0.0,0.0,0.0,0.0,0.0,1.0,0.0,Não informado,Não informado,Não informado,Não informado,Não informado,Não informado,Não informado,Não informado,60.0,Não informado,Não informado,Não informado,2021,12,7,1,18.0
2021-12-08,06:32:00,SEM VÍTIMA,FINALIZADA,CASA AMARELA,AV NORTE MIGUEL ARRAES DE ALENCAR,Não informado,EM FRENTE À MATERNIDADE PROFESSOR BARROS LIMA,CASA AMARELA,CIDADE,COLISÃO TRASEIRA,Não informado,2.0,0.0,0.0,0.0,0.0,0.0,0.0,0.0,0.0,0.0,0.0,Não informado,Não informado,Não informado,Não informado,Não informado,Não informado,Não informado,Não informado,60.0,Não informado,Não informado,Não informado,2021,12,8,2,6.0
2021-12-08,08:09:00,COM VÍTIMA,FINALIZADA,MANGUEIRA,RUA SAO MIGUEL,Não informado,ENFRENTE AO BODE DO NO,MANGUEIRA,SUBURBIO,COLISÃO TRANSVERSAL,Não informado,1.0,1.0,0.0,0.0,0.0,0.0,0.0,0.0,0.0,1.0,0.0,Longo da via,Bom,Sem defeito,Perfeito estado,Seca,Perfeito estado,Não existe,Não há placas,60.0,Dupla,Faixa contínua,Não informado,2021,12,8,2,8.0
2021-12-08,15:52:00,COM VÍTIMA,FINALIZADA,BOA VIAGEM,RUA FELIX DE BRITO E MELO,AV ENGENHEIRO DOMINGOS FERREIRA,EM FRENTE AO EDF  JOSE NOBERTO,BOA VIAGEM,Não informado,COLISÃO LATERAL,Não informado,1.0,1.0,0.0,0.0,0.0,0.0,0.0,0.0,0.0,1.0,0.0,Cruzamento,Bom,Sem defeito,Perfeito estado,Seca,Perfeito estado,Faixa de pedestre,R-6a,40.0,Única,Não informado,Não informado,2021,12,8,2,15.0
2021-12-08,15:58:00,SEM VÍTIMA,FINALIZADA,PRADO,AV ENGENHEIRO ABDIAS DE CARVALHO,Não informado,Não informado,PRADO,CIDADE,COLISÃO TRASEIRA,Não informado,2.0,0.0,0.0,0.0,0.0,0.0,0.0,0.0,0.0,0.0,0.0,Longo da via,Bom,Não existe,Perfeito estado,Seca,Perfeito estado,Não existe,Outras,60.0,Dupla,Canteiro central,Não informado,2021,12,8,2,15.0
2021-12-08,16:57:00,SEM VÍTIMA,CANCELADA,BRASÍLIA TEIMOSA,RUA BEM TE VI,Não informado,E/F AO BIRUTA BAR INICIO DA ORLA,BRASÍLIA TEIMOSA,Não informado,COLISÃO LATERAL,Não informado,2.0,0.0,0.0,0.0,0.0,0.0,0.0,0.0,0.0,0.0,0.0,Não informado,Não informado,Não informado,Não informado,Não informado,Não informado,Não informado,Não informado,60.0,Não informado,Não informado,Não informado,2021,12,8,2,16.0
2021-12-08,18:18:00,SEM VÍTIMA,CANCELADA,IMBIRIBEIRA,RUA JOSE DA SILVA LUCENA,Não informado,PROX AO GGE,IMBIRIBEIRA,Não informado,COLISÃO FRONTAL,Não informado,2.0,0.0,0.0,0.0,0.0,0.0,0.0,0.0,0.0,0.0,0.0,Não informado,Não informado,Não informado,Não informado,Não informado,Não informado,Não informado,Não informado,60.0,Não informado,Não informado,Não informado,2021,12,8,2,18.0
2021-12-08,18:36:00,COM VÍTIMA,FINALIZADA,IBURA,AV DOIS RIOS,Não informado,PROX A POLICLINA ARNALDO MARQUES,IBURA,SUBURBIO,COLISÃO FRONTAL,Não informado,0.0,1.0,0.0,0.0,0.0,1.0,0.0,0.0,0.0,1.0,0.0,Longo da via,Bom,Não existe,Ilegível,Seca,Mal iluminada,Não existe,"Placas ""Dê a preferência""",60.0,Dupla,Não existe,Não informado,2021,12,8,2,18.0
2021-12-08,19:53:00,COM VÍTIMA,FINALIZADA,BOA VISTA,RUA JOAO FERNANDES VIEIRA,Não informado,E/F AO BOM PREÇO,BOA VISTA,CIDADE,COLISÃO LATERAL,Não informado,1.0,1.0,0.0,0.0,0.0,0.0,0.0,0.0,0.0,1.0,0.0,Longo da via,Bom,Não existe,Perfeito estado,Seca,Perfeito estado,Não existe,Não há placas,60.0,Única,Faixa seccionada,Não informado,2021,12,8,2,19.0
2021-12-08,22:50:40,COM VÍTIMA,FINALIZADA,CORDEIRO,RUA GOMES TABORDA,Não informado,PROX A GALERIA NORONHA CENTER,CORDEIRO,SUBURBIO,COLISÃO TRASEIRA,Não informado,1.0,1.0,0.0,0.0,0.0,0.0,0.0,0.0,0.0,1.0,0.0,Cruzamento,Bom,Não existe,Perfeito estado,Seca,Perfeito estado,Não existe,"Placas ""Dê a preferência""",60.0,Dupla,Faixa contínua,Não informado,2021,12,8,2,22.0
2021-12-09,12:26:00,COM VÍTIMA,FINALIZADA,TEJIPIÓ,AV DR JOSE RUFINO,Não informado,PRÓX AO 4º BCOM. / POSTO BR,TEJIPIÓ,CIDADE,COLISÃO LATERAL,Não informado,1.0,1.0,0.0,0.0,0.0,0.0,0.0,0.0,0.0,1.0,0.0,Longo da via,Bom,Sem defeito,Incompleta,Seca,Perfeito estado,Outros,Outras,40.0,Dupla,Faixa contínua,Não informado,2021,12,9,3,12.0
2021-12-09,14:55:00,SEM VÍTIMA,FINALIZADA,TOTÓ,AV LIBERDADE,Não informado,FARM CENTER,TOTÓ,SUBURBIO,CHOQUE,Não informado,1.0,0.0,0.0,0.0,0.0,0.0,1.0,0.0,0.0,0.0,0.0,Longo da via,Bom,Não existe,Ilegível,Seca,Perfeito estado,Não existe,Não informado,50.0,Dupla,Não existe,Não informado,2021,12,9,3,14.0
2021-12-09,15:57:00,COM VÍTIMA,FINALIZADA,PINA,RUA DAS OFICINAS,Não informado,PREDIO DA SEDE DA POLICIA FEDERAL,PINA,CIDADE,CHOQUE,Não informado,3.0,0.0,0.0,0.0,0.0,0.0,0.0,0.0,0.0,1.0,0.0,Longo da via,Bom,Não existe,Perfeito estado,Seca,Perfeito estado,Não existe,Outras,60.0,Única,Faixa contínua,Não informado,2021,12,9,3,15.0
2021-12-09,17:43:00,COM VÍTIMA,CANCELADA,SAN MARTIN,RUA VINTE E UM DE ABRIL,RUA MANOEL VIEIRA,ENFRENTE AO DEPOSITO DA BRASIL GAS,SAN MARTIN,Não informado,COLISÃO COM CICLISTA,Não informado,0.0,0.0,0.0,1.0,0.0,0.0,0.0,0.0,0.0,1.0,0.0,Não informado,Não informado,Não informado,Não informado,Não informado,Não informado,Não informado,Não informado,60.0,Não informado,Não informado,Não informado,2021,12,9,3,17.0
2021-12-09,19:01:00,COM VÍTIMA,CANCELADA,ENCRUZILHADA,AV BEBERIBE,RUA FERNANDO CESAR,SEMÁFORO 238 / PRÓX AO BANCO DO BRASIL,ENCRUZILHADA,Não informado,COLISÃO FRONTAL,Não informado,0.0,2.0,0.0,0.0,0.0,0.0,0.0,0.0,0.0,1.0,0.0,Não informado,Não informado,Não informado,Não informado,Não informado,Não informado,Não informado,Não informado,60.0,Não informado,Não informado,Não informado,2021,12,9,3,19.0
2021-12-09,19:14:00,SEM VÍTIMA,FINALIZADA,JORDÃO,AV MARIA IRENE,Não informado,EM FRENTE AO Nº 91 A,JORDÃO,SUBURBIO,CHOQUE,Não informado,1.0,0.0,0.0,0.0,0.0,0.0,0.0,0.0,0.0,0.0,0.0,Longo da via,Bom,Não existe,Perfeito estado,Seca,Perfeito estado,Não existe,Não há placas,60.0,Dupla,Faixa contínua,Não informado,2021,12,9,3,19.0
2021-12-10,06:23:00,COM VÍTIMA,FINALIZADA,CASA FORTE,AV DEZESSETE DE AGOSTO,RUA JADER DE ANDRADE,EM FRENTE AO VERDE FRUT,CASA FORTE,CIDADE,COLISÃO LATERAL,Não informado,2.0,0.0,0.0,0.0,0.0,0.0,0.0,0.0,0.0,1.0,0.0,Esquina,Bom,Sem defeito,Perfeito estado,Seca,Perfeito estado,Faixa de pedestre,Outras,60.0,Dupla,Faixa contínua,Não informado,2021,12,10,4,6.0
2021-12-10,08:24:00,SEM VÍTIMA,FINALIZADA,IMBIRIBEIRA,AV MARECHAL MASCARENHAS DE MORAES,Não informado,EM FRENTE AOS CORREIOS,IMBIRIBEIRA,SUBURBIO,COLISÃO TRASEIRA,Não informado,1.0,0.0,0.0,0.0,0.0,0.0,0.0,1.0,0.0,0.0,0.0,Longo da via,Bom,Não existe,Perfeito estado,Seca,Perfeito estado,Não existe,R-6a,60.0,Não informado,Não informado,Não informado,2021,12,10,4,8.0
2021-12-10,08:37:00,COM VÍTIMA,FINALIZADA,SANTO ANTÔNIO,RUA FLORIANO PEIXOTO,RUA SAO JOAO,ESTAÇÃO METRO RECIFE,SANTO ANTÔNIO,SUBURBIO,COLISÃO LATERAL,Não informado,1.0,1.0,0.0,0.0,0.0,0.0,0.0,0.0,0.0,1.0,0.0,Cruzamento,Bom,Não existe,Perfeito estado,Seca,Perfeito estado,Não informado,R-6a,60.0,Única,Faixa seccionada,Não informado,2021,12,10,4,8.0
2021-12-10,08:56:00,COM VÍTIMA,FINALIZADA,PAISSANDU,AV GOVERNADOR AGAMENON MAGALHAES,Não informado,E/F AO HOSPITAL PORTUGUÊS (SENT. BOA VIAGEM),PAISSANDU,BOA VIAGEM,QUEDA,Não informado,0.0,1.0,0.0,0.0,0.0,0.0,0.0,0.0,0.0,1.0,0.0,Longo da via,Bom,Sem defeito,Perfeito estado,Molhada,Perfeito estado,Agente,Outras,60.0,Dupla,Faixa seccionada,Não informado,2021,12,10,4,8.0
2021-12-10,15:02:00,SEM VÍTIMA,FINALIZADA,TORRE,RUA ALBERTO PAIVA,RUA AMELIA,SOB PONTE DA TORRE,TORRE,SUBURBIO,Não informado,Não informado,1.0,0.0,0.0,0.0,0.0,1.0,0.0,0.0,0.0,0.0,0.0,Longo da via,Bom,Não existe,Perfeito estado,Seca,Perfeito estado,Não existe,Não há placas,40.0,Única,Não existe,Não informado,2021,12,10,4,15.0
2021-12-10,18:18:00,COM VÍTIMA,FINALIZADA,CAXANGÁ,AV CAXANGA,Não informado,SEMÁFORO 008 / PRÓX AO HOSPITAL BARÃO DE LUCENA,CAXANGÁ,SUBURBIO,COLISÃO LATERAL,Não informado,1.0,1.0,0.0,0.0,0.0,0.0,0.0,0.0,0.0,1.0,0.0,Longo da via,Bom,Sem defeito,Perfeito estado,Seca,Perfeito estado,Não existe,R-6a,60.0,Única,Canteiro central,Não informado,2021,12,10,4,18.0
2021-12-10,18:25:00,COM VÍTIMA,CANCELADA,BOA VIAGEM,RUA JOAQUIM BANDEIRA,Não informado,AO LADO DO VIADUTO / PRÓX A SILVA CAR,BOA VIAGEM,Não informado,COLISÃO LATERAL,Não informado,1.0,1.0,0.0,0.0,0.0,0.0,0.0,0.0,0.0,1.0,0.0,Não informado,Não informado,Não informado,Não informado,Não informado,Não informado,Não informado,Não informado,60.0,Não informado,Não informado,Não informado,2021,12,10,4,18.0
2021-12-10,22:55:40,COM VÍTIMA,CANCELADA,AREIAS,AV DR JOSE RUFINO,Não informado,PROX AO POSTO SHEL,AREIAS,Não informado,COLISÃO FRONTAL,Não informado,1.0,1.0,0.0,0.0,0.0,0.0,0.0,0.0,0.0,1.0,0.0,Não informado,Não informado,Não informado,Não informado,Não informado,Não informado,Não informado,Não informado,60.0,Não informado,Não informado,Não informado,2021,12,10,4,22.0
2021-12-10,23:01:40,COM VÍTIMA,FINALIZADA,AREIAS,AV RECIFE,Não informado,E/F AO BIG BOM PREÇO,AREIAS,CIDADE,COLISÃO TRASEIRA,Não informado,1.0,1.0,0.0,0.0,0.0,0.0,0.0,0.0,0.0,1.0,0.0,Longo da via,Bom,Sem defeito,Perfeito estado,Seca,Perfeito estado,Faixa de pedestre,Não há placas,60.0,Única,Canteiro central,Não informado,2021,12,10,4,23.0
2021-12-11,00:00:00,COM VÍTIMA,CANCELADA,SAN MARTIN,AV GENERAL SAN MARTIN,Não informado,EM FRENTE A CAVALARIA,SAN MARTIN,Não informado,COLISÃO FRONTAL,Não informado,0.0,0.0,0.0,0.0,0.0,0.0,0.0,0.0,0.0,1.0,0.0,Não informado,Não informado,Não informado,Não informado,Não informado,Não informado,Não informado,Não informado,60.0,Não informado,Não informado,Não informado,2021,12,11,5,0.0
2021-12-11,00:08:00,SEM VÍTIMA,FINALIZADA,PARNAMIRIM,AV PARNAMIRIM,Não informado,ANTES DO POSTO SHELL,PARNAMIRIM,Não informado,CHOQUE,Não informado,0.0,0.0,0.0,0.0,0.0,0.0,0.0,0.0,0.0,0.0,0.0,Não informado,Não informado,Não informado,Não informado,Não informado,Não informado,Não informado,Não informado,60.0,Não informado,Não informado,Não informado,2021,12,11,5,0.0
2021-12-11,02:34:00,COM VÍTIMA,FINALIZADA,JARDIM SÃO PAULO,RUA IMPERIAL,TRV DO RAPOSO,PROXIMO AO HOTEL CRISTAL - NA TRAVESSA DO RAPOSO,JARDIM SÃO PAULO,SUBURBIO,COLISÃO TRANSVERSAL,Não informado,1.0,0.0,0.0,0.0,0.0,0.0,1.0,0.0,0.0,1.0,0.0,Cruzamento,Bom,Intermitente,Perfeito estado,Seca,Perfeito estado,Faixa de pedestre,R-6a,60.0,Única,Faixa seccionada,Não informado,2021,12,11,5,2.0
2021-12-11,05:06:00,SEM VÍTIMA,FINALIZADA,IPUTINGA,AV MAURICIO DE NASSAU,RUA SAO MATEUS,Não informado,IPUTINGA,CIDADE,Não informado,Não informado,2.0,0.0,0.0,0.0,0.0,0.0,0.0,0.0,0.0,0.0,0.0,Cruzamento,Bom,Sem defeito,Perfeito estado,Seca,Perfeito estado,Faixa de pedestre,Não há placas,60.0,Dupla,Faixa contínua,Não informado,2021,12,11,5,5.0
2021-12-11,06:41:00,COM VÍTIMA,CANCELADA,ÁGUA FRIA,AV BEBERIBE,Não informado,PRÓXIMO AO PAGODE DA PRESSÃO,ÁGUA FRIA,Não informado,COLISÃO TRANSVERSAL,Não informado,0.0,0.0,0.0,0.0,0.0,0.0,0.0,0.0,0.0,1.0,0.0,Não informado,Não informado,Não informado,Não informado,Não informado,Não informado,Não informado,Não informado,60.0,Não informado,Não informado,Não informado,2021,12,11,5,6.0
2021-12-11,08:57:00,COM VÍTIMA,FINALIZADA,TORRÕES,RUA ONZE DE FEVEREIRO,EST DO FORTE DO ARRAIAL N. DO B. JESUS,E/F A EDIFICIO MORADA DO FORTE,TORRÕES,SUBURBIO,COLISÃO COM CICLISTA,Não informado,2.0,0.0,0.0,1.0,0.0,0.0,0.0,0.0,0.0,1.0,0.0,Longo da via,Bom,Não existe,Incompleta,Seca,Perfeito estado,Não existe,Não há placas,60.0,Dupla,Não existe,Não informado,2021,12,11,5,8.0
2021-12-11,12:36:00,COM VÍTIMA,FINALIZADA,ESPINHEIRO,RUA DO ESPINHEIRO,RUA BARAO DE ITAMARACA,ENFRENTE A FAMARCIA EXTRA FARMA,ESPINHEIRO,SUBURBIO,COLISÃO LATERAL,Não informado,1.0,1.0,0.0,0.0,0.0,0.0,0.0,0.0,0.0,1.0,0.0,Longo da via,Bom,Sem defeito,Perfeito estado,Seca,Perfeito estado,Não existe,R-6a,60.0,Única,Faixa contínua,Não informado,2021,12,11,5,12.0
2021-12-11,19:03:00,SEM VÍTIMA,FINALIZADA,VÁRZEA,RUA RORAIMA,Não informado,EM FRENTE A ESCOLA MUNICIPAL SENADOR JOSE ERMÍNIO DE MORAES,VÁRZEA,Não informado,COLISÃO TRANSVERSAL,Não informado,2.0,0.0,0.0,0.0,0.0,0.0,0.0,0.0,0.0,0.0,0.0,Longo da via,Bom,Não existe,Incompleta,Seca,Perfeito estado,Não existe,Não há placas,60.0,Dupla,Não existe,Não informado,2021,12,11,5,19.0
2021-12-12,01:37:00,SEM VÍTIMA,CANCELADA,PRADO,AV ENGENHEIRO ABDIAS DE CARVALHO,RUA CARLOS GOMES,PRÓXIMO A BIG CAR,PRADO,Não informado,COLISÃO FRONTAL,Não informado,0.0,0.0,0.0,0.0,0.0,0.0,0.0,0.0,0.0,0.0,0.0,Não informado,Não informado,Não informado,Não informado,Não informado,Não informado,Não informado,Não informado,60.0,Não informado,Não informado,Não informado,2021,12,12,6,1.0
2021-12-12,11:35:00,COM VÍTIMA,FINALIZADA,GRAÇAS,RUA JOAQUIM NABUCO,Não informado,EM FRENTE A FACULDADE JOAQUIM NABUCO,GRAÇAS,SUBURBIO,COLISÃO TRASEIRA,Não informado,2.0,0.0,0.0,0.0,0.0,0.0,0.0,0.0,0.0,1.0,0.0,Longo da via,Bom,Não existe,Perfeito estado,Seca,Perfeito estado,Não existe,Não informado,60.0,Única,Não existe,Não informado,2021,12,12,6,11.0
2021-12-12,11:43:00,COM VÍTIMA,FINALIZADA,BEBERIBE,AV BEBERIBE,RUA PROFESSOR JERONIMO GUEIROS,PROX AO BANCO DO  BRASIL,BEBERIBE,Não informado,COLISÃO TRANSVERSAL,Não informado,1.0,1.0,0.0,0.0,0.0,0.0,0.0,0.0,0.0,1.0,0.0,Longo da via,Bom,Não existe,Perfeito estado,Seca,Perfeito estado,Não existe,R-6a,60.0,Dupla,Faixa contínua,Não informado,2021,12,12,6,11.0
2021-12-12,14:44:00,COM VÍTIMA,FINALIZADA,CAMPO GRANDE,AV GOVERNADOR AGAMENON MAGALHAES,RUA ODORICO MENDES,E/F A CEPLANC  CENTRAL DE PLANTÕES  DE FLAGRANTES,CAMPO GRANDE,SUBURBIO,COLISÃO COM CICLISTA,Não informado,1.0,0.0,0.0,1.0,0.0,0.0,0.0,0.0,0.0,1.0,0.0,Longo da via,Bom,Sem defeito,Perfeito estado,Seca,Perfeito estado,Não existe,Não há placas,60.0,Dupla,Faixa seccionada,Não informado,2021,12,12,6,14.0
2021-12-12,19:47:00,SEM VÍTIMA,CANCELADA,CORDEIRO,RUA GOMES TABORDA,Não informado,PRÓX A ACADEMIA DE JOAO FILHO,CORDEIRO,Não informado,COLISÃO FRONTAL,Não informado,0.0,0.0,0.0,0.0,0.0,0.0,0.0,0.0,0.0,0.0,0.0,Não informado,Não informado,Não informado,Não informado,Não informado,Não informado,Não informado,Não informado,60.0,Não informado,Não informado,Não informado,2021,12,12,6,19.0
2021-12-12,20:58:40,COM VÍTIMA,FINALIZADA,FUNDÃO,AV BEBERIBE,AV GEDALHA,PRÓX A ASSEMBLEIA DE DEUS,FUNDÃO,CIDADE,ATROPELAMENTO DE PESSOA,Não informado,0.0,0.0,0.0,0.0,1.0,1.0,0.0,0.0,0.0,1.0,0.0,Cruzamento,Bom,Sem defeito,Perfeito estado,Seca,Perfeito estado,Não existe,Não há placas,60.0,Dupla,Canteiro central,Não informado,2021,12,12,6,20.0
2021-12-13,00:44:00,COM VÍTIMA,FINALIZADA,AREIAS,AV RECIFE,AV TAPAJOS,COM A RUA TPAJÓS,AREIAS,SUBURBIO,COLISÃO TRANSVERSAL,Não informado,1.0,1.0,0.0,0.0,0.0,0.0,0.0,0.0,0.0,2.0,0.0,Esquina,Bom,Intermitente,Perfeito estado,Seca,Perfeito estado,Faixa de pedestre,Não informado,60.0,Não informado,Não informado,Não informado,2021,12,13,0,0.0
2021-12-13,05:54:00,SEM VÍTIMA,FINALIZADA,IPSEP,AV RECIFE,Não informado,1ª PARADA DE ONIBUS SENTIDO IPSEP,IPSEP,Não informado,CHOQUE,Não informado,0.0,0.0,0.0,0.0,0.0,0.0,0.0,0.0,0.0,0.0,0.0,Não informado,Não informado,Não informado,Não informado,Não informado,Não informado,Não informado,Não informado,60.0,Não informado,Não informado,Não informado,2021,12,13,0,5.0
2021-12-13,06:18:00,COM VÍTIMA,FINALIZADA,BOA VIAGEM,RUA VISCONDE DE JEQUITINHONHA,RUA ERNESTO DE PAULA SANTOS,ESQUINA DO SUPERMERCADO SOBERANO,BOA VIAGEM,Não informado,COLISÃO TRANSVERSAL,Não informado,1.0,1.0,0.0,0.0,0.0,0.0,0.0,0.0,0.0,1.0,0.0,Cruzamento,Bom,Sem defeito,Perfeito estado,Molhada,Perfeito estado,Faixa de pedestre,Não há placas,60.0,Única,Faixa contínua,Não informado,2021,12,13,0,6.0
2021-12-13,07:08:00,COM VÍTIMA,CANCELADA,SÃO JOSÉ,VDO DAS CINCO PONTAS,Não informado,SOB O VIADUTO,SÃO JOSÉ,Não informado,QUEDA,Não informado,0.0,1.0,0.0,0.0,0.0,0.0,0.0,0.0,0.0,1.0,0.0,Não informado,Não informado,Não informado,Não informado,Não informado,Não informado,Não informado,Não informado,60.0,Não informado,Não informado,Não informado,2021,12,13,0,7.0
2021-12-13,08:49:00,COM VÍTIMA,FINALIZADA,CASA AMARELA,RUA DA HARMONIA,Não informado,ENFRENTE A DROGASIL,CASA AMARELA,SUBURBIO,COLISÃO FRONTAL,Não informado,1.0,1.0,0.0,0.0,0.0,0.0,0.0,0.0,0.0,1.0,0.0,Longo da via,Chuvoso,Sem defeito,Perfeito estado,Molhada,Perfeito estado,Faixa de pedestre,R-6a,60.0,Dupla,Faixa contínua,Não informado,2021,12,13,0,8.0
2021-12-13,09:53:00,COM VÍTIMA,FINALIZADA,SANTO AMARO,AV CRUZ CABUGA,Não informado,"LADO OPOSTO AO SHOPPING TACARUNA, SENTIDO OLINA",SANTO AMARO,Não informado,COLISÃO COM CICLISTA,Não informado,0.0,0.0,0.0,1.0,0.0,0.0,1.0,0.0,0.0,1.0,0.0,Longo da via,Chuvoso,Desligado,Perfeito estado,Molhada,Perfeito estado,Outros,Outras,60.0,Dupla,Canteiro central,Não informado,2021,12,13,0,9.0
2021-12-13,12:12:00,COM VÍTIMA,FINALIZADA,BOA VISTA,RUA PRINCESA IZABEL,RUA DO HOSPICIO,EM FRENTE A CÂMARA DOS VEREADORES,BOA VISTA,CIDADE,COLISÃO LATERAL,Não informado,1.0,1.0,0.0,0.0,0.0,0.0,0.0,0.0,0.0,1.0,0.0,Cruzamento,Chuvoso,Sem defeito,Perfeito estado,Molhada,Perfeito estado,Agente,R-25c,60.0,Única,Não existe,Não informado,2021,12,13,0,12.0
2021-12-13,13:01:00,COM VÍTIMA,FINALIZADA,AFOGADOS,RUA NICOLAU PEREIRA,AV SUL,PROX A ESTAÇAO DE TREM,AFOGADOS,CIDADE,COLISÃO LATERAL,Não informado,1.0,1.0,0.0,0.0,0.0,0.0,0.0,0.0,0.0,1.0,0.0,Longo da via,Chuvoso,Não existe,Perfeito estado,Molhada,Perfeito estado,Não existe,Não há placas,60.0,Única,Faixa contínua,Não informado,2021,12,13,0,13.0
2021-12-13,14:55:00,COM VÍTIMA,FINALIZADA,ESTÂNCIA,AV DR JOSE RUFINO,Não informado,EM FRENTE AO COLÉGIO VISÃO,ESTÂNCIA,CIDADE,COLISÃO COM CICLISTA,Não informado,1.0,0.0,0.0,1.0,0.0,0.0,0.0,0.0,0.0,1.0,0.0,Longo da via,Bom,Não existe,Perfeito estado,Seca,Perfeito estado,Não existe,Outras,60.0,Dupla,Faixa contínua,Não informado,2021,12,13,0,14.0
2021-12-14,07:03:00,COM VÍTIMA,FINALIZADA,AFOGADOS,EST DOS REMEDIOS,Não informado,EM FRENTE A FARMA PAULA E A BELO AUTO PEÇAS,AFOGADOS,CIDADE,COLISÃO TRASEIRA,Não informado,1.0,0.0,0.0,0.0,0.0,0.0,0.0,0.0,1.0,1.0,0.0,Longo da via,Chuvoso,Sem defeito,Perfeito estado,Molhada,Perfeito estado,Não existe,Não há placas,60.0,Única,Faixa seccionada,Não informado,2021,12,14,1,7.0
2021-12-14,08:34:00,COM VÍTIMA,FINALIZADA,SANTO AMARO,AV PREFEITO ARTUR LIMA CAVALCANTI,Não informado,PONTE LIMOEIRO. POR TRÁS DA ANTIGA CONTAX,SANTO AMARO,SUBURBIO,CHOQUE,Não informado,1.0,0.0,0.0,0.0,0.0,0.0,0.0,0.0,0.0,1.0,0.0,Longo da via,Bom,Não existe,Perfeito estado,Seca,Perfeito estado,Não existe,Não há placas,60.0,Dupla,Canteiro central,Não informado,2021,12,14,1,8.0