data,hora,natureza_acidente,situacao,bairro,endereco,detalhe_endereco_acidente,complemento,bairro_cruzamento,sentido_via,tipo,descricao,auto,moto,ciclom,ciclista,pedestre,onibus,caminhao,viatura,outros,vitimas,vitimasfatais,acidente_verificado,tempo_clima,situacao_semaforo,sinalizacao,condicao_via,conservacao_via,ponto_controle,situacao_placa,velocidade_max_via,mao_direcao,divisao_via1,natureza,ano,mes,dia,dia_semana,hora_ocorrencia
2021-12-14,08:37:00,COM VÍTIMA,FINALIZADA,BOA VISTA,AV CONDE DA BOA VISTA,RUA GONCALVES MAIA,PROX. AO POSTO SHELL,BOA VISTA,SUBURBIO,COLISÃO COM CICLISTA,Não informado,0.0,1.0,0.0,1.0,0.0,0.0,0.0,0.0,0.0,1.0,0.0,Cruzamento,Bom,Sem defeito,Perfeito estado,Seca,Perfeito estado,Faixa de pedestre,R-6c,60.0,Dupla,Canteiro central,Não informado,2021,12,14,1,8.0
2021-12-14,09:01:00,COM VÍTIMA,FINALIZADA,BOA VISTA,AV CONDE DA BOA VISTA,Não informado,EM FRENTE AO GRAU TECNICO E TINTAS SHERWIN WILLIANS,BOA VISTA,CIDADE,COLISÃO COM CICLISTA,Não informado,1.0,0.0,0.0,1.0,0.0,0.0,0.0,0.0,0.0,1.0,0.0,Longo da via,Bom,Não existe,Perfeito estado,Seca,Perfeito estado,Não informado,Não informado,60.0,Dupla,Canteiro central,Não informado,2021,12,14,1,9.0
2021-12-14,09:27:00,COM VÍTIMA,FINALIZADA,JOANA BEZERRA,VDO PAPA JOAO PAULO II,Não informado,FINAL DO VIADUTO SENT DERBY,JOANA BEZERRA,OLINDA,COLISÃO TRASEIRA,Não informado,1.0,1.0,0.0,0.0,0.0,0.0,0.0,0.0,0.0,1.0,0.0,Viaduto,Bom,Não existe,Não existente,Seca,Perfeito estado,Não existe,Não há placas,60.0,Única,Canteiro central,Não informado,2021,12,14,1,9.0
2021-12-14,13:17:00,COM VÍTIMA,FINALIZADA,IPUTINGA,RUA MINISTRO JOAO ALBERTO,Não informado,EM FRENTE AO EDIFICIO GRANADA,IPUTINGA,CIDADE,COLISÃO FRONTAL,Não informado,2.0,1.0,0.0,0.0,0.0,0.0,0.0,0.0,0.0,1.0,0.0,Longo da via,Bom,Não existe,Perfeito estado,Seca,Perfeito estado,Não existe,Não há placas,60.0,Dupla,Faixa seccionada,Não informado,2021,12,14,1,13.0
2021-12-14,14:57:00,COM VÍTIMA,FINALIZADA,AFOGADOS,RUA SAO MIGUEL,RUA GUARAMIRIM,EM FRENTE À DUDA AR PARA AUTOS,AFOGADOS,SUBURBIO,COLISÃO TRASEIRA,Não informado,1.0,1.0,0.0,0.0,0.0,0.0,0.0,0.0,0.0,1.0,0.0,Longo da via,Bom,Não existe,Perfeito estado,Seca,Perfeito estado,Não existe,Não há placas,60.0,Dupla,Faixa contínua,Não informado,2021,12,14,1,14.0
2021-12-14,16:11:00,COM VÍTIMA,FINALIZADA,TEJIPIÓ,AV LIBERDADE,Não informado,EM FRENTE AO CEMITÉRIO PARQUE DAS FLORES,TEJIPIÓ,SUBURBIO,COLISÃO LATERAL,Não informado,1.0,1.0,0.0,0.0,0.0,0.0,0.0,0.0,0.0,1.0,0.0,Longo da via,Bom,Sem defeito,Ilegível,Seca,Perfeito estado,Faixa de retenção,Não há placas,40.0,Dupla,Não existe,Não informado,2021,12,14,1,16.0
2021-12-14,17:17:00,COM VÍTIMA,FINALIZADA,CASA AMARELA,RUA DA ESTRELA,RUA FERREIRA LOPES,E/F AO EDF SAINT SEBASTIEN E AO LADO DO EDIFÍCIO VEVADALVA,CASA AMARELA,EMBAIXADA CHINESA,COLISÃO LATERAL,Não informado,1.0,1.0,0.0,0.0,0.0,0.0,0.0,0.0,0.0,1.0,0.0,Longo da via,Bom,Não existe,Perfeito estado,Seca,Perfeito estado,Não existe,"Placas ""Pare""",40.0,Dupla,Faixa seccionada,Não informado,2021,12,14,1,17.0
2021-12-14,18:17:00,COM VÍTIMA,CANCELADA,TORRE,RUA PIO NONO,Não informado,PROX A PADARIA IRAJA,TORRE,Não informado,COLISÃO TRASEIRA,Não informado,1.0,0.0,0.0,0.0,0.0,0.0,1.0,0.0,0.0,1.0,0.0,Não informado,Não informado,Não informado,Não informado,Não informado,Não informado,Não informado,Não informado,60.0,Não informado,Não informado,Não informado,2021,12,14,1,18.0
2021-12-14,18:55:00,SEM VÍTIMA,CANCELADA,ENCRUZILHADA,RUA AMARO COUTINHO,Não informado,E/F A PRAÇA DOS CAMINHONEIROS,ENCRUZILHADA,Não informado,COLISÃO LATERAL,Não informado,1.0,0.0,0.0,0.0,0.0,0.0,0.0,1.0,0.0,0.0,0.0,Não informado,Não informado,Não informado,Não informado,Não informado,Não informado,Não informado,Não informado,60.0,Não informado,Não informado,Não informado,2021,12,14,1,18.0
2021-12-15,07:51:00,COM VÍTIMA,FINALIZADA,CAXANGÁ,AV CAXANGA,Não informado,EM FRENTE AO POSTO IPUTINGA,CAXANGÁ,CIDADE,ATROPELAMENTO DE PESSOA,Não informado,0.0,1.0,0.0,0.0,1.0,0.0,0.0,0.0,0.0,1.0,0.0,Longo da via,Bom,Sem defeito,Perfeito estado,Seca,Perfeito estado,Agente,R-32,60.0,Dupla,Faixa contínua,Não informado,2021,12,15,2,7.0
2021-12-15,11:13:00,COM VÍTIMA,FINALIZADA,JOANA BEZERRA,VIADUTO CAPITAO TEMUDO,Não informado,APOS O HOSPITAL PORTUGUEL ao lado do forum rodolfo aureliano,JOANA BEZERRA,BOA VIAGEM,COLISÃO TRASEIRA,Não informado,1.0,1.0,0.0,0.0,0.0,0.0,0.0,0.0,0.0,1.0,0.0,Viaduto,Bom,Não existe,Perfeito estado,Seca,Perfeito estado,Não existe,Não há placas,60.0,Dupla,Canteiro central,Não informado,2021,12,15,2,11.0
2021-12-15,11:16:00,COM VÍTIMA,FINALIZADA,ESPINHEIRO,RUA GOMES PACHECO,RUA MARQUES DO PARANA,EM FRENTE AO EDF LIVING GLUB,ESPINHEIRO,SUBURBIO,COLISÃO FRONTAL,Não informado,1.0,1.0,0.0,0.0,0.0,0.0,0.0,0.0,0.0,1.0,0.0,Cruzamento,Bom,Não existe,Incompleta,Seca,Perfeito estado,Agente,"Placas ""Pare""",60.0,Única,Não existe,Não informado,2021,12,15,2,11.0
2021-12-15,11:58:00,COM VÍTIMA,FINALIZADA,CURADO,EST DO CURADO,Não informado,ACIDENTE COM VITIMA  ETHIOS ATROPELOU UMA SRA. DE IDADE,CURADO,CIDADE,ATROPELAMENTO DE PESSOA,Não informado,1.0,0.0,0.0,0.0,1.0,0.0,0.0,0.0,0.0,1.0,0.0,Longo da via,Bom,Não existe,Não existente,Seca,Mal conservada,Não existe,Não há placas,30.0,Dupla,Não existe,Não informado,2021,12,15,2,11.0
2021-12-15,12:08:00,SEM VÍTIMA,CANCELADA,SANTO AMARO,AV GOVERNADOR AGAMENON MAGALHAES,Não informado,ACIDENTE ENTRE MOTO E  BICICLETA,SANTO AMARO,SUBURBIO,COLISÃO COM CICLISTA,Não informado,0.0,1.0,0.0,1.0,0.0,0.0,0.0,0.0,0.0,0.0,0.0,Não informado,Não informado,Não informado,Não informado,Não informado,Não informado,Não informado,Não informado,60.0,Não informado,Não informado,Não informado,2021,12,15,2,12.0
2021-12-15,18:15:00,COM VÍTIMA,FINALIZADA,BOA VIAGEM,RUA CAMBOIM,RUA CRUZEIRO DO FORTE,E/F A GALERIA SETUBAL CENTER,BOA VIAGEM,Não informado,COLISÃO TRANSVERSAL,Não informado,1.0,2.0,0.0,0.0,0.0,0.0,0.0,0.0,0.0,2.0,0.0,Cruzamento,Bom,Não existe,Perfeito estado,Seca,Perfeito estado,Não existe,"Placas ""Pare""",60.0,Dupla,Faixa seccionada,Não informado,2021,12,15,2,18.0
2021-12-16,08:41:00,COM VÍTIMA,CANCELADA,CAMPO GRANDE,EST DE BELEM,Não informado,Não informado,CAMPO GRANDE,Não informado,COLISÃO COM CICLISTA,Não informado,1.0,0.0,0.0,1.0,0.0,0.0,0.0,0.0,0.0,1.0,0.0,Não informado,Não informado,Não informado,Não informado,Não informado,Não informado,Não informado,Não informado,60.0,Não informado,Não informado,Não informado,2021,12,16,3,8.0
2021-12-16,13:52:00,COM VÍTIMA,FINALIZADA,IBURA,AV RECIFE,Não informado,EM FRENTE AO ATACAMAX. APÓS A ENTRADA DO IBURA,IBURA,AEROPORTO,COLISÃO TRASEIRA,Não informado,3.0,0.0,0.0,0.0,0.0,0.0,0.0,0.0,0.0,1.0,0.0,Longo da via,Bom,Não existe,Perfeito estado,Seca,Perfeito estado,Não existe,Outras,60.0,Dupla,Faixa contínua,Não informado,2021,12,16,3,13.0
2021-12-16,14:44:00,SEM VÍTIMA,FINALIZADA,ILHA DO LEITE,RUA MARQUES AMORIM,RUA MINAS GERAIS,AO LADO DO NÚMERO 620,ILHA DO LEITE,Não informado,Não informado,Não informado,2.0,1.0,0.0,0.0,0.0,0.0,0.0,0.0,0.0,0.0,0.0,Cruzamento,Bom,Não existe,Perfeito estado,Seca,Perfeito estado,Faixa de retenção,Não informado,60.0,Dupla,Faixa seccionada,Não informado,2021,12,16,3,14.0
2021-12-16,20:41:00,SEM VÍTIMA,CANCELADA,BOMBA DO HEMETÉRIO,RUA BOMBA DO HEMETERIO,Não informado,PRÓX A ESCOLA GIGANTE DO SAMBA,BOMBA DO HEMETÉRIO,Não informado,COLISÃO TRASEIRA,Não informado,0.0,0.0,0.0,0.0,0.0,0.0,0.0,0.0,0.0,0.0,0.0,Não informado,Não informado,Não informado,Não informado,Não informado,Não informado,Não informado,Não informado,60.0,Não informado,Não informado,Não informado,2021,12,16,3,20.0
2021-12-16,21:20:40,COM VÍTIMA,CANCELADA,VÁRZEA,AV BARAO DE BONITO,Não informado,PRÓX AO SUPERMERCADO ANDRADE,VÁRZEA,Não informado,COLISÃO LATERAL,Não informado,0.0,0.0,0.0,0.0,0.0,0.0,0.0,0.0,0.0,1.0,0.0,Não informado,Não informado,Não informado,Não informado,Não informado,Não informado,Não informado,Não informado,60.0,Não informado,Não informado,Não informado,2021,12,16,3,21.0
2021-12-16,22:57:40,COM VÍTIMA,FINALIZADA,AFOGADOS,RUA SAO MIGUEL,RUA DRA ITAMAR DE MORAIS E SILVA,PROXIMO AO BODE DO NÔ,AFOGADOS,SUBURBIO,COLISÃO LATERAL,Não informado,1.0,1.0,0.0,0.0,0.0,0.0,0.0,0.0,0.0,1.0,0.0,Cruzamento,Bom,Não existe,Perfeito estado,Seca,Perfeito estado,Não existe,Não há placas,60.0,Dupla,Faixa contínua,Não informado,2021,12,16,3,22.0
2021-12-17,12:20:00,COM VÍTIMA,FINALIZADA,BOA VIAGEM,AV GENERAL MAC ARTHUR,Não informado,EM FRENTE AO LE PARC,BOA VIAGEM,SUBURBIO,COLISÃO COM CICLISTA,Não informado,0.0,1.0,0.0,1.0,0.0,0.0,0.0,0.0,0.0,1.0,0.0,Longo da via,Bom,Sem defeito,Perfeito estado,Seca,Perfeito estado,Faixa de pedestre,Outras,40.0,Única,Faixa seccionada,Não informado,2021,12,17,4,12.0
2021-12-17,14:31:00,COM VÍTIMA,CANCELADA,BOA VIAGEM,RUA FRANCISCO DA CUNHA,Não informado,Não informado,BOA VIAGEM,Não informado,COLISÃO TRASEIRA,Não informado,1.0,1.0,0.0,0.0,0.0,0.0,0.0,0.0,0.0,1.0,0.0,Não informado,Não informado,Não informado,Não informado,Não informado,Não informado,Não informado,Não informado,60.0,Não informado,Não informado,Não informado,2021,12,17,4,14.0
2021-12-17,17:43:00,COM VÍTIMA,FINALIZADA,JIQUIÁ,AV DR JOSE RUFINO,RUA MORAIS E SILVA,EM FRENTE A GALERIA MARGARIDA,JIQUIÁ,Não informado,COLISÃO TRASEIRA,Não informado,1.0,1.0,0.0,0.0,0.0,0.0,0.0,0.0,0.0,1.0,0.0,Cruzamento,Bom,Não existe,Perfeito estado,Seca,Perfeito estado,Não existe,R-6a,60.0,Dupla,Faixa contínua,Não informado,2021,12,17,4,17.0
2021-12-17,22:30:40,COM VÍTIMA,CANCELADA,AFOGADOS,RUA COSME VIANA,EST DO BONGI,CRUZAMENTO,AFOGADOS,Não informado,COLISÃO FRONTAL,Não informado,1.0,1.0,0.0,0.0,0.0,0.0,0.0,0.0,0.0,1.0,0.0,Não informado,Não informado,Não informado,Não informado,Não informado,Não informado,Não informado,Não informado,60.0,Não informado,Não informado,Não informado,2021,12,17,4,22.0
2021-12-18,07:48:00,COM VÍTIMA,FINALIZADA,SAN MARTIN,AV GENERAL SAN MARTIN,AV JOAO CABRAL DE MELO NETO,Não informado,SAN MARTIN,SUBURBIO,COLISÃO COM CICLISTA,Não informado,0.0,1.0,0.0,1.0,0.0,0.0,0.0,0.0,0.0,3.0,0.0,Longo da via,Bom,Sem defeito,Perfeito estado,Seca,Perfeito estado,Não existe,Não há placas,40.0,Dupla,Faixa contínua,Não informado,2021,12,18,5,7.0
2021-12-18,08:50:00,COM VÍTIMA,FINALIZADA,IPSEP,RUA JEAN EMILE FAVRE,Não informado,EM FRENTE O SUPERMERCADO QUALY PREÇO,IPSEP,CIDADE,COLISÃO TRANSVERSAL,Não informado,1.0,1.0,0.0,0.0,0.0,0.0,0.0,0.0,0.0,1.0,0.0,Longo da via,Bom,Sem defeito,Perfeito estado,Seca,Perfeito estado,Não existe,Não há placas,40.0,Dupla,Faixa contínua,Não informado,2021,12,18,5,8.0
2021-12-19,07:15:00,COM VÍTIMA,FINALIZADA,ARRUDA,RUA PROFESSOR JERONIMO GUEIROS,RUA MEM DE SA,PROX. A COCA-COLA,ARRUDA,CIDADE,COLISÃO LATERAL,Não informado,1.0,1.0,0.0,0.0,0.0,0.0,0.0,0.0,0.0,2.0,0.0,Cruzamento,Bom,Sem defeito,Perfeito estado,Seca,Perfeito estado,Faixa de pedestre,Não informado,30.0,Dupla,Faixa seccionada,Não informado,2021,12,19,6,7.0
2021-12-19,16:32:00,COM VÍTIMA,FINALIZADA,IPUTINGA,AV MAURICIO DE NASSAU,Não informado,POR TRÁS DO PARQUE DE EXPOSIÇÕES DO CORDEIRO,IPUTINGA,SUBURBIO,COLISÃO LATERAL,Não informado,1.0,1.0,0.0,0.0,0.0,0.0,0.0,0.0,0.0,2.0,0.0,Longo da via,Bom,Não existe,Perfeito estado,Seca,Perfeito estado,Não existe,Não há placas,40.0,Dupla,Faixa contínua,Não informado,2021,12,19,6,16.0
2021-12-19,18:43:00,COM VÍTIMA,FINALIZADA,IBURA,AV DOIS RIOS,Não informado,E/F A PIZZARIA PRIME,IBURA,Não informado,COLISÃO TRANSVERSAL,Não informado,1.0,1.0,0.0,0.0,0.0,0.0,0.0,0.0,0.0,1.0,0.0,Longo da via,Bom,Sem defeito,Perfeito estado,Seca,Perfeito estado,Não informado,R-6a,60.0,Dupla,Faixa contínua,Não informado,2021,12,19,6,18.0
2021-12-19,19:06:00,SEM VÍTIMA,CANCELADA,IPSEP,RUA POTENGI,Não informado,E/F A GALERIA MARIA DE LURDES,IPSEP,Não informado,COLISÃO TRASEIRA,Não informado,0.0,0.0,0.0,0.0,0.0,0.0,0.0,0.0,0.0,0.0,0.0,Não informado,Não informado,Não informado,Não informado,Não informado,Não informado,Não informado,Não informado,60.0,Não informado,Não informado,Não informado,2021,12,19,6,19.0
2021-12-20,03:50:00,COM VÍTIMA,FINALIZADA,TORRÕES,AV ENGENHEIRO ABDIAS DE CARVALHO,Não informado,PRÓXIMO A YOKI,TORRÕES,SUBURBIO,COLISÃO LATERAL,Não informado,1.0,1.0,0.0,0.0,0.0,0.0,0.0,0.0,0.0,1.0,0.0,Longo da via,Chuvoso,Não existe,Perfeito estado,Molhada,Perfeito estado,Não existe,Não há placas,60.0,Dupla,Faixa seccionada,Não informado,2021,12,20,0,3.0
2021-12-20,05:07:00,SEM VÍTIMA,FINALIZADA,SANTO AMARO,AV CRUZ CABUGA,Não informado,EM FRENTE AO SHOPPING TACARUNA,SANTO AMARO,SUBURBIO,CHOQUE,Não informado,0.0,0.0,0.0,0.0,0.0,1.0,0.0,0.0,0.0,0.0,0.0,Não informado,Não informado,Não informado,Não informado,Não informado,Não informado,Não informado,Não informado,60.0,Não informado,Não informado,Não informado,2021,12,20,0,5.0
2021-12-20,10:35:00,COM VÍTIMA,FINALIZADA,IMBIRIBEIRA,AV GENERAL MAC ARTHUR,Não informado,E/F AO EDIFICIO LE PARC,IMBIRIBEIRA,SUBURBIO,COLISÃO TRANSVERSAL,Não informado,1.0,1.0,0.0,0.0,0.0,0.0,0.0,0.0,0.0,1.0,0.0,Longo da via,Bom,Não existe,Perfeito estado,Seca,Perfeito estado,Não existe,Não há placas,40.0,Única,Não existe,Não informado,2021,12,20,0,10.0
2021-12-20,11:35:00,COM VÍTIMA,FINALIZADA,IMBIRIBEIRA,RUA JEAN EMILE FAVRE,RUA ITAJAI,PRÓX À LIG PEÇAS ATACADO,IMBIRIBEIRA,SUBURBIO,COLISÃO TRANSVERSAL,Não informado,1.0,1.0,0.0,0.0,0.0,0.0,0.0,0.0,0.0,2.0,0.0,Cruzamento,Bom,Não existe,Perfeito estado,Seca,Perfeito estado,Não existe,Não há placas,40.0,Única,Não existe,Não informado,2021,12,20,0,11.0
2021-12-20,13:22:00,SEM VÍTIMA,FINALIZADA,SANTO AMARO,AV GOVERNADOR AGAMENON MAGALHAES,Não informado,LADO OPOSTO AO UNICORDIS,SANTO AMARO,Não informado,COLISÃO TRASEIRA,Não informado,2.0,0.0,0.0,0.0,0.0,0.0,0.0,0.0,0.0,0.0,0.0,Longo da via,Bom,Sem defeito,Perfeito estado,Seca,Perfeito estado,Faixa de pedestre,R-6c,60.0,Dupla,Canal,Não informado,2021,12,20,0,13.0
2021-12-20,15:56:00,SEM VÍTIMA,FINALIZADA,ENCRUZILHADA,EST DE BELEM,Não informado,PRÓX AO BANCO ITAÚ,ENCRUZILHADA,Não informado,COLISÃO TRASEIRA,Não informado,2.0,0.0,0.0,0.0,0.0,0.0,0.0,0.0,0.0,0.0,0.0,Não informado,Não informado,Não informado,Não informado,Não informado,Não informado,Não informado,Não informado,60.0,Não informado,Não informado,Não informado,2021,12,20,0,15.0
2021-12-20,16:39:00,SEM VÍTIMA,FINALIZADA,SAN MARTIN,RUA JOSE VELOSO,RUA APULCRO DE ASSUNCAO,RUA AO LADO DA CAVALARIA,SAN MARTIN,Não informado,COLISÃO FRONTAL,Não informado,1.0,1.0,0.0,0.0,0.0,0.0,0.0,0.0,0.0,0.0,0.0,Não informado,Não informado,Não informado,Não informado,Não informado,Não informado,Não informado,Não informado,60.0,Não informado,Não informado,Não informado,2021,12,20,0,16.0
2021-12-20,20:38:00,COM VÍTIMA,FINALIZADA,CAMPO GRANDE,RUA PROFESSOR FRANCISCO DA TRINDADE,Não informado,PROX AO CLUBE DAS PAES,CAMPO GRANDE,SUBURBIO,COLISÃO TRANSVERSAL,Não informado,1.0,1.0,0.0,0.0,0.0,0.0,0.0,0.0,0.0,1.0,0.0,Longo da via,Bom,Não existe,Perfeito estado,Seca,Perfeito estado,Não informado,Não há placas,60.0,Dupla,Não existe,Não informado,2021,12,20,0,20.0
2021-12-21,01:54:00,SEM VÍTIMA,FINALIZADA,IMBIRIBEIRA,AV MARECHAL MASCARENHAS DE MORAES,Não informado,E/F AO GERALDÃO,IMBIRIBEIRA,Não informado,COLISÃO TRANSVERSAL,Não informado,2.0,0.0,0.0,0.0,0.0,0.0,0.0,0.0,0.0,0.0,0.0,Não informado,Não informado,Não informado,Não informado,Não informado,Não informado,Não informado,Não informado,60.0,Não informado,Não informado,Não informado,2021,12,21,1,1.0
2021-12-21,09:45:00,COM VÍTIMA,FINALIZADA,CAXANGÁ,AV CAXANGA,Não informado,EM FRENTE AO COMPAZ,CAXANGÁ,CIDADE,COLISÃO LATERAL,Não informado,0.0,2.0,0.0,0.0,0.0,0.0,0.0,0.0,0.0,1.0,0.0,Longo da via,Bom,Sem defeito,Perfeito estado,Seca,Perfeito estado,Faixa de pedestre,R-6a,60.0,Dupla,Canteiro central,Não informado,2021,12,21,1,9.0
2021-12-21,10:12:00,COM VÍTIMA,FINALIZADA,BOA VIAGEM,RUA DEZ DE JULHO,RUA CAMBOIM,EM FRENTE A MAISON CHRISTAL,BOA VIAGEM,CIDADE,COLISÃO LATERAL,Não informado,1.0,1.0,0.0,0.0,0.0,0.0,0.0,0.0,0.0,1.0,0.0,Cruzamento,Bom,Não existe,Perfeito estado,Seca,Perfeito estado,Faixa de pedestre,Não há placas,60.0,Única,Faixa seccionada,Não informado,2021,12,21,1,10.0
2021-12-21,10:38:00,COM VÍTIMA,FINALIZADA,BOA VIAGEM,RUA PROFESSOR EDUARDO WANDERLEY FILHO,RUA FRANCISCO DA CUNHA,EDIFÍCIO STÚDIO BOA VIAGEM,BOA VIAGEM,SUBURBIO,COLISÃO LATERAL,Não informado,1.0,1.0,0.0,0.0,0.0,0.0,0.0,0.0,0.0,1.0,0.0,Cruzamento,Bom,Não existe,Perfeito estado,Seca,Perfeito estado,Faixa de retenção,"Placas ""Pare""",60.0,Única,Não existe,Não informado,2021,12,21,1,10.0
2021-12-21,12:22:00,COM VÍTIMA,FINALIZADA,JIQUIÁ,RUA SAO MIGUEL,Não informado,PROX A FABRICA DA IOLANDA POLO NORTE MOTOS,JIQUIÁ,CIDADE,COLISÃO LATERAL,Não informado,0.0,1.0,0.0,0.0,0.0,1.0,0.0,0.0,0.0,1.0,0.0,Longo da via,Bom,Não existe,Perfeito estado,Seca,Perfeito estado,Não existe,R-19,60.0,Dupla,Faixa contínua,Não informado,2021,12,21,1,12.0
2021-12-21,16:57:00,COM VÍTIMA,FINALIZADA,MADALENA,RUA BENFICA,RUA REAL DA TORRE,PROXIMO AO MUSEU DA ABOLIÇÃO,MADALENA,CIDADE,COLISÃO TRANSVERSAL,Não informado,1.0,0.0,0.0,0.0,0.0,1.0,0.0,0.0,0.0,2.0,0.0,Longo da via,Bom,Sem defeito,Perfeito estado,Seca,Perfeito estado,Faixa de pedestre,Não há placas,60.0,Dupla,Faixa contínua,Não informado,2021,12,21,1,16.0
2021-12-21,18:42:00,COM VÍTIMA,CANCELADA,TOTÓ,RUA PAPANDUVA,Não informado,PRÓX A ASSOCIAÇÃO DOS MORADORES DE TÓTÓ,TOTÓ,Não informado,ATROPELAMENTO DE PESSOA,Não informado,1.0,0.0,0.0,0.0,1.0,0.0,0.0,0.0,0.0,1.0,0.0,Não informado,Não informado,Não informado,Não informado,Não informado,Não informado,Não informado,Não informado,60.0,Não informado,Não informado,Não informado,2021,12,21,1,18.0
2021-12-21,21:14:40,COM VÍTIMA,FINALIZADA,TORRE,RUA CONDE DE IRAJA,RUA JOSE BONIFACIO,SEMÁFORO 191,TORRE,SUBURBIO,COLISÃO LATERAL,Não informado,1.0,1.0,0.0,0.0,0.0,0.0,0.0,0.0,0.0,1.0,0.0,Longo da via,Bom,Sem defeito,Perfeito estado,Seca,Perfeito estado,Faixa de pedestre,Outras,60.0,Única,Não informado,Não informado,2021,12,21,1,21.0
2021-12-21,23:00:40,COM VÍTIMA,FINALIZADA,BOA VISTA,RUA DO PRINCIPE,RUA DO SOSSEGO,NO CRUZAMENTO MESMO,BOA VISTA,CIDADE,COLISÃO LATERAL,Não informado,2.0,0.0,0.0,0.0,0.0,0.0,0.0,0.0,0.0,1.0,0.0,Cruzamento,Bom,Não existe,Perfeito estado,Seca,Perfeito estado,Não existe,Não há placas,60.0,Única,Faixa seccionada,Não informado,2021,12,21,1,23.0
2021-12-22,05:42:00,SEM VÍTIMA,FINALIZADA,ILHA DO RETIRO,AV ENGENHEIRO ABDIAS DE CARVALHO,Não informado,EM FRENTE AO BOB'S,ILHA DO RETIRO,CIDADE,COLISÃO TRASEIRA,Não informado,1.0,0.0,0.0,0.0,0.0,1.0,0.0,0.0,0.0,0.0,0.0,Longo da via,Bom,Sem defeito,Perfeito estado,Seca,Perfeito estado,Faixa de pedestre,Outras,60.0,Única,Faixa seccionada,Não informado,2021,12,22,2,5.0
2021-12-22,11:54:00,COM VÍTIMA,FINALIZADA,SANTO AMARO,RUA DA AURORA,Não informado,PONTE LIMOEIRO E AO LADO DO HOSPITAL,SANTO AMARO,SUBURBIO,COLISÃO COM CICLISTA,Não informado,1.0,0.0,0.0,1.0,0.0,0.0,0.0,0.0,0.0,1.0,0.0,Longo da via,Bom,Sem defeito,Perfeito estado,Seca,Perfeito estado,Agente,Não há placas,60.0,Única,Faixa contínua,Não informado,2021,12,22,2,11.0
2021-12-22,12:45:00,COM VÍTIMA,FINALIZADA,CORDEIRO,RUA DR MIGUEL VIEIRA FERREIRA,Não informado,PROXIMO AO SEMÁFORO 249,CORDEIRO,CIDADE,COLISÃO LATERAL,Não informado,1.0,1.0,0.0,0.0,0.0,0.0,0.0,0.0,0.0,1.0,0.0,Cruzamento,Bom,Sem defeito,Perfeito estado,Seca,Perfeito estado,Faixa de pedestre,Não há placas,60.0,Dupla,Faixa contínua,Não informado,2021,12,22,2,12.0
2021-12-23,03:15:00,COM VÍTIMA,FINALIZADA,CAMPO GRANDE,EST DE BELEM,Não informado,E/F AO COLÉGIO JESUS CRUCIFICADO,CAMPO GRANDE,SUBURBIO,CHOQUE,Não informado,1.0,0.0,0.0,0.0,0.0,0.0,0.0,0.0,0.0,1.0,0.0,Longo da via,Chuvoso,Não existe,Perfeito estado,Molhada,Perfeito estado,Não existe,Não há placas,60.0,Dupla,Faixa contínua,Não informado,2021,12,23,3,3.0
2021-12-23,09:04:00,COM VÍTIMA,CANCELADA,BOA VISTA,AV CONDE DA BOA VISTA,Não informado,E/F AO CURSO TRANSWORLD,BOA VISTA,SUBURBIO,COLISÃO TRASEIRA,Não informado,1.0,1.0,0.0,0.0,0.0,0.0,0.0,0.0,0.0,1.0,0.0,Não informado,Não informado,Não informado,Não informado,Não informado,Não informado,Não informado,Não informado,60.0,Não informado,Não informado,Não informado,2021,12,23,3,9.0
2021-12-23,09:39:00,SEM VÍTIMA,FINALIZADA,PRADO,RUA JOAO IVO DA SILVA,AV ENGENHEIRO ABDIAS DE CARVALHO,AO LADO DO HABIB'S,PRADO,Não informado,Não informado,Não informado,1.0,0.0,0.0,0.0,0.0,0.0,1.0,0.0,0.0,0.0,0.0,Longo da via,Bom,Sem defeito,Perfeito estado,Seca,Perfeito estado,Faixa de pedestre,R-6a,60.0,Única,Faixa seccionada,Não informado,2021,12,23,3,9.0
2021-12-23,13:53:00,SEM VÍTIMA,FINALIZADA,SANTO AMARO,AV PREFEITO ARTUR LIMA CAVALCANTI,Não informado,POR TRÁS DO HOSPITAL NAVAL DO RECIFE,SANTO AMARO,SUBURBIO,CAPOTAMENTO,Não informado,0.0,0.0,0.0,0.0,0.0,0.0,1.0,0.0,0.0,0.0,0.0,Não informado,Bom,Não existe,Perfeito estado,Seca,Perfeito estado,Não existe,Não há placas,30.0,Dupla,Canteiro central,Não informado,2021,12,23,3,13.0