data,hora,natureza_acidente,situacao,bairro,endereco,detalhe_endereco_acidente,complemento,bairro_cruzamento,sentido_via,tipo,descricao,auto,moto,ciclom,ciclista,pedestre,onibus,caminhao,viatura,outros,vitimas,vitimasfatais,acidente_verificado,tempo_clima,situacao_semaforo,sinalizacao,condicao_via,conservacao_via,ponto_controle,situacao_placa,velocidade_max_via,mao_direcao,divisao_via1,natureza,ano,mes,dia,dia_semana,hora_ocorrencia
2021-12-23,14:32:00,COM VÍTIMA,FINALIZADA,JAQUEIRA,RUA LEONARDO BEZERRA CAVALCANTE,Não informado,PRÓX AO HOSPITAL MARIA LUCINDA,JAQUEIRA,Não informado,COLISÃO LATERAL,Não informado,1.0,1.0,0.0,0.0,0.0,0.0,0.0,0.0,0.0,1.0,0.0,Longo da via,Bom,Sem defeito,Perfeito estado,Seca,Perfeito estado,Outros,Outras,60.0,Dupla,Faixa seccionada,Não informado,2021,12,23,3,14.0
2021-12-23,16:09:00,COM VÍTIMA,FINALIZADA,CORDEIRO,RUA FIRMINO DE BARROS,Não informado,EM FRENTE A CENTRO CAR,CORDEIRO,Não informado,QUEDA,Não informado,0.0,1.0,0.0,0.0,0.0,0.0,0.0,0.0,0.0,1.0,0.0,Longo da via,Bom,Não existe,Não existente,Seca,Perfeito estado,Não existe,Não há placas,60.0,Dupla,Não existe,Não informado,2021,12,23,3,16.0
2021-12-23,16:15:00,COM VÍTIMA,FINALIZADA,CASA AMARELA,AV NORTE MIGUEL ARRAES DE ALENCAR,Não informado,EM FRENTE AO MORADA DA PAZ ESSENCIAL,CASA AMARELA,CIDADE,ATROPELAMENTO DE PESSOA,Não informado,0.0,1.0,0.0,0.0,1.0,0.0,0.0,0.0,0.0,1.0,0.0,Longo da via,Chuvoso,Sem defeito,Perfeito estado,Molhada,Perfeito estado,Não existe,Outras,60.0,Única,Faixa contínua,Não informado,2021,12,23,3,16.0
2021-12-24,00:40:00,COM VÍTIMA,FINALIZADA,SANTO AMARO,AV GOVERNADOR AGAMENON MAGALHAES,RUA ODORICO MENDES,Não informado,SANTO AMARO,CIDADE,COLISÃO TRANSVERSAL,Não informado,1.0,1.0,0.0,0.0,0.0,0.0,0.0,0.0,0.0,1.0,0.0,Cruzamento,Bom,Sem defeito,Perfeito estado,Seca,Perfeito estado,Não informado,Não informado,60.0,Dupla,Outros,Não informado,2021,12,24,4,0.0
2021-12-24,07:52:00,OUTROS,FINALIZADA,CAXANGÁ,AV JOAQUIM RIBEIRO,Não informado,"SENT. CIDADE, NA SUBIDA DA PONTE PROX. A UPA",CAXANGÁ,Não informado,OUTROS,Não informado,1.0,0.0,0.0,0.0,0.0,0.0,0.0,0.0,0.0,0.0,0.0,Não informado,Não informado,Não informado,Não informado,Não informado,Não informado,Não informado,Não informado,60.0,Não informado,Não informado,Não informado,2021,12,24,4,7.0
2021-12-24,10:01:00,COM VÍTIMA,FINALIZADA,TAMARINEIRA,AV PROFESSOR JOSE DOS ANJOS,Não informado,APÓS O CRUZAMENTO DA ESTRADA VELHA,TAMARINEIRA,SESC,QUEDA,Não informado,0.0,1.0,0.0,0.0,0.0,0.0,0.0,0.0,0.0,1.0,0.0,Longo da via,Bom,Não existe,Perfeito estado,Seca,Perfeito estado,Não existe,Não há placas,60.0,Dupla,Canal,Não informado,2021,12,24,4,10.0
2021-12-24,12:47:00,COM VÍTIMA,CANCELADA,PINA,AVENIDA CELSO FURTADO (VIA MANGUE),Não informado,PRÓX AO 19° BPM,PINA,Não informado,COLISÃO COM CICLISTA,Não informado,0.0,1.0,0.0,1.0,0.0,0.0,0.0,0.0,0.0,2.0,0.0,Não informado,Não informado,Não informado,Não informado,Não informado,Não informado,Não informado,Não informado,60.0,Não informado,Não informado,Não informado,2021,12,24,4,12.0
2021-12-24,14:15:00,COM VÍTIMA,FINALIZADA,IPUTINGA,RUA LEAL DE BARROS,RUA PEREIRA COUTINHO FILHO,PRÓX AO COLÉGIO EXPOENTE,IPUTINGA,SUBURBIO,COLISÃO FRONTAL,Não informado,1.0,1.0,0.0,0.0,0.0,0.0,0.0,0.0,0.0,1.0,0.0,Cruzamento,Bom,Não existe,Não existente,Seca,Perfeito estado,Não existe,Não há placas,40.0,Dupla,Faixa contínua,Não informado,2021,12,24,4,14.0
2021-12-24,17:15:00,COM VÍTIMA,FINALIZADA,AFOGADOS,RUA JACIRA,RUA CINCO DE NOVEMBRO,PRÓXIMO À BIBLIOTECA DE AFOGADOS,AFOGADOS,SUBURBIO,COLISÃO TRANSVERSAL,Não informado,1.0,1.0,0.0,0.0,0.0,0.0,0.0,0.0,0.0,2.0,0.0,Cruzamento,Bom,Não existe,Perfeito estado,Seca,Perfeito estado,Não existe,Não há placas,30.0,Dupla,Não existe,Não informado,2021,12,24,4,17.0
2021-12-24,19:12:00,COM VÍTIMA,FINALIZADA,PORTO DA MADEIRA,AV BEBERIBE,Não informado,SEMÁFORO 517,PORTO DA MADEIRA,SUBURBIO,COLISÃO TRANSVERSAL,Não informado,1.0,1.0,0.0,0.0,0.0,0.0,0.0,0.0,0.0,1.0,0.0,Longo da via,Bom,Não existe,Não existente,Seca,Mal conservada,Não existe,Não há placas,60.0,Dupla,Faixa contínua,Não informado,2021,12,24,4,19.0
2021-12-25,09:06:00,COM VÍTIMA,FINALIZADA,ESPINHEIRO,RUA CONS PORTELA,Não informado,E/F O BELAS ARTES,ESPINHEIRO,SUBURBIO,CHOQUE,Não informado,0.0,1.0,0.0,0.0,0.0,0.0,0.0,0.0,0.0,1.0,0.0,Longo da via,Chuvoso,Não existe,Perfeito estado,Seca,Perfeito estado,Outros,R-6a,60.0,Única,Faixa seccionada,Não informado,2021,12,25,5,9.0
2021-12-26,00:59:00,COM VÍTIMA,FINALIZADA,TORRE,RUA MARQUES DE MARICA,Não informado,PRÓXIMO Á PRAÇA DA TORRE,TORRE,SUBURBIO,ATROPELAMENTO DE PESSOA,Não informado,1.0,0.0,0.0,0.0,1.0,0.0,0.0,0.0,0.0,1.0,0.0,Longo da via,Chuvoso,Não existe,Perfeito estado,Molhada,Perfeito estado,Não existe,Não há placas,60.0,Única,Faixa seccionada,Não informado,2021,12,26,6,0.0
2021-12-26,01:12:00,SEM VÍTIMA,FINALIZADA,SANTO AMARO,AV CRUZ CABUGA,Não informado,EM FRENTE AO HOSPITAL DO CANCER,SANTO AMARO,Não informado,CHOQUE,Não informado,0.0,0.0,0.0,0.0,0.0,0.0,0.0,0.0,0.0,0.0,0.0,Não informado,Não informado,Não informado,Não informado,Não informado,Não informado,Não informado,Não informado,60.0,Não informado,Não informado,Não informado,2021,12,26,6,1.0
2021-12-26,02:33:00,COM VÍTIMA,FINALIZADA,BOA VIAGEM,RUA JOSE MARIA DE MIRANDA,AV ENGENHEIRO DOMINGOS FERREIRA,APÓS O BANCO DO BRASIL,BOA VIAGEM,SUBURBIO,COLISÃO TRANSVERSAL,Não informado,1.0,1.0,0.0,0.0,0.0,0.0,0.0,0.0,0.0,1.0,0.0,Cruzamento,Chuvoso,Sem defeito,Perfeito estado,Molhada,Perfeito estado,Faixa de retenção,Não há placas,60.0,Única,Faixa seccionada,Não informado,2021,12,26,6,2.0
2021-12-26,02:47:00,COM VÍTIMA,FINALIZADA,TAMARINEIRA,RUA CONEGO BARATA,EST DO ARRAIAL,EM FRENTE A CASAS JOSE ARAUJO,TAMARINEIRA,SUBURBIO,COLISÃO TRANSVERSAL,Não informado,1.0,0.0,0.0,0.0,0.0,1.0,0.0,0.0,0.0,1.0,0.0,Cruzamento,Chuvoso,Sem defeito,Perfeito estado,Molhada,Perfeito estado,Faixa de pedestre,Outras,60.0,Dupla,Canteiro central,Não informado,2021,12,26,6,2.0
2021-12-26,13:56:00,COM VÍTIMA,FINALIZADA,TOTÓ,RUA PAULINO DE FARIAS,Não informado,PROXIMO A ANTIGA ACADEMIA NOVA ERA,TOTÓ,SUBURBIO,COLISÃO FRONTAL,Não informado,1.0,1.0,0.0,0.0,0.0,0.0,0.0,0.0,0.0,1.0,0.0,Longo da via,Chuvoso,Não existe,Incompleta,Molhada,Perfeito estado,Não existe,Não há placas,60.0,Dupla,Não existe,Não informado,2021,12,26,6,13.0
2021-12-26,19:17:00,COM VÍTIMA,CANCELADA,PORTO DA MADEIRA,AV BEBERIBE,RUA CONS BARROS BARRETO,PRÓX AO EDF JP ll,PORTO DA MADEIRA,Não informado,COLISÃO LATERAL,Não informado,0.0,0.0,0.0,0.0,0.0,0.0,0.0,0.0,0.0,1.0,0.0,Não informado,Não informado,Não informado,Não informado,Não informado,Não informado,Não informado,Não informado,60.0,Não informado,Não informado,Não informado,2021,12,26,6,19.0
2021-12-27,06:06:00,SEM VÍTIMA,FINALIZADA,SANTO ANTÔNIO,RUA FLORIANO PEIXOTO,Não informado,EM FRENTE AO SEMÁFORO NÚMERO 668,SANTO ANTÔNIO,CIDADE,CHOQUE,Não informado,0.0,0.0,0.0,0.0,0.0,0.0,0.0,1.0,0.0,0.0,0.0,Longo da via,Bom,Sem defeito,Perfeito estado,Seca,Perfeito estado,Faixa de pedestre,R-6a,60.0,Única,Faixa contínua,Não informado,2021,12,27,0,6.0
2021-12-27,08:08:00,SEM VÍTIMA,FINALIZADA,SANTO AMARO,AV CRUZ CABUGA,Não informado,EM FRENTE AO HOSPITAL DO CÂNCER,SANTO AMARO,SUBURBIO,COLISÃO FRONTAL,Não informado,1.0,0.0,0.0,0.0,0.0,0.0,0.0,0.0,0.0,0.0,0.0,Longo da via,Bom,Não existe,Perfeito estado,Seca,Mal iluminada,Faixa de pedestre,Não há placas,40.0,Dupla,Blocos,Não informado,2021,12,27,0,8.0
2021-12-27,08:50:00,COM VÍTIMA,CANCELADA,MADALENA,EST DOS REMEDIOS,AV JOSE GONCALVES DE MEDEIROS,EM FRENTE A POLICLINICA,MADALENA,Não informado,COLISÃO LATERAL,Não informado,2.0,0.0,0.0,0.0,0.0,0.0,0.0,0.0,0.0,1.0,0.0,Não informado,Não informado,Não informado,Não informado,Não informado,Não informado,Não informado,Não informado,60.0,Não informado,Não informado,Não informado,2021,12,27,0,8.0
2021-12-27,13:49:00,COM VÍTIMA,FINALIZADA,ÁGUA FRIA,AV BEBERIBE,Não informado,EM FRENTE AO ACONCHEGO DECOR,ÁGUA FRIA,SUBURBIO,ATROPELAMENTO DE PESSOA,Não informado,0.0,0.0,0.0,0.0,1.0,1.0,0.0,0.0,0.0,1.0,0.0,Longo da via,Bom,Não existe,Perfeito estado,Seca,Perfeito estado,Faixa de pedestre,R-32,60.0,Dupla,Faixa contínua,Não informado,2021,12,27,0,13.0
2021-12-27,15:46:00,COM VÍTIMA,FINALIZADA,CORDEIRO,AV MAURICIO DE NASSAU,Não informado,PROXIMO AO GOE,CORDEIRO,CIDADE,COLISÃO LATERAL,Não informado,1.0,1.0,0.0,0.0,0.0,0.0,0.0,0.0,0.0,1.0,0.0,Longo da via,Bom,Não existe,Perfeito estado,Seca,Perfeito estado,Não existe,Não há placas,60.0,Dupla,Faixa contínua,Não informado,2021,12,27,0,15.0
2021-12-28,01:11:00,SEM VÍTIMA,FINALIZADA,TAMARINEIRA,RUA PADRE ROMA,RUA DO FUTURO,Não informado,TAMARINEIRA,Não informado,CHOQUE,Não informado,0.0,0.0,0.0,0.0,0.0,0.0,0.0,0.0,0.0,0.0,0.0,Não informado,Não informado,Não informado,Não informado,Não informado,Não informado,Não informado,Não informado,60.0,Não informado,Não informado,Não informado,2021,12,28,1,1.0
2021-12-28,08:05:00,COM VÍTIMA,FINALIZADA,SANTO AMARO,AV CRUZ CABUGA,Não informado,EM FRENTE AO HOSPITAL DO CANCER SENT. CIDADE,SANTO AMARO,CIDADE,COLISÃO TRASEIRA,Não informado,1.0,1.0,0.0,0.0,0.0,0.0,0.0,0.0,0.0,1.0,0.0,Longo da via,Bom,Sem defeito,Perfeito estado,Seca,Perfeito estado,Não existe,Não há placas,60.0,Dupla,Blocos,Não informado,2021,12,28,1,8.0
2021-12-28,11:32:00,COM VÍTIMA,CANCELADA,SAN MARTIN,AV ENGENHEIRO ABDIAS DE CARVALHO,Não informado,"PROXIMO DO COMPAZ, SENTIDO CIDADE",SAN MARTIN,Não informado,COLISÃO LATERAL,Não informado,1.0,1.0,0.0,0.0,0.0,0.0,0.0,0.0,0.0,1.0,0.0,Não informado,Não informado,Não informado,Não informado,Não informado,Não informado,Não informado,Não informado,60.0,Não informado,Não informado,Não informado,2021,12,28,1,11.0
2021-12-28,14:55:00,SEM VÍTIMA,FINALIZADA,SANTO AMARO,AV GOVERNADOR AGAMENON MAGALHAES,Não informado,EM FRENTE AO PRÉDIO MINISTÉRIO PÚBLICO FEDERAL,SANTO AMARO,CIDADE,COLISÃO TRANSVERSAL,Não informado,1.0,0.0,0.0,0.0,0.0,0.0,1.0,0.0,0.0,0.0,0.0,Longo da via,Bom,Não existe,Perfeito estado,Seca,Perfeito estado,Não existe,Não há placas,60.0,Dupla,Não existe,Não informado,2021,12,28,1,14.0
2021-12-28,17:57:00,COM VÍTIMA,FINALIZADA,AFOGADOS,RUA SAO MIGUEL,Não informado,EM FRENTE AO DEPATRI EM FRENTE AO CARTÓRIO DE AFOGADOS,AFOGADOS,CIDADE,COLISÃO LATERAL,Não informado,1.0,0.0,0.0,0.0,0.0,1.0,0.0,0.0,0.0,1.0,0.0,Cruzamento,Bom,Não existe,Não existente,Seca,Perfeito estado,Não existe,Não há placas,60.0,Dupla,Não informado,Não informado,2021,12,28,1,17.0
2021-12-28,20:43:40,SEM VÍTIMA,FINALIZADA,BREJO DA GUABIRABA,AV VEREADOR OTACILIO AZEVEDO,Não informado,PROX A ESCOLA ALVARO LINS,BREJO DA GUABIRABA,Não informado,COLISÃO LATERAL,Não informado,0.0,2.0,0.0,0.0,0.0,0.0,0.0,0.0,0.0,0.0,0.0,Longo da via,Bom,Não existe,Perfeito estado,Seca,Perfeito estado,Não informado,Não há placas,60.0,Dupla,Não existe,Não informado,2021,12,28,1,20.0
2021-12-29,09:58:00,COM VÍTIMA,FINALIZADA,TORRE,RUA PROFESSOR TRAJANO DE MENDONCA,Não informado,AO LADO DA FARMACIA DROGASIL,TORRE,AFOGADOS,COLISÃO LATERAL,Não informado,1.0,1.0,0.0,0.0,0.0,0.0,0.0,0.0,0.0,1.0,0.0,Longo da via,Bom,Não existe,Perfeito estado,Seca,Perfeito estado,Não existe,Não há placas,60.0,Única,Faixa contínua,Não informado,2021,12,29,2,9.0
2021-12-29,16:50:00,COM VÍTIMA,FINALIZADA,DERBY,AV GOVERNADOR AGAMENON MAGALHAES,Não informado,SOB O SEMÁFORO 075,DERBY,BOA VIAGEM,COLISÃO COM CICLISTA,Não informado,0.0,1.0,0.0,1.0,0.0,0.0,0.0,0.0,0.0,1.0,0.0,Cruzamento,Bom,Sem defeito,Perfeito estado,Seca,Perfeito estado,Agente,Não informado,60.0,Única,Faixa seccionada,Não informado,2021,12,29,2,16.0
2021-12-29,20:34:00,COM VÍTIMA,CANCELADA,SÃO JOSÉ,RUA IMPERIAL,Não informado,PRÓX AO VIADUTO DA IMPERIAL,SÃO JOSÉ,Não informado,COLISÃO COM CICLISTA,Não informado,0.0,0.0,0.0,1.0,0.0,0.0,0.0,0.0,0.0,1.0,0.0,Não informado,Não informado,Não informado,Não informado,Não informado,Não informado,Não informado,Não informado,60.0,Não informado,Não informado,Não informado,2021,12,29,2,20.0
2021-12-29,22:33:40,COM VÍTIMA,FINALIZADA,JORDÃO,AV MARIA IRENE,Não informado,EM FRENTE À OFICINA FÁBIO MULTIMARCAS,JORDÃO,SUBURBIO,COLISÃO LATERAL,Não informado,1.0,1.0,0.0,0.0,0.0,0.0,0.0,0.0,0.0,2.0,0.0,Longo da via,Bom,Não existe,Não existente,Seca,Mal iluminada,Não existe,Não há placas,40.0,Dupla,Não existe,Não informado,2021,12,29,2,22.0
2021-12-30,10:46:00,SEM VÍTIMA,FINALIZADA,BONGI,AV ENGENHEIRO ABDIAS DE CARVALHO,Não informado,EM FRENTE  AO Nº 1111,BONGI,SUBURBIO,Não informado,Não informado,0.0,0.0,0.0,0.0,0.0,0.0,1.0,1.0,0.0,0.0,0.0,Longo da via,Bom,Sem defeito,Perfeito estado,Seca,Perfeito estado,Faixa de pedestre,Não informado,60.0,Dupla,Canteiro central,Não informado,2021,12,30,3,10.0
2021-12-30,12:34:00,COM VÍTIMA,FINALIZADA,PINA,AV REPUBLICA DO LIBANO,RUA BARAO DE SANTO ANGELO,AO LADO  EMPRESARIAL DO RIO MAR,PINA,BOA VIAGEM,COLISÃO LATERAL,Não informado,1.0,1.0,0.0,0.0,0.0,0.0,0.0,0.0,0.0,1.0,0.0,Longo da via,Bom,Sem defeito,Perfeito estado,Seca,Perfeito estado,Não existe,Não há placas,60.0,Única,Não existe,Não informado,2021,12,30,3,12.0
2021-12-31,10:13:00,COM VÍTIMA,FINALIZADA,SAN MARTIN,RUA DELMIRO GOUVEIA,Não informado,EM FRENTE A CHESF,SAN MARTIN,Não informado,COLISÃO COM CICLISTA,Não informado,1.0,0.0,0.0,1.0,0.0,0.0,0.0,0.0,0.0,1.0,0.0,Longo da via,Bom,Sem defeito,Perfeito estado,Seca,Perfeito estado,Não existe,Não há placas,60.0,Dupla,Não existe,Não informado,2021,12,31,4,10.0
2021-12-31,11:36:00,COM VÍTIMA,FINALIZADA,ESTÂNCIA,AV RECIFE,Não informado,EM FRENTE AO LABORATORIO CERPE,ESTÂNCIA,SUBURBIO,COLISÃO TRASEIRA,Não informado,1.0,1.0,0.0,0.0,0.0,0.0,0.0,0.0,0.0,1.0,0.0,Longo da via,Bom,Sem defeito,Perfeito estado,Seca,Perfeito estado,Não existe,R-6a,60.0,Dupla,Faixa contínua,Não informado,2021,12,31,4,11.0
2021-12-31,12:56:00,COM VÍTIMA,FINALIZADA,VÁRZEA,RUA GASTAO VIDIGAL,Não informado,EM FRENTE AO MOTEL DO NINJA,VÁRZEA,CIDADE,COLISÃO FRONTAL,Não informado,0.0,1.0,0.0,0.0,0.0,1.0,0.0,0.0,0.0,1.0,0.0,Cruzamento,Bom,Não existe,Perfeito estado,Seca,Perfeito estado,Não existe,Não há placas,60.0,Dupla,Faixa seccionada,Não informado,2021,12,31,4,12.0
2021-12-31,15:00:00,COM VÍTIMA,FINALIZADA,TORREÃO,AV NORTE MIGUEL ARRAES DE ALENCAR,RUA NATIVIDADE SALDANHA,ACIDENTE COM VITÍMA NA PRAÇA DA PICANHA / SOLICITADO PELO COORD RICARDO MARIANO,TORREÃO,SUBURBIO,COLISÃO TRASEIRA,Não informado,2.0,0.0,0.0,0.0,0.0,0.0,0.0,0.0,0.0,1.0,0.0,Cruzamento,Bom,Sem defeito,Perfeito estado,Seca,Perfeito estado,Faixa de pedestre,Outras,60.0,Dupla,Faixa contínua,Não informado,2021,12,31,4,15.0
2021-12-31,20:44:00,COM VÍTIMA,CANCELADA,PRADO,RUA PANDIA CALOGERAS,Não informado,PROX AO HABIBIS,PRADO,Não informado,COLISÃO FRONTAL,Não informado,2.0,0.0,0.0,0.0,0.0,0.0,0.0,0.0,0.0,2.0,0.0,Não informado,Não informado,Não informado,Não informado,Não informado,Não informado,Não informado,Não informado,60.0,Não informado,Não informado,Não informado,2021,12,31,4,20.0
2021-12-31,20:56:00,COM VÍTIMA,CANCELADA,IPSEP,RUA JEAN EMILE FAVRE,Não informado,ENFRENTE A SO MOTO E FARMACIA DIARIAMENTE,IPSEP,Não informado,COLISÃO TRASEIRA,Não informado,2.0,0.0,0.0,0.0,0.0,0.0,0.0,0.0,0.0,1.0,0.0,Não informado,Não informado,Não informado,Não informado,Não informado,Não informado,Não informado,Não informado,60.0,Não informado,Não informado,Não informado,2021,12,31,4,20.0
2022-01-01,,Não informado,FINALIZADA,JORDÃO,AV MARIA IRENE,Não informado,Não informado,JORDÃO,SUBURBIO,COLISÃO FRONTAL,Não informado,1.0,1.0,0.0,0.0,0.0,0.0,0.0,0.0,0.0,1.0,0.0,Longo da via,Bom,Não existe,Não existente,Seca,Perfeito estado,Não existe,Não há placas,60.0,Dupla,Não existe,COM VÍTIMA,2022,1,1,5,
2022-01-01,,Não informado,FINALIZADA,IMBIRIBEIRA,AV MARECHAL MASCARENHAS DE MORAES,Não informado,LADO OPOSTO AO NÚMERO 4728,IMBIRIBEIRA,CIDADE,COLISÃO TRASEIRA,Não informado,2.0,0.0,0.0,0.0,0.0,0.0,0.0,0.0,0.0,0.0,0.0,Longo da via,Bom,Sem defeito,Perfeito estado,Seca,Perfeito estado,Faixa de pedestre,Não há placas,60.0,Dupla,Canteiro central,SEM VÍTIMA,2022,1,1,5,
2022-01-01,,Não informado,CANCELADA,CAXANGÁ,AV CAXANGA,Não informado,PROX AO CRUZAMENTO  DE SAN MARTIN E/F A IGREJA SAO SEBASTIAO  S/T SUB,CAXANGÁ,Não informado,COLISÃO TRASEIRA,Não informado,1.0,1.0,0.0,0.0,0.0,0.0,0.0,0.0,0.0,2.0,0.0,Não informado,Não informado,Não informado,Não informado,Não informado,Não informado,Não informado,Não informado,60.0,Não informado,Não informado,COM VÍTIMA,2022,1,1,5,
2022-01-01,,Não informado,CANCELADA,JOANA BEZERRA,AV GOVERNADOR AGAMENON MAGALHAES,Não informado,ENFRENTE AO FORUM DE JOANA BEZERRA SENTIDO BOA VIAGEM,JOANA BEZERRA,Não informado,COLISÃO LATERAL,Não informado,1.0,1.0,0.0,0.0,0.0,0.0,0.0,0.0,0.0,1.0,0.0,Não informado,Não informado,Não informado,Não informado,Não informado,Não informado,Não informado,Não informado,60.0,Não informado,Não informado,COM VÍTIMA,2022,1,1,5,
2022-01-02,,Não informado,FINALIZADA,AFLITOS,RUA MANUEL DE CARVALHO,RUA CARNEIRO VILELA,PRÓX AO CAMPO DO NAUTICO,AFLITOS,SUBURBIO,COLISÃO LATERAL,Não informado,1.0,1.0,0.0,0.0,0.0,0.0,0.0,0.0,0.0,1.0,0.0,Cruzamento,Bom,Não existe,Perfeito estado,Seca,Perfeito estado,Não informado,"Placas ""Pare""",60.0,Única,Faixa contínua,COM VÍTIMA,2022,1,2,6,
2022-01-02,,Não informado,FINALIZADA,TAMARINEIRA,AV NORTE MIGUEL ARRAES DE ALENCAR,RUA CONEGO BARATA,SEMAFORO 062,TAMARINEIRA,SUBURBIO,COLISÃO LATERAL,Não informado,1.0,1.0,0.0,0.0,0.0,0.0,0.0,0.0,0.0,1.0,0.0,Longo da via,Bom,Sem defeito,Perfeito estado,Seca,Perfeito estado,Faixa de pedestre,Outras,60.0,Não informado,Não informado,COM VÍTIMA,2022,1,2,6,
2022-01-02,,Não informado,FINALIZADA,IMBIRIBEIRA,AV MARECHAL MASCARENHAS DE MORAES,Não informado,"AO LADO DA MAGAZINE E E/F AO RECIFE RADIADORES / PRÓX A ESTAÇÃO, SNT AFOGADOS",IMBIRIBEIRA,CIDADE,COLISÃO LATERAL,Não informado,1.0,1.0,0.0,0.0,0.0,0.0,0.0,0.0,0.0,1.0,0.0,Longo da via,Chuvoso,Não informado,Perfeito estado,Molhada,Perfeito estado,Outros,Não informado,40.0,Não informado,Não informado,COM VÍTIMA,2022,1,2,6,
2022-01-03,,Não informado,FINALIZADA,VASCO DA GAMA,RUA NORDESTE,Não informado,EM FRENTE AO Nº 109,VASCO DA GAMA,CIDADE,CAPOTAMENTO,Não informado,0.0,0.0,0.0,0.0,0.0,1.0,0.0,0.0,0.0,0.0,0.0,Não informado,Chuvoso,Não existe,Não existente,Molhada,Perfeito estado,Não existe,Não há placas,60.0,Dupla,Não existe,SEM VÍTIMA,2022,1,3,0,
2022-01-03,,Não informado,FINALIZADA,TAMARINEIRA,RUA CONEGO BARATA,Não informado,EM FRENTE A BORRACHARIA,TAMARINEIRA,SUBURBIO,Não informado,Não informado,1.0,0.0,0.0,0.0,0.0,0.0,0.0,1.0,0.0,0.0,0.0,Longo da via,Bom,Sem defeito,Perfeito estado,Seca,Perfeito estado,Faixa de pedestre,Não informado,60.0,Dupla,Faixa seccionada,SEM VÍTIMA,2022,1,3,0,
2022-01-03,,Não informado,CANCELADA,CAXANGÁ,AV CAXANGA,Não informado,PROX AO POSTO DISLUBE,CAXANGÁ,CAMARAGIBE,COLISÃO LATERAL,Não informado,1.0,0.0,0.0,1.0,0.0,0.0,0.0,0.0,0.0,1.0,0.0,Não informado,Não informado,Não informado,Não informado,Não informado,Não informado,Não informado,Não informado,60.0,Não informado,Não informado,COM VÍTIMA,2022,1,3,0,
2022-01-04,,Não informado,FINALIZADA,ARRUDA,AV BEBERIBE,RUA DAS MOCAS,EM FRENTE AO CAMPO DO ARRUDA E AO CERPE,ARRUDA,CIDADE,COLISÃO LATERAL,Não informado,1.0,1.0,0.0,0.0,0.0,0.0,0.0,0.0,0.0,1.0,0.0,Cruzamento,Chuvoso,Não existe,Perfeito estado,Molhada,Perfeito estado,Outros,Outras,60.0,Dupla,Faixa contínua,COM VÍTIMA,2022,1,4,1,
2022-01-04,,Não informado,FINALIZADA,APIPUCOS,RUA DE APIPUCOS,RUA CORONEL JOAO BATISTA DO REGO BARROS,PROXIMO DO AÇUDE,APIPUCOS,SUBURBIO,COLISÃO TRANSVERSAL,Não informado,1.0,1.0,0.0,0.0,0.0,0.0,0.0,0.0,0.0,1.0,0.0,Cruzamento,Chuvoso,Sem defeito,Perfeito estado,Molhada,Perfeito estado,Faixa de pedestre,Não há placas,60.0,Dupla,Faixa contínua,COM VÍTIMA,2022,1,4,1,
2022-01-04,,Não informado,FINALIZADA,GRAÇAS,AV RUI BARBOSA,Não informado,EM FRENTE O COLÉGIO DAMAS,GRAÇAS,CIDADE,ATROPELAMENTO DE PESSOA,Não informado,1.0,0.0,0.0,0.0,1.0,0.0,0.0,0.0,0.0,1.0,0.0,Longo da via,Chuvoso,Não existe,Perfeito estado,Seca,Perfeito estado,Faixa de pedestre,Outras,60.0,Única,Faixa seccionada,COM VÍTIMA,2022,1,4,1,
2022-01-04,,Não informado,FINALIZADA,ARRUDA,AV BEBERIBE,Não informado,"EM FRENTE AO POSTO BR, SENT. ENCRUZILHADA",ARRUDA,CIDADE,COLISÃO TRANSVERSAL,Não informado,1.0,1.0,0.0,0.0,0.0,0.0,0.0,0.0,0.0,1.0,0.0,Longo da via,Bom,Não existe,Perfeito estado,Seca,Perfeito estado,Não existe,R-6a,60.0,Dupla,Faixa contínua,COM VÍTIMA,2022,1,4,1,
2022-01-04,,Não informado,CANCELADA,BOA VIAGEM,AV ENGENHEIRO DOMINGOS FERREIRA,Não informado,EM FRENTE A IMOBILIARIA PAULO MIRANDA,BOA VIAGEM,Não informado,COLISÃO TRASEIRA,Não informado,3.0,0.0,0.0,0.0,0.0,0.0,0.0,0.0,0.0,1.0,0.0,Não informado,Não informado,Não informado,Não informado,Não informado,Não informado,Não informado,Não informado,60.0,Não informado,Não informado,COM VÍTIMA,2022,1,4,1,