data,hora,natureza_acidente,situacao,bairro,endereco,detalhe_endereco_acidente,complemento,bairro_cruzamento,sentido_via,tipo,descricao,auto,moto,ciclom,ciclista,pedestre,onibus,caminhao,viatura,outros,vitimas,vitimasfatais,acidente_verificado,tempo_clima,situacao_semaforo,sinalizacao,condicao_via,conservacao_via,ponto_controle,situacao_placa,velocidade_max_via,mao_direcao,divisao_via1,natureza,ano,mes,dia,dia_semana,hora_ocorrencia
2022-01-04,,Não informado,FINALIZADA,IMBIRIBEIRA,AV MARECHAL MASCARENHAS DE MORAES,Não informado,"E, BAIXO DA PASSARELA PROX AO EROPORTO S/T SUB",IMBIRIBEIRA,SUBURBIO,COLISÃO TRASEIRA,Não informado,2.0,0.0,0.0,0.0,0.0,0.0,0.0,0.0,0.0,1.0,0.0,Longo da via,Bom,Sem defeito,Perfeito estado,Seca,Perfeito estado,Faixa de pedestre,R-6a,60.0,Única,Faixa contínua,COM VÍTIMA,2022,1,4,1,
2022-01-04,,Não informado,FINALIZADA,CASA AMARELA,RUA MAJOR NEREU GUERRA,RUA MAJOR AFONSO LEAL,E/F A BIBLIOTECA PUBLICA  - COLISÃO ENTRE AUTO E MOTO - ACIDENTE COM DUAS VÍTIMAS,CASA AMARELA,CIDADE,COLISÃO LATERAL,Não informado,1.0,1.0,0.0,0.0,0.0,0.0,0.0,0.0,0.0,2.0,0.0,Esquina,Bom,Não existe,Incompleta,Seca,Mal conservada,Não existe,Outras,60.0,Única,Faixa seccionada,COM VÍTIMA,2022,1,4,1,
2022-01-04,,Não informado,FINALIZADA,VASCO DA GAMA,RUA PLANALTO,Não informado,COMUNIDADE ALTO NOSSA SENHORA DE FÁTIMA,VASCO DA GAMA,SUBURBIO,CHOQUE,Não informado,0.0,0.0,0.0,0.0,0.0,0.0,1.0,0.0,0.0,0.0,0.0,Não informado,Bom,Não informado,Perfeito estado,Seca,Perfeito estado,Não existe,Não há placas,60.0,Dupla,Não existe,SEM VÍTIMA,2022,1,4,1,
2022-01-04,,Não informado,FINALIZADA,ILHA DO LEITE,RUA GENERAL JOAQUIM INACIO,AV FREI MATIAS TEVES,EM FRENTE A FARMACIA INDEPENDENTE,ILHA DO LEITE,SUBURBIO,COLISÃO LATERAL,Não informado,1.0,1.0,0.0,0.0,0.0,0.0,0.0,0.0,0.0,1.0,0.0,Cruzamento,Bom,Sem defeito,Perfeito estado,Seca,Perfeito estado,Faixa de pedestre,R-6a,40.0,Dupla,Faixa seccionada,COM VÍTIMA,2022,1,4,1,
2022-01-04,,Não informado,FINALIZADA,IMBIRIBEIRA,AV ANTONIO TORRES GALVAO,Não informado,E/F A AMERICA FORD,IMBIRIBEIRA,Não informado,COLISÃO COM CICLISTA,Não informado,1.0,0.0,0.0,1.0,0.0,0.0,0.0,0.0,0.0,1.0,0.0,Longo da via,Bom,Sem defeito,Perfeito estado,Seca,Perfeito estado,Agente,R-6a,60.0,Única,Faixa seccionada,COM VÍTIMA,2022,1,4,1,
2022-01-04,,Não informado,FINALIZADA,IPSEP,AV RECIFE,RUA JEAN EMILE FAVRE,E/F A PADARIA VILA DO PAO / SEMÁFORO 130,IPSEP,SUBURBIO,COLISÃO TRASEIRA,Não informado,1.0,1.0,0.0,0.0,0.0,0.0,0.0,0.0,0.0,1.0,0.0,Longo da via,Chuvoso,Não informado,Perfeito estado,Molhada,Perfeito estado,Faixa de pedestre,R-6a,60.0,Dupla,Faixa contínua,COM VÍTIMA,2022,1,4,1,
2022-01-05,,Não informado,FINALIZADA,DOIS IRMÃOS,RUA MANUEL DE MEDEIROS,Não informado,EM FRENTE A OFICINA MECANICA,DOIS IRMÃOS,Não informado,COLISÃO LATERAL,Não informado,1.0,1.0,0.0,0.0,0.0,0.0,1.0,0.0,0.0,1.0,0.0,Longo da via,Bom,Sem defeito,Perfeito estado,Seca,Perfeito estado,Não existe,Não informado,60.0,Dupla,Faixa contínua,COM VÍTIMA,2022,1,5,2,
2022-01-05,,Não informado,FINALIZADA,CABANGA,VIADUTO CAPITAO TEMUDO,Não informado,PROXIMO AO IATE CLUBE,CABANGA,CIDADE,COLISÃO TRASEIRA,Não informado,0.0,2.0,0.0,0.0,0.0,0.0,0.0,0.0,0.0,2.0,0.0,Viaduto,Bom,Não existe,Perfeito estado,Seca,Perfeito estado,Não existe,Não há placas,60.0,Única,Blocos,COM VÍTIMA,2022,1,5,2,
2022-01-05,,Não informado,CANCELADA,CAXANGÁ,AV CAXANGA,Não informado,E/F AO MUSEU DA ABOLIÇAO PROX AO VIADUTO,CAXANGÁ,Não informado,COLISÃO COM CICLISTA,Não informado,1.0,0.0,0.0,1.0,0.0,0.0,0.0,0.0,0.0,1.0,0.0,Não informado,Não informado,Não informado,Não informado,Não informado,Não informado,Não informado,Não informado,60.0,Não informado,Não informado,COM VÍTIMA,2022,1,5,2,
2022-01-05,,Não informado,FINALIZADA,ARRUDA,AV PROFESSOR JOSE DOS ANJOS,Não informado,EM FRENTE AO Nº 162 - SENTIDO CIDADE/SUBÚRBIO,ARRUDA,SUBURBIO,Não informado,Não informado,0.0,1.0,0.0,0.0,0.0,0.0,0.0,1.0,0.0,0.0,0.0,Longo da via,Bom,Sem defeito,Perfeito estado,Seca,Perfeito estado,Não existe,R-4b,40.0,Dupla,Canal,SEM VÍTIMA,2022,1,5,2,
2022-01-05,,Não informado,FINALIZADA,ESPINHEIRO,RUA MARQUES DO PARANA,RUA ALFREDO DE CARVALHO,PRÓX AO MARTELINHO DE OURO,ESPINHEIRO,Não informado,COLISÃO TRANSVERSAL,Não informado,0.0,0.0,0.0,0.0,0.0,1.0,1.0,0.0,0.0,2.0,0.0,Cruzamento,Bom,Não existe,Ilegível,Seca,Perfeito estado,Faixa de pedestre,R-4a,60.0,Única,Não existe,COM VÍTIMA,2022,1,5,2,
2022-01-05,,Não informado,FINALIZADA,IBURA,AV DOM HELDER CAMARA,Não informado,AO LADO DO NUCLEO DE POLICIA NA ENTRADA DE IBURA DE BAIXO,IBURA,Não informado,COLISÃO TRASEIRA,Não informado,1.0,1.0,0.0,0.0,0.0,0.0,0.0,0.0,0.0,1.0,0.0,Longo da via,Bom,Sem defeito,Perfeito estado,Seca,Perfeito estado,Faixa de retenção,Não há placas,60.0,Dupla,Faixa contínua,COM VÍTIMA,2022,1,5,2,
2022-01-05,,Não informado,FINALIZADA,ÁGUA FRIA,EST VELHA DE AGUA FRIA,Não informado,Não informado,ÁGUA FRIA,SUBURBIO,CHOQUE,Não informado,0.0,0.0,0.0,0.0,0.0,0.0,1.0,0.0,0.0,0.0,0.0,Longo da via,Bom,Não existe,Perfeito estado,Seca,Perfeito estado,Não existe,Outras,60.0,Dupla,Canteiro central,SEM VÍTIMA,2022,1,5,2,
2022-01-05,,Não informado,FINALIZADA,BAIRRO DO RECIFE,AV MILITAR,1PR DIAS COELHO,E/F AO FORTE DO BRUM,BAIRRO DO RECIFE,S,COLISÃO LATERAL,Não informado,1.0,1.0,0.0,0.0,0.0,0.0,0.0,0.0,0.0,1.0,0.0,Longo da via,Bom,Não existe,Perfeito estado,Seca,Perfeito estado,Não existe,R-6a,50.0,Única,Não informado,COM VÍTIMA,2022,1,5,2,
2022-01-05,,Não informado,FINALIZADA,ILHA JOANA BEZERRA,AV GOVERNADOR AGAMENON MAGALHAES,Não informado,E/F A ACADEMIA DA CIDADE,ILHA JOANA BEZERRA,Não informado,CHOQUE,Não informado,0.0,0.0,0.0,0.0,0.0,0.0,0.0,0.0,0.0,1.0,0.0,Não informado,Não informado,Não informado,Não informado,Não informado,Não informado,Não informado,Não informado,60.0,Não informado,Não informado,COM VÍTIMA,2022,1,5,2,
2022-01-06,,Não informado,FINALIZADA,ESPINHEIRO,AV JOAO DE BARROS,Não informado,SOB O VIADUTO DA AGAMENOM MAGALHÃES / EM FRENTE A QUITANDARIA,ESPINHEIRO,SUBURBIO,CHOQUE,Não informado,0.0,1.0,0.0,0.0,0.0,0.0,0.0,0.0,0.0,2.0,0.0,Longo da via,Bom,Não existe,Perfeito estado,Seca,Perfeito estado,Não existe,Outras,60.0,Única,Faixa seccionada,COM VÍTIMA,2022,1,6,3,
2022-01-06,,Não informado,FINALIZADA,NOVA DESCOBERTA,RUA NOVA DESCOBERTA,Não informado,"LARGO DONA REGINA, EM FRENTE O ATACAREJO O CONDUTOR DO ÔNIBUS INFORMOU QUE O RAPAZ TERIA SE JOGADO NA FRENTE DO COLETIVO",NOVA DESCOBERTA,Não informado,ATROPELAMENTO DE PESSOA,Não informado,0.0,0.0,0.0,0.0,1.0,1.0,0.0,0.0,0.0,1.0,0.0,Longo da via,Nublado,Não existe,Incompleta,Seca,Perfeito estado,Não existe,Não informado,60.0,Dupla,Faixa contínua,COM VÍTIMA,2022,1,6,3,
2022-01-06,,Não informado,FINALIZADA,BARRO,AV DR JOSE RUFINO,Não informado,"NO SEMAFORO 557,",BARRO,CIDADE,COLISÃO TRANSVERSAL,Não informado,1.0,1.0,0.0,0.0,0.0,0.0,0.0,0.0,0.0,1.0,0.0,Longo da via,Bom,Sem defeito,Perfeito estado,Seca,Perfeito estado,Não existe,R-6a,60.0,Dupla,Faixa contínua,COM VÍTIMA,2022,1,6,3,
2022-01-06,,Não informado,FINALIZADA,CASA FORTE,AV DEZESSETE DE AGOSTO,Não informado,"E/F AO LABORATORIO CERPE, COLISÃO C/VITIMA ENTRE AUTO E MOTO",CASA FORTE,CIDADE,COLISÃO TRASEIRA,Não informado,1.0,1.0,0.0,0.0,0.0,0.0,0.0,0.0,0.0,2.0,0.0,Longo da via,Bom,Não existe,Perfeito estado,Seca,Perfeito estado,Não existe,Não há placas,60.0,Dupla,Faixa contínua,COM VÍTIMA,2022,1,6,3,
2022-01-06,,Não informado,FINALIZADA,CASA AMARELA,RUA EUGENIO SAMICO,RUA OSCAR DE BARROS,AO LADO DO CENTRO DE SAÚDE MÁRIO RAMOS ( PROFESSOR ),CASA AMARELA,SUBURBIO,Não informado,Não informado,2.0,0.0,0.0,0.0,0.0,0.0,0.0,0.0,0.0,0.0,0.0,Cruzamento,Bom,Não existe,Não informado,Seca,Perfeito estado,Faixa de pedestre,Outras,30.0,Dupla,Não existe,SEM VÍTIMA,2022,1,6,3,
2022-01-06,,Não informado,FINALIZADA,BOA VIAGEM,RUA VISCONDE DE JEQUITINHONHA,RUA BALTAZAR PASSOS,E/F AO EDIFICIO MARIA GUILHERMINA,BOA VIAGEM,Não informado,COLISÃO TRANSVERSAL,Não informado,2.0,0.0,0.0,0.0,0.0,0.0,0.0,0.0,0.0,2.0,0.0,Cruzamento,Bom,Sem defeito,Perfeito estado,Seca,Perfeito estado,Faixa de pedestre,"Placas ""Pare""",60.0,Única,Faixa seccionada,COM VÍTIMA,2022,1,6,3,
2022-01-06,,Não informado,FINALIZADA,SANTO ANTÔNIO,RUA IMPERADOR PEDRO SEGUNDO,Não informado,"POR TRAS DO FORUM THOMAZ DE AQUINO, INFORMAÇÃO QUE UM POSTE DESABOU RUIU  SOBRE DOIS VEÍCULOS, CAUSANDO TRANSTONO NA VIA E DANOS MATERIAIS. EQUIPE DE ZONA AZUL MONITORANDO O LOCAL",SANTO ANTÔNIO,CIDADE,Não informado,Não informado,3.0,0.0,0.0,0.0,0.0,0.0,0.0,0.0,0.0,0.0,0.0,Longo da via,Bom,Sem defeito,Perfeito estado,Seca,Perfeito estado,Faixa de pedestre,Outras,60.0,Única,Faixa contínua,SEM VÍTIMA,2022,1,6,3,
2022-01-06,,Não informado,FINALIZADA,BOA VIAGEM,RUA DOS NAVEGANTES,RUA ERNESTO DE PAULA SANTOS,EM FRENTE AO EDIFICIO MARIA RENDA,BOA VIAGEM,SUBURBIO,COLISÃO LATERAL,Não informado,1.0,0.0,0.0,0.0,0.0,0.0,0.0,0.0,1.0,1.0,0.0,Longo da via,Bom,Não existe,Perfeito estado,Seca,Perfeito estado,Faixa de retenção,"Placas ""Pare""",60.0,Única,Faixa seccionada,COM VÍTIMA,2022,1,6,3,
2022-01-06,,Não informado,FINALIZADA,CORDEIRO,RUA PROFESSOR JOAQUIM XAVIER DE BRITO,RUA OCIDENTAL,NO SEMAFORO 541,CORDEIRO,Não informado,COLISÃO TRANSVERSAL,Não informado,0.0,1.0,0.0,0.0,0.0,0.0,1.0,0.0,0.0,1.0,0.0,Cruzamento,Bom,Não existe,Perfeito estado,Seca,Perfeito estado,Não existe,Não há placas,30.0,Dupla,Canteiro central,COM VÍTIMA,2022,1,6,3,
2022-01-06,,Não informado,FINALIZADA,IPUTINGA,AV MAURICIO DE NASSAU,EST DO BARBALHO,EM FRENTE AO JR HORTIFRUTI,IPUTINGA,Não informado,COLISÃO TRANSVERSAL,Não informado,1.0,1.0,0.0,0.0,0.0,0.0,0.0,0.0,0.0,1.0,0.0,Cruzamento,Bom,Sem defeito,Perfeito estado,Seca,Perfeito estado,Faixa de pedestre,Não há placas,60.0,Dupla,Faixa contínua,COM VÍTIMA,2022,1,6,3,
2022-01-07,,Não informado,FINALIZADA,SANTO AMARO,AV GOVERNADOR AGAMENON MAGALHAES,Não informado,PROX AO POSTO  DISLUB / SENT OLINDA,SANTO AMARO,Não informado,COLISÃO TRASEIRA,Não informado,1.0,1.0,0.0,0.0,0.0,0.0,0.0,0.0,0.0,1.0,0.0,Longo da via,Bom,Não existe,Perfeito estado,Seca,Não informado,Não informado,Não há placas,60.0,Dupla,Canteiro central,COM VÍTIMA,2022,1,7,4,
2022-01-07,,Não informado,FINALIZADA,DERBY,AV GOVERNADOR AGAMENON MAGALHAES,Não informado,PRAÇA DO DERBY,DERBY,BOA VIAGEM,COLISÃO TRASEIRA,Não informado,0.0,2.0,0.0,0.0,0.0,0.0,0.0,0.0,0.0,2.0,0.0,Longo da via,Bom,Sem defeito,Perfeito estado,Seca,Perfeito estado,Agente,Outras,60.0,Dupla,Canteiro central,COM VÍTIMA,2022,1,7,4,
2022-01-07,,Não informado,FINALIZADA,LINHA DO TIRO,RUA URIEL DE HOLANDA,Não informado,EM FRENTE A CLINICA CENTRAL,LINHA DO TIRO,SUBURBIO,ATROPELAMENTO DE PESSOA,Não informado,0.0,1.0,0.0,0.0,1.0,0.0,0.0,0.0,0.0,1.0,0.0,Longo da via,Bom,Não existe,Não existente,Seca,Perfeito estado,Não existe,Outras,30.0,Dupla,Não existe,COM VÍTIMA,2022,1,7,4,
2022-01-07,,Não informado,CANCELADA,BOA VISTA,AV CONDE DA BOA VISTA,Não informado,E/F A GRÁFICA NACIONAL,BOA VISTA,SUBURBIO,COLISÃO TRASEIRA,Não informado,2.0,0.0,0.0,0.0,0.0,0.0,0.0,0.0,0.0,0.0,0.0,Não informado,Não informado,Não informado,Não informado,Não informado,Não informado,Não informado,Não informado,60.0,Não informado,Não informado,SEM VÍTIMA,2022,1,7,4,
2022-01-07,,Não informado,CANCELADA,AFOGADOS,RUA CINCO DE NOVEMBRO,RUA JACIRA,PRÓX À IGREJA METODISTA  E BIBLIOTECA MUNICIPAL DE AFOGADOS,AFOGADOS,Não informado,COLISÃO LATERAL,Não informado,1.0,1.0,0.0,0.0,0.0,0.0,0.0,0.0,0.0,1.0,0.0,Não informado,Não informado,Não informado,Não informado,Não informado,Não informado,Não informado,Não informado,60.0,Não informado,Não informado,COM VÍTIMA,2022,1,7,4,
2022-01-07,,Não informado,FINALIZADA,PINA,AV ENCANTA MOCA,Não informado,PROX A LANCHONETE DO MAGAIVER,PINA,SUBURBIO,COLISÃO FRONTAL,Não informado,0.0,2.0,0.0,0.0,0.0,0.0,0.0,0.0,0.0,1.0,0.0,Longo da via,Bom,Não existe,Incompleta,Seca,Perfeito estado,Não existe,Não há placas,60.0,Dupla,Não existe,COM VÍTIMA,2022,1,7,4,
2022-01-08,,Não informado,FINALIZADA,JOANA BEZERRA,VIADUTO CAPITAO TEMUDO,Não informado,NO SENTIDO  BOA VIAGEM,JOANA BEZERRA,CIDADE,COLISÃO FRONTAL,Não informado,1.0,1.0,0.0,0.0,0.0,0.0,0.0,0.0,0.0,1.0,0.0,Viaduto,Bom,Não existe,Perfeito estado,Seca,Perfeito estado,Não existe,Não há placas,60.0,Única,Faixa seccionada,COM VÍTIMA,2022,1,8,5,
2022-01-08,,Não informado,FINALIZADA,AFOGADOS,RUA DA PAZ,RUA NICOLAU PEREIRA,EM FRENTE ACAIXA ECONOMICA FEDERAL. SITUAÇÃO ATIPICA ACIDENTE COM VÍTIMA ONDE O SUSPEITO DE FURTO FOI COLIDIDU POR OUTRO VEÍCULO REAGINDO A INVESTIDADO SUSPEITO QUE CONDUZIA UMA MOTO,AFOGADOS,SUBURBIO,COLISÃO TRASEIRA,Não informado,1.0,1.0,0.0,0.0,0.0,0.0,0.0,0.0,0.0,1.0,0.0,Longo da via,Bom,Não existe,Incompleta,Seca,Perfeito estado,Não existe,R-6a,60.0,Única,Não existe,COM VÍTIMA,2022,1,8,5,
2022-01-08,,Não informado,DUPLICIDADE,AFOGADOS,RUA DA PAZ,Não informado,EM FRENTE À CAIXA ECONÔMICA,AFOGADOS,Não informado,COLISÃO TRASEIRA,Não informado,1.0,1.0,0.0,0.0,0.0,0.0,0.0,0.0,0.0,1.0,0.0,Não informado,Não informado,Não informado,Não informado,Não informado,Não informado,Não informado,Não informado,60.0,Não informado,Não informado,COM VÍTIMA,2022,1,8,5,
2022-01-08,,Não informado,FINALIZADA,CASA AMARELA,RUA PADRE LEMOS,Não informado,ENFRENTE AO MERCADO DE CASA AMARELA / ATACAREJO,CASA AMARELA,CIDADE,ATROPELAMENTO DE PESSOA,Não informado,0.0,1.0,0.0,0.0,1.0,0.0,0.0,0.0,0.0,1.0,0.0,Longo da via,Bom,Não existe,Perfeito estado,Seca,Perfeito estado,Não existe,Outras,60.0,Dupla,Não existe,COM VÍTIMA,2022,1,8,5,
2022-01-08,,Não informado,FINALIZADA,BOA VIAGEM,RUA DES JOAO PAES,Não informado,PROX AO RESTAURANTE BODE DO NO / EM FRENTE AO ED MERIDIEN,BOA VIAGEM,SUBURBIO,CHOQUE,Não informado,3.0,0.0,0.0,0.0,0.0,0.0,0.0,0.0,0.0,1.0,0.0,Longo da via,Bom,Não existe,Perfeito estado,Seca,Perfeito estado,Não existe,"Placas ""Pare""",30.0,Única,Não existe,COM VÍTIMA,2022,1,8,5,
2022-01-08,,Não informado,FINALIZADA,SANTO AMARO,AV GOVERNADOR AGAMENON MAGALHAES,Não informado,PRÓX AO POSTO DISLUB,SANTO AMARO,OLINDA,COLISÃO LATERAL,Não informado,1.0,1.0,0.0,0.0,0.0,0.0,0.0,0.0,0.0,1.0,0.0,Longo da via,Bom,Sem defeito,Perfeito estado,Seca,Perfeito estado,Faixa de pedestre,Outras,60.0,Dupla,Canal,COM VÍTIMA,2022,1,8,5,
2022-01-08,,Não informado,FINALIZADA,CASA FORTE,AV DEZESSETE DE AGOSTO,RUA PIAUI,ENFRENTE AO CENTRO MEDICO SENADOR  / AO LADO POSTO DISLUB,CASA FORTE,Não informado,COLISÃO FRONTAL,Não informado,1.0,1.0,0.0,0.0,0.0,0.0,0.0,0.0,0.0,1.0,0.0,Outros,Bom,Sem defeito,Perfeito estado,Seca,Perfeito estado,Faixa de pedestre,Não há placas,60.0,Dupla,Não existe,COM VÍTIMA,2022,1,8,5,
2022-01-09,,Não informado,FINALIZADA,BAIRRO DO RECIFE,CAIS DO APOLO,Não informado,ANTES DA RUA RIO BRANCO / OPOSTO AO BANCO DO BRASIL,BAIRRO DO RECIFE,Não informado,QUEDA,Não informado,0.0,1.0,0.0,0.0,0.0,0.0,0.0,0.0,0.0,1.0,0.0,Longo da via,Bom,Sem defeito,Perfeito estado,Seca,Perfeito estado,Faixa de pedestre,Outras,60.0,Dupla,Canteiro central,COM VÍTIMA,2022,1,9,6,
2022-01-09,,Não informado,FINALIZADA,IPUTINGA,RUA SAO MATEUS,RUA JOSE FELIPE SANTIAGO,EM FRENTE A ASSEMBLEIA DE DEUS,IPUTINGA,SUBURBIO,COLISÃO LATERAL,Não informado,1.0,1.0,0.0,0.0,0.0,0.0,0.0,0.0,0.0,1.0,0.0,Longo da via,Bom,Não existe,Incompleta,Seca,Mal conservada,Não existe,Não há placas,60.0,Dupla,Não existe,COM VÍTIMA,2022,1,9,6,
2022-01-09,,Não informado,FINALIZADA,ESPINHEIRO,RUA ALFREDO DE CARVALHO,RUA ALFREDO DE MEDEIROS,PRÓX AO EXTRA,ESPINHEIRO,SUBURBIO,CHOQUE,Não informado,2.0,0.0,0.0,0.0,0.0,0.0,0.0,0.0,0.0,1.0,0.0,Longo da via,Bom,Não existe,Perfeito estado,Seca,Perfeito estado,Não existe,R-6b,30.0,Única,Não existe,COM VÍTIMA,2022,1,9,6,
2022-01-10,,Não informado,FINALIZADA,ILHA DO LEITE,AV GOVERNADOR AGAMENON MAGALHAES,Não informado,EM FRENTE AO ISAAC NEWTON,ILHA DO LEITE,Não informado,COLISÃO LATERAL,Não informado,2.0,0.0,0.0,0.0,0.0,0.0,0.0,0.0,0.0,0.0,0.0,Não informado,Não informado,Não informado,Não informado,Não informado,Não informado,Não informado,Não informado,60.0,Não informado,Não informado,SEM VÍTIMA,2022,1,10,0,
2022-01-10,,Não informado,FINALIZADA,CORDEIRO,AV CAXANGA,EST DO BARBALHO,CRUZAMENTO,CORDEIRO,SUBURBIO,ATROPELAMENTO DE PESSOA,Não informado,0.0,1.0,0.0,0.0,1.0,0.0,0.0,0.0,0.0,1.0,0.0,Longo da via,Bom,Sem defeito,Perfeito estado,Seca,Perfeito estado,Agente,Não há placas,60.0,Única,Faixa contínua,COM VÍTIMA,2022,1,10,0,
2022-01-10,,Não informado,FINALIZADA,ESPINHEIRO,RUA AMELIA,RUA ESMERALDINO BANDEIRA,EM FRENTE AO BAR E RESTAURANTE TRADICAO,ESPINHEIRO,CIDADE,COLISÃO TRANSVERSAL,Não informado,1.0,1.0,0.0,0.0,0.0,0.0,0.0,0.0,0.0,1.0,0.0,Cruzamento,Bom,Com defeito,Perfeito estado,Seca,Perfeito estado,Faixa de pedestre,Outras,60.0,Única,Faixa contínua,COM VÍTIMA,2022,1,10,0,
2022-01-10,,Não informado,FINALIZADA,BOA VIAGEM,RUA BARAO DE SOUZA LEAO,RUA ALMIRANTE NELSON FERNANDES,APOS O COLEGIO SANTOS DUMONT E/F AO POSTO IPIRANGA,BOA VIAGEM,SUBURBIO,COLISÃO LATERAL,Não informado,1.0,1.0,0.0,0.0,0.0,0.0,0.0,0.0,0.0,1.0,0.0,Longo da via,Bom,Não existe,Perfeito estado,Seca,Perfeito estado,Não existe,Não há placas,60.0,Única,Faixa seccionada,COM VÍTIMA,2022,1,10,0,
2022-01-10,,Não informado,FINALIZADA,BOA VIAGEM,RUA DOM JOSE LOPES,RUA CORONEL ANIZIO RODRIGUES COELHO,AO LADO DO BAR ESCRITORIO  / AO LADO COLEGIO E CURSO VENCER,BOA VIAGEM,SUBURBIO,COLISÃO TRANSVERSAL,Não informado,1.0,1.0,0.0,0.0,0.0,0.0,0.0,0.0,0.0,1.0,0.0,Cruzamento,Chuvoso,Não existe,Perfeito estado,Seca,Perfeito estado,Faixa de pedestre,"Placas ""Pare""",60.0,Única,Faixa seccionada,COM VÍTIMA,2022,1,10,0,
2022-01-10,,Não informado,CANCELADA,IPUTINGA,AV MAURICIO DE NASSAU,EST DO BARBALHO,PROX AO DETRAN,IPUTINGA,Não informado,COLISÃO FRONTAL,Não informado,1.0,1.0,0.0,0.0,0.0,0.0,0.0,0.0,0.0,1.0,0.0,Não informado,Não informado,Não informado,Não informado,Não informado,Não informado,Não informado,Não informado,60.0,Não informado,Não informado,COM VÍTIMA,2022,1,10,0,
2022-01-10,,Não informado,FINALIZADA,IPUTINGA,AV CAXANGA,Não informado,"E/F A PAGUE MENOS E TI NOVA, SNT CAMARAGIBE / POR BAIXO DO VIADUTO",IPUTINGA,SUBURBIO,COLISÃO COM CICLISTA,Não informado,0.0,1.0,0.0,1.0,0.0,0.0,0.0,0.0,0.0,1.0,0.0,Longo da via,Bom,Sem defeito,Perfeito estado,Seca,Perfeito estado,Faixa de pedestre,Não há placas,60.0,Única,Faixa seccionada,COM VÍTIMA,2022,1,10,0,
2022-01-10,,Não informado,FINALIZADA,ESPINHEIRO,RUA DO ESPINHEIRO,RUA SANTO ELIAS,E/F AO POSTO IPIRANGA,ESPINHEIRO,CIDADE,COLISÃO TRANSVERSAL,Não informado,0.0,2.0,0.0,0.0,0.0,0.0,0.0,0.0,0.0,3.0,0.0,Cruzamento,Bom,Não existe,Ilegível,Seca,Perfeito estado,Faixa de pedestre,"Placas ""Pare""",60.0,Única,Faixa seccionada,COM VÍTIMA,2022,1,10,0,
2022-01-10,,Não informado,FINALIZADA,ENCRUZILHADA,AV BEBERIBE,RUA DA CORAGEM,E/F AO POSTO SHEEL,ENCRUZILHADA,CIDADE,COLISÃO TRANSVERSAL,Não informado,1.0,1.0,0.0,0.0,0.0,0.0,0.0,0.0,0.0,1.0,0.0,Cruzamento,Bom,Sem defeito,Perfeito estado,Seca,Perfeito estado,Outros,R-6a,40.0,Dupla,Faixa contínua,COM VÍTIMA,2022,1,10,0,
2022-01-10,,Não informado,FINALIZADA,ALTO JOSÉ BONIFÁCIO,RUA CORREGO DO EUCLIDES,Não informado,NA RUA DO ARMAZEM SHALON,ALTO JOSÉ BONIFÁCIO,SUBURBIO,COLISÃO FRONTAL,Não informado,1.0,1.0,0.0,0.0,0.0,0.0,0.0,0.0,0.0,1.0,0.0,Longo da via,Bom,Não existe,Não existente,Seca,Não informado,Não informado,Não informado,60.0,Dupla,Faixa seccionada,COM VÍTIMA,2022,1,10,0,
2022-01-10,,Não informado,CANCELADA,BOA VISTA,RUA DO PROGRESSO,Não informado,E/F AO CCE E PRÓX AO CONSULADO,BOA VISTA,Não informado,COLISÃO FRONTAL,Não informado,0.0,0.0,0.0,0.0,0.0,0.0,0.0,0.0,0.0,1.0,0.0,Não informado,Não informado,Não informado,Não informado,Não informado,Não informado,Não informado,Não informado,60.0,Não informado,Não informado,COM VÍTIMA,2022,1,10,0,
2022-01-10,,Não informado,FINALIZADA,JOANA BEZERRA,VIADUTO CAPITAO TEMUDO,Não informado,Não informado,JOANA BEZERRA,CIDADE,CHOQUE,Não informado,1.0,0.0,0.0,0.0,0.0,0.0,0.0,0.0,0.0,0.0,0.0,Não informado,Não informado,Não informado,Não informado,Não informado,Não informado,Não informado,Não informado,60.0,Não informado,Não informado,SEM VÍTIMA,2022,1,10,0,
2022-01-11,,Não informado,FINALIZADA,MACAXEIRA,AV NORTE MIGUEL ARRAES DE ALENCAR,Não informado,EM FRENTE A MERTERNIDADE BARROS LIMA E MEC MATERIAIS DE CONSTRUÇÃO.,MACAXEIRA,CIDADE,COLISÃO TRASEIRA,Não informado,2.0,1.0,0.0,0.0,0.0,0.0,0.0,0.0,0.0,1.0,0.0,Longo da via,Chuvoso,Sem defeito,Perfeito estado,Molhada,Perfeito estado,Faixa de pedestre,Não há placas,60.0,Dupla,Faixa contínua,COM VÍTIMA,2022,1,11,1,
2022-01-11,,Não informado,FINALIZADA,PINA,AVENIDA CELSO FURTADO (VIA MANGUE),Não informado,DESCIDA DO VIADULTO DA VIA MANGUE. SOBRE O 19º BPM.,PINA,CIDADE,COLISÃO LATERAL,Não informado,1.0,1.0,0.0,0.0,0.0,0.0,0.0,0.0,0.0,1.0,0.0,Longo da via,Chuvoso,Não existe,Não existente,Molhada,Perfeito estado,Não existe,Não há placas,60.0,Única,Faixa seccionada,COM VÍTIMA,2022,1,11,1,