data,hora,natureza_acidente,situacao,bairro,endereco,detalhe_endereco_acidente,complemento,bairro_cruzamento,sentido_via,tipo,descricao,auto,moto,ciclom,ciclista,pedestre,onibus,caminhao,viatura,outros,vitimas,vitimasfatais,acidente_verificado,tempo_clima,situacao_semaforo,sinalizacao,condicao_via,conservacao_via,ponto_controle,situacao_placa,velocidade_max_via,mao_direcao,divisao_via1,natureza,ano,mes,dia,dia_semana,hora_ocorrencia
2022-01-11,,Não informado,FINALIZADA,MADALENA,AV CAXANGA,RUA HERMOGENES DE MORAIS,LADO OPOSTO AO BRADESCO,MADALENA,SUBURBIO,COLISÃO TRANSVERSAL,Não informado,2.0,0.0,0.0,0.0,0.0,0.0,0.0,0.0,1.0,0.0,0.0,Cruzamento,Bom,Sem defeito,Perfeito estado,Seca,Perfeito estado,Faixa de pedestre,Não há placas,40.0,Dupla,Faixa contínua,SEM VÍTIMA,2022,1,11,1,
2022-01-11,,Não informado,CANCELADA,BOA VIAGEM,AV CONSELHEIRO AGUIAR,RUA BRUNO VELOSO,ESQUINA DA FARMACIA DA DROGASIL,BOA VIAGEM,Não informado,COLISÃO LATERAL,Não informado,1.0,1.0,0.0,0.0,0.0,0.0,0.0,0.0,0.0,1.0,0.0,Não informado,Não informado,Não informado,Não informado,Não informado,Não informado,Não informado,Não informado,60.0,Não informado,Não informado,COM VÍTIMA,2022,1,11,1,
2022-01-11,,Não informado,FINALIZADA,ARRUDA,AV BEBERIBE,RUA BOLIVAR,EM FRENTE AO ESTÁDIO DO ARRUDA,ARRUDA,CIDADE,COLISÃO TRANSVERSAL,Não informado,1.0,0.0,1.0,0.0,0.0,0.0,0.0,0.0,0.0,1.0,0.0,Cruzamento,Bom,Não existe,Perfeito estado,Seca,Perfeito estado,Não informado,R-6a,60.0,Dupla,Faixa contínua,COM VÍTIMA,2022,1,11,1,
2022-01-11,,Não informado,FINALIZADA,BOA VIAGEM,AVENIDA CELSO FURTADO (VIA MANGUE),Não informado,NA BIFURÇÃO DO VIADUTO SENTIDO SUBURBIO,BOA VIAGEM,SUBURBIO,COLISÃO LATERAL,Não informado,1.0,1.0,0.0,0.0,0.0,0.0,0.0,0.0,0.0,2.0,0.0,Longo da via,Bom,Não existe,Perfeito estado,Seca,Perfeito estado,Não existe,Não há placas,60.0,Única,Não informado,COM VÍTIMA,2022,1,11,1,
2022-01-11,,Não informado,FINALIZADA,CORDEIRO,RUA GOMES TABORDA,RUA FIRMINO DE BARROS,PROX AO BAR VAPOR E/F A CASA DE BAQTERIA QWS MOURA POWER CAR,CORDEIRO,SUBURBIO,COLISÃO COM CICLISTA,Não informado,2.0,0.0,0.0,1.0,0.0,0.0,0.0,0.0,0.0,1.0,0.0,Cruzamento,Bom,Não existe,Não existente,Seca,Mal conservada,Não existe,Não há placas,60.0,Dupla,Faixa seccionada,COM VÍTIMA,2022,1,11,1,
2022-01-11,,Não informado,FINALIZADA,VÁRZEA,RUA AGRICOLANDIA,Não informado,PROX AO HOSPITAL HAPIVIDA,VÁRZEA,Não informado,CHOQUE,Não informado,0.0,0.0,0.0,0.0,0.0,0.0,0.0,0.0,0.0,0.0,0.0,Não informado,Não informado,Não informado,Não informado,Não informado,Não informado,Não informado,Não informado,60.0,Não informado,Não informado,SEM VÍTIMA,2022,1,11,1,
2022-01-11,,Não informado,FINALIZADA,TAMARINEIRA,EST VELHA DE AGUA FRIA,AV NORTE MIGUEL ARRAES DE ALENCAR,PRÓX A FERREIRA COSTA,TAMARINEIRA,SUBURBIO,COLISÃO TRANSVERSAL,Não informado,1.0,1.0,0.0,0.0,0.0,0.0,0.0,0.0,0.0,1.0,0.0,Longo da via,Bom,Não existe,Perfeito estado,Seca,Perfeito estado,Não existe,R-6a,60.0,Dupla,Faixa contínua,COM VÍTIMA,2022,1,11,1,
2022-01-12,,Não informado,FINALIZADA,MACAXEIRA,AV NORTE MIGUEL ARRAES DE ALENCAR,AV JOSE AMERICO DE ALMEIDA,PRÓXIMO A ACADEMIA DA CIDADE DO RECIFE.,MACAXEIRA,SUBURBIO,TOMBAMENTO,Não informado,0.0,1.0,0.0,0.0,0.0,0.0,0.0,0.0,0.0,1.0,0.0,Longo da via,Bom,Sem defeito,Perfeito estado,Seca,Perfeito estado,Não informado,Não informado,60.0,Dupla,Faixa contínua,COM VÍTIMA,2022,1,12,2,
2022-01-12,,Não informado,FINALIZADA,SANTO AMARO,AV GOVERNADOR AGAMENON MAGALHAES,Não informado,EM FRENTE  AO POSTO DE COMBUSTÍVEL  BR,SANTO AMARO,Não informado,COLISÃO FRONTAL,Não informado,2.0,0.0,0.0,0.0,0.0,0.0,0.0,0.0,0.0,0.0,0.0,Longo da via,Bom,Não existe,Perfeito estado,Seca,Perfeito estado,Não existe,Outras,60.0,Dupla,Faixa seccionada,SEM VÍTIMA,2022,1,12,2,
2022-01-12,,Não informado,FINALIZADA,SÃO JOSÉ,RUA IMPERIAL,TRV DO RAPOSO,NO SEMÁFORO 510 / CM FERRO E AÇO,SÃO JOSÉ,Não informado,COLISÃO TRANSVERSAL,Não informado,0.0,2.0,0.0,0.0,0.0,0.0,0.0,1.0,0.0,2.0,0.0,Cruzamento,Bom,Sem defeito,Perfeito estado,Seca,Perfeito estado,Faixa de pedestre,R-6a,60.0,Única,Faixa contínua,COM VÍTIMA,2022,1,12,2,
2022-01-12,,Não informado,FINALIZADA,PINA,AVENIDA CELSO FURTADO (VIA MANGUE),Não informado,"PROXIMO AO RIO MAR, COMEÇO DA VIA MANGUE/ SENTIDO PIEDADE",PINA,SUBURBIO,COLISÃO COM CICLISTA,Não informado,0.0,1.0,0.0,1.0,0.0,0.0,0.0,0.0,0.0,1.0,0.0,Longo da via,Bom,Não existe,Perfeito estado,Seca,Perfeito estado,Outros,Outras,60.0,Única,Faixa seccionada,COM VÍTIMA,2022,1,12,2,
2022-01-12,,Não informado,FINALIZADA,ESPINHEIRO,RUA CONS PORTELA,RUA BARAO DE ITAMARACA,EM FRENTE AO ALL BAR ESPINHEIRO,ESPINHEIRO,SUBURBIO,CHOQUE,Não informado,1.0,0.0,0.0,0.0,0.0,0.0,0.0,0.0,0.0,0.0,0.0,Cruzamento,Bom,Sem defeito,Perfeito estado,Seca,Não informado,Faixa de pedestre,Não há placas,60.0,Única,Faixa contínua,SEM VÍTIMA,2022,1,12,2,
2022-01-12,,Não informado,CANCELADA,ARRUDA,RUA DA REGENERACAO,Não informado,PROX AO ANTIGO EDFC ELDORADO,ARRUDA,Não informado,COLISÃO LATERAL,Não informado,1.0,1.0,0.0,0.0,0.0,0.0,0.0,0.0,0.0,1.0,0.0,Não informado,Não informado,Não informado,Não informado,Não informado,Não informado,Não informado,Não informado,60.0,Não informado,Não informado,COM VÍTIMA,2022,1,12,2,
2022-01-13,,Não informado,FINALIZADA,AFOGADOS,RUA SAO MIGUEL,Não informado,LADO OPOSTO AO CHINE BOX  S/T CI,AFOGADOS,CIDADE,COLISÃO TRANSVERSAL,Não informado,1.0,1.0,0.0,0.0,0.0,1.0,0.0,0.0,0.0,1.0,0.0,Longo da via,Bom,Não existe,Perfeito estado,Seca,Perfeito estado,Não existe,Não há placas,60.0,Dupla,Faixa seccionada,COM VÍTIMA,2022,1,13,3,
2022-01-13,,Não informado,FINALIZADA,CAMPO GRANDE,EST DE BELEM,RUA PAULO DE ARRUDA,SEMÁFORO 094 / E/F AO POSTO PETRONAC E CLINICA CENTRAL,CAMPO GRANDE,SUBURBIO,COLISÃO TRANSVERSAL,Não informado,1.0,1.0,0.0,0.0,0.0,0.0,0.0,0.0,0.0,1.0,0.0,Cruzamento,Bom,Sem defeito,Perfeito estado,Seca,Perfeito estado,Faixa de pedestre,Não há placas,60.0,Dupla,Faixa contínua,COM VÍTIMA,2022,1,13,3,
2022-01-13,,Não informado,FINALIZADA,PAISSANDU,AV GOVERNADOR AGAMENON MAGALHAES,RUA GENERAL JOAQUIM INACIO,AO LADO DO INSTITUTO CERVANTES,PAISSANDU,CIDADE,COLISÃO TRASEIRA,Não informado,0.0,1.0,0.0,0.0,0.0,0.0,1.0,0.0,0.0,0.0,1.0,Esquina,Chuvoso,Sem defeito,Perfeito estado,Molhada,Perfeito estado,Faixa de pedestre,Outras,60.0,Dupla,Canteiro central,VÍTIMA FATAL,2022,1,13,3,
2022-01-14,,Não informado,FINALIZADA,AREIAS,AV RECIFE,Não informado,SEMÁFORO 599 - EM FRENTE AO BIG BOMPREÇO,AREIAS,Não informado,CHOQUE,Não informado,1.0,0.0,0.0,0.0,0.0,0.0,0.0,0.0,0.0,0.0,0.0,Longo da via,Chuvoso,Sem defeito,Perfeito estado,Molhada,Perfeito estado,Faixa de pedestre,Não há placas,60.0,Dupla,Faixa contínua,SEM VÍTIMA,2022,1,14,4,
2022-01-14,,Não informado,FINALIZADA,AFOGADOS,RUA SAO MIGUEL,Não informado,ENFRENTE A IGREJA DA FE / SOFRIOS REFRIGERACAO,AFOGADOS,SUBURBIO,COLISÃO TRASEIRA,Não informado,3.0,0.0,0.0,0.0,0.0,1.0,0.0,0.0,0.0,2.0,0.0,Longo da via,Chuvoso,Não existe,Perfeito estado,Molhada,Perfeito estado,Não existe,Outras,60.0,Dupla,Faixa contínua,COM VÍTIMA,2022,1,14,4,
2022-01-14,,Não informado,FINALIZADA,BOA VIAGEM,AV CONSELHEIRO AGUIAR,Não informado,E/F AO  MERCADO EXTRA / AO LADO DO BANCO SANTANDER,BOA VIAGEM,Não informado,COLISÃO LATERAL,Não informado,1.0,1.0,0.0,0.0,0.0,0.0,0.0,0.0,0.0,1.0,0.0,Longo da via,Chuvoso,Não existe,Perfeito estado,Molhada,Perfeito estado,Não existe,R-6a,60.0,Única,Faixa seccionada,COM VÍTIMA,2022,1,14,4,
2022-01-15,,Não informado,CANCELADA,SANTO AMARO,RUA SAO MATEUS,RUA LEAL DE BARROS,EM FRENTE AO DEPOSITO DOS CORREIOS,SANTO AMARO,Não informado,COLISÃO FRONTAL,Não informado,0.0,1.0,0.0,0.0,0.0,1.0,0.0,0.0,0.0,1.0,0.0,Não informado,Não informado,Não informado,Não informado,Não informado,Não informado,Não informado,Não informado,60.0,Não informado,Não informado,COM VÍTIMA,2022,1,15,5,
2022-01-15,,Não informado,FINALIZADA,BOA VIAGEM,RUA JOAO CARDOSO AIRES,RUA CAMBOIM,Não informado,BOA VIAGEM,SUBURBIO,COLISÃO TRANSVERSAL,Não informado,1.0,0.0,0.0,0.0,0.0,0.0,1.0,0.0,0.0,0.0,0.0,Cruzamento,Chuvoso,Não existe,Perfeito estado,Molhada,Perfeito estado,Faixa de retenção,"Placas ""Pare""",30.0,Dupla,Faixa seccionada,SEM VÍTIMA,2022,1,15,5,
2022-01-15,,Não informado,FINALIZADA,BARRO,AV DR JOSE RUFINO,Não informado,E/F A IGREJA DO BARRO,BARRO,SUBURBIO,COLISÃO TRANSVERSAL,Não informado,1.0,1.0,0.0,0.0,0.0,0.0,0.0,0.0,0.0,1.0,0.0,Longo da via,Chuvoso,Sem defeito,Ilegível,Molhada,Mal conservada,Faixa de pedestre,Não há placas,60.0,Dupla,Não existe,COM VÍTIMA,2022,1,15,5,
2022-01-16,,Não informado,FINALIZADA,LINHA DO TIRO,RUA URIEL DE HOLANDA,AV HILDEBRANDO DE VASCONCELOS,AO LADO DA PERNAMBUCO MOTOS,LINHA DO TIRO,CIDADE,COLISÃO FRONTAL,Não informado,1.0,1.0,0.0,0.0,0.0,0.0,0.0,0.0,0.0,1.0,0.0,Longo da via,Bom,Intermitente,Perfeito estado,Seca,Perfeito estado,Não existe,R-6a,30.0,Dupla,Não existe,COM VÍTIMA,2022,1,16,6,
2022-01-16,,Não informado,FINALIZADA,PARNAMIRIM,AV PARNAMIRIM,RUA ANDRE CAVALCANTE,PROX. AO BANCO SANTANDER / OPOSTO AO EDF BEACH CLASS,PARNAMIRIM,CIDADE,ATROPELAMENTO DE PESSOA,Não informado,1.0,0.0,0.0,0.0,1.0,0.0,0.0,0.0,0.0,1.0,0.0,Esquina,Bom,Não existe,Perfeito estado,Seca,Perfeito estado,Outros,R-6a,60.0,Única,Faixa seccionada,COM VÍTIMA,2022,1,16,6,
2022-01-16,,Não informado,FINALIZADA,VÁRZEA,AV AFONSO OLINDENSE,Não informado,PROX AO POSTO SHELL E OS ORREIOS DA ENTRADA DA VARZEA,VÁRZEA,SUBURBIO,COLISÃO TRANSVERSAL,Não informado,1.0,1.0,0.0,0.0,0.0,0.0,0.0,0.0,0.0,1.0,0.0,Longo da via,Bom,Não existe,Perfeito estado,Seca,Perfeito estado,Não informado,R-6a,40.0,Dupla,Faixa contínua,COM VÍTIMA,2022,1,16,6,
2022-01-16,,Não informado,FINALIZADA,BOA VIAGEM,AV CONSELHEIRO AGUIAR,RUA JORNAL VANGUARDA,PRÓX À GALERIA RECIFE TRADE CENTER,BOA VIAGEM,CIDADE,COLISÃO TRASEIRA,Não informado,1.0,1.0,0.0,0.0,0.0,0.0,0.0,0.0,0.0,1.0,0.0,Longo da via,Bom,Sem defeito,Perfeito estado,Seca,Perfeito estado,Faixa de pedestre,Não há placas,60.0,Única,Faixa seccionada,COM VÍTIMA,2022,1,16,6,
2022-01-16,,Não informado,FINALIZADA,SANTO AMARO,AV GOVERNADOR AGAMENON MAGALHAES,Não informado,PRÓX AO SHOPPING TACARUNA,SANTO AMARO,CIDADE,ATROPELAMENTO DE PESSOA,Não informado,0.0,1.0,0.0,0.0,1.0,0.0,0.0,0.0,0.0,2.0,0.0,Longo da via,Bom,Não existe,Perfeito estado,Seca,Perfeito estado,Não existe,Outras,60.0,Dupla,Faixa seccionada,COM VÍTIMA,2022,1,16,6,
2022-01-16,,Não informado,FINALIZADA,VÁRZEA,AV AFONSO OLINDENSE,AV CAXANGA,PRÓX AO POSTO SHELL / SEMAFORO 568,VÁRZEA,Não informado,ATROPELAMENTO DE PESSOA,Não informado,1.0,0.0,0.0,0.0,1.0,0.0,0.0,0.0,0.0,1.0,0.0,Longo da via,Bom,Sem defeito,Perfeito estado,Seca,Perfeito estado,Não informado,R-6a,60.0,Dupla,Faixa contínua,COM VÍTIMA,2022,1,16,6,
2022-01-16,,Não informado,FINALIZADA,BOMBA DO HEMETÉRIO,RUA SAO BENTO,Não informado,E/F AO POSTO NORTE BRAZ,BOMBA DO HEMETÉRIO,Não informado,COLISÃO FRONTAL,Não informado,0.0,0.0,0.0,0.0,0.0,0.0,0.0,0.0,0.0,0.0,0.0,Não informado,Não informado,Não informado,Não informado,Não informado,Não informado,Não informado,Não informado,60.0,Não informado,Não informado,SEM VÍTIMA,2022,1,16,6,
2022-01-16,,Não informado,FINALIZADA,CASA AMARELA,EST DO ARRAIAL,RUA DA HARMONIA,DROGASIL,CASA AMARELA,SUBURBIO,COLISÃO TRANSVERSAL,Não informado,1.0,1.0,0.0,0.0,0.0,0.0,0.0,0.0,0.0,2.0,0.0,Cruzamento,Bom,Sem defeito,Perfeito estado,Seca,Perfeito estado,Faixa de pedestre,Outras,60.0,Única,Faixa seccionada,COM VÍTIMA,2022,1,16,6,
2022-01-17,,Não informado,FINALIZADA,PRADO,AV ENGENHEIRO ABDIAS DE CARVALHO,RUA JOAO IVO DA SILVA,EM FRENTE A HABIB'S,PRADO,SUBURBIO,COLISÃO TRANSVERSAL,Não informado,0.0,1.0,0.0,0.0,0.0,0.0,1.0,0.0,0.0,0.0,1.0,Cruzamento,Chuvoso,Sem defeito,Perfeito estado,Molhada,Perfeito estado,Faixa de pedestre,Não há placas,60.0,Dupla,Canteiro central,VÍTIMA FATAL,2022,1,17,0,
2022-01-17,,Não informado,FINALIZADA,ENGENHO DO MEIO,AV ENGENHEIRO ABDIAS DE CARVALHO,Não informado,"EM FRENTE AO POSTO BR, SENT. CURADO",ENGENHO DO MEIO,Não informado,CHOQUE,Não informado,1.0,0.0,0.0,0.0,0.0,0.0,0.0,0.0,0.0,0.0,0.0,Não informado,Não informado,Não informado,Não informado,Não informado,Não informado,Não informado,Não informado,60.0,Não informado,Não informado,SEM VÍTIMA,2022,1,17,0,
2022-01-17,,Não informado,FINALIZADA,SANTO AMARO,AV GOVERNADOR AGAMENON MAGALHAES,AV DR JAYME DA FONTE,EM FRENTE AO SEMÁFORO Nº 049,SANTO AMARO,Não informado,Não informado,Não informado,2.0,0.0,0.0,0.0,0.0,0.0,0.0,0.0,0.0,0.0,0.0,Longo da via,Bom,Sem defeito,Perfeito estado,Seca,Perfeito estado,Não existe,Não há placas,60.0,Dupla,Faixa seccionada,SEM VÍTIMA,2022,1,17,0,
2022-01-17,,Não informado,FINALIZADA,GRAÇAS,RUA ESMERALDINO BANDEIRA,Não informado,EM FRENTE AO Nº 225,GRAÇAS,SUBURBIO,Não informado,Não informado,1.0,0.0,0.0,0.0,0.0,0.0,0.0,0.0,0.0,0.0,0.0,Longo da via,Bom,Não existe,Perfeito estado,Seca,Perfeito estado,Não existe,R-6a,30.0,Única,Não existe,SEM VÍTIMA,2022,1,17,0,
2022-01-17,,Não informado,FINALIZADA,IPSEP,RUA JEAN EMILE FAVRE,RUA SILVEIRA NETO,Não informado,IPSEP,CIDADE,CHOQUE,Não informado,0.0,0.0,0.0,0.0,0.0,0.0,1.0,0.0,0.0,0.0,0.0,Cruzamento,Bom,Não existe,Perfeito estado,Seca,Perfeito estado,Faixa de pedestre,R-6a,60.0,Dupla,Faixa contínua,SEM VÍTIMA,2022,1,17,0,
2022-01-17,,Não informado,FINALIZADA,SÃO JOSÉ,RUA IMPERIAL,TRV DO RAPOSO,EM FRENTE A CM FERROS E PROXIMO AO SEMAFORO 510,SÃO JOSÉ,SUBURBIO,COLISÃO TRANSVERSAL,Não informado,1.0,1.0,0.0,0.0,0.0,0.0,0.0,0.0,0.0,1.0,0.0,Cruzamento,Bom,Sem defeito,Perfeito estado,Seca,Perfeito estado,Faixa de pedestre,Outras,60.0,Única,Faixa contínua,COM VÍTIMA,2022,1,17,0,
2022-01-17,,Não informado,CANCELADA,CORDEIRO,RUA PROFESSOR JOAQUIM XAVIER DE BRITO,Não informado,PROXIMO AO ARMAZEM JC,CORDEIRO,Não informado,COLISÃO LATERAL,Não informado,1.0,1.0,0.0,0.0,0.0,0.0,0.0,0.0,0.0,1.0,0.0,Não informado,Não informado,Não informado,Não informado,Não informado,Não informado,Não informado,Não informado,60.0,Não informado,Não informado,COM VÍTIMA,2022,1,17,0,
2022-01-17,,Não informado,FINALIZADA,SANTO AMARO,AV NORTE MIGUEL ARRAES DE ALENCAR,Não informado,VIADUTO DA AVENIDA NORTE  SOBRE A AV AGAMENON MAGALHÃES,SANTO AMARO,SUBÚRBIO,COLISÃO TRASEIRA,Não informado,0.0,1.0,0.0,1.0,0.0,1.0,1.0,0.0,0.0,1.0,0.0,Viaduto,Bom,Não existe,Perfeito estado,Seca,Perfeito estado,Não existe,Não há placas,60.0,Dupla,Faixa seccionada,COM VÍTIMA,2022,1,17,0,
2022-01-17,,Não informado,FINALIZADA,MADALENA,RUA BENFICA,Não informado,NO GIRADOURO DO INTERNACIONAL  NO SEMAFORO 590,MADALENA,CIDADE,COLISÃO LATERAL,Não informado,1.0,1.0,0.0,0.0,0.0,0.0,0.0,0.0,0.0,1.0,0.0,Rotatória,Bom,Sem defeito,Perfeito estado,Seca,Perfeito estado,Faixa de pedestre,"Placas ""Pare""",60.0,Não informado,Faixa contínua,COM VÍTIMA,2022,1,17,0,
2022-01-17,,Não informado,FINALIZADA,IMBIRIBEIRA,RUA ITALIA,RUA ARQUITETO LUIZ NUNES,AO LADO DO SUPERMERCADO ASSAI,IMBIRIBEIRA,Não informado,COLISÃO FRONTAL,Não informado,0.0,0.0,1.0,0.0,0.0,1.0,0.0,0.0,0.0,1.0,0.0,Cruzamento,Bom,Não existe,Incompleta,Seca,Perfeito estado,Não existe,"Placas ""Pare""",60.0,Dupla,Não existe,COM VÍTIMA,2022,1,17,0,
2022-01-18,,Não informado,FINALIZADA,IMBIRIBEIRA,RUA IZABEL DE SOUZA,RUA PAMPULHA,POR TRÁS DA EUROVIA RENAULT IMBIRIBEIRA,IMBIRIBEIRA,SUBURBIO,COLISÃO TRANSVERSAL,Não informado,1.0,1.0,0.0,0.0,0.0,0.0,0.0,0.0,0.0,1.0,0.0,Cruzamento,Bom,Sem defeito,Perfeito estado,Seca,Perfeito estado,Faixa de pedestre,Outras,60.0,Única,Não existe,COM VÍTIMA,2022,1,18,1,
2022-01-18,,Não informado,FINALIZADA,PRADO,AV ENGENHEIRO ABDIAS DE CARVALHO,Não informado,EM FRENTE A PARADA DE ÔNIBUS Nº 060018,PRADO,SUBURBIO,CHOQUE,Não informado,1.0,0.0,0.0,0.0,0.0,0.0,0.0,0.0,0.0,0.0,0.0,Longo da via,Não informado,Não existe,Perfeito estado,Não informado,Perfeito estado,Não informado,Não informado,60.0,Única,Faixa seccionada,SEM VÍTIMA,2022,1,18,1,
2022-01-18,,Não informado,FINALIZADA,ENCRUZILHADA,AV NORTE MIGUEL ARRAES DE ALENCAR,Não informado,APOS A HONDA LADO OPOSTO  E/F AO EXTRABOM  / EM FRENTE A MV AUOMOVEIS,ENCRUZILHADA,SUBURBIO,COLISÃO TRASEIRA,Não informado,1.0,1.0,0.0,0.0,0.0,0.0,0.0,0.0,0.0,1.0,0.0,Cruzamento,Bom,Sem defeito,Perfeito estado,Seca,Perfeito estado,Faixa de retenção,Não há placas,60.0,Dupla,Canteiro central,COM VÍTIMA,2022,1,18,1,
2022-01-18,,Não informado,FINALIZADA,AFOGADOS,RUA MOTOCOLOMBO,Não informado,EM FRENTE A IGREJA PRESBITERIANA DO LARGO DA PAZ,AFOGADOS,SUBURBIO,ATROPELAMENTO DE ANIMAL,Não informado,0.0,1.0,0.0,0.0,0.0,0.0,0.0,0.0,0.0,0.0,0.0,Longo da via,Bom,Não existe,Perfeito estado,Seca,Perfeito estado,Não existe,Não há placas,60.0,Única,Faixa seccionada,SEM VÍTIMA,2022,1,18,1,
2022-01-18,,Não informado,FINALIZADA,BARRO,AV DR JOSE RUFINO,Não informado,E/F AO POSTO IMPERIO,BARRO,Não informado,COLISÃO LATERAL,Não informado,1.0,1.0,0.0,0.0,0.0,0.0,0.0,0.0,0.0,1.0,0.0,Não informado,Não informado,Não informado,Não informado,Não informado,Não informado,Não informado,Não informado,60.0,Não informado,Não informado,COM VÍTIMA,2022,1,18,1,
2022-01-18,,Não informado,CANCELADA,VÁRZEA,AV AFONSO OLINDENSE,Não informado,PRÓXIMO À LOMBADA ELETRÔNICA,VÁRZEA,Não informado,COLISÃO FRONTAL,Não informado,0.0,0.0,0.0,0.0,0.0,0.0,0.0,0.0,0.0,1.0,0.0,Não informado,Não informado,Não informado,Não informado,Não informado,Não informado,Não informado,Não informado,60.0,Não informado,Não informado,COM VÍTIMA,2022,1,18,1,
2022-01-19,,Não informado,FINALIZADA,CAXANGÁ,AV CAXANGA,AV PROFESSOR MORAES REGO,EMBAIXO DO VIADUTO DA CAXANGA,CAXANGÁ,CIDADE,COLISÃO LATERAL,Não informado,1.0,1.0,0.0,0.0,0.0,0.0,0.0,0.0,0.0,1.0,0.0,Longo da via,Bom,Sem defeito,Perfeito estado,Seca,Perfeito estado,Não existe,Não há placas,60.0,Dupla,Canteiro central,COM VÍTIMA,2022,1,19,2,
2022-01-19,,Não informado,FINALIZADA,PAISSANDU,RUA FRANCISCO ALVES,RUA CAPITAO JOSE DA LUZ,PRÓX AO MULTIMED ILHA CENTER. POSTE H027330,PAISSANDU,Não informado,COLISÃO TRANSVERSAL,Não informado,1.0,1.0,0.0,0.0,0.0,0.0,0.0,0.0,0.0,1.0,0.0,Longo da via,Bom,Não existe,Perfeito estado,Seca,Perfeito estado,Não existe,R-34,60.0,Dupla,Faixa contínua,COM VÍTIMA,2022,1,19,2,
2022-01-19,,Não informado,CANCELADA,DOIS UNIDOS,RUA DIVISOPOLIS,Não informado,AO LADO DA BARRACA DO GALEGO,DOIS UNIDOS,Não informado,COLISÃO FRONTAL,Não informado,0.0,2.0,0.0,0.0,0.0,0.0,0.0,0.0,0.0,2.0,0.0,Não informado,Não informado,Não informado,Não informado,Não informado,Não informado,Não informado,Não informado,60.0,Não informado,Não informado,COM VÍTIMA,2022,1,19,2,
2022-01-19,,Não informado,FINALIZADA,VÁRZEA,RUA AMARO GOMES POROCA,Não informado,EM FRENTE A FARMACIA ESPERANÇA,VÁRZEA,Não informado,COLISÃO LATERAL,Não informado,1.0,0.0,0.0,0.0,0.0,0.0,1.0,0.0,0.0,1.0,0.0,Longo da via,Bom,Não existe,Incompleta,Seca,Não informado,Não existe,Não há placas,60.0,Dupla,Não existe,COM VÍTIMA,2022,1,19,2,
2022-01-19,,Não informado,FINALIZADA,GRAÇAS,RUA ALBERTO PAIVA,RUA DOZE DE OUTUBRO,Não informado,GRAÇAS,Não informado,COLISÃO LATERAL,Não informado,1.0,2.0,0.0,0.0,0.0,0.0,0.0,0.0,0.0,1.0,0.0,Longo da via,Bom,Não existe,Perfeito estado,Seca,Perfeito estado,Não existe,Não há placas,40.0,Única,Faixa seccionada,COM VÍTIMA,2022,1,19,2,
2022-01-19,,Não informado,CANCELADA,IMBIRIBEIRA,AV MARECHAL MASCARENHAS DE MORAES,Não informado,PROXIMO AO GERALDÃO/ SENTIDO CENTRO,IMBIRIBEIRA,Não informado,COLISÃO LATERAL,Não informado,1.0,0.0,0.0,0.0,0.0,0.0,0.0,1.0,0.0,0.0,0.0,Não informado,Não informado,Não informado,Não informado,Não informado,Não informado,Não informado,Não informado,60.0,Não informado,Não informado,SEM VÍTIMA,2022,1,19,2,
2022-01-19,,Não informado,FINALIZADA,VÁRZEA,AV AFONSO OLINDENSE,Não informado,E/F A UPINHA DA VARZEA.,VÁRZEA,CIDADE,COLISÃO TRANSVERSAL,Não informado,1.0,1.0,0.0,0.0,0.0,0.0,0.0,0.0,0.0,1.0,0.0,Longo da via,Bom,Não existe,Perfeito estado,Seca,Perfeito estado,Não existe,Outras,60.0,Dupla,Faixa contínua,COM VÍTIMA,2022,1,19,2,
2022-01-19,,Não informado,CANCELADA,BAIRRO DO RECIFE,PTE BUARQUE DE MACEDO,Não informado,PROX AO MARCO ZERO,BAIRRO DO RECIFE,Não informado,COLISÃO LATERAL,Não informado,1.0,0.0,0.0,0.0,0.0,0.0,1.0,0.0,0.0,1.0,0.0,Não informado,Não informado,Não informado,Não informado,Não informado,Não informado,Não informado,Não informado,60.0,Não informado,Não informado,COM VÍTIMA,2022,1,19,2,
2022-01-19,,Não informado,CANCELADA,CASA FORTE,EST DAS UBAIAS,Não informado,PRÓX A PRC DE CASA FORTE,CASA FORTE,Não informado,COLISÃO LATERAL,Não informado,0.0,0.0,0.0,0.0,0.0,0.0,0.0,0.0,0.0,1.0,0.0,Não informado,Não informado,Não informado,Não informado,Não informado,Não informado,Não informado,Não informado,60.0,Não informado,Não informado,COM VÍTIMA,2022,1,19,2,