data,hora,natureza_acidente,situacao,bairro,endereco,detalhe_endereco_acidente,complemento,bairro_cruzamento,sentido_via,tipo,descricao,auto,moto,ciclom,ciclista,pedestre,onibus,caminhao,viatura,outros,vitimas,vitimasfatais,acidente_verificado,tempo_clima,situacao_semaforo,sinalizacao,condicao_via,conservacao_via,ponto_controle,situacao_placa,velocidade_max_via,mao_direcao,divisao_via1,natureza,ano,mes,dia,dia_semana,hora_ocorrencia
2022-01-20,,Não informado,FINALIZADA,IPSEP,AV RECIFE,Não informado,PRÓX À CASA DAS BATERIAS,IPSEP,BOA VIAGEM,ATROPELAMENTO DE PESSOA,Não informado,0.0,1.0,0.0,0.0,1.0,0.0,0.0,0.0,0.0,1.0,0.0,Longo da via,Bom,Sem defeito,Perfeito estado,Seca,Perfeito estado,Agente,Não informado,60.0,Não informado,Não informado,COM VÍTIMA,2022,1,20,3,
2022-01-20,,Não informado,FINALIZADA,BOA VISTA,RUA PRINCESA IZABEL,RUA DA SAUDADE,CHOQUE DE CAMINHÃO COM POSTE SEMAFÓRICO NO CRUZAMENTO DAS RUA PRINCESA IZABEL COM RUA DA SAUDADE. JUNTO DA SDS.  PLACA DO VEÍCULO NÃO FOI INFORMADO ( VEÍCULO EVADIU-SE ).,BOA VISTA,CIDADE,CHOQUE,Não informado,0.0,0.0,0.0,0.0,0.0,0.0,1.0,0.0,0.0,0.0,0.0,Não informado,Não informado,Não informado,Não informado,Não informado,Não informado,Não informado,Não informado,60.0,Não informado,Não informado,SEM VÍTIMA,2022,1,20,3,
2022-01-20,,Não informado,FINALIZADA,SANTO ANTÔNIO,PRC DA REPUBLICA,Não informado,AO LADO DO TEATRO SANTA ISABEL,SANTO ANTÔNIO,SUBURBIO,CHOQUE,Não informado,1.0,1.0,0.0,0.0,0.0,0.0,0.0,0.0,0.0,1.0,0.0,Longo da via,Bom,Não existe,Perfeito estado,Seca,Perfeito estado,Não existe,Outras,60.0,Única,Não existe,COM VÍTIMA,2022,1,20,3,
2022-01-20,,Não informado,CANCELADA,GRAÇAS,AV RUI BARBOSA,Não informado,E/F A CASA DOS FRIOS E CAPELA,GRAÇAS,Não informado,COLISÃO LATERAL,Não informado,0.0,0.0,0.0,0.0,0.0,0.0,0.0,0.0,0.0,1.0,0.0,Não informado,Não informado,Não informado,Não informado,Não informado,Não informado,Não informado,Não informado,60.0,Não informado,Não informado,COM VÍTIMA,2022,1,20,3,
2022-01-20,,Não informado,FINALIZADA,TORRE,AV BEIRA RIO,RUA CONDE DE IRAJA,PONTE DA TORRE,TORRE,Não informado,COLISÃO TRANSVERSAL,Não informado,1.0,1.0,0.0,0.0,0.0,0.0,0.0,0.0,0.0,2.0,0.0,Cruzamento,Bom,Sem defeito,Perfeito estado,Seca,Perfeito estado,Faixa de pedestre,Não informado,60.0,Dupla,Faixa contínua,COM VÍTIMA,2022,1,20,3,
2022-01-21,,Não informado,FINALIZADA,PAISSANDU,AV GOVERNADOR AGAMENON MAGALHAES,Não informado,INICIO DA PONTE JOSE BARROS LIMA,PAISSANDU,Não informado,CHOQUE,Não informado,1.0,0.0,0.0,0.0,0.0,0.0,0.0,0.0,0.0,0.0,0.0,Não informado,Não informado,Não informado,Não informado,Não informado,Não informado,Não informado,Não informado,60.0,Não informado,Não informado,SEM VÍTIMA,2022,1,21,4,
2022-01-21,,Não informado,FINALIZADA,BOA VIAGEM,RUA VISCONDE DE JEQUITINHONHA,RUA BALTAZAR PASSOS,NO SEMÁFORO 154,BOA VIAGEM,SUBURBIO,COLISÃO LATERAL,Não informado,1.0,1.0,0.0,0.0,0.0,0.0,0.0,0.0,0.0,1.0,0.0,Cruzamento,Bom,Sem defeito,Perfeito estado,Seca,Perfeito estado,Faixa de retenção,"Placas ""Pare""",40.0,Única,Faixa contínua,COM VÍTIMA,2022,1,21,4,
2022-01-21,,Não informado,FINALIZADA,PINA,AVENIDA CELSO FURTADO (VIA MANGUE),Não informado,"PROX AO AEROCLUBE,  ANTIGA SEDE DO GTO",PINA,SUBURBIO,COLISÃO LATERAL,Não informado,0.0,0.0,0.0,0.0,0.0,0.0,0.0,0.0,0.0,0.0,0.0,Não informado,Não informado,Não informado,Não informado,Não informado,Não informado,Não informado,Não informado,60.0,Não informado,Não informado,SEM VÍTIMA,2022,1,21,4,
2022-01-21,,Não informado,CANCELADA,VASCO DA GAMA,RUA VASCO DA GAMA,Não informado,E/F A TET BEBIDAS E CORREGO DO BOTIJÃO,VASCO DA GAMA,Não informado,COLISÃO LATERAL,Não informado,0.0,0.0,0.0,0.0,0.0,0.0,0.0,0.0,0.0,1.0,0.0,Não informado,Não informado,Não informado,Não informado,Não informado,Não informado,Não informado,Não informado,60.0,Não informado,Não informado,COM VÍTIMA,2022,1,21,4,
2022-01-22,,Não informado,CANCELADA,AFOGADOS,RUA SAO MIGUEL,Não informado,ACIDENTE COM VÍTIMA - REF. EM FRENTE AO BODE DO NÓ,AFOGADOS,Não informado,COLISÃO FRONTAL,Não informado,1.0,1.0,0.0,0.0,0.0,0.0,0.0,0.0,0.0,1.0,0.0,Não informado,Não informado,Não informado,Não informado,Não informado,Não informado,Não informado,Não informado,60.0,Não informado,Não informado,COM VÍTIMA,2022,1,22,5,
2022-01-22,,Não informado,FINALIZADA,DERBY,AV GOVERNADOR AGAMENON MAGALHAES,Não informado,AO LADO APOSTO AO EDIFICIO DA CAIXA ECONOMICA FEDERAL - SENTIDO BOA VIAGEM,DERBY,SUBURBIO,ATROPELAMENTO DE PESSOA,Não informado,1.0,0.0,0.0,0.0,1.0,0.0,0.0,0.0,0.0,1.0,0.0,Longo da via,Bom,Não existe,Perfeito estado,Seca,Perfeito estado,Outros,Outras,60.0,Não informado,Faixa seccionada,COM VÍTIMA,2022,1,22,5,
2022-01-22,,Não informado,FINALIZADA,BOA VIAGEM,RUA FRANCISCO DA CUNHA,RUA PROFESSOR JOSE BRANDAO,EM FRENTE AO EMPRESARIAL MASTER,BOA VIAGEM,CIDADE,COLISÃO TRANSVERSAL,Não informado,2.0,0.0,0.0,0.0,0.0,0.0,0.0,0.0,0.0,1.0,0.0,Cruzamento,Bom,Não existe,Perfeito estado,Seca,Perfeito estado,Faixa de retenção,"Placas ""Pare""",60.0,Única,Não existe,COM VÍTIMA,2022,1,22,5,
2022-01-22,,Não informado,CANCELADA,COHAB,RUA TERRA BRANCA,RUA IBIRATINGA,IGREJA BATISTA VALE,COHAB,Não informado,COLISÃO TRASEIRA,Não informado,1.0,0.0,0.0,0.0,0.0,0.0,1.0,0.0,0.0,0.0,0.0,Não informado,Não informado,Não informado,Não informado,Não informado,Não informado,Não informado,Não informado,60.0,Não informado,Não informado,SEM VÍTIMA,2022,1,22,5,
2022-01-22,,Não informado,CANCELADA,IPUTINGA,RUA BALTAZAR DA SILVA LISBOA,Não informado,PRÓX AO CONDOMÍNIO IPUTINGA,IPUTINGA,Não informado,ATROPELAMENTO DE PESSOA,Não informado,0.0,1.0,0.0,0.0,1.0,0.0,0.0,0.0,0.0,1.0,0.0,Não informado,Não informado,Não informado,Não informado,Não informado,Não informado,Não informado,Não informado,60.0,Não informado,Não informado,COM VÍTIMA,2022,1,22,5,
2022-01-22,,Não informado,FINALIZADA,TORRE,RUA DOM MANOEL DA COSTA,RUA BELARMINO CARNEIRO,ACIDENTE COM VITIMA  ENTRE CARRO E MOTO,TORRE,CIDADE,COLISÃO LATERAL,Não informado,1.0,1.0,0.0,0.0,0.0,0.0,0.0,0.0,0.0,1.0,0.0,Longo da via,Bom,Não existe,Incompleta,Seca,Mal conservada,Não existe,Não informado,60.0,Única,Faixa seccionada,COM VÍTIMA,2022,1,22,5,
2022-01-23,,Não informado,FINALIZADA,TORRE,RUA TOMAZ GONZAGA,AV PROFESSOR ESTEVAO FRANCISCO DA COSTA,RUA DO CANAL,TORRE,Não informado,COLISÃO TRANSVERSAL,Não informado,1.0,1.0,0.0,0.0,0.0,0.0,0.0,0.0,0.0,2.0,0.0,Cruzamento,Bom,Desligado,Perfeito estado,Seca,Perfeito estado,Faixa de pedestre,Não há placas,60.0,Única,Faixa contínua,COM VÍTIMA,2022,1,23,6,
2022-01-23,,Não informado,FINALIZADA,DERBY,AV GOVERNADOR AGAMENON MAGALHAES,RUA HENRIQUE DIAS,PROX A ESTACAO DE ESGOTOS,DERBY,OLINDA,COLISÃO LATERAL,Não informado,0.0,2.0,0.0,0.0,0.0,0.0,0.0,0.0,0.0,1.0,0.0,Cruzamento,Bom,Sem defeito,Perfeito estado,Seca,Perfeito estado,Faixa de pedestre,Não informado,60.0,Única,Faixa contínua,COM VÍTIMA,2022,1,23,6,
2022-01-23,,Não informado,FINALIZADA,PINA,PTE GOVERNADOR PAULO GUERRA,Não informado,PROX AO ENTRADA DO SHOPPING RIOMAR   E/T BOA VIAGEM,PINA,SUBURBIO,COLISÃO FRONTAL,Não informado,1.0,1.0,0.0,0.0,0.0,0.0,0.0,0.0,0.0,1.0,0.0,Longo da via,Bom,Não existe,Perfeito estado,Seca,Perfeito estado,Não existe,Não há placas,60.0,Única,Faixa seccionada,COM VÍTIMA,2022,1,23,6,
2022-01-23,,Não informado,FINALIZADA,BOA VIAGEM,RUA VISCONDE DE JEQUITINHONHA,Não informado,POR TRAS DO PARQUE DONA LINDU BEIRA CANAL S/T PIEDADE,BOA VIAGEM,SUBURBIO,ENGAVETAMENTO,Não informado,3.0,0.0,0.0,0.0,0.0,0.0,0.0,0.0,0.0,3.0,0.0,Longo da via,Bom,Não existe,Perfeito estado,Seca,Perfeito estado,Faixa de retenção,Não há placas,60.0,Única,Faixa seccionada,COM VÍTIMA,2022,1,23,6,
2022-01-23,,Não informado,FINALIZADA,CAMPO GRANDE,RUA JERONIMO VILELA,RUA DR MACHADO,E/F AO BAR ESQUENTA,CAMPO GRANDE,SUBURBIO,COLISÃO COM CICLISTA,Não informado,0.0,1.0,0.0,2.0,0.0,0.0,0.0,0.0,0.0,1.0,0.0,Cruzamento,Bom,Sem defeito,Perfeito estado,Seca,Perfeito estado,Faixa de pedestre,R-28,60.0,Dupla,Faixa seccionada,COM VÍTIMA,2022,1,23,6,
2022-01-23,,Não informado,CANCELADA,ESPINHEIRO,RUA DO FUTURO,RUA PADRE ROMA,E/F AO HOSPITAL ALBERT SABIN,ESPINHEIRO,Não informado,COLISÃO LATERAL,Não informado,1.0,1.0,0.0,0.0,0.0,0.0,0.0,0.0,0.0,1.0,0.0,Não informado,Não informado,Não informado,Não informado,Não informado,Não informado,Não informado,Não informado,60.0,Não informado,Não informado,COM VÍTIMA,2022,1,23,6,
2022-01-23,,Não informado,CANCELADA,BOA VIAGEM,RUA PEDRO BERGAMO,Não informado,BOATE VITRINE,BOA VIAGEM,Não informado,COLISÃO TRANSVERSAL,Não informado,0.0,0.0,0.0,0.0,0.0,0.0,0.0,0.0,0.0,0.0,0.0,Não informado,Não informado,Não informado,Não informado,Não informado,Não informado,Não informado,Não informado,60.0,Não informado,Não informado,SEM VÍTIMA,2022,1,23,6,
2022-01-24,,Não informado,CANCELADA,NOVA DESCOBERTA,RUA BUJARU,Não informado,ENTRADA DO LARGO DONA REGINA - E/F A CASA DO QUEIJO,NOVA DESCOBERTA,Não informado,COLISÃO TRANSVERSAL,Não informado,2.0,0.0,0.0,0.0,0.0,0.0,0.0,0.0,0.0,0.0,0.0,Não informado,Não informado,Não informado,Não informado,Não informado,Não informado,Não informado,Não informado,60.0,Não informado,Não informado,SEM VÍTIMA,2022,1,24,0,
2022-01-24,,Não informado,FINALIZADA,APIPUCOS,RUA DE APIPUCOS,RUA CAETES,EM FRENTE AO DECIMO PRIMEIRO BATALHÃO,APIPUCOS,SUBURBIO,COLISÃO TRANSVERSAL,Não informado,1.0,1.0,0.0,0.0,0.0,0.0,0.0,0.0,0.0,1.0,0.0,Cruzamento,Chuvoso,Sem defeito,Perfeito estado,Molhada,Perfeito estado,Faixa de pedestre,R-6a,60.0,Dupla,Faixa contínua,COM VÍTIMA,2022,1,24,0,
2022-01-24,,Não informado,FINALIZADA,BOA VIAGEM,AV BOA VIAGEM,Não informado,50 METROS ANTES DO DONA LINDU,BOA VIAGEM,CIDADE,COLISÃO LATERAL,Não informado,1.0,1.0,0.0,0.0,0.0,0.0,0.0,0.0,0.0,1.0,0.0,Longo da via,Bom,Não existe,Perfeito estado,Seca,Perfeito estado,Não existe,Outras,60.0,Única,Faixa contínua,COM VÍTIMA,2022,1,24,0,
2022-01-24,,Não informado,FINALIZADA,ESPINHEIRO,RUA CONS PORTELA,RUA CARNEIRO VILELA,ACIDENTE COM VÍTIMA NA FRENTE DA GALERIA CONS. PORTELA. MOTO E AUTO COM 2 VÍTIMAS,ESPINHEIRO,CIDADE,COLISÃO LATERAL,Não informado,1.0,1.0,0.0,0.0,0.0,0.0,0.0,0.0,0.0,1.0,0.0,Longo da via,Bom,Não existe,Perfeito estado,Seca,Perfeito estado,Não informado,R-6c,60.0,Única,Faixa seccionada,COM VÍTIMA,2022,1,24,0,
2022-01-24,,Não informado,FINALIZADA,BOA VIAGEM,RUA SETUBAL,RUA DR VICENTE GOMES,Não informado,BOA VIAGEM,CIDADE,COLISÃO TRANSVERSAL,Não informado,2.0,0.0,0.0,0.0,0.0,0.0,0.0,0.0,0.0,2.0,0.0,Cruzamento,Bom,Sem defeito,Perfeito estado,Seca,Perfeito estado,Faixa de pedestre,R-4b,60.0,Única,Não existe,COM VÍTIMA,2022,1,24,0,
2022-01-24,,Não informado,FINALIZADA,AFLITOS,RUA MANUEL DE CARVALHO,Não informado,"PROX AO CHINA 48, VEÍCULO TUCSON ATROPELOU UM PEDESTRE,",AFLITOS,SUBURBIO,ATROPELAMENTO DE PESSOA,Não informado,1.0,0.0,0.0,0.0,1.0,0.0,0.0,0.0,0.0,1.0,0.0,Longo da via,Bom,Não existe,Perfeito estado,Seca,Perfeito estado,Outros,Outras,60.0,Não informado,Não informado,COM VÍTIMA,2022,1,24,0,
2022-01-24,,Não informado,FINALIZADA,DERBY,AV GOVERNADOR AGAMENON MAGALHAES,PRC DO DERBY,SOB O SEMÁFORO 075,DERBY,Não informado,Não informado,Não informado,1.0,1.0,0.0,0.0,0.0,0.0,0.0,0.0,0.0,0.0,0.0,Cruzamento,Bom,Sem defeito,Perfeito estado,Seca,Perfeito estado,Agente,Outras,60.0,Dupla,Canteiro central,SEM VÍTIMA,2022,1,24,0,
2022-01-24,,Não informado,FINALIZADA,IPSEP,AV RECIFE,RUA SAO NICOLAU,COLISÃO ENTRE TRES VEICULOS: VIATURA DA PM/PE - MOTO -  VEICULO USV.,IPSEP,CIDADE,COLISÃO TRANSVERSAL,Não informado,1.0,1.0,0.0,0.0,0.0,0.0,0.0,0.0,0.0,1.0,0.0,Não informado,Não informado,Não informado,Não informado,Não informado,Não informado,Não informado,Não informado,60.0,Não informado,Não informado,COM VÍTIMA,2022,1,24,0,
2022-01-24,,Não informado,FINALIZADA,IMBIRIBEIRA,AV MARECHAL MASCARENHAS DE MORAES,Não informado,EM BAIXO DO VIADUTO TANCREDO NEVES/ SENTIDO AEROPORTO,IMBIRIBEIRA,SUBURBIO,COLISÃO LATERAL,Não informado,0.0,1.0,0.0,0.0,0.0,0.0,0.0,0.0,0.0,1.0,0.0,Longo da via,Bom,Não existe,Não existente,Seca,Perfeito estado,Não existe,Não há placas,60.0,Dupla,Faixa seccionada,COM VÍTIMA,2022,1,24,0,
2022-01-24,,Não informado,FINALIZADA,CASA FORTE,RUA AGRESTINA,RUA AMARAJI,ESQUINA DA ESCOLA RAÍZES,CASA FORTE,CIDADE,COLISÃO LATERAL,Não informado,1.0,1.0,0.0,0.0,0.0,0.0,0.0,0.0,0.0,1.0,0.0,Cruzamento,Bom,Não existe,Perfeito estado,Seca,Perfeito estado,Não informado,"Placas ""Pare""",30.0,Dupla,Não existe,COM VÍTIMA,2022,1,24,0,
2022-01-24,,Não informado,FINALIZADA,CASA FORTE,RUA LEONARDO BEZERRA CAVALCANTE,RUA NESTOR SILVA,PERTO DO SHOPPING PLAZA E BIG BOMPREÇO,CASA FORTE,CIDADE,COLISÃO TRANSVERSAL,Não informado,2.0,0.0,0.0,0.0,0.0,0.0,0.0,0.0,0.0,1.0,0.0,Cruzamento,Bom,Sem defeito,Perfeito estado,Seca,Perfeito estado,Faixa de pedestre,Não há placas,60.0,Única,Faixa seccionada,COM VÍTIMA,2022,1,24,0,
2022-01-25,,Não informado,FINALIZADA,NOVA DESCOBERTA,AV VEREADOR OTACILIO AZEVEDO,RUA DR ANTONIO DA ROSA BORGES,EM FRENE AO MECADO PUBLICO DE NOVA DESCOBERTA / FAIXA DA DIREITA,NOVA DESCOBERTA,SUBURBIO,COLISÃO COM CICLISTA,Não informado,1.0,0.0,0.0,1.0,0.0,0.0,0.0,0.0,0.0,1.0,0.0,Esquina,Bom,Não existe,Perfeito estado,Seca,Perfeito estado,Não informado,R-6a,60.0,Dupla,Não existe,COM VÍTIMA,2022,1,25,1,
2022-01-25,,Não informado,CANCELADA,CAXANGÁ,AV JOAQUIM RIBEIRO,Não informado,EM CIMA DO VIADUTO // SENTIDO CIDADE // APÓS O SEMÁFORO 281,CAXANGÁ,Não informado,COLISÃO LATERAL,Não informado,1.0,1.0,0.0,0.0,0.0,0.0,0.0,0.0,0.0,1.0,0.0,Não informado,Não informado,Não informado,Não informado,Não informado,Não informado,Não informado,Não informado,60.0,Não informado,Não informado,COM VÍTIMA,2022,1,25,1,
2022-01-25,,Não informado,FINALIZADA,CASA AMARELA,RUA PADRE LEMOS,Não informado,EM FRENTE A CASA PIO,CASA AMARELA,CIDADE,ATROPELAMENTO DE PESSOA,Não informado,1.0,0.0,0.0,0.0,1.0,0.0,0.0,0.0,0.0,1.0,0.0,Longo da via,Bom,Não existe,Perfeito estado,Seca,Perfeito estado,Faixa de pedestre,R-6a,30.0,Não informado,Não existe,COM VÍTIMA,2022,1,25,1,
2022-01-25,,Não informado,FINALIZADA,ROSARINHO,RUA DR JOSE MARIA,Não informado,AO LADO DO RESTAURANTE PORTAL DA PICANHA,ROSARINHO,Não informado,COLISÃO LATERAL,Não informado,1.0,1.0,0.0,0.0,0.0,0.0,0.0,0.0,0.0,1.0,0.0,Não informado,Não informado,Não informado,Não informado,Não informado,Não informado,Não informado,Não informado,60.0,Não informado,Não informado,COM VÍTIMA,2022,1,25,1,
2022-01-25,,Não informado,FINALIZADA,BOA VIAGEM,AV BOA VIAGEM,Não informado,E/F AO EDIFICIO LULA CARDOSO AYRES,BOA VIAGEM,CIDADE,COLISÃO TRASEIRA,Não informado,1.0,1.0,0.0,0.0,0.0,0.0,0.0,0.0,0.0,1.0,0.0,Longo da via,Bom,Sem defeito,Perfeito estado,Seca,Perfeito estado,Faixa de retenção,Não há placas,60.0,Única,Faixa contínua,COM VÍTIMA,2022,1,25,1,
2022-01-25,,Não informado,CANCELADA,CORDEIRO,RUA GOMES TABORDA,AV GENERAL SAN MARTIN,PRÓX.  AO ATACAREJO IDEAL,CORDEIRO,Não informado,COLISÃO FRONTAL,Não informado,1.0,1.0,0.0,0.0,0.0,0.0,0.0,0.0,0.0,1.0,0.0,Não informado,Não informado,Não informado,Não informado,Não informado,Não informado,Não informado,Não informado,60.0,Não informado,Não informado,COM VÍTIMA,2022,1,25,1,
2022-01-25,,Não informado,FINALIZADA,VÁRZEA,RUA GASTAO VIDIGAL,Não informado,PRÓXIMO A UPA DA CAXANGÁ,VÁRZEA,CIDADE,COLISÃO TRANSVERSAL,Não informado,1.0,0.0,0.0,0.0,0.0,0.0,0.0,1.0,0.0,0.0,0.0,Longo da via,Bom,Sem defeito,Perfeito estado,Seca,Perfeito estado,Não informado,Não há placas,60.0,Dupla,Faixa seccionada,SEM VÍTIMA,2022,1,25,1,
2022-01-25,,Não informado,FINALIZADA,CASA AMARELA,AV NORTE MIGUEL ARRAES DE ALENCAR,RUA BELA VISTA,E/F AO REI DA PICANHA S/T CID,CASA AMARELA,CIDADE,COLISÃO TRASEIRA,Não informado,1.0,0.0,0.0,0.0,0.0,1.0,0.0,0.0,0.0,1.0,0.0,Cruzamento,Bom,Sem defeito,Perfeito estado,Seca,Perfeito estado,Faixa de pedestre,R-6a,60.0,Dupla,Faixa seccionada,COM VÍTIMA,2022,1,25,1,
2022-01-25,,Não informado,FINALIZADA,PRADO,RUA CARLOS GOMES,RUA RICARDO SALAZAR,NO SEMFORO 623,PRADO,CIDADE,QUEDA,Não informado,0.0,1.0,0.0,0.0,0.0,0.0,0.0,0.0,0.0,1.0,0.0,Longo da via,Bom,Sem defeito,Perfeito estado,Oleosa,Perfeito estado,Faixa de pedestre,"Placas ""Pare""",60.0,Dupla,Faixa contínua,COM VÍTIMA,2022,1,25,1,
2022-01-25,,Não informado,CANCELADA,BOA VIAGEM,RUA DR GASPAR REGUEIRA COSTA,RUA DOM JOSE LOPES,EM FRENTE AO SAN BOTEQUIM,BOA VIAGEM,Não informado,COLISÃO LATERAL,Não informado,1.0,1.0,0.0,0.0,0.0,0.0,0.0,0.0,0.0,1.0,0.0,Não informado,Não informado,Não informado,Não informado,Não informado,Não informado,Não informado,Não informado,60.0,Não informado,Não informado,COM VÍTIMA,2022,1,25,1,
2022-01-25,,Não informado,FINALIZADA,CASA AMARELA,AV NORTE MIGUEL ARRAES DE ALENCAR,Não informado,E/F AO SESC DE CASA AMARELA  S/T CID,CASA AMARELA,CIDADE,COLISÃO LATERAL,Não informado,1.0,0.0,0.0,0.0,0.0,1.0,0.0,0.0,0.0,1.0,0.0,Longo da via,Bom,Sem defeito,Perfeito estado,Seca,Perfeito estado,Não informado,Outras,60.0,Dupla,Faixa seccionada,COM VÍTIMA,2022,1,25,1,
2022-01-25,,Não informado,FINALIZADA,TAMARINEIRA,RUA JUNDIA,Não informado,PRÓX AO HOME CENTER FERREIRA COSTA,TAMARINEIRA,Não informado,CHOQUE,Não informado,0.0,0.0,0.0,0.0,0.0,0.0,0.0,0.0,0.0,0.0,0.0,Não informado,Não informado,Não informado,Não informado,Não informado,Não informado,Não informado,Não informado,60.0,Não informado,Não informado,SEM VÍTIMA,2022,1,25,1,
2022-01-25,,Não informado,FINALIZADA,ENCRUZILHADA,AV BEBERIBE,RUA DR EDUARDO WANDERLEY,E/F À LOJA FERREIRA PINTO,ENCRUZILHADA,Não informado,COLISÃO LATERAL,Não informado,1.0,1.0,0.0,0.0,0.0,0.0,0.0,0.0,0.0,1.0,0.0,Esquina,Bom,Sem defeito,Perfeito estado,Seca,Perfeito estado,Faixa de pedestre,Outras,60.0,Dupla,Faixa seccionada,COM VÍTIMA,2022,1,25,1,
2022-01-26,,Não informado,FINALIZADA,PINA,AVENIDA CELSO FURTADO (VIA MANGUE),Não informado,PRÓX. AO SHOPPING RIO MAR (SENT. PINA),PINA,Não informado,CAPOTAMENTO,Não informado,1.0,0.0,0.0,0.0,0.0,0.0,0.0,0.0,0.0,0.0,0.0,Não informado,Não informado,Não informado,Não informado,Não informado,Não informado,Não informado,Não informado,60.0,Não informado,Não informado,SEM VÍTIMA,2022,1,26,2,
2022-01-26,,Não informado,FINALIZADA,DERBY,AV GOVERNADOR AGAMENON MAGALHAES,RUA JOAQUIM NABUCO,EM FRNTE A ESCOLA BARBOSA LIMA / SENT BOA VIAGEM,DERBY,BOA VIAGEM,ENGAVETAMENTO,Não informado,2.0,0.0,0.0,0.0,0.0,1.0,0.0,0.0,0.0,1.0,0.0,Longo da via,Bom,Sem defeito,Perfeito estado,Seca,Perfeito estado,Faixa de pedestre,Não informado,60.0,Dupla,Canteiro central,COM VÍTIMA,2022,1,26,2,
2022-01-26,,Não informado,FINALIZADA,IMBIRIBEIRA,AV PRESIDENTE DUTRA,Não informado,LADO OPOSTO AO ANTIGO OUT LET SENTIDO BOA VIAGEM,IMBIRIBEIRA,Não informado,COLISÃO COM CICLISTA,Não informado,0.0,1.0,0.0,1.0,0.0,0.0,0.0,0.0,0.0,1.0,0.0,Longo da via,Bom,Não existe,Perfeito estado,Seca,Perfeito estado,Não existe,Não há placas,60.0,Única,Faixa seccionada,COM VÍTIMA,2022,1,26,2,
2022-01-26,,Não informado,FINALIZADA,BOA VISTA,RUA JOAQUIM FELIPE,Não informado,E/F AO NUCE,BOA VISTA,CIDADE,COLISÃO LATERAL,Não informado,1.0,1.0,0.0,0.0,0.0,0.0,0.0,0.0,0.0,1.0,0.0,Longo da via,Bom,Não existe,Perfeito estado,Seca,Perfeito estado,Não existe,Outras,60.0,Única,Faixa seccionada,COM VÍTIMA,2022,1,26,2,
2022-01-26,,Não informado,FINALIZADA,BREJO DA GUABIRABA,AV VEREADOR OTACILIO AZEVEDO,RUA SENHOR DO BONFIM,"PROX A GARAGEM DA GLOBO,  AZEVEDO MOTO PEÇAS",BREJO DA GUABIRABA,CIDADE,COLISÃO TRANSVERSAL,Não informado,0.0,1.0,0.0,0.0,0.0,0.0,0.0,1.0,0.0,1.0,0.0,Cruzamento,Bom,Não existe,Não existente,Seca,Perfeito estado,Não existe,Não há placas,30.0,Dupla,Não existe,COM VÍTIMA,2022,1,26,2,
2022-01-26,,Não informado,FINALIZADA,IPSEP,AV SALDANHA MARINHO,Não informado,E/F AO BAR DO GAIAMUM,IPSEP,Não informado,COLISÃO LATERAL,Não informado,0.0,0.0,0.0,0.0,0.0,0.0,0.0,0.0,0.0,0.0,0.0,Não informado,Não informado,Não informado,Não informado,Não informado,Não informado,Não informado,Não informado,60.0,Não informado,Não informado,SEM VÍTIMA,2022,1,26,2,
2022-01-26,,Não informado,FINALIZADA,CAJUEIRO,AV CIDADE DE MONTEIRO,Não informado,EM FRENTE AO ARMAZÉM CORAL,CAJUEIRO,Não informado,COLISÃO LATERAL,Não informado,1.0,1.0,0.0,0.0,0.0,0.0,0.0,0.0,0.0,1.0,0.0,Longo da via,Bom,Não existe,Perfeito estado,Seca,Perfeito estado,Não existe,Não há placas,60.0,Única,Faixa contínua,COM VÍTIMA,2022,1,26,2,
2022-01-27,,Não informado,FINALIZADA,CASA AMARELA,AV NORTE MIGUEL ARRAES DE ALENCAR,Não informado,EM FRENTE AO ARMAZEM CORAL,CASA AMARELA,CIDADE,COLISÃO LATERAL,Não informado,0.0,0.0,0.0,0.0,0.0,1.0,1.0,0.0,0.0,0.0,0.0,Não informado,Não informado,Não informado,Não informado,Não informado,Não informado,Não informado,Não informado,60.0,Não informado,Não informado,SEM VÍTIMA,2022,1,27,3,
2022-01-27,,Não informado,FINALIZADA,BOA VIAGEM,AV CONSELHEIRO AGUIAR,RUA ARTUR MUNIZ,AO LADO EDIFICIO CALIFORNIA,BOA VIAGEM,CIDADE,COLISÃO LATERAL,Não informado,1.0,1.0,0.0,0.0,0.0,0.0,0.0,0.0,0.0,1.0,0.0,Cruzamento,Bom,Sem defeito,Perfeito estado,Molhada,Perfeito estado,Faixa de pedestre,Não há placas,60.0,Única,Não existe,COM VÍTIMA,2022,1,27,3,