data,hora,natureza_acidente,situacao,bairro,endereco,detalhe_endereco_acidente,complemento,bairro_cruzamento,sentido_via,tipo,descricao,auto,moto,ciclom,ciclista,pedestre,onibus,caminhao,viatura,outros,vitimas,vitimasfatais,acidente_verificado,tempo_clima,situacao_semaforo,sinalizacao,condicao_via,conservacao_via,ponto_controle,situacao_placa,velocidade_max_via,mao_direcao,divisao_via1,natureza,ano,mes,dia,dia_semana,hora_ocorrencia
2022-01-27,,Não informado,FINALIZADA,JAQUEIRA,AV RUI BARBOSA,Não informado,E/F A CEDIRE VIDEO ENDOSCOPIA,JAQUEIRA,CIDADE,COLISÃO LATERAL,Não informado,1.0,1.0,0.0,0.0,0.0,0.0,0.0,0.0,0.0,1.0,0.0,Longo da via,Bom,Sem defeito,Perfeito estado,Seca,Perfeito estado,Não informado,R-6a,40.0,Única,Faixa contínua,COM VÍTIMA,2022,1,27,3,
2022-01-27,,Não informado,FINALIZADA,BOA VIAGEM,AV DOM JOAO VI,Não informado,SEMAFORO 639,BOA VIAGEM,Não informado,COLISÃO TRASEIRA,Não informado,1.0,1.0,0.0,0.0,0.0,0.0,0.0,0.0,0.0,1.0,0.0,Longo da via,Bom,Sem defeito,Perfeito estado,Molhada,Perfeito estado,Faixa de pedestre,Não há placas,60.0,Única,Não existe,COM VÍTIMA,2022,1,27,3,
2022-01-27,,Não informado,FINALIZADA,SANTO AMARO,AV DR JAYME DA FONTE,AV GOVERNADOR AGAMENON MAGALHAES,NO SEMÁFORO 049,SANTO AMARO,CIDADE,COLISÃO COM CICLISTA,Não informado,1.0,0.0,0.0,1.0,0.0,0.0,0.0,0.0,0.0,1.0,0.0,Cruzamento,Chuvoso,Sem defeito,Perfeito estado,Seca,Perfeito estado,Faixa de pedestre,Não há placas,60.0,Dupla,Canteiro central,COM VÍTIMA,2022,1,27,3,
2022-01-27,,Não informado,FINALIZADA,APIPUCOS,AV DEZESSETE DE AGOSTO,RUA MANDACARU,PRÓXIMO AO AÇUDE DE APIPUCOS,APIPUCOS,Não informado,COLISÃO TRASEIRA,Não informado,3.0,0.0,0.0,0.0,0.0,0.0,0.0,0.0,0.0,0.0,0.0,Longo da via,Bom,Sem defeito,Perfeito estado,Seca,Perfeito estado,Não informado,Não informado,60.0,Dupla,Faixa contínua,SEM VÍTIMA,2022,1,27,3,
2022-01-28,,Não informado,FINALIZADA,CAMPO GRANDE,RUA JERONIMO VILELA,EST DE BELEM,ESTRADA DE BELÉM - PROX À FARMACIA DROGASIL,CAMPO GRANDE,SUBURBIO,COLISÃO TRANSVERSAL,Não informado,1.0,1.0,0.0,0.0,0.0,0.0,0.0,0.0,0.0,1.0,0.0,Longo da via,Bom,Não existe,Ilegível,Seca,Mal iluminada,Não existe,Não há placas,60.0,Dupla,Faixa seccionada,COM VÍTIMA,2022,1,28,4,
2022-01-28,,Não informado,FINALIZADA,IBURA,AV DOIS RIOS,Não informado,BR 101 SUL  SENTIDO LITORAL SUL,IBURA,Não informado,TOMBAMENTO,Não informado,0.0,0.0,0.0,0.0,0.0,0.0,0.0,0.0,0.0,1.0,0.0,Não informado,Não informado,Não informado,Não informado,Não informado,Não informado,Não informado,Não informado,60.0,Não informado,Não informado,COM VÍTIMA,2022,1,28,4,
2022-01-28,,Não informado,FINALIZADA,SÍTIO DOS PINTOS,RUA DO SITIO SAO BRAZ,Não informado,E/F A IGREJA BATISTA MISSIONARIA EM  DOIS IRMÃOS,SÍTIO DOS PINTOS,CIDADE,CHOQUE,Não informado,1.0,0.0,0.0,0.0,0.0,0.0,1.0,0.0,0.0,0.0,0.0,Longo da via,Bom,Não existe,Perfeito estado,Seca,Perfeito estado,Não existe,Não há placas,30.0,Dupla,Não existe,SEM VÍTIMA,2022,1,28,4,
2022-01-28,,Não informado,FINALIZADA,GRAÇAS,RUA DAS GRACAS,RUA DOM SEBASTIAO LEME,EM FRENTE A IGREJA DAS GRAÇAS,GRAÇAS,Não informado,COLISÃO TRASEIRA,Não informado,2.0,0.0,0.0,0.0,0.0,0.0,0.0,0.0,0.0,0.0,0.0,Não informado,Não informado,Não informado,Não informado,Não informado,Não informado,Não informado,Não informado,60.0,Não informado,Não informado,SEM VÍTIMA,2022,1,28,4,
2022-01-28,,Não informado,FINALIZADA,PINA,AVENIDA CELSO FURTADO (VIA MANGUE),Não informado,VIA MANGUE / POR TRAS DO EXTRA,PINA,Não informado,CHOQUE,Não informado,0.0,0.0,0.0,0.0,0.0,0.0,0.0,0.0,0.0,0.0,0.0,Não informado,Não informado,Não informado,Não informado,Não informado,Não informado,Não informado,Não informado,60.0,Não informado,Não informado,SEM VÍTIMA,2022,1,28,4,
2022-01-29,,Não informado,FINALIZADA,SANTO AMARO,AV GOVERNADOR AGAMENON MAGALHAES,Não informado,EM FRENTE A ACADEMIA DAS CIDADES SENTIDO OLINDA,SANTO AMARO,SUBURBIO,COLISÃO LATERAL,Não informado,2.0,0.0,0.0,0.0,0.0,0.0,0.0,0.0,0.0,0.0,0.0,Não informado,Não informado,Não informado,Não informado,Não informado,Não informado,Não informado,Não informado,60.0,Não informado,Não informado,SEM VÍTIMA,2022,1,29,5,
2022-01-29,,Não informado,FINALIZADA,IMBIRIBEIRA,AV GENERAL MAC ARTHUR,Não informado,EM FRENTE AO NÚMERO 418,IMBIRIBEIRA,Não informado,CHOQUE,Não informado,1.0,0.0,0.0,0.0,0.0,0.0,0.0,0.0,0.0,0.0,0.0,Longo da via,Chuvoso,Não existe,Perfeito estado,Seca,Perfeito estado,Não existe,R-6a,60.0,Única,Faixa seccionada,SEM VÍTIMA,2022,1,29,5,
2022-01-29,,Não informado,FINALIZADA,PRADO,AV ENGENHEIRO ABDIAS DE CARVALHO,RUA SANTA EDWIRGES,E/F A BOSH SERVICE,PRADO,CIDADE,COLISÃO TRASEIRA,Não informado,3.0,0.0,0.0,0.0,0.0,0.0,0.0,0.0,0.0,1.0,0.0,Longo da via,Nublado,Sem defeito,Perfeito estado,Seca,Perfeito estado,Faixa de pedestre,Outras,40.0,Dupla,Canteiro central,COM VÍTIMA,2022,1,29,5,
2022-01-29,,Não informado,FINALIZADA,CAXANGÁ,AV CAXANGA,Não informado,EM FRENTE A  CAXANGÁ GOLF CLUBE,CAXANGÁ,Não informado,CHOQUE,Não informado,0.0,1.0,0.0,0.0,0.0,0.0,0.0,0.0,0.0,1.0,0.0,Não informado,Não informado,Não informado,Não informado,Não informado,Não informado,Não informado,Não informado,60.0,Não informado,Não informado,COM VÍTIMA,2022,1,29,5,
2022-01-29,,Não informado,FINALIZADA,VÁRZEA,RUA RIBEIRO PESSOA,Não informado,E/F A UPA DA CAXANGA S/T UR7,VÁRZEA,CIDADE,COLISÃO LATERAL,Não informado,1.0,1.0,0.0,0.0,0.0,0.0,0.0,0.0,0.0,1.0,0.0,Longo da via,Nublado,Sem defeito,Perfeito estado,Seca,Perfeito estado,Faixa de pedestre,Não há placas,60.0,Dupla,Faixa seccionada,COM VÍTIMA,2022,1,29,5,
2022-01-30,,Não informado,FINALIZADA,CORDEIRO,AV CAXANGA,RUA GREGORIO JUNIOR,"PROX A FUNERARIA SANTA PAULA,  FUNERÁRIA SÃO JORGE",CORDEIRO,SUBURBIO,COLISÃO LATERAL,Não informado,0.0,1.0,0.0,0.0,0.0,1.0,0.0,0.0,0.0,2.0,0.0,Cruzamento,Bom,Sem defeito,Perfeito estado,Seca,Perfeito estado,Faixa de pedestre,R-25d,60.0,Dupla,Faixa contínua,COM VÍTIMA,2022,1,30,6,
2022-01-30,,Não informado,FINALIZADA,PORTO DA MADEIRA,AV BEBERIBE,LAD DO SAPOTI,DALVA DE OLIVEIRA,PORTO DA MADEIRA,Não informado,COLISÃO TRANSVERSAL,Não informado,1.0,1.0,0.0,0.0,0.0,0.0,0.0,0.0,0.0,2.0,0.0,Cruzamento,Bom,Sem defeito,Perfeito estado,Seca,Perfeito estado,Não existe,Outras,60.0,Dupla,Não existe,COM VÍTIMA,2022,1,30,6,
2022-01-30,,Não informado,FINALIZADA,BOMBA DO HEMETÉRIO,RUA CHA DE ALEGRIA,Não informado,PRÓX AO ESPETINHO DA CEÇA,BOMBA DO HEMETÉRIO,SUBURBIO,CHOQUE,Não informado,1.0,0.0,0.0,0.0,0.0,0.0,0.0,0.0,0.0,2.0,0.0,Longo da via,Bom,Não existe,Perfeito estado,Seca,Mal conservada,Não existe,Outras,30.0,Dupla,Não existe,COM VÍTIMA,2022,1,30,6,
2022-01-30,,Não informado,FINALIZADA,PARNAMIRIM,EST DO ENCANAMENTO,Não informado,PRÓX À SMART FIT E À DROGASIL,PARNAMIRIM,Não informado,COLISÃO TRASEIRA,Não informado,2.0,0.0,0.0,0.0,0.0,0.0,0.0,0.0,0.0,0.0,0.0,Não informado,Não informado,Não informado,Não informado,Não informado,Não informado,Não informado,Não informado,60.0,Não informado,Não informado,SEM VÍTIMA,2022,1,30,6,
2022-01-30,,Não informado,FINALIZADA,CAMPO GRANDE,EST DE BELEM,Não informado,PRÓX A LOJA DONA  SAMAMBAIA,CAMPO GRANDE,Não informado,ATROPELAMENTO DE ANIMAL,Não informado,0.0,0.0,0.0,0.0,0.0,0.0,0.0,0.0,0.0,1.0,0.0,Não informado,Não informado,Não informado,Não informado,Não informado,Não informado,Não informado,Não informado,60.0,Não informado,Não informado,COM VÍTIMA,2022,1,30,6,
2022-01-30,,Não informado,FINALIZADA,MADALENA,RUA DOM JOAO DE SOUZA,Não informado,E/F AO EDF PRAÇA DAS FIGUEIRAS,MADALENA,Não informado,CHOQUE,Não informado,0.0,0.0,0.0,0.0,0.0,0.0,0.0,0.0,0.0,0.0,0.0,Não informado,Não informado,Não informado,Não informado,Não informado,Não informado,Não informado,Não informado,60.0,Não informado,Não informado,SEM VÍTIMA,2022,1,30,6,
2022-01-30,,Não informado,FINALIZADA,CASA AMARELA,RUA OSCAR DE BARROS,RUA XAVANTES,E/F A CLINICA DE OLHOS CASA AMARELA,CASA AMARELA,Não informado,COLISÃO TRANSVERSAL,Não informado,1.0,1.0,0.0,0.0,0.0,0.0,0.0,0.0,0.0,1.0,0.0,Cruzamento,Bom,Não existe,Perfeito estado,Seca,Perfeito estado,Faixa de retenção,R-6a,60.0,Dupla,Não existe,COM VÍTIMA,2022,1,30,6,
2022-01-30,,Não informado,CANCELADA,BOMBA DO HEMETÉRIO,RUA PROFESSOR JOSE AMARINO DOS REIS,Não informado,PRÓX AO CLUBE DO TEIMOSO,BOMBA DO HEMETÉRIO,Não informado,COLISÃO TRASEIRA,Não informado,0.0,0.0,0.0,0.0,0.0,0.0,0.0,0.0,0.0,0.0,0.0,Não informado,Não informado,Não informado,Não informado,Não informado,Não informado,Não informado,Não informado,60.0,Não informado,Não informado,SEM VÍTIMA,2022,1,30,6,
2022-01-31,,Não informado,FINALIZADA,JOANA BEZERRA,AV GOVERNADOR AGAMENON MAGALHAES,Não informado,VIADUTO CAPITAO TEMUDO,JOANA BEZERRA,SUBURBIO,COLISÃO TRANSVERSAL,Não informado,1.0,1.0,0.0,0.0,0.0,0.0,0.0,0.0,0.0,1.0,0.0,Viaduto,Bom,Não existe,Perfeito estado,Seca,Perfeito estado,Não existe,Não há placas,60.0,Única,Faixa seccionada,COM VÍTIMA,2022,1,31,0,
2022-01-31,,Não informado,FINALIZADA,CABANGA,VIADUTO CAPITAO TEMUDO,Não informado,PRÓXIMO A ALÇA DE ACESSO PARA VIA MANGUE,CABANGA,SUBURBIO,COLISÃO LATERAL,Não informado,1.0,1.0,0.0,0.0,0.0,0.0,0.0,0.0,0.0,0.0,1.0,Viaduto,Bom,Não existe,Perfeito estado,Seca,Perfeito estado,Não informado,Não há placas,60.0,Dupla,Canteiro central,VÍTIMA FATAL,2022,1,31,0,
2022-01-31,,Não informado,FINALIZADA,APIPUCOS,AV DEZESSETE DE AGOSTO,Não informado,PRÓXIMO AO AÇUDE DE APIPUCOS,APIPUCOS,Não informado,COLISÃO LATERAL,Não informado,0.0,0.0,0.0,0.0,0.0,0.0,0.0,0.0,0.0,0.0,0.0,Longo da via,Bom,Sem defeito,Perfeito estado,Seca,Perfeito estado,Não informado,Outras,60.0,Dupla,Faixa contínua,SEM VÍTIMA,2022,1,31,0,
2022-01-31,,Não informado,CANCELADA,SANTO AMARO,RUA PRINCESA IZABEL,Não informado,ENTRE O TREZE DE MAIO  E  FACULDADE DE DIREITO,SANTO AMARO,Não informado,COLISÃO LATERAL,Não informado,2.0,0.0,0.0,0.0,0.0,0.0,0.0,0.0,0.0,0.0,0.0,Não informado,Não informado,Não informado,Não informado,Não informado,Não informado,Não informado,Não informado,60.0,Não informado,Não informado,SEM VÍTIMA,2022,1,31,0,
2022-01-31,,Não informado,CANCELADA,BOA VISTA,AV CONDE DA BOA VISTA,Não informado,E/F A FAFIRE,BOA VISTA,Não informado,COLISÃO FRONTAL,Não informado,1.0,0.0,0.0,0.0,0.0,1.0,0.0,0.0,0.0,1.0,0.0,Não informado,Não informado,Não informado,Não informado,Não informado,Não informado,Não informado,Não informado,60.0,Não informado,Não informado,COM VÍTIMA,2022,1,31,0,
2022-01-31,,Não informado,FINALIZADA,AFOGADOS,AV SUL,RUA ANTONIO MACARIO,E/F AO POSTO PETRONAC,AFOGADOS,CIDADE,COLISÃO LATERAL,Não informado,1.0,1.0,0.0,0.0,0.0,0.0,0.0,0.0,0.0,1.0,0.0,Longo da via,Bom,Não existe,Perfeito estado,Seca,Perfeito estado,Não existe,Não há placas,60.0,Única,Faixa seccionada,COM VÍTIMA,2022,1,31,0,
2022-01-31,,Não informado,FINALIZADA,ENCRUZILHADA,AV NORTE MIGUEL ARRAES DE ALENCAR,Não informado,AO LADO DA RENAULT S/T SUB,ENCRUZILHADA,SUBURBIO,COLISÃO LATERAL,Não informado,1.0,1.0,0.0,0.0,0.0,0.0,0.0,0.0,0.0,1.0,0.0,Longo da via,Bom,Sem defeito,Perfeito estado,Seca,Perfeito estado,Faixa de pedestre,R-6a,60.0,Dupla,Canteiro central,COM VÍTIMA,2022,1,31,0,
2022-01-31,,Não informado,CANCELADA,IPUTINGA,RUA DR VIRGINIO MARQUES,Não informado,PRÓX A IGREJA CATÓLICA DA IPUTINGA,IPUTINGA,Não informado,CHOQUE,Não informado,0.0,0.0,0.0,0.0,0.0,0.0,0.0,0.0,0.0,0.0,0.0,Não informado,Não informado,Não informado,Não informado,Não informado,Não informado,Não informado,Não informado,60.0,Não informado,Não informado,SEM VÍTIMA,2022,1,31,0,
2022-01-31,,Não informado,FINALIZADA,PINA,AV BOA VIAGEM,Não informado,PRÓXIMO AO NÚCLEO DA POLICIA MILITAR,PINA,CIDADE,COLISÃO TRASEIRA,Não informado,2.0,0.0,0.0,0.0,0.0,0.0,0.0,0.0,0.0,0.0,0.0,Não informado,Não informado,Não informado,Não informado,Não informado,Não informado,Não informado,Não informado,60.0,Não informado,Não informado,SEM VÍTIMA,2022,1,31,0,
2022-02-01,,Não informado,FINALIZADA,PARNAMIRIM,AV PARNAMIRIM,Não informado,E/F A TROIS BARBEARIA,PARNAMIRIM,Não informado,QUEDA,Não informado,0.0,1.0,0.0,0.0,0.0,1.0,0.0,0.0,0.0,1.0,0.0,Longo da via,Bom,Não existe,Perfeito estado,Seca,Perfeito estado,Outros,Outras,60.0,Única,Faixa seccionada,COM VÍTIMA,2022,2,1,1,
2022-02-01,,Não informado,FINALIZADA,IPSEP,RUA ITANAGE,Não informado,E/F IPSEP MOVEIS,IPSEP,SUBURBIO,COLISÃO TRASEIRA,Não informado,1.0,1.0,0.0,0.0,0.0,0.0,0.0,0.0,0.0,1.0,0.0,Longo da via,Bom,Não existe,Perfeito estado,Seca,Perfeito estado,Não existe,Não há placas,60.0,Dupla,Não existe,COM VÍTIMA,2022,2,1,1,
2022-02-01,,Não informado,CANCELADA,CAXANGÁ,AV JOAQUIM RIBEIRO,Não informado,PRÓX À DISTRIBUIDORA DE ÁGUA PURELEVE - SENTIDO CAMARAGIBE,CAXANGÁ,Não informado,COLISÃO FRONTAL,Não informado,1.0,1.0,0.0,0.0,0.0,0.0,0.0,0.0,0.0,1.0,0.0,Não informado,Não informado,Não informado,Não informado,Não informado,Não informado,Não informado,Não informado,60.0,Não informado,Não informado,COM VÍTIMA,2022,2,1,1,
2022-02-01,,Não informado,FINALIZADA,SÃO JOSÉ,C SANTA RITA,Não informado,TERMINAL CAIS DE SANTA RITA,SÃO JOSÉ,CIDADE,ATROPELAMENTO DE PESSOA,Não informado,0.0,0.0,0.0,0.0,1.0,1.0,0.0,0.0,0.0,1.0,0.0,Outros,Bom,Sem defeito,Incompleta,Seca,Mal conservada,Não existe,Não há placas,60.0,Dupla,Outros,COM VÍTIMA,2022,2,1,1,
2022-02-01,,Não informado,FINALIZADA,JARDIM SÃO PAULO,AV SAO PAULO,Não informado,ENFRENTE AO RENDI MAIS,JARDIM SÃO PAULO,Não informado,COLISÃO FRONTAL,Não informado,1.0,1.0,0.0,0.0,0.0,0.0,0.0,0.0,0.0,0.0,0.0,Não informado,Não informado,Não informado,Não informado,Não informado,Não informado,Não informado,Não informado,60.0,Não informado,Não informado,SEM VÍTIMA,2022,2,1,1,
2022-02-01,,Não informado,FINALIZADA,VÁRZEA,RUA DIOGO DE VASCONCELOS,Não informado,ENFRENTE AO BAR ALTO JATO,VÁRZEA,CIDADE,COLISÃO TRASEIRA,Não informado,5.0,0.0,0.0,0.0,0.0,1.0,0.0,0.0,0.0,1.0,0.0,Longo da via,Bom,Não existe,Ilegível,Seca,Perfeito estado,Não existe,Não há placas,60.0,Dupla,Não existe,COM VÍTIMA,2022,2,1,1,
2022-02-02,,Não informado,FINALIZADA,SANTO AMARO,AV GOVERNADOR AGAMENON MAGALHAES,Não informado,"PROXIMO DO POSTO BR, ANTES DO RETORNO PARA SANTO AMARO",SANTO AMARO,Não informado,COLISÃO TRANSVERSAL,Não informado,1.0,1.0,0.0,0.0,0.0,0.0,0.0,0.0,0.0,1.0,0.0,Longo da via,Bom,Sem defeito,Perfeito estado,Seca,Perfeito estado,Faixa de pedestre,Outras,60.0,Dupla,Canteiro central,COM VÍTIMA,2022,2,2,2,
2022-02-02,,Não informado,FINALIZADA,IMBIRIBEIRA,AV MARECHAL MASCARENHAS DE MORAES,Não informado,EM FRENTE A TUPAN,IMBIRIBEIRA,CIDADE,COLISÃO LATERAL,Não informado,1.0,1.0,0.0,0.0,0.0,0.0,0.0,0.0,0.0,1.0,0.0,Longo da via,Bom,Não existe,Perfeito estado,Seca,Perfeito estado,Não existe,Não há placas,60.0,Dupla,Canteiro central,COM VÍTIMA,2022,2,2,2,
2022-02-02,,Não informado,FINALIZADA,PINA,AV ANTONIO DE GOES,RUA JOSE MARIANO FILHO,Não informado,PINA,Não informado,COLISÃO FRONTAL,Não informado,1.0,1.0,0.0,0.0,0.0,0.0,0.0,0.0,0.0,1.0,0.0,Cruzamento,Bom,Sem defeito,Não informado,Seca,Perfeito estado,Faixa de pedestre,R-19,60.0,Única,Faixa contínua,COM VÍTIMA,2022,2,2,2,
2022-02-02,,Não informado,FINALIZADA,PARNAMIRIM,RUA JOAO TUDE DE MELO,RUA VIRGINIA LORETO,RUA VIRGINIA LORETO,PARNAMIRIM,CARREFOUR,COLISÃO LATERAL,Não informado,1.0,1.0,0.0,0.0,0.0,0.0,0.0,0.0,1.0,1.0,0.0,Longo da via,Bom,Sem defeito,Perfeito estado,Seca,Perfeito estado,Não existe,Não há placas,60.0,Única,Faixa contínua,COM VÍTIMA,2022,2,2,2,
2022-02-02,,Não informado,FINALIZADA,IMBIRIBEIRA,AV MARECHAL MASCARENHAS DE MORAES,Não informado,CENTRO DE DISTRIBUIÇÃO DA  LAZER ELETRO,IMBIRIBEIRA,CIDADE,COLISÃO LATERAL,Não informado,1.0,1.0,0.0,0.0,0.0,0.0,0.0,0.0,0.0,1.0,0.0,Longo da via,Bom,Não existe,Perfeito estado,Seca,Perfeito estado,Não existe,Não há placas,60.0,Única,Faixa seccionada,COM VÍTIMA,2022,2,2,2,
2022-02-02,,Não informado,CANCELADA,IMBIRIBEIRA,AV MARECHAL MASCARENHAS DE MORAES,Não informado,E/F A HONDA  S/T CID,IMBIRIBEIRA,Não informado,COLISÃO LATERAL,Não informado,1.0,1.0,0.0,0.0,0.0,0.0,0.0,0.0,0.0,1.0,0.0,Não informado,Não informado,Não informado,Não informado,Não informado,Não informado,Não informado,Não informado,60.0,Não informado,Não informado,COM VÍTIMA,2022,2,2,2,
2022-02-02,,Não informado,FINALIZADA,CAMPO GRANDE,RUA JERONIMO VILELA,RUA DR JOSE MACHADO,ESQUINA DA PADARIA SANTO ANTONIO,CAMPO GRANDE,CIDADE,COLISÃO LATERAL,Não informado,1.0,1.0,0.0,0.0,0.0,0.0,0.0,0.0,0.0,1.0,0.0,Cruzamento,Bom,Desligado,Perfeito estado,Seca,Perfeito estado,Faixa de pedestre,R-6a,60.0,Dupla,Faixa contínua,COM VÍTIMA,2022,2,2,2,
2022-02-02,,Não informado,FINALIZADA,JOANA BEZERRA,PTE JOSE DE BARROS LIMA,Não informado,Não informado,JOANA BEZERRA,SUBURBIO,COLISÃO TRANSVERSAL,Não informado,1.0,1.0,0.0,0.0,0.0,0.0,0.0,0.0,0.0,1.0,0.0,Viaduto,Bom,Não existe,Perfeito estado,Seca,Perfeito estado,Não existe,Não há placas,60.0,Não informado,Faixa contínua,COM VÍTIMA,2022,2,2,2,
2022-02-02,,Não informado,FINALIZADA,DOIS IRMÃOS,RUA PROF CLAUDIO SELVA,Não informado,ESCOLA MUNIC. SOCIÓLOGO GILBERTO FREIRE,DOIS IRMÃOS,SUBURBIO,QUEDA,Não informado,0.0,1.0,0.0,0.0,0.0,0.0,0.0,0.0,0.0,1.0,0.0,Esquina,Bom,Não existe,Perfeito estado,Seca,Perfeito estado,Não existe,Outras,60.0,Dupla,Não existe,COM VÍTIMA,2022,2,2,2,
2022-02-03,,Não informado,FINALIZADA,DOIS UNIDOS,AV HILDEBRANDO DE VASCONCELOS,RUA MARCIA MENDES,PROXIMO AO CT DO SANTA CRUZ,DOIS UNIDOS,SUBURBIO,COLISÃO TRANSVERSAL,Não informado,1.0,1.0,0.0,0.0,0.0,0.0,0.0,0.0,0.0,2.0,0.0,Cruzamento,Bom,Não existe,Perfeito estado,Seca,Perfeito estado,Faixa de pedestre,"Placas ""Pare""",60.0,Dupla,Faixa seccionada,COM VÍTIMA,2022,2,3,3,
2022-02-03,,Não informado,FINALIZADA,BOA VIAGEM,RUA TENENTE JOAO CICERO,RUA MINISTRO NELSON HUNGRIA,ED. PRAIA DE IPANEMA,BOA VIAGEM,SUBURBIO,CHOQUE,Não informado,1.0,0.0,0.0,0.0,0.0,0.0,0.0,0.0,0.0,0.0,0.0,Cruzamento,Bom,Não existe,Perfeito estado,Seca,Perfeito estado,Faixa de pedestre,Outras,60.0,Única,Não existe,SEM VÍTIMA,2022,2,3,3,
2022-02-03,,Não informado,FINALIZADA,GRAÇAS,RUA DO FUTURO,Não informado,E/F AO EDIFICIO CHAMPERY,GRAÇAS,CIDADE,COLISÃO COM CICLISTA,Não informado,1.0,0.0,0.0,1.0,0.0,0.0,0.0,0.0,0.0,1.0,0.0,Longo da via,Bom,Não existe,Perfeito estado,Seca,Perfeito estado,Não existe,Outras,60.0,Única,Faixa seccionada,COM VÍTIMA,2022,2,3,3,
2022-02-03,,Não informado,FINALIZADA,AREIAS,AV TAPAJOS,Não informado,OPOSTO CANTINHO DO BINA,AREIAS,Não informado,COLISÃO TRASEIRA,Não informado,1.0,0.0,0.0,0.0,0.0,0.0,0.0,1.0,0.0,0.0,0.0,Longo da via,Bom,Sem defeito,Incompleta,Seca,Perfeito estado,Não existe,R-6c,60.0,Dupla,Não existe,SEM VÍTIMA,2022,2,3,3,
2022-02-03,,Não informado,FINALIZADA,BOA VIAGEM,RUA VISCONDE DE JEQUITINHONHA,RUA BALTAZAR PASSOS,Não informado,BOA VIAGEM,SUBURBIO,COLISÃO LATERAL,Não informado,1.0,1.0,0.0,0.0,0.0,0.0,0.0,0.0,0.0,1.0,0.0,Cruzamento,Bom,Sem defeito,Perfeito estado,Seca,Perfeito estado,Faixa de pedestre,"Placas ""Dê a preferência""",60.0,Não informado,Faixa seccionada,COM VÍTIMA,2022,2,3,3,
2022-02-03,,Não informado,FINALIZADA,IBURA,LAD DA COHAB,Não informado,NA SUBIDA DA LADEIRA,IBURA,CIDADE,COLISÃO LATERAL,Não informado,1.0,1.0,0.0,0.0,0.0,0.0,0.0,0.0,0.0,1.0,0.0,Outros,Bom,Não existe,Ilegível,Seca,Perfeito estado,Não existe,Não há placas,60.0,Dupla,Faixa contínua,COM VÍTIMA,2022,2,3,3,
2022-02-03,,Não informado,FINALIZADA,PORTO DA MADEIRA,AV CIDADE DE MONTEIRO,RUA RIO BEBERIBE,E/F AO ARMAZEN CORAL,PORTO DA MADEIRA,SUBURBIO,COLISÃO TRANSVERSAL,Não informado,0.0,1.0,0.0,0.0,0.0,1.0,0.0,0.0,0.0,1.0,0.0,Cruzamento,Bom,Não existe,Perfeito estado,Seca,Perfeito estado,Faixa de pedestre,R-6a,60.0,Dupla,Faixa contínua,COM VÍTIMA,2022,2,3,3,
2022-02-04,,Não informado,FINALIZADA,CAXANGÁ,AV CAXANGA,Não informado,LADO OPOSTO AO GOLF CLUB,CAXANGÁ,CIDADE,COLISÃO TRASEIRA,Não informado,1.0,1.0,0.0,0.0,0.0,0.0,0.0,0.0,0.0,1.0,0.0,Longo da via,Bom,Não existe,Perfeito estado,Seca,Perfeito estado,Não existe,Não há placas,60.0,Única,Não informado,COM VÍTIMA,2022,2,4,4,
2022-02-04,,Não informado,FINALIZADA,BONGI,AV ENGENHEIRO ABDIAS DE CARVALHO,Não informado,PRÓX AO COMPAZ,BONGI,Não informado,CHOQUE,Não informado,0.0,0.0,0.0,0.0,0.0,0.0,0.0,0.0,0.0,0.0,0.0,Longo da via,Bom,Não existe,Perfeito estado,Seca,Perfeito estado,Não existe,Não informado,60.0,Dupla,Canteiro central,SEM VÍTIMA,2022,2,4,4,
2022-02-04,,Não informado,FINALIZADA,TORRÕES,AV ENGENHEIRO ABDIAS DE CARVALHO,Não informado,"EM FRENTE A MEGA PEDRAS, SENTIDO CENTRO",TORRÕES,Não informado,COLISÃO LATERAL,Não informado,1.0,1.0,0.0,0.0,0.0,0.0,0.0,0.0,0.0,1.0,0.0,Longo da via,Bom,Não existe,Não existente,Seca,Perfeito estado,Não existe,Não há placas,60.0,Dupla,Canteiro central,COM VÍTIMA,2022,2,4,4,
2022-02-04,,Não informado,FINALIZADA,BOA VIAGEM,AVENIDA CELSO FURTADO (VIA MANGUE),Não informado,PRÓXIMO À BIFURCAÇÃO (PRIMEIRA) QUE DÁ ACESSO À RUA ANTÔNIO FALCÃO,BOA VIAGEM,SUBURBIO,COLISÃO LATERAL,Não informado,1.0,1.0,0.0,0.0,0.0,0.0,0.0,0.0,0.0,1.0,0.0,Longo da via,Bom,Não existe,Perfeito estado,Seca,Perfeito estado,Não existe,Não há placas,60.0,Dupla,Blocos,COM VÍTIMA,2022,2,4,4,