data,hora,natureza_acidente,situacao,bairro,endereco,detalhe_endereco_acidente,complemento,bairro_cruzamento,sentido_via,tipo,descricao,auto,moto,ciclom,ciclista,pedestre,onibus,caminhao,viatura,outros,vitimas,vitimasfatais,acidente_verificado,tempo_clima,situacao_semaforo,sinalizacao,condicao_via,conservacao_via,ponto_controle,situacao_placa,velocidade_max_via,mao_direcao,divisao_via1,natureza,ano,mes,dia,dia_semana,hora_ocorrencia
2022-02-04,,Não informado,FINALIZADA,IMBIRIBEIRA,VIADUTO TANCREDO NEVES,Não informado,NA DESCIDA DO VIADUTO/ SENTIDO AV. RECIFE - ALÇA DE ACESSO A AV MAL MASCARENHAS DE MORAIS,IMBIRIBEIRA,AV RECIFE,COLISÃO TRASEIRA,Não informado,1.0,1.0,0.0,0.0,0.0,0.0,0.0,0.0,0.0,1.0,0.0,Viaduto,Bom,Não existe,Perfeito estado,Seca,Perfeito estado,Não existe,Não há placas,60.0,Única,Faixa seccionada,COM VÍTIMA,2022,2,4,4,
2022-02-04,,Não informado,FINALIZADA,SANTO AMARO,AV DR JAYME DA FONTE,AV GOVERNADOR AGAMENON MAGALHAES,PROXIMO AO SEMÁFORO 049 / LADO OPOSTO AO CAMPO DO 11,SANTO AMARO,SUBURBIO,COLISÃO LATERAL,Não informado,1.0,1.0,0.0,0.0,0.0,0.0,0.0,0.0,0.0,1.0,0.0,Longo da via,Bom,Não existe,Perfeito estado,Seca,Perfeito estado,Não existe,Não há placas,60.0,Dupla,Canteiro central,COM VÍTIMA,2022,2,4,4,
2022-02-04,,Não informado,CANCELADA,BOA VIAGEM,RUA CAPITAO ZUZINHA,RUA FELICIANO JOSE DE FARIAS,PRÓX A VITORIA PRAIA HOTEL,BOA VIAGEM,Não informado,COLISÃO LATERAL,Não informado,0.0,0.0,0.0,0.0,0.0,0.0,0.0,0.0,0.0,1.0,0.0,Não informado,Não informado,Não informado,Não informado,Não informado,Não informado,Não informado,Não informado,60.0,Não informado,Não informado,COM VÍTIMA,2022,2,4,4,
2022-02-04,,Não informado,FINALIZADA,ÁGUA FRIA,RUA MANOEL SILVA,Não informado,E/F AO ESPETINHO DO BEU,ÁGUA FRIA,CIDADE,COLISÃO LATERAL,Não informado,2.0,1.0,0.0,0.0,0.0,0.0,0.0,0.0,0.0,1.0,0.0,Longo da via,Bom,Não existe,Perfeito estado,Seca,Perfeito estado,Não existe,Não há placas,60.0,Dupla,Não existe,COM VÍTIMA,2022,2,4,4,
2022-02-06,,Não informado,FINALIZADA,CAMPO GRANDE,AV GOVERNADOR AGAMENON MAGALHAES,RUA ODORICO MENDES,Não informado,CAMPO GRANDE,Não informado,CAPOTAMENTO,Não informado,2.0,0.0,0.0,0.0,0.0,0.0,0.0,0.0,0.0,0.0,0.0,Não informado,Não informado,Não informado,Não informado,Não informado,Não informado,Não informado,Não informado,60.0,Não informado,Não informado,SEM VÍTIMA,2022,2,6,6,
2022-02-06,,Não informado,CANCELADA,IBURA,AV JORNALISTA COSTA PORTO,Não informado,EM FRENTE A COMPESA  /,IBURA,Não informado,COLISÃO FRONTAL,Não informado,1.0,1.0,0.0,0.0,0.0,0.0,0.0,0.0,0.0,1.0,0.0,Não informado,Não informado,Não informado,Não informado,Não informado,Não informado,Não informado,Não informado,60.0,Não informado,Não informado,COM VÍTIMA,2022,2,6,6,
2022-02-06,,Não informado,FINALIZADA,IBURA,AV SANTOS,Não informado,EM FRENTE A COMPESA  /,IBURA,CIDADE,COLISÃO TRANSVERSAL,Não informado,1.0,1.0,0.0,0.0,0.0,0.0,0.0,0.0,0.0,1.0,0.0,Longo da via,Bom,Não existe,Perfeito estado,Seca,Perfeito estado,Não existe,Não há placas,60.0,Dupla,Não existe,COM VÍTIMA,2022,2,6,6,
2022-02-06,,Não informado,FINALIZADA,SÃO JOSÉ,RUA IMPERIAL,TRV DO RAPOSO,EM FRENTE A CM FERRAGENS /,SÃO JOSÉ,SUBURBIO,COLISÃO TRANSVERSAL,Não informado,1.0,1.0,0.0,0.0,0.0,0.0,0.0,0.0,0.0,1.0,0.0,Cruzamento,Bom,Sem defeito,Perfeito estado,Seca,Perfeito estado,Faixa de pedestre,Outras,60.0,Única,Não informado,COM VÍTIMA,2022,2,6,6,
2022-02-06,,Não informado,FINALIZADA,PINA,RUA MANOEL DE BRITO,RUA MELQUI RIBEIRO ROMA,PROXIMO AO BATALHÃO 19º / AO LADO DO CORPUS MOTEL,PINA,CIDADE,COLISÃO LATERAL,Não informado,1.0,1.0,0.0,0.0,0.0,0.0,0.0,0.0,0.0,1.0,0.0,Longo da via,Bom,Não existe,Perfeito estado,Seca,Perfeito estado,Não existe,Não há placas,60.0,Única,Faixa contínua,COM VÍTIMA,2022,2,6,6,
2022-02-06,,Não informado,CANCELADA,BOMBA DO HEMETÉRIO,RUA BOMBA DO HEMETERIO,Não informado,E/F A ESCOLA MARDONIO COELHO,BOMBA DO HEMETÉRIO,Não informado,ATROPELAMENTO DE PESSOA,Não informado,1.0,0.0,0.0,0.0,1.0,0.0,0.0,0.0,0.0,1.0,0.0,Não informado,Não informado,Não informado,Não informado,Não informado,Não informado,Não informado,Não informado,60.0,Não informado,Não informado,COM VÍTIMA,2022,2,6,6,
2022-02-06,,Não informado,FINALIZADA,TEJIPIÓ,AV DR JOSE RUFINO,Não informado,"VIADUTO DO BARRO, SNT JABOATAO / PRÓX AO COLÉGIO ALBERTO TORRE",TEJIPIÓ,SUBURBIO,COLISÃO TRASEIRA,Não informado,2.0,1.0,0.0,0.0,0.0,0.0,0.0,0.0,0.0,1.0,0.0,Longo da via,Bom,Não existe,Perfeito estado,Seca,Perfeito estado,Não existe,Não há placas,60.0,Dupla,Faixa contínua,COM VÍTIMA,2022,2,6,6,
2022-02-06,,Não informado,FINALIZADA,AFOGADOS,RUA SAO MIGUEL,Não informado,EM FRENTE AO DEPATRI,AFOGADOS,Não informado,COLISÃO TRANSVERSAL,Não informado,0.0,0.0,0.0,0.0,0.0,0.0,0.0,0.0,0.0,0.0,0.0,Não informado,Não informado,Não informado,Não informado,Não informado,Não informado,Não informado,Não informado,60.0,Não informado,Não informado,SEM VÍTIMA,2022,2,6,6,
2022-02-07,,Não informado,FINALIZADA,BOA VIAGEM,AVENIDA CELSO FURTADO (VIA MANGUE),Não informado,SENT. BOA VIAGEM,BOA VIAGEM,Não informado,COLISÃO TRASEIRA,Não informado,1.0,1.0,0.0,0.0,0.0,0.0,0.0,0.0,0.0,0.0,0.0,Não informado,Não informado,Não informado,Não informado,Não informado,Não informado,Não informado,Não informado,60.0,Não informado,Não informado,SEM VÍTIMA,2022,2,7,0,
2022-02-07,,Não informado,CANCELADA,TORRÕES,RUA TUMIRITINGA,Não informado,NA RUA DA PADARIA MAX PÃO,TORRÕES,Não informado,QUEDA,Não informado,0.0,0.0,0.0,0.0,0.0,0.0,0.0,0.0,0.0,0.0,0.0,Não informado,Não informado,Não informado,Não informado,Não informado,Não informado,Não informado,Não informado,60.0,Não informado,Não informado,SEM VÍTIMA,2022,2,7,0,
2022-02-07,,Não informado,FINALIZADA,SANTO AMARO,AV CRUZ CABUGA,Não informado,EM FRENTE A IGREJA UNIVERSAL DA CABUGÁ,SANTO AMARO,Não informado,COLISÃO LATERAL,Não informado,1.0,1.0,0.0,0.0,0.0,0.0,0.0,0.0,0.0,2.0,0.0,Longo da via,Bom,Não existe,Perfeito estado,Seca,Perfeito estado,Não informado,Outras,60.0,Dupla,Faixa contínua,COM VÍTIMA,2022,2,7,0,
2022-02-08,,Não informado,CANCELADA,AFOGADOS,RUA SAO MIGUEL,Não informado,E/F AO BODE DO NO,AFOGADOS,Não informado,COLISÃO LATERAL,Não informado,0.0,0.0,0.0,0.0,0.0,0.0,0.0,0.0,0.0,1.0,0.0,Não informado,Não informado,Não informado,Não informado,Não informado,Não informado,Não informado,Não informado,60.0,Não informado,Não informado,COM VÍTIMA,2022,2,8,1,
2022-02-09,,Não informado,FINALIZADA,SANTO ANTÔNIO,PRC DA REPUBLICA,Não informado,EM FRENTE AO PALACIO DO GOVERNO,SANTO ANTÔNIO,SUBURBIO,COLISÃO COM CICLISTA,Não informado,1.0,0.0,0.0,1.0,0.0,0.0,0.0,0.0,0.0,1.0,0.0,Cruzamento,Bom,Sem defeito,Perfeito estado,Seca,Perfeito estado,Faixa de pedestre,Outras,40.0,Única,Faixa seccionada,COM VÍTIMA,2022,2,9,2,
2022-02-09,,Não informado,FINALIZADA,SANTO AMARO,RUA DO POMBAL,RUA PEDRO AFONSO,EM FRENTE AO IML,SANTO AMARO,SUBURBIO,COLISÃO TRANSVERSAL,Não informado,1.0,1.0,0.0,0.0,0.0,0.0,0.0,0.0,0.0,2.0,0.0,Cruzamento,Bom,Não existe,Perfeito estado,Seca,Perfeito estado,Faixa de retenção,Outras,60.0,Dupla,Faixa seccionada,COM VÍTIMA,2022,2,9,2,
2022-02-09,,Não informado,FINALIZADA,AFLITOS,AV CONS ROSA E SILVA,Não informado,Não informado,AFLITOS,SUBURBIO,Não informado,Não informado,2.0,0.0,0.0,0.0,0.0,0.0,0.0,0.0,0.0,0.0,0.0,Longo da via,Bom,Não existe,Perfeito estado,Seca,Perfeito estado,Não existe,R-6a,60.0,Única,Faixa seccionada,SEM VÍTIMA,2022,2,9,2,
2022-02-09,,Não informado,FINALIZADA,BOA VISTA,RUA JOAO FERNANDES VIEIRA,Não informado,QUASE ENFRENTE A SUBWAI,BOA VISTA,CIDADE,COLISÃO TRASEIRA,Não informado,0.0,1.0,0.0,0.0,0.0,0.0,0.0,1.0,0.0,1.0,0.0,Longo da via,Bom,Não existe,Perfeito estado,Seca,Perfeito estado,Não existe,R-6a,60.0,Única,Faixa seccionada,COM VÍTIMA,2022,2,9,2,
2022-02-09,,Não informado,FINALIZADA,APIPUCOS,RUA DE APIPUCOS,Não informado,PRÓX À CAMATEX - COLCHÕES E ACESSÓRIOS,APIPUCOS,CIDADE,COLISÃO TRASEIRA,Não informado,1.0,1.0,0.0,0.0,0.0,0.0,0.0,0.0,0.0,1.0,0.0,Longo da via,Bom,Não existe,Perfeito estado,Seca,Perfeito estado,Não existe,Não há placas,40.0,Dupla,Faixa contínua,COM VÍTIMA,2022,2,9,2,
2022-02-09,,Não informado,FINALIZADA,BEBERIBE,AV BEBERIBE,Não informado,EM FRENTE AO DEPÓSITO DO ITALIANO,BEBERIBE,SUBURBIO,COLISÃO FRONTAL,Não informado,1.0,0.0,1.0,0.0,0.0,0.0,0.0,0.0,0.0,1.0,0.0,Longo da via,Bom,Não existe,Ilegível,Seca,Perfeito estado,Não existe,R-6a,60.0,Dupla,Faixa contínua,COM VÍTIMA,2022,2,9,2,
2022-02-10,,Não informado,FINALIZADA,SAN MARTIN,RUA DELMIRO GOUVEIA,Não informado,EM FRENTE A CHESF,SAN MARTIN,Não informado,COLISÃO LATERAL,Não informado,2.0,0.0,0.0,0.0,0.0,0.0,0.0,0.0,0.0,0.0,0.0,Não informado,Não informado,Não informado,Não informado,Não informado,Não informado,Não informado,Não informado,60.0,Não informado,Não informado,SEM VÍTIMA,2022,2,10,3,
2022-02-10,,Não informado,FINALIZADA,ILHA DO RETIRO,PTE PREFEITO LIMA DE CASTRO,Não informado,SOBRE A PONTE PREFEITO LIMA DE CASTRO,ILHA DO RETIRO,CIDADE,COLISÃO TRASEIRA,Não informado,1.0,1.0,0.0,0.0,0.0,0.0,0.0,0.0,0.0,1.0,0.0,Ponte,Bom,Não existe,Perfeito estado,Seca,Perfeito estado,Não existe,Não há placas,60.0,Dupla,Faixa contínua,COM VÍTIMA,2022,2,10,3,
2022-02-10,,Não informado,FINALIZADA,SANTO ANTÔNIO,RUA SIQUEIRA CAMPOS,AV MARTINS DE BARROS,POR TRAS DO BANDO SANTANDER,SANTO ANTÔNIO,CIDADE,COLISÃO LATERAL,Não informado,1.0,1.0,0.0,0.0,0.0,0.0,0.0,0.0,0.0,1.0,0.0,Esquina,Bom,Não existe,Perfeito estado,Seca,Perfeito estado,Não existe,R-6a,60.0,Única,Faixa contínua,COM VÍTIMA,2022,2,10,3,
2022-02-10,,Não informado,FINALIZADA,SANTO AMARO,AV GOVERNADOR AGAMENON MAGALHAES,Não informado,Não informado,SANTO AMARO,Não informado,COLISÃO COM CICLISTA,Não informado,0.0,1.0,0.0,1.0,0.0,0.0,0.0,0.0,0.0,1.0,0.0,Longo da via,Bom,Sem defeito,Perfeito estado,Seca,Perfeito estado,Faixa de pedestre,Não há placas,60.0,Dupla,Canteiro central,COM VÍTIMA,2022,2,10,3,
2022-02-09,,Não informado,FINALIZADA,IMBIRIBEIRA,AV MARECHAL MASCARENHAS DE MORAES,Não informado,Não informado,IMBIRIBEIRA,SUBURBIO,ATROPELAMENTO DE PESSOA,Não informado,1.0,0.0,0.0,0.0,1.0,0.0,0.0,0.0,0.0,1.0,0.0,Longo da via,Bom,Não existe,Não existente,Seca,Perfeito estado,Não informado,Não informado,60.0,Única,Faixa,COM VÍTIMA,2022,2,9,2,
2022-02-10,,Não informado,FINALIZADA,BOA VISTA,RUA PRINCESA IZABEL,RUA AURORA,ESQUINA DA PONTE PRINCESA IZABEL,BOA VISTA,SUBURBIO,ATROPELAMENTO DE PESSOA,Não informado,1.0,0.0,0.0,0.0,1.0,0.0,0.0,0.0,0.0,1.0,0.0,Cruzamento,Bom,Sem defeito,Perfeito estado,Seca,Perfeito estado,Faixa de pedestre,Não há placas,60.0,Única,Não existe,COM VÍTIMA,2022,2,10,3,
2022-02-10,,Não informado,FINALIZADA,CORDEIRO,RUA DR MIGUEL VIEIRA FERREIRA,RUA CLAUDIO BROTHERHOOD,E/F AO BETO BEBIDAS,CORDEIRO,Não informado,COLISÃO TRANSVERSAL,Não informado,1.0,1.0,0.0,0.0,0.0,0.0,0.0,0.0,0.0,1.0,0.0,Cruzamento,Bom,Não existe,Perfeito estado,Seca,Perfeito estado,Faixa de retenção,Outras,60.0,Dupla,Faixa contínua,COM VÍTIMA,2022,2,10,3,
2022-02-10,,Não informado,FINALIZADA,SANTO AMARO,PTE DO LIMOEIRO,Não informado,APÓS A CONTEX / NO MEIO DA PTE DO LIMOEIRO,SANTO AMARO,CIDADE,COLISÃO LATERAL,Não informado,1.0,1.0,0.0,0.0,0.0,0.0,0.0,0.0,0.0,1.0,0.0,Ponte,Bom,Não existe,Perfeito estado,Seca,Perfeito estado,Não existe,Não há placas,60.0,Dupla,Faixa contínua,COM VÍTIMA,2022,2,10,3,
2022-02-11,,Não informado,FINALIZADA,BOA VIAGEM,RUA PADRE BERNADINO PESSOA,Não informado,COLÉGIO SANTA MARIA,BOA VIAGEM,Não informado,RENDIÇÃO,Não informado,0.0,0.0,0.0,0.0,0.0,0.0,0.0,0.0,0.0,0.0,0.0,Não informado,Não informado,Não informado,Não informado,Não informado,Não informado,Não informado,Não informado,60.0,Não informado,Não informado,SEM VÍTIMA,2022,2,11,4,
2022-02-11,,Não informado,FINALIZADA,Não informado,RUA REALEZA,AV CENTRAL,Não informado,Não informado,SUBURBIO,Não informado,Não informado,1.0,0.0,0.0,0.0,0.0,0.0,1.0,0.0,0.0,0.0,0.0,Longo da via,Bom,Não existe,Não existente,Seca,Perfeito estado,Não existe,Não há placas,60.0,Dupla,Não existe,SEM VÍTIMA,2022,2,11,4,
2022-02-11,,Não informado,FINALIZADA,TAMARINEIRA,RUA CONEGO BARATA,Não informado,"PROX. A FERREIRA COSTA, SENT. AFOGADOS",TAMARINEIRA,Não informado,OUTROS,Não informado,0.0,0.0,0.0,0.0,0.0,1.0,0.0,0.0,0.0,1.0,0.0,Longo da via,Bom,Não existe,Perfeito estado,Seca,Perfeito estado,Não existe,R-6c,40.0,Dupla,Faixa seccionada,COM VÍTIMA,2022,2,11,4,
2022-02-11,,Não informado,FINALIZADA,CASA FORTE,AV DEZESSETE DE AGOSTO,Não informado,E/F AO EDF. CASA GRANDE D'SANTANNA,CASA FORTE,SUBURBIO,COLISÃO FRONTAL,Não informado,1.0,1.0,0.0,0.0,0.0,0.0,0.0,0.0,0.0,1.0,0.0,Longo da via,Bom,Não existe,Perfeito estado,Seca,Perfeito estado,Não existe,R-6a,60.0,Dupla,Faixa contínua,COM VÍTIMA,2022,2,11,4,
2022-02-11,,Não informado,FINALIZADA,ILHA DO RETIRO,RUA SPORT CLUBE DO RECIFE,Não informado,E/F A LOJA CAZÁ DO SPORT,ILHA DO RETIRO,CIDADE,CHOQUE,Não informado,2.0,1.0,0.0,0.0,0.0,0.0,0.0,0.0,0.0,1.0,0.0,Longo da via,Bom,Sem defeito,Perfeito estado,Seca,Perfeito estado,Não existe,R-6a,60.0,Dupla,Faixa contínua,COM VÍTIMA,2022,2,11,4,
2022-02-11,,Não informado,FINALIZADA,SANTO AMARO,AV CRUZ CABUGA,RUA FREI CASSIMIRO,ENFRENTE AO SENAI,SANTO AMARO,Não informado,COLISÃO TRANSVERSAL,Não informado,1.0,1.0,0.0,0.0,0.0,0.0,0.0,0.0,0.0,1.0,0.0,Cruzamento,Bom,Não existe,Não existente,Seca,Perfeito estado,Faixa de pedestre,Outras,60.0,Dupla,Faixa contínua,COM VÍTIMA,2022,2,11,4,
2022-02-11,,Não informado,CANCELADA,TORRÕES,AV ENGENHEIRO ABDIAS DE CARVALHO,Não informado,ENFRENTE A DLP,TORRÕES,Não informado,COLISÃO TRASEIRA,Não informado,1.0,1.0,0.0,0.0,0.0,0.0,0.0,0.0,0.0,1.0,0.0,Não informado,Não informado,Não informado,Não informado,Não informado,Não informado,Não informado,Não informado,60.0,Não informado,Não informado,COM VÍTIMA,2022,2,11,4,
2022-02-11,,Não informado,FINALIZADA,IPSEP,AV RECIFE,Não informado,AUTOPEÇAS JK,IPSEP,CIDADE,COLISÃO TRASEIRA,Não informado,1.0,1.0,0.0,0.0,0.0,0.0,0.0,0.0,0.0,1.0,0.0,Longo da via,Bom,Sem defeito,Perfeito estado,Seca,Perfeito estado,Faixa de pedestre,Não há placas,60.0,Única,Canteiro central,COM VÍTIMA,2022,2,11,4,
2022-02-11,,Não informado,FINALIZADA,IPUTINGA,AV CAXANGA,Não informado,ENFRENTE AO MERCADO EXTRA,IPUTINGA,Não informado,COLISÃO LATERAL,Não informado,1.0,1.0,0.0,0.0,0.0,0.0,0.0,0.0,0.0,0.0,0.0,Não informado,Não informado,Não informado,Não informado,Não informado,Não informado,Não informado,Não informado,60.0,Não informado,Não informado,SEM VÍTIMA,2022,2,11,4,
2022-02-11,,Não informado,FINALIZADA,SANTO AMARO,AV GOVERNADOR AGAMENON MAGALHAES,Não informado,E/F AO POSTO BR,SANTO AMARO,OLINDA,ATROPELAMENTO DE PESSOA,Não informado,0.0,0.0,0.0,0.0,1.0,1.0,0.0,0.0,0.0,1.0,0.0,Longo da via,Bom,Não existe,Perfeito estado,Seca,Não informado,Não existe,Não há placas,60.0,Dupla,Faixa seccionada,COM VÍTIMA,2022,2,11,4,
2022-02-11,,Não informado,FINALIZADA,IBURA,AV DOIS RIOS,Não informado,LADEIRA DA CHOAB,IBURA,Não informado,COLISÃO FRONTAL,Não informado,0.0,1.0,0.0,0.0,0.0,1.0,0.0,0.0,0.0,2.0,0.0,Longo da via,Bom,Não existe,Ilegível,Seca,Perfeito estado,Agente,Não há placas,60.0,Dupla,Não existe,COM VÍTIMA,2022,2,11,4,
2022-02-11,,Não informado,CANCELADA,AREIAS,AV RECIFE,Não informado,E/F A FARMACIA PAGUE MENOS,AREIAS,Não informado,COLISÃO TRASEIRA,Não informado,2.0,0.0,0.0,0.0,0.0,0.0,0.0,0.0,0.0,0.0,0.0,Não informado,Não informado,Não informado,Não informado,Não informado,Não informado,Não informado,Não informado,60.0,Não informado,Não informado,SEM VÍTIMA,2022,2,11,4,
2022-02-11,,Não informado,FINALIZADA,APIPUCOS,AV DEZESSETE DE AGOSTO,RUA MARQUES DE TAMANDARE,E/F AO BAR CHEFE,APIPUCOS,Não informado,COLISÃO TRANSVERSAL,Não informado,1.0,1.0,0.0,0.0,0.0,0.0,0.0,0.0,0.0,1.0,0.0,Cruzamento,Bom,Não existe,Perfeito estado,Seca,Perfeito estado,Não existe,Não há placas,60.0,Dupla,Faixa contínua,COM VÍTIMA,2022,2,11,4,
2022-02-12,,Não informado,FINALIZADA,ENCRUZILHADA,AV NORTE MIGUEL ARRAES DE ALENCAR,RUA ALFREDO DE CASTRO,Não informado,ENCRUZILHADA,Não informado,COLISÃO TRANSVERSAL,Não informado,2.0,0.0,0.0,0.0,0.0,0.0,0.0,0.0,0.0,0.0,0.0,Cruzamento,Bom,Sem defeito,Perfeito estado,Seca,Perfeito estado,Faixa de pedestre,Não informado,60.0,Dupla,Canteiro central,SEM VÍTIMA,2022,2,12,5,
2022-02-12,,Não informado,FINALIZADA,ALTO SANTA TERESINHA,AV ANIBAL BENEVOLO,Não informado,EM FRENTE AO COMPAZ,ALTO SANTA TERESINHA,CIDADE,CHOQUE,Não informado,2.0,1.0,0.0,0.0,0.0,0.0,0.0,0.0,0.0,2.0,0.0,Longo da via,Bom,Não existe,Incompleta,Seca,Mal conservada,Não existe,Não há placas,60.0,Dupla,Não existe,COM VÍTIMA,2022,2,12,5,
2022-02-12,,Não informado,CANCELADA,VÁRZEA,AV CAXANGA,Não informado,LADO OPOSTO A UPA DA CAXANGÁ,VÁRZEA,CIDADE,COLISÃO TRASEIRA,Não informado,3.0,0.0,0.0,0.0,0.0,0.0,0.0,0.0,0.0,0.0,0.0,Não informado,Não informado,Não informado,Não informado,Não informado,Não informado,Não informado,Não informado,60.0,Não informado,Não informado,SEM VÍTIMA,2022,2,12,5,
2022-02-12,,Não informado,FINALIZADA,BOA VIAGEM,RUA ERNESTO DE PAULA SANTOS,AV ENGENHEIRO DOMINGOS FERREIRA,EM FRENTE A LOJA  DE SAPATOS CONSTANCE,BOA VIAGEM,SUBURBIO,COLISÃO LATERAL,Não informado,1.0,1.0,0.0,0.0,0.0,0.0,0.0,0.0,0.0,1.0,0.0,Longo da via,Chuvoso,Sem defeito,Perfeito estado,Molhada,Perfeito estado,Faixa de retenção,Não há placas,60.0,Única,Faixa contínua,COM VÍTIMA,2022,2,12,5,
2022-02-12,,Não informado,CANCELADA,IMBIRIBEIRA,AV RECIFE,Não informado,EM FRENTE AO SAL E BRASA  / SENT BOA VIAGEM,IMBIRIBEIRA,Não informado,COLISÃO LATERAL,Não informado,0.0,2.0,0.0,0.0,0.0,0.0,0.0,0.0,0.0,0.0,0.0,Não informado,Não informado,Não informado,Não informado,Não informado,Não informado,Não informado,Não informado,60.0,Não informado,Não informado,SEM VÍTIMA,2022,2,12,5,
2022-02-12,,Não informado,CANCELADA,DERBY,AV GOVERNADOR AGAMENON MAGALHAES,Não informado,PROXIMO DO BANCO DO BRASIL / SENTIDO OLINDA,DERBY,Não informado,COLISÃO LATERAL,Não informado,1.0,1.0,0.0,0.0,0.0,0.0,0.0,0.0,0.0,1.0,0.0,Não informado,Não informado,Não informado,Não informado,Não informado,Não informado,Não informado,Não informado,60.0,Não informado,Não informado,COM VÍTIMA,2022,2,12,5,
2022-02-12,,Não informado,FINALIZADA,CASA AMARELA,AV NORTE MIGUEL ARRAES DE ALENCAR,Não informado,EM FRENTE AO  NUCLEO DA DEVESA CIVIL,CASA AMARELA,Não informado,COLISÃO TRASEIRA,Não informado,1.0,1.0,0.0,0.0,0.0,0.0,0.0,0.0,0.0,1.0,0.0,Longo da via,Bom,Sem defeito,Perfeito estado,Seca,Perfeito estado,Faixa de pedestre,R-6a,60.0,Dupla,Canteiro central,COM VÍTIMA,2022,2,12,5,
2022-02-12,,Não informado,FINALIZADA,BOA VIAGEM,RUA SA E SOUZA,RUA IZABEL MAGALHAES,EM FRENTE AO EDIFICIO PRAIA DE ITAGUAÇÚ,BOA VIAGEM,SUBURBIO,QUEDA,Não informado,0.0,1.0,0.0,0.0,0.0,0.0,0.0,0.0,0.0,1.0,0.0,Cruzamento,Bom,Não existe,Não existente,Seca,Perfeito estado,Não existe,Não há placas,60.0,Dupla,Faixa seccionada,COM VÍTIMA,2022,2,12,5,
2022-02-12,,Não informado,CANCELADA,IMBIRIBEIRA,AV MARECHAL MASCARENHAS DE MORAES,Não informado,NO SEMAFORO 290,IMBIRIBEIRA,Não informado,COLISÃO TRASEIRA,Não informado,1.0,1.0,0.0,0.0,0.0,0.0,0.0,0.0,0.0,1.0,0.0,Não informado,Não informado,Não informado,Não informado,Não informado,Não informado,Não informado,Não informado,60.0,Não informado,Não informado,COM VÍTIMA,2022,2,12,5,
2022-02-12,,Não informado,FINALIZADA,JOANA BEZERRA,VDO PAPA JOAO PAULO II,Não informado,EM BAIXO DO VIADUTO JOANA BEZERRA AO LADO DA AACD,JOANA BEZERRA,Não informado,COLISÃO FRONTAL,Não informado,2.0,0.0,0.0,0.0,0.0,0.0,0.0,0.0,0.0,1.0,0.0,Longo da via,Bom,Não existe,Incompleta,Não informado,Mal conservada,Não existe,Não há placas,60.0,Não informado,Não existe,COM VÍTIMA,2022,2,12,5,
2022-02-12,,Não informado,FINALIZADA,ARRUDA,AV BEBERIBE,AV PROFESSOR JOSE DOS ANJOS,E/F AO CAMPO DO ARRUDA,ARRUDA,CIDADE,COLISÃO FRONTAL,Não informado,1.0,1.0,0.0,0.0,0.0,0.0,0.0,0.0,0.0,2.0,0.0,Longo da via,Bom,Sem defeito,Perfeito estado,Seca,Perfeito estado,Não informado,R-6a,60.0,Dupla,Faixa contínua,COM VÍTIMA,2022,2,12,5,
2022-02-12,,Não informado,FINALIZADA,TORRE,PTE DO VINTEM,Não informado,EM CIMA DO VIADUTO,TORRE,AV NORTE,COLISÃO LATERAL,Não informado,1.0,1.0,0.0,0.0,0.0,0.0,0.0,0.0,0.0,1.0,0.0,Viaduto,Bom,Não existe,Não existente,Seca,Perfeito estado,Não existe,Não há placas,60.0,Única,Canteiro central,COM VÍTIMA,2022,2,12,5,
2022-02-13,,Não informado,FINALIZADA,PRADO,RUA RODRIGUES DE MENDONCA,RUA PANDIA CALOGERAS,ENFRENTE AO EDFICIO RENOIR,PRADO,SUBURBIO,COLISÃO LATERAL,Não informado,2.0,0.0,0.0,0.0,0.0,0.0,0.0,0.0,0.0,1.0,0.0,Cruzamento,Bom,Não existe,Incompleta,Seca,Perfeito estado,Faixa de pedestre,Não há placas,60.0,Única,Faixa contínua,COM VÍTIMA,2022,2,13,6,