data,hora,natureza_acidente,situacao,bairro,endereco,detalhe_endereco_acidente,complemento,bairro_cruzamento,sentido_via,tipo,descricao,auto,moto,ciclom,ciclista,pedestre,onibus,caminhao,viatura,outros,vitimas,vitimasfatais,acidente_verificado,tempo_clima,situacao_semaforo,sinalizacao,condicao_via,conservacao_via,ponto_controle,situacao_placa,velocidade_max_via,mao_direcao,divisao_via1,natureza,ano,mes,dia,dia_semana,hora_ocorrencia
2022-02-13,,Não informado,FINALIZADA,LINHA DO TIRO,RUA ELADIO CAMBOIM,RUA URIEL DE HOLANDA,PRÓX À PADARIA PÃO DE OURO,LINHA DO TIRO,Não informado,ATROPELAMENTO DE PESSOA,Não informado,0.0,1.0,0.0,0.0,1.0,0.0,0.0,0.0,0.0,1.0,0.0,Longo da via,Bom,Não existe,Não existente,Seca,Perfeito estado,Não existe,Não há placas,60.0,Dupla,Não existe,COM VÍTIMA,2022,2,13,6,
2022-02-13,,Não informado,CANCELADA,PINA,AV ANTONIO DE GOES,Não informado,CENTRO DIAGNÓTICO LUCILO ÁVILA,PINA,Não informado,COLISÃO TRASEIRA,Não informado,1.0,1.0,0.0,0.0,0.0,0.0,0.0,0.0,0.0,1.0,0.0,Não informado,Não informado,Não informado,Não informado,Não informado,Não informado,Não informado,Não informado,60.0,Não informado,Não informado,COM VÍTIMA,2022,2,13,6,
2022-02-13,,Não informado,FINALIZADA,BOA VIAGEM,RUA BRUNO VELOSO,AV ENGENHEIRO DOMINGOS FERREIRA,Não informado,BOA VIAGEM,Não informado,COLISÃO LATERAL,Não informado,2.0,0.0,0.0,0.0,0.0,0.0,0.0,0.0,0.0,0.0,0.0,Não informado,Não informado,Não informado,Não informado,Não informado,Não informado,Não informado,Não informado,60.0,Não informado,Não informado,SEM VÍTIMA,2022,2,13,6,
2022-02-13,,Não informado,FINALIZADA,CORDEIRO,AV CAXANGA,AV INACIO MONTEIRO,ENFRENTE A DROGASIL,CORDEIRO,CIDADE,COLISÃO TRANSVERSAL,Não informado,1.0,1.0,0.0,0.0,0.0,0.0,0.0,0.0,0.0,1.0,0.0,Cruzamento,Bom,Sem defeito,Incompleta,Seca,Perfeito estado,Não informado,R-6a,60.0,Dupla,Faixa contínua,COM VÍTIMA,2022,2,13,6,
2022-02-13,,Não informado,FINALIZADA,JORDÃO,RUA ALBERTO LUNDGREN,RUA DR ALVARO FERRAZ,ENFRENTE AO BALAIO,JORDÃO,Não informado,ATROPELAMENTO DE PESSOA,Não informado,0.0,0.0,0.0,0.0,1.0,1.0,0.0,0.0,0.0,1.0,0.0,Cruzamento,Bom,Não existe,Perfeito estado,Seca,Perfeito estado,Faixa de pedestre,R-6a,60.0,Dupla,Faixa contínua,COM VÍTIMA,2022,2,13,6,
2022-02-13,,Não informado,FINALIZADA,IBURA,Não informado,Não informado,EM FRENTE DROGARIAS IBURA,IBURA,SUBURBIO,COLISÃO FRONTAL,Não informado,1.0,0.0,0.0,0.0,0.0,0.0,0.0,1.0,0.0,0.0,0.0,Longo da via,Bom,Não existe,Não existente,Seca,Perfeito estado,Não existe,"Placas ""Pare""",40.0,Dupla,Não existe,SEM VÍTIMA,2022,2,13,6,
2022-02-13,,Não informado,CANCELADA,TEJIPIÓ,AV DR JOSE RUFINO,Não informado,E/F AO 14  BATALHAO / SEMAFORO 208,TEJIPIÓ,Não informado,COLISÃO TRASEIRA,Não informado,1.0,1.0,0.0,1.0,0.0,0.0,0.0,0.0,0.0,1.0,0.0,Não informado,Não informado,Não informado,Não informado,Não informado,Não informado,Não informado,Não informado,60.0,Não informado,Não informado,COM VÍTIMA,2022,2,13,6,
2022-02-14,,Não informado,FINALIZADA,CAXANGÁ,AV CAXANGA,Não informado,IPUTINGA VEÍCULOS,CAXANGÁ,SUBURBIO,COLISÃO FRONTAL,Não informado,1.0,0.0,0.0,0.0,0.0,0.0,0.0,1.0,0.0,0.0,0.0,Não informado,Não informado,Não informado,Não informado,Não informado,Não informado,Não informado,Não informado,60.0,Não informado,Não informado,SEM VÍTIMA,2022,2,14,0,
2022-02-14,,Não informado,FINALIZADA,BOA VIAGEM,RUA RIO AZUL,Não informado,E/F AO ARMAZEM DE CONSTRUÇÃO,BOA VIAGEM,SUBURBIO,Não informado,Não informado,1.0,0.0,0.0,0.0,0.0,0.0,0.0,0.0,0.0,0.0,0.0,Longo da via,Bom,Não existe,Perfeito estado,Seca,Perfeito estado,Não existe,Não há placas,60.0,Única,Faixa seccionada,SEM VÍTIMA,2022,2,14,0,
2022-02-14,,Não informado,FINALIZADA,CAMPINA DO BARRETO,RUA DOS PEIXINHOS,Não informado,EM FRENTE AO ORATÓRIO DA DIVINA PROVIDÊNCIA,CAMPINA DO BARRETO,CIDADE,COLISÃO LATERAL,Não informado,1.0,1.0,0.0,0.0,0.0,0.0,0.0,0.0,0.0,1.0,0.0,Longo da via,Bom,Não existe,Não existente,Seca,Perfeito estado,Não existe,Não há placas,60.0,Dupla,Não existe,COM VÍTIMA,2022,2,14,0,
2022-02-14,,Não informado,CANCELADA,ESPINHEIRO,RUA CONS PORTELA,RUA QUARENTA E OITO,EM FRENTE AO BIGCAR,ESPINHEIRO,Não informado,COLISÃO LATERAL,Não informado,1.0,1.0,0.0,0.0,0.0,0.0,0.0,0.0,0.0,1.0,0.0,Não informado,Não informado,Não informado,Não informado,Não informado,Não informado,Não informado,Não informado,60.0,Não informado,Não informado,COM VÍTIMA,2022,2,14,0,
2022-02-14,,Não informado,FINALIZADA,TEJIPIÓ,AV DR JOSE RUFINO,Não informado,EM FRENTE A ESTAÇÃO TEJIPIO,TEJIPIÓ,SUBURBIO,COLISÃO TRANSVERSAL,Não informado,1.0,1.0,0.0,0.0,0.0,0.0,0.0,0.0,0.0,1.0,0.0,Longo da via,Bom,Não existe,Incompleta,Seca,Perfeito estado,Não existe,Não há placas,60.0,Dupla,Faixa contínua,COM VÍTIMA,2022,2,14,0,
2022-02-14,,Não informado,CANCELADA,PORTO DA MADEIRA,AV BEBERIBE,Não informado,EM FRENTE AO COLEGIO NOVENTA GRAUS,PORTO DA MADEIRA,Não informado,COLISÃO LATERAL,Não informado,0.0,2.0,0.0,0.0,0.0,0.0,0.0,0.0,0.0,2.0,0.0,Não informado,Não informado,Não informado,Não informado,Não informado,Não informado,Não informado,Não informado,60.0,Não informado,Não informado,COM VÍTIMA,2022,2,14,0,
2022-02-15,,Não informado,FINALIZADA,TAMARINEIRA,AV NORTE MIGUEL ARRAES DE ALENCAR,EST VELHA DE AGUA FRIA,PROXIMO A FERREIRA COSTA,TAMARINEIRA,CIDADE,COLISÃO TRASEIRA,Não informado,0.0,2.0,0.0,0.0,0.0,0.0,0.0,0.0,0.0,1.0,0.0,Cruzamento,Bom,Sem defeito,Perfeito estado,Seca,Perfeito estado,Faixa de pedestre,R-6a,60.0,Dupla,Faixa contínua,COM VÍTIMA,2022,2,15,1,
2022-02-15,,Não informado,FINALIZADA,ALTO JOSÉ BONIFÁCIO,RUA ALTO JOSE BONIFACIO,RUA CORREGO DO EUCLIDES,PROX. A RODINHA,ALTO JOSÉ BONIFÁCIO,CIDADE,COLISÃO COM CICLISTA,Não informado,0.0,1.0,0.0,1.0,0.0,0.0,0.0,0.0,0.0,1.0,0.0,Esquina,Bom,Não existe,Perfeito estado,Seca,Perfeito estado,Faixa de pedestre,Outras,60.0,Dupla,Faixa contínua,COM VÍTIMA,2022,2,15,1,
2022-02-15,,Não informado,FINALIZADA,ÁGUA FRIA,EST VELHA DE AGUA FRIA,Não informado,"ESPAÇO TAMARINEIRA,  JPK ENERGY",ÁGUA FRIA,CIDADE,COLISÃO COM CICLISTA,Não informado,0.0,1.0,0.0,1.0,0.0,0.0,0.0,0.0,0.0,1.0,0.0,Longo da via,Bom,Não existe,Perfeito estado,Seca,Perfeito estado,Não existe,R-6a,60.0,Dupla,Faixa contínua,COM VÍTIMA,2022,2,15,1,
2022-02-15,,Não informado,FINALIZADA,IPUTINGA,AV CAXANGA,EST DO BARBALHO,PRÓX AO BIG BOMPREÇO E CACAU SHOW,IPUTINGA,Não informado,COLISÃO TRASEIRA,Não informado,0.0,2.0,0.0,0.0,0.0,0.0,0.0,0.0,0.0,1.0,0.0,Cruzamento,Bom,Sem defeito,Perfeito estado,Seca,Perfeito estado,Agente,R-26,60.0,Dupla,Canteiro central,COM VÍTIMA,2022,2,15,1,
2022-02-15,,Não informado,FINALIZADA,TOTÓ,RUA ONZE DE AGOSTO,Não informado,TERMINAL TOTO - JARDIM SÃO PAULO BOA VIAGEM SHOPPING RECIFE,TOTÓ,Não informado,CHOQUE,Não informado,1.0,0.0,0.0,0.0,0.0,1.0,0.0,0.0,0.0,0.0,0.0,Não informado,Bom,Não existe,Não existente,Seca,Perfeito estado,Não existe,Não há placas,60.0,Dupla,Não existe,SEM VÍTIMA,2022,2,15,1,
2022-02-15,,Não informado,FINALIZADA,CORDEIRO,RUA DR MIGUEL VIEIRA FERREIRA,RUA SOROCABA,PROXIMO AO ARMAZEM CIA DA CONSTRUÇÃO,CORDEIRO,CIDADE,ATROPELAMENTO DE PESSOA,Não informado,1.0,0.0,0.0,0.0,1.0,0.0,0.0,0.0,0.0,1.0,0.0,Longo da via,Bom,Não existe,Incompleta,Seca,Perfeito estado,Não existe,R-19,30.0,Não informado,Não existe,COM VÍTIMA,2022,2,15,1,
2022-02-15,,Não informado,CANCELADA,IPUTINGA,RUA SAO MATEUS,Não informado,E/F A PADARIA MASSA PURA,IPUTINGA,Não informado,COLISÃO LATERAL,Não informado,0.0,0.0,0.0,0.0,0.0,0.0,0.0,0.0,0.0,0.0,0.0,Não informado,Não informado,Não informado,Não informado,Não informado,Não informado,Não informado,Não informado,60.0,Não informado,Não informado,SEM VÍTIMA,2022,2,15,1,
2022-02-16,,Não informado,FINALIZADA,PASSARINHO,EST DE PASSARINHO,Não informado,PRÓXIMO AO TERMINAL DE ÔNIBUS COMPLEMENTAR,PASSARINHO,SUBURBIO,Não informado,Não informado,1.0,0.0,0.0,0.0,0.0,0.0,0.0,1.0,0.0,0.0,0.0,Longo da via,Bom,Não existe,Não existente,Seca,Perfeito estado,Não existe,Não há placas,60.0,Dupla,Não existe,SEM VÍTIMA,2022,2,16,2,
2022-02-16,,Não informado,FINALIZADA,PINA,RUA TOME GIBSON,AVENIDA CELSO FURTADO (VIA MANGUE),PROX. AO AEROCLUB (SENT. PINA),PINA,CIDADE,COLISÃO LATERAL,Não informado,1.0,1.0,0.0,0.0,0.0,0.0,0.0,0.0,0.0,1.0,0.0,Longo da via,Chuvoso,Não existe,Perfeito estado,Molhada,Perfeito estado,Não existe,Não há placas,60.0,Única,Faixa seccionada,COM VÍTIMA,2022,2,16,2,
2022-02-16,,Não informado,FINALIZADA,CURADO,BR 101 (DENTRO DA CEASA),Não informado,EM FRENTE AO RC FRIOS E RESTAURANTE DO BIU,CURADO,Não informado,COLISÃO FRONTAL,Não informado,2.0,1.0,0.0,0.0,0.0,0.0,0.0,0.0,0.0,1.0,0.0,Longo da via,Bom,Não existe,Incompleta,Seca,Perfeito estado,Não existe,R-4b,60.0,Única,Não existe,COM VÍTIMA,2022,2,16,2,
2022-02-16,,Não informado,FINALIZADA,JARDIM SÃO PAULO,AV SAO PAULO,Não informado,POR BAIXO DO VIADUTO WERNECK,JARDIM SÃO PAULO,CIDADE,CHOQUE,Não informado,1.0,0.0,0.0,0.0,0.0,0.0,0.0,0.0,0.0,1.0,0.0,Longo da via,Bom,Não existe,Incompleta,Seca,Perfeito estado,Não existe,Não há placas,60.0,Dupla,Faixa seccionada,COM VÍTIMA,2022,2,16,2,
2022-02-17,,Não informado,FINALIZADA,PINA,AVENIDA CELSO FURTADO (VIA MANGUE),Não informado,LADO OPOSTO POS TRÁS DA VIA MANGUE,PINA,Não informado,CHOQUE,Não informado,1.0,0.0,0.0,0.0,0.0,0.0,0.0,0.0,0.0,0.0,0.0,Longo da via,Chuvoso,Não existe,Perfeito estado,Molhada,Perfeito estado,Não existe,Não há placas,60.0,Dupla,Canteiro central,SEM VÍTIMA,2022,2,17,3,
2022-02-17,,Não informado,FINALIZADA,BOA VIAGEM,AV ENGENHEIRO DOMINGOS FERREIRA,RUA JOSE MARIA DE MIRANDA,SEMÁFORO 484,BOA VIAGEM,CIDADE,COLISÃO TRASEIRA,Não informado,1.0,0.0,0.0,0.0,0.0,0.0,0.0,1.0,0.0,0.0,0.0,Cruzamento,Chuvoso,Sem defeito,Perfeito estado,Molhada,Perfeito estado,Não informado,Outras,60.0,Dupla,Canteiro central,SEM VÍTIMA,2022,2,17,3,
2022-02-17,,Não informado,CANCELADA,CASA AMARELA,AV NORTE MIGUEL ARRAES DE ALENCAR,Não informado,EM FRENTE AO ARMAZEM CORAL/ PROXIMO AO SESC DE CASA MARELA,CASA AMARELA,CIDADE,QUEDA,Não informado,0.0,1.0,0.0,0.0,0.0,0.0,0.0,0.0,0.0,1.0,0.0,Não informado,Não informado,Não informado,Não informado,Não informado,Não informado,Não informado,Não informado,60.0,Não informado,Não informado,COM VÍTIMA,2022,2,17,3,
2022-02-17,,Não informado,FINALIZADA,APIPUCOS,AV DEZESSETE DE AGOSTO,Não informado,"E/F A ESCOLA ESTADUAL SILVA JARDIM,  ED MEYER MESEL",APIPUCOS,SUBURBIO,COLISÃO FRONTAL,Não informado,2.0,1.0,0.0,0.0,0.0,0.0,0.0,0.0,0.0,1.0,0.0,Longo da via,Chuvoso,Não existe,Perfeito estado,Molhada,Perfeito estado,Não existe,Não informado,60.0,Dupla,Faixa contínua,COM VÍTIMA,2022,2,17,3,
2022-02-17,,Não informado,FINALIZADA,BONGI,RUA ISAAC MARKMAN,RUA DONA MARIA AUGUSTA NOGUEIRA,EM FRENTE A SECRETARIA DE SAUDE /  TERMINAL DO BONGI,BONGI,CIDADE,COLISÃO TRANSVERSAL,Não informado,1.0,1.0,0.0,0.0,0.0,0.0,0.0,0.0,0.0,1.0,0.0,Cruzamento,Chuvoso,Não existe,Incompleta,Molhada,Mal conservada,Faixa de pedestre,Outras,30.0,Dupla,Faixa seccionada,COM VÍTIMA,2022,2,17,3,
2022-02-17,,Não informado,DUPLICIDADE,CAXANGÁ,AV JOAQUIM RIBEIRO,Não informado,EM FRENTE A UPA DA CAXANGA,CAXANGÁ,Não informado,COLISÃO LATERAL,Não informado,1.0,1.0,0.0,0.0,0.0,0.0,0.0,0.0,0.0,1.0,0.0,Não informado,Não informado,Não informado,Não informado,Não informado,Não informado,Não informado,Não informado,60.0,Não informado,Não informado,COM VÍTIMA,2022,2,17,3,
2022-02-17,,Não informado,FINALIZADA,VÁRZEA,AV CAXANGA,Não informado,"AO LADO DA UPA, NO SENTIDO CIDADE",VÁRZEA,Não informado,COLISÃO LATERAL,Não informado,1.0,1.0,0.0,0.0,0.0,1.0,0.0,0.0,0.0,1.0,0.0,Ponte,Chuvoso,Não existe,Perfeito estado,Molhada,Perfeito estado,Não existe,Não há placas,60.0,Única,Faixa seccionada,COM VÍTIMA,2022,2,17,3,
2022-02-17,,Não informado,FINALIZADA,CAMPO GRANDE,RUA MARQUES DE BAIPENDI,RUA CONEGO JOAO PEDROZA,UNIÃO BEBIDAS,CAMPO GRANDE,SUBURBIO,COLISÃO TRANSVERSAL,Não informado,1.0,1.0,0.0,0.0,0.0,0.0,0.0,0.0,0.0,1.0,0.0,Cruzamento,Bom,Não existe,Perfeito estado,Molhada,Perfeito estado,Não existe,Outras,60.0,Dupla,Faixa contínua,COM VÍTIMA,2022,2,17,3,
2022-02-17,,Não informado,FINALIZADA,ESPINHEIRO,AV GOVERNADOR AGAMENON MAGALHAES,Não informado,SEMÁFORO 108,ESPINHEIRO,Não informado,COLISÃO TRASEIRA,Não informado,1.0,0.0,0.0,0.0,0.0,0.0,0.0,2.0,0.0,0.0,0.0,Longo da via,Nublado,Sem defeito,Perfeito estado,Molhada,Perfeito estado,Faixa de pedestre,Não há placas,60.0,Dupla,Faixa contínua,SEM VÍTIMA,2022,2,17,3,
2022-02-17,,Não informado,FINALIZADA,SANTO AMARO,AV GOVERNADOR AGAMENON MAGALHAES,Não informado,SOB O VIADUTO DA AV NORTE,SANTO AMARO,OLINDA,COLISÃO COM CICLISTA,Não informado,1.0,0.0,0.0,1.0,0.0,0.0,0.0,0.0,0.0,1.0,0.0,Longo da via,Bom,Sem defeito,Perfeito estado,Seca,Perfeito estado,Faixa de pedestre,Não há placas,60.0,Dupla,Faixa contínua,COM VÍTIMA,2022,2,17,3,
2022-02-17,,Não informado,FINALIZADA,SANTO AMARO,AV PREFEITO ARTUR LIMA CAVALCANTI,Não informado,PROX A MARINHA BEIRA CANAL,SANTO AMARO,SUBURBIO,QUEDA,Não informado,0.0,1.0,0.0,0.0,0.0,0.0,0.0,0.0,0.0,1.0,0.0,Longo da via,Bom,Não existe,Perfeito estado,Seca,Perfeito estado,Não existe,Não há placas,60.0,Dupla,Canteiro central,COM VÍTIMA,2022,2,17,3,
2022-02-17,,Não informado,FINALIZADA,PINA,AV ANTONIO DE GOES,Não informado,Não informado,PINA,CIDADE,COLISÃO TRANSVERSAL,Não informado,1.0,1.0,0.0,0.0,0.0,0.0,0.0,0.0,0.0,1.0,0.0,Longo da via,Bom,Sem defeito,Perfeito estado,Seca,Perfeito estado,Não existe,Outras,60.0,Única,Faixa seccionada,COM VÍTIMA,2022,2,17,3,
2022-02-17,,Não informado,FINALIZADA,ALTO SANTA TERESINHA,RUA TAMBOARA,Não informado,Não informado,ALTO SANTA TERESINHA,SUBURBIO,COLISÃO FRONTAL,Não informado,0.0,1.0,0.0,0.0,0.0,0.0,0.0,1.0,0.0,0.0,0.0,Longo da via,Bom,Não existe,Perfeito estado,Seca,Perfeito estado,Não existe,Não há placas,60.0,Dupla,Faixa contínua,SEM VÍTIMA,2022,2,17,3,
2022-02-17,,Não informado,FINALIZADA,BOA VIAGEM,AV CONSELHEIRO AGUIAR,Não informado,PRÓXIMO AO BOMBREÇO,BOA VIAGEM,Não informado,COLISÃO LATERAL,Não informado,0.0,0.0,0.0,0.0,0.0,0.0,0.0,0.0,0.0,0.0,0.0,Não informado,Não informado,Não informado,Não informado,Não informado,Não informado,Não informado,Não informado,60.0,Não informado,Não informado,SEM VÍTIMA,2022,2,17,3,
2022-02-18,,Não informado,FINALIZADA,IMBIRIBEIRA,AV MARECHAL MASCARENHAS DE MORAES,Não informado,EM FRENTE AO MARTELINHO. APÓS A FACULDADE PERNAMBUCANA DE SAÚDE,IMBIRIBEIRA,CIDADE,QUEDA,Não informado,0.0,1.0,0.0,0.0,0.0,0.0,0.0,0.0,0.0,1.0,0.0,Longo da via,Bom,Não existe,Perfeito estado,Seca,Perfeito estado,Não existe,Não informado,60.0,Dupla,Faixa seccionada,COM VÍTIMA,2022,2,18,4,
2022-02-17,,Não informado,FINALIZADA,DERBY,AV GOVERNADOR AGAMENON MAGALHAES,Não informado,EM FRENTE À FACE IMAGEM,DERBY,SUBURBIO,COLISÃO TRASEIRA,Não informado,1.0,1.0,0.0,0.0,0.0,0.0,0.0,0.0,0.0,1.0,0.0,Longo da via,Chuvoso,Sem defeito,Perfeito estado,Molhada,Perfeito estado,Outros,Outras,60.0,Única,Faixa seccionada,COM VÍTIMA,2022,2,17,3,
2022-02-18,,Não informado,CANCELADA,IMBIRIBEIRA,RUA LE PARC,Não informado,EM FRENTE AO LE  PARC,IMBIRIBEIRA,Não informado,COLISÃO TRASEIRA,Não informado,1.0,1.0,0.0,0.0,0.0,0.0,0.0,0.0,0.0,1.0,0.0,Não informado,Não informado,Não informado,Não informado,Não informado,Não informado,Não informado,Não informado,60.0,Não informado,Não informado,COM VÍTIMA,2022,2,18,4,
2022-02-18,,Não informado,FINALIZADA,MANGUEIRA,RUA DR JOAO ELISIO,RUA MANDARI,EM FRENTE À PADARIA E MERCADINHO SANTO ANTÔNIO,MANGUEIRA,SUBURBIO,COLISÃO FRONTAL,Não informado,1.0,1.0,0.0,0.0,0.0,0.0,0.0,0.0,0.0,1.0,0.0,Esquina,Bom,Não existe,Incompleta,Seca,Perfeito estado,Não existe,Não há placas,60.0,Dupla,Não existe,COM VÍTIMA,2022,2,18,4,
2022-02-18,,Não informado,CANCELADA,PINA,AV HERCULANO BANDEIRA,Não informado,E/F AO ATACADO DA CONTRUÇAÕ,PINA,Não informado,COLISÃO TRASEIRA,Não informado,1.0,1.0,0.0,0.0,0.0,0.0,0.0,0.0,0.0,1.0,0.0,Não informado,Não informado,Não informado,Não informado,Não informado,Não informado,Não informado,Não informado,60.0,Não informado,Não informado,COM VÍTIMA,2022,2,18,4,
2022-02-18,,Não informado,FINALIZADA,IBURA,AV DOIS RIOS,Não informado,"PRÓX A FARMACIA  INDEPENDENTE , SNT SUB-CID / SEMÁFORO 485",IBURA,CIDADE,COLISÃO TRASEIRA,Não informado,1.0,1.0,0.0,0.0,0.0,0.0,0.0,0.0,0.0,1.0,0.0,Longo da via,Bom,Não existe,Perfeito estado,Seca,Perfeito estado,Não existe,Não há placas,60.0,Dupla,Faixa contínua,COM VÍTIMA,2022,2,18,4,
2022-02-18,,Não informado,FINALIZADA,BEBERIBE,AV BEBERIBE,Não informado,E/F A IGREJA BATISTA AGAPE,BEBERIBE,CIDADE,CHOQUE,Não informado,2.0,1.0,0.0,0.0,0.0,0.0,0.0,0.0,0.0,1.0,0.0,Longo da via,Chuvoso,Não existe,Perfeito estado,Não informado,Perfeito estado,Não existe,Não há placas,60.0,Dupla,Faixa seccionada,COM VÍTIMA,2022,2,18,4,
2022-02-19,,Não informado,FINALIZADA,AFOGADOS,RUA NICOLAU PEREIRA,Não informado,PROXIMO À ESTAÇÃO DO METRÔ,AFOGADOS,SUBURBIO,COLISÃO COM CICLISTA,Não informado,1.0,0.0,0.0,1.0,0.0,0.0,0.0,0.0,0.0,1.0,0.0,Longo da via,Bom,Não existe,Perfeito estado,Seca,Perfeito estado,Não existe,R-6a,60.0,Única,Faixa seccionada,COM VÍTIMA,2022,2,19,5,
2022-02-19,,Não informado,FINALIZADA,SAN MARTIN,AV GENERAL SAN MARTIN,Não informado,LADO OPOSTO AO NOVO ATACAREJO,SAN MARTIN,SUBURBIO,QUEDA,Não informado,0.0,0.0,0.0,1.0,0.0,0.0,0.0,0.0,0.0,1.0,0.0,Longo da via,Bom,Sem defeito,Perfeito estado,Seca,Perfeito estado,Faixa de retenção,Não há placas,60.0,Dupla,Faixa contínua,COM VÍTIMA,2022,2,19,5,
2022-02-19,,Não informado,FINALIZADA,VÁRZEA,AV CAXANGA,Não informado,LADO OPOSTO AO TERMINAL DE ONIBUS DA CAXANGA,VÁRZEA,CIDADE,COLISÃO TRASEIRA,Não informado,1.0,1.0,0.0,0.0,0.0,0.0,0.0,0.0,0.0,1.0,0.0,Longo da via,Bom,Sem defeito,Perfeito estado,Seca,Perfeito estado,Faixa de pedestre,R-6a,60.0,Dupla,Faixa contínua,COM VÍTIMA,2022,2,19,5,
2022-02-19,,Não informado,FINALIZADA,SANTO AMARO,AV GOVERNADOR AGAMENON MAGALHAES,PTE RAIMUNDO FARIAS,PRAÇA PARQUE AMORIM,SANTO AMARO,SUBURBIO,COLISÃO TRANSVERSAL,Não informado,1.0,1.0,0.0,0.0,0.0,0.0,0.0,0.0,0.0,1.0,0.0,Cruzamento,Bom,Sem defeito,Perfeito estado,Seca,Perfeito estado,Agente,Não informado,60.0,Única,Faixa seccionada,COM VÍTIMA,2022,2,19,5,
2022-02-19,,Não informado,FINALIZADA,TEJIPIÓ,RUA FALCAO DE LACERDA,Não informado,PROX A ESTACAO TEJIPIO / ASSEMBLEIA DE DEUS,TEJIPIÓ,CIDADE,COLISÃO LATERAL,Não informado,1.0,1.0,0.0,0.0,0.0,0.0,0.0,0.0,0.0,1.0,0.0,Longo da via,Bom,Não existe,Incompleta,Seca,Perfeito estado,Não existe,Não há placas,60.0,Dupla,Não existe,COM VÍTIMA,2022,2,19,5,
2022-02-19,,Não informado,FINALIZADA,PINA,AV CONSELHEIRO AGUIAR,Não informado,SANTORINI BAR CLUB,PINA,CIDADE,COLISÃO LATERAL,Não informado,1.0,1.0,0.0,0.0,0.0,0.0,0.0,0.0,0.0,2.0,0.0,Longo da via,Chuvoso,Não existe,Perfeito estado,Molhada,Perfeito estado,Não existe,Não há placas,60.0,Única,Faixa seccionada,COM VÍTIMA,2022,2,19,5,
2022-02-20,,Não informado,FINALIZADA,ESPINHEIRO,RUA DO ESPINHEIRO,RUA QUARENTA E OITO,CRUZAMENTO,ESPINHEIRO,CIDADE,COLISÃO TRANSVERSAL,Não informado,1.0,1.0,0.0,0.0,0.0,0.0,0.0,0.0,0.0,1.0,0.0,Cruzamento,Bom,Sem defeito,Perfeito estado,Seca,Perfeito estado,Faixa de pedestre,Não há placas,60.0,Única,Faixa contínua,COM VÍTIMA,2022,2,20,6,
2022-02-20,,Não informado,CANCELADA,SANTO AMARO,AV GOVERNADOR AGAMENON MAGALHAES,AV DR JAYME DA FONTE,AO LADO DO CAMPO DO ONZE,SANTO AMARO,Não informado,COLISÃO LATERAL,Não informado,1.0,1.0,0.0,0.0,0.0,0.0,0.0,0.0,0.0,1.0,0.0,Não informado,Não informado,Não informado,Não informado,Não informado,Não informado,Não informado,Não informado,60.0,Não informado,Não informado,COM VÍTIMA,2022,2,20,6,
2022-02-20,,Não informado,CANCELADA,BOA VIAGEM,AV ENGENHEIRO DOMINGOS FERREIRA,Não informado,AO LADO DA MCDONALD´S,BOA VIAGEM,Não informado,COLISÃO LATERAL,Não informado,1.0,1.0,0.0,0.0,0.0,0.0,0.0,0.0,0.0,1.0,0.0,Não informado,Não informado,Não informado,Não informado,Não informado,Não informado,Não informado,Não informado,60.0,Não informado,Não informado,COM VÍTIMA,2022,2,20,6,
2022-02-20,,Não informado,CANCELADA,SÃO JOSÉ,C SANTA RITA,Não informado,ESQUINA COM AS TORRES GEMEAS / E/F AO CLUBE DE AMADORES DE PESCA,SÃO JOSÉ,Não informado,COLISÃO TRASEIRA,Não informado,1.0,1.0,0.0,0.0,0.0,0.0,0.0,0.0,0.0,1.0,0.0,Não informado,Não informado,Não informado,Não informado,Não informado,Não informado,Não informado,Não informado,60.0,Não informado,Não informado,COM VÍTIMA,2022,2,20,6,
2022-02-21,,Não informado,FINALIZADA,AFOGADOS,RUA MOTOCOLOMBO,Não informado,E/F AO BANCO ITAU E PRÓXIMO À POLICLINICA DE AFOGADOS,AFOGADOS,Não informado,CHOQUE,Não informado,0.0,1.0,0.0,0.0,0.0,0.0,0.0,0.0,0.0,0.0,1.0,Longo da via,Chuvoso,Não existe,Perfeito estado,Molhada,Perfeito estado,Não informado,Outras,60.0,Única,Não existe,VÍTIMA FATAL,2022,2,21,0,
2022-02-21,,Não informado,FINALIZADA,GRAÇAS,AV GOVERNADOR AGAMENON MAGALHAES,AV RUI BARBOSA,VIA PRINCIPAL -,GRAÇAS,CIDADE,COLISÃO TRASEIRA,Não informado,0.0,1.0,0.0,0.0,0.0,0.0,0.0,0.0,0.0,1.0,0.0,Longo da via,Bom,Sem defeito,Perfeito estado,Molhada,Perfeito estado,Faixa de pedestre,Não há placas,60.0,Dupla,Canteiro central,COM VÍTIMA,2022,2,21,0,