data,hora,natureza_acidente,situacao,bairro,endereco,detalhe_endereco_acidente,complemento,bairro_cruzamento,sentido_via,tipo,descricao,auto,moto,ciclom,ciclista,pedestre,onibus,caminhao,viatura,outros,vitimas,vitimasfatais,acidente_verificado,tempo_clima,situacao_semaforo,sinalizacao,condicao_via,conservacao_via,ponto_controle,situacao_placa,velocidade_max_via,mao_direcao,divisao_via1,natureza,ano,mes,dia,dia_semana,hora_ocorrencia
2022-02-21,,Não informado,FINALIZADA,CASA AMARELA,AV NORTE MIGUEL ARRAES DE ALENCAR,RUA BEZERROS,E/F AO ARMAZEM CORAL,CASA AMARELA,CIDADE,COLISÃO TRASEIRA,Não informado,1.0,2.0,0.0,0.0,0.0,0.0,0.0,0.0,0.0,1.0,0.0,Longo da via,Bom,Sem defeito,Perfeito estado,Seca,Perfeito estado,Não existe,Não há placas,60.0,Dupla,Canteiro central,COM VÍTIMA,2022,2,21,0,
2022-02-21,,Não informado,FINALIZADA,IBURA,AV DOM HELDER CAMARA,RUA JORNALISTA EDSON REGIS,LINHA DO TREM,IBURA,Não informado,COLISÃO TRASEIRA,Não informado,0.0,0.0,0.0,0.0,0.0,2.0,0.0,0.0,0.0,8.0,0.0,Longo da via,Bom,Sem defeito,Perfeito estado,Seca,Perfeito estado,Faixa de pedestre,R-6c,60.0,Dupla,Canteiro central,COM VÍTIMA,2022,2,21,0,
2022-02-21,,Não informado,FINALIZADA,TORRE,RUA REAL DA TORRE,RUA CONDE DE IRAJA,PROXIMO DO SUPERMERCADO RECIBOM,TORRE,Não informado,COLISÃO TRASEIRA,Não informado,1.0,1.0,0.0,0.0,0.0,0.0,0.0,0.0,0.0,1.0,0.0,Cruzamento,Bom,Sem defeito,Perfeito estado,Seca,Perfeito estado,Não informado,Não há placas,60.0,Única,Não existe,COM VÍTIMA,2022,2,21,0,
2022-02-21,,Não informado,FINALIZADA,DERBY,AV GOVERNADOR AGAMENON MAGALHAES,RUA JOAQUIM NABUCO,"EM FRENTE A RESTAURAÇÃO, SENTIDO BOA VIAGEM",DERBY,SUBURBIO,COLISÃO TRANSVERSAL,Não informado,1.0,1.0,0.0,0.0,0.0,0.0,0.0,0.0,0.0,1.0,0.0,Longo da via,Bom,Sem defeito,Perfeito estado,Seca,Perfeito estado,Faixa de pedestre,Outras,60.0,Única,Faixa seccionada,COM VÍTIMA,2022,2,21,0,
2022-02-21,,Não informado,FINALIZADA,SÃO JOSÉ,RUA CERRO CORA,AV SUL,PRÓX AO POSTO CABANGA / GALO DA MADRUGADA,SÃO JOSÉ,Não informado,COLISÃO TRASEIRA,Não informado,2.0,0.0,0.0,0.0,0.0,0.0,0.0,0.0,0.0,0.0,0.0,Longo da via,Bom,Sem defeito,Perfeito estado,Seca,Perfeito estado,Não informado,Não há placas,60.0,Única,Faixa contínua,SEM VÍTIMA,2022,2,21,0,
2022-02-21,,Não informado,FINALIZADA,IMBIRIBEIRA,VIADUTO TANCREDO NEVES,Não informado,APÓS O SAL E BRASA / SUBIDA DO VIADUTO / SENTIDO SHOPPING RECIFE,IMBIRIBEIRA,CIDADE,CHOQUE,Não informado,0.0,1.0,0.0,0.0,0.0,0.0,0.0,0.0,0.0,1.0,0.0,Longo da via,Bom,Não existe,Perfeito estado,Seca,Perfeito estado,Não existe,Não há placas,60.0,Dupla,Canteiro central,COM VÍTIMA,2022,2,21,0,
2022-02-21,,Não informado,FINALIZADA,BOA VIAGEM,AV DES JOSE NEVES,Não informado,EM FRENTE À FERREIRA PINTO,BOA VIAGEM,Não informado,COLISÃO TRASEIRA,Não informado,1.0,1.0,0.0,0.0,0.0,0.0,0.0,0.0,0.0,0.0,0.0,Não informado,Não informado,Não informado,Não informado,Não informado,Não informado,Não informado,Não informado,60.0,Não informado,Não informado,SEM VÍTIMA,2022,2,21,0,
2022-02-21,,Não informado,FINALIZADA,MADALENA,RUA REAL DA TORRE,RUA JOSE OSORIO,PRAÇA DA MADALENA,MADALENA,Não informado,COLISÃO LATERAL,Não informado,1.0,1.0,0.0,0.0,0.0,0.0,0.0,0.0,0.0,0.0,0.0,Não informado,Não informado,Não informado,Não informado,Não informado,Não informado,Não informado,Não informado,60.0,Não informado,Não informado,SEM VÍTIMA,2022,2,21,0,
2022-02-21,,Não informado,FINALIZADA,SANTO AMARO,RUA DA AURORA,Não informado,EM FRENTE AO BANCO CENTRAL,SANTO AMARO,Não informado,CHOQUE,Não informado,0.0,1.0,0.0,0.0,0.0,0.0,0.0,0.0,0.0,0.0,1.0,Longo da via,Bom,Não existe,Perfeito estado,Seca,Perfeito estado,Faixa de pedestre,Não há placas,60.0,Dupla,Canteiro central,VÍTIMA FATAL,2022,2,21,0,
2022-02-22,,Não informado,FINALIZADA,IPSEP,RUA JEAN EMILE FAVRE,RUA IZABEL DE SOUZA,E/F A UNIBLOCO,IPSEP,Não informado,COLISÃO LATERAL,Não informado,1.0,1.0,0.0,0.0,0.0,0.0,0.0,0.0,0.0,1.0,0.0,Cruzamento,Bom,Não existe,Perfeito estado,Seca,Perfeito estado,Não existe,R-6a,60.0,Única,Faixa seccionada,COM VÍTIMA,2022,2,22,1,
2022-02-22,,Não informado,FINALIZADA,BOA VIAGEM,RUA PROFESSOR AUGUSTO LINS E SILVA,Não informado,EDF ANA DANIELA,BOA VIAGEM,Não informado,COLISÃO FRONTAL,Não informado,1.0,0.0,0.0,0.0,0.0,0.0,0.0,1.0,0.0,0.0,0.0,Cruzamento,Bom,Sem defeito,Perfeito estado,Seca,Perfeito estado,Agente,Outras,60.0,Dupla,Canteiro central,SEM VÍTIMA,2022,2,22,1,
2022-02-22,,Não informado,FINALIZADA,MANGABEIRA,AV NORTE MIGUEL ARRAES DE ALENCAR,Não informado,EM FRENTE A LOJA RAINHA REVESI / LADO OPOSTO EXPRESSO AUTO CNTER,MANGABEIRA,SUBURBIO,COLISÃO LATERAL,Não informado,2.0,1.0,0.0,0.0,0.0,0.0,0.0,0.0,0.0,1.0,0.0,Não informado,Não informado,Não informado,Não informado,Não informado,Não informado,Não informado,Não informado,60.0,Não informado,Não informado,COM VÍTIMA,2022,2,22,1,
2022-02-22,,Não informado,FINALIZADA,BOA VIAGEM,RUA PROFESSOR JOSE BRANDAO,RUA ANTONIO DE SA LEITAO,PROX. AO COLEGIO SANTA MARIA,BOA VIAGEM,SUBURBIO,COLISÃO LATERAL,Não informado,2.0,0.0,0.0,0.0,0.0,0.0,0.0,0.0,0.0,2.0,0.0,Cruzamento,Bom,Não existe,Perfeito estado,Seca,Perfeito estado,Faixa de retenção,Não há placas,60.0,Dupla,Faixa seccionada,COM VÍTIMA,2022,2,22,1,
2022-02-22,,Não informado,FINALIZADA,BOA VIAGEM,RUA BALTAZAR PASSOS,AV BOA VIAGEM,Não informado,BOA VIAGEM,CIDADE,COLISÃO TRANSVERSAL,Não informado,0.0,2.0,0.0,0.0,0.0,0.0,0.0,0.0,0.0,1.0,0.0,Cruzamento,Bom,Sem defeito,Perfeito estado,Seca,Perfeito estado,Faixa de pedestre,Não há placas,60.0,Única,Não existe,COM VÍTIMA,2022,2,22,1,
2022-02-22,,Não informado,FINALIZADA,ESPINHEIRO,AV JOAO DE BARROS,RUA CONS PORTELA,ANTIGA FORD,ESPINHEIRO,Não informado,COLISÃO LATERAL,Não informado,1.0,0.0,0.0,0.0,0.0,0.0,0.0,0.0,1.0,0.0,0.0,Não informado,Não informado,Não informado,Não informado,Não informado,Não informado,Não informado,Não informado,60.0,Não informado,Não informado,SEM VÍTIMA,2022,2,22,1,
2022-02-22,,Não informado,FINALIZADA,ROSARINHO,AV NORTE MIGUEL ARRAES DE ALENCAR,Não informado,EM FRENTE AO PADEIRÃO,ROSARINHO,CIDADE,ATROPELAMENTO DE PESSOA,Não informado,0.0,0.0,0.0,0.0,1.0,1.0,0.0,0.0,0.0,1.0,0.0,Longo da via,Bom,Não existe,Perfeito estado,Seca,Perfeito estado,Não existe,R-6c,60.0,Dupla,Canteiro central,COM VÍTIMA,2022,2,22,1,
2022-02-22,,Não informado,FINALIZADA,MADALENA,RUA BENFICA,RUA HEITOR MAIA,EM FRENTE À ACADEMIA FERNANDINHO BELTRÃO E À PRAÇA DO INTERNACIONAL.,MADALENA,SUBURBIO,COLISÃO LATERAL,Não informado,1.0,1.0,0.0,0.0,0.0,0.0,0.0,0.0,0.0,1.0,0.0,Longo da via,Bom,Não existe,Perfeito estado,Seca,Perfeito estado,Não existe,Outras,60.0,Dupla,Não existe,COM VÍTIMA,2022,2,22,1,
2022-02-22,,Não informado,FINALIZADA,IMBIRIBEIRA,RUA ARQUITETO LUIZ NUNES,RUA MIS JOEL CARLSON,Não informado,IMBIRIBEIRA,CIDADE,COLISÃO COM CICLISTA,Não informado,1.0,0.0,0.0,1.0,0.0,0.0,0.0,0.0,0.0,1.0,0.0,Cruzamento,Bom,Sem defeito,Perfeito estado,Seca,Perfeito estado,Faixa de pedestre,R-19,30.0,Dupla,Faixa contínua,COM VÍTIMA,2022,2,22,1,
2022-02-22,,Não informado,CANCELADA,BOA VIAGEM,AV CONSELHEIRO AGUIAR,RUA RIBEIRO DE BRITO,NO CRUZAMENTO,BOA VIAGEM,Não informado,COLISÃO LATERAL,Não informado,1.0,1.0,0.0,0.0,0.0,0.0,0.0,0.0,0.0,1.0,0.0,Não informado,Não informado,Não informado,Não informado,Não informado,Não informado,Não informado,Não informado,60.0,Não informado,Não informado,COM VÍTIMA,2022,2,22,1,
2022-02-23,,Não informado,FINALIZADA,BONGI,AV ENGENHEIRO ABDIAS DE CARVALHO,RUA CARLOS GOMES,E/F A BIGCAR,BONGI,Não informado,COLISÃO TRASEIRA,Não informado,2.0,0.0,0.0,0.0,0.0,0.0,0.0,0.0,0.0,0.0,0.0,Cruzamento,Bom,Sem defeito,Perfeito estado,Seca,Perfeito estado,Faixa de pedestre,R-6a,60.0,Dupla,Canteiro central,SEM VÍTIMA,2022,2,23,2,
2022-02-23,,Não informado,FINALIZADA,CASA AMARELA,AV NORTE MIGUEL ARRAES DE ALENCAR,Não informado,EM FRENTE AO SESC,CASA AMARELA,CIDADE,QUEDA,Não informado,0.0,1.0,0.0,0.0,0.0,0.0,0.0,0.0,0.0,2.0,0.0,Cruzamento,Bom,Sem defeito,Perfeito estado,Seca,Perfeito estado,Faixa de pedestre,Outras,60.0,Dupla,Faixa contínua,COM VÍTIMA,2022,2,23,2,
2022-02-23,,Não informado,FINALIZADA,PARNAMIRIM,RUA TITO ROSAS,Não informado,E/F AO MECDONALDS,PARNAMIRIM,Não informado,COLISÃO LATERAL,Não informado,0.0,0.0,0.0,0.0,0.0,0.0,1.0,1.0,0.0,0.0,0.0,Cruzamento,Bom,Sem defeito,Não informado,Seca,Perfeito estado,Faixa de pedestre,Não há placas,60.0,Única,Faixa seccionada,SEM VÍTIMA,2022,2,23,2,
2022-02-24,,Não informado,CANCELADA,MADALENA,RUA BENFICA,Não informado,E/F AO CLUBE INTERNACIONAL,MADALENA,Não informado,COLISÃO COM CICLISTA,Não informado,1.0,0.0,0.0,1.0,0.0,0.0,0.0,0.0,0.0,1.0,0.0,Não informado,Não informado,Não informado,Não informado,Não informado,Não informado,Não informado,Não informado,60.0,Não informado,Não informado,COM VÍTIMA,2022,2,24,3,
2022-02-23,,Não informado,CANCELADA,MADALENA,AV VISCONDE DE ALBUQUERQUE,RUA LOPES DE CARVALHO,PRÓX A MADALENA CENTER,MADALENA,Não informado,COLISÃO LATERAL,Não informado,2.0,0.0,0.0,0.0,0.0,0.0,0.0,0.0,0.0,0.0,0.0,Não informado,Não informado,Não informado,Não informado,Não informado,Não informado,Não informado,Não informado,60.0,Não informado,Não informado,SEM VÍTIMA,2022,2,23,2,
2022-02-23,,Não informado,CANCELADA,BREJO DA GUABIRABA,AV VEREADOR OTACILIO AZEVEDO,Não informado,PROX A GARAGEM DA GLOBO,BREJO DA GUABIRABA,Não informado,COLISÃO FRONTAL,Não informado,0.0,2.0,0.0,0.0,0.0,0.0,0.0,0.0,0.0,2.0,0.0,Não informado,Não informado,Não informado,Não informado,Não informado,Não informado,Não informado,Não informado,60.0,Não informado,Não informado,COM VÍTIMA,2022,2,23,2,
2022-02-24,,Não informado,FINALIZADA,IPSEP,RUA HELIO BRANDAO,Não informado,ESCOLA CANDIDO PORTINARIO  /   EM FRENTE,IPSEP,Não informado,QUEDA,Não informado,0.0,0.0,0.0,1.0,0.0,0.0,0.0,0.0,0.0,0.0,1.0,Não informado,Não informado,Não informado,Não informado,Não informado,Não informado,Não informado,Não informado,60.0,Não informado,Não informado,VÍTIMA FATAL,2022,2,24,3,
2022-02-24,,Não informado,FINALIZADA,BOA VIAGEM,AV MARECHAL JUAREZ TAVORA,Não informado,AO LADO DO ARMAZÉM ECOSEL,BOA VIAGEM,CIDADE,COLISÃO TRANSVERSAL,Não informado,1.0,1.0,0.0,0.0,0.0,0.0,0.0,0.0,0.0,1.0,0.0,Longo da via,Bom,Não existe,Perfeito estado,Seca,Perfeito estado,Faixa de pedestre,"Placas ""Pare""",60.0,Única,Faixa contínua,COM VÍTIMA,2022,2,24,3,
2022-02-24,,Não informado,FINALIZADA,SANTO ANTÔNIO,AV DANTAS BARRETO,RUA DO PEIXOTO,E/F AO CAMELODROMO,SANTO ANTÔNIO,SUBURBIO,COLISÃO TRANSVERSAL,Não informado,1.0,0.0,0.0,0.0,0.0,1.0,0.0,0.0,0.0,1.0,0.0,Cruzamento,Bom,Sem defeito,Perfeito estado,Seca,Perfeito estado,Faixa de pedestre,R-6a,60.0,Não informado,Faixa contínua,COM VÍTIMA,2022,2,24,3,
2022-02-24,,Não informado,FINALIZADA,CORDEIRO,RUA GOMES TABORDA,RUA MANDIORE,PRÓX AO ATACAREJO  IDEAL,CORDEIRO,CIDADE,COLISÃO TRANSVERSAL,Não informado,1.0,1.0,0.0,0.0,0.0,0.0,0.0,0.0,0.0,1.0,0.0,Longo da via,Bom,Não existe,Perfeito estado,Seca,Perfeito estado,Não existe,R-6a,60.0,Dupla,Faixa seccionada,COM VÍTIMA,2022,2,24,3,
2022-02-25,,Não informado,FINALIZADA,CASA AMARELA,RUA PADRE LEMOS,Não informado,EM FRENTE A FARNÁCIA EXTRA FARMA,CASA AMARELA,Não informado,COLISÃO LATERAL,Não informado,1.0,1.0,0.0,0.0,0.0,0.0,0.0,0.0,0.0,1.0,0.0,Longo da via,Bom,Sem defeito,Perfeito estado,Seca,Perfeito estado,Faixa de pedestre,Outras,60.0,Dupla,Faixa contínua,COM VÍTIMA,2022,2,25,4,
2022-02-25,,Não informado,FINALIZADA,DERBY,AV GOVERNADOR AGAMENON MAGALHAES,Não informado,NO SEMAFORO 037 PROX AO BOMPREÇO DO PARQUE AMORIM,DERBY,Não informado,COLISÃO TRASEIRA,Não informado,1.0,0.0,0.0,0.0,0.0,1.0,0.0,0.0,0.0,0.0,0.0,Ponte,Bom,Sem defeito,Perfeito estado,Seca,Perfeito estado,Faixa de retenção,Não há placas,60.0,Única,Faixa contínua,SEM VÍTIMA,2022,2,25,4,
2022-02-25,,Não informado,FINALIZADA,MADALENA,AV ENGENHEIRO ABDIAS DE CARVALHO,Não informado,"PRÓX AO CAMPO DO SPORT / E/F AO MCDONALDS, SEMÁFORO 355, SNT CID",MADALENA,Não informado,COLISÃO TRASEIRA,Não informado,1.0,1.0,0.0,0.0,0.0,0.0,0.0,0.0,0.0,0.0,0.0,Não informado,Não informado,Não informado,Não informado,Não informado,Não informado,Não informado,Não informado,60.0,Não informado,Não informado,SEM VÍTIMA,2022,2,25,4,
2022-02-26,,Não informado,CANCELADA,IBURA,RUA PARANAVAI,Não informado,EM FRENTE AO TERMINAL DA UR2 IBURA,IBURA,Não informado,COLISÃO FRONTAL,Não informado,1.0,1.0,0.0,0.0,0.0,0.0,0.0,0.0,0.0,1.0,0.0,Não informado,Não informado,Não informado,Não informado,Não informado,Não informado,Não informado,Não informado,60.0,Não informado,Não informado,COM VÍTIMA,2022,2,26,5,
2022-02-26,,Não informado,FINALIZADA,BOA VISTA,AV CONDE DA BOA VISTA,Não informado,E/F AO GRAU TECNICO  PROX AO BRADESCO,BOA VISTA,Não informado,COLISÃO TRASEIRA,Não informado,1.0,0.0,0.0,0.0,0.0,0.0,0.0,1.0,0.0,0.0,0.0,Longo da via,Bom,Sem defeito,Perfeito estado,Seca,Perfeito estado,Faixa de pedestre,Não há placas,60.0,Dupla,Canteiro central,SEM VÍTIMA,2022,2,26,5,
2022-02-26,,Não informado,FINALIZADA,BOA VIAGEM,RUA DEZ DE JULHO,AV VINTE E TRES DE OUTUBRO,EM BAIXO  DO VIADUTO DA ESTAÇAO DO AEROPORTO  S/T AEROPORTO PRAIA,BOA VIAGEM,CIDADE,COLISÃO TRANSVERSAL,Não informado,2.0,1.0,0.0,0.0,0.0,0.0,0.0,0.0,0.0,1.0,0.0,Cruzamento,Bom,Não existe,Perfeito estado,Seca,Perfeito estado,Não existe,R-4a,60.0,Única,Faixa seccionada,COM VÍTIMA,2022,2,26,5,
2022-02-26,,Não informado,CANCELADA,AREIAS,RUA SAO MIGUEL,Não informado,E/F AO ATACAREJO SHOPPING,AREIAS,Não informado,COLISÃO LATERAL,Não informado,2.0,0.0,0.0,0.0,0.0,0.0,0.0,0.0,0.0,0.0,0.0,Não informado,Não informado,Não informado,Não informado,Não informado,Não informado,Não informado,Não informado,60.0,Não informado,Não informado,SEM VÍTIMA,2022,2,26,5,
2022-02-26,,Não informado,FINALIZADA,PARNAMIRIM,RUA DONA RITA DE SOUZA,RUA DR SAMUEL LINS,AO LADO DO EDFC RIO DA PRATA,PARNAMIRIM,SUBURBIO,COLISÃO TRANSVERSAL,Não informado,1.0,1.0,0.0,0.0,0.0,0.0,0.0,0.0,0.0,1.0,0.0,Cruzamento,Bom,Não existe,Perfeito estado,Seca,Perfeito estado,Não existe,Outras,60.0,Dupla,Faixa seccionada,COM VÍTIMA,2022,2,26,5,
2022-02-26,,Não informado,FINALIZADA,JORDÃO,AV DONA CARENTINA,Não informado,PROXIMO A PRAÇA DE EVENTOS NO JORDÃO,JORDÃO,SUBURBIO,COLISÃO FRONTAL,Não informado,1.0,1.0,0.0,0.0,0.0,0.0,0.0,0.0,0.0,1.0,0.0,Longo da via,Bom,Não existe,Incompleta,Seca,Perfeito estado,Não informado,Não há placas,40.0,Dupla,Não existe,COM VÍTIMA,2022,2,26,5,
2022-02-26,,Não informado,FINALIZADA,PINA,AVENIDA CELSO FURTADO (VIA MANGUE),RUA JOSE PAES DE BARROS,PROX AO RIO MAR,PINA,SUBURBIO,COLISÃO LATERAL,Não informado,1.0,1.0,0.0,0.0,0.0,0.0,0.0,0.0,0.0,1.0,0.0,Longo da via,Bom,Não existe,Perfeito estado,Seca,Perfeito estado,Não existe,Outras,60.0,Dupla,Canteiro central,COM VÍTIMA,2022,2,26,5,
2022-02-28,,Não informado,CANCELADA,IBURA,AV MANAUS,Não informado,PRÓXIMO A IGREJA ASSEMBLÉIA DE DEUS,IBURA,Não informado,COLISÃO LATERAL,Não informado,1.0,0.0,0.0,0.0,0.0,0.0,0.0,1.0,0.0,0.0,0.0,Não informado,Não informado,Não informado,Não informado,Não informado,Não informado,Não informado,Não informado,60.0,Não informado,Não informado,SEM VÍTIMA,2022,2,28,0,
2022-02-28,,Não informado,FINALIZADA,ESPINHEIRO,RUA MARQUES DO PARANA,RUA ALFREDO DE CARVALHO,PROXIMO A SIMONE BARROS,ESPINHEIRO,SUBURBIO,COLISÃO TRANSVERSAL,Não informado,1.0,0.0,0.0,0.0,0.0,1.0,0.0,0.0,0.0,1.0,0.0,Cruzamento,Bom,Não existe,Ilegível,Seca,Perfeito estado,Não existe,Não há placas,60.0,Única,Não existe,COM VÍTIMA,2022,2,28,0,
2022-02-28,,Não informado,FINALIZADA,PINA,AV HERCULANO BANDEIRA,RUA SAO LUIZ,EM FRENTE À FARMÁCIA DO TRABALHADOR,PINA,Não informado,COLISÃO LATERAL,Não informado,1.0,1.0,0.0,0.0,0.0,0.0,0.0,0.0,0.0,1.0,0.0,Esquina,Bom,Não existe,Perfeito estado,Seca,Perfeito estado,Não existe,Não há placas,60.0,Única,Faixa contínua,COM VÍTIMA,2022,2,28,0,
2022-02-28,,Não informado,FINALIZADA,CORDEIRO,AV CAXANGA,Não informado,E/F A LOJA MULTIMARCAS,CORDEIRO,SUBURBIO,COLISÃO TRASEIRA,Não informado,1.0,1.0,0.0,0.0,0.0,0.0,0.0,0.0,0.0,1.0,0.0,Longo da via,Bom,Sem defeito,Perfeito estado,Seca,Perfeito estado,Faixa de retenção,Não há placas,60.0,Única,Faixa contínua,COM VÍTIMA,2022,2,28,0,
2022-02-28,,Não informado,FINALIZADA,BARRO,AV DR JOSE RUFINO,RUA AIRES BELO,EM FRENTE A SOCORRO DOCES,BARRO,CIDADE,COLISÃO TRANSVERSAL,Não informado,0.0,2.0,0.0,0.0,0.0,0.0,0.0,0.0,0.0,1.0,0.0,Longo da via,Bom,Não existe,Incompleta,Seca,Perfeito estado,Não existe,Não há placas,60.0,Dupla,Faixa contínua,COM VÍTIMA,2022,2,28,0,
2022-02-28,,Não informado,FINALIZADA,BOA VIAGEM,AV ENGENHEIRO DOMINGOS FERREIRA,RUA RIBEIRO DE BRITO,NO SEMÁFORO 155,BOA VIAGEM,SUBURBIO,CHOQUE,Não informado,1.0,0.0,0.0,0.0,0.0,0.0,0.0,0.0,0.0,1.0,0.0,Longo da via,Bom,Sem defeito,Perfeito estado,Seca,Perfeito estado,Agente,Outras,60.0,Única,Canteiro central,COM VÍTIMA,2022,2,28,0,
2022-02-28,,Não informado,FINALIZADA,ESPINHEIRO,AV CONS ROSA E SILVA,RUA AMELIA,E/F A FARMACIA EXTRAFARMA  NO SEMAFORO 046 / LOJA QUARTO CRESCENTE,ESPINHEIRO,SUBURBIO,COLISÃO LATERAL,Não informado,1.0,1.0,0.0,0.0,0.0,0.0,0.0,0.0,0.0,1.0,0.0,Cruzamento,Bom,Sem defeito,Perfeito estado,Seca,Perfeito estado,Faixa de pedestre,Outras,60.0,Única,Não informado,COM VÍTIMA,2022,2,28,0,
2022-02-28,,Não informado,CANCELADA,TEJIPIÓ,AV DR JOSE RUFINO,Não informado,EM FRENTE A ESTAÇÃO TEJIPIO,TEJIPIÓ,Não informado,COLISÃO TRASEIRA,Não informado,2.0,0.0,0.0,0.0,0.0,0.0,0.0,0.0,0.0,0.0,0.0,Não informado,Não informado,Não informado,Não informado,Não informado,Não informado,Não informado,Não informado,60.0,Não informado,Não informado,SEM VÍTIMA,2022,2,28,0,
2022-02-28,,Não informado,FINALIZADA,IPUTINGA,RUA DR JOSE ANASTACIO DA SILVA GUIMARAES,Não informado,NA ENTRADA DO CÉU / AO LADO DO MERCADO ECONOMICO E AÇAI PONTO DE PARADA,IPUTINGA,Não informado,COLISÃO FRONTAL,Não informado,0.0,1.0,0.0,0.0,0.0,0.0,0.0,1.0,0.0,0.0,0.0,Longo da via,Bom,Não existe,Não existente,Seca,Perfeito estado,Não existe,Não há placas,60.0,Dupla,Não existe,SEM VÍTIMA,2022,2,28,0,
2022-02-28,,Não informado,FINALIZADA,BREJO DA GUABIRABA,RUA CORREGO DA BICA,Não informado,PROXIMO A ESCOLA MINICIPAL CORREGO DA BICA,BREJO DA GUABIRABA,Não informado,COLISÃO LATERAL,Não informado,1.0,0.0,0.0,0.0,0.0,1.0,0.0,0.0,0.0,0.0,0.0,Longo da via,Bom,Não existe,Não existente,Seca,Perfeito estado,Não existe,Não há placas,60.0,Dupla,Não existe,SEM VÍTIMA,2022,2,28,0,
2022-03-01,,Não informado,FINALIZADA,GUABIRABA,RUA DAS FLORES,Não informado,APÓS À UPINHA DO CÓRREGO DE GENIPAPO / PRÓX À EMPRESA COREMAL,GUABIRABA,SUBURBIO,COLISÃO FRONTAL,Não informado,0.0,1.0,0.0,0.0,0.0,1.0,0.0,0.0,0.0,2.0,0.0,Longo da via,Bom,Não existe,Perfeito estado,Seca,Mal conservada,Outros,Outras,60.0,Dupla,Faixa seccionada,COM VÍTIMA,2022,3,1,1,
2022-03-01,,Não informado,FINALIZADA,CABANGA,VDO PAPA JOAO PAULO II,Não informado,SENTIDO CENTRO SOBRE O VIADUTO,CABANGA,CIDADE,COLISÃO COM CICLISTA,Não informado,1.0,0.0,0.0,1.0,0.0,0.0,0.0,0.0,0.0,1.0,0.0,Viaduto,Bom,Não existe,Perfeito estado,Seca,Perfeito estado,Outros,Não há placas,60.0,Única,Faixa seccionada,COM VÍTIMA,2022,3,1,1,
2022-03-01,,Não informado,FINALIZADA,ESPINHEIRO,RUA AMELIA,RUA DR VICENTE MEIRA,E/F AO SHOPPING DOS PINHEIROS,ESPINHEIRO,CIDADE,COLISÃO TRANSVERSAL,Não informado,1.0,1.0,0.0,0.0,0.0,0.0,0.0,0.0,0.0,1.0,0.0,Outros,Bom,Não existe,Perfeito estado,Seca,Perfeito estado,Faixa de retenção,"Placas ""Pare""",40.0,Única,Faixa seccionada,COM VÍTIMA,2022,3,1,1,
2022-03-01,,Não informado,FINALIZADA,IBURA,AV DOIS RIOS,AV BRIGADEIRO SECO,E/F A IGREJA DOS MORMONS,IBURA,CIDADE,COLISÃO TRANSVERSAL,Não informado,1.0,1.0,0.0,0.0,0.0,0.0,0.0,0.0,0.0,1.0,0.0,Esquina,Bom,Não existe,Perfeito estado,Seca,Perfeito estado,Não informado,Não há placas,60.0,Dupla,Faixa seccionada,COM VÍTIMA,2022,3,1,1,
2022-03-02,,Não informado,FINALIZADA,CORDEIRO,AV CAXANGA,AV INACIO MONTEIRO,PRÓXIMO A DROGASIL,CORDEIRO,SUBURBIO,COLISÃO TRANSVERSAL,Não informado,2.0,0.0,0.0,0.0,0.0,0.0,0.0,0.0,0.0,1.0,0.0,Cruzamento,Bom,Sem defeito,Perfeito estado,Seca,Perfeito estado,Faixa de pedestre,R-6a,60.0,Dupla,Canteiro central,COM VÍTIMA,2022,3,2,2,
2022-03-02,,Não informado,FINALIZADA,BOA VIAGEM,RUA ALMIRANTE BATISTA LEAO,RUA GENERAL SALGADO,PROX. AO PARQUE DA PIZZA,BOA VIAGEM,CIDADE,COLISÃO TRANSVERSAL,Não informado,1.0,1.0,0.0,0.0,0.0,0.0,0.0,0.0,0.0,1.0,0.0,Cruzamento,Chuvoso,Não existe,Perfeito estado,Molhada,Perfeito estado,Faixa de pedestre,"Placas ""Pare""",30.0,Única,Não existe,COM VÍTIMA,2022,3,2,2,
2022-03-02,,Não informado,FINALIZADA,PINA,AV ENGENHEIRO DOMINGOS FERREIRA,Não informado,LADO OPOSTO AO HOSPITAL PORTUGUES,PINA,Não informado,CHOQUE,Não informado,0.0,0.0,0.0,0.0,0.0,1.0,0.0,0.0,0.0,0.0,0.0,Não informado,Não informado,Não informado,Não informado,Não informado,Não informado,Não informado,Não informado,60.0,Não informado,Não informado,SEM VÍTIMA,2022,3,2,2,