data,hora,natureza_acidente,situacao,bairro,endereco,detalhe_endereco_acidente,complemento,bairro_cruzamento,sentido_via,tipo,descricao,auto,moto,ciclom,ciclista,pedestre,onibus,caminhao,viatura,outros,vitimas,vitimasfatais,acidente_verificado,tempo_clima,situacao_semaforo,sinalizacao,condicao_via,conservacao_via,ponto_controle,situacao_placa,velocidade_max_via,mao_direcao,divisao_via1,natureza,ano,mes,dia,dia_semana,hora_ocorrencia
2022-03-02,,Não informado,FINALIZADA,BOA VIAGEM,RUA ANTONIO FALCAO,Não informado,EDIFÍCIO CASA BLANCA,BOA VIAGEM,SUBURBIO,COLISÃO LATERAL,Não informado,1.0,1.0,0.0,0.0,0.0,0.0,0.0,0.0,0.0,1.0,0.0,Longo da via,Bom,Não existe,Não existente,Seca,Perfeito estado,Não existe,Não há placas,60.0,Única,Não existe,COM VÍTIMA,2022,3,2,2,
2022-03-02,,Não informado,FINALIZADA,CORDEIRO,AV CAXANGA,RUA GREGORIO JUNIOR,PROXIMO AO SEMÁFORO 236,CORDEIRO,CIDADE,COLISÃO LATERAL,Não informado,1.0,0.0,0.0,0.0,0.0,1.0,0.0,1.0,0.0,1.0,0.0,Longo da via,Bom,Sem defeito,Perfeito estado,Seca,Perfeito estado,Faixa de retenção,Não há placas,60.0,Única,Faixa contínua,COM VÍTIMA,2022,3,2,2,
2022-03-02,,Não informado,FINALIZADA,ARRUDA,AV PROFESSOR JOSE DOS ANJOS,Não informado,LADO OPOSTO AO BOMBREÇO,ARRUDA,CIDADE,COLISÃO COM CICLISTA,Não informado,0.0,1.0,0.0,1.0,0.0,0.0,0.0,0.0,0.0,2.0,0.0,Longo da via,Bom,Não existe,Perfeito estado,Seca,Perfeito estado,Faixa de pedestre,Outras,40.0,Única,Faixa seccionada,COM VÍTIMA,2022,3,2,2,
2022-03-03,,Não informado,FINALIZADA,IMBIRIBEIRA,PTE DO MOTOCOLOMBO,Não informado,EM CIMA DA PTE MOTOCOLOMBO,IMBIRIBEIRA,CIDADE,COLISÃO TRANSVERSAL,Não informado,1.0,1.0,0.0,0.0,0.0,0.0,0.0,0.0,0.0,2.0,0.0,Não informado,Não informado,Não informado,Não informado,Não informado,Não informado,Não informado,Não informado,60.0,Não informado,Não informado,COM VÍTIMA,2022,3,3,3,
2022-03-03,,Não informado,FINALIZADA,ESTÂNCIA,AV DR JOSE RUFINO,Não informado,COLEGIO VISÃO,ESTÂNCIA,CIDADE,COLISÃO TRASEIRA,Não informado,1.0,1.0,0.0,0.0,0.0,0.0,0.0,0.0,0.0,1.0,0.0,Longo da via,Bom,Sem defeito,Perfeito estado,Seca,Perfeito estado,Não existe,Não há placas,60.0,Dupla,Faixa contínua,COM VÍTIMA,2022,3,3,3,
2022-03-03,,Não informado,FINALIZADA,BONGI,AV MANOEL GONCALVES DA LUZ,EST DO BONGI,PROX A IGREJA BATISTA DO BONGI,BONGI,Não informado,COLISÃO FRONTAL,Não informado,2.0,0.0,0.0,0.0,0.0,0.0,0.0,0.0,0.0,1.0,0.0,Cruzamento,Bom,Não existe,Incompleta,Seca,Perfeito estado,Não existe,Não há placas,60.0,Dupla,Faixa seccionada,COM VÍTIMA,2022,3,3,3,
2022-03-03,,Não informado,FINALIZADA,APIPUCOS,RUA DE APIPUCOS,Não informado,EM FRENTE AO POSTO BR,APIPUCOS,Não informado,COLISÃO TRASEIRA,Não informado,0.0,1.0,0.0,0.0,0.0,0.0,1.0,0.0,0.0,1.0,0.0,Longo da via,Bom,Sem defeito,Perfeito estado,Seca,Perfeito estado,Agente,Não há placas,60.0,Dupla,Faixa contínua,COM VÍTIMA,2022,3,3,3,
2022-03-03,,Não informado,FINALIZADA,TORRÕES,AV ENGENHEIRO ABDIAS DE CARVALHO,EST DO FORTE DO ARRAIAL N. DO B. JESUS,EM FRENTE AO RESTAURANTE KIYOI,TORRÕES,SUBURBIO,COLISÃO TRASEIRA,Não informado,1.0,1.0,0.0,0.0,0.0,0.0,0.0,0.0,0.0,1.0,0.0,Cruzamento,Bom,Sem defeito,Incompleta,Seca,Perfeito estado,Faixa de pedestre,Outras,60.0,Dupla,Faixa contínua,COM VÍTIMA,2022,3,3,3,
2022-03-03,,Não informado,FINALIZADA,SANTO AMARO,AV GOVERNADOR AGAMENON MAGALHAES,Não informado,PRÓX AO CAMPO DO ONZE ANTES DO VIADUTO DA JOAO DE BARROS S/T BOA VIAGEM,SANTO AMARO,CIDADE,COLISÃO LATERAL,Não informado,1.0,0.0,0.0,0.0,0.0,0.0,0.0,1.0,0.0,1.0,0.0,Longo da via,Bom,Não existe,Perfeito estado,Seca,Perfeito estado,Não existe,Não há placas,60.0,Dupla,Canteiro central,COM VÍTIMA,2022,3,3,3,
2022-03-03,,Não informado,FINALIZADA,BOA VIAGEM,AVENIDA CELSO FURTADO (VIA MANGUE),RUA PADRE BERNADINO PESSOA,ACIDENTE DE PERCURSO,BOA VIAGEM,SUBURBIO,CHOQUE,Não informado,0.0,1.0,0.0,0.0,0.0,0.0,0.0,0.0,0.0,1.0,0.0,Cruzamento,Bom,Não existe,Perfeito estado,Seca,Perfeito estado,Não existe,Outras,60.0,Única,Faixa seccionada,COM VÍTIMA,2022,3,3,3,
2022-03-03,,Não informado,FINALIZADA,CORDEIRO,RUA GOMES TABORDA,Não informado,PRÓX AO IDEAL E E/F AO COLÉGIO GERAÇAO ATIVA E IGREJA UNIVERSAL DO REINO DE DEUS,CORDEIRO,SUBURBIO,ATROPELAMENTO DE PESSOA,Não informado,0.0,1.0,0.0,0.0,1.0,0.0,0.0,0.0,0.0,1.0,0.0,Longo da via,Bom,Não informado,Não informado,Seca,Mal conservada,Não informado,Não informado,60.0,Não informado,Não informado,COM VÍTIMA,2022,3,3,3,
2022-03-04,,Não informado,FINALIZADA,SANTO AMARO,PRC DO CAMPO SANTO,Não informado,EM FRENTE AO SESC,SANTO AMARO,CIDADE,COLISÃO LATERAL,Não informado,1.0,1.0,0.0,0.0,0.0,0.0,0.0,0.0,0.0,1.0,0.0,Longo da via,Bom,Não existe,Perfeito estado,Seca,Perfeito estado,Faixa de pedestre,"Placas ""Pare""",60.0,Dupla,Não existe,COM VÍTIMA,2022,3,4,4,
2022-03-04,,Não informado,FINALIZADA,BOA VISTA,RUA DO GIRIQUITI,Não informado,E. F. AO Nº 155,BOA VISTA,CIDADE,Não informado,Não informado,1.0,0.0,0.0,0.0,0.0,0.0,0.0,1.0,0.0,0.0,0.0,Longo da via,Bom,Não existe,Perfeito estado,Seca,Perfeito estado,Não existe,Outras,60.0,Única,Não existe,SEM VÍTIMA,2022,3,4,4,
2022-03-04,,Não informado,FINALIZADA,BOA VIAGEM,RUA BALTAZAR PASSOS,RUA PROFESSOR AUGUSTO LINS E SILVA,PROXIMO A PADARIA PAN JOVEM,BOA VIAGEM,Não informado,COLISÃO LATERAL,Não informado,1.0,1.0,0.0,0.0,0.0,0.0,0.0,0.0,0.0,0.0,0.0,Não informado,Não informado,Não informado,Não informado,Não informado,Não informado,Não informado,Não informado,60.0,Não informado,Não informado,SEM VÍTIMA,2022,3,4,4,
2022-03-04,,Não informado,FINALIZADA,BOA VISTA,AV CONDE DA BOA VISTA,RUA DO HOSPICIO,EM FRENTE AO SHOPING BOA VISTA,BOA VISTA,SUBURBIO,ATROPELAMENTO DE PESSOA,Não informado,0.0,0.0,0.0,0.0,1.0,1.0,0.0,0.0,0.0,1.0,0.0,Cruzamento,Bom,Sem defeito,Perfeito estado,Molhada,Perfeito estado,Faixa de pedestre,Outras,60.0,Dupla,Canteiro central,COM VÍTIMA,2022,3,4,4,
2022-03-04,,Não informado,FINALIZADA,AFOGADOS,RUA IMPERIAL,Não informado,PROX AO PONTILHAO,AFOGADOS,Não informado,COLISÃO LATERAL,Não informado,2.0,0.0,0.0,0.0,0.0,0.0,0.0,0.0,0.0,0.0,0.0,Não informado,Não informado,Não informado,Não informado,Não informado,Não informado,Não informado,Não informado,60.0,Não informado,Não informado,SEM VÍTIMA,2022,3,4,4,
2022-03-05,,Não informado,FINALIZADA,ROSARINHO,AV NORTE MIGUEL ARRAES DE ALENCAR,AV SANTOS DUMONT,E/F À PADARIA ROSARINHO  - SENTIDO CID/SUB,ROSARINHO,CIDADE,COLISÃO LATERAL,Não informado,1.0,1.0,0.0,0.0,0.0,0.0,0.0,0.0,0.0,1.0,0.0,Cruzamento,Chuvoso,Sem defeito,Perfeito estado,Molhada,Perfeito estado,Faixa de pedestre,Outras,60.0,Dupla,Canteiro central,COM VÍTIMA,2022,3,5,5,
2022-03-05,,Não informado,FINALIZADA,BOA VISTA,AV CONDE DA BOA VISTA,RUA GERVASIO PIRES,PROXIMO A FAMACIA DROGASIL,BOA VISTA,CIDADE,COLISÃO TRANSVERSAL,Não informado,2.0,0.0,0.0,0.0,0.0,0.0,0.0,0.0,0.0,1.0,0.0,Cruzamento,Chuvoso,Sem defeito,Perfeito estado,Molhada,Perfeito estado,Faixa de pedestre,Outras,60.0,Dupla,Canteiro central,COM VÍTIMA,2022,3,5,5,
2022-03-05,,Não informado,FINALIZADA,AREIAS,AV DR JOSE RUFINO,Não informado,BUFFET INFANTIL BRINK KIDS,AREIAS,SUBURBIO,COLISÃO TRANSVERSAL,Não informado,1.0,1.0,0.0,0.0,0.0,0.0,0.0,0.0,0.0,1.0,0.0,Longo da via,Chuvoso,Não existe,Perfeito estado,Molhada,Perfeito estado,Não existe,Não há placas,60.0,Dupla,Faixa contínua,COM VÍTIMA,2022,3,5,5,
2022-03-05,,Não informado,FINALIZADA,CURADO,AV PREFEITO ANTONIO PEREIRA,RUA MINISTRO MARIO ANDREAZZA,PROX. A DISTRIBUIDORA DIST CARNE,CURADO,SUBURBIO,COLISÃO TRANSVERSAL,Não informado,1.0,0.0,0.0,0.0,0.0,1.0,0.0,0.0,0.0,2.0,0.0,Cruzamento,Chuvoso,Não existe,Não existente,Molhada,Perfeito estado,Não existe,Não há placas,60.0,Dupla,Canteiro central,COM VÍTIMA,2022,3,5,5,
2022-03-05,,Não informado,FINALIZADA,SAN MARTIN,RUA COMENDADOR FRANCO FERREIRA,RUA DUARTE FILHO,ESQUINA COM A GALERIA JARDIM,SAN MARTIN,CIDADE,COLISÃO COM CICLISTA,Não informado,1.0,0.0,0.0,1.0,0.0,0.0,0.0,0.0,0.0,1.0,0.0,Cruzamento,Chuvoso,Não existe,Ilegível,Molhada,Perfeito estado,Não existe,Não informado,30.0,Dupla,Não existe,COM VÍTIMA,2022,3,5,5,
2022-03-06,,Não informado,CANCELADA,BOA VIAGEM,AV BOA VIAGEM,Não informado,EM FRENTE A PRACINHA DE BOA VIAGEM,BOA VIAGEM,Não informado,COLISÃO TRASEIRA,Não informado,2.0,0.0,0.0,0.0,0.0,0.0,0.0,0.0,0.0,0.0,0.0,Não informado,Não informado,Não informado,Não informado,Não informado,Não informado,Não informado,Não informado,60.0,Não informado,Não informado,SEM VÍTIMA,2022,3,6,6,
2022-03-06,,Não informado,FINALIZADA,IBURA,RUA EMILIO MONTEIRO FONSECA,Não informado,"APÓS O CALDO DE CANA, ANTIGA PIPOQUEIRA",IBURA,Não informado,COLISÃO LATERAL,Não informado,1.0,1.0,0.0,0.0,0.0,0.0,0.0,0.0,0.0,1.0,0.0,Cruzamento,Chuvoso,Não existe,Incompleta,Molhada,Mal conservada,Não existe,Outras,40.0,Dupla,Não existe,COM VÍTIMA,2022,3,6,6,
2022-03-06,,Não informado,FINALIZADA,TAMARINEIRA,AV NORTE MIGUEL ARRAES DE ALENCAR,Não informado,E/F A IGREJA EVANGELICA CONGREGACIONAL DA TAMARINEIRA,TAMARINEIRA,SUBURBIO,COLISÃO TRASEIRA,Não informado,1.0,1.0,0.0,0.0,0.0,0.0,0.0,0.0,0.0,1.0,0.0,Longo da via,Bom,Sem defeito,Perfeito estado,Seca,Perfeito estado,Faixa de pedestre,Outras,60.0,Dupla,Canteiro central,COM VÍTIMA,2022,3,6,6,
2022-03-06,,Não informado,FINALIZADA,TORRE,RUA PIO NONO,RUA JOSE DE HOLANDA,PRÓX AO EDF MARIA REBECA E COLEGIO ISRAELITA,TORRE,SUBURBIO,COLISÃO TRANSVERSAL,Não informado,1.0,1.0,0.0,0.0,0.0,0.0,0.0,0.0,0.0,1.0,0.0,Cruzamento,Bom,Não existe,Perfeito estado,Seca,Perfeito estado,Não existe,"Placas ""Pare""",20.0,Dupla,Não existe,COM VÍTIMA,2022,3,6,6,
2022-03-06,,Não informado,CANCELADA,ÁGUA FRIA,AV BEBERIBE,Não informado,FEIRA NOVA DE ÁGUA FRIA / SEMÁFORO 405,ÁGUA FRIA,Não informado,ATROPELAMENTO DE PESSOA,Não informado,1.0,0.0,0.0,0.0,1.0,0.0,0.0,0.0,0.0,1.0,0.0,Não informado,Não informado,Não informado,Não informado,Não informado,Não informado,Não informado,Não informado,60.0,Não informado,Não informado,COM VÍTIMA,2022,3,6,6,
2022-03-07,,Não informado,CANCELADA,BOA VISTA,RUA VELHA,Não informado,EM FRENTE A  ANTIGA CELPE,BOA VISTA,Não informado,COLISÃO LATERAL,Não informado,0.0,1.0,0.0,1.0,0.0,0.0,0.0,0.0,0.0,2.0,0.0,Não informado,Não informado,Não informado,Não informado,Não informado,Não informado,Não informado,Não informado,60.0,Não informado,Não informado,COM VÍTIMA,2022,3,7,0,
2022-03-07,,Não informado,FINALIZADA,GRAÇAS,RUA ALBERTO PAIVA,RUA DO FUTURO,LAVANDERIA LAVARE,GRAÇAS,CIDADE,COLISÃO LATERAL,Não informado,3.0,0.0,0.0,0.0,0.0,0.0,0.0,0.0,0.0,1.0,0.0,Cruzamento,Chuvoso,Sem defeito,Perfeito estado,Seca,Perfeito estado,Faixa de pedestre,Outras,60.0,Única,Faixa contínua,COM VÍTIMA,2022,3,7,0,
2022-03-07,,Não informado,FINALIZADA,BOA VIAGEM,AV BOA VIAGEM,Não informado,APOS A PRAÇA DE BOA VIAGEM / EDF VILLANDRY,BOA VIAGEM,CIDADE,COLISÃO LATERAL,Não informado,1.0,1.0,0.0,0.0,0.0,0.0,0.0,0.0,0.0,1.0,0.0,Longo da via,Bom,Não existe,Perfeito estado,Seca,Perfeito estado,Não existe,Outras,60.0,Única,Faixa seccionada,COM VÍTIMA,2022,3,7,0,
2022-03-07,,Não informado,FINALIZADA,MUSTARDINHA,AV MANOEL GONCALVES DA LUZ,Não informado,EM FRENTE A PRAÇA DO ABRIGO,MUSTARDINHA,CIDADE,COLISÃO TRANSVERSAL,Não informado,2.0,1.0,0.0,0.0,0.0,0.0,0.0,0.0,0.0,1.0,0.0,Cruzamento,Bom,Sem defeito,Incompleta,Seca,Mal conservada,Faixa de retenção,Outras,40.0,Dupla,Faixa seccionada,COM VÍTIMA,2022,3,7,0,
2022-03-07,,Não informado,FINALIZADA,VÁRZEA,AV AFONSO OLINDENSE,Não informado,EM FRENTE A UPA VILA ARRAES,VÁRZEA,Não informado,COLISÃO FRONTAL,Não informado,1.0,0.0,0.0,0.0,0.0,1.0,0.0,0.0,0.0,1.0,0.0,Longo da via,Bom,Não existe,Perfeito estado,Seca,Perfeito estado,Não existe,R-19,30.0,Dupla,Faixa contínua,COM VÍTIMA,2022,3,7,0,
2022-03-08,,Não informado,CANCELADA,CORDEIRO,AV CAXANGA,RUA DOM JOSE PEREIRA ALVES,PRAÇA DOM JOSÉ PEREIRA ALVES,CORDEIRO,Não informado,COLISÃO LATERAL,Não informado,1.0,1.0,0.0,0.0,0.0,0.0,0.0,0.0,0.0,1.0,0.0,Não informado,Não informado,Não informado,Não informado,Não informado,Não informado,Não informado,Não informado,60.0,Não informado,Não informado,COM VÍTIMA,2022,3,8,1,
2022-03-08,,Não informado,FINALIZADA,ILHA DO LEITE,RUA MARQUES AMORIM,RUA ESPERANTO,POR TRAS DA UNIMED,ILHA DO LEITE,Não informado,COLISÃO TRANSVERSAL,Não informado,2.0,0.0,0.0,0.0,0.0,0.0,0.0,0.0,0.0,1.0,0.0,Cruzamento,Bom,Não existe,Perfeito estado,Seca,Perfeito estado,Faixa de pedestre,"Placas ""Pare""",60.0,Não informado,Faixa seccionada,COM VÍTIMA,2022,3,8,1,
2022-03-08,,Não informado,FINALIZADA,CASA AMARELA,AV NORTE MIGUEL ARRAES DE ALENCAR,AV PROFESSOR JOSE DOS ANJOS,E/F AO SESC DE CASA AMARELA  S/T CID,CASA AMARELA,SUBURBIO,COLISÃO FRONTAL,Não informado,0.0,2.0,0.0,0.0,0.0,0.0,0.0,0.0,0.0,1.0,0.0,Ponte,Bom,Sem defeito,Ilegível,Seca,Perfeito estado,Faixa de pedestre,Outras,60.0,Não informado,Não existe,COM VÍTIMA,2022,3,8,1,
2022-03-08,,Não informado,CANCELADA,ILHA DO RETIRO,RUA TABAIARES,Não informado,PROXIMO AO SEBRAE,ILHA DO RETIRO,Não informado,COLISÃO LATERAL,Não informado,0.0,1.0,0.0,0.0,0.0,0.0,0.0,0.0,1.0,2.0,0.0,Não informado,Não informado,Não informado,Não informado,Não informado,Não informado,Não informado,Não informado,60.0,Não informado,Não informado,COM VÍTIMA,2022,3,8,1,
2022-03-08,,Não informado,FINALIZADA,BAIRRO DO RECIFE,AV ALFREDO LISBOA,Não informado,E/F AO MARCO ZERO,BAIRRO DO RECIFE,CIDADE,COLISÃO LATERAL,Não informado,0.0,2.0,0.0,0.0,0.0,0.0,0.0,0.0,0.0,1.0,0.0,Longo da via,Bom,Não existe,Perfeito estado,Seca,Perfeito estado,Faixa de pedestre,Não há placas,60.0,Única,Não existe,COM VÍTIMA,2022,3,8,1,
2022-03-09,,Não informado,FINALIZADA,SANTO AMARO,AV CRUZ CABUGA,RUA ARARIPINA,OPOSTO AO ARMAZEM CORAL,SANTO AMARO,CIDADE,COLISÃO LATERAL,Não informado,1.0,0.0,1.0,0.0,0.0,0.0,0.0,0.0,0.0,1.0,0.0,Longo da via,Bom,Não existe,Perfeito estado,Seca,Perfeito estado,Não existe,Não há placas,60.0,Dupla,Faixa contínua,COM VÍTIMA,2022,3,9,2,
2022-03-09,,Não informado,FINALIZADA,BOA VISTA,RUA DO HOSPICIO,RUA JOAO LIRA,MINISTERIO PUBLICO,BOA VISTA,CIDADE,COLISÃO COM CICLISTA,Não informado,0.0,1.0,0.0,1.0,0.0,0.0,0.0,0.0,0.0,1.0,0.0,Cruzamento,Bom,Sem defeito,Perfeito estado,Seca,Perfeito estado,Faixa de pedestre,Outras,60.0,Dupla,Faixa contínua,COM VÍTIMA,2022,3,9,2,
2022-03-09,,Não informado,FINALIZADA,BEBERIBE,RUA PORTAO DO GELO,AV BEBERIBE,PRÓX. AO POSTO SHELL E PRÓX. À EQUIPECAR - SOM E ACESSÓRIOS,BEBERIBE,SUBURBIO,CHOQUE,Não informado,1.0,1.0,0.0,0.0,0.0,0.0,0.0,0.0,0.0,1.0,0.0,Longo da via,Bom,Não existe,Perfeito estado,Seca,Perfeito estado,Não existe,R-6a,60.0,Dupla,Faixa contínua,COM VÍTIMA,2022,3,9,2,
2022-03-09,,Não informado,FINALIZADA,SANTO ANTÔNIO,AV MARTINS DE BARROS,PTE CONDE MAURICIO DE NASSAU,E/F AO ARMAZEN DO CAMPO,SANTO ANTÔNIO,SUBURBIO,ATROPELAMENTO DE PESSOA,Não informado,0.0,1.0,0.0,0.0,1.0,0.0,0.0,0.0,0.0,1.0,0.0,Cruzamento,Bom,Sem defeito,Perfeito estado,Seca,Perfeito estado,Faixa de pedestre,Não há placas,60.0,Única,Faixa seccionada,COM VÍTIMA,2022,3,9,2,
2022-03-10,,Não informado,FINALIZADA,AFOGADOS,AV SUL,RUA OSCAR MELO,EM FRENTE OFICINA MOTO PEÇAS,AFOGADOS,CIDADE,QUEDA,Não informado,0.0,1.0,0.0,0.0,0.0,0.0,0.0,0.0,0.0,1.0,0.0,Longo da via,Bom,Sem defeito,Não existente,Molhada,Perfeito estado,Não existe,Não há placas,60.0,Única,Canteiro central,COM VÍTIMA,2022,3,10,3,
2022-03-10,,Não informado,FINALIZADA,ZUMBI,AV CAXANGA,Não informado,EM FRENTE A PLAZA VEICULOS,ZUMBI,CIDADE,COLISÃO COM CICLISTA,Não informado,0.0,0.0,0.0,1.0,0.0,1.0,0.0,0.0,0.0,1.0,0.0,Longo da via,Bom,Sem defeito,Perfeito estado,Seca,Perfeito estado,Não existe,Outras,50.0,Dupla,Canteiro central,COM VÍTIMA,2022,3,10,3,
2022-03-10,,Não informado,FINALIZADA,CASA FORTE,AV DEZESSETE DE AGOSTO,Não informado,E/F A MC DONALDS,CASA FORTE,SUBURBIO,COLISÃO TRASEIRA,Não informado,1.0,1.0,0.0,0.0,0.0,0.0,0.0,0.0,0.0,1.0,0.0,Longo da via,Bom,Sem defeito,Perfeito estado,Seca,Perfeito estado,Faixa de pedestre,Outras,60.0,Dupla,Faixa contínua,COM VÍTIMA,2022,3,10,3,
2022-03-11,,Não informado,FINALIZADA,SANTO ANTÔNIO,AV GUARARAPES,AV DANTAS BARRETO,NO SEMÁFORO 015,SANTO ANTÔNIO,Não informado,ATROPELAMENTO DE PESSOA,Não informado,0.0,0.0,0.0,0.0,1.0,1.0,0.0,0.0,0.0,1.0,0.0,Cruzamento,Bom,Sem defeito,Perfeito estado,Seca,Perfeito estado,Faixa de pedestre,Outras,40.0,Dupla,Canteiro central,COM VÍTIMA,2022,3,11,4,
2022-03-10,,Não informado,FINALIZADA,BOA VIAGEM,AV ENGENHEIRO DOMINGOS FERREIRA,RUA DONA BENVINDA DE FARIAS,EM FRENTE À FARMÁCIA PAGUE MENOS,BOA VIAGEM,SUBURBIO,COLISÃO TRASEIRA,Não informado,3.0,0.0,0.0,0.0,0.0,0.0,0.0,0.0,0.0,1.0,0.0,Cruzamento,Bom,Sem defeito,Perfeito estado,Seca,Perfeito estado,Faixa de pedestre,R-4a,60.0,Única,Canteiro central,COM VÍTIMA,2022,3,10,3,
2022-03-10,,Não informado,FINALIZADA,CAMPO GRANDE,RUA CATULO DA PAIXAO CEARENSE,RUA PROFESSOR FRANCISCO DA TRINDADE,E/F A FERREIRA ATELIER E GALERIA,CAMPO GRANDE,CIDADE,COLISÃO LATERAL,Não informado,1.0,1.0,0.0,0.0,0.0,0.0,0.0,0.0,0.0,2.0,0.0,Cruzamento,Bom,Não existe,Perfeito estado,Seca,Perfeito estado,Faixa de pedestre,"Placas ""Pare""",60.0,Dupla,Não informado,COM VÍTIMA,2022,3,10,3,
2022-03-10,,Não informado,CANCELADA,PONTO DE PARADA,RUA PROFESSOR JERONIMO GUEIROS,RUA PROFESSOR JOSE CARNEIRO,POR TRÁS DA SVJ VEÍCULOS / RUA DO CANAL,PONTO DE PARADA,Não informado,COLISÃO LATERAL,Não informado,1.0,1.0,0.0,0.0,0.0,0.0,0.0,0.0,0.0,1.0,0.0,Não informado,Não informado,Não informado,Não informado,Não informado,Não informado,Não informado,Não informado,60.0,Não informado,Não informado,COM VÍTIMA,2022,3,10,3,
2022-03-10,,Não informado,FINALIZADA,SANTO AMARO,RUA DOS PALMARES,RUA TREZE DE MAIO,PRÓX AO INSS,SANTO AMARO,CIDADE,COLISÃO COM CICLISTA,Não informado,1.0,0.0,0.0,1.0,0.0,0.0,0.0,0.0,0.0,1.0,0.0,Não informado,Chuvoso,Sem defeito,Perfeito estado,Molhada,Perfeito estado,Faixa de pedestre,Outras,60.0,Dupla,Canteiro central,COM VÍTIMA,2022,3,10,3,
2022-03-11,,Não informado,FINALIZADA,BOA VISTA,RUA GERVASIO PIRES,AV MANOEL BORBA,CRUZAMENTO DAS VIAS EM REFERÊNCIA,BOA VISTA,SUBURBIO,COLISÃO TRANSVERSAL,Não informado,0.0,0.0,0.0,0.0,0.0,2.0,0.0,0.0,0.0,1.0,0.0,Cruzamento,Bom,Com defeito,Perfeito estado,Seca,Perfeito estado,Faixa de pedestre,R-6a,60.0,Única,Faixa seccionada,COM VÍTIMA,2022,3,11,4,
2022-03-11,,Não informado,FINALIZADA,PINA,RUA SAO LUIZ,Não informado,EM FRENTE AO NÚMERO 316,PINA,Não informado,COLISÃO TRASEIRA,Não informado,3.0,0.0,0.0,0.0,0.0,0.0,0.0,0.0,0.0,0.0,0.0,Longo da via,Bom,Não existe,Incompleta,Seca,Mal conservada,Não existe,Não há placas,60.0,Dupla,Não existe,SEM VÍTIMA,2022,3,11,4,
2022-03-11,,Não informado,FINALIZADA,ESPINHEIRO,RUA GOMES PACHECO,RUA AFONSO BATISTA,EM FRENTE A OFINA MECANICA,ESPINHEIRO,CIDADE,COLISÃO TRANSVERSAL,Não informado,1.0,1.0,0.0,0.0,0.0,0.0,0.0,0.0,0.0,1.0,0.0,Cruzamento,Bom,Não existe,Ilegível,Seca,Mal conservada,Não existe,"Placas ""Pare""",60.0,Dupla,Não existe,COM VÍTIMA,2022,3,11,4,
2022-03-11,,Não informado,FINALIZADA,CAXANGÁ,AV CAXANGA,Não informado,EM FRENTE A ACADEMIA TOP FIT/ SENTIDO CIDADE,CAXANGÁ,CIDADE,COLISÃO TRASEIRA,Não informado,2.0,1.0,0.0,0.0,0.0,0.0,0.0,0.0,0.0,1.0,0.0,Longo da via,Bom,Não existe,Perfeito estado,Seca,Perfeito estado,Não existe,Não há placas,60.0,Dupla,Canteiro central,COM VÍTIMA,2022,3,11,4,
2022-03-11,,Não informado,FINALIZADA,PINA,AV ENGENHEIRO DOMINGOS FERREIRA,RUA ANTONIO PEDRO DE FIGUEIREDO,EM FRENTE AO GRUPO PARVI E PROXIMO AO BANCO ITAU,PINA,SUBURBIO,COLISÃO TRASEIRA,Não informado,1.0,1.0,0.0,0.0,0.0,0.0,0.0,0.0,0.0,1.0,0.0,Cruzamento,Bom,Sem defeito,Perfeito estado,Seca,Perfeito estado,Faixa de pedestre,Não há placas,60.0,Única,Faixa contínua,COM VÍTIMA,2022,3,11,4,
2022-03-11,,Não informado,FINALIZADA,BOA VIAGEM,RUA VISCONDE DE JEQUITINHONHA,Não informado,LADO OPOSTO AO EDIFICIO COSTA ATLANTICA E PROXIMO AO KUMON,BOA VIAGEM,SUBURBIO,COLISÃO TRASEIRA,Não informado,1.0,1.0,0.0,0.0,0.0,0.0,0.0,0.0,0.0,1.0,0.0,Longo da via,Bom,Não existe,Não existente,Seca,Perfeito estado,Não existe,Não há placas,60.0,Única,Faixa seccionada,COM VÍTIMA,2022,3,11,4,
2022-03-11,,Não informado,FINALIZADA,CORDEIRO,AV INACIO MONTEIRO,RUA DR MIGUEL VIEIRA FERREIRA,E/F A FARMACIA DROGARIA CORDEIRO,CORDEIRO,SUBURBIO,COLISÃO FRONTAL,Não informado,1.0,1.0,0.0,0.0,0.0,0.0,0.0,0.0,0.0,1.0,0.0,Cruzamento,Bom,Sem defeito,Incompleta,Seca,Perfeito estado,Faixa de pedestre,Não há placas,60.0,Dupla,Faixa contínua,COM VÍTIMA,2022,3,11,4,
2022-03-11,,Não informado,FINALIZADA,VÁRZEA,AV PROFESSOR ARTUR DE SA,Não informado,PRÓXIMO AO CEMITÉRIO DA VÁRZEA,VÁRZEA,CIDADE,COLISÃO TRANSVERSAL,Não informado,1.0,1.0,0.0,0.0,0.0,0.0,0.0,0.0,0.0,1.0,0.0,Longo da via,Bom,Não existe,Perfeito estado,Seca,Perfeito estado,Não existe,Não há placas,60.0,Dupla,Faixa contínua,COM VÍTIMA,2022,3,11,4,
2022-03-12,,Não informado,FINALIZADA,BARRO,AV DR JOSE RUFINO,Não informado,EM FRENTE A IGREJA DO BARRO,BARRO,SUBURBIO,COLISÃO FRONTAL,Não informado,1.0,1.0,0.0,0.0,0.0,0.0,0.0,0.0,0.0,2.0,0.0,Longo da via,Bom,Não existe,Incompleta,Seca,Perfeito estado,Não existe,Outras,60.0,Dupla,Não existe,COM VÍTIMA,2022,3,12,5,