data,hora,natureza_acidente,situacao,bairro,endereco,detalhe_endereco_acidente,complemento,bairro_cruzamento,sentido_via,tipo,descricao,auto,moto,ciclom,ciclista,pedestre,onibus,caminhao,viatura,outros,vitimas,vitimasfatais,acidente_verificado,tempo_clima,situacao_semaforo,sinalizacao,condicao_via,conservacao_via,ponto_controle,situacao_placa,velocidade_max_via,mao_direcao,divisao_via1,natureza,ano,mes,dia,dia_semana,hora_ocorrencia
2022-03-12,,Não informado,FINALIZADA,TORREÃO,RUA DJALMA FARIAS,RUA OTHON PARAISO,EM FRENTE AO DELICIA DO AÇAI,TORREÃO,SUBURBIO,COLISÃO COM CICLISTA,Não informado,1.0,0.0,0.0,1.0,0.0,0.0,0.0,0.0,0.0,1.0,0.0,Cruzamento,Bom,Não existe,Incompleta,Seca,Perfeito estado,Não existe,Outras,60.0,Dupla,Canteiro central,COM VÍTIMA,2022,3,12,5,
2022-03-12,,Não informado,FINALIZADA,APIPUCOS,RUA DOIS IRMAOS,Não informado,PROX  HABSEVI  CONSTRUÇOES,APIPUCOS,Não informado,COLISÃO TRASEIRA,Não informado,2.0,0.0,0.0,0.0,0.0,0.0,0.0,0.0,0.0,0.0,0.0,Não informado,Não informado,Não informado,Não informado,Não informado,Não informado,Não informado,Não informado,60.0,Não informado,Não informado,SEM VÍTIMA,2022,3,12,5,
2022-03-12,,Não informado,FINALIZADA,MACAXEIRA,AV NORTE MIGUEL ARRAES DE ALENCAR,Não informado,PROX A INTEGRAÇAO DA MACAXEIRA  S/T  SUB,MACAXEIRA,Não informado,COLISÃO LATERAL,Não informado,1.0,1.0,0.0,0.0,0.0,0.0,0.0,0.0,0.0,1.0,0.0,Não informado,Não informado,Não informado,Não informado,Não informado,Não informado,Não informado,Não informado,60.0,Não informado,Não informado,COM VÍTIMA,2022,3,12,5,
2022-03-12,,Não informado,FINALIZADA,POÇO DA PANELA,RUA LUIZ GUIMARAES,Não informado,VILLA ROSARGADA,POÇO DA PANELA,SUBURBIO,CHOQUE,Não informado,1.0,0.0,0.0,0.0,0.0,0.0,0.0,1.0,0.0,0.0,0.0,Longo da via,Bom,Não existe,Perfeito estado,Seca,Perfeito estado,Não existe,R-6a,60.0,Dupla,Não existe,SEM VÍTIMA,2022,3,12,5,
2022-03-12,,Não informado,FINALIZADA,BOA VIAGEM,AV CONSELHEIRO AGUIAR,RUA ANTONIO FALCAO,BANCA J.C 24,BOA VIAGEM,CIDADE,Não informado,Não informado,1.0,0.0,0.0,0.0,0.0,0.0,0.0,1.0,0.0,0.0,0.0,Cruzamento,Bom,Sem defeito,Perfeito estado,Seca,Perfeito estado,Faixa de pedestre,Outras,60.0,Única,Não existe,SEM VÍTIMA,2022,3,12,5,
2022-03-13,,Não informado,FINALIZADA,BOA VIAGEM,RUA RIBEIRO DE BRITO,RUA TENENTE DOMINGOS DE BRITO,PROX A DROGASIL,BOA VIAGEM,CIDADE,COLISÃO TRANSVERSAL,Não informado,1.0,0.0,0.0,0.0,0.0,1.0,0.0,0.0,0.0,1.0,0.0,Cruzamento,Chuvoso,Sem defeito,Perfeito estado,Molhada,Perfeito estado,Faixa de pedestre,Outras,60.0,Única,Faixa seccionada,COM VÍTIMA,2022,3,13,6,
2022-03-13,,Não informado,FINALIZADA,CAMPO GRANDE,RUA JERONIMO VILELA,RUA FRANKLIN TAVORA,CRUZAMENTO DA VIA,CAMPO GRANDE,CIDADE,COLISÃO TRANSVERSAL,Não informado,0.0,2.0,0.0,0.0,0.0,0.0,0.0,0.0,0.0,2.0,0.0,Cruzamento,Bom,Sem defeito,Perfeito estado,Seca,Perfeito estado,Faixa de pedestre,R-6a,60.0,Dupla,Faixa contínua,COM VÍTIMA,2022,3,13,6,
2022-03-13,,Não informado,FINALIZADA,APIPUCOS,RUA DOIS IRMAOS,Não informado,Não informado,APIPUCOS,SUBURBIO,COLISÃO COM CICLISTA,Não informado,0.0,0.0,0.0,1.0,0.0,1.0,0.0,0.0,0.0,0.0,1.0,Longo da via,Bom,Sem defeito,Perfeito estado,Seca,Perfeito estado,Faixa de pedestre,Outras,60.0,Dupla,Faixa contínua,VÍTIMA FATAL,2022,3,13,6,
2022-03-13,,Não informado,CANCELADA,PINA,AV ANTONIO DE GOES,Não informado,E/F AO POSTO BR,PINA,Não informado,COLISÃO LATERAL,Não informado,2.0,0.0,0.0,0.0,0.0,0.0,0.0,0.0,0.0,0.0,0.0,Não informado,Não informado,Não informado,Não informado,Não informado,Não informado,Não informado,Não informado,60.0,Não informado,Não informado,SEM VÍTIMA,2022,3,13,6,
2022-03-13,,Não informado,FINALIZADA,IBURA,AV DOIS RIOS,Não informado,AO LADO DA PAGUE MENOS/ PRÓX AO SEMÁFORO 323,IBURA,SUBURBIO,COLISÃO TRANSVERSAL,Não informado,1.0,1.0,0.0,0.0,0.0,0.0,0.0,0.0,0.0,1.0,0.0,Longo da via,Bom,Não existe,Perfeito estado,Seca,Perfeito estado,Não existe,Não há placas,60.0,Dupla,Faixa seccionada,COM VÍTIMA,2022,3,13,6,
2022-03-14,,Não informado,FINALIZADA,MUSTARDINHA,RUA VINTE E UM DE ABRIL,Não informado,PRÓXIMO A ROCK PIZZA,MUSTARDINHA,SUBURBIO,COLISÃO TRANSVERSAL,Não informado,1.0,1.0,0.0,0.0,0.0,0.0,0.0,0.0,0.0,1.0,0.0,Longo da via,Chuvoso,Sem defeito,Perfeito estado,Molhada,Perfeito estado,Não existe,Não há placas,60.0,Dupla,Faixa seccionada,COM VÍTIMA,2022,3,14,0,
2022-03-14,,Não informado,FINALIZADA,BAIRRO DO RECIFE,AV MILITAR,Não informado,EM FRENTE AO MEMORIAL DE JUSTIÇA DE PERNAMBUCO,BAIRRO DO RECIFE,SUBURBIO,QUEDA,Não informado,0.0,1.0,0.0,0.0,0.0,0.0,0.0,0.0,0.0,1.0,0.0,Longo da via,Bom,Não existe,Perfeito estado,Seca,Perfeito estado,Não existe,Não há placas,60.0,Única,Faixa seccionada,COM VÍTIMA,2022,3,14,0,
2022-03-14,,Não informado,FINALIZADA,SÃO JOSÉ,C SANTA RITA,Não informado,SEMÁFORO 473,SÃO JOSÉ,CIDADE,Não informado,Não informado,5.0,0.0,0.0,0.0,0.0,0.0,0.0,0.0,0.0,0.0,0.0,Longo da via,Bom,Sem defeito,Perfeito estado,Seca,Perfeito estado,Não existe,Não há placas,60.0,Dupla,Canteiro central,SEM VÍTIMA,2022,3,14,0,
2022-03-15,,Não informado,FINALIZADA,BARRO,AV DR JOSE RUFINO,Não informado,E/F A ASSISNTENCIA TECNICA EM REFRIGERAÇÃO,BARRO,SUBURBIO,COLISÃO TRASEIRA,Não informado,1.0,0.0,0.0,0.0,0.0,1.0,0.0,0.0,0.0,1.0,0.0,Longo da via,Bom,Sem defeito,Ilegível,Seca,Perfeito estado,Faixa de pedestre,Outras,40.0,Dupla,Faixa contínua,COM VÍTIMA,2022,3,15,1,
2022-03-15,,Não informado,FINALIZADA,AFOGADOS,RUA JOAO IVO DA SILVA,RUA PADRE TEOFILO TWORZ,E/F A TUPAN HOME CENTER,AFOGADOS,CIDADE,COLISÃO TRANSVERSAL,Não informado,1.0,1.0,0.0,0.0,0.0,0.0,0.0,0.0,0.0,2.0,0.0,Cruzamento,Bom,Sem defeito,Perfeito estado,Seca,Perfeito estado,Não existe,R-32,60.0,Dupla,Faixa contínua,COM VÍTIMA,2022,3,15,1,
2022-03-15,,Não informado,FINALIZADA,IPUTINGA,RUA SAO MATEUS,Não informado,EM FRENTE  AIGREJA UNIVERSAL,IPUTINGA,SUBURBIO,COLISÃO FRONTAL,Não informado,1.0,1.0,0.0,0.0,0.0,0.0,0.0,0.0,0.0,1.0,0.0,Longo da via,Bom,Não existe,Incompleta,Seca,Perfeito estado,Não existe,Não há placas,60.0,Dupla,Não existe,COM VÍTIMA,2022,3,15,1,
2022-03-15,,Não informado,FINALIZADA,BOA VIAGEM,AV ENGENHEIRO DOMINGOS FERREIRA,RUA FELIX DE BRITO E MELO,EM FRENTE A  CLINICA  A  MAIS,BOA VIAGEM,SUBURBIO,COLISÃO TRANSVERSAL,Não informado,1.0,1.0,0.0,0.0,0.0,0.0,0.0,0.0,0.0,1.0,0.0,Cruzamento,Bom,Sem defeito,Perfeito estado,Seca,Perfeito estado,Faixa de pedestre,Outras,60.0,Única,Faixa contínua,COM VÍTIMA,2022,3,15,1,
2022-03-15,,Não informado,FINALIZADA,CAXANGÁ,AV JOAQUIM RIBEIRO,RUA RIBEIRO PESSOA,UPA DA CAXANGA,CAXANGÁ,CIDADE,COLISÃO TRANSVERSAL,Não informado,2.0,0.0,0.0,0.0,0.0,0.0,0.0,0.0,0.0,0.0,0.0,Cruzamento,Bom,Sem defeito,Perfeito estado,Seca,Perfeito estado,Agente,Não há placas,60.0,Única,Canteiro central,SEM VÍTIMA,2022,3,15,1,
2022-03-15,,Não informado,FINALIZADA,DOIS IRMÃOS,RUA DOIS IRMAOS,Não informado,EM FRENTE AO HORTO  E AO LAFEPE,DOIS IRMÃOS,Não informado,COLISÃO LATERAL,Não informado,1.0,1.0,0.0,0.0,0.0,0.0,0.0,0.0,0.0,2.0,0.0,Longo da via,Bom,Não existe,Não existente,Seca,Perfeito estado,Não existe,Não há placas,60.0,Única,Não existe,COM VÍTIMA,2022,3,15,1,
2022-03-15,,Não informado,FINALIZADA,CABANGA,AV ENGENHEIRO JOSE ESTELITA,Não informado,E/F A OBRA DA MOURA DUBEX S/T BOA VIAGEM  PROX AO VIADUTO,CABANGA,Não informado,COLISÃO LATERAL,Não informado,1.0,0.0,0.0,0.0,0.0,0.0,1.0,0.0,0.0,0.0,0.0,Não informado,Não informado,Não informado,Não informado,Não informado,Não informado,Não informado,Não informado,60.0,Não informado,Não informado,SEM VÍTIMA,2022,3,15,1,
2022-03-15,,Não informado,FINALIZADA,ESPINHEIRO,RUA BARAO DE ITAMARACA,RUA DO ESPINHEIRO,EM FRENTE A DROGASIL,ESPINHEIRO,SUBURBIO,COLISÃO TRANSVERSAL,Não informado,1.0,1.0,0.0,0.0,0.0,0.0,0.0,0.0,0.0,1.0,0.0,Cruzamento,Bom,Sem defeito,Perfeito estado,Seca,Perfeito estado,Faixa de pedestre,Outras,60.0,Dupla,Faixa contínua,COM VÍTIMA,2022,3,15,1,
2022-03-15,,Não informado,FINALIZADA,BOA VISTA,RUA DOM BOSCO,Não informado,E/F  RADIO RECIFE  E A CNBB,BOA VISTA,CIDADE,COLISÃO LATERAL,Não informado,1.0,1.0,0.0,0.0,0.0,0.0,0.0,0.0,0.0,1.0,0.0,Longo da via,Bom,Não existe,Perfeito estado,Seca,Perfeito estado,Não existe,Não há placas,60.0,Dupla,Faixa contínua,COM VÍTIMA,2022,3,15,1,
2022-03-15,,Não informado,FINALIZADA,CORDEIRO,AV ENGENHEIRO ABDIAS DE CARVALHO,Não informado,NO SEMAFORO 688 S/T CURADO / EF COMPAZ,CORDEIRO,SUBURBIO,COLISÃO TRASEIRA,Não informado,0.0,2.0,0.0,0.0,0.0,0.0,0.0,0.0,0.0,1.0,0.0,Longo da via,Bom,Sem defeito,Perfeito estado,Seca,Perfeito estado,Faixa de retenção,Não há placas,60.0,Única,Faixa contínua,COM VÍTIMA,2022,3,15,1,
2022-03-15,,Não informado,FINALIZADA,SANTO AMARO,AV NORTE MIGUEL ARRAES DE ALENCAR,RUA NUMA POMPILHO,PRÓX AO POSTO ALVORADA,SANTO AMARO,Não informado,COLISÃO FRONTAL,Não informado,0.0,0.0,0.0,0.0,0.0,0.0,0.0,0.0,0.0,0.0,0.0,Não informado,Não informado,Não informado,Não informado,Não informado,Não informado,Não informado,Não informado,60.0,Não informado,Não informado,SEM VÍTIMA,2022,3,15,1,
2022-03-16,,Não informado,FINALIZADA,JOANA BEZERRA,AV CENTRAL,Não informado,AO LADO DO  CLUBE MOCIDADE E ASSEMBLÉIA DE DEUS,JOANA BEZERRA,SUBURBIO,ATROPELAMENTO DE PESSOA,Não informado,1.0,0.0,0.0,0.0,1.0,0.0,0.0,0.0,0.0,1.0,0.0,Outros,Bom,Não existe,Não existente,Seca,Mal conservada,Não existe,Não há placas,60.0,Dupla,Não existe,COM VÍTIMA,2022,3,16,2,
2022-03-16,,Não informado,FINALIZADA,TAMARINEIRA,RUA PADRE ROMA,Não informado,APÓS A CASA JOSÉ ARAÚJO. COSTELA DO MATUTO-PRIME. LADO OPOSTO AO NÚMERO 413,TAMARINEIRA,SUBURBIO,COLISÃO TRASEIRA,Não informado,0.0,2.0,0.0,0.0,0.0,0.0,0.0,0.0,0.0,1.0,0.0,Longo da via,Bom,Não existe,Perfeito estado,Seca,Perfeito estado,Não existe,R-6a,60.0,Única,Faixa seccionada,COM VÍTIMA,2022,3,16,2,
2022-03-16,,Não informado,FINALIZADA,CORDEIRO,RUA GOMES TABORDA,RUA FIRMINO DE BARROS,EM FRENTE A BATERIA MOURA,CORDEIRO,CIDADE,COLISÃO LATERAL,Não informado,1.0,1.0,0.0,0.0,0.0,0.0,0.0,0.0,0.0,2.0,0.0,Cruzamento,Bom,Não existe,Incompleta,Seca,Perfeito estado,Não existe,Não há placas,60.0,Dupla,Faixa seccionada,COM VÍTIMA,2022,3,16,2,
2022-03-16,,Não informado,DUPLICIDADE,CORDEIRO,RUA GOMES TABORDA,Não informado,E/F A EDIFICIO JARDIM DO PRADO,CORDEIRO,Não informado,COLISÃO LATERAL,Não informado,1.0,1.0,0.0,0.0,0.0,0.0,0.0,0.0,0.0,2.0,0.0,Não informado,Não informado,Não informado,Não informado,Não informado,Não informado,Não informado,Não informado,60.0,Não informado,Não informado,COM VÍTIMA,2022,3,16,2,
2022-03-16,,Não informado,FINALIZADA,IBURA,RUA EXP FRANCISCO VITORIANO,Não informado,Não informado,IBURA,Não informado,CHOQUE,Não informado,1.0,0.0,0.0,0.0,0.0,0.0,0.0,0.0,0.0,0.0,0.0,Não informado,Não informado,Não informado,Não informado,Não informado,Não informado,Não informado,Não informado,60.0,Não informado,Não informado,SEM VÍTIMA,2022,3,16,2,
2022-03-16,,Não informado,FINALIZADA,FUNDÃO,RUA DALVA DE OLIVEIRA,Não informado,AO LADO DA IGREJA BATISTA DO VALE,FUNDÃO,Não informado,Não informado,Não informado,2.0,0.0,0.0,0.0,0.0,0.0,0.0,0.0,0.0,0.0,0.0,Cruzamento,Bom,Não existe,Não informado,Seca,Perfeito estado,Não existe,Não há placas,60.0,Dupla,Não informado,SEM VÍTIMA,2022,3,16,2,
2022-03-16,,Não informado,FINALIZADA,VÁRZEA,AV CAXANGA,Não informado,LADO OPOSTO À UPA DA CAXANGÁ,VÁRZEA,CIDADE,COLISÃO TRASEIRA,Não informado,1.0,1.0,0.0,0.0,0.0,0.0,0.0,0.0,0.0,1.0,0.0,Longo da via,Bom,Não existe,Perfeito estado,Seca,Perfeito estado,Faixa de pedestre,Não há placas,60.0,Dupla,Faixa seccionada,COM VÍTIMA,2022,3,16,2,
2022-03-16,,Não informado,FINALIZADA,IPUTINGA,AV CAXANGA,RUA MANOEL JOAQUIM DE ALMEIDA,LADO OPOSTO À LOJA IPUTINGA AUTOMÓVEIS,IPUTINGA,SUL,COLISÃO LATERAL,Não informado,0.0,2.0,0.0,0.0,0.0,0.0,0.0,0.0,0.0,2.0,0.0,Longo da via,Chuvoso,Sem defeito,Perfeito estado,Molhada,Perfeito estado,Agente,R-6a,40.0,Única,Não existe,COM VÍTIMA,2022,3,16,2,
2022-03-16,,Não informado,FINALIZADA,SANTO AMARO,AV VISCONDE DE SUASSUNA,RUA GOUVEIA DE BARROS,PROXIMO AO SENAC,SANTO AMARO,SUBURBIO,COLISÃO LATERAL,Não informado,1.0,1.0,0.0,0.0,0.0,0.0,0.0,0.0,0.0,1.0,0.0,Cruzamento,Bom,Não existe,Perfeito estado,Seca,Perfeito estado,Não existe,R-6a,40.0,Não informado,Faixa seccionada,COM VÍTIMA,2022,3,16,2,
2022-03-16,,Não informado,FINALIZADA,BOA VIAGEM,RUA VISCONDE DE JEQUITINHONHA,Não informado,PROXIMO A PADARIA SANTO CRISTO. POSTE B007493,BOA VIAGEM,SUBURBIO,COLISÃO LATERAL,Não informado,1.0,1.0,0.0,0.0,0.0,0.0,0.0,0.0,0.0,1.0,0.0,Longo da via,Chuvoso,Não existe,Perfeito estado,Molhada,Perfeito estado,Não existe,Não há placas,60.0,Única,Faixa seccionada,COM VÍTIMA,2022,3,16,2,
2022-03-16,,Não informado,FINALIZADA,ARRUDA,RUA DAS MOCAS,RUA DA REGENERACAO,SEMÁFORO 472,ARRUDA,CIDADE,COLISÃO FRONTAL,Não informado,1.0,1.0,0.0,0.0,0.0,0.0,0.0,0.0,0.0,1.0,0.0,Cruzamento,Bom,Sem defeito,Perfeito estado,Seca,Perfeito estado,Faixa de pedestre,Não há placas,30.0,Dupla,Não existe,COM VÍTIMA,2022,3,16,2,
2022-03-17,,Não informado,FINALIZADA,ILHA DO LEITE,AV GOVERNADOR AGAMENON MAGALHAES,RUA DR JOAO ASFORA,EM FRENTE AO EMPRESARIAL TOMAS / SENTIDO OLINDA,ILHA DO LEITE,OLINDA,ATROPELAMENTO DE PESSOA,Não informado,0.0,1.0,0.0,0.0,1.0,0.0,0.0,0.0,0.0,1.0,0.0,Longo da via,Bom,Sem defeito,Perfeito estado,Seca,Perfeito estado,Faixa de pedestre,Não há placas,60.0,Dupla,Canteiro central,COM VÍTIMA,2022,3,17,3,
2022-03-17,,Não informado,FINALIZADA,BOA VIAGEM,AV ENGENHEIRO DOMINGOS FERREIRA,RUA ERNESTO DE PAULA SANTOS,PROX. A FORNERIA DOM FERREIRA,BOA VIAGEM,SUBURBIO,COLISÃO COM CICLISTA,Não informado,1.0,0.0,0.0,1.0,0.0,0.0,0.0,0.0,0.0,1.0,0.0,Longo da via,Bom,Sem defeito,Perfeito estado,Seca,Perfeito estado,Não informado,"Placas ""Pare""",60.0,Dupla,Canteiro central,COM VÍTIMA,2022,3,17,3,
2022-03-17,,Não informado,FINALIZADA,TORRÕES,AV ENGENHEIRO ABDIAS DE CARVALHO,Não informado,AO LADO DA UPA DOS TORRÕES,TORRÕES,SUBURBIO,ATROPELAMENTO DE PESSOA,Não informado,2.0,0.0,0.0,0.0,1.0,0.0,0.0,0.0,0.0,1.0,0.0,Longo da via,Bom,Não existe,Perfeito estado,Seca,Perfeito estado,Não existe,Outras,60.0,Dupla,Faixa seccionada,COM VÍTIMA,2022,3,17,3,
2022-03-17,,Não informado,FINALIZADA,IMBIRIBEIRA,RUA SARGENTO SILVINO DE MACEDO,Não informado,POR TRAS DO SHOPPING RECIFE PROX AO COLEGIO GGE. FLOW GARAGE (OFICINA),IMBIRIBEIRA,SUBURBIO,COLISÃO TRANSVERSAL,Não informado,1.0,1.0,0.0,0.0,0.0,0.0,0.0,0.0,0.0,2.0,0.0,Longo da via,Bom,Não existe,Não existente,Seca,Perfeito estado,Não existe,Não há placas,60.0,Dupla,Não existe,COM VÍTIMA,2022,3,17,3,
2022-03-18,,Não informado,FINALIZADA,ILHA JOANA BEZERRA,AV BEIRA RIO,Não informado,SOB A PONTE JOSE DE BARROS LIMA,ILHA JOANA BEZERRA,SUBURBIO,COLISÃO TRASEIRA,Não informado,0.0,1.0,0.0,0.0,0.0,0.0,1.0,0.0,0.0,1.0,0.0,Longo da via,Bom,Não existe,Não existente,Seca,Perfeito estado,Não existe,Não há placas,60.0,Dupla,Não existe,COM VÍTIMA,2022,3,18,4,
2022-03-18,,Não informado,FINALIZADA,IMBIRIBEIRA,VIADUTO TANCREDO NEVES,Não informado,"DESCIDA DO VIADUTO, SENTIDO AVENIDA RECIFE",IMBIRIBEIRA,SUBURBIO,COLISÃO LATERAL,Não informado,1.0,1.0,0.0,0.0,0.0,0.0,0.0,0.0,0.0,2.0,0.0,Longo da via,Bom,Não existe,Perfeito estado,Seca,Perfeito estado,Não existe,Não há placas,60.0,Dupla,Blocos,COM VÍTIMA,2022,3,18,4,
2022-03-18,,Não informado,FINALIZADA,SAN MARTIN,AV CONSUL VILARES FRAGOSO,AV GENERAL SAN MARTIN,BATALHÃO DE CAVALARIA,SAN MARTIN,SUBURBIO,Não informado,Não informado,1.0,1.0,0.0,0.0,0.0,0.0,0.0,0.0,0.0,0.0,0.0,Cruzamento,Bom,Sem defeito,Perfeito estado,Seca,Perfeito estado,Faixa de pedestre,Outras,60.0,Dupla,Faixa contínua,SEM VÍTIMA,2022,3,18,4,
2022-03-18,,Não informado,CANCELADA,BOA VIAGEM,AVENIDA CELSO FURTADO (VIA MANGUE),Não informado,PRÓXIMO AO BOMPREÇO,BOA VIAGEM,Não informado,COLISÃO LATERAL,Não informado,0.0,0.0,0.0,0.0,0.0,0.0,0.0,0.0,0.0,2.0,0.0,Não informado,Não informado,Não informado,Não informado,Não informado,Não informado,Não informado,Não informado,60.0,Não informado,Não informado,COM VÍTIMA,2022,3,18,4,
2022-03-19,,Não informado,FINALIZADA,PRADO,AV ENGENHEIRO ABDIAS DE CARVALHO,Não informado,EM FRENTE A ENGEFRIO,PRADO,CIDADE,TOMBAMENTO,Não informado,0.0,1.0,0.0,0.0,0.0,0.0,0.0,0.0,0.0,1.0,0.0,Longo da via,Bom,Sem defeito,Perfeito estado,Molhada,Perfeito estado,Não existe,R-6a,60.0,Dupla,Canteiro central,COM VÍTIMA,2022,3,19,5,
2022-03-19,,Não informado,FINALIZADA,TEJIPIÓ,AV DR JOSE RUFINO,Não informado,AO LADO DA ESTAÇÃO DO METRÔ DE TEJIPIÓ ( ALÇA DE ACESSO),TEJIPIÓ,SUBURBIO,Não informado,Não informado,2.0,0.0,0.0,0.0,0.0,0.0,0.0,0.0,0.0,0.0,0.0,Longo da via,Bom,Não existe,Não existente,Seca,Perfeito estado,Não existe,Não há placas,60.0,Única,Não existe,SEM VÍTIMA,2022,3,19,5,
2022-03-20,,Não informado,FINALIZADA,CASA AMARELA,EST DO ARRAIAL,Não informado,EM FRENTE A IGREJA JESUS CRISTO DOS SANTOS DOS ULTIMOS DIAS,CASA AMARELA,SUBURBIO,COLISÃO COM CICLISTA,Não informado,1.0,0.0,0.0,1.0,0.0,0.0,0.0,0.0,0.0,1.0,0.0,Longo da via,Bom,Sem defeito,Perfeito estado,Seca,Perfeito estado,Faixa de pedestre,Outras,60.0,Única,Não informado,COM VÍTIMA,2022,3,20,6,
2022-03-20,,Não informado,FINALIZADA,BOA VIAGEM,AV CONSELHEIRO AGUIAR,Não informado,E/F A RENOVE BATERIAS. POSTE B010360,BOA VIAGEM,CIDADE,COLISÃO LATERAL,Não informado,2.0,0.0,0.0,0.0,0.0,0.0,0.0,0.0,0.0,1.0,0.0,Longo da via,Bom,Não existe,Não informado,Seca,Perfeito estado,Não existe,R-6a,60.0,Única,Faixa seccionada,COM VÍTIMA,2022,3,20,6,
2022-03-20,,Não informado,FINALIZADA,NOVA DESCOBERTA,AV VEREADOR OTACILIO AZEVEDO,Não informado,PROXIMO AO CAMPO DO FLUMINENSE E CASA PRIMAVERA RECEPÇÕES,NOVA DESCOBERTA,SUBURBIO,COLISÃO TRANSVERSAL,Não informado,0.0,1.0,0.0,0.0,0.0,0.0,0.0,1.0,0.0,1.0,0.0,Longo da via,Chuvoso,Não existe,Perfeito estado,Molhada,Perfeito estado,Não informado,Não informado,60.0,Dupla,Faixa seccionada,COM VÍTIMA,2022,3,20,6,
2022-03-21,,Não informado,FINALIZADA,BOA VIAGEM,RUA PADRE BERNADINO PESSOA,Não informado,PROX. AO COLEGIO SANTA MARIA,BOA VIAGEM,Não informado,COLISÃO LATERAL,Não informado,2.0,0.0,0.0,0.0,0.0,0.0,0.0,0.0,0.0,0.0,0.0,Não informado,Não informado,Não informado,Não informado,Não informado,Não informado,Não informado,Não informado,60.0,Não informado,Não informado,SEM VÍTIMA,2022,3,21,0,
2022-03-21,,Não informado,FINALIZADA,BOA VIAGEM,AVENIDA CELSO FURTADO (VIA MANGUE),Não informado,AO LADO DO RESIDENCIAL LE PARK / BIFURCAÇÃO COM VIADUTO DOM JOÃO VI,BOA VIAGEM,SUBURBIO,COLISÃO TRASEIRA,Não informado,1.0,1.0,0.0,0.0,0.0,0.0,0.0,0.0,0.0,1.0,0.0,Longo da via,Bom,Não existe,Perfeito estado,Seca,Perfeito estado,Não existe,R-6a,60.0,Dupla,Canteiro central,COM VÍTIMA,2022,3,21,0,
2022-03-21,,Não informado,FINALIZADA,SANTO AMARO,AV GOVERNADOR AGAMENON MAGALHAES,Não informado,EN  FRENTE A UPE / SENT OLINDA. ANTES DO SEMÁFORO 684,SANTO AMARO,OLINDA,COLISÃO LATERAL,Não informado,1.0,1.0,0.0,0.0,0.0,0.0,0.0,0.0,0.0,1.0,0.0,Longo da via,Bom,Sem defeito,Perfeito estado,Seca,Perfeito estado,Não informado,Não informado,60.0,Dupla,Faixa seccionada,COM VÍTIMA,2022,3,21,0,
2022-03-21,,Não informado,FINALIZADA,IPSEP,AV RECIFE,RUA ADERBAL DE MELO,SENTIDO CEASA. LADO OPOSTO AO ATACAMAX 2528,IPSEP,BR-101,ATROPELAMENTO DE PESSOA,Não informado,0.0,1.0,0.0,0.0,1.0,0.0,0.0,0.0,0.0,2.0,0.0,Longo da via,Bom,Não existe,Não existente,Seca,Perfeito estado,Não existe,Não há placas,60.0,Dupla,Canteiro central,COM VÍTIMA,2022,3,21,0,
2022-03-21,,Não informado,FINALIZADA,BOA VIAGEM,AV MARECHAL JUAREZ TAVORA,Não informado,EM FRENTE A  CONSTRUTORA SANTO ANTONIO,BOA VIAGEM,SUBURBIO,Não informado,Não informado,2.0,0.0,0.0,0.0,0.0,0.0,0.0,0.0,0.0,0.0,0.0,Longo da via,Bom,Sem defeito,Perfeito estado,Seca,Perfeito estado,Faixa de pedestre,Outras,60.0,Única,Faixa contínua,SEM VÍTIMA,2022,3,21,0,
2022-03-21,,Não informado,FINALIZADA,VÁRZEA,RUA TAMBIA,Não informado,PRÓXIMO A CASA LOTÉRICA LOTERIAS MEGA FÁCIL,VÁRZEA,SUBURBIO,Não informado,Não informado,0.0,0.0,0.0,0.0,0.0,1.0,0.0,0.0,0.0,0.0,0.0,Longo da via,Bom,Não existe,Perfeito estado,Seca,Perfeito estado,Não existe,R-6a,30.0,Dupla,Não existe,SEM VÍTIMA,2022,3,21,0,
2022-03-21,,Não informado,FINALIZADA,ILHA DO RETIRO,RUA SPORT CLUBE DO RECIFE,Não informado,EM FRENTE A LOJA OFICIAL DO SPORTE CLUBE,ILHA DO RETIRO,CIDADE,COLISÃO LATERAL,Não informado,1.0,1.0,0.0,0.0,0.0,0.0,0.0,0.0,0.0,1.0,0.0,Longo da via,Bom,Sem defeito,Perfeito estado,Seca,Perfeito estado,Faixa de pedestre,Não há placas,60.0,Dupla,Canteiro central,COM VÍTIMA,2022,3,21,0,
2022-03-21,,Não informado,FINALIZADA,BOA VIAGEM,AV BOA VIAGEM,Não informado,EM FRENTE AO EDIFICIO VERDE MAR,BOA VIAGEM,CIDADE,COLISÃO TRASEIRA,Não informado,3.0,0.0,0.0,0.0,0.0,0.0,0.0,0.0,0.0,1.0,0.0,Longo da via,Bom,Sem defeito,Perfeito estado,Seca,Perfeito estado,Faixa de pedestre,R-4a,60.0,Única,Faixa contínua,COM VÍTIMA,2022,3,21,0,