data,hora,natureza_acidente,situacao,bairro,endereco,detalhe_endereco_acidente,complemento,bairro_cruzamento,sentido_via,tipo,descricao,auto,moto,ciclom,ciclista,pedestre,onibus,caminhao,viatura,outros,vitimas,vitimasfatais,acidente_verificado,tempo_clima,situacao_semaforo,sinalizacao,condicao_via,conservacao_via,ponto_controle,situacao_placa,velocidade_max_via,mao_direcao,divisao_via1,natureza,ano,mes,dia,dia_semana,hora_ocorrencia
2022-03-21,,Não informado,FINALIZADA,SAN MARTIN,AV JOAO CABRAL DE MELO NETO,RUA TENENTE MINDELO,APOS  O GIRADOURO DA PRAÇA DE SAN MARTIN S/T AV RECIFE,SAN MARTIN,SUBURBIO,COLISÃO LATERAL,Não informado,1.0,1.0,0.0,0.0,0.0,0.0,0.0,0.0,0.0,2.0,0.0,Esquina,Chuvoso,Sem defeito,Perfeito estado,Molhada,Perfeito estado,Faixa de pedestre,Outras,60.0,Dupla,Faixa contínua,COM VÍTIMA,2022,3,21,0,
2022-03-21,,Não informado,FINALIZADA,IMBIRIBEIRA,AV MARECHAL MASCARENHAS DE MORAES,RUA ITACARE,EM FRENTE À FERREIRA COSTA / BANCO  DO BRASIL.,IMBIRIBEIRA,CIDADE,COLISÃO LATERAL,Não informado,1.0,1.0,0.0,0.0,0.0,0.0,0.0,0.0,0.0,1.0,0.0,Longo da via,Bom,Sem defeito,Perfeito estado,Seca,Perfeito estado,Outros,Outras,60.0,Única,Faixa seccionada,COM VÍTIMA,2022,3,21,0,
2022-03-21,,Não informado,FINALIZADA,CASA FORTE,AV DEZESSETE DE AGOSTO,Não informado,LADO OPOSTO AO EDIFÍCIO DE ESTACIONAMENTO DO SHOPPING PLAZA,CASA FORTE,SUBURBIO,COLISÃO TRASEIRA,Não informado,2.0,0.0,0.0,0.0,0.0,0.0,0.0,0.0,0.0,0.0,0.0,Longo da via,Chuvoso,Não existe,Perfeito estado,Molhada,Perfeito estado,Não existe,Não informado,60.0,Dupla,Faixa seccionada,SEM VÍTIMA,2022,3,21,0,
2022-03-21,,Não informado,FINALIZADA,FUNDÃO,AV BEBERIBE,Não informado,E/F AO COLEGIO PEDRO ALGUSTO,FUNDÃO,SUBURBIO,ATROPELAMENTO DE PESSOA,Não informado,1.0,0.0,0.0,0.0,1.0,0.0,0.0,0.0,0.0,1.0,0.0,Longo da via,Chuvoso,Não existe,Perfeito estado,Molhada,Perfeito estado,Não existe,Não há placas,60.0,Dupla,Faixa seccionada,COM VÍTIMA,2022,3,21,0,
2022-03-21,,Não informado,FINALIZADA,IPUTINGA,AV CAXANGA,Não informado,POR BAIXO DO VIADUTO / E/F AO SANTANDER,IPUTINGA,Não informado,COLISÃO LATERAL,Não informado,2.0,0.0,0.0,0.0,0.0,0.0,0.0,0.0,0.0,0.0,0.0,Não informado,Não informado,Não informado,Não informado,Não informado,Não informado,Não informado,Não informado,60.0,Não informado,Não informado,SEM VÍTIMA,2022,3,21,0,
2022-03-22,,Não informado,FINALIZADA,ZUMBI,RUA SOUZA BANDEIRA,RUA TOMAZ GONZAGA,NA ESQUINA DO COLÉGIO LUBIESKA,ZUMBI,CIDADE,COLISÃO FRONTAL,Não informado,1.0,1.0,0.0,0.0,0.0,0.0,0.0,0.0,0.0,1.0,0.0,Cruzamento,Chuvoso,Sem defeito,Perfeito estado,Molhada,Perfeito estado,Faixa de pedestre,Outras,60.0,Única,Outros,COM VÍTIMA,2022,3,22,1,
2022-03-22,,Não informado,FINALIZADA,IBURA,RUA EXP FRANCISCO VITORIANO,Não informado,EM FRENTE AO SUPERMECADO TREVO E ALBANY CONFECÇÕES,IBURA,SUBURBIO,COLISÃO LATERAL,Não informado,1.0,1.0,0.0,0.0,0.0,0.0,0.0,0.0,0.0,1.0,0.0,Longo da via,Chuvoso,Não existe,Perfeito estado,Molhada,Perfeito estado,Não existe,R-6a,30.0,Dupla,Faixa seccionada,COM VÍTIMA,2022,3,22,1,
2022-03-22,,Não informado,FINALIZADA,VÁRZEA,RUA EVARISTO FERREIRA DA SILVA,Não informado,Não informado,VÁRZEA,CIDADE,CHOQUE,Não informado,3.0,0.0,0.0,0.0,0.0,0.0,0.0,0.0,0.0,0.0,0.0,Longo da via,Chuvoso,Não existe,Não existente,Molhada,Mal conservada,Não existe,Não há placas,60.0,Dupla,Não existe,SEM VÍTIMA,2022,3,22,1,
2022-03-22,,Não informado,FINALIZADA,SÃO JOSÉ,RUA IMPERIAL,Não informado,E/F AO MOTEL LUA DE MEL,SÃO JOSÉ,SUBURBIO,COLISÃO LATERAL,Não informado,1.0,1.0,0.0,0.0,0.0,0.0,0.0,0.0,0.0,1.0,0.0,Longo da via,Bom,Não existe,Perfeito estado,Molhada,Perfeito estado,Não existe,Não há placas,60.0,Única,Não existe,COM VÍTIMA,2022,3,22,1,
2022-03-22,,Não informado,FINALIZADA,AREIAS,AV CAPITAO GREGORIO DE CALDAS,AV RECIFE,EM FRENTE AO BIG BOMPREÇO,AREIAS,Não informado,Não informado,Não informado,1.0,0.0,0.0,0.0,0.0,0.0,0.0,1.0,0.0,0.0,0.0,Cruzamento,Chuvoso,Sem defeito,Não informado,Molhada,Perfeito estado,Não existe,R-4a,30.0,Única,Canteiro central,SEM VÍTIMA,2022,3,22,1,
2022-03-22,,Não informado,FINALIZADA,ÁGUA FRIA,RUA SAO SEBASTIAO,Não informado,"POR TRÁS DO GIGANTE DOI SAMBA,  EM FRENTE AO ESPETINHO DA NEIDE",ÁGUA FRIA,SUBURBIO,COLISÃO COM CICLISTA,Não informado,1.0,0.0,0.0,1.0,0.0,0.0,0.0,0.0,0.0,1.0,0.0,Longo da via,Chuvoso,Não existe,Perfeito estado,Molhada,Perfeito estado,Não existe,Não há placas,60.0,Dupla,Faixa contínua,COM VÍTIMA,2022,3,22,1,
2022-03-22,,Não informado,FINALIZADA,PARNAMIRIM,RUA LEONARDO BEZERRA CAVALCANTE,RUA JOAO TUDE DE MELO,MUNDO PET,PARNAMIRIM,Não informado,COLISÃO LATERAL,Não informado,1.0,1.0,0.0,0.0,0.0,0.0,0.0,0.0,0.0,1.0,0.0,Longo da via,Chuvoso,Não existe,Perfeito estado,Molhada,Perfeito estado,Não existe,Outras,60.0,Não informado,Não existe,COM VÍTIMA,2022,3,22,1,
2022-03-23,,Não informado,FINALIZADA,BOA VIAGEM,RUA JORNALISTA FRANCISCO ALMEIDA,AV CONSELHEIRO AGUIAR,PROX. AO POSTO POLICIAL E PRAÇA CIDADE DO PORTO,BOA VIAGEM,Não informado,COLISÃO COM CICLISTA,Não informado,1.0,0.0,0.0,1.0,0.0,0.0,0.0,0.0,0.0,1.0,0.0,Não informado,Não informado,Não informado,Não informado,Não informado,Não informado,Não informado,Não informado,60.0,Não informado,Não informado,COM VÍTIMA,2022,3,23,2,
2022-03-23,,Não informado,FINALIZADA,SANTO ANTÔNIO,AV MARTINS DE BARROS,Não informado,EM FRENTE A SECRETÁRIA DA FAZENDA,SANTO ANTÔNIO,Não informado,CHOQUE,Não informado,3.0,0.0,0.0,0.0,0.0,0.0,0.0,0.0,0.0,1.0,0.0,Longo da via,Bom,Sem defeito,Perfeito estado,Seca,Perfeito estado,Faixa de pedestre,Não há placas,60.0,Única,Faixa seccionada,COM VÍTIMA,2022,3,23,2,
2022-03-23,,Não informado,CANCELADA,SANTO AMARO,RUA DA UNIAO,RUA MAMEDE SIMOES,AO LADO DO BAR BOI NEON,SANTO AMARO,Não informado,COLISÃO TRANSVERSAL,Não informado,1.0,0.0,0.0,0.0,0.0,1.0,0.0,0.0,0.0,0.0,0.0,Cruzamento,Bom,Não existe,Perfeito estado,Seca,Perfeito estado,Não existe,"Placas ""Pare""",60.0,Única,Não existe,SEM VÍTIMA,2022,3,23,2,
2022-03-23,,Não informado,FINALIZADA,DERBY,AV GOVERNADOR CARLOS DE LIMA CAVALCANTI,AV GOVERNADOR AGAMENON MAGALHAES,LADO OPOSTO AO MC'DONALDS,DERBY,CIDADE,ATROPELAMENTO DE PESSOA,Não informado,0.0,0.0,0.0,0.0,1.0,1.0,0.0,0.0,0.0,1.0,0.0,Cruzamento,Bom,Sem defeito,Perfeito estado,Seca,Perfeito estado,Faixa de pedestre,Não há placas,40.0,Dupla,Canteiro central,COM VÍTIMA,2022,3,23,2,
2022-03-23,,Não informado,FINALIZADA,BOA VIAGEM,RUA VISCONDE DE JEQUITINHONHA,RUA JOSE MOREIRA LEAL,PROX AO POSTO DE GASOLINA  SEM BANDEIRA,BOA VIAGEM,SUBURBIO,COLISÃO LATERAL,Não informado,1.0,1.0,0.0,0.0,0.0,0.0,0.0,0.0,0.0,1.0,0.0,Cruzamento,Chuvoso,Não existe,Perfeito estado,Molhada,Perfeito estado,Não existe,Não há placas,30.0,Única,Faixa seccionada,COM VÍTIMA,2022,3,23,2,
2022-03-23,,Não informado,FINALIZADA,CASA AMARELA,AV NORTE MIGUEL ARRAES DE ALENCAR,Não informado,EM FRENTE A SUZY BIKE,CASA AMARELA,CIDADE,COLISÃO TRASEIRA,Não informado,2.0,0.0,0.0,0.0,0.0,0.0,0.0,0.0,0.0,0.0,0.0,Longo da via,Bom,Sem defeito,Perfeito estado,Seca,Perfeito estado,Não existe,R-6a,60.0,Dupla,Canteiro central,SEM VÍTIMA,2022,3,23,2,
2022-03-23,,Não informado,FINALIZADA,SANTO AMARO,RUA DO POMBAL,PRC DO CAMPO SANTO,AO LADO DA DELAGIA DA MULHER,SANTO AMARO,SUBURBIO,COLISÃO LATERAL,Não informado,1.0,1.0,0.0,0.0,0.0,0.0,0.0,0.0,0.0,1.0,0.0,Longo da via,Chuvoso,Não existe,Perfeito estado,Molhada,Perfeito estado,Não informado,Não informado,60.0,Não informado,Não informado,COM VÍTIMA,2022,3,23,2,
2022-03-23,,Não informado,FINALIZADA,IMBIRIBEIRA,AV MARECHAL MASCARENHAS DE MORAES,RUA OLIVIA MENELAU,"E/F A GRILO FLORES,",IMBIRIBEIRA,SUBURBIO,COLISÃO LATERAL,Não informado,1.0,1.0,0.0,0.0,0.0,0.0,0.0,0.0,0.0,1.0,0.0,Longo da via,Bom,Sem defeito,Perfeito estado,Seca,Perfeito estado,Faixa de pedestre,Não há placas,60.0,Única,Faixa contínua,COM VÍTIMA,2022,3,23,2,
2022-03-23,,Não informado,FINALIZADA,AFOGADOS,EST DOS REMEDIOS,Não informado,PROX A FARMA PAULA,AFOGADOS,Não informado,COLISÃO FRONTAL,Não informado,2.0,0.0,0.0,0.0,0.0,0.0,0.0,0.0,0.0,0.0,0.0,Não informado,Não informado,Não informado,Não informado,Não informado,Não informado,Não informado,Não informado,60.0,Não informado,Não informado,SEM VÍTIMA,2022,3,23,2,
2022-03-23,,Não informado,FINALIZADA,COQUEIRAL,RUA APRIGIO GUIMARAES,RUA MATOSO DA CAMARA,PROX AO HOSPITAL OTAVIO DE FREITAS,COQUEIRAL,Não informado,COLISÃO TRANSVERSAL,Não informado,1.0,1.0,0.0,0.0,0.0,0.0,0.0,0.0,0.0,1.0,0.0,Cruzamento,Chuvoso,Não existe,Perfeito estado,Molhada,Perfeito estado,Faixa de retenção,Não há placas,60.0,Dupla,Não existe,COM VÍTIMA,2022,3,23,2,
2022-03-24,,Não informado,FINALIZADA,ILHA DO RETIRO,AV ENGENHEIRO ABDIAS DE CARVALHO,EST DOS REMEDIOS,PRÓX À FARMÁCIA DROGASIL,ILHA DO RETIRO,SUBURBIO,QUEDA,Não informado,0.0,1.0,0.0,0.0,0.0,0.0,0.0,0.0,0.0,1.0,0.0,Cruzamento,Chuvoso,Sem defeito,Perfeito estado,Molhada,Perfeito estado,Faixa de pedestre,Não há placas,60.0,Dupla,Canteiro central,COM VÍTIMA,2022,3,24,3,
2022-03-24,,Não informado,FINALIZADA,CASA AMARELA,AV NORTE MIGUEL ARRAES DE ALENCAR,Não informado,E/F A MATERNIDADE BARROS LIMA S/T CID,CASA AMARELA,CIDADE,ATROPELAMENTO DE PESSOA,Não informado,0.0,1.0,0.0,0.0,1.0,0.0,0.0,0.0,0.0,2.0,0.0,Longo da via,Chuvoso,Sem defeito,Perfeito estado,Molhada,Perfeito estado,Faixa de pedestre,R-6a,40.0,Dupla,Canteiro central,COM VÍTIMA,2022,3,24,3,
2022-03-22,,Não informado,FINALIZADA,BOA VISTA,RUA DOS PALMARES,Não informado,Não informado,BOA VISTA,SUBURBIO,CAPOTAMENTO,Não informado,0.0,1.0,0.0,0.0,0.0,0.0,0.0,0.0,0.0,1.0,0.0,Longo da via,Chuvoso,Não existe,Incompleta,Molhada,Outros,Não existe,Não há placas,60.0,Única,Faixa seccionada,COM VÍTIMA,2022,3,22,1,
2022-03-24,,Não informado,FINALIZADA,CAMPO GRANDE,RUA ODORICO MENDES,Não informado,PROX AO CLUBE DAS PAS,CAMPO GRANDE,SUBURBIO,COLISÃO TRANSVERSAL,Não informado,2.0,2.0,0.0,0.0,0.0,0.0,0.0,0.0,0.0,1.0,0.0,Longo da via,Bom,Não existe,Perfeito estado,Seca,Perfeito estado,Não existe,R-6a,60.0,Dupla,Faixa seccionada,COM VÍTIMA,2022,3,24,3,
2022-03-24,,Não informado,FINALIZADA,BOA VIAGEM,RUA TENENTE JOAO CICERO,Não informado,PROX A VIA MANGUE,BOA VIAGEM,CIDADE,COLISÃO LATERAL,Não informado,1.0,1.0,0.0,0.0,0.0,0.0,0.0,0.0,0.0,1.0,0.0,Esquina,Bom,Não existe,Perfeito estado,Seca,Perfeito estado,Não informado,Outras,60.0,Única,Não informado,COM VÍTIMA,2022,3,24,3,
2022-03-25,,Não informado,FINALIZADA,VASCO DA GAMA,AV VEREADOR OTACILIO AZEVEDO,Não informado,EM FRENTE A THASIA SALLES STUDIO DE BELEZA,VASCO DA GAMA,SUBURBIO,Não informado,Não informado,0.0,0.0,0.0,0.0,0.0,1.0,0.0,1.0,0.0,0.0,0.0,Longo da via,Bom,Não existe,Perfeito estado,Seca,Perfeito estado,Não existe,Não há placas,30.0,Dupla,Faixa seccionada,SEM VÍTIMA,2022,3,25,4,
2022-03-25,,Não informado,FINALIZADA,PINA,AVENIDA CELSO FURTADO (VIA MANGUE),Não informado,EMBAIXO DA PASSARELA DO SHOPPING RIOMAR,PINA,SUBURBIO,COLISÃO TRASEIRA,Não informado,1.0,1.0,0.0,0.0,0.0,0.0,0.0,0.0,0.0,1.0,0.0,Longo da via,Bom,Não existe,Perfeito estado,Seca,Perfeito estado,Não existe,Não há placas,60.0,Única,Faixa seccionada,COM VÍTIMA,2022,3,25,4,
2022-03-25,,Não informado,FINALIZADA,PINA,PTE GOVERNADOR PAULO GUERRA,Não informado,"INICIO DA VIA MANGUE, SENT. BOA VIAGEM",PINA,SUBURBIO,COLISÃO LATERAL,Não informado,1.0,1.0,0.0,0.0,0.0,0.0,0.0,0.0,0.0,1.0,0.0,Ponte,Bom,Não existe,Perfeito estado,Seca,Perfeito estado,Não existe,Outras,60.0,Dupla,Faixa contínua,COM VÍTIMA,2022,3,25,4,
2022-03-25,,Não informado,FINALIZADA,ILHA JOANA BEZERRA,PTE JOSE DE BARROS LIMA,AV GOVERNADOR AGAMENON MAGALHAES,"ACIDENTE COM VÍTIMA, ENVOLVENDO CICLISTA, NO SENTIDO PAISSANDU / ILHA DO LEITE. SAMU NO LOCAL PRESTANDO SOCORRO.  EQUIPE DE BAT DA CTTU EM DESLOCAMENTO",ILHA JOANA BEZERRA,SUBURBIO,QUEDA,Não informado,0.0,0.0,0.0,1.0,0.0,0.0,0.0,0.0,0.0,1.0,0.0,Viaduto,Bom,Não existe,Perfeito estado,Seca,Perfeito estado,Não existe,Não há placas,60.0,Dupla,Canteiro central,COM VÍTIMA,2022,3,25,4,
2022-03-25,,Não informado,FINALIZADA,CASA AMARELA,AV NORTE MIGUEL ARRAES DE ALENCAR,Não informado,EM FRENTE A UPINHA,CASA AMARELA,CIDADE,COLISÃO TRASEIRA,Não informado,1.0,1.0,0.0,0.0,0.0,0.0,0.0,0.0,0.0,1.0,0.0,Longo da via,Bom,Não existe,Não existente,Seca,Perfeito estado,Não existe,Não há placas,60.0,Dupla,Canteiro central,COM VÍTIMA,2022,3,25,4,
2022-03-25,,Não informado,FINALIZADA,ILHA DO LEITE,PTE JOSE DE BARROS LIMA,Não informado,Não informado,ILHA DO LEITE,Não informado,Não informado,Não informado,0.0,0.0,0.0,0.0,0.0,0.0,1.0,1.0,0.0,0.0,0.0,Ponte,Bom,Não existe,Perfeito estado,Seca,Perfeito estado,Não existe,Não informado,60.0,Dupla,Faixa seccionada,SEM VÍTIMA,2022,3,25,4,
2022-03-25,,Não informado,FINALIZADA,CASA AMARELA,RUA DA HARMONIA,Não informado,NA RUA DA FARMÁCIA BOM JESUS // 50 METROS ANTES DA BR TECNOLOGIA,CASA AMARELA,CIDADE,COLISÃO LATERAL,Não informado,1.0,1.0,0.0,0.0,0.0,0.0,0.0,0.0,0.0,1.0,0.0,Longo da via,Bom,Não existe,Perfeito estado,Seca,Perfeito estado,Não existe,Outras,30.0,Não informado,Não existe,COM VÍTIMA,2022,3,25,4,
2022-03-25,,Não informado,FINALIZADA,SANCHO,AV LIBERDADE,AV TEMPO FELIZ,EM FRENTE A OFINA PLANALTO PEÇAS E PROXIMO AO PARQUE DAS FLORES,SANCHO,SUBURBIO,COLISÃO LATERAL,Não informado,1.0,1.0,0.0,0.0,0.0,0.0,0.0,0.0,0.0,1.0,0.0,Cruzamento,Bom,Não existe,Ilegível,Seca,Perfeito estado,Faixa de retenção,Não há placas,60.0,Dupla,Não existe,COM VÍTIMA,2022,3,25,4,
2022-03-25,,Não informado,FINALIZADA,CAMPO GRANDE,RUA ODORICO MENDES,Não informado,PRÓX. AO COLÉGIO JESUS CRUCIFICADO.,CAMPO GRANDE,SUBURBIO,COLISÃO FRONTAL,Não informado,1.0,1.0,0.0,0.0,0.0,0.0,0.0,0.0,0.0,1.0,0.0,Longo da via,Bom,Não existe,Perfeito estado,Seca,Perfeito estado,Não existe,Não há placas,60.0,Dupla,Canteiro central,COM VÍTIMA,2022,3,25,4,
2022-03-25,,Não informado,FINALIZADA,MADALENA,AV VISCONDE DE ALBUQUERQUE,RUA BARTOLOMEU DE GUSMAO,EM FRENTE AO Nº 434,MADALENA,SUBURBIO,COLISÃO TRANSVERSAL,Não informado,1.0,0.0,0.0,0.0,0.0,0.0,0.0,1.0,0.0,0.0,0.0,Longo da via,Bom,Não existe,Perfeito estado,Seca,Perfeito estado,Não existe,Não há placas,60.0,Única,Faixa seccionada,SEM VÍTIMA,2022,3,25,4,
2022-03-26,,Não informado,FINALIZADA,BOA VIAGEM,AV CONSELHEIRO AGUIAR,RUA TOME GIBSON,Não informado,BOA VIAGEM,SUBURBIO,COLISÃO FRONTAL,Não informado,2.0,1.0,0.0,0.0,0.0,0.0,0.0,0.0,0.0,1.0,0.0,Cruzamento,Bom,Sem defeito,Perfeito estado,Seca,Perfeito estado,Faixa de retenção,Não há placas,60.0,Única,Faixa seccionada,COM VÍTIMA,2022,3,26,5,
2022-03-26,,Não informado,FINALIZADA,VÁRZEA,AV CAXANGA,Não informado,EM FRENTE AO GOLF CLUB,VÁRZEA,SUBURBIO,COLISÃO TRANSVERSAL,Não informado,1.0,1.0,0.0,0.0,0.0,0.0,0.0,0.0,0.0,1.0,0.0,Longo da via,Bom,Sem defeito,Perfeito estado,Seca,Perfeito estado,Faixa de pedestre,Não há placas,60.0,Única,Faixa contínua,COM VÍTIMA,2022,3,26,5,
2022-03-26,,Não informado,CANCELADA,IPSEP,AV RECIFE,Não informado,EM FRENTE O POSTO SHELL,IPSEP,CIDADE,COLISÃO LATERAL,Não informado,1.0,0.0,0.0,0.0,0.0,0.0,1.0,0.0,0.0,1.0,0.0,Não informado,Não informado,Não informado,Não informado,Não informado,Não informado,Não informado,Não informado,60.0,Não informado,Não informado,COM VÍTIMA,2022,3,26,5,
2022-03-26,,Não informado,FINALIZADA,BOA VIAGEM,AV BOA VIAGEM,RUA PADRE LEANDRO CAMELO,EDIF. PORTO DE ALEXANDRIA,BOA VIAGEM,CIDADE,COLISÃO LATERAL,Não informado,1.0,1.0,0.0,0.0,0.0,0.0,0.0,0.0,0.0,1.0,0.0,Longo da via,Bom,Sem defeito,Perfeito estado,Seca,Perfeito estado,Faixa de retenção,Não há placas,60.0,Única,Faixa contínua,COM VÍTIMA,2022,3,26,5,
2022-03-26,,Não informado,FINALIZADA,BOA VISTA,RUA MARQUES AMORIM,RUA VISCONDE DE GOIANA,Não informado,BOA VISTA,CIDADE,COLISÃO TRANSVERSAL,Não informado,1.0,0.0,0.0,0.0,0.0,0.0,0.0,1.0,0.0,0.0,0.0,Cruzamento,Chuvoso,Não existe,Perfeito estado,Molhada,Perfeito estado,Faixa de retenção,"Placas ""Pare""",60.0,Não informado,Não existe,SEM VÍTIMA,2022,3,26,5,
2022-03-26,,Não informado,FINALIZADA,DOIS IRMÃOS,RUA MANUEL DE MEDEIROS,Não informado,EM FRENTE AO  CEGOE,DOIS IRMÃOS,CIDADE,ATROPELAMENTO DE PESSOA,Não informado,0.0,1.0,0.0,0.0,1.0,0.0,0.0,0.0,0.0,2.0,0.0,Longo da via,Chuvoso,Sem defeito,Incompleta,Molhada,Perfeito estado,Não existe,Outras,40.0,Dupla,Faixa seccionada,COM VÍTIMA,2022,3,26,5,
2022-03-26,,Não informado,FINALIZADA,TORRE,RUA JOSE BONIFACIO,RUA MARCOS ANDRE,AO DO CARREFOUR,TORRE,CIDADE,COLISÃO LATERAL,Não informado,1.0,1.0,0.0,0.0,0.0,0.0,0.0,0.0,0.0,1.0,0.0,Cruzamento,Bom,Sem defeito,Perfeito estado,Seca,Perfeito estado,Faixa de pedestre,R-6a,60.0,Única,Faixa seccionada,COM VÍTIMA,2022,3,26,5,
2022-03-26,,Não informado,FINALIZADA,BOA VIAGEM,AV CONSELHEIRO AGUIAR,RUA DOM JOSE LOPES,PROX AO SUPERMERCADO EXTRA,BOA VIAGEM,CIDADE,COLISÃO TRANSVERSAL,Não informado,0.0,1.0,0.0,0.0,0.0,1.0,0.0,0.0,0.0,1.0,0.0,Longo da via,Bom,Não existe,Perfeito estado,Seca,Perfeito estado,Não informado,Outras,60.0,Única,Faixa seccionada,COM VÍTIMA,2022,3,26,5,
2022-03-27,,Não informado,FINALIZADA,ESTÂNCIA,AV ESTANCIA,RUA MORAIS E SILVA,PRÓX À ESTAÇÃO SANTA LUZIA,ESTÂNCIA,SUBURBIO,COLISÃO TRANSVERSAL,Não informado,1.0,1.0,0.0,0.0,0.0,0.0,0.0,0.0,0.0,1.0,0.0,Cruzamento,Bom,Não existe,Perfeito estado,Seca,Perfeito estado,Não existe,Não há placas,60.0,Única,Não existe,COM VÍTIMA,2022,3,27,6,
2022-03-28,,Não informado,FINALIZADA,DOIS UNIDOS,AV HILDEBRANDO DE VASCONCELOS,RUA SIMPLICIO MENDES,PRÓXIMO AO CIPCÃES PM/PE,DOIS UNIDOS,SUBURBIO,CHOQUE,Não informado,1.0,0.0,0.0,0.0,0.0,1.0,0.0,0.0,0.0,1.0,0.0,Longo da via,Chuvoso,Não existe,Incompleta,Molhada,Mal conservada,Não existe,Outras,60.0,Dupla,Faixa seccionada,COM VÍTIMA,2022,3,28,0,
2022-03-28,,Não informado,FINALIZADA,AFOGADOS,RUA JACIRA,RUA CINCO DE NOVEMBRO,Não informado,AFOGADOS,SUBURBIO,COLISÃO TRANSVERSAL,Não informado,1.0,0.0,0.0,0.0,0.0,0.0,0.0,1.0,0.0,0.0,0.0,Cruzamento,Chuvoso,Não existe,Não existente,Molhada,Perfeito estado,Não existe,Não há placas,60.0,Dupla,Não existe,SEM VÍTIMA,2022,3,28,0,
2022-03-28,,Não informado,FINALIZADA,BOA VIAGEM,RUA JOAO CARDOSO AIRES,Não informado,HAP VIDA - SETÚBAL,BOA VIAGEM,Não informado,PROTESTO,Não informado,0.0,0.0,0.0,0.0,0.0,0.0,0.0,0.0,0.0,0.0,0.0,Não informado,Não informado,Não informado,Não informado,Não informado,Não informado,Não informado,Não informado,60.0,Não informado,Não informado,SEM VÍTIMA,2022,3,28,0,
2022-03-28,,Não informado,FINALIZADA,ENCRUZILHADA,RUA AMARO COUTINHO,RUA PROFESSOR OTAVIO DE FREITAS,RUA DO BAR DO TONHÃO,ENCRUZILHADA,Não informado,COLISÃO LATERAL,Não informado,2.0,0.0,0.0,0.0,0.0,0.0,0.0,0.0,0.0,1.0,0.0,Não informado,Não informado,Não informado,Não informado,Não informado,Não informado,Não informado,Não informado,60.0,Não informado,Não informado,COM VÍTIMA,2022,3,28,0,
2022-03-28,,Não informado,FINALIZADA,TORRÕES,AV ENGENHEIRO ABDIAS DE CARVALHO,Não informado,PROX A DLP E/F AO POSTO SHELL  S/T CID,TORRÕES,CIDADE,COLISÃO COM CICLISTA,Não informado,1.0,0.0,0.0,1.0,0.0,0.0,0.0,0.0,0.0,1.0,0.0,Longo da via,Bom,Não existe,Perfeito estado,Seca,Perfeito estado,Não existe,Outras,60.0,Dupla,Canteiro central,COM VÍTIMA,2022,3,28,0,
2022-03-28,,Não informado,FINALIZADA,BARRO,RUA AMADOR ARAUJO,RUA DA ESPERANCA,COM A RUA DA ESPERANÇA,BARRO,Não informado,COLISÃO TRANSVERSAL,Não informado,0.0,2.0,0.0,0.0,0.0,0.0,0.0,0.0,0.0,2.0,0.0,Cruzamento,Bom,Não informado,Perfeito estado,Seca,Perfeito estado,Não existe,Não há placas,60.0,Única,Não informado,COM VÍTIMA,2022,3,28,0,
2022-03-29,,Não informado,FINALIZADA,CASA AMARELA,AV NORTE MIGUEL ARRAES DE ALENCAR,Não informado,EM FRENTE A UPINHA,CASA AMARELA,Não informado,COLISÃO TRASEIRA,Não informado,1.0,1.0,0.0,0.0,0.0,1.0,0.0,0.0,0.0,0.0,0.0,Não informado,Não informado,Não informado,Não informado,Não informado,Não informado,Não informado,Não informado,60.0,Não informado,Não informado,SEM VÍTIMA,2022,3,29,1,
2022-03-29,,Não informado,FINALIZADA,ARRUDA,AV BEBERIBE,Não informado,LADO OPOSTO AO ARMAZEM CORAL,ARRUDA,CIDADE,ATROPELAMENTO DE PESSOA,Não informado,0.0,1.0,0.0,0.0,1.0,0.0,0.0,0.0,0.0,1.0,0.0,Longo da via,Bom,Não existe,Perfeito estado,Seca,Perfeito estado,Não existe,Não há placas,60.0,Dupla,Faixa contínua,COM VÍTIMA,2022,3,29,1,
2022-03-29,,Não informado,FINALIZADA,IBURA,LAD DA COHAB,Não informado,PROXIMO A POLICLINICA,IBURA,CIDADE,QUEDA,Não informado,0.0,1.0,0.0,0.0,0.0,0.0,0.0,0.0,0.0,1.0,0.0,Longo da via,Chuvoso,Não existe,Ilegível,Molhada,Perfeito estado,Não existe,Não há placas,60.0,Dupla,Não existe,COM VÍTIMA,2022,3,29,1,
2022-03-29,,Não informado,FINALIZADA,SANTO AMARO,RUA COELHO LEITE,Não informado,LATERAL DA ANTIGA CTTU / BATEDOR CARLOS LIMA MOTO 05 NO QTH,SANTO AMARO,SUBURBIO,CHOQUE,Não informado,1.0,1.0,0.0,0.0,0.0,0.0,0.0,0.0,0.0,1.0,0.0,Longo da via,Bom,Não existe,Incompleta,Seca,Não informado,Não informado,Não informado,60.0,Dupla,Não existe,COM VÍTIMA,2022,3,29,1,