data,hora,natureza_acidente,situacao,bairro,endereco,detalhe_endereco_acidente,complemento,bairro_cruzamento,sentido_via,tipo,descricao,auto,moto,ciclom,ciclista,pedestre,onibus,caminhao,viatura,outros,vitimas,vitimasfatais,acidente_verificado,tempo_clima,situacao_semaforo,sinalizacao,condicao_via,conservacao_via,ponto_controle,situacao_placa,velocidade_max_via,mao_direcao,divisao_via1,natureza,ano,mes,dia,dia_semana,hora_ocorrencia
2022-03-29,,Não informado,FINALIZADA,IPSEP,AV RECIFE,RUA GONCALVES DE MAGALHAES,AO LADO DO RESTAURANTE SAL E BRASA,IPSEP,SUBURBIO,QUEDA,Não informado,0.0,1.0,0.0,0.0,0.0,0.0,0.0,0.0,0.0,1.0,0.0,Longo da via,Bom,Sem defeito,Perfeito estado,Seca,Perfeito estado,Não existe,R-4a,60.0,Dupla,Faixa contínua,COM VÍTIMA,2022,3,29,1,
2022-03-29,,Não informado,FINALIZADA,BOA VIAGEM,AV ENGENHEIRO DOMINGOS FERREIRA,Não informado,E/F AO CANAL DA CONSTRUÇÃO & CONDOMÍNIOS. PISTA OESTE.,BOA VIAGEM,SUBURBIO,ATROPELAMENTO DE PESSOA,Não informado,1.0,0.0,0.0,0.0,1.0,0.0,0.0,0.0,0.0,1.0,0.0,Longo da via,Bom,Não existe,Perfeito estado,Seca,Perfeito estado,Não existe,Não há placas,60.0,Única,Faixa contínua,COM VÍTIMA,2022,3,29,1,
2022-03-29,,Não informado,FINALIZADA,IBURA,RUA MARECHAL TAUMATURGO,Não informado,FRENTE GARAGEM AUTO  SERVICE,IBURA,CIDADE,CHOQUE,Não informado,1.0,0.0,0.0,0.0,0.0,0.0,0.0,0.0,0.0,0.0,0.0,Longo da via,Bom,Não existe,Perfeito estado,Seca,Perfeito estado,Não existe,Não há placas,60.0,Dupla,Não existe,SEM VÍTIMA,2022,3,29,1,
2022-03-29,,Não informado,DUPLICIDADE,IBURA,RUA MARECHAL TAUMATURGO,Não informado,APOS O TERMINAL DE ONIBUS DA UR 5 E/F A OFICINA DE MAURICIO,IBURA,Não informado,CHOQUE,Não informado,1.0,0.0,0.0,0.0,0.0,0.0,0.0,0.0,0.0,0.0,0.0,Não informado,Não informado,Não informado,Não informado,Não informado,Não informado,Não informado,Não informado,60.0,Não informado,Não informado,SEM VÍTIMA,2022,3,29,1,
2022-03-29,,Não informado,FINALIZADA,IPSEP,RUA POTENGI,RUA ARARAQUARA,REF: PRAÇA DA MAURICEIA,IPSEP,SUBURBIO,COLISÃO COM CICLISTA,Não informado,0.0,1.0,0.0,1.0,0.0,0.0,0.0,0.0,0.0,1.0,0.0,Cruzamento,Bom,Não existe,Incompleta,Seca,Perfeito estado,Não existe,Não há placas,60.0,Única,Não existe,COM VÍTIMA,2022,3,29,1,
2022-03-30,,Não informado,FINALIZADA,BOA VIAGEM,RUA ERNESTO DE PAULA SANTOS,AV FERNANDO SIMOES BARBOSA,Não informado,BOA VIAGEM,Não informado,COLISÃO TRANSVERSAL,Não informado,1.0,0.0,0.0,0.0,0.0,0.0,1.0,0.0,0.0,0.0,0.0,Não informado,Não informado,Não informado,Não informado,Não informado,Não informado,Não informado,Não informado,60.0,Não informado,Não informado,SEM VÍTIMA,2022,3,30,2,
2022-03-30,,Não informado,FINALIZADA,BOA VIAGEM,AV BOA VIAGEM,RUA BRIGADEIRO CYRO,APÓS O CLUB DA AERONÁUTICA,BOA VIAGEM,CIDADE,COLISÃO LATERAL,Não informado,1.0,1.0,0.0,0.0,0.0,0.0,0.0,0.0,0.0,1.0,0.0,Longo da via,Bom,Não existe,Perfeito estado,Seca,Perfeito estado,Não existe,Não há placas,60.0,Única,Faixa seccionada,COM VÍTIMA,2022,3,30,2,
2022-03-30,,Não informado,FINALIZADA,SANTO AMARO,AV CRUZ CABUGA,Não informado,EM FRENTE AO HOSPITAL NAVAL,SANTO AMARO,SUBURBIO,ATROPELAMENTO DE PESSOA,Não informado,0.0,1.0,0.0,0.0,1.0,0.0,0.0,0.0,0.0,2.0,0.0,Longo da via,Bom,Não existe,Perfeito estado,Seca,Perfeito estado,Não existe,Não há placas,60.0,Dupla,Faixa contínua,COM VÍTIMA,2022,3,30,2,
2022-03-30,,Não informado,FINALIZADA,AREIAS,RUA JOSE NATARIO,Não informado,EM FRENTE A DROGASIL,AREIAS,Não informado,COLISÃO TRASEIRA,Não informado,1.0,1.0,0.0,0.0,0.0,0.0,0.0,1.0,0.0,0.0,0.0,Longo da via,Bom,Não existe,Perfeito estado,Seca,Perfeito estado,Não existe,R-6a,60.0,Dupla,Faixa seccionada,SEM VÍTIMA,2022,3,30,2,
2022-03-30,,Não informado,FINALIZADA,ILHA DO LEITE,RUA ESTADO DE ISRAEL,RUA JORNALISTA TRAJANO CHACON,PROX A  SOS MAOS  NA CALÇADA DO HAPVIDA,ILHA DO LEITE,CIDADE,COLISÃO TRANSVERSAL,Não informado,1.0,1.0,0.0,0.0,0.0,0.0,0.0,0.0,0.0,1.0,0.0,Cruzamento,Bom,Não existe,Perfeito estado,Seca,Perfeito estado,Faixa de pedestre,Outras,60.0,Única,Faixa seccionada,COM VÍTIMA,2022,3,30,2,
2022-03-30,,Não informado,FINALIZADA,TEJIPIÓ,AV DR JOSE RUFINO,Não informado,"E/F AO 4°BPEE E  AO COLEGIO ALBERTO TORRES, SNT JABOATAO",TEJIPIÓ,Não informado,COLISÃO LATERAL,Não informado,2.0,1.0,0.0,0.0,0.0,0.0,0.0,0.0,0.0,1.0,0.0,Longo da via,Bom,Não existe,Perfeito estado,Seca,Perfeito estado,Não existe,Não há placas,60.0,Dupla,Faixa contínua,COM VÍTIMA,2022,3,30,2,
2022-03-30,,Não informado,FINALIZADA,SANTO ANTÔNIO,AV MARTINS DE BARROS,Não informado,PROX AO ITAU,SANTO ANTÔNIO,SUBURBIO,COLISÃO COM CICLISTA,Não informado,1.0,0.0,0.0,1.0,0.0,0.0,0.0,0.0,0.0,1.0,0.0,Cruzamento,Bom,Sem defeito,Perfeito estado,Seca,Perfeito estado,Faixa de pedestre,Outras,30.0,Única,Não informado,COM VÍTIMA,2022,3,30,2,
2022-03-31,,Não informado,FINALIZADA,BOA VIAGEM,AV DOM JOAO VI,Não informado,EM FRENTE AO COLEGIO MOTIVO,BOA VIAGEM,SUBURBIO,CHOQUE,Não informado,0.0,1.0,0.0,0.0,0.0,0.0,0.0,0.0,0.0,1.0,0.0,Longo da via,Bom,Não existe,Perfeito estado,Seca,Perfeito estado,Não existe,Outras,50.0,Única,Faixa seccionada,COM VÍTIMA,2022,3,31,3,
2022-03-31,,Não informado,FINALIZADA,PINA,RUA MANOEL DE BRITO,AV CONSUL JOSEPH NOUJAIM,EM FRENTE A FACULDADE IDE,PINA,SUBURBIO,COLISÃO COM CICLISTA,Não informado,0.0,0.0,0.0,1.0,0.0,1.0,0.0,0.0,0.0,1.0,0.0,Cruzamento,Bom,Sem defeito,Perfeito estado,Seca,Perfeito estado,Não existe,R-6a,60.0,Única,Não existe,COM VÍTIMA,2022,3,31,3,
2022-03-31,,Não informado,CANCELADA,IMBIRIBEIRA,AV MARECHAL MASCARENHAS DE MORAES,Não informado,Não informado,IMBIRIBEIRA,Não informado,QUEDA,Não informado,0.0,0.0,0.0,0.0,0.0,1.0,0.0,0.0,0.0,1.0,0.0,Não informado,Não informado,Não informado,Não informado,Não informado,Não informado,Não informado,Não informado,60.0,Não informado,Não informado,COM VÍTIMA,2022,3,31,3,
2022-03-31,,Não informado,CANCELADA,BOA VIAGEM,AVENIDA CELSO FURTADO (VIA MANGUE),Não informado,NA DECIDA DA ANTONIO FALCAO,BOA VIAGEM,Não informado,CAPOTAMENTO,Não informado,1.0,0.0,0.0,0.0,0.0,0.0,0.0,0.0,0.0,1.0,0.0,Não informado,Não informado,Não informado,Não informado,Não informado,Não informado,Não informado,Não informado,60.0,Não informado,Não informado,COM VÍTIMA,2022,3,31,3,
2022-03-31,,Não informado,FINALIZADA,IMBIRIBEIRA,RUA GENERAL GOES MONTEIRO,RUA CONEGO LIRA,"NO CRUZAMENTO, AO LADO DO NÚMERO 320, RESTAURANTE TRATTORIA PROVENCE.",IMBIRIBEIRA,SUBURBIO,COLISÃO TRASEIRA,Não informado,1.0,1.0,0.0,0.0,0.0,0.0,0.0,0.0,0.0,1.0,0.0,Cruzamento,Bom,Não existe,Não existente,Seca,Perfeito estado,Não existe,Não há placas,60.0,Dupla,Não existe,COM VÍTIMA,2022,3,31,3,
2022-04-01,,Não informado,CANCELADA,AREIAS,AV RECIFE,Não informado,EM FRENTE AO HOSPITAL DO IDOSO,AREIAS,Não informado,ATROPELAMENTO DE PESSOA,Não informado,1.0,0.0,0.0,0.0,1.0,0.0,0.0,0.0,0.0,1.0,0.0,Não informado,Não informado,Não informado,Não informado,Não informado,Não informado,Não informado,Não informado,60.0,Não informado,Não informado,COM VÍTIMA,2022,4,1,4,
2022-04-01,,Não informado,FINALIZADA,SANTO AMARO,AV CRUZ CABUGA,PRC GENERAL ABREU E LIMA,PRÓX. AO EMITÉRIO DOS INGLESES,SANTO AMARO,Não informado,CHOQUE,Não informado,1.0,0.0,0.0,0.0,0.0,0.0,0.0,0.0,0.0,0.0,0.0,Não informado,Não informado,Não informado,Não informado,Não informado,Não informado,Não informado,Não informado,60.0,Não informado,Não informado,SEM VÍTIMA,2022,4,1,4,
2022-04-01,,Não informado,FINALIZADA,ARRUDA,AV BEBERIBE,RUA MEM DE SA,EM FRENTE A PEDRAGON,ARRUDA,Não informado,COLISÃO LATERAL,Não informado,1.0,1.0,0.0,0.0,0.0,0.0,0.0,0.0,0.0,1.0,0.0,Cruzamento,Bom,Sem defeito,Perfeito estado,Seca,Perfeito estado,Faixa de pedestre,Outras,60.0,Dupla,Faixa contínua,COM VÍTIMA,2022,4,1,4,
2022-04-01,,Não informado,FINALIZADA,VÁRZEA,AV AFONSO OLINDENSE,Não informado,"CASA / FARMÁCIA PAGUE MENOS, EM FRENTE AO EDF. BRAGANÇA.",VÁRZEA,SUBURBIO,COLISÃO LATERAL,Não informado,1.0,1.0,0.0,0.0,0.0,0.0,0.0,0.0,0.0,1.0,0.0,Longo da via,Bom,Não existe,Não informado,Seca,Perfeito estado,Não existe,Não há placas,60.0,Dupla,Faixa contínua,COM VÍTIMA,2022,4,1,4,
2022-04-01,,Não informado,FINALIZADA,IMBIRIBEIRA,RUA DUQUE ESTRADA,Não informado,E/F AO LE PARC E EDF. ARAPUAN,IMBIRIBEIRA,SUBURBIO,COLISÃO TRANSVERSAL,Não informado,1.0,1.0,0.0,0.0,0.0,0.0,0.0,0.0,0.0,1.0,0.0,Longo da via,Bom,Não existe,Não existente,Seca,Perfeito estado,Não existe,Não há placas,60.0,Dupla,Não existe,COM VÍTIMA,2022,4,1,4,
2022-04-01,,Não informado,FINALIZADA,BOA VIAGEM,RUA JOSE MARIA DE MIRANDA,AVENIDA CELSO FURTADO (VIA MANGUE),BARRACA DO DECA/ SENTIDO PINA. EM FRENTE AO NÚMERO 328,BOA VIAGEM,CIDADE,CHOQUE,Não informado,0.0,1.0,0.0,0.0,0.0,0.0,0.0,0.0,0.0,1.0,0.0,Longo da via,Bom,Não existe,Incompleta,Seca,Perfeito estado,Não existe,Não há placas,60.0,Dupla,Não existe,COM VÍTIMA,2022,4,1,4,
2022-04-01,,Não informado,FINALIZADA,TEJIPIÓ,AV DR JOSE RUFINO,Não informado,EM FRENTE À ESTAÇÃO TEJIPIÓ,TEJIPIÓ,Não informado,COLISÃO LATERAL,Não informado,1.0,1.0,0.0,0.0,0.0,0.0,0.0,0.0,0.0,1.0,0.0,Não informado,Não informado,Não informado,Não informado,Não informado,Não informado,Não informado,Não informado,60.0,Não informado,Não informado,COM VÍTIMA,2022,4,1,4,
2022-04-01,,Não informado,FINALIZADA,ESPINHEIRO,AV JOAO DE BARROS,Não informado,EM FRENTE AO ETEPAM,ESPINHEIRO,SUBURBIO,COLISÃO TRASEIRA,Não informado,1.0,1.0,0.0,0.0,0.0,0.0,0.0,0.0,0.0,1.0,0.0,Longo da via,Bom,Não existe,Perfeito estado,Seca,Perfeito estado,Faixa de pedestre,R-25b,60.0,Única,Faixa contínua,COM VÍTIMA,2022,4,1,4,
2022-04-01,,Não informado,FINALIZADA,BOA VISTA,AV CONDE DA BOA VISTA,RUA SETE DE SETEMBRO,FARMACIAS INDEPENDENTE,BOA VISTA,SUBURBIO,ATROPELAMENTO DE PESSOA,Não informado,0.0,0.0,0.0,0.0,1.0,1.0,0.0,0.0,0.0,1.0,0.0,Cruzamento,Bom,Sem defeito,Perfeito estado,Seca,Perfeito estado,Outros,R-19,40.0,Dupla,Canteiro central,COM VÍTIMA,2022,4,1,4,
2022-04-01,,Não informado,FINALIZADA,ILHA DO LEITE,RUA DAS FRONTEIRAS,Não informado,EM FRENTE AO HOSPITAL MEMORIAL SÃO JOSÉ / VÍTIMA SOCORRIDA PARA O PRÓPRIO HOSPITAL,ILHA DO LEITE,Não informado,CHOQUE,Não informado,1.0,0.0,0.0,0.0,0.0,0.0,0.0,0.0,0.0,1.0,0.0,Outros,Bom,Não existe,Perfeito estado,Seca,Perfeito estado,Não existe,R-6a,60.0,Única,Não existe,COM VÍTIMA,2022,4,1,4,
2022-04-01,,Não informado,FINALIZADA,BARRO,AV CENTRAL,Não informado,E/F A ESTAÇÃO DO BARRO / PORTAO DE ENTRADA,BARRO,SUBURBIO,ATROPELAMENTO DE PESSOA,Não informado,0.0,0.0,0.0,0.0,1.0,1.0,0.0,0.0,0.0,1.0,0.0,Longo da via,Bom,Não existe,Perfeito estado,Seca,Perfeito estado,Não existe,Não há placas,20.0,Única,Faixa seccionada,COM VÍTIMA,2022,4,1,4,
2022-04-02,,Não informado,FINALIZADA,AREIAS,AV DR JOSE RUFINO,RUA DONA ANA AURORA,ENFRENTE AO COMERCIAL NOVO LAR,AREIAS,CIDADE,COLISÃO TRANSVERSAL,Não informado,1.0,1.0,0.0,0.0,0.0,0.0,0.0,0.0,0.0,1.0,0.0,Cruzamento,Bom,Não existe,Ilegível,Seca,Mal conservada,Não existe,R-6a,60.0,Dupla,Faixa contínua,COM VÍTIMA,2022,4,2,5,
2022-04-02,,Não informado,FINALIZADA,MADALENA,RUA CARLOS GOMES,RUA HERCULES FLORENCE,PROX A PAGMENOS E AO NÚMERO 914,MADALENA,Não informado,COLISÃO LATERAL,Não informado,1.0,0.0,0.0,0.0,0.0,1.0,0.0,0.0,0.0,1.0,0.0,Cruzamento,Bom,Não existe,Incompleta,Seca,Perfeito estado,Faixa de pedestre,Não há placas,40.0,Não informado,Faixa seccionada,COM VÍTIMA,2022,4,2,5,
2022-04-02,,Não informado,FINALIZADA,CASA FORTE,RUA DR JOAO SANTOS FILHO,Não informado,ENFRENTE  AO SHOPPING AO LADO DA RUA DO MEC DONALD,CASA FORTE,Não informado,COLISÃO LATERAL,Não informado,2.0,0.0,0.0,0.0,0.0,0.0,0.0,0.0,0.0,0.0,0.0,Não informado,Não informado,Não informado,Não informado,Não informado,Não informado,Não informado,Não informado,60.0,Não informado,Não informado,SEM VÍTIMA,2022,4,2,5,
2022-04-02,,Não informado,FINALIZADA,TORRÕES,RUA DR MIGUEL VIEIRA FERREIRA,Não informado,PROX AO MERCADINHO SACOLAO,TORRÕES,SUBURBIO,ATROPELAMENTO DE PESSOA,Não informado,1.0,0.0,0.0,0.0,1.0,0.0,0.0,0.0,0.0,1.0,0.0,Longo da via,Bom,Não existe,Perfeito estado,Seca,Perfeito estado,Não existe,Não há placas,60.0,Dupla,Não existe,COM VÍTIMA,2022,4,2,5,
2022-04-02,,Não informado,FINALIZADA,JORDÃO,RUA ALBERTO LUNDGREN,Não informado,Não informado,JORDÃO,CIDADE,COLISÃO TRASEIRA,Não informado,3.0,0.0,0.0,0.0,0.0,0.0,0.0,0.0,0.0,0.0,0.0,Longo da via,Bom,Sem defeito,Perfeito estado,Seca,Perfeito estado,Não existe,Não há placas,60.0,Única,Faixa seccionada,SEM VÍTIMA,2022,4,2,5,
2022-04-03,,Não informado,FINALIZADA,ILHA JOANA BEZERRA,VIADUTO CAPITAO TEMUDO,Não informado,"NA DESCIDA DO VIADUTO, SNT BV. ALÇA DE ACESSO À RUA IMPERIAL.",ILHA JOANA BEZERRA,SUBURBIO,CHOQUE,Não informado,0.0,1.0,0.0,0.0,0.0,0.0,0.0,0.0,0.0,2.0,0.0,Viaduto,Bom,Não existe,Não existente,Seca,Perfeito estado,Não informado,Não há placas,60.0,Dupla,Outros,COM VÍTIMA,2022,4,3,6,
2022-04-04,,Não informado,FINALIZADA,AREIAS,AV RECIFE,RUA CAPITAO ESTEVAO FERNANDES,AO LADO DA CLINICA OK DOUTOR,AREIAS,Não informado,COLISÃO LATERAL,Não informado,1.0,1.0,0.0,0.0,0.0,0.0,0.0,0.0,0.0,1.0,0.0,Esquina,Bom,Sem defeito,Perfeito estado,Seca,Perfeito estado,Faixa de pedestre,R-6a,60.0,Dupla,Faixa contínua,COM VÍTIMA,2022,4,4,0,
2022-04-04,,Não informado,FINALIZADA,IMBIRIBEIRA,AV MARECHAL MASCARENHAS DE MORAES,Não informado,"SENT. AEROPORTO, EM FRENTE A EUROVIA RENAULT",IMBIRIBEIRA,SUBURBIO,COLISÃO TRASEIRA,Não informado,2.0,1.0,0.0,0.0,0.0,0.0,0.0,0.0,0.0,1.0,0.0,Longo da via,Bom,Sem defeito,Perfeito estado,Seca,Perfeito estado,Faixa de pedestre,Não há placas,60.0,Única,Faixa seccionada,COM VÍTIMA,2022,4,4,0,
2022-04-04,,Não informado,FINALIZADA,BAIRRO DO RECIFE,AV RIO BRANCO,CAIS DO APOLO,E/F AO BANCO DO BRASIL,BAIRRO DO RECIFE,Não informado,COLISÃO LATERAL,Não informado,1.0,1.0,0.0,0.0,0.0,0.0,0.0,0.0,0.0,1.0,0.0,Cruzamento,Bom,Sem defeito,Perfeito estado,Seca,Perfeito estado,Faixa de pedestre,Outras,60.0,Dupla,Faixa contínua,COM VÍTIMA,2022,4,4,0,
2022-04-04,,Não informado,FINALIZADA,IMBIRIBEIRA,AV SUL,Não informado,DENTRO DO TERMINAL INTEGRADO TANCREDO NEVES,IMBIRIBEIRA,Não informado,ATROPELAMENTO DE PESSOA,Não informado,0.0,0.0,0.0,0.0,1.0,1.0,0.0,0.0,0.0,0.0,1.0,Longo da via,Bom,Não existe,Não existente,Seca,Perfeito estado,Não existe,Não há placas,60.0,Única,Não existe,VÍTIMA FATAL,2022,4,4,0,
2022-04-04,,Não informado,FINALIZADA,IPUTINGA,RUA BOM PASTOR,Não informado,PROX ACADEMIA BIO FORMA  EO BAR SEU JORGE,IPUTINGA,CIDADE,COLISÃO LATERAL,Não informado,1.0,1.0,0.0,0.0,0.0,0.0,0.0,0.0,0.0,1.0,0.0,Cruzamento,Bom,Não existe,Incompleta,Seca,Mal conservada,Não existe,R-6a,40.0,Dupla,Não existe,COM VÍTIMA,2022,4,4,0,
2022-04-04,,Não informado,FINALIZADA,ESTÂNCIA,AV DR JOSE RUFINO,RUA ANDRE VIEIRA DE MELO,E/F AO COLEGIO VISAO,ESTÂNCIA,Não informado,ATROPELAMENTO DE PESSOA,Não informado,1.0,0.0,0.0,0.0,1.0,0.0,0.0,0.0,0.0,1.0,0.0,Esquina,Bom,Sem defeito,Perfeito estado,Seca,Perfeito estado,Faixa de pedestre,Outras,60.0,Dupla,Faixa contínua,COM VÍTIMA,2022,4,4,0,
2022-04-05,,Não informado,FINALIZADA,SANTO ANTÔNIO,AV GUARARAPES,RUA DO SOL,EM FRENTE AO CORREIOS,SANTO ANTÔNIO,Não informado,COLISÃO TRANSVERSAL,Não informado,1.0,0.0,0.0,0.0,0.0,1.0,0.0,0.0,0.0,1.0,0.0,Não informado,Não informado,Não informado,Não informado,Não informado,Não informado,Não informado,Não informado,60.0,Não informado,Não informado,COM VÍTIMA,2022,4,5,1,
2022-04-05,,Não informado,FINALIZADA,SÃO JOSÉ,AV SUL,Não informado,PRÓXIMO A PRAÇA SÉRGIO LORETO. EM FRENTE AO POSTO BR.,SÃO JOSÉ,CIDADE,QUEDA,Não informado,0.0,1.0,0.0,0.0,0.0,0.0,0.0,0.0,0.0,2.0,0.0,Longo da via,Bom,Não existe,Perfeito estado,Seca,Perfeito estado,Não existe,Não há placas,60.0,Única,Faixa seccionada,COM VÍTIMA,2022,4,5,1,
2022-04-05,,Não informado,FINALIZADA,PARNAMIRIM,AV DEZESSETE DE AGOSTO,Não informado,E/F A HORTFRUIT ALÉM DO CAMPO,PARNAMIRIM,SUBURBIO,CHOQUE,Não informado,2.0,1.0,0.0,0.0,0.0,0.0,0.0,0.0,0.0,2.0,0.0,Longo da via,Bom,Não existe,Perfeito estado,Seca,Perfeito estado,Não existe,Outras,40.0,Dupla,Faixa contínua,COM VÍTIMA,2022,4,5,1,
2022-04-05,,Não informado,FINALIZADA,GRAÇAS,AV CONS ROSA E SILVA,Não informado,E/F AO CLUBE PORTUGUES,GRAÇAS,SUBURBIO,ATROPELAMENTO DE PESSOA,Não informado,1.0,0.0,0.0,0.0,2.0,0.0,0.0,0.0,0.0,2.0,0.0,Longo da via,Bom,Não existe,Perfeito estado,Seca,Perfeito estado,Outros,R-6a,60.0,Única,Faixa seccionada,COM VÍTIMA,2022,4,5,1,
2022-04-05,,Não informado,CANCELADA,AREIAS,AV RECIFE,Não informado,POR TRAS DO HOSPITAL DA MULHER  S/T BOA VIAGEM,AREIAS,Não informado,COLISÃO FRONTAL,Não informado,1.0,1.0,0.0,0.0,0.0,0.0,0.0,0.0,0.0,1.0,0.0,Não informado,Não informado,Não informado,Não informado,Não informado,Não informado,Não informado,Não informado,60.0,Não informado,Não informado,COM VÍTIMA,2022,4,5,1,
2022-04-05,,Não informado,FINALIZADA,BONGI,RUA DONA MARIA AUGUSTA NOGUEIRA,RUA DELMIRO GOUVEIA,POR TRAS DA CELPE  NA RUA SECRETARIA DE SAUDE. EM FRENTE A IGREJA PRESTITERIANA BOAS NOVAS.,BONGI,CIDADE,COLISÃO TRANSVERSAL,Não informado,1.0,1.0,0.0,0.0,0.0,0.0,0.0,0.0,0.0,1.0,0.0,Esquina,Bom,Não existe,Perfeito estado,Seca,Perfeito estado,Não existe,Outras,60.0,Dupla,Faixa seccionada,COM VÍTIMA,2022,4,5,1,
2022-04-05,,Não informado,CANCELADA,CASA AMARELA,RUA DA HARMONIA,Não informado,EM FRENTE AO CENTRO EDUCACIONAL VILA SEZAMO,CASA AMARELA,Não informado,COLISÃO LATERAL,Não informado,1.0,1.0,0.0,0.0,0.0,0.0,0.0,0.0,0.0,1.0,0.0,Não informado,Não informado,Não informado,Não informado,Não informado,Não informado,Não informado,Não informado,60.0,Não informado,Não informado,COM VÍTIMA,2022,4,5,1,
2022-04-05,,Não informado,FINALIZADA,BOA VIAGEM,AV ENGENHEIRO DOMINGOS FERREIRA,RUA DONA BENVINDA DE FARIAS,Não informado,BOA VIAGEM,SUBURBIO,COLISÃO TRASEIRA,Não informado,1.0,0.0,0.0,0.0,0.0,1.0,0.0,0.0,0.0,0.0,0.0,Cruzamento,Bom,Sem defeito,Perfeito estado,Seca,Perfeito estado,Faixa de pedestre,Não há placas,60.0,Única,Canteiro central,SEM VÍTIMA,2022,4,5,1,
2022-04-05,,Não informado,FINALIZADA,PINA,AV BOA VIAGEM,Não informado,TERCEIRO JARDIM,PINA,CIDADE,Não informado,Não informado,1.0,0.0,0.0,0.0,0.0,0.0,0.0,1.0,0.0,0.0,0.0,Longo da via,Bom,Sem defeito,Perfeito estado,Seca,Perfeito estado,Faixa de retenção,Não há placas,60.0,Única,Faixa contínua,SEM VÍTIMA,2022,4,5,1,
2022-04-05,,Não informado,FINALIZADA,SAN MARTIN,AV GENERAL SAN MARTIN,Não informado,NA ROTATÓRIA S/T  AFOGADOS . EM FRENTE À IGREJA UNIVERSAL,SAN MARTIN,SUBURBIO,COLISÃO FRONTAL,Não informado,2.0,0.0,0.0,0.0,0.0,0.0,0.0,0.0,0.0,1.0,0.0,Rotatória,Bom,Não existe,Incompleta,Seca,Perfeito estado,Não existe,Não há placas,60.0,Única,Outros,COM VÍTIMA,2022,4,5,1,
2022-04-06,,Não informado,FINALIZADA,DERBY,AV GOVERNADOR AGAMENON MAGALHAES,PRC DO DERBY,SOBRE A FAIXA DE PEDESTRES (SENTIDO CAMARAGIBE) E/F À ESTAÇÃO BRT,DERBY,BOA VIAGEM,COLISÃO TRASEIRA,Não informado,0.0,1.0,0.0,0.0,0.0,1.0,0.0,0.0,0.0,1.0,0.0,Longo da via,Bom,Intermitente,Perfeito estado,Molhada,Perfeito estado,Faixa de pedestre,R-4a,60.0,Dupla,Faixa seccionada,COM VÍTIMA,2022,4,6,2,
2022-04-06,,Não informado,FINALIZADA,MACAXEIRA,AV NORTE MIGUEL ARRAES DE ALENCAR,Não informado,ANTES DE CHEGAR NA INTEGRAÇAO DA MACAXEIRA,MACAXEIRA,Não informado,COLISÃO TRASEIRA,Não informado,2.0,0.0,0.0,0.0,0.0,0.0,0.0,0.0,0.0,0.0,0.0,Não informado,Não informado,Não informado,Não informado,Não informado,Não informado,Não informado,Não informado,60.0,Não informado,Não informado,SEM VÍTIMA,2022,4,6,2,
2022-04-06,,Não informado,FINALIZADA,BOA VIAGEM,RUA PEDRO BERGAMO,Não informado,EM FRENTE AO EDIFÍCIO BENIDORM,BOA VIAGEM,Não informado,Não informado,Não informado,2.0,0.0,0.0,0.0,0.0,0.0,0.0,0.0,0.0,0.0,0.0,Longo da via,Bom,Não existe,Perfeito estado,Seca,Perfeito estado,Não existe,Não há placas,60.0,Única,Não existe,SEM VÍTIMA,2022,4,6,2,
2022-04-06,,Não informado,FINALIZADA,ESTÂNCIA,AV RECIFE,Não informado,EM FRENTE AO GALETOS/ SENTIDO BOA VIAGEM,ESTÂNCIA,Não informado,COLISÃO LATERAL,Não informado,0.0,2.0,0.0,0.0,0.0,0.0,0.0,0.0,0.0,2.0,0.0,Não informado,Não informado,Não informado,Não informado,Não informado,Não informado,Não informado,Não informado,60.0,Não informado,Não informado,COM VÍTIMA,2022,4,6,2,
2022-04-06,,Não informado,FINALIZADA,LINHA DO TIRO,RUA URIEL DE HOLANDA,Não informado,E/F A  CHURRASCARIA CACHOEIRA,LINHA DO TIRO,CIDADE,COLISÃO LATERAL,Não informado,1.0,1.0,0.0,0.0,0.0,0.0,0.0,0.0,0.0,1.0,0.0,Longo da via,Bom,Não existe,Ilegível,Seca,Mal iluminada,Não existe,Não há placas,60.0,Dupla,Faixa seccionada,COM VÍTIMA,2022,4,6,2,
2022-04-06,,Não informado,FINALIZADA,BOA VIAGEM,AV ENGENHEIRO DOMINGOS FERREIRA,Não informado,E/F AO CARREFOUR / SEMÁFORO 145,BOA VIAGEM,SUBURBIO,ATROPELAMENTO DE PESSOA,Não informado,1.0,0.0,0.0,0.0,1.0,0.0,0.0,0.0,0.0,1.0,0.0,Longo da via,Bom,Sem defeito,Perfeito estado,Seca,Perfeito estado,Faixa de pedestre,Não há placas,60.0,Única,Faixa seccionada,COM VÍTIMA,2022,4,6,2,
2022-04-07,,Não informado,FINALIZADA,BOA VIAGEM,RUA DEZ DE JULHO,RUA CAMBOIM,EM FRENTE AO MOTEL MAISON CRISTAL. PRÓXIMO A CONFORT LOCADORA DE CARROS.,BOA VIAGEM,CIDADE,COLISÃO TRANSVERSAL,Não informado,1.0,1.0,0.0,0.0,0.0,0.0,0.0,0.0,0.0,1.0,0.0,Cruzamento,Bom,Não existe,Perfeito estado,Seca,Perfeito estado,Faixa de retenção,Não há placas,60.0,Dupla,Faixa contínua,COM VÍTIMA,2022,4,7,3,