data,hora,natureza_acidente,situacao,bairro,endereco,detalhe_endereco_acidente,complemento,bairro_cruzamento,sentido_via,tipo,descricao,auto,moto,ciclom,ciclista,pedestre,onibus,caminhao,viatura,outros,vitimas,vitimasfatais,acidente_verificado,tempo_clima,situacao_semaforo,sinalizacao,condicao_via,conservacao_via,ponto_controle,situacao_placa,velocidade_max_via,mao_direcao,divisao_via1,natureza,ano,mes,dia,dia_semana,hora_ocorrencia
2022-04-07,,Não informado,FINALIZADA,TORRE,RUA PROFESSOR TRAJANO DE MENDONCA,Não informado,EM FRENTE AO RESTAURANTE DO IRMAO / LADO DO ATACADO DOS PRESENTES,TORRE,CIDADE,COLISÃO TRASEIRA,Não informado,0.0,2.0,0.0,0.0,0.0,0.0,0.0,0.0,0.0,2.0,0.0,Longo da via,Chuvoso,Não existe,Perfeito estado,Molhada,Perfeito estado,Não existe,Não há placas,40.0,Única,Faixa seccionada,COM VÍTIMA,2022,4,7,3,
2022-04-07,,Não informado,FINALIZADA,CORDEIRO,AV PROFESSOR ESTEVAO FRANCISCO DA COSTA,Não informado,Não informado,CORDEIRO,SUBURBIO,CHOQUE,Não informado,0.0,1.0,0.0,0.0,0.0,0.0,0.0,0.0,0.0,1.0,0.0,Cruzamento,Bom,Sem defeito,Perfeito estado,Seca,Perfeito estado,Faixa de pedestre,Outras,60.0,Única,Faixa contínua,COM VÍTIMA,2022,4,7,3,
2022-04-07,,Não informado,FINALIZADA,Não informado,AV GOVERNADOR AGAMENON MAGALHAES,Não informado,EM FRENTE AO REAL HOSPITAL PORTUGUÊS ( PISTA LOCAL ),Não informado,SUBURBIO,Não informado,Não informado,0.0,0.0,0.0,0.0,0.0,0.0,1.0,1.0,0.0,0.0,0.0,Longo da via,Bom,Sem defeito,Perfeito estado,Seca,Perfeito estado,Faixa de retenção,Não há placas,60.0,Única,Faixa seccionada,SEM VÍTIMA,2022,4,7,3,
2022-04-07,,Não informado,FINALIZADA,IMBIRIBEIRA,AV MARECHAL MASCARENHAS DE MORAES,Não informado,EM FRENTE DA FACULDADE PERNAMBUCANA,IMBIRIBEIRA,CIDADE,COLISÃO TRASEIRA,Não informado,1.0,1.0,0.0,0.0,0.0,0.0,0.0,0.0,0.0,1.0,0.0,Longo da via,Bom,Sem defeito,Perfeito estado,Seca,Perfeito estado,Faixa de pedestre,Outras,60.0,Dupla,Faixa contínua,COM VÍTIMA,2022,4,7,3,
2022-04-07,,Não informado,FINALIZADA,JOANA BEZERRA,VDO PAPA JOAO PAULO II,Não informado,AO LADO DO FÓRUM / SENTIDO BOA VIAGEM,JOANA BEZERRA,SUBURBIO,COLISÃO TRASEIRA,Não informado,0.0,1.0,0.0,0.0,0.0,1.0,0.0,0.0,0.0,1.0,0.0,Viaduto,Bom,Não existe,Não existente,Seca,Perfeito estado,Não existe,Não há placas,60.0,Dupla,Canteiro central,COM VÍTIMA,2022,4,7,3,
2022-04-07,,Não informado,FINALIZADA,AREIAS,RUA IPOJUCA,RUA CARUARU,PROX A IGREJA PRESBITERIANA. EM FRENTE À ESCOLA MUNICIPAL DE AREIAS.,AREIAS,SUBURBIO,COLISÃO FRONTAL,Não informado,2.0,0.0,0.0,0.0,0.0,0.0,0.0,0.0,0.0,1.0,0.0,Longo da via,Bom,Não existe,Não existente,Seca,Perfeito estado,Não existe,Não há placas,40.0,Dupla,Faixa seccionada,COM VÍTIMA,2022,4,7,3,
2022-04-08,,Não informado,FINALIZADA,IMBIRIBEIRA,RUA JOSE DA SILVA LUCENA,RUA SARGENTO SILVINO DE MACEDO,RUA DO COLEGIO GGE. LITÍGIO,IMBIRIBEIRA,CIDADE,COLISÃO LATERAL,Não informado,1.0,1.0,0.0,0.0,0.0,0.0,0.0,0.0,0.0,0.0,0.0,Cruzamento,Chuvoso,Não existe,Perfeito estado,Molhada,Perfeito estado,Faixa de pedestre,Não há placas,60.0,Dupla,Não existe,SEM VÍTIMA,2022,4,8,4,
2022-04-08,,Não informado,FINALIZADA,AREIAS,AV TENENTE FELIPE BANDEIRA DE MELO,Não informado,PROX. AO HIPER,AREIAS,Não informado,COLISÃO LATERAL,Não informado,1.0,1.0,0.0,0.0,0.0,0.0,0.0,0.0,0.0,1.0,0.0,Não informado,Não informado,Não informado,Não informado,Não informado,Não informado,Não informado,Não informado,60.0,Não informado,Não informado,COM VÍTIMA,2022,4,8,4,
2022-04-08,,Não informado,FINALIZADA,AREIAS,AV RECIFE,Não informado,"SOB A AV DR JOSE RUFINO, AO LADO DO ARMAZÉM CORAL, PRÓXIMO A AV ESTANCIA, RETORNO.",AREIAS,CIDADE,QUEDA,Não informado,0.0,1.0,0.0,0.0,0.0,0.0,0.0,0.0,0.0,1.0,0.0,Viaduto,Chuvoso,Não existe,Perfeito estado,Molhada,Perfeito estado,Não existe,Não há placas,60.0,Dupla,Faixa seccionada,COM VÍTIMA,2022,4,8,4,
2022-04-08,,Não informado,FINALIZADA,ARRUDA,AV PROFESSOR JOSE DOS ANJOS,RUA PETRONILA BOTELHO,SEMAFORO 554,ARRUDA,CIDADE,COLISÃO LATERAL,Não informado,1.0,1.0,0.0,0.0,0.0,0.0,0.0,0.0,0.0,1.0,0.0,Cruzamento,Chuvoso,Sem defeito,Perfeito estado,Molhada,Perfeito estado,Faixa de pedestre,Outras,60.0,Dupla,Faixa seccionada,COM VÍTIMA,2022,4,8,4,
2022-04-08,,Não informado,FINALIZADA,ÁGUA FRIA,AV BEBERIBE,Não informado,EM FRENTE A EQUIPADORA NÓS,ÁGUA FRIA,SUBURBIO,COLISÃO COM CICLISTA,Não informado,0.0,0.0,0.0,1.0,0.0,1.0,0.0,0.0,0.0,1.0,0.0,Longo da via,Bom,Sem defeito,Perfeito estado,Seca,Perfeito estado,Faixa de pedestre,Outras,60.0,Dupla,Faixa contínua,COM VÍTIMA,2022,4,8,4,
2022-04-08,,Não informado,FINALIZADA,SAN MARTIN,AV ENGENHEIRO ABDIAS DE CARVALHO,RUA QUINZE DE MARCO,COLISÃO COM VÍTIMA,SAN MARTIN,SUBURBIO,COLISÃO FRONTAL,Não informado,0.0,2.0,0.0,0.0,0.0,0.0,0.0,0.0,0.0,1.0,0.0,Não informado,Não informado,Não informado,Não informado,Não informado,Não informado,Não informado,Não informado,60.0,Não informado,Não informado,COM VÍTIMA,2022,4,8,4,
2022-04-08,,Não informado,FINALIZADA,BAIRRO DO RECIFE,RUA DO SOL,Não informado,TEATRO  SANTA ISABEL,BAIRRO DO RECIFE,CIDADE,COLISÃO TRASEIRA,Não informado,1.0,0.0,0.0,0.0,0.0,1.0,0.0,0.0,0.0,0.0,0.0,Longo da via,Bom,Não existe,Perfeito estado,Seca,Perfeito estado,Não existe,Não há placas,40.0,Única,Faixa seccionada,SEM VÍTIMA,2022,4,8,4,
2022-04-09,,Não informado,FINALIZADA,ESPINHEIRO,RUA MANUEL DE CARVALHO,Não informado,EDIFÍCIO BELLINI,ESPINHEIRO,SUBURBIO,CHOQUE,Não informado,1.0,0.0,0.0,0.0,0.0,0.0,0.0,0.0,0.0,0.0,0.0,Longo da via,Bom,Não existe,Perfeito estado,Molhada,Perfeito estado,Não existe,Não há placas,60.0,Única,Não existe,SEM VÍTIMA,2022,4,9,5,
2022-04-09,,Não informado,FINALIZADA,BOA VIAGEM,RUA DES JOAO PAES,Não informado,AO LADO DA FERREIRA PINTO,BOA VIAGEM,Não informado,COLISÃO LATERAL,Não informado,1.0,1.0,0.0,0.0,0.0,0.0,0.0,0.0,0.0,0.0,0.0,Não informado,Não informado,Não informado,Não informado,Não informado,Não informado,Não informado,Não informado,60.0,Não informado,Não informado,SEM VÍTIMA,2022,4,9,5,
2022-04-09,,Não informado,FINALIZADA,BOA VIAGEM,RUA ERNESTO DE PAULA SANTOS,Não informado,E/F A FACULDADE UNINASSAU,BOA VIAGEM,AV BOA VIAGEM,ATROPELAMENTO DE PESSOA,Não informado,1.0,0.0,0.0,0.0,1.0,0.0,0.0,0.0,0.0,1.0,0.0,Longo da via,Bom,Não existe,Perfeito estado,Seca,Perfeito estado,Não existe,Outras,60.0,Única,Faixa seccionada,COM VÍTIMA,2022,4,9,5,
2022-04-10,,Não informado,FINALIZADA,PINA,AV BRASILIA FORMOSA,RUA PORAQUE,NA ORLA DA BRASILIA TEIMOSA. BAR LULA PÉ DE PORCO.,PINA,SUBURBIO,CHOQUE,Não informado,1.0,1.0,0.0,0.0,0.0,0.0,0.0,0.0,0.0,2.0,0.0,Longo da via,Bom,Não existe,Não existente,Seca,Perfeito estado,Não informado,Não há placas,40.0,Dupla,Faixa contínua,COM VÍTIMA,2022,4,10,6,
2022-04-10,,Não informado,FINALIZADA,PINA,AV BOA VIAGEM,RUA PEREIRA DA COSTA,EM FRENTE AO HOTEL TRANSAMERICA. EDF CHATEAU MOUTON,PINA,CIDADE,ATROPELAMENTO DE PESSOA,Não informado,0.0,1.0,0.0,0.0,1.0,0.0,0.0,0.0,0.0,1.0,1.0,Cruzamento,Bom,Sem defeito,Perfeito estado,Seca,Perfeito estado,Faixa de pedestre,Outras,60.0,Única,Faixa contínua,VÍTIMA FATAL,2022,4,10,6,
2022-04-10,,Não informado,FINALIZADA,CORDEIRO,AV ENGENHEIRO ABDIAS DE CARVALHO,RUA ANTONIO VALDEVINO COSTA,AO LADO DO COMPAZ ARIANO SUASSUNA,CORDEIRO,SUBURBIO,COLISÃO LATERAL,Não informado,1.0,1.0,0.0,0.0,0.0,0.0,0.0,0.0,0.0,1.0,0.0,Longo da via,Bom,Sem defeito,Perfeito estado,Seca,Perfeito estado,Faixa de retenção,R-5a,60.0,Dupla,Blocos,COM VÍTIMA,2022,4,10,6,
2022-04-10,,Não informado,CANCELADA,ALTO SANTA TERESINHA,RUA PROFESSOR JOSE AMARINO DOS REIS,Não informado,PROX DA BARRACA DE SALU DEPOIS DO TEIMOSO,ALTO SANTA TERESINHA,Não informado,COLISÃO TRASEIRA,Não informado,1.0,1.0,0.0,0.0,0.0,0.0,0.0,0.0,0.0,1.0,0.0,Não informado,Não informado,Não informado,Não informado,Não informado,Não informado,Não informado,Não informado,60.0,Não informado,Não informado,COM VÍTIMA,2022,4,10,6,
2022-04-10,,Não informado,FINALIZADA,BONGI,EST DO BONGI,RUA SANTA EDWIRGES,PROX A ANTIGA FACULDADE NOVA ROMA,BONGI,Não informado,COLISÃO FRONTAL,Não informado,1.0,1.0,0.0,0.0,0.0,0.0,0.0,0.0,0.0,1.0,0.0,Cruzamento,Bom,Não existe,Não existente,Seca,Mal conservada,Não existe,Não há placas,60.0,Dupla,Não existe,COM VÍTIMA,2022,4,10,6,
2022-04-10,,Não informado,CANCELADA,VASCO DA GAMA,RUA DOIS DE FEVEREIRO,Não informado,ENFRENTE AO BAR DO PAULO,VASCO DA GAMA,Não informado,COLISÃO FRONTAL,Não informado,1.0,1.0,0.0,0.0,0.0,0.0,0.0,0.0,0.0,1.0,0.0,Não informado,Não informado,Não informado,Não informado,Não informado,Não informado,Não informado,Não informado,60.0,Não informado,Não informado,COM VÍTIMA,2022,4,10,6,
2022-04-10,,Não informado,FINALIZADA,CASA AMARELA,RUA ALTO JOSE BONIFACIO,Não informado,"PROX A FEIRA DA RODINHA, SUBINDO A LADEIRA DA BOMBA DO HEMETÉRIO",CASA AMARELA,SUBURBIO,COLISÃO FRONTAL,Não informado,2.0,0.0,0.0,0.0,0.0,0.0,0.0,0.0,0.0,1.0,0.0,Longo da via,Bom,Não existe,Não existente,Seca,Perfeito estado,Não existe,Não há placas,60.0,Dupla,Não existe,COM VÍTIMA,2022,4,10,6,
2022-04-11,,Não informado,FINALIZADA,BOA VISTA,RUA GERVASIO PIRES,AV CONDE DA BOA VISTA,E/F A DROGASIL. AO LADO DA DROGARIA SÃO PAULO,BOA VISTA,CIDADE,COLISÃO LATERAL,Não informado,1.0,1.0,0.0,0.0,0.0,0.0,0.0,0.0,0.0,2.0,0.0,Longo da via,Bom,Sem defeito,Perfeito estado,Seca,Perfeito estado,Agente,R-6a,60.0,Única,Faixa seccionada,COM VÍTIMA,2022,4,11,0,
2022-04-11,,Não informado,FINALIZADA,BOA VISTA,RUA IMPERADOR PEDRO SEGUNDO,Não informado,EM FRENTE AO RESTAURENTE DOM PEDRO AO LADO DO CARTORIO.,BOA VISTA,SUBURBIO,COLISÃO LATERAL,Não informado,2.0,1.0,0.0,0.0,0.0,0.0,0.0,0.0,0.0,1.0,0.0,Longo da via,Bom,Não existe,Perfeito estado,Seca,Perfeito estado,Não existe,Não há placas,60.0,Única,Faixa seccionada,COM VÍTIMA,2022,4,11,0,
2022-04-12,,Não informado,FINALIZADA,BOA VIAGEM,AV BOA VIAGEM,Não informado,PRÓXIMO AO SEMÁFORO 84.,BOA VIAGEM,SUBURBIO,COLISÃO LATERAL,Não informado,1.0,1.0,0.0,0.0,0.0,0.0,0.0,0.0,0.0,1.0,0.0,Longo da via,Bom,Sem defeito,Perfeito estado,Seca,Perfeito estado,Faixa de pedestre,Outras,60.0,Única,Faixa seccionada,COM VÍTIMA,2022,4,12,1,
2022-04-12,,Não informado,FINALIZADA,BOA VISTA,RUA DOM BOSCO,Não informado,AO LADO DA RÁDIO RECIFE,BOA VISTA,SUBURBIO,COLISÃO LATERAL,Não informado,1.0,1.0,0.0,0.0,0.0,0.0,0.0,0.0,0.0,1.0,0.0,Longo da via,Bom,Não existe,Perfeito estado,Seca,Perfeito estado,Não existe,R-6a,60.0,Dupla,Faixa contínua,COM VÍTIMA,2022,4,12,1,
2022-04-12,,Não informado,FINALIZADA,MACAXEIRA,AV NORTE MIGUEL ARRAES DE ALENCAR,Não informado,PROXIMO AO TERMINAL DA MACAXEIRA,MACAXEIRA,Não informado,TOMBAMENTO,Não informado,0.0,0.0,0.0,0.0,0.0,0.0,0.0,0.0,0.0,0.0,0.0,Não informado,Não informado,Não informado,Não informado,Não informado,Não informado,Não informado,Não informado,60.0,Não informado,Não informado,SEM VÍTIMA,2022,4,12,1,
2022-04-12,,Não informado,FINALIZADA,MACAXEIRA,AV NORTE MIGUEL ARRAES DE ALENCAR,Não informado,PROXIMO AO TERMINAL DA MACAXEIRA,MACAXEIRA,Não informado,TOMBAMENTO,Não informado,0.0,0.0,0.0,0.0,0.0,0.0,0.0,0.0,0.0,0.0,0.0,Não informado,Não informado,Não informado,Não informado,Não informado,Não informado,Não informado,Não informado,60.0,Não informado,Não informado,SEM VÍTIMA,2022,4,12,1,
2022-04-12,,Não informado,FINALIZADA,IPUTINGA,AV CAXANGA,Não informado,LADO OPOSTO AO JBS,IPUTINGA,CIDADE,COLISÃO TRASEIRA,Não informado,3.0,0.0,0.0,0.0,0.0,0.0,0.0,0.0,0.0,1.0,0.0,Longo da via,Bom,Sem defeito,Perfeito estado,Seca,Perfeito estado,Não existe,Não há placas,60.0,Dupla,Canteiro central,COM VÍTIMA,2022,4,12,1,
2022-04-12,,Não informado,FINALIZADA,BOA VIAGEM,AV CONSELHEIRO AGUIAR,Não informado,PRÓXIMO AO MERCADO DE BOA VIAGEM,BOA VIAGEM,CIDADE,COLISÃO TRASEIRA,Não informado,1.0,0.0,0.0,0.0,0.0,1.0,0.0,0.0,0.0,1.0,0.0,Longo da via,Bom,Não existe,Perfeito estado,Seca,Perfeito estado,Não existe,R-6a,60.0,Única,Faixa contínua,COM VÍTIMA,2022,4,12,1,
2022-04-12,,Não informado,FINALIZADA,IPSEP,AV RECIFE,Não informado,JJK AUTO,IPSEP,SUBURBIO,ENGAVETAMENTO,Não informado,4.0,0.0,0.0,0.0,0.0,0.0,0.0,0.0,0.0,1.0,0.0,Longo da via,Bom,Sem defeito,Perfeito estado,Seca,Perfeito estado,Faixa de pedestre,R-6a,60.0,Única,Faixa seccionada,COM VÍTIMA,2022,4,12,1,
2022-04-12,,Não informado,FINALIZADA,IMBIRIBEIRA,AV SUL,Não informado,PATIO TERMINAL DE ONIBUS TRANCREDO NEVES,IMBIRIBEIRA,Não informado,COLISÃO TRASEIRA,Não informado,0.0,0.0,0.0,0.0,0.0,2.0,0.0,0.0,0.0,5.0,0.0,Outros,Bom,Não existe,Não existente,Seca,Mal conservada,Não existe,Não há placas,60.0,Única,Não informado,COM VÍTIMA,2022,4,12,1,
2022-04-12,,Não informado,FINALIZADA,IPSEP,AV RECIFE,Não informado,RL VIDROS E MOLDURAS,IPSEP,SUBURBIO,ENGAVETAMENTO,Não informado,4.0,0.0,0.0,0.0,0.0,0.0,0.0,0.0,0.0,1.0,0.0,Longo da via,Bom,Não existe,Perfeito estado,Seca,Perfeito estado,Não existe,Não há placas,60.0,Dupla,Faixa contínua,COM VÍTIMA,2022,4,12,1,
2022-04-12,,Não informado,FINALIZADA,JORDÃO,AV JULIO CESAR,RUA ANTONIO ROCHA,RUA ANTONIO ROCHA,JORDÃO,SUBURBIO,COLISÃO TRANSVERSAL,Não informado,3.0,0.0,0.0,0.0,0.0,0.0,0.0,0.0,0.0,2.0,0.0,Cruzamento,Bom,Não existe,Não existente,Seca,Perfeito estado,Não existe,Não há placas,60.0,Dupla,Faixa seccionada,COM VÍTIMA,2022,4,12,1,
2022-04-12,,Não informado,FINALIZADA,AFOGADOS,RUA COSME VIANA,RUA PROFESSOR FREDERICO CURIO,EM FRENTE A LÉO  CHOPP,AFOGADOS,SUBURBIO,COLISÃO TRANSVERSAL,Não informado,1.0,1.0,0.0,0.0,0.0,0.0,0.0,0.0,0.0,1.0,0.0,Cruzamento,Bom,Sem defeito,Incompleta,Seca,Perfeito estado,Faixa de pedestre,Outras,60.0,Única,Faixa contínua,COM VÍTIMA,2022,4,12,1,
2022-04-12,,Não informado,FINALIZADA,APIPUCOS,RUA DOIS IRMAOS,Não informado,EM FRENTE A ESCOLA CANDIDO DUARTE,APIPUCOS,CIDADE,COLISÃO TRANSVERSAL,Não informado,1.0,1.0,0.0,0.0,0.0,0.0,0.0,0.0,0.0,1.0,0.0,Longo da via,Bom,Sem defeito,Perfeito estado,Seca,Perfeito estado,Não existe,R-6a,60.0,Dupla,Faixa contínua,COM VÍTIMA,2022,4,12,1,
2022-04-13,,Não informado,FINALIZADA,MUSTARDINHA,EST DO BONGI,AV MANOEL GONCALVES DA LUZ,EM FRENTE A IGREJA BATISTA DO BONGI,MUSTARDINHA,SUBURBIO,COLISÃO FRONTAL,Não informado,2.0,0.0,0.0,0.0,0.0,0.0,0.0,0.0,0.0,0.0,0.0,Cruzamento,Bom,Não existe,Ilegível,Seca,Mal conservada,Não existe,Não há placas,60.0,Dupla,Não existe,SEM VÍTIMA,2022,4,13,2,
2022-04-13,,Não informado,FINALIZADA,SANTO AMARO,AV MARIO MELO,RUA SAO GERALDO,ESCOLA ESTADUAL SYLVIO RABELLO,SANTO AMARO,SUBURBIO,COLISÃO LATERAL,Não informado,1.0,1.0,0.0,0.0,0.0,0.0,0.0,0.0,0.0,1.0,0.0,Longo da via,Bom,Não existe,Perfeito estado,Seca,Perfeito estado,Não existe,Outras,60.0,Dupla,Canteiro central,COM VÍTIMA,2022,4,13,2,
2022-04-13,,Não informado,FINALIZADA,IMBIRIBEIRA,AV ANTONIO TORRES GALVAO,RUA ALFREDO MARCONDES,PRÓXIMO À IGREJA EPISCOPAL CARISMÁTICA - CATEDRAL DA RECONCILIAÇÃO,IMBIRIBEIRA,SUBURBIO,COLISÃO TRANSVERSAL,Não informado,1.0,1.0,0.0,0.0,0.0,0.0,0.0,0.0,0.0,1.0,0.0,Cruzamento,Bom,Intermitente,Perfeito estado,Seca,Perfeito estado,Não existe,R-19,60.0,Única,Faixa seccionada,COM VÍTIMA,2022,4,13,2,
2022-04-14,,Não informado,FINALIZADA,CORDEIRO,AV CAXANGA,EST DO FORTE DO ARRAIAL N. DO B. JESUS,AO LADO DA PRONTOCLÍNICA ODONTOLÓGICA VALÉRIA DIAS.,CORDEIRO,CIDADE,COLISÃO COM CICLISTA,Não informado,0.0,0.0,0.0,1.0,0.0,1.0,0.0,0.0,0.0,1.0,0.0,Cruzamento,Bom,Não existe,Perfeito estado,Seca,Perfeito estado,Não existe,Outras,60.0,Dupla,Faixa contínua,COM VÍTIMA,2022,4,14,3,
2022-04-14,,Não informado,FINALIZADA,IPSEP,AV ENGENHEIRO ALVES DE SOUZA,RUA ARQUITETO LUIZ NUNES,Não informado,IPSEP,SUBURBIO,COLISÃO LATERAL,Não informado,1.0,1.0,0.0,0.0,0.0,0.0,0.0,0.0,0.0,1.0,0.0,Cruzamento,Bom,Sem defeito,Perfeito estado,Seca,Perfeito estado,Faixa de pedestre,Outras,60.0,Dupla,Faixa contínua,COM VÍTIMA,2022,4,14,3,
2022-04-14,,Não informado,FINALIZADA,IBURA,AV ENGENHO MURIBECA,RUA ENGENHO TERRA VERMELHA,PROX. AO COLÉGIO GREMIO EDUCATIVO,IBURA,SUBURBIO,COLISÃO TRASEIRA,Não informado,0.0,1.0,0.0,0.0,0.0,0.0,1.0,0.0,0.0,1.0,0.0,Longo da via,Bom,Não existe,Perfeito estado,Seca,Perfeito estado,Não existe,Não há placas,60.0,Única,Faixa seccionada,COM VÍTIMA,2022,4,14,3,
2022-04-14,,Não informado,FINALIZADA,CORDEIRO,AV GENERAL SAN MARTIN,RUA COSTA AZEVEDO,RETÍFICA ALMEIDA,CORDEIRO,SUBURBIO,COLISÃO TRANSVERSAL,Não informado,2.0,0.0,0.0,0.0,0.0,0.0,0.0,0.0,0.0,1.0,0.0,Longo da via,Bom,Não existe,Perfeito estado,Seca,Mal conservada,Não existe,Não há placas,60.0,Dupla,Não existe,COM VÍTIMA,2022,4,14,3,
2022-04-14,,Não informado,FINALIZADA,SANTO AMARO,AV CRUZ CABUGA,Não informado,PRÓX AO HOSPITAL DO CÂNCER DE PERNAMBUCO,SANTO AMARO,SUBURBIO,COLISÃO LATERAL,Não informado,0.0,1.0,0.0,0.0,0.0,1.0,0.0,0.0,0.0,1.0,0.0,Longo da via,Bom,Sem defeito,Perfeito estado,Seca,Perfeito estado,Não existe,Não há placas,60.0,Dupla,Blocos,COM VÍTIMA,2022,4,14,3,
2022-04-14,,Não informado,FINALIZADA,PRADO,AV ENGENHEIRO ABDIAS DE CARVALHO,Não informado,PRÓX. AO POSTO IMPÉRIO. LADO OPOSTO AO BOSCH SERVICE.,PRADO,SUBURBIO,COLISÃO LATERAL,Não informado,1.0,1.0,0.0,0.0,0.0,0.0,0.0,0.0,0.0,1.0,0.0,Longo da via,Bom,Não existe,Perfeito estado,Seca,Perfeito estado,Não existe,R-6a,60.0,Dupla,Faixa seccionada,COM VÍTIMA,2022,4,14,3,
2022-04-15,,Não informado,FINALIZADA,MADALENA,AV VISCONDE DE ALBUQUERQUE,Não informado,EM FRENTEAO RESTAURANTE A MADA LENA,MADALENA,SUBURBIO,CHOQUE,Não informado,2.0,0.0,0.0,0.0,0.0,0.0,0.0,0.0,0.0,0.0,0.0,Longo da via,Bom,Não existe,Perfeito estado,Seca,Perfeito estado,Não existe,Não há placas,60.0,Única,Faixa seccionada,SEM VÍTIMA,2022,4,15,4,
2022-04-15,,Não informado,FINALIZADA,BOA VIAGEM,RUA FREI LEANDRO,RUA RAUL AZEDO,AO LADO DO NÚMERO 70,BOA VIAGEM,SUBURBIO,COLISÃO TRANSVERSAL,Não informado,2.0,0.0,0.0,0.0,0.0,0.0,0.0,0.0,0.0,0.0,0.0,Cruzamento,Bom,Não existe,Perfeito estado,Seca,Perfeito estado,Faixa de pedestre,Outras,60.0,Única,Não existe,SEM VÍTIMA,2022,4,15,4,
2022-04-15,,Não informado,FINALIZADA,TEJIPIÓ,AV DR JOSE RUFINO,Não informado,APÓS O ARMAZEM CORAL - SENTIDO CAVALEIRO,TEJIPIÓ,CIDADE,COLISÃO TRANSVERSAL,Não informado,1.0,1.0,0.0,0.0,0.0,0.0,0.0,0.0,0.0,1.0,0.0,Longo da via,Bom,Não existe,Perfeito estado,Seca,Perfeito estado,Não informado,Não há placas,40.0,Dupla,Faixa contínua,COM VÍTIMA,2022,4,15,4,
2022-04-15,,Não informado,FINALIZADA,BOA VIAGEM,RUA PROFESSOR MARIO CASTRO,Não informado,PROXIMO AO COLEGIO AMERICANO,BOA VIAGEM,SUBURBIO,COLISÃO TRANSVERSAL,Não informado,2.0,1.0,0.0,0.0,0.0,0.0,0.0,0.0,0.0,1.0,0.0,Longo da via,Bom,Não existe,Não informado,Seca,Perfeito estado,Não existe,Não informado,60.0,Dupla,Não existe,COM VÍTIMA,2022,4,15,4,
2022-04-15,,Não informado,FINALIZADA,IMBIRIBEIRA,RUA ARQUITETO LUIZ NUNES,RUA ITALIA,PRÓX AO AÇAI DA IMBIRIBEIRA,IMBIRIBEIRA,SUBURBIO,COLISÃO LATERAL,Não informado,1.0,1.0,0.0,0.0,0.0,0.0,0.0,0.0,0.0,1.0,0.0,Longo da via,Bom,Não existe,Ilegível,Seca,Perfeito estado,Não existe,Outras,60.0,Dupla,Faixa contínua,COM VÍTIMA,2022,4,15,4,
2022-04-16,,Não informado,FINALIZADA,VÁRZEA,AV CAXANGA,Não informado,SOBRE A PONTE - PROXIMO UPA - SENTIDO SUB/CID. SUPER CENTER CAXANGÁ.,VÁRZEA,CIDADE,COLISÃO TRASEIRA,Não informado,0.0,1.0,0.0,0.0,0.0,0.0,1.0,0.0,0.0,1.0,0.0,Longo da via,Bom,Sem defeito,Perfeito estado,Seca,Perfeito estado,Faixa de retenção,Outras,60.0,Dupla,Faixa contínua,COM VÍTIMA,2022,4,16,5,
2022-04-16,,Não informado,FINALIZADA,BOA VIAGEM,RUA VISCONDE DE JEQUITINHONHA,RUA JOSE MOREIRA LEAL,E/F AO EDIFICIO ISLAMORADA,BOA VIAGEM,SUBURBIO,COLISÃO TRANSVERSAL,Não informado,0.0,1.0,0.0,0.0,0.0,0.0,0.0,0.0,0.0,1.0,0.0,Longo da via,Bom,Não existe,Perfeito estado,Seca,Perfeito estado,Não existe,"Placas ""Pare""",30.0,Única,Canteiro central,COM VÍTIMA,2022,4,16,5,
2022-04-16,,Não informado,CANCELADA,ENCRUZILHADA,AV BEBERIBE,Não informado,E/F A FARMACIA PAGUE MENOS,ENCRUZILHADA,Não informado,COLISÃO LATERAL,Não informado,0.0,2.0,0.0,0.0,0.0,0.0,0.0,0.0,0.0,1.0,0.0,Não informado,Não informado,Não informado,Não informado,Não informado,Não informado,Não informado,Não informado,60.0,Não informado,Não informado,COM VÍTIMA,2022,4,16,5,
2022-04-16,,Não informado,FINALIZADA,BOA VIAGEM,RUA TENENTE JOAO CICERO,RUA MINISTRO NELSON HUNGRIA,AO LADO DA ACADEMIA CORPO LIVRE,BOA VIAGEM,CIDADE,COLISÃO TRANSVERSAL,Não informado,2.0,0.0,0.0,0.0,0.0,0.0,0.0,0.0,0.0,1.0,0.0,Cruzamento,Bom,Não existe,Perfeito estado,Seca,Perfeito estado,Faixa de pedestre,"Placas ""Pare""",60.0,Única,Faixa contínua,COM VÍTIMA,2022,4,16,5,
2022-04-16,,Não informado,FINALIZADA,VÁRZEA,RUA GASTAO VIDIGAL,Não informado,ENFRENTE AO MOTEL NINJA,VÁRZEA,Não informado,COLISÃO TRASEIRA,Não informado,1.0,0.0,0.0,0.0,0.0,0.0,1.0,0.0,0.0,0.0,0.0,Não informado,Não informado,Não informado,Não informado,Não informado,Não informado,Não informado,Não informado,60.0,Não informado,Não informado,SEM VÍTIMA,2022,4,16,5,