data,hora,natureza_acidente,situacao,bairro,endereco,detalhe_endereco_acidente,complemento,bairro_cruzamento,sentido_via,tipo,descricao,auto,moto,ciclom,ciclista,pedestre,onibus,caminhao,viatura,outros,vitimas,vitimasfatais,acidente_verificado,tempo_clima,situacao_semaforo,sinalizacao,condicao_via,conservacao_via,ponto_controle,situacao_placa,velocidade_max_via,mao_direcao,divisao_via1,natureza,ano,mes,dia,dia_semana,hora_ocorrencia
2022-04-16,,Não informado,FINALIZADA,PAISSANDU,AV GOVERNADOR AGAMENON MAGALHAES,Não informado,E/F AO HOSPITAL PORTUGUES,PAISSANDU,BOA VIAGEM,COLISÃO LATERAL,Não informado,1.0,1.0,0.0,0.0,0.0,0.0,0.0,0.0,0.0,1.0,0.0,Não informado,Não informado,Não informado,Não informado,Não informado,Não informado,Não informado,Não informado,60.0,Não informado,Não informado,COM VÍTIMA,2022,4,16,5,
2022-04-17,,Não informado,FINALIZADA,TORRÕES,AV ENGENHEIRO ABDIAS DE CARVALHO,Não informado,ESQUINA COM RUA 11 DE FEVEREIRO,TORRÕES,Não informado,CHOQUE,Não informado,1.0,0.0,0.0,0.0,0.0,0.0,0.0,0.0,0.0,0.0,0.0,Longo da via,Chuvoso,Não existe,Perfeito estado,Molhada,Perfeito estado,Não existe,Outras,60.0,Dupla,Canteiro central,SEM VÍTIMA,2022,4,17,6,
2022-04-17,,Não informado,FINALIZADA,BOA VIAGEM,AV ENGENHEIRO DOMINGOS FERREIRA,RUA FELIX DE BRITO E MELO,ENFRENTE A A+ MEDICINA E DIAGNOSTICO,BOA VIAGEM,CIDADE,COLISÃO TRANSVERSAL,Não informado,1.0,1.0,0.0,0.0,0.0,0.0,0.0,0.0,0.0,1.0,0.0,Cruzamento,Bom,Sem defeito,Perfeito estado,Molhada,Perfeito estado,Faixa de retenção,Não há placas,60.0,Única,Faixa contínua,COM VÍTIMA,2022,4,17,6,
2022-04-17,,Não informado,FINALIZADA,BOA VIAGEM,RUA ERNESTO DE PAULA SANTOS,RUA DOS NAVEGANTES,PROX AO HOTEL RECIFE PALACE,BOA VIAGEM,CIDADE,COLISÃO LATERAL,Não informado,1.0,1.0,0.0,0.0,0.0,0.0,0.0,0.0,0.0,2.0,0.0,Cruzamento,Bom,Não existe,Perfeito estado,Seca,Perfeito estado,Faixa de retenção,R-4b,60.0,Única,Faixa seccionada,COM VÍTIMA,2022,4,17,6,
2022-04-17,,Não informado,FINALIZADA,ÁGUA FRIA,AV BEBERIBE,Não informado,E/F AO SUPERMERCADO SOBERANO,ÁGUA FRIA,SUBURBIO,COLISÃO TRASEIRA,Não informado,1.0,1.0,0.0,0.0,0.0,0.0,0.0,0.0,0.0,1.0,0.0,Longo da via,Bom,Sem defeito,Perfeito estado,Seca,Perfeito estado,Não existe,R-6a,60.0,Dupla,Faixa contínua,COM VÍTIMA,2022,4,17,6,
2022-04-17,,Não informado,FINALIZADA,TORREÃO,RUA NATIVIDADE SALDANHA,Não informado,EM FRENTE AO PORCÃO CHURRASCARIA,TORREÃO,SUBURBIO,QUEDA,Não informado,0.0,1.0,0.0,0.0,0.0,0.0,0.0,0.0,0.0,1.0,0.0,Longo da via,Bom,Não existe,Perfeito estado,Seca,Perfeito estado,Não existe,Outras,60.0,Única,Não informado,COM VÍTIMA,2022,4,17,6,
2022-04-17,,Não informado,FINALIZADA,FUNDÃO,AV BEBERIBE,Não informado,PRÓX A ESCOLA PROF PEDRO AUGUSTO. LADO OPOSTO AO NÚMERO INFORMADO.,FUNDÃO,CIDADE,COLISÃO FRONTAL,Não informado,1.0,1.0,0.0,0.0,0.0,0.0,0.0,0.0,0.0,1.0,0.0,Longo da via,Bom,Não existe,Perfeito estado,Seca,Perfeito estado,Não informado,Não há placas,60.0,Dupla,Faixa,COM VÍTIMA,2022,4,17,6,
2022-04-18,,Não informado,FINALIZADA,CORDEIRO,AV ENGENHEIRO ABDIAS DE CARVALHO,AV GENERAL SAN MARTIN,EM FRENTE AO COMPAZ ARIANO SUASSUNA,CORDEIRO,SUBURBIO,COLISÃO TRANSVERSAL,Não informado,2.0,0.0,0.0,0.0,0.0,0.0,0.0,0.0,0.0,1.0,0.0,Cruzamento,Bom,Sem defeito,Perfeito estado,Seca,Perfeito estado,Faixa de pedestre,R-4a,60.0,Dupla,Canteiro central,COM VÍTIMA,2022,4,18,0,
2022-04-18,,Não informado,FINALIZADA,IPUTINGA,AV CAXANGA,AV PROFESSOR MORAES REGO,LADO OPOSTO A LOJA SUPRANOR,IPUTINGA,CIDADE,COLISÃO LATERAL,Não informado,1.0,1.0,0.0,0.0,0.0,0.0,0.0,0.0,0.0,1.0,0.0,Longo da via,Bom,Não existe,Perfeito estado,Seca,Perfeito estado,Não existe,Não há placas,60.0,Dupla,Canteiro central,COM VÍTIMA,2022,4,18,0,
2022-04-18,,Não informado,FINALIZADA,VÁRZEA,AV CAXANGA,Não informado,POSTO IPIRANGA,VÁRZEA,CIDADE,COLISÃO TRASEIRA,Não informado,2.0,0.0,0.0,0.0,0.0,0.0,0.0,1.0,0.0,0.0,0.0,Longo da via,Bom,Não existe,Perfeito estado,Seca,Perfeito estado,Não existe,R-32,60.0,Dupla,Faixa contínua,SEM VÍTIMA,2022,4,18,0,
2022-04-18,,Não informado,FINALIZADA,SANTO ANTÔNIO,Não informado,Não informado,AV CAIS SANTA ESTELITA / SEMÁFORO 473 DA PONTE GIRATÓRIA,SANTO ANTÔNIO,CIDADE,CHOQUE,Não informado,1.0,0.0,0.0,0.0,0.0,0.0,0.0,0.0,0.0,0.0,0.0,Longo da via,Bom,Sem defeito,Perfeito estado,Seca,Perfeito estado,Não informado,Não informado,60.0,Dupla,Canteiro central,SEM VÍTIMA,2022,4,18,0,
2022-04-18,,Não informado,CANCELADA,BOA VIAGEM,AV DOM JOAO VI,Não informado,"AO LADO DO SHOPPING RECIFE, CONDUTOR COM SINTOMAS DE EMBRIAGUEZ.",BOA VIAGEM,Não informado,COLISÃO TRASEIRA,Não informado,2.0,0.0,0.0,0.0,0.0,0.0,0.0,0.0,0.0,0.0,0.0,Não informado,Não informado,Não informado,Não informado,Não informado,Não informado,Não informado,Não informado,60.0,Não informado,Não informado,SEM VÍTIMA,2022,4,18,0,
2022-04-18,,Não informado,FINALIZADA,IPUTINGA,RUA SAO MATEUS,Não informado,NO FINAL DA RUA PROX AO  DETRAN,IPUTINGA,Não informado,COLISÃO LATERAL,Não informado,1.0,1.0,0.0,0.0,0.0,0.0,0.0,0.0,0.0,1.0,0.0,Não informado,Não informado,Não informado,Não informado,Não informado,Não informado,Não informado,Não informado,60.0,Não informado,Não informado,COM VÍTIMA,2022,4,18,0,
2022-04-18,,Não informado,FINALIZADA,CIDADE UNIVERSITÁRIA,AV PROFESSOR LUIZ FREIRE,Não informado,PROX AO IFPE E/F   ASSOCIAÇAO DOS SERVIDORES DA IFPE,CIDADE UNIVERSITÁRIA,CIDADE,COLISÃO FRONTAL,Não informado,1.0,1.0,0.0,0.0,0.0,0.0,0.0,0.0,0.0,1.0,0.0,Não informado,Bom,Não existe,Não informado,Seca,Perfeito estado,Não existe,Outras,60.0,Dupla,Não existe,COM VÍTIMA,2022,4,18,0,
2022-04-19,,Não informado,FINALIZADA,CAMPO GRANDE,AV GOVERNADOR AGAMENON MAGALHAES,Não informado,"EM FRENTE O TACARUNA, SENTIDO DERBY APOS O VIADULTO. EM FRENTE À ANTIGA FÁBRICA TACARUNA, POSTE Nº H039147",CAMPO GRANDE,CIDADE,COLISÃO TRASEIRA,Não informado,1.0,1.0,0.0,0.0,0.0,0.0,0.0,0.0,0.0,1.0,0.0,Longo da via,Bom,Não existe,Incompleta,Seca,Perfeito estado,Não informado,Não informado,60.0,Dupla,Canal,COM VÍTIMA,2022,4,19,1,
2022-04-19,,Não informado,FINALIZADA,BOA VIAGEM,AV ENGENHEIRO DOMINGOS FERREIRA,RUA DONA BENVINDA DE FARIAS,FAIXA DA ESQUERDA,BOA VIAGEM,SUBURBIO,COLISÃO TRASEIRA,Não informado,1.0,1.0,0.0,0.0,0.0,0.0,0.0,0.0,0.0,1.0,0.0,Longo da via,Bom,Sem defeito,Perfeito estado,Seca,Perfeito estado,Faixa de pedestre,R-4a,60.0,Dupla,Canteiro central,COM VÍTIMA,2022,4,19,1,
2022-04-19,,Não informado,CANCELADA,IPSEP,RUA ALVARO MOREYRA,Não informado,PRÓX. À OFICINA DINAMICAR,IPSEP,Não informado,COLISÃO FRONTAL,Não informado,1.0,1.0,0.0,0.0,0.0,0.0,0.0,0.0,0.0,1.0,0.0,Não informado,Não informado,Não informado,Não informado,Não informado,Não informado,Não informado,Não informado,60.0,Não informado,Não informado,COM VÍTIMA,2022,4,19,1,
2022-04-19,,Não informado,FINALIZADA,SÃO JOSÉ,AV SUL,Não informado,PRÓXIMO À PRAÇA SÉRGIO LORETO,SÃO JOSÉ,CIDADE,COLISÃO LATERAL,Não informado,0.0,2.0,0.0,0.0,0.0,0.0,0.0,0.0,0.0,2.0,0.0,Longo da via,Bom,Sem defeito,Perfeito estado,Seca,Não informado,Não existe,Não há placas,60.0,Única,Não existe,COM VÍTIMA,2022,4,19,1,
2022-04-20,,Não informado,FINALIZADA,IMBIRIBEIRA,AV ANTONIO TORRES GALVAO,RUA ALFREDO MARCONDES,MOTOCICLISTA TOMBOU NA VIA.,IMBIRIBEIRA,CIDADE,QUEDA,Não informado,0.0,1.0,0.0,0.0,0.0,0.0,0.0,0.0,0.0,1.0,0.0,Cruzamento,Chuvoso,Sem defeito,Perfeito estado,Molhada,Perfeito estado,Não existe,Não há placas,60.0,Única,Não existe,COM VÍTIMA,2022,4,20,2,
2022-04-20,,Não informado,FINALIZADA,SANTO AMARO,RUA TREZE DE MAIO,RUA PEDRO AFONSO,SESC SANTO AMARO,SANTO AMARO,SUBURBIO,COLISÃO TRASEIRA,Não informado,1.0,1.0,0.0,0.0,0.0,0.0,0.0,0.0,0.0,0.0,0.0,Cruzamento,Bom,Sem defeito,Perfeito estado,Seca,Perfeito estado,Faixa de pedestre,Não há placas,40.0,Dupla,Faixa contínua,SEM VÍTIMA,2022,4,20,2,
2022-04-20,,Não informado,FINALIZADA,DOIS UNIDOS,RUA MAMEDE COELHO,Não informado,E/F AO BAR DE JOIA,DOIS UNIDOS,Não informado,COLISÃO LATERAL,Não informado,2.0,0.0,0.0,0.0,0.0,0.0,0.0,0.0,0.0,0.0,0.0,Não informado,Não informado,Não informado,Não informado,Não informado,Não informado,Não informado,Não informado,60.0,Não informado,Não informado,SEM VÍTIMA,2022,4,20,2,
2022-04-20,,Não informado,FINALIZADA,VÁRZEA,AV CAXANGA,RUA RIBEIRO PESSOA,PRÓX. À UPA,VÁRZEA,SUBURBIO,COLISÃO COM CICLISTA,Não informado,1.0,0.0,0.0,1.0,0.0,0.0,0.0,0.0,0.0,1.0,0.0,Cruzamento,Chuvoso,Sem defeito,Perfeito estado,Molhada,Perfeito estado,Agente,Não há placas,60.0,Dupla,Canteiro central,COM VÍTIMA,2022,4,20,2,
2022-04-20,,Não informado,FINALIZADA,BOA VIAGEM,AV DOM JOAO VI,Não informado,LADO OPOSTO A CIA DO FUTEBOL,BOA VIAGEM,SUBURBIO,COLISÃO TRASEIRA,Não informado,3.0,0.0,0.0,0.0,0.0,0.0,0.0,1.0,0.0,0.0,0.0,Longo da via,Bom,Não existe,Perfeito estado,Seca,Mal iluminada,Não existe,Não informado,60.0,Dupla,Outros,SEM VÍTIMA,2022,4,20,2,
2022-04-20,,Não informado,FINALIZADA,BOA VIAGEM,RUA JOSE MARIA DE MIRANDA,Não informado,PRÓX AO HOSPITAL BV,BOA VIAGEM,Não informado,COLISÃO TRASEIRA,Não informado,1.0,1.0,0.0,0.0,0.0,0.0,0.0,0.0,0.0,0.0,0.0,Não informado,Não informado,Não informado,Não informado,Não informado,Não informado,Não informado,Não informado,60.0,Não informado,Não informado,SEM VÍTIMA,2022,4,20,2,
2022-04-20,,Não informado,FINALIZADA,DERBY,RUA JENER DE SOUZA,Não informado,EM FRENTE A COMVEST / MEMORIAL DE MEDICINA DE PERNAMBUCO,DERBY,CIDADE,COLISÃO LATERAL,Não informado,1.0,1.0,0.0,0.0,0.0,0.0,0.0,0.0,0.0,1.0,0.0,Longo da via,Bom,Não existe,Perfeito estado,Seca,Perfeito estado,Não existe,R-6a,60.0,Única,Faixa seccionada,COM VÍTIMA,2022,4,20,2,
2022-04-20,,Não informado,FINALIZADA,SAN MARTIN,AV GENERAL SAN MARTIN,RUA JOSE VELOSO,PROX A CAVALARIA DA PMPE,SAN MARTIN,Não informado,COLISÃO LATERAL,Não informado,1.0,1.0,0.0,0.0,0.0,0.0,0.0,0.0,0.0,2.0,0.0,Cruzamento,Bom,Sem defeito,Perfeito estado,Seca,Perfeito estado,Faixa de pedestre,R-6a,40.0,Dupla,Não existe,COM VÍTIMA,2022,4,20,2,
2022-04-21,,Não informado,FINALIZADA,VÁRZEA,RUA GASTAO VIDIGAL,Não informado,AO LADO DO HOTEL COSTA AZUL,VÁRZEA,Não informado,COLISÃO FRONTAL,Não informado,1.0,1.0,0.0,0.0,0.0,0.0,0.0,0.0,0.0,1.0,0.0,Longo da via,Bom,Não existe,Perfeito estado,Seca,Perfeito estado,Não existe,Não há placas,60.0,Dupla,Faixa seccionada,COM VÍTIMA,2022,4,21,3,
2022-04-21,,Não informado,FINALIZADA,PINA,AV CONSELHEIRO AGUIAR,AV HERCULANO BANDEIRA,OPOSTO AO TEATRO BARRETO JUNIOR,PINA,CIDADE,COLISÃO TRANSVERSAL,Não informado,2.0,0.0,0.0,0.0,0.0,0.0,0.0,0.0,0.0,0.0,0.0,Cruzamento,Bom,Sem defeito,Incompleta,Seca,Perfeito estado,Faixa de retenção,Não há placas,60.0,Única,Faixa contínua,SEM VÍTIMA,2022,4,21,3,
2022-04-21,,Não informado,FINALIZADA,IBURA,AV DOIS RIOS,Não informado,"APOS A  SUBIDA DA LADEIRA  AO LADO DA POLICLINICA E MATERNIDADE PROFESSOR ARNALDO MAGALHÃES, PROXIMO AO TREVO.",IBURA,SUBURBIO,COLISÃO FRONTAL,Não informado,2.0,0.0,0.0,0.0,0.0,0.0,0.0,0.0,0.0,1.0,0.0,Cruzamento,Bom,Não existe,Ilegível,Seca,Perfeito estado,Não existe,"Placas ""Pare""",60.0,Dupla,Não existe,COM VÍTIMA,2022,4,21,3,
2022-04-22,,Não informado,FINALIZADA,CABANGA,AV ENGENHEIRO JOSE ESTELITA,Não informado,FERNANDO LINS ADVOGADOS,CABANGA,SUBURBIO,Não informado,Não informado,0.0,0.0,0.0,0.0,0.0,1.0,0.0,1.0,0.0,0.0,0.0,Longo da via,Bom,Não existe,Perfeito estado,Seca,Perfeito estado,Não informado,Não informado,60.0,Única,Canteiro central,SEM VÍTIMA,2022,4,22,4,
2022-04-22,,Não informado,FINALIZADA,DERBY,PRC DO DERBY,RUA JENER DE SOUZA,EM FRENTE O QUARTEL,DERBY,CIDADE,COLISÃO COM CICLISTA,Não informado,0.0,0.0,0.0,1.0,0.0,1.0,0.0,0.0,0.0,1.0,0.0,Cruzamento,Bom,Sem defeito,Perfeito estado,Seca,Perfeito estado,Faixa de pedestre,Não informado,50.0,Dupla,Faixa seccionada,COM VÍTIMA,2022,4,22,4,
2022-04-22,,Não informado,FINALIZADA,JIQUIÁ,RUA SAO MIGUEL,RUA DRA ITAMAR DE MORAIS E SILVA,EM FRENTE AO POSTO  BANDEIRA BRANCA,JIQUIÁ,SUBURBIO,COLISÃO TRANSVERSAL,Não informado,1.0,1.0,0.0,0.0,0.0,0.0,0.0,0.0,0.0,1.0,0.0,Cruzamento,Bom,Não existe,Perfeito estado,Seca,Perfeito estado,Não existe,Não há placas,60.0,Dupla,Faixa contínua,COM VÍTIMA,2022,4,22,4,
2022-04-22,,Não informado,FINALIZADA,SANTO AMARO,AV CRUZ CABUGA,RUA FREI CASSIMIRO,ENTRADA DA CONTAX  NA ESQUINA /  EM FRENTE DA RUA DA ANTIGA CTTU,SANTO AMARO,SUBURBIO,COLISÃO LATERAL,Não informado,0.0,1.0,0.0,0.0,0.0,1.0,0.0,0.0,0.0,1.0,0.0,Longo da via,Bom,Não existe,Perfeito estado,Seca,Perfeito estado,Não existe,Não há placas,60.0,Dupla,Faixa seccionada,COM VÍTIMA,2022,4,22,4,
2022-04-22,,Não informado,FINALIZADA,CASA AMARELA,AV NORTE MIGUEL ARRAES DE ALENCAR,AV PEDRO ALLAIN,EM FRENTE AO SUPERMERCADO MAIS VOCE SENT. CIDADE,CASA AMARELA,CIDADE,ATROPELAMENTO DE PESSOA,Não informado,1.0,0.0,0.0,0.0,1.0,0.0,0.0,0.0,0.0,1.0,0.0,Cruzamento,Bom,Sem defeito,Perfeito estado,Seca,Perfeito estado,Faixa de pedestre,Outras,60.0,Dupla,Não informado,COM VÍTIMA,2022,4,22,4,
2022-04-22,,Não informado,FINALIZADA,TAMARINEIRA,AV NORTE MIGUEL ARRAES DE ALENCAR,Não informado,PROX A FERREIRA COSTA,TAMARINEIRA,CIDADE,ATROPELAMENTO DE PESSOA,Não informado,0.0,1.0,0.0,0.0,1.0,0.0,0.0,0.0,0.0,1.0,0.0,Longo da via,Bom,Não existe,Perfeito estado,Seca,Perfeito estado,Não existe,R-6a,60.0,Dupla,Faixa seccionada,COM VÍTIMA,2022,4,22,4,
2022-04-22,,Não informado,CANCELADA,BOA VIAGEM,RUA ERNESTO DE PAULA SANTOS,Não informado,NA RUA DA CONE TEMAKERIA,BOA VIAGEM,Não informado,COLISÃO LATERAL,Não informado,1.0,1.0,0.0,0.0,0.0,0.0,0.0,0.0,0.0,1.0,0.0,Não informado,Não informado,Não informado,Não informado,Não informado,Não informado,Não informado,Não informado,60.0,Não informado,Não informado,COM VÍTIMA,2022,4,22,4,
2022-04-22,,Não informado,FINALIZADA,BOA VIAGEM,AVENIDA CELSO FURTADO (VIA MANGUE),Não informado,PROX AO SUPERMERCADO EXTRA  S/T PINA,BOA VIAGEM,CIDADE,COLISÃO TRASEIRA,Não informado,1.0,1.0,0.0,0.0,0.0,0.0,0.0,0.0,0.0,1.0,0.0,Cruzamento,Bom,Não existe,Perfeito estado,Seca,Perfeito estado,Não existe,Outras,60.0,Dupla,Canteiro central,COM VÍTIMA,2022,4,22,4,
2022-04-22,,Não informado,FINALIZADA,JOANA BEZERRA,RUA JARAGUARI,Não informado,AO LADO DO TERMINAL DA INTEGRAÇÃO JOANA BEZERRA,JOANA BEZERRA,Não informado,COLISÃO LATERAL,Não informado,0.0,1.0,0.0,0.0,0.0,1.0,0.0,0.0,0.0,0.0,1.0,Longo da via,Bom,Não existe,Não existente,Seca,Perfeito estado,Não existe,Não há placas,60.0,Única,Não existe,VÍTIMA FATAL,2022,4,22,4,
2022-04-22,,Não informado,FINALIZADA,SANTO AMARO,RUA AURORA,RUA JOAO LIRA,NO CRUZAMENTO,SANTO AMARO,SUBURBIO,COLISÃO TRASEIRA,Não informado,1.0,1.0,0.0,0.0,0.0,0.0,0.0,0.0,0.0,1.0,0.0,Cruzamento,Bom,Não existe,Não existente,Seca,Perfeito estado,Não existe,Não há placas,60.0,Não informado,Não informado,COM VÍTIMA,2022,4,22,4,
2022-04-22,,Não informado,FINALIZADA,TEJIPIÓ,AV DR JOSE RUFINO,Não informado,E/F AO 4 BCOM,TEJIPIÓ,JABOATAO,COLISÃO TRANSVERSAL,Não informado,1.0,2.0,0.0,0.0,0.0,0.0,0.0,0.0,0.0,1.0,0.0,Longo da via,Bom,Sem defeito,Incompleta,Seca,Mal conservada,Faixa de pedestre,Não há placas,60.0,Dupla,Faixa contínua,COM VÍTIMA,2022,4,22,4,
2022-04-22,,Não informado,FINALIZADA,JOANA BEZERRA,AV GOVERNADOR AGAMENON MAGALHAES,Não informado,E/F A ACADEMIA DA CIDADE,JOANA BEZERRA,Não informado,COLISÃO LATERAL,Não informado,0.0,1.0,0.0,0.0,0.0,0.0,0.0,1.0,0.0,0.0,0.0,Longo da via,Bom,Não existe,Perfeito estado,Seca,Perfeito estado,Não existe,Outras,60.0,Dupla,Canteiro central,SEM VÍTIMA,2022,4,22,4,
2022-04-22,,Não informado,FINALIZADA,CABANGA,AV SUL,RUA CARLOS COELHO LEAL VALENTE,PROX AO QUARTEL,CABANGA,SUBURBIO,COLISÃO LATERAL,Não informado,1.0,0.0,0.0,0.0,0.0,1.0,0.0,0.0,0.0,1.0,0.0,Cruzamento,Chuvoso,Sem defeito,Perfeito estado,Molhada,Perfeito estado,Faixa de retenção,Não há placas,60.0,Dupla,Não existe,COM VÍTIMA,2022,4,22,4,
2022-04-23,,Não informado,FINALIZADA,BOA VIAGEM,AV ENGENHEIRO DOMINGOS FERREIRA,RUA TOME GIBSON,NO CRUZAMENTO,BOA VIAGEM,Não informado,COLISÃO FRONTAL,Não informado,2.0,0.0,0.0,0.0,0.0,0.0,0.0,0.0,0.0,0.0,0.0,Cruzamento,Chuvoso,Sem defeito,Perfeito estado,Molhada,Perfeito estado,Faixa de pedestre,Não informado,60.0,Dupla,Canteiro central,SEM VÍTIMA,2022,4,23,5,
2022-04-23,,Não informado,FINALIZADA,BOA VIAGEM,RUA RIBEIRO DE BRITO,RUA CORONEL ANIZIO RODRIGUES COELHO,PRX AO FAZENDO A FESTA,BOA VIAGEM,SUBURBIO,COLISÃO TRANSVERSAL,Não informado,1.0,0.0,1.0,0.0,0.0,0.0,0.0,0.0,0.0,1.0,0.0,Cruzamento,Chuvoso,Sem defeito,Perfeito estado,Molhada,Perfeito estado,Faixa de retenção,Não há placas,60.0,Única,Faixa contínua,COM VÍTIMA,2022,4,23,5,
2022-04-23,,Não informado,FINALIZADA,TAMARINEIRA,RUA NETO DE MENDONCA,RUA CORONEL URIEL SERGIO GARDIM,EM  FRENTE AO RESIDENCIAL,TAMARINEIRA,CIDADE,COLISÃO LATERAL,Não informado,1.0,1.0,0.0,0.0,0.0,0.0,0.0,0.0,0.0,1.0,0.0,Esquina,Bom,Não existe,Perfeito estado,Seca,Perfeito estado,Faixa de pedestre,Outras,60.0,Única,Não existe,COM VÍTIMA,2022,4,23,5,
2022-04-23,,Não informado,FINALIZADA,BAIRRO DO RECIFE,AV MILITAR,Não informado,E/F AO MUSEU DO TRIBUNAL DE JUSTIÇA,BAIRRO DO RECIFE,SUBURBIO,COLISÃO FRONTAL,Não informado,1.0,1.0,0.0,0.0,0.0,0.0,0.0,0.0,0.0,1.0,0.0,Longo da via,Bom,Não existe,Ilegível,Seca,Perfeito estado,Não existe,Não há placas,60.0,Única,Faixa seccionada,COM VÍTIMA,2022,4,23,5,
2022-04-23,,Não informado,FINALIZADA,DERBY,AV GOVERNADOR AGAMENON MAGALHAES,PRC DO DERBY,E/F A PRAÇA DO DERBY  S/T BOA VIAGEM,DERBY,SUBURBIO,COLISÃO FRONTAL,Não informado,2.0,0.0,0.0,0.0,0.0,0.0,0.0,0.0,0.0,1.0,0.0,Longo da via,Chuvoso,Sem defeito,Perfeito estado,Molhada,Perfeito estado,Faixa de pedestre,Outras,60.0,Única,Faixa seccionada,COM VÍTIMA,2022,4,23,5,
2022-04-23,,Não informado,CANCELADA,PONTO DE PARADA,AV BEBERIBE,Não informado,COM A RUA MEN DE SÁ,PONTO DE PARADA,Não informado,COLISÃO LATERAL,Não informado,1.0,0.0,0.0,0.0,0.0,0.0,0.0,0.0,0.0,1.0,0.0,Não informado,Não informado,Não informado,Não informado,Não informado,Não informado,Não informado,Não informado,60.0,Não informado,Não informado,COM VÍTIMA,2022,4,23,5,
2022-04-23,,Não informado,FINALIZADA,PRADO,RUA GOMES TABORDA,Não informado,PROX AO SINDICATO DO COMBUSTIVEL,PRADO,SUBURBIO,COLISÃO TRANSVERSAL,Não informado,1.0,1.0,0.0,0.0,0.0,0.0,0.0,0.0,0.0,1.0,0.0,Longo da via,Bom,Não existe,Perfeito estado,Seca,Perfeito estado,Não existe,Outras,60.0,Dupla,Faixa contínua,COM VÍTIMA,2022,4,23,5,
2022-04-24,,Não informado,FINALIZADA,DOIS UNIDOS,AV HILDEBRANDO DE VASCONCELOS,Não informado,PROXIMO A CIP CÃES,DOIS UNIDOS,SUBURBIO,CHOQUE,Não informado,0.0,1.0,0.0,0.0,0.0,0.0,0.0,0.0,0.0,1.0,1.0,Longo da via,Chuvoso,Não existe,Incompleta,Molhada,Perfeito estado,Não existe,R-6a,60.0,Dupla,Não existe,VÍTIMA FATAL,2022,4,24,6,
2022-04-24,,Não informado,FINALIZADA,CABANGA,AV SUL,Não informado,NA ENTRADA DO CABANGA,CABANGA,CIDADE,COLISÃO LATERAL,Não informado,0.0,1.0,0.0,0.0,0.0,0.0,0.0,1.0,0.0,1.0,0.0,Longo da via,Bom,Não existe,Perfeito estado,Seca,Perfeito estado,Não existe,Não há placas,40.0,Dupla,Faixa seccionada,COM VÍTIMA,2022,4,24,6,
2022-04-24,,Não informado,CANCELADA,JIQUIÁ,RUA JUAREZ MILLET,Não informado,EM FRENTE AO MERCADINHO VITÓRIA,JIQUIÁ,Não informado,COLISÃO FRONTAL,Não informado,2.0,0.0,0.0,0.0,0.0,0.0,0.0,0.0,0.0,0.0,0.0,Não informado,Não informado,Não informado,Não informado,Não informado,Não informado,Não informado,Não informado,60.0,Não informado,Não informado,SEM VÍTIMA,2022,4,24,6,
2022-04-24,,Não informado,FINALIZADA,BOA VIAGEM,RUA DOM JOSE LOPES,Não informado,EDF SALONICA / PRÓX A IGREJA NOVA DE BV E AO ENTRE AMIGOS,BOA VIAGEM,Não informado,COLISÃO FRONTAL,Não informado,0.0,0.0,0.0,0.0,0.0,0.0,0.0,0.0,0.0,1.0,0.0,Não informado,Não informado,Não informado,Não informado,Não informado,Não informado,Não informado,Não informado,60.0,Não informado,Não informado,COM VÍTIMA,2022,4,24,6,
2022-04-24,,Não informado,FINALIZADA,IMBIRIBEIRA,RUA ITACARE,AV MARECHAL MASCARENHAS DE MORAES,SEMAFORO 386,IMBIRIBEIRA,SUBURBIO,COLISÃO TRANSVERSAL,Não informado,1.0,1.0,0.0,0.0,0.0,0.0,0.0,0.0,0.0,2.0,0.0,Cruzamento,Bom,Sem defeito,Perfeito estado,Seca,Perfeito estado,Faixa de pedestre,Não há placas,60.0,Dupla,Faixa seccionada,COM VÍTIMA,2022,4,24,6,
2022-04-25,,Não informado,FINALIZADA,MADALENA,RUA JOSE OSORIO,AV VISCONDE DE ALBUQUERQUE,EM FRENTE A FARMÁCIA EXTRA FARMA,MADALENA,CIDADE,COLISÃO LATERAL,Não informado,1.0,1.0,0.0,0.0,0.0,0.0,0.0,0.0,0.0,1.0,0.0,Cruzamento,Chuvoso,Sem defeito,Perfeito estado,Molhada,Perfeito estado,Faixa de pedestre,Outras,60.0,Única,Faixa seccionada,COM VÍTIMA,2022,4,25,0,
2022-04-25,,Não informado,FINALIZADA,IBURA,AV DOIS RIOS,RUA ECOPORANGA,RUA RIO CHUI,IBURA,Não informado,COLISÃO TRANSVERSAL,Não informado,1.0,1.0,0.0,0.0,0.0,0.0,0.0,0.0,0.0,1.0,0.0,Longo da via,Bom,Sem defeito,Perfeito estado,Seca,Perfeito estado,Faixa de retenção,Não há placas,60.0,Dupla,Faixa contínua,COM VÍTIMA,2022,4,25,0,