data,hora,natureza_acidente,situacao,bairro,endereco,detalhe_endereco_acidente,complemento,bairro_cruzamento,sentido_via,tipo,descricao,auto,moto,ciclom,ciclista,pedestre,onibus,caminhao,viatura,outros,vitimas,vitimasfatais,acidente_verificado,tempo_clima,situacao_semaforo,sinalizacao,condicao_via,conservacao_via,ponto_controle,situacao_placa,velocidade_max_via,mao_direcao,divisao_via1,natureza,ano,mes,dia,dia_semana,hora_ocorrencia
2022-04-25,,Não informado,CANCELADA,VÁRZEA,RUA JORNALISTA MURILO MARROQUIM,Não informado,ESQ COM A CLIMAX TRANSPORTE  / ESQ COM AS LOJAS NAGEM,VÁRZEA,Não informado,COLISÃO LATERAL,Não informado,0.0,1.0,0.0,0.0,0.0,0.0,1.0,0.0,0.0,1.0,0.0,Não informado,Não informado,Não informado,Não informado,Não informado,Não informado,Não informado,Não informado,60.0,Não informado,Não informado,COM VÍTIMA,2022,4,25,0,
2022-04-25,,Não informado,FINALIZADA,BOA VIAGEM,AV ENGENHEIRO DOMINGOS FERREIRA,RUA PROFESSOR ALOISIO PESSOA DE ARAUJO,E/F A DELEGACIA DE BOA VIAGEM,BOA VIAGEM,SUBURBIO,COLISÃO LATERAL,Não informado,1.0,1.0,0.0,0.0,0.0,0.0,0.0,0.0,0.0,1.0,0.0,Cruzamento,Bom,Não existe,Perfeito estado,Seca,Perfeito estado,Não existe,"Placas ""Pare""",60.0,Única,Canteiro central,COM VÍTIMA,2022,4,25,0,
2022-04-25,,Não informado,FINALIZADA,SANTO AMARO,RUA DOIS DE JULHO,AV CRUZ CABUGA,PROX A ACADEMIA HAVANA,SANTO AMARO,Não informado,COLISÃO LATERAL,Não informado,1.0,0.0,0.0,0.0,0.0,0.0,0.0,1.0,0.0,0.0,0.0,Não informado,Não informado,Não informado,Não informado,Não informado,Não informado,Não informado,Não informado,60.0,Não informado,Não informado,SEM VÍTIMA,2022,4,25,0,
2022-04-25,,Não informado,DUPLICIDADE,CASA AMARELA,AV NORTE MIGUEL ARRAES DE ALENCAR,Não informado,PRÓXIMO À MATERNIDADE BARROS LIMA,CASA AMARELA,CIDADE,COLISÃO LATERAL,Não informado,0.0,0.0,0.0,0.0,0.0,0.0,0.0,0.0,0.0,1.0,0.0,Não informado,Não informado,Não informado,Não informado,Não informado,Não informado,Não informado,Não informado,60.0,Não informado,Não informado,COM VÍTIMA,2022,4,25,0,
2022-04-25,,Não informado,FINALIZADA,CASA AMARELA,AV NORTE MIGUEL ARRAES DE ALENCAR,Não informado,EM FRENTE AO POSTO SÃO SEBASTÃO,CASA AMARELA,CIDADE,COLISÃO TRASEIRA,Não informado,0.0,1.0,0.0,0.0,0.0,1.0,0.0,0.0,0.0,1.0,0.0,Não informado,Não informado,Não informado,Não informado,Não informado,Não informado,Não informado,Não informado,60.0,Não informado,Não informado,COM VÍTIMA,2022,4,25,0,
2022-04-25,,Não informado,FINALIZADA,BEBERIBE,AV BEBERIBE,Não informado,SOBRADO BEBERIBE EMPRESARIAL / PROX AO PAGODE DA PRESSÃO,BEBERIBE,CIDADE,COLISÃO LATERAL,Não informado,0.0,2.0,0.0,0.0,0.0,0.0,0.0,0.0,0.0,1.0,0.0,Longo da via,Chuvoso,Sem defeito,Perfeito estado,Molhada,Perfeito estado,Não existe,Não há placas,60.0,Dupla,Faixa contínua,COM VÍTIMA,2022,4,25,0,
2022-04-25,,Não informado,FINALIZADA,SAN MARTIN,AV GENERAL SAN MARTIN,AV ENGENHEIRO ABDIAS DE CARVALHO,PRÓX. AO NOVO ATACAREJO,SAN MARTIN,SUBURBIO,COLISÃO TRANSVERSAL,Não informado,1.0,1.0,0.0,0.0,0.0,0.0,0.0,0.0,0.0,1.0,0.0,Cruzamento,Chuvoso,Sem defeito,Perfeito estado,Molhada,Perfeito estado,Faixa de pedestre,Outras,60.0,Dupla,Outros,COM VÍTIMA,2022,4,25,0,
2022-04-25,,Não informado,CANCELADA,IPSEP,AV RECIFE,Não informado,AO LADO DO POSTO FEDERAL  ANTES DA ENTRADA DO IBURA   S/T BR,IPSEP,Não informado,COLISÃO FRONTAL,Não informado,2.0,0.0,0.0,0.0,0.0,0.0,0.0,0.0,0.0,1.0,0.0,Não informado,Não informado,Não informado,Não informado,Não informado,Não informado,Não informado,Não informado,60.0,Não informado,Não informado,COM VÍTIMA,2022,4,25,0,
2022-04-25,,Não informado,FINALIZADA,BOA VIAGEM,RUA ANTONIO FALCAO,RUA MINISTRO NELSON HUNGRIA,E/F A PADARIA PARQUE DO TRIGO,BOA VIAGEM,SUBURBIO,COLISÃO TRANSVERSAL,Não informado,1.0,1.0,0.0,0.0,0.0,0.0,0.0,0.0,0.0,1.0,0.0,Cruzamento,Bom,Não existe,Perfeito estado,Seca,Perfeito estado,Não existe,"Placas ""Pare""",60.0,Única,Faixa seccionada,COM VÍTIMA,2022,4,25,0,
2022-04-26,,Não informado,FINALIZADA,AREIAS,AV DR JOSE RUFINO,Não informado,EM FRENTE AO SUPERMERCADO ARCO MIX,AREIAS,CIDADE,CHOQUE,Não informado,0.0,0.0,0.0,0.0,0.0,0.0,1.0,0.0,0.0,0.0,0.0,Longo da via,Bom,Não existe,Perfeito estado,Seca,Outros,Não existe,R-6a,60.0,Dupla,Faixa contínua,SEM VÍTIMA,2022,4,26,1,
2022-04-26,,Não informado,FINALIZADA,CABANGA,AV SUL,Não informado,EMPRESA DE MAQUINAS PORTELA,CABANGA,Não informado,COLISÃO LATERAL,Não informado,1.0,1.0,0.0,0.0,0.0,0.0,0.0,0.0,0.0,1.0,0.0,Longo da via,Bom,Sem defeito,Perfeito estado,Seca,Perfeito estado,Não existe,Não há placas,60.0,Única,Não existe,COM VÍTIMA,2022,4,26,1,
2022-04-26,,Não informado,FINALIZADA,IMBIRIBEIRA,AV MARECHAL MASCARENHAS DE MORAES,Não informado,FLOR E ARTE,IMBIRIBEIRA,Não informado,COLISÃO TRASEIRA,Não informado,0.0,0.0,0.0,0.0,0.0,0.0,0.0,0.0,0.0,0.0,0.0,Não informado,Não informado,Não informado,Não informado,Não informado,Não informado,Não informado,Não informado,60.0,Não informado,Não informado,SEM VÍTIMA,2022,4,26,1,
2022-04-26,,Não informado,FINALIZADA,BOA VIAGEM,RUA BARAO DE AGUA BRANCA,Não informado,E/F AO LE PARC,BOA VIAGEM,Não informado,COLISÃO FRONTAL,Não informado,2.0,0.0,0.0,0.0,0.0,0.0,0.0,0.0,0.0,1.0,0.0,Não informado,Não informado,Não informado,Não informado,Não informado,Não informado,Não informado,Não informado,60.0,Não informado,Não informado,COM VÍTIMA,2022,4,26,1,
2022-04-26,,Não informado,FINALIZADA,CAMPO GRANDE,RUA PROFESSOR FRANCISCO DA TRINDADE,RUA SAO CAETANO,PROX A LOJA RPL,CAMPO GRANDE,Não informado,COLISÃO FRONTAL,Não informado,1.0,0.0,0.0,0.0,0.0,0.0,1.0,0.0,0.0,0.0,0.0,Não informado,Não informado,Não informado,Não informado,Não informado,Não informado,Não informado,Não informado,60.0,Não informado,Não informado,SEM VÍTIMA,2022,4,26,1,
2022-04-26,,Não informado,FINALIZADA,BOA VIAGEM,AV ENGENHEIRO DOMINGOS FERREIRA,RUA ARTUR MUNIZ,E/F AO SPETTUS,BOA VIAGEM,Não informado,COLISÃO TRANSVERSAL,Não informado,1.0,1.0,0.0,0.0,0.0,0.0,0.0,0.0,0.0,1.0,0.0,Cruzamento,Bom,Sem defeito,Perfeito estado,Seca,Perfeito estado,Faixa de pedestre,R-6a,60.0,Única,Não existe,COM VÍTIMA,2022,4,26,1,
2022-04-27,,Não informado,FINALIZADA,CASA FORTE,AV DEZESSETE DE AGOSTO,EST REAL DO POCO,E/F A PRC DE CASA FORTE,CASA FORTE,CIDADE,COLISÃO TRANSVERSAL,Não informado,1.0,1.0,0.0,0.0,0.0,0.0,0.0,0.0,0.0,1.0,0.0,Esquina,Bom,Não existe,Perfeito estado,Seca,Perfeito estado,Não informado,Não há placas,40.0,Dupla,Faixa contínua,COM VÍTIMA,2022,4,27,2,
2022-04-27,,Não informado,CANCELADA,SANTO AMARO,AV NORTE MIGUEL ARRAES DE ALENCAR,RUA DA AURORA,SEMAFORO 243,SANTO AMARO,Não informado,COLISÃO TRASEIRA,Não informado,1.0,1.0,0.0,0.0,0.0,0.0,0.0,0.0,0.0,1.0,0.0,Não informado,Não informado,Não informado,Não informado,Não informado,Não informado,Não informado,Não informado,60.0,Não informado,Não informado,COM VÍTIMA,2022,4,27,2,
2022-04-27,,Não informado,FINALIZADA,BARRO,AV DR JOSE RUFINO,Não informado,APÓS AO COLEGIO ALBERTO TORRES / POR CIMA DA PONTE,BARRO,CIDADE,COLISÃO TRASEIRA,Não informado,1.0,1.0,0.0,0.0,0.0,0.0,0.0,0.0,0.0,1.0,0.0,Longo da via,Bom,Não existe,Perfeito estado,Seca,Perfeito estado,Não existe,Não há placas,60.0,Dupla,Faixa contínua,COM VÍTIMA,2022,4,27,2,
2022-04-28,,Não informado,FINALIZADA,BOA VIAGEM,RUA PADRE CARAPUCEIRO,AV CONSELHEIRO AGUIAR,E/F A EMPRESARIAL RIO AVE,BOA VIAGEM,CIDADE,COLISÃO TRASEIRA,Não informado,2.0,0.0,0.0,1.0,0.0,0.0,0.0,0.0,0.0,1.0,0.0,Cruzamento,Bom,Sem defeito,Perfeito estado,Seca,Perfeito estado,Faixa de pedestre,R-6a,60.0,Única,Faixa contínua,COM VÍTIMA,2022,4,28,3,
2022-04-28,,Não informado,FINALIZADA,ZUMBI,AV CAXANGA,Não informado,EM FRENTE AO COMPAZ,ZUMBI,CIDADE,ATROPELAMENTO DE PESSOA,Não informado,0.0,0.0,0.0,0.0,1.0,1.0,0.0,0.0,0.0,1.0,0.0,Longo da via,Bom,Sem defeito,Perfeito estado,Seca,Perfeito estado,Faixa de pedestre,Não há placas,60.0,Dupla,Blocos,COM VÍTIMA,2022,4,28,3,
2022-04-28,,Não informado,FINALIZADA,BOA VIAGEM,RUA ALMIRANTE TAMANDARE,RUA PADRE CABRAL,EM FRENTE AO EDF. ANTONIO MESQUITA,BOA VIAGEM,SUBURBIO,COLISÃO TRANSVERSAL,Não informado,1.0,1.0,0.0,0.0,0.0,0.0,0.0,0.0,0.0,2.0,0.0,Cruzamento,Bom,Não existe,Incompleta,Seca,Mal conservada,Não existe,Outras,60.0,Única,Não existe,COM VÍTIMA,2022,4,28,3,
2022-04-28,,Não informado,FINALIZADA,AFOGADOS,RUA SAO MIGUEL,EST DOS REMEDIOS,EM FRENTE AO ESTABELECIMENTO COMERCIAL GERAÇÃO INFANTIL,AFOGADOS,SUBURBIO,Não informado,Não informado,0.0,0.0,0.0,0.0,0.0,0.0,1.0,1.0,0.0,0.0,0.0,Cruzamento,Bom,Sem defeito,Perfeito estado,Seca,Perfeito estado,Não existe,R-3,60.0,Dupla,Não existe,SEM VÍTIMA,2022,4,28,3,
2022-04-29,,Não informado,FINALIZADA,CASA AMARELA,AV NORTE MIGUEL ARRAES DE ALENCAR,RUA CABO EPITACIO LUCENA,"DE ESQUINA COM O REI DA PICANHA, SENT. CASA AMARELA",CASA AMARELA,SUBURBIO,COLISÃO LATERAL,Não informado,1.0,1.0,0.0,0.0,0.0,0.0,0.0,0.0,0.0,1.0,0.0,Longo da via,Chuvoso,Sem defeito,Perfeito estado,Molhada,Perfeito estado,Faixa de pedestre,R-6a,60.0,Única,Faixa contínua,COM VÍTIMA,2022,4,29,4,
2022-04-29,,Não informado,CANCELADA,AREIAS,AV DR JOSE RUFINO,Não informado,E/F AO SENAI DE AREIAS,AREIAS,Não informado,COLISÃO FRONTAL,Não informado,1.0,1.0,0.0,0.0,0.0,0.0,0.0,0.0,0.0,1.0,0.0,Não informado,Não informado,Não informado,Não informado,Não informado,Não informado,Não informado,Não informado,60.0,Não informado,Não informado,COM VÍTIMA,2022,4,29,4,
2022-04-29,,Não informado,FINALIZADA,ESTÂNCIA,AV RECIFE,Não informado,AO LADO DO CERPE/ SENTIDO BR,ESTÂNCIA,SUBURBIO,COLISÃO TRANSVERSAL,Não informado,1.0,1.0,0.0,0.0,0.0,0.0,0.0,0.0,0.0,1.0,0.0,Longo da via,Chuvoso,Sem defeito,Perfeito estado,Molhada,Perfeito estado,Agente,R-5a,60.0,Única,Não existe,COM VÍTIMA,2022,4,29,4,
2022-04-29,,Não informado,FINALIZADA,ILHA DO LEITE,RUA PAISSANDU,Não informado,LADO OPOSTO AO HOSPITAL SÃO MARCOS,ILHA DO LEITE,SUBURBIO,COLISÃO TRASEIRA,Não informado,2.0,0.0,0.0,0.0,0.0,0.0,0.0,0.0,0.0,0.0,0.0,Longo da via,Chuvoso,Não existe,Perfeito estado,Molhada,Perfeito estado,Não existe,R-6a,40.0,Dupla,Canteiro central,SEM VÍTIMA,2022,4,29,4,
2022-04-29,,Não informado,FINALIZADA,IBURA,AV DOIS RIOS,Não informado,EM FRENTE A POLICLINICA ARNALDO MARQUES,IBURA,Não informado,COLISÃO FRONTAL,Não informado,2.0,0.0,0.0,0.0,0.0,0.0,0.0,0.0,0.0,2.0,0.0,Não informado,Não informado,Não informado,Não informado,Não informado,Não informado,Não informado,Não informado,60.0,Não informado,Não informado,COM VÍTIMA,2022,4,29,4,
2022-04-29,,Não informado,FINALIZADA,JORDÃO,AV MARIA IRENE,Não informado,POSTO JORDÃO,JORDÃO,CIDADE,COLISÃO LATERAL,Não informado,0.0,2.0,0.0,0.0,0.0,0.0,0.0,0.0,0.0,1.0,0.0,Longo da via,Bom,Não existe,Incompleta,Seca,Perfeito estado,Não existe,Não há placas,60.0,Dupla,Não existe,COM VÍTIMA,2022,4,29,4,
2022-04-30,,Não informado,FINALIZADA,BOA VIAGEM,AV BOA VIAGEM,Não informado,EM FRENTE AO EDF. VEREDA DO MAR,BOA VIAGEM,CIDADE,COLISÃO LATERAL,Não informado,1.0,1.0,0.0,0.0,0.0,0.0,0.0,0.0,0.0,2.0,0.0,Longo da via,Bom,Sem defeito,Perfeito estado,Seca,Perfeito estado,Não existe,R-19,60.0,Única,Faixa contínua,COM VÍTIMA,2022,4,30,5,
2022-04-30,,Não informado,FINALIZADA,SÃO JOSÉ,RUA DO PEIXOTO,RUA FLORIANO PEIXOTO,PRÓX. AO RESTAURANTE POPULAR JOSUÉ DE CASTRO,SÃO JOSÉ,Não informado,COLISÃO FRONTAL,Não informado,0.0,1.0,0.0,0.0,0.0,1.0,0.0,0.0,0.0,1.0,0.0,Cruzamento,Bom,Não existe,Perfeito estado,Seca,Perfeito estado,Não existe,Não há placas,40.0,Única,Faixa,COM VÍTIMA,2022,4,30,5,
2022-04-30,,Não informado,FINALIZADA,JAQUEIRA,RUA LEONARDO BEZERRA CAVALCANTE,Não informado,PRÓX. AO EDIFÍCIO ESTAÇÃO JAQUEIRA,JAQUEIRA,SUBURBIO,COLISÃO COM CICLISTA,Não informado,1.0,0.0,0.0,1.0,0.0,0.0,0.0,0.0,0.0,1.0,0.0,Esquina,Bom,Não existe,Incompleta,Seca,Perfeito estado,Não existe,Não informado,60.0,Única,Faixa contínua,COM VÍTIMA,2022,4,30,5,
2022-04-30,,Não informado,CANCELADA,ESPINHEIRO,RUA DA HORA,RUA SANTO ELIAS,PRÓX. À PADARIA DONA MARIA - CASA DO PÃO,ESPINHEIRO,Não informado,COLISÃO COM CICLISTA,Não informado,1.0,0.0,0.0,1.0,0.0,0.0,0.0,0.0,0.0,1.0,0.0,Não informado,Não informado,Não informado,Não informado,Não informado,Não informado,Não informado,Não informado,60.0,Não informado,Não informado,COM VÍTIMA,2022,4,30,5,
2022-04-30,,Não informado,FINALIZADA,IPUTINGA,AV CAXANGA,RUA DR PAULO CORREIA,PRÓX. AO CAXANGÁ GOLF & COUNTRY CLUB,IPUTINGA,CIDADE,COLISÃO LATERAL,Não informado,1.0,1.0,0.0,0.0,0.0,0.0,0.0,0.0,0.0,2.0,0.0,Longo da via,Bom,Não existe,Incompleta,Seca,Perfeito estado,Não existe,Outras,60.0,Dupla,Faixa contínua,COM VÍTIMA,2022,4,30,5,
2022-04-30,,Não informado,FINALIZADA,BOA VISTA,AV GOVERNADOR AGAMENON MAGALHAES,PRC PARQUE AMORIM,ENFRENTE AO BOMPREÇO DA AGAMENON,BOA VISTA,SUBURBIO,COLISÃO TRANSVERSAL,Não informado,0.0,1.0,0.0,0.0,0.0,1.0,0.0,0.0,0.0,1.0,0.0,Esquina,Bom,Não existe,Perfeito estado,Seca,Perfeito estado,Outros,Não há placas,60.0,Única,Faixa contínua,COM VÍTIMA,2022,4,30,5,
2022-05-01,,Não informado,FINALIZADA,AFOGADOS,RUA MOTOCOLOMBO,Não informado,AO LADO DA IGREJA CATOLICA DE AFOGADOS E IGREJA PRESBITERIANA,AFOGADOS,SUBURBIO,COLISÃO FRONTAL,Não informado,2.0,0.0,0.0,0.0,0.0,0.0,0.0,0.0,0.0,2.0,0.0,Longo da via,Bom,Não existe,Perfeito estado,Seca,Perfeito estado,Não existe,R-6a,60.0,Única,Faixa seccionada,COM VÍTIMA,2022,5,1,6,
2022-05-02,,Não informado,FINALIZADA,CASA AMARELA,AV NORTE MIGUEL ARRAES DE ALENCAR,Não informado,EM FRENTE A BARROS LIMA SENT. CIDADE,CASA AMARELA,CIDADE,COLISÃO TRASEIRA,Não informado,0.0,1.0,0.0,0.0,0.0,1.0,0.0,0.0,0.0,1.0,0.0,Longo da via,Chuvoso,Não existe,Perfeito estado,Molhada,Perfeito estado,Não existe,Não há placas,60.0,Dupla,Canteiro central,COM VÍTIMA,2022,5,2,0,
2022-05-02,,Não informado,FINALIZADA,BOA VIAGEM,AV CONSELHEIRO AGUIAR,Não informado,EM FRENTE A PADARIA AUGUSTA,BOA VIAGEM,CIDADE,COLISÃO TRASEIRA,Não informado,1.0,1.0,0.0,0.0,0.0,0.0,0.0,0.0,0.0,1.0,0.0,Longo da via,Chuvoso,Não existe,Perfeito estado,Molhada,Perfeito estado,Não existe,Outras,60.0,Única,Faixa seccionada,COM VÍTIMA,2022,5,2,0,
2022-05-02,,Não informado,FINALIZADA,CAMPO GRANDE,AV GOVERNADOR AGAMENON MAGALHAES,Não informado,EM FRENTE A FABRICA TECARUNA / SENT DERBY,CAMPO GRANDE,Não informado,ATROPELAMENTO DE PESSOA,Não informado,0.0,1.0,0.0,0.0,2.0,0.0,0.0,0.0,0.0,2.0,0.0,Longo da via,Bom,Não existe,Perfeito estado,Seca,Perfeito estado,Não existe,Outras,60.0,Dupla,Faixa seccionada,COM VÍTIMA,2022,5,2,0,
2022-05-02,,Não informado,FINALIZADA,MADALENA,RUA LOPES DE CARVALHO,RUA HERMOGENES DE MORAIS,RUA DO MARTELINHO DE OURO,MADALENA,CIDADE,COLISÃO TRANSVERSAL,Não informado,1.0,1.0,0.0,0.0,0.0,0.0,0.0,0.0,0.0,1.0,0.0,Esquina,Bom,Não existe,Perfeito estado,Seca,Perfeito estado,Não existe,"Placas ""Pare""",60.0,Dupla,Não existe,COM VÍTIMA,2022,5,2,0,
2022-05-02,,Não informado,FINALIZADA,BOA VIAGEM,AV CONSELHEIRO AGUIAR,RUA TOME GIBSON,E/F A PADARIA MIRAMAR,BOA VIAGEM,CIDADE,COLISÃO LATERAL,Não informado,1.0,1.0,0.0,0.0,0.0,0.0,0.0,0.0,0.0,1.0,0.0,Cruzamento,Bom,Sem defeito,Perfeito estado,Seca,Perfeito estado,Faixa de pedestre,Outras,60.0,Única,Faixa contínua,COM VÍTIMA,2022,5,2,0,
2022-05-02,,Não informado,FINALIZADA,JAQUEIRA,RUA PADRE ROMA,RUA DO FUTURO,EM FRENTE  A POLI ALBERT SABIN,JAQUEIRA,Não informado,COLISÃO TRASEIRA,Não informado,0.0,1.0,0.0,0.0,0.0,0.0,0.0,0.0,0.0,1.0,0.0,Esquina,Chuvoso,Sem defeito,Perfeito estado,Molhada,Perfeito estado,Faixa de pedestre,Outras,60.0,Dupla,Faixa contínua,COM VÍTIMA,2022,5,2,0,
2022-05-02,,Não informado,FINALIZADA,ESTÂNCIA,Não informado,Não informado,1ª TRAVESSA PRINCIPE DA BEIRA/ APÓS O MERCADINHO VITORIA,ESTÂNCIA,Não informado,COLISÃO TRASEIRA,Não informado,1.0,1.0,0.0,0.0,0.0,0.0,0.0,0.0,0.0,2.0,0.0,Não informado,Não informado,Não informado,Não informado,Não informado,Não informado,Não informado,Não informado,60.0,Não informado,Não informado,COM VÍTIMA,2022,5,2,0,
2022-05-02,,Não informado,FINALIZADA,IPSEP,AV RECIFE,Não informado,EM FRENTE À PETRO SERVICE CAR / SENTIDO BOA VIAGEM,IPSEP,Não informado,COLISÃO TRASEIRA,Não informado,0.0,0.0,0.0,0.0,0.0,2.0,0.0,0.0,0.0,7.0,0.0,Não informado,Não informado,Não informado,Não informado,Não informado,Não informado,Não informado,Não informado,60.0,Não informado,Não informado,COM VÍTIMA,2022,5,2,0,
2022-05-02,,Não informado,FINALIZADA,BOA VISTA,AV MONTEVIDEU,PRC PARQUE AMORIM,RUA AO LADO DO HOSPITAL DE FRATURAS  POR TRAS DO BOMPREÇO,BOA VISTA,Não informado,COLISÃO TRASEIRA,Não informado,2.0,0.0,0.0,0.0,0.0,0.0,0.0,0.0,0.0,0.0,0.0,Não informado,Não informado,Não informado,Não informado,Não informado,Não informado,Não informado,Não informado,60.0,Não informado,Não informado,SEM VÍTIMA,2022,5,2,0,
2022-05-02,,Não informado,FINALIZADA,SANTO AMARO,AV GOVERNADOR AGAMENON MAGALHAES,Não informado,PRÓX. AO MINISTÉRIO DO TRABALHO E EMPREGO. / OPOSTO A REITORIA UPE,SANTO AMARO,CIDADE,COLISÃO TRASEIRA,Não informado,1.0,1.0,0.0,0.0,0.0,0.0,0.0,0.0,0.0,1.0,0.0,Longo da via,Bom,Não existe,Perfeito estado,Seca,Perfeito estado,Não existe,Não há placas,60.0,Única,Faixa seccionada,COM VÍTIMA,2022,5,2,0,
2022-05-02,,Não informado,FINALIZADA,AFOGADOS,RUA COTUNGUBA,Não informado,ESTABELECIMENTO SARAIVA EQUIPAMENTOS ( EM FRENTE),AFOGADOS,SUBURBIO,CHOQUE,Não informado,1.0,0.0,0.0,0.0,0.0,0.0,1.0,0.0,0.0,0.0,0.0,Longo da via,Bom,Não existe,Não existente,Seca,Perfeito estado,Não existe,Não há placas,60.0,Dupla,Não existe,SEM VÍTIMA,2022,5,2,0,
2022-05-02,,Não informado,FINALIZADA,SAN MARTIN,RUA DELMIRO GOUVEIA,Não informado,E/F A CHESF,SAN MARTIN,Não informado,APOIO EMLURB,Não informado,0.0,2.0,0.0,0.0,0.0,0.0,0.0,0.0,0.0,1.0,0.0,Não informado,Não informado,Não informado,Não informado,Não informado,Não informado,Não informado,Não informado,60.0,Não informado,Não informado,COM VÍTIMA,2022,5,2,0,
2022-05-03,,Não informado,FINALIZADA,PRADO,RUA JOAO IVO DA SILVA,Não informado,"PROX A EUROVIA RENAULT, PISTA LESTE",PRADO,Não informado,MONITORAMENTO,Não informado,0.0,0.0,0.0,0.0,0.0,0.0,0.0,0.0,0.0,0.0,0.0,Não informado,Não informado,Não informado,Não informado,Não informado,Não informado,Não informado,Não informado,60.0,Não informado,Não informado,SEM VÍTIMA,2022,5,3,1,
2022-05-03,,Não informado,FINALIZADA,ALTO DO MANDU,RUA IMBIRIBA,Não informado,PROX A ESCOLA VILA SÉZAMO,ALTO DO MANDU,Não informado,CHOQUE,Não informado,1.0,1.0,0.0,0.0,0.0,0.0,0.0,0.0,0.0,0.0,0.0,Não informado,Não informado,Não informado,Não informado,Não informado,Não informado,Não informado,Não informado,60.0,Não informado,Não informado,SEM VÍTIMA,2022,5,3,1,
2022-05-03,,Não informado,FINALIZADA,BOA VISTA,RUA VISCONDE DE GOIANA,RUA MARQUES AMORIM,RUA MARQUES  AMORIM,BOA VISTA,CIDADE,COLISÃO TRANSVERSAL,Não informado,1.0,0.0,0.0,0.0,0.0,1.0,0.0,0.0,0.0,1.0,0.0,Cruzamento,Chuvoso,Não existe,Perfeito estado,Molhada,Perfeito estado,Faixa de pedestre,"Placas ""Pare""",60.0,Única,Não existe,COM VÍTIMA,2022,5,3,1,
2022-05-03,,Não informado,FINALIZADA,AREIAS,AV DR JOSE RUFINO,RUA COSTA HONORATO,E/F A HONDA  VT 28 NO LOCAL,AREIAS,SUBURBIO,ATROPELAMENTO DE ANIMAL,Não informado,0.0,1.0,0.0,0.0,0.0,0.0,0.0,0.0,0.0,1.0,0.0,Longo da via,Chuvoso,Não existe,Perfeito estado,Molhada,Perfeito estado,Não existe,R-6c,50.0,Dupla,Faixa contínua,COM VÍTIMA,2022,5,3,1,
2022-05-03,,Não informado,FINALIZADA,ENCRUZILHADA,AV NORTE MIGUEL ARRAES DE ALENCAR,RUA ALFREDO DE CASTRO,E/F A RENAULT S/T SUB  NO SEMAFORO 665,ENCRUZILHADA,SUBURBIO,COLISÃO LATERAL,Não informado,1.0,1.0,0.0,0.0,0.0,0.0,0.0,0.0,0.0,1.0,0.0,Cruzamento,Bom,Sem defeito,Perfeito estado,Seca,Perfeito estado,Faixa de pedestre,Outras,60.0,Dupla,Canteiro central,COM VÍTIMA,2022,5,3,1,
2022-05-03,,Não informado,FINALIZADA,PORTO DA MADEIRA,AV BEBERIBE,RUA DONA VIRTUOSA DE LUCENA,PROXIMO AO SEST SENAT,PORTO DA MADEIRA,SUBURBIO,COLISÃO TRANSVERSAL,Não informado,1.0,0.0,0.0,0.0,0.0,1.0,0.0,0.0,0.0,1.0,0.0,Longo da via,Bom,Não existe,Incompleta,Seca,Perfeito estado,Não existe,Não há placas,60.0,Dupla,Faixa seccionada,COM VÍTIMA,2022,5,3,1,
2022-05-03,,Não informado,FINALIZADA,SÃO JOSÉ,RUA IMPERIAL,Não informado,Não informado,SÃO JOSÉ,SUBURBIO,COLISÃO TRASEIRA,Não informado,1.0,0.0,0.0,0.0,0.0,0.0,0.0,1.0,0.0,0.0,0.0,Longo da via,Bom,Sem defeito,Perfeito estado,Seca,Perfeito estado,Não existe,Não informado,40.0,Única,Faixa seccionada,SEM VÍTIMA,2022,5,3,1,
2022-05-04,,Não informado,FINALIZADA,PRADO,RUA JOAO IVO DA SILVA,RUA PANDIA CALOGERAS,CLÍNICA CORPO E EQUILIBRIO,PRADO,SUBURBIO,Não informado,Não informado,1.0,0.0,0.0,0.0,0.0,0.0,0.0,1.0,0.0,0.0,0.0,Não informado,Bom,Não existe,Perfeito estado,Seca,Perfeito estado,Não existe,Não há placas,60.0,Única,Canal,SEM VÍTIMA,2022,5,4,2,
2022-05-04,,Não informado,FINALIZADA,BOA VIAGEM,AV BOA VIAGEM,Não informado,E/F AO EDIFCIO NOBILE RESIDENCE MARIA FRAZÃO,BOA VIAGEM,Não informado,COLISÃO LATERAL,Não informado,1.0,1.0,0.0,0.0,0.0,0.0,0.0,0.0,0.0,0.0,0.0,Não informado,Não informado,Não informado,Não informado,Não informado,Não informado,Não informado,Não informado,60.0,Não informado,Não informado,SEM VÍTIMA,2022,5,4,2,