data,hora,natureza_acidente,situacao,bairro,endereco,detalhe_endereco_acidente,complemento,bairro_cruzamento,sentido_via,tipo,descricao,auto,moto,ciclom,ciclista,pedestre,onibus,caminhao,viatura,outros,vitimas,vitimasfatais,acidente_verificado,tempo_clima,situacao_semaforo,sinalizacao,condicao_via,conservacao_via,ponto_controle,situacao_placa,velocidade_max_via,mao_direcao,divisao_via1,natureza,ano,mes,dia,dia_semana,hora_ocorrencia
2022-05-04,,Não informado,CANCELADA,PINA,AV DR DIRCEU VELLOSO TOSCANO DE BRITO,Não informado,EM FRENTE A BARBEARIA IMPERIO DO HOMEM,PINA,Não informado,COLISÃO LATERAL,Não informado,0.0,0.0,0.0,0.0,0.0,0.0,2.0,0.0,0.0,0.0,0.0,Não informado,Não informado,Não informado,Não informado,Não informado,Não informado,Não informado,Não informado,60.0,Não informado,Não informado,SEM VÍTIMA,2022,5,4,2,
2022-05-04,,Não informado,FINALIZADA,DOIS IRMÃOS,RUA MANUEL DE MEDEIROS,Não informado,PRÓXIMO AO SEMÁFORO 224 / EM FRENTE AO Z3 DA UFRPE,DOIS IRMÃOS,CIDADE,CHOQUE,Não informado,0.0,1.0,0.0,0.0,0.0,0.0,0.0,1.0,0.0,0.0,0.0,Longo da via,Bom,Sem defeito,Perfeito estado,Seca,Perfeito estado,Não existe,Não há placas,60.0,Dupla,Faixa seccionada,SEM VÍTIMA,2022,5,4,2,
2022-05-04,,Não informado,FINALIZADA,BOA VISTA,RUA AURORA,RUA PRINCESA IZABEL,SEMAFORO 387,BOA VISTA,CIDADE,COLISÃO TRASEIRA,Não informado,1.0,1.0,0.0,0.0,0.0,0.0,0.0,0.0,0.0,1.0,0.0,Cruzamento,Bom,Sem defeito,Perfeito estado,Seca,Perfeito estado,Faixa de pedestre,R-6a,60.0,Única,Faixa contínua,COM VÍTIMA,2022,5,4,2,
2022-05-04,,Não informado,FINALIZADA,ILHA JOANA BEZERRA,PTE JOSE DE BARROS LIMA,Não informado,NA DESCIDA DO VIADUTO / E/F AO FORUM / SOB A PASSARELA,ILHA JOANA BEZERRA,Não informado,ATROPELAMENTO DE PESSOA,Não informado,1.0,0.0,0.0,0.0,1.0,0.0,0.0,0.0,0.0,1.0,0.0,Viaduto,Bom,Não existe,Perfeito estado,Seca,Perfeito estado,Não informado,Não informado,60.0,Não informado,Não informado,COM VÍTIMA,2022,5,4,2,
2022-05-04,,Não informado,FINALIZADA,TORRÕES,AV ENGENHEIRO ABDIAS DE CARVALHO,Não informado,"E/F A SOS AUTO PEÇAS - LOMBADA ELETRONICA,  SEMAFORO 272. SNT CID",TORRÕES,CIDADE,COLISÃO TRASEIRA,Não informado,1.0,1.0,0.0,0.0,0.0,0.0,0.0,0.0,0.0,1.0,0.0,Longo da via,Bom,Sem defeito,Perfeito estado,Seca,Perfeito estado,Faixa de pedestre,R-6a,60.0,Dupla,Faixa contínua,COM VÍTIMA,2022,5,4,2,
2022-05-04,,Não informado,FINALIZADA,ARRUDA,AV BEBERIBE,RUA DAS MOCAS,EM FRENTE AO ESTÁDIO JOSÉ DO REGO MACIEL,ARRUDA,SUBURBIO,COLISÃO LATERAL,Não informado,1.0,1.0,0.0,0.0,0.0,0.0,0.0,0.0,0.0,2.0,0.0,Cruzamento,Bom,Não existe,Perfeito estado,Seca,Perfeito estado,Não existe,Não há placas,60.0,Dupla,Faixa contínua,COM VÍTIMA,2022,5,4,2,
2022-05-04,,Não informado,FINALIZADA,IMBIRIBEIRA,RUA ARQUITETO LUIZ NUNES,Não informado,E/F A PRAÇA ARQUITETO LUIZ NUNES,IMBIRIBEIRA,CIDADE,COLISÃO LATERAL,Não informado,1.0,1.0,0.0,0.0,0.0,0.0,0.0,0.0,0.0,1.0,0.0,Outros,Bom,Não existe,Perfeito estado,Seca,Perfeito estado,Não existe,Não há placas,60.0,Única,Faixa contínua,COM VÍTIMA,2022,5,4,2,
2022-05-05,,Não informado,FINALIZADA,TOTÓ,RUA ONZE DE AGOSTO,Não informado,TERMINAL DE ÔNIBUS DA LINHA 203,TOTÓ,Não informado,CHOQUE,Não informado,1.0,0.0,0.0,0.0,0.0,1.0,0.0,0.0,0.0,0.0,0.0,Outros,Bom,Não existe,Não existente,Seca,Mal conservada,Não existe,Não há placas,60.0,Única,Não existe,SEM VÍTIMA,2022,5,5,3,
2022-05-05,,Não informado,FINALIZADA,PRADO,RUA PADRE TEOFILO TWORZ,RUA CARLOS GOMES,AO LADO DA BIG CAR,PRADO,CIDADE,COLISÃO TRANSVERSAL,Não informado,1.0,1.0,0.0,0.0,0.0,0.0,0.0,0.0,0.0,1.0,0.0,Cruzamento,Bom,Não existe,Perfeito estado,Seca,Perfeito estado,Faixa de pedestre,Outras,40.0,Única,Não existe,COM VÍTIMA,2022,5,5,3,
2022-05-05,,Não informado,FINALIZADA,SANTO AMARO,AV GOVERNADOR AGAMENON MAGALHAES,Não informado,PRÓXIMO A FABRICA TACARUNA,SANTO AMARO,Não informado,COLISÃO LATERAL,Não informado,0.0,2.0,0.0,0.0,0.0,0.0,0.0,0.0,0.0,2.0,0.0,Não informado,Não informado,Não informado,Não informado,Não informado,Não informado,Não informado,Não informado,60.0,Não informado,Não informado,COM VÍTIMA,2022,5,5,3,
2022-05-05,,Não informado,FINALIZADA,CASA FORTE,AV DEZESSETE DE AGOSTO,Não informado,EM FRENTE A PIZZARIA HUT,CASA FORTE,SUBURBIO,COLISÃO LATERAL,Não informado,1.0,1.0,0.0,0.0,0.0,0.0,0.0,0.0,0.0,1.0,0.0,Longo da via,Bom,Não existe,Perfeito estado,Seca,Perfeito estado,Não existe,R-6a,60.0,Dupla,Faixa contínua,COM VÍTIMA,2022,5,5,3,
2022-05-05,,Não informado,FINALIZADA,CORDEIRO,RUA PEREIRA DE MORAES,RUA PAES CABRAL,Não informado,CORDEIRO,Não informado,Não informado,Não informado,2.0,0.0,0.0,0.0,0.0,0.0,0.0,0.0,0.0,0.0,0.0,Cruzamento,Bom,Não existe,Não existente,Seca,Perfeito estado,Não existe,Não há placas,60.0,Dupla,Não existe,SEM VÍTIMA,2022,5,5,3,
2022-05-05,,Não informado,FINALIZADA,CIDADE UNIVERSITÁRIA,AV PROFESSOR ARTUR DE SA,Não informado,AO LADO DO HOSPITAL DAS CLÍNICAS,CIDADE UNIVERSITÁRIA,SUBURBIO,COLISÃO TRANSVERSAL,Não informado,1.0,1.0,0.0,0.0,0.0,0.0,0.0,0.0,0.0,1.0,0.0,Longo da via,Bom,Não existe,Perfeito estado,Seca,Perfeito estado,Não existe,Não há placas,60.0,Dupla,Faixa contínua,COM VÍTIMA,2022,5,5,3,
2022-05-05,,Não informado,FINALIZADA,SANTO AMARO,AV GOVERNADOR AGAMENON MAGALHAES,RUA BARROS BARRETO,EM FRENTE A REITORIA DA UPE,SANTO AMARO,SUBURBIO,Não informado,Não informado,1.0,0.0,0.0,0.0,0.0,0.0,0.0,1.0,0.0,0.0,0.0,Longo da via,Bom,Não existe,Perfeito estado,Seca,Perfeito estado,Não existe,Não há placas,60.0,Dupla,Faixa seccionada,SEM VÍTIMA,2022,5,5,3,
2022-05-05,,Não informado,FINALIZADA,IMBIRIBEIRA,AV MARECHAL MASCARENHAS DE MORAES,Não informado,EM FRENTE A CONCESSIONARIA MERCEDES BENZ / SENTIDO CIDADE,IMBIRIBEIRA,CIDADE,COLISÃO LATERAL,Não informado,0.0,2.0,0.0,0.0,0.0,0.0,0.0,0.0,0.0,1.0,0.0,Longo da via,Bom,Sem defeito,Perfeito estado,Seca,Perfeito estado,Faixa de pedestre,Não há placas,60.0,Única,Faixa contínua,COM VÍTIMA,2022,5,5,3,
2022-05-05,,Não informado,FINALIZADA,CAJUEIRO,AV CIDADE DE MONTEIRO,Não informado,EM FRENTE AO ARMAZÉM CORAL.,CAJUEIRO,Não informado,COLISÃO LATERAL,Não informado,1.0,0.0,0.0,0.0,0.0,0.0,1.0,0.0,0.0,2.0,0.0,Longo da via,Bom,Não existe,Perfeito estado,Seca,Perfeito estado,Faixa de pedestre,Outras,60.0,Dupla,Faixa contínua,COM VÍTIMA,2022,5,5,3,
2022-05-05,,Não informado,FINALIZADA,BOA VISTA,RUA AURORA,RUA PRINCESA IZABEL,RUA PRINCESA IZABEL,BOA VISTA,Não informado,COLISÃO LATERAL,Não informado,0.0,2.0,0.0,0.0,0.0,0.0,0.0,0.0,0.0,1.0,0.0,Cruzamento,Bom,Sem defeito,Perfeito estado,Seca,Perfeito estado,Faixa de pedestre,Outras,60.0,Única,Faixa contínua,COM VÍTIMA,2022,5,5,3,
2022-05-05,,Não informado,CANCELADA,SANTO AMARO,AV GOVERNADOR AGAMENON MAGALHAES,Não informado,E/F AO BRADESCO SEGUROS,SANTO AMARO,OLINDA,COLISÃO TRASEIRA,Não informado,3.0,0.0,0.0,0.0,0.0,0.0,0.0,0.0,0.0,0.0,0.0,Não informado,Não informado,Não informado,Não informado,Não informado,Não informado,Não informado,Não informado,60.0,Não informado,Não informado,SEM VÍTIMA,2022,5,5,3,
2022-05-05,,Não informado,FINALIZADA,BEBERIBE,RUA URIEL DE HOLANDA,RUA MELANIO DE BARROS CORREIA,E/F AO COLEGIO  PEDRO CELSO,BEBERIBE,SUBURBIO,ATROPELAMENTO DE PESSOA,Não informado,0.0,1.0,0.0,0.0,1.0,0.0,0.0,0.0,0.0,1.0,0.0,Longo da via,Bom,Não existe,Perfeito estado,Seca,Perfeito estado,Não existe,R-6a,40.0,Dupla,Não existe,COM VÍTIMA,2022,5,5,3,
2022-05-05,,Não informado,FINALIZADA,MADALENA,RUA DEMOCRITO DE SOUZA FILHO,RUA PROFESSOR JOSE TORRES PIRES,GARDEN BELEZA CAFÉ MODA,MADALENA,SUBURBIO,COLISÃO TRANSVERSAL,Não informado,1.0,1.0,0.0,0.0,0.0,0.0,0.0,0.0,0.0,1.0,0.0,Cruzamento,Bom,Não existe,Incompleta,Seca,Perfeito estado,Não existe,Não há placas,60.0,Única,Não existe,COM VÍTIMA,2022,5,5,3,
2022-05-06,,Não informado,FINALIZADA,IBURA,AV DOIS RIOS,Não informado,EM FRENTE A IGREJA ELSHADAY,IBURA,SUBURBIO,COLISÃO TRANSVERSAL,Não informado,2.0,1.0,0.0,0.0,0.0,0.0,0.0,0.0,0.0,1.0,0.0,Longo da via,Bom,Não existe,Perfeito estado,Seca,Perfeito estado,Não existe,R-6a,60.0,Dupla,Faixa contínua,COM VÍTIMA,2022,5,6,4,
2022-05-06,,Não informado,FINALIZADA,BOA VISTA,RUA DA SOLEDADE,RUA DO PROGRESSO,EM FRENTE A FUNDAÇÃO ALTINO VENTURA.,BOA VISTA,AV CDE DA BOA VISTA,COLISÃO TRASEIRA,Não informado,1.0,1.0,0.0,0.0,0.0,0.0,0.0,0.0,0.0,1.0,0.0,Longo da via,Bom,Sem defeito,Perfeito estado,Seca,Perfeito estado,Faixa de pedestre,Outras,30.0,Única,Não existe,COM VÍTIMA,2022,5,6,4,
2022-05-06,,Não informado,FINALIZADA,SANTO AMARO,AV GOVERNADOR AGAMENON MAGALHAES,Não informado,EM FRENTE AO SHOPPING TACARUNA SENT. BOA VIAGEM. ANTIGA FÁBRICA TACARUNA.,SANTO AMARO,CIDADE,QUEDA,Não informado,0.0,0.0,1.0,0.0,0.0,0.0,0.0,0.0,0.0,1.0,0.0,Longo da via,Bom,Não existe,Perfeito estado,Não informado,Mal conservada,Não existe,Não há placas,60.0,Dupla,Faixa seccionada,COM VÍTIMA,2022,5,6,4,
2022-05-06,,Não informado,FINALIZADA,TORRÕES,AV ENGENHEIRO ABDIAS DE CARVALHO,Não informado,PROX AO GIROURO DA CHESF S/T SAN MARTIN NO SEMAFORO 375. LADO OPOSTO AO KIYOI GALETOS.,TORRÕES,CIDADE,ATROPELAMENTO DE PESSOA,Não informado,0.0,1.0,0.0,0.0,1.0,0.0,0.0,0.0,0.0,1.0,0.0,Longo da via,Bom,Sem defeito,Perfeito estado,Seca,Perfeito estado,Faixa de pedestre,Não há placas,60.0,Única,Canteiro central,COM VÍTIMA,2022,5,6,4,
2022-05-06,,Não informado,FINALIZADA,SÃO JOSÉ,C SANTA RITA,Não informado,Não informado,SÃO JOSÉ,Não informado,QUEDA,Não informado,0.0,1.0,0.0,0.0,0.0,0.0,0.0,0.0,0.0,1.0,0.0,Não informado,Não informado,Não informado,Não informado,Não informado,Não informado,Não informado,Não informado,60.0,Não informado,Não informado,COM VÍTIMA,2022,5,6,4,
2022-05-06,,Não informado,FINALIZADA,SANTO AMARO,AV GOVERNADOR AGAMENON MAGALHAES,Não informado,SOBRE O VIADUTO DA AV JOÃO DE BARROS,SANTO AMARO,OLINDA,ATROPELAMENTO DE PESSOA,Não informado,0.0,1.0,0.0,0.0,1.0,0.0,0.0,0.0,0.0,2.0,0.0,Viaduto,Bom,Não existe,Perfeito estado,Seca,Perfeito estado,Não existe,R-32,60.0,Dupla,Faixa contínua,COM VÍTIMA,2022,5,6,4,
2022-05-06,,Não informado,FINALIZADA,APIPUCOS,RUA DE APIPUCOS,Não informado,EM FRENTE AO ARCADIA RECEPÇÕES.,APIPUCOS,CIDADE,COLISÃO LATERAL,Não informado,1.0,1.0,0.0,0.0,0.0,0.0,0.0,0.0,0.0,2.0,0.0,Longo da via,Bom,Não existe,Perfeito estado,Seca,Perfeito estado,Não existe,Não há placas,60.0,Dupla,Faixa contínua,COM VÍTIMA,2022,5,6,4,
2022-05-07,,Não informado,FINALIZADA,BAIRRO DO RECIFE,CAIS DO APOLO,AV MILITAR,EM FRENTE AO ESTACIONAMENTO DA PREFEITURA.,BAIRRO DO RECIFE,CIDADE,QUEDA,Não informado,0.0,1.0,0.0,0.0,0.0,0.0,0.0,0.0,0.0,1.0,0.0,Cruzamento,Bom,Sem defeito,Perfeito estado,Seca,Perfeito estado,Faixa de pedestre,Outras,60.0,Única,Faixa contínua,COM VÍTIMA,2022,5,7,5,
2022-05-07,,Não informado,FINALIZADA,JARDIM SÃO PAULO,RUA LEANDRO BARRETO,Não informado,EM FRENTE À PADARIA LA ROQUE,JARDIM SÃO PAULO,SUBURBIO,QUEDA,Não informado,0.0,1.0,0.0,0.0,0.0,0.0,0.0,0.0,0.0,1.0,0.0,Longo da via,Chuvoso,Não existe,Ilegível,Molhada,Mal conservada,Não existe,Não há placas,40.0,Dupla,Faixa contínua,COM VÍTIMA,2022,5,7,5,
2022-05-07,,Não informado,FINALIZADA,TAMARINEIRA,RUA GUIMARAES PEIXOTO,Não informado,EM FRENTE A ACADEMIA CROSS BOX,TAMARINEIRA,Não informado,COLISÃO LATERAL,Não informado,1.0,0.0,0.0,0.0,0.0,0.0,1.0,0.0,0.0,0.0,0.0,Longo da via,Chuvoso,Não existe,Perfeito estado,Molhada,Perfeito estado,Não informado,Não informado,20.0,Única,Não existe,SEM VÍTIMA,2022,5,7,5,
2022-05-07,,Não informado,FINALIZADA,JAQUEIRA,AV RUI BARBOSA,RUA DEPUTADO PEDRO PIRES FERREIRA,PARQUE DA JAQUEIRA,JAQUEIRA,Não informado,COLISÃO LATERAL,Não informado,1.0,1.0,0.0,0.0,0.0,0.0,0.0,0.0,0.0,1.0,0.0,Cruzamento,Bom,Não existe,Perfeito estado,Molhada,Perfeito estado,Faixa de pedestre,R-6a,60.0,Única,Faixa contínua,COM VÍTIMA,2022,5,7,5,
2022-05-07,,Não informado,FINALIZADA,TAMARINEIRA,AV NORTE MIGUEL ARRAES DE ALENCAR,RUA CONEGO BARATA,PROXIMO A FERREIRA COSTA. ATALANTA COLCHÕES,TAMARINEIRA,Não informado,COLISÃO TRANSVERSAL,Não informado,1.0,1.0,0.0,0.0,0.0,0.0,0.0,0.0,0.0,1.0,0.0,Cruzamento,Bom,Sem defeito,Perfeito estado,Seca,Perfeito estado,Faixa de retenção,Outras,60.0,Dupla,Blocos,COM VÍTIMA,2022,5,7,5,
2022-05-08,,Não informado,FINALIZADA,CAXANGÁ,AV CAXANGA,Não informado,EM FRENTE AO COMPAZ MIGUEL ARRAES.,CAXANGÁ,CIDADE,COLISÃO TRASEIRA,Não informado,1.0,1.0,0.0,0.0,0.0,0.0,0.0,0.0,0.0,2.0,0.0,Longo da via,Bom,Sem defeito,Incompleta,Seca,Perfeito estado,Agente,Não há placas,60.0,Única,Não existe,COM VÍTIMA,2022,5,8,6,
2022-05-08,,Não informado,FINALIZADA,JORDÃO,AV DONA CARENTINA,RUA ATALAIA,E/F A CAIXA D'ÁGUA. LADO OPOSTO AO Nº 1479.,JORDÃO,SUBURBIO,COLISÃO LATERAL,Não informado,1.0,1.0,0.0,0.0,0.0,0.0,0.0,0.0,0.0,1.0,0.0,Longo da via,Bom,Não existe,Incompleta,Seca,Mal conservada,Não existe,R-6a,60.0,Dupla,Não existe,COM VÍTIMA,2022,5,8,6,
2022-05-08,,Não informado,FINALIZADA,SÃO JOSÉ,RUA IMPERIAL,Não informado,E/F A PREVENÇÃO EXTINTORES,SÃO JOSÉ,Não informado,COLISÃO LATERAL,Não informado,0.0,1.0,0.0,0.0,0.0,0.0,0.0,1.0,0.0,0.0,0.0,Cruzamento,Bom,Não existe,Perfeito estado,Seca,Perfeito estado,Não existe,Não há placas,60.0,Única,Faixa seccionada,SEM VÍTIMA,2022,5,8,6,
2022-05-08,,Não informado,FINALIZADA,BONGI,RUA ISAAC MARKMAN,Não informado,ENFRENTE A UPINHA DO BONGI,BONGI,Não informado,COLISÃO LATERAL,Não informado,2.0,0.0,0.0,0.0,0.0,0.0,0.0,0.0,0.0,0.0,0.0,Não informado,Não informado,Não informado,Não informado,Não informado,Não informado,Não informado,Não informado,60.0,Não informado,Não informado,SEM VÍTIMA,2022,5,8,6,
2022-05-08,,Não informado,FINALIZADA,ÁGUA FRIA,RUA EGAS MUNIZ,Não informado,LA LADEIRA DO BATUTA,ÁGUA FRIA,Não informado,CHOQUE,Não informado,1.0,0.0,0.0,0.0,0.0,0.0,0.0,0.0,0.0,0.0,0.0,Não informado,Não informado,Não informado,Não informado,Não informado,Não informado,Não informado,Não informado,60.0,Não informado,Não informado,SEM VÍTIMA,2022,5,8,6,
2022-05-08,,Não informado,FINALIZADA,IMBIRIBEIRA,AV MARECHAL MASCARENHAS DE MORAES,Não informado,EMBAIXO DA ALÇA DE RETORNO / EM FRENTE AO ESTACIONAMENTO RECIFE PARK,IMBIRIBEIRA,CIDADE,CHOQUE,Não informado,0.0,1.0,0.0,0.0,0.0,0.0,0.0,0.0,0.0,1.0,0.0,Longo da via,Bom,Não existe,Não existente,Seca,Perfeito estado,Não existe,Não há placas,60.0,Única,Não existe,COM VÍTIMA,2022,5,8,6,
2022-05-08,,Não informado,FINALIZADA,BOA VIAGEM,RUA SA E SOUZA,Não informado,PRÓX A PADARIA SANTA ROSA. ESCRITÓRIO CARVALHO E ANDRADE.,BOA VIAGEM,CIDADE,COLISÃO LATERAL,Não informado,1.0,1.0,0.0,0.0,0.0,0.0,0.0,0.0,0.0,1.0,0.0,Longo da via,Chuvoso,Não existe,Perfeito estado,Molhada,Perfeito estado,Não existe,Não há placas,60.0,Dupla,Faixa seccionada,COM VÍTIMA,2022,5,8,6,
2022-05-09,,Não informado,FINALIZADA,IPUTINGA,AV CAXANGA,Não informado,SOB O VIADUTO,IPUTINGA,Não informado,CHOQUE,Não informado,1.0,0.0,0.0,0.0,0.0,0.0,0.0,0.0,0.0,1.0,0.0,Não informado,Não informado,Não informado,Não informado,Não informado,Não informado,Não informado,Não informado,60.0,Não informado,Não informado,COM VÍTIMA,2022,5,9,0,
2022-05-09,,Não informado,FINALIZADA,DOIS UNIDOS,AV HILDEBRANDO DE VASCONCELOS,Não informado,PROX. AO CANIL. ACADEMIA OXY,DOIS UNIDOS,CIDADE,COLISÃO COM CICLISTA,Não informado,0.0,0.0,0.0,1.0,0.0,1.0,0.0,0.0,0.0,1.0,0.0,Longo da via,Bom,Não existe,Não existente,Seca,Perfeito estado,Não existe,Não há placas,60.0,Dupla,Não existe,COM VÍTIMA,2022,5,9,0,
2022-05-09,,Não informado,FINALIZADA,IPSEP,AV RECIFE,Não informado,"SENT. BOA VIAGEM,  EM FRENTE A AVANT MULTIMARCAS",IPSEP,SUBURBIO,COLISÃO LATERAL,Não informado,1.0,1.0,0.0,0.0,0.0,0.0,0.0,0.0,0.0,1.0,0.0,Longo da via,Bom,Não existe,Perfeito estado,Seca,Perfeito estado,Não existe,Outras,60.0,Dupla,Faixa seccionada,COM VÍTIMA,2022,5,9,0,
2022-05-09,,Não informado,FINALIZADA,JARDIM SÃO PAULO,AV SAO PAULO,Não informado,E/F A FARMACIA PAGUE MENOS,JARDIM SÃO PAULO,SUBURBIO,COLISÃO LATERAL,Não informado,1.0,1.0,0.0,0.0,0.0,0.0,0.0,0.0,0.0,1.0,0.0,Longo da via,Bom,Não existe,Ilegível,Seca,Mal conservada,Não existe,Não há placas,60.0,Dupla,Faixa seccionada,COM VÍTIMA,2022,5,9,0,
2022-05-09,,Não informado,FINALIZADA,BAIRRO DO RECIFE,AV ALFREDO LISBOA,Não informado,EM FRENTE O CAIS DO SERTÃO E AO LADO DA SECRETÁRIA CIÊNCIAS E TECNOLOGIA,BAIRRO DO RECIFE,Não informado,COLISÃO TRASEIRA,Não informado,2.0,0.0,0.0,0.0,0.0,0.0,0.0,0.0,0.0,0.0,0.0,Não informado,Não informado,Não informado,Não informado,Não informado,Não informado,Não informado,Não informado,60.0,Não informado,Não informado,SEM VÍTIMA,2022,5,9,0,
2022-05-09,,Não informado,FINALIZADA,BAIRRO DO RECIFE,AV MILITAR,Não informado,EM FRENTE AO MUSEU MILITAR DO FORTE DO BRUM,BAIRRO DO RECIFE,SUBURBIO,COLISÃO TRANSVERSAL,Não informado,1.0,1.0,0.0,0.0,0.0,0.0,0.0,0.0,0.0,1.0,0.0,Longo da via,Bom,Não existe,Perfeito estado,Seca,Perfeito estado,Não existe,Outras,60.0,Não informado,Faixa seccionada,COM VÍTIMA,2022,5,9,0,
2022-05-09,,Não informado,FINALIZADA,SÃO JOSÉ,RUA CORACAO DE MARIA,Não informado,EM FRENTE AO BATALHÃO 16º,SÃO JOSÉ,Não informado,COLISÃO TRASEIRA,Não informado,1.0,0.0,0.0,0.0,0.0,0.0,0.0,1.0,0.0,0.0,0.0,Longo da via,Bom,Não existe,Perfeito estado,Seca,Perfeito estado,Não existe,Outras,60.0,Dupla,Canteiro central,SEM VÍTIMA,2022,5,9,0,
2022-05-09,,Não informado,CANCELADA,IMBIRIBEIRA,AV RECIFE,Não informado,E/F AO  RESTAURANTE SAL E BRASA,IMBIRIBEIRA,Não informado,COLISÃO LATERAL,Não informado,0.0,1.0,0.0,0.0,0.0,0.0,1.0,0.0,0.0,1.0,0.0,Não informado,Não informado,Não informado,Não informado,Não informado,Não informado,Não informado,Não informado,60.0,Não informado,Não informado,COM VÍTIMA,2022,5,9,0,
2022-05-10,,Não informado,FINALIZADA,CORDEIRO,RUA DR JOAO LACERDA,RUA TEOTONIO FREIRE,PRÓXIMO AO DHPP,CORDEIRO,SUBURBIO,COLISÃO TRANSVERSAL,Não informado,1.0,1.0,0.0,0.0,0.0,0.0,0.0,0.0,0.0,1.0,0.0,Cruzamento,Chuvoso,Não existe,Perfeito estado,Molhada,Perfeito estado,Não existe,"Placas ""Pare""",60.0,Dupla,Não existe,COM VÍTIMA,2022,5,10,1,
2022-05-10,,Não informado,FINALIZADA,SOLEDADE,AV JOAO DE BARROS,Não informado,DESCIDA DO VIADUTO S/T OLINDA - PISTA LOCAL PRÓX. À POLICLÍNICA AGAMENON MAGALHÃES,SOLEDADE,Não informado,COLISÃO LATERAL,Não informado,2.0,0.0,0.0,0.0,0.0,0.0,0.0,0.0,0.0,0.0,0.0,Longo da via,Bom,Não existe,Perfeito estado,Seca,Perfeito estado,Não informado,Não informado,60.0,Única,Canteiro central,SEM VÍTIMA,2022,5,10,1,
2022-05-10,,Não informado,FINALIZADA,PORTO DA MADEIRA,RUA DALVA DE OLIVEIRA,RUA NOVA ESPERANCA,E/F A IGREJA BATISTA DO VALE,PORTO DA MADEIRA,CIDADE,COLISÃO TRANSVERSAL,Não informado,1.0,1.0,0.0,0.0,0.0,0.0,0.0,0.0,0.0,1.0,0.0,Cruzamento,Bom,Não existe,Incompleta,Seca,Perfeito estado,Não existe,Outras,60.0,Dupla,Não existe,COM VÍTIMA,2022,5,10,1,
2022-05-10,,Não informado,FINALIZADA,ÁGUA FRIA,RUA JORNALISTA JOSE CAMPELO JUNIOR,Não informado,PROX A PIZZARIA VICIOS,ÁGUA FRIA,Não informado,CHOQUE,Não informado,0.0,0.0,0.0,0.0,0.0,0.0,1.0,0.0,0.0,0.0,0.0,Longo da via,Bom,Não existe,Perfeito estado,Seca,Perfeito estado,Não existe,Não há placas,60.0,Dupla,Não existe,SEM VÍTIMA,2022,5,10,1,
2022-05-11,,Não informado,FINALIZADA,BOA VISTA,RUA DA UNIAO,RUA MAMEDE SIMOES,Não informado,BOA VISTA,CIDADE,COLISÃO TRANSVERSAL,Não informado,1.0,1.0,0.0,0.0,0.0,0.0,0.0,0.0,0.0,1.0,0.0,Cruzamento,Chuvoso,Não existe,Perfeito estado,Molhada,Perfeito estado,Não existe,"Placas ""Pare""",60.0,Única,Não existe,COM VÍTIMA,2022,5,11,2,
2022-05-11,,Não informado,FINALIZADA,CAXANGÁ,AV CAXANGA,Não informado,EM FRENTE A ASSEMBLEIA DE DEUS,CAXANGÁ,CIDADE,COLISÃO LATERAL,Não informado,1.0,0.0,0.0,0.0,0.0,0.0,0.0,1.0,0.0,0.0,0.0,Esquina,Bom,Sem defeito,Perfeito estado,Seca,Perfeito estado,Faixa de pedestre,Outras,60.0,Dupla,Faixa seccionada,SEM VÍTIMA,2022,5,11,2,
2022-05-11,,Não informado,FINALIZADA,COELHOS,RUA DOS COELHOS,Não informado,DESCIDA DA PONTE DA PONTE JOAQUIM CARDOSO. UNIDADE BÁSICA DA FAMÍLIA 1,COELHOS,CIDADE,QUEDA,Não informado,0.0,1.0,0.0,0.0,1.0,0.0,0.0,0.0,0.0,1.0,0.0,Longo da via,Chuvoso,Não existe,Perfeito estado,Molhada,Perfeito estado,Faixa de pedestre,Outras,60.0,Dupla,Canteiro central,COM VÍTIMA,2022,5,11,2,
2022-05-11,,Não informado,FINALIZADA,JARDIM SÃO PAULO,RUA DR HOLMES DO REGO BARROS,Não informado,RUA E/F AO COLÉGIO PLANTE INFANTIL,JARDIM SÃO PAULO,Não informado,COLISÃO LATERAL,Não informado,1.0,0.0,0.0,0.0,0.0,0.0,1.0,0.0,0.0,0.0,0.0,Longo da via,Bom,Não existe,Não existente,Molhada,Mal iluminada,Não existe,Não há placas,60.0,Dupla,Não existe,SEM VÍTIMA,2022,5,11,2,
2022-05-11,,Não informado,FINALIZADA,CAXANGÁ,AV CAXANGA,AV PROFESSOR MORAES REGO,EMBAIXO DO VIADUTO. EM FRENTE AO TERMINAL SEVERINO LUIZ NUNES PEREIRA - GRANDE RECIFE.,CAXANGÁ,CIDADE,QUEDA,Não informado,0.0,1.0,0.0,0.0,0.0,0.0,0.0,0.0,0.0,1.0,0.0,Longo da via,Bom,Sem defeito,Perfeito estado,Oleosa,Perfeito estado,Não existe,Outras,60.0,Dupla,Faixa seccionada,COM VÍTIMA,2022,5,11,2,