data,hora,natureza_acidente,situacao,bairro,endereco,detalhe_endereco_acidente,complemento,bairro_cruzamento,sentido_via,tipo,descricao,auto,moto,ciclom,ciclista,pedestre,onibus,caminhao,viatura,outros,vitimas,vitimasfatais,acidente_verificado,tempo_clima,situacao_semaforo,sinalizacao,condicao_via,conservacao_via,ponto_controle,situacao_placa,velocidade_max_via,mao_direcao,divisao_via1,natureza,ano,mes,dia,dia_semana,hora_ocorrencia
2022-05-11,,Não informado,FINALIZADA,MADALENA,RUA REAL DA TORRE,Não informado,E/F AO MERCADO DA MADALENA,MADALENA,Não informado,COLISÃO LATERAL,Não informado,1.0,0.0,0.0,0.0,0.0,0.0,0.0,1.0,0.0,0.0,0.0,Esquina,Chuvoso,Não existe,Perfeito estado,Molhada,Perfeito estado,Não existe,Não informado,60.0,Única,Faixa seccionada,SEM VÍTIMA,2022,5,11,2,
2022-05-11,,Não informado,FINALIZADA,IMBIRIBEIRA,RUA ARQUITETO LUIZ NUNES,Não informado,EM FRENTE A ESCOLA PINHEIROS / PROX  A LAGOA DO ARAÇA,IMBIRIBEIRA,CIDADE,ATROPELAMENTO DE PESSOA,Não informado,1.0,0.0,0.0,0.0,1.0,0.0,0.0,0.0,0.0,1.0,0.0,Longo da via,Bom,Sem defeito,Perfeito estado,Seca,Perfeito estado,Faixa de pedestre,R-19,30.0,Dupla,Faixa contínua,COM VÍTIMA,2022,5,11,2,
2022-05-11,,Não informado,FINALIZADA,BOA VIAGEM,RUA DOS NAVEGANTES,Não informado,EM FRENTE AO EDIFICIO PORTAL DOS NAVEGANTES,BOA VIAGEM,SUBURBIO,COLISÃO TRANSVERSAL,Não informado,2.0,1.0,0.0,0.0,0.0,0.0,0.0,0.0,0.0,1.0,0.0,Longo da via,Bom,Não existe,Perfeito estado,Seca,Perfeito estado,Não existe,Não há placas,60.0,Única,Não existe,COM VÍTIMA,2022,5,11,2,
2022-05-11,,Não informado,FINALIZADA,BOA VISTA,RUA DA UNIAO,Não informado,EM FRENTE À ASSEMBLEIA LEGISLATIVA,BOA VISTA,Não informado,COLISÃO LATERAL,Não informado,2.0,0.0,0.0,0.0,0.0,0.0,0.0,0.0,0.0,0.0,0.0,Cruzamento,Bom,Não existe,Perfeito estado,Seca,Perfeito estado,Não existe,"Placas ""Pare""",60.0,Única,Não existe,SEM VÍTIMA,2022,5,11,2,
2022-05-11,,Não informado,FINALIZADA,PRADO,RUA RODRIGUES DE MENDONCA,RUA PANDIA CALOGERAS,ESPAÇO BELEZA NATALIA GALDINO,PRADO,CIDADE,COLISÃO TRANSVERSAL,Não informado,0.0,2.0,0.0,0.0,0.0,0.0,0.0,0.0,0.0,1.0,0.0,Cruzamento,Bom,Não existe,Perfeito estado,Seca,Perfeito estado,Não existe,Outras,60.0,Única,Não existe,COM VÍTIMA,2022,5,11,2,
2022-05-11,,Não informado,FINALIZADA,MONTEIRO,AV DEZESSETE DE AGOSTO,Não informado,PRÓX AO AÇUDE DE APIPUCOS. EDF. ENGENHO APIPUCOS.,MONTEIRO,Não informado,COLISÃO TRASEIRA,Não informado,1.0,2.0,0.0,0.0,0.0,0.0,0.0,0.0,0.0,1.0,0.0,Longo da via,Bom,Não existe,Perfeito estado,Seca,Perfeito estado,Não existe,Outras,60.0,Dupla,Faixa contínua,COM VÍTIMA,2022,5,11,2,
2022-05-12,,Não informado,FINALIZADA,BOA VIAGEM,RUA ERNESTO DE PAULA SANTOS,Não informado,EMPRESARIAL ERNESTO DE PAULA SANTOS,BOA VIAGEM,Não informado,COLISÃO LATERAL,Não informado,1.0,1.0,0.0,0.0,0.0,0.0,0.0,0.0,0.0,0.0,0.0,Não informado,Não informado,Não informado,Não informado,Não informado,Não informado,Não informado,Não informado,60.0,Não informado,Não informado,SEM VÍTIMA,2022,5,12,3,
2022-05-12,,Não informado,FINALIZADA,PAISSANDU,AV GOVERNADOR AGAMENON MAGALHAES,Não informado,APÓS O SEMÁFORO 068 SENTIDO BOA VIAGEM,PAISSANDU,BOA VIAGEM,COLISÃO TRASEIRA,Não informado,1.0,1.0,0.0,0.0,0.0,0.0,0.0,0.0,0.0,1.0,0.0,Longo da via,Bom,Sem defeito,Perfeito estado,Seca,Perfeito estado,Agente,Outras,60.0,Única,Canteiro central,COM VÍTIMA,2022,5,12,3,
2022-05-12,,Não informado,FINALIZADA,CAMPO GRANDE,RUA ODORICO MENDES,RUA VISCONDE DE CAIRU,PRÓX. AO CLUBE DAS PÁS E LOJAS IMPÉRIO,CAMPO GRANDE,CIDADE,COLISÃO TRANSVERSAL,Não informado,1.0,1.0,0.0,0.0,0.0,0.0,0.0,0.0,0.0,1.0,0.0,Cruzamento,Bom,Não existe,Perfeito estado,Seca,Perfeito estado,Não existe,Não há placas,60.0,Dupla,Faixa,COM VÍTIMA,2022,5,12,3,
2022-05-12,,Não informado,FINALIZADA,BOA VIAGEM,AV ENGENHEIRO DOMINGOS FERREIRA,Não informado,E/F A ESCOLA DE GASTRONOMIA E CONFEITARIA. EM FRENTE A IGA.,BOA VIAGEM,SUBURBIO,COLISÃO TRASEIRA,Não informado,1.0,1.0,0.0,0.0,0.0,0.0,0.0,0.0,0.0,1.0,0.0,Longo da via,Bom,Não existe,Perfeito estado,Seca,Perfeito estado,Não existe,Outras,60.0,Única,Faixa seccionada,COM VÍTIMA,2022,5,12,3,
2022-05-12,,Não informado,FINALIZADA,SANTO AMARO,RUA DO HOSPICIO,RUA JOAO LIRA,PROXIMO AO MINISTERIO PUBLICO. PARQUE TREZE DE MAIO.,SANTO AMARO,SUBURBIO,COLISÃO TRANSVERSAL,Não informado,1.0,1.0,0.0,0.0,0.0,0.0,0.0,0.0,0.0,1.0,0.0,Cruzamento,Chuvoso,Sem defeito,Perfeito estado,Molhada,Perfeito estado,Faixa de pedestre,Outras,60.0,Dupla,Faixa seccionada,COM VÍTIMA,2022,5,12,3,
2022-05-12,,Não informado,FINALIZADA,ARRUDA,AV BEBERIBE,RUA BOLIVAR,E/F AOP ESTADIO DO SANTA CRUZ . LADO OPOSTO À LOJA COBRA CORAL.,ARRUDA,CIDADE,COLISÃO LATERAL,Não informado,1.0,1.0,0.0,0.0,0.0,0.0,0.0,0.0,0.0,1.0,0.0,Cruzamento,Bom,Não existe,Perfeito estado,Seca,Perfeito estado,Não existe,R-6a,60.0,Dupla,Faixa contínua,COM VÍTIMA,2022,5,12,3,
2022-05-12,,Não informado,FINALIZADA,BOA VISTA,AV GOVERNADOR AGAMENON MAGALHAES,Não informado,EM FRENTE A FARMACIA DROGASIL/ SENTIDO OLINDA,BOA VISTA,SUBURBIO,COLISÃO TRASEIRA,Não informado,1.0,1.0,0.0,0.0,0.0,0.0,0.0,0.0,0.0,1.0,0.0,Longo da via,Bom,Não existe,Perfeito estado,Molhada,Perfeito estado,Não existe,Não há placas,60.0,Única,Faixa seccionada,COM VÍTIMA,2022,5,12,3,
2022-05-12,,Não informado,FINALIZADA,IPUTINGA,RUA QUIPAPA,Não informado,AO LADO DO MOTEL ÁPICE,IPUTINGA,SUBURBIO,COLISÃO LATERAL,Não informado,0.0,1.0,0.0,0.0,0.0,1.0,0.0,0.0,0.0,1.0,0.0,Longo da via,Chuvoso,Não existe,Perfeito estado,Molhada,Perfeito estado,Não existe,Não há placas,60.0,Única,Não existe,COM VÍTIMA,2022,5,12,3,
2022-05-12,,Não informado,FINALIZADA,BOA VIAGEM,RUA JOAO CARDOSO AIRES,RUA ALMIRANTE BATISTA LEAO,EM FRENTE AO PARQUE DA PIZZA,BOA VIAGEM,SUBURBIO,COLISÃO LATERAL,Não informado,1.0,1.0,0.0,0.0,0.0,0.0,0.0,0.0,0.0,1.0,0.0,Cruzamento,Bom,Não existe,Perfeito estado,Seca,Perfeito estado,Não existe,Outras,60.0,Única,Outros,COM VÍTIMA,2022,5,12,3,
2022-05-13,,Não informado,FINALIZADA,ESTÂNCIA,AV RECIFE,Não informado,VIADUTO ULISSES GUIMARÃES. AO LADO DO HÉLIO SOM,ESTÂNCIA,CIDADE,COLISÃO LATERAL,Não informado,2.0,1.0,0.0,0.0,0.0,0.0,0.0,0.0,0.0,2.0,0.0,Longo da via,Chuvoso,Não existe,Perfeito estado,Molhada,Perfeito estado,Não existe,Não há placas,60.0,Única,Faixa seccionada,COM VÍTIMA,2022,5,13,4,
2022-05-13,,Não informado,FINALIZADA,GRAÇAS,AV RUI BARBOSA,RUA ALBERTO PAIVA,EM FRENTE AO MUSEU DO ESTADO,GRAÇAS,Não informado,COLISÃO TRASEIRA,Não informado,1.0,1.0,0.0,0.0,0.0,0.0,0.0,0.0,0.0,1.0,0.0,Não informado,Não informado,Não informado,Não informado,Não informado,Não informado,Não informado,Não informado,60.0,Não informado,Não informado,COM VÍTIMA,2022,5,13,4,
2022-05-13,,Não informado,FINALIZADA,ENCRUZILHADA,AV BEBERIBE,RUA PEDRO ALVES,ESQUINA DA FARMÁCIA DROGASIL,ENCRUZILHADA,SUBURBIO,COLISÃO TRANSVERSAL,Não informado,1.0,1.0,0.0,0.0,0.0,0.0,0.0,0.0,0.0,1.0,0.0,Cruzamento,Bom,Sem defeito,Perfeito estado,Seca,Perfeito estado,Faixa de pedestre,R-6a,40.0,Dupla,Faixa contínua,COM VÍTIMA,2022,5,13,4,
2022-05-13,,Não informado,FINALIZADA,PINA,AV BOA VIAGEM,Não informado,EM FRENTE AO EDIFICIO ARAUCARIA,PINA,CIDADE,COLISÃO LATERAL,Não informado,1.0,1.0,0.0,0.0,0.0,0.0,0.0,0.0,0.0,1.0,0.0,Longo da via,Bom,Sem defeito,Perfeito estado,Seca,Perfeito estado,Faixa de retenção,Não há placas,60.0,Única,Faixa contínua,COM VÍTIMA,2022,5,13,4,
2022-05-13,,Não informado,FINALIZADA,SÃO JOSÉ,VDO DAS CINCO PONTAS,Não informado,Não informado,SÃO JOSÉ,Não informado,QUEDA,Não informado,0.0,0.0,0.0,1.0,0.0,0.0,0.0,0.0,0.0,1.0,0.0,Não informado,Não informado,Não informado,Não informado,Não informado,Não informado,Não informado,Não informado,60.0,Não informado,Não informado,COM VÍTIMA,2022,5,13,4,
2022-05-13,,Não informado,FINALIZADA,AFOGADOS,RUA SAO MIGUEL,Não informado,EM FRENTE AO BODE DO NÓ,AFOGADOS,Não informado,COLISÃO LATERAL,Não informado,0.0,0.0,0.0,0.0,0.0,0.0,0.0,0.0,0.0,1.0,0.0,Não informado,Não informado,Não informado,Não informado,Não informado,Não informado,Não informado,Não informado,60.0,Não informado,Não informado,COM VÍTIMA,2022,5,13,4,
2022-05-13,,Não informado,FINALIZADA,MADALENA,AV ENGENHEIRO ABDIAS DE CARVALHO,EST DOS REMEDIOS,E/F AO BOBS  E FARMACIA INDEPENDENTE / SEMÁFORO 052,MADALENA,SUBURBIO,COLISÃO TRANSVERSAL,Não informado,0.0,1.0,0.0,0.0,0.0,0.0,0.0,0.0,1.0,1.0,0.0,Cruzamento,Bom,Sem defeito,Perfeito estado,Seca,Perfeito estado,Faixa de pedestre,Não há placas,60.0,Dupla,Canteiro central,COM VÍTIMA,2022,5,13,4,
2022-05-13,,Não informado,FINALIZADA,BOA VISTA,AV MANOEL BORBA,Não informado,COM A RUA JOSÉ DE ALENCAR,BOA VISTA,Não informado,COLISÃO LATERAL,Não informado,2.0,0.0,0.0,0.0,0.0,0.0,0.0,0.0,0.0,0.0,0.0,Não informado,Não informado,Não informado,Não informado,Não informado,Não informado,Não informado,Não informado,60.0,Não informado,Não informado,SEM VÍTIMA,2022,5,13,4,
2022-05-14,,Não informado,FINALIZADA,CORDEIRO,AV MAURICIO DE NASSAU,Não informado,POR TRAS DO PARQUE DE EXPOSIÇÃO DO CORDEIRO,CORDEIRO,SUBURBIO,CHOQUE,Não informado,1.0,0.0,0.0,0.0,0.0,0.0,0.0,0.0,0.0,1.0,1.0,Outros,Chuvoso,Não existe,Perfeito estado,Molhada,Perfeito estado,Não existe,Outras,60.0,Dupla,Faixa contínua,VÍTIMA FATAL,2022,5,14,5,
2022-05-14,,Não informado,FINALIZADA,AFOGADOS,EST DOS REMEDIOS,RUA CRISOPOLIS,EM FRENTE O POSTO PETROBAHIA,AFOGADOS,CIDADE,COLISÃO LATERAL,Não informado,1.0,1.0,0.0,0.0,0.0,0.0,0.0,0.0,0.0,1.0,0.0,Longo da via,Chuvoso,Não existe,Perfeito estado,Molhada,Perfeito estado,Não existe,R-6a,60.0,Única,Faixa seccionada,COM VÍTIMA,2022,5,14,5,
2022-05-14,,Não informado,FINALIZADA,BOA VISTA,AV CONDE DA BOA VISTA,RUA DA SAUDADE,BANCO BRADESCO,BOA VISTA,SUBURBIO,COLISÃO LATERAL,Não informado,1.0,1.0,0.0,0.0,0.0,0.0,0.0,0.0,0.0,1.0,0.0,Longo da via,Chuvoso,Sem defeito,Perfeito estado,Molhada,Perfeito estado,Não existe,R-6c,40.0,Dupla,Faixa seccionada,COM VÍTIMA,2022,5,14,5,
2022-05-14,,Não informado,FINALIZADA,ROSARINHO,AV NORTE MIGUEL ARRAES DE ALENCAR,Não informado,Não informado,ROSARINHO,Não informado,COLISÃO LATERAL,Não informado,1.0,1.0,0.0,0.0,0.0,0.0,0.0,0.0,0.0,1.0,0.0,Não informado,Não informado,Não informado,Não informado,Não informado,Não informado,Não informado,Não informado,60.0,Não informado,Não informado,COM VÍTIMA,2022,5,14,5,
2022-05-14,,Não informado,FINALIZADA,TOTÓ,RUA PAULINO DE FARIAS,Não informado,LOJA DE ROUPAS MARIA FLOR MODAS,TOTÓ,AV LIBERDADE,QUEDA,Não informado,0.0,1.0,0.0,0.0,0.0,0.0,0.0,0.0,0.0,2.0,0.0,Longo da via,Bom,Não existe,Perfeito estado,Seca,Perfeito estado,Não existe,R-6a,60.0,Dupla,Não existe,COM VÍTIMA,2022,5,14,5,
2022-05-14,,Não informado,FINALIZADA,TEJIPIÓ,RUA FALCAO DE LACERDA,Não informado,"EM FRENTE AO CARTORIO, PROX. AO CENTER GOSPEL",TEJIPIÓ,SUBURBIO,COLISÃO LATERAL,Não informado,2.0,1.0,0.0,0.0,0.0,0.0,0.0,0.0,0.0,1.0,0.0,Longo da via,Bom,Não existe,Perfeito estado,Seca,Mal conservada,Não existe,Não há placas,60.0,Dupla,Faixa contínua,COM VÍTIMA,2022,5,14,5,
2022-05-14,,Não informado,FINALIZADA,BOA VIAGEM,AVENIDA CELSO FURTADO (VIA MANGUE),Não informado,NA BIFURGAÇAO. PRÓXIMO AO LÊ PARK,BOA VIAGEM,SUBURBIO,COLISÃO LATERAL,Não informado,1.0,1.0,0.0,0.0,0.0,0.0,0.0,0.0,0.0,2.0,0.0,Viaduto,Bom,Não existe,Incompleta,Seca,Não informado,Não existe,Não há placas,60.0,Dupla,Faixa seccionada,COM VÍTIMA,2022,5,14,5,
2022-05-14,,Não informado,FINALIZADA,CAMPO GRANDE,RUA MARIA AUGUSTA DE SOUZA,Não informado,PROX A ESCOLA JANDIRA BOTELHO,CAMPO GRANDE,Não informado,COLISÃO LATERAL,Não informado,2.0,0.0,0.0,0.0,0.0,0.0,0.0,0.0,0.0,0.0,0.0,Não informado,Não informado,Não informado,Não informado,Não informado,Não informado,Não informado,Não informado,60.0,Não informado,Não informado,SEM VÍTIMA,2022,5,14,5,
2022-05-14,,Não informado,FINALIZADA,AFOGADOS,AV SUL,Não informado,NA SUBIDA DA PONTE. EM FRENTE AO TROCÃO,AFOGADOS,CIDADE,COLISÃO COM CICLISTA,Não informado,0.0,0.0,0.0,1.0,0.0,1.0,0.0,0.0,0.0,1.0,0.0,Longo da via,Chuvoso,Sem defeito,Perfeito estado,Molhada,Perfeito estado,Não existe,Não há placas,60.0,Única,Faixa seccionada,COM VÍTIMA,2022,5,14,5,
2022-05-14,,Não informado,CANCELADA,AREIAS,AV CAPITAO GREGORIO DE CALDAS,Não informado,AO LADO DO BIG BOMPREÇO,AREIAS,Não informado,COLISÃO LATERAL,Não informado,2.0,0.0,0.0,0.0,0.0,0.0,0.0,0.0,0.0,0.0,0.0,Não informado,Não informado,Não informado,Não informado,Não informado,Não informado,Não informado,Não informado,60.0,Não informado,Não informado,SEM VÍTIMA,2022,5,14,5,
2022-05-15,,Não informado,FINALIZADA,GRAÇAS,AV GOVERNADOR AGAMENON MAGALHAES,RUA DR BANDEIRA FILHO,MC DONALDS,GRAÇAS,CIDADE,COLISÃO LATERAL,Não informado,0.0,1.0,0.0,0.0,0.0,0.0,0.0,0.0,1.0,2.0,0.0,Cruzamento,Bom,Sem defeito,Perfeito estado,Seca,Perfeito estado,Faixa de pedestre,R-26,60.0,Dupla,Canteiro central,COM VÍTIMA,2022,5,15,6,
2022-05-15,,Não informado,FINALIZADA,IPSEP,AV RECIFE,Não informado,LADO OPOSTO AO ATACADAO  /  SENT UFPE. EM FRENTE À TAMBAÍ.,IPSEP,CIDADE,COLISÃO TRASEIRA,Não informado,1.0,1.0,0.0,0.0,0.0,0.0,0.0,0.0,0.0,1.0,0.0,Longo da via,Chuvoso,Sem defeito,Perfeito estado,Molhada,Perfeito estado,Não existe,Não há placas,60.0,Dupla,Canteiro central,COM VÍTIMA,2022,5,15,6,
2022-05-15,,Não informado,FINALIZADA,BOA VIAGEM,AV CONSELHEIRO AGUIAR,RUA SOLIDONIO LEITE,EM FRENTE A CLINICA ORTOPEDICA DE BOA VIAGEM,BOA VIAGEM,CIDADE,COLISÃO TRANSVERSAL,Não informado,3.0,0.0,0.0,0.0,0.0,0.0,0.0,0.0,0.0,2.0,0.0,Longo da via,Bom,Não existe,Perfeito estado,Seca,Perfeito estado,Não existe,Não há placas,60.0,Única,Faixa seccionada,COM VÍTIMA,2022,5,15,6,
2022-05-15,,Não informado,FINALIZADA,CORDEIRO,AV GENERAL SAN MARTIN,RUA GOMES TABORDA,EM FRENTE À FARMÁCIA DROGASIL,CORDEIRO,Não informado,COLISÃO LATERAL,Não informado,1.0,1.0,0.0,0.0,0.0,0.0,0.0,0.0,0.0,1.0,0.0,Cruzamento,Bom,Sem defeito,Incompleta,Seca,Mal conservada,Faixa de pedestre,R-6a,60.0,Dupla,Faixa seccionada,COM VÍTIMA,2022,5,15,6,
2022-05-15,,Não informado,FINALIZADA,PAISSANDU,AV GOVERNADOR AGAMENON MAGALHAES,RUA HENRIQUE DIAS,ANTIGO RESTAURANTE SPETTUS,PAISSANDU,Não informado,Não informado,Não informado,1.0,0.0,0.0,0.0,0.0,0.0,0.0,1.0,0.0,0.0,0.0,Cruzamento,Bom,Sem defeito,Perfeito estado,Seca,Perfeito estado,Faixa de pedestre,R-4a,60.0,Dupla,Faixa contínua,SEM VÍTIMA,2022,5,15,6,
2022-05-15,,Não informado,FINALIZADA,BOA VIAGEM,RUA SA E SOUZA,RUA DR LUIZ INACIO PESSOA DE MELO,PROX AO RECIFE FLAT  E/F AO EDF COSTA BLAC. APÓS O EMPRESARIAL SÁ E SOUZA.,BOA VIAGEM,SUBURBIO,COLISÃO TRANSVERSAL,Não informado,1.0,1.0,0.0,0.0,0.0,0.0,0.0,0.0,0.0,2.0,0.0,Cruzamento,Bom,Não existe,Perfeito estado,Seca,Perfeito estado,Faixa de retenção,"Placas ""Pare""",60.0,Dupla,Faixa contínua,COM VÍTIMA,2022,5,15,6,
2022-05-16,,Não informado,FINALIZADA,BONGI,EST DO BONGI,Não informado,EM FRENTE AO BOCA LOKA LANCHES III,BONGI,SUBURBIO,COLISÃO TRANSVERSAL,Não informado,1.0,1.0,0.0,0.0,0.0,0.0,0.0,0.0,0.0,2.0,0.0,Longo da via,Bom,Sem defeito,Perfeito estado,Seca,Perfeito estado,Não existe,R-6a,40.0,Dupla,Faixa contínua,COM VÍTIMA,2022,5,16,0,
2022-05-16,,Não informado,DUPLICIDADE,ROSARINHO,AV SANTOS DUMONT,Não informado,EM FRENTE A PRAÇA DO ROSARINHO,ROSARINHO,Não informado,QUEDA,Não informado,0.0,1.0,0.0,0.0,0.0,0.0,0.0,0.0,0.0,1.0,0.0,Não informado,Não informado,Não informado,Não informado,Não informado,Não informado,Não informado,Não informado,60.0,Não informado,Não informado,COM VÍTIMA,2022,5,16,0,
2022-05-16,,Não informado,FINALIZADA,ROSARINHO,AV SANTOS DUMONT,RUA AMARO COUTINHO,PRAÇA PHAELANTE DA CÂMARA.,ROSARINHO,SUBURBIO,COLISÃO LATERAL,Não informado,1.0,1.0,0.0,0.0,0.0,0.0,0.0,0.0,0.0,1.0,0.0,Cruzamento,Bom,Não existe,Perfeito estado,Seca,Perfeito estado,Não existe,"Placas ""Pare""",40.0,Única,Faixa seccionada,COM VÍTIMA,2022,5,16,0,
2022-05-16,,Não informado,FINALIZADA,CURADO,RUA DR GEORGE WILLIAM BUTLER,Não informado,EM FRENTE A ROCA BRASIL (GROUPE),CURADO,CIDADE,COLISÃO FRONTAL,Não informado,0.0,1.0,0.0,0.0,0.0,1.0,0.0,0.0,0.0,1.0,0.0,Longo da via,Bom,Não existe,Incompleta,Seca,Perfeito estado,Não existe,Não há placas,60.0,Dupla,Não existe,COM VÍTIMA,2022,5,16,0,
2022-05-16,,Não informado,FINALIZADA,SANTO AMARO,AV NORTE MIGUEL ARRAES DE ALENCAR,RUA AURORA,EM CIMA DA PONTE,SANTO AMARO,SUBURBIO,COLISÃO COM CICLISTA,Não informado,1.0,0.0,0.0,1.0,0.0,0.0,0.0,0.0,0.0,1.0,0.0,Cruzamento,Bom,Sem defeito,Perfeito estado,Seca,Perfeito estado,Faixa de pedestre,R-6a,60.0,Dupla,Faixa seccionada,COM VÍTIMA,2022,5,16,0,
2022-05-17,,Não informado,FINALIZADA,CORDEIRO,AV CAXANGA,Não informado,"EM FRENTE A CAIXA ECONÔMICA, SENTIDO CAMARAGIBE. LADO OPOSTO À LOCALIZA SEMINOVOS.",CORDEIRO,SUBURBIO,COLISÃO TRASEIRA,Não informado,1.0,0.0,1.0,0.0,0.0,0.0,0.0,0.0,0.0,1.0,0.0,Longo da via,Bom,Sem defeito,Perfeito estado,Seca,Perfeito estado,Não existe,Outras,60.0,Dupla,Faixa seccionada,COM VÍTIMA,2022,5,17,1,
2022-05-17,,Não informado,FINALIZADA,CASA AMARELA,AV NORTE MIGUEL ARRAES DE ALENCAR,Não informado,"EM FRENTE AO REI DA PINCANHA, SENT. MACAXEIRA",CASA AMARELA,SUBURBIO,COLISÃO LATERAL,Não informado,1.0,1.0,0.0,0.0,0.0,0.0,0.0,0.0,0.0,1.0,0.0,Longo da via,Bom,Sem defeito,Perfeito estado,Seca,Perfeito estado,Faixa de pedestre,R-6a,60.0,Dupla,Blocos,COM VÍTIMA,2022,5,17,1,
2022-05-17,,Não informado,FINALIZADA,JORDÃO,AV MARIA IRENE,Não informado,EM FRENTE A BASE AEREA DO RECIFE,JORDÃO,CIDADE,ATROPELAMENTO DE PESSOA,Não informado,0.0,0.0,0.0,0.0,1.0,0.0,0.0,1.0,0.0,1.0,0.0,Longo da via,Bom,Não existe,Perfeito estado,Seca,Perfeito estado,Não existe,Não há placas,60.0,Dupla,Faixa contínua,COM VÍTIMA,2022,5,17,1,
2022-05-17,,Não informado,FINALIZADA,JARDIM SÃO PAULO,EST DO CURADO,AV LIBERDADE,Não informado,JARDIM SÃO PAULO,SUBURBIO,Não informado,Não informado,1.0,0.0,0.0,0.0,0.0,1.0,0.0,0.0,0.0,0.0,0.0,Cruzamento,Bom,Não existe,Não existente,Seca,Mal conservada,Não existe,"Placas ""Pare""",40.0,Dupla,Não existe,SEM VÍTIMA,2022,5,17,1,
2022-05-17,,Não informado,FINALIZADA,CORDEIRO,AV CAXANGA,RUA GREGORIO JUNIOR,EM FRENTE A CASA FUNERARIA SANTA PAULA,CORDEIRO,SUBURBIO,COLISÃO COM CICLISTA,Não informado,0.0,1.0,0.0,1.0,0.0,0.0,0.0,0.0,0.0,2.0,0.0,Cruzamento,Bom,Sem defeito,Perfeito estado,Seca,Perfeito estado,Faixa de pedestre,Não há placas,60.0,Única,Faixa contínua,COM VÍTIMA,2022,5,17,1,
2022-05-17,,Não informado,FINALIZADA,BOA VISTA,AV GOVERNADOR AGAMENON MAGALHAES,AV RUI BARBOSA,PROX AO TRIBUNAL ELEITORAL,BOA VISTA,BOA VIAGEM,COLISÃO LATERAL,Não informado,1.0,1.0,0.0,0.0,0.0,0.0,0.0,0.0,0.0,1.0,0.0,Longo da via,Bom,Sem defeito,Perfeito estado,Seca,Perfeito estado,Faixa de pedestre,R-4b,60.0,Única,Faixa contínua,COM VÍTIMA,2022,5,17,1,
2022-05-17,,Não informado,FINALIZADA,MANGUEIRA,RUA VINTE E UM DE ABRIL,RUA NELSON AVILA,PROX A CONTRUAR ( ARMAZEM). EM FRENTE À IGREJA BATISTA NACIONAL EM AFOGADOS.,MANGUEIRA,CIDADE,COLISÃO FRONTAL,Não informado,1.0,1.0,0.0,0.0,0.0,0.0,0.0,0.0,0.0,1.0,0.0,Longo da via,Bom,Não existe,Perfeito estado,Seca,Perfeito estado,Não existe,Outras,60.0,Dupla,Faixa seccionada,COM VÍTIMA,2022,5,17,1,
2022-05-17,,Não informado,FINALIZADA,BOA VIAGEM,RUA VISCONDE DE JEQUITINHONHA,RUA BALTAZAR PASSOS,NO CRUZAMENTO C/A RUA BALTAZAR PASSOS,BOA VIAGEM,Não informado,ATROPELAMENTO DE PESSOA,Não informado,1.0,0.0,0.0,0.0,1.0,0.0,0.0,0.0,0.0,1.0,0.0,Não informado,Não informado,Não informado,Não informado,Não informado,Não informado,Não informado,Não informado,60.0,Não informado,Não informado,COM VÍTIMA,2022,5,17,1,
2022-05-17,,Não informado,FINALIZADA,MACAXEIRA,AV JOSE AMERICO DE ALMEIDA,Não informado,PRÓX AO CAMPO DA UNIAO / E/F A PRC ZUMBI DOS PALMARES,MACAXEIRA,CIDADE,COLISÃO LATERAL,Não informado,0.0,1.0,0.0,0.0,0.0,1.0,0.0,0.0,0.0,1.0,0.0,Longo da via,Bom,Não existe,Incompleta,Seca,Perfeito estado,Não existe,Não há placas,60.0,Dupla,Não existe,COM VÍTIMA,2022,5,17,1,
2022-05-18,,Não informado,FINALIZADA,AREIAS,AV CAPITAO GREGORIO DE CALDAS,AV RECIFE,"LADO OPOSTO AO BIG BOMPREÇO, SENTIDO PRAIA",AREIAS,SUBURBIO,ATROPELAMENTO DE PESSOA,Não informado,0.0,0.0,0.0,0.0,2.0,1.0,0.0,0.0,0.0,2.0,0.0,Cruzamento,Bom,Sem defeito,Não existente,Seca,Perfeito estado,Outros,Não há placas,30.0,Dupla,Canteiro central,COM VÍTIMA,2022,5,18,2,
2022-05-18,,Não informado,FINALIZADA,AFOGADOS,AV SUL,Não informado,EM FRENTE A POLICLINICA AGAMENON MAGALHAES AO LADO DA ESTAÇÃO DO METRO SENT. CIDADE,AFOGADOS,CIDADE,COLISÃO TRASEIRA,Não informado,2.0,0.0,0.0,0.0,0.0,0.0,0.0,0.0,0.0,1.0,0.0,Longo da via,Bom,Não existe,Perfeito estado,Seca,Mal iluminada,Não existe,Não há placas,60.0,Única,Faixa seccionada,COM VÍTIMA,2022,5,18,2,
2022-05-18,,Não informado,FINALIZADA,AREIAS,AV RECIFE,Não informado,"PROXIMO O ATACADÃO , EM FRENTE O POSTO BR....SENTIDO CAXANGÁ",AREIAS,BR-101,COLISÃO LATERAL,Não informado,2.0,1.0,0.0,0.0,0.0,0.0,0.0,0.0,0.0,1.0,0.0,Longo da via,Bom,Sem defeito,Perfeito estado,Seca,Perfeito estado,Não existe,R-6a,60.0,Dupla,Faixa seccionada,COM VÍTIMA,2022,5,18,2,