data,hora,natureza_acidente,situacao,bairro,endereco,detalhe_endereco_acidente,complemento,bairro_cruzamento,sentido_via,tipo,descricao,auto,moto,ciclom,ciclista,pedestre,onibus,caminhao,viatura,outros,vitimas,vitimasfatais,acidente_verificado,tempo_clima,situacao_semaforo,sinalizacao,condicao_via,conservacao_via,ponto_controle,situacao_placa,velocidade_max_via,mao_direcao,divisao_via1,natureza,ano,mes,dia,dia_semana,hora_ocorrencia
2022-05-18,,Não informado,CANCELADA,SANTO AMARO,AV GOVERNADOR AGAMENON MAGALHAES,Não informado,EM BAIXO DO VIADULTO ROBERTO PEREIRA DE CARVALHO,SANTO AMARO,Não informado,COLISÃO TRASEIRA,Não informado,1.0,0.0,0.0,0.0,0.0,0.0,0.0,1.0,0.0,0.0,0.0,Não informado,Não informado,Não informado,Não informado,Não informado,Não informado,Não informado,Não informado,60.0,Não informado,Não informado,SEM VÍTIMA,2022,5,18,2,
2022-05-18,,Não informado,CANCELADA,ESPINHEIRO,RUA SANTO ELIAS,Não informado,EDF VILA MARINA,ESPINHEIRO,Não informado,COLISÃO TRASEIRA,Não informado,1.0,0.0,0.0,0.0,0.0,0.0,1.0,0.0,0.0,0.0,0.0,Não informado,Não informado,Não informado,Não informado,Não informado,Não informado,Não informado,Não informado,60.0,Não informado,Não informado,SEM VÍTIMA,2022,5,18,2,
2022-05-18,,Não informado,FINALIZADA,JOANA BEZERRA,VIADUTO CAPITAO TEMUDO,Não informado,NA DESCIDA DO VIADUTO SENT. BOA VIAGEM,JOANA BEZERRA,BOA VIAGEM,COLISÃO TRASEIRA,Não informado,1.0,1.0,0.0,0.0,0.0,0.0,0.0,0.0,0.0,1.0,0.0,Viaduto,Bom,Não existe,Perfeito estado,Seca,Perfeito estado,Não existe,Não há placas,60.0,Dupla,Canteiro central,COM VÍTIMA,2022,5,18,2,
2022-05-18,,Não informado,FINALIZADA,GRAÇAS,RUA DR BANDEIRA FILHO,Não informado,EM FRENTE A PAGUE MENOS,GRAÇAS,Não informado,COLISÃO LATERAL,Não informado,2.0,0.0,0.0,0.0,0.0,0.0,0.0,0.0,0.0,0.0,0.0,Não informado,Não informado,Não informado,Não informado,Não informado,Não informado,Não informado,Não informado,60.0,Não informado,Não informado,SEM VÍTIMA,2022,5,18,2,
2022-05-18,,Não informado,FINALIZADA,BOA VIAGEM,RUA BRUNO VELOSO,Não informado,EM FRENTE AO SHOPPING RECIFE,BOA VIAGEM,Não informado,COLISÃO LATERAL,Não informado,2.0,0.0,0.0,0.0,0.0,0.0,0.0,0.0,0.0,0.0,0.0,Não informado,Não informado,Não informado,Não informado,Não informado,Não informado,Não informado,Não informado,60.0,Não informado,Não informado,SEM VÍTIMA,2022,5,18,2,
2022-05-18,,Não informado,FINALIZADA,PORTO DA MADEIRA,AV BEBERIBE,RUA PASCOAL SIVINI,"E/F AO CONJUNTO JOAO PAULO SEGUNDO,  POSTO SIVINI",PORTO DA MADEIRA,Não informado,COLISÃO TRANSVERSAL,Não informado,1.0,1.0,0.0,0.0,0.0,0.0,0.0,0.0,0.0,1.0,0.0,Longo da via,Bom,Não existe,Perfeito estado,Seca,Perfeito estado,Não existe,R-6a,60.0,Dupla,Faixa contínua,COM VÍTIMA,2022,5,18,2,
2022-05-19,,Não informado,FINALIZADA,SÃO JOSÉ,RUA IMPERIAL,Não informado,EM FRENTE AO BAR DO CHINA,SÃO JOSÉ,SUBURBIO,COLISÃO TRASEIRA,Não informado,1.0,0.0,0.0,0.0,0.0,0.0,0.0,1.0,0.0,0.0,0.0,Longo da via,Bom,Sem defeito,Perfeito estado,Seca,Perfeito estado,Faixa de pedestre,Não há placas,60.0,Única,Faixa contínua,SEM VÍTIMA,2022,5,19,3,
2022-05-19,,Não informado,FINALIZADA,NOVA DESCOBERTA,RUA DA PAZ,AV CHAGAS FERREIRA,AO LADO DA UPA,NOVA DESCOBERTA,SUBURBIO,COLISÃO FRONTAL,Não informado,0.0,1.0,0.0,0.0,0.0,1.0,0.0,0.0,0.0,1.0,0.0,Ponte,Bom,Não existe,Não existente,Seca,Mal conservada,Não existe,Não há placas,60.0,Dupla,Não existe,COM VÍTIMA,2022,5,19,3,
2022-05-19,,Não informado,FINALIZADA,BOA VIAGEM,RUA DOS NAVEGANTES,RUA ERNESTO DE PAULA SANTOS,POR TRAS DO ANTIGO RECIFE PALACE,BOA VIAGEM,Não informado,COLISÃO TRANSVERSAL,Não informado,2.0,0.0,0.0,0.0,0.0,0.0,0.0,0.0,0.0,3.0,0.0,Cruzamento,Bom,Não existe,Perfeito estado,Seca,Perfeito estado,Faixa de retenção,"Placas ""Pare""",60.0,Única,Faixa seccionada,COM VÍTIMA,2022,5,19,3,
2022-05-19,,Não informado,FINALIZADA,DERBY,AV GOVERNADOR AGAMENON MAGALHAES,Não informado,NO SENTIDO OLINDA,DERBY,Não informado,COLISÃO TRASEIRA,Não informado,0.0,1.0,0.0,0.0,0.0,1.0,0.0,0.0,0.0,1.0,0.0,Longo da via,Bom,Não existe,Perfeito estado,Seca,Perfeito estado,Agente,Outras,60.0,Única,Faixa seccionada,COM VÍTIMA,2022,5,19,3,
2022-05-19,,Não informado,FINALIZADA,SANTO AMARO,RUA ALMEIDA CUNHA,Não informado,COM A RUA AFONSO PENA,SANTO AMARO,Não informado,COLISÃO LATERAL,Não informado,2.0,0.0,0.0,0.0,0.0,0.0,0.0,0.0,0.0,0.0,0.0,Não informado,Não informado,Não informado,Não informado,Não informado,Não informado,Não informado,Não informado,60.0,Não informado,Não informado,SEM VÍTIMA,2022,5,19,3,
2022-05-20,,Não informado,FINALIZADA,IMBIRIBEIRA,RUA ARQUITETO LUIZ NUNES,AV ENGENHEIRO ALVES DE SOUZA,ESQUINA COM JULIETO CAFE. EM FRENTE AO JULIETTO.,IMBIRIBEIRA,CIDADE,COLISÃO TRANSVERSAL,Não informado,1.0,1.0,0.0,0.0,0.0,0.0,0.0,0.0,0.0,1.0,0.0,Cruzamento,Bom,Sem defeito,Perfeito estado,Seca,Perfeito estado,Faixa de pedestre,Não há placas,40.0,Dupla,Faixa contínua,COM VÍTIMA,2022,5,20,4,
2022-05-21,,Não informado,FINALIZADA,CASA FORTE,RUA JADER DE ANDRADE,Não informado,EM FRENTE AO NÚMERO 43,CASA FORTE,Não informado,Não informado,Não informado,1.0,1.0,0.0,0.0,0.0,0.0,0.0,0.0,0.0,0.0,0.0,Longo da via,Chuvoso,Não existe,Não existente,Molhada,Perfeito estado,Não existe,Não há placas,60.0,Dupla,Não existe,SEM VÍTIMA,2022,5,21,5,
2022-05-21,,Não informado,FINALIZADA,ARRUDA,RUA DO MACHADO,RUA DAS MOCAS,AO LADO CAMPO DO SANTA CRUZ,ARRUDA,CIDADE,COLISÃO FRONTAL,Não informado,1.0,1.0,0.0,0.0,0.0,0.0,0.0,0.0,0.0,1.0,0.0,Longo da via,Bom,Não existe,Perfeito estado,Seca,Perfeito estado,Faixa de pedestre,"Placas ""Pare""",30.0,Dupla,Não existe,COM VÍTIMA,2022,5,21,5,
2022-05-21,,Não informado,FINALIZADA,APIPUCOS,RUA DE APIPUCOS,Não informado,"APOS O POSTO BR E/F AO RESIDENCIAL APIPUCOS, LADO OPOSTO À RESERVA DE APIPUCOS.",APIPUCOS,SUBURBIO,COLISÃO TRASEIRA,Não informado,1.0,1.0,0.0,0.0,0.0,0.0,0.0,0.0,0.0,1.0,0.0,Longo da via,Bom,Não existe,Perfeito estado,Seca,Perfeito estado,Não existe,R-6a,60.0,Dupla,Faixa contínua,COM VÍTIMA,2022,5,21,5,
2022-05-21,,Não informado,CANCELADA,IMBIRIBEIRA,AV SUL,Não informado,ENTRE A ESTAÇAO DE METRO TANCREDO NEVES  EA TI TANCREDO NEVES S/T CID,IMBIRIBEIRA,Não informado,COLISÃO FRONTAL,Não informado,0.0,1.0,0.0,0.0,0.0,0.0,0.0,0.0,0.0,2.0,0.0,Não informado,Não informado,Não informado,Não informado,Não informado,Não informado,Não informado,Não informado,60.0,Não informado,Não informado,COM VÍTIMA,2022,5,21,5,
2022-05-21,,Não informado,FINALIZADA,MADALENA,AV JOSE GONCALVES DE MEDEIROS,Não informado,EM FRENTE A DPCA E MAXTROC.,MADALENA,CIDADE,COLISÃO LATERAL,Não informado,1.0,1.0,0.0,0.0,0.0,0.0,0.0,0.0,0.0,2.0,0.0,Longo da via,Bom,Não existe,Incompleta,Seca,Perfeito estado,Não existe,R-6a,60.0,Única,Não existe,COM VÍTIMA,2022,5,21,5,
2022-05-21,,Não informado,FINALIZADA,SANTO AMARO,AV CRUZ CABUGA,RUA DR JOAO VIEIRA DE MENEZES,SOB O SEMÁFORO 674,SANTO AMARO,SUBURBIO,CHOQUE,Não informado,1.0,0.0,0.0,0.0,0.0,0.0,0.0,0.0,0.0,0.0,0.0,Cruzamento,Bom,Sem defeito,Perfeito estado,Seca,Perfeito estado,Não existe,Não há placas,60.0,Dupla,Faixa seccionada,SEM VÍTIMA,2022,5,21,5,
2022-05-21,,Não informado,CANCELADA,ESPINHEIRO,AV GOVERNADOR AGAMENON MAGALHAES,Não informado,E/F AO BANCO DO NORDESTE,ESPINHEIRO,BOA VIAGEM,COLISÃO LATERAL,Não informado,2.0,0.0,0.0,0.0,0.0,0.0,0.0,0.0,0.0,0.0,0.0,Não informado,Não informado,Não informado,Não informado,Não informado,Não informado,Não informado,Não informado,60.0,Não informado,Não informado,SEM VÍTIMA,2022,5,21,5,
2022-05-21,,Não informado,FINALIZADA,TORRE,RUA PROFESSOR TRAJANO DE MENDONCA,Não informado,FARMÁCIA DROGASIL,TORRE,CIDADE,COLISÃO COM CICLISTA,Não informado,1.0,0.0,0.0,1.0,0.0,0.0,0.0,0.0,0.0,1.0,0.0,Longo da via,Bom,Não existe,Perfeito estado,Seca,Perfeito estado,Não existe,Não há placas,60.0,Única,Faixa seccionada,COM VÍTIMA,2022,5,21,5,
2022-05-22,,Não informado,FINALIZADA,MADALENA,EST DOS REMEDIOS,AV JOSE GONCALVES DE MEDEIROS,E/F À POLICLINICA LESSA DE ANDRADE,MADALENA,CIDADE,COLISÃO TRANSVERSAL,Não informado,1.0,1.0,0.0,0.0,0.0,0.0,0.0,0.0,0.0,1.0,0.0,Cruzamento,Bom,Sem defeito,Perfeito estado,Seca,Perfeito estado,Faixa de pedestre,"Placas ""Pare""",60.0,Única,Faixa seccionada,COM VÍTIMA,2022,5,22,6,
2022-05-22,,Não informado,FINALIZADA,AFOGADOS,RUA SAO MIGUEL,RUA LUIZ PEREIRA DE FARIAS,PARAISO DOS PET'S,AFOGADOS,CIDADE,ATROPELAMENTO DE PESSOA,Não informado,0.0,1.0,0.0,0.0,1.0,0.0,0.0,0.0,0.0,2.0,0.0,Cruzamento,Bom,Não existe,Perfeito estado,Seca,Perfeito estado,Não informado,Não informado,60.0,Dupla,Faixa contínua,COM VÍTIMA,2022,5,22,6,
2022-05-22,,Não informado,FINALIZADA,VÁRZEA,AV AFONSO OLINDENSE,AV CAXANGA,ENFRENTE AOS CORREIOS,VÁRZEA,SUBURBIO,COLISÃO LATERAL,Não informado,1.0,1.0,0.0,0.0,0.0,0.0,0.0,0.0,0.0,1.0,0.0,Longo da via,Bom,Sem defeito,Incompleta,Seca,Perfeito estado,Faixa de pedestre,R-6a,30.0,Dupla,Faixa contínua,COM VÍTIMA,2022,5,22,6,
2022-05-22,,Não informado,FINALIZADA,MACAXEIRA,RUA MARIA AMALIA,SUB DA UNIAO,AO LADO DO CAMPO DA UNIÃO.,MACAXEIRA,CIDADE,COLISÃO LATERAL,Não informado,1.0,1.0,0.0,0.0,0.0,0.0,0.0,0.0,0.0,1.0,0.0,Longo da via,Chuvoso,Não existe,Não existente,Seca,Mal conservada,Não existe,Não há placas,60.0,Dupla,Não existe,COM VÍTIMA,2022,5,22,6,
2022-05-22,,Não informado,FINALIZADA,IPUTINGA,AV CAXANGA,RUA MANOEL JOAQUIM DE ALMEIDA,IPUTINGA VEICULOS,IPUTINGA,Não informado,Não informado,Não informado,1.0,1.0,0.0,0.0,0.0,0.0,0.0,0.0,0.0,0.0,0.0,Cruzamento,Bom,Sem defeito,Perfeito estado,Não informado,Não informado,Faixa de pedestre,Não há placas,60.0,Dupla,Canteiro central,SEM VÍTIMA,2022,5,22,6,
2022-05-22,,Não informado,FINALIZADA,BOA VIAGEM,RUA RIBEIRO DE BRITO,RUA TENENTE DOMINGOS DE BRITO,EM FRENTE A IGREJA MARANATA,BOA VIAGEM,Não informado,COLISÃO TRANSVERSAL,Não informado,1.0,1.0,0.0,0.0,0.0,0.0,0.0,0.0,0.0,2.0,0.0,Cruzamento,Chuvoso,Sem defeito,Perfeito estado,Molhada,Perfeito estado,Faixa de pedestre,Não há placas,60.0,Única,Não existe,COM VÍTIMA,2022,5,22,6,
2022-05-22,,Não informado,FINALIZADA,JAQUEIRA,AV CONS ROSA E SILVA,RUA NETO DE MENDONCA,EM FRENTE A SMART FIT,JAQUEIRA,SUBURBIO,COLISÃO TRANSVERSAL,Não informado,0.0,2.0,0.0,0.0,0.0,0.0,0.0,0.0,0.0,1.0,0.0,Longo da via,Bom,Sem defeito,Perfeito estado,Seca,Perfeito estado,Faixa de retenção,Não há placas,60.0,Única,Faixa seccionada,COM VÍTIMA,2022,5,22,6,
2022-05-23,,Não informado,FINALIZADA,CORDEIRO,AV CAXANGA,Não informado,EM FRENTE AO PARQUE DE EXPOSIÇÕES DE ANIMAIS DO CORDEIRO.,CORDEIRO,SUBURBIO,ATROPELAMENTO DE PESSOA,Não informado,1.0,0.0,0.0,0.0,1.0,1.0,0.0,0.0,0.0,1.0,0.0,Longo da via,Chuvoso,Sem defeito,Perfeito estado,Molhada,Perfeito estado,Não existe,Outras,60.0,Dupla,Faixa seccionada,COM VÍTIMA,2022,5,23,0,
2022-05-23,,Não informado,DUPLICIDADE,CAXANGÁ,AV CAXANGA,Não informado,EM FRENTE A EXPOSOÇAO  DE ANOMAIS / SENT CAMARAGIBE,CAXANGÁ,Não informado,ATROPELAMENTO DE PESSOA,Não informado,0.0,0.0,0.0,0.0,1.0,1.0,0.0,0.0,0.0,1.0,0.0,Não informado,Não informado,Não informado,Não informado,Não informado,Não informado,Não informado,Não informado,60.0,Não informado,Não informado,COM VÍTIMA,2022,5,23,0,
2022-05-23,,Não informado,FINALIZADA,PARNAMIRIM,RUA DA ESTRELA,Não informado,EM FRENTE AO QUARTEL DO EXERCITO,PARNAMIRIM,SUBURBIO,COLISÃO LATERAL,Não informado,1.0,1.0,0.0,0.0,0.0,0.0,0.0,0.0,0.0,2.0,0.0,Longo da via,Chuvoso,Não existe,Perfeito estado,Molhada,Perfeito estado,Não existe,Outras,30.0,Dupla,Não existe,COM VÍTIMA,2022,5,23,0,
2022-05-23,,Não informado,FINALIZADA,TORRE,RUA JOSE BONIFACIO,Não informado,EM FRENTE A HONDA,TORRE,SUBURBIO,COLISÃO TRASEIRA,Não informado,1.0,1.0,0.0,0.0,0.0,0.0,0.0,0.0,0.0,1.0,0.0,Longo da via,Bom,Sem defeito,Perfeito estado,Seca,Perfeito estado,Faixa de pedestre,Não há placas,60.0,Única,Faixa seccionada,COM VÍTIMA,2022,5,23,0,
2022-05-23,,Não informado,FINALIZADA,BOA VISTA,RUA DOM BOSCO,Não informado,EM FRENTE A RADIO PATRULHA,BOA VISTA,SUBURBIO,COLISÃO TRANSVERSAL,Não informado,1.0,1.0,0.0,0.0,0.0,0.0,0.0,0.0,0.0,1.0,0.0,Longo da via,Bom,Sem defeito,Perfeito estado,Seca,Perfeito estado,Não existe,Não há placas,40.0,Única,Faixa seccionada,COM VÍTIMA,2022,5,23,0,
2022-05-23,,Não informado,FINALIZADA,PINA,RUA MANOEL DE BRITO,Não informado,LADO OPOSTO AO CORPUS MOTEL.,PINA,CIDADE,COLISÃO COM CICLISTA,Não informado,1.0,0.0,0.0,1.0,0.0,0.0,0.0,0.0,0.0,1.0,0.0,Longo da via,Bom,Não existe,Perfeito estado,Seca,Perfeito estado,Outros,Não há placas,60.0,Única,Faixa seccionada,COM VÍTIMA,2022,5,23,0,
2022-05-23,,Não informado,CANCELADA,BOA VIAGEM,AV ENGENHEIRO DOMINGOS FERREIRA,Não informado,PROXIMO AO PONTEIO,BOA VIAGEM,Não informado,ATROPELAMENTO DE PESSOA,Não informado,1.0,0.0,0.0,0.0,1.0,0.0,0.0,0.0,0.0,1.0,0.0,Não informado,Não informado,Não informado,Não informado,Não informado,Não informado,Não informado,Não informado,60.0,Não informado,Não informado,COM VÍTIMA,2022,5,23,0,
2022-05-23,,Não informado,CANCELADA,TORRE,RUA JOSE OSORIO,Não informado,E/F A AUTO CAR,TORRE,Não informado,COLISÃO FRONTAL,Não informado,1.0,1.0,0.0,0.0,0.0,0.0,0.0,0.0,0.0,1.0,0.0,Não informado,Não informado,Não informado,Não informado,Não informado,Não informado,Não informado,Não informado,60.0,Não informado,Não informado,COM VÍTIMA,2022,5,23,0,
2022-05-23,,Não informado,CANCELADA,NOVA DESCOBERTA,RUA TEREZA CARNEIRO,Não informado,PROX AO POSTO DE SAUDE,NOVA DESCOBERTA,Não informado,COLISÃO LATERAL,Não informado,0.0,1.0,0.0,0.0,0.0,0.0,1.0,0.0,0.0,1.0,0.0,Não informado,Não informado,Não informado,Não informado,Não informado,Não informado,Não informado,Não informado,60.0,Não informado,Não informado,COM VÍTIMA,2022,5,23,0,
2022-05-23,,Não informado,FINALIZADA,JOANA BEZERRA,VDO PAPA JOAO PAULO II,Não informado,SOBRE O VIADUTO. AO LADO DO TI JOANA BEZERRA.,JOANA BEZERRA,SUBURBIO,ATROPELAMENTO DE PESSOA,Não informado,3.0,0.0,0.0,0.0,1.0,0.0,0.0,0.0,0.0,1.0,0.0,Viaduto,Chuvoso,Não existe,Não existente,Molhada,Perfeito estado,Não existe,Não há placas,60.0,Única,Não informado,COM VÍTIMA,2022,5,23,0,
2022-05-23,,Não informado,CANCELADA,IPUTINGA,AV PROFESSOR MORAES REGO,Não informado,E/F A HAPVIDA,IPUTINGA,Não informado,COLISÃO TRASEIRA,Não informado,3.0,0.0,0.0,0.0,0.0,0.0,0.0,0.0,0.0,0.0,0.0,Não informado,Não informado,Não informado,Não informado,Não informado,Não informado,Não informado,Não informado,60.0,Não informado,Não informado,SEM VÍTIMA,2022,5,23,0,
2022-05-24,,Não informado,FINALIZADA,GRAÇAS,RUA AMARO BEZERRA,RUA JOAQUIM NABUCO,AO LADO DA SODIE DOCES,GRAÇAS,CIDADE,Não informado,Não informado,1.0,0.0,0.0,0.0,0.0,0.0,0.0,0.0,0.0,0.0,0.0,Longo da via,Chuvoso,Não existe,Perfeito estado,Molhada,Perfeito estado,Não existe,Outras,60.0,Única,Não existe,SEM VÍTIMA,2022,5,24,1,
2022-05-24,,Não informado,FINALIZADA,TORRÕES,RUA QUINZE DE MARCO,RUA VINTE E UM DE ABRIL,"PRÓX. À SANTIAGO PETSHOP,  BAR 21 BEER",TORRÕES,SUBURBIO,CHOQUE,Não informado,1.0,0.0,0.0,0.0,0.0,0.0,0.0,0.0,0.0,1.0,0.0,Cruzamento,Chuvoso,Não existe,Perfeito estado,Molhada,Mal conservada,Não existe,Não há placas,60.0,Dupla,Faixa seccionada,COM VÍTIMA,2022,5,24,1,
2022-05-24,,Não informado,FINALIZADA,IMBIRIBEIRA,AV MARECHAL MASCARENHAS DE MORAES,PRC MINISTRO SALGADO FILHO,DENTRO DO AEROPORTO NA AREA DE CARGA E DESCARGA,IMBIRIBEIRA,SUBURBIO,CAPOTAMENTO,Não informado,1.0,0.0,0.0,0.0,0.0,0.0,0.0,0.0,0.0,1.0,0.0,Longo da via,Chuvoso,Não existe,Perfeito estado,Molhada,Perfeito estado,Não existe,Outras,60.0,Única,Não existe,COM VÍTIMA,2022,5,24,1,
2022-05-24,,Não informado,FINALIZADA,ESTÂNCIA,AV RECIFE,RUA LAURA BANDEIRA DE MELO,PRÓXIMO AO ASSAÍ,ESTÂNCIA,SUBURBIO,COLISÃO LATERAL,Não informado,0.0,1.0,0.0,0.0,0.0,0.0,1.0,0.0,0.0,1.0,0.0,Cruzamento,Chuvoso,Sem defeito,Perfeito estado,Molhada,Perfeito estado,Agente,R-19,50.0,Dupla,Canteiro central,COM VÍTIMA,2022,5,24,1,
2022-05-24,,Não informado,FINALIZADA,BOA VIAGEM,AVENIDA CELSO FURTADO (VIA MANGUE),Não informado,Não informado,BOA VIAGEM,Não informado,CAPOTAMENTO,Não informado,0.0,0.0,0.0,0.0,0.0,0.0,0.0,0.0,0.0,0.0,0.0,Não informado,Não informado,Não informado,Não informado,Não informado,Não informado,Não informado,Não informado,60.0,Não informado,Não informado,SEM VÍTIMA,2022,5,24,1,
2022-05-24,,Não informado,FINALIZADA,SAN MARTIN,AV CONSUL VILARES FRAGOSO,Não informado,PRÓX A SECRETARIA DE SAUDE,SAN MARTIN,Não informado,COLISÃO LATERAL,Não informado,1.0,1.0,0.0,0.0,0.0,0.0,0.0,0.0,0.0,1.0,0.0,Não informado,Não informado,Não informado,Não informado,Não informado,Não informado,Não informado,Não informado,60.0,Não informado,Não informado,COM VÍTIMA,2022,5,24,1,
2022-05-24,,Não informado,FINALIZADA,VÁRZEA,AV CAXANGA,AV AFONSO OLINDENSE,SEMÁFORO 568,VÁRZEA,SUBURBIO,COLISÃO COM CICLISTA,Não informado,0.0,0.0,0.0,1.0,0.0,1.0,0.0,0.0,0.0,1.0,0.0,Longo da via,Chuvoso,Sem defeito,Perfeito estado,Molhada,Perfeito estado,Faixa de pedestre,Outras,60.0,Dupla,Faixa contínua,COM VÍTIMA,2022,5,24,1,
2022-05-25,,Não informado,FINALIZADA,CASA AMARELA,RUA DA HARMONIA,Não informado,PRÓX AO PLANETA KIDS E IGREJA DA HARMONIA,CASA AMARELA,SUBURBIO,COLISÃO FRONTAL,Não informado,2.0,0.0,0.0,0.0,0.0,0.0,0.0,0.0,0.0,1.0,0.0,Longo da via,Chuvoso,Não existe,Perfeito estado,Seca,Perfeito estado,Faixa de pedestre,Outras,30.0,Dupla,Faixa contínua,COM VÍTIMA,2022,5,25,2,
2022-05-26,,Não informado,FINALIZADA,BOA VIAGEM,RUA AVIADOR SEVERIANO LINS,Não informado,AO LADO DO NÚMERO 175,BOA VIAGEM,SUBURBIO,COLISÃO TRANSVERSAL,Não informado,3.0,0.0,0.0,0.0,0.0,0.0,0.0,0.0,0.0,0.0,0.0,Longo da via,Chuvoso,Não existe,Não existente,Molhada,Perfeito estado,Não existe,Não há placas,60.0,Dupla,Não existe,SEM VÍTIMA,2022,5,26,3,
2022-05-26,,Não informado,DUPLICIDADE,BOA VIAGEM,RUA AVIADOR SEVERIANO LINS,Não informado,PROX. AO COLEGIO BOA VIAGEM,BOA VIAGEM,Não informado,COLISÃO TRASEIRA,Não informado,3.0,0.0,0.0,0.0,0.0,0.0,0.0,0.0,0.0,0.0,0.0,Não informado,Não informado,Não informado,Não informado,Não informado,Não informado,Não informado,Não informado,60.0,Não informado,Não informado,SEM VÍTIMA,2022,5,26,3,
2022-05-26,,Não informado,FINALIZADA,BARRO,AV DR JOSE RUFINO,RUA PALMEIRA,ACIDENTE COM VITIMA,BARRO,CIDADE,COLISÃO FRONTAL,Não informado,3.0,0.0,0.0,0.0,0.0,0.0,0.0,0.0,0.0,1.0,0.0,Cruzamento,Bom,Sem defeito,Incompleta,Seca,Mal conservada,Faixa de pedestre,R-6a,40.0,Dupla,Faixa contínua,COM VÍTIMA,2022,5,26,3,
2022-05-26,,Não informado,FINALIZADA,MADALENA,RUA SPORT CLUBE DO RECIFE,Não informado,EM FRENTE AO SPORT  CLUBE DO RECIFE,MADALENA,CIDADE,COLISÃO TRASEIRA,Não informado,3.0,0.0,0.0,0.0,0.0,0.0,0.0,0.0,0.0,0.0,0.0,Longo da via,Bom,Sem defeito,Perfeito estado,Seca,Perfeito estado,Outros,Não há placas,60.0,Dupla,Canteiro central,SEM VÍTIMA,2022,5,26,3,
2022-05-26,,Não informado,FINALIZADA,GRAÇAS,AV GOVERNADOR AGAMENON MAGALHAES,Não informado,PRÓX. AO CLUBE PORTUGUÊS,GRAÇAS,CIDADE,COLISÃO LATERAL,Não informado,1.0,2.0,0.0,0.0,0.0,0.0,0.0,0.0,0.0,2.0,0.0,Longo da via,Chuvoso,Sem defeito,Perfeito estado,Molhada,Perfeito estado,Faixa de pedestre,Não há placas,60.0,Dupla,Canteiro central,COM VÍTIMA,2022,5,26,3,
2022-05-26,,Não informado,FINALIZADA,ALTO SANTA TERESINHA,RUA PROFESSOR JOSE AMARINO DOS REIS,Não informado,PRÓX A GRAFICA CACTO,ALTO SANTA TERESINHA,Não informado,COLISÃO FRONTAL,Não informado,1.0,1.0,0.0,0.0,0.0,0.0,0.0,0.0,0.0,1.0,0.0,Longo da via,Chuvoso,Não existe,Perfeito estado,Molhada,Perfeito estado,Não existe,Não há placas,60.0,Dupla,Faixa seccionada,COM VÍTIMA,2022,5,26,3,
2022-05-26,,Não informado,FINALIZADA,CASA AMARELA,AV DR EURICO CHAVES,Não informado,PRÓX AO BREGOSO BURGUER,CASA AMARELA,SUBURBIO,COLISÃO FRONTAL,Não informado,0.0,2.0,0.0,0.0,0.0,0.0,0.0,0.0,0.0,1.0,0.0,Longo da via,Chuvoso,Não existe,Perfeito estado,Molhada,Perfeito estado,Não existe,Não há placas,60.0,Dupla,Faixa seccionada,COM VÍTIMA,2022,5,26,3,
2022-05-27,,Não informado,FINALIZADA,DERBY,AV GOVERNADOR AGAMENON MAGALHAES,Não informado,E/F AO HOSPITAL DA RESTAURAÇÃO,DERBY,SUBURBIO,COLISÃO TRASEIRA,Não informado,1.0,1.0,0.0,0.0,0.0,0.0,0.0,0.0,0.0,1.0,0.0,Longo da via,Chuvoso,Sem defeito,Perfeito estado,Molhada,Perfeito estado,Faixa de pedestre,R-6a,60.0,Dupla,Canteiro central,COM VÍTIMA,2022,5,27,4,
2022-05-27,,Não informado,FINALIZADA,DERBY,PRC DO DERBY,RUA JENER DE SOUZA,EM FRNTE O QUARTEL DO DERBY,DERBY,CIDADE,COLISÃO TRASEIRA,Não informado,1.0,1.0,0.0,0.0,0.0,0.0,0.0,0.0,0.0,1.0,0.0,Cruzamento,Chuvoso,Sem defeito,Perfeito estado,Molhada,Perfeito estado,Faixa de pedestre,Não há placas,60.0,Única,Faixa contínua,COM VÍTIMA,2022,5,27,4,
2022-05-27,,Não informado,FINALIZADA,IMBIRIBEIRA,AV MARECHAL MASCARENHAS DE MORAES,Não informado,"APÓS  O GERALDÃO, SENTIDO CIDADE",IMBIRIBEIRA,CIDADE,COLISÃO LATERAL,Não informado,2.0,1.0,0.0,0.0,0.0,0.0,0.0,0.0,0.0,1.0,0.0,Longo da via,Chuvoso,Sem defeito,Perfeito estado,Molhada,Perfeito estado,Outros,Outras,60.0,Dupla,Canteiro central,COM VÍTIMA,2022,5,27,4,