data,hora,natureza_acidente,situacao,bairro,endereco,detalhe_endereco_acidente,complemento,bairro_cruzamento,sentido_via,tipo,descricao,auto,moto,ciclom,ciclista,pedestre,onibus,caminhao,viatura,outros,vitimas,vitimasfatais,acidente_verificado,tempo_clima,situacao_semaforo,sinalizacao,condicao_via,conservacao_via,ponto_controle,situacao_placa,velocidade_max_via,mao_direcao,divisao_via1,natureza,ano,mes,dia,dia_semana,hora_ocorrencia
2022-05-27,,Não informado,FINALIZADA,CABANGA,RUA GUTIUBA,Não informado,PROXIMO AO INSTITUTO DAVID NASCIMENTO,CABANGA,SUBURBIO,COLISÃO FRONTAL,Não informado,1.0,1.0,0.0,0.0,0.0,0.0,0.0,0.0,0.0,1.0,0.0,Cruzamento,Chuvoso,Não existe,Perfeito estado,Seca,Perfeito estado,Não existe,Não há placas,40.0,Dupla,Não existe,COM VÍTIMA,2022,5,27,4,
2022-05-27,,Não informado,FINALIZADA,CORDEIRO,AV GENERAL SAN MARTIN,RUA GOMES TABORDA,ATACAREJO IDEAL / FARMÁCIA DROGASIL,CORDEIRO,Não informado,COLISÃO LATERAL,Não informado,2.0,0.0,0.0,0.0,0.0,0.0,0.0,0.0,0.0,0.0,0.0,Não informado,Não informado,Não informado,Não informado,Não informado,Não informado,Não informado,Não informado,60.0,Não informado,Não informado,SEM VÍTIMA,2022,5,27,4,
2022-05-27,,Não informado,CANCELADA,VÁRZEA,AV AFONSO OLINDENSE,Não informado,E/F A LOJA SANDRO MOTO,VÁRZEA,Não informado,COLISÃO LATERAL,Não informado,1.0,0.0,0.0,0.0,0.0,0.0,0.0,1.0,0.0,0.0,0.0,Não informado,Não informado,Não informado,Não informado,Não informado,Não informado,Não informado,Não informado,60.0,Não informado,Não informado,SEM VÍTIMA,2022,5,27,4,
2022-05-27,,Não informado,FINALIZADA,BOA VIAGEM,AV ENGENHEIRO DOMINGOS FERREIRA,Não informado,EM FRENTE A PRAÇA JORNALISTA ANTONIO TEIXEIRA JUNIOR,BOA VIAGEM,SUBURBIO,ATROPELAMENTO DE PESSOA,Não informado,0.0,1.0,0.0,0.0,1.0,0.0,0.0,0.0,0.0,1.0,0.0,Longo da via,Chuvoso,Não informado,Perfeito estado,Molhada,Mal conservada,Não existe,Outras,60.0,Única,Faixa contínua,COM VÍTIMA,2022,5,27,4,
2022-05-30,,Não informado,FINALIZADA,PORTO DA MADEIRA,AV BEBERIBE,Não informado,EM FRENTE AO ARENA SHOW BAR,PORTO DA MADEIRA,SUBURBIO,COLISÃO TRANSVERSAL,Não informado,1.0,1.0,0.0,0.0,0.0,0.0,0.0,0.0,0.0,1.0,0.0,Longo da via,Chuvoso,Sem defeito,Perfeito estado,Molhada,Perfeito estado,Faixa de pedestre,R-6a,60.0,Dupla,Faixa contínua,COM VÍTIMA,2022,5,30,0,
2022-05-30,,Não informado,FINALIZADA,DERBY,AV GOVERNADOR AGAMENON MAGALHAES,RUA HENRIQUE DIAS,EM FRENTE AO INSTITUTO DIAGNOSTICO JOSE ROCHA DE SA,DERBY,Não informado,ATROPELAMENTO DE PESSOA,Não informado,0.0,0.0,0.0,0.0,1.0,1.0,0.0,0.0,0.0,1.0,0.0,Longo da via,Chuvoso,Sem defeito,Perfeito estado,Molhada,Perfeito estado,Agente,Não informado,60.0,Dupla,Canal,COM VÍTIMA,2022,5,30,0,
2022-05-30,,Não informado,FINALIZADA,AREIAS,RUA JOSE NATARIO,Não informado,EM FRENTE AO CONSELHO TUTELAR RPA05,AREIAS,Não informado,COLISÃO LATERAL,Não informado,0.0,1.0,0.0,0.0,0.0,0.0,1.0,0.0,0.0,1.0,0.0,Longo da via,Chuvoso,Não existe,Ilegível,Seca,Perfeito estado,Não existe,R-6a,40.0,Dupla,Faixa seccionada,COM VÍTIMA,2022,5,30,0,
2022-05-30,,Não informado,CANCELADA,Não informado,AV SUL,Não informado,AO LADO DO FORTE DAS CINCO PONTAS,Não informado,Não informado,COLISÃO TRASEIRA,Não informado,3.0,0.0,0.0,0.0,0.0,0.0,0.0,0.0,0.0,0.0,0.0,Não informado,Não informado,Não informado,Não informado,Não informado,Não informado,Não informado,Não informado,60.0,Não informado,Não informado,SEM VÍTIMA,2022,5,30,0,
2022-05-31,,Não informado,FINALIZADA,CASA AMARELA,AV NORTE MIGUEL ARRAES DE ALENCAR,Não informado,PROX. A RETIFICA PADRAO,CASA AMARELA,CIDADE,COLISÃO TRASEIRA,Não informado,1.0,1.0,0.0,0.0,0.0,0.0,1.0,0.0,0.0,1.0,0.0,Longo da via,Chuvoso,Sem defeito,Perfeito estado,Molhada,Perfeito estado,Não existe,Não há placas,60.0,Dupla,Faixa seccionada,COM VÍTIMA,2022,5,31,1,
2022-05-31,,Não informado,FINALIZADA,DOIS IRMÃOS,RUA DOIS IRMAOS,AV DA RECUPERACAO,COM A RUA DA RECUPERAÇÃO (SEMAFORO Nº416,DOIS IRMÃOS,SUBURBIO,CHOQUE,Não informado,0.0,0.0,0.0,0.0,0.0,1.0,0.0,0.0,0.0,1.0,0.0,Longo da via,Bom,Sem defeito,Perfeito estado,Molhada,Perfeito estado,Faixa de pedestre,R-6a,60.0,Dupla,Faixa contínua,COM VÍTIMA,2022,5,31,1,
2022-06-01,,Não informado,CANCELADA,ÁGUA FRIA,EST VELHA DE AGUA FRIA,Não informado,PROXIMO A POLICLINICA,ÁGUA FRIA,Não informado,QUEDA,Não informado,0.0,1.0,0.0,0.0,0.0,0.0,0.0,0.0,0.0,1.0,0.0,Não informado,Não informado,Não informado,Não informado,Não informado,Não informado,Não informado,Não informado,60.0,Não informado,Não informado,COM VÍTIMA,2022,6,1,2,
2022-06-01,,Não informado,FINALIZADA,TORRE,RUA CONDE DE IRAJA,Não informado,PRAÇA JOSE TALES FILHO,TORRE,SUBURBIO,Não informado,Não informado,2.0,0.0,0.0,0.0,0.0,0.0,0.0,0.0,0.0,0.0,0.0,Longo da via,Chuvoso,Sem defeito,Perfeito estado,Molhada,Perfeito estado,Não existe,R-3,60.0,Única,Faixa seccionada,SEM VÍTIMA,2022,6,1,2,
2022-06-01,,Não informado,CANCELADA,IMBIRIBEIRA,VIADUTO TANCREDO NEVES,Não informado,BOA VIAGEM / IPSEP,IMBIRIBEIRA,SUBURBIO,COLISÃO LATERAL,Não informado,1.0,1.0,0.0,0.0,0.0,0.0,0.0,0.0,0.0,1.0,0.0,Não informado,Não informado,Não informado,Não informado,Não informado,Não informado,Não informado,Não informado,60.0,Não informado,Não informado,COM VÍTIMA,2022,6,1,2,
2022-06-01,,Não informado,FINALIZADA,CASA AMARELA,AV NORTE MIGUEL ARRAES DE ALENCAR,AV NORTE MIGUEL ARRAES DE ALENCAR,PROXIMO A MATERNIDADE BORROS LIMA,CASA AMARELA,SUBURBIO,ATROPELAMENTO DE PESSOA,Não informado,0.0,1.0,0.0,0.0,1.0,0.0,0.0,0.0,0.0,1.0,0.0,Longo da via,Bom,Não existe,Perfeito estado,Seca,Perfeito estado,Não existe,Não há placas,60.0,Dupla,Canteiro central,COM VÍTIMA,2022,6,1,2,
2022-06-01,,Não informado,FINALIZADA,IMBIRIBEIRA,AV PINHEIROS,Não informado,AO LADO DO RESIDENCIAL PINHEIROS,IMBIRIBEIRA,Não informado,COLISÃO LATERAL,Não informado,2.0,0.0,0.0,0.0,0.0,0.0,0.0,0.0,0.0,2.0,0.0,Não informado,Não informado,Não informado,Não informado,Não informado,Não informado,Não informado,Não informado,60.0,Não informado,Não informado,COM VÍTIMA,2022,6,1,2,
2022-06-01,,Não informado,CANCELADA,ENCRUZILHADA,AV BEBERIBE,Não informado,ACADEMIA MATCH FIT,ENCRUZILHADA,Não informado,ATROPELAMENTO DE PESSOA,Não informado,0.0,0.0,0.0,0.0,0.0,1.0,0.0,0.0,0.0,1.0,0.0,Não informado,Não informado,Não informado,Não informado,Não informado,Não informado,Não informado,Não informado,60.0,Não informado,Não informado,COM VÍTIMA,2022,6,1,2,
2022-06-02,,Não informado,FINALIZADA,SÃO JOSÉ,AV DANTAS BARRETO,RUA SAO JOAO,EM FRENTE AO EDF SAN RAFAEL. AO LADO DA SECRETARIA DA FAZENDA - SEFAZ.,SÃO JOSÉ,SUBURBIO,COLISÃO TRANSVERSAL,Não informado,1.0,0.0,0.0,0.0,0.0,1.0,0.0,0.0,0.0,2.0,0.0,Cruzamento,Chuvoso,Sem defeito,Perfeito estado,Molhada,Perfeito estado,Faixa de pedestre,Não há placas,60.0,Dupla,Faixa contínua,COM VÍTIMA,2022,6,2,3,
2022-06-02,,Não informado,FINALIZADA,ILHA DO RETIRO,AV ENGENHEIRO ABDIAS DE CARVALHO,AV JOSE GONCALVES DE MEDEIROS,"EM FRENTE AO CLUBE DO SPORT,  MC DONALDS",ILHA DO RETIRO,SUBURBIO,COLISÃO COM CICLISTA,Não informado,0.0,1.0,0.0,1.0,0.0,0.0,0.0,0.0,0.0,2.0,0.0,Cruzamento,Bom,Sem defeito,Perfeito estado,Molhada,Perfeito estado,Faixa de pedestre,Não há placas,60.0,Dupla,Canteiro central,COM VÍTIMA,2022,6,2,3,
2022-06-02,,Não informado,FINALIZADA,ENCRUZILHADA,AV NORTE MIGUEL ARRAES DE ALENCAR,Não informado,ANTES DA AV. JOÃO DE BARROS. LADO OPOSTO AO POSTO SETTA,ENCRUZILHADA,CIDADE,ATROPELAMENTO DE PESSOA,Não informado,0.0,1.0,0.0,0.0,1.0,0.0,0.0,0.0,0.0,2.0,0.0,Longo da via,Bom,Sem defeito,Perfeito estado,Seca,Perfeito estado,Não informado,R-6a,60.0,Dupla,Blocos,COM VÍTIMA,2022,6,2,3,
2022-06-02,,Não informado,FINALIZADA,PINA,AV ENGENHEIRO DOMINGOS FERREIRA,AV HERCULANO BANDEIRA,APOS A IGREGINHA,PINA,SUBURBIO,COLISÃO LATERAL,Não informado,3.0,1.0,0.0,0.0,0.0,0.0,0.0,0.0,0.0,1.0,0.0,Longo da via,Bom,Não existe,Não existente,Seca,Perfeito estado,Não existe,Não há placas,60.0,Única,Não existe,COM VÍTIMA,2022,6,2,3,
2022-06-02,,Não informado,DUPLICIDADE,ENCRUZILHADA,AV NORTE MIGUEL ARRAES DE ALENCAR,Não informado,ANTES DA AV. JOÃO DE BARROS. LADO OPOSTO AO POSTO SETTA,ENCRUZILHADA,Não informado,ATROPELAMENTO DE PESSOA,Não informado,0.0,1.0,0.0,0.0,1.0,0.0,0.0,0.0,0.0,2.0,0.0,Não informado,Não informado,Não informado,Não informado,Não informado,Não informado,Não informado,Não informado,60.0,Não informado,Não informado,COM VÍTIMA,2022,6,2,3,
2022-06-02,,Não informado,FINALIZADA,ENCRUZILHADA,EST DE BELEM,RUA DONA JULIETA,"RUA DONA JULIETA,  PARÓQUIA NS DE BELÉM",ENCRUZILHADA,CIDADE,QUEDA,Não informado,0.0,1.0,0.0,0.0,0.0,0.0,0.0,0.0,0.0,2.0,0.0,Longo da via,Bom,Não existe,Perfeito estado,Seca,Perfeito estado,Não existe,R-6a,60.0,Dupla,Faixa contínua,COM VÍTIMA,2022,6,2,3,
2022-06-02,,Não informado,FINALIZADA,AREIAS,AV DR JOSE RUFINO,Não informado,SENTIDO JABOATÃO,AREIAS,Não informado,ATROPELAMENTO DE PESSOA,Não informado,0.0,1.0,0.0,0.0,1.0,0.0,0.0,0.0,0.0,1.0,0.0,Não informado,Não informado,Não informado,Não informado,Não informado,Não informado,Não informado,Não informado,60.0,Não informado,Não informado,COM VÍTIMA,2022,6,2,3,
2022-06-03,,Não informado,FINALIZADA,AREIAS,AV RECIFE,Não informado,LADO OPOSTO CIROL ROYAL,AREIAS,Não informado,CHOQUE,Não informado,1.0,0.0,0.0,0.0,0.0,0.0,0.0,0.0,0.0,0.0,0.0,Longo da via,Chuvoso,Não existe,Não existente,Molhada,Mal conservada,Não existe,Não há placas,50.0,Dupla,Canteiro central,SEM VÍTIMA,2022,6,3,4,
2022-06-03,,Não informado,FINALIZADA,PRADO,AV ENGENHEIRO ABDIAS DE CARVALHO,RUA CARLOS GOMES,CRUZAMENTO DO SEMÁFORO 057,PRADO,SUBURBIO,COLISÃO TRASEIRA,Não informado,1.0,1.0,0.0,0.0,0.0,0.0,0.0,0.0,0.0,1.0,0.0,Cruzamento,Chuvoso,Sem defeito,Perfeito estado,Molhada,Perfeito estado,Não informado,Não informado,60.0,Única,Faixa seccionada,COM VÍTIMA,2022,6,3,4,
2022-06-03,,Não informado,FINALIZADA,CAMPO GRANDE,AV GOVERNADOR AGAMENON MAGALHAES,RUA ODORICO MENDES,PRÓX À CENTRAL DE FLAGRANTES - CEPLANC,CAMPO GRANDE,CIDADE,COLISÃO TRANSVERSAL,Não informado,2.0,0.0,0.0,0.0,0.0,0.0,0.0,0.0,0.0,1.0,0.0,Cruzamento,Bom,Sem defeito,Perfeito estado,Seca,Perfeito estado,Faixa de pedestre,Não há placas,60.0,Dupla,Faixa contínua,COM VÍTIMA,2022,6,3,4,
2022-06-03,,Não informado,FINALIZADA,IMBIRIBEIRA,RUA ARQUITETO LUIZ NUNES,Não informado,"COLISÃO ENTRE  AUTO  / MOTO , CONDUTOR EMBREAGADO -  FIAT / TOURO PLACA QYC1970 - HONDA / CG FAN 125 . REF. POSTO IPIRANGA",IMBIRIBEIRA,SUBURBIO,COLISÃO TRASEIRA,Não informado,1.0,1.0,0.0,0.0,0.0,0.0,0.0,0.0,0.0,0.0,0.0,Não informado,Não informado,Não informado,Não informado,Não informado,Não informado,Não informado,Não informado,60.0,Não informado,Não informado,SEM VÍTIMA,2022,6,3,4,
2022-06-03,,Não informado,FINALIZADA,CASA FORTE,AV DEZESSETE DE AGOSTO,Não informado,LADO OPOSTO À FARMÁCIA PERMANENTE,CASA FORTE,Não informado,COLISÃO LATERAL,Não informado,1.0,1.0,0.0,0.0,0.0,0.0,0.0,0.0,0.0,1.0,0.0,Longo da via,Bom,Não existe,Perfeito estado,Seca,Perfeito estado,Outros,Outras,60.0,Dupla,Faixa contínua,COM VÍTIMA,2022,6,3,4,
2022-06-03,,Não informado,FINALIZADA,TEJIPIÓ,RUA SARGENTO JUVENCIO,RUA DO SANCHO,RES. BOSQUE DAS PALMEIRAS / O ACIDENTE OCORREU NA  RUA DO SANCHO,TEJIPIÓ,Não informado,COLISÃO LATERAL,Não informado,1.0,1.0,0.0,0.0,0.0,0.0,0.0,0.0,0.0,1.0,0.0,Não informado,Não informado,Não informado,Não informado,Não informado,Não informado,Não informado,Não informado,60.0,Não informado,Não informado,COM VÍTIMA,2022,6,3,4,
2022-06-03,,Não informado,FINALIZADA,CAXANGÁ,AV CAXANGA,Não informado,EM FRENTE AO TERMINAL INTEGRADO,CAXANGÁ,SUBURBIO,ENGAVETAMENTO,Não informado,2.0,0.0,0.0,0.0,0.0,1.0,0.0,0.0,0.0,2.0,0.0,Não informado,Não informado,Não informado,Não informado,Não informado,Não informado,Não informado,Não informado,60.0,Não informado,Não informado,COM VÍTIMA,2022,6,3,4,
2022-06-04,,Não informado,FINALIZADA,ENCRUZILHADA,AV BEBERIBE,Não informado,AUTO ESCOLA BELÉM,ENCRUZILHADA,Não informado,COLISÃO TRANSVERSAL,Não informado,1.0,1.0,0.0,0.0,0.0,0.0,0.0,0.0,0.0,0.0,0.0,Não informado,Não informado,Não informado,Não informado,Não informado,Não informado,Não informado,Não informado,60.0,Não informado,Não informado,SEM VÍTIMA,2022,6,4,5,
2022-06-04,,Não informado,FINALIZADA,CAMPO GRANDE,RUA JERONIMO VILELA,AV PROFESSOR JOSE DOS ANJOS,NO CRUZAMENTO PROXIMO AO ESPETINHO,CAMPO GRANDE,Não informado,COLISÃO LATERAL,Não informado,2.0,0.0,0.0,0.0,0.0,0.0,0.0,0.0,0.0,1.0,0.0,Cruzamento,Chuvoso,Sem defeito,Perfeito estado,Molhada,Perfeito estado,Faixa de pedestre,Não informado,40.0,Dupla,Canteiro central,COM VÍTIMA,2022,6,4,5,
2022-06-04,,Não informado,CANCELADA,ESPINHEIRO,RUA DR FERNANDO ALLAIN,Não informado,AO LADO DO MARTELINHO DE OURO,ESPINHEIRO,Não informado,COLISÃO LATERAL,Não informado,1.0,1.0,0.0,0.0,0.0,0.0,0.0,0.0,0.0,1.0,0.0,Não informado,Não informado,Não informado,Não informado,Não informado,Não informado,Não informado,Não informado,60.0,Não informado,Não informado,COM VÍTIMA,2022,6,4,5,
2022-06-04,,Não informado,FINALIZADA,PINA,AV HERCULANO BANDEIRA,Não informado,PROCURADORIA REGIONAL DA UNIÃO,PINA,SUBURBIO,COLISÃO TRASEIRA,Não informado,1.0,1.0,0.0,0.0,0.0,0.0,0.0,0.0,0.0,1.0,0.0,Longo da via,Chuvoso,Não existe,Perfeito estado,Molhada,Mal conservada,Não existe,R-6a,60.0,Única,Faixa contínua,COM VÍTIMA,2022,6,4,5,
2022-06-04,,Não informado,FINALIZADA,AFOGADOS,RUA SAO MIGUEL,RUA CARVALHO DE MENDONCA,SOB SEMÁFORO 391,AFOGADOS,CIDADE,COLISÃO LATERAL,Não informado,1.0,1.0,0.0,0.0,0.0,0.0,0.0,0.0,0.0,1.0,0.0,Esquina,Chuvoso,Sem defeito,Perfeito estado,Molhada,Perfeito estado,Faixa de pedestre,Outras,60.0,Dupla,Faixa contínua,COM VÍTIMA,2022,6,4,5,
2022-06-04,,Não informado,DATA / HORA (PREENCHER),CASA AMARELA,AV NORTE MIGUEL ARRAES DE ALENCAR,RUA MANDACARU,CASA MÃE MÓVEIS,CASA AMARELA,CIDADE,Não informado,Não informado,2.0,0.0,0.0,0.0,0.0,0.0,0.0,0.0,0.0,0.0,0.0,Longo da via,Bom,Não existe,Não existente,Seca,Perfeito estado,Não existe,Não há placas,60.0,Única,Não existe,SEM VÍTIMA,2022,6,4,5,
2022-06-04,,Não informado,FINALIZADA,CASA AMARELA,AV NORTE MIGUEL ARRAES DE ALENCAR,COR DO BARTOLOMEU,Não informado,CASA AMARELA,CIDADE,COLISÃO TRANSVERSAL,Não informado,0.0,2.0,0.0,0.0,0.0,0.0,0.0,0.0,0.0,2.0,0.0,Longo da via,Chuvoso,Sem defeito,Perfeito estado,Molhada,Perfeito estado,Faixa de pedestre,R-6a,60.0,Dupla,Blocos,COM VÍTIMA,2022,6,4,5,
2022-06-05,,Não informado,FINALIZADA,MANGABEIRA,RUA JACOB,RUA DO CINEMA,RECANTO DA DANDA/SAPA DA DANDA,MANGABEIRA,SUBURBIO,COLISÃO TRASEIRA,Não informado,1.0,0.0,0.0,0.0,0.0,0.0,0.0,1.0,0.0,1.0,0.0,Longo da via,Chuvoso,Não existe,Incompleta,Molhada,Perfeito estado,Não existe,Outras,60.0,Dupla,Não existe,COM VÍTIMA,2022,6,5,6,
2022-06-05,,Não informado,FINALIZADA,ÁGUA FRIA,RUA SAO BENTO,EST VELHA DE AGUA FRIA,POSTO NORTE BRAZ,ÁGUA FRIA,SUBURBIO,COLISÃO TRASEIRA,Não informado,2.0,0.0,0.0,0.0,0.0,0.0,0.0,0.0,0.0,0.0,0.0,Não informado,Bom,Não existe,Incompleta,Seca,Perfeito estado,Não informado,R-6a,60.0,Única,Outros,SEM VÍTIMA,2022,6,5,6,
2022-06-05,,Não informado,FINALIZADA,BOA VIAGEM,RUA DEZ DE JULHO,RUA CAMBOIM,Não informado,BOA VIAGEM,CIDADE,COLISÃO TRANSVERSAL,Não informado,1.0,1.0,0.0,0.0,0.0,0.0,0.0,0.0,0.0,1.0,0.0,Cruzamento,Bom,Não existe,Perfeito estado,Seca,Perfeito estado,Faixa de pedestre,"Placas ""Pare""",60.0,Única,Faixa seccionada,COM VÍTIMA,2022,6,5,6,
2022-06-05,,Não informado,FINALIZADA,ARRUDA,AV BEBERIBE,Não informado,PRÓXIMO AO CAMPO DO SANTA CRUZ / EM FRENTE AO LOJÃO DO PETRÓLEO,ARRUDA,SUBURBIO,COLISÃO LATERAL,Não informado,1.0,1.0,0.0,0.0,0.0,0.0,0.0,0.0,0.0,1.0,0.0,Longo da via,Bom,Não existe,Perfeito estado,Seca,Perfeito estado,Não existe,Não há placas,60.0,Dupla,Faixa seccionada,COM VÍTIMA,2022,6,5,6,
2022-06-06,,Não informado,FINALIZADA,TEJIPIÓ,RUA GENERAL MANUEL RABELO,Não informado,EM FRENTE A PRAÇA DO PACHECO,TEJIPIÓ,SUBURBIO,COLISÃO COM CICLISTA,Não informado,1.0,1.0,0.0,1.0,0.0,0.0,0.0,0.0,0.0,3.0,0.0,Longo da via,Chuvoso,Não existe,Perfeito estado,Molhada,Perfeito estado,Não existe,Não há placas,60.0,Dupla,Faixa contínua,COM VÍTIMA,2022,6,6,0,
2022-06-06,,Não informado,CANCELADA,CAXANGÁ,AV CAXANGA,Não informado,VIADUTO BR 101,CAXANGÁ,SUBURBIO,COLISÃO LATERAL,Não informado,0.0,0.0,0.0,0.0,0.0,0.0,0.0,0.0,0.0,1.0,0.0,Não informado,Não informado,Não informado,Não informado,Não informado,Não informado,Não informado,Não informado,60.0,Não informado,Não informado,COM VÍTIMA,2022,6,6,0,
2022-06-06,,Não informado,FINALIZADA,IPSEP,RUA JEAN EMILE FAVRE,Não informado,"PROXIMO AO POSTO DE GASOLINA BR,  AGROPECUARIA IPSEP",IPSEP,CIDADE,COLISÃO TRANSVERSAL,Não informado,1.0,1.0,0.0,0.0,0.0,0.0,0.0,0.0,0.0,1.0,0.0,Longo da via,Chuvoso,Não existe,Não informado,Molhada,Perfeito estado,Não existe,R-6a,60.0,Dupla,Faixa contínua,COM VÍTIMA,2022,6,6,0,
2022-06-06,,Não informado,FINALIZADA,MADALENA,AV BEIRA RIO,RUA JANUARIO BARBOSA,EM FRENTE A O EDFº  QUATRO ESTAÇÕES,MADALENA,SUBURBIO,Não informado,Não informado,2.0,0.0,0.0,0.0,0.0,0.0,0.0,0.0,0.0,0.0,0.0,Longo da via,Chuvoso,Não existe,Perfeito estado,Molhada,Perfeito estado,Faixa de pedestre,Não há placas,60.0,Dupla,Não existe,SEM VÍTIMA,2022,6,6,0,
2022-06-06,,Não informado,FINALIZADA,CIDADE UNIVERSITÁRIA,RUA EMILIANO BRAGA,Não informado,TERMINAL INTEGRADA DO TI CDU,CIDADE UNIVERSITÁRIA,Não informado,COLISÃO LATERAL,Não informado,1.0,0.0,0.0,0.0,0.0,0.0,1.0,0.0,0.0,0.0,0.0,Não informado,Não informado,Não informado,Não informado,Não informado,Não informado,Não informado,Não informado,60.0,Não informado,Não informado,SEM VÍTIMA,2022,6,6,0,
2022-06-07,,Não informado,FINALIZADA,CASA AMARELA,AV NORTE MIGUEL ARRAES DE ALENCAR,AV NORTE MIGUEL ARRAES DE ALENCAR,EM FRENTE Á POLICLÍNICA BARROS LIMA,CASA AMARELA,SUBURBIO,COLISÃO TRASEIRA,Não informado,1.0,1.0,0.0,0.0,0.0,0.0,0.0,0.0,0.0,1.0,0.0,Esquina,Chuvoso,Sem defeito,Perfeito estado,Molhada,Perfeito estado,Faixa de pedestre,R-6a,60.0,Dupla,Faixa contínua,COM VÍTIMA,2022,6,7,1,
2022-06-07,,Não informado,FINALIZADA,BOA VISTA,AV GOVERNADOR AGAMENON MAGALHAES,RUA DOM BOSCO,Não informado,BOA VISTA,SUBURBIO,COLISÃO TRANSVERSAL,Não informado,1.0,1.0,0.0,0.0,0.0,0.0,0.0,0.0,0.0,1.0,0.0,Cruzamento,Chuvoso,Sem defeito,Incompleta,Molhada,Mal conservada,Agente,Não informado,60.0,Dupla,Canal,COM VÍTIMA,2022,6,7,1,
2022-06-07,,Não informado,FINALIZADA,MADALENA,RUA JANUARIO BARBOSA,AV VISCONDE DE ALBUQUERQUE,PRAÇA DE QUEIROZ,MADALENA,SUBURBIO,COLISÃO LATERAL,Não informado,1.0,1.0,0.0,0.0,0.0,0.0,0.0,0.0,0.0,1.0,0.0,Cruzamento,Chuvoso,Não existe,Perfeito estado,Molhada,Perfeito estado,Não existe,R-6a,60.0,Única,Faixa seccionada,COM VÍTIMA,2022,6,7,1,
2022-06-07,,Não informado,FINALIZADA,DERBY,AV BEIRA RIO,Não informado,PRAÇA DO COQUE,DERBY,CIDADE,COLISÃO TRANSVERSAL,Não informado,0.0,0.0,0.0,0.0,0.0,0.0,0.0,0.0,0.0,0.0,0.0,Não informado,Não informado,Não informado,Não informado,Não informado,Não informado,Não informado,Não informado,60.0,Não informado,Não informado,SEM VÍTIMA,2022,6,7,1,
2022-06-07,,Não informado,FINALIZADA,ESTÂNCIA,AV DR JOSE RUFINO,Não informado,EM  FRENTE JUNIOR CAR,ESTÂNCIA,SUBURBIO,COLISÃO LATERAL,Não informado,1.0,1.0,0.0,0.0,0.0,0.0,0.0,0.0,0.0,1.0,0.0,Não informado,Não informado,Não informado,Não informado,Não informado,Não informado,Não informado,Não informado,60.0,Não informado,Não informado,COM VÍTIMA,2022,6,7,1,
2022-06-07,,Não informado,FINALIZADA,CASA FORTE,AV DEZESSETE DE AGOSTO,Não informado,PROX A PRAÇA 17,CASA FORTE,CIDADE,COLISÃO TRANSVERSAL,Não informado,1.0,1.0,0.0,0.0,0.0,0.0,0.0,0.0,0.0,1.0,0.0,Longo da via,Bom,Não existe,Perfeito estado,Seca,Perfeito estado,Outros,Outras,60.0,Dupla,Faixa contínua,COM VÍTIMA,2022,6,7,1,
2022-06-07,,Não informado,FINALIZADA,AREIAS,AV RECIFE,Não informado,PRÓXIMO A CHURRASCARIA PAJUÇARA,AREIAS,Não informado,COLISÃO LATERAL,Não informado,0.0,1.0,0.0,0.0,0.0,0.0,0.0,1.0,0.0,1.0,0.0,Longo da via,Bom,Não existe,Perfeito estado,Seca,Não informado,Não existe,Não há placas,60.0,Dupla,Canteiro central,COM VÍTIMA,2022,6,7,1,
2022-06-07,,Não informado,FINALIZADA,VÁRZEA,AV AFONSO OLINDENSE,Não informado,EM FRENTE AO NUMERAL 320,VÁRZEA,CIDADE,CHOQUE,Não informado,2.0,0.0,0.0,0.0,0.0,0.0,0.0,0.0,0.0,0.0,0.0,Longo da via,Bom,Sem defeito,Perfeito estado,Seca,Perfeito estado,Faixa de pedestre,R-6a,40.0,Única,Faixa seccionada,SEM VÍTIMA,2022,6,7,1,
2022-06-07,,Não informado,FINALIZADA,BOA VISTA,RUA GERVASIO PIRES,AV MANOEL BORBA,Não informado,BOA VISTA,SUBURBIO,COLISÃO TRASEIRA,Não informado,2.0,0.0,0.0,0.0,0.0,0.0,0.0,0.0,0.0,1.0,0.0,Cruzamento,Bom,Com defeito,Perfeito estado,Seca,Perfeito estado,Faixa de pedestre,Não informado,60.0,Única,Faixa contínua,COM VÍTIMA,2022,6,7,1,
2022-06-08,,Não informado,FINALIZADA,FUNDÃO,AV BEBERIBE,Não informado,PRÓXIMO A PRAÇA DO FUNDÃO,FUNDÃO,SUBURBIO,COLISÃO FRONTAL,Não informado,1.0,1.0,0.0,0.0,0.0,0.0,0.0,0.0,0.0,1.0,0.0,Longo da via,Chuvoso,Não existe,Não existente,Molhada,Perfeito estado,Não existe,Não há placas,60.0,Dupla,Canteiro central,COM VÍTIMA,2022,6,8,2,