data,hora,natureza_acidente,situacao,bairro,endereco,detalhe_endereco_acidente,complemento,bairro_cruzamento,sentido_via,tipo,descricao,auto,moto,ciclom,ciclista,pedestre,onibus,caminhao,viatura,outros,vitimas,vitimasfatais,acidente_verificado,tempo_clima,situacao_semaforo,sinalizacao,condicao_via,conservacao_via,ponto_controle,situacao_placa,velocidade_max_via,mao_direcao,divisao_via1,natureza,ano,mes,dia,dia_semana,hora_ocorrencia
2022-06-08,,Não informado,FINALIZADA,ILHA DO RETIRO,RUA ASTORGA,EST DOS REMEDIOS,AO LADO DA LOJA CONSUMA EXCELÊNCIA EM TECNOLOGIA.,ILHA DO RETIRO,CIDADE,COLISÃO LATERAL,Não informado,1.0,1.0,0.0,0.0,0.0,0.0,0.0,0.0,0.0,1.0,0.0,Longo da via,Bom,Não existe,Perfeito estado,Seca,Perfeito estado,Não existe,Não há placas,30.0,Dupla,Não existe,COM VÍTIMA,2022,6,8,2,
2022-06-08,,Não informado,FINALIZADA,ILHA DO RETIRO,RUA SPORT CLUBE DO RECIFE,RUA PAISSANDU,DO LADO DO ESTÁDIO DO SPORT,ILHA DO RETIRO,CIDADE,COLISÃO LATERAL,Não informado,0.0,0.0,0.0,0.0,0.0,0.0,0.0,0.0,0.0,1.0,0.0,Não informado,Não informado,Não informado,Não informado,Não informado,Não informado,Não informado,Não informado,60.0,Não informado,Não informado,COM VÍTIMA,2022,6,8,2,
2022-06-08,,Não informado,FINALIZADA,SÃO JOSÉ,RUA BARAO DA VITORIA,Não informado,EM FRENTE A OFICINA DISNOVE YAMAHA,SÃO JOSÉ,Não informado,COLISÃO TRASEIRA,Não informado,1.0,0.0,0.0,0.0,0.0,0.0,0.0,1.0,0.0,0.0,0.0,Longo da via,Bom,Sem defeito,Perfeito estado,Seca,Perfeito estado,Não existe,Não há placas,60.0,Única,Não existe,SEM VÍTIMA,2022,6,8,2,
2022-06-08,,Não informado,FINALIZADA,Não informado,AV CAXANGA,RUA GENERAL POLIDORO,REEF ACADEMIA,Não informado,CIDADE,COLISÃO TRANSVERSAL,Não informado,2.0,0.0,0.0,0.0,0.0,0.0,0.0,0.0,0.0,0.0,0.0,Cruzamento,Bom,Sem defeito,Perfeito estado,Seca,Perfeito estado,Faixa de pedestre,Outras,60.0,Dupla,Canteiro central,SEM VÍTIMA,2022,6,8,2,
2022-06-08,,Não informado,FINALIZADA,SANTO AMARO,AV CRUZ CABUGA,RUA CAPITAO LIMA,OPOSTO A IGREJA INTERNACIONAL DA GRAÇA DE DEUS,SANTO AMARO,SUBURBIO,Não informado,Não informado,0.0,0.0,0.0,0.0,0.0,1.0,0.0,1.0,0.0,0.0,0.0,Cruzamento,Bom,Não existe,Perfeito estado,Seca,Perfeito estado,Faixa de retenção,"Placas ""Pare""",60.0,Dupla,Faixa contínua,SEM VÍTIMA,2022,6,8,2,
2022-06-08,,Não informado,CANCELADA,PINA,AV HERCULANO BANDEIRA,Não informado,APOS A PONTE DO PINA PROX A PASSARELA,PINA,Não informado,COLISÃO FRONTAL,Não informado,1.0,1.0,0.0,0.0,0.0,0.0,0.0,0.0,0.0,1.0,0.0,Não informado,Não informado,Não informado,Não informado,Não informado,Não informado,Não informado,Não informado,60.0,Não informado,Não informado,COM VÍTIMA,2022,6,8,2,
2022-06-08,,Não informado,FINALIZADA,IPUTINGA,AV CAXANGA,Não informado,EM FRENTEAO HOSPITAL BARÃO DE LUSENA,IPUTINGA,SUBURBIO,ATROPELAMENTO DE PESSOA,Não informado,1.0,1.0,0.0,0.0,1.0,0.0,0.0,0.0,0.0,1.0,0.0,Longo da via,Bom,Não existe,Perfeito estado,Seca,Perfeito estado,Não existe,Não há placas,60.0,Única,Faixa seccionada,COM VÍTIMA,2022,6,8,2,
2022-06-08,,Não informado,FINALIZADA,BOA VIAGEM,AV BOA VIAGEM,Não informado,EM FRENTE AO EDIFICIO MANTO SAGRADO. EDF NOSSA SENHORA DE COPACABANA (914),BOA VIAGEM,CIDADE,COLISÃO TRASEIRA,Não informado,1.0,1.0,0.0,0.0,0.0,0.0,0.0,0.0,0.0,1.0,0.0,Longo da via,Bom,Sem defeito,Perfeito estado,Seca,Perfeito estado,Faixa de pedestre,Não há placas,60.0,Única,Não informado,COM VÍTIMA,2022,6,8,2,
2022-06-08,,Não informado,FINALIZADA,SÃO JOSÉ,AV DANTAS BARRETO,Não informado,EM FRENTE AO ANTIGO SANTADER. PRÓXIMO AO CAMELÓDROMO.,SÃO JOSÉ,SUBURBIO,ATROPELAMENTO DE PESSOA,Não informado,0.0,0.0,0.0,0.0,1.0,1.0,0.0,0.0,0.0,1.0,0.0,Longo da via,Bom,Não existe,Perfeito estado,Seca,Perfeito estado,Não existe,Outras,60.0,Dupla,Faixa contínua,COM VÍTIMA,2022,6,8,2,
2022-06-08,,Não informado,FINALIZADA,GRAÇAS,RUA ALBERTO PAIVA,AV RUI BARBOSA,MUSEU DO ESTADO DE PERNAMBUCO,GRAÇAS,SUBURBIO,COLISÃO TRASEIRA,Não informado,1.0,1.0,0.0,0.0,0.0,0.0,0.0,0.0,0.0,1.0,0.0,Longo da via,Bom,Não existe,Perfeito estado,Seca,Perfeito estado,Não existe,R-6a,60.0,Única,Faixa seccionada,COM VÍTIMA,2022,6,8,2,
2022-06-09,,Não informado,FINALIZADA,SÍTIO DOS PINTOS,EST DOS PINTOS,Não informado,PANIFICADORA NOVA OPÇÃO. EM FRENTE À IGREJA DEUS É AMOR.,SÍTIO DOS PINTOS,DOIS IRMÃOS,COLISÃO FRONTAL,Não informado,0.0,1.0,0.0,0.0,0.0,1.0,0.0,0.0,0.0,1.0,0.0,Longo da via,Nublado,Não existe,Incompleta,Seca,Perfeito estado,Não existe,Outras,60.0,Dupla,Não existe,COM VÍTIMA,2022,6,9,3,
2022-06-09,,Não informado,FINALIZADA,TEJIPIÓ,AV DR JOSE RUFINO,Não informado,EM FRENTE À ESTAÇÃO DO METRÔ DE TEJIPIÓ,TEJIPIÓ,SUBURBIO,COLISÃO TRANSVERSAL,Não informado,1.0,1.0,0.0,0.0,0.0,0.0,0.0,0.0,0.0,1.0,0.0,Longo da via,Bom,Sem defeito,Incompleta,Seca,Perfeito estado,Faixa de pedestre,Não informado,60.0,Não informado,Faixa contínua,COM VÍTIMA,2022,6,9,3,
2022-06-09,,Não informado,CANCELADA,CORDEIRO,AV CAXANGA,Não informado,MOTO ATROPELOU UM ADOLESCENTE  NA FRENTE DA ESPOSIÇÃO DO CORDEIRO,CORDEIRO,SUBURBIO,ATROPELAMENTO DE PESSOA,Não informado,0.0,1.0,0.0,0.0,1.0,0.0,0.0,0.0,0.0,1.0,0.0,Não informado,Não informado,Não informado,Não informado,Não informado,Não informado,Não informado,Não informado,60.0,Não informado,Não informado,COM VÍTIMA,2022,6,9,3,
2022-06-09,,Não informado,CANCELADA,PINA,AV ENGENHEIRO DOMINGOS FERREIRA,Não informado,"E/F A CASA PRONTA, COLISAO ENTRE AUTO E ONIBUS E CICLISTA  COM UMA VITINMA ,  -  PGQ 7710 ONIBUS DA BORBOREMA / PCI 2794 ETIOS",PINA,SUBURBIO,COLISÃO FRONTAL,Não informado,1.0,0.0,0.0,1.0,0.0,1.0,0.0,0.0,0.0,1.0,0.0,Não informado,Não informado,Não informado,Não informado,Não informado,Não informado,Não informado,Não informado,60.0,Não informado,Não informado,COM VÍTIMA,2022,6,9,3,
2022-06-09,,Não informado,FINALIZADA,CAXANGÁ,RUA RIBEIRO PESSOA,Não informado,PROX A UPA DA CAXANGA. CONDOMÍNIO FICOS BENJAMIN,CAXANGÁ,SUBURBIO,COLISÃO TRANSVERSAL,Não informado,1.0,1.0,0.0,0.0,0.0,0.0,0.0,0.0,0.0,1.0,0.0,Longo da via,Bom,Não existe,Perfeito estado,Seca,Perfeito estado,Não informado,Não informado,60.0,Dupla,Faixa seccionada,COM VÍTIMA,2022,6,9,3,
2022-06-09,,Não informado,FINALIZADA,ESTÂNCIA,AV DR JOSE RUFINO,Não informado,LADO OPOSTO A HONDA SENTIDO JABOATÃO. EREM JOSÉ MARIANO,ESTÂNCIA,SUBURBIO,ATROPELAMENTO DE PESSOA,Não informado,1.0,0.0,0.0,0.0,1.0,0.0,0.0,0.0,0.0,1.0,0.0,Longo da via,Bom,Sem defeito,Perfeito estado,Seca,Perfeito estado,Faixa de pedestre,Outras,50.0,Dupla,Faixa contínua,COM VÍTIMA,2022,6,9,3,
2022-06-10,,Não informado,FINALIZADA,BOA VIAGEM,AV BOA VIAGEM,Não informado,EM FRENTE AO EDFÍCIO TRANSATLANTICO,BOA VIAGEM,CIDADE,COLISÃO LATERAL,Não informado,5.0,0.0,0.0,0.0,0.0,0.0,0.0,0.0,0.0,1.0,0.0,Longo da via,Bom,Não existe,Perfeito estado,Seca,Perfeito estado,Não existe,Não há placas,60.0,Única,Faixa seccionada,COM VÍTIMA,2022,6,10,4,
2022-06-10,,Não informado,FINALIZADA,BOA VIAGEM,RUA FRANCISCO DA CUNHA,RUA PROFESSOR JOSE BRANDAO,PROX AO COLEGIO CBV,BOA VIAGEM,Não informado,COLISÃO LATERAL,Não informado,2.0,0.0,0.0,0.0,1.0,0.0,0.0,0.0,0.0,0.0,0.0,Não informado,Não informado,Não informado,Não informado,Não informado,Não informado,Não informado,Não informado,60.0,Não informado,Não informado,SEM VÍTIMA,2022,6,10,4,
2022-06-10,,Não informado,FINALIZADA,SANTO AMARO,AV GOVERNADOR AGAMENON MAGALHAES,Não informado,NA DESCIDA DO VIADUTO DA JOAO DE BARROS. EM FRENTE À UPE,SANTO AMARO,SUBURBIO,COLISÃO LATERAL,Não informado,1.0,1.0,0.0,0.0,0.0,0.0,0.0,0.0,0.0,1.0,0.0,Viaduto,Bom,Não existe,Não existente,Seca,Perfeito estado,Não existe,Outras,60.0,Dupla,Canteiro central,COM VÍTIMA,2022,6,10,4,
2022-06-10,,Não informado,FINALIZADA,CAMPO GRANDE,AV GOVERNADOR AGAMENON MAGALHAES,RUA ODORICO MENDES,Não informado,CAMPO GRANDE,CIDADE,COLISÃO TRANSVERSAL,Não informado,2.0,0.0,0.0,1.0,0.0,0.0,0.0,0.0,0.0,2.0,0.0,Cruzamento,Bom,Com defeito,Perfeito estado,Seca,Perfeito estado,Outros,Outras,60.0,Dupla,Faixa contínua,COM VÍTIMA,2022,6,10,4,
2022-06-10,,Não informado,FINALIZADA,SANTO AMARO,RUA DOS PALMARES,RUA ARNOBIO MARQUES,AO LADO DO HOSPITAL DO PROCAPE,SANTO AMARO,SUBURBIO,COLISÃO TRANSVERSAL,Não informado,1.0,1.0,0.0,0.0,0.0,0.0,0.0,0.0,0.0,1.0,0.0,Cruzamento,Bom,Não existe,Perfeito estado,Seca,Perfeito estado,Não existe,Não há placas,60.0,Única,Faixa seccionada,COM VÍTIMA,2022,6,10,4,
2022-06-10,,Não informado,FINALIZADA,SANTO AMARO,RUA DA AURORA,Não informado,EM FRENTE COLEGIO GINASIO PERNAMBUCANO,SANTO AMARO,SUBURBIO,COLISÃO TRASEIRA,Não informado,2.0,0.0,0.0,0.0,0.0,2.0,0.0,0.0,0.0,3.0,0.0,Longo da via,Bom,Sem defeito,Perfeito estado,Seca,Perfeito estado,Não existe,R-6a,60.0,Única,Canteiro central,COM VÍTIMA,2022,6,10,4,
2022-06-10,,Não informado,FINALIZADA,BOA VIAGEM,RUA DOS NAVEGANTES,RUA CORONEL BENEDITO CHAVES,POR TRÁS DO CASTELINHO,BOA VIAGEM,SUBURBIO,COLISÃO TRANSVERSAL,Não informado,1.0,1.0,0.0,0.0,0.0,0.0,0.0,0.0,0.0,2.0,0.0,Cruzamento,Bom,Sem defeito,Perfeito estado,Seca,Perfeito estado,Não informado,"Placas ""Pare""",60.0,Única,Não existe,COM VÍTIMA,2022,6,10,4,
2022-06-10,,Não informado,FINALIZADA,CASA AMARELA,AV NORTE MIGUEL ARRAES DE ALENCAR,Não informado,EM FRENTE AO SESC,CASA AMARELA,SUBURBIO,COLISÃO TRANSVERSAL,Não informado,1.0,1.0,0.0,0.0,0.0,0.0,0.0,0.0,0.0,1.0,0.0,Longo da via,Bom,Sem defeito,Perfeito estado,Seca,Perfeito estado,Faixa de pedestre,"Placas ""Pare""",60.0,Dupla,Canteiro central,COM VÍTIMA,2022,6,10,4,
2022-06-10,,Não informado,FINALIZADA,JORDÃO,AV MARIA IRENE,RUA ANTONIO ROCHA,EM FRENTE AO MARTELINO DE OURO,JORDÃO,SUBURBIO,COLISÃO FRONTAL,Não informado,1.0,1.0,0.0,0.0,0.0,0.0,0.0,0.0,0.0,1.0,0.0,Esquina,Bom,Não existe,Não existente,Molhada,Mal conservada,Não informado,Não há placas,30.0,Dupla,Faixa contínua,COM VÍTIMA,2022,6,10,4,
2022-06-11,,Não informado,FINALIZADA,IMBIRIBEIRA,AV MARECHAL MASCARENHAS DE MORAES,Não informado,JUSTIÇA DO TRABALHO. SOB VIADUTO TANCREDO NEVES,IMBIRIBEIRA,CIDADE,ATROPELAMENTO DE PESSOA,Não informado,0.0,0.0,0.0,0.0,1.0,1.0,0.0,0.0,0.0,1.0,0.0,Longo da via,Chuvoso,Não existe,Não informado,Molhada,Não informado,Não existe,Não há placas,60.0,Única,Faixa seccionada,COM VÍTIMA,2022,6,11,5,
2022-06-11,,Não informado,FINALIZADA,ALTO SANTA TERESINHA,RUA TAMBOARA,Não informado,PERTO DA ANTENA DA TIM,ALTO SANTA TERESINHA,Não informado,COLISÃO TRASEIRA,Não informado,1.0,1.0,0.0,0.0,0.0,0.0,0.0,0.0,0.0,0.0,0.0,Longo da via,Chuvoso,Não existe,Não existente,Molhada,Perfeito estado,Não existe,Não há placas,60.0,Dupla,Não informado,SEM VÍTIMA,2022,6,11,5,
2022-06-11,,Não informado,FINALIZADA,HIPÓDROMO,RUA MADRE ROSA GATTORNO,Não informado,PROXIMO Á PRAÇA DO HIPÓDROMO,HIPÓDROMO,Não informado,COLISÃO LATERAL,Não informado,1.0,1.0,0.0,0.0,0.0,0.0,0.0,0.0,0.0,1.0,0.0,Não informado,Não informado,Não informado,Não informado,Não informado,Não informado,Não informado,Não informado,60.0,Não informado,Não informado,COM VÍTIMA,2022,6,11,5,
2022-06-11,,Não informado,FINALIZADA,MUSTARDINHA,AV MANOEL GONCALVES DA LUZ,Não informado,PROXIMO AO ARMAZEM POPULAR,MUSTARDINHA,SUBURBIO,COLISÃO LATERAL,Não informado,1.0,1.0,0.0,0.0,0.0,0.0,0.0,0.0,0.0,1.0,0.0,Longo da via,Chuvoso,Não existe,Incompleta,Molhada,Mal conservada,Não existe,R-6a,60.0,Dupla,Faixa seccionada,COM VÍTIMA,2022,6,11,5,
2022-06-11,,Não informado,FINALIZADA,JAQUEIRA,RUA PADRE ROMA,RUA DO FUTURO,ANTES DO HOSPITAL ALBERT SABIN NO SEMAFORO 223,JAQUEIRA,SUBURBIO,COLISÃO COM CICLISTA,Não informado,0.0,0.0,0.0,1.0,0.0,1.0,0.0,0.0,0.0,1.0,0.0,Longo da via,Chuvoso,Sem defeito,Perfeito estado,Molhada,Perfeito estado,Faixa de retenção,R-4b,60.0,Dupla,Canteiro central,COM VÍTIMA,2022,6,11,5,
2022-06-11,,Não informado,FINALIZADA,AFOGADOS,EST DOS REMEDIOS,Não informado,EM FRENTE AO RACE RODAS,AFOGADOS,Não informado,COLISÃO TRASEIRA,Não informado,2.0,0.0,0.0,0.0,0.0,0.0,0.0,0.0,0.0,1.0,0.0,Não informado,Não informado,Não informado,Não informado,Não informado,Não informado,Não informado,Não informado,60.0,Não informado,Não informado,COM VÍTIMA,2022,6,11,5,
2022-06-12,,Não informado,FINALIZADA,SANTO AMARO,AV DR JAYME DA FONTE,RUA MARIO ALBUQUERQUE CAVALCANTI,RUA DA COMPESA,SANTO AMARO,SUBURBIO,ATROPELAMENTO DE PESSOA,Não informado,1.0,0.0,0.0,0.0,1.0,0.0,0.0,0.0,0.0,1.0,0.0,Longo da via,Bom,Não existe,Perfeito estado,Seca,Perfeito estado,Não existe,Não há placas,60.0,Dupla,Faixa seccionada,COM VÍTIMA,2022,6,12,6,
2022-06-12,,Não informado,FINALIZADA,PINA,RUA ARTUR MUNIZ,Não informado,EM FRENTE A NAU FRUTOS DO MAR,PINA,CIDADE,CHOQUE,Não informado,1.0,1.0,0.0,0.0,0.0,0.0,0.0,0.0,0.0,1.0,0.0,Longo da via,Bom,Não existe,Não existente,Seca,Perfeito estado,Não existe,Não há placas,30.0,Dupla,Não existe,COM VÍTIMA,2022,6,12,6,
2022-06-12,,Não informado,FINALIZADA,MADALENA,RUA REAL DA TORRE,RUA DR ARTUR GONCALVES,EM FRENTE AO MERCADO DA MADALENA,MADALENA,CIDADE,COLISÃO TRANSVERSAL,Não informado,2.0,0.0,0.0,0.0,0.0,0.0,0.0,0.0,0.0,1.0,0.0,Longo da via,Bom,Não existe,Perfeito estado,Seca,Perfeito estado,Não existe,R-6a,60.0,Única,Faixa seccionada,COM VÍTIMA,2022,6,12,6,
2022-06-12,,Não informado,FINALIZADA,IMBIRIBEIRA,AV MARECHAL MASCARENHAS DE MORAES,Não informado,EM FRENTE A D MAGAZINE,IMBIRIBEIRA,CIDADE,COLISÃO LATERAL,Não informado,2.0,0.0,0.0,0.0,0.0,0.0,0.0,0.0,0.0,1.0,0.0,Cruzamento,Bom,Sem defeito,Perfeito estado,Seca,Perfeito estado,Faixa de pedestre,Não há placas,60.0,Dupla,Canteiro central,COM VÍTIMA,2022,6,12,6,
2022-06-12,,Não informado,FINALIZADA,TOTÓ,AV LIBERDADE,Não informado,PRESIDIO ANIBAL BRUNO,TOTÓ,CIDADE,ATROPELAMENTO DE PESSOA,Não informado,1.0,0.0,0.0,0.0,1.0,0.0,0.0,0.0,0.0,1.0,0.0,Não informado,Não informado,Não informado,Não informado,Não informado,Não informado,Não informado,Não informado,60.0,Não informado,Não informado,COM VÍTIMA,2022,6,12,6,
2022-06-12,,Não informado,FINALIZADA,BOMBA DO HEMETÉRIO,RUA ARLINDO CISNEIRO,Não informado,ACADEMIA CIA DO CORPO,BOMBA DO HEMETÉRIO,SUBURBIO,ATROPELAMENTO DE PESSOA,Não informado,1.0,0.0,0.0,0.0,2.0,0.0,0.0,0.0,0.0,2.0,0.0,Rotatória,Bom,Não existe,Incompleta,Seca,Perfeito estado,Não existe,Não há placas,60.0,Dupla,Não existe,COM VÍTIMA,2022,6,12,6,
2022-06-12,,Não informado,FINALIZADA,CORDEIRO,EST DO FORTE DO ARRAIAL N. DO B. JESUS,RUA DR MIGUEL VIEIRA FERREIRA,SEMAFARO 249,CORDEIRO,SUBURBIO,COLISÃO FRONTAL,Não informado,1.0,1.0,0.0,0.0,0.0,0.0,0.0,0.0,0.0,1.0,0.0,Cruzamento,Bom,Sem defeito,Perfeito estado,Seca,Perfeito estado,Faixa de pedestre,Não há placas,30.0,Dupla,Faixa contínua,COM VÍTIMA,2022,6,12,6,
2022-06-13,,Não informado,FINALIZADA,SANTO AMARO,AV GOVERNADOR AGAMENON MAGALHAES,Não informado,"PRÓXIMO AO SHOPPING TACARUNA, PISTA LOCAL",SANTO AMARO,SUBURBIO,CHOQUE,Não informado,0.0,0.0,0.0,0.0,0.0,0.0,0.0,1.0,0.0,0.0,0.0,Longo da via,Bom,Não existe,Não existente,Seca,Perfeito estado,Não existe,Não há placas,30.0,Única,Não informado,SEM VÍTIMA,2022,6,13,0,
2022-06-13,,Não informado,FINALIZADA,AFOGADOS,RUA DORMENTOS,RUA IMPERIAL,PROX. AO DEPOSITO SUPERGAS,AFOGADOS,Não informado,COLISÃO TRASEIRA,Não informado,2.0,0.0,0.0,0.0,0.0,0.0,0.0,0.0,0.0,0.0,0.0,Longo da via,Bom,Não existe,Perfeito estado,Seca,Perfeito estado,Não existe,Não há placas,60.0,Única,Faixa seccionada,SEM VÍTIMA,2022,6,13,0,
2022-06-13,,Não informado,FINALIZADA,PINA,AVENIDA CELSO FURTADO (VIA MANGUE),Não informado,NA PONTE DE ACESSO AO BIGBOMPREÇO. PRÓXIMO AO VIADUTO DOM JOÃO VI.,PINA,SUBURBIO,COLISÃO TRASEIRA,Não informado,0.0,2.0,0.0,0.0,0.0,0.0,0.0,0.0,0.0,2.0,0.0,Viaduto,Bom,Não existe,Perfeito estado,Seca,Perfeito estado,Não existe,Não há placas,60.0,Única,Faixa seccionada,COM VÍTIMA,2022,6,13,0,
2022-06-13,,Não informado,FINALIZADA,BOA VIAGEM,RUA PROFESSOR JOAO MEDEIROS,RUA ERNESTO DE PAULA SANTOS,PROX A DROGASIL,BOA VIAGEM,Não informado,COLISÃO LATERAL,Não informado,1.0,0.0,0.0,0.0,0.0,0.0,1.0,0.0,0.0,0.0,0.0,Esquina,Bom,Sem defeito,Perfeito estado,Seca,Perfeito estado,Faixa de pedestre,Não informado,60.0,Única,Faixa seccionada,SEM VÍTIMA,2022,6,13,0,
2022-06-13,,Não informado,FINALIZADA,BOA VIAGEM,RUA CONEGO ROMEU,Não informado,EM FRENTE AO ARMAZEM ECOSEL,BOA VIAGEM,Não informado,COLISÃO TRANSVERSAL,Não informado,1.0,0.0,0.0,0.0,0.0,0.0,0.0,1.0,0.0,0.0,0.0,Longo da via,Bom,Não existe,Incompleta,Seca,Mal iluminada,Não existe,Não há placas,40.0,Dupla,Faixa contínua,SEM VÍTIMA,2022,6,13,0,
2022-06-13,,Não informado,FINALIZADA,CAMPO GRANDE,1TR MARQUES DE BAIPENDI,Não informado,ATRAS DO CAMPO DO SANTA CRUZ,CAMPO GRANDE,SUBURBIO,COLISÃO LATERAL,Não informado,1.0,0.0,0.0,0.0,0.0,0.0,0.0,1.0,0.0,0.0,0.0,Cruzamento,Bom,Sem defeito,Perfeito estado,Seca,Perfeito estado,Faixa de pedestre,Não há placas,60.0,Dupla,Faixa contínua,SEM VÍTIMA,2022,6,13,0,
2022-06-13,,Não informado,CANCELADA,IPSEP,AV RAIMUNDO DINIZ,AV RECIFE,PROXIMIDADES DO SEMÁFORO Nº 247,IPSEP,SUBURBIO,COLISÃO TRASEIRA,Não informado,0.0,0.0,0.0,0.0,0.0,0.0,0.0,0.0,0.0,1.0,0.0,Não informado,Não informado,Não informado,Não informado,Não informado,Não informado,Não informado,Não informado,60.0,Não informado,Não informado,COM VÍTIMA,2022,6,13,0,
2022-06-14,,Não informado,FINALIZADA,BONGI,AV ENGENHEIRO ABDIAS DE CARVALHO,RUA CARLOS GOMES,EM FRENTE À BIG CAR,BONGI,CIDADE,COLISÃO COM CICLISTA,Não informado,0.0,1.0,0.0,1.0,0.0,0.0,0.0,0.0,0.0,1.0,0.0,Cruzamento,Bom,Sem defeito,Perfeito estado,Seca,Perfeito estado,Não existe,Não há placas,30.0,Única,Não existe,COM VÍTIMA,2022,6,14,1,
2022-06-14,,Não informado,FINALIZADA,IBURA,AV DOIS RIOS,Não informado,EM FRENTE À IGREJA UNIVERSAL,IBURA,SUBURBIO,COLISÃO LATERAL,Não informado,0.0,1.0,0.0,0.0,0.0,0.0,1.0,0.0,0.0,1.0,0.0,Longo da via,Bom,Sem defeito,Ilegível,Seca,Mal conservada,Não informado,Não informado,60.0,Dupla,Não existe,COM VÍTIMA,2022,6,14,1,
2022-06-14,,Não informado,FINALIZADA,JARDIM SÃO PAULO,AV SAO PAULO,Não informado,EM FRENTE A FARMACIA PAGUE MENOS,JARDIM SÃO PAULO,CIDADE,COLISÃO LATERAL,Não informado,1.0,1.0,0.0,0.0,0.0,0.0,0.0,0.0,0.0,1.0,0.0,Longo da via,Bom,Não existe,Incompleta,Seca,Perfeito estado,Não existe,Não há placas,60.0,Dupla,Não existe,COM VÍTIMA,2022,6,14,1,
2022-06-14,,Não informado,FINALIZADA,IPUTINGA,AV CAXANGA,EST DO BARBALHO,EM FRENTE AO BIGBOMPREÇO,IPUTINGA,SUBURBIO,COLISÃO TRANSVERSAL,Não informado,0.0,2.0,0.0,0.0,0.0,0.0,0.0,0.0,0.0,3.0,0.0,Cruzamento,Bom,Sem defeito,Perfeito estado,Seca,Perfeito estado,Agente,Não há placas,60.0,Única,Canteiro central,COM VÍTIMA,2022,6,14,1,
2022-06-14,,Não informado,FINALIZADA,CORDEIRO,AV GENERAL SAN MARTIN,RUA GOMES TABORDA,AO LADO DO MERCADINHO IDEAL,CORDEIRO,Não informado,COLISÃO TRASEIRA,Não informado,1.0,0.0,0.0,0.0,0.0,0.0,1.0,0.0,0.0,0.0,0.0,Cruzamento,Bom,Sem defeito,Ilegível,Seca,Mal conservada,Faixa de pedestre,Não há placas,60.0,Dupla,Não existe,SEM VÍTIMA,2022,6,14,1,
2022-06-14,,Não informado,FINALIZADA,CORDEIRO,AV GENERAL SAN MARTIN,Não informado,EM FRENTE AO CENTRO DE DISTRIBUIÇÃO DOS CORREIOS.,CORDEIRO,CORDEIRO,COLISÃO TRASEIRA,Não informado,0.0,2.0,0.0,0.0,0.0,0.0,0.0,0.0,0.0,1.0,0.0,Longo da via,Bom,Não existe,Perfeito estado,Seca,Perfeito estado,Não existe,Não há placas,40.0,Dupla,Faixa contínua,COM VÍTIMA,2022,6,14,1,
2022-06-14,,Não informado,FINALIZADA,CAMPO GRANDE,RUA PROFESSOR FRANCISCO DA TRINDADE,RUA SAO CAETANO,DUAS RUAS POR TRAS DO CLUBE DAS PAZ,CAMPO GRANDE,SUBURBIO,COLISÃO TRANSVERSAL,Não informado,2.0,0.0,0.0,0.0,0.0,0.0,0.0,0.0,0.0,1.0,0.0,Não informado,Bom,Não existe,Não existente,Seca,Perfeito estado,Não existe,Não há placas,60.0,Dupla,Não existe,COM VÍTIMA,2022,6,14,1,
2022-06-14,,Não informado,FINALIZADA,CORDEIRO,AV CAXANGA,Não informado,CANAL DO CAVOUCO,CORDEIRO,SUBURBIO,COLISÃO TRASEIRA,Não informado,1.0,1.0,0.0,0.0,0.0,0.0,0.0,0.0,0.0,2.0,0.0,Longo da via,Bom,Não existe,Perfeito estado,Seca,Perfeito estado,Não existe,Não há placas,60.0,Dupla,Canteiro central,COM VÍTIMA,2022,6,14,1,
2022-06-14,,Não informado,FINALIZADA,MANGUEIRA,RUA DR JOAO ELISIO,RUA HORIZONTINA,EM FRENTE A PADARIA SANTO ANTONIO,MANGUEIRA,SUBURBIO,COLISÃO TRANSVERSAL,Não informado,0.0,2.0,0.0,0.0,0.0,0.0,0.0,0.0,0.0,2.0,0.0,Longo da via,Bom,Não existe,Ilegível,Seca,Mal conservada,Não existe,Não há placas,60.0,Dupla,Não existe,COM VÍTIMA,2022,6,14,1,
2022-06-15,,Não informado,FINALIZADA,BEBERIBE,AV BEBERIBE,Não informado,EM FRENTE AO REI DO ARRUMADINHO,BEBERIBE,CIDADE,COLISÃO LATERAL,Não informado,0.0,2.0,0.0,0.0,0.0,0.0,0.0,0.0,0.0,3.0,0.0,Longo da via,Bom,Não existe,Perfeito estado,Seca,Perfeito estado,Outros,Não há placas,60.0,Dupla,Faixa contínua,COM VÍTIMA,2022,6,15,2,
2022-06-15,,Não informado,FINALIZADA,BOA VIAGEM,AV ENGENHEIRO DOMINGOS FERREIRA,RUA CORONEL BENEDITO CHAVES,EM FRENTE AO DRIVE THRU DA MC DONALDS,BOA VIAGEM,SUBURBIO,COLISÃO TRASEIRA,Não informado,1.0,1.0,0.0,0.0,0.0,0.0,0.0,0.0,0.0,1.0,0.0,Cruzamento,Bom,Sem defeito,Perfeito estado,Seca,Perfeito estado,Faixa de pedestre,Outras,60.0,Única,Faixa contínua,COM VÍTIMA,2022,6,15,2,