data,hora,natureza_acidente,situacao,bairro,endereco,detalhe_endereco_acidente,complemento,bairro_cruzamento,sentido_via,tipo,descricao,auto,moto,ciclom,ciclista,pedestre,onibus,caminhao,viatura,outros,vitimas,vitimasfatais,acidente_verificado,tempo_clima,situacao_semaforo,sinalizacao,condicao_via,conservacao_via,ponto_controle,situacao_placa,velocidade_max_via,mao_direcao,divisao_via1,natureza,ano,mes,dia,dia_semana,hora_ocorrencia
2022-06-15,,Não informado,FINALIZADA,MADALENA,AV CAXANGA,RUA JOAO IVO DA SILVA,PROX AO MUSEU DA ABOLIÇÃO. BANCO BRADESCO,MADALENA,CIDADE,COLISÃO TRANSVERSAL,Não informado,0.0,2.0,0.0,0.0,0.0,0.0,0.0,0.0,0.0,2.0,0.0,Cruzamento,Bom,Sem defeito,Perfeito estado,Seca,Perfeito estado,Outros,Não há placas,60.0,Única,Faixa contínua,COM VÍTIMA,2022,6,15,2,
2022-06-15,,Não informado,FINALIZADA,CORDEIRO,RUA OCIDENTAL,RUA XAVIER DE BRITO,PROX AO CANAL DO CAVOCO,CORDEIRO,Não informado,COLISÃO LATERAL,Não informado,1.0,1.0,0.0,0.0,0.0,0.0,0.0,0.0,0.0,0.0,0.0,Cruzamento,Bom,Não existe,Não existente,Seca,Perfeito estado,Não existe,Não há placas,30.0,Única,Canteiro central,SEM VÍTIMA,2022,6,15,2,
2022-06-15,,Não informado,FINALIZADA,DERBY,PRC DO DERBY,Não informado,PRAÇA DO DERBY - ESTAÇÃO DO BRT,DERBY,SUBURBIO,COLISÃO LATERAL,Não informado,0.0,0.0,0.0,0.0,0.0,1.0,0.0,1.0,0.0,0.0,0.0,Longo da via,Bom,Não existe,Perfeito estado,Seca,Perfeito estado,Não existe,Não há placas,50.0,Dupla,Canteiro central,SEM VÍTIMA,2022,6,15,2,
2022-06-15,,Não informado,FINALIZADA,TORRE,RUA PROFESSOR TRAJANO DE MENDONCA,Não informado,EM FRENTE AO POSTO SHEL DA REAL TORRE,TORRE,CIDADE,COLISÃO LATERAL,Não informado,2.0,1.0,0.0,0.0,0.0,0.0,0.0,0.0,0.0,1.0,0.0,Longo da via,Bom,Não existe,Perfeito estado,Seca,Perfeito estado,Não existe,R-6a,60.0,Única,Faixa seccionada,COM VÍTIMA,2022,6,15,2,
2022-06-15,,Não informado,FINALIZADA,SANTO AMARO,RUA FRANCISCO JACINTO,Não informado,"AO LADO DA IGREJA BATISTA CENTRAL, PRÓXIMO À DELEGACIA DE POLICIA CIVIL",SANTO AMARO,CIDADE,COLISÃO TRANSVERSAL,Não informado,1.0,1.0,0.0,0.0,0.0,0.0,0.0,0.0,0.0,1.0,0.0,Longo da via,Bom,Não existe,Não existente,Seca,Perfeito estado,Não existe,Não há placas,60.0,Dupla,Não existe,COM VÍTIMA,2022,6,15,2,
2022-06-15,,Não informado,FINALIZADA,IMBIRIBEIRA,AV PRESIDENTE DUTRA,Não informado,NA FRENTE DO SAL E BRASA,IMBIRIBEIRA,Não informado,COLISÃO TRASEIRA,Não informado,2.0,0.0,0.0,0.0,0.0,0.0,0.0,1.0,0.0,0.0,0.0,Não informado,Não informado,Não informado,Não informado,Não informado,Não informado,Não informado,Não informado,60.0,Não informado,Não informado,SEM VÍTIMA,2022,6,15,2,
2022-06-15,,Não informado,FINALIZADA,SAN MARTIN,AV GENERAL SAN MARTIN,Não informado,EM FRENTE A CLINICA AMOR DE BICHO. FERRO VELHO REI DA SUCATA.,SAN MARTIN,SUL,COLISÃO COM CICLISTA,Não informado,1.0,0.0,0.0,1.0,0.0,0.0,0.0,0.0,0.0,1.0,0.0,Longo da via,Bom,Não existe,Perfeito estado,Seca,Perfeito estado,Não existe,Não há placas,40.0,Dupla,Faixa seccionada,COM VÍTIMA,2022,6,15,2,
2022-06-15,,Não informado,FINALIZADA,GRAÇAS,AV RUI BARBOSA,Não informado,AO LADO DO MURO DO  COLEGIO AGNES,GRAÇAS,Não informado,COLISÃO TRASEIRA,Não informado,1.0,1.0,0.0,0.0,0.0,0.0,0.0,0.0,0.0,1.0,0.0,Não informado,Não informado,Não informado,Não informado,Não informado,Não informado,Não informado,Não informado,60.0,Não informado,Não informado,COM VÍTIMA,2022,6,15,2,
2022-06-15,,Não informado,FINALIZADA,BOA VIAGEM,RUA RIBEIRO DE BRITO,Não informado,VIADUTO TANCREDO NEVES,BOA VIAGEM,SUBURBIO,ATROPELAMENTO DE ANIMAL,Não informado,0.0,1.0,0.0,0.0,0.0,0.0,0.0,0.0,0.0,1.0,0.0,Longo da via,Bom,Não existe,Perfeito estado,Seca,Perfeito estado,Agente,Não há placas,60.0,Única,Faixa seccionada,COM VÍTIMA,2022,6,15,2,
2022-06-15,,Não informado,FINALIZADA,CAMPINA DO BARRETO,AV POETA VINICIUS DE MORAIS,RUA NOVA ESPERANCA,EM FRENTE  A PONTE DE CAMPINA DO BARRETO SENTIDO  PARA PEIXINHOS,CAMPINA DO BARRETO,Não informado,COLISÃO TRASEIRA,Não informado,0.0,0.0,0.0,0.0,0.0,0.0,0.0,2.0,0.0,0.0,0.0,Longo da via,Bom,Não existe,Perfeito estado,Seca,Perfeito estado,Não existe,Não há placas,60.0,Dupla,Faixa seccionada,SEM VÍTIMA,2022,6,15,2,
2022-06-15,,Não informado,FINALIZADA,CAMPO GRANDE,RUA ODORICO MENDES,Não informado,NA ENTRADA DA CEPLANC,CAMPO GRANDE,Não informado,COLISÃO LATERAL,Não informado,1.0,0.0,0.0,0.0,0.0,0.0,0.0,1.0,0.0,0.0,0.0,Não informado,Não informado,Não informado,Não informado,Não informado,Não informado,Não informado,Não informado,60.0,Não informado,Não informado,SEM VÍTIMA,2022,6,15,2,
2022-06-16,,Não informado,FINALIZADA,BOA VIAGEM,AV ENGENHEIRO DOMINGOS FERREIRA,RUA PADRE BERNADINO PESSOA,"PRÓXIMO AO CARREFOUR. EM FRENTE À PAMESA DO BRASIL, Nº 2800",BOA VIAGEM,SUBURBIO,COLISÃO TRANSVERSAL,Não informado,2.0,0.0,0.0,0.0,0.0,0.0,0.0,0.0,0.0,3.0,0.0,Cruzamento,Chuvoso,Sem defeito,Perfeito estado,Molhada,Perfeito estado,Faixa de pedestre,Não há placas,60.0,Única,Canteiro central,COM VÍTIMA,2022,6,16,3,
2022-06-16,,Não informado,FINALIZADA,SANTO AMARO,AV NORTE MIGUEL ARRAES DE ALENCAR,RUA SAO SEBASTIAO,ANTES DA SUBIDA DO VIADUTO. LADO OPOSTO AO CENTRO DA JUVENTUDE DE SANTO AMARO.,SANTO AMARO,SUBURBIO,ATROPELAMENTO DE PESSOA,Não informado,0.0,1.0,0.0,0.0,1.0,0.0,0.0,0.0,0.0,1.0,0.0,Longo da via,Bom,Sem defeito,Perfeito estado,Seca,Perfeito estado,Faixa de pedestre,Não há placas,60.0,Dupla,Canteiro central,COM VÍTIMA,2022,6,16,3,
2022-06-16,,Não informado,FINALIZADA,ENCRUZILHADA,AV NORTE MIGUEL ARRAES DE ALENCAR,Não informado,PROX AO REI DA PICANHA,ENCRUZILHADA,Não informado,COLISÃO TRASEIRA,Não informado,1.0,1.0,0.0,0.0,0.0,0.0,0.0,0.0,0.0,1.0,0.0,Longo da via,Chuvoso,Não existe,Incompleta,Seca,Perfeito estado,Não existe,Não há placas,60.0,Dupla,Blocos,COM VÍTIMA,2022,6,16,3,
2022-06-16,,Não informado,FINALIZADA,DERBY,AV GOVERNADOR CARLOS DE LIMA CAVALCANTI,AV GOVERNADOR AGAMENON MAGALHAES,AO LADO DA MC DONALD,DERBY,CIDADE,ATROPELAMENTO DE PESSOA,Não informado,0.0,0.0,0.0,0.0,1.0,1.0,0.0,0.0,0.0,1.0,0.0,Cruzamento,Bom,Sem defeito,Perfeito estado,Seca,Perfeito estado,Faixa de pedestre,R-25d,60.0,Única,Canteiro central,COM VÍTIMA,2022,6,16,3,
2022-06-17,,Não informado,FINALIZADA,JARDIM SÃO PAULO,RUA LORENA,Não informado,APOS O VIADULTO DA JARDIM SÃO PAULO,JARDIM SÃO PAULO,Não informado,COLISÃO FRONTAL,Não informado,1.0,1.0,0.0,0.0,0.0,0.0,0.0,0.0,0.0,1.0,0.0,Não informado,Não informado,Não informado,Não informado,Não informado,Não informado,Não informado,Não informado,60.0,Não informado,Não informado,COM VÍTIMA,2022,6,17,4,
2022-06-17,,Não informado,FINALIZADA,ESTÂNCIA,AV DR JOSE RUFINO,RUA BARAO DE BUIQUE,PRÓX. À LANCHONETE LANCHES DA PRAÇA. EM FRENTE A GESSO ART DECORAÇÕES.,ESTÂNCIA,CIDADE,COLISÃO TRANSVERSAL,Não informado,1.0,1.0,0.0,0.0,0.0,0.0,0.0,0.0,0.0,1.0,0.0,Cruzamento,Bom,Não existe,Incompleta,Seca,Mal conservada,Não existe,"Placas ""Pare""",60.0,Dupla,Faixa seccionada,COM VÍTIMA,2022,6,17,4,
2022-06-17,,Não informado,FINALIZADA,BOA VIAGEM,AV MARECHAL JUAREZ TAVORA,RUA BALTAZAR PASSOS,EM FRENTE AO POSTO BR. RUA PROFESSOR AURELIO DE CASTRO CAVALCANTI.,BOA VIAGEM,CIDADE,COLISÃO FRONTAL,Não informado,1.0,1.0,0.0,0.0,0.0,0.0,0.0,0.0,0.0,1.0,0.0,Cruzamento,Bom,Com defeito,Perfeito estado,Seca,Perfeito estado,Faixa de pedestre,R-24a,30.0,Única,Faixa contínua,COM VÍTIMA,2022,6,17,4,
2022-06-17,,Não informado,FINALIZADA,IBURA,AV DOIS RIOS,RUA RIO JURUA,PRÓX. AO POSTO SHELL,IBURA,SUBURBIO,COLISÃO LATERAL,Não informado,0.0,2.0,0.0,0.0,0.0,0.0,0.0,0.0,0.0,1.0,0.0,Cruzamento,Bom,Não existe,Perfeito estado,Seca,Perfeito estado,Não existe,Outras,60.0,Dupla,Faixa contínua,COM VÍTIMA,2022,6,17,4,
2022-06-17,,Não informado,FINALIZADA,SÃO JOSÉ,C SANTA RITA,Não informado,EM FRENTE AO ARMAZÉM 16,SÃO JOSÉ,CIDADE,QUEDA,Não informado,1.0,1.0,0.0,0.0,0.0,0.0,0.0,0.0,0.0,1.0,0.0,Longo da via,Bom,Sem defeito,Perfeito estado,Seca,Perfeito estado,Não existe,Não há placas,60.0,Única,Faixa seccionada,COM VÍTIMA,2022,6,17,4,
2022-06-17,,Não informado,FINALIZADA,SÃO JOSÉ,AV DANTAS BARRETO,RUA DO PEIXOTO,PROX AO TERMINAL DO PROGRESSO. LEOPOLDO BAR.,SÃO JOSÉ,CIDADE,COLISÃO TRANSVERSAL,Não informado,0.0,1.0,0.0,0.0,0.0,1.0,0.0,0.0,0.0,1.0,0.0,Cruzamento,Bom,Sem defeito,Perfeito estado,Seca,Perfeito estado,Faixa de pedestre,Outras,60.0,Dupla,Faixa contínua,COM VÍTIMA,2022,6,17,4,
2022-06-17,,Não informado,FINALIZADA,ÁGUA FRIA,RUA LADEIRA DE PEDRA,Não informado,NO TERMINAL DE ONIBUS ALTO DO PASCOAL,ÁGUA FRIA,SUBURBIO,ATROPELAMENTO DE PESSOA,Não informado,0.0,0.0,0.0,0.0,1.0,1.0,0.0,0.0,0.0,1.0,0.0,Longo da via,Bom,Não existe,Perfeito estado,Seca,Mal conservada,Não existe,Outras,60.0,Dupla,Faixa seccionada,COM VÍTIMA,2022,6,17,4,
2022-06-17,,Não informado,FINALIZADA,ILHA DO LEITE,AV GOVERNADOR AGAMENON MAGALHAES,Não informado,PROX AO EMPRESARIAL ISAAC  NILTON,ILHA DO LEITE,SUBURBIO,QUEDA,Não informado,0.0,1.0,0.0,0.0,0.0,0.0,0.0,0.0,0.0,1.0,0.0,Não informado,Não informado,Não informado,Não informado,Não informado,Não informado,Não informado,Não informado,60.0,Não informado,Não informado,COM VÍTIMA,2022,6,17,4,
2022-06-17,,Não informado,FINALIZADA,BOA VISTA,RUA DO PRINCIPE,RUA GENERAL JOSE SEMEAO,ACIDENTE ENTRE UM AUTO E MOTO,BOA VISTA,CIDADE,COLISÃO LATERAL,Não informado,1.0,1.0,0.0,0.0,0.0,0.0,0.0,0.0,0.0,1.0,0.0,Longo da via,Bom,Não existe,Perfeito estado,Seca,Perfeito estado,Não existe,Outras,60.0,Única,Faixa seccionada,COM VÍTIMA,2022,6,17,4,
2022-06-18,,Não informado,FINALIZADA,MADALENA,RUA LOPES DE CARVALHO,AV VISCONDE DE ALBUQUERQUE,EM FRENTE A MADALENA CENTER,MADALENA,SUBURBIO,COLISÃO TRANSVERSAL,Não informado,1.0,1.0,0.0,0.0,0.0,0.0,0.0,0.0,0.0,1.0,0.0,Cruzamento,Bom,Não existe,Perfeito estado,Seca,Perfeito estado,Outros,Outras,60.0,Única,Faixa seccionada,COM VÍTIMA,2022,6,18,5,
2022-06-18,,Não informado,CANCELADA,IMBIRIBEIRA,RUA PAMPULHA,Não informado,PRÓX. À CASA BRANCA RECEPÇÕES,IMBIRIBEIRA,Não informado,COLISÃO LATERAL,Não informado,1.0,1.0,0.0,0.0,0.0,0.0,0.0,0.0,0.0,1.0,0.0,Não informado,Não informado,Não informado,Não informado,Não informado,Não informado,Não informado,Não informado,60.0,Não informado,Não informado,COM VÍTIMA,2022,6,18,5,
2022-06-18,,Não informado,CANCELADA,IMBIRIBEIRA,RUA PARIS,Não informado,ATRAS DO SUPERMERCADO AÇAI,IMBIRIBEIRA,Não informado,COLISÃO LATERAL,Não informado,1.0,1.0,0.0,0.0,0.0,0.0,0.0,0.0,0.0,1.0,0.0,Não informado,Não informado,Não informado,Não informado,Não informado,Não informado,Não informado,Não informado,60.0,Não informado,Não informado,COM VÍTIMA,2022,6,18,5,
2022-06-18,,Não informado,CANCELADA,ESPINHEIRO,RUA DA HORA,AV JOAO DE BARROS,POSTO SHELW,ESPINHEIRO,Não informado,COLISÃO TRASEIRA,Não informado,2.0,0.0,0.0,0.0,0.0,0.0,0.0,0.0,0.0,1.0,0.0,Não informado,Não informado,Não informado,Não informado,Não informado,Não informado,Não informado,Não informado,60.0,Não informado,Não informado,COM VÍTIMA,2022,6,18,5,
2022-06-18,,Não informado,FINALIZADA,IPUTINGA,RUA BOM PASTOR,RUA COMENDADOR ALVARES DE CARVALHO,EDIFÍCIO PRAÇA DOS CARVALHOS,IPUTINGA,CIDADE,COLISÃO LATERAL,Não informado,1.0,1.0,0.0,0.0,0.0,0.0,0.0,0.0,0.0,1.0,0.0,Cruzamento,Bom,Sem defeito,Perfeito estado,Seca,Perfeito estado,Faixa de pedestre,R-6a,60.0,Dupla,Faixa contínua,COM VÍTIMA,2022,6,18,5,
2022-06-18,,Não informado,CANCELADA,CASA FORTE,AV DEZESSETE DE AGOSTO,Não informado,NO SEMÁFORO 469,CASA FORTE,Não informado,COLISÃO COM CICLISTA,Não informado,0.0,1.0,0.0,1.0,0.0,0.0,0.0,0.0,0.0,1.0,0.0,Não informado,Não informado,Não informado,Não informado,Não informado,Não informado,Não informado,Não informado,60.0,Não informado,Não informado,COM VÍTIMA,2022,6,18,5,
2022-06-18,,Não informado,FINALIZADA,IPUTINGA,AV CAXANGA,RUA MANOEL JOAQUIM DE ALMEIDA,EM FRENTE A IPUTINGA AUTOMOVEIS,IPUTINGA,CIDADE,COLISÃO LATERAL,Não informado,1.0,1.0,0.0,0.0,0.0,0.0,0.0,0.0,0.0,1.0,0.0,Cruzamento,Bom,Sem defeito,Perfeito estado,Seca,Perfeito estado,Não existe,Outras,60.0,Dupla,Canteiro central,COM VÍTIMA,2022,6,18,5,
2022-06-18,,Não informado,FINALIZADA,CASA AMARELA,EST DO ARRAIAL,RUA GOMES COUTINHO,Não informado,CASA AMARELA,SUBURBIO,Não informado,Não informado,2.0,0.0,0.0,0.0,0.0,0.0,0.0,0.0,0.0,0.0,0.0,Longo da via,Bom,Não existe,Perfeito estado,Seca,Perfeito estado,Não informado,Não informado,60.0,Única,Não informado,SEM VÍTIMA,2022,6,18,5,
2022-06-18,,Não informado,FINALIZADA,SANTO AMARO,AV NORTE MIGUEL ARRAES DE ALENCAR,Não informado,EM FRENTE AO POSTO ALVORADA,SANTO AMARO,SUBURBIO,COLISÃO TRASEIRA,Não informado,1.0,1.0,0.0,0.0,0.0,0.0,0.0,0.0,0.0,2.0,0.0,Longo da via,Bom,Não existe,Perfeito estado,Seca,Perfeito estado,Não existe,R-6a,60.0,Dupla,Canteiro central,COM VÍTIMA,2022,6,18,5,
2022-06-18,,Não informado,FINALIZADA,ÁGUA FRIA,AV BEBERIBE,RUA DA REGENERACAO,SEMÁFARO 187,ÁGUA FRIA,SUBURBIO,ATROPELAMENTO DE PESSOA,Não informado,0.0,1.0,0.0,0.0,1.0,0.0,0.0,0.0,0.0,1.0,0.0,Cruzamento,Bom,Sem defeito,Perfeito estado,Seca,Perfeito estado,Faixa de pedestre,Não informado,60.0,Não informado,Não informado,COM VÍTIMA,2022,6,18,5,
2022-06-19,,Não informado,FINALIZADA,BOA VIAGEM,AV DES JOSE NEVES,AV JOAQUIM RIBEIRO,"PROXIMO A FERREIRA PINTO,  ANTES DO TÚNEL ALGUSTO LUCENA",BOA VIAGEM,SUBURBIO,COLISÃO TRANSVERSAL,Não informado,2.0,0.0,0.0,0.0,0.0,0.0,0.0,0.0,0.0,4.0,0.0,Longo da via,Chuvoso,Sem defeito,Perfeito estado,Molhada,Mal iluminada,Faixa de pedestre,Não informado,60.0,Única,Faixa seccionada,COM VÍTIMA,2022,6,19,6,
2022-06-19,,Não informado,FINALIZADA,SANTO AMARO,RUA CAPITAO LIMA,RUA DA FUNDICAO,PROX A TV GLOBO,SANTO AMARO,Não informado,COLISÃO TRANSVERSAL,Não informado,1.0,1.0,0.0,0.0,0.0,0.0,0.0,0.0,0.0,1.0,0.0,Cruzamento,Bom,Não existe,Perfeito estado,Seca,Perfeito estado,Faixa de pedestre,"Placas ""Pare""",60.0,Não informado,Faixa contínua,COM VÍTIMA,2022,6,19,6,
2022-06-19,,Não informado,FINALIZADA,JORDÃO,AV MARECHAL MASCARENHAS DE MORAES,Não informado,"EM FRENTE AO AEROPORTO, PRÓXIMO A ENTRADA PARA O JORDÃO",JORDÃO,SUBURBIO,COLISÃO LATERAL,Não informado,0.0,2.0,0.0,0.0,0.0,0.0,0.0,0.0,0.0,1.0,0.0,Longo da via,Bom,Não existe,Incompleta,Seca,Mal iluminada,Não informado,Não há placas,60.0,Dupla,Não informado,COM VÍTIMA,2022,6,19,6,
2022-06-19,,Não informado,FINALIZADA,MORRO DA CONCEIÇÃO,RUA ITACOATIARA,Não informado,PRÓXIMO A ANDRÉ GÁS,MORRO DA CONCEIÇÃO,SUBURBIO,CHOQUE,Não informado,1.0,0.0,0.0,0.0,0.0,0.0,0.0,0.0,0.0,0.0,0.0,Longo da via,Chuvoso,Não existe,Não existente,Molhada,Perfeito estado,Não existe,Não há placas,60.0,Única,Não existe,SEM VÍTIMA,2022,6,19,6,
2022-06-19,,Não informado,FINALIZADA,IMBIRIBEIRA,AV MARECHAL MASCARENHAS DE MORAES,RUA PAMPULHA,EM FRENTE A RENAULT,IMBIRIBEIRA,SUBURBIO,COLISÃO TRASEIRA,Não informado,1.0,1.0,0.0,0.0,0.0,0.0,0.0,0.0,0.0,1.0,0.0,Longo da via,Chuvoso,Não informado,Não informado,Molhada,Não informado,Não existe,Não informado,60.0,Dupla,Não informado,COM VÍTIMA,2022,6,19,6,
2022-06-20,,Não informado,FINALIZADA,CAMPO GRANDE,AV GOVERNADOR AGAMENON MAGALHAES,Não informado,LADO OPOSTO AO SHOPPING TACARUNA. FÁBRICA TACARUNA.,CAMPO GRANDE,CIDADE,ATROPELAMENTO DE PESSOA,Não informado,0.0,1.0,0.0,0.0,1.0,0.0,0.0,0.0,0.0,1.0,0.0,Longo da via,Bom,Não existe,Perfeito estado,Seca,Perfeito estado,Não existe,R-32,60.0,Dupla,Canteiro central,COM VÍTIMA,2022,6,20,0,
2022-06-20,,Não informado,FINALIZADA,ESTÂNCIA,AV RECIFE,Não informado,PROX. AO ARMAZEM CORAL SENT. BR. EM FRENTE A T e F DESIGN,ESTÂNCIA,SUBURBIO,COLISÃO LATERAL,Não informado,1.0,1.0,0.0,0.0,0.0,0.0,0.0,0.0,0.0,1.0,0.0,Longo da via,Bom,Não existe,Perfeito estado,Seca,Perfeito estado,Não existe,Não há placas,60.0,Única,Faixa seccionada,COM VÍTIMA,2022,6,20,0,
2022-06-20,,Não informado,FINALIZADA,AREIAS,RUA HAVAI,Não informado,EM FRENTE AO ATACADÃO,AREIAS,CIDADE,COLISÃO FRONTAL,Não informado,1.0,0.0,0.0,0.0,0.0,0.0,1.0,0.0,0.0,0.0,0.0,Longo da via,Bom,Não existe,Não existente,Seca,Perfeito estado,Não existe,Não há placas,60.0,Dupla,Não existe,SEM VÍTIMA,2022,6,20,0,
2022-06-20,,Não informado,FINALIZADA,IPSEP,RUA HELIO BRANDAO,AV GENERAL BENTO DA GAMA,RUA GAL BENTO DA GAMA,IPSEP,CIDADE,COLISÃO TRANSVERSAL,Não informado,2.0,0.0,0.0,0.0,0.0,0.0,0.0,0.0,0.0,1.0,0.0,Cruzamento,Bom,Não existe,Perfeito estado,Seca,Perfeito estado,Faixa de retenção,"Placas ""Pare""",60.0,Dupla,Faixa seccionada,COM VÍTIMA,2022,6,20,0,
2022-06-20,,Não informado,FINALIZADA,SÃO JOSÉ,AV SUL,Não informado,AO LADO DO FORTE DAS CINCO PONTAS,SÃO JOSÉ,Não informado,COLISÃO TRASEIRA,Não informado,2.0,0.0,0.0,0.0,0.0,0.0,0.0,0.0,0.0,0.0,0.0,Não informado,Não informado,Não informado,Não informado,Não informado,Não informado,Não informado,Não informado,60.0,Não informado,Não informado,SEM VÍTIMA,2022,6,20,0,
2022-06-21,,Não informado,FINALIZADA,BOA VIAGEM,RUA JOSE DA SILVA LUCENA,Não informado,EM FRENTE AO COLEGIO GGE - ACIDENTE ENVOLVENDO ORIENTADOR II  DA ARGUS THOMAZ EDSON  - COLABORADOR DA CTTU/RECIFE.,BOA VIAGEM,SUBURBIO,COLISÃO LATERAL,Não informado,1.0,1.0,0.0,0.0,0.0,0.0,0.0,0.0,0.0,1.0,0.0,Longo da via,Bom,Não existe,Perfeito estado,Seca,Perfeito estado,Faixa de pedestre,Outras,60.0,Dupla,Não existe,COM VÍTIMA,2022,6,21,1,
2022-06-21,,Não informado,FINALIZADA,TOTÓ,AV LIBERDADE,EST DO CURADO,Depois da Loterica/ Em Frente a Barraca Tenda da Liberdade,TOTÓ,CIDADE,COLISÃO TRANSVERSAL,Não informado,1.0,1.0,0.0,0.0,0.0,0.0,0.0,0.0,0.0,2.0,0.0,Longo da via,Bom,Sem defeito,Não existente,Seca,Perfeito estado,Não existe,Não há placas,60.0,Dupla,Não existe,COM VÍTIMA,2022,6,21,1,
2022-06-21,,Não informado,FINALIZADA,BEBERIBE,AV BEBERIBE,Não informado,ENTRE O CAMPO DO ARRUDA  EO ARMAZEM ACHAQUI,BEBERIBE,Não informado,ATROPELAMENTO DE PESSOA,Não informado,0.0,0.0,0.0,0.0,1.0,1.0,0.0,0.0,0.0,1.0,0.0,Longo da via,Bom,Não existe,Perfeito estado,Seca,Perfeito estado,Não existe,Não há placas,60.0,Dupla,Faixa contínua,COM VÍTIMA,2022,6,21,1,
2022-06-21,,Não informado,FINALIZADA,JARDIM SÃO PAULO,AV LIBERDADE,Não informado,LOTERIA LIBERDADE,JARDIM SÃO PAULO,Não informado,COLISÃO TRASEIRA,Não informado,0.0,1.0,0.0,0.0,0.0,0.0,0.0,1.0,0.0,0.0,0.0,Longo da via,Bom,Não existe,Não existente,Seca,Mal conservada,Não existe,Não há placas,60.0,Dupla,Não existe,SEM VÍTIMA,2022,6,21,1,
2022-06-21,,Não informado,FINALIZADA,SANTO AMARO,RUA DR CARLOS CHAGAS,AV JOAO DE BARROS,AO LADO DA CLÍNICA ODONTOLÓGICA CIA DO SORRISO,SANTO AMARO,CIDADE,Não informado,Não informado,1.0,0.0,0.0,0.0,0.0,0.0,0.0,1.0,0.0,0.0,0.0,Não informado,Bom,Não existe,Perfeito estado,Seca,Perfeito estado,Faixa de pedestre,Não informado,60.0,Única,Faixa seccionada,SEM VÍTIMA,2022,6,21,1,
2022-06-21,,Não informado,FINALIZADA,TEJIPIÓ,AV DR JOSE RUFINO,Não informado,EM FRENTE A ESCOLA EDWIGES DE SA PEREIRA E AO LADO DO ARMAZEM CORAL,TEJIPIÓ,SUBURBIO,ATROPELAMENTO DE PESSOA,Não informado,0.0,0.0,0.0,0.0,1.0,1.0,0.0,0.0,0.0,1.0,0.0,Longo da via,Bom,Não existe,Perfeito estado,Seca,Perfeito estado,Não existe,Não há placas,60.0,Dupla,Faixa contínua,COM VÍTIMA,2022,6,21,1,
2022-06-21,,Não informado,FINALIZADA,ÁGUA FRIA,AV ANIBAL BENEVOLO,Não informado,TERMINAL DE ÔNIBUS DO ALTO SANTA TERSINHA,ÁGUA FRIA,Não informado,COLISÃO TRANSVERSAL,Não informado,1.0,1.0,0.0,0.0,0.0,0.0,0.0,0.0,0.0,1.0,0.0,Não informado,Não informado,Não informado,Não informado,Não informado,Não informado,Não informado,Não informado,60.0,Não informado,Não informado,COM VÍTIMA,2022,6,21,1,
2022-06-21,,Não informado,FINALIZADA,IBURA,RUA RIO BRIGIDA,Não informado,PRÓXIMO  AO SESI,IBURA,Não informado,COLISÃO FRONTAL,Não informado,0.0,2.0,0.0,0.0,0.0,0.0,0.0,0.0,0.0,1.0,0.0,Não informado,Não informado,Não informado,Não informado,Não informado,Não informado,Não informado,Não informado,60.0,Não informado,Não informado,COM VÍTIMA,2022,6,21,1,
2022-06-22,,Não informado,FINALIZADA,CIDADE UNIVERSITÁRIA,AV PROFESSOR LUIZ FREIRE,Não informado,EM FRENTE A ENTRADA PRINCPAL DO ESTACIONAMENTO DA UFPE. INSTITUTO FEDERAL DE PERNAMBUCO.,CIDADE UNIVERSITÁRIA,SUBURBIO,COLISÃO LATERAL,Não informado,1.0,1.0,0.0,0.0,0.0,0.0,0.0,0.0,0.0,1.0,0.0,Longo da via,Chuvoso,Não existe,Não existente,Molhada,Perfeito estado,Não existe,Não há placas,40.0,Dupla,Faixa seccionada,COM VÍTIMA,2022,6,22,2,
2022-06-22,,Não informado,DUPLICIDADE,CURADO,AV PROFESSOR LUIZ FREIRE,Não informado,PROX AO INSTITUTO FEDERAL DA EDUCAÇÃO,CURADO,Não informado,COLISÃO LATERAL,Não informado,1.0,1.0,0.0,0.0,0.0,0.0,0.0,0.0,0.0,1.0,0.0,Não informado,Não informado,Não informado,Não informado,Não informado,Não informado,Não informado,Não informado,60.0,Não informado,Não informado,COM VÍTIMA,2022,6,22,2,
2022-06-22,,Não informado,FINALIZADA,IPUTINGA,RUA SAO MATEUS,Não informado,PRÓX. AO DEPÓSITO DOS CORREIOS,IPUTINGA,Não informado,COLISÃO LATERAL,Não informado,3.0,0.0,0.0,0.0,0.0,0.0,0.0,0.0,0.0,0.0,0.0,Não informado,Não informado,Não informado,Não informado,Não informado,Não informado,Não informado,Não informado,60.0,Não informado,Não informado,SEM VÍTIMA,2022,6,22,2,