data,hora,natureza_acidente,situacao,bairro,endereco,detalhe_endereco_acidente,complemento,bairro_cruzamento,sentido_via,tipo,descricao,auto,moto,ciclom,ciclista,pedestre,onibus,caminhao,viatura,outros,vitimas,vitimasfatais,acidente_verificado,tempo_clima,situacao_semaforo,sinalizacao,condicao_via,conservacao_via,ponto_controle,situacao_placa,velocidade_max_via,mao_direcao,divisao_via1,natureza,ano,mes,dia,dia_semana,hora_ocorrencia
2022-06-22,,Não informado,FINALIZADA,SANTANA,RUA SANT'ANNA,RUA DONA ADA VIEIRA,EM FRENTE AO QUARTEL DA CPOR,SANTANA,Não informado,COLISÃO TRANSVERSAL,Não informado,2.0,0.0,0.0,0.0,0.0,0.0,0.0,0.0,0.0,1.0,0.0,Não informado,Chuvoso,Não existe,Perfeito estado,Molhada,Perfeito estado,Não informado,Não informado,60.0,Dupla,Não informado,COM VÍTIMA,2022,6,22,2,
2022-06-22,,Não informado,FINALIZADA,MADALENA,EST DOS REMEDIOS,RUA LOPES DE CARVALHO,Não informado,MADALENA,CIDADE,COLISÃO TRANSVERSAL,Não informado,1.0,1.0,0.0,0.0,0.0,0.0,0.0,0.0,0.0,1.0,0.0,Longo da via,Chuvoso,Não existe,Perfeito estado,Molhada,Perfeito estado,Não existe,Outras,60.0,Única,Faixa seccionada,COM VÍTIMA,2022,6,22,2,
2022-06-22,,Não informado,FINALIZADA,BOA VIAGEM,AV DES JOSE NEVES,Não informado,"ENTRADA DO TÚNEL, LADO OPOSTO AO ATACADÃO",BOA VIAGEM,CIDADE,COLISÃO TRASEIRA,Não informado,2.0,0.0,0.0,0.0,0.0,0.0,0.0,0.0,0.0,1.0,0.0,Longo da via,Chuvoso,Não existe,Incompleta,Molhada,Mal conservada,Não existe,Não há placas,60.0,Única,Faixa contínua,COM VÍTIMA,2022,6,22,2,
2022-06-22,,Não informado,FINALIZADA,MADALENA,RUA JOSE OSORIO,Não informado,EM FRENTE A ZEUS MULTIMARCAS,MADALENA,SUBURBIO,COLISÃO LATERAL,Não informado,1.0,1.0,0.0,0.0,0.0,0.0,0.0,0.0,0.0,1.0,0.0,Longo da via,Chuvoso,Não existe,Perfeito estado,Molhada,Perfeito estado,Não existe,Não há placas,40.0,Dupla,Faixa contínua,COM VÍTIMA,2022,6,22,2,
2022-06-22,,Não informado,FINALIZADA,ARRUDA,AV PROFESSOR JOSE DOS ANJOS,AV BEBERIBE,Não informado,ARRUDA,SUBURBIO,COLISÃO TRASEIRA,Não informado,1.0,0.0,0.0,0.0,0.0,0.0,0.0,1.0,0.0,0.0,0.0,Cruzamento,Chuvoso,Sem defeito,Perfeito estado,Molhada,Perfeito estado,Faixa de pedestre,Outras,40.0,Dupla,Canteiro central,SEM VÍTIMA,2022,6,22,2,
2022-06-22,,Não informado,FINALIZADA,TAMARINEIRA,RUA SEBASTIAO ALVES,Não informado,E/F AO COLEGIO MADRE DE DEUS,TAMARINEIRA,Não informado,COLISÃO LATERAL,Não informado,1.0,1.0,0.0,0.0,0.0,0.0,0.0,0.0,0.0,1.0,0.0,Longo da via,Chuvoso,Não existe,Perfeito estado,Molhada,Perfeito estado,Faixa de pedestre,R-34,60.0,Única,Outros,COM VÍTIMA,2022,6,22,2,
2022-06-22,,Não informado,FINALIZADA,IMBIRIBEIRA,AV PRESIDENTE DUTRA,AV SENADOR ROBERT KENNEDY,PERTO DO SOL E BRASA. LADO OPOSTO À EQUIPADORA CARLOS FILM'S,IMBIRIBEIRA,SUBURBIO,COLISÃO TRANSVERSAL,Não informado,1.0,1.0,0.0,0.0,0.0,0.0,0.0,0.0,0.0,1.0,0.0,Cruzamento,Chuvoso,Sem defeito,Perfeito estado,Molhada,Perfeito estado,Faixa de pedestre,R-6a,60.0,Não informado,Faixa seccionada,COM VÍTIMA,2022,6,22,2,
2022-06-22,,Não informado,CANCELADA,TEJIPIÓ,AV DR JOSE RUFINO,Não informado,EM FRENTE DO QUARTEL QUARTO BCOM,TEJIPIÓ,Não informado,COLISÃO FRONTAL,Não informado,1.0,1.0,0.0,0.0,0.0,0.0,0.0,0.0,0.0,1.0,0.0,Não informado,Não informado,Não informado,Não informado,Não informado,Não informado,Não informado,Não informado,60.0,Não informado,Não informado,COM VÍTIMA,2022,6,22,2,
2022-06-22,,Não informado,FINALIZADA,AFOGADOS,RUA SAO MIGUEL,Não informado,E/F AO ARMAZEM CORAL,AFOGADOS,Não informado,COLISÃO FRONTAL,Não informado,1.0,1.0,0.0,0.0,0.0,0.0,0.0,0.0,0.0,0.0,0.0,Não informado,Não informado,Não informado,Não informado,Não informado,Não informado,Não informado,Não informado,60.0,Não informado,Não informado,SEM VÍTIMA,2022,6,22,2,
2022-06-22,,Não informado,FINALIZADA,BOA VIAGEM,AV ENGENHEIRO DOMINGOS FERREIRA,RUA JOSE TRAJANO,AO LADO LABORATÓRIO EDMAR VICTO. ESCOLA DE GASTRONOMIA E CONFEITARIA.,BOA VIAGEM,SUBURBIO,ATROPELAMENTO DE PESSOA,Não informado,1.0,0.0,0.0,0.0,1.0,0.0,0.0,0.0,0.0,1.0,0.0,Longo da via,Chuvoso,Não existe,Perfeito estado,Molhada,Perfeito estado,Não existe,Não há placas,60.0,Única,Faixa seccionada,COM VÍTIMA,2022,6,22,2,
2022-06-22,,Não informado,FINALIZADA,GRAÇAS,PRC DO ENTRONCAMENTO,Não informado,LA LHAMBRA,GRAÇAS,Não informado,COLISÃO COM CICLISTA,Não informado,1.0,0.0,0.0,2.0,0.0,0.0,0.0,0.0,0.0,1.0,0.0,Não informado,Não informado,Não informado,Não informado,Não informado,Não informado,Não informado,Não informado,60.0,Não informado,Não informado,COM VÍTIMA,2022,6,22,2,
2022-06-23,,Não informado,FINALIZADA,BOA VIAGEM,AV BOA VIAGEM,RUA PROFESSOR MARIO DE CASTRO,APÓS O PARQUE DONA LINDU,BOA VIAGEM,CIDADE,COLISÃO TRASEIRA,Não informado,0.0,1.0,0.0,0.0,0.0,1.0,0.0,0.0,0.0,1.0,0.0,Longo da via,Bom,Sem defeito,Perfeito estado,Seca,Perfeito estado,Faixa de pedestre,Outras,60.0,Única,Faixa contínua,COM VÍTIMA,2022,6,23,3,
2022-06-23,,Não informado,FINALIZADA,SÃO JOSÉ,TRV DO GASPAR,Não informado,EM FRENTE A CIP MOTOS ROCAM,SÃO JOSÉ,Não informado,CHOQUE,Não informado,0.0,1.0,0.0,0.0,0.0,0.0,0.0,0.0,0.0,1.0,0.0,Longo da via,Bom,Não existe,Não existente,Molhada,Mal conservada,Não existe,Não há placas,60.0,Dupla,Não existe,COM VÍTIMA,2022,6,23,3,
2022-06-23,,Não informado,FINALIZADA,CAMPO GRANDE,EST DE BELEM,RUA MARIO SETE,PROXIMA A IGREJA NOSSA SENHORA DO BOM PARTO,CAMPO GRANDE,CIDADE,COLISÃO LATERAL,Não informado,1.0,1.0,0.0,0.0,0.0,0.0,0.0,0.0,0.0,1.0,0.0,Cruzamento,Bom,Não existe,Perfeito estado,Seca,Perfeito estado,Não existe,Outras,60.0,Dupla,Faixa contínua,COM VÍTIMA,2022,6,23,3,
2022-06-23,,Não informado,FINALIZADA,AREIAS,RUA JORNALISTA VILMA LESSA,Não informado,Flesh Hamburgueria,AREIAS,SUBURBIO,COLISÃO TRANSVERSAL,Não informado,1.0,1.0,0.0,0.0,0.0,0.0,0.0,0.0,0.0,1.0,0.0,Cruzamento,Bom,Não existe,Não existente,Seca,Mal conservada,Não existe,Não há placas,30.0,Dupla,Não existe,COM VÍTIMA,2022,6,23,3,
2022-06-23,,Não informado,CANCELADA,CORDEIRO,RUA GOMES TABORDA,Não informado,BAR VAPOR 82,CORDEIRO,Não informado,CHOQUE,Não informado,2.0,0.0,0.0,0.0,0.0,0.0,0.0,0.0,0.0,0.0,0.0,Não informado,Não informado,Não informado,Não informado,Não informado,Não informado,Não informado,Não informado,60.0,Não informado,Não informado,SEM VÍTIMA,2022,6,23,3,
2022-06-24,,Não informado,FINALIZADA,BAIRRO DO RECIFE,PTE GIRATORIA,Não informado,Não informado,BAIRRO DO RECIFE,SUBURBIO,QUEDA,Não informado,0.0,1.0,0.0,0.0,0.0,0.0,0.0,0.0,0.0,1.0,0.0,Ponte,Chuvoso,Não existe,Não existente,Oleosa,Perfeito estado,Não existe,Não há placas,60.0,Dupla,Canteiro central,COM VÍTIMA,2022,6,24,4,
2022-06-24,,Não informado,FINALIZADA,CAMPO GRANDE,RUA HERMILIO GOMES,RUA PROFESSOR FRANCISCO DA TRINDADE,NA RUA DO POSTO DE GASOLINA TOTAL,CAMPO GRANDE,Não informado,COLISÃO TRANSVERSAL,Não informado,1.0,1.0,0.0,0.0,0.0,0.0,0.0,0.0,0.0,1.0,0.0,Esquina,Chuvoso,Não existe,Não existente,Molhada,Perfeito estado,Não existe,Não há placas,60.0,Dupla,Não existe,COM VÍTIMA,2022,6,24,4,
2022-06-24,,Não informado,FINALIZADA,IPUTINGA,AV PROFESSOR MORAES REGO,RUA LAGO VERDE,APÓS O MOTEL EROS,IPUTINGA,SUBURBIO,COLISÃO TRASEIRA,Não informado,0.0,2.0,0.0,0.0,0.0,0.0,0.0,0.0,0.0,0.0,0.0,Longo da via,Bom,Não existe,Perfeito estado,Seca,Perfeito estado,Não existe,Não há placas,60.0,Única,Faixa seccionada,SEM VÍTIMA,2022,6,24,4,
2022-06-25,,Não informado,FINALIZADA,MADALENA,AV VISCONDE DE ALBUQUERQUE,RUA LOPES DE CARVALHO,EM FRENTE A GALERIA MADALENA CENTER,MADALENA,SUBURBIO,COLISÃO LATERAL,Não informado,1.0,1.0,0.0,0.0,0.0,0.0,0.0,0.0,0.0,2.0,0.0,Cruzamento,Bom,Não existe,Perfeito estado,Seca,Perfeito estado,Não existe,"Placas ""Pare""",60.0,Única,Faixa contínua,COM VÍTIMA,2022,6,25,5,
2022-06-25,,Não informado,FINALIZADA,BAIRRO DO RECIFE,CAIS DO APOLO,PTE BUARQUE DE MACEDO,BANCO DO BRASIL,BAIRRO DO RECIFE,SUBURBIO,Não informado,Não informado,2.0,0.0,0.0,0.0,0.0,0.0,0.0,0.0,0.0,0.0,0.0,Longo da via,Bom,Sem defeito,Perfeito estado,Seca,Perfeito estado,Faixa de pedestre,R-6a,60.0,Dupla,Faixa seccionada,SEM VÍTIMA,2022,6,25,5,
2022-06-25,,Não informado,FINALIZADA,IMBIRIBEIRA,RUA ITACARI,RUA ITAJAI,LOJA INOVE,IMBIRIBEIRA,Não informado,COLISÃO TRANSVERSAL,Não informado,1.0,1.0,0.0,0.0,0.0,0.0,0.0,0.0,0.0,1.0,0.0,Cruzamento,Bom,Não existe,Perfeito estado,Seca,Perfeito estado,Faixa de pedestre,Não informado,60.0,Única,Faixa seccionada,COM VÍTIMA,2022,6,25,5,
2022-06-25,,Não informado,FINALIZADA,DERBY,AV GOVERNADOR AGAMENON MAGALHAES,RUA HENRIQUE DIAS,VT 10 NO LOCAL GM JACKSON NO LOCAL,DERBY,SUBURBIO,COLISÃO LATERAL,Não informado,1.0,1.0,0.0,0.0,0.0,0.0,0.0,0.0,0.0,1.0,0.0,Cruzamento,Bom,Sem defeito,Perfeito estado,Seca,Perfeito estado,Não existe,Outras,60.0,Única,Faixa seccionada,COM VÍTIMA,2022,6,25,5,
2022-06-25,,Não informado,CANCELADA,ESPINHEIRO,AV JOAO DE BARROS,Não informado,RUA 48 NA FRENTE DO PRIMEIRO GERIS,ESPINHEIRO,Não informado,COLISÃO TRASEIRA,Não informado,2.0,0.0,0.0,0.0,0.0,0.0,0.0,0.0,0.0,0.0,0.0,Não informado,Não informado,Não informado,Não informado,Não informado,Não informado,Não informado,Não informado,60.0,Não informado,Não informado,SEM VÍTIMA,2022,6,25,5,
2022-06-25,,Não informado,FINALIZADA,TORRE,RUA JOSE BONIFACIO,RUA MARCOS ANDRE,AO LADO DO CARREFUR,TORRE,CIDADE,ATROPELAMENTO DE PESSOA,Não informado,0.0,1.0,0.0,0.0,1.0,0.0,0.0,0.0,0.0,1.0,0.0,Longo da via,Bom,Não existe,Perfeito estado,Seca,Perfeito estado,Não existe,Não há placas,60.0,Dupla,Canteiro central,COM VÍTIMA,2022,6,25,5,
2022-06-25,,Não informado,FINALIZADA,AREIAS,AV TENENTE FELIPE BANDEIRA DE MELO,RUA ANTONIO PINHEIRO,EM FRENTE A ESQUINA DO MALTE,AREIAS,SUBURBIO,COLISÃO COM CICLISTA,Não informado,1.0,0.0,0.0,1.0,0.0,0.0,0.0,0.0,0.0,1.0,0.0,Longo da via,Bom,Não informado,Não informado,Seca,Perfeito estado,Não informado,Não informado,60.0,Dupla,Não existe,COM VÍTIMA,2022,6,25,5,
2022-06-26,,Não informado,FINALIZADA,BOA VISTA,AV JOAO DE BARROS,RUA DR LEOPOLDO LINS,PROX A FACULDADE DE DIREITO SOPETE,BOA VISTA,SUBURBIO,COLISÃO LATERAL,Não informado,1.0,1.0,0.0,0.0,0.0,0.0,0.0,0.0,0.0,1.0,0.0,Esquina,Bom,Sem defeito,Perfeito estado,Seca,Perfeito estado,Faixa de pedestre,Outras,60.0,Única,Faixa contínua,COM VÍTIMA,2022,6,26,6,
2022-06-26,,Não informado,FINALIZADA,AREIAS,AV DR JOSE RUFINO,Não informado,EM FRENTE A HONDA,AREIAS,CIDADE,COLISÃO FRONTAL,Não informado,1.0,1.0,0.0,0.0,0.0,0.0,0.0,0.0,0.0,1.0,0.0,Longo da via,Bom,Não existe,Perfeito estado,Seca,Perfeito estado,Não existe,Não há placas,50.0,Dupla,Faixa contínua,COM VÍTIMA,2022,6,26,6,
2022-06-26,,Não informado,FINALIZADA,AFOGADOS,RUA COSME VIANA,RUA CORONEL ALFREDO DUARTE,DE FRENTE AO BAR LÉO CHOPP,AFOGADOS,SUBURBIO,COLISÃO TRANSVERSAL,Não informado,2.0,0.0,0.0,0.0,0.0,0.0,0.0,0.0,0.0,1.0,0.0,Cruzamento,Bom,Sem defeito,Perfeito estado,Seca,Perfeito estado,Faixa de pedestre,Outras,60.0,Única,Faixa contínua,COM VÍTIMA,2022,6,26,6,
2022-06-27,,Não informado,FINALIZADA,SANTO AMARO,AV CRUZ CABUGA,Não informado,EM FRENTE AO HOSPITAL NAVAL E AO DER,SANTO AMARO,Não informado,COLISÃO TRASEIRA,Não informado,1.0,1.0,0.0,0.0,0.0,0.0,0.0,0.0,0.0,1.0,0.0,Não informado,Não informado,Não informado,Não informado,Não informado,Não informado,Não informado,Não informado,60.0,Não informado,Não informado,COM VÍTIMA,2022,6,27,0,
2022-06-27,,Não informado,FINALIZADA,DOIS IRMÃOS,RUA DE APIPUCOS,Não informado,LADO OPOSTO A ASSOCIAÇÃO BRASILEIRA DE ODONTOLOGIA,DOIS IRMÃOS,CIDADE,COLISÃO LATERAL,Não informado,1.0,1.0,0.0,0.0,0.0,0.0,0.0,0.0,0.0,2.0,0.0,Longo da via,Chuvoso,Não existe,Perfeito estado,Molhada,Perfeito estado,Outros,R-6a,60.0,Dupla,Faixa contínua,COM VÍTIMA,2022,6,27,0,
2022-06-27,,Não informado,FINALIZADA,CORDEIRO,AV PROFESSOR ESTEVAO FRANCISCO DA COSTA,RUA ODETE MONTEIRO,EM FRENTE AO POSTO DE GASOLINA PETROCAL,CORDEIRO,SUBURBIO,COLISÃO FRONTAL,Não informado,1.0,1.0,0.0,0.0,0.0,0.0,0.0,0.0,0.0,1.0,0.0,Cruzamento,Chuvoso,Com defeito,Perfeito estado,Molhada,Perfeito estado,Faixa de pedestre,Não há placas,60.0,Dupla,Canteiro central,COM VÍTIMA,2022,6,27,0,
2022-06-27,,Não informado,FINALIZADA,AREIAS,AV DR JOSE RUFINO,Não informado,EM FRENTE A HONDA,AREIAS,CIDADE,ATROPELAMENTO DE PESSOA,Não informado,0.0,1.0,0.0,0.0,1.0,0.0,0.0,0.0,0.0,1.0,0.0,Longo da via,Bom,Não existe,Perfeito estado,Seca,Perfeito estado,Faixa de pedestre,Não há placas,50.0,Dupla,Faixa contínua,COM VÍTIMA,2022,6,27,0,
2022-06-27,,Não informado,FINALIZADA,JIQUIÁ,AV DR JOSE RUFINO,Não informado,PONTE DO IOLANDA,JIQUIÁ,CIDADE,COLISÃO COM CICLISTA,Não informado,1.0,0.0,0.0,1.0,0.0,0.0,0.0,0.0,0.0,1.0,0.0,Ponte,Bom,Não existe,Perfeito estado,Seca,Perfeito estado,Não existe,R-6a,60.0,Dupla,Faixa seccionada,COM VÍTIMA,2022,6,27,0,
2022-06-27,,Não informado,FINALIZADA,ESTÂNCIA,AV DR JOSE RUFINO,Não informado,HONDA,ESTÂNCIA,Não informado,ATROPELAMENTO DE PESSOA,Não informado,0.0,1.0,0.0,0.0,1.0,0.0,0.0,0.0,0.0,1.0,0.0,Não informado,Não informado,Não informado,Não informado,Não informado,Não informado,Não informado,Não informado,60.0,Não informado,Não informado,COM VÍTIMA,2022,6,27,0,
2022-06-27,,Não informado,FINALIZADA,BOA VIAGEM,AV CONSELHEIRO AGUIAR,RUA VICENCIA,Não informado,BOA VIAGEM,CIDADE,ATROPELAMENTO DE PESSOA,Não informado,0.0,0.0,0.0,0.0,1.0,1.0,0.0,0.0,0.0,0.0,1.0,Longo da via,Bom,Não existe,Perfeito estado,Seca,Perfeito estado,Não existe,Outras,60.0,Única,Faixa seccionada,VÍTIMA FATAL,2022,6,27,0,
2022-06-27,,Não informado,FINALIZADA,BOA VIAGEM,RUA DR NYLO DORNELLAS CAMARA,Não informado,AO LADO DA PRAÇA DE BOA VIAGEM,BOA VIAGEM,CIDADE,TOMBAMENTO,Não informado,0.0,1.0,0.0,0.0,0.0,0.0,0.0,0.0,0.0,0.0,0.0,Longo da via,Bom,Não existe,Perfeito estado,Seca,Perfeito estado,Agente,Outras,30.0,Única,Não existe,SEM VÍTIMA,2022,6,27,0,
2022-06-27,,Não informado,FINALIZADA,MACAXEIRA,AV NORTE MIGUEL ARRAES DE ALENCAR,Não informado,PRÓXIMO AO PARQUE DA MACAXEIRA,MACAXEIRA,CIDADE,ATROPELAMENTO DE PESSOA,Não informado,0.0,1.0,0.0,0.0,1.0,0.0,0.0,0.0,0.0,3.0,0.0,Longo da via,Bom,Não existe,Não informado,Seca,Mal conservada,Outros,Outras,60.0,Dupla,Canteiro central,COM VÍTIMA,2022,6,27,0,
2022-06-27,,Não informado,FINALIZADA,BOA VIAGEM,RUA BARAO DE SOUZA LEAO,Não informado,EM FRENTE AO BANCO DO BRASIL,BOA VIAGEM,SUBURBIO,COLISÃO TRASEIRA,Não informado,2.0,0.0,0.0,0.0,0.0,0.0,0.0,0.0,0.0,0.0,0.0,Longo da via,Bom,Não existe,Perfeito estado,Seca,Perfeito estado,Não existe,R-6a,60.0,Única,Faixa seccionada,SEM VÍTIMA,2022,6,27,0,
2022-06-27,,Não informado,FINALIZADA,FUNDÃO,AV BEBERIBE,Não informado,Em frente a AutoEscola Piloto,FUNDÃO,CIDADE,COLISÃO TRANSVERSAL,Não informado,1.0,1.0,0.0,0.0,0.0,0.0,0.0,0.0,0.0,2.0,0.0,Longo da via,Chuvoso,Não existe,Perfeito estado,Molhada,Perfeito estado,Não existe,Não há placas,60.0,Dupla,Faixa contínua,COM VÍTIMA,2022,6,27,0,
2022-06-27,,Não informado,FINALIZADA,DERBY,RUA JENER DE SOUZA,RUA FELICIANO GOMES,EM FRENTE AO LABORATÓRIO CERPE,DERBY,SUBURBIO,COLISÃO TRANSVERSAL,Não informado,2.0,0.0,0.0,0.0,0.0,0.0,0.0,0.0,0.0,2.0,0.0,Longo da via,Chuvoso,Não informado,Perfeito estado,Molhada,Perfeito estado,Não existe,Não informado,60.0,Dupla,Não existe,COM VÍTIMA,2022,6,27,0,
2022-06-27,,Não informado,FINALIZADA,IPUTINGA,AV MAURICIO DE NASSAU,Não informado,PRÓXIMO AO GOE,IPUTINGA,SUBURBIO,CHOQUE,Não informado,1.0,0.0,0.0,0.0,0.0,0.0,0.0,0.0,0.0,2.0,0.0,Longo da via,Chuvoso,Não existe,Perfeito estado,Molhada,Perfeito estado,Não existe,Não há placas,60.0,Única,Faixa seccionada,COM VÍTIMA,2022,6,27,0,
2022-06-28,,Não informado,FINALIZADA,DERBY,PRC DO DERBY,Não informado,Na parada do Brt da Praça do Derby,DERBY,SUBURBIO,ATROPELAMENTO DE PESSOA,Não informado,1.0,0.0,0.0,0.0,1.0,0.0,0.0,0.0,0.0,1.0,0.0,Longo da via,Bom,Sem defeito,Perfeito estado,Seca,Perfeito estado,Agente,R-6c,60.0,Única,Faixa seccionada,COM VÍTIMA,2022,6,28,1,
2022-06-28,,Não informado,FINALIZADA,DERBY,PRC DO DERBY,RUA JENER DE SOUZA,Não informado,DERBY,SUBURBIO,Não informado,Não informado,1.0,0.0,0.0,0.0,0.0,1.0,0.0,0.0,0.0,0.0,0.0,Cruzamento,Bom,Sem defeito,Perfeito estado,Seca,Perfeito estado,Faixa de pedestre,R-6a,60.0,Dupla,Canteiro central,SEM VÍTIMA,2022,6,28,1,
2022-06-28,,Não informado,FINALIZADA,APIPUCOS,RUA DOIS IRMAOS,Não informado,Em frente ao Decimo Primeiro Batalhão da Policia Militar,APIPUCOS,Não informado,COLISÃO FRONTAL,Não informado,0.0,2.0,0.0,0.0,0.0,0.0,0.0,0.0,0.0,2.0,0.0,Longo da via,Bom,Não existe,Perfeito estado,Seca,Perfeito estado,Não existe,R-6a,60.0,Dupla,Faixa contínua,COM VÍTIMA,2022,6,28,1,
2022-06-28,,Não informado,FINALIZADA,ILHA JOANA BEZERRA,AV DES GUERRA BARRETO,VIADUTO CAPITAO TEMUDO,NA ESQUINA DO FORUM DE JUSTIÇA,ILHA JOANA BEZERRA,CIDADE,COLISÃO LATERAL,Não informado,1.0,1.0,0.0,0.0,0.0,0.0,0.0,0.0,0.0,1.0,0.0,Longo da via,Chuvoso,Não existe,Perfeito estado,Molhada,Mal conservada,Não existe,Não há placas,60.0,Única,Não existe,COM VÍTIMA,2022,6,28,1,
2022-06-28,,Não informado,FINALIZADA,BOA VIAGEM,AV BOA VIAGEM,Não informado,PROXIMO AO ANTIGO CASTELINHO,BOA VIAGEM,CIDADE,COLISÃO TRASEIRA,Não informado,1.0,1.0,0.0,0.0,0.0,0.0,0.0,0.0,0.0,1.0,0.0,Longo da via,Chuvoso,Não existe,Perfeito estado,Molhada,Perfeito estado,Não existe,Outras,60.0,Única,Faixa seccionada,COM VÍTIMA,2022,6,28,1,
2022-06-29,,Não informado,FINALIZADA,BOA VIAGEM,AVENIDA CELSO FURTADO (VIA MANGUE),Não informado,PROX AS ESCULTURAS DE BRENNAND,BOA VIAGEM,SUBURBIO,COLISÃO TRASEIRA,Não informado,1.0,1.0,0.0,0.0,0.0,0.0,0.0,0.0,0.0,1.0,0.0,Longo da via,Bom,Não existe,Perfeito estado,Seca,Perfeito estado,Não existe,Outras,60.0,Única,Faixa contínua,COM VÍTIMA,2022,6,29,2,
2022-06-29,,Não informado,FINALIZADA,SANTO AMARO,VIADUTO CAPITAO TEMUDO,AV GOVERNADOR AGAMENON MAGALHAES,ESTAÇÃO JOANA BEZERRA,SANTO AMARO,Não informado,COLISÃO TRASEIRA,Não informado,1.0,1.0,0.0,0.0,0.0,0.0,0.0,0.0,0.0,1.0,0.0,Viaduto,Bom,Não existe,Perfeito estado,Seca,Perfeito estado,Não existe,Não informado,60.0,Dupla,Faixa seccionada,COM VÍTIMA,2022,6,29,2,
2022-06-29,,Não informado,FINALIZADA,SANTO AMARO,AV CRUZ CABUGA,Não informado,ENFRENTE A SANTA CASA DE MISERICÓRDIA  NA AVENIDA CRUZ CABUGÁ,SANTO AMARO,CIDADE,QUEDA,Não informado,0.0,1.0,0.0,0.0,0.0,0.0,0.0,0.0,0.0,1.0,0.0,Longo da via,Bom,Sem defeito,Perfeito estado,Seca,Perfeito estado,Faixa de pedestre,Não há placas,60.0,Dupla,Faixa contínua,COM VÍTIMA,2022,6,29,2,
2022-06-29,,Não informado,FINALIZADA,SANTO AMARO,AV CRUZ CABUGA,Não informado,EM FRENTE A CORAL,SANTO AMARO,SUBURBIO,COLISÃO TRASEIRA,Não informado,0.0,1.0,0.0,0.0,0.0,1.0,0.0,0.0,0.0,2.0,0.0,Longo da via,Chuvoso,Sem defeito,Perfeito estado,Molhada,Perfeito estado,Faixa de pedestre,Não há placas,60.0,Dupla,Faixa seccionada,COM VÍTIMA,2022,6,29,2,
2022-06-29,,Não informado,FINALIZADA,BOA VISTA,RUA PRINCESA IZABEL,RUA DA SAUDADE,PRÓXIMO AO PARQUE 13 DE MAIO,BOA VISTA,SUBURBIO,ATROPELAMENTO DE PESSOA,Não informado,1.0,0.0,0.0,0.0,1.0,0.0,0.0,0.0,0.0,1.0,0.0,Cruzamento,Chuvoso,Sem defeito,Perfeito estado,Molhada,Perfeito estado,Faixa de pedestre,Não há placas,60.0,Única,Faixa contínua,COM VÍTIMA,2022,6,29,2,
2022-06-29,,Não informado,FINALIZADA,SAN MARTIN,AV GENERAL SAN MARTIN,Não informado,EM FRENTE A IGREJA ADVENTISTA,SAN MARTIN,CIDADE,COLISÃO LATERAL,Não informado,1.0,1.0,0.0,0.0,0.0,0.0,0.0,0.0,0.0,1.0,0.0,Longo da via,Chuvoso,Sem defeito,Perfeito estado,Molhada,Perfeito estado,Não existe,Outras,30.0,Não informado,Faixa seccionada,COM VÍTIMA,2022,6,29,2,
2022-06-30,,Não informado,FINALIZADA,IMBIRIBEIRA,AV GENERAL MAC ARTHUR,AV MARECHAL MASCARENHAS DE MORAES,Não informado,IMBIRIBEIRA,SUBURBIO,Não informado,Não informado,1.0,0.0,0.0,0.0,0.0,0.0,1.0,0.0,0.0,0.0,0.0,Cruzamento,Bom,Sem defeito,Incompleta,Seca,Perfeito estado,Não informado,Não informado,40.0,Única,Não existe,SEM VÍTIMA,2022,6,30,3,
2022-06-30,,Não informado,FINALIZADA,AFOGADOS,EST DOS REMEDIOS,Não informado,EM FRENTE AO SUPERMERCADO TODO DIA,AFOGADOS,Não informado,COLISÃO LATERAL,Não informado,1.0,1.0,0.0,0.0,0.0,0.0,0.0,0.0,0.0,1.0,0.0,Não informado,Não informado,Não informado,Não informado,Não informado,Não informado,Não informado,Não informado,60.0,Não informado,Não informado,COM VÍTIMA,2022,6,30,3,
2022-06-30,,Não informado,FINALIZADA,DERBY,AV RUI BARBOSA,AV GOVERNADOR AGAMENON MAGALHAES,EM FRENTE AO SEMAFORO 37,DERBY,SUBURBIO,ATROPELAMENTO DE PESSOA,Não informado,0.0,1.0,0.0,0.0,1.0,0.0,0.0,0.0,0.0,1.0,0.0,Cruzamento,Bom,Sem defeito,Perfeito estado,Seca,Perfeito estado,Faixa de pedestre,Não informado,60.0,Única,Canteiro central,COM VÍTIMA,2022,6,30,3,
2022-06-30,,Não informado,FINALIZADA,ESPINHEIRO,RUA SANTO ELIAS,RUA DA HORA,E/F ASSISTENCIA TECNICA IPHONE  SERVICE,ESPINHEIRO,CIDADE,CHOQUE,Não informado,0.0,1.0,0.0,0.0,0.0,0.0,0.0,0.0,0.0,0.0,1.0,Cruzamento,Bom,Não existe,Perfeito estado,Seca,Perfeito estado,Faixa de pedestre,Outras,40.0,Única,Não existe,VÍTIMA FATAL,2022,6,30,3,