data,hora,natureza_acidente,situacao,bairro,endereco,detalhe_endereco_acidente,complemento,bairro_cruzamento,sentido_via,tipo,descricao,auto,moto,ciclom,ciclista,pedestre,onibus,caminhao,viatura,outros,vitimas,vitimasfatais,acidente_verificado,tempo_clima,situacao_semaforo,sinalizacao,condicao_via,conservacao_via,ponto_controle,situacao_placa,velocidade_max_via,mao_direcao,divisao_via1,natureza,ano,mes,dia,dia_semana,hora_ocorrencia
2022-06-30,,Não informado,FINALIZADA,SANTO AMARO,AV GOVERNADOR AGAMENON MAGALHAES,Não informado,PROX A REITORIA DA UPE,SANTO AMARO,Não informado,COLISÃO LATERAL,Não informado,1.0,1.0,0.0,0.0,0.0,0.0,0.0,0.0,0.0,2.0,0.0,Cruzamento,Bom,Com defeito,Perfeito estado,Seca,Perfeito estado,Faixa de pedestre,Outras,60.0,Única,Faixa contínua,COM VÍTIMA,2022,6,30,3,
2022-06-30,,Não informado,FINALIZADA,SANTO AMARO,VDO INDEPENDENCIA,Não informado,SENTIDO OLINDA,SANTO AMARO,SUBURBIO,QUEDA,Não informado,0.0,1.0,0.0,0.0,0.0,0.0,0.0,0.0,0.0,1.0,0.0,Viaduto,Bom,Não existe,Perfeito estado,Seca,Perfeito estado,Não existe,Não há placas,60.0,Dupla,Canal,COM VÍTIMA,2022,6,30,3,
2022-06-30,,Não informado,FINALIZADA,IMBIRIBEIRA,AV GENERAL MAC ARTHUR,Não informado,EM FRENTE AO RESIDENCIAL LEPARC,IMBIRIBEIRA,SUBURBIO,COLISÃO TRASEIRA,Não informado,1.0,1.0,0.0,0.0,0.0,0.0,0.0,0.0,0.0,1.0,0.0,Longo da via,Bom,Não existe,Perfeito estado,Seca,Perfeito estado,Não informado,Não informado,60.0,Não informado,Não informado,COM VÍTIMA,2022,6,30,3,
2022-07-01,,Não informado,FINALIZADA,BOA VIAGEM,AV BOA VIAGEM,Não informado,PROXIMO AO PARQUE DONA LINDU,BOA VIAGEM,CIDADE,CHOQUE,Não informado,2.0,0.0,0.0,0.0,0.0,0.0,0.0,0.0,0.0,1.0,0.0,Longo da via,Bom,Não existe,Perfeito estado,Seca,Perfeito estado,Não existe,R-6b,60.0,Única,Faixa seccionada,COM VÍTIMA,2022,7,1,4,
2022-07-01,,Não informado,FINALIZADA,PINA,AV HERCULANO BANDEIRA,Não informado,EM FRENTE AO ATACADO DOS PRESENTES,PINA,Não informado,COLISÃO TRANSVERSAL,Não informado,2.0,0.0,0.0,0.0,0.0,0.0,0.0,0.0,0.0,0.0,0.0,Não informado,Não informado,Não informado,Não informado,Não informado,Não informado,Não informado,Não informado,60.0,Não informado,Não informado,SEM VÍTIMA,2022,7,1,4,
2022-07-01,,Não informado,FINALIZADA,SANTO AMARO,AV CRUZ CABUGA,AV DR JAYME DA FONTE,Não informado,SANTO AMARO,Não informado,COLISÃO LATERAL,Não informado,1.0,1.0,0.0,0.0,0.0,0.0,0.0,0.0,0.0,1.0,0.0,Não informado,Não informado,Não informado,Não informado,Não informado,Não informado,Não informado,Não informado,60.0,Não informado,Não informado,COM VÍTIMA,2022,7,1,4,
2022-07-01,,Não informado,FINALIZADA,CORDEIRO,AV CAXANGA,Não informado,EM FRENTE AO BRADESCO,CORDEIRO,CIDADE,COLISÃO COM CICLISTA,Não informado,0.0,0.0,0.0,1.0,0.0,1.0,0.0,0.0,0.0,1.0,0.0,Longo da via,Bom,Sem defeito,Perfeito estado,Seca,Perfeito estado,Não existe,Não informado,60.0,Dupla,Faixa contínua,COM VÍTIMA,2022,7,1,4,
2022-07-01,,Não informado,FINALIZADA,TORRE,RUA JOSE BONIFACIO,RUA DEMOSTENES DE OLINDA,EM FRENTE AO POSTO IPIRANGA,TORRE,SUBURBIO,COLISÃO TRANSVERSAL,Não informado,1.0,1.0,0.0,0.0,0.0,0.0,0.0,0.0,0.0,1.0,0.0,Cruzamento,Bom,Sem defeito,Perfeito estado,Seca,Perfeito estado,Faixa de pedestre,Não há placas,40.0,Única,Faixa seccionada,COM VÍTIMA,2022,7,1,4,
2022-07-01,,Não informado,FINALIZADA,JOANA BEZERRA,AV MARTIN LUTHER KING,Não informado,AO LADO DA ACADEMIA DA CIDADE,JOANA BEZERRA,Não informado,COLISÃO COM CICLISTA,Não informado,1.0,0.0,0.0,1.0,0.0,0.0,0.0,0.0,0.0,1.0,0.0,Não informado,Não informado,Não informado,Não informado,Não informado,Não informado,Não informado,Não informado,60.0,Não informado,Não informado,COM VÍTIMA,2022,7,1,4,
2022-07-01,,Não informado,FINALIZADA,AFOGADOS,EST DOS REMEDIOS,RUA DO ACRE,EM FRENTE AO SUPERMERCADO TODO DIA,AFOGADOS,SUBURBIO,COLISÃO LATERAL,Não informado,1.0,1.0,0.0,0.0,0.0,0.0,0.0,0.0,0.0,1.0,0.0,Cruzamento,Bom,Não existe,Perfeito estado,Seca,Perfeito estado,Faixa de pedestre,Não há placas,60.0,Dupla,Faixa contínua,COM VÍTIMA,2022,7,1,4,
2022-07-01,,Não informado,FINALIZADA,IBURA,AV SANTA FE,AV GUARAPUAVA,"PROXIMO AO POSTO DE SAÚDE, COLISÃO COM VITIMA, KGG3947 LOGAN/ RVJ3I82 MOTO",IBURA,SUBURBIO,COLISÃO FRONTAL,Não informado,1.0,1.0,0.0,0.0,0.0,0.0,0.0,0.0,0.0,1.0,0.0,Cruzamento,Bom,Não existe,Perfeito estado,Seca,Perfeito estado,Não existe,Outras,30.0,Dupla,Faixa seccionada,COM VÍTIMA,2022,7,1,4,
2022-07-01,,Não informado,FINALIZADA,SÃO JOSÉ,PTE JOAQUIM CARDOSO,RUA FRANCISCO ALVES,PROXIMO AO IMIP,SÃO JOSÉ,SUBURBIO,COLISÃO LATERAL,Não informado,0.0,1.0,0.0,0.0,0.0,0.0,0.0,1.0,0.0,2.0,0.0,Longo da via,Bom,Não existe,Perfeito estado,Seca,Perfeito estado,Não existe,Não há placas,60.0,Única,Faixa seccionada,COM VÍTIMA,2022,7,1,4,
2022-07-01,,Não informado,FINALIZADA,CASA AMARELA,RUA CONS NABUCO,RUA EVARISTO DA VEIGA,"EM FRENTE A BROTHER BARBEARIA,  CENTER SALES NEVES",CASA AMARELA,Não informado,COLISÃO FRONTAL,Não informado,1.0,1.0,0.0,0.0,0.0,0.0,0.0,0.0,0.0,1.0,0.0,Esquina,Bom,Não existe,Incompleta,Seca,Perfeito estado,Não existe,Não há placas,60.0,Dupla,Não existe,COM VÍTIMA,2022,7,1,4,
2022-07-01,,Não informado,FINALIZADA,TOTÓ,AV LIBERDADE,Não informado,EM FRENTE AO CEMITERIO PARQUE DAS FLORES,TOTÓ,SUBURBIO,COLISÃO LATERAL,Não informado,1.0,1.0,0.0,0.0,0.0,0.0,0.0,0.0,0.0,1.0,0.0,Longo da via,Bom,Não existe,Perfeito estado,Seca,Perfeito estado,Não existe,Não informado,60.0,Dupla,Faixa contínua,COM VÍTIMA,2022,7,1,4,
2022-07-01,,Não informado,FINALIZADA,IPUTINGA,AV CAXANGA,Não informado,EM FRENTE AO BANCO SANTANDER -  PRÓXIMO AO ELEVADO,IPUTINGA,SUBURBIO,COLISÃO TRANSVERSAL,Não informado,1.0,1.0,0.0,0.0,0.0,0.0,0.0,0.0,0.0,2.0,0.0,Longo da via,Bom,Não existe,Perfeito estado,Seca,Perfeito estado,Não existe,Não há placas,60.0,Dupla,Faixa seccionada,COM VÍTIMA,2022,7,1,4,
2022-07-01,,Não informado,FINALIZADA,ENCRUZILHADA,RUA DONA ELVIRA,RUA DA CORAGEM,PRÓXIMO A QUITANDARIA NA ESTRADA DE BELÉM,ENCRUZILHADA,CIDADE,COLISÃO TRANSVERSAL,Não informado,1.0,1.0,0.0,0.0,0.0,0.0,0.0,0.0,0.0,2.0,0.0,Cruzamento,Bom,Não existe,Perfeito estado,Seca,Perfeito estado,Faixa de retenção,"Placas ""Pare""",60.0,Dupla,Não existe,COM VÍTIMA,2022,7,1,4,
2022-07-01,,Não informado,FINALIZADA,IMBIRIBEIRA,AV GENERAL MAC ARTHUR,AV DOM JOAO VI,PRÓXIMO AO LE PARC,IMBIRIBEIRA,SUBURBIO,COLISÃO COM CICLISTA,Não informado,1.0,0.0,0.0,1.0,0.0,0.0,0.0,0.0,0.0,1.0,0.0,Esquina,Bom,Não existe,Perfeito estado,Seca,Perfeito estado,Não existe,"Placas ""Pare""",60.0,Única,Faixa seccionada,COM VÍTIMA,2022,7,1,4,
2022-07-02,,Não informado,FINALIZADA,DOIS UNIDOS,AV HILDEBRANDO DE VASCONCELOS,Não informado,HA CEM METROS DO CANIL DA POLICIA MILITAR,DOIS UNIDOS,Não informado,CAPOTAMENTO,Não informado,1.0,0.0,0.0,0.0,0.0,0.0,0.0,0.0,0.0,0.0,0.0,Não informado,Não informado,Não informado,Não informado,Não informado,Não informado,Não informado,Não informado,60.0,Não informado,Não informado,SEM VÍTIMA,2022,7,2,5,
2022-07-02,,Não informado,FINALIZADA,ESTÂNCIA,AV RECIFE,RUA LAURA BANDEIRA DE MELO,EM FRENTE À LOJA O BARATÃO DAS EMBALAGENS,ESTÂNCIA,Não informado,COLISÃO LATERAL,Não informado,1.0,1.0,0.0,0.0,0.0,0.0,0.0,0.0,0.0,1.0,0.0,Não informado,Não informado,Não informado,Não informado,Não informado,Não informado,Não informado,Não informado,60.0,Não informado,Não informado,COM VÍTIMA,2022,7,2,5,
2022-07-02,,Não informado,FINALIZADA,VÁRZEA,AV CAXANGA,Não informado,PERTO DA UPA DA CAXANGA,VÁRZEA,CIDADE,COLISÃO TRASEIRA,Não informado,2.0,0.0,0.0,0.0,0.0,0.0,0.0,0.0,0.0,1.0,0.0,Ponte,Nublado,Não existe,Perfeito estado,Molhada,Perfeito estado,Não existe,Não há placas,60.0,Dupla,Canteiro central,COM VÍTIMA,2022,7,2,5,
2022-07-03,,Não informado,FINALIZADA,CASA AMARELA,EST DO ARRAIAL,1TR ARNOLDO MAGALHAES,"AO LADO DO CONDOMÍNIO VAN GOGH , VEÍCULO SE CHOCOU EM MOTOCICLETA MT-05 VIATURA OFICIAL DA CTTU PLACA  PCO-5977 QUE ESTAVA ESTACIONADA COM AGENTE EM MONITORAMENTO NAS PROXIMIDADES DO EVENDO SÃO JOÃO DO SITIO DA TRINDADE.",CASA AMARELA,SUBURBIO,CHOQUE,Não informado,1.0,1.0,0.0,0.0,0.0,0.0,0.0,1.0,0.0,0.0,0.0,Longo da via,Chuvoso,Não existe,Perfeito estado,Molhada,Perfeito estado,Não existe,Não há placas,60.0,Única,Não existe,SEM VÍTIMA,2022,7,3,6,
2022-07-04,,Não informado,FINALIZADA,BONGI,AV GENERAL SAN MARTIN,Não informado,PRÓXIMO AOS CORREIOS,BONGI,SUBURBIO,COLISÃO FRONTAL,Não informado,1.0,0.0,0.0,0.0,0.0,0.0,1.0,0.0,0.0,1.0,0.0,Longo da via,Chuvoso,Não existe,Perfeito estado,Molhada,Perfeito estado,Não existe,R-6a,60.0,Dupla,Faixa contínua,COM VÍTIMA,2022,7,4,0,
2022-07-04,,Não informado,FINALIZADA,BOA VIAGEM,AV BOA VIAGEM,AV ARMINDO MOURA,Não informado,BOA VIAGEM,Não informado,COLISÃO TRASEIRA,Não informado,1.0,1.0,0.0,0.0,0.0,0.0,0.0,0.0,0.0,1.0,0.0,Não informado,Não informado,Não informado,Não informado,Não informado,Não informado,Não informado,Não informado,60.0,Não informado,Não informado,COM VÍTIMA,2022,7,4,0,
2022-07-04,,Não informado,FINALIZADA,DOIS UNIDOS,AV HILDEBRANDO DE VASCONCELOS,Não informado,AO LADO DO CIP CAES,DOIS UNIDOS,SUBURBIO,CAPOTAMENTO,Não informado,1.0,0.0,0.0,0.0,0.0,0.0,0.0,0.0,0.0,0.0,0.0,Longo da via,Chuvoso,Não existe,Incompleta,Molhada,Perfeito estado,Não existe,Não informado,60.0,Dupla,Não existe,SEM VÍTIMA,2022,7,4,0,
2022-07-04,,Não informado,FINALIZADA,IPSEP,RUA JEAN EMILE FAVRE,RUA PAMPULHA,PRAÇA DA MAURICEA,IPSEP,SUBURBIO,COLISÃO TRANSVERSAL,Não informado,1.0,1.0,0.0,0.0,0.0,0.0,0.0,0.0,0.0,1.0,0.0,Cruzamento,Chuvoso,Sem defeito,Perfeito estado,Molhada,Não informado,Faixa de pedestre,R-4a,40.0,Dupla,Faixa contínua,COM VÍTIMA,2022,7,4,0,
2022-07-04,,Não informado,FINALIZADA,GUABIRABA,AV VEREADOR OTACILIO AZEVEDO,Não informado,TERMINAL DO ÔNIBUS GLOBO,GUABIRABA,Não informado,COLISÃO LATERAL,Não informado,1.0,1.0,0.0,0.0,0.0,0.0,0.0,0.0,0.0,1.0,0.0,Não informado,Não informado,Não informado,Não informado,Não informado,Não informado,Não informado,Não informado,60.0,Não informado,Não informado,COM VÍTIMA,2022,7,4,0,
2022-07-05,,Não informado,FINALIZADA,ENCRUZILHADA,AV BEBERIBE,RUA PROFESSOR JERONIMO GUEIROS,LADO OPOSTO AO 484,ENCRUZILHADA,CIDADE,CHOQUE,Não informado,0.0,0.0,0.0,0.0,0.0,0.0,0.0,1.0,0.0,0.0,0.0,Longo da via,Chuvoso,Sem defeito,Perfeito estado,Molhada,Perfeito estado,Outros,Outras,60.0,Dupla,Faixa contínua,SEM VÍTIMA,2022,7,5,1,
2022-07-05,,Não informado,FINALIZADA,SANTO AMARO,AV GOVERNADOR AGAMENON MAGALHAES,Não informado,EM FRENTE A ANTIGA FÁBRICA DO TACARUNA,SANTO AMARO,CIDADE,Não informado,Não informado,0.0,1.0,0.0,0.0,0.0,0.0,0.0,1.0,0.0,0.0,0.0,Longo da via,Bom,Não existe,Perfeito estado,Seca,Perfeito estado,Não existe,Não há placas,60.0,Única,Não existe,SEM VÍTIMA,2022,7,5,1,
2022-07-05,,Não informado,FINALIZADA,IPUTINGA,AV CAXANGA,Não informado,"PROXIMO Estação BRT  BR 101 , ACIDENTE COM VÍTIMA FATAL , CAMINHÃO SE EVADIU.",IPUTINGA,SUBURBIO,ATROPELAMENTO DE PESSOA,Não informado,0.0,0.0,0.0,0.0,1.0,0.0,1.0,0.0,0.0,0.0,1.0,Longo da via,Bom,Sem defeito,Perfeito estado,Seca,Perfeito estado,Faixa de pedestre,Não há placas,60.0,Dupla,Canteiro central,VÍTIMA FATAL,2022,7,5,1,
2022-07-05,,Não informado,FINALIZADA,SAN MARTIN,AV GENERAL SAN MARTIN,Não informado,PRAÇA DE EVENTOS,SAN MARTIN,CIDADE,COLISÃO LATERAL,Não informado,1.0,1.0,0.0,0.0,0.0,0.0,0.0,0.0,0.0,1.0,0.0,Longo da via,Bom,Não existe,Perfeito estado,Seca,Perfeito estado,Não existe,Não há placas,40.0,Dupla,Faixa contínua,COM VÍTIMA,2022,7,5,1,
2022-07-05,,Não informado,FINALIZADA,JAQUEIRA,AV RUI BARBOSA,Não informado,PARQUE DA JAQUEIRA,JAQUEIRA,CIDADE,COLISÃO TRASEIRA,Não informado,1.0,0.0,0.0,0.0,0.0,0.0,0.0,1.0,0.0,0.0,0.0,Longo da via,Bom,Não existe,Perfeito estado,Seca,Perfeito estado,Não existe,Não há placas,60.0,Única,Não existe,SEM VÍTIMA,2022,7,5,1,
2022-07-05,,Não informado,CANCELADA,APIPUCOS,RUA DE APIPUCOS,Não informado,EM FRENTE À PIZZARIA STUPENDA MASSAS,APIPUCOS,Não informado,COLISÃO LATERAL,Não informado,1.0,1.0,0.0,0.0,0.0,0.0,0.0,0.0,0.0,1.0,0.0,Não informado,Não informado,Não informado,Não informado,Não informado,Não informado,Não informado,Não informado,60.0,Não informado,Não informado,COM VÍTIMA,2022,7,5,1,
2022-07-05,,Não informado,FINALIZADA,IMBIRIBEIRA,AV MARECHAL MASCARENHAS DE MORAES,Não informado,LOGO APÓS O VIADUTO TANCREDO NEVES,IMBIRIBEIRA,CIDADE,COLISÃO TRASEIRA,Não informado,1.0,1.0,0.0,0.0,0.0,0.0,0.0,0.0,0.0,1.0,0.0,Longo da via,Bom,Não existe,Perfeito estado,Seca,Perfeito estado,Não existe,Não há placas,60.0,Única,Faixa seccionada,COM VÍTIMA,2022,7,5,1,
2022-07-05,,Não informado,FINALIZADA,IMBIRIBEIRA,RUA ITACARI,RUA ITAJAI,PROXIMO A EMPRESA YNOVE,IMBIRIBEIRA,SUBURBIO,COLISÃO TRANSVERSAL,Não informado,2.0,1.0,0.0,0.0,0.0,0.0,0.0,0.0,0.0,1.0,0.0,Cruzamento,Bom,Não existe,Perfeito estado,Seca,Perfeito estado,Faixa de pedestre,"Placas ""Pare""",60.0,Única,Faixa seccionada,COM VÍTIMA,2022,7,5,1,
2022-07-05,,Não informado,FINALIZADA,ROSARINHO,AV NORTE MIGUEL ARRAES DE ALENCAR,AV SANTOS DUMONT,ACIDENTE COM VÍTIMA ENVOVENDO MOTO E PEDESTRES ( ATROPELAMENTO )  INFORMAÇÃO COLHIDA A POSTERIOR,ROSARINHO,CIDADE,ATROPELAMENTO DE PESSOA,Não informado,0.0,1.0,0.0,0.0,1.0,0.0,0.0,0.0,0.0,2.0,0.0,Longo da via,Bom,Sem defeito,Perfeito estado,Seca,Perfeito estado,Faixa de pedestre,Outras,60.0,Dupla,Canteiro central,COM VÍTIMA,2022,7,5,1,
2022-07-05,,Não informado,FINALIZADA,CORDEIRO,AV GENERAL SAN MARTIN,Não informado,AO LADO DA COMPAZ,CORDEIRO,Não informado,COLISÃO LATERAL,Não informado,1.0,1.0,0.0,0.0,0.0,0.0,0.0,0.0,0.0,1.0,0.0,Não informado,Não informado,Não informado,Não informado,Não informado,Não informado,Não informado,Não informado,60.0,Não informado,Não informado,COM VÍTIMA,2022,7,5,1,
2022-07-05,,Não informado,FINALIZADA,AFOGADOS,RUA CARLOS PENA FILHO,RUA SAO MIGUEL,EM FRENTE CHINE BOX DE AFOGADOS,AFOGADOS,SUBURBIO,COLISÃO LATERAL,Não informado,1.0,1.0,0.0,0.0,0.0,0.0,0.0,0.0,0.0,1.0,0.0,Cruzamento,Chuvoso,Não existe,Incompleta,Molhada,Mal conservada,Não existe,Não há placas,60.0,Dupla,Não existe,COM VÍTIMA,2022,7,5,1,
2022-07-05,,Não informado,FINALIZADA,ESTÂNCIA,AV RECIFE,Não informado,EM FRENTE AO CERPE,ESTÂNCIA,Não informado,COLISÃO TRASEIRA,Não informado,1.0,0.0,0.0,0.0,0.0,0.0,1.0,0.0,0.0,0.0,0.0,Longo da via,Chuvoso,Sem defeito,Perfeito estado,Seca,Perfeito estado,Não informado,Não há placas,50.0,Dupla,Faixa contínua,SEM VÍTIMA,2022,7,5,1,
2022-07-05,,Não informado,FINALIZADA,PARNAMIRIM,AV DEZESSETE DE AGOSTO,AV FLOR DE SANTANA,BURGER KING,PARNAMIRIM,SUBURBIO,COLISÃO TRANSVERSAL,Não informado,1.0,1.0,0.0,0.0,0.0,0.0,0.0,0.0,0.0,1.0,0.0,Cruzamento,Chuvoso,Sem defeito,Perfeito estado,Molhada,Perfeito estado,Faixa de pedestre,Outras,60.0,Dupla,Faixa contínua,COM VÍTIMA,2022,7,5,1,
2022-07-05,,Não informado,FINALIZADA,ARRUDA,AV PROFESSOR JOSE DOS ANJOS,AV BEBERIBE,Não informado,ARRUDA,CIDADE,COLISÃO LATERAL,Não informado,1.0,0.0,0.0,0.0,0.0,0.0,1.0,0.0,0.0,1.0,0.0,Cruzamento,Chuvoso,Sem defeito,Perfeito estado,Molhada,Perfeito estado,Faixa de pedestre,Outras,60.0,Dupla,Faixa contínua,COM VÍTIMA,2022,7,5,1,
2022-07-05,,Não informado,FINALIZADA,DOIS UNIDOS,AV HILDEBRANDO DE VASCONCELOS,Não informado,PROXIMO A ANTIGA FABRICA MINERVA / ASINHA DO TOINHO,DOIS UNIDOS,CIDADE,COLISÃO LATERAL,Não informado,1.0,1.0,0.0,0.0,0.0,1.0,0.0,0.0,0.0,1.0,0.0,Longo da via,Chuvoso,Não existe,Não existente,Molhada,Perfeito estado,Não existe,Não há placas,60.0,Dupla,Não existe,COM VÍTIMA,2022,7,5,1,
2022-07-06,,Não informado,FINALIZADA,SANTO AMARO,AV GOVERNADOR AGAMENON MAGALHAES,AV DR JAYME DA FONTE,NO SEMAFORO 049,SANTO AMARO,SUBURBIO,COLISÃO TRASEIRA,Não informado,1.0,1.0,0.0,0.0,0.0,0.0,0.0,0.0,0.0,1.0,0.0,Cruzamento,Bom,Sem defeito,Perfeito estado,Seca,Perfeito estado,Faixa de pedestre,Não há placas,60.0,Dupla,Faixa seccionada,COM VÍTIMA,2022,7,6,2,
2022-07-06,,Não informado,FINALIZADA,SANTO ANTÔNIO,RUA FLORIANO PEIXOTO,Não informado,BRADESCO / CASAS BAHIA,SANTO ANTÔNIO,CIDADE,COLISÃO TRASEIRA,Não informado,1.0,0.0,0.0,0.0,0.0,0.0,0.0,1.0,0.0,0.0,0.0,Longo da via,Bom,Não existe,Não existente,Seca,Perfeito estado,Não existe,Outras,60.0,Única,Não existe,SEM VÍTIMA,2022,7,6,2,
2022-07-06,,Não informado,FINALIZADA,IPUTINGA,AV MAURICIO DE NASSAU,Não informado,EM FRENTE AO ALUGUEL DE REBOQUE,IPUTINGA,Não informado,COLISÃO TRANSVERSAL,Não informado,1.0,1.0,0.0,0.0,0.0,0.0,0.0,0.0,0.0,1.0,0.0,Cruzamento,Bom,Não existe,Ilegível,Seca,Perfeito estado,Não existe,R-6a,60.0,Dupla,Outros,COM VÍTIMA,2022,7,6,2,
2022-07-06,,Não informado,FINALIZADA,BOA VISTA,AV GOVERNADOR AGAMENON MAGALHAES,RUA JOAO FERNANDES VIEIRA,COLÉGIO AMERICANO BATISTA,BOA VISTA,Não informado,Não informado,Não informado,1.0,0.0,0.0,0.0,0.0,0.0,0.0,1.0,0.0,0.0,0.0,Cruzamento,Bom,Sem defeito,Perfeito estado,Seca,Perfeito estado,Agente,Não há placas,60.0,Dupla,Canteiro central,SEM VÍTIMA,2022,7,6,2,
2022-07-06,,Não informado,FINALIZADA,DERBY,AV GOVERNADOR AGAMENON MAGALHAES,AV RUI BARBOSA,EM FRENTE AO TRE,DERBY,SUBURBIO,QUEDA,Não informado,0.0,1.0,0.0,0.0,0.0,0.0,0.0,0.0,0.0,1.0,0.0,Longo da via,Bom,Sem defeito,Perfeito estado,Seca,Perfeito estado,Faixa de pedestre,Outras,60.0,Única,Canteiro central,COM VÍTIMA,2022,7,6,2,
2022-07-06,,Não informado,FINALIZADA,BOA VISTA,RUA DA AURORA,Não informado,EM FRENTE AO BANCO CENTRAL,BOA VISTA,Não informado,ATROPELAMENTO DE PESSOA,Não informado,1.0,0.0,0.0,0.0,1.0,0.0,0.0,0.0,0.0,1.0,0.0,Longo da via,Bom,Não existe,Perfeito estado,Seca,Perfeito estado,Não existe,Não há placas,60.0,Dupla,Canteiro central,COM VÍTIMA,2022,7,6,2,
2022-07-07,,Não informado,CANCELADA,CIDADE UNIVERSITÁRIA,AV CAXANGA,RUA GENERAL POLIDORO,EM FRENTE A FIAT,CIDADE UNIVERSITÁRIA,Não informado,COLISÃO TRANSVERSAL,Não informado,2.0,0.0,0.0,0.0,0.0,0.0,0.0,0.0,0.0,0.0,0.0,Não informado,Não informado,Não informado,Não informado,Não informado,Não informado,Não informado,Não informado,60.0,Não informado,Não informado,SEM VÍTIMA,2022,7,7,3,
2022-07-07,,Não informado,FINALIZADA,BOA VIAGEM,RUA VISCONDE DE JEQUITINHONHA,RUA CAPITAO ZUZINHA,SEM. 433 - CRUZAMENTO C/A RUA CAP ZUZINHA,BOA VIAGEM,Não informado,COLISÃO COM CICLISTA,Não informado,0.0,0.0,0.0,1.0,0.0,1.0,0.0,0.0,0.0,1.0,0.0,Cruzamento,Bom,Sem defeito,Perfeito estado,Seca,Perfeito estado,Não informado,Outras,60.0,Não informado,Não informado,COM VÍTIMA,2022,7,7,3,
2022-07-07,,Não informado,FINALIZADA,SÃO JOSÉ,C SANTA RITA,Não informado,OPOSTO AS TORRES GEMEAS,SÃO JOSÉ,SUBURBIO,COLISÃO LATERAL,Não informado,1.0,1.0,0.0,0.0,0.0,0.0,0.0,0.0,0.0,1.0,0.0,Longo da via,Chuvoso,Não existe,Não existente,Molhada,Perfeito estado,Não existe,Não há placas,60.0,Única,Faixa seccionada,COM VÍTIMA,2022,7,7,3,
2022-07-07,,Não informado,FINALIZADA,CASA AMARELA,AV NORTE MIGUEL ARRAES DE ALENCAR,Não informado,PROX. A FARMACIA DO TRABALHADOR,CASA AMARELA,CIDADE,ATROPELAMENTO DE PESSOA,Não informado,0.0,1.0,0.0,0.0,1.0,0.0,0.0,0.0,0.0,2.0,0.0,Longo da via,Chuvoso,Sem defeito,Perfeito estado,Molhada,Perfeito estado,Faixa de pedestre,R-6a,60.0,Dupla,Faixa seccionada,COM VÍTIMA,2022,7,7,3,
2022-07-07,,Não informado,FINALIZADA,JORDÃO,AV DONA CARENTINA,Não informado,AO LADO DA PRAÇA DO JORDÃO ALTO,JORDÃO,SUBURBIO,COLISÃO TRASEIRA,Não informado,3.0,0.0,0.0,0.0,0.0,0.0,0.0,0.0,0.0,0.0,0.0,Longo da via,Bom,Não existe,Não existente,Seca,Perfeito estado,Não existe,Não há placas,60.0,Dupla,Não existe,SEM VÍTIMA,2022,7,7,3,
2022-07-07,,Não informado,CANCELADA,SANTO ANTÔNIO,AV DANTAS BARRETO,Não informado,"COLISÃO ENTRE AUTO / MOTO.  ENVOLVENDO O SUB MALAGUETA, SOLICITADO APOIO DOS BATEDORES  INSP VALMIR  / BAT  LIMOEIRO",SANTO ANTÔNIO,Não informado,COLISÃO LATERAL,Não informado,1.0,1.0,0.0,0.0,0.0,0.0,0.0,0.0,0.0,1.0,0.0,Não informado,Não informado,Não informado,Não informado,Não informado,Não informado,Não informado,Não informado,60.0,Não informado,Não informado,COM VÍTIMA,2022,7,7,3,
2022-07-07,,Não informado,FINALIZADA,BOA VIAGEM,RUA BARAO DE SOUZA LEAO,RUA ALMIRANTE TAMANDARE,ESCOLA SANTOS DUMONT,BOA VIAGEM,SUBURBIO,COLISÃO LATERAL,Não informado,1.0,1.0,0.0,0.0,0.0,0.0,0.0,0.0,0.0,1.0,0.0,Esquina,Bom,Não existe,Perfeito estado,Seca,Perfeito estado,Não existe,Não há placas,60.0,Única,Faixa seccionada,COM VÍTIMA,2022,7,7,3,
2022-07-07,,Não informado,FINALIZADA,BAIRRO DO RECIFE,AV ALFREDO LISBOA,Não informado,OGRIO RECIFE AO LADO,BAIRRO DO RECIFE,SUBURBIO,CHOQUE,Não informado,1.0,0.0,0.0,0.0,0.0,0.0,0.0,0.0,0.0,0.0,0.0,Longo da via,Chuvoso,Não existe,Perfeito estado,Molhada,Perfeito estado,Não existe,R-6a,60.0,Única,Faixa seccionada,SEM VÍTIMA,2022,7,7,3,
2022-07-08,,Não informado,CANCELADA,PRADO,RUA CARLOS GOMES,Não informado,EM FRENTE AO CONSELHO REGIONAL DE CONTABILIDADE,PRADO,Não informado,COLISÃO FRONTAL,Não informado,1.0,1.0,0.0,0.0,0.0,0.0,0.0,0.0,0.0,1.0,0.0,Não informado,Não informado,Não informado,Não informado,Não informado,Não informado,Não informado,Não informado,60.0,Não informado,Não informado,COM VÍTIMA,2022,7,8,4,