data,hora,natureza_acidente,situacao,bairro,endereco,detalhe_endereco_acidente,complemento,bairro_cruzamento,sentido_via,tipo,descricao,auto,moto,ciclom,ciclista,pedestre,onibus,caminhao,viatura,outros,vitimas,vitimasfatais,acidente_verificado,tempo_clima,situacao_semaforo,sinalizacao,condicao_via,conservacao_via,ponto_controle,situacao_placa,velocidade_max_via,mao_direcao,divisao_via1,natureza,ano,mes,dia,dia_semana,hora_ocorrencia
2022-07-08,,Não informado,FINALIZADA,GRAÇAS,RUA ANTONIO NOVAIS,RUA SOUZA DE ANDRADE,Não informado,GRAÇAS,SUBURBIO,Não informado,Não informado,0.0,0.0,0.0,0.0,0.0,0.0,1.0,0.0,0.0,0.0,0.0,Cruzamento,Bom,Não existe,Perfeito estado,Seca,Perfeito estado,Não existe,Não informado,60.0,Única,Não existe,SEM VÍTIMA,2022,7,8,4,
2022-07-08,,Não informado,FINALIZADA,MADALENA,RUA DEMOCRITO DE SOUZA FILHO,RUA BARTOLOMEU DE GUSMAO,BELEZA CAFÉ MODA E BARBEARIA,MADALENA,CIDADE,COLISÃO TRANSVERSAL,Não informado,1.0,1.0,0.0,0.0,0.0,0.0,0.0,0.0,0.0,2.0,0.0,Cruzamento,Bom,Não existe,Perfeito estado,Seca,Perfeito estado,Não existe,Não há placas,60.0,Única,Faixa seccionada,COM VÍTIMA,2022,7,8,4,
2022-07-08,,Não informado,FINALIZADA,ÁGUA FRIA,RUA SAO SEBASTIAO,RUA JULIO JOSE DE SOUZA,PROX A BRASILGAS,ÁGUA FRIA,Não informado,CHOQUE,Não informado,0.0,0.0,0.0,0.0,0.0,0.0,1.0,0.0,0.0,2.0,0.0,Longo da via,Chuvoso,Não existe,Não existente,Molhada,Perfeito estado,Não existe,Não há placas,60.0,Dupla,Não existe,COM VÍTIMA,2022,7,8,4,
2022-07-08,,Não informado,FINALIZADA,IPUTINGA,EST DO BARBALHO,Não informado,EM FRENTE A CARLOS PEÇAS,IPUTINGA,CIDADE,COLISÃO COM CICLISTA,Não informado,0.0,1.0,0.0,1.0,0.0,0.0,0.0,0.0,0.0,1.0,0.0,Longo da via,Bom,Não existe,Incompleta,Seca,Perfeito estado,Não existe,Não há placas,60.0,Única,Não existe,COM VÍTIMA,2022,7,8,4,
2022-07-08,,Não informado,FINALIZADA,SÃO JOSÉ,AV SUL,Não informado,ANTES DO POSTO BR / LOJA DOS FREIOS,SÃO JOSÉ,CIDADE,CHOQUE,Não informado,0.0,1.0,0.0,0.0,0.0,0.0,0.0,0.0,1.0,2.0,0.0,Longo da via,Bom,Não existe,Perfeito estado,Seca,Perfeito estado,Não existe,Não há placas,60.0,Única,Faixa seccionada,COM VÍTIMA,2022,7,8,4,
2022-07-08,,Não informado,FINALIZADA,CAMPO GRANDE,RUA PROFESSOR FRANCISCO DA TRINDADE,RUA CATULO DA PAIXAO CEARENSE,DEPOIS DO CLUBE DAS PAZ PRIMEIRA DIREITA,CAMPO GRANDE,SUBURBIO,COLISÃO TRANSVERSAL,Não informado,2.0,0.0,0.0,0.0,0.0,0.0,0.0,0.0,0.0,1.0,0.0,Cruzamento,Bom,Não existe,Perfeito estado,Seca,Perfeito estado,Faixa de pedestre,Não informado,60.0,Dupla,Faixa seccionada,COM VÍTIMA,2022,7,8,4,
2022-07-08,,Não informado,CANCELADA,LINHA DO TIRO,AV VEREADOR OTACILIO AZEVEDO,Não informado,PRÓXIMO AO TERMINAL DO BREJO,LINHA DO TIRO,Não informado,COLISÃO COM CICLISTA,Não informado,0.0,0.0,0.0,0.0,0.0,0.0,0.0,0.0,0.0,1.0,0.0,Não informado,Não informado,Não informado,Não informado,Não informado,Não informado,Não informado,Não informado,60.0,Não informado,Não informado,COM VÍTIMA,2022,7,8,4,
2022-07-08,,Não informado,FINALIZADA,DOIS IRMÃOS,RUA MANUEL DE MEDEIROS,Não informado,EM FRENTE  A UFRPE,DOIS IRMÃOS,Não informado,COLISÃO LATERAL,Não informado,1.0,1.0,0.0,0.0,0.0,0.0,0.0,0.0,0.0,2.0,0.0,Longo da via,Bom,Sem defeito,Perfeito estado,Seca,Perfeito estado,Não existe,Não há placas,40.0,Dupla,Faixa contínua,COM VÍTIMA,2022,7,8,4,
2022-07-08,,Não informado,FINALIZADA,AFOGADOS,RUA SAO MIGUEL,EST DOS REMEDIOS,LARGO DA PAZ,AFOGADOS,SUBURBIO,COLISÃO TRANSVERSAL,Não informado,0.0,0.0,1.0,0.0,0.0,1.0,0.0,0.0,0.0,2.0,0.0,Cruzamento,Bom,Sem defeito,Perfeito estado,Seca,Perfeito estado,Faixa de pedestre,Outras,60.0,Única,Não existe,COM VÍTIMA,2022,7,8,4,
2022-07-09,,Não informado,FINALIZADA,CASA AMARELA,AV NORTE MIGUEL ARRAES DE ALENCAR,Não informado,SUPERMERCADO MAIS VOCÊ,CASA AMARELA,SUBURBIO,COLISÃO TRASEIRA,Não informado,2.0,1.0,0.0,0.0,0.0,0.0,0.0,0.0,0.0,4.0,0.0,Longo da via,Bom,Sem defeito,Perfeito estado,Seca,Perfeito estado,Faixa de pedestre,R-6a,60.0,Dupla,Canteiro central,COM VÍTIMA,2022,7,9,5,
2022-07-09,,Não informado,FINALIZADA,CASA AMARELA,EST DAS UBAIAS,RUA CONS NABUCO,POSTO BR / SEMÁFORO 655,CASA AMARELA,Não informado,QUEDA,Não informado,1.0,1.0,0.0,0.0,0.0,0.0,0.0,0.0,0.0,1.0,0.0,Não informado,Não informado,Não informado,Não informado,Não informado,Não informado,Não informado,Não informado,60.0,Não informado,Não informado,COM VÍTIMA,2022,7,9,5,
2022-07-10,,Não informado,FINALIZADA,NOVA DESCOBERTA,RUA NOVA DESCOBERTA,Não informado,"NA ENTRADA DO CORREGO DA AREIA, PRÓXIMO A FEIRA DE NOVA DESCOBERTA",NOVA DESCOBERTA,Não informado,COLISÃO LATERAL,Não informado,0.0,1.0,0.0,0.0,0.0,1.0,0.0,0.0,0.0,1.0,0.0,Não informado,Não informado,Não informado,Não informado,Não informado,Não informado,Não informado,Não informado,60.0,Não informado,Não informado,COM VÍTIMA,2022,7,10,6,
2022-07-10,,Não informado,FINALIZADA,AFOGADOS,RUA COSME VIANA,RUA DR ADELINO,Não informado,AFOGADOS,SUBURBIO,COLISÃO LATERAL,Não informado,0.0,2.0,0.0,0.0,0.0,0.0,0.0,0.0,0.0,1.0,0.0,Cruzamento,Bom,Sem defeito,Perfeito estado,Seca,Perfeito estado,Não existe,Não há placas,60.0,Única,Não existe,COM VÍTIMA,2022,7,10,6,
2022-07-10,,Não informado,FINALIZADA,CASA AMARELA,EST DO ARRAIAL,RUA BELA VISTA,COM ESTRADA DO ARRAIAL,CASA AMARELA,SUBURBIO,COLISÃO LATERAL,Não informado,0.0,1.0,1.0,0.0,0.0,0.0,0.0,0.0,0.0,1.0,0.0,Esquina,Bom,Não existe,Não existente,Seca,Perfeito estado,Não existe,Não há placas,60.0,Única,Faixa seccionada,COM VÍTIMA,2022,7,10,6,
2022-07-11,,Não informado,FINALIZADA,IPUTINGA,AV PROFESSOR JOAQUIM CAVALCANTI,Não informado,PROXIMO AO VIADUTO DA CAXANGA,IPUTINGA,SUBURBIO,CHOQUE,Não informado,1.0,0.0,0.0,0.0,0.0,0.0,0.0,0.0,0.0,3.0,0.0,Outros,Chuvoso,Não existe,Incompleta,Molhada,Perfeito estado,Não existe,Não há placas,60.0,Dupla,Canteiro central,COM VÍTIMA,2022,7,11,0,
2022-07-11,,Não informado,FINALIZADA,DERBY,AV GOVERNADOR AGAMENON MAGALHAES,Não informado,"EM FRENTE A RESTAURAÇÃO, SENT. BOA VIAGEM",DERBY,Não informado,COLISÃO TRASEIRA,Não informado,0.0,2.0,0.0,0.0,0.0,0.0,0.0,0.0,0.0,2.0,0.0,Longo da via,Bom,Sem defeito,Não informado,Molhada,Perfeito estado,Outros,Não há placas,60.0,Única,Faixa seccionada,COM VÍTIMA,2022,7,11,0,
2022-07-11,,Não informado,FINALIZADA,AFOGADOS,EST DOS REMEDIOS,Não informado,EM FRENTE A CUNHA PNEUS,AFOGADOS,CIDADE,COLISÃO TRASEIRA,Não informado,1.0,1.0,0.0,0.0,0.0,0.0,0.0,0.0,0.0,1.0,0.0,Longo da via,Bom,Não existe,Perfeito estado,Seca,Perfeito estado,Não existe,R-6a,60.0,Única,Faixa contínua,COM VÍTIMA,2022,7,11,0,
2022-07-11,,Não informado,FINALIZADA,PINA,AV ENGENHEIRO DOMINGOS FERREIRA,Não informado,EM FRENTE AO ANTIGO CARTORIO DE REGISTRO,PINA,SUBURBIO,COLISÃO LATERAL,Não informado,1.0,1.0,0.0,0.0,0.0,0.0,0.0,0.0,0.0,1.0,0.0,Longo da via,Bom,Não existe,Incompleta,Seca,Mal iluminada,Não existe,Não há placas,60.0,Única,Não existe,COM VÍTIMA,2022,7,11,0,
2022-07-12,,Não informado,FINALIZADA,AREIAS,RUA JOSE NATARIO,Não informado,PRÓX. À CBTU,AREIAS,SUBURBIO,COLISÃO TRASEIRA,Não informado,0.0,2.0,0.0,0.0,0.0,0.0,0.0,0.0,0.0,1.0,0.0,Longo da via,Bom,Não existe,Não existente,Seca,Perfeito estado,Não existe,Não há placas,60.0,Dupla,Não existe,COM VÍTIMA,2022,7,12,1,
2022-07-12,,Não informado,FINALIZADA,IMBIRIBEIRA,AV MARECHAL MASCARENHAS DE MORAES,RUA JALISCO,EM FRENTE O GERALDÃO,IMBIRIBEIRA,CIDADE,COLISÃO TRASEIRA,Não informado,1.0,1.0,0.0,0.0,0.0,0.0,0.0,0.0,0.0,1.0,0.0,Longo da via,Bom,Sem defeito,Perfeito estado,Seca,Perfeito estado,Faixa de retenção,Outras,60.0,Dupla,Canteiro central,COM VÍTIMA,2022,7,12,1,
2022-07-12,,Não informado,FINALIZADA,TEJIPIÓ,AV DR JOSE RUFINO,Não informado,PROX AO ARMAZEM CORAL,TEJIPIÓ,CIDADE,COLISÃO TRASEIRA,Não informado,1.0,1.0,0.0,0.0,0.0,0.0,0.0,0.0,0.0,1.0,0.0,Longo da via,Bom,Não existe,Ilegível,Seca,Perfeito estado,Não existe,Não há placas,60.0,Dupla,Faixa contínua,COM VÍTIMA,2022,7,12,1,
2022-07-13,,Não informado,FINALIZADA,DOIS UNIDOS,AV HILDEBRANDO DE VASCONCELOS,RUA URIEL DE HOLANDA,CT DO SANTA CRUZ / ENTRADA DE DOIS UNIDOS,DOIS UNIDOS,SUBURBIO,COLISÃO FRONTAL,Não informado,1.0,1.0,0.0,0.0,0.0,0.0,0.0,0.0,0.0,1.0,0.0,Cruzamento,Chuvoso,Não existe,Não existente,Molhada,Perfeito estado,Não existe,Não há placas,60.0,Dupla,Não existe,COM VÍTIMA,2022,7,13,2,
2022-07-13,,Não informado,FINALIZADA,PINA,AV HERCULANO BANDEIRA,Não informado,EM FRENTE AO MARTELINHO DE OURO,PINA,SUBURBIO,COLISÃO TRASEIRA,Não informado,1.0,1.0,0.0,0.0,0.0,0.0,0.0,0.0,0.0,1.0,0.0,Longo da via,Chuvoso,Não existe,Perfeito estado,Molhada,Perfeito estado,Não existe,R-6a,60.0,Única,Faixa seccionada,COM VÍTIMA,2022,7,13,2,
2022-07-13,,Não informado,FINALIZADA,BOA VIAGEM,RUA WALDEMAR NERY CARNEIRO MONTEIRO,RUA SIDERAL,PRÓX. AO ESPAÇO CRIANÇAR E AO CAPS ESPAÇO LIVREMENTE,BOA VIAGEM,SUBURBIO,COLISÃO LATERAL,Não informado,2.0,1.0,0.0,0.0,0.0,0.0,0.0,0.0,0.0,1.0,0.0,Cruzamento,Bom,Não existe,Não existente,Seca,Perfeito estado,Não existe,Não há placas,60.0,Dupla,Faixa contínua,COM VÍTIMA,2022,7,13,2,
2022-07-13,,Não informado,FINALIZADA,CABANGA,AV ENGENHEIRO JOSE ESTELITA,Não informado,APÓS O CABANGA IATE CLUBE,CABANGA,CIDADE,Não informado,Não informado,2.0,0.0,0.0,0.0,0.0,0.0,0.0,0.0,0.0,0.0,0.0,Longo da via,Bom,Não existe,Perfeito estado,Seca,Perfeito estado,Não existe,R-19,60.0,Dupla,Faixa seccionada,SEM VÍTIMA,2022,7,13,2,
2022-07-13,,Não informado,FINALIZADA,TORRE,AV BEIRA RIO,RUA CONDE DE IRAJA,PRÓX. À OGREJA EXÉRCITO DE SALVAÇÃO,TORRE,SUBURBIO,COLISÃO TRANSVERSAL,Não informado,1.0,1.0,0.0,0.0,0.0,0.0,0.0,0.0,0.0,1.0,0.0,Cruzamento,Bom,Sem defeito,Perfeito estado,Seca,Perfeito estado,Faixa de pedestre,Outras,60.0,Dupla,Faixa contínua,COM VÍTIMA,2022,7,13,2,
2022-07-13,,Não informado,FINALIZADA,ÁGUA FRIA,RUA DA REGENERACAO,RUA DEZESSEIS DE JULHO,EM FRENTE AO IRMÃO ANDRADRE BEBIDAS,ÁGUA FRIA,Não informado,COLISÃO FRONTAL,Não informado,1.0,1.0,0.0,0.0,0.0,0.0,0.0,0.0,0.0,1.0,0.0,Longo da via,Bom,Não existe,Incompleta,Seca,Perfeito estado,Não existe,Não há placas,60.0,Dupla,Não existe,COM VÍTIMA,2022,7,13,2,
2022-07-13,,Não informado,CANCELADA,IBURA,RUA IBIARA,Não informado,E/F A ANTIGA FREVO,IBURA,Não informado,COLISÃO LATERAL,Não informado,0.0,1.0,0.0,0.0,0.0,0.0,1.0,0.0,0.0,2.0,0.0,Não informado,Não informado,Não informado,Não informado,Não informado,Não informado,Não informado,Não informado,60.0,Não informado,Não informado,COM VÍTIMA,2022,7,13,2,
2022-07-13,,Não informado,FINALIZADA,BOA VIAGEM,AV ENGENHEIRO DOMINGOS FERREIRA,Não informado,EM FRENTE A CASA PRONTA,BOA VIAGEM,Não informado,ATROPELAMENTO DE PESSOA,Não informado,1.0,0.0,0.0,0.0,2.0,0.0,0.0,0.0,0.0,2.0,0.0,Não informado,Não informado,Não informado,Não informado,Não informado,Não informado,Não informado,Não informado,60.0,Não informado,Não informado,COM VÍTIMA,2022,7,13,2,
2022-07-13,,Não informado,FINALIZADA,CASA AMARELA,RUA PADRE LEMOS,RUA DR TOME DIAS,ESQUINA DA IGREJA UNIVERSAL,CASA AMARELA,SUBURBIO,COLISÃO TRASEIRA,Não informado,1.0,1.0,0.0,0.0,0.0,0.0,0.0,0.0,0.0,1.0,0.0,Longo da via,Bom,Não existe,Perfeito estado,Seca,Perfeito estado,Não existe,Outras,60.0,Dupla,Não informado,COM VÍTIMA,2022,7,13,2,
2022-07-13,,Não informado,CANCELADA,AREIAS,AV IZABEL DE GOES,Não informado,Não informado,AREIAS,Não informado,COLISÃO LATERAL,Não informado,0.0,0.0,0.0,0.0,0.0,0.0,0.0,0.0,0.0,0.0,0.0,Não informado,Não informado,Não informado,Não informado,Não informado,Não informado,Não informado,Não informado,60.0,Não informado,Não informado,SEM VÍTIMA,2022,7,13,2,
2022-07-13,,Não informado,FINALIZADA,Não informado,RUA JOAO FERNANDES VIEIRA,PRC PARQUE AMORIM,EM FRENTE SUPER BOMPREÇO,Não informado,SUBURBIO,Não informado,Não informado,1.0,0.0,0.0,0.0,0.0,1.0,0.0,0.0,0.0,0.0,0.0,Longo da via,Bom,Sem defeito,Perfeito estado,Seca,Perfeito estado,Faixa de pedestre,Não informado,60.0,Única,Faixa seccionada,SEM VÍTIMA,2022,7,13,2,
2022-07-14,,Não informado,FINALIZADA,IMBIRIBEIRA,RUA ARQUITETO LUIZ NUNES,RUA ARQUITETO FERNANDO ALMEIDA,PRÓXIMO A LAGOA DO ARAÇA ONDE TEM A LOMBADA ELET^RNICA,IMBIRIBEIRA,SUBURBIO,COLISÃO LATERAL,Não informado,1.0,1.0,0.0,0.0,0.0,0.0,0.0,0.0,0.0,1.0,0.0,Cruzamento,Chuvoso,Não existe,Perfeito estado,Molhada,Perfeito estado,Não existe,Não há placas,60.0,Única,Faixa seccionada,COM VÍTIMA,2022,7,14,3,
2022-07-14,,Não informado,FINALIZADA,IPSEP,AV SENADOR ROBERT KENNEDY,RUA CONDESSA DE BARRAL,EM FRENTE À URB / REGIONAL SUL DA DIRCON,IPSEP,SUBURBIO,COLISÃO FRONTAL,Não informado,1.0,1.0,0.0,0.0,0.0,0.0,0.0,0.0,0.0,1.0,0.0,Cruzamento,Bom,Não existe,Não existente,Seca,Perfeito estado,Não existe,Não há placas,60.0,Dupla,Faixa seccionada,COM VÍTIMA,2022,7,14,3,
2022-07-14,,Não informado,FINALIZADA,AREIAS,AV SALDANHA MARINHO,AV RECIFE,EM FRENTE AO POSTO BR,AREIAS,SUBURBIO,COLISÃO LATERAL,Não informado,1.0,1.0,0.0,0.0,0.0,0.0,0.0,0.0,0.0,2.0,0.0,Não informado,Não informado,Não informado,Não informado,Não informado,Não informado,Não informado,Não informado,60.0,Não informado,Não informado,COM VÍTIMA,2022,7,14,3,
2022-07-14,,Não informado,FINALIZADA,AFOGADOS,RUA SAO MIGUEL,Não informado,NO SEMÁFORO 423,AFOGADOS,Não informado,COLISÃO LATERAL,Não informado,2.0,0.0,0.0,0.0,0.0,0.0,0.0,0.0,0.0,0.0,0.0,Longo da via,Bom,Não existe,Perfeito estado,Seca,Perfeito estado,Não existe,Não há placas,60.0,Dupla,Faixa contínua,SEM VÍTIMA,2022,7,14,3,
2022-07-14,,Não informado,FINALIZADA,IPSEP,AV SENADOR ROBERT KENNEDY,RUA RIO OCEANICO,PROX A CLINICA MED SLIM,IPSEP,Não informado,COLISÃO FRONTAL,Não informado,1.0,0.0,0.0,0.0,0.0,0.0,1.0,0.0,0.0,0.0,0.0,Não informado,Não informado,Não informado,Não informado,Não informado,Não informado,Não informado,Não informado,60.0,Não informado,Não informado,SEM VÍTIMA,2022,7,14,3,
2022-07-14,,Não informado,FINALIZADA,ILHA DO LEITE,RUA FRANCISCO ALVES,RUA CAPITAO JOSE DA LUZ,NA FRENTE DO EMPRESARIAL RIO CAPIBARIBE,ILHA DO LEITE,Não informado,COLISÃO FRONTAL,Não informado,1.0,1.0,0.0,0.0,0.0,0.0,0.0,0.0,0.0,1.0,0.0,Cruzamento,Bom,Não existe,Perfeito estado,Seca,Perfeito estado,Faixa de retenção,"Placas ""Pare""",60.0,Dupla,Faixa contínua,COM VÍTIMA,2022,7,14,3,
2022-07-14,,Não informado,FINALIZADA,VASCO DA GAMA,RUA ALTO DO EUCALIPTO,Não informado,PROX A BARRACA DO SEU ALCIDES,VASCO DA GAMA,Não informado,COLISÃO LATERAL,Não informado,0.0,2.0,0.0,0.0,0.0,0.0,0.0,0.0,0.0,2.0,0.0,Longo da via,Bom,Não existe,Perfeito estado,Seca,Perfeito estado,Não existe,Não informado,30.0,Dupla,Não existe,COM VÍTIMA,2022,7,14,3,
2022-07-15,,Não informado,FINALIZADA,IPSEP,RUA ITACARI,RUA ITAJAI,"RUA ITAJAI - PROX ACADEMIA XTR  -  COLISÃO ENTRE DOIS AUTO.  SAMU A CAMINHO DE LOCAL , PFF-1112 HONDA CITY CINZA/ QNG-9998 ONIX PRATA",IPSEP,Não informado,COLISÃO FRONTAL,Não informado,2.0,0.0,0.0,0.0,0.0,0.0,0.0,0.0,0.0,1.0,0.0,Cruzamento,Bom,Não existe,Perfeito estado,Seca,Perfeito estado,Faixa de pedestre,"Placas ""Pare""",40.0,Única,Faixa contínua,COM VÍTIMA,2022,7,15,4,
2022-07-15,,Não informado,CANCELADA,BOA VIAGEM,RUA VISCONDE DE JEQUITINHONHA,Não informado,PROX AO HOSPITAL ALFA,BOA VIAGEM,Não informado,COLISÃO TRASEIRA,Não informado,1.0,1.0,0.0,0.0,0.0,0.0,0.0,0.0,0.0,1.0,0.0,Não informado,Não informado,Não informado,Não informado,Não informado,Não informado,Não informado,Não informado,60.0,Não informado,Não informado,COM VÍTIMA,2022,7,15,4,
2022-07-15,,Não informado,FINALIZADA,TORRÕES,RUA GURUPI,Não informado,AO LADO DO POSTO IPIRANGA,TORRÕES,Não informado,COLISÃO LATERAL,Não informado,0.0,0.0,0.0,0.0,0.0,0.0,0.0,0.0,0.0,0.0,0.0,Longo da via,Bom,Não existe,Não existente,Seca,Perfeito estado,Não existe,Não há placas,60.0,Dupla,Não existe,SEM VÍTIMA,2022,7,15,4,
2022-07-15,,Não informado,FINALIZADA,IPUTINGA,AV CAXANGA,Não informado,PROX AO SUPERMERCADO ARCO-MIX,IPUTINGA,Não informado,QUEDA,Não informado,0.0,1.0,0.0,0.0,0.0,0.0,0.0,0.0,0.0,1.0,0.0,Longo da via,Bom,Não existe,Perfeito estado,Seca,Perfeito estado,Não existe,Não há placas,60.0,Dupla,Canteiro central,COM VÍTIMA,2022,7,15,4,
2022-07-15,,Não informado,FINALIZADA,SAN MARTIN,AV GENERAL SAN MARTIN,Não informado,PRÓXIMO A RUA TENENTE MINDELO,SAN MARTIN,SUBURBIO,COLISÃO COM CICLISTA,Não informado,1.0,0.0,0.0,1.0,0.0,0.0,0.0,0.0,0.0,1.0,0.0,Longo da via,Chuvoso,Não existe,Perfeito estado,Molhada,Não informado,Não informado,Não informado,60.0,Dupla,Não existe,COM VÍTIMA,2022,7,15,4,
2022-07-16,,Não informado,FINALIZADA,PINA,AV ANTONIO DE GOES,Não informado,DNIT,PINA,CIDADE,COLISÃO TRASEIRA,Não informado,1.0,1.0,0.0,0.0,0.0,0.0,0.0,0.0,0.0,1.0,0.0,Outros,Chuvoso,Sem defeito,Perfeito estado,Molhada,Perfeito estado,Faixa de pedestre,Não informado,60.0,Única,Faixa seccionada,COM VÍTIMA,2022,7,16,5,
2022-07-16,,Não informado,FINALIZADA,GRAÇAS,RUA SAO SALVADOR,Não informado,PROX A UNIMED DA AGAMENON MAGALHÕES,GRAÇAS,Não informado,COLISÃO LATERAL,Não informado,1.0,1.0,0.0,0.0,0.0,0.0,0.0,0.0,0.0,1.0,0.0,Longo da via,Chuvoso,Não existe,Não informado,Molhada,Perfeito estado,Não informado,Não informado,60.0,Não informado,Não informado,COM VÍTIMA,2022,7,16,5,
2022-07-16,,Não informado,FINALIZADA,CAMPO GRANDE,RUA MARQUES DE ABRANTES,RUA PRUDENTE DE MORAES,PROX AO ULTRA GAS,CAMPO GRANDE,CIDADE,COLISÃO TRANSVERSAL,Não informado,1.0,1.0,0.0,0.0,0.0,0.0,0.0,0.0,0.0,1.0,0.0,Cruzamento,Chuvoso,Não existe,Perfeito estado,Molhada,Perfeito estado,Não existe,"Placas ""Pare""",60.0,Dupla,Faixa seccionada,COM VÍTIMA,2022,7,16,5,
2022-07-16,,Não informado,FINALIZADA,ENGENHO DO MEIO,RUA PEDRO DA CUNHA ANDRADE,Não informado,RUA DO COLÉGIO DIÁRIO DE PERNAMBUCO,ENGENHO DO MEIO,Não informado,COLISÃO TRANSVERSAL,Não informado,0.0,0.0,0.0,0.0,0.0,0.0,0.0,0.0,0.0,0.0,0.0,Não informado,Não informado,Não informado,Não informado,Não informado,Não informado,Não informado,Não informado,60.0,Não informado,Não informado,SEM VÍTIMA,2022,7,16,5,
2022-07-16,,Não informado,FINALIZADA,SAN MARTIN,RUA DR TELESPHORO FRAGOSO,Não informado,NA RUA DA IGREJA NOSSA SENHORA DE FÁTIMA,SAN MARTIN,Não informado,CHOQUE,Não informado,3.0,0.0,0.0,0.0,0.0,0.0,0.0,0.0,0.0,0.0,0.0,Não informado,Não informado,Não informado,Não informado,Não informado,Não informado,Não informado,Não informado,60.0,Não informado,Não informado,SEM VÍTIMA,2022,7,16,5,
2022-07-17,,Não informado,FINALIZADA,SÃO JOSÉ,RUA FLORIANO PEIXOTO,Não informado,"EM FRENTE A CASA DA CULTURA,ONIBUS ESTA PRESO A GALHOS DE UMA ÁRVORE IMPOSSIBILITADO DE SAIR DO LOCAL E COM ISSO ESTA OBSTRUINDO A VIA",SÃO JOSÉ,Não informado,CHOQUE,Não informado,0.0,0.0,0.0,0.0,0.0,1.0,0.0,0.0,0.0,0.0,0.0,Não informado,Não informado,Não informado,Não informado,Não informado,Não informado,Não informado,Não informado,60.0,Não informado,Não informado,SEM VÍTIMA,2022,7,17,6,
2022-07-17,,Não informado,CANCELADA,BRASÍLIA TEIMOSA,RUA DO JAU,RUA ALAGOINHA,CAMINHÃO DA DIRCON SE ENVOLVEU EM UMA COLISÃO COM VEÍCULO NA RUA JAÚ BRASILIA TEIMOSA.,BRASÍLIA TEIMOSA,Não informado,COLISÃO LATERAL,Não informado,1.0,0.0,0.0,0.0,0.0,0.0,1.0,0.0,0.0,0.0,0.0,Não informado,Não informado,Não informado,Não informado,Não informado,Não informado,Não informado,Não informado,60.0,Não informado,Não informado,SEM VÍTIMA,2022,7,17,6,
2022-07-17,,Não informado,FINALIZADA,MADALENA,AV ENGENHEIRO ABDIAS DE CARVALHO,Não informado,PROX AO BOBS,MADALENA,Não informado,COLISÃO TRANSVERSAL,Não informado,0.0,1.0,0.0,0.0,0.0,0.0,0.0,0.0,0.0,1.0,0.0,Não informado,Não informado,Não informado,Não informado,Não informado,Não informado,Não informado,Não informado,60.0,Não informado,Não informado,COM VÍTIMA,2022,7,17,6,
2022-07-18,,Não informado,FINALIZADA,NOVA DESCOBERTA,AV NORTE MIGUEL ARRAES DE ALENCAR,RUA NOVA DESCOBERTA,Não informado,NOVA DESCOBERTA,Não informado,COLISÃO TRASEIRA,Não informado,2.0,0.0,0.0,0.0,0.0,0.0,0.0,0.0,0.0,0.0,0.0,Não informado,Não informado,Não informado,Não informado,Não informado,Não informado,Não informado,Não informado,60.0,Não informado,Não informado,SEM VÍTIMA,2022,7,18,0,
2022-07-18,,Não informado,FINALIZADA,VÁRZEA,AV CAXANGA,RUA GASTAO VIDIGAL,EM FRENTE A UPA,VÁRZEA,SUBURBIO,COLISÃO TRANSVERSAL,Não informado,1.0,1.0,0.0,0.0,0.0,0.0,0.0,0.0,0.0,2.0,0.0,Cruzamento,Bom,Sem defeito,Perfeito estado,Seca,Perfeito estado,Faixa de pedestre,Não informado,60.0,Dupla,Não informado,COM VÍTIMA,2022,7,18,0,
2022-07-18,,Não informado,FINALIZADA,BOA VIAGEM,RUA PEDRO PAES MENDONCA,AV FERNANDO SIMOES BARBOSA,BIG BOMPREÇO,BOA VIAGEM,SUBURBIO,COLISÃO TRASEIRA,Não informado,1.0,1.0,0.0,0.0,0.0,0.0,0.0,0.0,0.0,1.0,0.0,Longo da via,Chuvoso,Sem defeito,Perfeito estado,Molhada,Não informado,Faixa de pedestre,Não informado,60.0,Única,Não informado,COM VÍTIMA,2022,7,18,0,
2022-07-18,,Não informado,FINALIZADA,CORDEIRO,RUA SOUZA BANDEIRA,AV CAXANGA,Não informado,CORDEIRO,SUBURBIO,COLISÃO TRANSVERSAL,Não informado,1.0,1.0,0.0,0.0,0.0,0.0,0.0,0.0,0.0,1.0,0.0,Cruzamento,Chuvoso,Sem defeito,Perfeito estado,Molhada,Perfeito estado,Faixa de pedestre,Não há placas,60.0,Única,Faixa seccionada,COM VÍTIMA,2022,7,18,0,