data,hora,natureza_acidente,situacao,bairro,endereco,detalhe_endereco_acidente,complemento,bairro_cruzamento,sentido_via,tipo,descricao,auto,moto,ciclom,ciclista,pedestre,onibus,caminhao,viatura,outros,vitimas,vitimasfatais,acidente_verificado,tempo_clima,situacao_semaforo,sinalizacao,condicao_via,conservacao_via,ponto_controle,situacao_placa,velocidade_max_via,mao_direcao,divisao_via1,natureza,ano,mes,dia,dia_semana,hora_ocorrencia
2022-07-18,,Não informado,FINALIZADA,JARDIM SÃO PAULO,RUA OSORIO BORBA,RUA ATOR ELPIDIO CAMARA,PROXIMO AO GIRADORO DE JARDIM SÃO PAULO,JARDIM SÃO PAULO,Não informado,COLISÃO FRONTAL,Não informado,1.0,0.0,0.0,0.0,0.0,0.0,0.0,1.0,0.0,0.0,0.0,Longo da via,Bom,Não existe,Não existente,Seca,Perfeito estado,Não existe,Outras,60.0,Única,Não existe,SEM VÍTIMA,2022,7,18,0,
2022-07-18,,Não informado,CANCELADA,JARDIM SÃO PAULO,RUA EUZEBIO DE MATOS,AV PIRACICABA,ATRAS DO PAGEU,JARDIM SÃO PAULO,Não informado,COLISÃO LATERAL,Não informado,1.0,0.0,0.0,0.0,0.0,0.0,1.0,0.0,0.0,1.0,0.0,Não informado,Não informado,Não informado,Não informado,Não informado,Não informado,Não informado,Não informado,60.0,Não informado,Não informado,COM VÍTIMA,2022,7,18,0,
2022-07-18,,Não informado,FINALIZADA,BOA VISTA,AV GOVERNADOR AGAMENON MAGALHAES,Não informado,COM RUA DOM BOSCO(PISTA LOCAL),BOA VISTA,Não informado,COLISÃO LATERAL,Não informado,1.0,0.0,0.0,0.0,0.0,1.0,0.0,0.0,0.0,0.0,0.0,Cruzamento,Bom,Sem defeito,Perfeito estado,Seca,Perfeito estado,Agente,Outras,60.0,Dupla,Canteiro central,SEM VÍTIMA,2022,7,18,0,
2022-07-18,,Não informado,FINALIZADA,AFOGADOS,EST DOS REMEDIOS,Não informado,EM FRENTE AO POSTO PETROBAHIA,AFOGADOS,CIDADE,ATROPELAMENTO DE PESSOA,Não informado,0.0,1.0,0.0,0.0,1.0,0.0,0.0,0.0,0.0,2.0,0.0,Longo da via,Bom,Não existe,Perfeito estado,Seca,Perfeito estado,Não existe,Outras,60.0,Única,Faixa contínua,COM VÍTIMA,2022,7,18,0,
2022-07-19,,Não informado,FINALIZADA,APIPUCOS,RUA DE APIPUCOS,RUA CAETES,"EM FRENTE 11° BATALHÃO DA POLICIA MILITAR, PROX. A FUNDAÇÃO JOAQUIM NABUCO",APIPUCOS,CIDADE,COLISÃO TRASEIRA,Não informado,1.0,1.0,0.0,0.0,0.0,0.0,0.0,0.0,0.0,1.0,0.0,Longo da via,Bom,Sem defeito,Perfeito estado,Molhada,Perfeito estado,Não existe,Não há placas,60.0,Dupla,Faixa contínua,COM VÍTIMA,2022,7,19,1,
2022-07-19,,Não informado,FINALIZADA,IPSEP,AV RECIFE,Não informado,EM FRENTE AO ATACAMAX,IPSEP,CIDADE,COLISÃO TRASEIRA,Não informado,1.0,1.0,0.0,0.0,0.0,0.0,0.0,0.0,0.0,1.0,0.0,Longo da via,Bom,Não existe,Perfeito estado,Seca,Perfeito estado,Não existe,Não há placas,60.0,Dupla,Canteiro central,COM VÍTIMA,2022,7,19,1,
2022-07-19,,Não informado,FINALIZADA,BOA VISTA,PRC PARQUE AMORIM,Não informado,EM FRENTE AO SUPER BOMPREÇO,BOA VISTA,Não informado,COLISÃO LATERAL,Não informado,2.0,0.0,0.0,0.0,0.0,0.0,0.0,0.0,0.0,0.0,0.0,Longo da via,Bom,Não existe,Perfeito estado,Seca,Perfeito estado,Não existe,Não há placas,60.0,Única,Faixa seccionada,SEM VÍTIMA,2022,7,19,1,
2022-07-19,,Não informado,FINALIZADA,BONGI,AV CONSUL VILARES FRAGOSO,RUA DR JOAO COSTA,EM FRENTE AO DEPOSITO MELHOR GÁS,BONGI,CIDADE,COLISÃO LATERAL,Não informado,0.0,1.0,0.0,0.0,0.0,1.0,0.0,0.0,0.0,1.0,0.0,Cruzamento,Bom,Não existe,Incompleta,Seca,Perfeito estado,Não existe,Não há placas,60.0,Dupla,Não existe,COM VÍTIMA,2022,7,19,1,
2022-07-19,,Não informado,FINALIZADA,ESPINHEIRO,AV CONS ROSA E SILVA,RUA AMELIA,AO LADO DA EXTRAFARMA,ESPINHEIRO,SUBURBIO,COLISÃO COM CICLISTA,Não informado,0.0,1.0,0.0,1.0,0.0,0.0,0.0,0.0,0.0,1.0,0.0,Cruzamento,Bom,Sem defeito,Perfeito estado,Seca,Perfeito estado,Faixa de pedestre,Outras,60.0,Única,Faixa contínua,COM VÍTIMA,2022,7,19,1,
2022-07-19,,Não informado,FINALIZADA,IBURA,AV DOIS RIOS,Não informado,PRÓXIMO A POLICLÍNICA,IBURA,CIDADE,COLISÃO FRONTAL,Não informado,1.0,1.0,0.0,0.0,0.0,0.0,0.0,0.0,0.0,1.0,0.0,Longo da via,Bom,Não existe,Não existente,Seca,Perfeito estado,Não existe,Não há placas,60.0,Dupla,Não existe,COM VÍTIMA,2022,7,19,1,
2022-07-20,,Não informado,FINALIZADA,SANTO ANTÔNIO,RUA FLORIANO PEIXOTO,PRC JOAQUIM NABUCO,PRÓX. AO BRADESCO,SANTO ANTÔNIO,Não informado,COLISÃO COM CICLISTA,Não informado,1.0,0.0,0.0,1.0,0.0,0.0,0.0,0.0,0.0,1.0,0.0,Cruzamento,Bom,Não existe,Ilegível,Seca,Mal conservada,Não existe,Não há placas,60.0,Única,Faixa seccionada,COM VÍTIMA,2022,7,20,2,
2022-07-20,,Não informado,FINALIZADA,CAXANGÁ,AV CAXANGA,Não informado,CELPE / MUSEU DA ABOLIÇÃO,CAXANGÁ,Não informado,COLISÃO LATERAL,Não informado,0.0,1.0,0.0,0.0,0.0,0.0,0.0,1.0,0.0,0.0,0.0,Longo da via,Bom,Não existe,Perfeito estado,Seca,Perfeito estado,Não existe,Não informado,60.0,Dupla,Canteiro central,SEM VÍTIMA,2022,7,20,2,
2022-07-20,,Não informado,FINALIZADA,IPSEP,AV RECIFE,AV RAIMUNDO DINIZ,SENTIDO AEROPORTO / PRÓX. À CONCESSIONÁRIA JJK AUTOS,IPSEP,CIDADE,ATROPELAMENTO DE PESSOA,Não informado,0.0,1.0,0.0,0.0,1.0,0.0,0.0,0.0,0.0,1.0,0.0,Longo da via,Bom,Sem defeito,Ilegível,Molhada,Perfeito estado,Outros,Não informado,60.0,Dupla,Canteiro central,COM VÍTIMA,2022,7,20,2,
2022-07-20,,Não informado,FINALIZADA,BOA VIAGEM,RUA SA E SOUZA,RUA CAPITAO ZUZINHA,Não informado,BOA VIAGEM,Não informado,ATROPELAMENTO DE PESSOA,Não informado,0.0,0.0,0.0,0.0,1.0,1.0,0.0,0.0,0.0,1.0,0.0,Cruzamento,Bom,Sem defeito,Incompleta,Seca,Perfeito estado,Faixa de pedestre,Não há placas,60.0,Única,Não existe,COM VÍTIMA,2022,7,20,2,
2022-07-20,,Não informado,FINALIZADA,TORRÕES,AV ENGENHEIRO ABDIAS DE CARVALHO,RUA QUINZE DE MARCO,PRÓXIMO À CHESF,TORRÕES,CIDADE,COLISÃO TRASEIRA,Não informado,1.0,2.0,0.0,0.0,0.0,0.0,1.0,0.0,0.0,2.0,0.0,Longo da via,Bom,Sem defeito,Perfeito estado,Seca,Perfeito estado,Agente,R-6a,60.0,Dupla,Canteiro central,COM VÍTIMA,2022,7,20,2,
2022-07-20,,Não informado,CANCELADA,IMBIRIBEIRA,AV MARECHAL MASCARENHAS DE MORAES,Não informado,EM FRENTE À GRILLO HOME DECOR,IMBIRIBEIRA,Não informado,COLISÃO LATERAL,Não informado,1.0,1.0,0.0,0.0,0.0,0.0,0.0,0.0,0.0,1.0,0.0,Não informado,Não informado,Não informado,Não informado,Não informado,Não informado,Não informado,Não informado,60.0,Não informado,Não informado,COM VÍTIMA,2022,7,20,2,
2022-07-20,,Não informado,FINALIZADA,IPSEP,AV RECIFE,AV DOM HELDER CAMARA,E/F AO ARMAZEM CORAL S/T BOA VIAGEM,IPSEP,Não informado,COLISÃO COM CICLISTA,Não informado,1.0,0.0,0.0,1.0,0.0,0.0,0.0,0.0,0.0,1.0,0.0,Cruzamento,Bom,Sem defeito,Perfeito estado,Seca,Perfeito estado,Agente,Outras,60.0,Dupla,Canteiro central,COM VÍTIMA,2022,7,20,2,
2022-07-20,,Não informado,FINALIZADA,APIPUCOS,RUA DOIS IRMAOS,RUA DE APIPUCOS,PROX A FUNDAÇÃO JOAQUIM NABUCO,APIPUCOS,SUBURBIO,COLISÃO TRANSVERSAL,Não informado,1.0,2.0,0.0,0.0,0.0,0.0,0.0,0.0,0.0,1.0,0.0,Longo da via,Chuvoso,Não existe,Perfeito estado,Molhada,Perfeito estado,Não existe,Outras,50.0,Dupla,Faixa contínua,COM VÍTIMA,2022,7,20,2,
2022-07-20,,Não informado,FINALIZADA,IMBIRIBEIRA,RUA ANTONIO FALCAO,Não informado,APOS O LE PARC,IMBIRIBEIRA,Não informado,COLISÃO LATERAL,Não informado,1.0,1.0,0.0,0.0,0.0,0.0,0.0,0.0,0.0,1.0,0.0,Longo da via,Chuvoso,Sem defeito,Perfeito estado,Molhada,Perfeito estado,Faixa de pedestre,Não há placas,60.0,Única,Outros,COM VÍTIMA,2022,7,20,2,
2022-07-21,,Não informado,FINALIZADA,MADALENA,AV CAXANGA,RUA JOSE OSORIO,CRUZAMENTO C/A RUA JOSÉ OSÓRIO - SENTIDO SUB/CID,MADALENA,CIDADE,CHOQUE,Não informado,1.0,0.0,0.0,0.0,0.0,0.0,0.0,0.0,1.0,0.0,1.0,Longo da via,Chuvoso,Intermitente,Não existente,Molhada,Perfeito estado,Faixa de pedestre,Não há placas,60.0,Não informado,Canteiro central,VÍTIMA FATAL,2022,7,21,3,
2022-07-21,,Não informado,FINALIZADA,SANTO AMARO,AV GOVERNADOR AGAMENON MAGALHAES,Não informado,"DESCIDA DO VIADUTO INDEPENDÊNCIA, FRENTE CONDOMINIO DO EDF MARIA QUITÉRIA SENTIDO OLINDA/RECIFE",SANTO AMARO,CIDADE,QUEDA,Não informado,0.0,1.0,0.0,0.0,0.0,0.0,0.0,0.0,0.0,1.0,0.0,Longo da via,Chuvoso,Não existe,Perfeito estado,Molhada,Perfeito estado,Não existe,Não há placas,60.0,Única,Faixa contínua,COM VÍTIMA,2022,7,21,3,
2022-07-21,,Não informado,FINALIZADA,CAMPO GRANDE,EST DE BELEM,Não informado,EM FRENTE A OTICA LIMA,CAMPO GRANDE,Não informado,COLISÃO TRASEIRA,Não informado,2.0,0.0,0.0,0.0,0.0,0.0,0.0,0.0,0.0,0.0,0.0,Não informado,Não informado,Não informado,Não informado,Não informado,Não informado,Não informado,Não informado,60.0,Não informado,Não informado,SEM VÍTIMA,2022,7,21,3,
2022-07-22,,Não informado,FINALIZADA,BOA VIAGEM,RUA SA E SOUZA,RUA BALTAZAR PASSOS,ESCOLA BRITÂNICA CULTURA INGLESA,BOA VIAGEM,Não informado,COLISÃO LATERAL,Não informado,2.0,0.0,0.0,0.0,0.0,0.0,0.0,0.0,0.0,1.0,0.0,Cruzamento,Chuvoso,Não existe,Ilegível,Molhada,Perfeito estado,Faixa de pedestre,Não há placas,60.0,Dupla,Faixa seccionada,COM VÍTIMA,2022,7,22,4,
2022-07-22,,Não informado,FINALIZADA,BOA VIAGEM,AVENIDA CELSO FURTADO (VIA MANGUE),RUA PROFESSOR EDUARDO WANDERLEY FILHO,"LADO OPOSTO AO POSTE J013424, SENT SUBURBIO",BOA VIAGEM,SUBURBIO,QUEDA,Não informado,0.0,1.0,0.0,0.0,0.0,0.0,0.0,0.0,0.0,1.0,0.0,Longo da via,Chuvoso,Não existe,Perfeito estado,Molhada,Perfeito estado,Não existe,R-6a,60.0,Dupla,Canteiro central,COM VÍTIMA,2022,7,22,4,
2022-07-22,,Não informado,FINALIZADA,IPSEP,RUA ITANAGE,Não informado,DE FRENTE AO MARTELINHO DE OURO,IPSEP,CIDADE,CHOQUE,Não informado,0.0,1.0,0.0,0.0,0.0,0.0,0.0,0.0,0.0,2.0,0.0,Longo da via,Chuvoso,Não existe,Não existente,Molhada,Perfeito estado,Não existe,Não há placas,30.0,Dupla,Faixa seccionada,COM VÍTIMA,2022,7,22,4,
2022-07-22,,Não informado,FINALIZADA,BOA VIAGEM,RUA PROF AURELIO DE CASTRO CAVALCANTI,AV VINTE DE JANEIRO,PROX. A AQUA SHOP FARM,BOA VIAGEM,Não informado,COLISÃO LATERAL,Não informado,1.0,1.0,0.0,0.0,0.0,0.0,0.0,0.0,0.0,1.0,0.0,Cruzamento,Bom,Não existe,Não existente,Seca,Perfeito estado,Não existe,Não há placas,60.0,Dupla,Não existe,COM VÍTIMA,2022,7,22,4,
2022-07-22,,Não informado,FINALIZADA,ARRUDA,RUA DA REGENERACAO,Não informado,EM FRENTE AO SUSHI DOS AMIGOS,ARRUDA,SUBURBIO,COLISÃO LATERAL,Não informado,1.0,1.0,0.0,0.0,0.0,0.0,0.0,0.0,0.0,1.0,0.0,Longo da via,Bom,Não existe,Perfeito estado,Seca,Perfeito estado,Não existe,Não há placas,60.0,Dupla,Não existe,COM VÍTIMA,2022,7,22,4,
2022-07-22,,Não informado,CANCELADA,TEJIPIÓ,RUA QUEIRA DEUS,Não informado,EM FRENTE A PRAÇA DO PACHECO,TEJIPIÓ,Não informado,COLISÃO FRONTAL,Não informado,1.0,1.0,0.0,0.0,0.0,0.0,0.0,0.0,0.0,1.0,0.0,Não informado,Não informado,Não informado,Não informado,Não informado,Não informado,Não informado,Não informado,60.0,Não informado,Não informado,COM VÍTIMA,2022,7,22,4,
2022-07-22,,Não informado,CANCELADA,GRAÇAS,AV RUI BARBOSA,RUA DAS CREOULAS,PRAÇA DO ENTROCAMENTO,GRAÇAS,Não informado,COLISÃO LATERAL,Não informado,1.0,0.0,0.0,0.0,0.0,0.0,0.0,1.0,0.0,0.0,0.0,Não informado,Não informado,Não informado,Não informado,Não informado,Não informado,Não informado,Não informado,60.0,Não informado,Não informado,SEM VÍTIMA,2022,7,22,4,
2022-07-23,,Não informado,FINALIZADA,SANTO AMARO,AV GOVERNADOR AGAMENON MAGALHAES,Não informado,EM FRENTE A REITORIA DA UPE SENTIDO OLINDA,SANTO AMARO,SUBURBIO,COLISÃO COM CICLISTA,Não informado,1.0,0.0,0.0,1.0,0.0,0.0,0.0,0.0,0.0,1.0,0.0,Cruzamento,Chuvoso,Intermitente,Perfeito estado,Molhada,Perfeito estado,Faixa de pedestre,Outras,60.0,Dupla,Canal,COM VÍTIMA,2022,7,23,5,
2022-07-23,,Não informado,FINALIZADA,VASCO DA GAMA,RUA RIO NOVO,Não informado,BARRACA DO KONDE,VASCO DA GAMA,SUBURBIO,CHOQUE,Não informado,2.0,0.0,0.0,0.0,0.0,0.0,0.0,0.0,0.0,0.0,0.0,Longo da via,Bom,Não existe,Perfeito estado,Molhada,Perfeito estado,Não existe,Não há placas,60.0,Dupla,Faixa seccionada,SEM VÍTIMA,2022,7,23,5,
2022-07-23,,Não informado,FINALIZADA,BOA VISTA,RUA PRINCESA IZABEL,RUA DA AURORA,EM FRENTE A POLICIA CIVIL,BOA VISTA,CIDADE,COLISÃO FRONTAL,Não informado,1.0,1.0,0.0,0.0,0.0,0.0,0.0,0.0,0.0,1.0,0.0,Cruzamento,Bom,Sem defeito,Perfeito estado,Seca,Perfeito estado,Não existe,Não há placas,60.0,Única,Faixa seccionada,COM VÍTIMA,2022,7,23,5,
2022-07-23,,Não informado,FINALIZADA,SÃO JOSÉ,RUA TOBIAS BARRETO,Não informado,VENEZA MUSIC,SÃO JOSÉ,SUBURBIO,ATROPELAMENTO DE PESSOA,Não informado,1.0,0.0,0.0,0.0,1.0,0.0,0.0,0.0,0.0,1.0,0.0,Longo da via,Bom,Não existe,Incompleta,Seca,Perfeito estado,Outros,Outras,60.0,Única,Não existe,COM VÍTIMA,2022,7,23,5,
2022-07-23,,Não informado,FINALIZADA,TORRE,RUA JOSE BONIFACIO,Não informado,NA DECIDA DO VIADUTO SENTIDO SENTIDO PARNAMIRIM,TORRE,SUBURBIO,ATROPELAMENTO DE PESSOA,Não informado,1.0,0.0,0.0,0.0,1.0,0.0,0.0,0.0,0.0,1.0,0.0,Ponte,Bom,Não existe,Perfeito estado,Seca,Perfeito estado,Não informado,Não há placas,60.0,Dupla,Canteiro central,COM VÍTIMA,2022,7,23,5,
2022-07-23,,Não informado,FINALIZADA,IPSEP,RUA JEAN EMILE FAVRE,1 TRV JUSTICA E PAZ,EM FRENTE AO POSTO BR,IPSEP,CIDADE,COLISÃO LATERAL,Não informado,1.0,1.0,0.0,0.0,0.0,0.0,0.0,0.0,0.0,1.0,0.0,Longo da via,Bom,Não existe,Perfeito estado,Seca,Perfeito estado,Não existe,R-6a,60.0,Dupla,Faixa contínua,COM VÍTIMA,2022,7,23,5,
2022-07-23,,Não informado,FINALIZADA,BRASÍLIA TEIMOSA,RUA DAS OFICINAS,Não informado,NA ENTRADA DO HABITACIONAL DE BRASILIA TEIMOSA,BRASÍLIA TEIMOSA,Não informado,COLISÃO TRASEIRA,Não informado,0.0,0.0,0.0,0.0,0.0,0.0,0.0,0.0,0.0,1.0,0.0,Não informado,Não informado,Não informado,Não informado,Não informado,Não informado,Não informado,Não informado,60.0,Não informado,Não informado,COM VÍTIMA,2022,7,23,5,
2022-07-23,,Não informado,FINALIZADA,BOMBA DO HEMETÉRIO,RUA BOMBA DO HEMETERIO,Não informado,LARGO DA BOMBA,BOMBA DO HEMETÉRIO,CIDADE,COLISÃO LATERAL,Não informado,1.0,1.0,0.0,0.0,0.0,0.0,0.0,0.0,0.0,1.0,0.0,Longo da via,Bom,Não existe,Perfeito estado,Seca,Perfeito estado,Não existe,R-6a,60.0,Dupla,Não existe,COM VÍTIMA,2022,7,23,5,
2022-07-23,,Não informado,CANCELADA,BOA VIAGEM,AV ENGENHEIRO DOMINGOS FERREIRA,RUA RIBEIRO DE BRITO,Não informado,BOA VIAGEM,Não informado,COLISÃO LATERAL,Não informado,0.0,0.0,0.0,0.0,0.0,0.0,0.0,0.0,0.0,1.0,0.0,Não informado,Não informado,Não informado,Não informado,Não informado,Não informado,Não informado,Não informado,60.0,Não informado,Não informado,COM VÍTIMA,2022,7,23,5,
2022-07-23,,Não informado,FINALIZADA,PRADO,RUA GERVASIO CAMPELO,RUA SANTA EDWIRGES,POR TRÁS DO HABIBBS,PRADO,CIDADE,COLISÃO TRANSVERSAL,Não informado,1.0,1.0,0.0,0.0,0.0,0.0,0.0,0.0,0.0,1.0,0.0,Cruzamento,Bom,Não existe,Perfeito estado,Molhada,Perfeito estado,Faixa de retenção,Outras,60.0,Única,Faixa seccionada,COM VÍTIMA,2022,7,23,5,
2022-07-24,,Não informado,CANCELADA,ESTÂNCIA,AV RECIFE,Não informado,EM FRENTE  AO ASSAI ATACADISTA/ LADO OPOSTO AO NUMERO 5554/  SENTIDO AEROPORTO,ESTÂNCIA,Não informado,COLISÃO FRONTAL,Não informado,0.0,2.0,0.0,0.0,0.0,0.0,0.0,0.0,0.0,1.0,0.0,Não informado,Não informado,Não informado,Não informado,Não informado,Não informado,Não informado,Não informado,60.0,Não informado,Não informado,COM VÍTIMA,2022,7,24,6,
2022-07-24,,Não informado,FINALIZADA,PINA,AV BOA VIAGEM,Não informado,NA ESQUINA DO  PREDIO DO JCPM,PINA,CIDADE,COLISÃO LATERAL,Não informado,1.0,1.0,0.0,0.0,0.0,0.0,0.0,0.0,0.0,1.0,0.0,Longo da via,Bom,Não existe,Perfeito estado,Seca,Perfeito estado,Não existe,R-6a,60.0,Única,Não existe,COM VÍTIMA,2022,7,24,6,
2022-07-24,,Não informado,FINALIZADA,BOA VIAGEM,AV BOA VIAGEM,Não informado,AO LADO DO HOTEL ATLANTE PLAZA,BOA VIAGEM,CIDADE,COLISÃO FRONTAL,Não informado,1.0,1.0,0.0,0.0,0.0,0.0,0.0,0.0,0.0,2.0,0.0,Longo da via,Bom,Sem defeito,Perfeito estado,Seca,Perfeito estado,Faixa de pedestre,R-4a,60.0,Única,Não existe,COM VÍTIMA,2022,7,24,6,
2022-07-24,,Não informado,FINALIZADA,SÃO JOSÉ,RUA IMPERIAL,RUA BOM SUCESSO,DEPOIS DO COLEGIO JOAQUIM NABUCO,SÃO JOSÉ,SUBURBIO,COLISÃO TRANSVERSAL,Não informado,1.0,1.0,0.0,0.0,0.0,0.0,0.0,0.0,0.0,1.0,0.0,Cruzamento,Bom,Não existe,Incompleta,Seca,Perfeito estado,Não existe,Não há placas,60.0,Única,Faixa seccionada,COM VÍTIMA,2022,7,24,6,
2022-07-25,,Não informado,CANCELADA,LINHA DO TIRO,RUA PROFESSOR JOSE AMARINO DOS REIS,Não informado,APÓS O CLUBE TEIMOSO,LINHA DO TIRO,Não informado,CHOQUE,Não informado,1.0,1.0,0.0,0.0,0.0,0.0,0.0,0.0,0.0,0.0,0.0,Não informado,Não informado,Não informado,Não informado,Não informado,Não informado,Não informado,Não informado,60.0,Não informado,Não informado,SEM VÍTIMA,2022,7,25,0,
2022-07-25,,Não informado,FINALIZADA,IPSEP,RUA JEAN EMILE FAVRE,RUA RIO AMAZONAS,PROXIMO A PADARIA PAN NORTE,IPSEP,Não informado,COLISÃO LATERAL,Não informado,2.0,0.0,0.0,0.0,0.0,0.0,0.0,0.0,0.0,1.0,0.0,Cruzamento,Chuvoso,Sem defeito,Perfeito estado,Molhada,Perfeito estado,Faixa de pedestre,Outras,40.0,Dupla,Faixa contínua,COM VÍTIMA,2022,7,25,0,
2022-07-25,,Não informado,FINALIZADA,SANTO AMARO,RUA JOAO LIRA,Não informado,PROX. A ESCOLA DE CONTAS PUBLICAS,SANTO AMARO,SUBURBIO,COLISÃO TRASEIRA,Não informado,1.0,1.0,0.0,0.0,0.0,0.0,0.0,0.0,0.0,1.0,0.0,Longo da via,Bom,Sem defeito,Perfeito estado,Seca,Perfeito estado,Faixa de pedestre,Outras,60.0,Única,Faixa contínua,COM VÍTIMA,2022,7,25,0,
2022-07-25,,Não informado,FINALIZADA,IPSEP,RUA JEAN EMILE FAVRE,RUA DR RAPOSO PINTO,"EM FRENTE A DROGASIL. COLISÃO ENTRE AUTO E MOTO COM VITIMA E JÁ FOI ACIONADO O SAMU, KYH4A33 SPORT/RZE5E85",IPSEP,SUBURBIO,COLISÃO LATERAL,Não informado,1.0,1.0,0.0,0.0,0.0,0.0,0.0,0.0,0.0,1.0,0.0,Longo da via,Bom,Não existe,Perfeito estado,Seca,Perfeito estado,Não existe,Outras,30.0,Dupla,Faixa contínua,COM VÍTIMA,2022,7,25,0,
2022-07-25,,Não informado,FINALIZADA,CORDEIRO,AV CAXANGA,Não informado,EM FRENTE A EXPOSIÇÃO DE ANIMAIS,CORDEIRO,SUBURBIO,ATROPELAMENTO DE PESSOA,Não informado,0.0,1.0,0.0,0.0,1.0,0.0,0.0,0.0,0.0,1.0,0.0,Longo da via,Bom,Sem defeito,Perfeito estado,Seca,Perfeito estado,Não existe,Não há placas,60.0,Dupla,Canteiro central,COM VÍTIMA,2022,7,25,0,
2022-07-25,,Não informado,FINALIZADA,AREIAS,RUA AURORA CACOTE,AV CAPITAO GREGORIO DE CALDAS,"PROX A CLINICA CENTER, ATROPELAMENTO DE UM CARRO COM PEDESTRE, VITIMA JÁ FOI LEVADA PARA O HOSPITAL ,  PGU-4F99 VOYAGE PRATA",AREIAS,CIDADE,ATROPELAMENTO DE PESSOA,Não informado,1.0,0.0,0.0,0.0,1.0,0.0,0.0,0.0,0.0,1.0,0.0,Longo da via,Bom,Não existe,Perfeito estado,Seca,Perfeito estado,Não existe,Não há placas,60.0,Única,Não existe,COM VÍTIMA,2022,7,25,0,
2022-07-25,,Não informado,FINALIZADA,GRAÇAS,RUA AMELIA,RUA JOAO RAMOS,"NO SEMÁFORO 177,  EDIFICIL JOAQUIM DE BRITO",GRAÇAS,CIDADE,COLISÃO COM CICLISTA,Não informado,0.0,1.0,0.0,1.0,0.0,0.0,0.0,0.0,0.0,1.0,0.0,Cruzamento,Bom,Sem defeito,Perfeito estado,Seca,Perfeito estado,Faixa de pedestre,R-25d,60.0,Única,Faixa seccionada,COM VÍTIMA,2022,7,25,0,
2022-07-25,,Não informado,FINALIZADA,BOA VISTA,RUA PRINCESA IZABEL,RUA DO HOSPICIO,CÂMARA DE VEREADORES,BOA VISTA,CIDADE,QUEDA,Não informado,0.0,0.0,0.0,0.0,2.0,1.0,0.0,0.0,0.0,1.0,0.0,Longo da via,Bom,Sem defeito,Perfeito estado,Seca,Perfeito estado,Outros,Outras,60.0,Única,Outros,COM VÍTIMA,2022,7,25,0,
2022-07-26,,Não informado,FINALIZADA,BOA VIAGEM,AV ENGENHEIRO DOMINGOS FERREIRA,Não informado,BAR DO PAULINHO,BOA VIAGEM,SUBURBIO,COLISÃO TRASEIRA,Não informado,0.0,2.0,0.0,0.0,0.0,0.0,0.0,0.0,0.0,1.0,0.0,Longo da via,Bom,Sem defeito,Perfeito estado,Seca,Perfeito estado,Faixa de pedestre,R-6a,60.0,Única,Canteiro central,COM VÍTIMA,2022,7,26,1,
2022-07-26,,Não informado,FINALIZADA,ALTO DO MANDU,RUA JAGUARANA,Não informado,PRÓX. À ALL4KIDS SCHOOL / APÓS À IGREJA BATISTA,ALTO DO MANDU,SUBURBIO,COLISÃO LATERAL,Não informado,1.0,1.0,0.0,0.0,0.0,0.0,0.0,0.0,0.0,1.0,0.0,Longo da via,Bom,Não existe,Perfeito estado,Seca,Perfeito estado,Não existe,Outras,30.0,Dupla,Não existe,COM VÍTIMA,2022,7,26,1,
2022-07-26,,Não informado,FINALIZADA,SANTO AMARO,AV VISCONDE DE SUASSUNA,Não informado,PRÓXIMO AO SENAC,SANTO AMARO,SUBURBIO,ATROPELAMENTO DE PESSOA,Não informado,1.0,0.0,0.0,0.0,1.0,0.0,0.0,0.0,0.0,1.0,0.0,Longo da via,Bom,Sem defeito,Perfeito estado,Seca,Perfeito estado,Faixa de pedestre,Não há placas,40.0,Única,Faixa seccionada,COM VÍTIMA,2022,7,26,1,
2022-07-26,,Não informado,FINALIZADA,VÁRZEA,AV INACIO DE BARROS BARRETO,AV INACIO DE BARROS BARRETO,AO LADO DA UFPE,VÁRZEA,Não informado,COLISÃO TRANSVERSAL,Não informado,1.0,1.0,0.0,0.0,0.0,0.0,0.0,0.0,0.0,1.0,0.0,Esquina,Bom,Não existe,Perfeito estado,Seca,Perfeito estado,Não existe,Não há placas,60.0,Dupla,Faixa seccionada,COM VÍTIMA,2022,7,26,1,
2022-07-26,,Não informado,FINALIZADA,CASA FORTE,AV DEZESSETE DE AGOSTO,Não informado,"AO LADO DO CPOR,  EM FRENTE AO DELTA EXPRESSO CAFÉ",CASA FORTE,SUBURBIO,COLISÃO LATERAL,Não informado,0.0,1.0,0.0,0.0,0.0,0.0,0.0,0.0,1.0,1.0,0.0,Longo da via,Não informado,Não existe,Perfeito estado,Seca,Perfeito estado,Não existe,Outras,60.0,Dupla,Faixa contínua,COM VÍTIMA,2022,7,26,1,
2022-07-26,,Não informado,FINALIZADA,CORDEIRO,EST DO FORTE DO ARRAIAL N. DO B. JESUS,RUA GOMES TABORDA,PROXIMO AO SEMÁFORO 249,CORDEIRO,SUBURBIO,COLISÃO LATERAL,Não informado,0.0,1.0,0.0,0.0,0.0,1.0,0.0,0.0,0.0,1.0,0.0,Esquina,Chuvoso,Sem defeito,Incompleta,Molhada,Perfeito estado,Faixa de pedestre,Não há placas,60.0,Dupla,Não informado,COM VÍTIMA,2022,7,26,1,