data,hora,natureza_acidente,situacao,bairro,endereco,detalhe_endereco_acidente,complemento,bairro_cruzamento,sentido_via,tipo,descricao,auto,moto,ciclom,ciclista,pedestre,onibus,caminhao,viatura,outros,vitimas,vitimasfatais,acidente_verificado,tempo_clima,situacao_semaforo,sinalizacao,condicao_via,conservacao_via,ponto_controle,situacao_placa,velocidade_max_via,mao_direcao,divisao_via1,natureza,ano,mes,dia,dia_semana,hora_ocorrencia
2022-07-26,,Não informado,CANCELADA,SANTO AMARO,RUA DO HOSPICIO,Não informado,E/F AO BRT   EO COLEGIO ESTADUAL JOAO BARBALHO,SANTO AMARO,Não informado,COLISÃO LATERAL,Não informado,1.0,1.0,0.0,0.0,0.0,0.0,0.0,0.0,0.0,1.0,0.0,Não informado,Não informado,Não informado,Não informado,Não informado,Não informado,Não informado,Não informado,60.0,Não informado,Não informado,COM VÍTIMA,2022,7,26,1,
2022-07-26,,Não informado,FINALIZADA,ROSARINHO,RUA TELES JUNIOR,RUA CAPITAO SAMPAIO XAVIER,PROXIMO AO ARMAZEM 4 CANTOS,ROSARINHO,SUBURBIO,QUEDA,Não informado,0.0,1.0,0.0,0.0,0.0,0.0,0.0,0.0,0.0,1.0,0.0,Cruzamento,Nublado,Não existe,Incompleta,Molhada,Perfeito estado,Não existe,"Placas ""Pare""",30.0,Dupla,Não existe,COM VÍTIMA,2022,7,26,1,
2022-07-26,,Não informado,FINALIZADA,CAMPO GRANDE,VDO PRESIDENTE MEDICI,AV GOVERNADOR AGAMENON MAGALHAES,COLISAO  SOBRE O VIADUTO  S/T SUB,CAMPO GRANDE,SUBURBIO,COLISÃO LATERAL,Não informado,1.0,1.0,0.0,0.0,0.0,0.0,0.0,0.0,0.0,1.0,0.0,Viaduto,Chuvoso,Não existe,Incompleta,Molhada,Perfeito estado,Não existe,Não há placas,60.0,Dupla,Blocos,COM VÍTIMA,2022,7,26,1,
2022-07-26,,Não informado,FINALIZADA,BOA VIAGEM,RUA BARAO DE SOUZA LEAO,RUA ARANA,PROXIMO AO TERMINAL DE ÔNIBUS DO AEROPORTO,BOA VIAGEM,CIDADE,ATROPELAMENTO DE PESSOA,Não informado,0.0,0.0,0.0,0.0,1.0,1.0,0.0,0.0,0.0,1.0,0.0,Esquina,Chuvoso,Sem defeito,Perfeito estado,Molhada,Perfeito estado,Não existe,"Placas ""Pare""",30.0,Única,Não informado,COM VÍTIMA,2022,7,26,1,
2022-07-26,,Não informado,FINALIZADA,IBURA,RUA JORNALISTA EDSON REGIS,Não informado,PRÓXIMO AO HOTEL CRISTAL,IBURA,CIDADE,COLISÃO TRANSVERSAL,Não informado,1.0,1.0,0.0,0.0,0.0,0.0,0.0,0.0,0.0,1.0,0.0,Longo da via,Chuvoso,Não existe,Perfeito estado,Molhada,Perfeito estado,Não existe,Não há placas,30.0,Dupla,Não existe,COM VÍTIMA,2022,7,26,1,
2022-07-27,,Não informado,FINALIZADA,MANGABEIRA,AV PROFESSOR JOSE DOS ANJOS,Não informado,AO LADO DO POSTO DE GASOLINA BR,MANGABEIRA,CIDADE,COLISÃO TRASEIRA,Não informado,1.0,1.0,0.0,0.0,0.0,0.0,0.0,0.0,0.0,1.0,0.0,Longo da via,Chuvoso,Não existe,Perfeito estado,Molhada,Perfeito estado,Faixa de pedestre,Outras,60.0,Dupla,Faixa seccionada,COM VÍTIMA,2022,7,27,2,
2022-07-27,,Não informado,FINALIZADA,PINA,AV ANTONIO DE GOES,Não informado,Não informado,PINA,CIDADE,QUEDA,Não informado,0.0,1.0,0.0,0.0,0.0,0.0,0.0,0.0,0.0,2.0,0.0,Longo da via,Bom,Sem defeito,Perfeito estado,Seca,Perfeito estado,Outros,Outras,60.0,Única,Canteiro central,COM VÍTIMA,2022,7,27,2,
2022-07-27,,Não informado,FINALIZADA,PRADO,RUA JOAO IVO DA SILVA,AV ENGENHEIRO ABDIAS DE CARVALHO,COLISÃO  AUTO E MOTO,PRADO,CIDADE,COLISÃO LATERAL,Não informado,1.0,1.0,0.0,0.0,0.0,0.0,0.0,0.0,0.0,1.0,0.0,Cruzamento,Bom,Sem defeito,Perfeito estado,Seca,Perfeito estado,Não existe,R-6a,60.0,Dupla,Canteiro central,COM VÍTIMA,2022,7,27,2,
2022-07-27,,Não informado,DUPLICIDADE,PRADO,AV ENGENHEIRO ABDIAS DE CARVALHO,Não informado,APOIO ACIDENTE SEM VÍTIMA,PRADO,CIDADE,COLISÃO TRASEIRA,Não informado,1.0,0.0,0.0,0.0,0.0,0.0,0.0,0.0,0.0,0.0,0.0,Não informado,Não informado,Não informado,Não informado,Não informado,Não informado,Não informado,Não informado,60.0,Não informado,Não informado,SEM VÍTIMA,2022,7,27,2,
2022-07-27,,Não informado,FINALIZADA,PRADO,AV ENGENHEIRO ABDIAS DE CARVALHO,Não informado,"COLISÃO ENTRE DOIS AUTO SEM VÍTIMA, PORÉM OS VEÍCULOS PERMANCERÃO NO LOCAL,  CAUSANDO RISCO DE UM NOVO ACIDENTE POR ESTAREM NA FAIXA DA ESQUERDA NO SENTIDO CENTRO. SEMÁFORO 327 FUNCIONANDO PERFEITAMENTE. PISTA MOLHADA DEVIDO A CHUVAS. SOLICITADO EQUIPE DA CTTU IR AO LOCAL REMOVER OS VEÍCULOS.  ACIDENTE FLAGRADO PELA CÂMERAS DA CTTU, DEVIDAMENTE GRAVADAS NO SISTEMA.",PRADO,CIDADE,COLISÃO TRASEIRA,Não informado,2.0,0.0,0.0,0.0,0.0,0.0,0.0,0.0,0.0,0.0,0.0,Não informado,Não informado,Não informado,Não informado,Não informado,Não informado,Não informado,Não informado,60.0,Não informado,Não informado,SEM VÍTIMA,2022,7,27,2,
2022-07-27,,Não informado,FINALIZADA,CASA AMARELA,RUA PADRE LEMOS,Não informado,EM FRENTE AO GRAU TECNICO,CASA AMARELA,CIDADE,COLISÃO LATERAL,Não informado,1.0,1.0,0.0,0.0,0.0,0.0,0.0,0.0,0.0,1.0,0.0,Longo da via,Bom,Sem defeito,Perfeito estado,Seca,Mal conservada,Não existe,Outras,60.0,Dupla,Não existe,COM VÍTIMA,2022,7,27,2,
2022-07-27,,Não informado,FINALIZADA,MANGABEIRA,RUA DA MANGABEIRA,AV NORTE MIGUEL ARRAES DE ALENCAR,NA SUBIDA DO ALTO JOSÉ DO PINHO. VT 07 SE ENCONTRA NO LOCAL,MANGABEIRA,Não informado,COLISÃO COM CICLISTA,Não informado,1.0,0.0,0.0,1.0,0.0,0.0,0.0,0.0,0.0,1.0,0.0,Esquina,Bom,Sem defeito,Incompleta,Seca,Outros,Faixa de pedestre,Outras,60.0,Dupla,Canteiro central,COM VÍTIMA,2022,7,27,2,
2022-07-27,,Não informado,FINALIZADA,AFOGADOS,RUA LUIZ PEREIRA DE FARIAS,RUA SAO MIGUEL,ESTABELECIMENTO COMERCIAL GRILO ZERO,AFOGADOS,Não informado,Não informado,Não informado,2.0,0.0,0.0,0.0,0.0,0.0,0.0,0.0,0.0,0.0,0.0,Não informado,Bom,Não existe,Perfeito estado,Seca,Perfeito estado,Não existe,Não há placas,60.0,Dupla,Não existe,SEM VÍTIMA,2022,7,27,2,
2022-07-27,,Não informado,FINALIZADA,AREIAS,AV DR JOSE RUFINO,RUA JOAO TEIXEIRA,EM FRENTE A ACADEMIA SPORT VIDA,AREIAS,CIDADE,COLISÃO LATERAL,Não informado,0.0,1.0,0.0,0.0,0.0,1.0,0.0,0.0,0.0,1.0,0.0,Longo da via,Bom,Sem defeito,Ilegível,Seca,Mal conservada,Outros,Outras,60.0,Dupla,Não existe,COM VÍTIMA,2022,7,27,2,
2022-07-27,,Não informado,FINALIZADA,SANTO AMARO,AV GOVERNADOR AGAMENON MAGALHAES,Não informado,SEMÁFORO Nº 108,SANTO AMARO,CIDADE,Não informado,Não informado,1.0,1.0,0.0,0.0,0.0,0.0,0.0,0.0,0.0,0.0,0.0,Não informado,Bom,Sem defeito,Perfeito estado,Seca,Perfeito estado,Faixa de pedestre,Outras,60.0,Dupla,Faixa seccionada,SEM VÍTIMA,2022,7,27,2,
2022-07-27,,Não informado,FINALIZADA,BOA VIAGEM,AV DOM JOAO VI,Não informado,PRÓXIMO AO TÚNEL AUGUSTO LUCENA,BOA VIAGEM,SUBURBIO,COLISÃO TRASEIRA,Não informado,2.0,0.0,0.0,0.0,0.0,0.0,0.0,1.0,0.0,0.0,0.0,Longo da via,Chuvoso,Sem defeito,Perfeito estado,Molhada,Perfeito estado,Faixa de pedestre,Não há placas,60.0,Única,Faixa contínua,SEM VÍTIMA,2022,7,27,2,
2022-07-27,,Não informado,FINALIZADA,CASA FORTE,AV DEZESSETE DE AGOSTO,Não informado,PRÓXIMO A FUNDAÇÃO JOAQUIM NABUCO,CASA FORTE,CIDADE,COLISÃO TRASEIRA,Não informado,1.0,1.0,0.0,0.0,0.0,0.0,0.0,0.0,0.0,1.0,0.0,Longo da via,Chuvoso,Não informado,Perfeito estado,Molhada,Mal iluminada,Faixa de pedestre,Não há placas,60.0,Dupla,Faixa contínua,COM VÍTIMA,2022,7,27,2,
2022-07-27,,Não informado,FINALIZADA,DERBY,AV GOVERNADOR AGAMENON MAGALHAES,RUA LUIZ BARBALHO,PRC DO DERBY,DERBY,SUBURBIO,COLISÃO TRANSVERSAL,Não informado,0.0,1.0,0.0,0.0,0.0,1.0,0.0,0.0,0.0,1.0,0.0,Cruzamento,Chuvoso,Sem defeito,Perfeito estado,Molhada,Perfeito estado,Faixa de pedestre,Outras,60.0,Dupla,Faixa contínua,COM VÍTIMA,2022,7,27,2,
2022-07-28,,Não informado,FINALIZADA,AFOGADOS,RUA COSME VIANA,RUA PADRE TEOFILO TWORZ,EM FRENTE A TUPAN,AFOGADOS,SUBURBIO,COLISÃO LATERAL,Não informado,1.0,1.0,0.0,0.0,0.0,0.0,0.0,0.0,0.0,1.0,0.0,Não informado,Chuvoso,Sem defeito,Perfeito estado,Molhada,Perfeito estado,Faixa de pedestre,Não há placas,60.0,Única,Faixa contínua,COM VÍTIMA,2022,7,28,3,
2022-07-28,,Não informado,FINALIZADA,SÃO JOSÉ,RUA DO PEIXOTO,RUA DA CONCORDIA,Não informado,SÃO JOSÉ,CIDADE,Não informado,Não informado,0.0,0.0,0.0,0.0,0.0,1.0,0.0,1.0,0.0,0.0,0.0,Longo da via,Bom,Sem defeito,Perfeito estado,Seca,Perfeito estado,Não existe,Outras,30.0,Única,Faixa seccionada,SEM VÍTIMA,2022,7,28,3,
2022-07-28,,Não informado,FINALIZADA,ILHA JOANA BEZERRA,RUA AGUA DOCE,Não informado,AO LADO DA ACADEMIA DA CIDADE/ PRÓXIMO A PASSARELA,ILHA JOANA BEZERRA,SUBURBIO,COLISÃO TRASEIRA,Não informado,0.0,0.0,0.0,0.0,0.0,2.0,0.0,0.0,0.0,3.0,0.0,Longo da via,Bom,Não existe,Incompleta,Seca,Mal conservada,Não existe,Não há placas,60.0,Dupla,Canteiro central,COM VÍTIMA,2022,7,28,3,
2022-07-28,,Não informado,FINALIZADA,BOA VIAGEM,RUA VISCONDE DE JEQUITINHONHA,RUA BARAO DE SOUZA LEAO,PRÓX. AO BOA VIAGEM MEDICAL CENTER,BOA VIAGEM,SUBURBIO,COLISÃO LATERAL,Não informado,1.0,1.0,0.0,0.0,0.0,0.0,0.0,0.0,0.0,1.0,0.0,Cruzamento,Bom,Sem defeito,Perfeito estado,Seca,Perfeito estado,Não existe,R-6a,60.0,Única,Canal,COM VÍTIMA,2022,7,28,3,
2022-07-28,,Não informado,FINALIZADA,IBURA,AV DOIS RIOS,RUA ALVORADA DO SUL,PROX MERCADO MR,IBURA,SUBURBIO,ATROPELAMENTO DE PESSOA,Não informado,0.0,1.0,0.0,0.0,1.0,0.0,0.0,0.0,0.0,1.0,0.0,Longo da via,Bom,Não existe,Ilegível,Seca,Mal conservada,Não existe,Não há placas,60.0,Dupla,Não existe,COM VÍTIMA,2022,7,28,3,
2022-07-29,,Não informado,FINALIZADA,MANGABEIRA,AV NORTE MIGUEL ARRAES DE ALENCAR,Não informado,EM  AO SESC  DE CASA AMARELA,MANGABEIRA,CIDADE,COLISÃO TRANSVERSAL,Não informado,1.0,1.0,0.0,0.0,0.0,0.0,0.0,0.0,0.0,2.0,0.0,Longo da via,Bom,Sem defeito,Perfeito estado,Seca,Perfeito estado,Faixa de pedestre,Não informado,60.0,Dupla,Faixa contínua,COM VÍTIMA,2022,7,29,4,
2022-07-29,,Não informado,FINALIZADA,IBURA,AV DOIS RIOS,RUA ECOPORANGA,EM FRENTE AO SUPERMERCADO SERVE BEM ATACAREJO E LIMA MOVEIS,IBURA,CIDADE,COLISÃO TRANSVERSAL,Não informado,1.0,1.0,0.0,0.0,0.0,0.0,0.0,0.0,0.0,1.0,0.0,Cruzamento,Bom,Sem defeito,Incompleta,Seca,Perfeito estado,Não existe,Não há placas,60.0,Dupla,Faixa contínua,COM VÍTIMA,2022,7,29,4,
2022-07-29,,Não informado,DUPLICIDADE,SÍTIO DOS PINTOS,Não informado,Não informado,Não informado,SÍTIO DOS PINTOS,Não informado,Não informado,Não informado,1.0,0.0,0.0,1.0,0.0,0.0,0.0,0.0,0.0,1.0,0.0,Não informado,Não informado,Não informado,Não informado,Não informado,Não informado,Não informado,Não informado,60.0,Não informado,Não informado,COM VÍTIMA,2022,7,29,4,
2022-07-29,,Não informado,FINALIZADA,VÁRZEA,RUA RIBEIRO PESSOA,Não informado,PROX HOTEL TURQUESA,VÁRZEA,SUBURBIO,COLISÃO COM CICLISTA,Não informado,1.0,0.0,0.0,1.0,0.0,0.0,0.0,0.0,0.0,1.0,0.0,Longo da via,Bom,Não existe,Perfeito estado,Seca,Perfeito estado,Não existe,Não há placas,60.0,Dupla,Faixa seccionada,COM VÍTIMA,2022,7,29,4,
2022-07-29,,Não informado,FINALIZADA,BOA VISTA,AV GOVERNADOR AGAMENON MAGALHAES,Não informado,PRÓXIMO AO SUPER BOMPREÇO,BOA VISTA,SUBURBIO,Não informado,Não informado,1.0,0.0,0.0,0.0,0.0,1.0,0.0,0.0,0.0,0.0,0.0,Longo da via,Bom,Não existe,Perfeito estado,Seca,Perfeito estado,Não existe,Não há placas,60.0,Dupla,Faixa seccionada,SEM VÍTIMA,2022,7,29,4,
2022-07-29,,Não informado,FINALIZADA,SANTO AMARO,AV CRUZ CABUGA,Não informado,AO LADO DO SHOPPING TACARUNA,SANTO AMARO,CIDADE,COLISÃO TRASEIRA,Não informado,1.0,0.0,0.0,0.0,0.0,1.0,0.0,0.0,0.0,0.0,0.0,Longo da via,Bom,Não existe,Perfeito estado,Seca,Perfeito estado,Outros,Outras,60.0,Dupla,Canteiro central,SEM VÍTIMA,2022,7,29,4,
2022-07-29,,Não informado,FINALIZADA,IPUTINGA,AV MAURICIO DE NASSAU,Não informado,EM FRENTE AO HOSPITAL ALTINO VENTURA,IPUTINGA,CIDADE,COLISÃO LATERAL,Não informado,1.0,1.0,0.0,0.0,0.0,0.0,0.0,0.0,0.0,1.0,0.0,Longo da via,Bom,Não existe,Perfeito estado,Seca,Perfeito estado,Não existe,Não há placas,60.0,Dupla,Faixa contínua,COM VÍTIMA,2022,7,29,4,
2022-07-29,,Não informado,FINALIZADA,SANTO AMARO,AV CRUZ CABUGA,Não informado,EM FRENTE A IGREJA UNIVERSAL,SANTO AMARO,CIDADE,COLISÃO TRANSVERSAL,Não informado,0.0,0.0,0.0,0.0,0.0,1.0,0.0,1.0,0.0,0.0,0.0,Longo da via,Bom,Não existe,Perfeito estado,Seca,Perfeito estado,Não existe,Outras,60.0,Dupla,Faixa contínua,SEM VÍTIMA,2022,7,29,4,
2022-07-29,,Não informado,FINALIZADA,TORRE,RUA PROFESSOR TRAJANO DE MENDONCA,RUA VITORIANO PALHARES,"RUA PROFESSOR TRAJANO DE MENDONÇA  /  RUA VITORIANO PALHARES - NO SENTIDO TORRE / MADALENA. -  PRÓX. AO ATACADO DOS PRESENTES, COLISÃO TRASEIRA.  SYMBOL PEP0552 / BROS MXU5017",TORRE,Não informado,COLISÃO TRASEIRA,Não informado,1.0,1.0,0.0,0.0,0.0,0.0,0.0,0.0,0.0,1.0,0.0,Longo da via,Bom,Não existe,Não existente,Seca,Perfeito estado,Não existe,Não há placas,60.0,Única,Não existe,COM VÍTIMA,2022,7,29,4,
2022-07-29,,Não informado,FINALIZADA,IMBIRIBEIRA,AV MARECHAL MASCARENHAS DE MORAES,Não informado,EM FRENTE AO FÓRUM DESEMBARGADOR NEVES FILHO,IMBIRIBEIRA,Não informado,Não informado,Não informado,0.0,0.0,0.0,0.0,0.0,1.0,0.0,1.0,0.0,0.0,0.0,Não informado,Bom,Não existe,Perfeito estado,Seca,Perfeito estado,Não existe,Não há placas,60.0,Dupla,Canteiro central,SEM VÍTIMA,2022,7,29,4,
2022-07-29,,Não informado,FINALIZADA,IPSEP,RUA ADERBAL DE MELO,RUA HELIO BRANDAO,"DE ESQUINA COM RESTAURANTE CHAMBARIL E FEIJOADA DO JOÃO, MOTORISTA  COLIDIU COM UM CICLISTA E JÁ FOI ACIOANDO O SAMU, PDV4367 FIAT PRATA.",IPSEP,SUBURBIO,COLISÃO COM CICLISTA,Não informado,1.0,0.0,0.0,1.0,0.0,0.0,0.0,0.0,0.0,1.0,0.0,Cruzamento,Bom,Não existe,Incompleta,Seca,Perfeito estado,Não existe,"Placas ""Pare""",60.0,Dupla,Não existe,COM VÍTIMA,2022,7,29,4,
2022-07-29,,Não informado,FINALIZADA,ILHA JOANA BEZERRA,VDO PAPA JOAO PAULO II,Não informado,ACIDENTE COM VÍTIMA. SAMU NO LOCAL PRESTANDO SOCORRO. VEÍCULOS NO SENTIDO PINA / DERBY. ENVIANDO BATEDORES DA CTTU.,ILHA JOANA BEZERRA,CIDADE,COLISÃO TRASEIRA,Não informado,1.0,1.0,0.0,0.0,0.0,0.0,0.0,0.0,0.0,2.0,0.0,Viaduto,Bom,Não existe,Perfeito estado,Seca,Perfeito estado,Não existe,Não há placas,60.0,Única,Faixa contínua,COM VÍTIMA,2022,7,29,4,
2022-07-29,,Não informado,FINALIZADA,ILHA DO LEITE,AV GOVERNADOR AGAMENON MAGALHAES,Não informado,PROX A FARMACIA PAGUE MENOS,ILHA DO LEITE,OLINDA,COLISÃO FRONTAL,Não informado,1.0,2.0,0.0,0.0,0.0,0.0,0.0,0.0,0.0,3.0,0.0,Longo da via,Bom,Não existe,Perfeito estado,Seca,Perfeito estado,Não existe,Não informado,60.0,Dupla,Canteiro central,COM VÍTIMA,2022,7,29,4,
2022-07-29,,Não informado,CANCELADA,TORRÕES,AV ENGENHEIRO ABDIAS DE CARVALHO,Não informado,"EM FRENTE AO SOS AUTO PEÇAS, ACIDENTES FLAGRADO PELO SISTEMA DE MONITORAMENTO , IMAGENS SALVAS, EQUIPE BP TRAN  PAROU NO LOCAL REALIZANDO APOIO E ACIONANDO O SOCORRO.",TORRÕES,CIDADE,COLISÃO TRASEIRA,Não informado,0.0,2.0,0.0,0.0,0.0,0.0,0.0,0.0,0.0,3.0,0.0,Não informado,Não informado,Não informado,Não informado,Não informado,Não informado,Não informado,Não informado,60.0,Não informado,Não informado,COM VÍTIMA,2022,7,29,4,
2022-07-29,,Não informado,FINALIZADA,CORDEIRO,AV ENGENHEIRO ABDIAS DE CARVALHO,RUA TIJUCAS,PRÓXIMO AO ESPETINHO PRIME,CORDEIRO,Não informado,COLISÃO TRANSVERSAL,Não informado,1.0,1.0,0.0,0.0,0.0,0.0,0.0,0.0,0.0,1.0,0.0,Cruzamento,Bom,Sem defeito,Perfeito estado,Seca,Perfeito estado,Não informado,Não informado,60.0,Dupla,Não informado,COM VÍTIMA,2022,7,29,4,
2022-07-30,,Não informado,FINALIZADA,SANTO AMARO,AV CRUZ CABUGA,Não informado,EM FRENTE À SEFAZ,SANTO AMARO,CIDADE,COLISÃO LATERAL,Não informado,1.0,1.0,0.0,0.0,0.0,0.0,0.0,0.0,0.0,1.0,0.0,Longo da via,Bom,Não existe,Perfeito estado,Seca,Perfeito estado,Não existe,Não há placas,40.0,Dupla,Faixa seccionada,COM VÍTIMA,2022,7,30,5,
2022-07-30,,Não informado,FINALIZADA,IPUTINGA,RUA EMILIANO BRAGA,Não informado,EM FRENTE A PB HOSPITALAR,IPUTINGA,SUBURBIO,COLISÃO LATERAL,Não informado,1.0,1.0,0.0,0.0,0.0,0.0,0.0,0.0,0.0,1.0,0.0,Cruzamento,Chuvoso,Não existe,Não existente,Não informado,Mal conservada,Não existe,Não há placas,60.0,Não informado,Não informado,COM VÍTIMA,2022,7,30,5,
2022-07-30,,Não informado,CANCELADA,ARRUDA,RUA DO MACHADO,RUA ZEFERINO AGRA,EM FRENTE A IGREJA DE SANTO ANTONIO,ARRUDA,Não informado,COLISÃO LATERAL,Não informado,1.0,1.0,0.0,0.0,0.0,0.0,0.0,0.0,0.0,1.0,0.0,Não informado,Não informado,Não informado,Não informado,Não informado,Não informado,Não informado,Não informado,60.0,Não informado,Não informado,COM VÍTIMA,2022,7,30,5,
2022-07-30,,Não informado,CANCELADA,TORRE,AV BEIRA RIO,Não informado,PROX A  PONTE DA TORRE,TORRE,Não informado,COLISÃO LATERAL,Não informado,2.0,0.0,0.0,0.0,0.0,0.0,0.0,0.0,0.0,0.0,0.0,Não informado,Não informado,Não informado,Não informado,Não informado,Não informado,Não informado,Não informado,60.0,Não informado,Não informado,SEM VÍTIMA,2022,7,30,5,
2022-07-30,,Não informado,CANCELADA,BOA VIAGEM,AV BOA VIAGEM,Não informado,EM FRENTE AO EDF. ACAIACA,BOA VIAGEM,Não informado,COLISÃO LATERAL,Não informado,2.0,0.0,0.0,0.0,0.0,0.0,0.0,0.0,0.0,0.0,0.0,Não informado,Não informado,Não informado,Não informado,Não informado,Não informado,Não informado,Não informado,60.0,Não informado,Não informado,SEM VÍTIMA,2022,7,30,5,
2022-07-30,,Não informado,CANCELADA,VÁRZEA,AV JOAQUIM RIBEIRO,Não informado,PRÓXIMO AO POSTO DISLUB / RESIDENCIAL MARCOS FREIRE,VÁRZEA,Não informado,COLISÃO LATERAL,Não informado,1.0,1.0,0.0,0.0,0.0,0.0,0.0,0.0,0.0,1.0,0.0,Não informado,Não informado,Não informado,Não informado,Não informado,Não informado,Não informado,Não informado,60.0,Não informado,Não informado,COM VÍTIMA,2022,7,30,5,
2022-07-31,,Não informado,FINALIZADA,AREIAS,AV RECIFE,Não informado,ALTURA DA PONTE DO CAÇOTE - SENTIDO CEASA,AREIAS,Não informado,ATROPELAMENTO DE ANIMAL,Não informado,1.0,0.0,0.0,0.0,0.0,0.0,0.0,0.0,1.0,0.0,0.0,Não informado,Não informado,Não informado,Não informado,Não informado,Não informado,Não informado,Não informado,60.0,Não informado,Não informado,SEM VÍTIMA,2022,7,31,6,
2022-07-31,,Não informado,FINALIZADA,AREIAS,AV RECIFE,Não informado,ALTURA DA PONTE DO CAÇOTE - SENTIDO CEASA,AREIAS,Não informado,ATROPELAMENTO DE ANIMAL,Não informado,0.0,0.0,0.0,0.0,0.0,0.0,0.0,0.0,0.0,0.0,0.0,Não informado,Não informado,Não informado,Não informado,Não informado,Não informado,Não informado,Não informado,60.0,Não informado,Não informado,SEM VÍTIMA,2022,7,31,6,
2022-07-31,,Não informado,FINALIZADA,CORDEIRO,AV ENGENHEIRO ABDIAS DE CARVALHO,AV GENERAL SAN MARTIN,"COLISÃO ATÍPICA : ENGAVETAMENTO ENTRE TRÊS VEÍCULOS, IMOBILAZADO POR ESTAR COM COMBUSTÍVEL  ( GÁS VEÍCULAR )  -  ORIENTADO A TIRA FOTOS DA DINÂMICA DO ACIDENTE, RETIRA OS VEÍCULOS PARA LOCAL SEGURO E POSTERIOR REALIZAR O BATE PRONTO.",CORDEIRO,SUBURBIO,ENGAVETAMENTO,Não informado,3.0,0.0,0.0,0.0,0.0,0.0,0.0,0.0,0.0,0.0,0.0,Não informado,Não informado,Não informado,Não informado,Não informado,Não informado,Não informado,Não informado,60.0,Não informado,Não informado,SEM VÍTIMA,2022,7,31,6,
2022-07-31,,Não informado,FINALIZADA,CASA AMARELA,RUA PADRE LEMOS,RUA SURUBIM,"KINITOS / ENTRADA VASCO DA GAMA ,  CLINICA ODONTOLOGICA",CASA AMARELA,CIDADE,COLISÃO FRONTAL,Não informado,0.0,2.0,0.0,0.0,0.0,0.0,0.0,0.0,0.0,2.0,0.0,Longo da via,Bom,Não existe,Incompleta,Seca,Mal conservada,Não existe,R-6a,60.0,Dupla,Não existe,COM VÍTIMA,2022,7,31,6,
2022-07-31,,Não informado,FINALIZADA,MANGABEIRA,AV PROFESSOR JOSE DOS ANJOS,Não informado,PRÓXIMO DIGO POR TRÁS DO MOTEL.  UM EQUINO FOI ATROPELADO ESTAR AO SOLO VERIFICAR SE AINDA VIVE E E OU ESTAR COM A PATA QUEBRADA. ACIONANDO O GERENTE A  E  O CVA.,MANGABEIRA,Não informado,ATROPELAMENTO DE ANIMAL,Não informado,0.0,0.0,0.0,0.0,0.0,0.0,0.0,0.0,0.0,0.0,0.0,Não informado,Não informado,Não informado,Não informado,Não informado,Não informado,Não informado,Não informado,60.0,Não informado,Não informado,SEM VÍTIMA,2022,7,31,6,
2022-07-31,,Não informado,FINALIZADA,BOA VIAGEM,RUA VISCONDE DE JEQUITINHONHA,Não informado,"ANTES DO POSTO SHELL,  EM FRENTE AO EDIFICIL CARAVELAS",BOA VIAGEM,SUBURBIO,COLISÃO LATERAL,Não informado,1.0,1.0,0.0,0.0,0.0,1.0,0.0,0.0,0.0,1.0,0.0,Viaduto,Chuvoso,Não existe,Perfeito estado,Molhada,Perfeito estado,Não existe,Outras,60.0,Única,Faixa contínua,COM VÍTIMA,2022,7,31,6,
2022-07-31,,Não informado,FINALIZADA,ILHA JOANA BEZERRA,AV ADVOGADO JOSE PAULO CAVALCANTI,VDO PAPA JOAO PAULO II,"UM EQUINO FOI ATROPELADO E VEIO A ÓBITO EM HORÁRIO NÃO INFORMADO, PORÉM AO AMANHECER POR CONTA DE UMA OBRA DA EMLURB FOI CONSTATADO O FATO. REPASSADO A GERENCIA CTTU PARA EFETIVAR A REMOÇÃO DO CORCEL.",ILHA JOANA BEZERRA,CIDADE,ATROPELAMENTO DE ANIMAL,Não informado,0.0,0.0,0.0,0.0,0.0,0.0,0.0,0.0,0.0,0.0,0.0,Não informado,Não informado,Não informado,Não informado,Não informado,Não informado,Não informado,Não informado,60.0,Não informado,Não informado,SEM VÍTIMA,2022,7,31,6,
2022-07-31,,Não informado,FINALIZADA,TORRE,RUA JOSE BONIFACIO,Não informado,EM FRENTE A PADARIA NOVA ARMADA,TORRE,SUBURBIO,CHOQUE,Não informado,1.0,0.0,0.0,0.0,0.0,0.0,0.0,0.0,0.0,0.0,0.0,Longo da via,Nublado,Sem defeito,Incompleta,Seca,Perfeito estado,Faixa de pedestre,R-6a,60.0,Única,Faixa seccionada,SEM VÍTIMA,2022,7,31,6,