data,hora,natureza_acidente,situacao,bairro,endereco,detalhe_endereco_acidente,complemento,bairro_cruzamento,sentido_via,tipo,descricao,auto,moto,ciclom,ciclista,pedestre,onibus,caminhao,viatura,outros,vitimas,vitimasfatais,acidente_verificado,tempo_clima,situacao_semaforo,sinalizacao,condicao_via,conservacao_via,ponto_controle,situacao_placa,velocidade_max_via,mao_direcao,divisao_via1,natureza,ano,mes,dia,dia_semana,hora_ocorrencia
2022-07-31,,Não informado,FINALIZADA,COHAB,RUA JOAO CORDEIRO DE SOUZA,Não informado,EM FRENTE AO Nº 97,COHAB,CIDADE,COLISÃO FRONTAL,Não informado,2.0,0.0,0.0,0.0,0.0,0.0,0.0,0.0,0.0,0.0,0.0,Longo da via,Bom,Não existe,Perfeito estado,Seca,Perfeito estado,Não existe,Não há placas,60.0,Dupla,Não existe,SEM VÍTIMA,2022,7,31,6,
2022-08-01,,Não informado,FINALIZADA,BARRO,AV DR JOSE RUFINO,Não informado,PRÓXIMO À RUA PADRE NÓBREGA,BARRO,CIDADE,COLISÃO LATERAL,Não informado,0.0,0.0,0.0,0.0,0.0,0.0,0.0,0.0,0.0,1.0,0.0,Não informado,Não informado,Não informado,Não informado,Não informado,Não informado,Não informado,Não informado,60.0,Não informado,Não informado,COM VÍTIMA,2022,8,1,0,
2022-08-01,,Não informado,CANCELADA,BOA VISTA,RUA HENRIQUE DIAS,AV GOVERNADOR AGAMENON MAGALHAES,APÓS A PRAÇA DO DERBY,BOA VISTA,CIDADE,QUEDA,Não informado,0.0,1.0,0.0,0.0,0.0,0.0,0.0,0.0,0.0,1.0,0.0,Não informado,Não informado,Não informado,Não informado,Não informado,Não informado,Não informado,Não informado,60.0,Não informado,Não informado,COM VÍTIMA,2022,8,1,0,
2022-08-01,,Não informado,FINALIZADA,BOA VIAGEM,RUA MARIA CAROLINA,RUA MINISTRO NELSON HUNGRIA,E/F AO HOTEL BEACH CLASS  RESIDENCE,BOA VIAGEM,Não informado,ATROPELAMENTO DE PESSOA,Não informado,1.0,0.0,0.0,0.0,1.0,0.0,0.0,0.0,0.0,1.0,0.0,Cruzamento,Bom,Não existe,Perfeito estado,Seca,Perfeito estado,Não existe,Não há placas,60.0,Única,Não existe,COM VÍTIMA,2022,8,1,0,
2022-08-02,,Não informado,FINALIZADA,SÃO JOSÉ,AV SUL,Não informado,SEMAFORO Nº 076,SÃO JOSÉ,SUBURBIO,COLISÃO TRANSVERSAL,Não informado,1.0,0.0,0.0,0.0,0.0,1.0,0.0,0.0,0.0,1.0,0.0,Esquina,Chuvoso,Intermitente,Perfeito estado,Molhada,Perfeito estado,Não existe,Não há placas,60.0,Dupla,Canteiro central,COM VÍTIMA,2022,8,2,1,
2022-08-02,,Não informado,FINALIZADA,ESPINHEIRO,AV JOAO DE BARROS,RUA ALFREDO DE CASTRO,"EM FRENTE AO BANCO ITAU,  FEDERAÇÃO ESPIRITA PERNAMBUCANA",ESPINHEIRO,SUBURBIO,COLISÃO TRASEIRA,Não informado,1.0,0.0,1.0,0.0,0.0,0.0,0.0,0.0,0.0,1.0,0.0,Não informado,Não informado,Não informado,Não informado,Não informado,Não informado,Não informado,Não informado,60.0,Não informado,Não informado,COM VÍTIMA,2022,8,2,1,
2022-08-02,,Não informado,FINALIZADA,BOA VIAGEM,AV ENGENHEIRO DOMINGOS FERREIRA,Não informado,EM FRENTE  CONJUNTO PERNAMBUCANO,BOA VIAGEM,SUBURBIO,COLISÃO TRASEIRA,Não informado,2.0,0.0,0.0,0.0,0.0,0.0,0.0,0.0,0.0,0.0,0.0,Longo da via,Bom,Não existe,Perfeito estado,Seca,Perfeito estado,Não existe,Não há placas,60.0,Única,Faixa seccionada,SEM VÍTIMA,2022,8,2,1,
2022-08-02,,Não informado,FINALIZADA,DERBY,RUA JENER DE SOUZA,PRC DO DERBY,PÇ DO DERBY,DERBY,CIDADE,Não informado,Não informado,1.0,0.0,0.0,0.0,0.0,0.0,0.0,1.0,0.0,0.0,0.0,Cruzamento,Bom,Não existe,Incompleta,Seca,Perfeito estado,Faixa de pedestre,R-6c,60.0,Única,Faixa seccionada,SEM VÍTIMA,2022,8,2,1,
2022-08-02,,Não informado,FINALIZADA,SANTO AMARO,AV NORTE MIGUEL ARRAES DE ALENCAR,Não informado,"EM FRENTE A RECIFE TONNER, GRAFICA E ASSISTÊNCIA TÉCNICA",SANTO AMARO,SUBURBIO,COLISÃO TRASEIRA,Não informado,1.0,1.0,0.0,0.0,0.0,0.0,0.0,0.0,0.0,1.0,0.0,Longo da via,Bom,Desligado,Perfeito estado,Seca,Perfeito estado,Faixa de pedestre,Outras,60.0,Dupla,Faixa seccionada,COM VÍTIMA,2022,8,2,1,
2022-08-02,,Não informado,FINALIZADA,MADALENA,AV CAXANGA,RUA JOAO IVO DA SILVA,PRÓXIMO AO TÚNEL DA ABOLIÇÃO,MADALENA,CIDADE,COLISÃO COM CICLISTA,Não informado,0.0,1.0,0.0,1.0,0.0,0.0,0.0,0.0,0.0,2.0,0.0,Longo da via,Bom,Sem defeito,Perfeito estado,Seca,Perfeito estado,Faixa de pedestre,Outras,60.0,Dupla,Faixa contínua,COM VÍTIMA,2022,8,2,1,
2022-08-03,,Não informado,FINALIZADA,CAXANGÁ,AV CAXANGA,Não informado,DROGASIL,CAXANGÁ,CIDADE,COLISÃO FRONTAL,Não informado,1.0,1.0,0.0,0.0,0.0,0.0,0.0,0.0,0.0,1.0,0.0,Não informado,Não informado,Não informado,Não informado,Não informado,Não informado,Não informado,Não informado,60.0,Não informado,Não informado,COM VÍTIMA,2022,8,3,2,
2022-08-03,,Não informado,FINALIZADA,SANTO AMARO,RUA COELHO LEITE,RUA ARTUR COUTINHO,Não informado,SANTO AMARO,CIDADE,Não informado,Não informado,1.0,0.0,0.0,0.0,0.0,0.0,0.0,1.0,0.0,0.0,0.0,Cruzamento,Chuvoso,Não existe,Não existente,Molhada,Perfeito estado,Não existe,Não há placas,30.0,Dupla,Não existe,SEM VÍTIMA,2022,8,3,2,
2022-08-03,,Não informado,FINALIZADA,BOA VIAGEM,RUA ANTONIO FALCAO,Não informado,EM FRENTE AO RESTAURANTE ILHA CAMARÕES,BOA VIAGEM,Não informado,COLISÃO FRONTAL,Não informado,2.0,0.0,0.0,0.0,0.0,0.0,0.0,0.0,0.0,0.0,0.0,Não informado,Não informado,Não informado,Não informado,Não informado,Não informado,Não informado,Não informado,60.0,Não informado,Não informado,SEM VÍTIMA,2022,8,3,2,
2022-08-03,,Não informado,FINALIZADA,ESPINHEIRO,RUA DO ESPINHEIRO,Não informado,Não informado,ESPINHEIRO,SUBURBIO,COLISÃO TRASEIRA,Não informado,2.0,0.0,0.0,0.0,0.0,0.0,0.0,0.0,0.0,0.0,0.0,Longo da via,Chuvoso,Não existe,Perfeito estado,Molhada,Perfeito estado,Não existe,Outras,40.0,Única,Não existe,SEM VÍTIMA,2022,8,3,2,
2022-08-03,,Não informado,FINALIZADA,MADALENA,RUA BENFICA,RUA JOAO IVO DA SILVA,"EM FRENTE AO MUSEU DA ABOLIÇÃO, SENT. DERBY",MADALENA,CIDADE,COLISÃO LATERAL,Não informado,0.0,1.0,0.0,0.0,0.0,0.0,0.0,1.0,0.0,1.0,0.0,Longo da via,Chuvoso,Sem defeito,Perfeito estado,Molhada,Perfeito estado,Faixa de pedestre,Outras,60.0,Única,Faixa contínua,COM VÍTIMA,2022,8,3,2,
2022-08-03,,Não informado,FINALIZADA,BOA VIAGEM,RUA TENENTE JOAO CICERO,AVENIDA CELSO FURTADO (VIA MANGUE),FABRICA DE SORVETE MILET,BOA VIAGEM,CIDADE,COLISÃO LATERAL,Não informado,1.0,1.0,0.0,0.0,0.0,0.0,0.0,0.0,0.0,1.0,0.0,Cruzamento,Chuvoso,Não existe,Perfeito estado,Molhada,Perfeito estado,Faixa de retenção,"Placas ""Pare""",60.0,Única,Faixa contínua,COM VÍTIMA,2022,8,3,2,
2022-08-03,,Não informado,FINALIZADA,IPSEP,RUA PINTOR ANTONIO ALBUQUERQUE,RUA PROFESSOR JOSE VICENTE,MERCADINHO CONVENÇÃO,IPSEP,SUBURBIO,COLISÃO TRANSVERSAL,Não informado,1.0,1.0,0.0,0.0,0.0,0.0,0.0,0.0,0.0,1.0,0.0,Cruzamento,Chuvoso,Não existe,Perfeito estado,Molhada,Perfeito estado,Faixa de pedestre,"Placas ""Pare""",40.0,Única,Faixa seccionada,COM VÍTIMA,2022,8,3,2,
2022-08-03,,Não informado,FINALIZADA,DERBY,AV GOVERNADOR AGAMENON MAGALHAES,AV GOVERNADOR CARLOS DE LIMA CAVALCANTI,"LADO OPOSTO À PRAÇA DO DERBY, SENTIDO OLINDA",DERBY,SUBURBIO,COLISÃO TRASEIRA,Não informado,1.0,0.0,0.0,0.0,0.0,1.0,0.0,0.0,0.0,1.0,0.0,Cruzamento,Chuvoso,Sem defeito,Perfeito estado,Molhada,Perfeito estado,Não informado,R-26,60.0,Única,Faixa contínua,COM VÍTIMA,2022,8,3,2,
2022-08-04,,Não informado,FINALIZADA,ILHA JOANA BEZERRA,AV DES GUERRA BARRETO,Não informado,FÓRUM DESEMBARGADOR RODOLFO AURELIANO,ILHA JOANA BEZERRA,Não informado,COLISÃO FRONTAL,Não informado,0.0,0.0,0.0,0.0,0.0,0.0,0.0,0.0,0.0,0.0,0.0,Não informado,Não informado,Não informado,Não informado,Não informado,Não informado,Não informado,Não informado,60.0,Não informado,Não informado,SEM VÍTIMA,2022,8,4,3,
2022-08-04,,Não informado,FINALIZADA,ARRUDA,AV PROFESSOR JOSE DOS ANJOS,RUA DESENHISTA EULINO SANTOS,SEMÁFORO 642,ARRUDA,CIDADE,COLISÃO LATERAL,Não informado,0.0,1.0,0.0,0.0,0.0,0.0,1.0,0.0,0.0,1.0,0.0,Esquina,Bom,Sem defeito,Não informado,Seca,Perfeito estado,Não existe,Outras,40.0,Dupla,Canal,COM VÍTIMA,2022,8,4,3,
2022-08-04,,Não informado,FINALIZADA,ROSARINHO,RUA DES MARTINS PEREIRA,RUA TELES JUNIOR,POR TRÁS DO BIG BOMPREÇO,ROSARINHO,Não informado,COLISÃO LATERAL,Não informado,1.0,1.0,0.0,0.0,0.0,0.0,0.0,0.0,0.0,1.0,0.0,Cruzamento,Bom,Não existe,Perfeito estado,Seca,Perfeito estado,Faixa de pedestre,"Placas ""Pare""",30.0,Única,Faixa contínua,COM VÍTIMA,2022,8,4,3,
2022-08-04,,Não informado,FINALIZADA,JIQUIÁ,AV DR JOSE RUFINO,Não informado,FABRICA DA IOLANDA,JIQUIÁ,CIDADE,COLISÃO FRONTAL,Não informado,0.0,1.0,0.0,0.0,0.0,0.0,0.0,1.0,0.0,1.0,0.0,Cruzamento,Bom,Não existe,Incompleta,Seca,Perfeito estado,Não existe,R-19,60.0,Dupla,Faixa contínua,COM VÍTIMA,2022,8,4,3,
2022-08-04,,Não informado,FINALIZADA,AFOGADOS,RUA PEDRO CABRAL DE OLIVEIRA,RUA SAO MIGUEL,AO LADO DA ESCOLA,AFOGADOS,CIDADE,CHOQUE,Não informado,2.0,0.0,0.0,0.0,0.0,0.0,1.0,0.0,0.0,0.0,0.0,Cruzamento,Bom,Não existe,Perfeito estado,Seca,Perfeito estado,Não existe,Não há placas,60.0,Única,Não existe,SEM VÍTIMA,2022,8,4,3,
2022-08-04,,Não informado,FINALIZADA,CORDEIRO,EST DO FORTE DO ARRAIAL N. DO B. JESUS,Não informado,EM FRENTE A PEIXARIA  PAPESCANDO,CORDEIRO,Não informado,COLISÃO COM CICLISTA,Não informado,1.0,0.0,0.0,1.0,0.0,0.0,0.0,0.0,0.0,1.0,0.0,Longo da via,Bom,Não existe,Perfeito estado,Seca,Perfeito estado,Não existe,Não há placas,40.0,Dupla,Faixa contínua,COM VÍTIMA,2022,8,4,3,
2022-08-04,,Não informado,FINALIZADA,SANTO AMARO,RUA BARROS BARRETO,AV GOVERNADOR AGAMENON MAGALHAES,Não informado,SANTO AMARO,CIDADE,CHOQUE,Não informado,0.0,0.0,0.0,0.0,0.0,0.0,0.0,1.0,0.0,0.0,0.0,Longo da via,Bom,Não existe,Não existente,Seca,Perfeito estado,Faixa de pedestre,"Placas ""Pare""",60.0,Dupla,Não existe,SEM VÍTIMA,2022,8,4,3,
2022-08-04,,Não informado,FINALIZADA,DOIS IRMÃOS,RUA DOIS IRMAOS,Não informado,EM FRENTE AO LAFEPE,DOIS IRMÃOS,SUBURBIO,COLISÃO TRASEIRA,Não informado,1.0,1.0,0.0,0.0,0.0,0.0,0.0,0.0,0.0,1.0,0.0,Longo da via,Bom,Não existe,Perfeito estado,Seca,Perfeito estado,Não informado,Não informado,60.0,Dupla,Faixa seccionada,COM VÍTIMA,2022,8,4,3,
2022-08-04,,Não informado,FINALIZADA,TEJIPIÓ,AV DR JOSE RUFINO,Não informado,ALÇA DA BR 101 SUL,TEJIPIÓ,CIDADE,COLISÃO TRANSVERSAL,Não informado,1.0,1.0,0.0,0.0,0.0,0.0,0.0,0.0,0.0,1.0,0.0,Esquina,Bom,Não existe,Perfeito estado,Seca,Perfeito estado,Não existe,Outras,60.0,Dupla,Faixa seccionada,COM VÍTIMA,2022,8,4,3,
2022-08-05,,Não informado,FINALIZADA,IPUTINGA,AV CAXANGA,Não informado,"EM FRENTE AO GOLF CLUB, SENT. CIDADE",IPUTINGA,Não informado,COLISÃO LATERAL,Não informado,0.0,1.0,0.0,0.0,0.0,1.0,0.0,0.0,0.0,1.0,0.0,Longo da via,Chuvoso,Não existe,Perfeito estado,Molhada,Perfeito estado,Não existe,Não há placas,60.0,Dupla,Canteiro central,COM VÍTIMA,2022,8,5,4,
2022-08-05,,Não informado,FINALIZADA,BOA VIAGEM,RUA ERNESTO DE PAULA SANTOS,Não informado,EM FRENTE AOS CORREIOS,BOA VIAGEM,SUBURBIO,COLISÃO TRASEIRA,Não informado,1.0,1.0,0.0,0.0,0.0,0.0,0.0,0.0,0.0,2.0,0.0,Longo da via,Bom,Não existe,Perfeito estado,Seca,Perfeito estado,Não existe,R-6a,60.0,Única,Faixa seccionada,COM VÍTIMA,2022,8,5,4,
2022-08-05,,Não informado,FINALIZADA,BOA VISTA,RUA JOAQUIM FELIPE,Não informado,PROX. AO POSTO SHELL,BOA VISTA,CIDADE,Não informado,Não informado,1.0,0.0,0.0,0.0,0.0,1.0,0.0,0.0,0.0,0.0,0.0,Longo da via,Bom,Não existe,Perfeito estado,Seca,Perfeito estado,Não existe,Não há placas,60.0,Única,Não existe,SEM VÍTIMA,2022,8,5,4,
2022-08-05,,Não informado,FINALIZADA,SANTO ANTÔNIO,AV DOM PEDRO I - IMPERADOR,Não informado,POR TRÁS DO FPORUM THOMAZ DE AQUINO,SANTO ANTÔNIO,Não informado,COLISÃO LATERAL,Não informado,2.0,1.0,0.0,0.0,0.0,0.0,0.0,0.0,0.0,1.0,0.0,Longo da via,Bom,Não existe,Perfeito estado,Seca,Perfeito estado,Não existe,Não há placas,60.0,Única,Faixa seccionada,COM VÍTIMA,2022,8,5,4,
2022-08-05,,Não informado,FINALIZADA,BOA VIAGEM,AV DOM JOAO VI,RUA JOSE DA SILVA LUCENA,PRÓX.  AO COLÉGIO GGE,BOA VIAGEM,Não informado,COLISÃO LATERAL,Não informado,1.0,1.0,0.0,0.0,0.0,0.0,0.0,0.0,0.0,1.0,0.0,Longo da via,Bom,Não existe,Ilegível,Seca,Mal iluminada,Não existe,Não há placas,60.0,Única,Não existe,COM VÍTIMA,2022,8,5,4,
2022-08-05,,Não informado,FINALIZADA,IPUTINGA,AV MAURICIO DE NASSAU,Não informado,EM FRENTE AO HOSPITAL ALTINO VENTURA,IPUTINGA,SUBURBIO,COLISÃO TRANSVERSAL,Não informado,1.0,1.0,0.0,0.0,0.0,0.0,0.0,0.0,0.0,1.0,0.0,Longo da via,Bom,Sem defeito,Perfeito estado,Seca,Perfeito estado,Faixa de pedestre,Não há placas,40.0,Dupla,Faixa contínua,COM VÍTIMA,2022,8,5,4,
2022-08-05,,Não informado,FINALIZADA,CABANGA,AV ENGENHEIRO JOSE ESTELITA,Não informado,APOS O CABANGA IATE CLUBE  S/T CID,CABANGA,CIDADE,COLISÃO LATERAL,Não informado,1.0,1.0,0.0,0.0,0.0,0.0,0.0,0.0,0.0,1.0,0.0,Longo da via,Bom,Não existe,Perfeito estado,Seca,Perfeito estado,Não existe,Não há placas,60.0,Dupla,Canteiro central,COM VÍTIMA,2022,8,5,4,
2022-08-05,,Não informado,FINALIZADA,ARRUDA,RUA DESENHISTA EULINO SANTOS,Não informado,Não informado,ARRUDA,CIDADE,ATROPELAMENTO DE ANIMAL,Não informado,0.0,1.0,0.0,0.0,1.0,0.0,0.0,0.0,1.0,3.0,0.0,Longo da via,Bom,Não existe,Perfeito estado,Seca,Perfeito estado,Não existe,Não há placas,40.0,Dupla,Canteiro central,COM VÍTIMA,2022,8,5,4,
2022-08-05,,Não informado,CANCELADA,BREJO DA GUABIRABA,RUA SENHOR DO BONFIM,Não informado,EM FRENTE A GARAGEM DE ONIBUS DA GLOBO,BREJO DA GUABIRABA,Não informado,COLISÃO LATERAL,Não informado,1.0,0.0,0.0,0.0,0.0,1.0,0.0,0.0,0.0,0.0,0.0,Não informado,Não informado,Não informado,Não informado,Não informado,Não informado,Não informado,Não informado,60.0,Não informado,Não informado,SEM VÍTIMA,2022,8,5,4,
2022-08-05,,Não informado,FINALIZADA,AREIAS,AV RECIFE,Não informado,EM FERNTE AO BIG BOMPREÇO DA AV RECIFE - SENTIDO CEASA,AREIAS,SUBURBIO,COLISÃO TRASEIRA,Não informado,2.0,1.0,0.0,0.0,0.0,0.0,0.0,0.0,0.0,2.0,0.0,Longo da via,Bom,Sem defeito,Perfeito estado,Seca,Perfeito estado,Não informado,Não informado,60.0,Única,Faixa seccionada,COM VÍTIMA,2022,8,5,4,
2022-08-05,,Não informado,FINALIZADA,AREIAS,RUA AURORA CACOTE,RUA DONA ANA AURORA,EM FRENTE AO FRIGORIFICO BOI QUENTE,AREIAS,Não informado,COLISÃO FRONTAL,Não informado,1.0,1.0,0.0,0.0,0.0,0.0,0.0,0.0,0.0,2.0,0.0,Longo da via,Bom,Não existe,Perfeito estado,Seca,Perfeito estado,Não existe,Não há placas,60.0,Dupla,Não existe,COM VÍTIMA,2022,8,5,4,
2022-08-06,,Não informado,FINALIZADA,BOA VIAGEM,AV BOA VIAGEM,Não informado,PRÓXIMO AO EDIFÍCIO ENGENHEIRO JULIO MARANHÃO FILHO,BOA VIAGEM,Não informado,COLISÃO TRASEIRA,Não informado,2.0,0.0,0.0,0.0,0.0,0.0,0.0,0.0,0.0,1.0,0.0,Não informado,Não informado,Não informado,Não informado,Não informado,Não informado,Não informado,Não informado,60.0,Não informado,Não informado,COM VÍTIMA,2022,8,6,5,
2022-08-06,,Não informado,CANCELADA,MADALENA,RUA JOSE OSORIO,RUA REAL DA TORRE,PROX. AO MERCADO DA MADALENA E POSTO BR,MADALENA,Não informado,COLISÃO LATERAL,Não informado,2.0,0.0,0.0,0.0,0.0,0.0,0.0,0.0,0.0,0.0,0.0,Não informado,Não informado,Não informado,Não informado,Não informado,Não informado,Não informado,Não informado,60.0,Não informado,Não informado,SEM VÍTIMA,2022,8,6,5,
2022-08-06,,Não informado,FINALIZADA,CASA AMARELA,AV NORTE MIGUEL ARRAES DE ALENCAR,Não informado,LADO OPOSTO AO ARMAZÉM CORAL,CASA AMARELA,Não informado,COLISÃO TRASEIRA,Não informado,1.0,0.0,0.0,0.0,0.0,0.0,0.0,1.0,0.0,0.0,0.0,Longo da via,Bom,Não existe,Incompleta,Seca,Mal conservada,Outros,Outras,60.0,Dupla,Canteiro central,SEM VÍTIMA,2022,8,6,5,
2022-08-06,,Não informado,FINALIZADA,IMBIRIBEIRA,AV MARECHAL MASCARENHAS DE MORAES,RUA PAMPULHA,Mitsubishi,IMBIRIBEIRA,Não informado,COLISÃO LATERAL,Não informado,1.0,1.0,0.0,0.0,0.0,0.0,0.0,0.0,0.0,1.0,0.0,Longo da via,Bom,Sem defeito,Perfeito estado,Seca,Perfeito estado,Não informado,Não informado,60.0,Única,Não informado,COM VÍTIMA,2022,8,6,5,
2022-08-06,,Não informado,FINALIZADA,IPSEP,RUA ITAJAI,Não informado,AO LADO DO BANCO ITAU,IPSEP,SUBURBIO,COLISÃO TRANSVERSAL,Não informado,2.0,0.0,0.0,0.0,0.0,0.0,0.0,0.0,0.0,2.0,0.0,Cruzamento,Bom,Não existe,Perfeito estado,Seca,Perfeito estado,Faixa de pedestre,Outras,40.0,Única,Não existe,COM VÍTIMA,2022,8,6,5,
2022-08-06,,Não informado,FINALIZADA,APIPUCOS,RUA DE APIPUCOS,Não informado,E/F AO PARQUE DE APIPUCOS,APIPUCOS,SUBURBIO,CHOQUE,Não informado,0.0,1.0,0.0,0.0,0.0,0.0,0.0,0.0,0.0,1.0,0.0,Longo da via,Bom,Não existe,Incompleta,Seca,Perfeito estado,Não existe,Outras,60.0,Dupla,Faixa contínua,COM VÍTIMA,2022,8,6,5,
2022-08-06,,Não informado,FINALIZADA,IMBIRIBEIRA,RUA JOAQUIM BANDEIRA,RUA SARGENTO SILVINO DE MACEDO,MOTEL PRAIA SUL,IMBIRIBEIRA,SUBURBIO,COLISÃO TRASEIRA,Não informado,2.0,0.0,0.0,0.0,0.0,0.0,0.0,0.0,0.0,1.0,0.0,Cruzamento,Bom,Não existe,Incompleta,Seca,Mal iluminada,Não existe,Não há placas,60.0,Dupla,Não existe,COM VÍTIMA,2022,8,6,5,
2022-08-07,,Não informado,FINALIZADA,SANTO AMARO,AV MARIO MELO,AV CRUZ CABUGA,EM FRENTE A IGREJA ASSEMBLÉIA DE DEUS,SANTO AMARO,Não informado,COLISÃO TRANSVERSAL,Não informado,0.0,2.0,0.0,0.0,0.0,0.0,0.0,0.0,0.0,2.0,0.0,Cruzamento,Chuvoso,Sem defeito,Perfeito estado,Molhada,Perfeito estado,Faixa de pedestre,Não há placas,60.0,Dupla,Canteiro central,COM VÍTIMA,2022,8,7,6,
2022-08-07,,Não informado,FINALIZADA,CAMPO GRANDE,RUA PROFESSOR FRANCISCO DA TRINDADE,RUA CATULO DA PAIXAO CEARENSE,Não informado,CAMPO GRANDE,CIDADE,COLISÃO TRANSVERSAL,Não informado,2.0,0.0,0.0,0.0,0.0,0.0,0.0,0.0,0.0,3.0,0.0,Cruzamento,Chuvoso,Não existe,Perfeito estado,Molhada,Não informado,Faixa de pedestre,"Placas ""Pare""",40.0,Dupla,Faixa seccionada,COM VÍTIMA,2022,8,7,6,
2022-08-07,,Não informado,FINALIZADA,GRAÇAS,AV RUI BARBOSA,RUA CARDEAL ARCOVERDE,PRÓX. AO SUPERMERCADO RECIBOM / RESTAURANTE ILHA DA KOSTA,GRAÇAS,Não informado,COLISÃO LATERAL,Não informado,1.0,1.0,0.0,0.0,0.0,0.0,0.0,0.0,0.0,1.0,0.0,Cruzamento,Chuvoso,Sem defeito,Perfeito estado,Molhada,Perfeito estado,Faixa de pedestre,Não há placas,60.0,Única,Não existe,COM VÍTIMA,2022,8,7,6,
2022-08-07,,Não informado,FINALIZADA,BONGI,AV ENGENHEIRO ABDIAS DE CARVALHO,Não informado,APOS O NOVO ATACAREJO,BONGI,CIDADE,ATROPELAMENTO DE PESSOA,Não informado,1.0,0.0,0.0,0.0,1.0,0.0,0.0,0.0,0.0,1.0,0.0,Longo da via,Bom,Não existe,Não existente,Seca,Perfeito estado,Não existe,Não há placas,60.0,Dupla,Não informado,COM VÍTIMA,2022,8,7,6,
2022-08-07,,Não informado,FINALIZADA,FUNDÃO,AV BEBERIBE,RUA CORONEL URBANO RIBEIRO DE SENA,PRÓXIMO AO PAGODE DA PRESSÃO,FUNDÃO,CIDADE,COLISÃO TRANSVERSAL,Não informado,1.0,1.0,0.0,0.0,0.0,0.0,0.0,0.0,0.0,1.0,0.0,Cruzamento,Bom,Sem defeito,Perfeito estado,Seca,Mal conservada,Faixa de pedestre,Outras,60.0,Dupla,Faixa contínua,COM VÍTIMA,2022,8,7,6,
2022-08-08,,Não informado,FINALIZADA,IMBIRIBEIRA,AV MARECHAL MASCARENHAS DE MORAES,VIADUTO TANCREDO NEVES,PROXIMO AO VIADUTO TANCREDO NEVES,IMBIRIBEIRA,Não informado,COLISÃO FRONTAL,Não informado,0.0,0.0,0.0,0.0,0.0,2.0,0.0,0.0,0.0,0.0,0.0,Não informado,Não informado,Não informado,Não informado,Não informado,Não informado,Não informado,Não informado,60.0,Não informado,Não informado,SEM VÍTIMA,2022,8,8,0,
2022-08-08,,Não informado,FINALIZADA,BOA VIAGEM,AV DOM JOAO VI,Não informado,EM FRENTE AO COLEGIO MOTIVO,BOA VIAGEM,SUBURBIO,COLISÃO LATERAL,Não informado,1.0,0.0,0.0,0.0,1.0,0.0,1.0,0.0,0.0,1.0,0.0,Longo da via,Bom,Não existe,Perfeito estado,Seca,Perfeito estado,Não informado,Não há placas,50.0,Única,Canal,COM VÍTIMA,2022,8,8,0,
2022-08-08,,Não informado,FINALIZADA,SÃO JOSÉ,RUA IMPERIAL,TRV DO RAPOSO,PROX AO HOTEL CRISTAL,SÃO JOSÉ,SUBURBIO,COLISÃO TRANSVERSAL,Não informado,1.0,1.0,0.0,0.0,0.0,0.0,0.0,0.0,0.0,1.0,0.0,Cruzamento,Bom,Sem defeito,Incompleta,Seca,Mal conservada,Faixa de pedestre,R-6a,60.0,Única,Faixa seccionada,COM VÍTIMA,2022,8,8,0,
2022-08-08,,Não informado,FINALIZADA,ENCRUZILHADA,AV NORTE MIGUEL ARRAES DE ALENCAR,Não informado,EM FRENTE À EXTRAFARMA,ENCRUZILHADA,CIDADE,ATROPELAMENTO DE PESSOA,Não informado,0.0,1.0,0.0,0.0,1.0,0.0,0.0,0.0,0.0,2.0,0.0,Longo da via,Bom,Não existe,Perfeito estado,Seca,Perfeito estado,Faixa de pedestre,Outras,60.0,Dupla,Canteiro central,COM VÍTIMA,2022,8,8,0,
2022-08-08,,Não informado,FINALIZADA,JIQUIÁ,RUA SAO MIGUEL,Não informado,AFOGADOS ALUMINIO,JIQUIÁ,SUBURBIO,COLISÃO LATERAL,Não informado,1.0,1.0,0.0,0.0,0.0,0.0,0.0,0.0,0.0,1.0,0.0,Longo da via,Bom,Não existe,Perfeito estado,Seca,Perfeito estado,Não existe,Não há placas,60.0,Dupla,Faixa seccionada,COM VÍTIMA,2022,8,8,0,
2022-08-08,,Não informado,FINALIZADA,JORDÃO,AV MARIA IRENE,Não informado,EM FRENTE A NUE SUPERFICIES,JORDÃO,Não informado,COLISÃO LATERAL,Não informado,1.0,1.0,0.0,0.0,0.0,0.0,0.0,0.0,0.0,1.0,0.0,Longo da via,Bom,Não existe,Incompleta,Seca,Perfeito estado,Não existe,Não há placas,60.0,Dupla,Faixa contínua,COM VÍTIMA,2022,8,8,0,
2022-08-08,,Não informado,FINALIZADA,CABANGA,AV ANTONIO DE GOES,Não informado,AO LADO DO CABANGA IATE CLUBE,CABANGA,CIDADE,COLISÃO LATERAL,Não informado,1.0,1.0,0.0,0.0,0.0,1.0,0.0,0.0,0.0,2.0,0.0,Ponte,Bom,Não existe,Perfeito estado,Seca,Perfeito estado,Não existe,Não há placas,60.0,Única,Faixa contínua,COM VÍTIMA,2022,8,8,0,
2022-08-09,,Não informado,FINALIZADA,IPUTINGA,AV CAXANGA,Não informado,PROX AO HOSPITAL BARÃO DE LUCENA,IPUTINGA,SUBURBIO,COLISÃO LATERAL,Não informado,1.0,1.0,0.0,0.0,0.0,0.0,0.0,0.0,0.0,1.0,0.0,Cruzamento,Bom,Sem defeito,Perfeito estado,Seca,Perfeito estado,Faixa de pedestre,Outras,60.0,Dupla,Canteiro central,COM VÍTIMA,2022,8,9,1,