data,hora,natureza_acidente,situacao,bairro,endereco,detalhe_endereco_acidente,complemento,bairro_cruzamento,sentido_via,tipo,descricao,auto,moto,ciclom,ciclista,pedestre,onibus,caminhao,viatura,outros,vitimas,vitimasfatais,acidente_verificado,tempo_clima,situacao_semaforo,sinalizacao,condicao_via,conservacao_via,ponto_controle,situacao_placa,velocidade_max_via,mao_direcao,divisao_via1,natureza,ano,mes,dia,dia_semana,hora_ocorrencia
2022-08-09,,Não informado,FINALIZADA,PINA,RUA AMAZONAS,RUA TOME GIBSON,EDF. PARQUE AMAZONAS E EDF. ENCANTA MOÇA,PINA,SUBURBIO,COLISÃO LATERAL,Não informado,5.0,0.0,0.0,0.0,0.0,0.0,0.0,0.0,0.0,1.0,0.0,Cruzamento,Bom,Não existe,Perfeito estado,Seca,Perfeito estado,Faixa de pedestre,"Placas ""Pare""",60.0,Única,Faixa seccionada,COM VÍTIMA,2022,8,9,1,
2022-08-09,,Não informado,FINALIZADA,PINA,AVENIDA CELSO FURTADO (VIA MANGUE),Não informado,"PROX. AOS RESIDENCIAIS, NO FINAL DA VIA MANGUE SENT. PINA",PINA,CIDADE,CHOQUE,Não informado,1.0,1.0,0.0,0.0,0.0,0.0,0.0,0.0,0.0,1.0,0.0,Longo da via,Bom,Não existe,Perfeito estado,Seca,Perfeito estado,Não informado,Não informado,60.0,Dupla,Canteiro central,COM VÍTIMA,2022,8,9,1,
2022-08-09,,Não informado,FINALIZADA,BOA VIAGEM,AV ENGENHEIRO DOMINGOS FERREIRA,Não informado,E/F A CERPE,BOA VIAGEM,SUBURBIO,COLISÃO TRASEIRA,Não informado,1.0,1.0,0.0,0.0,0.0,0.0,0.0,0.0,0.0,1.0,0.0,Longo da via,Bom,Sem defeito,Perfeito estado,Seca,Perfeito estado,Faixa de pedestre,R-6a,60.0,Única,Canteiro central,COM VÍTIMA,2022,8,9,1,
2022-08-09,,Não informado,FINALIZADA,SANTO AMARO,RUA DOS PALMARES,RUA ARNOBIO MARQUES,EM FRENTE AO JULIÃO,SANTO AMARO,SUBURBIO,COLISÃO COM CICLISTA,Não informado,1.0,0.0,0.0,1.0,0.0,0.0,0.0,0.0,0.0,1.0,0.0,Cruzamento,Bom,Não existe,Perfeito estado,Seca,Perfeito estado,Faixa de pedestre,Outras,60.0,Única,Faixa seccionada,COM VÍTIMA,2022,8,9,1,
2022-08-09,,Não informado,FINALIZADA,ILHA DO LEITE,RUA MINAS GERAIS,RUA MARQUES AMORIM,POR TRÁS DA UNIMEDE 3,ILHA DO LEITE,Não informado,COLISÃO FRONTAL,Não informado,1.0,1.0,0.0,0.0,0.0,0.0,0.0,0.0,0.0,1.0,0.0,Longo da via,Bom,Não existe,Perfeito estado,Seca,Perfeito estado,Não existe,Não há placas,60.0,Única,Faixa seccionada,COM VÍTIMA,2022,8,9,1,
2022-08-09,,Não informado,FINALIZADA,SÃO JOSÉ,RUA TOBIAS BARRETO,Não informado,PROX  MS  ELETRONICA E/F AO EDF MONTANHA,SÃO JOSÉ,CIDADE,ATROPELAMENTO DE PESSOA,Não informado,1.0,0.0,0.0,0.0,1.0,0.0,0.0,0.0,0.0,1.0,0.0,Longo da via,Bom,Não existe,Perfeito estado,Seca,Perfeito estado,Não existe,Outras,60.0,Única,Não existe,COM VÍTIMA,2022,8,9,1,
2022-08-09,,Não informado,FINALIZADA,TAMARINEIRA,RUA PADRE ROMA,RUA DO FUTURO,EM FRENTE AO HOSPITAL ALBERT SABIN,TAMARINEIRA,Não informado,COLISÃO COM CICLISTA,Não informado,0.0,1.0,0.0,1.0,0.0,0.0,0.0,0.0,0.0,1.0,0.0,Cruzamento,Bom,Sem defeito,Perfeito estado,Seca,Perfeito estado,Faixa de pedestre,Não há placas,40.0,Única,Faixa seccionada,COM VÍTIMA,2022,8,9,1,
2022-08-10,,Não informado,FINALIZADA,CIDADE UNIVERSITÁRIA,RUA PROFESSOR ANTONIO COELHO,Não informado,COLÉGIO E CURSO DESAFIO,CIDADE UNIVERSITÁRIA,Não informado,ATROPELAMENTO DE PESSOA,Não informado,0.0,0.0,0.0,0.0,1.0,1.0,0.0,0.0,0.0,1.0,0.0,Não informado,Não informado,Não informado,Não informado,Não informado,Não informado,Não informado,Não informado,60.0,Não informado,Não informado,COM VÍTIMA,2022,8,10,2,
2022-08-10,,Não informado,FINALIZADA,IBURA,AV DOIS RIOS,RUA JORNALISTA EDSON REGIS,EM FRENTE AO POSTO BR,IBURA,CIDADE,COLISÃO TRASEIRA,Não informado,1.0,1.0,0.0,0.0,0.0,0.0,0.0,0.0,0.0,1.0,0.0,Longo da via,Bom,Sem defeito,Perfeito estado,Seca,Perfeito estado,Faixa de retenção,R-6a,60.0,Dupla,Faixa contínua,COM VÍTIMA,2022,8,10,2,
2022-08-10,,Não informado,FINALIZADA,IMBIRIBEIRA,AV MARECHAL MASCARENHAS DE MORAES,Não informado,EMFRENTE AO FÓRUM TRABALHISTA,IMBIRIBEIRA,Não informado,COLISÃO LATERAL,Não informado,1.0,1.0,0.0,0.0,0.0,0.0,0.0,0.0,0.0,1.0,0.0,Longo da via,Bom,Sem defeito,Perfeito estado,Seca,Perfeito estado,Não existe,R-6a,60.0,Dupla,Canteiro central,COM VÍTIMA,2022,8,10,2,
2022-08-10,,Não informado,FINALIZADA,GRAÇAS,RUA DAS CREOULAS,Não informado,EM FRENTE AO MACUNAÍMA,GRAÇAS,Não informado,CHOQUE,Não informado,1.0,0.0,0.0,0.0,0.0,0.0,0.0,0.0,0.0,1.0,0.0,Longo da via,Bom,Não existe,Perfeito estado,Seca,Perfeito estado,Não existe,R-6a,60.0,Única,Faixa seccionada,COM VÍTIMA,2022,8,10,2,
2022-08-10,,Não informado,FINALIZADA,JOANA BEZERRA,RUA IMPERIAL,RUA BOM SUCESSO,PROX AO VIADUTO CAPITÃO TEMUDO,JOANA BEZERRA,SUBURBIO,COLISÃO TRANSVERSAL,Não informado,1.0,1.0,0.0,0.0,0.0,0.0,0.0,0.0,0.0,1.0,0.0,Cruzamento,Bom,Não existe,Incompleta,Seca,Perfeito estado,Não existe,Não há placas,60.0,Única,Faixa seccionada,COM VÍTIMA,2022,8,10,2,
2022-08-10,,Não informado,FINALIZADA,MADALENA,AV JOSE GONCALVES DE MEDEIROS,RUA COMENDADOR BENTO AGUIAR,EM FRENTE AO PAGUE MENOS,MADALENA,SUBURBIO,COLISÃO LATERAL,Não informado,1.0,1.0,0.0,0.0,0.0,0.0,0.0,0.0,0.0,1.0,0.0,Cruzamento,Bom,Não existe,Não existente,Seca,Mal conservada,Não existe,Não há placas,60.0,Única,Não informado,COM VÍTIMA,2022,8,10,2,
2022-08-10,,Não informado,FINALIZADA,AREIAS,AV CAPITAO GREGORIO DE CALDAS,Não informado,EM FRENTE AO RESTAURANTE DO BATATA,AREIAS,Não informado,ATROPELAMENTO DE PESSOA,Não informado,0.0,1.0,0.0,0.0,1.0,0.0,0.0,0.0,0.0,1.0,0.0,Longo da via,Bom,Não existe,Incompleta,Seca,Mal conservada,Não existe,"Placas ""Pare""",60.0,Dupla,Não existe,COM VÍTIMA,2022,8,10,2,
2022-08-11,,Não informado,FINALIZADA,SAN MARTIN,AV ENGENHEIRO ABDIAS DE CARVALHO,AV GENERAL SAN MARTIN,NOVO ATACAREJO,SAN MARTIN,SUBURBIO,COLISÃO LATERAL,Não informado,1.0,1.0,0.0,0.0,0.0,0.0,0.0,0.0,0.0,1.0,0.0,Cruzamento,Bom,Sem defeito,Perfeito estado,Seca,Perfeito estado,Faixa de pedestre,Não há placas,60.0,Dupla,Canteiro central,COM VÍTIMA,2022,8,11,3,
2022-08-11,,Não informado,FINALIZADA,AFOGADOS,RUA SAO MIGUEL,Não informado,CHURRASCARIA CHARQUE NA BRASA,AFOGADOS,CIDADE,COLISÃO FRONTAL,Não informado,2.0,1.0,0.0,0.0,0.0,0.0,0.0,0.0,0.0,1.0,0.0,Longo da via,Chuvoso,Sem defeito,Perfeito estado,Molhada,Perfeito estado,Outros,Outras,60.0,Dupla,Faixa contínua,COM VÍTIMA,2022,8,11,3,
2022-08-11,,Não informado,FINALIZADA,BOA VISTA,RUA PRINCESA IZABEL,RUA SETE DE SETEMBRO,FACULDADE DE DIREITO,BOA VISTA,CIDADE,COLISÃO TRANSVERSAL,Não informado,0.0,0.0,0.0,0.0,0.0,1.0,0.0,1.0,0.0,0.0,0.0,Cruzamento,Bom,Não existe,Perfeito estado,Seca,Perfeito estado,Faixa de pedestre,"Placas ""Pare""",60.0,Não informado,Não existe,SEM VÍTIMA,2022,8,11,3,
2022-08-11,,Não informado,FINALIZADA,ARRUDA,AV BEBERIBE,RUA ZEFERINO AGRA,PROX A DELEGACIA DE ÁGUA FRIA,ARRUDA,CIDADE,COLISÃO TRANSVERSAL,Não informado,1.0,1.0,0.0,0.0,0.0,0.0,0.0,0.0,0.0,2.0,0.0,Não informado,Bom,Não existe,Não informado,Seca,Perfeito estado,Faixa de pedestre,Não informado,40.0,Única,Faixa contínua,COM VÍTIMA,2022,8,11,3,
2022-08-11,,Não informado,FINALIZADA,SÃO JOSÉ,AV SUL,RUA PADRE JOSE DE SA LEITAO,PROXIMO AO SEMAFORO  509,SÃO JOSÉ,CIDADE,COLISÃO TRASEIRA,Não informado,1.0,1.0,0.0,0.0,0.0,0.0,0.0,0.0,0.0,1.0,0.0,Cruzamento,Bom,Sem defeito,Perfeito estado,Seca,Perfeito estado,Faixa de pedestre,Não há placas,60.0,Única,Faixa contínua,COM VÍTIMA,2022,8,11,3,
2022-08-11,,Não informado,FINALIZADA,MADALENA,RUA REAL DA TORRE,RUA JOSE OSORIO,EM FRENTE AO MERCADO DA MADALENA,MADALENA,Não informado,COLISÃO LATERAL,Não informado,1.0,1.0,0.0,0.0,0.0,0.0,0.0,0.0,0.0,1.0,0.0,Longo da via,Bom,Não existe,Perfeito estado,Seca,Perfeito estado,Não existe,Outras,60.0,Única,Faixa seccionada,COM VÍTIMA,2022,8,11,3,
2022-08-11,,Não informado,FINALIZADA,ÁGUA FRIA,RUA DA REGENERACAO,Não informado,PROX A LEO CHOP,ÁGUA FRIA,SUBURBIO,COLISÃO FRONTAL,Não informado,0.0,2.0,0.0,0.0,0.0,0.0,0.0,0.0,0.0,1.0,0.0,Longo da via,Bom,Não existe,Não existente,Molhada,Mal conservada,Não existe,Outras,40.0,Dupla,Não existe,COM VÍTIMA,2022,8,11,3,
2022-08-11,,Não informado,FINALIZADA,IPUTINGA,RUA CAPITAO AURELIO DE ARAUJO,Não informado,LADO OPOSTO AO RESTAURANTE BODE DO PRIMO,IPUTINGA,Não informado,CHOQUE,Não informado,2.0,0.0,0.0,0.0,0.0,0.0,0.0,0.0,0.0,0.0,0.0,Longo da via,Bom,Não existe,Não informado,Seca,Perfeito estado,Não existe,Não há placas,60.0,Dupla,Não existe,SEM VÍTIMA,2022,8,11,3,
2022-08-12,,Não informado,FINALIZADA,ROSARINHO,AV NORTE MIGUEL ARRAES DE ALENCAR,Não informado,EM FRENTE A EXTRA FARMA,ROSARINHO,SUBURBIO,QUEDA,Não informado,0.0,1.0,0.0,0.0,0.0,0.0,0.0,0.0,0.0,1.0,0.0,Não informado,Não informado,Não informado,Não informado,Não informado,Não informado,Não informado,Não informado,60.0,Não informado,Não informado,COM VÍTIMA,2022,8,12,4,
2022-08-12,,Não informado,FINALIZADA,SANTO AMARO,AV GOVERNADOR AGAMENON MAGALHAES,Não informado,"EM FRENTE A UPE, SENT. OLINDA",SANTO AMARO,SUBURBIO,COLISÃO LATERAL,Não informado,1.0,1.0,0.0,0.0,0.0,0.0,0.0,0.0,0.0,1.0,0.0,Longo da via,Bom,Sem defeito,Perfeito estado,Seca,Perfeito estado,Outros,Outras,60.0,Única,Faixa seccionada,COM VÍTIMA,2022,8,12,4,
2022-08-12,,Não informado,FINALIZADA,SAN MARTIN,RUA VINTE E UM DE ABRIL,Não informado,EM FRENTE A PADARIA PARIS,SAN MARTIN,CIDADE,Não informado,Não informado,1.0,0.0,0.0,0.0,0.0,0.0,0.0,0.0,0.0,0.0,0.0,Longo da via,Bom,Não existe,Incompleta,Seca,Perfeito estado,Não existe,Não há placas,60.0,Dupla,Faixa seccionada,SEM VÍTIMA,2022,8,12,4,
2022-08-12,,Não informado,FINALIZADA,CORDEIRO,AV CAXANGA,AV GENERAL SAN MARTIN,EM FRENTE AO T.I. DA CAXANGÁ,CORDEIRO,CIDADE,COLISÃO TRASEIRA,Não informado,1.0,1.0,0.0,0.0,0.0,0.0,0.0,0.0,0.0,1.0,0.0,Longo da via,Bom,Sem defeito,Perfeito estado,Seca,Perfeito estado,Faixa de pedestre,Não há placas,60.0,Única,Não informado,COM VÍTIMA,2022,8,12,4,
2022-08-12,,Não informado,DUPLICIDADE,VÁRZEA,AV CAXANGA,Não informado,EM FRENTE AO T.I. DA CAXANGÁ,VÁRZEA,Não informado,COLISÃO TRASEIRA,Não informado,1.0,1.0,0.0,0.0,0.0,0.0,0.0,0.0,0.0,1.0,0.0,Não informado,Não informado,Não informado,Não informado,Não informado,Não informado,Não informado,Não informado,60.0,Não informado,Não informado,COM VÍTIMA,2022,8,12,4,
2022-08-12,,Não informado,FINALIZADA,VÁRZEA,AV AFONSO OLINDENSE,Não informado,DEPÓSITO SÓ BEBIDAS,VÁRZEA,Não informado,COLISÃO LATERAL,Não informado,1.0,1.0,0.0,0.0,0.0,0.0,0.0,0.0,0.0,1.0,0.0,Longo da via,Bom,Não existe,Perfeito estado,Seca,Perfeito estado,Não existe,Outras,30.0,Dupla,Faixa contínua,COM VÍTIMA,2022,8,12,4,
2022-08-12,,Não informado,CANCELADA,ROSARINHO,AV NORTE MIGUEL ARRAES DE ALENCAR,Não informado,E/F ALARME CENTER PROX  VISTORIA DO DETRAN  S/T  CID,ROSARINHO,Não informado,COLISÃO FRONTAL,Não informado,1.0,2.0,0.0,0.0,0.0,0.0,0.0,0.0,0.0,0.0,0.0,Não informado,Não informado,Não informado,Não informado,Não informado,Não informado,Não informado,Não informado,60.0,Não informado,Não informado,SEM VÍTIMA,2022,8,12,4,
2022-08-12,,Não informado,FINALIZADA,COQUEIRAL,RUA LINHA NOVA,Não informado,EM FRENTE A VADO RECICLAGEM,COQUEIRAL,Não informado,COLISÃO LATERAL,Não informado,0.0,1.0,0.0,0.0,0.0,0.0,1.0,0.0,0.0,1.0,0.0,Esquina,Bom,Não existe,Perfeito estado,Seca,Perfeito estado,Não existe,Não há placas,60.0,Dupla,Não existe,COM VÍTIMA,2022,8,12,4,
2022-08-12,,Não informado,FINALIZADA,SANTO AMARO,RUA FREI CASSIMIRO,RUA COELHO LEITE,AO LADO DO SENAI,SANTO AMARO,SUBURBIO,COLISÃO TRANSVERSAL,Não informado,1.0,1.0,0.0,0.0,0.0,0.0,0.0,0.0,0.0,1.0,0.0,Cruzamento,Bom,Não existe,Perfeito estado,Seca,Perfeito estado,Não existe,Não há placas,60.0,Dupla,Faixa contínua,COM VÍTIMA,2022,8,12,4,
2022-08-12,,Não informado,CANCELADA,IPSEP,AV RECIFE,Não informado,PRÓXIMO AO ARMAZEM CORAL,IPSEP,Não informado,ATROPELAMENTO DE PESSOA,Não informado,0.0,0.0,0.0,0.0,0.0,0.0,0.0,0.0,0.0,1.0,0.0,Não informado,Não informado,Não informado,Não informado,Não informado,Não informado,Não informado,Não informado,60.0,Não informado,Não informado,COM VÍTIMA,2022,8,12,4,
2022-08-12,,Não informado,FINALIZADA,IBURA,Não informado,Não informado,"FICA NA RUA  AZEITONA, PRÓXIMO A FÁBRICA DA FREVO",IBURA,SUBURBIO,CHOQUE,Não informado,0.0,0.0,0.0,0.0,0.0,0.0,0.0,1.0,0.0,0.0,0.0,Longo da via,Bom,Não existe,Incompleta,Seca,Mal iluminada,Não existe,Não há placas,60.0,Dupla,Não existe,SEM VÍTIMA,2022,8,12,4,
2022-08-13,,Não informado,FINALIZADA,BOA VIAGEM,AV CONSELHEIRO AGUIAR,Não informado,HABIBS,BOA VIAGEM,Não informado,COLISÃO FRONTAL,Não informado,2.0,0.0,0.0,0.0,0.0,0.0,0.0,0.0,0.0,0.0,0.0,Não informado,Não informado,Não informado,Não informado,Não informado,Não informado,Não informado,Não informado,60.0,Não informado,Não informado,SEM VÍTIMA,2022,8,13,5,
2022-08-13,,Não informado,FINALIZADA,VÁRZEA,AV AFONSO OLINDENSE,Não informado,EM FRENTE A  DELICIA DO TRIGO,VÁRZEA,SUBURBIO,COLISÃO TRASEIRA,Não informado,1.0,1.0,0.0,0.0,0.0,0.0,0.0,0.0,0.0,1.0,0.0,Longo da via,Bom,Sem defeito,Perfeito estado,Seca,Perfeito estado,Não existe,Não informado,40.0,Dupla,Faixa contínua,COM VÍTIMA,2022,8,13,5,
2022-08-13,,Não informado,FINALIZADA,AREIAS,AV DR JOSE RUFINO,RUA COSTA HONORATO,EM FRENTE A HONDA,AREIAS,SUBURBIO,COLISÃO TRANSVERSAL,Não informado,1.0,1.0,0.0,0.0,0.0,0.0,0.0,0.0,0.0,2.0,0.0,Cruzamento,Bom,Não existe,Perfeito estado,Seca,Perfeito estado,Outros,Outras,50.0,Dupla,Faixa contínua,COM VÍTIMA,2022,8,13,5,
2022-08-13,,Não informado,FINALIZADA,IMBIRIBEIRA,AV GENERAL MAC ARTHUR,Não informado,EM FRENTE AO LE PARC,IMBIRIBEIRA,SUBURBIO,COLISÃO TRANSVERSAL,Não informado,1.0,1.0,0.0,0.0,0.0,0.0,0.0,0.0,0.0,1.0,0.0,Longo da via,Bom,Sem defeito,Perfeito estado,Seca,Perfeito estado,Faixa de pedestre,Não há placas,40.0,Única,Faixa seccionada,COM VÍTIMA,2022,8,13,5,
2022-08-13,,Não informado,FINALIZADA,BOA VIAGEM,RUA DR LUIZ INACIO PESSOA DE MELO,Não informado,E/F AO SUPERMERCADO TREVO,BOA VIAGEM,CIDADE,COLISÃO FRONTAL,Não informado,1.0,1.0,0.0,0.0,0.0,0.0,0.0,0.0,0.0,1.0,0.0,Longo da via,Bom,Não existe,Perfeito estado,Seca,Perfeito estado,Não existe,Outras,60.0,Dupla,Faixa seccionada,COM VÍTIMA,2022,8,13,5,
2022-08-13,,Não informado,FINALIZADA,BOA VISTA,AV GOVERNADOR AGAMENON MAGALHAES,Não informado,EM FRENTE AO COLEGIO AMERICANO BATISTA,BOA VISTA,SUBURBIO,COLISÃO TRASEIRA,Não informado,1.0,1.0,0.0,0.0,0.0,0.0,0.0,0.0,0.0,1.0,0.0,Longo da via,Bom,Sem defeito,Perfeito estado,Seca,Perfeito estado,Faixa de pedestre,R-6a,60.0,Dupla,Canteiro central,COM VÍTIMA,2022,8,13,5,
2022-08-13,,Não informado,FINALIZADA,SANTO AMARO,RUA TREZE DE MAIO,RUA FREI CASSIMIRO,Não informado,SANTO AMARO,SUBURBIO,COLISÃO LATERAL,Não informado,1.0,1.0,0.0,0.0,0.0,0.0,0.0,0.0,0.0,2.0,0.0,Cruzamento,Bom,Não existe,Perfeito estado,Seca,Perfeito estado,Faixa de pedestre,Outras,60.0,Dupla,Faixa contínua,COM VÍTIMA,2022,8,13,5,
2022-08-14,,Não informado,CANCELADA,DERBY,AV GOVERNADOR AGAMENON MAGALHAES,PRC DO DERBY,PRAÇA DO DERBY,DERBY,Não informado,COLISÃO TRANSVERSAL,Não informado,1.0,1.0,0.0,0.0,0.0,0.0,0.0,0.0,0.0,1.0,0.0,Não informado,Não informado,Não informado,Não informado,Não informado,Não informado,Não informado,Não informado,60.0,Não informado,Não informado,COM VÍTIMA,2022,8,14,6,
2022-08-14,,Não informado,FINALIZADA,BARRO,AV DR JOSE RUFINO,Não informado,"EM FRENTE A GALERIA BARRO, PROX. AO POSTO DE GASOLINA IMPERIO",BARRO,CIDADE,CHOQUE,Não informado,1.0,0.0,0.0,0.0,0.0,0.0,0.0,0.0,0.0,1.0,0.0,Longo da via,Bom,Não existe,Perfeito estado,Seca,Perfeito estado,Não existe,Não há placas,40.0,Não informado,Faixa contínua,COM VÍTIMA,2022,8,14,6,
2022-08-14,,Não informado,FINALIZADA,CAJUEIRO,AV BEBERIBE,RUA MAJOR DAVINO,NA ESQUINA DA PIZZARIA VICIOS,CAJUEIRO,Não informado,COLISÃO TRANSVERSAL,Não informado,1.0,1.0,0.0,0.0,0.0,0.0,0.0,0.0,0.0,1.0,0.0,Cruzamento,Bom,Sem defeito,Perfeito estado,Seca,Perfeito estado,Faixa de pedestre,Não há placas,60.0,Dupla,Faixa contínua,COM VÍTIMA,2022,8,14,6,
2022-08-14,,Não informado,FINALIZADA,ALTO SANTA TERESINHA,AV ANIBAL BENEVOLO,Não informado,EM FRENTE AO CLUBE BELA VISTA,ALTO SANTA TERESINHA,CIDADE,COLISÃO LATERAL,Não informado,1.0,0.0,1.0,0.0,0.0,0.0,0.0,0.0,0.0,1.0,0.0,Longo da via,Bom,Não existe,Perfeito estado,Seca,Perfeito estado,Não existe,Outras,30.0,Dupla,Não existe,COM VÍTIMA,2022,8,14,6,
2022-08-14,,Não informado,FINALIZADA,ESPINHEIRO,RUA DO ESPINHEIRO,RUA SANTO ELIAS,DE FRENTE AO POSTO IPIRANGA,ESPINHEIRO,CIDADE,COLISÃO TRANSVERSAL,Não informado,2.0,0.0,0.0,0.0,0.0,0.0,0.0,0.0,0.0,1.0,0.0,Cruzamento,Bom,Não existe,Incompleta,Seca,Perfeito estado,Faixa de pedestre,"Placas ""Pare""",60.0,Única,Faixa seccionada,COM VÍTIMA,2022,8,14,6,
2022-08-14,,Não informado,FINALIZADA,ÁGUA FRIA,AV BEBERIBE,Não informado,PROX AO PAGODE DA PRESSÃO,ÁGUA FRIA,SUBURBIO,COLISÃO COM CICLISTA,Não informado,0.0,0.0,0.0,1.0,0.0,1.0,0.0,0.0,0.0,1.0,0.0,Longo da via,Bom,Não existe,Perfeito estado,Seca,Perfeito estado,Não existe,R-6a,60.0,Dupla,Faixa seccionada,COM VÍTIMA,2022,8,14,6,
2022-08-15,,Não informado,FINALIZADA,IMBIRIBEIRA,AV MARECHAL MASCARENHAS DE MORAES,Não informado,LADO OPOSTO AO Nº 4890 / EM FRENTE AO MARTELINHO DE OURO,IMBIRIBEIRA,CIDADE,COLISÃO TRASEIRA,Não informado,2.0,0.0,0.0,0.0,0.0,0.0,0.0,0.0,0.0,0.0,0.0,Longo da via,Bom,Não existe,Perfeito estado,Seca,Perfeito estado,Não existe,R-6a,60.0,Única,Faixa seccionada,SEM VÍTIMA,2022,8,15,0,
2022-08-15,,Não informado,FINALIZADA,IMBIRIBEIRA,RUA ITACARI,RUA ITAJAI,EM FRENTE À YNOVE,IMBIRIBEIRA,Não informado,COLISÃO LATERAL,Não informado,1.0,1.0,0.0,0.0,0.0,0.0,0.0,0.0,0.0,1.0,0.0,Cruzamento,Bom,Não existe,Perfeito estado,Seca,Perfeito estado,Faixa de pedestre,Outras,60.0,Dupla,Faixa contínua,COM VÍTIMA,2022,8,15,0,
2022-08-15,,Não informado,FINALIZADA,IMBIRIBEIRA,AV MARECHAL MASCARENHAS DE MORAES,Não informado,EM FRENTE A IMBIRIBEIRA DIESEL,IMBIRIBEIRA,CIDADE,COLISÃO TRASEIRA,Não informado,1.0,0.0,0.0,0.0,0.0,0.0,0.0,0.0,1.0,0.0,0.0,Cruzamento,Bom,Sem defeito,Incompleta,Seca,Perfeito estado,Faixa de pedestre,R-6a,60.0,Dupla,Canteiro central,SEM VÍTIMA,2022,8,15,0,
2022-08-15,,Não informado,CANCELADA,ALTO DO MANDU,RUA TRAMANDAI,Não informado,PROX AO POSTO DE SAUDE,ALTO DO MANDU,Não informado,COLISÃO LATERAL,Não informado,1.0,0.0,0.0,0.0,0.0,0.0,1.0,0.0,0.0,0.0,0.0,Não informado,Não informado,Não informado,Não informado,Não informado,Não informado,Não informado,Não informado,60.0,Não informado,Não informado,SEM VÍTIMA,2022,8,15,0,
2022-08-15,,Não informado,FINALIZADA,ESTÂNCIA,RUA JOAO TEIXEIRA,Não informado,NO FINAL DA RUA DO COLEGIO VISAO,ESTÂNCIA,Não informado,COLISÃO FRONTAL,Não informado,2.0,0.0,0.0,0.0,0.0,0.0,0.0,0.0,0.0,0.0,0.0,Não informado,Não informado,Não informado,Não informado,Não informado,Não informado,Não informado,Não informado,60.0,Não informado,Não informado,SEM VÍTIMA,2022,8,15,0,
2022-08-15,,Não informado,FINALIZADA,MADALENA,RUA REAL DA TORRE,Não informado,EM FRENTE DA MARCOS EQUIPADORA,MADALENA,SUBURBIO,ATROPELAMENTO DE PESSOA,Não informado,0.0,1.0,0.0,0.0,1.0,0.0,0.0,0.0,0.0,1.0,0.0,Longo da via,Bom,Não existe,Perfeito estado,Seca,Perfeito estado,Não existe,Outras,50.0,Não informado,Faixa seccionada,COM VÍTIMA,2022,8,15,0,
2022-08-15,,Não informado,FINALIZADA,SANTO AMARO,AV GOVERNADOR AGAMENON MAGALHAES,Não informado,EM FRENTE A UPE/ SENTIDO OLINDA,SANTO AMARO,SUBURBIO,COLISÃO LATERAL,Não informado,1.0,1.0,0.0,0.0,0.0,0.0,0.0,0.0,0.0,1.0,0.0,Longo da via,Bom,Sem defeito,Perfeito estado,Seca,Perfeito estado,Faixa de pedestre,Não há placas,60.0,Dupla,Canal,COM VÍTIMA,2022,8,15,0,
2022-08-15,,Não informado,FINALIZADA,SANTO AMARO,AV NORTE MIGUEL ARRAES DE ALENCAR,Não informado,APOS O SEMAFORO DA RUA 13 DE MAIO,SANTO AMARO,CIDADE,ATROPELAMENTO DE PESSOA,Não informado,0.0,1.0,0.0,0.0,1.0,0.0,0.0,0.0,0.0,1.0,0.0,Longo da via,Bom,Não existe,Perfeito estado,Seca,Perfeito estado,Não existe,Não há placas,60.0,Dupla,Canteiro central,COM VÍTIMA,2022,8,15,0,
2022-08-16,,Não informado,FINALIZADA,PINA,AV ANTONIO DE GOES,RUA MANOEL DE BRITO,EM FRENTE AO EMPRESARIAL JOPIN,PINA,Não informado,ATROPELAMENTO DE ANIMAL,Não informado,0.0,1.0,0.0,0.0,0.0,0.0,0.0,0.0,1.0,2.0,0.0,Cruzamento,Bom,Sem defeito,Perfeito estado,Seca,Perfeito estado,Faixa de pedestre,R-25b,60.0,Única,Canteiro central,COM VÍTIMA,2022,8,16,1,
2022-08-16,,Não informado,FINALIZADA,JAQUEIRA,RUA PADRE ROMA,AV CONS ROSA E SILVA,APÓS HOSPITAL CORREIA PICANÇO,JAQUEIRA,SUBURBIO,COLISÃO TRASEIRA,Não informado,2.0,0.0,0.0,0.0,0.0,0.0,0.0,1.0,0.0,0.0,0.0,Cruzamento,Bom,Sem defeito,Perfeito estado,Seca,Perfeito estado,Faixa de pedestre,R-6a,60.0,Dupla,Faixa contínua,SEM VÍTIMA,2022,8,16,1,
2022-08-16,,Não informado,FINALIZADA,ESPINHEIRO,RUA CONS PORTELA,AV JOAO DE BARROS,PROXIMO AO ITAU,ESPINHEIRO,Não informado,ATROPELAMENTO DE PESSOA,Não informado,1.0,0.0,0.0,0.0,1.0,0.0,0.0,0.0,0.0,1.0,0.0,Longo da via,Bom,Não existe,Perfeito estado,Seca,Perfeito estado,Faixa de pedestre,R-6a,60.0,Única,Faixa,COM VÍTIMA,2022,8,16,1,