data,hora,natureza_acidente,situacao,bairro,endereco,detalhe_endereco_acidente,complemento,bairro_cruzamento,sentido_via,tipo,descricao,auto,moto,ciclom,ciclista,pedestre,onibus,caminhao,viatura,outros,vitimas,vitimasfatais,acidente_verificado,tempo_clima,situacao_semaforo,sinalizacao,condicao_via,conservacao_via,ponto_controle,situacao_placa,velocidade_max_via,mao_direcao,divisao_via1,natureza,ano,mes,dia,dia_semana,hora_ocorrencia
2022-08-17,,Não informado,FINALIZADA,VASCO DA GAMA,RUA CORREGO DO OURO,Não informado,PANIFICADORA VITOR,VASCO DA GAMA,Não informado,COLISÃO LATERAL,Não informado,1.0,0.0,0.0,0.0,0.0,0.0,1.0,0.0,0.0,1.0,0.0,Longo da via,Bom,Não existe,Não existente,Seca,Perfeito estado,Não existe,Não há placas,60.0,Dupla,Não existe,COM VÍTIMA,2022,8,17,2,
2022-08-17,,Não informado,FINALIZADA,DOIS IRMÃOS,RUA MANUEL DE MEDEIROS,Não informado,EM FRENTE À UFRPE,DOIS IRMÃOS,Não informado,COLISÃO FRONTAL,Não informado,1.0,1.0,0.0,0.0,0.0,0.0,0.0,0.0,0.0,1.0,0.0,Cruzamento,Chuvoso,Sem defeito,Perfeito estado,Molhada,Perfeito estado,Não existe,Não há placas,60.0,Dupla,Faixa seccionada,COM VÍTIMA,2022,8,17,2,
2022-08-17,,Não informado,FINALIZADA,IMBIRIBEIRA,RUA JOAQUIM BANDEIRA,AV SUL,EM FRENTE A MAFEMA E AO LADO DA ESTAÇÃO ANTÔNIO FALCÃO ( METRÔ),IMBIRIBEIRA,CIDADE,Não informado,Não informado,1.0,0.0,0.0,0.0,0.0,0.0,0.0,1.0,0.0,0.0,0.0,Longo da via,Bom,Não existe,Perfeito estado,Seca,Perfeito estado,Não existe,Outras,60.0,Única,Faixa seccionada,SEM VÍTIMA,2022,8,17,2,
2022-08-17,,Não informado,CANCELADA,SANTO ANTÔNIO,PRC DA REPUBLICA,AV DANTAS BARRETO,EM FRENTE AO TEATRO SANTA  ISABEL,SANTO ANTÔNIO,Não informado,COLISÃO LATERAL,Não informado,1.0,1.0,0.0,0.0,0.0,0.0,0.0,0.0,0.0,1.0,0.0,Não informado,Não informado,Não informado,Não informado,Não informado,Não informado,Não informado,Não informado,60.0,Não informado,Não informado,COM VÍTIMA,2022,8,17,2,
2022-08-17,,Não informado,FINALIZADA,BOA VISTA,RUA DO HOSPICIO,RUA PRINCESA IZABEL,CAMERA DOS VEREADOPRES,BOA VISTA,Não informado,ATROPELAMENTO DE PESSOA,Não informado,1.0,0.0,0.0,0.0,1.0,0.0,0.0,0.0,0.0,1.0,0.0,Cruzamento,Bom,Sem defeito,Perfeito estado,Seca,Perfeito estado,Faixa de pedestre,Outras,60.0,Dupla,Faixa contínua,COM VÍTIMA,2022,8,17,2,
2022-08-17,,Não informado,FINALIZADA,BOA VISTA,AV CONDE DA BOA VISTA,Não informado,PRÓXIMO AO BRADESCO,BOA VISTA,SUBURBIO,COLISÃO TRASEIRA,Não informado,1.0,1.0,0.0,0.0,0.0,0.0,0.0,0.0,0.0,1.0,0.0,Longo da via,Chuvoso,Sem defeito,Perfeito estado,Molhada,Perfeito estado,Outros,Não há placas,60.0,Dupla,Canteiro central,COM VÍTIMA,2022,8,17,2,
2022-08-17,,Não informado,FINALIZADA,DERBY,AV GOVERNADOR AGAMENON MAGALHAES,Não informado,PRÓXIMO AO BURGUER KING - SENTIDO BOA VIAGEM,DERBY,Não informado,COLISÃO LATERAL,Não informado,0.0,1.0,0.0,0.0,0.0,1.0,0.0,0.0,0.0,1.0,0.0,Longo da via,Bom,Sem defeito,Perfeito estado,Seca,Perfeito estado,Faixa de pedestre,Outras,60.0,Dupla,Canal,COM VÍTIMA,2022,8,17,2,
2022-08-18,,Não informado,FINALIZADA,AFOGADOS,RUA SAO MIGUEL,Não informado,EM FRENTE AO POSTO DE GASOLINA DISLUB,AFOGADOS,Não informado,COLISÃO FRONTAL,Não informado,1.0,1.0,0.0,0.0,0.0,0.0,0.0,0.0,0.0,1.0,0.0,Longo da via,Bom,Não existe,Perfeito estado,Seca,Perfeito estado,Não existe,Outras,50.0,Dupla,Faixa contínua,COM VÍTIMA,2022,8,18,3,
2022-08-18,,Não informado,FINALIZADA,IPSEP,AV RECIFE,RUA JEAN EMILE FAVRE,Não informado,IPSEP,IMBIRIBEIRA,COLISÃO TRASEIRA,Não informado,0.0,1.0,0.0,0.0,0.0,0.0,0.0,0.0,0.0,1.0,0.0,Cruzamento,Bom,Sem defeito,Perfeito estado,Não informado,Perfeito estado,Faixa de pedestre,R-5a,60.0,Não informado,Faixa contínua,COM VÍTIMA,2022,8,18,3,
2022-08-18,,Não informado,FINALIZADA,IMBIRIBEIRA,RUA JACI,RUA JOAQUIM BANDEIRA,APOS A FERREIRA COSTA,IMBIRIBEIRA,CIDADE,COLISÃO LATERAL,Não informado,0.0,1.0,0.0,0.0,0.0,1.0,0.0,0.0,0.0,1.0,0.0,Cruzamento,Bom,Não existe,Não existente,Molhada,Perfeito estado,Não existe,Não há placas,60.0,Única,Não existe,COM VÍTIMA,2022,8,18,3,
2022-08-18,,Não informado,FINALIZADA,TEJIPIÓ,AV LIBERDADE,Não informado,EM FENTE AO CEMITÉRIO PARQUE DAS FLORES,TEJIPIÓ,Não informado,COLISÃO LATERAL,Não informado,1.0,1.0,0.0,0.0,0.0,0.0,0.0,0.0,0.0,1.0,0.0,Longo da via,Bom,Não existe,Não existente,Seca,Perfeito estado,Não existe,Não informado,30.0,Dupla,Não existe,COM VÍTIMA,2022,8,18,3,
2022-08-18,,Não informado,FINALIZADA,AFOGADOS,RUA SANTOS ARAUJO,RUA SAO MIGUEL,POSTO DE COMBUS BRAZ PETRO,AFOGADOS,SUBURBIO,Não informado,Não informado,0.0,0.0,0.0,0.0,0.0,0.0,1.0,0.0,0.0,0.0,0.0,Longo da via,Bom,Sem defeito,Perfeito estado,Seca,Perfeito estado,Não existe,Não há placas,60.0,Única,Faixa seccionada,SEM VÍTIMA,2022,8,18,3,
2022-08-18,,Não informado,FINALIZADA,SANTO ANTÔNIO,RUA IMPERADOR PEDRO SEGUNDO,RUA PRIMEIRO DE MARCO,PROX AO BANCO ITAU,SANTO ANTÔNIO,CI,COLISÃO FRONTAL,Não informado,0.0,2.0,0.0,0.0,0.0,0.0,0.0,0.0,0.0,2.0,0.0,Cruzamento,Bom,Sem defeito,Perfeito estado,Seca,Perfeito estado,Faixa de pedestre,R-6a,60.0,Única,Faixa contínua,COM VÍTIMA,2022,8,18,3,
2022-08-18,,Não informado,FINALIZADA,PINA,AV HERCULANO BANDEIRA,Não informado,Não informado,PINA,Não informado,COLISÃO TRASEIRA,Não informado,1.0,1.0,0.0,0.0,0.0,0.0,0.0,0.0,0.0,2.0,0.0,Longo da via,Bom,Sem defeito,Perfeito estado,Seca,Perfeito estado,Não existe,R-6a,60.0,Única,Faixa seccionada,COM VÍTIMA,2022,8,18,3,
2022-08-18,,Não informado,FINALIZADA,DERBY,AV GOVERNADOR AGAMENON MAGALHAES,Não informado,EM FRENTE AO HOSPITAL DA RESTAURAÇÃO,DERBY,Não informado,Não informado,Não informado,1.0,0.0,0.0,0.0,0.0,0.0,0.0,1.0,0.0,0.0,0.0,Longo da via,Bom,Não existe,Perfeito estado,Seca,Perfeito estado,Agente,Não há placas,60.0,Única,Faixa seccionada,SEM VÍTIMA,2022,8,18,3,
2022-08-18,,Não informado,FINALIZADA,BOA VIAGEM,RUA DOM JOSE LOPES,Não informado,EM FRENTE AO BAR SÃO BUTIQUIM,BOA VIAGEM,Não informado,COLISÃO FRONTAL,Não informado,1.0,1.0,0.0,0.0,0.0,0.0,0.0,0.0,0.0,1.0,0.0,Cruzamento,Bom,Não existe,Perfeito estado,Seca,Perfeito estado,Faixa de pedestre,"Placas ""Pare""",60.0,Dupla,Não existe,COM VÍTIMA,2022,8,18,3,
2022-08-18,,Não informado,FINALIZADA,IPSEP,AV RECIFE,Não informado,PROXIMO AO SEMAFORO 55,IPSEP,Não informado,COLISÃO TRASEIRA,Não informado,1.0,1.0,0.0,0.0,0.0,0.0,0.0,0.0,0.0,1.0,0.0,Longo da via,Bom,Sem defeito,Perfeito estado,Seca,Perfeito estado,Agente,R-6a,60.0,Única,Faixa seccionada,COM VÍTIMA,2022,8,18,3,
2022-08-18,,Não informado,FINALIZADA,IMBIRIBEIRA,AV MARECHAL MASCARENHAS DE MORAES,Não informado,"EM FRENTE A LASER ELETRO, SENTIDO AFOGADOS",IMBIRIBEIRA,Não informado,COLISÃO TRASEIRA,Não informado,1.0,1.0,0.0,0.0,0.0,0.0,0.0,0.0,0.0,1.0,0.0,Longo da via,Bom,Sem defeito,Perfeito estado,Seca,Perfeito estado,Não existe,Outras,60.0,Dupla,Faixa seccionada,COM VÍTIMA,2022,8,18,3,
2022-08-18,,Não informado,FINALIZADA,IPSEP,AV RECIFE,Não informado,LADO OPOSTO AO RESIDENCIAL IGNEZ ANDREAZZA,IPSEP,CIDADE,COLISÃO TRASEIRA,Não informado,1.0,1.0,0.0,0.0,0.0,0.0,0.0,0.0,0.0,1.0,0.0,Longo da via,Bom,Sem defeito,Perfeito estado,Seca,Perfeito estado,Não existe,Não há placas,60.0,Única,Faixa seccionada,COM VÍTIMA,2022,8,18,3,
2022-08-18,,Não informado,FINALIZADA,JORDÃO,RUA DR ALVARO FERRAZ,Não informado,PROXIMA A PRAÇA DO JORDÃO BAIXO,JORDÃO,Não informado,COLISÃO LATERAL,Não informado,0.0,2.0,0.0,0.0,0.0,0.0,0.0,0.0,0.0,1.0,0.0,Longo da via,Bom,Não existe,Perfeito estado,Seca,Perfeito estado,Não existe,Outras,60.0,Não informado,Não existe,COM VÍTIMA,2022,8,18,3,
2022-08-18,,Não informado,CANCELADA,CÓRREGO DO JENIPAPO,RUA ERUNDINA NEGREIROS DE ARAUJO,Não informado,EM FRENTE A ASSEMBLÉIA DE DEUS,CÓRREGO DO JENIPAPO,Não informado,ATROPELAMENTO DE PESSOA,Não informado,0.0,1.0,0.0,0.0,1.0,0.0,0.0,0.0,0.0,1.0,0.0,Não informado,Não informado,Não informado,Não informado,Não informado,Não informado,Não informado,Não informado,60.0,Não informado,Não informado,COM VÍTIMA,2022,8,18,3,
2022-08-18,,Não informado,FINALIZADA,ESPINHEIRO,RUA SANTO ELIAS,RUA DO ESPINHEIRO,ESQUINA DO POSTO IPIRANGA,ESPINHEIRO,Não informado,COLISÃO TRANSVERSAL,Não informado,0.0,1.0,0.0,0.0,0.0,0.0,0.0,1.0,0.0,1.0,0.0,Cruzamento,Chuvoso,Não existe,Perfeito estado,Molhada,Perfeito estado,Faixa de pedestre,Não informado,60.0,Dupla,Não informado,COM VÍTIMA,2022,8,18,3,
2022-08-19,,Não informado,FINALIZADA,IMBIRIBEIRA,AV MARECHAL MASCARENHAS DE MORAES,Não informado,EM FRENTE À PREMIER PRODUTOS ALIMENTÍCIOS,IMBIRIBEIRA,SUBURBIO,COLISÃO TRASEIRA,Não informado,1.0,0.0,0.0,0.0,0.0,1.0,0.0,0.0,0.0,0.0,0.0,Longo da via,Chuvoso,Não existe,Perfeito estado,Molhada,Perfeito estado,Outros,R-32,60.0,Dupla,Canteiro central,SEM VÍTIMA,2022,8,19,4,
2022-08-19,,Não informado,FINALIZADA,AREIAS,RUA AURORA CACOTE,Não informado,PROX AO  GALETUS,AREIAS,Não informado,COLISÃO FRONTAL,Não informado,1.0,1.0,0.0,0.0,0.0,0.0,0.0,0.0,0.0,1.0,0.0,Longo da via,Bom,Não existe,Perfeito estado,Seca,Perfeito estado,Não existe,Não há placas,60.0,Dupla,Não existe,COM VÍTIMA,2022,8,19,4,
2022-08-19,,Não informado,FINALIZADA,ROSARINHO,AV NORTE MIGUEL ARRAES DE ALENCAR,Não informado,PROX. A PADARIA ROSARINHO,ROSARINHO,SUBURBIO,COLISÃO TRASEIRA,Não informado,1.0,1.0,0.0,0.0,0.0,0.0,0.0,0.0,0.0,1.0,0.0,Longo da via,Bom,Sem defeito,Perfeito estado,Seca,Perfeito estado,Outros,R-6a,60.0,Dupla,Blocos,COM VÍTIMA,2022,8,19,4,
2022-08-19,,Não informado,FINALIZADA,TORRE,RUA JOSE BONIFACIO,Não informado,EM FRENTE A HONDA,TORRE,Não informado,COLISÃO TRASEIRA,Não informado,2.0,1.0,0.0,0.0,0.0,0.0,0.0,0.0,0.0,1.0,0.0,Longo da via,Bom,Sem defeito,Perfeito estado,Seca,Perfeito estado,Não existe,R-6a,60.0,Única,Faixa seccionada,COM VÍTIMA,2022,8,19,4,
2022-08-20,,Não informado,FINALIZADA,MADALENA,RUA CARLOS GOMES,RUA GOMES TABORDA,PROX. AO BAILE PERFUMADO,MADALENA,Não informado,CHOQUE,Não informado,1.0,0.0,0.0,0.0,0.0,0.0,0.0,0.0,0.0,0.0,0.0,Não informado,Não informado,Não informado,Não informado,Não informado,Não informado,Não informado,Não informado,60.0,Não informado,Não informado,SEM VÍTIMA,2022,8,20,5,
2022-08-20,,Não informado,FINALIZADA,MADALENA,RUA REAL DA TORRE,RUA JOSE OSORIO,PROX. A PRAÇA DA MADALENA,MADALENA,SUL,COLISÃO LATERAL,Não informado,1.0,1.0,0.0,0.0,0.0,0.0,0.0,0.0,0.0,1.0,0.0,Cruzamento,Bom,Sem defeito,Perfeito estado,Seca,Perfeito estado,Faixa de pedestre,Não há placas,50.0,Única,Faixa seccionada,COM VÍTIMA,2022,8,20,5,
2022-08-20,,Não informado,FINALIZADA,BOA VIAGEM,RUA CAMBOIM,RUA DEZ DE JULHO,PROX. A ESTAÇÃO AEROPORTO,BOA VIAGEM,Não informado,COLISÃO LATERAL,Não informado,1.0,1.0,0.0,0.0,0.0,0.0,0.0,0.0,0.0,1.0,0.0,Cruzamento,Bom,Não existe,Perfeito estado,Seca,Perfeito estado,Faixa de pedestre,"Placas ""Pare""",30.0,Única,Faixa contínua,COM VÍTIMA,2022,8,20,5,
2022-08-20,,Não informado,FINALIZADA,AFOGADOS,RUA IMPERIAL,Não informado,PROX AO FERRO E AÇO,AFOGADOS,Não informado,COLISÃO FRONTAL,Não informado,1.0,1.0,0.0,0.0,0.0,0.0,0.0,0.0,0.0,1.0,0.0,Cruzamento,Bom,Sem defeito,Perfeito estado,Seca,Perfeito estado,Faixa de retenção,R-6a,60.0,Única,Faixa seccionada,COM VÍTIMA,2022,8,20,5,
2022-08-20,,Não informado,FINALIZADA,IMBIRIBEIRA,AV GENERAL MAC ARTHUR,Não informado,EM FRENTE A LOJA MUNDO DO CABELEIREIRO,IMBIRIBEIRA,Não informado,CHOQUE,Não informado,1.0,0.0,0.0,0.0,0.0,0.0,0.0,0.0,0.0,5.0,0.0,Longo da via,Bom,Não existe,Perfeito estado,Seca,Perfeito estado,Não informado,"Placas ""Pare""",40.0,Única,Faixa seccionada,COM VÍTIMA,2022,8,20,5,
2022-08-20,,Não informado,FINALIZADA,SAN MARTIN,RUA QUINZE DE MARCO,RUA DELMIRO GOUVEIA,"CRUZAMENTO COM A RUA DELMIRO GOUVÉIA, EM FRENTE A CHESF",SAN MARTIN,SUBURBIO,COLISÃO TRASEIRA,Não informado,0.0,2.0,0.0,0.0,0.0,0.0,0.0,0.0,0.0,1.0,0.0,Cruzamento,Bom,Não existe,Incompleta,Seca,Perfeito estado,Não existe,Não há placas,60.0,Única,Não existe,COM VÍTIMA,2022,8,20,5,
2022-08-20,,Não informado,FINALIZADA,AREIAS,AV DR JOSE RUFINO,Não informado,EM FRENTE AO COLEGIO INCENTIVO,AREIAS,Não informado,COLISÃO TRASEIRA,Não informado,0.0,1.0,0.0,0.0,0.0,1.0,0.0,0.0,0.0,1.0,0.0,Longo da via,Bom,Não existe,Perfeito estado,Seca,Perfeito estado,Não existe,R-6a,60.0,Dupla,Faixa contínua,COM VÍTIMA,2022,8,20,5,
2022-08-20,,Não informado,CANCELADA,BOA VIAGEM,RUA RIBEIRO DE BRITO,RUA DOS NAVEGANTES,EDIFICIO HOLIDAY,BOA VIAGEM,Não informado,COLISÃO LATERAL,Não informado,2.0,0.0,0.0,0.0,0.0,0.0,0.0,0.0,0.0,0.0,0.0,Não informado,Não informado,Não informado,Não informado,Não informado,Não informado,Não informado,Não informado,60.0,Não informado,Não informado,SEM VÍTIMA,2022,8,20,5,
2022-08-20,,Não informado,FINALIZADA,PINA,AV ENGENHEIRO DOMINGOS FERREIRA,Não informado,Não informado,PINA,SUBURBIO,COLISÃO COM CICLISTA,Não informado,0.0,1.0,0.0,1.0,0.0,0.0,0.0,0.0,0.0,1.0,0.0,Cruzamento,Bom,Sem defeito,Perfeito estado,Seca,Perfeito estado,Não existe,R-6a,60.0,Única,Canteiro central,COM VÍTIMA,2022,8,20,5,
2022-08-20,,Não informado,FINALIZADA,JOANA BEZERRA,RUA IMPERIAL,RUA BOM SUCESSO,APÓS A ESCOLA,JOANA BEZERRA,Não informado,COLISÃO TRANSVERSAL,Não informado,2.0,0.0,0.0,0.0,0.0,0.0,0.0,0.0,0.0,0.0,0.0,Não informado,Não informado,Não informado,Não informado,Não informado,Não informado,Não informado,Não informado,60.0,Não informado,Não informado,SEM VÍTIMA,2022,8,20,5,
2022-08-21,,Não informado,FINALIZADA,CAMPO GRANDE,RUA MARECHAL DEODORO,Não informado,EM FRENTE AO EDF. TOPAZIO,CAMPO GRANDE,Não informado,COLISÃO TRASEIRA,Não informado,1.0,1.0,0.0,0.0,0.0,0.0,0.0,0.0,0.0,1.0,0.0,Longo da via,Chuvoso,Não existe,Não existente,Molhada,Perfeito estado,Não existe,Não há placas,60.0,Dupla,Não existe,COM VÍTIMA,2022,8,21,6,
2022-08-21,,Não informado,FINALIZADA,PARNAMIRIM,RUA SEBASTIAO MALTA ARCOVERDE,AV PARNAMIRIM,EDF. GENIPABU,PARNAMIRIM,Não informado,COLISÃO TRASEIRA,Não informado,5.0,0.0,0.0,0.0,0.0,0.0,0.0,0.0,0.0,1.0,0.0,Longo da via,Bom,Sem defeito,Perfeito estado,Seca,Perfeito estado,Faixa de retenção,Não há placas,60.0,Única,Faixa contínua,COM VÍTIMA,2022,8,21,6,
2022-08-21,,Não informado,FINALIZADA,DERBY,AV GOVERNADOR AGAMENON MAGALHAES,Não informado,APOS O HOSPITAL PORTUGUES E/F AO BRADESCO S/T OLINDA,DERBY,OLINDA,COLISÃO LATERAL,Não informado,1.0,1.0,0.0,0.0,0.0,0.0,0.0,0.0,0.0,1.0,0.0,Longo da via,Bom,Não existe,Perfeito estado,Seca,Perfeito estado,Não existe,Não há placas,60.0,Dupla,Canteiro central,COM VÍTIMA,2022,8,21,6,
2022-08-21,,Não informado,FINALIZADA,GRAÇAS,RUA DA AMIZADE,Não informado,EM FRENTE A PADARIA VILA DA AMIZADE,GRAÇAS,Não informado,COLISÃO COM CICLISTA,Não informado,1.0,0.0,0.0,1.0,0.0,0.0,0.0,0.0,0.0,1.0,0.0,Longo da via,Bom,Não existe,Perfeito estado,Seca,Perfeito estado,Não existe,Não há placas,30.0,Única,Não existe,COM VÍTIMA,2022,8,21,6,
2022-08-21,,Não informado,FINALIZADA,ILHA DO RETIRO,RUA SPORT CLUBE DO RECIFE,Não informado,E/F A FACULDADE UPE  AO LADO DO SPORT,ILHA DO RETIRO,Não informado,COLISÃO LATERAL,Não informado,1.0,0.0,0.0,0.0,0.0,0.0,1.0,0.0,0.0,1.0,0.0,Não informado,Não informado,Não informado,Não informado,Não informado,Não informado,Não informado,Não informado,60.0,Não informado,Não informado,COM VÍTIMA,2022,8,21,6,
2022-08-21,,Não informado,FINALIZADA,BOA VIAGEM,AV ENGENHEIRO DOMINGOS FERREIRA,RUA PROFESSOR ALOISIO PESSOA DE ARAUJO,Não informado,BOA VIAGEM,CIDADE,Não informado,Não informado,2.0,0.0,0.0,0.0,0.0,0.0,0.0,0.0,0.0,0.0,0.0,Longo da via,Chuvoso,Não existe,Incompleta,Molhada,Mal iluminada,Não existe,Não há placas,60.0,Única,Faixa seccionada,SEM VÍTIMA,2022,8,21,6,
2022-08-21,,Não informado,FINALIZADA,MADALENA,RUA JOSE OSORIO,Não informado,BEIRA DO CANAL,MADALENA,SUBURBIO,COLISÃO LATERAL,Não informado,1.0,1.0,0.0,0.0,0.0,0.0,0.0,0.0,0.0,1.0,0.0,Não informado,Não informado,Não informado,Não informado,Não informado,Não informado,Não informado,Não informado,60.0,Não informado,Não informado,COM VÍTIMA,2022,8,21,6,
2022-08-21,,Não informado,CANCELADA,ALTO DO MANDU,RUA MANDACARU,Não informado,PRÓXIMO A ESCOLA VILA SESAMO,ALTO DO MANDU,Não informado,COLISÃO TRASEIRA,Não informado,2.0,0.0,0.0,0.0,0.0,0.0,0.0,0.0,0.0,0.0,0.0,Não informado,Não informado,Não informado,Não informado,Não informado,Não informado,Não informado,Não informado,60.0,Não informado,Não informado,SEM VÍTIMA,2022,8,21,6,
2022-08-21,,Não informado,FINALIZADA,BOA VIAGEM,RUA BALTAZAR PASSOS,RUA COSMORAMA,POSTO BR,BOA VIAGEM,LESTE,COLISÃO COM CICLISTA,Não informado,1.0,0.0,0.0,1.0,0.0,0.0,0.0,0.0,0.0,1.0,0.0,Cruzamento,Bom,Sem defeito,Perfeito estado,Seca,Perfeito estado,Faixa de pedestre,Não há placas,60.0,Única,Faixa contínua,COM VÍTIMA,2022,8,21,6,
2022-08-21,,Não informado,FINALIZADA,SANTO ANTÔNIO,RUA PRIMEIRO DE MARCO,RUA IMPERADOR PEDRO SEGUNDO,CRUZAMENTO C/A RUA DO IMPERADOR,SANTO ANTÔNIO,Não informado,COLISÃO TRASEIRA,Não informado,0.0,0.0,0.0,0.0,0.0,2.0,0.0,0.0,0.0,1.0,0.0,Cruzamento,Bom,Sem defeito,Perfeito estado,Seca,Perfeito estado,Faixa de pedestre,Não há placas,60.0,Única,Não existe,COM VÍTIMA,2022,8,21,6,
2022-08-22,,Não informado,FINALIZADA,APIPUCOS,RUA DE APIPUCOS,Não informado,EM FRENTE AO NÚMERO 455,APIPUCOS,CIDADE,CHOQUE,Não informado,1.0,0.0,0.0,0.0,0.0,0.0,0.0,0.0,0.0,0.0,0.0,Longo da via,Chuvoso,Não existe,Perfeito estado,Molhada,Perfeito estado,Não existe,R-6a,60.0,Dupla,Faixa contínua,SEM VÍTIMA,2022,8,22,0,
2022-08-22,,Não informado,FINALIZADA,BOA VIAGEM,RUA ANTONIO DE SA LEITAO,RUA PROFESSOR JOSE BRANDAO,COLÉGIO BOA VIAGEM,BOA VIAGEM,Não informado,COLISÃO FRONTAL,Não informado,1.0,1.0,0.0,0.0,0.0,0.0,0.0,0.0,0.0,1.0,0.0,Cruzamento,Chuvoso,Não existe,Ilegível,Molhada,Mal conservada,Não existe,"Placas ""Pare""",60.0,Dupla,Faixa seccionada,COM VÍTIMA,2022,8,22,0,
2022-08-22,,Não informado,CANCELADA,SANTO AMARO,AV CRUZ CABUGA,RUA FREI CASSIMIRO,Não informado,SANTO AMARO,Não informado,COLISÃO FRONTAL,Não informado,0.0,1.0,0.0,0.0,0.0,0.0,0.0,0.0,0.0,0.0,0.0,Não informado,Não informado,Não informado,Não informado,Não informado,Não informado,Não informado,Não informado,60.0,Não informado,Não informado,SEM VÍTIMA,2022,8,22,0,
2022-08-22,,Não informado,FINALIZADA,BONGI,TRV ESTRADA DO BONGI,AV MANOEL GONCALVES DA LUZ,MULTI POSTOS,BONGI,Não informado,COLISÃO LATERAL,Não informado,1.0,1.0,0.0,0.0,0.0,0.0,0.0,0.0,0.0,1.0,0.0,Cruzamento,Bom,Não existe,Ilegível,Seca,Mal conservada,Não existe,"Placas ""Pare""",30.0,Dupla,Faixa contínua,COM VÍTIMA,2022,8,22,0,
2022-08-22,,Não informado,FINALIZADA,CABANGA,RUA CAPITAO TEMUDO,Não informado,ADVOGADOS ASSOCIADOS MARCO TAFUR,CABANGA,SUBURBIO,COLISÃO LATERAL,Não informado,1.0,1.0,0.0,0.0,0.0,0.0,0.0,0.0,0.0,1.0,0.0,Longo da via,Bom,Não existe,Incompleta,Seca,Perfeito estado,Não existe,Outras,60.0,Única,Canteiro central,COM VÍTIMA,2022,8,22,0,
2022-08-22,,Não informado,FINALIZADA,ENCRUZILHADA,EST DE BELEM,RUA DONA JULIETA,E/F A IGREJA MATRIZ DE BELEM,ENCRUZILHADA,CIDADE,COLISÃO LATERAL,Não informado,1.0,1.0,0.0,0.0,0.0,0.0,0.0,0.0,0.0,2.0,0.0,Esquina,Bom,Não existe,Perfeito estado,Seca,Perfeito estado,Não existe,R-6a,60.0,Dupla,Faixa contínua,COM VÍTIMA,2022,8,22,0,
2022-08-22,,Não informado,FINALIZADA,BARRO,AV DR JOSE RUFINO,Não informado,EM FRENTE A HIPER MOTOS,BARRO,CIDADE,COLISÃO TRASEIRA,Não informado,0.0,2.0,0.0,0.0,0.0,0.0,0.0,0.0,0.0,1.0,0.0,Longo da via,Chuvoso,Não existe,Perfeito estado,Molhada,Perfeito estado,Não existe,Não há placas,60.0,Dupla,Faixa contínua,COM VÍTIMA,2022,8,22,0,
2022-08-22,,Não informado,FINALIZADA,SÃO JOSÉ,AV DANTAS BARRETO,RUA DO PEIXOTO,PROX AO TERMINAL DE ONIBUS 1002,SÃO JOSÉ,CIDADE,COLISÃO LATERAL,Não informado,0.0,1.0,0.0,0.0,0.0,1.0,0.0,0.0,0.0,1.0,0.0,Cruzamento,Chuvoso,Sem defeito,Perfeito estado,Molhada,Perfeito estado,Não existe,"Placas ""Pare""",60.0,Única,Não existe,COM VÍTIMA,2022,8,22,0,
2022-08-22,,Não informado,CANCELADA,CASA FORTE,AV DEZESSETE DE AGOSTO,RUA PIAUI,POSTO DE GASOLIZA DESLUMBRE,CASA FORTE,Não informado,COLISÃO LATERAL,Não informado,1.0,1.0,0.0,0.0,0.0,0.0,0.0,0.0,0.0,1.0,0.0,Não informado,Não informado,Não informado,Não informado,Não informado,Não informado,Não informado,Não informado,60.0,Não informado,Não informado,COM VÍTIMA,2022,8,22,0,
2022-08-22,,Não informado,FINALIZADA,COHAB,AV CHAPADA DO ARARIPE,Não informado,EM FRENTE A IGREJA ASSEMBLÉIA DE DEUS,COHAB,SUBURBIO,ATROPELAMENTO DE PESSOA,Não informado,0.0,1.0,0.0,0.0,1.0,0.0,0.0,0.0,0.0,1.0,0.0,Longo da via,Chuvoso,Não existe,Incompleta,Molhada,Perfeito estado,Faixa de pedestre,Não há placas,60.0,Dupla,Canal,COM VÍTIMA,2022,8,22,0,
2022-08-22,,Não informado,CANCELADA,LINHA DO TIRO,RUA PROFESSOR JOSE AMARINO DOS REIS,Não informado,Não informado,LINHA DO TIRO,Não informado,COLISÃO LATERAL,Não informado,1.0,1.0,0.0,0.0,0.0,0.0,0.0,0.0,0.0,0.0,0.0,Não informado,Não informado,Não informado,Não informado,Não informado,Não informado,Não informado,Não informado,60.0,Não informado,Não informado,SEM VÍTIMA,2022,8,22,0,