data,hora,natureza_acidente,situacao,bairro,endereco,detalhe_endereco_acidente,complemento,bairro_cruzamento,sentido_via,tipo,descricao,auto,moto,ciclom,ciclista,pedestre,onibus,caminhao,viatura,outros,vitimas,vitimasfatais,acidente_verificado,tempo_clima,situacao_semaforo,sinalizacao,condicao_via,conservacao_via,ponto_controle,situacao_placa,velocidade_max_via,mao_direcao,divisao_via1,natureza,ano,mes,dia,dia_semana,hora_ocorrencia
2022-08-23,,Não informado,FINALIZADA,ENCRUZILHADA,RUA DR JOSE MARIA,RUA GOMES DE MATOS JUNIOR,POR TRÁS DO HOSPITAL JORGE DE MEDEIROS / CLUBE DE TÊNIS BEAT TÊNIS,ENCRUZILHADA,SUBURBIO,COLISÃO LATERAL,Não informado,1.0,1.0,0.0,0.0,0.0,0.0,0.0,0.0,0.0,1.0,0.0,Cruzamento,Chuvoso,Não existe,Perfeito estado,Molhada,Perfeito estado,Faixa de retenção,"Placas ""Pare""",60.0,Dupla,Faixa seccionada,COM VÍTIMA,2022,8,23,1,
2022-08-23,,Não informado,CANCELADA,TORRE,RUA JOSE BONIFACIO,Não informado,EM FRENTE A GALERIA VITRINE DA TORRE,TORRE,Não informado,COLISÃO LATERAL,Não informado,1.0,0.0,0.0,0.0,0.0,0.0,1.0,0.0,0.0,0.0,0.0,Não informado,Não informado,Não informado,Não informado,Não informado,Não informado,Não informado,Não informado,60.0,Não informado,Não informado,SEM VÍTIMA,2022,8,23,1,
2022-08-23,,Não informado,FINALIZADA,IPSEP,RUA PINTOR ANTONIO ALBUQUERQUE,RUA DR RAPOSO PINTO,EM FRENTE À IGREJA DO EVANGELHO QUADRANGULAR DO IPSEP,IPSEP,SUBURBIO,Não informado,Não informado,0.0,1.0,0.0,0.0,0.0,0.0,0.0,1.0,0.0,0.0,0.0,Cruzamento,Chuvoso,Não existe,Perfeito estado,Molhada,Perfeito estado,Faixa de pedestre,R-6a,20.0,Dupla,Faixa seccionada,SEM VÍTIMA,2022,8,23,1,
2022-08-23,,Não informado,FINALIZADA,DERBY,AV GOVERNADOR AGAMENON MAGALHAES,AV GOVERNADOR CARLOS DE LIMA CAVALCANTI,PRÓX. À WIZARD,DERBY,Não informado,COLISÃO TRASEIRA,Não informado,1.0,0.0,0.0,0.0,0.0,0.0,0.0,1.0,0.0,0.0,0.0,Não informado,Não informado,Não informado,Não informado,Não informado,Não informado,Não informado,Não informado,60.0,Não informado,Não informado,SEM VÍTIMA,2022,8,23,1,
2022-08-23,,Não informado,CANCELADA,IMBIRIBEIRA,AV MARECHAL MASCARENHAS DE MORAES,Não informado,EM FRENTE AO GERALDÃO,IMBIRIBEIRA,Não informado,COLISÃO TRASEIRA,Não informado,1.0,1.0,0.0,0.0,0.0,0.0,0.0,0.0,0.0,1.0,0.0,Não informado,Não informado,Não informado,Não informado,Não informado,Não informado,Não informado,Não informado,60.0,Não informado,Não informado,COM VÍTIMA,2022,8,23,1,
2022-08-20,,Não informado,FINALIZADA,NOVA DESCOBERTA,AV VEREADOR OTACILIO AZEVEDO,Não informado,PROX UPA DE NOVA DESCOBERTA,NOVA DESCOBERTA,CIDADE,COLISÃO TRANSVERSAL,Não informado,0.0,1.0,0.0,0.0,0.0,0.0,0.0,0.0,1.0,2.0,0.0,Longo da via,Bom,Não existe,Perfeito estado,Seca,Perfeito estado,Não existe,Não há placas,60.0,Não informado,Não existe,COM VÍTIMA,2022,8,20,5,
2022-08-23,,Não informado,FINALIZADA,PAISSANDU,RUA FRANCISCO ALVES,RUA CAPITAO JOSE DA LUZ,PRÓX. À ESCOLA MUNICIPAL DOS COELHOS,PAISSANDU,SUBURBIO,COLISÃO LATERAL,Não informado,0.0,1.0,0.0,0.0,0.0,0.0,1.0,0.0,0.0,1.0,0.0,Cruzamento,Chuvoso,Não existe,Perfeito estado,Seca,Perfeito estado,Não existe,R-4b,60.0,Dupla,Faixa seccionada,COM VÍTIMA,2022,8,23,1,
2022-08-23,,Não informado,FINALIZADA,CORDEIRO,EST DO FORTE DO ARRAIAL N. DO B. JESUS,RUA ONZE DE FEVEREIRO,Não informado,CORDEIRO,Não informado,Não informado,Não informado,0.0,1.0,0.0,0.0,0.0,0.0,0.0,1.0,0.0,0.0,0.0,Cruzamento,Nublado,Não existe,Incompleta,Molhada,Perfeito estado,Não existe,Não há placas,60.0,Dupla,Não existe,SEM VÍTIMA,2022,8,23,1,
2022-08-23,,Não informado,FINALIZADA,CAXANGÁ,AV CAXANGA,Não informado,EM FRENTE A AGENCIA DO BRADESCO,CAXANGÁ,SUBURBIO,COLISÃO TRASEIRA,Não informado,0.0,2.0,0.0,0.0,0.0,0.0,0.0,0.0,0.0,1.0,0.0,Longo da via,Bom,Não existe,Perfeito estado,Seca,Mal conservada,Não existe,Não há placas,60.0,Dupla,Canteiro central,COM VÍTIMA,2022,8,23,1,
2022-08-24,,Não informado,FINALIZADA,AREIAS,AV DR JOSE RUFINO,Não informado,PRÓX. AO COLÉGIO VISÃO,AREIAS,Não informado,COLISÃO TRASEIRA,Não informado,1.0,2.0,0.0,0.0,0.0,0.0,0.0,0.0,0.0,1.0,0.0,Longo da via,Bom,Sem defeito,Incompleta,Seca,Mal conservada,Não existe,R-6a,60.0,Dupla,Faixa contínua,COM VÍTIMA,2022,8,24,2,
2022-08-24,,Não informado,FINALIZADA,BOMBA DO HEMETÉRIO,COR DO BARTOLOMEU,Não informado,ROTATÓRIA,BOMBA DO HEMETÉRIO,SUBURBIO,ATROPELAMENTO DE PESSOA,Não informado,0.0,1.0,0.0,0.0,1.0,0.0,0.0,0.0,0.0,1.0,0.0,Longo da via,Bom,Não existe,Perfeito estado,Seca,Perfeito estado,Faixa de pedestre,R-6a,40.0,Dupla,Faixa contínua,COM VÍTIMA,2022,8,24,2,
2022-08-24,,Não informado,FINALIZADA,ESPINHEIRO,RUA QUARENTA E OITO,RUA DA HORA,CERPE,ESPINHEIRO,Não informado,COLISÃO TRASEIRA,Não informado,4.0,0.0,0.0,0.0,0.0,0.0,0.0,0.0,0.0,0.0,0.0,Longo da via,Bom,Sem defeito,Perfeito estado,Seca,Perfeito estado,Outros,Outras,60.0,Única,Faixa seccionada,SEM VÍTIMA,2022,8,24,2,
2022-08-24,,Não informado,FINALIZADA,IPUTINGA,AV MAURICIO DE NASSAU,Não informado,PRÓX. AO BERÇÁRIO E HOTELZINHO ESPAÇO KIDS,IPUTINGA,Não informado,COLISÃO TRASEIRA,Não informado,2.0,0.0,0.0,0.0,0.0,0.0,0.0,0.0,0.0,0.0,0.0,Não informado,Não informado,Não informado,Não informado,Não informado,Não informado,Não informado,Não informado,60.0,Não informado,Não informado,SEM VÍTIMA,2022,8,24,2,
2022-08-24,,Não informado,FINALIZADA,MADALENA,AV CAXANGA,Não informado,EM FRENTE À FACULDADE SANTA HELENA,MADALENA,SUBURBIO,COLISÃO TRASEIRA,Não informado,1.0,1.0,0.0,0.0,0.0,0.0,0.0,0.0,0.0,1.0,0.0,Longo da via,Bom,Não existe,Perfeito estado,Seca,Perfeito estado,Não existe,Não há placas,60.0,Única,Faixa seccionada,COM VÍTIMA,2022,8,24,2,
2022-08-24,,Não informado,FINALIZADA,PARNAMIRIM,AV DEZESSETE DE AGOSTO,Não informado,GALERIA PARNAMIRIM / SENTIDO TORRE,PARNAMIRIM,Não informado,COLISÃO LATERAL,Não informado,1.0,0.0,0.0,0.0,0.0,0.0,0.0,1.0,0.0,0.0,0.0,Não informado,Não informado,Não informado,Não informado,Não informado,Não informado,Não informado,Não informado,60.0,Não informado,Não informado,SEM VÍTIMA,2022,8,24,2,
2022-08-24,,Não informado,FINALIZADA,IMBIRIBEIRA,AV MARECHAL MASCARENHAS DE MORAES,Não informado,MORELATE DISTRIBUIDORA DE AUTO PEÇAS.,IMBIRIBEIRA,CIDADE,ATROPELAMENTO DE PESSOA,Não informado,0.0,1.0,0.0,0.0,1.0,0.0,0.0,0.0,0.0,2.0,0.0,Longo da via,Bom,Não existe,Perfeito estado,Seca,Perfeito estado,Não existe,Outras,60.0,Única,Faixa seccionada,COM VÍTIMA,2022,8,24,2,
2022-08-24,,Não informado,FINALIZADA,CAMPO GRANDE,RUA CATULO DA PAIXAO CEARENSE,RUA PROFESSOR FRANCISCO DA TRINDADE,ANTES DO SEMAFORO DO CLUBE DAS PÁS,CAMPO GRANDE,SUBURBIO,COLISÃO FRONTAL,Não informado,1.0,1.0,0.0,0.0,0.0,0.0,0.0,0.0,0.0,1.0,0.0,Cruzamento,Bom,Não existe,Incompleta,Seca,Perfeito estado,Não existe,Não há placas,60.0,Dupla,Faixa seccionada,COM VÍTIMA,2022,8,24,2,
2022-08-24,,Não informado,FINALIZADA,MUSTARDINHA,AV MANOEL GONCALVES DA LUZ,Não informado,EM FRENTE AO SUPEMERCADO TEM,MUSTARDINHA,SUBURBIO,ATROPELAMENTO DE PESSOA,Não informado,0.0,1.0,0.0,0.0,1.0,0.0,0.0,0.0,0.0,1.0,0.0,Longo da via,Bom,Não existe,Perfeito estado,Seca,Perfeito estado,Não existe,Não há placas,40.0,Dupla,Faixa seccionada,COM VÍTIMA,2022,8,24,2,
2022-08-24,,Não informado,FINALIZADA,APIPUCOS,RUA MANDACARU,RUA BARAUNA,PROX AO AÇUDE DE APIPUCOS,APIPUCOS,Não informado,COLISÃO FRONTAL,Não informado,1.0,1.0,0.0,0.0,0.0,0.0,0.0,0.0,0.0,2.0,0.0,Esquina,Bom,Não existe,Incompleta,Seca,Perfeito estado,Não existe,Outras,60.0,Dupla,Não existe,COM VÍTIMA,2022,8,24,2,
2022-08-24,,Não informado,FINALIZADA,BEBERIBE,RUA TAGUATINGA,Não informado,EM FRENTE AO REI DOS SALGADOS/ LADEIRA DA VAN,BEBERIBE,SUBURBIO,ATROPELAMENTO DE PESSOA,Não informado,0.0,1.0,0.0,0.0,1.0,0.0,0.0,0.0,0.0,1.0,0.0,Longo da via,Bom,Não existe,Não existente,Seca,Perfeito estado,Não existe,Outras,30.0,Dupla,Não existe,COM VÍTIMA,2022,8,24,2,
2022-08-24,,Não informado,FINALIZADA,CORDEIRO,AV CAXANGA,Não informado,DEPOIS DA EXPOSIÇÃO DE ANIMAIS,CORDEIRO,CIDADE,COLISÃO FRONTAL,Não informado,1.0,1.0,0.0,0.0,0.0,0.0,0.0,0.0,0.0,2.0,0.0,Longo da via,Bom,Sem defeito,Perfeito estado,Seca,Perfeito estado,Faixa de pedestre,Não há placas,60.0,Única,Faixa seccionada,COM VÍTIMA,2022,8,24,2,
2022-08-25,,Não informado,FINALIZADA,SANTO AMARO,RUA ALVARES DE AZEVEDO,RUA PALMARES,CENTRO EDUCACIONAL ULISSES PERNAMBUCANO,SANTO AMARO,CIDADE,COLISÃO LATERAL,Não informado,1.0,1.0,0.0,0.0,0.0,0.0,0.0,0.0,0.0,1.0,0.0,Cruzamento,Bom,Sem defeito,Perfeito estado,Seca,Perfeito estado,Faixa de pedestre,Outras,60.0,Única,Faixa contínua,COM VÍTIMA,2022,8,25,3,
2022-08-25,,Não informado,FINALIZADA,BOA VIAGEM,RUA PROFESSOR MARIO CASTRO,RUA SA E SOUZA,EM FRENTE À CAFETERIA THE BAKER CHEF / PRÓX. À ESCOLA AMERICANA,BOA VIAGEM,SUBURBIO,ATROPELAMENTO DE PESSOA,Não informado,1.0,0.0,0.0,0.0,2.0,0.0,0.0,0.0,0.0,2.0,0.0,Longo da via,Bom,Não existe,Perfeito estado,Seca,Perfeito estado,Faixa de pedestre,"Placas ""Pare""",30.0,Dupla,Faixa seccionada,COM VÍTIMA,2022,8,25,3,
2022-08-25,,Não informado,FINALIZADA,SANTO AMARO,AV GOVERNADOR AGAMENON MAGALHAES,Não informado,EM FRENTE AO EMPRESARIAL RENATO DIAS,SANTO AMARO,CIDADE,COLISÃO FRONTAL,Não informado,2.0,1.0,0.0,0.0,0.0,0.0,0.0,0.0,0.0,1.0,0.0,Longo da via,Bom,Não existe,Perfeito estado,Seca,Perfeito estado,Não existe,Não há placas,60.0,Dupla,Canteiro central,COM VÍTIMA,2022,8,25,3,
2022-08-25,,Não informado,FINALIZADA,CAMPO GRANDE,AV GOVERNADOR AGAMENON MAGALHAES,RUA ODORICO MENDES,SENT. BOA VIAGEM SEMAFORO 049,CAMPO GRANDE,Não informado,COLISÃO TRASEIRA,Não informado,1.0,1.0,0.0,0.0,0.0,0.0,0.0,0.0,0.0,1.0,0.0,Não informado,Não informado,Não informado,Não informado,Não informado,Não informado,Não informado,Não informado,60.0,Não informado,Não informado,COM VÍTIMA,2022,8,25,3,
2022-08-25,,Não informado,FINALIZADA,APIPUCOS,RUA DE APIPUCOS,RUA DR PEDRO CORREA,Não informado,APIPUCOS,SUBURBIO,COLISÃO TRASEIRA,Não informado,0.0,1.0,0.0,0.0,0.0,0.0,1.0,0.0,0.0,0.0,0.0,Longo da via,Bom,Não existe,Não existente,Seca,Perfeito estado,Não existe,Não há placas,60.0,Dupla,Faixa contínua,SEM VÍTIMA,2022,8,25,3,
2022-08-25,,Não informado,FINALIZADA,IMBIRIBEIRA,AV MARECHAL MASCARENHAS DE MORAES,Não informado,SOB A ALÇA DE RETORNO - E/F AO AEROPORTO,IMBIRIBEIRA,SUBURBIO,COLISÃO TRASEIRA,Não informado,0.0,1.0,0.0,0.0,0.0,0.0,1.0,0.0,0.0,2.0,0.0,Longo da via,Bom,Não existe,Não existente,Seca,Perfeito estado,Não existe,Não há placas,60.0,Única,Faixa seccionada,COM VÍTIMA,2022,8,25,3,
2022-08-26,,Não informado,FINALIZADA,SAN MARTIN,AV GENERAL SAN MARTIN,Não informado,EM FRENTE 375,SAN MARTIN,CIDADE,COLISÃO TRASEIRA,Não informado,2.0,0.0,0.0,0.0,0.0,0.0,0.0,0.0,0.0,0.0,0.0,Longo da via,Bom,Não existe,Incompleta,Seca,Mal iluminada,Não existe,Não há placas,60.0,Dupla,Faixa seccionada,SEM VÍTIMA,2022,8,26,4,
2022-08-26,,Não informado,FINALIZADA,IBURA,AV PRESIDENTE DUTRA,Não informado,APÓS O SAL E BRASA / PRÓX. À SUBIDA DO VIADUTO TANCREDO NEVES / SENTIDO BOA VIAGEM,IBURA,Não informado,COLISÃO TRASEIRA,Não informado,1.0,1.0,0.0,0.0,0.0,0.0,0.0,0.0,0.0,2.0,0.0,Não informado,Não informado,Não informado,Não informado,Não informado,Não informado,Não informado,Não informado,60.0,Não informado,Não informado,COM VÍTIMA,2022,8,26,4,
2022-08-26,,Não informado,FINALIZADA,JARDIM SÃO PAULO,AV LIBERDADE,Não informado,PROX A DELEGACIA DE ROUBOS E FURTOS,JARDIM SÃO PAULO,SUBURBIO,COLISÃO LATERAL,Não informado,1.0,1.0,0.0,0.0,0.0,0.0,0.0,0.0,0.0,1.0,0.0,Cruzamento,Bom,Não existe,Perfeito estado,Seca,Perfeito estado,Não existe,Não há placas,60.0,Dupla,Não existe,COM VÍTIMA,2022,8,26,4,
2022-08-26,,Não informado,FINALIZADA,ESTÂNCIA,AV DR JOSE RUFINO,Não informado,EM FRENTE AO COLÉGIO JOSÉ MARIANO,ESTÂNCIA,SUBURBIO,ATROPELAMENTO DE PESSOA,Não informado,0.0,1.0,0.0,0.0,1.0,0.0,0.0,0.0,0.0,1.0,0.0,Longo da via,Bom,Não existe,Perfeito estado,Seca,Perfeito estado,Faixa de pedestre,Outras,50.0,Dupla,Faixa seccionada,COM VÍTIMA,2022,8,26,4,
2022-08-26,,Não informado,FINALIZADA,MADALENA,RUA JOSE BONIFACIO,Não informado,EDF. MADALENA CENTER,MADALENA,SUBURBIO,COLISÃO LATERAL,Não informado,1.0,1.0,0.0,0.0,0.0,0.0,0.0,0.0,0.0,2.0,0.0,Cruzamento,Bom,Não existe,Incompleta,Seca,Perfeito estado,Outros,Outras,60.0,Única,Faixa seccionada,COM VÍTIMA,2022,8,26,4,
2022-08-26,,Não informado,FINALIZADA,BOA VISTA,RUA DO HOSPICIO,Não informado,CÂMARA DOS VEREADORES,BOA VISTA,CIDADE,Não informado,Não informado,1.0,0.0,0.0,0.0,0.0,0.0,0.0,1.0,0.0,0.0,0.0,Não informado,Bom,Não existe,Incompleta,Seca,Perfeito estado,Não existe,Outras,40.0,Dupla,Faixa contínua,SEM VÍTIMA,2022,8,26,4,
2022-08-26,,Não informado,FINALIZADA,BOA VISTA,RUA DO PRINCIPE,RUA GERVASIO PIRES,HOSPITAL DO EXÉRCITO,BOA VISTA,Não informado,ATROPELAMENTO DE PESSOA,Não informado,1.0,0.0,0.0,0.0,1.0,0.0,0.0,0.0,0.0,1.0,0.0,Cruzamento,Bom,Sem defeito,Perfeito estado,Seca,Perfeito estado,Faixa de pedestre,R-6a,60.0,Única,Faixa seccionada,COM VÍTIMA,2022,8,26,4,
2022-08-26,,Não informado,FINALIZADA,DOIS IRMÃOS,RUA CORONEL SILVESTRE BASTOS,RUA LUIZ DA MOTTA SILVEIRA,PROX. A COLISEU VIGILANCIA,DOIS IRMÃOS,CIDADE,COLISÃO LATERAL,Não informado,1.0,1.0,0.0,0.0,0.0,0.0,0.0,0.0,0.0,1.0,0.0,Esquina,Bom,Não existe,Incompleta,Seca,Mal conservada,Não existe,Outras,60.0,Dupla,Não existe,COM VÍTIMA,2022,8,26,4,
2022-08-26,,Não informado,FINALIZADA,CASA AMARELA,AV NORTE MIGUEL ARRAES DE ALENCAR,AV PROFESSOR JOSE DOS ANJOS,SESC CASA AMARELA,CASA AMARELA,SUBURBIO,CHOQUE,Não informado,1.0,0.0,0.0,0.0,0.0,0.0,0.0,0.0,0.0,0.0,0.0,Cruzamento,Bom,Sem defeito,Perfeito estado,Seca,Não informado,Faixa de pedestre,Outras,60.0,Dupla,Canteiro central,SEM VÍTIMA,2022,8,26,4,
2022-08-26,,Não informado,FINALIZADA,SÃO JOSÉ,AV SUL,Não informado,PROXIMO A DANTAS MAQUINAS/ PROXIMO AO SEMÁFORO 509,SÃO JOSÉ,CIDADE,COLISÃO TRASEIRA,Não informado,1.0,1.0,0.0,0.0,0.0,0.0,0.0,0.0,0.0,1.0,0.0,Longo da via,Bom,Não existe,Incompleta,Seca,Perfeito estado,Não existe,Não há placas,60.0,Dupla,Canteiro central,COM VÍTIMA,2022,8,26,4,
2022-08-26,,Não informado,FINALIZADA,BOA VIAGEM,RUA COPACABANA,RUA WALDEMAR NERY CARNEIRO MONTEIRO,PROX A BANCA DE REVISTA ALTERNATIVA,BOA VIAGEM,CIDADE,COLISÃO FRONTAL,Não informado,0.0,1.0,0.0,0.0,0.0,1.0,0.0,0.0,0.0,1.0,0.0,Cruzamento,Bom,Não existe,Perfeito estado,Seca,Perfeito estado,Não existe,Não há placas,60.0,Dupla,Não existe,COM VÍTIMA,2022,8,26,4,
2022-08-26,,Não informado,FINALIZADA,TORRE,PRC PROFESSOR BARRETO CAMPELLO,Não informado,EM FRENTE AO EDIFICIO PRAÇA DAS MARGARIDAS,TORRE,SUBURBIO,COLISÃO TRASEIRA,Não informado,1.0,1.0,0.0,0.0,0.0,0.0,0.0,0.0,0.0,1.0,0.0,Longo da via,Bom,Não existe,Incompleta,Seca,Perfeito estado,Outros,Outras,60.0,Única,Faixa seccionada,COM VÍTIMA,2022,8,26,4,
2022-08-26,,Não informado,FINALIZADA,JOANA BEZERRA,VIADUTO CAPITAO TEMUDO,Não informado,EM CIMA DO VIADUTO PAPA JOÃO PAULO II /  SENTIDO BOA VIAGEM,JOANA BEZERRA,Não informado,COLISÃO TRASEIRA,Não informado,1.0,1.0,0.0,0.0,0.0,0.0,0.0,0.0,0.0,1.0,0.0,Viaduto,Bom,Não existe,Perfeito estado,Seca,Perfeito estado,Não existe,Não há placas,60.0,Única,Faixa seccionada,COM VÍTIMA,2022,8,26,4,
2022-08-26,,Não informado,FINALIZADA,AFOGADOS,RUA SAO MIGUEL,Não informado,DROGARIA BONGI,AFOGADOS,SUBURBIO,COLISÃO LATERAL,Não informado,1.0,1.0,0.0,0.0,0.0,0.0,0.0,0.0,0.0,1.0,0.0,Longo da via,Bom,Não existe,Incompleta,Seca,Mal conservada,Não existe,Não há placas,60.0,Dupla,Faixa contínua,COM VÍTIMA,2022,8,26,4,
2022-08-26,,Não informado,FINALIZADA,CASA AMARELA,EST DAS UBAIAS,RUA DR GENARO GUIMARAES,"DEPOIS DO BOMPREÇO, SENTIDO ESTRADA DO ENCANAMENTO",CASA AMARELA,Não informado,COLISÃO FRONTAL,Não informado,1.0,1.0,0.0,0.0,0.0,0.0,0.0,0.0,0.0,2.0,0.0,Longo da via,Chuvoso,Não existe,Perfeito estado,Molhada,Perfeito estado,Não existe,Outras,40.0,Dupla,Não existe,COM VÍTIMA,2022,8,26,4,
2022-08-27,,Não informado,FINALIZADA,DOIS UNIDOS,AV HILDEBRANDO DE VASCONCELOS,Não informado,"APÓS O CANIL , EM FRENTE AO RESTAURANTE FAMILIAR",DOIS UNIDOS,CIDADE,COLISÃO FRONTAL,Não informado,1.0,1.0,0.0,0.0,0.0,0.0,0.0,0.0,0.0,1.0,0.0,Longo da via,Chuvoso,Não existe,Perfeito estado,Molhada,Perfeito estado,Não existe,R-6a,60.0,Dupla,Faixa contínua,COM VÍTIMA,2022,8,27,5,
2022-08-27,,Não informado,CANCELADA,CAXANGÁ,AV CAXANGA,AV AFONSO OLINDENSE,ESTAÇÃO BRT E INTEGRAÇÃO CAXANGÁ,CAXANGÁ,Não informado,QUEDA,Não informado,0.0,1.0,0.0,0.0,0.0,0.0,0.0,0.0,0.0,1.0,0.0,Não informado,Não informado,Não informado,Não informado,Não informado,Não informado,Não informado,Não informado,60.0,Não informado,Não informado,COM VÍTIMA,2022,8,27,5,
2022-08-27,,Não informado,FINALIZADA,MADALENA,AV VISCONDE DE ALBUQUERQUE,RUA JOSE OSORIO,EM FRENTE A EXTRAFARMA,MADALENA,SUBURBIO,COLISÃO LATERAL,Não informado,1.0,1.0,0.0,0.0,0.0,0.0,0.0,0.0,0.0,1.0,0.0,Cruzamento,Chuvoso,Sem defeito,Perfeito estado,Molhada,Perfeito estado,Faixa de pedestre,Outras,60.0,Única,Faixa contínua,COM VÍTIMA,2022,8,27,5,
2022-08-28,,Não informado,FINALIZADA,BONGI,RUA SANTA EDWIRGES,Não informado,FACULDADE SANTA EDWIRGES,BONGI,Não informado,QUEDA,Não informado,0.0,1.0,0.0,0.0,0.0,0.0,0.0,0.0,0.0,1.0,0.0,Longo da via,Bom,Não existe,Não existente,Seca,Mal conservada,Não existe,Não há placas,60.0,Dupla,Não existe,COM VÍTIMA,2022,8,28,6,
2022-08-28,,Não informado,FINALIZADA,SÃO JOSÉ,C SANTA RITA,Não informado,TERMINAL CAIS SANTA RITA,SÃO JOSÉ,CIDADE,ATROPELAMENTO DE PESSOA,Não informado,0.0,0.0,0.0,0.0,1.0,1.0,0.0,0.0,0.0,1.0,0.0,Outros,Bom,Não existe,Não existente,Seca,Perfeito estado,Não existe,Não há placas,60.0,Única,Não existe,COM VÍTIMA,2022,8,28,6,
2022-08-28,,Não informado,FINALIZADA,ÁGUA FRIA,RUA LADEIRA DE PEDRA,Não informado,SUBIDA DA LADEIRA DE PEDRA,ÁGUA FRIA,SUBURBIO,COLISÃO TRASEIRA,Não informado,1.0,1.0,0.0,0.0,0.0,0.0,0.0,0.0,0.0,1.0,0.0,Longo da via,Bom,Não existe,Perfeito estado,Seca,Mal conservada,Não existe,R-6a,60.0,Dupla,Não existe,COM VÍTIMA,2022,8,28,6,
2022-08-28,,Não informado,FINALIZADA,BOA VIAGEM,RUA JOSE MARIA DE MIRANDA,Não informado,NA FRENTE DO HOSPITAL SEMUB,BOA VIAGEM,Não informado,COLISÃO LATERAL,Não informado,1.0,1.0,0.0,0.0,0.0,0.0,0.0,0.0,0.0,1.0,0.0,Cruzamento,Bom,Não existe,Incompleta,Seca,Perfeito estado,Faixa de pedestre,"Placas ""Pare""",60.0,Única,Não existe,COM VÍTIMA,2022,8,28,6,
2022-08-28,,Não informado,FINALIZADA,IPSEP,AV RECIFE,RUA GONCALVES DE MAGALHAES,PROX AO SAL E BRASA  E/F AO POSTO BR S/T BOA VIAGEM,IPSEP,Não informado,COLISÃO LATERAL,Não informado,1.0,1.0,0.0,0.0,0.0,0.0,0.0,0.0,0.0,1.0,0.0,Cruzamento,Bom,Sem defeito,Perfeito estado,Seca,Perfeito estado,Faixa de pedestre,R-4a,60.0,Dupla,Canteiro central,COM VÍTIMA,2022,8,28,6,
2022-08-28,,Não informado,FINALIZADA,ILHA DO LEITE,VDO PAPA JOAO PAULO II,Não informado,PROX AO HOSPITAL ESPERANÇA  S/T OLINDA,ILHA DO LEITE,Não informado,COLISÃO FRONTAL,Não informado,0.0,2.0,0.0,0.0,0.0,0.0,0.0,0.0,0.0,1.0,0.0,Viaduto,Bom,Não existe,Incompleta,Seca,Perfeito estado,Não existe,Não há placas,60.0,Dupla,Canteiro central,COM VÍTIMA,2022,8,28,6,
2022-08-28,,Não informado,FINALIZADA,PARNAMIRIM,AV NORTE MIGUEL ARRAES DE ALENCAR,RUA GOMES COUTINHO,Não informado,PARNAMIRIM,CIDADE,COLISÃO COM CICLISTA,Não informado,0.0,1.0,0.0,1.0,0.0,0.0,0.0,0.0,0.0,1.0,0.0,Cruzamento,Bom,Sem defeito,Perfeito estado,Seca,Perfeito estado,Faixa de pedestre,R-6a,60.0,Dupla,Canteiro central,COM VÍTIMA,2022,8,28,6,
2022-08-29,,Não informado,FINALIZADA,ÁGUA FRIA,EST VELHA DE AGUA FRIA,Não informado,PRÓXIMO A FEIRA LIVRE,ÁGUA FRIA,CIDADE,ATROPELAMENTO DE PESSOA,Não informado,0.0,1.0,0.0,0.0,1.0,0.0,0.0,0.0,0.0,1.0,0.0,Longo da via,Chuvoso,Não existe,Perfeito estado,Molhada,Perfeito estado,Não existe,Não há placas,40.0,Única,Faixa seccionada,COM VÍTIMA,2022,8,29,0,
2022-08-29,,Não informado,CANCELADA,AREIAS,AV TAPAJOS,Não informado,EM FRENTE AO INALDO LANCHE,AREIAS,Não informado,COLISÃO FRONTAL,Não informado,0.0,0.0,0.0,0.0,0.0,0.0,0.0,0.0,0.0,0.0,0.0,Não informado,Não informado,Não informado,Não informado,Não informado,Não informado,Não informado,Não informado,60.0,Não informado,Não informado,SEM VÍTIMA,2022,8,29,0,
2022-08-29,,Não informado,FINALIZADA,AFOGADOS,RUA NICOLAU PEREIRA,Não informado,EM FRENTE A ESTAÇÃO AFOGADOS,AFOGADOS,Não informado,ATROPELAMENTO DE PESSOA,Não informado,1.0,0.0,0.0,0.0,1.0,0.0,0.0,0.0,0.0,1.0,0.0,Não informado,Não informado,Não informado,Não informado,Não informado,Não informado,Não informado,Não informado,60.0,Não informado,Não informado,COM VÍTIMA,2022,8,29,0,
2022-08-29,,Não informado,FINALIZADA,TORRE,RUA LAURA CAMPELO,RUA HORACIO CAHU,PROX. A POUSADA DA TORRE,TORRE,CIDADE,COLISÃO LATERAL,Não informado,1.0,1.0,0.0,0.0,0.0,0.0,0.0,0.0,0.0,1.0,0.0,Esquina,Chuvoso,Não existe,Incompleta,Molhada,Perfeito estado,Não existe,Não há placas,60.0,Dupla,Não existe,COM VÍTIMA,2022,8,29,0,