data,hora,natureza_acidente,situacao,bairro,endereco,detalhe_endereco_acidente,complemento,bairro_cruzamento,sentido_via,tipo,descricao,auto,moto,ciclom,ciclista,pedestre,onibus,caminhao,viatura,outros,vitimas,vitimasfatais,acidente_verificado,tempo_clima,situacao_semaforo,sinalizacao,condicao_via,conservacao_via,ponto_controle,situacao_placa,velocidade_max_via,mao_direcao,divisao_via1,natureza,ano,mes,dia,dia_semana,hora_ocorrencia
2022-08-29,,Não informado,FINALIZADA,GRAÇAS,AV RUI BARBOSA,Não informado,EDF VILA DAS GRAÇAS,GRAÇAS,Não informado,COLISÃO TRASEIRA,Não informado,1.0,0.0,0.0,0.0,0.0,0.0,0.0,1.0,0.0,0.0,0.0,Não informado,Não informado,Não informado,Não informado,Não informado,Não informado,Não informado,Não informado,60.0,Não informado,Não informado,SEM VÍTIMA,2022,8,29,0,
2022-08-29,,Não informado,FINALIZADA,BOA VIAGEM,RUA POETA ZEZITO NEVES,Não informado,COLÉGIO SANTA MARIA,BOA VIAGEM,Não informado,COLISÃO LATERAL,Não informado,1.0,1.0,0.0,0.0,0.0,0.0,0.0,0.0,0.0,1.0,0.0,Longo da via,Bom,Não existe,Perfeito estado,Seca,Perfeito estado,Faixa de pedestre,R-6a,60.0,Única,Não existe,COM VÍTIMA,2022,8,29,0,
2022-08-29,,Não informado,DUPLICIDADE,BOA VIAGEM,RUA POETA ZEZITO NEVES,Não informado,"PROX O COLÉGIO SANTA MARIA, PORTÃO 09",BOA VIAGEM,Não informado,COLISÃO LATERAL,Não informado,1.0,1.0,0.0,0.0,0.0,0.0,0.0,0.0,0.0,1.0,0.0,Não informado,Não informado,Não informado,Não informado,Não informado,Não informado,Não informado,Não informado,60.0,Não informado,Não informado,COM VÍTIMA,2022,8,29,0,
2022-08-29,,Não informado,FINALIZADA,BOA VIAGEM,AV ENGENHEIRO DOMINGOS FERREIRA,Não informado,EM FRENTE AO EMPRESARIAL BOA VIAGEM / PRÓX. AO RESTAURANTE FAMIGLIA GIULIANO,BOA VIAGEM,Não informado,COLISÃO TRASEIRA,Não informado,2.0,0.0,0.0,0.0,0.0,0.0,0.0,0.0,0.0,1.0,0.0,Longo da via,Bom,Sem defeito,Não existente,Seca,Outros,Faixa de pedestre,R-6a,60.0,Única,Faixa seccionada,COM VÍTIMA,2022,8,29,0,
2022-08-29,,Não informado,CANCELADA,PINA,AV REPUBLICA DO LIBANO,Não informado,NA ENTRADA DO TUNEL,PINA,Não informado,COLISÃO LATERAL,Não informado,0.0,2.0,0.0,0.0,0.0,0.0,0.0,0.0,0.0,1.0,0.0,Não informado,Não informado,Não informado,Não informado,Não informado,Não informado,Não informado,Não informado,60.0,Não informado,Não informado,COM VÍTIMA,2022,8,29,0,
2022-08-29,,Não informado,FINALIZADA,CORDEIRO,RUA DR MIGUEL VIEIRA FERREIRA,Não informado,EM FRENTE A LOJA DE MOTOS G ORENGO,CORDEIRO,Não informado,COLISÃO TRASEIRA,Não informado,1.0,1.0,0.0,0.0,0.0,0.0,0.0,0.0,0.0,1.0,0.0,Longo da via,Bom,Não existe,Ilegível,Seca,Perfeito estado,Não existe,R-6a,60.0,Dupla,Faixa contínua,COM VÍTIMA,2022,8,29,0,
2022-08-29,,Não informado,FINALIZADA,BARRO,AV DR JOSE RUFINO,Não informado,VIADUTO DO BARRO,BARRO,SUBURBIO,COLISÃO FRONTAL,Não informado,1.0,1.0,0.0,0.0,0.0,0.0,0.0,0.0,0.0,1.0,0.0,Cruzamento,Bom,Não existe,Não existente,Seca,Perfeito estado,Não existe,Não há placas,60.0,Dupla,Não existe,COM VÍTIMA,2022,8,29,0,
2022-08-29,,Não informado,FINALIZADA,CAMPO GRANDE,RUA MARQUES DE BAIPENDI,Não informado,MAGNUS TELECOMUNICAÇÕES,CAMPO GRANDE,SUBURBIO,COLISÃO LATERAL,Não informado,1.0,1.0,0.0,0.0,0.0,0.0,0.0,0.0,0.0,1.0,0.0,Longo da via,Bom,Não existe,Perfeito estado,Seca,Perfeito estado,Não existe,Não há placas,60.0,Dupla,Faixa seccionada,COM VÍTIMA,2022,8,29,0,
2022-08-29,,Não informado,CANCELADA,SAN MARTIN,RUA DELMIRO GOUVEIA,Não informado,PROXIMO DA CHESF,SAN MARTIN,Não informado,COLISÃO TRASEIRA,Não informado,1.0,1.0,0.0,0.0,0.0,0.0,0.0,0.0,0.0,1.0,0.0,Não informado,Não informado,Não informado,Não informado,Não informado,Não informado,Não informado,Não informado,60.0,Não informado,Não informado,COM VÍTIMA,2022,8,29,0,
2022-08-29,,Não informado,FINALIZADA,MADALENA,RUA BENFICA,Não informado,EM FRENTE AO CLUBE INTERNACIONAL,MADALENA,CIDADE,COLISÃO LATERAL,Não informado,1.0,1.0,0.0,0.0,0.0,0.0,0.0,0.0,0.0,1.0,0.0,Longo da via,Bom,Não existe,Não existente,Seca,Perfeito estado,Não existe,R-6a,40.0,Única,Faixa seccionada,COM VÍTIMA,2022,8,29,0,
2022-08-29,,Não informado,FINALIZADA,BOA VIAGEM,RUA DEZ DE JULHO,RUA CAMBOIM,EM FRENTE A CASA DE FESTA MAISON CRISTAL,BOA VIAGEM,Não informado,COLISÃO LATERAL,Não informado,1.0,1.0,0.0,0.0,0.0,0.0,0.0,0.0,0.0,1.0,0.0,Longo da via,Bom,Não existe,Perfeito estado,Seca,Perfeito estado,Faixa de pedestre,Não há placas,40.0,Única,Faixa seccionada,COM VÍTIMA,2022,8,29,0,
2022-08-30,,Não informado,FINALIZADA,ESPINHEIRO,RUA QUARENTA E OITO,RUA DO ESPINHEIRO,SEMÁFORO 166,ESPINHEIRO,CIDADE,COLISÃO TRANSVERSAL,Não informado,1.0,0.0,0.0,0.0,0.0,1.0,0.0,0.0,0.0,0.0,0.0,Cruzamento,Bom,Sem defeito,Perfeito estado,Seca,Perfeito estado,Faixa de pedestre,Outras,60.0,Única,Faixa contínua,SEM VÍTIMA,2022,8,30,1,
2022-08-30,,Não informado,FINALIZADA,BARRO,AV DR JOSE RUFINO,RUA CAPITAO PONCIANO,PRÓX. À PARÓQUIA NOSSA SENHORA DA CONCEIÇÃO,BARRO,SUBURBIO,COLISÃO TRANSVERSAL,Não informado,1.0,1.0,0.0,0.0,0.0,0.0,0.0,0.0,0.0,1.0,0.0,Longo da via,Bom,Não existe,Perfeito estado,Seca,Perfeito estado,Não existe,"Placas ""Pare""",60.0,Dupla,Faixa contínua,COM VÍTIMA,2022,8,30,1,
2022-08-30,,Não informado,FINALIZADA,ROSARINHO,AV SANTOS DUMONT,RUA TELES JUNIOR,BOLERIA MAGI,ROSARINHO,Não informado,COLISÃO LATERAL,Não informado,1.0,1.0,0.0,0.0,0.0,0.0,0.0,0.0,0.0,1.0,0.0,Cruzamento,Bom,Não existe,Incompleta,Seca,Perfeito estado,Faixa de pedestre,Outras,60.0,Única,Faixa seccionada,COM VÍTIMA,2022,8,30,1,
2022-08-30,,Não informado,FINALIZADA,DERBY,AV GOVERNADOR AGAMENON MAGALHAES,Não informado,SENT. OLINDA EM FRENTE A MC´DONALD,DERBY,SUBURBIO,COLISÃO TRASEIRA,Não informado,1.0,1.0,0.0,0.0,0.0,0.0,0.0,0.0,0.0,1.0,0.0,Cruzamento,Bom,Sem defeito,Perfeito estado,Seca,Perfeito estado,Faixa de pedestre,Outras,60.0,Dupla,Canteiro central,COM VÍTIMA,2022,8,30,1,
2022-08-30,,Não informado,FINALIZADA,BOA VIAGEM,AV ENGENHEIRO DOMINGOS FERREIRA,Não informado,DELEGACIA DE BOA VIAGEM,BOA VIAGEM,SUBURBIO,COLISÃO LATERAL,Não informado,1.0,1.0,0.0,0.0,0.0,0.0,0.0,0.0,0.0,1.0,0.0,Longo da via,Bom,Não existe,Perfeito estado,Seca,Perfeito estado,Não existe,Não há placas,60.0,Única,Canteiro central,COM VÍTIMA,2022,8,30,1,
2022-08-30,,Não informado,FINALIZADA,SANTO AMARO,AV GOVERNADOR AGAMENON MAGALHAES,AV DR JAYME DA FONTE,E/F AO INSTITUTO DE CRIMINALÍSTICA ( IC ) S/T OLINDA,SANTO AMARO,Não informado,COLISÃO LATERAL,Não informado,1.0,1.0,0.0,0.0,0.0,0.0,0.0,0.0,0.0,1.0,0.0,Cruzamento,Bom,Sem defeito,Perfeito estado,Seca,Perfeito estado,Faixa de pedestre,Outras,40.0,Dupla,Faixa contínua,COM VÍTIMA,2022,8,30,1,
2022-08-30,,Não informado,FINALIZADA,ÁGUA FRIA,RUA JOAO UZEDA LUNA,RUA JOAO UZEDA LUNA,Não informado,ÁGUA FRIA,SUBURBIO,COLISÃO LATERAL,Não informado,1.0,1.0,0.0,0.0,0.0,0.0,0.0,0.0,0.0,1.0,0.0,Cruzamento,Bom,Não existe,Incompleta,Seca,Perfeito estado,Não existe,R-6a,40.0,Dupla,Não existe,COM VÍTIMA,2022,8,30,1,
2022-08-31,,Não informado,FINALIZADA,ENCRUZILHADA,AV BEBERIBE,RUA PEDRO ALVES,EM FRENTE À DROGASIL,ENCRUZILHADA,SUBURBIO,COLISÃO LATERAL,Não informado,1.0,1.0,0.0,0.0,0.0,0.0,0.0,0.0,0.0,1.0,0.0,Longo da via,Chuvoso,Sem defeito,Perfeito estado,Molhada,Perfeito estado,Faixa de pedestre,Não há placas,40.0,Dupla,Faixa contínua,COM VÍTIMA,2022,8,31,2,
2022-08-31,,Não informado,FINALIZADA,IPSEP,AV RECIFE,Não informado,AO LADO DA PADARIA VILA DO PÃO,IPSEP,SUBURBIO,COLISÃO TRASEIRA,Não informado,1.0,1.0,0.0,0.0,0.0,0.0,0.0,0.0,0.0,1.0,0.0,Longo da via,Chuvoso,Sem defeito,Perfeito estado,Molhada,Perfeito estado,Agente,R-4a,60.0,Única,Canteiro central,COM VÍTIMA,2022,8,31,2,
2022-08-31,,Não informado,FINALIZADA,BOA VISTA,AV CONDE DA BOA VISTA,RUA SETE DE SETEMBRO,FAIXA DE PEDESTRE  DO SEMAFORO 486,BOA VISTA,Não informado,ATROPELAMENTO DE PESSOA,Não informado,1.0,0.0,0.0,0.0,1.0,0.0,0.0,0.0,0.0,1.0,0.0,Cruzamento,Bom,Sem defeito,Perfeito estado,Seca,Perfeito estado,Não informado,Outras,60.0,Dupla,Canteiro central,COM VÍTIMA,2022,8,31,2,
2022-08-31,,Não informado,FINALIZADA,ILHA DO RETIRO,RUA ANTONIO GOMES DE FREITAS,Não informado,Não informado,ILHA DO RETIRO,CIDADE,COLISÃO LATERAL,Não informado,2.0,0.0,0.0,0.0,0.0,0.0,0.0,0.0,0.0,1.0,0.0,Longo da via,Bom,Sem defeito,Perfeito estado,Seca,Perfeito estado,Não existe,R-34,40.0,Única,Faixa seccionada,COM VÍTIMA,2022,8,31,2,
2022-08-31,,Não informado,CANCELADA,ENGENHO DO MEIO,RUA ANTONIO CURADO,RUA MANUEL ALVES DEUSDARA,PROX A PRAÇA DO ENGENHO DO MEIO NA ROTATORIA,ENGENHO DO MEIO,Não informado,COLISÃO LATERAL,Não informado,2.0,0.0,0.0,0.0,0.0,0.0,0.0,0.0,0.0,0.0,0.0,Não informado,Não informado,Não informado,Não informado,Não informado,Não informado,Não informado,Não informado,60.0,Não informado,Não informado,SEM VÍTIMA,2022,8,31,2,
2022-08-31,,Não informado,FINALIZADA,VÁRZEA,RUA DIOGO DE VASCONCELOS,RUA JAGUARIBARA,PROX A OFICINA DO BRENNAND,VÁRZEA,SUBURBIO,COLISÃO TRASEIRA,Não informado,1.0,1.0,0.0,0.0,0.0,0.0,0.0,0.0,0.0,1.0,0.0,Longo da via,Bom,Não existe,Não existente,Seca,Perfeito estado,Não existe,Não há placas,60.0,Dupla,Não existe,COM VÍTIMA,2022,8,31,2,
2022-08-31,,Não informado,CANCELADA,APIPUCOS,RUA DE APIPUCOS,Não informado,EM FRENTE AO 11º BPM,APIPUCOS,Não informado,COLISÃO LATERAL,Não informado,0.0,2.0,0.0,0.0,0.0,0.0,0.0,0.0,0.0,1.0,0.0,Não informado,Não informado,Não informado,Não informado,Não informado,Não informado,Não informado,Não informado,60.0,Não informado,Não informado,COM VÍTIMA,2022,8,31,2,
2022-08-31,,Não informado,FINALIZADA,IMBIRIBEIRA,AV MARECHAL MASCARENHAS DE MORAES,RUA ITACARE,EM FRENTE A FERREIRA COSTA,IMBIRIBEIRA,SUBURBIO,COLISÃO LATERAL,Não informado,1.0,1.0,0.0,0.0,0.0,0.0,0.0,0.0,0.0,1.0,0.0,Esquina,Bom,Sem defeito,Incompleta,Seca,Perfeito estado,Não informado,Outras,60.0,Dupla,Canteiro central,COM VÍTIMA,2022,8,31,2,
2022-08-31,,Não informado,FINALIZADA,IBURA,LAD DA COHAB,Não informado,SOB O POSTE 8041356,IBURA,SUBURBIO,COLISÃO TRASEIRA,Não informado,2.0,0.0,0.0,0.0,0.0,0.0,0.0,0.0,0.0,0.0,0.0,Longo da via,Bom,Não existe,Não informado,Seca,Mal conservada,Não existe,R-6a,60.0,Dupla,Não informado,SEM VÍTIMA,2022,8,31,2,
2022-08-31,,Não informado,FINALIZADA,BEBERIBE,AV BEBERIBE,Não informado,EM FRENTE AO COLEGIO PEDRO AUGUSTO,BEBERIBE,CIDADE,COLISÃO TRASEIRA,Não informado,0.0,1.0,0.0,0.0,0.0,1.0,0.0,0.0,0.0,2.0,0.0,Longo da via,Bom,Não existe,Perfeito estado,Seca,Perfeito estado,Não existe,Não há placas,60.0,Dupla,Faixa contínua,COM VÍTIMA,2022,8,31,2,
2022-08-31,,Não informado,CANCELADA,CAXANGÁ,AV JOAQUIM RIBEIRO,Não informado,EM FRENTE A ESTAÇÃO AREINHA DO BRT,CAXANGÁ,Não informado,COLISÃO LATERAL,Não informado,1.0,1.0,0.0,0.0,0.0,0.0,0.0,0.0,0.0,1.0,0.0,Não informado,Não informado,Não informado,Não informado,Não informado,Não informado,Não informado,Não informado,60.0,Não informado,Não informado,COM VÍTIMA,2022,8,31,2,
2022-08-31,,Não informado,FINALIZADA,JIQUIÁ,AV DR JOSE RUFINO,RUA VEREADOR FRANCISCO DE PAULA SANTANA CHICO DA MANOLA,EM FRENTE AO RESTAURANTE BODE DO NÔ,JIQUIÁ,CIDADE,COLISÃO LATERAL,Não informado,1.0,1.0,0.0,0.0,0.0,0.0,0.0,0.0,0.0,1.0,0.0,Longo da via,Bom,Sem defeito,Perfeito estado,Seca,Perfeito estado,Não existe,Não há placas,60.0,Dupla,Faixa seccionada,COM VÍTIMA,2022,8,31,2,
2022-08-31,,Não informado,FINALIZADA,BOA VIAGEM,RUA SA E SOUZA,RUA BALTAZAR PASSOS,EM FRENTE  A CULTURA INGLESA,BOA VIAGEM,SUBURBIO,COLISÃO LATERAL,Não informado,1.0,1.0,0.0,0.0,0.0,0.0,0.0,0.0,0.0,1.0,0.0,Cruzamento,Bom,Não existe,Perfeito estado,Seca,Perfeito estado,Não existe,Não há placas,60.0,Dupla,Faixa seccionada,COM VÍTIMA,2022,8,31,2,
2022-09-01,,Não informado,FINALIZADA,TAMARINEIRA,RUA SIMAO MENDES,Não informado,PRÓXIMO A FARMACIA PAGUE MENOS / POSTO SHELL,TAMARINEIRA,Não informado,CHOQUE,Não informado,1.0,0.0,0.0,0.0,0.0,0.0,0.0,0.0,0.0,1.0,0.0,Longo da via,Chuvoso,Não existe,Perfeito estado,Molhada,Perfeito estado,Faixa de pedestre,Outras,60.0,Única,Não existe,COM VÍTIMA,2022,9,1,3,
2022-09-01,,Não informado,FINALIZADA,BOA VIAGEM,RUA DEZ DE JULHO,RUA WALDEMAR NERY CARNEIRO MONTEIRO,PROX. A SOUZA EDIFICAÇÕES,BOA VIAGEM,Não informado,COLISÃO LATERAL,Não informado,2.0,0.0,0.0,0.0,0.0,0.0,0.0,0.0,0.0,1.0,0.0,Cruzamento,Chuvoso,Sem defeito,Perfeito estado,Molhada,Perfeito estado,Faixa de pedestre,R-24a,60.0,Única,Faixa contínua,COM VÍTIMA,2022,9,1,3,
2022-09-01,,Não informado,FINALIZADA,IMBIRIBEIRA,AV MARECHAL MASCARENHAS DE MORAES,Não informado,EM FRENTE A FACULDADE UNIVERSO,IMBIRIBEIRA,CIDADE,COLISÃO COM CICLISTA,Não informado,0.0,1.0,0.0,1.0,0.0,0.0,0.0,0.0,0.0,1.0,0.0,Longo da via,Bom,Sem defeito,Perfeito estado,Seca,Perfeito estado,Faixa de pedestre,Outras,60.0,Única,Faixa contínua,COM VÍTIMA,2022,9,1,3,
2022-09-01,,Não informado,FINALIZADA,MADALENA,AV VISCONDE DE ALBUQUERQUE,RUA LOPES DE CARVALHO,"COMITÊ MIGUEL COELHO ,  GALERIA MADALENA CENTER",MADALENA,Não informado,COLISÃO LATERAL,Não informado,3.0,0.0,0.0,0.0,0.0,0.0,0.0,0.0,0.0,2.0,0.0,Cruzamento,Bom,Não existe,Perfeito estado,Seca,Perfeito estado,Não existe,"Placas ""Pare""",60.0,Única,Faixa seccionada,COM VÍTIMA,2022,9,1,3,
2022-09-01,,Não informado,FINALIZADA,AFOGADOS,RUA SAO MIGUEL,RUA ARNALDO PIMENTEL,EM FRENTE A POLICLINICA SÃO FRANCISCO,AFOGADOS,CIDADE,COLISÃO FRONTAL,Não informado,1.0,1.0,0.0,0.0,0.0,0.0,0.0,0.0,0.0,1.0,0.0,Cruzamento,Bom,Não existe,Perfeito estado,Seca,Perfeito estado,Não existe,Não há placas,50.0,Dupla,Faixa contínua,COM VÍTIMA,2022,9,1,3,
2022-09-01,,Não informado,FINALIZADA,BAIRRO DO RECIFE,RUA DA AURORA,Não informado,NA FRENTE DO INSTITUTO TAVARES BURIL,BAIRRO DO RECIFE,Não informado,COLISÃO TRASEIRA,Não informado,2.0,0.0,0.0,0.0,0.0,0.0,0.0,0.0,0.0,1.0,0.0,Longo da via,Bom,Não existe,Perfeito estado,Seca,Perfeito estado,Não existe,Não há placas,60.0,Única,Canteiro central,COM VÍTIMA,2022,9,1,3,
2022-09-01,,Não informado,FINALIZADA,BOA VIAGEM,RUA VISCONDE DE JEQUITINHONHA,RUA BALTAZAR PASSOS,Não informado,BOA VIAGEM,SUBURBIO,COLISÃO TRANSVERSAL,Não informado,1.0,0.0,0.0,0.0,0.0,0.0,0.0,1.0,0.0,0.0,0.0,Cruzamento,Bom,Sem defeito,Perfeito estado,Seca,Perfeito estado,Faixa de pedestre,Outras,40.0,Única,Faixa contínua,SEM VÍTIMA,2022,9,1,3,
2022-09-01,,Não informado,FINALIZADA,IMBIRIBEIRA,AV MARECHAL MASCARENHAS DE MORAES,Não informado,EM FRENTE A FLOR E ARTE NO FINAL DA AVENIDA,IMBIRIBEIRA,CIDADE,COLISÃO TRASEIRA,Não informado,1.0,1.0,0.0,0.0,0.0,0.0,0.0,0.0,0.0,2.0,0.0,Longo da via,Bom,Sem defeito,Perfeito estado,Seca,Perfeito estado,Faixa de pedestre,Não informado,60.0,Única,Faixa contínua,COM VÍTIMA,2022,9,1,3,
2022-09-01,,Não informado,FINALIZADA,IPSEP,AV RECIFE,Não informado,SAL E BRASA,IPSEP,SUBURBIO,COLISÃO TRASEIRA,Não informado,0.0,1.0,0.0,0.0,0.0,0.0,1.0,0.0,0.0,1.0,0.0,Longo da via,Bom,Não existe,Perfeito estado,Seca,Perfeito estado,Não existe,Não há placas,60.0,Não informado,Faixa seccionada,COM VÍTIMA,2022,9,1,3,
2022-09-01,,Não informado,FINALIZADA,PORTO DA MADEIRA,AV BEBERIBE,RUA ARAPARI,EM FRENTE AO REI DO ARRUMADINHO,PORTO DA MADEIRA,SUBURBIO,COLISÃO FRONTAL,Não informado,1.0,1.0,0.0,0.0,0.0,0.0,0.0,0.0,0.0,1.0,0.0,Esquina,Chuvoso,Não existe,Não existente,Molhada,Perfeito estado,Não existe,Não há placas,60.0,Dupla,Não existe,COM VÍTIMA,2022,9,1,3,
2022-09-02,,Não informado,FINALIZADA,CORDEIRO,AV CAXANGA,RUA CAPITAO AURELIO DE ARAUJO,EM FENTE À MOVIDA ALUGUEL DE CARROS,CORDEIRO,SUBURBIO,COLISÃO LATERAL,Não informado,1.0,1.0,0.0,0.0,0.0,0.0,0.0,0.0,0.0,1.0,0.0,Longo da via,Chuvoso,Sem defeito,Perfeito estado,Molhada,Perfeito estado,Faixa de pedestre,R-6a,60.0,Dupla,Faixa contínua,COM VÍTIMA,2022,9,2,4,
2022-09-02,,Não informado,FINALIZADA,GRAÇAS,AV GOVERNADOR AGAMENON MAGALHAES,1 TRV JUSTICA E PAZ,EM FRENTE A QUADRA DO CLUBE PORTUGUÊS,GRAÇAS,CIDADE,ATROPELAMENTO DE PESSOA,Não informado,0.0,1.0,0.0,0.0,1.0,0.0,0.0,0.0,0.0,1.0,0.0,Longo da via,Bom,Não existe,Perfeito estado,Seca,Perfeito estado,Não existe,Não há placas,60.0,Dupla,Canteiro central,COM VÍTIMA,2022,9,2,4,
2022-09-02,,Não informado,CANCELADA,GRAÇAS,RUA DO FUTURO,RUA AMELIA,BEM NO CRUZAMENTO DAS RUAS,GRAÇAS,Não informado,COLISÃO COM CICLISTA,Não informado,1.0,0.0,0.0,1.0,0.0,0.0,0.0,0.0,0.0,1.0,0.0,Não informado,Não informado,Não informado,Não informado,Não informado,Não informado,Não informado,Não informado,60.0,Não informado,Não informado,COM VÍTIMA,2022,9,2,4,
2022-09-02,,Não informado,CANCELADA,JORDÃO,RUA BEIRA RIO,Não informado,EM FRENTE A PANIFICADORA SÃO JORGE,JORDÃO,Não informado,ATROPELAMENTO DE PESSOA,Não informado,1.0,0.0,0.0,0.0,1.0,0.0,0.0,0.0,0.0,1.0,0.0,Não informado,Não informado,Não informado,Não informado,Não informado,Não informado,Não informado,Não informado,60.0,Não informado,Não informado,COM VÍTIMA,2022,9,2,4,
2022-09-02,,Não informado,FINALIZADA,BAIRRO DO RECIFE,PTE GIRATORIA,Não informado,SOBRE A PONTE,BAIRRO DO RECIFE,Não informado,CHOQUE,Não informado,0.0,0.0,0.0,0.0,0.0,0.0,1.0,0.0,0.0,0.0,0.0,Longo da via,Bom,Sem defeito,Perfeito estado,Seca,Perfeito estado,Faixa de retenção,Não há placas,60.0,Dupla,Canteiro central,SEM VÍTIMA,2022,9,2,4,
2022-09-03,,Não informado,FINALIZADA,ILHA DO RETIRO,RUA COMENDADOR BENTO AGUIAR,AV JOSE GONCALVES DE MEDEIROS,EM FRENTE HJ VEICULOS,ILHA DO RETIRO,Não informado,COLISÃO TRASEIRA,Não informado,0.0,2.0,0.0,0.0,0.0,0.0,0.0,0.0,0.0,1.0,0.0,Longo da via,Bom,Não existe,Perfeito estado,Seca,Perfeito estado,Não existe,Não há placas,40.0,Dupla,Não existe,COM VÍTIMA,2022,9,3,5,
2022-09-03,,Não informado,FINALIZADA,CASA AMARELA,RUA CONS NABUCO,EST DAS UBAIAS,PROXIMO AO POSTO DE GASOLINA BR,CASA AMARELA,Não informado,CHOQUE,Não informado,1.0,0.0,0.0,0.0,0.0,0.0,0.0,0.0,0.0,0.0,0.0,Não informado,Não informado,Não informado,Não informado,Não informado,Não informado,Não informado,Não informado,60.0,Não informado,Não informado,SEM VÍTIMA,2022,9,3,5,
2022-09-03,,Não informado,FINALIZADA,ARRUDA,AV BEBERIBE,RUA ALEGRE,E/F A CASA DE FESTA BATE PAPO,ARRUDA,SUBURBIO,COLISÃO LATERAL,Não informado,0.0,1.0,0.0,0.0,0.0,1.0,0.0,0.0,0.0,1.0,0.0,Cruzamento,Bom,Sem defeito,Perfeito estado,Seca,Perfeito estado,Faixa de pedestre,Não há placas,60.0,Única,Não existe,COM VÍTIMA,2022,9,3,5,
2022-09-03,,Não informado,FINALIZADA,IPSEP,AV RECIFE,Não informado,NO SEMAFORO 247  E/F A LOJA  JJK AUTOS   S/T BOA VIAGEM,IPSEP,Não informado,COLISÃO LATERAL,Não informado,3.0,1.0,0.0,0.0,0.0,0.0,0.0,0.0,0.0,1.0,0.0,Não informado,Não informado,Não informado,Não informado,Não informado,Não informado,Não informado,Não informado,60.0,Não informado,Não informado,COM VÍTIMA,2022,9,3,5,
2022-09-03,,Não informado,FINALIZADA,AREIAS,AV DR JOSE RUFINO,RUA DA VILA,E/F  AO ARCO MIX,AREIAS,CIDADE,COLISÃO LATERAL,Não informado,1.0,1.0,0.0,0.0,0.0,0.0,0.0,0.0,0.0,1.0,0.0,Cruzamento,Bom,Não existe,Ilegível,Seca,Mal conservada,Não existe,Não há placas,60.0,Dupla,Faixa contínua,COM VÍTIMA,2022,9,3,5,
2022-09-03,,Não informado,FINALIZADA,MADALENA,TUNEL DA ABOLICAO,Não informado,DENTRO DO TUNEL,MADALENA,CIDADE,QUEDA,Não informado,0.0,1.0,0.0,0.0,0.0,0.0,0.0,0.0,0.0,2.0,0.0,Longo da via,Bom,Não existe,Incompleta,Molhada,Mal conservada,Não existe,Outras,60.0,Única,Não existe,COM VÍTIMA,2022,9,3,5,
2022-09-03,,Não informado,FINALIZADA,CASA FORTE,AV DEZESSETE DE AGOSTO,Não informado,E/F AO COLEGIO MOTIVO S/T  SUB,CASA FORTE,CIDADE,COLISÃO TRASEIRA,Não informado,1.0,1.0,0.0,0.0,0.0,0.0,0.0,0.0,0.0,1.0,0.0,Longo da via,Bom,Sem defeito,Perfeito estado,Seca,Perfeito estado,Faixa de pedestre,Outras,60.0,Dupla,Faixa contínua,COM VÍTIMA,2022,9,3,5,
2022-09-03,,Não informado,FINALIZADA,JIQUIÁ,AV JOAO CABRAL DE MELO NETO,AV RECIFE,COLISÃO ENTRE DOIS VEÍCULOS,JIQUIÁ,SUBURBIO,COLISÃO TRASEIRA,Não informado,1.0,0.0,0.0,1.0,0.0,0.0,0.0,0.0,0.0,1.0,0.0,Longo da via,Bom,Não existe,Perfeito estado,Seca,Perfeito estado,Não existe,Não há placas,60.0,Dupla,Canteiro central,COM VÍTIMA,2022,9,3,5,
2022-09-03,,Não informado,FINALIZADA,CORDEIRO,RUA PROFESSOR JOAQUIM XAVIER DE BRITO,AV MARIO ALVARES PEREIRA DE LYRA,SOB SEMÁFORO 134  INFORMADO PELO SUPERVISOR GUTENBERG QUE A CELPE ENCONTRA-SE NO LOCAL DANDO PRECEDIMENTO  AO SERVIÇO  INFORMADO ÀS 18:02,CORDEIRO,CIDADE,CHOQUE,Não informado,0.0,1.0,0.0,0.0,0.0,0.0,1.0,0.0,0.0,1.0,0.0,Cruzamento,Bom,Sem defeito,Perfeito estado,Seca,Perfeito estado,Faixa de pedestre,Não há placas,60.0,Dupla,Não existe,COM VÍTIMA,2022,9,3,5,
2022-09-03,,Não informado,FINALIZADA,TORRE,RUA JOSE BONIFACIO,Não informado,COLISAO DENTRO DO CARREFOUR  NO TERREO PROX A OFICINA,TORRE,Não informado,COLISÃO LATERAL,Não informado,1.0,1.0,0.0,0.0,0.0,0.0,0.0,0.0,0.0,1.0,0.0,Não informado,Bom,Não informado,Não informado,Não informado,Não informado,Não informado,Não informado,60.0,Não informado,Não informado,COM VÍTIMA,2022,9,3,5,
2022-09-03,,Não informado,FINALIZADA,ILHA DO RETIRO,AV ENGENHEIRO ABDIAS DE CARVALHO,EST DOS REMEDIOS,NA LANCHONETE BOBES,ILHA DO RETIRO,Não informado,COLISÃO TRASEIRA,Não informado,3.0,0.0,0.0,0.0,0.0,0.0,0.0,0.0,0.0,0.0,0.0,Não informado,Não informado,Não informado,Não informado,Não informado,Não informado,Não informado,Não informado,60.0,Não informado,Não informado,SEM VÍTIMA,2022,9,3,5,