data,hora,natureza_acidente,situacao,bairro,endereco,detalhe_endereco_acidente,complemento,bairro_cruzamento,sentido_via,tipo,descricao,auto,moto,ciclom,ciclista,pedestre,onibus,caminhao,viatura,outros,vitimas,vitimasfatais,acidente_verificado,tempo_clima,situacao_semaforo,sinalizacao,condicao_via,conservacao_via,ponto_controle,situacao_placa,velocidade_max_via,mao_direcao,divisao_via1,natureza,ano,mes,dia,dia_semana,hora_ocorrencia
2022-09-03,,Não informado,FINALIZADA,MADALENA,AV BEIRA RIO,RUA DOM JOAO DE SOUZA,E/F A CASA DO GOVERNADOR,MADALENA,Não informado,ATROPELAMENTO DE PESSOA,Não informado,0.0,1.0,0.0,0.0,1.0,0.0,0.0,0.0,0.0,2.0,0.0,Longo da via,Bom,Sem defeito,Perfeito estado,Seca,Mal iluminada,Faixa de pedestre,Outras,60.0,Dupla,Faixa contínua,COM VÍTIMA,2022,9,3,5,
2022-09-03,,Não informado,FINALIZADA,CASA AMARELA,AV NORTE MIGUEL ARRAES DE ALENCAR,RUA VASCO DA GAMA,ENTRADA DO VASCO DA GAMA,CASA AMARELA,SUBURBIO,COLISÃO FRONTAL,Não informado,0.0,1.0,0.0,0.0,0.0,1.0,0.0,0.0,0.0,2.0,0.0,Cruzamento,Bom,Sem defeito,Perfeito estado,Seca,Perfeito estado,Faixa de pedestre,Não há placas,60.0,Dupla,Canteiro central,COM VÍTIMA,2022,9,3,5,
2022-09-03,,Não informado,FINALIZADA,CAXANGÁ,AV CAXANGA,Não informado,PRÓXIMO AO TERMINAL INTEGRADO DA CAXANGÁ ( GETÚLIO VARGAS),CAXANGÁ,CIDADE,ATROPELAMENTO DE PESSOA,Não informado,0.0,1.0,0.0,0.0,1.0,0.0,0.0,0.0,0.0,1.0,0.0,Cruzamento,Bom,Sem defeito,Perfeito estado,Seca,Perfeito estado,Faixa de pedestre,Outras,60.0,Dupla,Canteiro central,COM VÍTIMA,2022,9,3,5,
2022-09-03,,Não informado,FINALIZADA,MADALENA,AV ENGENHEIRO ABDIAS DE CARVALHO,Não informado,PRÓXIMO A FACULDADE ESTÁCIO,MADALENA,CIDADE,CHOQUE,Não informado,0.0,0.0,0.0,0.0,0.0,0.0,0.0,0.0,0.0,0.0,0.0,Longo da via,Bom,Desligado,Perfeito estado,Seca,Perfeito estado,Faixa de pedestre,R-6a,60.0,Única,Faixa seccionada,SEM VÍTIMA,2022,9,3,5,
2022-09-04,,Não informado,FINALIZADA,CAXANGÁ,AV JOAQUIM RIBEIRO,RUA RIBEIRO PESSOA,UPA DA CAXANGA,CAXANGÁ,Não informado,COLISÃO FRONTAL,Não informado,1.0,1.0,0.0,0.0,0.0,0.0,0.0,0.0,0.0,1.0,0.0,Não informado,Não informado,Não informado,Não informado,Não informado,Não informado,Não informado,Não informado,60.0,Não informado,Não informado,COM VÍTIMA,2022,9,4,6,
2022-09-04,,Não informado,FINALIZADA,JARDIM SÃO PAULO,AV RECIFE,Não informado,EM FRENTE A PICANHA REAL / HOTEL ESTORIL,JARDIM SÃO PAULO,Não informado,COLISÃO TRASEIRA,Não informado,1.0,1.0,0.0,0.0,0.0,0.0,0.0,0.0,0.0,1.0,0.0,Longo da via,Bom,Sem defeito,Perfeito estado,Seca,Perfeito estado,Faixa de pedestre,Não há placas,60.0,Dupla,Canteiro central,COM VÍTIMA,2022,9,4,6,
2022-09-04,,Não informado,FINALIZADA,MANGUEIRA,RUA DR JOAO ELISIO,Não informado,PRÓX. AO MERCADINHO SANTO ANTÔNIO,MANGUEIRA,CIDADE,COLISÃO LATERAL,Não informado,1.0,1.0,0.0,0.0,0.0,0.0,0.0,0.0,0.0,1.0,0.0,Longo da via,Bom,Não existe,Perfeito estado,Seca,Perfeito estado,Não existe,Não há placas,30.0,Dupla,Não existe,COM VÍTIMA,2022,9,4,6,
2022-09-04,,Não informado,FINALIZADA,BONGI,EST DO BONGI,Não informado,EM FRENTE A IGREJA DO BONGI,BONGI,Não informado,COLISÃO LATERAL,Não informado,0.0,0.0,0.0,0.0,0.0,0.0,0.0,0.0,0.0,0.0,0.0,Não informado,Não informado,Não informado,Não informado,Não informado,Não informado,Não informado,Não informado,60.0,Não informado,Não informado,SEM VÍTIMA,2022,9,4,6,
2022-09-04,,Não informado,FINALIZADA,MADALENA,AV CAXANGA,RUA JOAO IVO DA SILVA,PROX A CELPE DA CAXANGA,MADALENA,CIDADE,COLISÃO FRONTAL,Não informado,1.0,1.0,0.0,0.0,0.0,0.0,0.0,0.0,0.0,1.0,0.0,Cruzamento,Nublado,Sem defeito,Perfeito estado,Seca,Perfeito estado,Faixa de pedestre,R-26,40.0,Dupla,Faixa contínua,COM VÍTIMA,2022,9,4,6,
2022-09-04,,Não informado,FINALIZADA,CASA AMARELA,RUA NOVA DESCOBERTA,RUA BUJARU,PROX AO CENTRO DE SAUDE MARIO MONTEIRO DE MELO,CASA AMARELA,SUBURBIO,COLISÃO FRONTAL,Não informado,1.0,1.0,0.0,0.0,0.0,0.0,0.0,0.0,0.0,1.0,0.0,Esquina,Bom,Não existe,Perfeito estado,Seca,Perfeito estado,Não informado,Outras,30.0,Dupla,Não informado,COM VÍTIMA,2022,9,4,6,
2022-09-04,,Não informado,FINALIZADA,ENCRUZILHADA,AV NORTE MIGUEL ARRAES DE ALENCAR,AV JOAO DE BARROS,CRUZAMENTO COM JOOÃO DE BARROS,ENCRUZILHADA,SUBURBIO,COLISÃO LATERAL,Não informado,1.0,1.0,0.0,0.0,0.0,0.0,0.0,0.0,0.0,2.0,0.0,Cruzamento,Chuvoso,Sem defeito,Perfeito estado,Molhada,Perfeito estado,Faixa de pedestre,R-6a,60.0,Dupla,Canteiro central,COM VÍTIMA,2022,9,4,6,
2022-09-05,,Não informado,FINALIZADA,BOA VIAGEM,AVENIDA CELSO FURTADO (VIA MANGUE),Não informado,APÓS SUPERMERCADO EXTRA,BOA VIAGEM,CIDADE,CHOQUE,Não informado,0.0,0.0,0.0,0.0,0.0,0.0,0.0,0.0,0.0,0.0,0.0,Não informado,Não informado,Não informado,Não informado,Não informado,Não informado,Não informado,Não informado,60.0,Não informado,Não informado,SEM VÍTIMA,2022,9,5,0,
2022-09-05,,Não informado,FINALIZADA,IMBIRIBEIRA,AV MARECHAL MASCARENHAS DE MORAES,Não informado,"SENT. AEROPORTO, EM FRENTE AO IMBIRIBEIRA DIESEL",IMBIRIBEIRA,SUBURBIO,COLISÃO TRASEIRA,Não informado,1.0,1.0,0.0,0.0,0.0,0.0,0.0,0.0,0.0,1.0,0.0,Longo da via,Chuvoso,Sem defeito,Não existente,Molhada,Perfeito estado,Não existe,Não há placas,60.0,Única,Não existe,COM VÍTIMA,2022,9,5,0,
2022-09-05,,Não informado,FINALIZADA,MADALENA,RUA JOSE BONIFACIO,RUA URIEL PAES BARRETO,"EM FRENTE A ANTIGA AMPLA, AGORA ESCOLA CULTURA INGLESA",MADALENA,SUBURBIO,COLISÃO LATERAL,Não informado,2.0,0.0,0.0,0.0,0.0,0.0,0.0,0.0,0.0,1.0,0.0,Cruzamento,Chuvoso,Não existe,Perfeito estado,Molhada,Perfeito estado,Não existe,"Placas ""Pare""",60.0,Única,Faixa seccionada,COM VÍTIMA,2022,9,5,0,
2022-09-05,,Não informado,FINALIZADA,IMBIRIBEIRA,AV MARECHAL MASCARENHAS DE MORAES,Não informado,PROXIMO A FACULDADE DE SAUDE,IMBIRIBEIRA,Não informado,COLISÃO TRASEIRA,Não informado,1.0,1.0,0.0,0.0,0.0,0.0,0.0,0.0,0.0,0.0,0.0,Não informado,Não informado,Não informado,Não informado,Não informado,Não informado,Não informado,Não informado,60.0,Não informado,Não informado,SEM VÍTIMA,2022,9,5,0,
2022-09-05,,Não informado,FINALIZADA,AREIAS,RUA IPOJUCA,RUA CARUARU,PRÓX. À ESCOLA MUNICIPAL DE AREIAS,AREIAS,CIDADE,COLISÃO LATERAL,Não informado,1.0,1.0,0.0,0.0,0.0,0.0,0.0,0.0,0.0,1.0,0.0,Cruzamento,Chuvoso,Não existe,Perfeito estado,Molhada,Perfeito estado,Não existe,"Placas ""Pare""",30.0,Dupla,Não existe,COM VÍTIMA,2022,9,5,0,
2022-09-05,,Não informado,FINALIZADA,BOA VIAGEM,RUA RIBEIRO DE BRITO,AV CONSELHEIRO AGUIAR,SOB O SEMÁFORO,BOA VIAGEM,Não informado,CHOQUE,Não informado,0.0,0.0,0.0,0.0,0.0,1.0,0.0,0.0,0.0,0.0,0.0,Não informado,Não informado,Não informado,Não informado,Não informado,Não informado,Não informado,Não informado,60.0,Não informado,Não informado,SEM VÍTIMA,2022,9,5,0,
2022-09-05,,Não informado,FINALIZADA,CABANGA,RUA GENERAL ESTILAC LEAL,Não informado,EM FRENTE AO 7º DEP.  SUP,CABANGA,CIDADE,QUEDA,Não informado,0.0,1.0,0.0,0.0,0.0,0.0,0.0,0.0,0.0,2.0,0.0,Longo da via,Bom,Não existe,Não existente,Oleosa,Perfeito estado,Não existe,Não há placas,60.0,Dupla,Não existe,COM VÍTIMA,2022,9,5,0,
2022-09-05,,Não informado,FINALIZADA,TAMARINEIRA,AV CONS ROSA E SILVA,Não informado,APÓS O CORREIA PICANÇO,TAMARINEIRA,SUBURBIO,COLISÃO LATERAL,Não informado,2.0,1.0,0.0,0.0,0.0,0.0,0.0,0.0,0.0,1.0,0.0,Longo da via,Não informado,Sem defeito,Perfeito estado,Não informado,Perfeito estado,Faixa de pedestre,R-6a,60.0,Única,Canteiro central,COM VÍTIMA,2022,9,5,0,
2022-09-05,,Não informado,FINALIZADA,JARDIM SÃO PAULO,RUA LEANDRO BARRETO,AV SAO PAULO,Não informado,JARDIM SÃO PAULO,SUBURBIO,COLISÃO TRASEIRA,Não informado,1.0,2.0,0.0,0.0,0.0,0.0,0.0,0.0,0.0,1.0,0.0,Longo da via,Chuvoso,Sem defeito,Perfeito estado,Molhada,Perfeito estado,Faixa de pedestre,Não há placas,60.0,Dupla,Não existe,COM VÍTIMA,2022,9,5,0,
2022-09-05,,Não informado,CANCELADA,BOA VIAGEM,AV BOA VIAGEM,Não informado,EM FRENTE A PRACINHA,BOA VIAGEM,Não informado,COLISÃO TRASEIRA,Não informado,1.0,1.0,0.0,0.0,0.0,0.0,0.0,0.0,0.0,1.0,0.0,Não informado,Não informado,Não informado,Não informado,Não informado,Não informado,Não informado,Não informado,60.0,Não informado,Não informado,COM VÍTIMA,2022,9,5,0,
2022-09-05,,Não informado,FINALIZADA,DERBY,RUA JENER DE SOUZA,RUA AMAURI DE MEDEIROS,PRÓXIMO A ESCOLA MILITAR,DERBY,Não informado,COLISÃO FRONTAL,Não informado,1.0,1.0,0.0,0.0,0.0,0.0,0.0,0.0,0.0,1.0,0.0,Cruzamento,Chuvoso,Não existe,Perfeito estado,Molhada,Perfeito estado,Faixa de pedestre,"Placas ""Pare""",60.0,Única,Canteiro central,COM VÍTIMA,2022,9,5,0,
2022-09-06,,Não informado,FINALIZADA,BARRO,AV DR JOSE RUFINO,Não informado,Não informado,BARRO,CIDADE,COLISÃO FRONTAL,Não informado,2.0,0.0,0.0,0.0,0.0,0.0,0.0,0.0,0.0,0.0,0.0,Longo da via,Bom,Não existe,Não existente,Seca,Perfeito estado,Não existe,Não há placas,60.0,Dupla,Faixa contínua,SEM VÍTIMA,2022,9,6,1,
2022-09-06,,Não informado,FINALIZADA,ENCRUZILHADA,AV JOAO DE BARROS,AV NORTE MIGUEL ARRAES DE ALENCAR,BANCO SANTANDER,ENCRUZILHADA,CIDADE,COLISÃO TRANSVERSAL,Não informado,1.0,1.0,0.0,0.0,0.0,0.0,0.0,0.0,0.0,1.0,0.0,Cruzamento,Bom,Sem defeito,Perfeito estado,Seca,Perfeito estado,Agente,Outras,60.0,Dupla,Canteiro central,COM VÍTIMA,2022,9,6,1,
2022-09-06,,Não informado,FINALIZADA,BOA VIAGEM,RUA MANOEL DE BRITO,RUA MANOEL DE BRITO,ENTRADA DO TÚNEL,BOA VIAGEM,Não informado,COLISÃO LATERAL,Não informado,1.0,1.0,0.0,0.0,0.0,0.0,0.0,0.0,0.0,1.0,0.0,Cruzamento,Bom,Sem defeito,Perfeito estado,Seca,Perfeito estado,Outros,Não há placas,60.0,Única,Faixa contínua,COM VÍTIMA,2022,9,6,1,
2022-09-06,,Não informado,FINALIZADA,IBURA,RUA RIO PAJEU,Não informado,PROX A PADARIA  CRISTO REI,IBURA,Não informado,COLISÃO TRASEIRA,Não informado,2.0,0.0,0.0,0.0,0.0,0.0,0.0,0.0,0.0,1.0,0.0,Longo da via,Bom,Não existe,Não existente,Seca,Perfeito estado,Não existe,Não há placas,60.0,Única,Não existe,COM VÍTIMA,2022,9,6,1,
2022-09-06,,Não informado,FINALIZADA,IBURA,RUA EXP FRANCISCO VITORIANO,Não informado,PROX AO POSTO DE SAUDE  E/ FA PADARIA DOCE MEL,IBURA,Não informado,COLISÃO LATERAL,Não informado,0.0,2.0,0.0,0.0,0.0,0.0,0.0,0.0,0.0,3.0,0.0,Longo da via,Bom,Não existe,Perfeito estado,Seca,Perfeito estado,Não existe,R-6a,60.0,Dupla,Não existe,COM VÍTIMA,2022,9,6,1,
2022-09-06,,Não informado,FINALIZADA,GUABIRABA,AV VEREADOR OTACILIO AZEVEDO,Não informado,POR TRAS DA EMPRESA DA GLOBO  S/T  BR,GUABIRABA,Não informado,COLISÃO FRONTAL,Não informado,0.0,1.0,0.0,0.0,0.0,0.0,1.0,0.0,0.0,1.0,0.0,Longo da via,Bom,Não existe,Incompleta,Seca,Perfeito estado,Não existe,"Placas ""Pare""",40.0,Dupla,Não existe,COM VÍTIMA,2022,9,6,1,
2022-09-06,,Não informado,FINALIZADA,MADALENA,RUA JOSE OSORIO,Não informado,EM FRENTE A MORAES MULTIMARCAS,MADALENA,Não informado,COLISÃO LATERAL,Não informado,1.0,1.0,0.0,0.0,0.0,0.0,0.0,0.0,0.0,1.0,0.0,Longo da via,Bom,Não existe,Perfeito estado,Seca,Perfeito estado,Não existe,R-6a,60.0,Dupla,Faixa contínua,COM VÍTIMA,2022,9,6,1,
2022-09-06,,Não informado,FINALIZADA,ÁGUA FRIA,EST VELHA DE AGUA FRIA,RUA CABO HONORIO,Não informado,ÁGUA FRIA,Não informado,COLISÃO FRONTAL,Não informado,1.0,1.0,0.0,0.0,0.0,0.0,0.0,0.0,0.0,1.0,0.0,Cruzamento,Bom,Não existe,Perfeito estado,Seca,Perfeito estado,Não existe,Outras,40.0,Dupla,Faixa contínua,COM VÍTIMA,2022,9,6,1,
2022-09-06,,Não informado,FINALIZADA,TEJIPIÓ,AV DR JOSE RUFINO,Não informado,Não informado,TEJIPIÓ,Não informado,Não informado,Não informado,1.0,0.0,0.0,0.0,0.0,1.0,0.0,0.0,0.0,0.0,0.0,Longo da via,Bom,Não existe,Perfeito estado,Seca,Perfeito estado,Não existe,R-6a,60.0,Dupla,Faixa contínua,SEM VÍTIMA,2022,9,6,1,
2022-09-07,,Não informado,FINALIZADA,MADALENA,RUA JOSE BONIFACIO,Não informado,EM FRENTE À IGREJA METODISTA RECIFE,MADALENA,Não informado,COLISÃO TRASEIRA,Não informado,2.0,1.0,0.0,0.0,0.0,0.0,0.0,0.0,0.0,1.0,0.0,Longo da via,Bom,Não existe,Perfeito estado,Seca,Perfeito estado,Não existe,Não há placas,60.0,Única,Faixa seccionada,COM VÍTIMA,2022,9,7,2,
2022-09-07,,Não informado,FINALIZADA,BOA VIAGEM,AV BOA VIAGEM,RUA RIBEIRO DE BRITO,EM FRENTE EDF. QUEEM MARY,BOA VIAGEM,CIDADE,Não informado,Não informado,1.0,0.0,0.0,0.0,0.0,0.0,0.0,1.0,0.0,0.0,0.0,Não informado,Bom,Não existe,Perfeito estado,Seca,Perfeito estado,Outros,Outras,60.0,Única,Faixa seccionada,SEM VÍTIMA,2022,9,7,2,
2022-09-07,,Não informado,FINALIZADA,BOA VIAGEM,AV CONSELHEIRO AGUIAR,RUA MARIA CAROLINA,ESQUINA DA FARMACIA PAGUE MENOS,BOA VIAGEM,Não informado,COLISÃO LATERAL,Não informado,1.0,1.0,0.0,0.0,0.0,0.0,0.0,0.0,0.0,1.0,0.0,Longo da via,Bom,Não existe,Perfeito estado,Seca,Perfeito estado,Não existe,R-6a,60.0,Única,Faixa seccionada,COM VÍTIMA,2022,9,7,2,
2022-09-07,,Não informado,CANCELADA,SANTO AMARO,AV MARIO MELO,RUA DA AURORA,Não informado,SANTO AMARO,Não informado,COLISÃO TRASEIRA,Não informado,1.0,0.0,0.0,0.0,0.0,1.0,0.0,0.0,0.0,0.0,0.0,Não informado,Não informado,Não informado,Não informado,Não informado,Não informado,Não informado,Não informado,60.0,Não informado,Não informado,SEM VÍTIMA,2022,9,7,2,
2022-09-08,,Não informado,FINALIZADA,CASA FORTE,AV DEZESSETE DE AGOSTO,Não informado,LABORATÓRIO EDMAR VICTOR,CASA FORTE,Não informado,COLISÃO TRASEIRA,Não informado,3.0,0.0,0.0,0.0,0.0,0.0,0.0,0.0,0.0,1.0,0.0,Longo da via,Bom,Não existe,Perfeito estado,Seca,Perfeito estado,Não existe,Outras,40.0,Dupla,Faixa contínua,COM VÍTIMA,2022,9,8,3,
2022-09-08,,Não informado,FINALIZADA,BOA VIAGEM,RUA PADRE CARAPUCEIRO,Não informado,EM FRENTE À IGREJA UNIVERSAL,BOA VIAGEM,CIDADE,COLISÃO FRONTAL,Não informado,1.0,1.0,0.0,0.0,0.0,0.0,0.0,0.0,0.0,1.0,0.0,Longo da via,Bom,Sem defeito,Perfeito estado,Seca,Perfeito estado,Faixa de pedestre,Não informado,60.0,Única,Não informado,COM VÍTIMA,2022,9,8,3,
2022-09-08,,Não informado,FINALIZADA,BOA VISTA,RUA DO PRINCIPE,RUA DO SOSSEGO,FARMÁCIA CANDEIA,BOA VISTA,Não informado,COLISÃO TRASEIRA,Não informado,1.0,1.0,0.0,0.0,0.0,0.0,0.0,0.0,0.0,1.0,0.0,Não informado,Não informado,Não informado,Não informado,Não informado,Não informado,Não informado,Não informado,60.0,Não informado,Não informado,COM VÍTIMA,2022,9,8,3,
2022-09-08,,Não informado,FINALIZADA,TAMARINEIRA,AV NORTE MIGUEL ARRAES DE ALENCAR,RUA CONEGO BARATA,Não informado,TAMARINEIRA,Não informado,COLISÃO TRANSVERSAL,Não informado,1.0,1.0,0.0,0.0,0.0,0.0,0.0,0.0,0.0,1.0,0.0,Cruzamento,Bom,Sem defeito,Perfeito estado,Seca,Perfeito estado,Faixa de pedestre,R-4a,60.0,Dupla,Canteiro central,COM VÍTIMA,2022,9,8,3,
2022-09-09,,Não informado,FINALIZADA,IMBIRIBEIRA,RUA MIS JOEL CARLSON,RUA ZEFERINO PINHO,RUA EM FRENTE A LASER ELETRO,IMBIRIBEIRA,Não informado,COLISÃO LATERAL,Não informado,1.0,1.0,0.0,0.0,0.0,0.0,0.0,0.0,0.0,1.0,0.0,Cruzamento,Bom,Não existe,Não existente,Seca,Perfeito estado,Não existe,Não há placas,30.0,Dupla,Não existe,COM VÍTIMA,2022,9,9,4,
2022-09-09,,Não informado,FINALIZADA,MADALENA,AV ENGENHEIRO ABDIAS DE CARVALHO,RUA JOAO IVO DA SILVA,HABIBS,MADALENA,SUBURBIO,COLISÃO LATERAL,Não informado,1.0,1.0,0.0,0.0,0.0,0.0,0.0,0.0,0.0,1.0,0.0,Cruzamento,Bom,Sem defeito,Perfeito estado,Seca,Perfeito estado,Faixa de pedestre,R-6a,60.0,Dupla,Faixa seccionada,COM VÍTIMA,2022,9,9,4,
2022-09-09,,Não informado,FINALIZADA,SANTO ANTÔNIO,RUA VINTE E QUATRO DE MAIO,Não informado,EM FRENTE A M&A CAMISARIA,SANTO ANTÔNIO,SUBURBIO,FISCALIZAÇÃO,Não informado,0.0,0.0,0.0,0.0,0.0,0.0,0.0,0.0,0.0,0.0,0.0,Não informado,Não informado,Não informado,Não informado,Não informado,Não informado,Não informado,Não informado,60.0,Não informado,Não informado,SEM VÍTIMA,2022,9,9,4,
2022-09-09,,Não informado,FINALIZADA,JOANA BEZERRA,VIADUTO CAPITAO TEMUDO,Não informado,EM CIMA DO VIADUTO,JOANA BEZERRA,Não informado,COLISÃO LATERAL,Não informado,1.0,1.0,0.0,0.0,0.0,0.0,0.0,0.0,0.0,1.0,0.0,Viaduto,Bom,Não existe,Incompleta,Seca,Perfeito estado,Não existe,Não há placas,60.0,Única,Faixa seccionada,COM VÍTIMA,2022,9,9,4,
2022-09-09,,Não informado,FINALIZADA,AREIAS,AV RECIFE,Não informado,NA FRENTE DO SUPERMERCADO ECONOMICO,AREIAS,SUBURBIO,COLISÃO LATERAL,Não informado,0.0,2.0,0.0,0.0,0.0,0.0,0.0,0.0,0.0,1.0,0.0,Longo da via,Bom,Não existe,Perfeito estado,Seca,Perfeito estado,Não existe,R-6a,60.0,Única,Faixa seccionada,COM VÍTIMA,2022,9,9,4,
2022-09-10,,Não informado,FINALIZADA,MADALENA,AV VISCONDE DE ALBUQUERQUE,RUA LOPES DE CARVALHO,Não informado,MADALENA,Não informado,COLISÃO FRONTAL,Não informado,0.0,0.0,0.0,0.0,0.0,0.0,0.0,0.0,0.0,0.0,0.0,Cruzamento,Chuvoso,Não existe,Perfeito estado,Molhada,Perfeito estado,Não existe,R-6a,60.0,Única,Faixa seccionada,SEM VÍTIMA,2022,9,10,5,
2022-09-10,,Não informado,FINALIZADA,BARRO,RUA FRANCISCO RUSSO,Não informado,PRÓXIMO AO PAGODE CHATOU,BARRO,Não informado,CHOQUE,Não informado,0.0,0.0,0.0,0.0,0.0,0.0,0.0,1.0,0.0,0.0,0.0,Longo da via,Bom,Não existe,Perfeito estado,Seca,Perfeito estado,Não existe,Não há placas,60.0,Dupla,Não existe,SEM VÍTIMA,2022,9,10,5,
2022-09-10,,Não informado,FINALIZADA,BOA VIAGEM,AVENIDA CELSO FURTADO (VIA MANGUE),Não informado,PRÓXIMO AO ANTIGO LAÇA BURGUER/ SPETTUS,BOA VIAGEM,CIDADE,COLISÃO LATERAL,Não informado,1.0,1.0,0.0,0.0,0.0,0.0,0.0,0.0,0.0,1.0,0.0,Longo da via,Bom,Não existe,Perfeito estado,Seca,Perfeito estado,Outros,R-19,60.0,Dupla,Canteiro central,COM VÍTIMA,2022,9,10,5,
2022-09-10,,Não informado,FINALIZADA,MADALENA,AV JOSE GONCALVES DE MEDEIROS,Não informado,EM FRENTE A MCDONALDS,MADALENA,SUBURBIO,COLISÃO LATERAL,Não informado,1.0,1.0,0.0,0.0,0.0,0.0,0.0,0.0,0.0,1.0,0.0,Longo da via,Bom,Sem defeito,Perfeito estado,Seca,Perfeito estado,Não existe,Não há placas,60.0,Dupla,Faixa contínua,COM VÍTIMA,2022,9,10,5,
2022-09-10,,Não informado,FINALIZADA,BEBERIBE,AV BEBERIBE,RUA DAS MOCAS,EM FRENTE AO CAMPO DO SANTA CRUZ,BEBERIBE,CIDADE,COLISÃO LATERAL,Não informado,1.0,1.0,0.0,0.0,0.0,0.0,0.0,0.0,0.0,1.0,0.0,Cruzamento,Bom,Não existe,Perfeito estado,Seca,Perfeito estado,Não existe,Não há placas,60.0,Dupla,Faixa seccionada,COM VÍTIMA,2022,9,10,5,
2022-09-10,,Não informado,FINALIZADA,CAMPO GRANDE,RUA ODORICO MENDES,RUA VISCONDE DE CAIRU,APÓS A PEIXARIA TUDO DO MAR,CAMPO GRANDE,Não informado,COLISÃO LATERAL,Não informado,1.0,1.0,0.0,0.0,0.0,0.0,0.0,0.0,0.0,1.0,0.0,Cruzamento,Bom,Não existe,Não informado,Seca,Perfeito estado,Não existe,R-6a,60.0,Dupla,Não informado,COM VÍTIMA,2022,9,10,5,
2022-09-10,,Não informado,FINALIZADA,TEJIPIÓ,AV DR JOSE RUFINO,Não informado,EM FRENTE AO CONDOMINIO CASA SOLAR,TEJIPIÓ,Não informado,COLISÃO FRONTAL,Não informado,1.0,1.0,0.0,0.0,0.0,0.0,0.0,0.0,0.0,1.0,0.0,Longo da via,Bom,Sem defeito,Perfeito estado,Seca,Perfeito estado,Não existe,Não há placas,60.0,Dupla,Faixa contínua,COM VÍTIMA,2022,9,10,5,
2022-09-10,,Não informado,CANCELADA,ESTÂNCIA,AV ESTANCIA,Não informado,APOIS COLEGIO VISÃO,ESTÂNCIA,SUBURBIO,COLISÃO LATERAL,Não informado,2.0,0.0,0.0,0.0,0.0,0.0,0.0,0.0,0.0,0.0,0.0,Não informado,Não informado,Não informado,Não informado,Não informado,Não informado,Não informado,Não informado,60.0,Não informado,Não informado,SEM VÍTIMA,2022,9,10,5,
2022-09-10,,Não informado,FINALIZADA,IBURA,LAD DA COHAB,AV DOIS RIOS,PRÓXIMO A POLICLINICA DO IBURA,IBURA,SUBURBIO,COLISÃO FRONTAL,Não informado,1.0,1.0,0.0,0.0,0.0,0.0,0.0,0.0,0.0,2.0,0.0,Longo da via,Bom,Não existe,Não existente,Molhada,Perfeito estado,Não existe,Não há placas,60.0,Dupla,Não existe,COM VÍTIMA,2022,9,10,5,
2022-09-11,,Não informado,CANCELADA,IBURA,AV MATO GROSSO,Não informado,APÓS A CURVA DO S E DEPOIS DA ESCOLA MARIA SAMPAIO,IBURA,Não informado,COLISÃO LATERAL,Não informado,1.0,1.0,0.0,0.0,0.0,0.0,0.0,0.0,0.0,1.0,0.0,Não informado,Não informado,Não informado,Não informado,Não informado,Não informado,Não informado,Não informado,60.0,Não informado,Não informado,COM VÍTIMA,2022,9,11,6,
2022-09-11,,Não informado,FINALIZADA,BOA VIAGEM,RUA SETUBAL,RUA BARAO DE SOUZA LEAO,PROX A IGREJINHA DE BOA VIAGEM  NO SEMAFORO 419,BOA VIAGEM,SUBURBIO,COLISÃO LATERAL,Não informado,1.0,1.0,0.0,0.0,0.0,0.0,0.0,0.0,0.0,1.0,0.0,Cruzamento,Bom,Sem defeito,Perfeito estado,Seca,Perfeito estado,Faixa de pedestre,Não há placas,60.0,Única,Faixa seccionada,COM VÍTIMA,2022,9,11,6,
2022-09-11,,Não informado,FINALIZADA,BOA VIAGEM,RUA BARAO DE SOUZA LEAO,AV ENGENHEIRO DOMINGOS FERREIRA,E/F AO BOA VIAGEM MEDICAL CENTER,BOA VIAGEM,SUBURBIO,COLISÃO COM CICLISTA,Não informado,0.0,0.0,0.0,1.0,0.0,1.0,0.0,0.0,0.0,1.0,0.0,Cruzamento,Bom,Sem defeito,Perfeito estado,Seca,Perfeito estado,Faixa de pedestre,Outras,60.0,Única,Faixa seccionada,COM VÍTIMA,2022,9,11,6,
2022-09-11,,Não informado,FINALIZADA,CASA AMARELA,AV NORTE MIGUEL ARRAES DE ALENCAR,Não informado,NA SUBIDA DO ALTO JOSE D PINHO,CASA AMARELA,Não informado,COLISÃO LATERAL,Não informado,1.0,0.0,0.0,0.0,0.0,0.0,0.0,0.0,1.0,0.0,0.0,Cruzamento,Bom,Sem defeito,Perfeito estado,Seca,Perfeito estado,Faixa de pedestre,Outras,60.0,Dupla,Canteiro central,SEM VÍTIMA,2022,9,11,6,