data,hora,natureza_acidente,situacao,bairro,endereco,detalhe_endereco_acidente,complemento,bairro_cruzamento,sentido_via,tipo,descricao,auto,moto,ciclom,ciclista,pedestre,onibus,caminhao,viatura,outros,vitimas,vitimasfatais,acidente_verificado,tempo_clima,situacao_semaforo,sinalizacao,condicao_via,conservacao_via,ponto_controle,situacao_placa,velocidade_max_via,mao_direcao,divisao_via1,natureza,ano,mes,dia,dia_semana,hora_ocorrencia
2022-09-11,,Não informado,FINALIZADA,ARRUDA,RUA DO TRIUNFO,RUA DO MACHADO,E/F AO  ESTADIO DO  SANTA  CRUZ,ARRUDA,SUBURBIO,COLISÃO LATERAL,Não informado,0.0,2.0,0.0,0.0,0.0,0.0,0.0,0.0,0.0,2.0,0.0,Cruzamento,Bom,Não existe,Perfeito estado,Seca,Perfeito estado,Não existe,"Placas ""Pare""",60.0,Dupla,Não existe,COM VÍTIMA,2022,9,11,6,
2022-09-11,,Não informado,FINALIZADA,MACAXEIRA,RUA MARIA CANDIDA,AV NORTE MIGUEL ARRAES DE ALENCAR,APÓS PARQUE DA MACAXEIRA,MACAXEIRA,SUBURBIO,COLISÃO FRONTAL,Não informado,0.0,2.0,0.0,0.0,0.0,0.0,0.0,0.0,0.0,1.0,0.0,Longo da via,Bom,Sem defeito,Perfeito estado,Seca,Perfeito estado,Não existe,Não há placas,60.0,Dupla,Não existe,COM VÍTIMA,2022,9,11,6,
2022-09-11,,Não informado,CANCELADA,ALTO SANTA TERESINHA,AV ANIBAL BENEVOLO,Não informado,MERCADINHO PASSIRA,ALTO SANTA TERESINHA,Não informado,COLISÃO FRONTAL,Não informado,1.0,1.0,0.0,0.0,0.0,0.0,0.0,0.0,0.0,1.0,0.0,Não informado,Não informado,Não informado,Não informado,Não informado,Não informado,Não informado,Não informado,60.0,Não informado,Não informado,COM VÍTIMA,2022,9,11,6,
2022-09-12,,Não informado,FINALIZADA,IMBIRIBEIRA,AV MARECHAL MASCARENHAS DE MORAES,Não informado,EM FRENTE A JUSTIÇA DO TRABALHO,IMBIRIBEIRA,CIDADE,COLISÃO TRANSVERSAL,Não informado,1.0,0.0,0.0,0.0,0.0,1.0,0.0,0.0,0.0,0.0,0.0,Não informado,Não informado,Não informado,Não informado,Não informado,Não informado,Não informado,Não informado,60.0,Não informado,Não informado,SEM VÍTIMA,2022,9,12,0,
2022-09-12,,Não informado,FINALIZADA,VASCO DA GAMA,RUA ALTO DO EUCALIPTO,AV VEREADOR OTACILIO AZEVEDO,POR TRÁS DO RESIDENCIAL DOM HÉLDER / PRÓX À IGREJA ANGLICANA SÃO PAULO,VASCO DA GAMA,Não informado,COLISÃO LATERAL,Não informado,0.0,1.0,0.0,0.0,0.0,1.0,0.0,0.0,0.0,1.0,0.0,Longo da via,Bom,Não existe,Não existente,Seca,Perfeito estado,Não existe,Não há placas,30.0,Dupla,Não existe,COM VÍTIMA,2022,9,12,0,
2022-09-12,,Não informado,FINALIZADA,AFLITOS,RUA CARNEIRO VILELA,Não informado,EM FRENTE A KAPTAVI PILATES E FISIOTERAPIA,AFLITOS,SUBURBIO,COLISÃO LATERAL,Não informado,1.0,1.0,0.0,0.0,0.0,0.0,0.0,0.0,0.0,1.0,0.0,Longo da via,Bom,Não existe,Não existente,Seca,Perfeito estado,Não existe,Não há placas,60.0,Única,Não existe,COM VÍTIMA,2022,9,12,0,
2022-09-12,,Não informado,CANCELADA,CASA FORTE,AV DEZESSETE DE AGOSTO,Não informado,EM FRENTE A CULTURA INGLESA,CASA FORTE,Não informado,COLISÃO TRASEIRA,Não informado,0.0,2.0,0.0,0.0,0.0,0.0,0.0,0.0,0.0,1.0,0.0,Não informado,Não informado,Não informado,Não informado,Não informado,Não informado,Não informado,Não informado,60.0,Não informado,Não informado,COM VÍTIMA,2022,9,12,0,
2022-09-12,,Não informado,FINALIZADA,CAMPO GRANDE,RUA JERONIMO VILELA,RUA DR MACHADO,CRUZAMENTO,CAMPO GRANDE,SUBURBIO,COLISÃO LATERAL,Não informado,1.0,1.0,0.0,0.0,0.0,0.0,0.0,0.0,0.0,1.0,0.0,Cruzamento,Bom,Sem defeito,Perfeito estado,Seca,Perfeito estado,Faixa de pedestre,Outras,30.0,Dupla,Faixa seccionada,COM VÍTIMA,2022,9,12,0,
2022-09-12,,Não informado,CANCELADA,IPSEP,AV SALDANHA MARINHO,Não informado,POR TRAS DO COLEGIO LAURO DINIZ,IPSEP,Não informado,COLISÃO FRONTAL,Não informado,1.0,1.0,0.0,0.0,0.0,0.0,0.0,0.0,0.0,1.0,0.0,Não informado,Não informado,Não informado,Não informado,Não informado,Não informado,Não informado,Não informado,60.0,Não informado,Não informado,COM VÍTIMA,2022,9,12,0,
2022-09-12,,Não informado,FINALIZADA,IMBIRIBEIRA,AV MARECHAL MASCARENHAS DE MORAES,Não informado,ANTES DA UNIVERSO,IMBIRIBEIRA,CIDADE,CHOQUE,Não informado,1.0,0.0,0.0,0.0,0.0,0.0,0.0,0.0,0.0,0.0,0.0,Cruzamento,Bom,Sem defeito,Perfeito estado,Seca,Perfeito estado,Faixa de pedestre,Não há placas,60.0,Dupla,Canteiro central,SEM VÍTIMA,2022,9,12,0,
2022-09-13,,Não informado,FINALIZADA,SANTO AMARO,AV CRUZ CABUGA,RUA ARARIPINA,Não informado,SANTO AMARO,SUBURBIO,COLISÃO TRANSVERSAL,Não informado,1.0,1.0,0.0,0.0,0.0,0.0,0.0,0.0,0.0,2.0,0.0,Longo da via,Bom,Não existe,Perfeito estado,Seca,Perfeito estado,Não existe,Não há placas,60.0,Dupla,Faixa contínua,COM VÍTIMA,2022,9,13,1,
2022-09-13,,Não informado,FINALIZADA,TEJIPIÓ,RUA FALCAO DE LACERDA,Não informado,EM FRENTE AO CARTÓRIO CIVIL,TEJIPIÓ,CIDADE,COLISÃO FRONTAL,Não informado,0.0,2.0,0.0,0.0,0.0,0.0,0.0,0.0,0.0,2.0,0.0,Longo da via,Bom,Sem defeito,Perfeito estado,Seca,Perfeito estado,Faixa de pedestre,Não há placas,60.0,Dupla,Faixa contínua,COM VÍTIMA,2022,9,13,1,
2022-09-13,,Não informado,FINALIZADA,AFOGADOS,RUA VINTE E UM DE ABRIL,AV MANOEL GONCALVES DA LUZ,PROX. AO ARMAZEM CONSTRUAÇO,AFOGADOS,CIDADE,COLISÃO COM CICLISTA,Não informado,0.0,1.0,0.0,1.0,0.0,0.0,0.0,0.0,0.0,1.0,0.0,Longo da via,Bom,Sem defeito,Incompleta,Seca,Mal conservada,Faixa de pedestre,Não há placas,40.0,Dupla,Faixa seccionada,COM VÍTIMA,2022,9,13,1,
2022-09-13,,Não informado,FINALIZADA,CORDEIRO,AV CAXANGA,RUA CLAUDIO BROTHERHOOD,SOB O SEMÁFORO: 235,CORDEIRO,CIDADE,COLISÃO COM CICLISTA,Não informado,1.0,0.0,0.0,1.0,0.0,0.0,0.0,0.0,0.0,1.0,0.0,Outros,Bom,Sem defeito,Ilegível,Seca,Perfeito estado,Outros,Não há placas,60.0,Única,Faixa seccionada,COM VÍTIMA,2022,9,13,1,
2022-09-13,,Não informado,FINALIZADA,BAIRRO DO RECIFE,CAIS DO APOLO,Não informado,EM FGRENTE A PREFEITURA,BAIRRO DO RECIFE,Não informado,COLISÃO TRASEIRA,Não informado,2.0,0.0,0.0,0.0,0.0,0.0,0.0,0.0,0.0,0.0,0.0,Longo da via,Bom,Não existe,Perfeito estado,Seca,Perfeito estado,Faixa de pedestre,R-6a,60.0,Única,Faixa contínua,SEM VÍTIMA,2022,9,13,1,
2022-09-13,,Não informado,FINALIZADA,ILHA JOANA BEZERRA,VIADUTO CAPITAO TEMUDO,Não informado,SENT. OLINDA NO MEIO DO VIADULTO CAP. TEMUDO,ILHA JOANA BEZERRA,SUBURBIO,COLISÃO TRASEIRA,Não informado,0.0,1.0,0.0,0.0,0.0,1.0,0.0,0.0,0.0,2.0,0.0,Longo da via,Bom,Não existe,Perfeito estado,Seca,Perfeito estado,Não existe,Não há placas,60.0,Dupla,Outros,COM VÍTIMA,2022,9,13,1,
2022-09-13,,Não informado,FINALIZADA,ESPINHEIRO,RUA QUARENTA E OITO,Não informado,EM FRENTE AO RESTAURANTE SABOR DO RANCHO,ESPINHEIRO,Não informado,COLISÃO TRASEIRA,Não informado,3.0,0.0,0.0,0.0,0.0,0.0,0.0,0.0,0.0,1.0,0.0,Não informado,Não informado,Não informado,Não informado,Não informado,Não informado,Não informado,Não informado,60.0,Não informado,Não informado,COM VÍTIMA,2022,9,13,1,
2022-09-13,,Não informado,FINALIZADA,ILHA DO RETIRO,AV ENGENHEIRO ABDIAS DE CARVALHO,Não informado,EM FRENTE A ESTAÇÃO DA CELPE,ILHA DO RETIRO,CIDADE,COLISÃO TRASEIRA,Não informado,1.0,1.0,0.0,0.0,0.0,0.0,0.0,0.0,0.0,2.0,0.0,Longo da via,Bom,Sem defeito,Perfeito estado,Seca,Perfeito estado,Não existe,Não há placas,60.0,Dupla,Canteiro central,COM VÍTIMA,2022,9,13,1,
2022-09-13,,Não informado,FINALIZADA,AFOGADOS,RUA SAO MIGUEL,Não informado,PROXIMO AO POSTO IPIRANGA,AFOGADOS,CIDADE,COLISÃO LATERAL,Não informado,1.0,1.0,0.0,0.0,0.0,0.0,0.0,0.0,0.0,1.0,0.0,Longo da via,Bom,Não existe,Perfeito estado,Seca,Perfeito estado,Não existe,Outras,30.0,Dupla,Faixa contínua,COM VÍTIMA,2022,9,13,1,
2022-09-13,,Não informado,CANCELADA,TORRE,RUA MARCOS ANDRE,Não informado,EM FRENTE AO EDIFICIO SAINT ANDRE,TORRE,Não informado,COLISÃO TRASEIRA,Não informado,1.0,1.0,0.0,0.0,0.0,0.0,0.0,0.0,0.0,1.0,0.0,Não informado,Não informado,Não informado,Não informado,Não informado,Não informado,Não informado,Não informado,60.0,Não informado,Não informado,COM VÍTIMA,2022,9,13,1,
2022-09-13,,Não informado,FINALIZADA,ESPINHEIRO,RUA DO ESPINHEIRO,RUA SANTO ELIAS,POSTO DE GASOLINA,ESPINHEIRO,SUBURBIO,COLISÃO LATERAL,Não informado,1.0,1.0,0.0,0.0,0.0,0.0,0.0,0.0,0.0,1.0,0.0,Cruzamento,Bom,Não existe,Perfeito estado,Seca,Perfeito estado,Outros,"Placas ""Pare""",60.0,Dupla,Outros,COM VÍTIMA,2022,9,13,1,
2022-09-14,,Não informado,FINALIZADA,BONGI,AV ENGENHEIRO ABDIAS DE CARVALHO,Não informado,FERNANDES PISO E CONSTRUÇÕES,BONGI,CIDADE,CHOQUE,Não informado,0.0,0.0,0.0,0.0,0.0,0.0,0.0,0.0,0.0,1.0,0.0,Não informado,Não informado,Não informado,Não informado,Não informado,Não informado,Não informado,Não informado,60.0,Não informado,Não informado,COM VÍTIMA,2022,9,14,2,
2022-09-14,,Não informado,FINALIZADA,ENCRUZILHADA,RUA PADRE MIGUELINHO,RUA AUGUSTO RODRIGUES,PROX. PRAÇA TORREÃO,ENCRUZILHADA,Não informado,COLISÃO LATERAL,Não informado,1.0,1.0,0.0,0.0,0.0,0.0,0.0,0.0,0.0,2.0,0.0,Cruzamento,Bom,Não existe,Perfeito estado,Seca,Perfeito estado,Não existe,Outras,60.0,Única,Não existe,COM VÍTIMA,2022,9,14,2,
2022-09-14,,Não informado,FINALIZADA,CASA AMARELA,AV NORTE MIGUEL ARRAES DE ALENCAR,Não informado,REI DA PICANHA,CASA AMARELA,CIDADE,COLISÃO TRASEIRA,Não informado,1.0,1.0,0.0,0.0,0.0,0.0,0.0,0.0,0.0,1.0,0.0,Longo da via,Bom,Sem defeito,Perfeito estado,Seca,Perfeito estado,Faixa de pedestre,Outras,50.0,Dupla,Canteiro central,COM VÍTIMA,2022,9,14,2,
2022-09-14,,Não informado,FINALIZADA,CORDEIRO,AV INACIO MONTEIRO,RUA N S DA SAUDE,DROGASIL / SEMÁFORO 234,CORDEIRO,Não informado,COLISÃO LATERAL,Não informado,1.0,0.0,0.0,0.0,0.0,0.0,0.0,1.0,0.0,0.0,0.0,Cruzamento,Bom,Sem defeito,Perfeito estado,Seca,Perfeito estado,Faixa de retenção,Não há placas,60.0,Única,Faixa contínua,SEM VÍTIMA,2022,9,14,2,
2022-09-14,,Não informado,FINALIZADA,MADALENA,AV JOSE GONCALVES DE MEDEIROS,RUA COMENDADOR BENTO AGUIAR,PROXIMO A FARMACIA PAGUE MENOS,MADALENA,CIDADE,COLISÃO FRONTAL,Não informado,1.0,1.0,0.0,0.0,0.0,0.0,0.0,0.0,0.0,1.0,0.0,Cruzamento,Bom,Não existe,Perfeito estado,Seca,Perfeito estado,Não existe,Não há placas,60.0,Dupla,Não existe,COM VÍTIMA,2022,9,14,2,
2022-09-14,,Não informado,FINALIZADA,BOA VISTA,RUA DO PRINCIPE,Não informado,EM FRENTE A FACULDADE DE DIREITO DO RECIFE,BOA VISTA,Não informado,COLISÃO LATERAL,Não informado,0.0,0.0,0.0,0.0,0.0,1.0,0.0,1.0,0.0,0.0,0.0,Longo da via,Chuvoso,Sem defeito,Perfeito estado,Molhada,Perfeito estado,Faixa de pedestre,Outras,60.0,Única,Canteiro central,SEM VÍTIMA,2022,9,14,2,
2022-09-14,,Não informado,CANCELADA,IBURA,AV RIO LARGO,Não informado,PROX AO MERCADO PROABI,IBURA,Não informado,COLISÃO TRASEIRA,Não informado,1.0,0.0,0.0,0.0,0.0,1.0,0.0,0.0,0.0,0.0,0.0,Não informado,Não informado,Não informado,Não informado,Não informado,Não informado,Não informado,Não informado,60.0,Não informado,Não informado,SEM VÍTIMA,2022,9,14,2,
2022-09-14,,Não informado,FINALIZADA,BOA VIAGEM,RUA VISCONDE DE JEQUITINHONHA,RUA ENGENHEIRO ZAEL DIOGENES,DEPOIS DO HOTEL ATLANTE PLAZA,BOA VIAGEM,SUBURBIO,COLISÃO TRASEIRA,Não informado,1.0,1.0,0.0,0.0,0.0,0.0,0.0,0.0,0.0,1.0,0.0,Esquina,Bom,Não existe,Perfeito estado,Seca,Perfeito estado,Não existe,Não informado,60.0,Única,Canteiro central,COM VÍTIMA,2022,9,14,2,
2022-09-14,,Não informado,FINALIZADA,PINA,AV ANTONIO DE GOES,Não informado,DEPOIS DA  POLICIA RODOVIARIA FEDERAL DO PINA,PINA,CIDADE,COLISÃO TRASEIRA,Não informado,1.0,1.0,0.0,0.0,0.0,0.0,0.0,0.0,0.0,1.0,0.0,Ponte,Bom,Não existe,Perfeito estado,Seca,Perfeito estado,Não existe,Outras,60.0,Única,Canteiro central,COM VÍTIMA,2022,9,14,2,
2022-09-14,,Não informado,FINALIZADA,SAN MARTIN,AV GENERAL SAN MARTIN,AV CONSUL VILARES FRAGOSO,PROX. DO QUARTEL DA CAVALERIA,SAN MARTIN,Não informado,COLISÃO FRONTAL,Não informado,1.0,1.0,0.0,0.0,0.0,0.0,0.0,0.0,0.0,2.0,0.0,Cruzamento,Chuvoso,Sem defeito,Incompleta,Molhada,Perfeito estado,Outros,Não há placas,40.0,Única,Não existe,COM VÍTIMA,2022,9,14,2,
2022-09-14,,Não informado,FINALIZADA,MADALENA,AV BEIRA RIO,Não informado,EM FRENTE AO EDF. SOBRADO DO CAPIBARIBE,MADALENA,SUBURBIO,COLISÃO LATERAL,Não informado,1.0,1.0,0.0,0.0,0.0,0.0,0.0,0.0,0.0,1.0,0.0,Longo da via,Bom,Não existe,Perfeito estado,Seca,Perfeito estado,Não existe,R-6a,60.0,Dupla,Faixa seccionada,COM VÍTIMA,2022,9,14,2,
2022-09-15,,Não informado,FINALIZADA,MADALENA,AV PROFESSOR ESTEVAO FRANCISCO DA COSTA,AV CAXANGA,PRÓX. À RINALDO MOTOS,MADALENA,CIDADE,COLISÃO LATERAL,Não informado,0.0,2.0,0.0,0.0,0.0,0.0,0.0,0.0,0.0,2.0,0.0,Longo da via,Bom,Sem defeito,Perfeito estado,Seca,Perfeito estado,Não existe,Não há placas,60.0,Única,Não existe,COM VÍTIMA,2022,9,15,3,
2022-09-15,,Não informado,FINALIZADA,CAMPO GRANDE,RUA FRANKLIN TAVORA,RUA VOLUNTARIOS DA PATRIA,PROX. AO CENTRO BUDISTA DRUKPA RECIFE,CAMPO GRANDE,Não informado,COLISÃO LATERAL,Não informado,2.0,0.0,0.0,0.0,0.0,0.0,0.0,0.0,0.0,0.0,0.0,Longo da via,Bom,Não existe,Perfeito estado,Seca,Perfeito estado,Não existe,Não há placas,60.0,Dupla,Não existe,SEM VÍTIMA,2022,9,15,3,
2022-09-15,,Não informado,FINALIZADA,IBURA,AV SAO PAULO,Não informado,EM FRENTE AO ARMAZEM DO GOMES,IBURA,Não informado,COLISÃO LATERAL,Não informado,1.0,0.0,0.0,0.0,0.0,1.0,0.0,0.0,0.0,0.0,0.0,Longo da via,Bom,Não existe,Perfeito estado,Seca,Perfeito estado,Não existe,Não há placas,60.0,Dupla,Não existe,SEM VÍTIMA,2022,9,15,3,
2022-09-15,,Não informado,FINALIZADA,ESPINHEIRO,RUA AMELIA,RUA DO ESPINHEIRO,E/F A GALERIA DA LUMI,ESPINHEIRO,Não informado,COLISÃO LATERAL,Não informado,1.0,0.0,0.0,0.0,0.0,1.0,0.0,0.0,0.0,0.0,0.0,Cruzamento,Bom,Sem defeito,Perfeito estado,Seca,Perfeito estado,Faixa de retenção,Outras,60.0,Única,Faixa seccionada,SEM VÍTIMA,2022,9,15,3,
2022-09-15,,Não informado,FINALIZADA,JOANA BEZERRA,AV MARTIN LUTHER KING,Não informado,PROXIMO AO CAMPO DO BARRO,JOANA BEZERRA,CIDADE,COLISÃO LATERAL,Não informado,0.0,1.0,0.0,0.0,0.0,1.0,0.0,0.0,0.0,1.0,0.0,Cruzamento,Bom,Não existe,Incompleta,Seca,Perfeito estado,Não existe,R-6a,60.0,Dupla,Não existe,COM VÍTIMA,2022,9,15,3,
2022-09-15,,Não informado,FINALIZADA,AREIAS,Não informado,Não informado,HOSPITAL DE AREIAS,AREIAS,Não informado,COLISÃO TRASEIRA,Não informado,1.0,0.0,0.0,0.0,0.0,0.0,0.0,1.0,0.0,0.0,0.0,Longo da via,Bom,Não existe,Incompleta,Seca,Perfeito estado,Não existe,Não há placas,60.0,Dupla,Não existe,SEM VÍTIMA,2022,9,15,3,
2022-09-15,,Não informado,FINALIZADA,BOA VIAGEM,RUA SA E SOUZA,RUA ANTONIO VICENTE,ESTACIONAMENTO DO COLEGIO MADRE DE DEUS,BOA VIAGEM,SUBURBIO,COLISÃO LATERAL,Não informado,1.0,1.0,0.0,0.0,0.0,0.0,0.0,0.0,0.0,1.0,0.0,Cruzamento,Bom,Não existe,Não existente,Seca,Mal conservada,Não existe,Não há placas,30.0,Dupla,Não existe,COM VÍTIMA,2022,9,15,3,
2022-09-15,,Não informado,FINALIZADA,BOA VIAGEM,AV DOM JOAO VI,Não informado,PROX A LOMBADA ELETRONICA (COLÉGIO GGE),BOA VIAGEM,SUBURBIO/ PIEDADE,COLISÃO LATERAL,Não informado,1.0,1.0,0.0,0.0,0.0,0.0,0.0,0.0,0.0,1.0,0.0,Longo da via,Bom,Não existe,Perfeito estado,Seca,Perfeito estado,Não existe,Não há placas,50.0,Única,Faixa seccionada,COM VÍTIMA,2022,9,15,3,
2022-09-15,,Não informado,FINALIZADA,IMBIRIBEIRA,AV MARECHAL MASCARENHAS DE MORAES,Não informado,PROX A EMBREAGEM FRIO DIREÇÃO HIDRAULICA,IMBIRIBEIRA,CIDADE,COLISÃO FRONTAL,Não informado,1.0,0.0,0.0,0.0,0.0,0.0,0.0,1.0,0.0,0.0,0.0,Longo da via,Bom,Sem defeito,Perfeito estado,Seca,Perfeito estado,Não existe,Não há placas,60.0,Única,Faixa seccionada,SEM VÍTIMA,2022,9,15,3,
2022-09-15,,Não informado,FINALIZADA,HIPÓDROMO,EST DE BELEM,RUA ANTONIO RANGEL,EM FRENTE A QUITANDARIA,HIPÓDROMO,Não informado,COLISÃO LATERAL,Não informado,1.0,1.0,0.0,0.0,0.0,0.0,0.0,0.0,0.0,1.0,0.0,Cruzamento,Bom,Sem defeito,Perfeito estado,Seca,Perfeito estado,Faixa de pedestre,R-6a,60.0,Dupla,Não existe,COM VÍTIMA,2022,9,15,3,
2022-09-16,,Não informado,FINALIZADA,MADALENA,RUA JOSE OSORIO,Não informado,PERU VEÍCULOS / REALIZE CAR,MADALENA,SUBURBIO,ATROPELAMENTO DE PESSOA,Não informado,0.0,1.0,0.0,0.0,1.0,0.0,0.0,0.0,0.0,2.0,0.0,Longo da via,Bom,Não existe,Perfeito estado,Seca,Perfeito estado,Não existe,Outras,40.0,Dupla,Faixa contínua,COM VÍTIMA,2022,9,16,4,
2022-09-16,,Não informado,FINALIZADA,SANTO AMARO,AV CRUZ CABUGA,Não informado,PROXIMO AO SHOPPING TACARUNA. EM FRENTE A PARADA DO BRT,SANTO AMARO,CIDADE,ATROPELAMENTO DE PESSOA,Não informado,0.0,1.0,0.0,0.0,1.0,0.0,0.0,0.0,0.0,1.0,0.0,Longo da via,Bom,Sem defeito,Perfeito estado,Seca,Perfeito estado,Faixa de pedestre,Não há placas,60.0,Única,Faixa seccionada,COM VÍTIMA,2022,9,16,4,
2022-09-16,,Não informado,FINALIZADA,CAXANGÁ,AV CAXANGA,Não informado,"EM BAIXO DO VIADUTO, EM FRENTE AO TERMINAL CDU",CAXANGÁ,CIDADE,ATROPELAMENTO DE PESSOA,Não informado,0.0,1.0,0.0,0.0,1.0,0.0,0.0,0.0,0.0,1.0,0.0,Longo da via,Bom,Não existe,Perfeito estado,Seca,Perfeito estado,Não existe,Não há placas,60.0,Dupla,Canteiro central,COM VÍTIMA,2022,9,16,4,
2022-09-16,,Não informado,FINALIZADA,CASA AMARELA,AV NORTE MIGUEL ARRAES DE ALENCAR,RUA BELA VISTA,"EM FRENTE A BIKE NORTE, SENT. MACAXEIRA",CASA AMARELA,SUBURBIO,COLISÃO LATERAL,Não informado,1.0,1.0,0.0,0.0,0.0,0.0,0.0,0.0,0.0,1.0,0.0,Cruzamento,Bom,Sem defeito,Perfeito estado,Seca,Perfeito estado,Faixa de pedestre,Não há placas,60.0,Única,Canteiro central,COM VÍTIMA,2022,9,16,4,
2022-09-16,,Não informado,CANCELADA,APIPUCOS,RUA DE APIPUCOS,Não informado,EM FRENTE AO MOTEL SENZALA,APIPUCOS,Não informado,COLISÃO TRASEIRA,Não informado,0.0,2.0,0.0,0.0,0.0,0.0,0.0,0.0,0.0,1.0,0.0,Não informado,Não informado,Não informado,Não informado,Não informado,Não informado,Não informado,Não informado,60.0,Não informado,Não informado,COM VÍTIMA,2022,9,16,4,
2022-09-16,,Não informado,CANCELADA,BONGI,EST DO BONGI,Não informado,E/F A IGREJA BATISTA DO BONGI,BONGI,Não informado,COLISÃO COM CICLISTA,Não informado,1.0,0.0,0.0,1.0,0.0,0.0,0.0,0.0,0.0,1.0,0.0,Não informado,Não informado,Não informado,Não informado,Não informado,Não informado,Não informado,Não informado,60.0,Não informado,Não informado,COM VÍTIMA,2022,9,16,4,
2022-09-16,,Não informado,FINALIZADA,SANTO ANTÔNIO,PTE DO LIMOEIRO,Não informado,EM FRENTE AO ANTIGO DE COVID-19 DO RECIFE,SANTO ANTÔNIO,CIDADE / PREFEITURA DO RECIFE,COLISÃO COM CICLISTA,Não informado,0.0,1.0,0.0,1.0,0.0,0.0,0.0,0.0,0.0,2.0,0.0,Longo da via,Bom,Sem defeito,Perfeito estado,Seca,Perfeito estado,Faixa de pedestre,Não há placas,60.0,Dupla,Faixa contínua,COM VÍTIMA,2022,9,16,4,
2022-09-16,,Não informado,FINALIZADA,ESPINHEIRO,RUA SANTO ELIAS,RUA CONS PORTELA,EM FRENTE AO POSTO DE COMBUSTÍVEL,ESPINHEIRO,CIDADE,COLISÃO FRONTAL,Não informado,1.0,1.0,0.0,0.0,0.0,0.0,0.0,0.0,0.0,1.0,0.0,Longo da via,Bom,Não existe,Perfeito estado,Seca,Perfeito estado,Não existe,R-6a,30.0,Dupla,Não existe,COM VÍTIMA,2022,9,16,4,
2022-09-16,,Não informado,FINALIZADA,PARNAMIRIM,RUA JOAO TUDE DE MELO,Não informado,SOBRE O VIADUTO DA TORRE,PARNAMIRIM,Não informado,COLISÃO LATERAL,Não informado,1.0,1.0,0.0,0.0,0.0,0.0,0.0,0.0,0.0,1.0,0.0,Não informado,Não informado,Não informado,Não informado,Não informado,Não informado,Não informado,Não informado,60.0,Não informado,Não informado,COM VÍTIMA,2022,9,16,4,
2022-09-17,,Não informado,FINALIZADA,AFOGADOS,EST DOS REMEDIOS,Não informado,CLAYTON ALTO PEÇAS E SERVIÇOS,AFOGADOS,CIDADE,COLISÃO LATERAL,Não informado,1.0,1.0,0.0,0.0,0.0,0.0,0.0,0.0,0.0,1.0,0.0,Longo da via,Bom,Sem defeito,Incompleta,Seca,Perfeito estado,Faixa de pedestre,R-6a,60.0,Única,Faixa seccionada,COM VÍTIMA,2022,9,17,5,
2022-09-17,,Não informado,FINALIZADA,SANTO AMARO,RUA DOS PALMARES,RUA MAJOR CODECEIRA,EM FRENTE AO PROCAPE,SANTO AMARO,SUBURBIO,COLISÃO LATERAL,Não informado,1.0,1.0,0.0,0.0,0.0,0.0,0.0,0.0,0.0,1.0,0.0,Cruzamento,Bom,Não existe,Perfeito estado,Seca,Perfeito estado,Outros,Outras,60.0,Única,Faixa,COM VÍTIMA,2022,9,17,5,
2022-09-17,,Não informado,FINALIZADA,ARRUDA,AV BEBERIBE,Não informado,ESTÁDIO DO SANTA CUZ,ARRUDA,Não informado,COLISÃO TRASEIRA,Não informado,1.0,1.0,0.0,0.0,0.0,0.0,0.0,0.0,0.0,1.0,0.0,Cruzamento,Bom,Não existe,Incompleta,Seca,Perfeito estado,Outros,Outras,60.0,Dupla,Faixa contínua,COM VÍTIMA,2022,9,17,5,
2022-09-17,,Não informado,CANCELADA,ALTO JOSÉ DO PINHO,RUA HORACIO SILVA,Não informado,NA SUBIDA DA LADEIRA DO ALTO JOSE DO PINHO  E/F A IGREJA ASSEMBLEIA DE DEUS,ALTO JOSÉ DO PINHO,Não informado,COLISÃO LATERAL,Não informado,1.0,1.0,0.0,0.0,0.0,0.0,0.0,0.0,0.0,1.0,0.0,Não informado,Não informado,Não informado,Não informado,Não informado,Não informado,Não informado,Não informado,60.0,Não informado,Não informado,COM VÍTIMA,2022,9,17,5,
2022-09-17,,Não informado,FINALIZADA,BOMBA DO HEMETÉRIO,RUA ARLINDO CISNEIRO,Não informado,PROX A PADARIA RECORD,BOMBA DO HEMETÉRIO,SUBURBIO,COLISÃO LATERAL,Não informado,2.0,1.0,0.0,0.0,0.0,0.0,0.0,0.0,0.0,1.0,0.0,Longo da via,Bom,Não existe,Não existente,Seca,Perfeito estado,Não existe,Não há placas,40.0,Dupla,Não existe,COM VÍTIMA,2022,9,17,5,
2022-09-17,,Não informado,FINALIZADA,BOA VIAGEM,RUA BALTAZAR PASSOS,RUA VISCONDE DE JEQUITINHONHA,BEIRA CANAL  NO SEMAFORO 154,BOA VIAGEM,SUBURBIO,COLISÃO COM CICLISTA,Não informado,1.0,0.0,0.0,1.0,0.0,0.0,0.0,0.0,0.0,1.0,0.0,Cruzamento,Bom,Sem defeito,Perfeito estado,Seca,Perfeito estado,Faixa de pedestre,Outras,40.0,Única,Faixa contínua,COM VÍTIMA,2022,9,17,5,