data,hora,natureza_acidente,situacao,bairro,endereco,detalhe_endereco_acidente,complemento,bairro_cruzamento,sentido_via,tipo,descricao,auto,moto,ciclom,ciclista,pedestre,onibus,caminhao,viatura,outros,vitimas,vitimasfatais,acidente_verificado,tempo_clima,situacao_semaforo,sinalizacao,condicao_via,conservacao_via,ponto_controle,situacao_placa,velocidade_max_via,mao_direcao,divisao_via1,natureza,ano,mes,dia,dia_semana,hora_ocorrencia
2022-09-17,,Não informado,FINALIZADA,PINA,AV HERCULANO BANDEIRA,Não informado,APÓS A PASSARELA,PINA,Não informado,CHOQUE,Não informado,1.0,0.0,0.0,0.0,0.0,0.0,0.0,0.0,0.0,0.0,0.0,Não informado,Não informado,Não informado,Não informado,Não informado,Não informado,Não informado,Não informado,60.0,Não informado,Não informado,SEM VÍTIMA,2022,9,17,5,
2022-09-17,,Não informado,FINALIZADA,MUSTARDINHA,AV MANOEL GONCALVES DA LUZ,RUA JOSE MOREIRA REIS,EM FRENTE AO Nº 391,MUSTARDINHA,SUBURBIO,COLISÃO TRASEIRA,Não informado,1.0,0.0,0.0,0.0,0.0,0.0,0.0,1.0,0.0,0.0,0.0,Longo da via,Bom,Não existe,Perfeito estado,Seca,Perfeito estado,Não existe,Não há placas,30.0,Dupla,Faixa seccionada,SEM VÍTIMA,2022,9,17,5,
2022-09-18,,Não informado,FINALIZADA,IBURA,AV JORNALISTA COSTA PORTO,Não informado,EM FRENTE A COMPESA,IBURA,Não informado,COLISÃO FRONTAL,Não informado,0.0,2.0,0.0,0.0,0.0,0.0,0.0,0.0,0.0,2.0,0.0,Longo da via,Bom,Não existe,Não informado,Seca,Perfeito estado,Não existe,Não informado,60.0,Dupla,Não existe,COM VÍTIMA,2022,9,18,6,
2022-09-18,,Não informado,FINALIZADA,CORDEIRO,AV INACIO MONTEIRO,Não informado,Não informado,CORDEIRO,SUBURBIO,COLISÃO TRASEIRA,Não informado,2.0,0.0,0.0,0.0,0.0,0.0,0.0,0.0,0.0,0.0,0.0,Longo da via,Bom,Não existe,Perfeito estado,Seca,Perfeito estado,Não existe,Não há placas,60.0,Única,Faixa seccionada,SEM VÍTIMA,2022,9,18,6,
2022-09-18,,Não informado,CANCELADA,SANCHO,AV LIBERDADE,Não informado,EM FRENTE À PADARIA EMPÓRIO DOS PÃES,SANCHO,Não informado,COLISÃO FRONTAL,Não informado,1.0,1.0,0.0,0.0,0.0,0.0,0.0,0.0,0.0,1.0,0.0,Não informado,Não informado,Não informado,Não informado,Não informado,Não informado,Não informado,Não informado,60.0,Não informado,Não informado,COM VÍTIMA,2022,9,18,6,
2022-09-18,,Não informado,FINALIZADA,BOA VISTA,RUA DO HOSPICIO,RUA JOAO LIRA,Não informado,BOA VISTA,SUBURBIO,COLISÃO FRONTAL,Não informado,1.0,1.0,0.0,0.0,0.0,0.0,0.0,0.0,0.0,1.0,0.0,Cruzamento,Bom,Sem defeito,Perfeito estado,Seca,Perfeito estado,Faixa de pedestre,Não há placas,60.0,Única,Faixa contínua,COM VÍTIMA,2022,9,18,6,
2022-09-18,,Não informado,FINALIZADA,AFOGADOS,RUA SAO MIGUEL,RUA LUIZ PEREIRA DE FARIAS,EM FRENTE PARAISO DOS PETS,AFOGADOS,SUBURBIO,COLISÃO TRASEIRA,Não informado,1.0,1.0,0.0,0.0,0.0,0.0,0.0,0.0,0.0,2.0,0.0,Cruzamento,Bom,Não existe,Não existente,Seca,Perfeito estado,Não existe,Não há placas,60.0,Dupla,Faixa seccionada,COM VÍTIMA,2022,9,18,6,
2022-09-18,,Não informado,FINALIZADA,IPSEP,AV RECIFE,RUA JEAN EMILE FAVRE,PROXIMO AO SEMÁFORO 130 / SENTIDO BR,IPSEP,CIDADE,COLISÃO TRASEIRA,Não informado,1.0,1.0,0.0,0.0,0.0,0.0,0.0,0.0,0.0,1.0,0.0,Cruzamento,Bom,Sem defeito,Perfeito estado,Seca,Perfeito estado,Faixa de pedestre,Não há placas,60.0,Única,Faixa contínua,COM VÍTIMA,2022,9,18,6,
2022-09-18,,Não informado,FINALIZADA,AFOGADOS,RUA TRES DE AGOSTO,EST DOS REMEDIOS,Não informado,AFOGADOS,Não informado,COLISÃO LATERAL,Não informado,2.0,0.0,0.0,0.0,0.0,1.0,0.0,0.0,0.0,0.0,0.0,Não informado,Não informado,Não informado,Não informado,Não informado,Não informado,Não informado,Não informado,60.0,Não informado,Não informado,SEM VÍTIMA,2022,9,18,6,
2022-09-18,,Não informado,FINALIZADA,BOA VIAGEM,AV CONSELHEIRO AGUIAR,Não informado,EM FRENTE A GALERIA CIDADE SUL,BOA VIAGEM,SUBURBIO,Não informado,Não informado,1.0,1.0,0.0,0.0,0.0,0.0,0.0,0.0,0.0,0.0,0.0,Longo da via,Bom,Sem defeito,Perfeito estado,Seca,Perfeito estado,Faixa de pedestre,R-6a,60.0,Única,Faixa seccionada,SEM VÍTIMA,2022,9,18,6,
2022-09-18,,Não informado,FINALIZADA,BOA VIAGEM,RUA FELIX DE BRITO E MELO,RUA DOS NAVEGANTES,RUA DOS NAVEGANTES - PROX. A PADARIA DIPLOMATA,BOA VIAGEM,SUBURBIO,COLISÃO LATERAL,Não informado,2.0,0.0,0.0,0.0,0.0,0.0,0.0,0.0,0.0,1.0,0.0,Cruzamento,Bom,Não existe,Perfeito estado,Seca,Perfeito estado,Não existe,"Placas ""Pare""",30.0,Única,Faixa seccionada,COM VÍTIMA,2022,9,18,6,
2022-09-18,,Não informado,CANCELADA,BOMBA DO HEMETÉRIO,RUA CORREGO DO EUCLIDES,Não informado,PRÓXIMO AO ANTIGO PAGODE DO NEO,BOMBA DO HEMETÉRIO,Não informado,CHOQUE,Não informado,1.0,3.0,0.0,0.0,0.0,0.0,0.0,0.0,0.0,0.0,0.0,Não informado,Não informado,Não informado,Não informado,Não informado,Não informado,Não informado,Não informado,60.0,Não informado,Não informado,SEM VÍTIMA,2022,9,18,6,
2022-09-19,,Não informado,FINALIZADA,ARRUDA,AV BEBERIBE,RUA SAO BENTO,APÓS O ARMAZÉM CORAL,ARRUDA,CIDADE,COLISÃO FRONTAL,Não informado,0.0,0.0,0.0,1.0,0.0,1.0,0.0,0.0,0.0,2.0,0.0,Esquina,Bom,Sem defeito,Perfeito estado,Seca,Perfeito estado,Faixa de pedestre,R-6a,30.0,Dupla,Faixa contínua,COM VÍTIMA,2022,9,19,0,
2022-09-19,,Não informado,FINALIZADA,JIQUIÁ,RUA SAO MIGUEL,RUA GUARAMIRIM,PRÓX. AO POSTO PETROISA E AO MOTEL PREMIUM,JIQUIÁ,CIDADE,COLISÃO TRASEIRA,Não informado,2.0,1.0,0.0,0.0,0.0,0.0,0.0,0.0,0.0,1.0,0.0,Longo da via,Bom,Não existe,Incompleta,Seca,Perfeito estado,Não existe,R-6c,60.0,Dupla,Faixa contínua,COM VÍTIMA,2022,9,19,0,
2022-09-19,,Não informado,FINALIZADA,ESPINHEIRO,AV GOVERNADOR AGAMENON MAGALHAES,RUA BUENOS AYRES,Não informado,ESPINHEIRO,CIDADE,Não informado,Não informado,1.0,0.0,0.0,0.0,0.0,1.0,0.0,0.0,0.0,0.0,0.0,Cruzamento,Bom,Sem defeito,Perfeito estado,Seca,Perfeito estado,Faixa de pedestre,Não informado,60.0,Única,Canteiro central,SEM VÍTIMA,2022,9,19,0,
2022-09-19,,Não informado,FINALIZADA,SÃO JOSÉ,AV SUL,Não informado,AO LADO DO ANTIGO MERCADO DAS FLORES,SÃO JOSÉ,CIDADE,COLISÃO FRONTAL,Não informado,1.0,1.0,0.0,0.0,0.0,0.0,0.0,0.0,0.0,1.0,0.0,Longo da via,Bom,Não existe,Perfeito estado,Seca,Perfeito estado,Não existe,Não há placas,60.0,Única,Faixa contínua,COM VÍTIMA,2022,9,19,0,
2022-09-19,,Não informado,FINALIZADA,AFOGADOS,RUA COSME VIANA,RUA TRES DE AGOSTO,NO SEMAFORO 525,AFOGADOS,Não informado,ATROPELAMENTO DE PESSOA,Não informado,0.0,0.0,0.0,0.0,1.0,1.0,0.0,0.0,0.0,1.0,0.0,Não informado,Não informado,Não informado,Não informado,Não informado,Não informado,Não informado,Não informado,60.0,Não informado,Não informado,COM VÍTIMA,2022,9,19,0,
2022-09-19,,Não informado,FINALIZADA,AFOGADOS,RUA SAO MIGUEL,Não informado,EM FRENTE AO DEPATRI,AFOGADOS,Não informado,COLISÃO LATERAL,Não informado,0.0,1.0,0.0,0.0,0.0,0.0,0.0,1.0,0.0,1.0,0.0,Longo da via,Bom,Não existe,Ilegível,Seca,Perfeito estado,Não existe,Não há placas,60.0,Dupla,Faixa contínua,COM VÍTIMA,2022,9,19,0,
2022-09-19,,Não informado,FINALIZADA,SANTO AMARO,RUA TREZE DE MAIO,RUA PEDRO AFONSO,AO LADO DO SESC,SANTO AMARO,Não informado,COLISÃO LATERAL,Não informado,1.0,1.0,0.0,0.0,0.0,0.0,0.0,0.0,0.0,1.0,0.0,Cruzamento,Bom,Sem defeito,Perfeito estado,Seca,Perfeito estado,Faixa de pedestre,Não há placas,40.0,Dupla,Faixa,COM VÍTIMA,2022,9,19,0,
2022-09-19,,Não informado,FINALIZADA,AFOGADOS,RUA SAO MIGUEL,Não informado,EM FRENTE AO QUARTEL,AFOGADOS,SUBURBIO,COLISÃO LATERAL,Não informado,1.0,1.0,0.0,0.0,0.0,0.0,0.0,0.0,0.0,1.0,0.0,Longo da via,Bom,Sem defeito,Perfeito estado,Seca,Perfeito estado,Faixa de retenção,Não há placas,60.0,Dupla,Faixa contínua,COM VÍTIMA,2022,9,19,0,
2022-09-19,,Não informado,FINALIZADA,BOA VISTA,RUA BISPO CARDOSO AYRES,RUA DO RIACHUELO,Não informado,BOA VISTA,Não informado,COLISÃO LATERAL,Não informado,1.0,1.0,0.0,0.0,0.0,0.0,0.0,0.0,0.0,1.0,0.0,Cruzamento,Bom,Não existe,Perfeito estado,Não informado,Perfeito estado,Faixa de pedestre,R-6a,40.0,Única,Não existe,COM VÍTIMA,2022,9,19,0,
2022-09-20,,Não informado,FINALIZADA,IMBIRIBEIRA,AV PINHEIROS,RUA ARQUITETO LUIZ NUNES,NO SEMAFORO 537,IMBIRIBEIRA,Não informado,COLISÃO TRASEIRA,Não informado,1.0,1.0,0.0,0.0,0.0,0.0,0.0,0.0,0.0,2.0,0.0,Longo da via,Bom,Sem defeito,Perfeito estado,Seca,Perfeito estado,Faixa de pedestre,Outras,30.0,Dupla,Faixa contínua,COM VÍTIMA,2022,9,20,1,
2022-09-20,,Não informado,FINALIZADA,BOA VIAGEM,AV BOA VIAGEM,Não informado,APÓS O SEMÁFORO Nº 118,BOA VIAGEM,CIDADE,COLISÃO TRASEIRA,Não informado,2.0,0.0,0.0,0.0,0.0,0.0,0.0,1.0,0.0,0.0,0.0,Longo da via,Bom,Sem defeito,Perfeito estado,Seca,Perfeito estado,Faixa de pedestre,R-6a,60.0,Única,Faixa seccionada,SEM VÍTIMA,2022,9,20,1,
2022-09-20,,Não informado,FINALIZADA,CASA AMARELA,EST DO ARRAIAL,Não informado,COLÉGIO PROF MILO PEREIRA,CASA AMARELA,Não informado,COLISÃO LATERAL,Não informado,1.0,1.0,0.0,0.0,0.0,0.0,0.0,0.0,0.0,1.0,0.0,Longo da via,Bom,Não existe,Incompleta,Seca,Perfeito estado,Não existe,Outras,60.0,Única,Não existe,COM VÍTIMA,2022,9,20,1,
2022-09-20,,Não informado,FINALIZADA,JOANA BEZERRA,AV DES GUERRA BARRETO,Não informado,EM FRENTE AO FORUM JOANA BEZERRA,JOANA BEZERRA,CIDADE,COLISÃO LATERAL,Não informado,1.0,1.0,0.0,0.0,0.0,0.0,0.0,0.0,0.0,1.0,0.0,Longo da via,Bom,Sem defeito,Perfeito estado,Seca,Perfeito estado,Faixa de pedestre,Outras,60.0,Dupla,Faixa contínua,COM VÍTIMA,2022,9,20,1,
2022-09-20,,Não informado,FINALIZADA,DERBY,AV GOVERNADOR AGAMENON MAGALHAES,Não informado,EM FRENTE A CLINICA JOSE ROCHA DE SÁ,DERBY,Não informado,COLISÃO LATERAL,Não informado,1.0,1.0,0.0,0.0,0.0,0.0,0.0,0.0,0.0,1.0,0.0,Longo da via,Bom,Sem defeito,Perfeito estado,Seca,Perfeito estado,Não existe,Outras,60.0,Dupla,Canal,COM VÍTIMA,2022,9,20,1,
2022-09-20,,Não informado,FINALIZADA,BAIRRO DO RECIFE,CAIS DO APOLO,Não informado,SEMÁFORO 019,BAIRRO DO RECIFE,SUBURBIO,Não informado,Não informado,2.0,0.0,0.0,0.0,0.0,0.0,0.0,0.0,1.0,0.0,0.0,Longo da via,Bom,Sem defeito,Perfeito estado,Seca,Perfeito estado,Não existe,Outras,60.0,Dupla,Canteiro central,SEM VÍTIMA,2022,9,20,1,
2022-09-20,,Não informado,FINALIZADA,IMBIRIBEIRA,RUA ITACARI,Não informado,POR TRÁS DO BANCO ITAU DA IMBIRIBEIRA,IMBIRIBEIRA,Não informado,COLISÃO FRONTAL,Não informado,1.0,1.0,0.0,0.0,0.0,0.0,0.0,0.0,0.0,1.0,0.0,Cruzamento,Bom,Não existe,Perfeito estado,Seca,Perfeito estado,Faixa de pedestre,"Placas ""Pare""",40.0,Não informado,Faixa contínua,COM VÍTIMA,2022,9,20,1,
2022-09-20,,Não informado,FINALIZADA,MADALENA,AV BEIRA RIO,RUA JOSE OSORIO,SEMÁFORO 387,MADALENA,SUBURBIO,ATROPELAMENTO DE PESSOA,Não informado,1.0,0.0,0.0,0.0,1.0,0.0,0.0,0.0,0.0,1.0,0.0,Longo da via,Bom,Sem defeito,Perfeito estado,Seca,Perfeito estado,Faixa de pedestre,Outras,40.0,Dupla,Faixa contínua,COM VÍTIMA,2022,9,20,1,
2022-09-20,,Não informado,FINALIZADA,ESPINHEIRO,RUA BARAO DE ITAMARACA,Não informado,SUPERMERCADO SOBERANO,ESPINHEIRO,SUBURBIO,COLISÃO FRONTAL,Não informado,2.0,0.0,0.0,0.0,0.0,0.0,0.0,0.0,0.0,0.0,0.0,Longo da via,Bom,Não existe,Perfeito estado,Seca,Perfeito estado,Não existe,Outras,30.0,Dupla,Não existe,SEM VÍTIMA,2022,9,20,1,
2022-09-20,,Não informado,FINALIZADA,BOA VIAGEM,RUA CORONEL ANIZIO RODRIGUES COELHO,RUA DES JOAO PAES,Não informado,BOA VIAGEM,SUBURBIO,COLISÃO TRANSVERSAL,Não informado,2.0,0.0,0.0,0.0,0.0,0.0,0.0,0.0,0.0,0.0,0.0,Cruzamento,Bom,Sem defeito,Perfeito estado,Seca,Perfeito estado,Faixa de pedestre,"Placas ""Pare""",60.0,Única,Não existe,SEM VÍTIMA,2022,9,20,1,
2022-09-20,,Não informado,CANCELADA,IPSEP,AV RECIFE,Não informado,EM FRENTE  AO POSTO SHEL - SAIDA DO IBURA,IPSEP,Não informado,COLISÃO LATERAL,Não informado,0.0,2.0,0.0,0.0,0.0,0.0,0.0,0.0,0.0,1.0,0.0,Não informado,Não informado,Não informado,Não informado,Não informado,Não informado,Não informado,Não informado,60.0,Não informado,Não informado,COM VÍTIMA,2022,9,20,1,
2022-09-21,,Não informado,FINALIZADA,BAIRRO DO RECIFE,PTE GIRATORIA,Não informado,PRÓX. AO ARMAZÉM 14 / SENTIDO BOA VIAGEM,BAIRRO DO RECIFE,Não informado,COLISÃO TRASEIRA,Não informado,1.0,1.0,0.0,0.0,0.0,0.0,0.0,0.0,0.0,1.0,0.0,Longo da via,Bom,Não existe,Perfeito estado,Seca,Perfeito estado,Não existe,Não há placas,60.0,Dupla,Canteiro central,COM VÍTIMA,2022,9,21,2,
2022-09-21,,Não informado,FINALIZADA,AREIAS,AV DR JOSE RUFINO,Não informado,"VIADULTO DA AV. RECIFE, EM FRENTE AO CENTRO DE TREINAMENTO DA HONDA",AREIAS,Não informado,COLISÃO LATERAL,Não informado,1.0,1.0,0.0,0.0,0.0,0.0,0.0,0.0,0.0,1.0,0.0,Longo da via,Bom,Não existe,Perfeito estado,Seca,Perfeito estado,Não existe,Não há placas,50.0,Dupla,Faixa contínua,COM VÍTIMA,2022,9,21,2,
2022-09-21,,Não informado,FINALIZADA,JOANA BEZERRA,VDO PAPA JOAO PAULO II,Não informado,ANTES DO FORUM DE JOANA BEZERRA / NO VIADUTO,JOANA BEZERRA,Não informado,COLISÃO TRASEIRA,Não informado,1.0,1.0,0.0,0.0,0.0,0.0,0.0,0.0,0.0,1.0,0.0,Longo da via,Bom,Não existe,Perfeito estado,Seca,Perfeito estado,Não existe,Não há placas,60.0,Única,Não informado,COM VÍTIMA,2022,9,21,2,
2022-09-21,,Não informado,FINALIZADA,DOIS IRMÃOS,PRC FARIAS NEVES,Não informado,EM FRENTE A COMPESA,DOIS IRMÃOS,Não informado,Não informado,Não informado,1.0,1.0,0.0,0.0,0.0,0.0,0.0,0.0,0.0,0.0,0.0,Longo da via,Bom,Não existe,Incompleta,Seca,Mal conservada,Outros,Outras,60.0,Única,Não existe,SEM VÍTIMA,2022,9,21,2,
2022-09-21,,Não informado,CANCELADA,BOA VIAGEM,RUA MARIA CAROLINA,Não informado,EM FRENTE AO HOTEL BEACH CLASS,BOA VIAGEM,Não informado,COLISÃO FRONTAL,Não informado,0.0,2.0,0.0,0.0,0.0,0.0,0.0,0.0,0.0,1.0,0.0,Não informado,Não informado,Não informado,Não informado,Não informado,Não informado,Não informado,Não informado,60.0,Não informado,Não informado,COM VÍTIMA,2022,9,21,2,
2022-09-21,,Não informado,FINALIZADA,VÁRZEA,AV CAXANGA,Não informado,EM FRENTE AO GOLF CLUBE,VÁRZEA,SUBURBIO,COLISÃO TRASEIRA,Não informado,1.0,1.0,0.0,0.0,0.0,0.0,0.0,0.0,0.0,1.0,0.0,Longo da via,Bom,Sem defeito,Perfeito estado,Seca,Perfeito estado,Não existe,R-19,60.0,Dupla,Faixa seccionada,COM VÍTIMA,2022,9,21,2,
2022-09-21,,Não informado,CANCELADA,TORRE,RUA MARCOS ANDRE,Não informado,EM FRENTE AO CARREFOUR,TORRE,Não informado,COLISÃO TRASEIRA,Não informado,1.0,0.0,0.0,0.0,0.0,0.0,0.0,0.0,0.0,0.0,0.0,Não informado,Não informado,Não informado,Não informado,Não informado,Não informado,Não informado,Não informado,60.0,Não informado,Não informado,SEM VÍTIMA,2022,9,21,2,
2022-09-21,,Não informado,FINALIZADA,SÃO JOSÉ,AV MARTINS DE BARROS,Não informado,DENTRO DO CAIS DE SANTA RITA,SÃO JOSÉ,Não informado,ATROPELAMENTO DE PESSOA,Não informado,0.0,0.0,0.0,0.0,1.0,1.0,0.0,0.0,0.0,1.0,0.0,Longo da via,Bom,Não existe,Perfeito estado,Seca,Perfeito estado,Não existe,Não há placas,60.0,Única,Não existe,COM VÍTIMA,2022,9,21,2,
2022-09-21,,Não informado,FINALIZADA,IPSEP,AV RECIFE,Não informado,EM FRENTE HOSPTIAL PÃO DE AREIAS,IPSEP,SUBURBIO,COLISÃO LATERAL,Não informado,1.0,1.0,0.0,0.0,0.0,0.0,0.0,0.0,0.0,1.0,0.0,Longo da via,Bom,Não existe,Perfeito estado,Seca,Perfeito estado,Não existe,Não há placas,60.0,Dupla,Canteiro central,COM VÍTIMA,2022,9,21,2,
2022-09-21,,Não informado,FINALIZADA,IMBIRIBEIRA,RUA ENGENHEIRO JOSE BRANDAO CAVALCANTE,Não informado,LOJA DE PEÇAS ATOMAX,IMBIRIBEIRA,Não informado,COLISÃO LATERAL,Não informado,1.0,1.0,0.0,0.0,0.0,0.0,0.0,0.0,0.0,1.0,0.0,Não informado,Não informado,Não informado,Não informado,Não informado,Não informado,Não informado,Não informado,60.0,Não informado,Não informado,COM VÍTIMA,2022,9,21,2,
2022-09-21,,Não informado,FINALIZADA,TORRE,RUA PADRE LANDIM,RUA DOM MANOEL DA COSTA,Não informado,TORRE,Não informado,COLISÃO LATERAL,Não informado,0.0,2.0,0.0,0.0,0.0,0.0,0.0,0.0,0.0,3.0,0.0,Cruzamento,Bom,Sem defeito,Perfeito estado,Seca,Perfeito estado,Outros,"Placas ""Pare""",60.0,Única,Outros,COM VÍTIMA,2022,9,21,2,
2022-09-22,,Não informado,CANCELADA,TAMARINEIRA,AV PROFESSOR JOSE DOS ANJOS,Não informado,PRÓX. AO SESC,TAMARINEIRA,Não informado,QUEDA,Não informado,0.0,1.0,0.0,0.0,0.0,0.0,0.0,0.0,0.0,1.0,0.0,Não informado,Não informado,Não informado,Não informado,Não informado,Não informado,Não informado,Não informado,60.0,Não informado,Não informado,COM VÍTIMA,2022,9,22,3,
2022-09-22,,Não informado,FINALIZADA,ÁGUA FRIA,AV BEBERIBE,Não informado,EM FRENTE À FEIRA NOVA DE ÁGUA FRIA,ÁGUA FRIA,SUBURBIO,COLISÃO LATERAL,Não informado,1.0,1.0,0.0,0.0,0.0,0.0,0.0,0.0,0.0,1.0,0.0,Cruzamento,Bom,Sem defeito,Perfeito estado,Seca,Perfeito estado,Faixa de retenção,Não há placas,60.0,Única,Faixa contínua,COM VÍTIMA,2022,9,22,3,
2022-09-22,,Não informado,FINALIZADA,IMBIRIBEIRA,AV PRESIDENTE DUTRA,Não informado,APÓS O RESTAURANTE SAL E BRASA,IMBIRIBEIRA,Não informado,COLISÃO COM CICLISTA,Não informado,0.0,1.0,0.0,1.0,0.0,0.0,0.0,0.0,0.0,1.0,0.0,Longo da via,Bom,Não existe,Perfeito estado,Seca,Perfeito estado,Não existe,Outras,60.0,Dupla,Canteiro central,COM VÍTIMA,2022,9,22,3,
2022-09-22,,Não informado,FINALIZADA,IMBIRIBEIRA,AV MARECHAL MASCARENHAS DE MORAES,Não informado,APÓS A BATERIA MOURA,IMBIRIBEIRA,SUBURBIO,COLISÃO TRASEIRA,Não informado,1.0,1.0,0.0,0.0,0.0,0.0,0.0,0.0,0.0,0.0,0.0,Longo da via,Bom,Sem defeito,Perfeito estado,Seca,Perfeito estado,Não existe,R-4b,60.0,Única,Faixa contínua,SEM VÍTIMA,2022,9,22,3,
2022-09-22,,Não informado,FINALIZADA,CAXANGÁ,AV CAXANGA,Não informado,PROX AO GOOF CLUBE,CAXANGÁ,CIDADE,COLISÃO LATERAL,Não informado,0.0,2.0,0.0,0.0,0.0,0.0,0.0,0.0,0.0,3.0,0.0,Longo da via,Bom,Não existe,Perfeito estado,Molhada,Perfeito estado,Não existe,Não há placas,60.0,Única,Faixa seccionada,COM VÍTIMA,2022,9,22,3,
2022-09-22,,Não informado,FINALIZADA,IMBIRIBEIRA,RUA ITACARI,Não informado,EM FRENTE A WJ GÁS NATURAL,IMBIRIBEIRA,Não informado,COLISÃO LATERAL,Não informado,2.0,1.0,0.0,0.0,0.0,0.0,0.0,0.0,0.0,1.0,0.0,Cruzamento,Bom,Não existe,Ilegível,Seca,Mal iluminada,Não existe,"Placas ""Pare""",40.0,Única,Faixa seccionada,COM VÍTIMA,2022,9,22,3,
2022-09-23,,Não informado,FINALIZADA,TORRE,AV BEIRA RIO,Não informado,EM FRENTE AO MARTELINHO DE OURO,TORRE,Não informado,COLISÃO LATERAL,Não informado,1.0,1.0,0.0,0.0,0.0,0.0,0.0,0.0,0.0,1.0,0.0,Longo da via,Bom,Não existe,Perfeito estado,Seca,Perfeito estado,Não existe,Não há placas,40.0,Dupla,Faixa contínua,COM VÍTIMA,2022,9,23,4,
2022-09-23,,Não informado,FINALIZADA,ILHA JOANA BEZERRA,VIADUTO CAPITAO TEMUDO,Não informado,EM CIMA DO VIADUTO / SENTIDO BOA VIAGEM,ILHA JOANA BEZERRA,Não informado,CHOQUE,Não informado,1.0,0.0,0.0,0.0,0.0,0.0,0.0,0.0,0.0,1.0,0.0,Viaduto,Bom,Não existe,Perfeito estado,Seca,Perfeito estado,Não existe,Não há placas,60.0,Dupla,Outros,COM VÍTIMA,2022,9,23,4,
2022-09-23,,Não informado,FINALIZADA,BEBERIBE,AV BEBERIBE,Não informado,BAR BATE PAPO / CANAL DA CONSTRUÇÃO,BEBERIBE,Não informado,COLISÃO LATERAL,Não informado,1.0,1.0,0.0,0.0,0.0,0.0,0.0,0.0,0.0,3.0,0.0,Cruzamento,Bom,Sem defeito,Perfeito estado,Seca,Mal conservada,Faixa de pedestre,Outras,60.0,Dupla,Não existe,COM VÍTIMA,2022,9,23,4,
2022-09-23,,Não informado,FINALIZADA,SAN MARTIN,AV GENERAL SAN MARTIN,Não informado,EM FRENTE AO RESTAURANTE XODÓ NORDESTINO,SAN MARTIN,Não informado,COLISÃO TRASEIRA,Não informado,1.0,1.0,0.0,0.0,0.0,0.0,0.0,0.0,0.0,1.0,0.0,Longo da via,Bom,Não existe,Perfeito estado,Seca,Perfeito estado,Não existe,Não há placas,30.0,Dupla,Não existe,COM VÍTIMA,2022,9,23,4,
2022-09-23,,Não informado,FINALIZADA,BOA VIAGEM,AV ENGENHEIRO DOMINGOS FERREIRA,Não informado,AO LADO DO BANCO DO NORDESTE,BOA VIAGEM,Não informado,COLISÃO LATERAL,Não informado,1.0,1.0,0.0,0.0,0.0,0.0,0.0,0.0,0.0,1.0,0.0,Longo da via,Bom,Sem defeito,Perfeito estado,Seca,Perfeito estado,Não existe,Não há placas,60.0,Única,Faixa seccionada,COM VÍTIMA,2022,9,23,4,
2022-09-23,,Não informado,FINALIZADA,BOA VIAGEM,AV ENGENHEIRO DOMINGOS FERREIRA,RUA PADRE CARAPUCEIRO,EM FRENTE FRISABOR,BOA VIAGEM,SUBURBIO,ATROPELAMENTO DE PESSOA,Não informado,0.0,0.0,0.0,0.0,1.0,1.0,0.0,0.0,0.0,1.0,0.0,Longo da via,Bom,Sem defeito,Perfeito estado,Seca,Perfeito estado,Faixa de pedestre,Não há placas,60.0,Única,Não existe,COM VÍTIMA,2022,9,23,4,
2022-09-23,,Não informado,FINALIZADA,JARDIM SÃO PAULO,RUA LORENA,Não informado,PROX ACADEMIA WM,JARDIM SÃO PAULO,Não informado,COLISÃO FRONTAL,Não informado,1.0,1.0,0.0,0.0,0.0,0.0,0.0,0.0,0.0,1.0,0.0,Cruzamento,Bom,Não existe,Incompleta,Seca,Perfeito estado,Não existe,"Placas ""Pare""",60.0,Não informado,Não informado,COM VÍTIMA,2022,9,23,4,
2022-09-23,,Não informado,FINALIZADA,DERBY,AV GOVERNADOR AGAMENON MAGALHAES,RUA HENRIQUE DIAS,Não informado,DERBY,Não informado,COLISÃO LATERAL,Não informado,0.0,2.0,0.0,0.0,0.0,0.0,0.0,0.0,0.0,2.0,0.0,Cruzamento,Bom,Sem defeito,Perfeito estado,Seca,Perfeito estado,Faixa de pedestre,Não há placas,60.0,Única,Canal,COM VÍTIMA,2022,9,23,4,
2022-09-23,,Não informado,CANCELADA,AREIAS,AV RECIFE,Não informado,EM FRENTE AO RESTAURANTE PAJUÇARA,AREIAS,SUBURBIO,COLISÃO COM CICLISTA,Não informado,0.0,1.0,0.0,1.0,0.0,0.0,0.0,0.0,0.0,3.0,0.0,Não informado,Não informado,Não informado,Não informado,Não informado,Não informado,Não informado,Não informado,60.0,Não informado,Não informado,COM VÍTIMA,2022,9,23,4,