data,hora,natureza_acidente,situacao,bairro,endereco,detalhe_endereco_acidente,complemento,bairro_cruzamento,sentido_via,tipo,descricao,auto,moto,ciclom,ciclista,pedestre,onibus,caminhao,viatura,outros,vitimas,vitimasfatais,acidente_verificado,tempo_clima,situacao_semaforo,sinalizacao,condicao_via,conservacao_via,ponto_controle,situacao_placa,velocidade_max_via,mao_direcao,divisao_via1,natureza,ano,mes,dia,dia_semana,hora_ocorrencia
2022-09-23,,Não informado,CANCELADA,BOMBA DO HEMETÉRIO,RUA CHA DE ALEGRIA,Não informado,Não informado,BOMBA DO HEMETÉRIO,Não informado,COLISÃO FRONTAL,Não informado,0.0,0.0,0.0,0.0,0.0,0.0,0.0,0.0,0.0,1.0,0.0,Não informado,Não informado,Não informado,Não informado,Não informado,Não informado,Não informado,Não informado,60.0,Não informado,Não informado,COM VÍTIMA,2022,9,23,4,
2022-09-24,,Não informado,FINALIZADA,PORTO DA MADEIRA,AV BEBERIBE,Não informado,RESIDENCIAL JOÃO PAULO II,PORTO DA MADEIRA,Não informado,COLISÃO LATERAL,Não informado,0.0,2.0,0.0,0.0,0.0,0.0,0.0,0.0,0.0,2.0,0.0,Longo da via,Bom,Não informado,Perfeito estado,Seca,Perfeito estado,Outros,Outras,60.0,Dupla,Faixa seccionada,COM VÍTIMA,2022,9,24,5,
2022-09-24,,Não informado,FINALIZADA,PAISSANDU,AV GOVERNADOR AGAMENON MAGALHAES,Não informado,"EM FRENTE AO HOSPITAL PORTUGUES, SENTIDO BOA VIAGEM - DERBY",PAISSANDU,Não informado,ATROPELAMENTO DE PESSOA,Não informado,0.0,0.0,0.0,0.0,1.0,0.0,1.0,0.0,0.0,1.0,0.0,Longo da via,Bom,Sem defeito,Perfeito estado,Seca,Perfeito estado,Faixa de pedestre,R-6a,60.0,Dupla,Canteiro central,COM VÍTIMA,2022,9,24,5,
2022-09-24,,Não informado,FINALIZADA,TORRE,RUA REAL DA TORRE,Não informado,EM FRENTE A LOJA DO CONDOMÍNIO,TORRE,Não informado,COLISÃO LATERAL,Não informado,1.0,1.0,0.0,0.0,0.0,0.0,0.0,0.0,0.0,1.0,0.0,Longo da via,Bom,Não existe,Perfeito estado,Seca,Perfeito estado,Não existe,Outras,60.0,Única,Faixa seccionada,COM VÍTIMA,2022,9,24,5,
2022-09-24,,Não informado,FINALIZADA,TORRE,AV VISCONDE DE ALBUQUERQUE,Não informado,EM FRENTE A PADARIA MASSA NOBRE,TORRE,Não informado,COLISÃO TRASEIRA,Não informado,0.0,0.0,0.0,0.0,0.0,0.0,0.0,0.0,0.0,0.0,0.0,Não informado,Não informado,Não informado,Não informado,Não informado,Não informado,Não informado,Não informado,60.0,Não informado,Não informado,SEM VÍTIMA,2022,9,24,5,
2022-09-24,,Não informado,CANCELADA,ROSARINHO,AV SANTOS DUMONT,Não informado,EM FRENTE A CAFETERIA CAFETÃO,ROSARINHO,Não informado,COLISÃO TRASEIRA,Não informado,1.0,1.0,0.0,0.0,0.0,0.0,0.0,0.0,0.0,1.0,0.0,Não informado,Não informado,Não informado,Não informado,Não informado,Não informado,Não informado,Não informado,60.0,Não informado,Não informado,COM VÍTIMA,2022,9,24,5,
2022-09-24,,Não informado,FINALIZADA,JARDIM SÃO PAULO,AV RECIFE,RUA MARQUES DE ITANHAEM,Não informado,JARDIM SÃO PAULO,Não informado,COLISÃO TRASEIRA,Não informado,1.0,0.0,0.0,0.0,0.0,0.0,0.0,1.0,0.0,0.0,0.0,Não informado,Não informado,Não informado,Não informado,Não informado,Não informado,Não informado,Não informado,60.0,Não informado,Não informado,SEM VÍTIMA,2022,9,24,5,
2022-09-24,,Não informado,FINALIZADA,IPSEP,AV RECIFE,Não informado,PROXIMO A DELEGACIA,IPSEP,Não informado,CHOQUE,Não informado,0.0,0.0,0.0,0.0,0.0,0.0,0.0,0.0,0.0,2.0,0.0,Longo da via,Bom,Não existe,Perfeito estado,Seca,Perfeito estado,Não existe,Não há placas,60.0,Dupla,Faixa contínua,COM VÍTIMA,2022,9,24,5,
2022-09-25,,Não informado,FINALIZADA,BAIRRO DO RECIFE,AV ALFREDO LISBOA,Não informado,POSTO POLICIAL CIATUR,BAIRRO DO RECIFE,Não informado,ATROPELAMENTO DE PESSOA,Não informado,1.0,0.0,0.0,0.0,1.0,0.0,0.0,0.0,0.0,1.0,0.0,Longo da via,Bom,Não existe,Perfeito estado,Seca,Perfeito estado,Não informado,R-6a,30.0,Única,Não informado,COM VÍTIMA,2022,9,25,6,
2022-09-26,,Não informado,FINALIZADA,MADALENA,AV VISCONDE DE ALBUQUERQUE,RUA LOPES DE CARVALHO,"APÓS O BOMPREÇO, EM FRENTE AO MADALENA CENTER",MADALENA,CIDADE,COLISÃO LATERAL,Não informado,1.0,1.0,0.0,0.0,0.0,0.0,0.0,0.0,0.0,1.0,0.0,Cruzamento,Bom,Não existe,Perfeito estado,Seca,Perfeito estado,Outros,Outras,60.0,Única,Faixa seccionada,COM VÍTIMA,2022,9,26,0,
2022-09-26,,Não informado,FINALIZADA,ESTÂNCIA,RUA JOAO TEIXEIRA,Não informado,EM FRENTE AO COLEGIO VISÃO,ESTÂNCIA,Não informado,COLISÃO LATERAL,Não informado,1.0,0.0,0.0,0.0,0.0,1.0,0.0,0.0,0.0,1.0,0.0,Não informado,Não informado,Não informado,Não informado,Não informado,Não informado,Não informado,Não informado,60.0,Não informado,Não informado,COM VÍTIMA,2022,9,26,0,
2022-09-26,,Não informado,FINALIZADA,BOA VISTA,RUA DR LEOPOLDO LINS,AV GOVERNADOR AGAMENON MAGALHAES,PRÓX. À CAIXA,BOA VISTA,Não informado,COLISÃO TRASEIRA,Não informado,1.0,1.0,0.0,0.0,0.0,0.0,0.0,0.0,0.0,1.0,0.0,Cruzamento,Bom,Sem defeito,Perfeito estado,Seca,Perfeito estado,Faixa de pedestre,Não há placas,60.0,Única,Faixa seccionada,COM VÍTIMA,2022,9,26,0,
2022-09-26,,Não informado,FINALIZADA,IMBIRIBEIRA,AV MARECHAL MASCARENHAS DE MORAES,Não informado,LADO OPOSTO A IGREJA BATISTA LARGO DA PAZ,IMBIRIBEIRA,CIDADE,COLISÃO TRANSVERSAL,Não informado,1.0,0.0,0.0,0.0,0.0,0.0,1.0,0.0,0.0,0.0,0.0,Longo da via,Bom,Não existe,Perfeito estado,Seca,Perfeito estado,Não existe,Não há placas,60.0,Única,Canteiro central,SEM VÍTIMA,2022,9,26,0,
2022-09-26,,Não informado,FINALIZADA,BOA VISTA,RUA DR LEOPOLDO LINS,AV GOVERNADOR AGAMENON MAGALHAES,PRÓX. À CAIXA,BOA VISTA,Não informado,QUEDA,Não informado,0.0,1.0,0.0,0.0,0.0,0.0,0.0,0.0,0.0,1.0,0.0,Cruzamento,Bom,Sem defeito,Perfeito estado,Seca,Perfeito estado,Não existe,Não há placas,60.0,Única,Faixa seccionada,COM VÍTIMA,2022,9,26,0,
2022-09-26,,Não informado,FINALIZADA,BOA VIAGEM,AV ENGENHEIRO DOMINGOS FERREIRA,RUA PADRE CARAPUCEIRO,RUA PADRE CARAPUCEIRO,BOA VIAGEM,Não informado,COLISÃO LATERAL,Não informado,1.0,1.0,0.0,0.0,0.0,0.0,0.0,0.0,0.0,1.0,0.0,Cruzamento,Bom,Sem defeito,Perfeito estado,Seca,Perfeito estado,Faixa de pedestre,Outras,60.0,Única,Canteiro central,COM VÍTIMA,2022,9,26,0,
2022-09-26,,Não informado,FINALIZADA,SANTO AMARO,AV CRUZ CABUGA,Não informado,APÓS O ARMAZEM CORAL,SANTO AMARO,CIDADE,COLISÃO LATERAL,Não informado,1.0,1.0,0.0,0.0,0.0,0.0,0.0,0.0,0.0,1.0,0.0,Longo da via,Bom,Sem defeito,Perfeito estado,Seca,Perfeito estado,Não existe,Não há placas,60.0,Dupla,Faixa contínua,COM VÍTIMA,2022,9,26,0,
2022-09-26,,Não informado,FINALIZADA,SANTO AMARO,AV CRUZ CABUGA,AV PREFEITO ARTUR LIMA CAVALCANTI,EM FRENTE A APAC,SANTO AMARO,Não informado,COLISÃO LATERAL,Não informado,2.0,0.0,0.0,0.0,0.0,0.0,0.0,0.0,0.0,1.0,0.0,Cruzamento,Bom,Sem defeito,Perfeito estado,Seca,Perfeito estado,Faixa de pedestre,R-6a,60.0,Dupla,Faixa contínua,COM VÍTIMA,2022,9,26,0,
2022-09-26,,Não informado,FINALIZADA,SANCHO,AV LIBERDADE,Não informado,EM FRENTE AO PRESIDIO ANIBAL BRUNO E A EMBRANET,SANCHO,Não informado,COLISÃO FRONTAL,Não informado,1.0,1.0,0.0,0.0,0.0,0.0,0.0,0.0,0.0,1.0,0.0,Longo da via,Bom,Não existe,Ilegível,Seca,Perfeito estado,Não existe,R-6c,60.0,Dupla,Não existe,COM VÍTIMA,2022,9,26,0,
2022-09-26,,Não informado,FINALIZADA,DERBY,PRC DO DERBY,Não informado,E/F A ESTAÇAO DO BRT  S/T SUB,DERBY,Não informado,QUEDA,Não informado,0.0,1.0,0.0,0.0,0.0,0.0,0.0,0.0,0.0,2.0,0.0,Longo da via,Bom,Sem defeito,Perfeito estado,Seca,Perfeito estado,Faixa de pedestre,Outras,60.0,Dupla,Canteiro central,COM VÍTIMA,2022,9,26,0,
2022-09-26,,Não informado,FINALIZADA,IMBIRIBEIRA,AV MARECHAL MASCARENHAS DE MORAES,Não informado,EM FRENTE A UPA DA IMBIRIBEIRA,IMBIRIBEIRA,Não informado,ATROPELAMENTO DE PESSOA,Não informado,0.0,1.0,0.0,0.0,1.0,0.0,0.0,0.0,0.0,1.0,0.0,Longo da via,Bom,Não existe,Perfeito estado,Seca,Perfeito estado,Não existe,Não há placas,60.0,Única,Faixa seccionada,COM VÍTIMA,2022,9,26,0,
2022-09-26,,Não informado,CANCELADA,CAMPO GRANDE,RUA PROFESSOR FRANCISCO DA TRINDADE,RUA SAO CAETANO,POR TRAS DO CLUBE DAS PAZ,CAMPO GRANDE,Não informado,COLISÃO FRONTAL,Não informado,1.0,1.0,0.0,0.0,0.0,0.0,0.0,0.0,0.0,2.0,0.0,Não informado,Não informado,Não informado,Não informado,Não informado,Não informado,Não informado,Não informado,60.0,Não informado,Não informado,COM VÍTIMA,2022,9,26,0,
2022-09-26,,Não informado,CANCELADA,TORRE,RUA JOSE BONIFACIO,RUA MARCOS ANDRE,PROX AO SUPERMERCADO CARREFUOR,TORRE,Não informado,COLISÃO TRASEIRA,Não informado,1.0,1.0,0.0,0.0,0.0,0.0,0.0,0.0,0.0,1.0,0.0,Não informado,Não informado,Não informado,Não informado,Não informado,Não informado,Não informado,Não informado,60.0,Não informado,Não informado,COM VÍTIMA,2022,9,26,0,
2022-09-26,,Não informado,CANCELADA,ILHA DO RETIRO,RUA PROFESSOR BENEDITO MONTEIRO,Não informado,EM FRENTE ACADEMIA CEUFIT / PROX A LE BISCUIT DO BENFICA,ILHA DO RETIRO,Não informado,COLISÃO LATERAL,Não informado,1.0,1.0,0.0,0.0,0.0,0.0,0.0,0.0,0.0,1.0,0.0,Não informado,Não informado,Não informado,Não informado,Não informado,Não informado,Não informado,Não informado,60.0,Não informado,Não informado,COM VÍTIMA,2022,9,26,0,
2022-09-27,,Não informado,FINALIZADA,BOMBA DO HEMETÉRIO,RUA BOMBA DO HEMETERIO,Não informado,Não informado,BOMBA DO HEMETÉRIO,SUBURBIO,COLISÃO FRONTAL,Não informado,1.0,1.0,0.0,0.0,0.0,0.0,0.0,0.0,0.0,2.0,0.0,Longo da via,Bom,Não existe,Perfeito estado,Seca,Perfeito estado,Não existe,R-6a,60.0,Dupla,Não existe,COM VÍTIMA,2022,9,27,1,
2022-09-27,,Não informado,FINALIZADA,CAXANGÁ,AV CAXANGA,Não informado,EM FRENTE A DISNOVE CONCESSIONÁRIA,CAXANGÁ,Não informado,COLISÃO TRASEIRA,Não informado,1.0,1.0,0.0,0.0,0.0,0.0,0.0,0.0,0.0,1.0,0.0,Longo da via,Bom,Não existe,Perfeito estado,Seca,Perfeito estado,Não existe,Não há placas,60.0,Dupla,Canteiro central,COM VÍTIMA,2022,9,27,1,
2022-09-27,,Não informado,FINALIZADA,CORDEIRO,AV GENERAL SAN MARTIN,RUA SANTOS MOREIRA,EM FRENTE A MUG SORVETES,CORDEIRO,Não informado,COLISÃO LATERAL,Não informado,1.0,1.0,0.0,0.0,0.0,0.0,0.0,0.0,0.0,1.0,0.0,Longo da via,Bom,Não existe,Ilegível,Seca,Perfeito estado,Não existe,Não há placas,60.0,Dupla,Não informado,COM VÍTIMA,2022,9,27,1,
2022-09-27,,Não informado,FINALIZADA,VÁRZEA,AV PROFESSOR ARTUR DE SA,RUA PROFESSOR ANTONIO COELHO,EM FRENTE AO HOSPITAL DAS CLÍNICAS,VÁRZEA,Não informado,COLISÃO LATERAL,Não informado,1.0,1.0,0.0,0.0,0.0,0.0,0.0,0.0,0.0,1.0,0.0,Longo da via,Bom,Não existe,Perfeito estado,Seca,Perfeito estado,Outros,R-6a,60.0,Dupla,Faixa contínua,COM VÍTIMA,2022,9,27,1,
2022-09-27,,Não informado,FINALIZADA,CAXANGÁ,AV MAURICIO DE NASSAU,Não informado,EM FRENTE A FUNDANÇÃO ALTINO VENTURA,CAXANGÁ,Não informado,COLISÃO TRANSVERSAL,Não informado,1.0,1.0,0.0,0.0,0.0,0.0,0.0,0.0,0.0,1.0,0.0,Longo da via,Bom,Sem defeito,Perfeito estado,Seca,Perfeito estado,Outros,Não há placas,60.0,Dupla,Faixa contínua,COM VÍTIMA,2022,9,27,1,
2022-09-27,,Não informado,FINALIZADA,MADALENA,AV VISCONDE DE ALBUQUERQUE,RUA JANUARIO BARBOSA,EM FRENTE A CLINICA INTERPERIO E PROXIMO A PRAÇA EÇA DE QUEIROZ,MADALENA,Não informado,COLISÃO FRONTAL,Não informado,1.0,1.0,0.0,0.0,0.0,0.0,0.0,0.0,0.0,1.0,0.0,Cruzamento,Bom,Não existe,Incompleta,Seca,Perfeito estado,Faixa de pedestre,"Placas ""Pare""",60.0,Única,Faixa contínua,COM VÍTIMA,2022,9,27,1,
2022-09-27,,Não informado,CANCELADA,DOIS UNIDOS,RUA VILA FLOR,Não informado,PROXIMO A ASSEMBLEIA DE DEUS,DOIS UNIDOS,SUBURBIO,COLISÃO FRONTAL,Não informado,1.0,1.0,0.0,0.0,0.0,0.0,0.0,0.0,0.0,0.0,0.0,Não informado,Não informado,Não informado,Não informado,Não informado,Não informado,Não informado,Não informado,60.0,Não informado,Não informado,SEM VÍTIMA,2022,9,27,1,
2022-09-27,,Não informado,FINALIZADA,BEBERIBE,AV ANIBAL BENEVOLO,Não informado,TERMINAL DE ÔNIBUS,BEBERIBE,Não informado,COLISÃO LATERAL,Não informado,1.0,1.0,0.0,0.0,0.0,0.0,0.0,0.0,0.0,1.0,0.0,Não informado,Não informado,Não informado,Não informado,Não informado,Não informado,Não informado,Não informado,60.0,Não informado,Não informado,COM VÍTIMA,2022,9,27,1,
2022-09-27,,Não informado,CANCELADA,CABANGA,RUA GENERAL ESTILAC LEAL,Não informado,QUARTEL EXERCITO,CABANGA,Não informado,COLISÃO TRASEIRA,Não informado,1.0,0.0,0.0,0.0,0.0,0.0,0.0,0.0,0.0,1.0,0.0,Não informado,Não informado,Não informado,Não informado,Não informado,Não informado,Não informado,Não informado,60.0,Não informado,Não informado,COM VÍTIMA,2022,9,27,1,
2022-09-28,,Não informado,FINALIZADA,ESPINHEIRO,RUA CONS PORTELA,Não informado,"EM FRENTE A LIVRARIA AQUARELA, PROX. A AUDISONIC APARELHOS",ESPINHEIRO,Não informado,COLISÃO LATERAL,Não informado,1.0,1.0,0.0,0.0,0.0,0.0,0.0,0.0,0.0,1.0,0.0,Longo da via,Bom,Não existe,Perfeito estado,Seca,Perfeito estado,Não existe,Outras,30.0,Única,Não existe,COM VÍTIMA,2022,9,28,2,
2022-09-28,,Não informado,FINALIZADA,IBURA,AV RECIFE,Não informado,UPA E DA AV RECIFE,IBURA,Não informado,ATROPELAMENTO DE PESSOA,Não informado,0.0,1.0,0.0,0.0,1.0,0.0,0.0,0.0,0.0,2.0,0.0,Longo da via,Bom,Sem defeito,Perfeito estado,Seca,Perfeito estado,Faixa de pedestre,Não há placas,60.0,Dupla,Não existe,COM VÍTIMA,2022,9,28,2,
2022-09-28,,Não informado,FINALIZADA,AFLITOS,AV SANTOS DUMONT,Não informado,EM FRENTE AO Nº 444,AFLITOS,SUBURBIO,CHOQUE,Não informado,2.0,0.0,0.0,0.0,0.0,0.0,0.0,0.0,0.0,0.0,0.0,Longo da via,Bom,Não existe,Perfeito estado,Seca,Perfeito estado,Não existe,R-6a,30.0,Única,Não informado,SEM VÍTIMA,2022,9,28,2,
2022-09-28,,Não informado,FINALIZADA,IMBIRIBEIRA,AV MARECHAL MASCARENHAS DE MORAES,Não informado,EM FRENTE A FPS NO SENTIDO PRAZERES,IMBIRIBEIRA,Não informado,COLISÃO TRASEIRA,Não informado,0.0,2.0,0.0,0.0,0.0,0.0,0.0,0.0,0.0,1.0,0.0,Longo da via,Bom,Não existe,Perfeito estado,Seca,Perfeito estado,Não existe,R-6a,60.0,Dupla,Canteiro central,COM VÍTIMA,2022,9,28,2,
2022-09-28,,Não informado,FINALIZADA,GRAÇAS,RUA DAS PERNAMBUCANAS,RUA MONSENHOR AMBROZINO LEITE,PROXIMO AO HOSPITAL JAIME DA FONTE,GRAÇAS,SUBURBIO,COLISÃO TRANSVERSAL,Não informado,1.0,1.0,0.0,0.0,0.0,0.0,0.0,0.0,0.0,1.0,0.0,Cruzamento,Bom,Intermitente,Perfeito estado,Seca,Perfeito estado,Faixa de pedestre,R-6a,60.0,Dupla,Faixa seccionada,COM VÍTIMA,2022,9,28,2,
2022-09-29,,Não informado,CANCELADA,TEJIPIÓ,RUA LEANDRO BARRETO,Não informado,EM FRENTE A GALERIA VERDE,TEJIPIÓ,Não informado,QUEDA,Não informado,0.0,1.0,0.0,0.0,0.0,0.0,0.0,0.0,0.0,1.0,0.0,Não informado,Não informado,Não informado,Não informado,Não informado,Não informado,Não informado,Não informado,60.0,Não informado,Não informado,COM VÍTIMA,2022,9,29,3,
2022-09-29,,Não informado,DUPLICIDADE,Não informado,RUA SAO MIGUEL,Não informado,Não informado,Não informado,Não informado,COLISÃO FRONTAL,Não informado,1.0,1.0,0.0,0.0,0.0,0.0,0.0,0.0,0.0,1.0,0.0,Não informado,Não informado,Não informado,Não informado,Não informado,Não informado,Não informado,Não informado,60.0,Não informado,Não informado,COM VÍTIMA,2022,9,29,3,
2022-09-29,,Não informado,FINALIZADA,DERBY,RUA HENRIQUE DIAS,AV GOVERNADOR AGAMENON MAGALHAES,Não informado,DERBY,Não informado,COLISÃO TRASEIRA,Não informado,1.0,1.0,0.0,0.0,0.0,0.0,0.0,0.0,0.0,1.0,0.0,Longo da via,Bom,Sem defeito,Perfeito estado,Seca,Perfeito estado,Outros,Outras,60.0,Dupla,Faixa seccionada,COM VÍTIMA,2022,9,29,3,
2022-09-29,,Não informado,FINALIZADA,AFOGADOS,RUA SAO MIGUEL,Não informado,CENTER QUADROS METÁLICOS,AFOGADOS,Não informado,COLISÃO LATERAL,Não informado,1.0,2.0,0.0,0.0,0.0,0.0,0.0,0.0,0.0,1.0,0.0,Longo da via,Bom,Não existe,Perfeito estado,Seca,Perfeito estado,Não existe,Não há placas,60.0,Dupla,Faixa contínua,COM VÍTIMA,2022,9,29,3,
2022-09-29,,Não informado,FINALIZADA,CIDADE UNIVERSITÁRIA,AV PROFESSOR LUIZ FREIRE,Não informado,EM FRENTE AO IFPE,CIDADE UNIVERSITÁRIA,Não informado,COLISÃO TRASEIRA,Não informado,0.0,2.0,0.0,0.0,0.0,0.0,0.0,0.0,0.0,2.0,0.0,Longo da via,Bom,Não existe,Perfeito estado,Seca,Perfeito estado,Não existe,Não há placas,40.0,Dupla,Faixa seccionada,COM VÍTIMA,2022,9,29,3,
2022-09-29,,Não informado,FINALIZADA,BARRO,AV DR JOSE RUFINO,Não informado,EM FRENTE AO 4º BCOM,BARRO,Não informado,COLISÃO LATERAL,Não informado,1.0,1.0,0.0,0.0,0.0,0.0,0.0,0.0,0.0,1.0,0.0,Não informado,Não informado,Não informado,Não informado,Não informado,Não informado,Não informado,Não informado,60.0,Não informado,Não informado,COM VÍTIMA,2022,9,29,3,
2022-09-29,,Não informado,FINALIZADA,BOA VIAGEM,AV MARECHAL MASCARENHAS DE MORAES,Não informado,EM FRENTE AO HOTEL IBIS RECIFE AEROPORTO,BOA VIAGEM,CIDADE,Não informado,Não informado,1.0,0.0,0.0,0.0,0.0,0.0,0.0,1.0,0.0,0.0,0.0,Longo da via,Bom,Não existe,Perfeito estado,Seca,Perfeito estado,Não existe,Não há placas,60.0,Única,Faixa contínua,SEM VÍTIMA,2022,9,29,3,
2022-09-29,,Não informado,FINALIZADA,DOIS IRMÃOS,RUA DOIS IRMAOS,Não informado,EM FRENTE A ESCOLA CÃNDIDO DUARTE,DOIS IRMÃOS,Não informado,QUEDA,Não informado,0.0,1.0,0.0,0.0,0.0,0.0,0.0,0.0,0.0,1.0,0.0,Longo da via,Bom,Sem defeito,Perfeito estado,Seca,Perfeito estado,Não existe,R-6a,60.0,Dupla,Faixa contínua,COM VÍTIMA,2022,9,29,3,
2022-09-29,,Não informado,CANCELADA,BOA VIAGEM,RUA BALTAZAR PASSOS,AV BOA VIAGEM,Não informado,BOA VIAGEM,Não informado,COLISÃO LATERAL,Não informado,1.0,0.0,0.0,0.0,0.0,0.0,1.0,0.0,0.0,0.0,0.0,Não informado,Não informado,Não informado,Não informado,Não informado,Não informado,Não informado,Não informado,60.0,Não informado,Não informado,SEM VÍTIMA,2022,9,29,3,
2022-09-29,,Não informado,FINALIZADA,BOA VIAGEM,AV BOA VIAGEM,Não informado,EM FRENTE AO Nº 3356,BOA VIAGEM,CIDADE,COLISÃO TRASEIRA,Não informado,2.0,0.0,0.0,0.0,0.0,0.0,0.0,0.0,0.0,0.0,0.0,Longo da via,Bom,Sem defeito,Perfeito estado,Seca,Perfeito estado,Faixa de pedestre,Não informado,60.0,Única,Faixa seccionada,SEM VÍTIMA,2022,9,29,3,
2022-09-29,,Não informado,FINALIZADA,BOA VIAGEM,RUA CAMBOIM,RUA JOAO CARDOSO AIRES,Não informado,BOA VIAGEM,Não informado,COLISÃO LATERAL,Não informado,1.0,1.0,0.0,0.0,0.0,0.0,0.0,0.0,0.0,1.0,0.0,Cruzamento,Bom,Não existe,Ilegível,Seca,Perfeito estado,Não existe,"Placas ""Pare""",30.0,Dupla,Faixa seccionada,COM VÍTIMA,2022,9,29,3,
2022-09-30,,Não informado,FINALIZADA,BOA VIAGEM,AV CONSELHEIRO AGUIAR,Não informado,EM FRENTE A CLÍNICA ARMINDO MOURA NETO,BOA VIAGEM,Não informado,ENGAVETAMENTO,Não informado,3.0,0.0,0.0,0.0,0.0,0.0,0.0,0.0,0.0,1.0,0.0,Longo da via,Bom,Sem defeito,Perfeito estado,Seca,Perfeito estado,Faixa de pedestre,R-6a,60.0,Única,Faixa seccionada,COM VÍTIMA,2022,9,30,4,
2022-09-30,,Não informado,FINALIZADA,MANGUEIRA,RUA VINTE E UM DE ABRIL,RUA BOM JARDIM,JOEL DAS BEBIDAS / BORRACHARIA DO LUCAS,MANGUEIRA,Não informado,COLISÃO LATERAL,Não informado,1.0,1.0,0.0,0.0,0.0,0.0,0.0,0.0,0.0,1.0,0.0,Cruzamento,Bom,Não existe,Não existente,Seca,Perfeito estado,Não existe,Não há placas,60.0,Dupla,Não existe,COM VÍTIMA,2022,9,30,4,
2022-09-30,,Não informado,FINALIZADA,IMBIRIBEIRA,RUA CONEGO LIRA,Não informado,PROX A DISTRUIDORA PALAÇOS / BATERIA MOURA,IMBIRIBEIRA,Não informado,COLISÃO LATERAL,Não informado,1.0,1.0,0.0,0.0,0.0,0.0,0.0,0.0,0.0,1.0,0.0,Cruzamento,Bom,Não existe,Não existente,Seca,Perfeito estado,Não existe,Não há placas,60.0,Dupla,Não existe,COM VÍTIMA,2022,9,30,4,
2022-09-30,,Não informado,FINALIZADA,BONGI,RUA DELMIRO GOUVEIA,Não informado,EM FRENTE A CHESF,BONGI,CIDADE,COLISÃO LATERAL,Não informado,1.0,1.0,0.0,0.0,0.0,0.0,0.0,0.0,0.0,1.0,0.0,Longo da via,Bom,Não existe,Incompleta,Seca,Perfeito estado,Não existe,Não há placas,60.0,Dupla,Não existe,COM VÍTIMA,2022,9,30,4,
2022-09-30,,Não informado,CANCELADA,POÇO DA PANELA,AV DEZESSETE DE AGOSTO,Não informado,PRÓXIMO AO LABORATÓRIO MARCELO MAGALHÃES,POÇO DA PANELA,Não informado,COLISÃO LATERAL,Não informado,0.0,0.0,0.0,0.0,0.0,0.0,0.0,0.0,0.0,1.0,0.0,Não informado,Não informado,Não informado,Não informado,Não informado,Não informado,Não informado,Não informado,60.0,Não informado,Não informado,COM VÍTIMA,2022,9,30,4,
2022-09-30,,Não informado,CANCELADA,CAXANGÁ,RUA EMILIANO BRAGA,Não informado,ATTRAS DA ESTACÃO DE ONIBUS BRT,CAXANGÁ,Não informado,COLISÃO FRONTAL,Não informado,1.0,1.0,0.0,0.0,0.0,0.0,0.0,0.0,0.0,1.0,0.0,Não informado,Não informado,Não informado,Não informado,Não informado,Não informado,Não informado,Não informado,60.0,Não informado,Não informado,COM VÍTIMA,2022,9,30,4,
2022-09-30,,Não informado,CANCELADA,ARRUDA,RUA DA REGENERACAO,Não informado,EM FRENTE A LOJA TO NO ASSAI,ARRUDA,Não informado,CHOQUE,Não informado,2.0,0.0,0.0,0.0,0.0,0.0,0.0,0.0,0.0,1.0,0.0,Não informado,Não informado,Não informado,Não informado,Não informado,Não informado,Não informado,Não informado,60.0,Não informado,Não informado,COM VÍTIMA,2022,9,30,4,
2022-10-01,,Não informado,FINALIZADA,JARDIM SÃO PAULO,AV RECIFE,Não informado,EM FRENTE AO ASSAI,JARDIM SÃO PAULO,Não informado,COLISÃO LATERAL,Não informado,1.0,1.0,0.0,0.0,0.0,0.0,0.0,0.0,0.0,1.0,0.0,Longo da via,Bom,Sem defeito,Perfeito estado,Seca,Perfeito estado,Não existe,Não há placas,60.0,Única,Faixa seccionada,COM VÍTIMA,2022,10,1,5,