data,hora,natureza_acidente,situacao,bairro,endereco,detalhe_endereco_acidente,complemento,bairro_cruzamento,sentido_via,tipo,descricao,auto,moto,ciclom,ciclista,pedestre,onibus,caminhao,viatura,outros,vitimas,vitimasfatais,acidente_verificado,tempo_clima,situacao_semaforo,sinalizacao,condicao_via,conservacao_via,ponto_controle,situacao_placa,velocidade_max_via,mao_direcao,divisao_via1,natureza,ano,mes,dia,dia_semana,hora_ocorrencia
2022-10-01,,Não informado,FINALIZADA,ENCRUZILHADA,AV BEBERIBE,RUA PEDRO ALVES,DROGASIL,ENCRUZILHADA,CIDADE,COLISÃO TRASEIRA,Não informado,1.0,1.0,0.0,0.0,0.0,0.0,0.0,0.0,0.0,1.0,0.0,Cruzamento,Bom,Sem defeito,Perfeito estado,Seca,Perfeito estado,Faixa de pedestre,Outras,60.0,Dupla,Faixa contínua,COM VÍTIMA,2022,10,1,5,
2022-10-01,,Não informado,FINALIZADA,IBURA,RUA PINTOR AGENOR DE ALBUQUERQUE CESAR,Não informado,Não informado,IBURA,Não informado,CHOQUE,Não informado,1.0,0.0,0.0,0.0,0.0,0.0,0.0,1.0,0.0,0.0,0.0,Longo da via,Bom,Não existe,Perfeito estado,Seca,Perfeito estado,Não existe,Não informado,60.0,Dupla,Não existe,SEM VÍTIMA,2022,10,1,5,
2022-10-01,,Não informado,FINALIZADA,VASCO DA GAMA,RUA VASCO DA GAMA,Não informado,PRÓXIMO AO SESI DO VASCO,VASCO DA GAMA,Não informado,COLISÃO LATERAL,Não informado,1.0,1.0,0.0,0.0,0.0,0.0,0.0,0.0,0.0,1.0,0.0,Outros,Bom,Não existe,Incompleta,Seca,Mal conservada,Não existe,R-6a,40.0,Dupla,Faixa seccionada,COM VÍTIMA,2022,10,1,5,
2022-10-02,,Não informado,FINALIZADA,IMBIRIBEIRA,RUA ARQUITETO LUIZ NUNES,RUA ENGENHEIRO JOSE BRANDAO CAVALCANTE,LAGOA DO ARAÇA,IMBIRIBEIRA,Não informado,COLISÃO LATERAL,Não informado,1.0,1.0,0.0,0.0,0.0,0.0,0.0,0.0,0.0,2.0,0.0,Cruzamento,Bom,Não existe,Perfeito estado,Seca,Perfeito estado,Não existe,"Placas ""Pare""",60.0,Dupla,Faixa contínua,COM VÍTIMA,2022,10,2,6,
2022-10-02,,Não informado,FINALIZADA,CAXANGÁ,RUA GASTAO VIDIGAL,Não informado,EM FRENTE A UPA,CAXANGÁ,SUBURBIO,COLISÃO LATERAL,Não informado,2.0,0.0,0.0,0.0,0.0,0.0,0.0,0.0,0.0,1.0,0.0,Cruzamento,Bom,Sem defeito,Perfeito estado,Seca,Perfeito estado,Faixa de pedestre,Não há placas,60.0,Dupla,Não existe,COM VÍTIMA,2022,10,2,6,
2022-10-02,,Não informado,FINALIZADA,JORDÃO,PRC DO JORDAO,Não informado,FRENTE Nº 53,JORDÃO,CIDADE,COLISÃO FRONTAL,Não informado,0.0,1.0,0.0,0.0,0.0,0.0,0.0,1.0,0.0,0.0,0.0,Longo da via,Bom,Não existe,Perfeito estado,Seca,Perfeito estado,Não existe,R-6a,30.0,Dupla,Não existe,SEM VÍTIMA,2022,10,2,6,
2022-10-02,,Não informado,CANCELADA,AREIAS,RUA FIGUEIRA DE MELO,Não informado,EM FRENTE AO CASA DE FESTA OXENTE KIDS,AREIAS,Não informado,QUEDA,Não informado,0.0,1.0,0.0,0.0,0.0,0.0,0.0,0.0,0.0,1.0,0.0,Não informado,Não informado,Não informado,Não informado,Não informado,Não informado,Não informado,Não informado,60.0,Não informado,Não informado,COM VÍTIMA,2022,10,2,6,
2022-10-02,,Não informado,FINALIZADA,PORTO DA MADEIRA,RUA DALVA DE OLIVEIRA,Não informado,PROXIMO A AMBEV,PORTO DA MADEIRA,Não informado,COLISÃO LATERAL,Não informado,1.0,1.0,0.0,0.0,0.0,0.0,0.0,0.0,0.0,1.0,0.0,Cruzamento,Bom,Não existe,Perfeito estado,Seca,Perfeito estado,Outros,Não há placas,60.0,Dupla,Não existe,COM VÍTIMA,2022,10,2,6,
2022-10-03,,Não informado,FINALIZADA,CORDEIRO,RUA MANDIORE,Não informado,Não informado,CORDEIRO,SUBURBIO,CHOQUE,Não informado,3.0,0.0,0.0,0.0,0.0,0.0,0.0,0.0,0.0,0.0,0.0,Longo da via,Bom,Não existe,Não existente,Seca,Perfeito estado,Não existe,Não há placas,60.0,Dupla,Não existe,SEM VÍTIMA,2022,10,3,0,
2022-10-03,,Não informado,FINALIZADA,VASCO DA GAMA,RUA NOVA DESCOBERTA,Não informado,EM FRENTE ATACAREJO,VASCO DA GAMA,CIDADE,COLISÃO FRONTAL,Não informado,0.0,1.0,0.0,0.0,0.0,1.0,0.0,0.0,0.0,0.0,0.0,Longo da via,Bom,Não existe,Perfeito estado,Seca,Perfeito estado,Não existe,R-6a,60.0,Dupla,Não existe,SEM VÍTIMA,2022,10,3,0,
2022-10-03,,Não informado,FINALIZADA,DERBY,AV GOVERNADOR AGAMENON MAGALHAES,RUA JOAO FERNANDES VIEIRA,Não informado,DERBY,SUBURBIO,CHOQUE,Não informado,0.0,0.0,0.0,0.0,0.0,0.0,0.0,1.0,0.0,0.0,0.0,Cruzamento,Bom,Sem defeito,Perfeito estado,Seca,Perfeito estado,Faixa de pedestre,Não há placas,60.0,Única,Faixa contínua,SEM VÍTIMA,2022,10,3,0,
2022-10-03,,Não informado,FINALIZADA,BOA VIAGEM,AV BOA VIAGEM,Não informado,PRÉDIO ACAIACA  / EDF. ANTONIO MONTE,BOA VIAGEM,Não informado,COLISÃO LATERAL,Não informado,4.0,1.0,0.0,0.0,0.0,0.0,0.0,0.0,0.0,1.0,0.0,Longo da via,Bom,Sem defeito,Perfeito estado,Seca,Perfeito estado,Não existe,Não há placas,60.0,Única,Faixa seccionada,COM VÍTIMA,2022,10,3,0,
2022-10-03,,Não informado,FINALIZADA,GRAÇAS,RUA AMELIA,AV RUI BARBOSA,ENTRE O POSTO SHEL  E O POSTO BR,GRAÇAS,Não informado,COLISÃO FRONTAL,Não informado,1.0,1.0,0.0,0.0,0.0,0.0,0.0,0.0,0.0,1.0,0.0,Cruzamento,Bom,Sem defeito,Perfeito estado,Seca,Perfeito estado,Faixa de pedestre,Não há placas,60.0,Única,Não existe,COM VÍTIMA,2022,10,3,0,
2022-10-03,,Não informado,FINALIZADA,ÁGUA FRIA,RUA DR EUDES COSTA,Não informado,EM FRENTE A IGREJA DEUS É AMOR,ÁGUA FRIA,Não informado,COLISÃO TRASEIRA,Não informado,1.0,1.0,0.0,0.0,0.0,0.0,0.0,0.0,0.0,1.0,0.0,Longo da via,Bom,Não existe,Perfeito estado,Seca,Perfeito estado,Não existe,Outras,60.0,Dupla,Faixa seccionada,COM VÍTIMA,2022,10,3,0,
2022-10-03,,Não informado,FINALIZADA,MADALENA,AV JOSE GONCALVES DE MEDEIROS,Não informado,PROXIMO AO RESTAURANTE OPINENCE,MADALENA,Não informado,COLISÃO LATERAL,Não informado,1.0,1.0,0.0,0.0,0.0,0.0,0.0,0.0,0.0,1.0,0.0,Esquina,Bom,Não existe,Ilegível,Seca,Perfeito estado,Não existe,Não há placas,60.0,Dupla,Não existe,COM VÍTIMA,2022,10,3,0,
2022-10-03,,Não informado,FINALIZADA,SÃO JOSÉ,TRV DO RAPOSO,Não informado,NO PONTILÃO,SÃO JOSÉ,Não informado,COLISÃO COM CICLISTA,Não informado,1.0,0.0,0.0,1.0,0.0,0.0,0.0,0.0,0.0,1.0,0.0,Cruzamento,Bom,Não existe,Não existente,Seca,Mal iluminada,Não existe,Não há placas,60.0,Dupla,Não existe,COM VÍTIMA,2022,10,3,0,
2022-10-04,,Não informado,FINALIZADA,AFOGADOS,RUA DEMOCRITO CAVALCANTI,Não informado,EM FRENTE ARMAND ENGENHARIA,AFOGADOS,CIDADE,CHOQUE,Não informado,0.0,0.0,0.0,0.0,0.0,0.0,0.0,1.0,0.0,0.0,0.0,Longo da via,Bom,Não existe,Não existente,Seca,Mal conservada,Não existe,Não há placas,60.0,Dupla,Não existe,SEM VÍTIMA,2022,10,4,1,
2022-10-04,,Não informado,FINALIZADA,SAN MARTIN,AV GENERAL SAN MARTIN,Não informado,EM FRENTE AOS CORREIOS,SAN MARTIN,Não informado,ATROPELAMENTO DE PESSOA,Não informado,0.0,1.0,0.0,0.0,1.0,0.0,0.0,0.0,0.0,1.0,0.0,Não informado,Não informado,Não informado,Não informado,Não informado,Não informado,Não informado,Não informado,60.0,Não informado,Não informado,COM VÍTIMA,2022,10,4,1,
2022-10-04,,Não informado,FINALIZADA,CAMPO GRANDE,AV GOVERNADOR AGAMENON MAGALHAES,Não informado,LADO OPOSTO AO TACARUNA,CAMPO GRANDE,CIDADE,Não informado,Não informado,1.0,0.0,0.0,0.0,0.0,0.0,1.0,0.0,0.0,0.0,0.0,Longo da via,Bom,Não existe,Perfeito estado,Seca,Perfeito estado,Não existe,Não há placas,60.0,Única,Faixa seccionada,SEM VÍTIMA,2022,10,4,1,
2022-10-04,,Não informado,FINALIZADA,CAMPO GRANDE,RUA JERONIMO VILELA,RUA MARQUES DE ABRANTES,APÓS O COLÉGIO JESUS CRUCIFICADO,CAMPO GRANDE,Não informado,COLISÃO LATERAL,Não informado,1.0,1.0,0.0,0.0,0.0,0.0,0.0,0.0,0.0,1.0,0.0,Cruzamento,Bom,Não existe,Perfeito estado,Seca,Perfeito estado,Não existe,Outras,40.0,Dupla,Faixa seccionada,COM VÍTIMA,2022,10,4,1,
2022-10-04,,Não informado,CANCELADA,CASA AMARELA,AV DR EURICO CHAVES,Não informado,DEPÓSITO DO EDUARDO,CASA AMARELA,Não informado,COLISÃO LATERAL,Não informado,1.0,1.0,0.0,0.0,0.0,0.0,0.0,0.0,0.0,1.0,0.0,Não informado,Não informado,Não informado,Não informado,Não informado,Não informado,Não informado,Não informado,60.0,Não informado,Não informado,COM VÍTIMA,2022,10,4,1,
2022-10-04,,Não informado,FINALIZADA,CURADO,AV PREFEITO ANTONIO PEREIRA,Não informado,PROXIMO A ENTRADA DO TIPI NO TEMINAL,CURADO,Não informado,COLISÃO TRASEIRA,Não informado,0.0,1.0,0.0,0.0,0.0,1.0,0.0,0.0,0.0,1.0,0.0,Longo da via,Bom,Não existe,Perfeito estado,Seca,Perfeito estado,Não existe,Não há placas,60.0,Dupla,Canteiro central,COM VÍTIMA,2022,10,4,1,
2022-10-04,,Não informado,FINALIZADA,SANTO AMARO,AV CRUZ CABUGA,RUA DOS CASADOS,EM FRENTE AO HCP,SANTO AMARO,CIDADE,Não informado,Não informado,1.0,0.0,0.0,0.0,0.0,0.0,1.0,0.0,0.0,0.0,0.0,Longo da via,Bom,Sem defeito,Perfeito estado,Seca,Perfeito estado,Faixa de pedestre,Outras,60.0,Dupla,Blocos,SEM VÍTIMA,2022,10,4,1,
2022-10-04,,Não informado,FINALIZADA,SÃO JOSÉ,RUA FLORIANO PEIXOTO,Não informado,PÁTIO DO TERMINAL INTEGRADO,SÃO JOSÉ,SUBURBIO,Não informado,Não informado,0.0,0.0,0.0,0.0,0.0,1.0,0.0,1.0,0.0,0.0,0.0,Outros,Bom,Não existe,Ilegível,Seca,Perfeito estado,Não existe,Não há placas,60.0,Única,Não existe,SEM VÍTIMA,2022,10,4,1,
2022-10-04,,Não informado,FINALIZADA,MADALENA,AV BEIRA RIO,RUA JANUARIO BARBOSA,PROX A PONTE DE DA CAPUNGA,MADALENA,Não informado,COLISÃO LATERAL,Não informado,1.0,1.0,0.0,0.0,0.0,0.0,0.0,0.0,0.0,1.0,0.0,Esquina,Bom,Não existe,Perfeito estado,Seca,Perfeito estado,Não existe,Outras,60.0,Dupla,Faixa seccionada,COM VÍTIMA,2022,10,4,1,
2022-10-04,,Não informado,FINALIZADA,CASA FORTE,AV DEZESSETE DE AGOSTO,RUA JACO VELOSINO,EM FRENTE A FARMACIA DROGASIL,CASA FORTE,Não informado,COLISÃO LATERAL,Não informado,1.0,1.0,0.0,0.0,0.0,0.0,0.0,0.0,0.0,1.0,0.0,Longo da via,Bom,Não existe,Perfeito estado,Seca,Perfeito estado,Não existe,Não há placas,40.0,Dupla,Faixa seccionada,COM VÍTIMA,2022,10,4,1,
2022-10-04,,Não informado,FINALIZADA,CAMPO GRANDE,RUA PROFESSOR FRANCISCO DA TRINDADE,RUA SAO CAETANO,PRÓXIMO AO CLUBE DAS PÁS,CAMPO GRANDE,Não informado,COLISÃO LATERAL,Não informado,0.0,0.0,0.0,0.0,0.0,0.0,0.0,0.0,0.0,1.0,0.0,Cruzamento,Bom,Não existe,Perfeito estado,Seca,Perfeito estado,Faixa de pedestre,Não há placas,30.0,Dupla,Faixa contínua,COM VÍTIMA,2022,10,4,1,
2022-10-04,,Não informado,CANCELADA,TORRE,RUA SOUZA BANDEIRA,Não informado,PRÓXIMO AO COLÉGIO LUBIESCA,TORRE,Não informado,COLISÃO TRANSVERSAL,Não informado,0.0,0.0,0.0,0.0,0.0,0.0,0.0,0.0,0.0,0.0,0.0,Não informado,Não informado,Não informado,Não informado,Não informado,Não informado,Não informado,Não informado,60.0,Não informado,Não informado,SEM VÍTIMA,2022,10,4,1,
2022-10-04,,Não informado,CANCELADA,ENCRUZILHADA,RUA LARGA DO FEITOSA,Não informado,APÓS O BAR DO TONHÃO,ENCRUZILHADA,Não informado,CHOQUE,Não informado,0.0,0.0,0.0,0.0,0.0,0.0,0.0,0.0,0.0,0.0,0.0,Não informado,Não informado,Não informado,Não informado,Não informado,Não informado,Não informado,Não informado,60.0,Não informado,Não informado,SEM VÍTIMA,2022,10,4,1,
2022-10-04,,Não informado,FINALIZADA,AFOGADOS,RUA SAO MIGUEL,Não informado,EM FRENTE AO DEPATRI,AFOGADOS,Não informado,COLISÃO TRANSVERSAL,Não informado,0.0,0.0,0.0,0.0,0.0,0.0,0.0,0.0,0.0,2.0,0.0,Cruzamento,Bom,Não existe,Perfeito estado,Seca,Perfeito estado,Não existe,Não há placas,40.0,Dupla,Faixa contínua,COM VÍTIMA,2022,10,4,1,
2022-10-05,,Não informado,FINALIZADA,BOA VISTA,RUA GERVASIO PIRES,Não informado,AO LADO DO SHOPPING BOA VISTA,BOA VISTA,Não informado,COLISÃO TRASEIRA,Não informado,1.0,1.0,0.0,0.0,0.0,0.0,0.0,0.0,0.0,2.0,0.0,Longo da via,Bom,Sem defeito,Perfeito estado,Seca,Perfeito estado,Agente,Não há placas,60.0,Única,Faixa seccionada,COM VÍTIMA,2022,10,5,2,
2022-10-05,,Não informado,CANCELADA,PINA,RUA COMENDADOR MORAES,AV ANTONIO DE GOES,EM FRENTE AO JCPM,PINA,Não informado,COLISÃO LATERAL,Não informado,1.0,0.0,0.0,0.0,0.0,0.0,0.0,1.0,0.0,0.0,0.0,Não informado,Não informado,Não informado,Não informado,Não informado,Não informado,Não informado,Não informado,60.0,Não informado,Não informado,SEM VÍTIMA,2022,10,5,2,
2022-10-05,,Não informado,FINALIZADA,BOA VISTA,AV MONTEVIDEU,Não informado,PRÓX. AO BRADESCO,BOA VISTA,Não informado,COLISÃO LATERAL,Não informado,0.0,1.0,0.0,0.0,0.0,0.0,0.0,1.0,0.0,1.0,0.0,Não informado,Não informado,Não informado,Não informado,Não informado,Não informado,Não informado,Não informado,60.0,Não informado,Não informado,COM VÍTIMA,2022,10,5,2,
2022-10-05,,Não informado,FINALIZADA,DERBY,AV GOVERNADOR AGAMENON MAGALHAES,Não informado,Não informado,DERBY,Não informado,COLISÃO LATERAL,Não informado,1.0,1.0,0.0,0.0,0.0,0.0,0.0,0.0,0.0,1.0,0.0,Longo da via,Bom,Sem defeito,Perfeito estado,Seca,Mal iluminada,Não informado,Outras,60.0,Dupla,Canteiro central,COM VÍTIMA,2022,10,5,2,
2022-10-05,,Não informado,FINALIZADA,BARRO,AV DR JOSE RUFINO,Não informado,EM FRENTE AO HOTEL OLIMPICOS,BARRO,CIDADE,COLISÃO LATERAL,Não informado,0.0,1.0,0.0,0.0,0.0,1.0,0.0,0.0,0.0,1.0,0.0,Cruzamento,Bom,Não existe,Incompleta,Seca,Perfeito estado,Não existe,R-6a,60.0,Dupla,Faixa contínua,COM VÍTIMA,2022,10,5,2,
2022-10-05,,Não informado,FINALIZADA,VASCO DA GAMA,RUA DOURADINHA,Não informado,NA LADEIRA  DO ALTO DO EUCALIPTO,VASCO DA GAMA,Não informado,COLISÃO FRONTAL,Não informado,1.0,1.0,0.0,0.0,0.0,0.0,0.0,0.0,0.0,1.0,0.0,Longo da via,Bom,Não existe,Perfeito estado,Seca,Perfeito estado,Não existe,Não há placas,60.0,Dupla,Não existe,COM VÍTIMA,2022,10,5,2,
2022-10-05,,Não informado,FINALIZADA,BOA VIAGEM,RUA DEZ DE JULHO,Não informado,DEPOIS DA ESTAÇÃO DO METRO CASA DE FESTA MESON CRISTAL,BOA VIAGEM,Não informado,COLISÃO LATERAL,Não informado,1.0,1.0,0.0,0.0,0.0,0.0,0.0,0.0,0.0,1.0,0.0,Cruzamento,Bom,Não existe,Perfeito estado,Seca,Perfeito estado,Não existe,Não há placas,60.0,Dupla,Faixa contínua,COM VÍTIMA,2022,10,5,2,
2022-10-06,,Não informado,FINALIZADA,SAN MARTIN,AV ENGENHEIRO ABDIAS DE CARVALHO,AV GENERAL SAN MARTIN,NOVO ATACAREJO,SAN MARTIN,Não informado,COLISÃO LATERAL,Não informado,1.0,0.0,0.0,0.0,0.0,0.0,1.0,0.0,0.0,0.0,0.0,Não informado,Não informado,Não informado,Não informado,Não informado,Não informado,Não informado,Não informado,60.0,Não informado,Não informado,SEM VÍTIMA,2022,10,6,3,
2022-10-06,,Não informado,FINALIZADA,ESPINHEIRO,RUA DO ESPINHEIRO,RUA QUARENTA E OITO,RUA QUARENTA E OITO,ESPINHEIRO,CIDADE,COLISÃO LATERAL,Não informado,1.0,1.0,0.0,0.0,0.0,0.0,0.0,0.0,0.0,1.0,0.0,Cruzamento,Chuvoso,Sem defeito,Perfeito estado,Molhada,Perfeito estado,Faixa de pedestre,Não há placas,40.0,Única,Faixa seccionada,COM VÍTIMA,2022,10,6,3,
2022-10-06,,Não informado,FINALIZADA,TEJIPIÓ,RUA MAJOR CHAGAS DE OLIVEIRA,Não informado,ROGÉRIO MOTOS / ESCOLA ALBERTO TORRES,TEJIPIÓ,Não informado,COLISÃO LATERAL,Não informado,1.0,1.0,0.0,0.0,0.0,0.0,0.0,0.0,0.0,1.0,0.0,Cruzamento,Chuvoso,Não existe,Perfeito estado,Molhada,Perfeito estado,Não existe,Não há placas,60.0,Única,Não existe,COM VÍTIMA,2022,10,6,3,
2022-10-06,,Não informado,FINALIZADA,IMBIRIBEIRA,RUA ITAJAI,RUA JAMAICA,CENTER MAIS SAÚDE,IMBIRIBEIRA,SUBURBIO,COLISÃO TRASEIRA,Não informado,2.0,0.0,0.0,0.0,0.0,0.0,0.0,0.0,0.0,0.0,0.0,Cruzamento,Chuvoso,Não existe,Ilegível,Molhada,Perfeito estado,Faixa de pedestre,Não há placas,60.0,Dupla,Faixa seccionada,SEM VÍTIMA,2022,10,6,3,
2022-10-07,,Não informado,FINALIZADA,IMBIRIBEIRA,AV GENERAL MAC ARTHUR,Não informado,RESIDENCIAL LE PARC,IMBIRIBEIRA,SUBURBIO,COLISÃO TRASEIRA,Não informado,1.0,1.0,0.0,0.0,0.0,0.0,0.0,0.0,0.0,1.0,0.0,Longo da via,Chuvoso,Não existe,Perfeito estado,Molhada,Perfeito estado,Não existe,Não há placas,40.0,Única,Faixa seccionada,COM VÍTIMA,2022,10,7,4,
2022-10-07,,Não informado,FINALIZADA,TEJIPIÓ,RUA FALCAO DE LACERDA,RUA QUEIRA DEUS,Não informado,TEJIPIÓ,CIDADE,CHOQUE,Não informado,1.0,0.0,0.0,0.0,0.0,0.0,0.0,0.0,0.0,2.0,0.0,Longo da via,Chuvoso,Sem defeito,Perfeito estado,Molhada,Mal iluminada,Não existe,Não há placas,60.0,Dupla,Faixa contínua,COM VÍTIMA,2022,10,7,4,
2022-10-07,,Não informado,FINALIZADA,IMBIRIBEIRA,AV MARECHAL MASCARENHAS DE MORAES,Não informado,LADO OPOSTO AO SINDICARTO DOS TAXISTAS SENTIDO AFOGADOS,IMBIRIBEIRA,CIDADE,COLISÃO TRANSVERSAL,Não informado,1.0,1.0,0.0,0.0,0.0,0.0,0.0,0.0,0.0,1.0,0.0,Longo da via,Bom,Não existe,Perfeito estado,Seca,Perfeito estado,Não existe,Não há placas,60.0,Dupla,Canteiro central,COM VÍTIMA,2022,10,7,4,
2022-10-07,,Não informado,FINALIZADA,CAMPO GRANDE,RUA ODORICO MENDES,RUA VISCONDE DE CAIRU,PRÓX. AO CLUBE DAS PÁS,CAMPO GRANDE,Não informado,COLISÃO LATERAL,Não informado,1.0,1.0,0.0,0.0,0.0,0.0,0.0,0.0,0.0,1.0,0.0,Longo da via,Bom,Sem defeito,Incompleta,Seca,Perfeito estado,Não existe,R-6a,60.0,Dupla,Faixa seccionada,COM VÍTIMA,2022,10,7,4,
2022-10-07,,Não informado,FINALIZADA,CAXANGÁ,AV CAXANGA,RUA RIBEIRO PESSOA,EM RENTE DA UPA DA CAXANGA,CAXANGÁ,SUBURBIO,COLISÃO LATERAL,Não informado,1.0,1.0,0.0,0.0,0.0,0.0,0.0,0.0,0.0,1.0,0.0,Longo da via,Bom,Sem defeito,Perfeito estado,Seca,Perfeito estado,Faixa de pedestre,Não há placas,60.0,Dupla,Canteiro central,COM VÍTIMA,2022,10,7,4,
2022-10-07,,Não informado,FINALIZADA,Não informado,PTE RAIMUNDO FARIAS,AV GOVERNADOR AGAMENON MAGALHAES,SOB O SEMÁFORO 037,Não informado,CIDADE,COLISÃO TRASEIRA,Não informado,3.0,0.0,0.0,0.0,0.0,0.0,0.0,0.0,0.0,0.0,0.0,Longo da via,Bom,Sem defeito,Incompleta,Seca,Perfeito estado,Não informado,Não há placas,40.0,Única,Não existe,SEM VÍTIMA,2022,10,7,4,
2022-10-07,,Não informado,FINALIZADA,ILHA DO RETIRO,RUA DR JOAO MARQUES,RUA JOAO ELISIO RAMOS,AO LADO DAS PISCINA DO  CLUBE DO SPORT,ILHA DO RETIRO,SUBURBIO,COLISÃO LATERAL,Não informado,1.0,1.0,0.0,0.0,0.0,0.0,0.0,0.0,0.0,1.0,0.0,Esquina,Bom,Não existe,Perfeito estado,Seca,Perfeito estado,Não existe,R-6a,60.0,Dupla,Faixa seccionada,COM VÍTIMA,2022,10,7,4,
2022-10-07,,Não informado,CANCELADA,CASA AMARELA,AV PROFESSOR JOSE DOS ANJOS,Não informado,E/F AO SESC S/T CID,CASA AMARELA,Não informado,COLISÃO FRONTAL,Não informado,1.0,1.0,0.0,0.0,0.0,0.0,0.0,0.0,0.0,1.0,0.0,Não informado,Não informado,Não informado,Não informado,Não informado,Não informado,Não informado,Não informado,60.0,Não informado,Não informado,COM VÍTIMA,2022,10,7,4,
2022-10-07,,Não informado,FINALIZADA,BOA VISTA,RUA DO RIACHUELO,RUA DO HOSPICIO,POR TRAS DA FACULDADE DE DIREITO,BOA VISTA,Não informado,ATROPELAMENTO DE PESSOA,Não informado,1.0,0.0,0.0,0.0,1.0,0.0,0.0,0.0,0.0,1.0,0.0,Longo da via,Bom,Não existe,Perfeito estado,Seca,Perfeito estado,Não existe,Outras,30.0,Dupla,Canteiro central,COM VÍTIMA,2022,10,7,4,
2022-10-07,,Não informado,FINALIZADA,IPUTINGA,AV MAURICIO DE NASSAU,RUA N S DA SAUDE,NA ESQUINA DO TERMINAL DA TORRE,IPUTINGA,SUBURBIO,COLISÃO FRONTAL,Não informado,0.0,2.0,0.0,0.0,0.0,0.0,0.0,0.0,0.0,2.0,0.0,Cruzamento,Bom,Sem defeito,Perfeito estado,Seca,Perfeito estado,Faixa de retenção,Não há placas,60.0,Dupla,Faixa contínua,COM VÍTIMA,2022,10,7,4,
2022-10-07,,Não informado,FINALIZADA,SANTO AMARO,AV CRUZ CABUGA,AV DR JAYME DA FONTE,Não informado,SANTO AMARO,Não informado,COLISÃO FRONTAL,Não informado,1.0,1.0,0.0,0.0,0.0,0.0,0.0,0.0,0.0,2.0,0.0,Cruzamento,Bom,Sem defeito,Perfeito estado,Seca,Perfeito estado,Faixa de pedestre,Não há placas,60.0,Dupla,Não existe,COM VÍTIMA,2022,10,7,4,
2022-10-07,,Não informado,FINALIZADA,PINA,AV HERCULANO BANDEIRA,Não informado,EM FRENTE A GALERIA JOANA DARK,PINA,SUBURBIO,COLISÃO TRASEIRA,Não informado,1.0,1.0,0.0,0.0,0.0,0.0,0.0,0.0,0.0,1.0,0.0,Longo da via,Bom,Não existe,Não existente,Seca,Perfeito estado,Não existe,Não há placas,60.0,Única,Faixa seccionada,COM VÍTIMA,2022,10,7,4,
2022-10-08,,Não informado,FINALIZADA,AFOGADOS,RUA MOTOCOLOMBO,Não informado,EM FRENTE AO TRT,AFOGADOS,SUBURBIO,COLISÃO TRASEIRA,Não informado,1.0,1.0,0.0,0.0,0.0,0.0,0.0,0.0,0.0,0.0,1.0,Longo da via,Bom,Não existe,Perfeito estado,Seca,Perfeito estado,Não existe,Não há placas,60.0,Não informado,Faixa seccionada,VÍTIMA FATAL,2022,10,8,5,
2022-10-08,,Não informado,FINALIZADA,SANTO AMARO,PTE PRINCESA IZABEL,Não informado,TEATRO SANTA IZABEL,SANTO AMARO,CIDADE,COLISÃO COM CICLISTA,Não informado,0.0,0.0,0.0,1.0,0.0,0.0,1.0,0.0,0.0,1.0,0.0,Longo da via,Bom,Não existe,Perfeito estado,Seca,Perfeito estado,Não existe,R-6a,60.0,Única,Faixa seccionada,COM VÍTIMA,2022,10,8,5,
2022-10-08,,Não informado,FINALIZADA,TORRE,RUA REAL DA TORRE,Não informado,AO LADO DO MERCADO DA MADALENA,TORRE,CIDADE,QUEDA,Não informado,0.0,1.0,0.0,0.0,0.0,0.0,0.0,0.0,0.0,1.0,0.0,Longo da via,Bom,Sem defeito,Perfeito estado,Seca,Perfeito estado,Faixa de pedestre,Outras,60.0,Única,Faixa seccionada,COM VÍTIMA,2022,10,8,5,
2022-10-08,,Não informado,FINALIZADA,IBURA,AV DOM HELDER CAMARA,Não informado,AO LADO DO NUCLEO DA POLICIA,IBURA,SUBURBIO,COLISÃO LATERAL,Não informado,1.0,1.0,0.0,0.0,0.0,0.0,0.0,0.0,0.0,1.0,0.0,Longo da via,Bom,Sem defeito,Perfeito estado,Seca,Perfeito estado,Faixa de retenção,Outras,60.0,Não informado,Faixa contínua,COM VÍTIMA,2022,10,8,5,
2022-10-08,,Não informado,FINALIZADA,SÃO JOSÉ,AV SUL,Não informado,SEMÁFORO 509,SÃO JOSÉ,SUBURBIO,COLISÃO FRONTAL,Não informado,0.0,2.0,0.0,0.0,0.0,0.0,0.0,0.0,0.0,1.0,0.0,Cruzamento,Bom,Sem defeito,Perfeito estado,Seca,Perfeito estado,Faixa de pedestre,R-6a,60.0,Única,Não existe,COM VÍTIMA,2022,10,8,5,