data,hora,natureza_acidente,situacao,bairro,endereco,detalhe_endereco_acidente,complemento,bairro_cruzamento,sentido_via,tipo,descricao,auto,moto,ciclom,ciclista,pedestre,onibus,caminhao,viatura,outros,vitimas,vitimasfatais,acidente_verificado,tempo_clima,situacao_semaforo,sinalizacao,condicao_via,conservacao_via,ponto_controle,situacao_placa,velocidade_max_via,mao_direcao,divisao_via1,natureza,ano,mes,dia,dia_semana,hora_ocorrencia
2022-10-08,,Não informado,FINALIZADA,MADALENA,RUA ALTINHO,Não informado,EM FRENTE AO EDIFICIO EMPERIAL PARQUE,MADALENA,CIDADE,CHOQUE,Não informado,4.0,0.0,0.0,0.0,0.0,0.0,1.0,0.0,0.0,0.0,0.0,Longo da via,Bom,Não existe,Perfeito estado,Seca,Perfeito estado,Não existe,Não há placas,60.0,Única,Não existe,SEM VÍTIMA,2022,10,8,5,
2022-10-08,,Não informado,FINALIZADA,BARRO,AV DR JOSE RUFINO,RUA PEDRO JOSE VIEIRA,EM FRENTE O POSTO IMPÉRIO,BARRO,SUBURBIO,COLISÃO LATERAL,Não informado,1.0,1.0,0.0,0.0,0.0,0.0,0.0,0.0,0.0,1.0,0.0,Cruzamento,Bom,Não existe,Perfeito estado,Seca,Perfeito estado,Não existe,Não há placas,60.0,Dupla,Faixa seccionada,COM VÍTIMA,2022,10,8,5,
2022-10-09,,Não informado,FINALIZADA,BOA VIAGEM,AV GENERAL MAC ARTHUR,Não informado,ANTES DA ESTAÇÃO DO METRO,BOA VIAGEM,Não informado,CHOQUE,Não informado,0.0,1.0,0.0,0.0,0.0,0.0,0.0,0.0,0.0,0.0,0.0,Não informado,Não informado,Não informado,Não informado,Não informado,Não informado,Não informado,Não informado,60.0,Não informado,Não informado,SEM VÍTIMA,2022,10,9,6,
2022-10-09,,Não informado,FINALIZADA,JORDÃO,AV MARIA IRENE,Não informado,PROXIMO AO ARMAZEM GENIPAPO,JORDÃO,SUBURBIO,COLISÃO FRONTAL,Não informado,1.0,1.0,0.0,0.0,0.0,0.0,0.0,0.0,0.0,1.0,0.0,Longo da via,Bom,Não existe,Não existente,Seca,Perfeito estado,Não existe,Não há placas,40.0,Dupla,Não existe,COM VÍTIMA,2022,10,9,6,
2022-10-09,,Não informado,FINALIZADA,PARNAMIRIM,AV PARNAMIRIM,RUA TITO ROSAS,MC DONALD'S,PARNAMIRIM,CIDADE,COLISÃO LATERAL,Não informado,1.0,1.0,0.0,0.0,0.0,0.0,0.0,0.0,0.0,1.0,0.0,Longo da via,Bom,Sem defeito,Perfeito estado,Seca,Perfeito estado,Faixa de pedestre,Outras,60.0,Única,Faixa contínua,COM VÍTIMA,2022,10,9,6,
2022-10-10,,Não informado,FINALIZADA,ÁGUA FRIA,AV BEBERIBE,RUA ZEFERINO AGRA,EM FRENTE A ÓTICA D´LISBOA,ÁGUA FRIA,SUBURBIO,COLISÃO LATERAL,Não informado,1.0,1.0,0.0,0.0,0.0,0.0,0.0,0.0,0.0,1.0,0.0,Longo da via,Bom,Não existe,Perfeito estado,Seca,Perfeito estado,Faixa de pedestre,Não há placas,40.0,Dupla,Faixa contínua,COM VÍTIMA,2022,10,10,0,
2022-10-10,,Não informado,FINALIZADA,COHAB,RUA DR BENIGNO JORDAO DE VASCONCELOS,RUA JOAO CORDEIRO DE SOUZA,APÓS À UPA / PRÓX. AO DEPÓSITO DO POBREZINHO,COHAB,CIDADE,COLISÃO FRONTAL,Não informado,1.0,1.0,0.0,0.0,0.0,0.0,0.0,0.0,0.0,1.0,0.0,Longo da via,Bom,Não existe,Não existente,Seca,Perfeito estado,Não existe,Não há placas,60.0,Dupla,Não existe,COM VÍTIMA,2022,10,10,0,
2022-10-10,,Não informado,FINALIZADA,IPSEP,RUA BLUMENAU,RUA IRAPUA,EM FRENTE A  DEPAULO CAR,IPSEP,SUBURBIO,COLISÃO FRONTAL,Não informado,1.0,1.0,0.0,0.0,0.0,0.0,0.0,0.0,0.0,1.0,0.0,Cruzamento,Bom,Não existe,Perfeito estado,Seca,Perfeito estado,Não existe,"Placas ""Pare""",30.0,Única,Não informado,COM VÍTIMA,2022,10,10,0,
2022-10-10,,Não informado,FINALIZADA,IPSEP,RUA JEAN EMILE FAVRE,RUA HELIO BRANDAO,EM FRENTE A DELTA AUTOPEÇAS,IPSEP,Não informado,COLISÃO LATERAL,Não informado,1.0,1.0,0.0,0.0,0.0,0.0,0.0,0.0,0.0,1.0,0.0,Cruzamento,Bom,Sem defeito,Perfeito estado,Seca,Perfeito estado,Faixa de pedestre,R-6a,60.0,Dupla,Faixa contínua,COM VÍTIMA,2022,10,10,0,
2022-10-10,,Não informado,FINALIZADA,PINA,PTE AGAMENON MAGALHAES,Não informado,NA PONTE- SAINDO DA AV ANTÕNIO DE GOIS,PINA,CIDADE,COLISÃO LATERAL,Não informado,0.0,2.0,0.0,0.0,0.0,0.0,0.0,0.0,0.0,2.0,0.0,Longo da via,Bom,Não existe,Perfeito estado,Seca,Perfeito estado,Não existe,R-19,60.0,Única,Faixa contínua,COM VÍTIMA,2022,10,10,0,
2022-10-10,,Não informado,FINALIZADA,GRAÇAS,AV GOVERNADOR AGAMENON MAGALHAES,Não informado,COLEGIO GOVERNADOR BARBOSA LIMA,GRAÇAS,Não informado,COLISÃO TRASEIRA,Não informado,1.0,0.0,0.0,0.0,0.0,2.0,0.0,0.0,0.0,1.0,0.0,Longo da via,Bom,Sem defeito,Perfeito estado,Seca,Perfeito estado,Faixa de pedestre,Não há placas,60.0,Dupla,Canal,COM VÍTIMA,2022,10,10,0,
2022-10-10,,Não informado,FINALIZADA,IBURA,AV RIO SAO FRANCISCO,Não informado,PROXIMO A ESCOLA POLIVALENTE,IBURA,SUBURBIO,COLISÃO TRASEIRA,Não informado,1.0,1.0,0.0,0.0,0.0,0.0,0.0,0.0,0.0,1.0,0.0,Longo da via,Bom,Não existe,Perfeito estado,Seca,Perfeito estado,Não existe,R-6c,60.0,Dupla,Não existe,COM VÍTIMA,2022,10,10,0,
2022-10-10,,Não informado,FINALIZADA,CAXANGÁ,AV CAXANGA,Não informado,EM FRENTE ACONCESSIONARIA CAXANGA VEÍCULOS,CAXANGÁ,SUBURBIO,COLISÃO TRASEIRA,Não informado,1.0,1.0,0.0,0.0,0.0,0.0,0.0,0.0,0.0,1.0,0.0,Longo da via,Bom,Sem defeito,Perfeito estado,Seca,Perfeito estado,Não informado,Outras,40.0,Dupla,Canteiro central,COM VÍTIMA,2022,10,10,0,
2022-10-10,,Não informado,FINALIZADA,AREIAS,AV RECIFE,Não informado,EM FRENTE AO BIGBOMPREÇO,AREIAS,SUBURBIO,COLISÃO LATERAL,Não informado,1.0,1.0,0.0,0.0,0.0,0.0,0.0,0.0,0.0,1.0,0.0,Longo da via,Bom,Sem defeito,Perfeito estado,Seca,Perfeito estado,Não informado,Não há placas,60.0,Dupla,Canteiro central,COM VÍTIMA,2022,10,10,0,
2022-10-10,,Não informado,FINALIZADA,SANTO AMARO,AV GOVERNADOR AGAMENON MAGALHAES,Não informado,EM FRENTE A CAIXA ECONOMICA,SANTO AMARO,SUBURBIO,COLISÃO TRASEIRA,Não informado,1.0,1.0,0.0,0.0,0.0,0.0,0.0,0.0,0.0,1.0,0.0,Longo da via,Bom,Sem defeito,Perfeito estado,Seca,Perfeito estado,Faixa de pedestre,Outras,60.0,Dupla,Faixa contínua,COM VÍTIMA,2022,10,10,0,
2022-10-11,,Não informado,FINALIZADA,NOVA DESCOBERTA,AV VEREADOR OTACILIO AZEVEDO,RUA JOSE REBOUCAS,APOS A UPA DE NOVA DESCOBERTA,NOVA DESCOBERTA,Não informado,COLISÃO TRASEIRA,Não informado,1.0,2.0,0.0,0.0,0.0,0.0,0.0,0.0,0.0,1.0,0.0,Longo da via,Bom,Não existe,Perfeito estado,Seca,Perfeito estado,Não existe,Não há placas,60.0,Dupla,Faixa seccionada,COM VÍTIMA,2022,10,11,1,
2022-10-11,,Não informado,FINALIZADA,AFOGADOS,RUA SAO MIGUEL,Não informado,QUARTEL 14 BATALHÃO LOGISTICO,AFOGADOS,CIDADE,COLISÃO LATERAL,Não informado,1.0,1.0,0.0,0.0,0.0,0.0,0.0,0.0,0.0,1.0,0.0,Cruzamento,Bom,Sem defeito,Incompleta,Seca,Mal conservada,Não existe,Não há placas,60.0,Dupla,Faixa contínua,COM VÍTIMA,2022,10,11,1,
2022-10-11,,Não informado,FINALIZADA,CURADO,AV PROFESSOR LUIZ FREIRE,Não informado,IFPE,CURADO,SUBURBIO,COLISÃO LATERAL,Não informado,1.0,1.0,0.0,0.0,0.0,0.0,0.0,0.0,0.0,1.0,0.0,Longo da via,Bom,Não existe,Ilegível,Seca,Outros,Não existe,Não há placas,30.0,Dupla,Faixa contínua,COM VÍTIMA,2022,10,11,1,
2022-10-11,,Não informado,FINALIZADA,BOA VISTA,AV LINS PETIT,Não informado,POSTO DE GASOLINA IPIRANGA,BOA VISTA,SUBURBIO,ATROPELAMENTO DE PESSOA,Não informado,0.0,1.0,0.0,0.0,1.0,0.0,0.0,0.0,0.0,1.0,0.0,Longo da via,Bom,Sem defeito,Ilegível,Seca,Perfeito estado,Outros,Outras,60.0,Única,Não existe,COM VÍTIMA,2022,10,11,1,
2022-10-11,,Não informado,FINALIZADA,MADALENA,RUA REAL DA TORRE,Não informado,WIZARD ESCOLA INGLÊS,MADALENA,Não informado,COLISÃO COM CICLISTA,Não informado,1.0,0.0,0.0,1.0,0.0,0.0,0.0,0.0,0.0,1.0,0.0,Longo da via,Bom,Não existe,Perfeito estado,Seca,Outros,Não existe,Não há placas,60.0,Única,Faixa seccionada,COM VÍTIMA,2022,10,11,1,
2022-10-11,,Não informado,FINALIZADA,ALTO DO MANDU,RUA BARAUNA,Não informado,PROXIMO AO AÇUDE DE APIPUCOS,ALTO DO MANDU,SUBURBIO,COLISÃO LATERAL,Não informado,1.0,1.0,0.0,0.0,0.0,0.0,0.0,0.0,0.0,1.0,0.0,Esquina,Chuvoso,Não existe,Perfeito estado,Molhada,Perfeito estado,Faixa de pedestre,Outras,20.0,Dupla,Faixa seccionada,COM VÍTIMA,2022,10,11,1,
2022-10-11,,Não informado,FINALIZADA,MANGABEIRA,AV NORTE MIGUEL ARRAES DE ALENCAR,RUA DA MANGABEIRA,EM FRENTE A RAINHA VESTE PISO E REVESTIMENTO,MANGABEIRA,SUBURBIO,COLISÃO LATERAL,Não informado,1.0,1.0,0.0,0.0,0.0,0.0,0.0,0.0,0.0,2.0,0.0,Cruzamento,Bom,Sem defeito,Perfeito estado,Seca,Perfeito estado,Faixa de pedestre,"Placas ""Pare""",60.0,Dupla,Canteiro central,COM VÍTIMA,2022,10,11,1,
2022-10-11,,Não informado,CANCELADA,IMBIRIBEIRA,RUA PAMPULHA,AV MARECHAL MASCARENHAS DE MORAES,Não informado,IMBIRIBEIRA,SUBURBIO,COLISÃO LATERAL,Não informado,1.0,1.0,0.0,0.0,0.0,0.0,0.0,0.0,0.0,1.0,0.0,Não informado,Não informado,Não informado,Não informado,Não informado,Não informado,Não informado,Não informado,60.0,Não informado,Não informado,COM VÍTIMA,2022,10,11,1,
2022-10-11,,Não informado,FINALIZADA,CASA AMARELA,AV NORTE MIGUEL ARRAES DE ALENCAR,Não informado,EM FRENTE AO SUPERMERCADO DESKONTÃO /PRÓX. A ENTRADA DO VASCO,CASA AMARELA,Não informado,COLISÃO TRASEIRA,Não informado,1.0,0.0,0.0,0.0,0.0,0.0,1.0,0.0,0.0,0.0,0.0,Não informado,Não informado,Não informado,Não informado,Não informado,Não informado,Não informado,Não informado,60.0,Não informado,Não informado,SEM VÍTIMA,2022,10,11,1,
2022-10-12,,Não informado,FINALIZADA,BOA VISTA,AV JOAO DE BARROS,Não informado,EM FRENTE A NEOENERGIA,BOA VISTA,CIDADE,Não informado,Não informado,1.0,0.0,0.0,0.0,0.0,0.0,0.0,0.0,1.0,0.0,0.0,Longo da via,Bom,Não existe,Perfeito estado,Seca,Perfeito estado,Não existe,Outras,60.0,Única,Não existe,SEM VÍTIMA,2022,10,12,2,
2022-10-12,,Não informado,FINALIZADA,SANCHO,RUA APRIGIO GUIMARAES,Não informado,EM FRENTE AO ZEZINHO BOMBONS,SANCHO,SUBURBIO,COLISÃO LATERAL,Não informado,1.0,1.0,0.0,0.0,0.0,0.0,0.0,0.0,0.0,1.0,0.0,Longo da via,Bom,Não existe,Perfeito estado,Seca,Perfeito estado,Não existe,"Placas ""Pare""",60.0,Dupla,Não existe,COM VÍTIMA,2022,10,12,2,
2022-10-12,,Não informado,CANCELADA,BOA VIAGEM,RUA BALTAZAR PASSOS,Não informado,EM FRENTE A PADARIA PAN JOVEM,BOA VIAGEM,Não informado,COLISÃO TRANSVERSAL,Não informado,0.0,0.0,0.0,0.0,0.0,0.0,0.0,0.0,0.0,0.0,0.0,Não informado,Não informado,Não informado,Não informado,Não informado,Não informado,Não informado,Não informado,60.0,Não informado,Não informado,SEM VÍTIMA,2022,10,12,2,
2022-10-12,,Não informado,CANCELADA,IBURA,AV DOIS RIOS,Não informado,EM FRENTE AO POSTO BR,IBURA,Não informado,ATROPELAMENTO DE ANIMAL,Não informado,0.0,0.0,0.0,0.0,0.0,0.0,0.0,0.0,0.0,0.0,0.0,Não informado,Não informado,Não informado,Não informado,Não informado,Não informado,Não informado,Não informado,60.0,Não informado,Não informado,SEM VÍTIMA,2022,10,12,2,
2022-10-12,,Não informado,FINALIZADA,FUNDÃO,RUA CORONEL URBANO RIBEIRO DE SENA,Não informado,DO LADO DA BARRIGUDA,FUNDÃO,Não informado,COLISÃO LATERAL,Não informado,0.0,2.0,0.0,0.0,0.0,0.0,0.0,0.0,0.0,1.0,0.0,Longo da via,Bom,Não existe,Perfeito estado,Seca,Perfeito estado,Não informado,R-6a,30.0,Dupla,Não existe,COM VÍTIMA,2022,10,12,2,
2022-10-13,,Não informado,FINALIZADA,BEBERIBE,AV BEBERIBE,Não informado,EM FRENTE AO COMERCIAL BECHARA,BEBERIBE,CIDADE,COLISÃO LATERAL,Não informado,1.0,1.0,0.0,0.0,0.0,0.0,0.0,0.0,0.0,1.0,0.0,Longo da via,Bom,Não existe,Perfeito estado,Seca,Perfeito estado,Não existe,Não há placas,60.0,Única,Faixa contínua,COM VÍTIMA,2022,10,13,3,
2022-10-13,,Não informado,FINALIZADA,IPSEP,RUA FRANCISCO BARRETO,Não informado,COLISÃO SEM VÍTIMA ENTRE AUTO E ONIBUS,IPSEP,Não informado,COLISÃO TRASEIRA,Não informado,1.0,0.0,0.0,0.0,0.0,1.0,0.0,0.0,0.0,0.0,0.0,Não informado,Não informado,Não informado,Não informado,Não informado,Não informado,Não informado,Não informado,60.0,Não informado,Não informado,SEM VÍTIMA,2022,10,13,3,
2022-10-13,,Não informado,FINALIZADA,SÃO JOSÉ,AV DANTAS BARRETO,RUA SAO JOAO,Não informado,SÃO JOSÉ,Não informado,ATROPELAMENTO DE PESSOA,Não informado,0.0,1.0,0.0,0.0,1.0,0.0,0.0,0.0,0.0,1.0,0.0,Cruzamento,Chuvoso,Sem defeito,Perfeito estado,Molhada,Perfeito estado,Faixa de pedestre,Não há placas,60.0,Dupla,Faixa,COM VÍTIMA,2022,10,13,3,
2022-10-13,,Não informado,FINALIZADA,SANTO ANTÔNIO,CAIS DO APOLO,PTE CONDE MAURICIO DE NASSAU,Não informado,SANTO ANTÔNIO,Não informado,TOMBAMENTO,Não informado,0.0,0.0,0.0,0.0,0.0,0.0,0.0,1.0,0.0,0.0,0.0,Não informado,Não informado,Não informado,Não informado,Não informado,Não informado,Não informado,Não informado,60.0,Não informado,Não informado,SEM VÍTIMA,2022,10,13,3,
2022-10-13,,Não informado,FINALIZADA,SANTO ANTÔNIO,PRC DA REPUBLICA,Não informado,AO LADO DO TEATRO SANTA ISABEL,SANTO ANTÔNIO,CIDADE,Não informado,Não informado,0.0,1.0,0.0,0.0,0.0,0.0,0.0,0.0,0.0,0.0,0.0,Longo da via,Bom,Não existe,Perfeito estado,Seca,Perfeito estado,Não existe,Não há placas,60.0,Única,Não informado,SEM VÍTIMA,2022,10,13,3,
2022-10-13,,Não informado,FINALIZADA,BOA VIAGEM,RUA VISCONDE DE JEQUITINHONHA,Não informado,OPOSTO A DIPLOMATA,BOA VIAGEM,SUBURBIO,ATROPELAMENTO DE PESSOA,Não informado,1.0,0.0,0.0,0.0,1.0,0.0,0.0,0.0,0.0,1.0,0.0,Longo da via,Bom,Com defeito,Perfeito estado,Seca,Perfeito estado,Agente,Não há placas,60.0,Única,Faixa seccionada,COM VÍTIMA,2022,10,13,3,
2022-10-13,,Não informado,FINALIZADA,ESPINHEIRO,AV NORTE MIGUEL ARRAES DE ALENCAR,RUA ALFREDO DE CASTRO,NO SEMÁFORO 665,ESPINHEIRO,CIDADE,COLISÃO TRASEIRA,Não informado,1.0,1.0,0.0,0.0,0.0,0.0,0.0,0.0,0.0,1.0,0.0,Cruzamento,Bom,Sem defeito,Perfeito estado,Seca,Perfeito estado,Faixa de pedestre,Não há placas,40.0,Única,Não existe,COM VÍTIMA,2022,10,13,3,
2022-10-13,,Não informado,FINALIZADA,CASA FORTE,EST DAS UBAIAS,EST DO ENCANAMENTO,DROGASIL,CASA FORTE,Não informado,COLISÃO TRASEIRA,Não informado,3.0,0.0,0.0,0.0,0.0,0.0,0.0,0.0,0.0,0.0,0.0,Não informado,Não informado,Não informado,Não informado,Não informado,Não informado,Não informado,Não informado,60.0,Não informado,Não informado,SEM VÍTIMA,2022,10,13,3,
2022-10-13,,Não informado,FINALIZADA,JARDIM SÃO PAULO,AV RECIFE,Não informado,NA ENTRADA DE JARDIM SÃO PAULO,JARDIM SÃO PAULO,Não informado,COLISÃO FRONTAL,Não informado,1.0,1.0,0.0,0.0,0.0,0.0,0.0,0.0,0.0,2.0,0.0,Longo da via,Bom,Sem defeito,Perfeito estado,Seca,Perfeito estado,Não existe,Não há placas,60.0,Dupla,Canteiro central,COM VÍTIMA,2022,10,13,3,
2022-10-14,,Não informado,FINALIZADA,JORDÃO,RUA DR ALVARO FERRAZ,Não informado,TERMINAL DE JORDÃO BAIXO,JORDÃO,Não informado,CAPOTAMENTO,Não informado,1.0,0.0,0.0,0.0,0.0,0.0,0.0,0.0,0.0,0.0,0.0,Não informado,Não informado,Não informado,Não informado,Não informado,Não informado,Não informado,Não informado,60.0,Não informado,Não informado,SEM VÍTIMA,2022,10,14,4,
2022-10-14,,Não informado,CANCELADA,BOA VIAGEM,RUA PADRE CARAPUCEIRO,Não informado,PRÓX. AO SHOPPING RECIFE / EM FRENTE À McDONALD'S,BOA VIAGEM,Não informado,COLISÃO TRASEIRA,Não informado,0.0,0.0,0.0,0.0,0.0,0.0,1.0,1.0,0.0,0.0,0.0,Não informado,Não informado,Não informado,Não informado,Não informado,Não informado,Não informado,Não informado,60.0,Não informado,Não informado,SEM VÍTIMA,2022,10,14,4,
2022-10-14,,Não informado,FINALIZADA,GRAÇAS,AV GOVERNADOR AGAMENON MAGALHAES,RUA DR BANDEIRA FILHO,PROX AO CLUBE PORTUGUES,GRAÇAS,SUBURBIO / BOA VIAGEM,ATROPELAMENTO DE PESSOA,Não informado,0.0,1.0,0.0,0.0,1.0,0.0,0.0,0.0,0.0,1.0,0.0,Longo da via,Bom,Sem defeito,Perfeito estado,Seca,Perfeito estado,Não informado,Não há placas,60.0,Dupla,Canal,COM VÍTIMA,2022,10,14,4,
2022-10-14,,Não informado,FINALIZADA,BOA VISTA,AV CONDE DA BOA VISTA,RUA DOM BOSCO,PROX AO SEMÁFORO 027,BOA VISTA,SUBURBIO,COLISÃO COM CICLISTA,Não informado,0.0,0.0,0.0,1.0,0.0,1.0,0.0,0.0,0.0,1.0,0.0,Longo da via,Bom,Sem defeito,Perfeito estado,Seca,Perfeito estado,Faixa de pedestre,Não há placas,60.0,Dupla,Canteiro central,COM VÍTIMA,2022,10,14,4,
2022-10-14,,Não informado,FINALIZADA,AFOGADOS,RUA SAO MIGUEL,Não informado,LADO OPOSTO AO ARMAZEM CORAL,AFOGADOS,SUBURBIO,COLISÃO TRANSVERSAL,Não informado,0.0,0.0,0.0,0.0,0.0,2.0,0.0,0.0,0.0,1.0,0.0,Longo da via,Bom,Não existe,Não existente,Seca,Perfeito estado,Não informado,Não informado,60.0,Dupla,Faixa contínua,COM VÍTIMA,2022,10,14,4,
2022-10-14,,Não informado,FINALIZADA,IPUTINGA,AV CAXANGA,Não informado,LADO OPOSTO AO  JBS VEICULOS,IPUTINGA,CIDADE,COLISÃO TRASEIRA,Não informado,1.0,0.0,0.0,0.0,1.0,0.0,0.0,0.0,0.0,1.0,0.0,Longo da via,Bom,Não existe,Perfeito estado,Seca,Perfeito estado,Não existe,R-6a,60.0,Dupla,Canteiro central,COM VÍTIMA,2022,10,14,4,
2022-10-14,,Não informado,FINALIZADA,BOA VIAGEM,AVENIDA CELSO FURTADO (VIA MANGUE),Não informado,NA FINAL DA VIA MANGUE SENTIDO BOA VIAGEM,BOA VIAGEM,SUBURBIO,COLISÃO LATERAL,Não informado,1.0,1.0,0.0,0.0,0.0,0.0,0.0,0.0,0.0,1.0,0.0,Viaduto,Bom,Não existe,Perfeito estado,Seca,Perfeito estado,Não existe,Não há placas,60.0,Única,Faixa contínua,COM VÍTIMA,2022,10,14,4,
2022-10-15,,Não informado,FINALIZADA,BOA VIAGEM,AV BOA VIAGEM,Não informado,EM FRENTE AO HOTEL ATLANTE PLAZA,BOA VIAGEM,Não informado,CHOQUE,Não informado,1.0,0.0,0.0,0.0,0.0,1.0,0.0,0.0,0.0,0.0,0.0,Não informado,Não informado,Não informado,Não informado,Não informado,Não informado,Não informado,Não informado,60.0,Não informado,Não informado,SEM VÍTIMA,2022,10,15,5,
2022-10-15,,Não informado,FINALIZADA,BOA VIAGEM,RUA PEDRO PAES MENDONCA,Não informado,AO LADO DO BIG BOMPREÇO,BOA VIAGEM,Não informado,COLISÃO LATERAL,Não informado,1.0,1.0,0.0,0.0,0.0,0.0,0.0,0.0,0.0,1.0,0.0,Longo da via,Chuvoso,Não existe,Perfeito estado,Molhada,Perfeito estado,Não existe,R-6a,60.0,Única,Faixa seccionada,COM VÍTIMA,2022,10,15,5,
2022-10-15,,Não informado,CANCELADA,PINA,AV CONSELHEIRO AGUIAR,Não informado,E/F A GALERIA PORTO FINO,PINA,Não informado,COLISÃO LATERAL,Não informado,1.0,1.0,0.0,0.0,0.0,0.0,0.0,0.0,0.0,1.0,0.0,Não informado,Não informado,Não informado,Não informado,Não informado,Não informado,Não informado,Não informado,60.0,Não informado,Não informado,COM VÍTIMA,2022,10,15,5,
2022-10-15,,Não informado,FINALIZADA,BOA VIAGEM,AV CONSELHEIRO AGUIAR,RUA ARTUR MUNIZ,COLISÃO ENTRE DOIS VEÍCULOS COM UMA VÍTIMA,BOA VIAGEM,CIDADE,COLISÃO TRANSVERSAL,Não informado,1.0,1.0,0.0,0.0,0.0,0.0,0.0,0.0,0.0,1.0,0.0,Cruzamento,Bom,Sem defeito,Perfeito estado,Seca,Perfeito estado,Faixa de pedestre,Outras,60.0,Única,Faixa seccionada,COM VÍTIMA,2022,10,15,5,
2022-10-15,,Não informado,FINALIZADA,BAIRRO DO RECIFE,AV ALFREDO LISBOA,Não informado,LADO OPOST AO ARMAZEM 13,BAIRRO DO RECIFE,SUBURBIO,COLISÃO FRONTAL,Não informado,1.0,1.0,0.0,0.0,0.0,0.0,0.0,0.0,0.0,1.0,0.0,Longo da via,Bom,Não existe,Perfeito estado,Seca,Perfeito estado,Outros,Outras,30.0,Única,Não existe,COM VÍTIMA,2022,10,15,5,
2022-10-15,,Não informado,FINALIZADA,MADALENA,RUA EUCLIDES DA CUNHA,Não informado,EM FRENTE AO INTERNACIONAL,MADALENA,Não informado,COLISÃO FRONTAL,Não informado,1.0,1.0,0.0,0.0,0.0,0.0,0.0,0.0,0.0,1.0,0.0,Cruzamento,Bom,Sem defeito,Perfeito estado,Seca,Mal conservada,Não informado,Não informado,60.0,Dupla,Canteiro central,COM VÍTIMA,2022,10,15,5,
2022-10-16,,Não informado,FINALIZADA,BOA VIAGEM,AV BOA VIAGEM,RUA VICENCIA,HOTEL ATLANTE PLAZA,BOA VIAGEM,Não informado,COLISÃO TRASEIRA,Não informado,2.0,0.0,0.0,0.0,0.0,0.0,0.0,0.0,0.0,1.0,0.0,Longo da via,Bom,Não existe,Perfeito estado,Seca,Perfeito estado,Não existe,Não há placas,60.0,Única,Faixa seccionada,COM VÍTIMA,2022,10,16,6,
2022-10-16,,Não informado,FINALIZADA,CORDEIRO,RUA MAURICIO DE NASSAU,Não informado,PROXIMO AO GOE,CORDEIRO,SUBURBIO,COLISÃO TRASEIRA,Não informado,3.0,0.0,0.0,0.0,0.0,0.0,0.0,0.0,0.0,0.0,0.0,Longo da via,Bom,Sem defeito,Perfeito estado,Seca,Não informado,Faixa de pedestre,Não há placas,60.0,Dupla,Não existe,SEM VÍTIMA,2022,10,16,6,
2022-10-16,,Não informado,FINALIZADA,PORTO DA MADEIRA,RUA DALVA DE OLIVEIRA,Não informado,EM FRENTE A IGREJA BATISTA DO VALE,PORTO DA MADEIRA,Não informado,COLISÃO TRASEIRA,Não informado,1.0,1.0,0.0,0.0,0.0,0.0,0.0,0.0,0.0,1.0,0.0,Cruzamento,Bom,Não existe,Não existente,Seca,Perfeito estado,Não existe,Não há placas,60.0,Dupla,Não existe,COM VÍTIMA,2022,10,16,6,
2022-10-17,,Não informado,FINALIZADA,SANTO AMARO,AV CRUZ CABUGA,AV DR JAYME DA FONTE,SECRETARIA DA FAZENDA,SANTO AMARO,Não informado,ENGAVETAMENTO,Não informado,3.0,0.0,0.0,0.0,0.0,0.0,0.0,0.0,0.0,1.0,0.0,Longo da via,Bom,Sem defeito,Perfeito estado,Seca,Perfeito estado,Faixa de pedestre,R-6a,60.0,Dupla,Faixa seccionada,COM VÍTIMA,2022,10,17,0,
2022-10-17,,Não informado,FINALIZADA,ILHA DO LEITE,AV FREI MATIAS TEVES,RUA SENADOR JOSE HENRIQUE,ATRÁS DO Albert  Einstein / EMPRESARIAL CHARLES DARWIN,ILHA DO LEITE,Não informado,COLISÃO TRASEIRA,Não informado,1.0,1.0,0.0,0.0,0.0,0.0,0.0,0.0,0.0,1.0,0.0,Cruzamento,Bom,Não existe,Perfeito estado,Seca,Perfeito estado,Não informado,R-6a,60.0,Única,Faixa contínua,COM VÍTIMA,2022,10,17,0,
2022-10-17,,Não informado,FINALIZADA,BOMBA DO HEMETÉRIO,RUA CHA DE ALEGRIA,Não informado,COLÉGIO MARDONIO COELHO,BOMBA DO HEMETÉRIO,Não informado,COLISÃO LATERAL,Não informado,1.0,1.0,0.0,0.0,0.0,0.0,0.0,0.0,0.0,1.0,0.0,Longo da via,Bom,Não existe,Não existente,Seca,Perfeito estado,Não existe,Não há placas,60.0,Dupla,Não existe,COM VÍTIMA,2022,10,17,0,