data,hora,natureza_acidente,situacao,bairro,endereco,detalhe_endereco_acidente,complemento,bairro_cruzamento,sentido_via,tipo,descricao,auto,moto,ciclom,ciclista,pedestre,onibus,caminhao,viatura,outros,vitimas,vitimasfatais,acidente_verificado,tempo_clima,situacao_semaforo,sinalizacao,condicao_via,conservacao_via,ponto_controle,situacao_placa,velocidade_max_via,mao_direcao,divisao_via1,natureza,ano,mes,dia,dia_semana,hora_ocorrencia
2022-10-17,,Não informado,FINALIZADA,BOA VIAGEM,AV BOA VIAGEM,Não informado,PRÓXIMO AO PRIMEIRO JARDIM,BOA VIAGEM,CIDADE,Não informado,Não informado,1.0,0.0,0.0,0.0,0.0,0.0,0.0,1.0,0.0,0.0,0.0,Longo da via,Bom,Não existe,Perfeito estado,Seca,Perfeito estado,Não existe,R-6a,60.0,Única,Faixa seccionada,SEM VÍTIMA,2022,10,17,0,
2022-10-17,,Não informado,FINALIZADA,AFOGADOS,AV SUL,Não informado,PISTA PRINCIPAL,AFOGADOS,Não informado,COLISÃO COM CICLISTA,Não informado,0.0,0.0,0.0,1.0,0.0,1.0,0.0,0.0,0.0,1.0,0.0,Longo da via,Bom,Não existe,Perfeito estado,Seca,Perfeito estado,Não existe,Não há placas,60.0,Dupla,Canteiro central,COM VÍTIMA,2022,10,17,0,
2022-10-17,,Não informado,FINALIZADA,ARRUDA,AV BEBERIBE,Não informado,EM FRENTE AO LAR ESPÍRITA LUZ E AMOR E TBM ESQUINA DO BANCO DO BRASIL,ARRUDA,Não informado,QUEDA,Não informado,0.0,1.0,0.0,0.0,0.0,0.0,0.0,0.0,0.0,1.0,0.0,Longo da via,Bom,Não existe,Perfeito estado,Seca,Perfeito estado,Não existe,R-6a,60.0,Dupla,Faixa seccionada,COM VÍTIMA,2022,10,17,0,
2022-10-17,,Não informado,FINALIZADA,SANTO AMARO,AV CRUZ CABUGA,RUA PEDRO AFONSO,PRÓXIMO A CTTU,SANTO AMARO,Não informado,CHOQUE,Não informado,1.0,0.0,0.0,0.0,0.0,0.0,0.0,0.0,0.0,1.0,0.0,Cruzamento,Bom,Sem defeito,Perfeito estado,Seca,Perfeito estado,Faixa de pedestre,Não há placas,60.0,Dupla,Faixa contínua,COM VÍTIMA,2022,10,17,0,
2022-10-18,,Não informado,FINALIZADA,CASA AMARELA,AV NORTE MIGUEL ARRAES DE ALENCAR,Não informado,Não informado,CASA AMARELA,SUBURBIO,Não informado,Não informado,2.0,0.0,0.0,0.0,0.0,0.0,0.0,0.0,0.0,0.0,0.0,Longo da via,Bom,Não existe,Perfeito estado,Seca,Perfeito estado,Não existe,Outras,50.0,Dupla,Canteiro central,SEM VÍTIMA,2022,10,18,1,
2022-10-18,,Não informado,FINALIZADA,JOANA BEZERRA,VIADUTO CAPITAO TEMUDO,Não informado,"EM CIMA DO VIADUTO, SENTIDO BOA VIAGEM",JOANA BEZERRA,SUBURBIO,COLISÃO LATERAL,Não informado,1.0,1.0,0.0,0.0,0.0,0.0,0.0,0.0,0.0,1.0,0.0,Longo da via,Bom,Sem defeito,Perfeito estado,Seca,Perfeito estado,Não existe,Não há placas,60.0,Única,Faixa contínua,COM VÍTIMA,2022,10,18,1,
2022-10-18,,Não informado,FINALIZADA,CABANGA,PTE GOVERNADOR PAULO GUERRA,Não informado,AO LADO DA COMPESA,CABANGA,Não informado,COLISÃO LATERAL,Não informado,0.0,1.0,0.0,0.0,0.0,1.0,0.0,0.0,0.0,1.0,0.0,Ponte,Bom,Não existe,Perfeito estado,Seca,Perfeito estado,Não existe,R-6a,60.0,Única,Faixa seccionada,COM VÍTIMA,2022,10,18,1,
2022-10-18,,Não informado,FINALIZADA,BOA VIAGEM,AV BOA VIAGEM,Não informado,EM FRENTE AO EDF. MANHATTAN,BOA VIAGEM,CIDADE,COLISÃO FRONTAL,Não informado,2.0,2.0,0.0,0.0,0.0,0.0,0.0,0.0,0.0,1.0,0.0,Longo da via,Bom,Não existe,Perfeito estado,Seca,Perfeito estado,Não existe,R-19,60.0,Única,Faixa seccionada,COM VÍTIMA,2022,10,18,1,
2022-10-18,,Não informado,FINALIZADA,BONGI,AV ENGENHEIRO ABDIAS DE CARVALHO,Não informado,EM FRENTE AO COMPAZ/ SENTIDO BR,BONGI,Não informado,COLISÃO LATERAL,Não informado,1.0,1.0,0.0,0.0,0.0,0.0,0.0,0.0,0.0,1.0,0.0,Longo da via,Bom,Sem defeito,Incompleta,Seca,Mal conservada,Não informado,Não há placas,60.0,Única,Não existe,COM VÍTIMA,2022,10,18,1,
2022-10-18,,Não informado,FINALIZADA,BOA VIAGEM,AV DOM JOAO VI,Não informado,NA ENTRADA DO TUNEL DE BOA VIAGEM,BOA VIAGEM,SUBURBIO,ATROPELAMENTO DE PESSOA,Não informado,1.0,0.0,0.0,0.0,1.0,0.0,0.0,0.0,0.0,1.0,0.0,Não informado,Não informado,Não informado,Não informado,Não informado,Não informado,Não informado,Não informado,60.0,Não informado,Não informado,COM VÍTIMA,2022,10,18,1,
2022-10-19,,Não informado,FINALIZADA,BONGI,RUA COSME VIANA,EST DO BONGI,IMBIRIBEIRA VICULOS,BONGI,SUBURBIO,COLISÃO TRANSVERSAL,Não informado,1.0,1.0,0.0,0.0,0.0,0.0,0.0,0.0,0.0,1.0,0.0,Cruzamento,Bom,Sem defeito,Perfeito estado,Seca,Perfeito estado,Faixa de retenção,Não há placas,60.0,Única,Faixa seccionada,COM VÍTIMA,2022,10,19,2,
2022-10-19,,Não informado,CANCELADA,AFOGADOS,AV SUL,Não informado,EM FRENTE AO T.I. LARGO DA PAZ.,AFOGADOS,Não informado,COLISÃO LATERAL,Não informado,1.0,0.0,0.0,0.0,0.0,0.0,0.0,1.0,0.0,0.0,0.0,Não informado,Não informado,Não informado,Não informado,Não informado,Não informado,Não informado,Não informado,60.0,Não informado,Não informado,SEM VÍTIMA,2022,10,19,2,
2022-10-19,,Não informado,FINALIZADA,CAXANGÁ,AV CAXANGA,Não informado,GOLF MOTOS,CAXANGÁ,Não informado,COLISÃO COM CICLISTA,Não informado,0.0,1.0,0.0,1.0,0.0,0.0,0.0,0.0,0.0,2.0,0.0,Longo da via,Bom,Não existe,Perfeito estado,Seca,Perfeito estado,Não informado,Não informado,60.0,Dupla,Não informado,COM VÍTIMA,2022,10,19,2,
2022-10-19,,Não informado,FINALIZADA,SANTO AMARO,RUA AURORA,RUA ARARIPINA,AO LADO DA SEPLAG,SANTO AMARO,CIDADE,Não informado,Não informado,0.0,1.0,0.0,0.0,0.0,0.0,0.0,1.0,0.0,1.0,0.0,Não informado,Bom,Não existe,Perfeito estado,Seca,Perfeito estado,Não existe,Não há placas,60.0,Única,Faixa seccionada,COM VÍTIMA,2022,10,19,2,
2022-10-19,,Não informado,FINALIZADA,CAXANGÁ,AV CAXANGA,Não informado,EM FRENTE AO GOLF CLUBE,CAXANGÁ,SUBURBIO,COLISÃO TRASEIRA,Não informado,2.0,1.0,0.0,0.0,0.0,0.0,0.0,0.0,0.0,2.0,0.0,Longo da via,Bom,Não existe,Perfeito estado,Seca,Perfeito estado,Não existe,Não há placas,60.0,Única,Faixa seccionada,COM VÍTIMA,2022,10,19,2,
2022-10-19,,Não informado,FINALIZADA,Não informado,AV GOVERNADOR AGAMENON MAGALHAES,Não informado,SOB A PONTE RAIMUNDO FARIAS,Não informado,CIDADE,Não informado,Não informado,1.0,0.0,0.0,0.0,0.0,0.0,1.0,0.0,0.0,0.0,0.0,Ponte,Bom,Sem defeito,Perfeito estado,Seca,Perfeito estado,Faixa de pedestre,Não informado,60.0,Única,Não informado,SEM VÍTIMA,2022,10,19,2,
2022-10-19,,Não informado,FINALIZADA,DERBY,RUA FELICIANO GOMES,RUA JENER DE SOUZA,PROX. A PRAÇA DO DERBY,DERBY,SUBURBIO,COLISÃO FRONTAL,Não informado,1.0,1.0,0.0,0.0,0.0,0.0,0.0,0.0,0.0,1.0,0.0,Cruzamento,Bom,Não existe,Perfeito estado,Seca,Perfeito estado,Não informado,Não há placas,60.0,Dupla,Faixa contínua,COM VÍTIMA,2022,10,19,2,
2022-10-19,,Não informado,FINALIZADA,BOA VIAGEM,AV ENGENHEIRO DOMINGOS FERREIRA,RUA TOME GIBSON,E/F A ESCOLA MUNICIPAL OSVALDO LIMA FILHO,BOA VIAGEM,Não informado,COLISÃO LATERAL,Não informado,1.0,1.0,0.0,0.0,0.0,0.0,0.0,0.0,0.0,1.0,0.0,Longo da via,Bom,Com defeito,Perfeito estado,Seca,Perfeito estado,Faixa de retenção,R-6a,60.0,Única,Faixa seccionada,COM VÍTIMA,2022,10,19,2,
2022-10-20,,Não informado,FINALIZADA,BOA VIAGEM,RUA COSMORAMA,RUA BALTAZAR PASSOS,"SEMAFORO 556, PROX. AO COLEGIO MADRE DE DEUS",BOA VIAGEM,CIDADE,COLISÃO COM CICLISTA,Não informado,0.0,0.0,0.0,1.0,0.0,1.0,0.0,0.0,0.0,1.0,0.0,Cruzamento,Bom,Sem defeito,Perfeito estado,Seca,Perfeito estado,Faixa de pedestre,Outras,60.0,Única,Não existe,COM VÍTIMA,2022,10,20,3,
2022-10-20,,Não informado,FINALIZADA,CAXANGÁ,RUA EMILIANO BRAGA,Não informado,"ENTRADA DO T.I CDU, EM FRENTE A ESCOLA DESAFIO",CAXANGÁ,SUBURBIO,COLISÃO FRONTAL,Não informado,1.0,1.0,0.0,0.0,0.0,0.0,0.0,0.0,0.0,1.0,0.0,Cruzamento,Bom,Não existe,Perfeito estado,Seca,Perfeito estado,Faixa de pedestre,R-6a,60.0,Única,Faixa contínua,COM VÍTIMA,2022,10,20,3,
2022-10-20,,Não informado,FINALIZADA,TORRE,RUA PADRE ANCHIETA,Não informado,PROX AO PÃO DE AÇÚCAR,TORRE,Não informado,ATROPELAMENTO DE PESSOA,Não informado,1.0,0.0,0.0,0.0,1.0,0.0,0.0,0.0,0.0,1.0,0.0,Longo da via,Bom,Não existe,Perfeito estado,Seca,Perfeito estado,Não existe,Não há placas,60.0,Única,Não existe,COM VÍTIMA,2022,10,20,3,
2022-10-20,,Não informado,FINALIZADA,MADALENA,RUA JOAO IVO DA SILVA,RUA NOBRE DE LACERDA,EM FRENTE AO POSTO PETROVIA,MADALENA,SUBURBIO,COLISÃO FRONTAL,Não informado,1.0,1.0,0.0,0.0,0.0,0.0,0.0,0.0,0.0,1.0,0.0,Longo da via,Bom,Não existe,Perfeito estado,Seca,Perfeito estado,Não existe,Outras,50.0,Única,Canteiro central,COM VÍTIMA,2022,10,20,3,
2022-10-20,,Não informado,FINALIZADA,IMBIRIBEIRA,RUA ITACARI,RUA ITAJAI,POR TRÁS DO BANCO ITAU,IMBIRIBEIRA,SUBURBIO,COLISÃO LATERAL,Não informado,0.0,1.0,0.0,0.0,0.0,0.0,1.0,0.0,0.0,1.0,0.0,Cruzamento,Bom,Não existe,Perfeito estado,Seca,Perfeito estado,Faixa de pedestre,Não há placas,40.0,Única,Não informado,COM VÍTIMA,2022,10,20,3,
2022-10-20,,Não informado,FINALIZADA,BOA VISTA,AV GOVERNADOR AGAMENON MAGALHAES,AV RUI BARBOSA,Não informado,BOA VISTA,OLINDA,COLISÃO LATERAL,Não informado,1.0,1.0,0.0,0.0,0.0,0.0,0.0,0.0,0.0,1.0,0.0,Longo da via,Bom,Sem defeito,Perfeito estado,Seca,Perfeito estado,Agente,Outras,60.0,Dupla,Faixa seccionada,COM VÍTIMA,2022,10,20,3,
2022-10-21,,Não informado,FINALIZADA,DERBY,AV GOVERNADOR AGAMENON MAGALHAES,Não informado,COM A AV RUI BARBOSA(SEMAFORO Nº037,DERBY,Não informado,COLISÃO TRANSVERSAL,Não informado,0.0,1.0,0.0,0.0,0.0,0.0,0.0,1.0,0.0,1.0,0.0,Cruzamento,Bom,Sem defeito,Perfeito estado,Seca,Perfeito estado,Faixa de retenção,Não há placas,60.0,Única,Faixa seccionada,COM VÍTIMA,2022,10,21,4,
2022-10-21,,Não informado,FINALIZADA,SANTO AMARO,AV CRUZ CABUGA,Não informado,EM FRENTE AO GINÁSIO PERNAMBUCANO,SANTO AMARO,CIDADE,COLISÃO TRASEIRA,Não informado,1.0,1.0,0.0,0.0,0.0,0.0,0.0,0.0,0.0,1.0,0.0,Longo da via,Bom,Sem defeito,Perfeito estado,Seca,Perfeito estado,Faixa de pedestre,R-6a,60.0,Dupla,Faixa contínua,COM VÍTIMA,2022,10,21,4,
2022-10-21,,Não informado,FINALIZADA,AFOGADOS,EST DOS REMEDIOS,Não informado,EM FRENTE A 2B AUTO CENTER,AFOGADOS,CIDADE,ATROPELAMENTO DE PESSOA,Não informado,0.0,1.0,0.0,0.0,1.0,0.0,0.0,0.0,0.0,2.0,0.0,Longo da via,Bom,Não existe,Perfeito estado,Seca,Perfeito estado,Não existe,Não há placas,60.0,Única,Faixa seccionada,COM VÍTIMA,2022,10,21,4,
2022-10-21,,Não informado,FINALIZADA,IMBIRIBEIRA,AV SUL,Não informado,TERMINAL INTEGRADO TANCREDO NEVES,IMBIRIBEIRA,SUBURBIO,ATROPELAMENTO DE PESSOA,Não informado,0.0,0.0,0.0,0.0,1.0,1.0,0.0,0.0,0.0,1.0,0.0,Outros,Bom,Não existe,Perfeito estado,Seca,Perfeito estado,Não existe,Não há placas,20.0,Única,Canteiro central,COM VÍTIMA,2022,10,21,4,
2022-10-21,,Não informado,FINALIZADA,JARDIM SÃO PAULO,AV RECIFE,Não informado,AÇAI ATACADISTA,JARDIM SÃO PAULO,Não informado,COLISÃO TRASEIRA,Não informado,1.0,2.0,0.0,0.0,0.0,0.0,0.0,0.0,0.0,2.0,0.0,Não informado,Não informado,Não informado,Não informado,Não informado,Não informado,Não informado,Não informado,60.0,Não informado,Não informado,COM VÍTIMA,2022,10,21,4,
2022-10-21,,Não informado,FINALIZADA,TAMARINEIRA,EST DO ARRAIAL,RUA DES GOIS CAVALCANTE,EM FRENTE AO SUPERMERCADO RECIBOM,TAMARINEIRA,SUBURBIO,Não informado,Não informado,2.0,0.0,0.0,0.0,0.0,0.0,0.0,0.0,0.0,0.0,0.0,Longo da via,Bom,Sem defeito,Perfeito estado,Seca,Perfeito estado,Faixa de pedestre,Outras,60.0,Única,Não informado,SEM VÍTIMA,2022,10,21,4,
2022-10-21,,Não informado,FINALIZADA,BOA VIAGEM,AV ENGENHEIRO DOMINGOS FERREIRA,Não informado,EM FRENTE AO SUPERMERCADO  RECIBOM,BOA VIAGEM,SUBURBIO,COLISÃO TRASEIRA,Não informado,2.0,0.0,0.0,0.0,0.0,0.0,0.0,0.0,0.0,0.0,0.0,Longo da via,Bom,Sem defeito,Perfeito estado,Seca,Perfeito estado,Faixa de pedestre,Não há placas,60.0,Única,Faixa seccionada,SEM VÍTIMA,2022,10,21,4,
2022-10-21,,Não informado,FINALIZADA,IPSEP,RUA SAO NICOLAU,RUA ABDIAS CABRAL DE MOURA,EM FRENTE A SPORT CAR,IPSEP,Não informado,COLISÃO LATERAL,Não informado,1.0,1.0,0.0,0.0,0.0,0.0,0.0,0.0,0.0,1.0,0.0,Cruzamento,Bom,Não existe,Perfeito estado,Seca,Perfeito estado,Não existe,R-4a,60.0,Única,Não existe,COM VÍTIMA,2022,10,21,4,
2022-10-21,,Não informado,FINALIZADA,BOA VIAGEM,AVENIDA CELSO FURTADO (VIA MANGUE),Não informado,POR TRAS DO ANTIGO EXTRA/ SENTIDO PIEDADE,BOA VIAGEM,SUBURBIO,COLISÃO COM CICLISTA,Não informado,0.0,1.0,0.0,1.0,0.0,0.0,0.0,0.0,0.0,2.0,0.0,Longo da via,Bom,Não existe,Perfeito estado,Seca,Perfeito estado,Não existe,Outras,60.0,Única,Faixa seccionada,COM VÍTIMA,2022,10,21,4,
2022-10-21,,Não informado,FINALIZADA,CORDEIRO,RUA GOMES TABORDA,Não informado,EM FRENTE AO SUPERMERCADO IDEAL,CORDEIRO,SUBURBIO,COLISÃO FRONTAL,Não informado,1.0,1.0,0.0,0.0,0.0,0.0,0.0,0.0,0.0,2.0,0.0,Longo da via,Bom,Sem defeito,Incompleta,Seca,Mal conservada,Não existe,R-6a,40.0,Dupla,Faixa contínua,COM VÍTIMA,2022,10,21,4,
2022-10-21,,Não informado,FINALIZADA,AREIAS,AV DR JOSE RUFINO,Não informado,EM FRENTE A CONCESSIONÁRIA HONDA,AREIAS,SUBURBIO,COLISÃO LATERAL,Não informado,1.0,1.0,0.0,0.0,0.0,0.0,0.0,0.0,0.0,1.0,0.0,Longo da via,Bom,Sem defeito,Incompleta,Seca,Mal iluminada,Não existe,Outras,60.0,Dupla,Faixa contínua,COM VÍTIMA,2022,10,21,4,
2022-10-21,,Não informado,FINALIZADA,ALTO JOSÉ BONIFÁCIO,RUA ALTO NOSSA SENHORA DE FATIMA,Não informado,Não informado,ALTO JOSÉ BONIFÁCIO,CIDADE,COLISÃO FRONTAL,Não informado,0.0,1.0,0.0,0.0,0.0,0.0,0.0,2.0,0.0,0.0,0.0,Longo da via,Bom,Não existe,Perfeito estado,Seca,Perfeito estado,Não existe,Não informado,60.0,Dupla,Não existe,SEM VÍTIMA,2022,10,21,4,
2022-10-22,,Não informado,FINALIZADA,BARRO,AV DR JOSE RUFINO,RUA DOROTHEA VIEIRA,EM FRENTE À IGREJA DO BARRO,BARRO,SUBURBIO,COLISÃO LATERAL,Não informado,1.0,1.0,0.0,0.0,0.0,0.0,0.0,0.0,0.0,1.0,0.0,Longo da via,Bom,Sem defeito,Perfeito estado,Seca,Perfeito estado,Faixa de pedestre,Não informado,60.0,Dupla,Faixa contínua,COM VÍTIMA,2022,10,22,5,
2022-10-22,,Não informado,FINALIZADA,IPSEP,AV RECIFE,Não informado,LADO OPOSTO AO SAL E BRASA E EM FRENTE AO POSTO BR / SENTIDO CAXANGA,IPSEP,Não informado,COLISÃO LATERAL,Não informado,1.0,2.0,0.0,0.0,0.0,0.0,0.0,0.0,0.0,2.0,0.0,Longo da via,Bom,Não existe,Perfeito estado,Seca,Perfeito estado,Não existe,Não há placas,60.0,Dupla,Canteiro central,COM VÍTIMA,2022,10,22,5,
2022-10-22,,Não informado,FINALIZADA,ALTO SANTA TERESINHA,RUA SODRELANDIA,Não informado,PROXIMO A RADIO EVANGELICA,ALTO SANTA TERESINHA,Não informado,COLISÃO FRONTAL,Não informado,0.0,2.0,0.0,0.0,0.0,0.0,0.0,0.0,0.0,1.0,0.0,Longo da via,Bom,Não existe,Não existente,Seca,Mal conservada,Não existe,Não há placas,60.0,Dupla,Não existe,COM VÍTIMA,2022,10,22,5,
2022-10-22,,Não informado,FINALIZADA,SÃO JOSÉ,RUA SAO JOAO,RUA VIDAL DE NEGREIROS,FORTE DAS CINCO PONTAS,SÃO JOSÉ,Não informado,COLISÃO LATERAL,Não informado,0.0,1.0,0.0,0.0,0.0,0.0,1.0,0.0,0.0,1.0,0.0,Cruzamento,Bom,Não existe,Perfeito estado,Seca,Perfeito estado,Não existe,R-6a,40.0,Não informado,Faixa seccionada,COM VÍTIMA,2022,10,22,5,
2022-10-22,,Não informado,FINALIZADA,VÁRZEA,RUA GASTAO VIDIGAL,Não informado,PRÓXIMO AO HOTEL TROPICAL,VÁRZEA,Não informado,COLISÃO LATERAL,Não informado,1.0,1.0,0.0,0.0,0.0,0.0,0.0,0.0,0.0,1.0,0.0,Longo da via,Bom,Não existe,Perfeito estado,Seca,Perfeito estado,Não existe,Não informado,30.0,Dupla,Não existe,COM VÍTIMA,2022,10,22,5,
2022-10-22,,Não informado,FINALIZADA,BOA VIAGEM,AV ENGENHEIRO DOMINGOS FERREIRA,Não informado,INGA VINHOS FINOS,BOA VIAGEM,SUBURBIO,ATROPELAMENTO DE PESSOA,Não informado,1.0,0.0,0.0,0.0,1.0,0.0,0.0,0.0,0.0,1.0,0.0,Longo da via,Bom,Não existe,Perfeito estado,Seca,Perfeito estado,Não existe,R-6a,60.0,Única,Faixa seccionada,COM VÍTIMA,2022,10,22,5,
2022-10-22,,Não informado,FINALIZADA,PARNAMIRIM,AV PARNAMIRIM,Não informado,HOSPITAL MARIA LUCINDA,PARNAMIRIM,CIDADE,COLISÃO TRASEIRA,Não informado,1.0,0.0,0.0,0.0,0.0,1.0,0.0,0.0,0.0,0.0,0.0,Longo da via,Bom,Não existe,Perfeito estado,Seca,Perfeito estado,Não existe,Outras,60.0,Única,Faixa seccionada,SEM VÍTIMA,2022,10,22,5,
2022-10-22,,Não informado,FINALIZADA,JOANA BEZERRA,VIADUTO CAPITAO TEMUDO,Não informado,NA DESCIDA DO VIADUTO,JOANA BEZERRA,Não informado,COLISÃO COM CICLISTA,Não informado,0.0,1.0,0.0,1.0,0.0,0.0,0.0,0.0,0.0,2.0,0.0,Longo da via,Bom,Não existe,Perfeito estado,Seca,Perfeito estado,Não existe,Não há placas,60.0,Dupla,Canteiro central,COM VÍTIMA,2022,10,22,5,
2022-10-22,,Não informado,FINALIZADA,IMBIRIBEIRA,AV SUL,RUA JOAQUIM BANDEIRA,PROX. A ESTAÇÃO DO METRO,IMBIRIBEIRA,Não informado,COLISÃO TRANSVERSAL,Não informado,1.0,1.0,0.0,0.0,0.0,0.0,0.0,0.0,0.0,1.0,0.0,Cruzamento,Bom,Sem defeito,Perfeito estado,Seca,Perfeito estado,Não informado,Não informado,60.0,Não informado,Não informado,COM VÍTIMA,2022,10,22,5,
2022-10-23,,Não informado,FINALIZADA,PINA,AVENIDA CELSO FURTADO (VIA MANGUE),Não informado,"AO LADO DO POSTE , Nº POSTE J 013350",PINA,CIDADE,CHOQUE,Não informado,1.0,0.0,0.0,0.0,0.0,0.0,0.0,0.0,0.0,1.0,0.0,Longo da via,Bom,Não existe,Perfeito estado,Seca,Perfeito estado,Não existe,Outras,60.0,Dupla,Canteiro central,COM VÍTIMA,2022,10,23,6,
2022-10-23,,Não informado,FINALIZADA,IMBIRIBEIRA,AV MARECHAL MASCARENHAS DE MORAES,Não informado,EM FRENTE A GRILLO,IMBIRIBEIRA,CIDADE,COLISÃO TRASEIRA,Não informado,1.0,1.0,0.0,0.0,0.0,0.0,0.0,0.0,0.0,1.0,0.0,Longo da via,Bom,Sem defeito,Perfeito estado,Seca,Perfeito estado,Não existe,Não há placas,60.0,Dupla,Canteiro central,COM VÍTIMA,2022,10,23,6,
2022-10-23,,Não informado,FINALIZADA,BOA VISTA,RUA DOM BOSCO,RUA HENRIQUE DIAS,ACIDENTE ENVOLVENDO VIATURA DA SERTTEL,BOA VISTA,SUBURBIO,COLISÃO TRASEIRA,Não informado,2.0,0.0,0.0,0.0,1.0,0.0,1.0,0.0,0.0,2.0,0.0,Longo da via,Bom,Sem defeito,Perfeito estado,Seca,Perfeito estado,Faixa de pedestre,Não há placas,60.0,Única,Faixa seccionada,COM VÍTIMA,2022,10,23,6,
2022-10-23,,Não informado,FINALIZADA,BOA VISTA,RUA DA SOLEDADE,Não informado,EM FRENTE AO INSTITUTO EMBELEZE,BOA VISTA,Não informado,TOMBAMENTO,Não informado,0.0,0.0,0.0,1.0,0.0,0.0,0.0,0.0,0.0,1.0,0.0,Longo da via,Bom,Sem defeito,Perfeito estado,Seca,Mal conservada,Outros,R-6a,60.0,Única,Faixa seccionada,COM VÍTIMA,2022,10,23,6,
2022-10-23,,Não informado,FINALIZADA,DERBY,RUA JOAQUIM NABUCO,AV GOVERNADOR AGAMENON MAGALHAES,ACIDENTE SEM VÍTIMA NA FRENTE DO HOSP. SANTA JOANA.  EQUIPE DO TRANSPORTE DO INSP. COORD. NADILSON FOI AO QTH VERIFICAR E TOMAR AS DEVIDAS PROVIDÊNCIA.,DERBY,SUBURBIO,COLISÃO LATERAL,Não informado,2.0,0.0,0.0,0.0,0.0,0.0,0.0,0.0,0.0,0.0,0.0,Não informado,Não informado,Não informado,Não informado,Não informado,Não informado,Não informado,Não informado,60.0,Não informado,Não informado,SEM VÍTIMA,2022,10,23,6,
2022-10-23,,Não informado,FINALIZADA,CASA FORTE,AV DEZESSETE DE AGOSTO,Não informado,E/F A FARMACIA PAGUE MENOS  GM ALAN DO LOCAL,CASA FORTE,CIDADE,CHOQUE,Não informado,1.0,0.0,0.0,0.0,0.0,0.0,0.0,0.0,0.0,1.0,0.0,Longo da via,Bom,Sem defeito,Perfeito estado,Seca,Perfeito estado,Não existe,Não há placas,60.0,Dupla,Faixa contínua,COM VÍTIMA,2022,10,23,6,
2022-10-23,,Não informado,FINALIZADA,CASA AMARELA,EST DO ARRAIAL,RUA PAULA BATISTA,PRÓXIMO AO MERCADO,CASA AMARELA,Não informado,COLISÃO FRONTAL,Não informado,0.0,2.0,0.0,0.0,0.0,0.0,0.0,0.0,0.0,2.0,0.0,Cruzamento,Bom,Sem defeito,Perfeito estado,Seca,Perfeito estado,Faixa de pedestre,Não há placas,60.0,Única,Não existe,COM VÍTIMA,2022,10,23,6,
2022-10-23,,Não informado,FINALIZADA,IPUTINGA,AV MAURICIO DE NASSAU,RUA SAO MATEUS,RESTAURANTE BUTECO,IPUTINGA,Não informado,COLISÃO FRONTAL,Não informado,0.0,2.0,0.0,0.0,0.0,0.0,0.0,0.0,0.0,2.0,0.0,Cruzamento,Bom,Não informado,Não informado,Não informado,Não informado,Faixa de pedestre,Não há placas,60.0,Dupla,Não existe,COM VÍTIMA,2022,10,23,6,
2022-10-24,,Não informado,FINALIZADA,BREJO DA GUABIRABA,AV VEREADOR OTACILIO AZEVEDO,Não informado,PRÓX. AO HOTEL BORA LÁ,BREJO DA GUABIRABA,SUBURBIO,COLISÃO FRONTAL,Não informado,0.0,1.0,0.0,0.0,0.0,0.0,0.0,1.0,0.0,0.0,0.0,Longo da via,Bom,Não existe,Não existente,Seca,Perfeito estado,Não existe,Não há placas,60.0,Dupla,Não existe,SEM VÍTIMA,2022,10,24,0,
2022-10-24,,Não informado,FINALIZADA,BEBERIBE,RUA URIEL DE HOLANDA,Não informado,EM FRENTE A UPINHA,BEBERIBE,Não informado,COLISÃO FRONTAL,Não informado,0.0,1.0,0.0,0.0,0.0,1.0,0.0,0.0,0.0,1.0,0.0,Outros,Bom,Não existe,Perfeito estado,Seca,Perfeito estado,Não existe,Não informado,60.0,Dupla,Não existe,COM VÍTIMA,2022,10,24,0,
2022-10-24,,Não informado,FINALIZADA,BOA VIAGEM,AV DOM JOAO VI,Não informado,Não informado,BOA VIAGEM,SUBURBIO,COLISÃO TRASEIRA,Não informado,1.0,0.0,0.0,0.0,0.0,0.0,0.0,1.0,0.0,0.0,0.0,Longo da via,Bom,Sem defeito,Perfeito estado,Seca,Perfeito estado,Não existe,Não há placas,50.0,Única,Faixa seccionada,SEM VÍTIMA,2022,10,24,0,
2022-10-24,,Não informado,FINALIZADA,BOA VISTA,RUA DO HOSPICIO,Não informado,AO LADO DA ESCOLA LUIZ DELGADO,BOA VISTA,CIDADE,Não informado,Não informado,1.0,0.0,0.0,0.0,0.0,1.0,0.0,0.0,0.0,0.0,0.0,Longo da via,Bom,Sem defeito,Perfeito estado,Seca,Perfeito estado,Faixa de pedestre,Outras,60.0,Dupla,Faixa seccionada,SEM VÍTIMA,2022,10,24,0,
2022-10-24,,Não informado,FINALIZADA,AFOGADOS,RUA SAO MIGUEL,Não informado,PROXIMO AO BANDO DO BRASIL,AFOGADOS,CIDADE,COLISÃO LATERAL,Não informado,1.0,1.0,0.0,0.0,0.0,0.0,0.0,0.0,0.0,2.0,0.0,Longo da via,Bom,Não existe,Perfeito estado,Seca,Perfeito estado,Faixa de pedestre,Não há placas,60.0,Dupla,Faixa contínua,COM VÍTIMA,2022,10,24,0,