data,hora,natureza_acidente,situacao,bairro,endereco,detalhe_endereco_acidente,complemento,bairro_cruzamento,sentido_via,tipo,descricao,auto,moto,ciclom,ciclista,pedestre,onibus,caminhao,viatura,outros,vitimas,vitimasfatais,acidente_verificado,tempo_clima,situacao_semaforo,sinalizacao,condicao_via,conservacao_via,ponto_controle,situacao_placa,velocidade_max_via,mao_direcao,divisao_via1,natureza,ano,mes,dia,dia_semana,hora_ocorrencia
2022-10-24,,Não informado,FINALIZADA,MACAXEIRA,AV NORTE MIGUEL ARRAES DE ALENCAR,RUA MARIA CANDIDA,Não informado,MACAXEIRA,SUBURBIO,COLISÃO TRASEIRA,Não informado,1.0,0.0,0.0,0.0,0.0,0.0,1.0,1.0,0.0,0.0,0.0,Cruzamento,Bom,Sem defeito,Perfeito estado,Seca,Perfeito estado,Não existe,R-6a,60.0,Dupla,Canteiro central,SEM VÍTIMA,2022,10,24,0,
2022-10-24,,Não informado,FINALIZADA,CAMPO GRANDE,EST DE BELEM,Não informado,Não informado,CAMPO GRANDE,Não informado,Não informado,Não informado,2.0,0.0,0.0,0.0,0.0,0.0,0.0,0.0,0.0,0.0,0.0,Longo da via,Bom,Não existe,Ilegível,Seca,Perfeito estado,Não existe,Outras,40.0,Dupla,Faixa contínua,SEM VÍTIMA,2022,10,24,0,
2022-10-24,,Não informado,FINALIZADA,IBURA,AV RECIFE,Não informado,AO LADO DO ARMAZEM CORAL/ SENTIDO AEROPORTO,IBURA,CIDADE,COLISÃO TRASEIRA,Não informado,1.0,1.0,0.0,0.0,0.0,0.0,0.0,0.0,0.0,1.0,0.0,Longo da via,Bom,Não informado,Perfeito estado,Seca,Perfeito estado,Não informado,Não informado,60.0,Dupla,Canteiro central,COM VÍTIMA,2022,10,24,0,
2022-10-24,,Não informado,FINALIZADA,PINA,RUA MANOEL DE BRITO,AV REPUBLICA ARABE UNIDA,NA ENTRADA DO TUNEL JOSUE DE CASTRO,PINA,CIDADE,COLISÃO LATERAL,Não informado,1.0,1.0,0.0,0.0,0.0,0.0,0.0,0.0,0.0,1.0,0.0,Cruzamento,Bom,Sem defeito,Perfeito estado,Seca,Perfeito estado,Não existe,Não há placas,60.0,Única,Não informado,COM VÍTIMA,2022,10,24,0,
2022-10-24,,Não informado,CANCELADA,PARNAMIRIM,RUA LEONARDO BEZERRA CAVALCANTE,Não informado,ENTRE O BOMPREÇO E SHOPPING PLAZA,PARNAMIRIM,Não informado,COLISÃO TRASEIRA,Não informado,0.0,2.0,0.0,0.0,0.0,0.0,0.0,0.0,0.0,1.0,0.0,Não informado,Não informado,Não informado,Não informado,Não informado,Não informado,Não informado,Não informado,60.0,Não informado,Não informado,COM VÍTIMA,2022,10,24,0,
2022-10-24,,Não informado,FINALIZADA,MONTEIRO,AV DEZESSETE DE AGOSTO,Não informado,EM FENTE DO INGLES CNA,MONTEIRO,Não informado,COLISÃO LATERAL,Não informado,1.0,1.0,0.0,0.0,0.0,0.0,0.0,0.0,0.0,1.0,0.0,Longo da via,Bom,Não existe,Perfeito estado,Seca,Perfeito estado,Não existe,Outras,50.0,Dupla,Faixa contínua,COM VÍTIMA,2022,10,24,0,
2022-10-24,,Não informado,CANCELADA,BARRO,RUA AMADOR ARAUJO,Não informado,Não informado,BARRO,Não informado,COLISÃO COM CICLISTA,Não informado,0.0,0.0,0.0,1.0,0.0,0.0,0.0,0.0,0.0,1.0,0.0,Não informado,Não informado,Não informado,Não informado,Não informado,Não informado,Não informado,Não informado,60.0,Não informado,Não informado,COM VÍTIMA,2022,10,24,0,
2022-10-24,,Não informado,FINALIZADA,SANTO AMARO,AV VISCONDE DE SUASSUNA,Não informado,EM FRENTE A LINS ADVOGACIA,SANTO AMARO,Não informado,QUEDA,Não informado,0.0,1.0,0.0,0.0,0.0,0.0,0.0,0.0,0.0,1.0,0.0,Longo da via,Bom,Não existe,Perfeito estado,Seca,Perfeito estado,Não existe,R-19,40.0,Única,Não existe,COM VÍTIMA,2022,10,24,0,
2022-10-25,,Não informado,FINALIZADA,IBURA,RUA RIO TAPADO,Não informado,PROX. ACADEMIA MOTIVO,IBURA,Não informado,CHOQUE,Não informado,0.0,0.0,0.0,0.0,0.0,0.0,0.0,0.0,0.0,0.0,0.0,Não informado,Não informado,Não informado,Não informado,Não informado,Não informado,Não informado,Não informado,60.0,Não informado,Não informado,SEM VÍTIMA,2022,10,25,1,
2022-10-25,,Não informado,CANCELADA,IBURA,RUA RIO XINGU,Não informado,PROX. A BIG VALE,IBURA,Não informado,COLISÃO LATERAL,Não informado,0.0,2.0,0.0,0.0,0.0,0.0,0.0,0.0,0.0,2.0,0.0,Não informado,Não informado,Não informado,Não informado,Não informado,Não informado,Não informado,Não informado,60.0,Não informado,Não informado,COM VÍTIMA,2022,10,25,1,
2022-10-25,,Não informado,FINALIZADA,BOA VISTA,RUA AURORA,Não informado,PROX A MADEIRAIRA IPIRANGA,BOA VISTA,CIDADE,COLISÃO TRASEIRA,Não informado,1.0,1.0,0.0,0.0,0.0,0.0,0.0,0.0,0.0,1.0,0.0,Longo da via,Bom,Sem defeito,Perfeito estado,Seca,Perfeito estado,Não existe,Não há placas,60.0,Única,Faixa seccionada,COM VÍTIMA,2022,10,25,1,
2022-10-25,,Não informado,FINALIZADA,MADALENA,RUA SOUZA BANDEIRA,AV CAXANGA,PRÓX. À FARMÁCIA DROGASIL,MADALENA,SUBURBIO,COLISÃO FRONTAL,Não informado,1.0,1.0,0.0,0.0,0.0,0.0,0.0,0.0,0.0,1.0,0.0,Cruzamento,Bom,Sem defeito,Perfeito estado,Seca,Perfeito estado,Faixa de pedestre,Não há placas,60.0,Única,Faixa seccionada,COM VÍTIMA,2022,10,25,1,
2022-10-25,,Não informado,FINALIZADA,ESPINHEIRO,AV GOVERNADOR AGAMENON MAGALHAES,Não informado,EM FRENTE AO SUPERBOM PREÇO,ESPINHEIRO,Não informado,COLISÃO LATERAL,Não informado,1.0,1.0,0.0,0.0,0.0,0.0,0.0,0.0,0.0,1.0,0.0,Cruzamento,Bom,Não informado,Perfeito estado,Seca,Perfeito estado,Outros,Não informado,60.0,Única,Não informado,COM VÍTIMA,2022,10,25,1,
2022-10-25,,Não informado,FINALIZADA,IMBIRIBEIRA,AV MARECHAL MASCARENHAS DE MORAES,Não informado,SAMIS CLUB / SUPERMERCADO DESCONTÃO,IMBIRIBEIRA,SUBURBIO,COLISÃO COM CICLISTA,Não informado,0.0,0.0,0.0,1.0,0.0,0.0,1.0,0.0,0.0,1.0,0.0,Longo da via,Bom,Não existe,Não existente,Seca,Perfeito estado,Não existe,Não há placas,60.0,Única,Faixa contínua,COM VÍTIMA,2022,10,25,1,
2022-10-25,,Não informado,FINALIZADA,PARNAMIRIM,RUA PADRE ROMA,RUA SEBASTIAO ALVES,RESTAURANTE FACA,PARNAMIRIM,SUBURBIO,COLISÃO COM CICLISTA,Não informado,1.0,0.0,0.0,1.0,0.0,0.0,0.0,0.0,0.0,1.0,0.0,Cruzamento,Bom,Não existe,Perfeito estado,Seca,Perfeito estado,Faixa de pedestre,Outras,60.0,Única,Faixa seccionada,COM VÍTIMA,2022,10,25,1,
2022-10-25,,Não informado,FINALIZADA,CAMPO GRANDE,EST DE BELEM,Não informado,PRÓX. AO REST. PASSIRA,CAMPO GRANDE,CIDADE,Não informado,Não informado,1.0,0.0,0.0,0.0,0.0,0.0,0.0,1.0,0.0,0.0,0.0,Longo da via,Bom,Não existe,Perfeito estado,Seca,Perfeito estado,Não existe,R-6a,60.0,Dupla,Faixa contínua,SEM VÍTIMA,2022,10,25,1,
2022-10-26,,Não informado,FINALIZADA,TEJIPIÓ,RUA APRIGIO GUIMARAES,Não informado,PROX AO HOSPITAL OTAVIO DE FREITAS,TEJIPIÓ,SUBURBIO,COLISÃO LATERAL,Não informado,1.0,1.0,0.0,0.0,0.0,0.0,0.0,0.0,0.0,1.0,0.0,Esquina,Bom,Não existe,Perfeito estado,Seca,Perfeito estado,Não existe,Não há placas,60.0,Dupla,Não existe,COM VÍTIMA,2022,10,26,2,
2022-10-26,,Não informado,FINALIZADA,PARNAMIRIM,RUA DES GOIS CAVALCANTE,RUA ALBINO MEIRA,EXTRAFARMA,PARNAMIRIM,SUBURBIO,COLISÃO LATERAL,Não informado,1.0,1.0,0.0,0.0,0.0,0.0,0.0,0.0,0.0,1.0,0.0,Longo da via,Bom,Sem defeito,Perfeito estado,Seca,Perfeito estado,Faixa de pedestre,R-6a,60.0,Única,Não informado,COM VÍTIMA,2022,10,26,2,
2022-10-26,,Não informado,FINALIZADA,IBURA,AV DOM HELDER CAMARA,Não informado,EM FRENTE AO ARMAZEM FAMA,IBURA,SUBURBIO,COLISÃO LATERAL,Não informado,0.0,1.0,0.0,0.0,0.0,0.0,0.0,0.0,1.0,1.0,0.0,Longo da via,Bom,Não existe,Incompleta,Seca,Mal conservada,Não existe,R-6a,60.0,Dupla,Canteiro central,COM VÍTIMA,2022,10,26,2,
2022-10-26,,Não informado,FINALIZADA,SANCHO,AV LIBERDADE,Não informado,DELEGACIA DRACO,SANCHO,Não informado,COLISÃO TRANSVERSAL,Não informado,0.0,0.0,0.0,0.0,0.0,0.0,1.0,1.0,1.0,0.0,0.0,Longo da via,Bom,Não informado,Não informado,Seca,Perfeito estado,Não informado,Não informado,30.0,Dupla,Não existe,SEM VÍTIMA,2022,10,26,2,
2022-10-26,,Não informado,FINALIZADA,BOA VIAGEM,RUA DEZ DE JULHO,RUA WALDEMAR NERY CARNEIRO MONTEIRO,PROXIMO A LAVANDERIA RECIFE CLEAM,BOA VIAGEM,Não informado,COLISÃO FRONTAL,Não informado,2.0,0.0,0.0,0.0,0.0,0.0,0.0,0.0,0.0,2.0,0.0,Cruzamento,Bom,Sem defeito,Perfeito estado,Seca,Perfeito estado,Faixa de pedestre,Outras,60.0,Dupla,Não existe,COM VÍTIMA,2022,10,26,2,
2022-10-26,,Não informado,FINALIZADA,IMBIRIBEIRA,AV MARECHAL MASCARENHAS DE MORAES,Não informado,EM FRENTE A UNIVERSO E PROXIMO AO SEMÁFORO 501/ SENTIDO CIDADE,IMBIRIBEIRA,CIDADE,ATROPELAMENTO DE PESSOA,Não informado,0.0,1.0,0.0,0.0,1.0,0.0,0.0,0.0,0.0,1.0,0.0,Longo da via,Bom,Sem defeito,Perfeito estado,Seca,Perfeito estado,Faixa de retenção,Outras,60.0,Única,Faixa seccionada,COM VÍTIMA,2022,10,26,2,
2022-10-26,,Não informado,FINALIZADA,BOA VISTA,RUA DAS NINFAS,Não informado,EM FRENTE A UNE,BOA VISTA,CIDADE,Não informado,Não informado,2.0,0.0,0.0,0.0,0.0,0.0,0.0,0.0,0.0,0.0,0.0,Longo da via,Bom,Não existe,Perfeito estado,Seca,Perfeito estado,Não existe,Não há placas,30.0,Única,Faixa seccionada,SEM VÍTIMA,2022,10,26,2,
2022-10-26,,Não informado,FINALIZADA,IBURA,RUA RIO BRIGIDA,Não informado,E/F A FARMACIA DIARIAMENTE,IBURA,SUBURBIO,COLISÃO COM CICLISTA,Não informado,1.0,0.0,0.0,1.0,0.0,0.0,0.0,0.0,0.0,1.0,0.0,Longo da via,Bom,Não existe,Perfeito estado,Seca,Perfeito estado,Não existe,Não há placas,30.0,Única,Não existe,COM VÍTIMA,2022,10,26,2,
2022-10-26,,Não informado,FINALIZADA,GUABIRABA,RUA CORREGO MANOEL DAS MENINAS,Não informado,PROXIMO A PANIFICADORA JERUSALEM,GUABIRABA,Não informado,COLISÃO TRASEIRA,Não informado,0.0,0.0,0.0,0.0,0.0,0.0,0.0,0.0,0.0,0.0,0.0,Cruzamento,Bom,Não existe,Incompleta,Seca,Mal iluminada,Não existe,Outras,60.0,Dupla,Não existe,SEM VÍTIMA,2022,10,26,2,
2022-10-26,,Não informado,FINALIZADA,SANTO AMARO,AV CRUZ CABUGA,Não informado,NA ESTAÇÃO DO BRT TACARUNA,SANTO AMARO,CIDADE,ATROPELAMENTO DE PESSOA,Não informado,0.0,0.0,0.0,0.0,1.0,1.0,0.0,0.0,0.0,1.0,0.0,Longo da via,Bom,Sem defeito,Perfeito estado,Seca,Perfeito estado,Agente,Não há placas,60.0,Dupla,Canteiro central,COM VÍTIMA,2022,10,26,2,
2022-10-27,,Não informado,FINALIZADA,BOA VIAGEM,RUA MARQUES DE VALENCA,Não informado,POR TRAS DO COLEGIO SANTOS DUMONT,BOA VIAGEM,SUBURBIO,COLISÃO LATERAL,Não informado,2.0,0.0,0.0,0.0,0.0,0.0,0.0,0.0,0.0,1.0,0.0,Longo da via,Bom,Não existe,Perfeito estado,Seca,Perfeito estado,Não existe,Não há placas,60.0,Dupla,Faixa seccionada,COM VÍTIMA,2022,10,27,3,
2022-10-27,,Não informado,FINALIZADA,TORREÃO,AV GOVERNADOR AGAMENON MAGALHAES,Não informado,E/F AO MINISTERIO DO TRABALHO  S/T CID,TORREÃO,SUBURBIO,COLISÃO FRONTAL,Não informado,1.0,1.0,0.0,0.0,0.0,0.0,0.0,0.0,0.0,1.0,0.0,Longo da via,Bom,Não existe,Não existente,Seca,Perfeito estado,Não existe,Não há placas,60.0,Dupla,Não existe,COM VÍTIMA,2022,10,27,3,
2022-10-27,,Não informado,FINALIZADA,ILHA DO LEITE,VIADUTO CAPITAO TEMUDO,Não informado,"SUBIDA DO VIADULTO, PROX AO HOSPITAL PORTUGUES",ILHA DO LEITE,Não informado,COLISÃO TRASEIRA,Não informado,2.0,0.0,0.0,0.0,0.0,0.0,0.0,0.0,0.0,0.0,0.0,Não informado,Não informado,Não informado,Não informado,Não informado,Não informado,Não informado,Não informado,60.0,Não informado,Não informado,SEM VÍTIMA,2022,10,27,3,
2022-10-27,,Não informado,FINALIZADA,ARRUDA,RUA PETRONILA BOTELHO,AV PROFESSOR JOSE DOS ANJOS,POR TRÁS DO CAMPO DO SANTA CRUZ,ARRUDA,Não informado,COLISÃO FRONTAL,Não informado,2.0,0.0,0.0,0.0,0.0,0.0,0.0,0.0,0.0,1.0,0.0,Cruzamento,Bom,Sem defeito,Perfeito estado,Seca,Perfeito estado,Não existe,Não há placas,60.0,Dupla,Não informado,COM VÍTIMA,2022,10,27,3,
2022-10-27,,Não informado,FINALIZADA,SANTO ANTÔNIO,PTE PRINCESA IZABEL,Não informado,PROX AO TEATRO SANTA IZABEL,SANTO ANTÔNIO,Não informado,COLISÃO TRASEIRA,Não informado,2.0,0.0,0.0,0.0,0.0,0.0,0.0,0.0,0.0,0.0,0.0,Longo da via,Bom,Não existe,Perfeito estado,Seca,Perfeito estado,Não existe,Não há placas,60.0,Dupla,Faixa contínua,SEM VÍTIMA,2022,10,27,3,
2022-10-27,,Não informado,FINALIZADA,BOA VIAGEM,RUA CAPITAO REBELINHO,RUA PEREIRA DA COSTA,Não informado,BOA VIAGEM,SUBURBIO,COLISÃO FRONTAL,Não informado,1.0,1.0,0.0,0.0,0.0,0.0,0.0,0.0,0.0,1.0,0.0,Cruzamento,Bom,Não existe,Perfeito estado,Seca,Perfeito estado,Faixa de pedestre,Não há placas,60.0,Única,Não existe,COM VÍTIMA,2022,10,27,3,
2022-10-27,,Não informado,FINALIZADA,DERBY,AV GOVERNADOR AGAMENON MAGALHAES,AV GOVERNADOR CARLOS DE LIMA CAVALCANTI,AO LADO DA MC DONALDS,DERBY,SUBURBIO,COLISÃO LATERAL,Não informado,1.0,1.0,0.0,0.0,0.0,0.0,0.0,0.0,0.0,1.0,0.0,Cruzamento,Bom,Sem defeito,Perfeito estado,Seca,Perfeito estado,Faixa de pedestre,Outras,60.0,Dupla,Não informado,COM VÍTIMA,2022,10,27,3,
2022-10-27,,Não informado,FINALIZADA,PARNAMIRIM,AV DEZESSETE DE AGOSTO,Não informado,NA FRENTE DO RECANTO DO PARAIBANO,PARNAMIRIM,Não informado,CHOQUE,Não informado,1.0,0.0,0.0,0.0,0.0,0.0,0.0,0.0,0.0,0.0,0.0,Longo da via,Bom,Sem defeito,Perfeito estado,Seca,Perfeito estado,Faixa de pedestre,Não informado,60.0,Dupla,Faixa contínua,SEM VÍTIMA,2022,10,27,3,
2022-10-28,,Não informado,FINALIZADA,AFOGADOS,RUA VINTE E UM DE ABRIL,Não informado,EM FRENTE À ACADEMIA CTI,AFOGADOS,SUBURBIO,ATROPELAMENTO DE PESSOA,Não informado,0.0,1.0,0.0,0.0,1.0,0.0,0.0,0.0,0.0,1.0,0.0,Longo da via,Bom,Não existe,Não informado,Seca,Perfeito estado,Não informado,Não há placas,60.0,Dupla,Não existe,COM VÍTIMA,2022,10,28,4,
2022-10-28,,Não informado,FINALIZADA,SANTO AMARO,AV GOVERNADOR AGAMENON MAGALHAES,Não informado,"APÓS O VIADUTO, PROX A LOMBADA ELETRONICA  // SENTIDO PRAÇA DO DERBY",SANTO AMARO,CIDADE,COLISÃO LATERAL,Não informado,0.0,2.0,0.0,0.0,0.0,0.0,0.0,0.0,0.0,1.0,0.0,Longo da via,Bom,Não existe,Perfeito estado,Seca,Perfeito estado,Não existe,Não há placas,60.0,Única,Faixa seccionada,COM VÍTIMA,2022,10,28,4,
2022-10-28,,Não informado,FINALIZADA,CORDEIRO,RUA TEOTONIO FREIRE,RUA DR JOAO LACERDA,ORTOBOM,CORDEIRO,CIDADE,COLISÃO LATERAL,Não informado,1.0,1.0,0.0,0.0,0.0,0.0,0.0,0.0,0.0,1.0,0.0,Cruzamento,Bom,Não existe,Perfeito estado,Seca,Perfeito estado,Não existe,Não há placas,60.0,Dupla,Faixa seccionada,COM VÍTIMA,2022,10,28,4,
2022-10-28,,Não informado,FINALIZADA,CAMPO GRANDE,EST DE BELEM,Não informado,POSTO MULTIPOSTO,CAMPO GRANDE,CIDADE,COLISÃO LATERAL,Não informado,1.0,1.0,0.0,0.0,0.0,0.0,0.0,0.0,0.0,1.0,0.0,Longo da via,Bom,Não existe,Perfeito estado,Seca,Perfeito estado,Não existe,R-6a,60.0,Dupla,Faixa contínua,COM VÍTIMA,2022,10,28,4,
2022-10-28,,Não informado,CANCELADA,SAN MARTIN,AV RECIFE,Não informado,AÇAI ATACADISTA,SAN MARTIN,Não informado,ATROPELAMENTO DE PESSOA,Não informado,1.0,0.0,0.0,1.0,0.0,0.0,0.0,0.0,0.0,1.0,0.0,Não informado,Não informado,Não informado,Não informado,Não informado,Não informado,Não informado,Não informado,60.0,Não informado,Não informado,COM VÍTIMA,2022,10,28,4,
2022-10-28,,Não informado,FINALIZADA,ESTÂNCIA,AV JOAO CABRAL DE MELO NETO,Não informado,AO LADO DO LABORATÓRIO CERPE,ESTÂNCIA,CIDADE,COLISÃO COM CICLISTA,Não informado,1.0,0.0,0.0,1.0,0.0,0.0,0.0,0.0,0.0,1.0,0.0,Longo da via,Bom,Sem defeito,Perfeito estado,Seca,Perfeito estado,Agente,Outras,60.0,Não informado,Canteiro central,COM VÍTIMA,2022,10,28,4,
2022-10-28,,Não informado,FINALIZADA,TEJIPIÓ,AV DR JOSE RUFINO,Não informado,EM FRENTE AO ARMAZEM CORAL,TEJIPIÓ,SUBURBIO,COLISÃO LATERAL,Não informado,1.0,1.0,0.0,0.0,0.0,0.0,0.0,0.0,0.0,1.0,0.0,Longo da via,Bom,Não existe,Incompleta,Seca,Perfeito estado,Não existe,Não há placas,60.0,Dupla,Faixa contínua,COM VÍTIMA,2022,10,28,4,
2022-10-28,,Não informado,FINALIZADA,AFOGADOS,RUA SAO MIGUEL,Não informado,E/F AO 14  BATALHAO  LOGÍSTICO,AFOGADOS,SUBURBIO,COLISÃO LATERAL,Não informado,1.0,1.0,0.0,0.0,0.0,0.0,0.0,0.0,0.0,1.0,0.0,Longo da via,Bom,Sem defeito,Perfeito estado,Seca,Perfeito estado,Não existe,Não há placas,60.0,Dupla,Faixa contínua,COM VÍTIMA,2022,10,28,4,
2022-10-28,,Não informado,FINALIZADA,BOA VISTA,RUA DOM BOSCO,AV CONDE DA BOA VISTA,EM FRENTE AO POSTO BR,BOA VISTA,SUBURBIO,COLISÃO LATERAL,Não informado,1.0,1.0,0.0,0.0,0.0,0.0,0.0,0.0,0.0,1.0,0.0,Cruzamento,Bom,Sem defeito,Perfeito estado,Seca,Perfeito estado,Faixa de pedestre,Não há placas,40.0,Única,Faixa contínua,COM VÍTIMA,2022,10,28,4,
2022-10-28,,Não informado,FINALIZADA,ILHA DO LEITE,RUA FRANCISCO ALVES,Não informado,ESQUINA DA PRAÇA  MIGUEL DE CERVANTES PROX AO HOSPITAL ESPERANÇA,ILHA DO LEITE,SUBURBIO,COLISÃO LATERAL,Não informado,2.0,1.0,0.0,0.0,0.0,0.0,0.0,0.0,0.0,1.0,0.0,Cruzamento,Bom,Sem defeito,Perfeito estado,Seca,Perfeito estado,Faixa de pedestre,Outras,60.0,Dupla,Faixa contínua,COM VÍTIMA,2022,10,28,4,
2022-10-28,,Não informado,FINALIZADA,BOA VISTA,RUA SETE DE SETEMBRO,AV CONDE DA BOA VISTA,AV CONDE DA BOA VISTA,BOA VISTA,CIDADE,COLISÃO COM CICLISTA,Não informado,0.0,0.0,0.0,1.0,0.0,1.0,0.0,0.0,0.0,1.0,0.0,Longo da via,Bom,Sem defeito,Perfeito estado,Seca,Perfeito estado,Faixa de pedestre,Outras,40.0,Dupla,Faixa contínua,COM VÍTIMA,2022,10,28,4,
2022-10-28,,Não informado,FINALIZADA,CASA AMARELA,AV NORTE MIGUEL ARRAES DE ALENCAR,AV PROFESSOR JOSE DOS ANJOS,EM FRENTE AO SESC,CASA AMARELA,Não informado,ATROPELAMENTO DE PESSOA,Não informado,1.0,0.0,0.0,0.0,1.0,0.0,0.0,0.0,0.0,1.0,0.0,Cruzamento,Bom,Sem defeito,Perfeito estado,Seca,Perfeito estado,Não informado,Não informado,60.0,Não informado,Não informado,COM VÍTIMA,2022,10,28,4,
2022-10-28,,Não informado,FINALIZADA,SÃO JOSÉ,AV SUL,PRC SERGIO LORETO,EM FRENTE AO POSTO BR,SÃO JOSÉ,CIDADE,ATROPELAMENTO DE PESSOA,Não informado,0.0,1.0,0.0,0.0,1.0,0.0,0.0,0.0,0.0,1.0,0.0,Longo da via,Bom,Sem defeito,Perfeito estado,Seca,Perfeito estado,Faixa de pedestre,Não há placas,60.0,Única,Canteiro central,COM VÍTIMA,2022,10,28,4,
2022-10-28,,Não informado,FINALIZADA,VÁRZEA,RUA ACADEMICO HELIO RAMOS,Não informado,AO LONGO DA VIA,VÁRZEA,SUBURBIO,CHOQUE,Não informado,1.0,1.0,0.0,0.0,0.0,0.0,0.0,0.0,0.0,1.0,0.0,Longo da via,Bom,Não existe,Perfeito estado,Seca,Perfeito estado,Não existe,Não há placas,30.0,Dupla,Não existe,COM VÍTIMA,2022,10,28,4,
2022-10-29,,Não informado,FINALIZADA,GRAÇAS,RUA JOAQUIM NABUCO,Não informado,PROXIMO A FACULDADE NASSAU,GRAÇAS,SUBURBIO,COLISÃO LATERAL,Não informado,1.0,1.0,0.0,0.0,0.0,0.0,0.0,0.0,0.0,1.0,0.0,Longo da via,Bom,Não existe,Perfeito estado,Seca,Perfeito estado,Não existe,Não há placas,60.0,Dupla,Faixa seccionada,COM VÍTIMA,2022,10,29,5,
2022-10-29,,Não informado,FINALIZADA,CORDEIRO,RUA GOMES TABORDA,Não informado,COM  A RUA XAVIER SOBRINHO,CORDEIRO,Não informado,COLISÃO LATERAL,Não informado,0.0,0.0,0.0,0.0,0.0,0.0,0.0,0.0,0.0,0.0,0.0,Não informado,Não informado,Não informado,Não informado,Não informado,Não informado,Não informado,Não informado,60.0,Não informado,Não informado,SEM VÍTIMA,2022,10,29,5,
2022-10-29,,Não informado,FINALIZADA,IPUTINGA,AV CAXANGA,Não informado,PROX AO BARAO DE LUCENA,IPUTINGA,SUBURBIO,ATROPELAMENTO DE PESSOA,Não informado,0.0,1.0,0.0,0.0,2.0,0.0,0.0,0.0,0.0,3.0,0.0,Longo da via,Bom,Sem defeito,Perfeito estado,Seca,Perfeito estado,Não existe,R-6a,60.0,Dupla,Canteiro central,COM VÍTIMA,2022,10,29,5,
2022-10-29,,Não informado,FINALIZADA,MADALENA,AV VISCONDE DE ALBUQUERQUE,RUA LOPES DE CARVALHO,MADALENA CENTER,MADALENA,SUBURBIO,COLISÃO TRASEIRA,Não informado,1.0,1.0,0.0,0.0,0.0,0.0,0.0,0.0,0.0,1.0,0.0,Cruzamento,Bom,Não existe,Perfeito estado,Seca,Perfeito estado,Não existe,"Placas ""Pare""",60.0,Única,Faixa seccionada,COM VÍTIMA,2022,10,29,5,
2022-10-29,,Não informado,FINALIZADA,ESTÂNCIA,AV RECIFE,Não informado,"EM FRENTE AO ANTIGO CAFE ROYAL, SENT. BOA VIAGEM",ESTÂNCIA,Não informado,COLISÃO COM CICLISTA,Não informado,1.0,0.0,0.0,1.0,0.0,1.0,0.0,0.0,0.0,1.0,0.0,Longo da via,Bom,Não existe,Perfeito estado,Seca,Perfeito estado,Não existe,Não há placas,60.0,Única,Faixa seccionada,COM VÍTIMA,2022,10,29,5,
2022-10-29,,Não informado,FINALIZADA,IMBIRIBEIRA,AV MARECHAL MASCARENHAS DE MORAES,RUA CORONEL FABRICIANO,EM FRENTE AO ATACADO DO PRESENTES,IMBIRIBEIRA,SUBURBIO,COLISÃO LATERAL,Não informado,1.0,1.0,0.0,0.0,0.0,0.0,0.0,0.0,0.0,1.0,0.0,Cruzamento,Bom,Sem defeito,Perfeito estado,Seca,Perfeito estado,Não existe,Não há placas,60.0,Dupla,Canteiro central,COM VÍTIMA,2022,10,29,5,
2022-10-29,,Não informado,DUPLICIDADE,SANTO AMARO,AV CRUZ CABUGA,AV NORTE MIGUEL ARRAES DE ALENCAR,Não informado,SANTO AMARO,Não informado,COLISÃO TRASEIRA,Não informado,0.0,0.0,0.0,0.0,0.0,0.0,0.0,0.0,0.0,2.0,0.0,Não informado,Não informado,Não informado,Não informado,Não informado,Não informado,Não informado,Não informado,60.0,Não informado,Não informado,COM VÍTIMA,2022,10,29,5,
2022-10-29,,Não informado,FINALIZADA,SANTO AMARO,AV CRUZ CABUGA,AV DR JAYME DA FONTE,HOSPITAL  NAVAL,SANTO AMARO,Não informado,COLISÃO FRONTAL,Não informado,2.0,0.0,0.0,0.0,0.0,0.0,0.0,0.0,0.0,1.0,0.0,Cruzamento,Bom,Sem defeito,Perfeito estado,Seca,Perfeito estado,Faixa de pedestre,Outras,60.0,Dupla,Faixa seccionada,COM VÍTIMA,2022,10,29,5,
2022-10-29,,Não informado,FINALIZADA,SANTO ANTÔNIO,AV GUARARAPES,RUA DO SOL,EM FRENTE AO CORREIOS,SANTO ANTÔNIO,Não informado,COLISÃO LATERAL,Não informado,1.0,1.0,0.0,0.0,0.0,0.0,0.0,0.0,0.0,1.0,0.0,Cruzamento,Bom,Sem defeito,Perfeito estado,Seca,Perfeito estado,Faixa de pedestre,Não há placas,40.0,Dupla,Não existe,COM VÍTIMA,2022,10,29,5,