data,hora,natureza_acidente,situacao,bairro,endereco,detalhe_endereco_acidente,complemento,bairro_cruzamento,sentido_via,tipo,descricao,auto,moto,ciclom,ciclista,pedestre,onibus,caminhao,viatura,outros,vitimas,vitimasfatais,acidente_verificado,tempo_clima,situacao_semaforo,sinalizacao,condicao_via,conservacao_via,ponto_controle,situacao_placa,velocidade_max_via,mao_direcao,divisao_via1,natureza,ano,mes,dia,dia_semana,hora_ocorrencia
2022-10-29,,Não informado,FINALIZADA,SANCHO,AV LIBERDADE,Não informado,EM FRENTE A ANTIGA DELEGACIA DE ROUBOS E FURTOS,SANCHO,SUBURBIO,COLISÃO FRONTAL,Não informado,0.0,2.0,0.0,0.0,0.0,0.0,0.0,0.0,0.0,2.0,0.0,Longo da via,Bom,Não existe,Perfeito estado,Seca,Perfeito estado,Não existe,Não há placas,60.0,Dupla,Não existe,COM VÍTIMA,2022,10,29,5,
2022-10-29,,Não informado,FINALIZADA,IBURA,AV DOIS RIOS,Não informado,SESI,IBURA,CIDADE,COLISÃO LATERAL,Não informado,1.0,1.0,0.0,0.0,0.0,0.0,0.0,0.0,0.0,1.0,0.0,Longo da via,Bom,Sem defeito,Perfeito estado,Seca,Perfeito estado,Faixa de retenção,Não há placas,60.0,Dupla,Faixa contínua,COM VÍTIMA,2022,10,29,5,
2022-10-29,,Não informado,FINALIZADA,JORDÃO,AV MARIA IRENE,Não informado,PRÓXIMO AO POSTO BR,JORDÃO,SUBURBIO,COLISÃO FRONTAL,Não informado,2.0,0.0,0.0,0.0,0.0,0.0,0.0,0.0,0.0,1.0,0.0,Longo da via,Bom,Não existe,Não existente,Seca,Perfeito estado,Não existe,Não há placas,60.0,Dupla,Não existe,COM VÍTIMA,2022,10,29,5,
2022-10-30,,Não informado,FINALIZADA,ENCRUZILHADA,EST DE BELEM,RUA DONA JULIETA,"EM FRENTE AO EDF. JÚLIO II, PROX A IGREJA CATÓLICA DE BELÉM",ENCRUZILHADA,SUBURBIO,COLISÃO FRONTAL,Não informado,1.0,1.0,0.0,0.0,0.0,0.0,0.0,0.0,0.0,1.0,0.0,Esquina,Bom,Não existe,Perfeito estado,Seca,Perfeito estado,Não existe,Não há placas,60.0,Dupla,Faixa seccionada,COM VÍTIMA,2022,10,30,6,
2022-10-30,,Não informado,CANCELADA,VÁRZEA,AV AFONSO OLINDENSE,Não informado,EM FRENTE A ESCOLA MAZZARELLO,VÁRZEA,Não informado,COLISÃO TRASEIRA,Não informado,2.0,0.0,0.0,0.0,0.0,0.0,0.0,0.0,0.0,0.0,0.0,Não informado,Não informado,Não informado,Não informado,Não informado,Não informado,Não informado,Não informado,60.0,Não informado,Não informado,SEM VÍTIMA,2022,10,30,6,
2022-10-30,,Não informado,FINALIZADA,CASA FORTE,RUA JERONIMO DE ALBUQUERQUE,RUA SILVINO LOPES,EM FRENTE AO EDIFICIO CLAUDIA,CASA FORTE,SUBURBIO,COLISÃO LATERAL,Não informado,1.0,1.0,0.0,0.0,0.0,0.0,0.0,0.0,0.0,1.0,0.0,Longo da via,Bom,Não existe,Ilegível,Seca,Perfeito estado,Não existe,R-6a,60.0,Dupla,Não existe,COM VÍTIMA,2022,10,30,6,
2022-10-30,,Não informado,FINALIZADA,JOANA BEZERRA,RUA DES RODOLFO AURELIANO,Não informado,PROX A ACADEMIA DA CIDADE,JOANA BEZERRA,Não informado,COLISÃO COM CICLISTA,Não informado,1.0,0.0,0.0,1.0,0.0,0.0,0.0,0.0,0.0,1.0,0.0,Não informado,Não informado,Não informado,Não informado,Não informado,Não informado,Não informado,Não informado,60.0,Não informado,Não informado,COM VÍTIMA,2022,10,30,6,
2022-10-30,,Não informado,FINALIZADA,SANCHO,AV LIBERDADE,Não informado,EM FRENTE AO CEMITERIO PARQUE DAS FLORES,SANCHO,Não informado,COLISÃO LATERAL,Não informado,1.0,1.0,0.0,0.0,0.0,0.0,0.0,0.0,0.0,2.0,0.0,Longo da via,Bom,Não existe,Não informado,Seca,Não informado,Não existe,Não há placas,60.0,Dupla,Não existe,COM VÍTIMA,2022,10,30,6,
2022-10-30,,Não informado,FINALIZADA,ARRUDA,RUA DO MACHADO,RUA MANOEL SILVA,CLUBE DOS IRRESPONSAVEIS,ARRUDA,SUBURBIO,COLISÃO TRANSVERSAL,Não informado,1.0,1.0,0.0,0.0,0.0,0.0,0.0,0.0,0.0,1.0,0.0,Cruzamento,Bom,Sem defeito,Perfeito estado,Seca,Perfeito estado,Não existe,"Placas ""Pare""",60.0,Dupla,Não existe,COM VÍTIMA,2022,10,30,6,
2022-10-31,,Não informado,FINALIZADA,IMBIRIBEIRA,AV MARECHAL MASCARENHAS DE MORAES,Não informado,DE FRENTE A JUSTIÇA FEDERAL,IMBIRIBEIRA,Não informado,COLISÃO TRASEIRA,Não informado,1.0,1.0,0.0,0.0,0.0,0.0,0.0,0.0,0.0,1.0,0.0,Longo da via,Bom,Não existe,Perfeito estado,Seca,Perfeito estado,Não existe,R-5a,60.0,Única,Faixa contínua,COM VÍTIMA,2022,10,31,0,
2022-10-31,,Não informado,FINALIZADA,IMBIRIBEIRA,AV MARECHAL MASCARENHAS DE MORAES,RUA ARQUITETO FERNANDO ALMEIDA,EM FRENTE AO ARAMZEM CORAL,IMBIRIBEIRA,SUBURBIO,COLISÃO COM CICLISTA,Não informado,0.0,1.0,0.0,1.0,0.0,0.0,0.0,0.0,0.0,1.0,0.0,Longo da via,Chuvoso,Sem defeito,Perfeito estado,Molhada,Perfeito estado,Faixa de retenção,R-6a,60.0,Única,Faixa seccionada,COM VÍTIMA,2022,10,31,0,
2022-10-31,,Não informado,FINALIZADA,BOA VIAGEM,AV BOA VIAGEM,Não informado,PROX AO PARQUE DONA LINDU,BOA VIAGEM,Não informado,ATROPELAMENTO DE PESSOA,Não informado,1.0,0.0,0.0,0.0,1.0,0.0,0.0,0.0,0.0,1.0,0.0,Longo da via,Bom,Sem defeito,Perfeito estado,Seca,Perfeito estado,Faixa de pedestre,R-19,60.0,Única,Não existe,COM VÍTIMA,2022,10,31,0,
2022-10-31,,Não informado,FINALIZADA,BOA VISTA,RUA MARQUES AMORIM,RUA VISCONDE DE GOIANA,EM FRENTE A LOJA DONA MENINA,BOA VISTA,CIDADE,COLISÃO LATERAL,Não informado,1.0,1.0,0.0,0.0,0.0,0.0,0.0,0.0,0.0,1.0,0.0,Cruzamento,Bom,Não existe,Perfeito estado,Seca,Perfeito estado,Faixa de pedestre,"Placas ""Pare""",60.0,Única,Não existe,COM VÍTIMA,2022,10,31,0,
2022-10-31,,Não informado,FINALIZADA,GRAÇAS,AV RUI BARBOSA,RUA ESMERALDINO BANDEIRA,SUPERMERCADO RECIBOM,GRAÇAS,Não informado,COLISÃO LATERAL,Não informado,1.0,1.0,0.0,0.0,0.0,0.0,0.0,0.0,0.0,1.0,0.0,Longo da via,Bom,Sem defeito,Perfeito estado,Seca,Perfeito estado,Agente,Outras,60.0,Única,Faixa,COM VÍTIMA,2022,10,31,0,
2022-10-31,,Não informado,FINALIZADA,GRAÇAS,RUA JOAQUIM NABUCO,Não informado,AO LADO GALERIA DERBY CENTER I,GRAÇAS,SUBURBIO,COLISÃO TRASEIRA,Não informado,0.0,1.0,0.0,0.0,0.0,0.0,0.0,0.0,0.0,1.0,0.0,Longo da via,Bom,Sem defeito,Perfeito estado,Seca,Perfeito estado,Não existe,R-6a,60.0,Única,Não existe,COM VÍTIMA,2022,10,31,0,
2022-10-31,,Não informado,FINALIZADA,JARDIM SÃO PAULO,RUA LEANDRO BARRETO,Não informado,EM FRENTE A ARENA UM,JARDIM SÃO PAULO,SUBURBIO,COLISÃO TRASEIRA,Não informado,1.0,0.0,0.0,0.0,0.0,0.0,0.0,1.0,0.0,0.0,0.0,Longo da via,Bom,Não existe,Não existente,Seca,Perfeito estado,Não existe,Não há placas,40.0,Dupla,Não existe,SEM VÍTIMA,2022,10,31,0,
2022-10-31,,Não informado,FINALIZADA,PAISSANDU,RUA PAISSANDU,Não informado,EM FRENTE AO HOSPITAL HAPVIDA,PAISSANDU,SUBURBIO,COLISÃO TRASEIRA,Não informado,1.0,0.0,0.0,0.0,0.0,0.0,1.0,0.0,0.0,0.0,0.0,Não informado,Bom,Sem defeito,Perfeito estado,Seca,Perfeito estado,Não existe,Outras,60.0,Dupla,Canteiro central,SEM VÍTIMA,2022,10,31,0,
2022-10-31,,Não informado,FINALIZADA,IMBIRIBEIRA,AV MARECHAL MASCARENHAS DE MORAES,Não informado,E/F A JUSTIÇA FEDERAL S/T JABOATAO,IMBIRIBEIRA,SUBURBIO,COLISÃO FRONTAL,Não informado,1.0,1.0,0.0,0.0,0.0,0.0,0.0,0.0,0.0,1.0,0.0,Longo da via,Bom,Não existe,Perfeito estado,Seca,Perfeito estado,Não existe,R-5a,60.0,Única,Faixa seccionada,COM VÍTIMA,2022,10,31,0,
2022-10-31,,Não informado,FINALIZADA,JORDÃO,AV MARIA IRENE,Não informado,PROX AO SUPERMERCADO ATACAREJO JORDÃO,JORDÃO,Não informado,QUEDA,Não informado,0.0,1.0,0.0,0.0,0.0,0.0,0.0,0.0,0.0,2.0,0.0,Longo da via,Bom,Sem defeito,Perfeito estado,Seca,Perfeito estado,Faixa de pedestre,R-6a,60.0,Dupla,Não existe,COM VÍTIMA,2022,10,31,0,
2022-10-31,,Não informado,FINALIZADA,BARRO,RUA PERY,Não informado,Não informado,BARRO,Não informado,COLISÃO LATERAL,Não informado,1.0,1.0,0.0,0.0,0.0,0.0,0.0,0.0,0.0,1.0,0.0,Não informado,Não informado,Não informado,Não informado,Não informado,Não informado,Não informado,Não informado,60.0,Não informado,Não informado,COM VÍTIMA,2022,10,31,0,
2022-11-01,,Não informado,FINALIZADA,TORRE,RUA JOSE BONIFACIO,RUA CLOVIS BEVILAQUA,PROX AO JOÃO DA CARNE DE SOL,TORRE,CIDADE,COLISÃO LATERAL,Não informado,1.0,1.0,0.0,0.0,0.0,0.0,0.0,0.0,0.0,1.0,0.0,Longo da via,Bom,Não existe,Perfeito estado,Seca,Perfeito estado,Não existe,Outras,60.0,Única,Faixa seccionada,COM VÍTIMA,2022,11,1,1,
2022-11-01,,Não informado,FINALIZADA,BARRO,AV DR JOSE RUFINO,Não informado,PRÓX. À SORVETERIA DO BARRO / EDIFÍCIO ALAMEDA PARQUE,BARRO,SUBURBIO,COLISÃO FRONTAL,Não informado,1.0,2.0,0.0,0.0,0.0,0.0,0.0,0.0,0.0,2.0,0.0,Longo da via,Bom,Sem defeito,Perfeito estado,Seca,Perfeito estado,Faixa de pedestre,R-6a,30.0,Dupla,Faixa contínua,COM VÍTIMA,2022,11,1,1,
2022-11-01,,Não informado,FINALIZADA,PINA,AV HERCULANO BANDEIRA,Não informado,EM FRENTE À DIPLOMATA,PINA,SUBURBIO,COLISÃO LATERAL,Não informado,1.0,1.0,0.0,0.0,0.0,0.0,0.0,0.0,0.0,1.0,0.0,Longo da via,Bom,Não existe,Perfeito estado,Seca,Perfeito estado,Não informado,R-25c,60.0,Única,Não existe,COM VÍTIMA,2022,11,1,1,
2022-11-01,,Não informado,FINALIZADA,AREIAS,AV RECIFE,Não informado,EM FRENTE AO HOSPITAL EDUARDO CAMPOS,AREIAS,Não informado,Não informado,Não informado,1.0,0.0,0.0,0.0,0.0,0.0,1.0,0.0,0.0,0.0,0.0,Longo da via,Bom,Não existe,Perfeito estado,Seca,Perfeito estado,Não existe,Outras,60.0,Dupla,Faixa contínua,SEM VÍTIMA,2022,11,1,1,
2022-11-01,,Não informado,FINALIZADA,SANTO AMARO,RUA FREI CASSIMIRO,RUA TREZE DE MAIO,AO LADO DA MODESTO BORRACHARIA,SANTO AMARO,SUBURBIO,COLISÃO TRANSVERSAL,Não informado,1.0,1.0,0.0,0.0,0.0,0.0,0.0,0.0,0.0,1.0,0.0,Longo da via,Bom,Não existe,Incompleta,Seca,Perfeito estado,Faixa de retenção,Não há placas,60.0,Dupla,Faixa contínua,COM VÍTIMA,2022,11,1,1,
2022-11-01,,Não informado,CANCELADA,BOA VIAGEM,AV BOA VIAGEM,Não informado,EM FRENTE AO EDIFICIO JARDIM TRANSATLANTICO,BOA VIAGEM,Não informado,COLISÃO TRASEIRA,Não informado,1.0,1.0,0.0,0.0,0.0,0.0,0.0,0.0,0.0,1.0,0.0,Não informado,Não informado,Não informado,Não informado,Não informado,Não informado,Não informado,Não informado,60.0,Não informado,Não informado,COM VÍTIMA,2022,11,1,1,
2022-11-01,,Não informado,FINALIZADA,PINA,PTE VICE PRESIDENTE JOSE ALENCAR,Não informado,SENTIDO BOA VIAGEM,PINA,Não informado,COLISÃO COM CICLISTA,Não informado,1.0,0.0,0.0,1.0,0.0,0.0,0.0,0.0,0.0,1.0,0.0,Ponte,Bom,Não existe,Perfeito estado,Seca,Perfeito estado,Não existe,Não há placas,60.0,Única,Faixa seccionada,COM VÍTIMA,2022,11,1,1,
2022-11-01,,Não informado,FINALIZADA,MADALENA,RUA JOSE OSORIO,Não informado,PRÓXIMO AO RM EXPRESS,MADALENA,SUBURBIO,COLISÃO LATERAL,Não informado,0.0,2.0,0.0,0.0,0.0,0.0,0.0,0.0,0.0,1.0,0.0,Longo da via,Bom,Não existe,Perfeito estado,Seca,Perfeito estado,Não existe,Outras,60.0,Única,Faixa seccionada,COM VÍTIMA,2022,11,1,1,
2022-11-01,,Não informado,FINALIZADA,SANTO AMARO,AV PREFEITO ARTUR LIMA CAVALCANTI,Não informado,PROXIMO AO RESIDENCIAL DA MARINHA,SANTO AMARO,SUBURBIO,ATROPELAMENTO DE PESSOA,Não informado,1.0,0.0,0.0,0.0,1.0,0.0,0.0,0.0,0.0,1.0,0.0,Longo da via,Bom,Não existe,Perfeito estado,Seca,Mal iluminada,Não existe,Não há placas,40.0,Única,Faixa seccionada,COM VÍTIMA,2022,11,1,1,
2022-11-02,,Não informado,FINALIZADA,BOA VIAGEM,AV ENGENHEIRO DOMINGOS FERREIRA,RUA JOSE MARIA DE MIRANDA,EM FRENTE AO BAR DO PAULINHO,BOA VIAGEM,Não informado,COLISÃO LATERAL,Não informado,2.0,0.0,0.0,0.0,0.0,0.0,0.0,0.0,0.0,0.0,0.0,Não informado,Não informado,Não informado,Não informado,Não informado,Não informado,Não informado,Não informado,60.0,Não informado,Não informado,SEM VÍTIMA,2022,11,2,2,
2022-11-02,,Não informado,FINALIZADA,TORRÕES,AV CAXANGA,Não informado,EM FRENTE A VELANCIA TECIDOS PROFISSIONAIS,TORRÕES,Não informado,COLISÃO LATERAL,Não informado,1.0,1.0,0.0,0.0,0.0,0.0,0.0,0.0,0.0,1.0,0.0,Longo da via,Bom,Não existe,Perfeito estado,Seca,Perfeito estado,Não existe,Não há placas,60.0,Única,Faixa seccionada,COM VÍTIMA,2022,11,2,2,
2022-11-02,,Não informado,FINALIZADA,BOA VIAGEM,VIADUTO TANCREDO NEVES,Não informado,"DESCIDA DO VIADUTO,  PROX AO ATACADÃO,  HB20 RUK 1H55 // QYW 7G86 CG 160",BOA VIAGEM,CIDADE,COLISÃO LATERAL,Não informado,1.0,1.0,0.0,0.0,0.0,0.0,0.0,0.0,0.0,1.0,0.0,Longo da via,Bom,Não existe,Perfeito estado,Seca,Perfeito estado,Não existe,Não há placas,60.0,Única,Faixa seccionada,COM VÍTIMA,2022,11,2,2,
2022-11-02,,Não informado,CANCELADA,BOA VIAGEM,RUA JACK AYRES,RUA FRANCISCO DA CUNHA,REFERENCIA EDIFICIO PLAZA LAFAYETTE -  KIL 1151 - TITAN CG 150 // ETIOS PDD 7393,BOA VIAGEM,Não informado,COLISÃO FRONTAL,Não informado,1.0,1.0,0.0,0.0,0.0,0.0,0.0,0.0,0.0,1.0,0.0,Não informado,Não informado,Não informado,Não informado,Não informado,Não informado,Não informado,Não informado,60.0,Não informado,Não informado,COM VÍTIMA,2022,11,2,2,
2022-11-02,,Não informado,FINALIZADA,SAN MARTIN,AV GENERAL SAN MARTIN,RUA PEREIRA DE MORAES,E/F AO EDF SANTA BARBARA   PROX ACADEMIA GYM FIT,SAN MARTIN,Não informado,COLISÃO LATERAL,Não informado,2.0,1.0,0.0,0.0,0.0,0.0,0.0,0.0,0.0,1.0,0.0,Esquina,Bom,Não existe,Não existente,Seca,Mal conservada,Não existe,Não há placas,40.0,Dupla,Não existe,COM VÍTIMA,2022,11,2,2,
2022-11-02,,Não informado,FINALIZADA,SANTO AMARO,AV CRUZ CABUGA,Não informado,NA FRENTE DO HOSPITAL DO CANCER,SANTO AMARO,Não informado,COLISÃO TRASEIRA,Não informado,2.0,0.0,0.0,0.0,0.0,0.0,0.0,0.0,0.0,0.0,0.0,Não informado,Não informado,Não informado,Não informado,Não informado,Não informado,Não informado,Não informado,60.0,Não informado,Não informado,SEM VÍTIMA,2022,11,2,2,
2022-11-02,,Não informado,CANCELADA,TEJIPIÓ,AV DR JOSE RUFINO,Não informado,E/F AO 4BCOM BATALHAO DE COMUNICAÇOES,TEJIPIÓ,Não informado,COLISÃO FRONTAL,Não informado,2.0,0.0,0.0,0.0,0.0,0.0,0.0,0.0,0.0,1.0,0.0,Não informado,Não informado,Não informado,Não informado,Não informado,Não informado,Não informado,Não informado,60.0,Não informado,Não informado,COM VÍTIMA,2022,11,2,2,
2022-11-02,,Não informado,FINALIZADA,PINA,RUA CARNEIRO PESSOA,RUA BARREIROS,PROXIMO AO BAIANO ALTO PEÇAS E SERVIÇOS,PINA,CIDADE,COLISÃO FRONTAL,Não informado,1.0,1.0,0.0,0.0,0.0,0.0,0.0,0.0,0.0,1.0,0.0,Cruzamento,Bom,Não existe,Não existente,Seca,Perfeito estado,Não existe,Não há placas,30.0,Dupla,Não existe,COM VÍTIMA,2022,11,2,2,
2022-11-02,,Não informado,FINALIZADA,VÁRZEA,AV PROFESSOR ARTUR DE SA,Não informado,EM FRENTE AO CEMITERIO DA VARZEA,VÁRZEA,Não informado,CHOQUE,Não informado,1.0,0.0,0.0,0.0,0.0,0.0,0.0,0.0,0.0,0.0,0.0,Não informado,Não informado,Não informado,Não informado,Não informado,Não informado,Não informado,Não informado,60.0,Não informado,Não informado,SEM VÍTIMA,2022,11,2,2,
2022-11-02,,Não informado,FINALIZADA,SANTO AMARO,RUA MAMEDE SIMOES,RUA DA UNIAO,RUA DOS BARES,SANTO AMARO,SUBURBIO,COLISÃO FRONTAL,Não informado,0.0,2.0,0.0,0.0,0.0,0.0,0.0,0.0,0.0,1.0,0.0,Cruzamento,Bom,Não existe,Perfeito estado,Seca,Perfeito estado,Não existe,Placas Pare,60.0,Única,Não existe,COM VÍTIMA,2022,11,2,2,
2022-11-02,,Não informado,CANCELADA,SAN MARTIN,AV GENERAL SAN MARTIN,Não informado,EM FRENTE A CAVALARIA,SAN MARTIN,Não informado,COLISÃO LATERAL,Não informado,1.0,1.0,0.0,0.0,0.0,0.0,0.0,0.0,0.0,1.0,0.0,Não informado,Não informado,Não informado,Não informado,Não informado,Não informado,Não informado,Não informado,60.0,Não informado,Não informado,COM VÍTIMA,2022,11,2,2,
2022-11-03,,Não informado,FINALIZADA,TORRÕES,AV ENGENHEIRO ABDIAS DE CARVALHO,Não informado,EM FRENTE A UPA,TORRÕES,CIDADE,QUEDA,Não informado,0.0,1.0,0.0,0.0,0.0,0.0,0.0,0.0,0.0,1.0,0.0,Não informado,Não informado,Não informado,Não informado,Não informado,Não informado,Não informado,Não informado,60.0,Não informado,Não informado,COM VÍTIMA,2022,11,3,3,
2022-11-03,,Não informado,FINALIZADA,AREIAS,AV DR JOSE RUFINO,Não informado,EM FRENTE A IGREJA MATRIZ DE SANTA LUZIA,AREIAS,SUBURBIO,COLISÃO TRASEIRA,Não informado,0.0,2.0,0.0,0.0,0.0,0.0,0.0,0.0,0.0,1.0,0.0,Longo da via,Bom,Sem defeito,Perfeito estado,Seca,Perfeito estado,Faixa de pedestre,Outras,60.0,Dupla,Faixa seccionada,COM VÍTIMA,2022,11,3,3,
2022-11-03,,Não informado,FINALIZADA,DOIS IRMÃOS,RUA DOIS IRMAOS,Não informado,PROX AO HOTEL SENZALA,DOIS IRMÃOS,CIDADE,COLISÃO LATERAL,Não informado,1.0,1.0,0.0,0.0,0.0,0.0,0.0,0.0,0.0,1.0,0.0,Longo da via,Bom,Sem defeito,Perfeito estado,Seca,Perfeito estado,Faixa de retenção,Placas Pare,60.0,Dupla,Faixa contínua,COM VÍTIMA,2022,11,3,3,
2022-11-03,,Não informado,FINALIZADA,BOA VISTA,RUA DOM BOSCO,AV CONDE DA BOA VISTA,E/F A EMLURB,BOA VISTA,SUBURBIO,COLISÃO LATERAL,Não informado,1.0,1.0,0.0,0.0,0.0,0.0,0.0,0.0,0.0,2.0,0.0,Cruzamento,Bom,Sem defeito,Perfeito estado,Seca,Perfeito estado,Faixa de retenção,Outras,60.0,Dupla,Canteiro central,COM VÍTIMA,2022,11,3,3,
2022-11-03,,Não informado,FINALIZADA,BEBERIBE,AV BEBERIBE,RUA SETE PECADOS,EM FRENTE AO BARRACÃO,BEBERIBE,Não informado,COLISÃO TRANSVERSAL,Não informado,0.0,2.0,0.0,0.0,0.0,0.0,0.0,0.0,0.0,4.0,0.0,Cruzamento,Bom,Não existe,Não informado,Seca,Perfeito estado,Não existe,Não há placas,60.0,Dupla,Não existe,COM VÍTIMA,2022,11,3,3,
2022-11-03,,Não informado,FINALIZADA,BOA VIAGEM,AVENIDA CELSO FURTADO (VIA MANGUE),Não informado,SENTIDO PINA -  ANTES DA LOMBADA ELETRONICA,BOA VIAGEM,CIDADE,COLISÃO LATERAL,Não informado,0.0,2.0,0.0,0.0,0.0,0.0,0.0,0.0,0.0,2.0,0.0,Longo da via,Bom,Não existe,Perfeito estado,Seca,Perfeito estado,Não existe,Não há placas,60.0,Dupla,Blocos,COM VÍTIMA,2022,11,3,3,
2022-11-03,,Não informado,FINALIZADA,BOA VIAGEM,RUA JOAO CARDOSO AIRES,RUA SA E SOUZA,Não informado,BOA VIAGEM,CIDADE,COLISÃO TRASEIRA,Não informado,1.0,0.0,1.0,0.0,0.0,0.0,0.0,0.0,0.0,0.0,0.0,Longo da via,Bom,Sem defeito,Perfeito estado,Seca,Perfeito estado,Não existe,Não há placas,30.0,Única,Faixa contínua,SEM VÍTIMA,2022,11,3,3,
2022-11-03,,Não informado,FINALIZADA,BOA VISTA,RUA DO PRINCIPE,RUA NUNES MACHADO,PROX. A CATOLICA,BOA VISTA,CIDADE,COLISÃO LATERAL,Não informado,0.0,1.0,0.0,0.0,0.0,1.0,0.0,0.0,0.0,0.0,1.0,Longo da via,Bom,Não existe,Perfeito estado,Seca,Perfeito estado,Faixa de pedestre,R-6a,60.0,Única,Faixa seccionada,VÍTIMA FATAL,2022,11,3,3,
2022-11-04,,Não informado,FINALIZADA,VASCO DA GAMA,AV NORTE MIGUEL ARRAES DE ALENCAR,RUA VASCO DA GAMA,PRÓXIMO A PIZZARIA PASSIRA,VASCO DA GAMA,SUBURBIO,COLISÃO TRANSVERSAL,Não informado,2.0,0.0,0.0,0.0,0.0,0.0,0.0,0.0,0.0,0.0,0.0,Cruzamento,Bom,Sem defeito,Perfeito estado,Seca,Perfeito estado,Faixa de pedestre,Outras,60.0,Dupla,Faixa contínua,SEM VÍTIMA,2022,11,4,4,
2022-11-04,,Não informado,FINALIZADA,CASA FORTE,EST DAS UBAIAS,Não informado,EM FRENTE AO EDIFÍCIO AKHINOS,CASA FORTE,SUBURBIO,COLISÃO LATERAL,Não informado,2.0,0.0,0.0,0.0,0.0,0.0,0.0,0.0,0.0,0.0,0.0,Longo da via,Bom,Não existe,Incompleta,Seca,Perfeito estado,Não existe,Não há placas,60.0,Dupla,Não informado,SEM VÍTIMA,2022,11,4,4,
2022-11-04,,Não informado,FINALIZADA,IMBIRIBEIRA,RUA ITACARI,RUA ITAJAI,VERIFICAR ACIDENTE COM VÍTIMIA- SEM MAIS INFORMAÇÕES NO MOMENTO,IMBIRIBEIRA,Não informado,COLISÃO COM CICLISTA,Não informado,1.0,0.0,0.0,1.0,0.0,0.0,0.0,0.0,0.0,1.0,0.0,Longo da via,Bom,Não existe,Não existente,Seca,Mal conservada,Faixa de pedestre,Placas Pare,40.0,Única,Não existe,COM VÍTIMA,2022,11,4,4,
2022-11-04,,Não informado,DUPLICIDADE,IMBIRIBEIRA,RUA JAMAICA,Não informado,INOVE PVC,IMBIRIBEIRA,Não informado,COLISÃO COM CICLISTA,Não informado,1.0,0.0,0.0,1.0,0.0,0.0,0.0,0.0,0.0,1.0,0.0,Não informado,Não informado,Não informado,Não informado,Não informado,Não informado,Não informado,Não informado,60.0,Não informado,Não informado,COM VÍTIMA,2022,11,4,4,
2022-11-04,,Não informado,FINALIZADA,BOA VISTA,AV GUARARAPES,Não informado,PRÓX. AOS CORREIOS,BOA VISTA,Não informado,ATROPELAMENTO DE PESSOA,Não informado,0.0,0.0,0.0,0.0,1.0,1.0,0.0,0.0,0.0,1.0,0.0,Longo da via,Bom,Sem defeito,Perfeito estado,Seca,Perfeito estado,Faixa de pedestre,Outras,60.0,Dupla,Faixa seccionada,COM VÍTIMA,2022,11,4,4,
2022-11-04,,Não informado,FINALIZADA,ARRUDA,AV BEBERIBE,RUA SAO BENTO,EM FRENTE A LOJA  PÉ COM CHINELO  SOB O SEMÁFORO 064,ARRUDA,Não informado,Não informado,Não informado,1.0,0.0,0.0,0.0,0.0,1.0,0.0,0.0,0.0,0.0,0.0,Longo da via,Bom,Sem defeito,Perfeito estado,Seca,Perfeito estado,Faixa de pedestre,Outras,60.0,Dupla,Faixa contínua,SEM VÍTIMA,2022,11,4,4,
2022-11-04,,Não informado,FINALIZADA,VÁRZEA,AV AFONSO OLINDENSE,Não informado,EM A PADARIA CAXANGÁ,VÁRZEA,CIDADE,COLISÃO FRONTAL,Não informado,1.0,0.0,1.0,0.0,0.0,0.0,0.0,0.0,0.0,1.0,0.0,Longo da via,Bom,Sem defeito,Perfeito estado,Seca,Perfeito estado,Faixa de pedestre,Outras,60.0,Dupla,Faixa contínua,COM VÍTIMA,2022,11,4,4,
2022-11-05,,Não informado,FINALIZADA,AFOGADOS,RUA VINTE E UM DE ABRIL,Não informado,EM FRENTE AO CLUBE FERROVIARIO,AFOGADOS,CIDADE,COLISÃO FRONTAL,Não informado,1.0,1.0,0.0,0.0,0.0,0.0,1.0,0.0,0.0,1.0,0.0,Esquina,Bom,Não existe,Incompleta,Seca,Perfeito estado,Não existe,Placas Pare,60.0,Dupla,Não existe,COM VÍTIMA,2022,11,5,5,
2022-11-05,,Não informado,FINALIZADA,SÃO JOSÉ,AV SUL,Não informado,PROX AO POSTO BR,SÃO JOSÉ,CIDADE,QUEDA,Não informado,0.0,1.0,0.0,0.0,0.0,0.0,0.0,0.0,0.0,2.0,0.0,Longo da via,Bom,Não existe,Perfeito estado,Seca,Perfeito estado,Não existe,Outras,50.0,Dupla,Não existe,COM VÍTIMA,2022,11,5,5,
2022-11-05,,Não informado,FINALIZADA,IBURA,RUA EXP FRANCISCO VITORIANO,Não informado,BORRACHARIA DO PRETO,IBURA,CIDADE,COLISÃO LATERAL,Não informado,1.0,1.0,0.0,0.0,0.0,0.0,0.0,0.0,0.0,1.0,0.0,Longo da via,Bom,Não existe,Ilegível,Seca,Perfeito estado,Não existe,Não há placas,60.0,Dupla,Faixa seccionada,COM VÍTIMA,2022,11,5,5,