data,hora,natureza_acidente,situacao,bairro,endereco,detalhe_endereco_acidente,complemento,bairro_cruzamento,sentido_via,tipo,descricao,auto,moto,ciclom,ciclista,pedestre,onibus,caminhao,viatura,outros,vitimas,vitimasfatais,acidente_verificado,tempo_clima,situacao_semaforo,sinalizacao,condicao_via,conservacao_via,ponto_controle,situacao_placa,velocidade_max_via,mao_direcao,divisao_via1,natureza,ano,mes,dia,dia_semana,hora_ocorrencia
2022-11-05,,Não informado,FINALIZADA,VÁRZEA,RUA GENERAL POLIDORO,RUA AGRICOLANDIA,PRÓXIMO A PADARIA CIDADE UNIVERSITARIA,VÁRZEA,Não informado,COLISÃO LATERAL,Não informado,2.0,0.0,0.0,0.0,0.0,0.0,0.0,0.0,0.0,0.0,0.0,Não informado,Não informado,Não informado,Não informado,Não informado,Não informado,Não informado,Não informado,60.0,Não informado,Não informado,SEM VÍTIMA,2022,11,5,5,
2022-11-06,,Não informado,FINALIZADA,MADALENA,RUA JOSE OSORIO,EST DOS REMEDIOS,PROX. EXTRAFARMA,MADALENA,SUBURBIO,COLISÃO TRANSVERSAL,Não informado,2.0,0.0,0.0,0.0,0.0,0.0,0.0,0.0,0.0,1.0,0.0,Cruzamento,Bom,Sem defeito,Perfeito estado,Seca,Perfeito estado,Não existe,Não há placas,60.0,Única,Faixa seccionada,COM VÍTIMA,2022,11,6,6,
2022-11-06,,Não informado,CANCELADA,JAQUEIRA,AV RUI BARBOSA,Não informado,PROX. AO HOSPITAL MARIA LUCINDA,JAQUEIRA,Não informado,COLISÃO FRONTAL,Não informado,0.0,0.0,0.0,0.0,0.0,0.0,0.0,0.0,0.0,0.0,0.0,Não informado,Não informado,Não informado,Não informado,Não informado,Não informado,Não informado,Não informado,60.0,Não informado,Não informado,SEM VÍTIMA,2022,11,6,6,
2022-11-06,,Não informado,CANCELADA,ARRUDA,AV BEBERIBE,RUA SAO BENTO,PRÓX. À CASA DE SHOWS BATE-PAPO.,ARRUDA,Não informado,COLISÃO LATERAL,Não informado,1.0,1.0,0.0,0.0,0.0,0.0,0.0,0.0,0.0,2.0,0.0,Não informado,Não informado,Não informado,Não informado,Não informado,Não informado,Não informado,Não informado,60.0,Não informado,Não informado,COM VÍTIMA,2022,11,6,6,
2022-11-06,,Não informado,CANCELADA,TOTÓ,RUA ONZE DE AGOSTO,Não informado,EM FRENTE À COMPESA,TOTÓ,Não informado,CHOQUE,Não informado,1.0,0.0,0.0,0.0,0.0,0.0,0.0,0.0,0.0,1.0,0.0,Não informado,Não informado,Não informado,Não informado,Não informado,Não informado,Não informado,Não informado,60.0,Não informado,Não informado,COM VÍTIMA,2022,11,6,6,
2022-11-06,,Não informado,FINALIZADA,AFOGADOS,RUA SAO MIGUEL,RUA QUITERIO INACIO DE MELLO,SEMÁFORO DE Nº 333,AFOGADOS,SUBURBIO,COLISÃO TRANSVERSAL,Não informado,2.0,0.0,0.0,0.0,0.0,0.0,0.0,0.0,0.0,0.0,0.0,Cruzamento,Bom,Sem defeito,Perfeito estado,Seca,Perfeito estado,Faixa de pedestre,Outras,60.0,Dupla,Faixa contínua,SEM VÍTIMA,2022,11,6,6,
2022-11-07,,Não informado,FINALIZADA,TORRE,RUA REAL DA TORRE,RUA GALVAO RAPOSO,EM FRENTE AO GUIA MATERIAL DE CONSTRUÇÃO,TORRE,Não informado,COLISÃO LATERAL,Não informado,1.0,1.0,0.0,0.0,0.0,0.0,0.0,0.0,0.0,1.0,0.0,Cruzamento,Bom,Sem defeito,Perfeito estado,Seca,Perfeito estado,Faixa de pedestre,Outras,60.0,Única,Faixa seccionada,COM VÍTIMA,2022,11,7,0,
2022-11-07,,Não informado,FINALIZADA,AFOGADOS,RUA COSME VIANA,Não informado,"LADO OPOSTO AO Nº 225, EM FRENTE À TUPAN",AFOGADOS,SUBURBIO,COLISÃO LATERAL,Não informado,1.0,1.0,0.0,0.0,0.0,0.0,0.0,0.0,0.0,1.0,0.0,Longo da via,Bom,Não existe,Perfeito estado,Seca,Perfeito estado,Não existe,Não há placas,60.0,Única,Faixa seccionada,COM VÍTIMA,2022,11,7,0,
2022-11-07,,Não informado,FINALIZADA,SANTO AMARO,RUA ODORICO MENDES,AV GOVERNADOR AGAMENON MAGALHAES,ACIDENTE,SANTO AMARO,CIDADE,COLISÃO LATERAL,Não informado,0.0,2.0,0.0,0.0,0.0,0.0,0.0,0.0,0.0,2.0,0.0,Cruzamento,Bom,Sem defeito,Perfeito estado,Seca,Perfeito estado,Agente,Outras,60.0,Dupla,Faixa seccionada,COM VÍTIMA,2022,11,7,0,
2022-11-07,,Não informado,FINALIZADA,CASA AMARELA,LGO DOM LUIZ,AV NORTE MIGUEL ARRAES DE ALENCAR,Não informado,CASA AMARELA,SUBURBIO,ATROPELAMENTO DE PESSOA,Não informado,0.0,1.0,0.0,0.0,1.0,0.0,0.0,0.0,0.0,1.0,0.0,Longo da via,Bom,Sem defeito,Perfeito estado,Seca,Perfeito estado,Faixa de retenção,Outras,60.0,Dupla,Canteiro central,COM VÍTIMA,2022,11,7,0,
2022-11-07,,Não informado,FINALIZADA,BOA VIAGEM,AV BOA VIAGEM,RUA RIBEIRO DE BRITO,EM FRENTE AO EDIFÍCIO QUEEN MARY,BOA VIAGEM,CIDADE,COLISÃO LATERAL,Não informado,3.0,0.0,0.0,0.0,0.0,0.0,0.0,0.0,0.0,1.0,0.0,Não informado,Bom,Não existe,Perfeito estado,Seca,Perfeito estado,Faixa de pedestre,Não há placas,60.0,Única,Faixa seccionada,COM VÍTIMA,2022,11,7,0,
2022-11-07,,Não informado,CANCELADA,BEBERIBE,AV BEBERIBE,Não informado,Não informado,BEBERIBE,Não informado,COLISÃO LATERAL,Não informado,1.0,1.0,0.0,0.0,0.0,0.0,0.0,0.0,0.0,1.0,0.0,Não informado,Não informado,Não informado,Não informado,Não informado,Não informado,Não informado,Não informado,60.0,Não informado,Não informado,COM VÍTIMA,2022,11,7,0,
2022-11-07,,Não informado,FINALIZADA,BOA VIAGEM,RUA ERNESTO DE PAULA SANTOS,Não informado,RUA VISCONDE DE JEQUITINHONHA,BOA VIAGEM,CIDADE,COLISÃO COM CICLISTA,Não informado,0.0,0.0,0.0,1.0,0.0,1.0,0.0,0.0,0.0,1.0,0.0,Longo da via,Bom,Sem defeito,Perfeito estado,Seca,Perfeito estado,Não existe,Não há placas,30.0,Única,Faixa seccionada,COM VÍTIMA,2022,11,7,0,
2022-11-08,,Não informado,FINALIZADA,GRAÇAS,AV DR MALAQUIAS,Não informado,Não informado,GRAÇAS,Não informado,COLISÃO LATERAL,Não informado,0.0,0.0,0.0,0.0,0.0,0.0,0.0,0.0,0.0,1.0,0.0,Longo da via,Bom,Não existe,Perfeito estado,Seca,Perfeito estado,Não existe,Não há placas,40.0,Única,Não existe,COM VÍTIMA,2022,11,8,1,
2022-11-08,,Não informado,FINALIZADA,AREIAS,AV RECIFE,Não informado,"ACIDENTE COM VÍTIMA  COLISÃO TRASEIRA,",AREIAS,SUBURBIO,COLISÃO TRASEIRA,Não informado,7.0,0.0,0.0,0.0,0.0,0.0,0.0,1.0,0.0,1.0,0.0,Longo da via,Bom,Não existe,Perfeito estado,Seca,Perfeito estado,Não existe,Outras,60.0,Única,Faixa seccionada,COM VÍTIMA,2022,11,8,1,
2022-11-08,,Não informado,FINALIZADA,IMBIRIBEIRA,RUA ARQUITETO LUIZ NUNES,Não informado,EM FRENTE A ESCOLA PINHEIROS,IMBIRIBEIRA,Não informado,COLISÃO TRANSVERSAL,Não informado,1.0,1.0,0.0,0.0,0.0,0.0,0.0,0.0,0.0,1.0,0.0,Longo da via,Bom,Não existe,Perfeito estado,Seca,Perfeito estado,Faixa de pedestre,Outras,40.0,Dupla,Faixa contínua,COM VÍTIMA,2022,11,8,1,
2022-11-08,,Não informado,FINALIZADA,BOA VIAGEM,AV DES JOSE NEVES,Não informado,Não informado,BOA VIAGEM,Não informado,COLISÃO LATERAL,Não informado,0.0,1.0,0.0,0.0,0.0,0.0,0.0,0.0,0.0,1.0,0.0,Longo da via,Bom,Não existe,Perfeito estado,Seca,Perfeito estado,Não existe,Não há placas,60.0,Única,Faixa seccionada,COM VÍTIMA,2022,11,8,1,
2022-11-09,,Não informado,FINALIZADA,SANTO AMARO,RUA DOS PALMARES,Não informado,COMANDO DA GUARDA MUNICIPAL DO RECIFE,SANTO AMARO,Não informado,COLISÃO COM CICLISTA,Não informado,2.0,0.0,0.0,1.0,0.0,0.0,0.0,0.0,0.0,1.0,0.0,Longo da via,Bom,Não existe,Perfeito estado,Seca,Perfeito estado,Não existe,Outras,40.0,Não informado,Faixa seccionada,COM VÍTIMA,2022,11,9,2,
2022-11-09,,Não informado,FINALIZADA,NOVA DESCOBERTA,RUA NOVA DESCOBERTA,Não informado,EM FRENTE A ECOESTAÇÃO,NOVA DESCOBERTA,Não informado,COLISÃO LATERAL,Não informado,1.0,1.0,0.0,0.0,0.0,0.0,0.0,0.0,0.0,2.0,0.0,Longo da via,Bom,Não existe,Incompleta,Seca,Perfeito estado,Não existe,R-6a,60.0,Dupla,Faixa seccionada,COM VÍTIMA,2022,11,9,2,
2022-11-09,,Não informado,FINALIZADA,BOA VISTA,RUA PADRE INGLES,Não informado,EM FRENTE A UNIBRA,BOA VISTA,CIDADE,COLISÃO FRONTAL,Não informado,2.0,0.0,0.0,0.0,0.0,0.0,0.0,0.0,0.0,0.0,0.0,Longo da via,Bom,Não existe,Perfeito estado,Seca,Perfeito estado,Não existe,Outras,60.0,Dupla,Não existe,SEM VÍTIMA,2022,11,9,2,
2022-11-09,,Não informado,FINALIZADA,JORDÃO,AV MARIA IRENE,Não informado,PROX A BASE AEREA MILITAR,JORDÃO,Não informado,COLISÃO LATERAL,Não informado,1.0,1.0,0.0,0.0,0.0,0.0,0.0,0.0,0.0,1.0,0.0,Longo da via,Bom,Não existe,Não existente,Seca,Perfeito estado,Não existe,Não há placas,60.0,Dupla,Não existe,COM VÍTIMA,2022,11,9,2,
2022-11-09,,Não informado,CANCELADA,ENGENHO DO MEIO,AV MARIO ALVARES PEREIRA DE LYRA,Não informado,CRUZAMNETO COM A RUA AMBROSIO MACHADO,ENGENHO DO MEIO,Não informado,COLISÃO TRASEIRA,Não informado,2.0,0.0,0.0,0.0,0.0,0.0,0.0,0.0,0.0,1.0,0.0,Não informado,Não informado,Não informado,Não informado,Não informado,Não informado,Não informado,Não informado,60.0,Não informado,Não informado,COM VÍTIMA,2022,11,9,2,
2022-11-09,,Não informado,FINALIZADA,BOA VISTA,RUA DA AURORA,Não informado,CRUZAMENTO COM AV. CONDE DA BOA VISTA,BOA VISTA,Não informado,COLISÃO LATERAL,Não informado,1.0,1.0,0.0,0.0,0.0,0.0,0.0,0.0,0.0,1.0,0.0,Cruzamento,Bom,Sem defeito,Perfeito estado,Seca,Perfeito estado,Faixa de pedestre,Outras,60.0,Única,Faixa contínua,COM VÍTIMA,2022,11,9,2,
2022-11-10,,Não informado,FINALIZADA,MADALENA,RUA BENFICA,Não informado,EM FRENTE AO OFTALMAX,MADALENA,Não informado,COLISÃO LATERAL,Não informado,1.0,1.0,0.0,0.0,0.0,0.0,0.0,0.0,0.0,1.0,0.0,Cruzamento,Bom,Sem defeito,Perfeito estado,Seca,Perfeito estado,Faixa de pedestre,R-6c,40.0,Dupla,Faixa contínua,COM VÍTIMA,2022,11,10,3,
2022-11-10,,Não informado,FINALIZADA,PRADO,AV ENGENHEIRO ABDIAS DE CARVALHO,Não informado,SOB O SEMÁFORO 327,PRADO,CIDADE,COLISÃO TRANSVERSAL,Não informado,0.0,1.0,0.0,0.0,0.0,0.0,1.0,0.0,0.0,2.0,0.0,Longo da via,Bom,Sem defeito,Perfeito estado,Seca,Perfeito estado,Faixa de retenção,R-6a,60.0,Dupla,Canteiro central,COM VÍTIMA,2022,11,10,3,
2022-11-10,,Não informado,FINALIZADA,TORRÕES,AV ENGENHEIRO ABDIAS DE CARVALHO,Não informado,"PROX A UPA,  EM FRENTE A GALERIA ACRIMODAS",TORRÕES,Não informado,COLISÃO TRASEIRA,Não informado,0.0,1.0,0.0,0.0,0.0,1.0,0.0,0.0,0.0,1.0,0.0,Longo da via,Bom,Sem defeito,Perfeito estado,Seca,Perfeito estado,Outros,R-6a,60.0,Dupla,Canteiro central,COM VÍTIMA,2022,11,10,3,
2022-11-10,,Não informado,FINALIZADA,IMBIRIBEIRA,AV MARECHAL MASCARENHAS DE MORAES,Não informado,EM FRENTE A FERRO +,IMBIRIBEIRA,Não informado,Não informado,Não informado,1.0,0.0,0.0,0.0,0.0,0.0,1.0,0.0,0.0,0.0,0.0,Longo da via,Bom,Não existe,Perfeito estado,Seca,Perfeito estado,Não existe,Outras,60.0,Dupla,Canteiro central,SEM VÍTIMA,2022,11,10,3,
2022-11-10,,Não informado,FINALIZADA,JIQUIÁ,RUA SAO MIGUEL,Não informado,QUANDO SE DEPAROU COM UM SINISTRO ENVOLVENDO DOIS VEÍCULOS,JIQUIÁ,SUBURBIO,COLISÃO TRASEIRA,Não informado,1.0,1.0,0.0,0.0,0.0,0.0,0.0,0.0,0.0,1.0,0.0,Longo da via,Bom,Não existe,Perfeito estado,Seca,Perfeito estado,Não existe,Não há placas,60.0,Dupla,Faixa contínua,COM VÍTIMA,2022,11,10,3,
2022-11-10,,Não informado,CANCELADA,ILHA DO RETIRO,AV ENGENHEIRO ABDIAS DE CARVALHO,Não informado,HABIBS,ILHA DO RETIRO,Não informado,COLISÃO TRASEIRA,Não informado,1.0,1.0,0.0,0.0,0.0,0.0,0.0,0.0,0.0,1.0,0.0,Não informado,Não informado,Não informado,Não informado,Não informado,Não informado,Não informado,Não informado,60.0,Não informado,Não informado,COM VÍTIMA,2022,11,10,3,
2022-11-10,,Não informado,FINALIZADA,SÃO JOSÉ,AV ENGENHEIRO JOSE ESTELITA,Não informado,ACIDENTE COM VÍTIMA ABALROAMENTO LONGITUDINAL,SÃO JOSÉ,SUBURBIO,Não informado,Não informado,1.0,0.0,0.0,0.0,0.0,0.0,0.0,0.0,0.0,1.0,0.0,Longo da via,Bom,Não existe,Perfeito estado,Seca,Perfeito estado,Não existe,Outras,60.0,Única,Faixa seccionada,COM VÍTIMA,2022,11,10,3,
2022-11-10,,Não informado,FINALIZADA,CAMPO GRANDE,RUA VISCONDE DE CAIRU,RUA ODORICO MENDES,PROXIMO AO COLEGIO JESUS CRUCIFICADO,CAMPO GRANDE,Não informado,COLISÃO LATERAL,Não informado,1.0,1.0,0.0,0.0,0.0,0.0,0.0,0.0,0.0,1.0,0.0,Longo da via,Bom,Não existe,Perfeito estado,Seca,Perfeito estado,Não existe,Placas Pare,40.0,Dupla,Faixa seccionada,COM VÍTIMA,2022,11,10,3,
2022-11-10,,Não informado,FINALIZADA,CAXANGÁ,AV CAXANGA,Não informado,EM FRENTE INTEGRAÇÃO DA CAXANGA,CAXANGÁ,Não informado,ATROPELAMENTO DE PESSOA,Não informado,0.0,1.0,0.0,0.0,1.0,0.0,0.0,0.0,0.0,1.0,0.0,Longo da via,Bom,Sem defeito,Perfeito estado,Seca,Perfeito estado,Faixa de pedestre,Outras,40.0,Dupla,Canteiro central,COM VÍTIMA,2022,11,10,3,
2022-11-10,,Não informado,FINALIZADA,AREIAS,RUA IPOJUCA,Não informado,PROX AO INSS DE AREIAS,AREIAS,Não informado,COLISÃO FRONTAL,Não informado,1.0,1.0,0.0,0.0,0.0,0.0,0.0,0.0,0.0,1.0,0.0,Não informado,Não informado,Não informado,Não informado,Não informado,Não informado,Não informado,Não informado,60.0,Não informado,Não informado,COM VÍTIMA,2022,11,10,3,
2022-11-10,,Não informado,FINALIZADA,SÃO JOSÉ,RUA IMPERIAL,TRV DO RAPOSO,SOB O SEMÁFORO 510,SÃO JOSÉ,SUBURBIO,COLISÃO TRANSVERSAL,Não informado,2.0,0.0,0.0,0.0,0.0,0.0,0.0,0.0,0.0,0.0,0.0,Cruzamento,Chuvoso,Intermitente,Incompleta,Molhada,Mal iluminada,Não existe,Não há placas,60.0,Única,Não existe,SEM VÍTIMA,2022,11,10,3,
2022-11-10,,Não informado,FINALIZADA,BOA VISTA,AV CONDE DA BOA VISTA,RUA DA AURORA,Não informado,BOA VISTA,Não informado,COLISÃO TRANSVERSAL,Não informado,1.0,0.0,0.0,0.0,0.0,1.0,0.0,0.0,0.0,1.0,0.0,Cruzamento,Bom,Sem defeito,Perfeito estado,Seca,Perfeito estado,Faixa de pedestre,Não há placas,60.0,Dupla,Faixa contínua,COM VÍTIMA,2022,11,10,3,
2022-11-10,,Não informado,FINALIZADA,COQUEIRAL,RUA PAPA JOAO VINTE E TRES,RUA FALCAO DE LACERDA,"SOB O PONTILHÃO, AO LADO DA ESTAÇÃO",COQUEIRAL,Não informado,COLISÃO FRONTAL,Não informado,0.0,1.0,0.0,0.0,0.0,1.0,0.0,0.0,0.0,1.0,0.0,Longo da via,Bom,Não existe,Não existente,Seca,Não informado,Não existe,Não informado,60.0,Não informado,Não informado,COM VÍTIMA,2022,11,10,3,
2022-11-11,,Não informado,FINALIZADA,PINA,AVENIDA CELSO FURTADO (VIA MANGUE),Não informado,"PROX A LOMBADA ELETRONICA, SENTIDO BOA VIAGEM",PINA,Não informado,CHOQUE,Não informado,0.0,0.0,0.0,0.0,0.0,0.0,0.0,1.0,0.0,0.0,0.0,Longo da via,Chuvoso,Não existe,Perfeito estado,Molhada,Perfeito estado,Não informado,R-19,60.0,Dupla,Canteiro central,SEM VÍTIMA,2022,11,11,4,
2022-11-11,,Não informado,FINALIZADA,VÁRZEA,RUA VALE DO SIRIJI,RUA JOSE ANTONIO DA COSTA FILHO,PROX AO COLEGIO MARIA DA CONCEIÇÃO,VÁRZEA,Não informado,COLISÃO TRASEIRA,Não informado,2.0,1.0,0.0,0.0,0.0,0.0,0.0,0.0,0.0,1.0,0.0,Longo da via,Chuvoso,Não existe,Perfeito estado,Molhada,Perfeito estado,Não existe,Não há placas,60.0,Dupla,Não existe,COM VÍTIMA,2022,11,11,4,
2022-11-11,,Não informado,FINALIZADA,IBURA,LAD DA COHAB,AV DOIS RIOS,Não informado,IBURA,Não informado,COLISÃO TRASEIRA,Não informado,1.0,0.0,0.0,0.0,0.0,0.0,0.0,0.0,0.0,0.0,0.0,Cruzamento,Chuvoso,Não existe,Perfeito estado,Molhada,Mal conservada,Agente,R-4a,60.0,Dupla,Faixa contínua,SEM VÍTIMA,2022,11,11,4,
2022-11-11,,Não informado,FINALIZADA,SANTO AMARO,RUA AURORA,Não informado,REDE GLOBO,SANTO AMARO,Não informado,COLISÃO LATERAL,Não informado,1.0,1.0,0.0,0.0,0.0,0.0,0.0,0.0,0.0,1.0,0.0,Longo da via,Bom,Não existe,Perfeito estado,Seca,Perfeito estado,Faixa de pedestre,Não há placas,60.0,Dupla,Canteiro central,COM VÍTIMA,2022,11,11,4,
2022-11-11,,Não informado,FINALIZADA,ILHA DO LEITE,AV GOVERNADOR AGAMENON MAGALHAES,Não informado,EM FRENTE AO HOSPITAL PORTUGUES,ILHA DO LEITE,Não informado,COLISÃO TRASEIRA,Não informado,2.0,0.0,0.0,0.0,0.0,0.0,0.0,0.0,0.0,1.0,0.0,Não informado,Não informado,Não informado,Não informado,Não informado,Não informado,Não informado,Não informado,60.0,Não informado,Não informado,COM VÍTIMA,2022,11,11,4,
2022-11-11,,Não informado,FINALIZADA,TORRÕES,AV ENGENHEIRO ABDIAS DE CARVALHO,RUA DELMIRO GOUVEIA,EM FRENTE A VITORIA MARMORE/ SENTIDO CIDADE,TORRÕES,CIDADE,COLISÃO LATERAL,Não informado,1.0,1.0,0.0,0.0,0.0,0.0,0.0,0.0,0.0,1.0,0.0,Cruzamento,Bom,Sem defeito,Perfeito estado,Seca,Perfeito estado,Não informado,Outras,60.0,Dupla,Não existe,COM VÍTIMA,2022,11,11,4,
2022-11-11,,Não informado,FINALIZADA,DOIS UNIDOS,AV HILDEBRANDO DE VASCONCELOS,Não informado,PROXIMO A QURADA DE DOIS UNIDOS,DOIS UNIDOS,SUBURBIO,COLISÃO TRASEIRA,Não informado,1.0,1.0,0.0,0.0,0.0,0.0,0.0,0.0,0.0,1.0,0.0,Longo da via,Bom,Não existe,Não existente,Seca,Perfeito estado,Não existe,Não há placas,60.0,Dupla,Não existe,COM VÍTIMA,2022,11,11,4,
2022-11-11,,Não informado,FINALIZADA,IPUTINGA,RUA EMILIANO BRAGA,Não informado,ENTRADA DA INTEGRAÇÃO CDU,IPUTINGA,Não informado,COLISÃO LATERAL,Não informado,2.0,0.0,0.0,0.0,0.0,0.0,0.0,0.0,0.0,1.0,0.0,Não informado,Não informado,Não informado,Não informado,Não informado,Não informado,Não informado,Não informado,60.0,Não informado,Não informado,COM VÍTIMA,2022,11,11,4,
2022-11-11,,Não informado,FINALIZADA,ESPINHEIRO,RUA DA HORA,RUA AMELIA,EM FRENTE AO BANCO DO BRASIL,ESPINHEIRO,Não informado,COLISÃO COM CICLISTA,Não informado,0.0,1.0,0.0,1.0,0.0,0.0,0.0,0.0,0.0,2.0,0.0,Cruzamento,Bom,Sem defeito,Perfeito estado,Seca,Perfeito estado,Faixa de pedestre,Outras,40.0,Única,Faixa contínua,COM VÍTIMA,2022,11,11,4,
2022-11-11,,Não informado,FINALIZADA,JORDÃO,AV MARIA IRENE,Não informado,NA PARADA DE ONIBUS,JORDÃO,SUBURBIO,CHOQUE,Não informado,1.0,1.0,0.0,0.0,0.0,0.0,0.0,0.0,0.0,2.0,0.0,Longo da via,Bom,Não existe,Perfeito estado,Seca,Perfeito estado,Não existe,Não há placas,60.0,Dupla,Faixa contínua,COM VÍTIMA,2022,11,11,4,
2022-11-12,,Não informado,FINALIZADA,APIPUCOS,RUA DE APIPUCOS,Não informado,CONDOMINIO HILSON MACEDO,APIPUCOS,CIDADE,COLISÃO TRASEIRA,Não informado,1.0,0.0,0.0,0.0,0.0,0.0,1.0,0.0,0.0,1.0,0.0,Longo da via,Chuvoso,Não existe,Perfeito estado,Molhada,Perfeito estado,Não existe,Não há placas,60.0,Dupla,Faixa contínua,COM VÍTIMA,2022,11,12,5,
2022-11-12,,Não informado,FINALIZADA,MADALENA,RUA JOAO IVO DA SILVA,RUA RICARDO SALAZAR,Não informado,MADALENA,SUBURBIO,TOMBAMENTO,Não informado,1.0,0.0,0.0,0.0,0.0,0.0,0.0,0.0,0.0,0.0,0.0,Não informado,Não informado,Não informado,Não informado,Não informado,Não informado,Não informado,Não informado,60.0,Não informado,Não informado,SEM VÍTIMA,2022,11,12,5,
2022-11-12,,Não informado,FINALIZADA,VÁRZEA,AV CAXANGA,RUA GENERAL POLIDORO,"EM FRENTE A ITALIANA, SENT. RECIFE",VÁRZEA,CIDADE,COLISÃO LATERAL,Não informado,1.0,1.0,0.0,0.0,0.0,0.0,0.0,0.0,0.0,1.0,0.0,Cruzamento,Bom,Sem defeito,Perfeito estado,Seca,Perfeito estado,Faixa de pedestre,R-32,60.0,Dupla,Faixa contínua,COM VÍTIMA,2022,11,12,5,
2022-11-12,,Não informado,FINALIZADA,IMBIRIBEIRA,AV MARECHAL MASCARENHAS DE MORAES,Não informado,EM FRENTE AO ATACADO DOS PRESENTES,IMBIRIBEIRA,SUBURBIO,COLISÃO LATERAL,Não informado,1.0,1.0,0.0,0.0,0.0,0.0,0.0,0.0,0.0,2.0,0.0,Longo da via,Bom,Sem defeito,Perfeito estado,Seca,Perfeito estado,Não informado,Não informado,60.0,Não informado,Faixa seccionada,COM VÍTIMA,2022,11,12,5,
2022-11-12,,Não informado,FINALIZADA,MANGUEIRA,AV DR JOSE RUFINO,Não informado,E/F AFOGADOS ALUMINIOS  VT 21 NO LOCAL,MANGUEIRA,Não informado,COLISÃO FRONTAL,Não informado,1.0,1.0,0.0,0.0,0.0,0.0,0.0,0.0,0.0,1.0,0.0,Não informado,Não informado,Não informado,Não informado,Não informado,Não informado,Não informado,Não informado,60.0,Não informado,Não informado,COM VÍTIMA,2022,11,12,5,
2022-11-12,,Não informado,FINALIZADA,SAN MARTIN,AV GENERAL SAN MARTIN,RUA DR GOMES PORTO,PROXIMO A PRAÇA DE SAN MARTIN,SAN MARTIN,Não informado,COLISÃO TRANSVERSAL,Não informado,1.0,1.0,0.0,0.0,0.0,0.0,0.0,0.0,0.0,1.0,0.0,Longo da via,Bom,Não existe,Incompleta,Seca,Perfeito estado,Faixa de pedestre,Não informado,60.0,Dupla,Não existe,COM VÍTIMA,2022,11,12,5,
2022-11-12,,Não informado,FINALIZADA,DERBY,AV GOVERNADOR AGAMENON MAGALHAES,AV RUI BARBOSA,LADO OPOSTO AO COLEGIO AMERICANO BATISTA,DERBY,Não informado,COLISÃO LATERAL,Não informado,1.0,0.0,0.0,0.0,0.0,0.0,0.0,1.0,0.0,0.0,0.0,Cruzamento,Chuvoso,Sem defeito,Perfeito estado,Molhada,Perfeito estado,Faixa de pedestre,Placas Pare,60.0,Dupla,Canal,SEM VÍTIMA,2022,11,12,5,
2022-11-12,,Não informado,FINALIZADA,CAXANGÁ,AV CAXANGA,Não informado,EM FRENTE AO CAXANGÁ GOLF CLUBE,CAXANGÁ,CIDADE,ATROPELAMENTO DE PESSOA,Não informado,1.0,0.0,0.0,0.0,1.0,0.0,0.0,0.0,0.0,1.0,0.0,Longo da via,Chuvoso,Não existe,Perfeito estado,Molhada,Perfeito estado,Não existe,Não há placas,60.0,Dupla,Faixa contínua,COM VÍTIMA,2022,11,12,5,
2022-11-12,,Não informado,CANCELADA,BOA VIAGEM,RUA BARAO DE SOUZA LEAO,Não informado,AO LADO DO HOSPITAL MEDICAL CENTER ( HOSPITAL ALFA),BOA VIAGEM,Não informado,Não informado,Não informado,0.0,0.0,0.0,0.0,0.0,0.0,0.0,0.0,0.0,0.0,0.0,Não informado,Não informado,Não informado,Não informado,Não informado,Não informado,Não informado,Não informado,60.0,Não informado,Não informado,SEM VÍTIMA,2022,11,12,5,
2022-11-13,,Não informado,FINALIZADA,PARNAMIRIM,RUA DR JOAO SANTOS FILHO,Não informado,AO LADO DO GUAIAMUM GIGANTE/ PROXIMO AO SHOPPING PLAZA,PARNAMIRIM,Não informado,COLISÃO COM CICLISTA,Não informado,1.0,0.0,0.0,1.0,0.0,0.0,0.0,0.0,0.0,1.0,0.0,Esquina,Bom,Não existe,Perfeito estado,Seca,Perfeito estado,Não existe,R-6a,60.0,Única,Não existe,COM VÍTIMA,2022,11,13,6,
2022-11-13,,Não informado,FINALIZADA,PRADO,RUA ARMANDO SORIANO,Não informado,COM  A RUA GOMES TABORDA,PRADO,SUBURBIO,COLISÃO COM CICLISTA,Não informado,1.0,0.0,0.0,1.0,0.0,0.0,0.0,0.0,0.0,1.0,0.0,Longo da via,Bom,Não existe,Não existente,Seca,Perfeito estado,Não existe,Outras,60.0,Dupla,Não existe,COM VÍTIMA,2022,11,13,6,