data,hora,natureza_acidente,situacao,bairro,endereco,detalhe_endereco_acidente,complemento,bairro_cruzamento,sentido_via,tipo,descricao,auto,moto,ciclom,ciclista,pedestre,onibus,caminhao,viatura,outros,vitimas,vitimasfatais,acidente_verificado,tempo_clima,situacao_semaforo,sinalizacao,condicao_via,conservacao_via,ponto_controle,situacao_placa,velocidade_max_via,mao_direcao,divisao_via1,natureza,ano,mes,dia,dia_semana,hora_ocorrencia
2022-11-13,,Não informado,FINALIZADA,AFOGADOS,RUA SAO MIGUEL,Não informado,RESTAURANTE BODE DO NO,AFOGADOS,SUBURBIO,COLISÃO TRANSVERSAL,Não informado,1.0,1.0,0.0,0.0,0.0,0.0,0.0,0.0,0.0,2.0,0.0,Longo da via,Bom,Sem defeito,Perfeito estado,Seca,Perfeito estado,Não existe,Não há placas,60.0,Dupla,Faixa contínua,COM VÍTIMA,2022,11,13,6,
2022-11-14,,Não informado,FINALIZADA,PINA,AVENIDA CELSO FURTADO (VIA MANGUE),Não informado,"EM CIMA DA PONTE, PROX AO RIO MAR",PINA,CIDADE,COLISÃO TRASEIRA,Não informado,1.0,1.0,0.0,0.0,0.0,0.0,0.0,0.0,0.0,1.0,0.0,Ponte,Chuvoso,Não existe,Perfeito estado,Molhada,Perfeito estado,Não existe,Outras,60.0,Única,Faixa contínua,COM VÍTIMA,2022,11,14,0,
2022-11-14,,Não informado,FINALIZADA,AREIAS,AV RECIFE,Não informado,VEÍCULO CHOCOU-SE  COM UMA ÁRVORE NA FRENTE DO CONJUNTO RESIDENCIAL IGNÊZ ANDREAZZA. SENT IPSEP / ESTÂNCIA.  NO RECUO DO PONTO DE TÁXI. LADO OPOSTO DO BIG BOMPREÇO.,AREIAS,Não informado,CHOQUE,Não informado,1.0,0.0,0.0,0.0,0.0,0.0,0.0,0.0,0.0,1.0,0.0,Longo da via,Bom,Sem defeito,Perfeito estado,Seca,Perfeito estado,Não existe,Não há placas,60.0,Dupla,Canteiro central,COM VÍTIMA,2022,11,14,0,
2022-11-14,,Não informado,FINALIZADA,BOA VIAGEM,RUA BARAO DE SOUZA LEAO,RUA BARAO DE TAMANDARE,ESCOLA SANTOS DUMONT,BOA VIAGEM,Não informado,COLISÃO LATERAL,Não informado,2.0,0.0,0.0,0.0,0.0,0.0,0.0,0.0,0.0,0.0,0.0,Longo da via,Bom,Não existe,Perfeito estado,Seca,Perfeito estado,Não existe,Outras,60.0,Única,Faixa seccionada,SEM VÍTIMA,2022,11,14,0,
2022-11-14,,Não informado,FINALIZADA,JIQUIÁ,AV RECIFE,Não informado,EM FRENTE AO ASSAI SENT. BR,JIQUIÁ,SUBURBIO,TOMBAMENTO,Não informado,0.0,1.0,0.0,0.0,0.0,0.0,1.0,0.0,0.0,2.0,0.0,Cruzamento,Bom,Sem defeito,Perfeito estado,Seca,Perfeito estado,Faixa de pedestre,Não há placas,60.0,Dupla,Canteiro central,COM VÍTIMA,2022,11,14,0,
2022-11-14,,Não informado,FINALIZADA,BOA VISTA,RUA AURORA,RUA PRINCESA IZABEL,Não informado,BOA VISTA,SUBURBIO,COLISÃO LATERAL,Não informado,0.0,2.0,0.0,0.0,0.0,0.0,0.0,0.0,0.0,1.0,0.0,Cruzamento,Bom,Sem defeito,Perfeito estado,Seca,Perfeito estado,Não existe,Não há placas,60.0,Única,Faixa seccionada,COM VÍTIMA,2022,11,14,0,
2022-11-14,,Não informado,FINALIZADA,ESPINHEIRO,RUA DO ESPINHEIRO,RUA SANTO ELIAS,E/F AO POSTO SHELL,ESPINHEIRO,SUBURBIO,COLISÃO LATERAL,Não informado,0.0,2.0,0.0,0.0,0.0,0.0,0.0,0.0,0.0,1.0,0.0,Longo da via,Chuvoso,Não existe,Incompleta,Molhada,Perfeito estado,Não informado,Não informado,40.0,Única,Não informado,COM VÍTIMA,2022,11,14,0,
2022-11-14,,Não informado,FINALIZADA,AFOGADOS,EST DOS REMEDIOS,Não informado,EM FRENTE AO SUPERMERCADO DO LAR,AFOGADOS,SUBURBIO,COLISÃO LATERAL,Não informado,0.0,2.0,0.0,0.0,0.0,0.0,0.0,0.0,0.0,1.0,0.0,Longo da via,Chuvoso,Não existe,Incompleta,Molhada,Mal conservada,Faixa de pedestre,R-6b,40.0,Dupla,Faixa contínua,COM VÍTIMA,2022,11,14,0,
2022-11-14,,Não informado,FINALIZADA,PARNAMIRIM,EST DO ENCANAMENTO,RUA PROFESSOR ANDRADE BEZERRA,E/F AO CLUBE ALEMÃO,PARNAMIRIM,CIDADE,COLISÃO LATERAL,Não informado,1.0,1.0,0.0,0.0,0.0,0.0,0.0,0.0,0.0,1.0,0.0,Esquina,Bom,Não existe,Perfeito estado,Seca,Perfeito estado,Faixa de pedestre,Outras,60.0,Única,Faixa seccionada,COM VÍTIMA,2022,11,14,0,
2022-11-14,,Não informado,FINALIZADA,IPSEP,AV RECIFE,Não informado,EM FRENTE AO SUPERMERCADO HIPER BOMPREÇO,IPSEP,SUBURBIO,COLISÃO FRONTAL,Não informado,1.0,1.0,0.0,0.0,0.0,0.0,0.0,0.0,0.0,2.0,0.0,Longo da via,Chuvoso,Sem defeito,Perfeito estado,Molhada,Perfeito estado,Faixa de pedestre,Não há placas,60.0,Dupla,Faixa contínua,COM VÍTIMA,2022,11,14,0,
2022-11-14,,Não informado,FINALIZADA,AREIAS,AV RECIFE,AV CAPITAO GREGORIO DE CALDAS,EM FRENTE AO SUPERMERCADO BIG BOMPREÇO,AREIAS,SUBURBIO,COLISÃO TRASEIRA,Não informado,1.0,1.0,0.0,0.0,0.0,0.0,0.0,0.0,0.0,2.0,0.0,Longo da via,Bom,Sem defeito,Perfeito estado,Seca,Perfeito estado,Não informado,Não informado,60.0,Dupla,Canteiro central,COM VÍTIMA,2022,11,14,0,
2022-11-14,,Não informado,FINALIZADA,CASA FORTE,RUA DA HARMONIA,EST DO ENCANAMENTO,AO LADO DA FARMÁCIA EXTRA FARMA,CASA FORTE,Não informado,CHOQUE,Não informado,2.0,0.0,0.0,0.0,0.0,0.0,0.0,0.0,0.0,0.0,0.0,Longo da via,Bom,Sem defeito,Perfeito estado,Seca,Perfeito estado,Faixa de pedestre,Não há placas,60.0,Única,Faixa seccionada,SEM VÍTIMA,2022,11,14,0,
2022-11-15,,Não informado,FINALIZADA,CABANGA,AV ENGENHEIRO JOSE ESTELITA,AV ANTONIO DE GOES,EM FRENTE AO CABANGA IATE CLUBE,CABANGA,CIDADE,CHOQUE,Não informado,1.0,0.0,0.0,0.0,0.0,0.0,0.0,0.0,0.0,1.0,0.0,Viaduto,Bom,Não existe,Perfeito estado,Seca,Perfeito estado,Não existe,Não há placas,60.0,Dupla,Não informado,COM VÍTIMA,2022,11,15,1,
2022-11-15,,Não informado,FINALIZADA,IMBIRIBEIRA,RUA OLIVIA MENELAU,RUA ZEFERINO PINHO,POSTO BR / BOTECO FIRMA,IMBIRIBEIRA,CIDADE,COLISÃO LATERAL,Não informado,1.0,1.0,0.0,0.0,0.0,0.0,0.0,0.0,0.0,1.0,0.0,Esquina,Bom,Sem defeito,Perfeito estado,Seca,Perfeito estado,Não existe,Não há placas,60.0,Única,Não existe,COM VÍTIMA,2022,11,15,1,
2022-11-15,,Não informado,FINALIZADA,VÁRZEA,RUA PROFESSOR ANTONIO COELHO,RUA PROFESSOR ANTONIO COELHO,Não informado,VÁRZEA,SUBURBIO,COLISÃO LATERAL,Não informado,1.0,1.0,0.0,0.0,0.0,0.0,0.0,0.0,0.0,1.0,0.0,Cruzamento,Bom,Não existe,Perfeito estado,Seca,Perfeito estado,Faixa de pedestre,Não informado,60.0,Única,Não existe,COM VÍTIMA,2022,11,15,1,
2022-11-15,,Não informado,FINALIZADA,TAMARINEIRA,RUA CONEGO BARATA,AV NORTE MIGUEL ARRAES DE ALENCAR,PRÓXIMO A FERREIRA COSTA,TAMARINEIRA,Não informado,COLISÃO LATERAL,Não informado,1.0,1.0,0.0,0.0,0.0,0.0,0.0,0.0,0.0,1.0,0.0,Cruzamento,Bom,Sem defeito,Perfeito estado,Seca,Perfeito estado,Faixa de pedestre,R-6a,60.0,Dupla,Faixa seccionada,COM VÍTIMA,2022,11,15,1,
2022-11-16,,Não informado,FINALIZADA,AREIAS,AV RECIFE,Não informado,EM FRENTE AO RESTAURANTE  GALLETUS,AREIAS,CIDADE,COLISÃO TRASEIRA,Não informado,1.0,1.0,0.0,0.0,0.0,0.0,0.0,0.0,0.0,1.0,0.0,Longo da via,Bom,Intermitente,Perfeito estado,Seca,Perfeito estado,Faixa de pedestre,R-6a,60.0,Dupla,Canteiro central,COM VÍTIMA,2022,11,16,2,
2022-11-16,,Não informado,FINALIZADA,BOA VISTA,RUA DOM BOSCO,Não informado,EM FRENTE AO QUARTEL DA RP,BOA VISTA,Não informado,COLISÃO TRASEIRA,Não informado,0.0,2.0,0.0,0.0,0.0,0.0,0.0,0.0,0.0,1.0,0.0,Longo da via,Bom,Sem defeito,Perfeito estado,Seca,Perfeito estado,Faixa de pedestre,Outras,60.0,Única,Faixa seccionada,COM VÍTIMA,2022,11,16,2,
2022-11-16,,Não informado,FINALIZADA,SANTO AMARO,AV MARIO MELO,Não informado,PROX AO INSS,SANTO AMARO,Não informado,COLISÃO LATERAL,Não informado,2.0,0.0,0.0,0.0,0.0,0.0,0.0,0.0,0.0,0.0,0.0,Longo da via,Bom,Sem defeito,Perfeito estado,Seca,Perfeito estado,Não existe,Não há placas,60.0,Dupla,Faixa contínua,SEM VÍTIMA,2022,11,16,2,
2022-11-16,,Não informado,FINALIZADA,ESPINHEIRO,RUA DO ESPINHEIRO,AV JOAO DE BARROS,EM FRENTE A PAGUE MENOS,ESPINHEIRO,CIDADE,COLISÃO LATERAL,Não informado,1.0,1.0,0.0,0.0,0.0,0.0,0.0,0.0,0.0,1.0,0.0,Cruzamento,Bom,Sem defeito,Perfeito estado,Seca,Perfeito estado,Faixa de pedestre,R-6a,60.0,Única,Faixa seccionada,COM VÍTIMA,2022,11,16,2,
2022-11-16,,Não informado,FINALIZADA,TORRE,RUA REAL DA TORRE,Não informado,PRÓX. AO CARREFOUR,TORRE,Não informado,COLISÃO LATERAL,Não informado,0.0,0.0,0.0,0.0,0.0,0.0,0.0,2.0,0.0,0.0,0.0,Esquina,Chuvoso,Não existe,Não informado,Molhada,Perfeito estado,Não existe,Não há placas,60.0,Única,Não existe,SEM VÍTIMA,2022,11,16,2,
2022-11-16,,Não informado,FINALIZADA,CAXANGÁ,AV CAXANGA,Não informado,E/F AO RESIDENCIAL MARCOS FREIRE  S/T SUB,CAXANGÁ,Não informado,COLISÃO COM CICLISTA,Não informado,1.0,0.0,0.0,1.0,0.0,0.0,0.0,0.0,0.0,2.0,0.0,Não informado,Não informado,Não informado,Não informado,Não informado,Não informado,Não informado,Não informado,60.0,Não informado,Não informado,COM VÍTIMA,2022,11,16,2,
2022-11-16,,Não informado,FINALIZADA,BOA VIAGEM,RUA DEZ DE JULHO,Não informado,PROXIMO A MAISON CRISTAL,BOA VIAGEM,Não informado,COLISÃO FRONTAL,Não informado,1.0,1.0,0.0,0.0,0.0,0.0,0.0,0.0,0.0,1.0,0.0,Não informado,Não informado,Não informado,Não informado,Não informado,Não informado,Não informado,Não informado,60.0,Não informado,Não informado,COM VÍTIMA,2022,11,16,2,
2022-11-16,,Não informado,FINALIZADA,VÁRZEA,RUA GASTAO VIDIGAL,Não informado,NO TERMINAL DA VARZEA  NA UR 7,VÁRZEA,SUBURBIO,COLISÃO LATERAL,Não informado,0.0,1.0,0.0,0.0,0.0,1.0,0.0,0.0,0.0,2.0,0.0,Longo da via,Bom,Não existe,Perfeito estado,Seca,Perfeito estado,Não existe,Outras,60.0,Dupla,Faixa seccionada,COM VÍTIMA,2022,11,16,2,
2022-11-16,,Não informado,FINALIZADA,ESTÂNCIA,AV RECIFE,RUA LAURA BANDEIRA DE MELLO,EM FRENTE AO SUPERMERCADO AÇAI,ESTÂNCIA,Não informado,COLISÃO LATERAL,Não informado,1.0,1.0,0.0,0.0,0.0,0.0,0.0,0.0,0.0,1.0,0.0,Cruzamento,Bom,Sem defeito,Perfeito estado,Seca,Perfeito estado,Faixa de pedestre,R-4a,60.0,Dupla,Canteiro central,COM VÍTIMA,2022,11,16,2,
2022-11-16,,Não informado,FINALIZADA,BOA VIAGEM,RUA SETUBAL,Não informado,PROXIMO PARQUE DONA LINDU,BOA VIAGEM,Não informado,COLISÃO LATERAL,Não informado,1.0,1.0,0.0,0.0,0.0,0.0,0.0,0.0,0.0,1.0,0.0,Longo da via,Bom,Não existe,Perfeito estado,Seca,Perfeito estado,Não existe,Não há placas,60.0,Dupla,Não existe,COM VÍTIMA,2022,11,16,2,
2022-11-17,,Não informado,FINALIZADA,SANTO AMARO,AV GOVERNADOR AGAMENON MAGALHAES,AV DR JAYME DA FONTE,Não informado,SANTO AMARO,SUBURBIO,COLISÃO FRONTAL,Não informado,2.0,0.0,0.0,0.0,0.0,0.0,0.0,0.0,0.0,2.0,0.0,Cruzamento,Chuvoso,Sem defeito,Perfeito estado,Molhada,Perfeito estado,Faixa de pedestre,Outras,60.0,Dupla,Canal,COM VÍTIMA,2022,11,17,3,
2022-11-17,,Não informado,DUPLICIDADE,ARRUDA,AV PROFESSOR JOSE DOS ANJOS,Não informado,ESTRADA VELHA DE AGUA FRIA,ARRUDA,Não informado,COLISÃO TRASEIRA,Não informado,1.0,1.0,0.0,0.0,0.0,0.0,0.0,0.0,0.0,2.0,0.0,Não informado,Não informado,Não informado,Não informado,Não informado,Não informado,Não informado,Não informado,60.0,Não informado,Não informado,COM VÍTIMA,2022,11,17,3,
2022-11-17,,Não informado,FINALIZADA,ARRUDA,AV PROFESSOR JOSE DOS ANJOS,EST VELHA DE AGUA FRIA,AO LADO DO DNOCS,ARRUDA,SUBURBIO,COLISÃO TRASEIRA,Não informado,1.0,1.0,0.0,0.0,0.0,0.0,0.0,0.0,0.0,1.0,0.0,Cruzamento,Bom,Sem defeito,Perfeito estado,Seca,Perfeito estado,Faixa de retenção,Não há placas,60.0,Única,Faixa contínua,COM VÍTIMA,2022,11,17,3,
2022-11-17,,Não informado,FINALIZADA,SANTO AMARO,AV GOVERNADOR AGAMENON MAGALHAES,Não informado,"PROX AO POSTO PETROBRÁS, SENTIDO SHOPPING TACARUNA",SANTO AMARO,SUBURBIO,CHOQUE,Não informado,1.0,0.0,0.0,0.0,0.0,0.0,0.0,0.0,0.0,1.0,0.0,Longo da via,Bom,Não existe,Perfeito estado,Seca,Perfeito estado,Não existe,Não há placas,60.0,Dupla,Faixa contínua,COM VÍTIMA,2022,11,17,3,
2022-11-17,,Não informado,FINALIZADA,IPSEP,AV RECIFE,Não informado,SEMÁFORO 016,IPSEP,Não informado,COLISÃO TRASEIRA,Não informado,1.0,0.0,0.0,0.0,0.0,0.0,0.0,1.0,0.0,0.0,0.0,Cruzamento,Bom,Sem defeito,Perfeito estado,Seca,Perfeito estado,Faixa de pedestre,R-6a,60.0,Dupla,Canteiro central,SEM VÍTIMA,2022,11,17,3,
2022-11-17,,Não informado,FINALIZADA,BOA VISTA,RUA AURORA,Não informado,E/F AO EDF CAIS DA AURORA  PROX AO BANCO CENTRAL  DO BRASIL,BOA VISTA,Não informado,COLISÃO LATERAL,Não informado,1.0,0.0,0.0,0.0,0.0,0.0,1.0,0.0,0.0,1.0,0.0,Longo da via,Bom,Não informado,Não existente,Seca,Perfeito estado,Não existe,Não há placas,60.0,Única,Faixa seccionada,COM VÍTIMA,2022,11,17,3,
2022-11-17,,Não informado,FINALIZADA,TEJIPIÓ,RUA FALCAO DE LACERDA,Não informado,E/F A IGREJA PRESBITERIANA DE TEJIPIO,TEJIPIÓ,Não informado,COLISÃO LATERAL,Não informado,1.0,2.0,0.0,0.0,0.0,0.0,0.0,0.0,0.0,1.0,0.0,Não informado,Não informado,Não informado,Não informado,Não informado,Não informado,Não informado,Não informado,60.0,Não informado,Não informado,COM VÍTIMA,2022,11,17,3,
2022-11-17,,Não informado,FINALIZADA,CASA AMARELA,RUA PADRE LEMOS,Não informado,PROX AO POSTO DE GASOLINA BR,CASA AMARELA,SUBURBIO,COLISÃO LATERAL,Não informado,1.0,1.0,0.0,0.0,0.0,0.0,0.0,0.0,0.0,1.0,0.0,Longo da via,Bom,Sem defeito,Incompleta,Seca,Perfeito estado,Não existe,Não há placas,60.0,Dupla,Não existe,COM VÍTIMA,2022,11,17,3,
2022-11-17,,Não informado,FINALIZADA,SÃO JOSÉ,PRC DAS CINCO PONTAS,RUA DO JARDIM,EM FRENTE AO FORTE CINCO PONTAS,SÃO JOSÉ,SUBURBIO,COLISÃO LATERAL,Não informado,0.0,2.0,0.0,0.0,0.0,0.0,0.0,0.0,0.0,1.0,0.0,Longo da via,Bom,Sem defeito,Perfeito estado,Seca,Perfeito estado,Não existe,Não há placas,40.0,Única,Não existe,COM VÍTIMA,2022,11,17,3,
2022-11-17,,Não informado,FINALIZADA,BOA VISTA,RUA DA AURORA,Não informado,EM FRENTE AO CINE SÃO LUIS,BOA VISTA,CIDADE,ATROPELAMENTO DE PESSOA,Não informado,1.0,0.0,0.0,0.0,1.0,0.0,0.0,0.0,0.0,1.0,0.0,Longo da via,Bom,Sem defeito,Perfeito estado,Seca,Perfeito estado,Faixa de pedestre,R-6a,60.0,Única,Faixa contínua,COM VÍTIMA,2022,11,17,3,
2022-11-18,,Não informado,FINALIZADA,CORDEIRO,RUA DR JOAO LACERDA,Não informado,EM FRENTE AO DHPP,CORDEIRO,Não informado,COLISÃO TRASEIRA,Não informado,1.0,1.0,0.0,0.0,0.0,0.0,0.0,0.0,0.0,1.0,0.0,Longo da via,Bom,Não existe,Ilegível,Seca,Perfeito estado,Não existe,Não há placas,60.0,Dupla,Faixa contínua,COM VÍTIMA,2022,11,18,4,
2022-11-18,,Não informado,FINALIZADA,SÃO JOSÉ,AV MARTINS DE BARROS,Não informado,PROXIMO A PRAÇA DA REPUBLICA,SÃO JOSÉ,Não informado,COLISÃO LATERAL,Não informado,1.0,1.0,0.0,0.0,0.0,0.0,0.0,0.0,0.0,0.0,0.0,Longo da via,Bom,Sem defeito,Perfeito estado,Seca,Perfeito estado,Faixa de pedestre,Não há placas,60.0,Única,Faixa contínua,SEM VÍTIMA,2022,11,18,4,
2022-11-18,,Não informado,FINALIZADA,SÃO JOSÉ,AV SUL,RUA CARLOS COELHO LEAL VALENTE,EM FRENTE PORTELA INDUSTRIA,SÃO JOSÉ,CIDADE,COLISÃO LATERAL,Não informado,1.0,1.0,0.0,0.0,0.0,0.0,0.0,0.0,0.0,1.0,0.0,Cruzamento,Bom,Sem defeito,Não informado,Seca,Perfeito estado,Não informado,Não há placas,60.0,Única,Não informado,COM VÍTIMA,2022,11,18,4,
2022-11-18,,Não informado,FINALIZADA,ESPINHEIRO,RUA CONS PORTELA,RUA LAURO MONTENEGRO,PROX A IGREJA CATOLICA DO ESPINHEIRO  VT 15 NO LOCAL,ESPINHEIRO,SUBURBIO,COLISÃO LATERAL,Não informado,1.0,1.0,0.0,0.0,0.0,0.0,0.0,0.0,0.0,1.0,0.0,Longo da via,Bom,Sem defeito,Perfeito estado,Seca,Perfeito estado,Não existe,R-6a,60.0,Única,Faixa seccionada,COM VÍTIMA,2022,11,18,4,
2022-11-18,,Não informado,CANCELADA,MONTEIRO,AV CIDADE DE MONTEIRO,Não informado,E/F AO ARMAZEM CORAL PROX A SUBIDA DA PONTE,MONTEIRO,Não informado,COLISÃO FRONTAL,Não informado,1.0,0.0,0.0,0.0,0.0,0.0,0.0,0.0,0.0,2.0,0.0,Não informado,Não informado,Não informado,Não informado,Não informado,Não informado,Não informado,Não informado,60.0,Não informado,Não informado,COM VÍTIMA,2022,11,18,4,
2022-11-18,,Não informado,FINALIZADA,AREIAS,AV RECIFE,Não informado,APÓS O RESTAURANTE GALETUS,AREIAS,Não informado,COLISÃO TRANSVERSAL,Não informado,1.0,1.0,0.0,0.0,0.0,0.0,1.0,0.0,0.0,1.0,0.0,Longo da via,Bom,Não existe,Perfeito estado,Seca,Perfeito estado,Não existe,Não há placas,60.0,Dupla,Faixa seccionada,COM VÍTIMA,2022,11,18,4,
2022-11-18,,Não informado,FINALIZADA,BOA VIAGEM,RUA CARLOS PEREIRA FALCAO,Não informado,EM FRENTE A PADARIA DIPLOMATA,BOA VIAGEM,Não informado,COLISÃO FRONTAL,Não informado,2.0,0.0,0.0,0.0,0.0,0.0,0.0,0.0,0.0,0.0,0.0,Não informado,Não informado,Não informado,Não informado,Não informado,Não informado,Não informado,Não informado,60.0,Não informado,Não informado,SEM VÍTIMA,2022,11,18,4,
2022-11-19,,Não informado,FINALIZADA,CAMPO GRANDE,RUA CATULO DA PAIXAO CEARENSE,RUA PROFESSOR FRANCISCO DA TRINDADE,PRÓX. AO BAR E RESTAURANTE CASA DE MÃE,CAMPO GRANDE,Não informado,COLISÃO LATERAL,Não informado,1.0,1.0,0.0,0.0,0.0,0.0,0.0,0.0,0.0,1.0,0.0,Não informado,Não informado,Não informado,Não informado,Não informado,Não informado,Não informado,Não informado,60.0,Não informado,Não informado,COM VÍTIMA,2022,11,19,5,
2022-11-19,,Não informado,FINALIZADA,AFOGADOS,RUA SAO MIGUEL,Não informado,PRÓX. AO BODE DO NÔ E À PANIFICADORA LISBOA,AFOGADOS,Não informado,COLISÃO LATERAL,Não informado,1.0,1.0,0.0,0.0,0.0,0.0,0.0,0.0,0.0,1.0,0.0,Longo da via,Bom,Não existe,Incompleta,Seca,Perfeito estado,Não existe,Não há placas,60.0,Dupla,Não existe,COM VÍTIMA,2022,11,19,5,
2022-11-19,,Não informado,FINALIZADA,ENCRUZILHADA,EST DE BELEM,RUA LARGA DO FEITOSA,PRÓX. À CASA DE BOLOS E À HI ACADEMIA.,ENCRUZILHADA,CIDADE,COLISÃO LATERAL,Não informado,1.0,1.0,0.0,0.0,0.0,0.0,0.0,0.0,0.0,2.0,0.0,Longo da via,Bom,Não existe,Perfeito estado,Seca,Perfeito estado,Não existe,R-6a,60.0,Dupla,Faixa contínua,COM VÍTIMA,2022,11,19,5,
2022-11-19,,Não informado,FINALIZADA,CORDEIRO,AV MAURICIO DE NASSAU,Não informado,"EM FRENTE AO PARQUE EXPOSIÇÃO DE ANIMAIS, PROX GOE",CORDEIRO,SUBURBIO,COLISÃO TRASEIRA,Não informado,1.0,1.0,0.0,0.0,0.0,0.0,0.0,0.0,0.0,1.0,0.0,Longo da via,Bom,Não existe,Incompleta,Seca,Perfeito estado,Não existe,Outras,60.0,Dupla,Faixa contínua,COM VÍTIMA,2022,11,19,5,
2022-11-19,,Não informado,FINALIZADA,AFOGADOS,AV DR JOSE RUFINO,Não informado,ALTO PEÇAS E SERVIÇOS,AFOGADOS,SUBURBIO,COLISÃO LATERAL,Não informado,1.0,1.0,0.0,0.0,0.0,0.0,0.0,0.0,0.0,1.0,0.0,Esquina,Bom,Sem defeito,Não existente,Seca,Perfeito estado,Faixa de pedestre,Não há placas,60.0,Dupla,Faixa contínua,COM VÍTIMA,2022,11,19,5,
2022-11-19,,Não informado,FINALIZADA,ESTÂNCIA,RUA HAVAI,Não informado,RUA RESIDENCIAL,ESTÂNCIA,SUBURBIO,COLISÃO FRONTAL,Não informado,1.0,1.0,0.0,0.0,0.0,0.0,0.0,0.0,0.0,1.0,0.0,Longo da via,Bom,Não existe,Não existente,Seca,Perfeito estado,Não existe,Não há placas,60.0,Dupla,Não existe,COM VÍTIMA,2022,11,19,5,
2022-11-20,,Não informado,FINALIZADA,SAN MARTIN,AV ENGENHEIRO ABDIAS DE CARVALHO,Não informado,AO LADO DO ATACAREJO,SAN MARTIN,CIDADE,CAPOTAMENTO,Não informado,0.0,0.0,0.0,0.0,0.0,0.0,0.0,0.0,0.0,0.0,0.0,Não informado,Não informado,Não informado,Não informado,Não informado,Não informado,Não informado,Não informado,60.0,Não informado,Não informado,SEM VÍTIMA,2022,11,20,6,
2022-11-20,,Não informado,FINALIZADA,BOA VIAGEM,AV BOA VIAGEM,Não informado,PRAÇA DE BOA VIAGEM,BOA VIAGEM,Não informado,ATROPELAMENTO DE PESSOA,Não informado,0.0,1.0,0.0,0.0,1.0,0.0,0.0,0.0,0.0,2.0,0.0,Longo da via,Bom,Sem defeito,Perfeito estado,Seca,Perfeito estado,Faixa de pedestre,Não há placas,60.0,Única,Faixa seccionada,COM VÍTIMA,2022,11,20,6,
2022-11-21,,Não informado,FINALIZADA,ILHA DO LEITE,AV FREI MATIAS TEVES,RUA SENADOR JOSE HENRIQUE,EM FRENTE O HOSPITAL ALBERT SABIN,ILHA DO LEITE,Não informado,COLISÃO LATERAL,Não informado,1.0,1.0,0.0,0.0,0.0,0.0,0.0,0.0,0.0,1.0,0.0,Cruzamento,Bom,Não existe,Ilegível,Seca,Perfeito estado,Faixa de pedestre,Outras,30.0,Única,Faixa seccionada,COM VÍTIMA,2022,11,21,0,
2022-11-21,,Não informado,FINALIZADA,IMBIRIBEIRA,RUA CONDE PEREIRA CARNEIRO,RUA JACY,RUA AO LADO DO SANTANDER,IMBIRIBEIRA,SUBURBIO,COLISÃO FRONTAL,Não informado,1.0,1.0,0.0,0.0,0.0,0.0,0.0,0.0,0.0,2.0,0.0,Cruzamento,Bom,Não existe,Perfeito estado,Seca,Perfeito estado,Não existe,R-6a,60.0,Dupla,Não existe,COM VÍTIMA,2022,11,21,0,
2022-11-21,,Não informado,FINALIZADA,VÁRZEA,AV CAXANGA,Não informado,"EM FRENTE AO POSTO SHELL, PROX AO TERMINAL INTEGRADO DA CAXANGÁ",VÁRZEA,SUBURBIO,COLISÃO LATERAL,Não informado,1.0,1.0,0.0,1.0,0.0,1.0,0.0,0.0,0.0,1.0,0.0,Longo da via,Bom,Sem defeito,Incompleta,Seca,Perfeito estado,Não existe,Não há placas,60.0,Única,Não existe,COM VÍTIMA,2022,11,21,0,
2022-11-21,,Não informado,FINALIZADA,BOA VIAGEM,AV ENGENHEIRO DOMINGOS FERREIRA,RUA DO MUNIZ,"EM FRENTE AO CERPE, E PROX AO SPETTUS",BOA VIAGEM,SUBURBIO,COLISÃO LATERAL,Não informado,2.0,0.0,0.0,0.0,0.0,0.0,0.0,0.0,0.0,1.0,0.0,Cruzamento,Bom,Sem defeito,Perfeito estado,Seca,Perfeito estado,Faixa de pedestre,Outras,60.0,Única,Faixa seccionada,COM VÍTIMA,2022,11,21,0,
2022-11-21,,Não informado,FINALIZADA,TORRÕES,EST DO FORTE DO ARRAIAL N. DO B. JESUS,Não informado,PROX. A CASA MODERNA HOME CENTER,TORRÕES,SUBURBIO,ATROPELAMENTO DE PESSOA,Não informado,1.0,0.0,0.0,0.0,1.0,0.0,0.0,0.0,0.0,1.0,0.0,Cruzamento,Bom,Não existe,Perfeito estado,Seca,Perfeito estado,Não existe,Não há placas,60.0,Dupla,Faixa contínua,COM VÍTIMA,2022,11,21,0,
2022-11-21,,Não informado,CANCELADA,MADALENA,RUA PESSOA DE MELO,Não informado,EM FRENTE A CAFETERIA SANTA CLARA,MADALENA,Não informado,COLISÃO LATERAL,Não informado,2.0,0.0,0.0,0.0,0.0,0.0,0.0,0.0,0.0,1.0,0.0,Não informado,Não informado,Não informado,Não informado,Não informado,Não informado,Não informado,Não informado,60.0,Não informado,Não informado,COM VÍTIMA,2022,11,21,0,