data,hora,natureza_acidente,situacao,bairro,endereco,detalhe_endereco_acidente,complemento,bairro_cruzamento,sentido_via,tipo,descricao,auto,moto,ciclom,ciclista,pedestre,onibus,caminhao,viatura,outros,vitimas,vitimasfatais,acidente_verificado,tempo_clima,situacao_semaforo,sinalizacao,condicao_via,conservacao_via,ponto_controle,situacao_placa,velocidade_max_via,mao_direcao,divisao_via1,natureza,ano,mes,dia,dia_semana,hora_ocorrencia
2022-11-21,,Não informado,CANCELADA,PRADO,RUA CARLOS GOMES,AV ENGENHEIRO ABDIAS DE CARVALHO,E/F A BIG CAR,PRADO,Não informado,COLISÃO LATERAL,Não informado,0.0,0.0,0.0,0.0,0.0,0.0,1.0,1.0,0.0,0.0,0.0,Não informado,Não informado,Não informado,Não informado,Não informado,Não informado,Não informado,Não informado,60.0,Não informado,Não informado,SEM VÍTIMA,2022,11,21,0,
2022-11-21,,Não informado,FINALIZADA,BOA VIAGEM,AV ENGENHEIRO DOMINGOS FERREIRA,Não informado,EM FRENTE AO ANTIGO EXTRA,BOA VIAGEM,SUBURBIO,COLISÃO TRASEIRA,Não informado,1.0,1.0,0.0,0.0,0.0,0.0,0.0,0.0,0.0,1.0,0.0,Longo da via,Bom,Sem defeito,Perfeito estado,Seca,Perfeito estado,Não existe,Não há placas,60.0,Única,Faixa seccionada,COM VÍTIMA,2022,11,21,0,
2022-11-21,,Não informado,FINALIZADA,IPSEP,RUA DR RAPOSO PINTO,RUA JEAN EMILE FAVRE,E/F A PIZZARIA DOMINO´S,IPSEP,SUBURBIO,COLISÃO LATERAL,Não informado,0.0,1.0,0.0,0.0,0.0,1.0,0.0,0.0,0.0,1.0,0.0,Longo da via,Bom,Não existe,Não existente,Seca,Perfeito estado,Não existe,Não há placas,60.0,Dupla,Não existe,COM VÍTIMA,2022,11,21,0,
2022-11-21,,Não informado,FINALIZADA,BAIRRO DO RECIFE,RUA IMPERIAL,Não informado,APOS O COLEGIO JOAQUIM NABUCO,BAIRRO DO RECIFE,SUBURBIO,COLISÃO LATERAL,Não informado,0.0,2.0,0.0,0.0,0.0,0.0,0.0,0.0,0.0,3.0,0.0,Cruzamento,Bom,Não existe,Perfeito estado,Seca,Perfeito estado,Não existe,Outras,60.0,Única,Faixa seccionada,COM VÍTIMA,2022,11,21,0,
2022-11-21,,Não informado,FINALIZADA,BOA VIAGEM,RUA BARAO DE SOUZA LEAO,Não informado,EM FRENTE AO ARMAZEM REZZOLVE,BOA VIAGEM,SUBURBIO,COLISÃO LATERAL,Não informado,1.0,1.0,0.0,0.0,0.0,0.0,0.0,0.0,0.0,1.0,0.0,Longo da via,Bom,Sem defeito,Perfeito estado,Seca,Perfeito estado,Não existe,R-6a,60.0,Única,Faixa seccionada,COM VÍTIMA,2022,11,21,0,
2022-11-21,,Não informado,FINALIZADA,VASCO DA GAMA,RUA VASCO DA GAMA,Não informado,E/F AO SESI DO VASCO,VASCO DA GAMA,SUBURBIO,COLISÃO LATERAL,Não informado,1.0,1.0,0.0,0.0,0.0,0.0,0.0,0.0,0.0,2.0,0.0,Cruzamento,Bom,Não existe,Perfeito estado,Seca,Perfeito estado,Faixa de pedestre,Placas Pare,60.0,Dupla,Não informado,COM VÍTIMA,2022,11,21,0,
2022-11-21,,Não informado,FINALIZADA,ESPINHEIRO,RUA DO ESPINHEIRO,RUA SANTO ELIAS,RUA SANTO ELIAS,ESPINHEIRO,SUBURBIO,COLISÃO LATERAL,Não informado,1.0,1.0,0.0,0.0,0.0,0.0,0.0,0.0,0.0,1.0,0.0,Cruzamento,Bom,Não existe,Perfeito estado,Seca,Perfeito estado,Agente,R-6a,40.0,Única,Faixa contínua,COM VÍTIMA,2022,11,21,0,
2022-11-21,,Não informado,FINALIZADA,CAXANGÁ,AV CAXANGA,AV INACIO MONTEIRO,EM FRENTE A DROGASIL,CAXANGÁ,SUBURBIO,COLISÃO TRASEIRA,Não informado,2.0,1.0,0.0,0.0,0.0,0.0,0.0,0.0,0.0,1.0,0.0,Longo da via,Bom,Sem defeito,Perfeito estado,Seca,Perfeito estado,Faixa de pedestre,Não informado,60.0,Única,Faixa seccionada,COM VÍTIMA,2022,11,21,0,
2022-11-21,,Não informado,FINALIZADA,ÁGUA FRIA,AV BEBERIBE,Não informado,EM FRENTE A O MERCADO DE AGUA FRIA,ÁGUA FRIA,Não informado,CHOQUE,Não informado,1.0,1.0,0.0,0.0,0.0,0.0,0.0,0.0,0.0,0.0,0.0,Cruzamento,Bom,Sem defeito,Perfeito estado,Seca,Perfeito estado,Faixa de pedestre,Não há placas,60.0,Dupla,Faixa seccionada,SEM VÍTIMA,2022,11,21,0,
2022-11-21,,Não informado,FINALIZADA,ARRUDA,AV PROFESSOR JOSE DOS ANJOS,RUA FARIAS NEVES,RUA  DESENHISTA EULINO SANTOS,ARRUDA,SUBURBIO,CHOQUE,Não informado,1.0,0.0,0.0,0.0,0.0,0.0,0.0,0.0,0.0,1.0,0.0,Cruzamento,Bom,Não existe,Perfeito estado,Seca,Perfeito estado,Faixa de pedestre,Outras,60.0,Única,Não existe,COM VÍTIMA,2022,11,21,0,
2022-11-22,,Não informado,FINALIZADA,TAMARINEIRA,RUA CONEGO BARATA,AV CONS ROSA E SILVA,PROX. DA FERREIRA COSTA,TAMARINEIRA,SUBURBIO,CHOQUE,Não informado,1.0,0.0,0.0,0.0,0.0,0.0,0.0,0.0,0.0,2.0,0.0,Cruzamento,Bom,Sem defeito,Perfeito estado,Seca,Perfeito estado,Faixa de pedestre,R-6a,60.0,Dupla,Canteiro central,COM VÍTIMA,2022,11,22,1,
2022-11-22,,Não informado,FINALIZADA,BOMBA DO HEMETÉRIO,RUA BOMBA DO HEMETERIO,RUA GUANAMBI,EM FRENTE A FUNERARIA CANAÃ,BOMBA DO HEMETÉRIO,CIDADE,COLISÃO FRONTAL,Não informado,1.0,1.0,0.0,0.0,0.0,0.0,0.0,0.0,0.0,1.0,0.0,Esquina,Chuvoso,Não existe,Incompleta,Molhada,Perfeito estado,Não existe,Outras,60.0,Dupla,Não existe,COM VÍTIMA,2022,11,22,1,
2022-11-22,,Não informado,FINALIZADA,PINA,AV ANTONIO DE GOES,Não informado,EM FRENTE AO DETROIT CAR,PINA,Não informado,ATROPELAMENTO DE PESSOA,Não informado,1.0,1.0,0.0,0.0,1.0,0.0,0.0,0.0,0.0,1.0,0.0,Longo da via,Chuvoso,Não existe,Perfeito estado,Molhada,Perfeito estado,Não existe,Não há placas,60.0,Única,Canteiro central,COM VÍTIMA,2022,11,22,1,
2022-11-22,,Não informado,FINALIZADA,IMBIRIBEIRA,AV MARECHAL MASCARENHAS DE MORAES,RUA MURICILANDIA,EM FRENTE A GOOD YEAR,IMBIRIBEIRA,CIDADE,QUEDA,Não informado,0.0,1.0,0.0,0.0,0.0,0.0,0.0,0.0,0.0,2.0,0.0,Longo da via,Chuvoso,Sem defeito,Perfeito estado,Molhada,Perfeito estado,Faixa de retenção,Placas Pare,60.0,Dupla,Canteiro central,COM VÍTIMA,2022,11,22,1,
2022-11-22,,Não informado,FINALIZADA,AFOGADOS,RUA SAO MIGUEL,Não informado,EM FRENTE AO 14º BATALHÃO LOGÍSTICO,AFOGADOS,SUBURBIO,COLISÃO TRASEIRA,Não informado,1.0,1.0,0.0,0.0,0.0,0.0,0.0,0.0,0.0,1.0,0.0,Longo da via,Chuvoso,Sem defeito,Perfeito estado,Molhada,Perfeito estado,Faixa de pedestre,Não há placas,60.0,Dupla,Faixa contínua,COM VÍTIMA,2022,11,22,1,
2022-11-22,,Não informado,FINALIZADA,SANTO AMARO,AV DR JAYME DA FONTE,Não informado,CAMPO DE FUTEBOL / NA RUA DA COMPESA,SANTO AMARO,CIDADE,COLISÃO COM CICLISTA,Não informado,1.0,0.0,0.0,1.0,0.0,0.0,0.0,0.0,0.0,1.0,0.0,Longo da via,Bom,Sem defeito,Perfeito estado,Seca,Perfeito estado,Não existe,Não há placas,60.0,Não informado,Não existe,COM VÍTIMA,2022,11,22,1,
2022-11-22,,Não informado,FINALIZADA,BOA VIAGEM,AV ENGENHEIRO DOMINGOS FERREIRA,RUA JACK AYRES,QUASE EM FRENTE A ESCOLA DE GASTRONOMIA E CONFEITARIA,BOA VIAGEM,SUBURBIO,COLISÃO TRANSVERSAL,Não informado,1.0,1.0,0.0,0.0,0.0,0.0,0.0,0.0,0.0,1.0,0.0,Cruzamento,Bom,Não existe,Perfeito estado,Seca,Perfeito estado,Não existe,Outras,60.0,Única,Faixa seccionada,COM VÍTIMA,2022,11,22,1,
2022-11-22,,Não informado,FINALIZADA,IMBIRIBEIRA,AV MARECHAL MASCARENHAS DE MORAES,Não informado,VENEZA DIESEL,IMBIRIBEIRA,CIDADE,ATROPELAMENTO DE PESSOA,Não informado,1.0,0.0,0.0,0.0,1.0,0.0,0.0,0.0,0.0,1.0,0.0,Longo da via,Chuvoso,Não existe,Perfeito estado,Molhada,Mal iluminada,Não existe,Não há placas,60.0,Dupla,Não informado,COM VÍTIMA,2022,11,22,1,
2022-11-22,,Não informado,FINALIZADA,IMBIRIBEIRA,RUA DEZ DE JULHO,Não informado,INTEGRAÇÃO DO AEROPORTO,IMBIRIBEIRA,SUBURBIO,ATROPELAMENTO DE PESSOA,Não informado,0.0,0.0,0.0,0.0,1.0,0.0,0.0,0.0,0.0,1.0,0.0,Não informado,Chuvoso,Não existe,Perfeito estado,Seca,Perfeito estado,Faixa de pedestre,Não há placas,60.0,Única,Não existe,COM VÍTIMA,2022,11,22,1,
2022-11-22,,Não informado,FINALIZADA,BOA VISTA,AV CRUZ CABUGA,Não informado,FACULDADE DE DIREITO,BOA VISTA,Não informado,COLISÃO FRONTAL,Não informado,1.0,1.0,0.0,0.0,0.0,0.0,0.0,0.0,0.0,1.0,0.0,Cruzamento,Chuvoso,Sem defeito,Perfeito estado,Molhada,Perfeito estado,Não informado,R-6a,40.0,Dupla,Canteiro central,COM VÍTIMA,2022,11,22,1,
2022-11-23,,Não informado,CANCELADA,APIPUCOS,RUA DOIS IRMAOS,Não informado,"PROX. AO QUARTEL, SENT. DOIS IRMAOS APOS O CANAL",APIPUCOS,Não informado,COLISÃO LATERAL,Não informado,1.0,1.0,0.0,0.0,0.0,0.0,0.0,0.0,0.0,1.0,0.0,Não informado,Não informado,Não informado,Não informado,Não informado,Não informado,Não informado,Não informado,60.0,Não informado,Não informado,COM VÍTIMA,2022,11,23,2,
2022-11-23,,Não informado,FINALIZADA,IBURA,AV DOIS RIOS,Não informado,SENA SAÚDE CONSULTÓRIOS,IBURA,Não informado,COLISÃO LATERAL,Não informado,1.0,1.0,0.0,0.0,0.0,0.0,0.0,0.0,0.0,1.0,0.0,Não informado,Não informado,Não informado,Não informado,Não informado,Não informado,Não informado,Não informado,60.0,Não informado,Não informado,COM VÍTIMA,2022,11,23,2,
2022-11-23,,Não informado,FINALIZADA,AFOGADOS,RUA SAO MIGUEL,RUA PEDRO CABRAL DE OLIVEIRA,EM FRENTE AO CARTORIO,AFOGADOS,CIDADE,Não informado,Não informado,1.0,0.0,0.0,0.0,0.0,0.0,1.0,0.0,0.0,0.0,0.0,Cruzamento,Bom,Não existe,Perfeito estado,Seca,Perfeito estado,Outros,Outras,60.0,Dupla,Não existe,SEM VÍTIMA,2022,11,23,2,
2022-11-23,,Não informado,FINALIZADA,IPUTINGA,AV MAURICIO DE NASSAU,RUA ENGENHEIRO MOACYR PARAHYBA,APOS A CLINICA FUNDAÇAÕ  ALTINO VENTURA S/T BR,IPUTINGA,SUBURBIO,COLISÃO FRONTAL,Não informado,1.0,1.0,0.0,0.0,0.0,0.0,0.0,0.0,0.0,1.0,0.0,Cruzamento,Bom,Não existe,Não existente,Seca,Perfeito estado,Não existe,Não há placas,60.0,Dupla,Faixa contínua,COM VÍTIMA,2022,11,23,2,
2022-11-23,,Não informado,FINALIZADA,CASA AMARELA,EST DO ENCANAMENTO,RUA JADER DE ANDRADE,E/F A CASA DE FESTA ESTRIPULIA,CASA AMARELA,Não informado,COLISÃO FRONTAL,Não informado,1.0,1.0,0.0,0.0,0.0,0.0,0.0,0.0,0.0,2.0,0.0,Cruzamento,Bom,Não existe,Perfeito estado,Seca,Perfeito estado,Não existe,Placas Pare,60.0,Única,Faixa seccionada,COM VÍTIMA,2022,11,23,2,
2022-11-23,,Não informado,FINALIZADA,CORDEIRO,AV GENERAL SAN MARTIN,Não informado,EM FRENTE AOS CORREIOS,CORDEIRO,SUBURBIO,QUEDA,Não informado,0.0,0.0,0.0,0.0,1.0,1.0,0.0,0.0,0.0,0.0,1.0,Longo da via,Bom,Desligado,Perfeito estado,Seca,Perfeito estado,Faixa de pedestre,R-6a,60.0,Dupla,Faixa contínua,VÍTIMA FATAL,2022,11,23,2,
2022-11-24,,Não informado,FINALIZADA,IPSEP,RUA PINTOR LULA CARDOSO AYRES,Não informado,"EM FRENTE A FACTOR COMERCIO, PROX AO SAL E BRASA,",IPSEP,Não informado,COLISÃO FRONTAL,Não informado,3.0,0.0,0.0,0.0,0.0,0.0,0.0,0.0,0.0,1.0,0.0,Não informado,Não informado,Não informado,Não informado,Não informado,Não informado,Não informado,Não informado,60.0,Não informado,Não informado,COM VÍTIMA,2022,11,24,3,
2022-11-24,,Não informado,FINALIZADA,MADALENA,AV VISCONDE DE ALBUQUERQUE,Não informado,EM FRENTE AO HOSPITAL DE ÁVILA,MADALENA,Não informado,COLISÃO LATERAL,Não informado,2.0,0.0,0.0,0.0,0.0,0.0,0.0,0.0,0.0,0.0,0.0,Não informado,Não informado,Não informado,Não informado,Não informado,Não informado,Não informado,Não informado,60.0,Não informado,Não informado,SEM VÍTIMA,2022,11,24,3,
2022-11-24,,Não informado,FINALIZADA,HIPÓDROMO,RUA PRUDENTE DE MORAES,Não informado,ULTRA GÁS,HIPÓDROMO,Não informado,COLISÃO LATERAL,Não informado,1.0,1.0,0.0,0.0,0.0,0.0,0.0,0.0,0.0,1.0,0.0,Cruzamento,Bom,Não existe,Perfeito estado,Seca,Perfeito estado,Faixa de pedestre,Placas Pare,60.0,Dupla,Faixa seccionada,COM VÍTIMA,2022,11,24,3,
2022-11-24,,Não informado,FINALIZADA,IPSEP,RUA PINTOR LULA CARDOSO AYRES,Não informado,"EM FRENTE A FATO COMERCIO, PROX AO SAL E BRASA E AO TENIS CLUBE",IPSEP,Não informado,COLISÃO FRONTAL,Não informado,3.0,0.0,0.0,0.0,0.0,0.0,0.0,0.0,0.0,1.0,0.0,Longo da via,Bom,Não existe,Não existente,Seca,Perfeito estado,Não existe,Não há placas,30.0,Única,Não existe,COM VÍTIMA,2022,11,24,3,
2022-11-24,,Não informado,FINALIZADA,GRAÇAS,RUA SOUZA DE ANDRADE,RUA ANTONIO NOVAIS,POR TRAS DO COLEGIO SAO LUIZ,GRAÇAS,Não informado,COLISÃO FRONTAL,Não informado,1.0,1.0,0.0,0.0,0.0,0.0,0.0,0.0,0.0,2.0,0.0,Cruzamento,Bom,Não existe,Perfeito estado,Seca,Perfeito estado,Não existe,Placas Pare,60.0,Dupla,Não existe,COM VÍTIMA,2022,11,24,3,
2022-11-24,,Não informado,FINALIZADA,SANTO AMARO,AV GOVERNADOR AGAMENON MAGALHAES,Não informado,SOBRE O VIADUTO DA JOÃO DE BARROS,SANTO AMARO,SUBURBIO,COLISÃO TRASEIRA,Não informado,1.0,1.0,0.0,0.0,0.0,0.0,0.0,0.0,0.0,0.0,0.0,Não informado,Bom,Não existe,Perfeito estado,Seca,Perfeito estado,Não existe,Não há placas,60.0,Dupla,Canteiro central,SEM VÍTIMA,2022,11,24,3,
2022-11-24,,Não informado,FINALIZADA,MADALENA,AV CAXANGA,Não informado,EM FRENTE AO COMPAZ MIGUEL ARRAES,MADALENA,CIDADE,ATROPELAMENTO DE PESSOA,Não informado,0.0,1.0,0.0,0.0,1.0,0.0,0.0,0.0,0.0,2.0,0.0,Longo da via,Bom,Sem defeito,Incompleta,Seca,Mal conservada,Faixa de pedestre,R-6a,60.0,Dupla,Faixa contínua,COM VÍTIMA,2022,11,24,3,
2022-11-24,,Não informado,FINALIZADA,CASA FORTE,AV DEZESSETE DE AGOSTO,Não informado,AO LADO DO BRADESCO,CASA FORTE,CIDADE,COLISÃO FRONTAL,Não informado,1.0,1.0,0.0,0.0,0.0,0.0,0.0,0.0,0.0,1.0,0.0,Longo da via,Bom,Não existe,Perfeito estado,Seca,Perfeito estado,Não existe,R-6a,60.0,Dupla,Faixa seccionada,COM VÍTIMA,2022,11,24,3,
2022-11-24,,Não informado,FINALIZADA,BOA VISTA,AV GOVERNADOR AGAMENON MAGALHAES,Não informado,APOS O BOMPREÇO DA BENFICA  NO GIRADOURO DO BRADESCO SEGUROS  VT 29 NO LOCAL,BOA VISTA,Não informado,COLISÃO LATERAL,Não informado,1.0,1.0,0.0,0.0,0.0,0.0,0.0,0.0,0.0,1.0,0.0,Longo da via,Bom,Não existe,Perfeito estado,Seca,Perfeito estado,Não existe,R-6a,60.0,Dupla,Canteiro central,COM VÍTIMA,2022,11,24,3,
2022-11-24,,Não informado,CANCELADA,ÁGUA FRIA,EST VELHA DE AGUA FRIA,AV PROFESSOR JOSE DOS ANJOS,ACIDENTE COM VÍTIMA ENVOVENDO DUAS MOTOS,ÁGUA FRIA,SUBURBIO,COLISÃO LATERAL,Não informado,0.0,2.0,0.0,0.0,0.0,0.0,0.0,0.0,0.0,2.0,0.0,Não informado,Não informado,Não informado,Não informado,Não informado,Não informado,Não informado,Não informado,60.0,Não informado,Não informado,COM VÍTIMA,2022,11,24,3,
2022-11-24,,Não informado,FINALIZADA,AFOGADOS,RUA SAO MIGUEL,RUA VEREADOR FRANCISCO DE PAULA SANTANA CHICO DA MANOLA,EM FRENTE AO ARMAZEM CORAL,AFOGADOS,CIDADE,COLISÃO LATERAL,Não informado,1.0,1.0,0.0,0.0,0.0,0.0,0.0,0.0,0.0,1.0,0.0,Longo da via,Bom,Não existe,Não existente,Seca,Perfeito estado,Não existe,Não há placas,60.0,Dupla,Não existe,COM VÍTIMA,2022,11,24,3,
2022-11-24,,Não informado,FINALIZADA,IPUTINGA,AV MARIO ALVARES PEREIRA DE LYRA,Não informado,PROX AO SEMÁFORO 134,IPUTINGA,Não informado,QUEDA,Não informado,0.0,1.0,0.0,0.0,0.0,0.0,0.0,0.0,0.0,1.0,0.0,Não informado,Não informado,Não informado,Não informado,Não informado,Não informado,Não informado,Não informado,60.0,Não informado,Não informado,COM VÍTIMA,2022,11,24,3,
2022-11-24,,Não informado,FINALIZADA,SÃO JOSÉ,CAIS DO APOLO,Não informado,EM FRENTE AO TRIBUNAL REGIONAL FEDERAL,SÃO JOSÉ,Não informado,COLISÃO LATERAL,Não informado,0.0,2.0,0.0,0.0,0.0,0.0,0.0,0.0,0.0,1.0,0.0,Longo da via,Bom,Não existe,Perfeito estado,Seca,Perfeito estado,Não informado,Não informado,60.0,Dupla,Canteiro central,COM VÍTIMA,2022,11,24,3,
2022-11-24,,Não informado,FINALIZADA,JORDÃO,AV MARIA IRENE,Não informado,POSTO DE GASOLINA TOTAL,JORDÃO,Não informado,COLISÃO FRONTAL,Não informado,0.0,2.0,0.0,0.0,0.0,0.0,0.0,0.0,0.0,3.0,0.0,Longo da via,Bom,Sem defeito,Perfeito estado,Seca,Perfeito estado,Faixa de pedestre,Não informado,60.0,Dupla,Faixa contínua,COM VÍTIMA,2022,11,24,3,
2022-11-24,,Não informado,FINALIZADA,CORDEIRO,RUA EDUARDO FONSECA,Não informado,Não informado,CORDEIRO,Não informado,COLISÃO FRONTAL,Não informado,1.0,1.0,0.0,0.0,0.0,0.0,0.0,0.0,0.0,1.0,0.0,Cruzamento,Chuvoso,Não existe,Perfeito estado,Seca,Perfeito estado,Não existe,R-6a,60.0,Única,Faixa seccionada,COM VÍTIMA,2022,11,24,3,
2022-11-25,,Não informado,CANCELADA,BOA VIAGEM,RUA DES JOAO PAES,Não informado,EDF ILHA DE GUADALUPE,BOA VIAGEM,Não informado,COLISÃO TRASEIRA,Não informado,2.0,0.0,0.0,0.0,0.0,0.0,0.0,0.0,0.0,0.0,0.0,Não informado,Não informado,Não informado,Não informado,Não informado,Não informado,Não informado,Não informado,60.0,Não informado,Não informado,SEM VÍTIMA,2022,11,25,4,
2022-11-25,,Não informado,FINALIZADA,BONGI,EST DO BONGI,Não informado,EM FRENTE AO TOYOTA EMPILHADEIRA,BONGI,CIDADE,COLISÃO LATERAL,Não informado,1.0,1.0,0.0,0.0,0.0,0.0,0.0,0.0,0.0,1.0,0.0,Longo da via,Bom,Não existe,Incompleta,Seca,Perfeito estado,Não existe,Não há placas,60.0,Dupla,Não existe,COM VÍTIMA,2022,11,25,4,
2022-11-25,,Não informado,FINALIZADA,BOA VIAGEM,AVENIDA CELSO FURTADO (VIA MANGUE),Não informado,ANTES DO COLEGIO GGE / POR TRÁS DO SUPERMECARDO BIG BOMPREÇO,BOA VIAGEM,SUBURBIO / PIEDADE,COLISÃO TRASEIRA,Não informado,2.0,0.0,0.0,0.0,0.0,0.0,0.0,0.0,0.0,2.0,0.0,Ponte,Bom,Não existe,Perfeito estado,Seca,Perfeito estado,Não existe,Outras,50.0,Dupla,Canal,COM VÍTIMA,2022,11,25,4,
2022-11-25,,Não informado,FINALIZADA,CASA AMARELA,RUA PADRE LEMOS,Não informado,EM FRENTE AO POSTO DE GASOLINA BR,CASA AMARELA,Não informado,COLISÃO LATERAL,Não informado,1.0,1.0,0.0,0.0,0.0,0.0,0.0,0.0,0.0,1.0,0.0,Longo da via,Bom,Não existe,Não existente,Seca,Perfeito estado,Não existe,Não há placas,60.0,Dupla,Não existe,COM VÍTIMA,2022,11,25,4,
2022-11-25,,Não informado,FINALIZADA,SAN MARTIN,AV GENERAL SAN MARTIN,Não informado,NO GIRADOURO DE SAN MARTIN,SAN MARTIN,SUBURBIO,ATROPELAMENTO DE PESSOA,Não informado,1.0,0.0,0.0,0.0,1.0,0.0,0.0,0.0,0.0,1.0,0.0,Rotatória,Bom,Não existe,Perfeito estado,Seca,Perfeito estado,Não existe,Não há placas,60.0,Única,Não existe,COM VÍTIMA,2022,11,25,4,
2022-11-25,,Não informado,FINALIZADA,CAXANGÁ,AV CAXANGA,Não informado,E/F AO ESPAÇO CIDADANIA  VT 13 NO LOCAL  S/T CID,CAXANGÁ,Não informado,COLISÃO TRASEIRA,Não informado,1.0,1.0,0.0,0.0,0.0,0.0,0.0,0.0,0.0,1.0,0.0,Longo da via,Bom,Não existe,Incompleta,Seca,Perfeito estado,Não existe,Não há placas,60.0,Dupla,Canteiro central,COM VÍTIMA,2022,11,25,4,
2022-11-25,,Não informado,FINALIZADA,CAMPO GRANDE,RUA ODORICO MENDES,Não informado,AO LADO DO INSTITUTO DE CRIMINASLISTICA IC,CAMPO GRANDE,Não informado,COLISÃO LATERAL,Não informado,0.0,1.0,0.0,0.0,0.0,0.0,0.0,1.0,0.0,1.0,0.0,Cruzamento,Bom,Sem defeito,Perfeito estado,Seca,Perfeito estado,Não existe,Outras,40.0,Dupla,Blocos,COM VÍTIMA,2022,11,25,4,
2022-11-26,,Não informado,FINALIZADA,BOA VIAGEM,RUA VISCONDE DE JEQUITINHONHA,RUA PROFESSOR MARIO CASTRO,SEMAFORO 158,BOA VIAGEM,Não informado,COLISÃO FRONTAL,Não informado,1.0,1.0,0.0,0.0,0.0,0.0,0.0,0.0,0.0,1.0,0.0,Cruzamento,Bom,Sem defeito,Perfeito estado,Seca,Perfeito estado,Faixa de pedestre,Não há placas,60.0,Única,Faixa seccionada,COM VÍTIMA,2022,11,26,5,
2022-11-26,,Não informado,FINALIZADA,SANTO AMARO,RUA DOS PALMARES,RUA DO POMBAL,PROX. A CLINICA WALDEMAR DE OLIVEIRA,SANTO AMARO,Não informado,COLISÃO LATERAL,Não informado,1.0,1.0,0.0,0.0,0.0,0.0,0.0,0.0,0.0,1.0,0.0,Cruzamento,Bom,Não existe,Perfeito estado,Seca,Perfeito estado,Não informado,Não há placas,60.0,Dupla,Faixa seccionada,COM VÍTIMA,2022,11,26,5,
2022-11-26,,Não informado,FINALIZADA,SAN MARTIN,RUA VINTE E UM DE ABRIL,Não informado,PROX AO MERCADINHO COMPRE MAIS,SAN MARTIN,SUBURBIO,ATROPELAMENTO DE PESSOA,Não informado,1.0,0.0,0.0,0.0,1.0,0.0,0.0,0.0,0.0,1.0,0.0,Longo da via,Bom,Não existe,Não existente,Seca,Perfeito estado,Não existe,Não há placas,40.0,Dupla,Faixa seccionada,COM VÍTIMA,2022,11,26,5,
2022-11-26,,Não informado,FINALIZADA,BOA VIAGEM,RUA VISCONDE DE JEQUITINHONHA,RUA PROFESSOR MARIO CASTRO,NO SEMAFORO 158,BOA VIAGEM,Não informado,COLISÃO LATERAL,Não informado,1.0,1.0,0.0,0.0,0.0,0.0,0.0,0.0,0.0,1.0,0.0,Não informado,Não informado,Não informado,Não informado,Não informado,Não informado,Não informado,Não informado,60.0,Não informado,Não informado,COM VÍTIMA,2022,11,26,5,
2022-11-26,,Não informado,CANCELADA,CORDEIRO,RUA N S DA SAUDE,Não informado,"EXPOSIÇÕES DE ANIMAIS, DROGASIL",CORDEIRO,Não informado,COLISÃO FRONTAL,Não informado,2.0,0.0,0.0,0.0,0.0,0.0,0.0,0.0,0.0,0.0,0.0,Não informado,Não informado,Não informado,Não informado,Não informado,Não informado,Não informado,Não informado,60.0,Não informado,Não informado,SEM VÍTIMA,2022,11,26,5,
2022-11-26,,Não informado,FINALIZADA,SAN MARTIN,AV GENERAL SAN MARTIN,Não informado,PIZZARIA PASSIRA,SAN MARTIN,Não informado,COLISÃO FRONTAL,Não informado,1.0,1.0,0.0,0.0,0.0,0.0,0.0,0.0,0.0,1.0,0.0,Cruzamento,Bom,Não existe,Perfeito estado,Seca,Perfeito estado,Não existe,Não há placas,60.0,Dupla,Faixa contínua,COM VÍTIMA,2022,11,26,5,
2022-11-27,,Não informado,FINALIZADA,BOA VIAGEM,AV BOA VIAGEM,Não informado,EM FRENTE A PADARIA BOA VIAGEM,BOA VIAGEM,CIDADE,ATROPELAMENTO DE PESSOA,Não informado,1.0,0.0,0.0,0.0,1.0,0.0,0.0,0.0,0.0,1.0,0.0,Longo da via,Bom,Não existe,Perfeito estado,Seca,Perfeito estado,Não existe,Não há placas,60.0,Única,Faixa seccionada,COM VÍTIMA,2022,11,27,6,
2022-11-27,,Não informado,FINALIZADA,TORRE,RUA CLOVIS BEVILAQUA,RUA AGUAS BELAS,APOS AO RESTAURANTE IPON,TORRE,Não informado,QUEDA,Não informado,0.0,1.0,0.0,0.0,0.0,0.0,0.0,0.0,0.0,1.0,0.0,Cruzamento,Bom,Não existe,Perfeito estado,Seca,Perfeito estado,Outros,Outras,60.0,Dupla,Não existe,COM VÍTIMA,2022,11,27,6,