data,hora,natureza_acidente,situacao,bairro,endereco,detalhe_endereco_acidente,complemento,bairro_cruzamento,sentido_via,tipo,descricao,auto,moto,ciclom,ciclista,pedestre,onibus,caminhao,viatura,outros,vitimas,vitimasfatais,acidente_verificado,tempo_clima,situacao_semaforo,sinalizacao,condicao_via,conservacao_via,ponto_controle,situacao_placa,velocidade_max_via,mao_direcao,divisao_via1,natureza,ano,mes,dia,dia_semana,hora_ocorrencia
2022-11-27,,Não informado,CANCELADA,DERBY,RUA JENER DE SOUZA,Não informado,EM FRENTE AO QUARTEL DO DERBY,DERBY,Não informado,COLISÃO LATERAL,Não informado,1.0,1.0,0.0,0.0,0.0,0.0,0.0,0.0,0.0,1.0,0.0,Não informado,Não informado,Não informado,Não informado,Não informado,Não informado,Não informado,Não informado,60.0,Não informado,Não informado,COM VÍTIMA,2022,11,27,6,
2022-11-27,,Não informado,FINALIZADA,AREIAS,RUA IPOJUCA,Não informado,PROXIMOA ESCOLA DOZE DE OUTUBRO,AREIAS,Não informado,CHOQUE,Não informado,0.0,0.0,0.0,0.0,0.0,0.0,0.0,0.0,0.0,0.0,0.0,Não informado,Não informado,Não informado,Não informado,Não informado,Não informado,Não informado,Não informado,60.0,Não informado,Não informado,SEM VÍTIMA,2022,11,27,6,
2022-11-27,,Não informado,FINALIZADA,SANTO ANTÔNIO,AV GUARARAPES,AV DANTAS BARRETO,AV DANTAS BARRETO,SANTO ANTÔNIO,Não informado,COLISÃO LATERAL,Não informado,1.0,0.0,0.0,0.0,0.0,1.0,0.0,0.0,0.0,1.0,0.0,Cruzamento,Bom,Sem defeito,Perfeito estado,Seca,Perfeito estado,Não existe,Não há placas,60.0,Dupla,Não informado,COM VÍTIMA,2022,11,27,6,
2022-11-27,,Não informado,FINALIZADA,PARNAMIRIM,RUA VIRGINIA LORETO,Não informado,PROX RESTAURANTE GUAIAMUM GIGANTE,PARNAMIRIM,Não informado,COLISÃO LATERAL,Não informado,1.0,1.0,0.0,0.0,0.0,0.0,0.0,0.0,0.0,1.0,0.0,Cruzamento,Bom,Não existe,Perfeito estado,Seca,Perfeito estado,Não existe,R-6a,60.0,Única,Faixa seccionada,COM VÍTIMA,2022,11,27,6,
2022-11-28,,Não informado,FINALIZADA,CAMPO GRANDE,RUA ODORICO MENDES,RUA VISCONDE DE CAIRU,PROX AO0 COLEGIO JESUS CRUCIFICADO,CAMPO GRANDE,Não informado,COLISÃO LATERAL,Não informado,1.0,1.0,0.0,0.0,0.0,0.0,0.0,0.0,0.0,1.0,0.0,Não informado,Não informado,Não informado,Não informado,Não informado,Não informado,Não informado,Não informado,60.0,Não informado,Não informado,COM VÍTIMA,2022,11,28,0,
2022-11-28,,Não informado,FINALIZADA,ENCRUZILHADA,AV BEBERIBE,Não informado,PROXIMO AO BANCO DO BRASIL,ENCRUZILHADA,Não informado,COLISÃO LATERAL,Não informado,1.0,1.0,0.0,0.0,0.0,0.0,0.0,0.0,0.0,1.0,0.0,Cruzamento,Bom,Não existe,Perfeito estado,Seca,Perfeito estado,Não existe,Não há placas,60.0,Dupla,Faixa contínua,COM VÍTIMA,2022,11,28,0,
2022-11-28,,Não informado,FINALIZADA,MADALENA,RUA JOSE OSORIO,Não informado,PROX A VISTORIA DO DETRAN DA MADALENA,MADALENA,SUBURBIO,COLISÃO FRONTAL,Não informado,1.0,1.0,0.0,0.0,0.0,0.0,0.0,0.0,0.0,1.0,0.0,Cruzamento,Bom,Não existe,Incompleta,Seca,Mal conservada,Não existe,R-6a,40.0,Dupla,Faixa contínua,COM VÍTIMA,2022,11,28,0,
2022-11-28,,Não informado,FINALIZADA,SAN MARTIN,AV GENERAL SAN MARTIN,Não informado,EM FRENTE AO NOVO ATACAREJO,SAN MARTIN,Não informado,COLISÃO LATERAL,Não informado,1.0,1.0,0.0,0.0,0.0,0.0,0.0,0.0,0.0,1.0,0.0,Outros,Bom,Sem defeito,Perfeito estado,Seca,Perfeito estado,Outros,R-5a,60.0,Dupla,Não existe,COM VÍTIMA,2022,11,28,0,
2022-11-28,,Não informado,FINALIZADA,VASCO DA GAMA,RUA VASCO DA GAMA,Não informado,EM FRENTE AO SUPERMERCADO PERNAMBUCANO,VASCO DA GAMA,SUBURBIO,COLISÃO FRONTAL,Não informado,0.0,2.0,0.0,0.0,0.0,0.0,0.0,0.0,0.0,1.0,0.0,Longo da via,Bom,Não existe,Perfeito estado,Seca,Perfeito estado,Não existe,R-6a,30.0,Dupla,Faixa seccionada,COM VÍTIMA,2022,11,28,0,
2022-11-28,,Não informado,FINALIZADA,CASA FORTE,AV DEZESSETE DE AGOSTO,Não informado,EM FRENTE A PRAÇA DE CASA FORTE,CASA FORTE,SUBURBIO,COLISÃO FRONTAL,Não informado,2.0,0.0,0.0,0.0,0.0,0.0,0.0,0.0,0.0,2.0,0.0,Longo da via,Bom,Não existe,Perfeito estado,Seca,Perfeito estado,Não existe,Não há placas,60.0,Dupla,Faixa contínua,COM VÍTIMA,2022,11,28,0,
2022-11-28,,Não informado,FINALIZADA,CASA AMARELA,AV NORTE MIGUEL ARRAES DE ALENCAR,Não informado,Não informado,CASA AMARELA,SUBURBIO,COLISÃO TRASEIRA,Não informado,2.0,0.0,0.0,0.0,0.0,0.0,0.0,0.0,0.0,0.0,0.0,Longo da via,Bom,Não existe,Perfeito estado,Seca,Perfeito estado,Não existe,Não há placas,60.0,Dupla,Faixa seccionada,SEM VÍTIMA,2022,11,28,0,
2022-11-28,,Não informado,FINALIZADA,APIPUCOS,RUA DE APIPUCOS,Não informado,AÇUDE DE APIPUCOS,APIPUCOS,Não informado,COLISÃO TRASEIRA,Não informado,1.0,1.0,0.0,0.0,0.0,0.0,0.0,0.0,0.0,2.0,0.0,Longo da via,Bom,Não existe,Perfeito estado,Seca,Perfeito estado,Não existe,Não há placas,60.0,Dupla,Faixa contínua,COM VÍTIMA,2022,11,28,0,
2022-11-29,,Não informado,FINALIZADA,IPUTINGA,AV CAXANGA,Não informado,EM FRENTE AO GOLF CLUB SENT. CIDADE,IPUTINGA,Não informado,COLISÃO TRASEIRA,Não informado,1.0,1.0,0.0,0.0,0.0,0.0,0.0,0.0,0.0,1.0,0.0,Não informado,Não informado,Não informado,Não informado,Não informado,Não informado,Não informado,Não informado,60.0,Não informado,Não informado,COM VÍTIMA,2022,11,29,1,
2022-11-29,,Não informado,FINALIZADA,VÁRZEA,RUA ACADEMICO HELIO RAMOS,Não informado,PROX. AO RESTAURANTE CEU DA BOCA,VÁRZEA,Não informado,COLISÃO LATERAL,Não informado,1.0,1.0,0.0,0.0,0.0,0.0,0.0,0.0,0.0,1.0,0.0,Não informado,Não informado,Não informado,Não informado,Não informado,Não informado,Não informado,Não informado,60.0,Não informado,Não informado,COM VÍTIMA,2022,11,29,1,
2022-11-29,,Não informado,FINALIZADA,ESPINHEIRO,RUA CONS PORTELA,AV JOAO DE BARROS,POR TRÁS DO BANCO ITAÚ,ESPINHEIRO,Não informado,COLISÃO TRASEIRA,Não informado,1.0,1.0,0.0,0.0,0.0,0.0,0.0,0.0,0.0,1.0,0.0,Não informado,Não informado,Não informado,Não informado,Não informado,Não informado,Não informado,Não informado,60.0,Não informado,Não informado,COM VÍTIMA,2022,11,29,1,
2022-11-29,,Não informado,FINALIZADA,ESPINHEIRO,RUA CONS PORTELA,AV JOAO DE BARROS,AV JOÃO DE BARROS,ESPINHEIRO,Não informado,COLISÃO LATERAL,Não informado,1.0,2.0,0.0,0.0,0.0,0.0,0.0,0.0,0.0,2.0,0.0,Não informado,Não informado,Não informado,Não informado,Não informado,Não informado,Não informado,Não informado,60.0,Não informado,Não informado,COM VÍTIMA,2022,11,29,1,
2022-11-29,,Não informado,FINALIZADA,SANTO AMARO,RUA DOS PALMARES,Não informado,EM FRENTE A POLICLINICA VALDEMAR DE OLIVEIRA,SANTO AMARO,Não informado,COLISÃO LATERAL,Não informado,1.0,1.0,0.0,0.0,0.0,0.0,0.0,0.0,0.0,1.0,0.0,Não informado,Não informado,Não informado,Não informado,Não informado,Não informado,Não informado,Não informado,60.0,Não informado,Não informado,COM VÍTIMA,2022,11,29,1,
2022-11-29,,Não informado,FINALIZADA,PINA,AV ANTONIO DE GOES,Não informado,EM FRENTE AO EMPRESARIAL JOPIN,PINA,Não informado,COLISÃO TRASEIRA,Não informado,1.0,1.0,0.0,0.0,0.0,0.0,0.0,0.0,0.0,1.0,0.0,Não informado,Não informado,Não informado,Não informado,Não informado,Não informado,Não informado,Não informado,60.0,Não informado,Não informado,COM VÍTIMA,2022,11,29,1,
2022-11-29,,Não informado,FINALIZADA,CORDEIRO,AV CAXANGA,Não informado,RANCHO ALEGRE PRODUTOS AGROPECUÁRIO,CORDEIRO,Não informado,ATROPELAMENTO DE PESSOA,Não informado,0.0,1.0,0.0,0.0,1.0,0.0,0.0,0.0,0.0,1.0,0.0,Não informado,Não informado,Não informado,Não informado,Não informado,Não informado,Não informado,Não informado,60.0,Não informado,Não informado,COM VÍTIMA,2022,11,29,1,
2022-11-29,,Não informado,FINALIZADA,IPUTINGA,EST DO BARBALHO,Não informado,E/F  AUTO ESCOLA CEFOC PROX AO DETRAN,IPUTINGA,Não informado,COLISÃO FRONTAL,Não informado,0.0,0.0,1.0,0.0,0.0,1.0,0.0,0.0,0.0,1.0,0.0,Não informado,Não informado,Não informado,Não informado,Não informado,Não informado,Não informado,Não informado,60.0,Não informado,Não informado,COM VÍTIMA,2022,11,29,1,
2022-11-29,,Não informado,FINALIZADA,IPSEP,AV RECIFE,Não informado,E/F AO SUPERMERCADO ECONOMICO,IPSEP,CIDADE,COLISÃO FRONTAL,Não informado,0.0,2.0,0.0,0.0,0.0,0.0,0.0,0.0,0.0,2.0,0.0,Não informado,Não informado,Não informado,Não informado,Não informado,Não informado,Não informado,Não informado,60.0,Não informado,Não informado,COM VÍTIMA,2022,11,29,1,
2022-11-29,,Não informado,FINALIZADA,SÃO JOSÉ,AV SUL,Não informado,PROXIMO A SAIDA DA ROCAN,SÃO JOSÉ,Não informado,COLISÃO LATERAL,Não informado,0.0,2.0,0.0,0.0,0.0,0.0,0.0,0.0,0.0,1.0,0.0,Não informado,Não informado,Não informado,Não informado,Não informado,Não informado,Não informado,Não informado,60.0,Não informado,Não informado,COM VÍTIMA,2022,11,29,1,
2022-11-29,,Não informado,FINALIZADA,IPUTINGA,AV MARECHAL CORDEIRO DE FARIAS,Não informado,NA RUA DO MUSEU DA MOEDA,IPUTINGA,Não informado,COLISÃO LATERAL,Não informado,1.0,1.0,0.0,0.0,0.0,0.0,0.0,0.0,0.0,1.0,0.0,Não informado,Não informado,Não informado,Não informado,Não informado,Não informado,Não informado,Não informado,60.0,Não informado,Não informado,COM VÍTIMA,2022,11,29,1,
2022-11-30,,Não informado,FINALIZADA,SANTO AMARO,AV JOAO DE BARROS,Não informado,PRÓXIMO AO VIADUTO,SANTO AMARO,Não informado,COLISÃO TRASEIRA,Não informado,1.0,0.0,0.0,0.0,0.0,1.0,0.0,0.0,0.0,1.0,0.0,Não informado,Não informado,Não informado,Não informado,Não informado,Não informado,Não informado,Não informado,60.0,Não informado,Não informado,COM VÍTIMA,2022,11,30,2,
2022-11-30,,Não informado,FINALIZADA,CASA AMARELA,AV NORTE MIGUEL ARRAES DE ALENCAR,Não informado,APÓS O SEMÁFORO 312 SENTIDO CIDADE / SUBÚRBIO,CASA AMARELA,CIDADE,CHOQUE,Não informado,0.0,0.0,0.0,0.0,0.0,0.0,0.0,1.0,0.0,0.0,0.0,Longo da via,Nublado,Sem defeito,Perfeito estado,Seca,Perfeito estado,Faixa de pedestre,Outras,60.0,Dupla,Canteiro central,SEM VÍTIMA,2022,11,30,2,
2022-11-30,,Não informado,FINALIZADA,IMBIRIBEIRA,AV MARECHAL MASCARENHAS DE MORAES,Não informado,PRÓX. À CONCESSIONÁRIA TOYOLEX,IMBIRIBEIRA,Não informado,COLISÃO TRASEIRA,Não informado,1.0,1.0,0.0,0.0,0.0,0.0,0.0,0.0,0.0,1.0,0.0,Não informado,Não informado,Não informado,Não informado,Não informado,Não informado,Não informado,Não informado,60.0,Não informado,Não informado,COM VÍTIMA,2022,11,30,2,
2022-11-30,,Não informado,FINALIZADA,MADALENA,AV CAXANGA,Não informado,"PRÓXIMO A FARMÁCIA PAGUE MENOS , LADO OPOSTO 166",MADALENA,CIDADE,COLISÃO TRASEIRA,Não informado,1.0,0.0,0.0,0.0,0.0,0.0,0.0,1.0,0.0,0.0,0.0,Longo da via,Chuvoso,Não existe,Perfeito estado,Molhada,Perfeito estado,Não existe,Não há placas,60.0,Única,Faixa seccionada,SEM VÍTIMA,2022,11,30,2,
2022-11-30,,Não informado,FINALIZADA,MADALENA,AV CAXANGA,Não informado,NO ESTACIONAMENTO DA FARMÁCIA PAGUE MENOS,MADALENA,CIDADE,CHOQUE,Não informado,1.0,0.0,0.0,0.0,0.0,0.0,0.0,1.0,0.0,0.0,0.0,Outros,Chuvoso,Não existe,Não existente,Molhada,Perfeito estado,Não existe,Não há placas,60.0,Única,Canteiro central,SEM VÍTIMA,2022,11,30,2,
2022-11-30,,Não informado,FINALIZADA,BRASÍLIA TEIMOSA,RUA ATUM,Não informado,"DESCIDA DO VIADUTO, SENTIDO CIDADE",BRASÍLIA TEIMOSA,Não informado,QUEDA,Não informado,0.0,1.0,0.0,0.0,0.0,0.0,0.0,0.0,0.0,1.0,0.0,Não informado,Não informado,Não informado,Não informado,Não informado,Não informado,Não informado,Não informado,60.0,Não informado,Não informado,COM VÍTIMA,2022,11,30,2,
2022-11-30,,Não informado,FINALIZADA,IBURA,AV CHAPADA DO ARARIPE,Não informado,ESCOLA MUNICIPAL MONTE VERDE,IBURA,Não informado,COLISÃO FRONTAL,Não informado,0.0,2.0,0.0,0.0,0.0,0.0,0.0,0.0,0.0,1.0,0.0,Não informado,Não informado,Não informado,Não informado,Não informado,Não informado,Não informado,Não informado,60.0,Não informado,Não informado,COM VÍTIMA,2022,11,30,2,
2022-12-01,,Não informado,FINALIZADA,AREIAS,AV RECIFE,Não informado,PRÓXIMO AO SUPERMECADO MAX,AREIAS,Não informado,COLISÃO LATERAL,Não informado,0.0,1.0,0.0,0.0,0.0,0.0,1.0,0.0,0.0,1.0,0.0,Longo da via,Bom,Não existe,Perfeito estado,Seca,Perfeito estado,Não existe,Não há placas,60.0,Dupla,Não existe,COM VÍTIMA,2022,12,1,3,
2022-12-01,,Não informado,FINALIZADA,AFOGADOS,RUA SAO MIGUEL,Não informado,EM FRENTE AO BODE DO NO,AFOGADOS,Não informado,ATROPELAMENTO DE PESSOA,Não informado,0.0,0.0,0.0,0.0,1.0,1.0,0.0,0.0,0.0,1.0,0.0,Longo da via,Bom,Sem defeito,Incompleta,Seca,Perfeito estado,Não existe,Não há placas,60.0,Dupla,Não existe,COM VÍTIMA,2022,12,1,3,
2022-12-01,,Não informado,FINALIZADA,APIPUCOS,RUA DOIS IRMAOS,Não informado,EM FRENTE A FUNDAÇÃO JOAQUM NABUCO,APIPUCOS,SUBURBIO,COLISÃO LATERAL,Não informado,1.0,1.0,0.0,0.0,0.0,0.0,0.0,0.0,0.0,1.0,0.0,Longo da via,Bom,Não existe,Perfeito estado,Seca,Perfeito estado,Não existe,Não há placas,60.0,Dupla,Faixa contínua,COM VÍTIMA,2022,12,1,3,
2022-12-01,,Não informado,FINALIZADA,SANTO AMARO,AV GOVERNADOR AGAMENON MAGALHAES,AV JOAO DE BARROS,AO LADO DO EMPRESARIAL BURLE MARX,SANTO AMARO,CIDADE,CHOQUE,Não informado,0.0,0.0,0.0,0.0,0.0,0.0,1.0,0.0,1.0,0.0,0.0,Cruzamento,Bom,Não existe,Perfeito estado,Seca,Perfeito estado,Não existe,"Placas ""Dê a preferência""",60.0,Única,Canteiro central,SEM VÍTIMA,2022,12,1,3,
2022-12-02,,Não informado,FINALIZADA,BOA VIAGEM,AV ENGENHEIRO DOMINGOS FERREIRA,RUA PADRE CARAPUCEIRO,IGREJA UNIVERSAL,BOA VIAGEM,SUBURBIO,COLISÃO TRANSVERSAL,Não informado,1.0,1.0,0.0,0.0,0.0,0.0,0.0,0.0,0.0,2.0,0.0,Cruzamento,Bom,Sem defeito,Perfeito estado,Seca,Perfeito estado,Não informado,Outras,40.0,Única,Canteiro central,COM VÍTIMA,2022,12,2,4,
2022-12-02,,Não informado,FINALIZADA,BEBERIBE,PRC DA CONVENCAO,RUA COMPOSITOR VINICIUS DE MORAIS,SUPERMERCADO TEM,BEBERIBE,Não informado,COLISÃO LATERAL,Não informado,1.0,1.0,0.0,0.0,0.0,0.0,0.0,0.0,0.0,1.0,0.0,Cruzamento,Bom,Não existe,Incompleta,Seca,Mal conservada,Não existe,Outras,60.0,Dupla,Canteiro central,COM VÍTIMA,2022,12,2,4,
2022-12-02,,Não informado,FINALIZADA,SAN MARTIN,RUA VINTE E UM DE ABRIL,RUA BOM JARDIM,PROX A IGREJA ASSEMBLEIA DE DEUS,SAN MARTIN,SUBURBIO,COLISÃO LATERAL,Não informado,1.0,1.0,0.0,0.0,0.0,0.0,0.0,0.0,0.0,2.0,0.0,Longo da via,Bom,Não existe,Não informado,Seca,Não informado,Não existe,"Placas ""Pare""",40.0,Dupla,Faixa seccionada,COM VÍTIMA,2022,12,2,4,
2022-12-02,,Não informado,FINALIZADA,BOA VIAGEM,AV CONSELHEIRO AGUIAR,RUA RIBEIRO DE BRITO,ED. ROLIDAY,BOA VIAGEM,CIDADE,Não informado,Não informado,1.0,0.0,0.0,0.0,0.0,1.0,0.0,0.0,0.0,0.0,0.0,Cruzamento,Bom,Sem defeito,Perfeito estado,Seca,Perfeito estado,Faixa de pedestre,Outras,60.0,Única,Não existe,SEM VÍTIMA,2022,12,2,4,
2022-12-02,,Não informado,FINALIZADA,TORRE,RUA JOSE BONIFACIO,Não informado,NO ESTAC. DO CARREFOUR,TORRE,Não informado,COLISÃO LATERAL,Não informado,1.0,1.0,0.0,0.0,0.0,0.0,0.0,0.0,0.0,1.0,0.0,Cruzamento,Bom,Não existe,Incompleta,Seca,Perfeito estado,Não existe,Não informado,60.0,Única,Não existe,COM VÍTIMA,2022,12,2,4,
2022-12-02,,Não informado,FINALIZADA,JOANA BEZERRA,VIADUTO CAPITAO TEMUDO,Não informado,AO LADO DO FÓRUM JOANA BEZERRA,JOANA BEZERRA,CIDADE,COLISÃO TRASEIRA,Não informado,1.0,1.0,0.0,0.0,0.0,0.0,0.0,0.0,0.0,1.0,0.0,Longo da via,Bom,Não existe,Não informado,Seca,Perfeito estado,Não existe,Não há placas,60.0,Única,Não existe,COM VÍTIMA,2022,12,2,4,
2022-12-02,,Não informado,FINALIZADA,CASA AMARELA,RUA DOIS DE FEVEREIRO,Não informado,PROX A MERCEARIA DOIS IRMÃOS,CASA AMARELA,CIDADE,COLISÃO COM CICLISTA,Não informado,1.0,0.0,0.0,1.0,0.0,0.0,0.0,0.0,0.0,2.0,0.0,Longo da via,Bom,Não existe,Incompleta,Seca,Mal conservada,Não existe,Não há placas,60.0,Dupla,Não existe,COM VÍTIMA,2022,12,2,4,
2022-12-02,,Não informado,FINALIZADA,VÁRZEA,RUA PROFESSOR ANTONIO COELHO,RUA MARECHAL MANOEL LUIS OSORIO,PROX AO COLEGIO PONTUAL,VÁRZEA,CIDADE,COLISÃO FRONTAL,Não informado,0.0,1.0,0.0,0.0,0.0,1.0,0.0,0.0,0.0,1.0,0.0,Cruzamento,Bom,Não existe,Perfeito estado,Seca,Perfeito estado,Faixa de pedestre,"Placas ""Pare""",30.0,Dupla,Não existe,COM VÍTIMA,2022,12,2,4,
2022-12-02,,Não informado,FINALIZADA,IBURA,AV DOIS RIOS,Não informado,CONSELHO TUTELAR,IBURA,SUBURBIO,COLISÃO FRONTAL,Não informado,1.0,1.0,0.0,0.0,0.0,0.0,0.0,0.0,0.0,1.0,0.0,Longo da via,Bom,Não existe,Perfeito estado,Seca,Perfeito estado,Não existe,Não há placas,60.0,Dupla,Faixa contínua,COM VÍTIMA,2022,12,2,4,
2022-12-02,,Não informado,FINALIZADA,SAN MARTIN,AV GENERAL SAN MARTIN,Não informado,MERCADO IDEAL MIX,SAN MARTIN,SUBURBIO,COLISÃO FRONTAL,Não informado,1.0,1.0,0.0,0.0,0.0,0.0,0.0,0.0,0.0,2.0,0.0,Longo da via,Bom,Não existe,Ilegível,Seca,Perfeito estado,Não existe,Não há placas,60.0,Dupla,Não existe,COM VÍTIMA,2022,12,2,4,
2022-12-02,,Não informado,FINALIZADA,ÁGUA FRIA,RUA CORONEL URBANO RIBEIRO DE SENA,AV BEBERIBE,Não informado,ÁGUA FRIA,SUBURBIO,COLISÃO FRONTAL,Não informado,1.0,1.0,0.0,0.0,0.0,0.0,0.0,0.0,0.0,1.0,0.0,Cruzamento,Bom,Sem defeito,Perfeito estado,Seca,Perfeito estado,Não existe,Não há placas,60.0,Dupla,Não existe,COM VÍTIMA,2022,12,2,4,
2022-12-03,,Não informado,FINALIZADA,CASA FORTE,AV DEZESSETE DE AGOSTO,AV FLOR DE SANTANA,EM FRENTE A BURGKING,CASA FORTE,SUBURBIO,CHOQUE,Não informado,0.0,0.0,0.0,0.0,0.0,0.0,0.0,1.0,0.0,1.0,0.0,Esquina,Bom,Intermitente,Perfeito estado,Seca,Perfeito estado,Faixa de pedestre,R-6a,60.0,Dupla,Faixa contínua,COM VÍTIMA,2022,12,3,5,
2022-12-03,,Não informado,FINALIZADA,GUABIRABA,AV DA RECUPERACAO,Não informado,AO LADO DO MOTEL SENZALA,GUABIRABA,Não informado,COLISÃO LATERAL,Não informado,1.0,1.0,0.0,0.0,0.0,0.0,0.0,0.0,0.0,1.0,0.0,Longo da via,Bom,Não existe,Ilegível,Seca,Perfeito estado,Não existe,Não há placas,60.0,Única,Faixa seccionada,COM VÍTIMA,2022,12,3,5,
2022-12-03,,Não informado,FINALIZADA,MADALENA,AV VISCONDE DE ALBUQUERQUE,Não informado,EM FRENTE AO HOSPITAL D'ÁVILA,MADALENA,CIDADE,COLISÃO TRANSVERSAL,Não informado,1.0,1.0,0.0,0.0,0.0,0.0,0.0,0.0,0.0,1.0,0.0,Longo da via,Bom,Não existe,Perfeito estado,Seca,Perfeito estado,Não existe,Outras,60.0,Única,Faixa seccionada,COM VÍTIMA,2022,12,3,5,
2022-12-03,,Não informado,FINALIZADA,AFOGADOS,RUA SANTOS ARAUJO,RUA SAO MIGUEL,COLISÃO TRANSVERSAL UM VEICULO EVADIU+SE,AFOGADOS,Não informado,COLISÃO TRANSVERSAL,Não informado,1.0,1.0,0.0,0.0,0.0,0.0,0.0,0.0,0.0,1.0,0.0,Não informado,Não informado,Não informado,Não informado,Não informado,Não informado,Não informado,Não informado,60.0,Não informado,Não informado,COM VÍTIMA,2022,12,3,5,
2022-12-03,,Não informado,FINALIZADA,COHAB,RUA RIO SANHAUA,RUA PARANACITI,EM FRENTE AO Nº 50,COHAB,SUBURBIO,Não informado,Não informado,1.0,0.0,0.0,0.0,0.0,0.0,0.0,1.0,0.0,0.0,0.0,Outros,Chuvoso,Não existe,Não existente,Molhada,Perfeito estado,Não existe,Não há placas,60.0,Dupla,Não existe,SEM VÍTIMA,2022,12,3,5,
2022-12-03,,Não informado,CANCELADA,BOA VIAGEM,RUA VISCONDE DE JEQUITINHONHA,Não informado,PROX AO PARQUE DONA LINDU,BOA VIAGEM,Não informado,COLISÃO LATERAL,Não informado,2.0,0.0,0.0,0.0,0.0,0.0,0.0,0.0,0.0,0.0,0.0,Não informado,Não informado,Não informado,Não informado,Não informado,Não informado,Não informado,Não informado,60.0,Não informado,Não informado,SEM VÍTIMA,2022,12,3,5,
2022-12-03,,Não informado,FINALIZADA,BOA VISTA,RUA DO HOSPICIO,Não informado,NO SEMÁFORO 032,BOA VISTA,Não informado,ATROPELAMENTO DE PESSOA,Não informado,1.0,0.0,0.0,0.0,1.0,0.0,0.0,0.0,0.0,0.0,0.0,Cruzamento,Bom,Sem defeito,Perfeito estado,Seca,Perfeito estado,Faixa de pedestre,R-6a,60.0,Dupla,Faixa seccionada,SEM VÍTIMA,2022,12,3,5,
2022-12-03,,Não informado,FINALIZADA,CAXANGÁ,AV CAXANGA,Não informado,EM FRENTE AO GOLF CLUBE,CAXANGÁ,SUBURBIO,COLISÃO LATERAL,Não informado,1.0,1.0,0.0,0.0,0.0,0.0,0.0,0.0,0.0,2.0,0.0,Longo da via,Bom,Sem defeito,Perfeito estado,Seca,Perfeito estado,Não existe,Não há placas,60.0,Única,Faixa seccionada,COM VÍTIMA,2022,12,3,5,
2022-12-03,,Não informado,FINALIZADA,MUSTARDINHA,AV MANOEL GONCALVES DA LUZ,Não informado,LANCHONETE BOCA LOCA,MUSTARDINHA,Não informado,COLISÃO COM CICLISTA,Não informado,0.0,0.0,0.0,1.0,0.0,1.0,0.0,0.0,0.0,1.0,0.0,Cruzamento,Bom,Não existe,Incompleta,Seca,Perfeito estado,Não existe,"Placas ""Pare""",30.0,Dupla,Faixa seccionada,COM VÍTIMA,2022,12,3,5,
2022-12-03,,Não informado,CANCELADA,CASA FORTE,RUA JAYME LOYO,Não informado,AO LADO DA DROGARIA BRASIL,CASA FORTE,Não informado,COLISÃO LATERAL,Não informado,2.0,0.0,0.0,1.0,0.0,0.0,0.0,0.0,0.0,1.0,0.0,Não informado,Não informado,Não informado,Não informado,Não informado,Não informado,Não informado,Não informado,60.0,Não informado,Não informado,COM VÍTIMA,2022,12,3,5,
2022-12-04,,Não informado,FINALIZADA,BOA VIAGEM,AV CONSELHEIRO AGUIAR,RUA PADRE CARAPUCEIRO,PROX.  VERDE FRUT,BOA VIAGEM,Não informado,COLISÃO LATERAL,Não informado,1.0,1.0,0.0,0.0,0.0,0.0,0.0,0.0,0.0,1.0,0.0,Cruzamento,Chuvoso,Sem defeito,Perfeito estado,Molhada,Perfeito estado,Faixa de pedestre,Não informado,60.0,Única,Faixa seccionada,COM VÍTIMA,2022,12,4,6,
2022-12-04,,Não informado,FINALIZADA,TOTÓ,AV LIBERDADE,Não informado,E/F  ANTIGA CASA DO BREGA,TOTÓ,Não informado,COLISÃO LATERAL,Não informado,1.0,1.0,0.0,0.0,0.0,0.0,0.0,0.0,0.0,1.0,0.0,Longo da via,Bom,Não existe,Não existente,Seca,Perfeito estado,Não existe,"Placas ""Dê a preferência""",40.0,Dupla,Não existe,COM VÍTIMA,2022,12,4,6,