data,hora,natureza_acidente,situacao,bairro,endereco,detalhe_endereco_acidente,complemento,bairro_cruzamento,sentido_via,tipo,descricao,auto,moto,ciclom,ciclista,pedestre,onibus,caminhao,viatura,outros,vitimas,vitimasfatais,acidente_verificado,tempo_clima,situacao_semaforo,sinalizacao,condicao_via,conservacao_via,ponto_controle,situacao_placa,velocidade_max_via,mao_direcao,divisao_via1,natureza,ano,mes,dia,dia_semana,hora_ocorrencia
2022-12-04,,Não informado,FINALIZADA,MADALENA,EST DOS REMEDIOS,Não informado,POLICLÍNICA LESSA DE ANDRADE,MADALENA,Não informado,COLISÃO LATERAL,Não informado,0.0,0.0,0.0,0.0,0.0,0.0,0.0,0.0,0.0,1.0,0.0,Cruzamento,Bom,Sem defeito,Perfeito estado,Seca,Perfeito estado,Outros,R-24a,60.0,Única,Faixa seccionada,COM VÍTIMA,2022,12,4,6,
2022-12-04,,Não informado,FINALIZADA,VÁRZEA,RUA ESCRITOR JOAQUIM NOBERTO,Não informado,NO COSME DAMIAO  UR7  PROX A  PONTE  DA ARENA,VÁRZEA,Não informado,ATROPELAMENTO DE PESSOA,Não informado,1.0,0.0,0.0,0.0,1.0,0.0,0.0,0.0,0.0,1.0,0.0,Cruzamento,Bom,Não existe,Não existente,Seca,Mal conservada,Não existe,Não há placas,30.0,Única,Não existe,COM VÍTIMA,2022,12,4,6,
2022-12-04,,Não informado,FINALIZADA,IMBIRIBEIRA,AV MARECHAL MASCARENHAS DE MORAES,Não informado,ANTES DO TÚNEL FELIPE CAMARÃO,IMBIRIBEIRA,CIDADE,COLISÃO TRASEIRA,Não informado,0.0,2.0,0.0,0.0,0.0,0.0,0.0,0.0,0.0,1.0,1.0,Longo da via,Bom,Não existe,Perfeito estado,Seca,Perfeito estado,Não existe,Outras,60.0,Dupla,Faixa seccionada,VÍTIMA FATAL,2022,12,4,6,
2022-12-04,,Não informado,FINALIZADA,BOA VIAGEM,RUA VISCONDE DE JEQUITINHONHA,RUA BALTAZAR PASSOS,SOB O SEMÁFORO Nº 154,BOA VIAGEM,SUBURBIO,COLISÃO TRANSVERSAL,Não informado,2.0,0.0,0.0,0.0,0.0,0.0,0.0,0.0,0.0,0.0,0.0,Cruzamento,Bom,Sem defeito,Perfeito estado,Seca,Perfeito estado,Faixa de pedestre,Outras,60.0,Única,Canal,SEM VÍTIMA,2022,12,4,6,
2022-12-04,,Não informado,FINALIZADA,BOA VIAGEM,RUA PADRE CARAPUCEIRO,AV FERNANDO SIMOES BARBOSA,SOB O SEMÁFORO Nº 321,BOA VIAGEM,SUBURBIO,COLISÃO TRANSVERSAL,Não informado,2.0,0.0,0.0,0.0,0.0,0.0,0.0,0.0,0.0,0.0,0.0,Cruzamento,Chuvoso,Sem defeito,Perfeito estado,Molhada,Perfeito estado,Faixa de pedestre,Outras,60.0,Dupla,Canal,SEM VÍTIMA,2022,12,4,6,
2022-12-05,,Não informado,FINALIZADA,JARDIM SÃO PAULO,AV RECIFE,Não informado,BARATÃO DAS EMBALAGENS,JARDIM SÃO PAULO,Não informado,COLISÃO TRASEIRA,Não informado,1.0,1.0,0.0,0.0,0.0,0.0,0.0,0.0,0.0,2.0,0.0,Longo da via,Chuvoso,Sem defeito,Perfeito estado,Molhada,Perfeito estado,Não existe,Não há placas,60.0,Única,Faixa seccionada,COM VÍTIMA,2022,12,5,0,
2022-12-05,,Não informado,FINALIZADA,TORRE,RUA JOSE BONIFACIO,Não informado,AO LADO DO CARREFOUR,TORRE,CIDADE,COLISÃO TRASEIRA,Não informado,1.0,1.0,0.0,0.0,0.0,0.0,0.0,0.0,0.0,0.0,0.0,Ponte,Chuvoso,Não existe,Perfeito estado,Molhada,Perfeito estado,Não existe,Não informado,60.0,Dupla,Canteiro central,SEM VÍTIMA,2022,12,5,0,
2022-12-05,,Não informado,FINALIZADA,SAN MARTIN,RUA APULCRO DE ASSUNCAO,RUA DELMIRO GOUVEIA,CAVALARIA,SAN MARTIN,CIDADE,COLISÃO LATERAL,Não informado,1.0,1.0,0.0,0.0,0.0,0.0,0.0,0.0,0.0,1.0,0.0,Esquina,Bom,Não existe,Incompleta,Seca,Perfeito estado,Não existe,Não há placas,60.0,Dupla,Não existe,COM VÍTIMA,2022,12,5,0,
2022-12-05,,Não informado,FINALIZADA,JARDIM SÃO PAULO,AV RECIFE,RUA LAURA BANDEIRA DE MELLO,SEMÁFORO 705,JARDIM SÃO PAULO,Não informado,COLISÃO TRASEIRA,Não informado,1.0,1.0,0.0,0.0,0.0,0.0,0.0,0.0,0.0,2.0,0.0,Esquina,Chuvoso,Sem defeito,Perfeito estado,Molhada,Perfeito estado,Faixa de pedestre,Outras,60.0,Dupla,Canteiro central,COM VÍTIMA,2022,12,5,0,
2022-12-05,,Não informado,CANCELADA,SANTO AMARO,AV GOVERNADOR AGAMENON MAGALHAES,Não informado,GEEP / UPE,SANTO AMARO,Não informado,COLISÃO TRASEIRA,Não informado,1.0,1.0,0.0,0.0,0.0,0.0,0.0,0.0,0.0,1.0,0.0,Não informado,Não informado,Não informado,Não informado,Não informado,Não informado,Não informado,Não informado,60.0,Não informado,Não informado,COM VÍTIMA,2022,12,5,0,
2022-12-05,,Não informado,FINALIZADA,BARRO,AV DR JOSE RUFINO,Não informado,APOS A IGREJA DO BARRO,BARRO,Não informado,COLISÃO LATERAL,Não informado,1.0,0.0,0.0,0.0,0.0,0.0,1.0,0.0,0.0,0.0,0.0,Não informado,Não informado,Não informado,Não informado,Não informado,Não informado,Não informado,Não informado,60.0,Não informado,Não informado,SEM VÍTIMA,2022,12,5,0,
2022-12-05,,Não informado,FINALIZADA,CABANGA,AV SUL,Não informado,SEMÁFORO 260,CABANGA,CIDADE,COLISÃO TRASEIRA,Não informado,2.0,0.0,0.0,0.0,0.0,0.0,0.0,0.0,0.0,0.0,0.0,Longo da via,Chuvoso,Sem defeito,Perfeito estado,Molhada,Perfeito estado,Não existe,Outras,60.0,Dupla,Canteiro central,SEM VÍTIMA,2022,12,5,0,
2022-12-05,,Não informado,FINALIZADA,CAXANGÁ,AV CAXANGA,AV GENERAL SAN MARTIN,PROXIMO TERMINAL INTEGRADO DA CAXANGÁ 3,CAXANGÁ,CIDADE,COLISÃO LATERAL,Não informado,1.0,1.0,0.0,0.0,0.0,0.0,0.0,0.0,0.0,1.0,0.0,Cruzamento,Chuvoso,Sem defeito,Perfeito estado,Molhada,Perfeito estado,Não existe,Não há placas,60.0,Única,Faixa seccionada,COM VÍTIMA,2022,12,5,0,
2022-12-05,,Não informado,FINALIZADA,IPUTINGA,AV CAXANGA,Não informado,NO SEMÁFORO 229,IPUTINGA,SUBURBIO,COLISÃO LATERAL,Não informado,1.0,0.0,0.0,0.0,0.0,0.0,0.0,1.0,0.0,0.0,0.0,Não informado,Não informado,Não informado,Não informado,Não informado,Não informado,Não informado,Não informado,60.0,Não informado,Não informado,SEM VÍTIMA,2022,12,5,0,
2022-12-06,,Não informado,FINALIZADA,ÁGUA FRIA,AV BEBERIBE,Não informado,EM FRENTE A MILENA MÓVEIS,ÁGUA FRIA,Não informado,COLISÃO LATERAL,Não informado,1.0,1.0,0.0,0.0,0.0,0.0,0.0,0.0,0.0,1.0,0.0,Longo da via,Bom,Não informado,Perfeito estado,Seca,Perfeito estado,Faixa de pedestre,R-6a,60.0,Única,Não existe,COM VÍTIMA,2022,12,6,1,
2022-12-06,,Não informado,FINALIZADA,ESTÂNCIA,AV DR JOSE RUFINO,Não informado,PROXIMO COLEGIO INDEPENDENCIA,ESTÂNCIA,Não informado,COLISÃO LATERAL,Não informado,1.0,1.0,0.0,0.0,0.0,0.0,0.0,0.0,0.0,1.0,0.0,Cruzamento,Bom,Não existe,Incompleta,Seca,Perfeito estado,Não existe,R-6a,60.0,Dupla,Não existe,COM VÍTIMA,2022,12,6,1,
2022-12-06,,Não informado,CANCELADA,JOANA BEZERRA,VIADUTO CAPITAO TEMUDO,Não informado,EM CIMA DA VIADUTO/ SENTIDO BOA VIAGEM,JOANA BEZERRA,Não informado,COLISÃO TRASEIRA,Não informado,2.0,0.0,0.0,0.0,0.0,0.0,0.0,0.0,0.0,1.0,0.0,Não informado,Não informado,Não informado,Não informado,Não informado,Não informado,Não informado,Não informado,60.0,Não informado,Não informado,COM VÍTIMA,2022,12,6,1,
2022-12-06,,Não informado,FINALIZADA,IMBIRIBEIRA,RUA ARQUITETO LUIZ NUNES,Não informado,APOS O ASSAI   NA SEGUNDA LOMBADA ELETRONICA,IMBIRIBEIRA,Não informado,COLISÃO TRASEIRA,Não informado,1.0,1.0,0.0,0.0,0.0,0.0,0.0,0.0,0.0,1.0,0.0,Longo da via,Bom,Sem defeito,Perfeito estado,Seca,Perfeito estado,Faixa de pedestre,Não há placas,40.0,Dupla,Faixa contínua,COM VÍTIMA,2022,12,6,1,
2022-12-06,,Não informado,FINALIZADA,BOA VIAGEM,RUA CAMBOIM,RUA DEZ DE JULHO,MAIZON CRISTAL,BOA VIAGEM,Não informado,COLISÃO FRONTAL,Não informado,1.0,1.0,0.0,0.0,0.0,0.0,0.0,0.0,0.0,1.0,0.0,Cruzamento,Bom,Não existe,Perfeito estado,Seca,Perfeito estado,Faixa de pedestre,"Placas ""Pare""",60.0,Única,Não informado,COM VÍTIMA,2022,12,6,1,
2022-12-06,,Não informado,FINALIZADA,BOA VIAGEM,RUA RIBEIRO DE BRITO,Não informado,PRÓXIMO A FACULDADE UNINASSAU SENTIDO AVENIDA RECIFE,BOA VIAGEM,Não informado,QUEDA,Não informado,0.0,1.0,0.0,0.0,0.0,0.0,0.0,0.0,0.0,1.0,0.0,Longo da via,Bom,Sem defeito,Perfeito estado,Seca,Perfeito estado,Faixa de pedestre,R-6a,60.0,Única,Faixa seccionada,COM VÍTIMA,2022,12,6,1,
2022-12-07,,Não informado,FINALIZADA,AREIAS,AV RECIFE,Não informado,"AO LADO DO CERPE, SENT. BR",AREIAS,Não informado,COLISÃO TRASEIRA,Não informado,2.0,1.0,0.0,0.0,0.0,0.0,0.0,0.0,0.0,1.0,0.0,Longo da via,Bom,Não existe,Perfeito estado,Seca,Perfeito estado,Não existe,Não há placas,60.0,Única,Faixa contínua,COM VÍTIMA,2022,12,7,2,
2022-12-07,,Não informado,FINALIZADA,PARNAMIRIM,RUA FERREIRA LOPES,Não informado,RUA DO BANCO DO BRASIL,PARNAMIRIM,Não informado,COLISÃO FRONTAL,Não informado,1.0,1.0,0.0,0.0,0.0,0.0,0.0,0.0,0.0,1.0,0.0,Esquina,Bom,Não existe,Perfeito estado,Seca,Perfeito estado,Faixa de retenção,Outras,60.0,Dupla,Faixa seccionada,COM VÍTIMA,2022,12,7,2,
2022-12-07,,Não informado,FINALIZADA,BOA VIAGEM,RUA CAMBOIM,RUA COPACABANA,PRÓX. AO SINDICATO DOS AEROVIÁRIOS,BOA VIAGEM,Não informado,COLISÃO LATERAL,Não informado,1.0,1.0,0.0,0.0,0.0,0.0,0.0,0.0,0.0,1.0,0.0,Cruzamento,Bom,Não existe,Perfeito estado,Seca,Perfeito estado,Não existe,"Placas ""Pare""",30.0,Dupla,Faixa seccionada,COM VÍTIMA,2022,12,7,2,
2022-12-07,,Não informado,FINALIZADA,BOA VIAGEM,RUA JOSE MARIA DE MIRANDA,Não informado,BAR DO PAULINHO,BOA VIAGEM,CIDADE,COLISÃO LATERAL,Não informado,1.0,0.0,0.0,0.0,0.0,0.0,0.0,1.0,0.0,0.0,0.0,Longo da via,Bom,Sem defeito,Perfeito estado,Seca,Perfeito estado,Faixa de pedestre,Não há placas,60.0,Única,Não existe,SEM VÍTIMA,2022,12,7,2,
2022-12-07,,Não informado,FINALIZADA,TEJIPIÓ,AV DR JOSE RUFINO,Não informado,PROX AO COND MIRANTE DO RECIFE,TEJIPIÓ,Não informado,COLISÃO COM CICLISTA,Não informado,1.0,0.0,0.0,1.0,0.0,0.0,0.0,0.0,0.0,1.0,0.0,Cruzamento,Bom,Não existe,Não existente,Seca,Perfeito estado,Não existe,Não há placas,60.0,Dupla,Não existe,COM VÍTIMA,2022,12,7,2,
2022-12-07,,Não informado,FINALIZADA,BOA VIAGEM,AV CONSELHEIRO AGUIAR,Não informado,EM FRENTE AO HABIBES,BOA VIAGEM,Não informado,COLISÃO LATERAL,Não informado,0.0,1.0,0.0,0.0,0.0,1.0,0.0,0.0,0.0,1.0,0.0,Cruzamento,Bom,Sem defeito,Perfeito estado,Seca,Perfeito estado,Faixa de pedestre,R-6a,60.0,Única,Faixa seccionada,COM VÍTIMA,2022,12,7,2,
2022-12-07,,Não informado,FINALIZADA,CASA AMARELA,AV PEDRO ALLAIN,Não informado,NA RUA DA RETIFICA PADRAO   S/T  SUB,CASA AMARELA,Não informado,COLISÃO COM CICLISTA,Não informado,1.0,0.0,0.0,1.0,0.0,0.0,0.0,0.0,0.0,1.0,0.0,Longo da via,Bom,Não existe,Incompleta,Seca,Perfeito estado,Não existe,Outras,30.0,Única,Não existe,COM VÍTIMA,2022,12,7,2,
2022-12-07,,Não informado,CANCELADA,SANTO ANTÔNIO,AV DANTAS BARRETO,PRC DA REPUBLICA,Não informado,SANTO ANTÔNIO,Não informado,COLISÃO LATERAL,Não informado,0.0,0.0,0.0,0.0,0.0,0.0,0.0,0.0,0.0,1.0,0.0,Não informado,Não informado,Não informado,Não informado,Não informado,Não informado,Não informado,Não informado,60.0,Não informado,Não informado,COM VÍTIMA,2022,12,7,2,
2022-12-07,,Não informado,FINALIZADA,CAMPO GRANDE,EST DE BELEM,Não informado,AO LADO DA SECRETARIA DA FAZENDA,CAMPO GRANDE,Não informado,COLISÃO LATERAL,Não informado,0.0,1.0,0.0,0.0,0.0,1.0,0.0,0.0,0.0,1.0,0.0,Longo da via,Bom,Não existe,Perfeito estado,Seca,Perfeito estado,Não existe,Não há placas,60.0,Dupla,Faixa contínua,COM VÍTIMA,2022,12,7,2,
2022-12-07,,Não informado,FINALIZADA,IBURA,RUA RIO XINGU,AV DOIS RIOS,Não informado,IBURA,Não informado,ATROPELAMENTO DE PESSOA,Não informado,0.0,1.0,0.0,0.0,1.0,0.0,0.0,0.0,0.0,1.0,0.0,Longo da via,Bom,Não existe,Não existente,Seca,Mal conservada,Não existe,Não há placas,60.0,Dupla,Não existe,COM VÍTIMA,2022,12,7,2,
2022-12-07,,Não informado,FINALIZADA,CAXANGÁ,AV CAXANGA,Não informado,EM FRENTE A LOJA AMERICANAS,CAXANGÁ,CIDADE,COLISÃO FRONTAL,Não informado,0.0,2.0,0.0,0.0,0.0,0.0,0.0,0.0,0.0,1.0,0.0,Cruzamento,Bom,Sem defeito,Perfeito estado,Seca,Perfeito estado,Faixa de pedestre,Outras,60.0,Dupla,Não informado,COM VÍTIMA,2022,12,7,2,
2022-12-07,,Não informado,FINALIZADA,IMBIRIBEIRA,AV MARECHAL MASCARENHAS DE MORAES,Não informado,EM FRENTE A CAIXA ECONOMICA / AO LADO DO AEROPORTO,IMBIRIBEIRA,CIDADE,ATROPELAMENTO DE PESSOA,Não informado,0.0,1.0,0.0,0.0,0.0,0.0,0.0,0.0,0.0,2.0,0.0,Longo da via,Bom,Não informado,Perfeito estado,Seca,Perfeito estado,Não existe,R-19,60.0,Dupla,Canteiro central,COM VÍTIMA,2022,12,7,2,
2022-12-08,,Não informado,FINALIZADA,SÃO JOSÉ,AV SUL,RUA LOURENCO DA SILVA,NO SENTIDO SUBÚRBIO / CIDADE .  LOGO APÓS O VIADUTO PAPA JOÃO  PAULO II.   INFORMAÇÃO REPASSADA PELO MUINÍCIPE,SÃO JOSÉ,CIDADE,ATROPELAMENTO DE ANIMAL,Não informado,0.0,0.0,0.0,0.0,0.0,0.0,0.0,0.0,0.0,0.0,0.0,Não informado,Não informado,Não informado,Não informado,Não informado,Não informado,Não informado,Não informado,60.0,Não informado,Não informado,SEM VÍTIMA,2022,12,8,3,
2022-12-08,,Não informado,FINALIZADA,SANCHO,AV LIBERDADE,Não informado,EM FRENTE À VIDRAÇARIA SÃO PAULO,SANCHO,Não informado,COLISÃO FRONTAL,Não informado,1.0,1.0,0.0,0.0,0.0,0.0,0.0,0.0,0.0,1.0,0.0,Cruzamento,Bom,Não existe,Incompleta,Seca,Mal conservada,Não existe,R-6a,40.0,Dupla,Não existe,COM VÍTIMA,2022,12,8,3,
2022-12-08,,Não informado,FINALIZADA,SÃO JOSÉ,RUA IMPERIAL,Não informado,Não informado,SÃO JOSÉ,Não informado,COLISÃO LATERAL,Não informado,1.0,1.0,0.0,0.0,0.0,0.0,0.0,0.0,0.0,1.0,0.0,Longo da via,Bom,Não existe,Não existente,Seca,Perfeito estado,Não existe,Não há placas,60.0,Única,Não existe,COM VÍTIMA,2022,12,8,3,
2022-12-08,,Não informado,FINALIZADA,SÃO JOSÉ,AV MARTINS DE BARROS,Não informado,PROXIMO TOMAIS DE AQUINO,SÃO JOSÉ,Não informado,COLISÃO TRASEIRA,Não informado,0.0,0.0,0.0,0.0,0.0,2.0,0.0,0.0,0.0,3.0,0.0,Outros,Bom,Sem defeito,Perfeito estado,Seca,Perfeito estado,Outros,R-6c,60.0,Única,Faixa seccionada,COM VÍTIMA,2022,12,8,3,
2022-12-08,,Não informado,FINALIZADA,CASA AMARELA,AV NORTE MIGUEL ARRAES DE ALENCAR,Não informado,ESCOLA PROFISSIONALIZANTE DOM BOSCO,CASA AMARELA,SUBURBIO,CHOQUE,Não informado,2.0,1.0,0.0,0.0,0.0,0.0,0.0,0.0,0.0,0.0,0.0,Longo da via,Bom,Não existe,Perfeito estado,Seca,Perfeito estado,Não existe,Não há placas,60.0,Dupla,Canteiro central,SEM VÍTIMA,2022,12,8,3,
2022-12-08,,Não informado,FINALIZADA,IMBIRIBEIRA,RUA DUQUE ESTRADA,Não informado,COLEGIO COGNITIVO,IMBIRIBEIRA,Não informado,CHOQUE,Não informado,2.0,0.0,0.0,0.0,0.0,0.0,0.0,0.0,0.0,2.0,0.0,Longo da via,Bom,Não informado,Perfeito estado,Seca,Perfeito estado,Não existe,"Placas ""Pare""",60.0,Dupla,Não existe,COM VÍTIMA,2022,12,8,3,
2022-12-08,,Não informado,FINALIZADA,SÃO JOSÉ,RUA IMPERIAL,RUA LOURENCO DA SILVA,APÓS O COLÉGIO JOAQUIM NABUCO,SÃO JOSÉ,Não informado,COLISÃO TRANSVERSAL,Não informado,1.0,1.0,0.0,0.0,0.0,0.0,0.0,0.0,0.0,1.0,0.0,Cruzamento,Bom,Não existe,Não existente,Seca,Perfeito estado,Não existe,Não há placas,60.0,Única,Faixa seccionada,COM VÍTIMA,2022,12,8,3,
2022-12-08,,Não informado,FINALIZADA,BOA VIAGEM,RUA DEZ DE JULHO,Não informado,Não informado,BOA VIAGEM,Não informado,COLISÃO FRONTAL,Não informado,1.0,1.0,0.0,0.0,0.0,0.0,0.0,0.0,0.0,1.0,0.0,Cruzamento,Bom,Não existe,Perfeito estado,Seca,Perfeito estado,Faixa de pedestre,"Placas ""Pare""",60.0,Dupla,Não existe,COM VÍTIMA,2022,12,8,3,
2022-12-09,,Não informado,FINALIZADA,TAMARINEIRA,RUA PADRE ROMA,Não informado,RESTAURANTE FAACA,TAMARINEIRA,Não informado,COLISÃO LATERAL,Não informado,1.0,1.0,0.0,0.0,0.0,0.0,0.0,0.0,0.0,1.0,0.0,Longo da via,Bom,Sem defeito,Perfeito estado,Seca,Perfeito estado,Faixa de retenção,Não há placas,60.0,Única,Faixa contínua,COM VÍTIMA,2022,12,9,4,
2022-12-09,,Não informado,FINALIZADA,SANTO AMARO,AV CRUZ CABUGA,Não informado,COLÉGIO GINASIO PERNAMBUCANO,SANTO AMARO,Não informado,COLISÃO FRONTAL,Não informado,1.0,0.0,0.0,0.0,0.0,0.0,0.0,1.0,0.0,0.0,0.0,Cruzamento,Bom,Sem defeito,Perfeito estado,Seca,Perfeito estado,Faixa de pedestre,R-6a,60.0,Dupla,Faixa contínua,SEM VÍTIMA,2022,12,9,4,
2022-12-09,,Não informado,FINALIZADA,BOA VISTA,RUA DO PRINCIPE,Não informado,EM FRENTE A CATOLICA,BOA VISTA,Não informado,COLISÃO TRASEIRA,Não informado,1.0,0.0,0.0,0.0,0.0,0.0,0.0,0.0,0.0,1.0,0.0,Longo da via,Bom,Não existe,Perfeito estado,Seca,Perfeito estado,Faixa de pedestre,Não há placas,60.0,Única,Faixa contínua,COM VÍTIMA,2022,12,9,4,
2022-12-09,,Não informado,FINALIZADA,IMBIRIBEIRA,AV MARECHAL MASCARENHAS DE MORAES,Não informado,E/F A LOJA  FLORARTE  S/T SUB,IMBIRIBEIRA,Não informado,COLISÃO LATERAL,Não informado,1.0,1.0,0.0,0.0,0.0,0.0,0.0,0.0,0.0,1.0,0.0,Cruzamento,Bom,Sem defeito,Perfeito estado,Seca,Perfeito estado,Faixa de pedestre,R-6a,60.0,Dupla,Canteiro central,COM VÍTIMA,2022,12,9,4,
2022-12-09,,Não informado,FINALIZADA,IPSEP,RUA JEAN EMILE FAVRE,Não informado,PROXIMO AO DELEGACIA DO IPSEP,IPSEP,Não informado,COLISÃO TRASEIRA,Não informado,1.0,1.0,0.0,0.0,0.0,0.0,0.0,0.0,0.0,1.0,0.0,Cruzamento,Bom,Sem defeito,Perfeito estado,Seca,Perfeito estado,Faixa de pedestre,R-6a,60.0,Dupla,Faixa contínua,COM VÍTIMA,2022,12,9,4,
2022-12-10,,Não informado,FINALIZADA,TORRÕES,AV ENGENHEIRO ABDIAS DE CARVALHO,Não informado,VIADUTO  CAMILO PEREIRA CARNEIRO,TORRÕES,Não informado,TOMBAMENTO,Não informado,1.0,0.0,0.0,0.0,0.0,0.0,0.0,0.0,0.0,1.0,4.0,Não informado,Não informado,Não informado,Não informado,Não informado,Não informado,Não informado,Não informado,60.0,Não informado,Não informado,VÍTIMA FATAL,2022,12,10,5,
2022-12-10,,Não informado,CANCELADA,TEJIPIÓ,AV LIBERDADE,Não informado,EM FRENTE AO  AO GALPÃO BHF,TEJIPIÓ,Não informado,COLISÃO LATERAL,Não informado,1.0,1.0,0.0,0.0,0.0,0.0,0.0,0.0,0.0,1.0,0.0,Não informado,Não informado,Não informado,Não informado,Não informado,Não informado,Não informado,Não informado,60.0,Não informado,Não informado,COM VÍTIMA,2022,12,10,5,
2022-12-10,,Não informado,FINALIZADA,CAXANGÁ,RUA EMILIANO BRAGA,Não informado,NA FRENTE DO TERMINAL DE ÔNIBUS,CAXANGÁ,Não informado,COLISÃO LATERAL,Não informado,2.0,0.0,0.0,0.0,0.0,0.0,0.0,0.0,0.0,1.0,0.0,Cruzamento,Chuvoso,Não existe,Incompleta,Seca,Perfeito estado,Faixa de pedestre,R-6a,60.0,Única,Faixa contínua,COM VÍTIMA,2022,12,10,5,
2022-12-10,,Não informado,FINALIZADA,LINHA DO TIRO,RUA URIEL DE HOLANDA,Não informado,EM FRENTE AO ARMAZEM SHALON,LINHA DO TIRO,Não informado,COLISÃO FRONTAL,Não informado,1.0,1.0,0.0,0.0,0.0,0.0,0.0,0.0,0.0,1.0,0.0,Esquina,Bom,Não existe,Perfeito estado,Seca,Perfeito estado,Não existe,R-6a,30.0,Dupla,Não existe,COM VÍTIMA,2022,12,10,5,
2022-12-11,,Não informado,FINALIZADA,IBURA,RUA PINTOR AGENOR DE ALBUQUERQUE CESAR,Não informado,"PROX AO SESI, SENTIOD BR",IBURA,Não informado,COLISÃO FRONTAL,Não informado,0.0,3.0,0.0,0.0,0.0,0.0,0.0,0.0,0.0,2.0,0.0,Longo da via,Bom,Não existe,Não existente,Seca,Mal conservada,Não existe,Não há placas,60.0,Dupla,Não existe,COM VÍTIMA,2022,12,11,6,
2022-12-11,,Não informado,FINALIZADA,GRAÇAS,AV GOVERNADOR AGAMENON MAGALHAES,Não informado,EM FRENTE AO MAC DONALD,GRAÇAS,Não informado,COLISÃO TRASEIRA,Não informado,2.0,1.0,0.0,0.0,0.0,0.0,0.0,0.0,0.0,1.0,0.0,Longo da via,Bom,Não existe,Não existente,Seca,Perfeito estado,Não existe,Não há placas,60.0,Única,Faixa seccionada,COM VÍTIMA,2022,12,11,6,
2022-12-11,,Não informado,FINALIZADA,JARDIM SÃO PAULO,AV RECIFE,Não informado,"SOB O SEMÁFORO DE Nº 705 , SENTIDO CEASA/AEROPORTO",JARDIM SÃO PAULO,SUBURBIO,COLISÃO TRASEIRA,Não informado,2.0,0.0,0.0,0.0,0.0,0.0,0.0,0.0,0.0,0.0,0.0,Longo da via,Bom,Sem defeito,Não informado,Seca,Perfeito estado,Faixa de pedestre,"Placas ""Dê a preferência""",60.0,Dupla,Canteiro central,SEM VÍTIMA,2022,12,11,6,
2022-12-11,,Não informado,FINALIZADA,BOA VIAGEM,RUA VISCONDE DE JEQUITINHONHA,RUA BALTAZAR PASSOS,NO SEMÁFORO 154,BOA VIAGEM,Não informado,COLISÃO COM CICLISTA,Não informado,1.0,0.0,0.0,1.0,0.0,0.0,0.0,0.0,0.0,1.0,0.0,Cruzamento,Bom,Sem defeito,Perfeito estado,Seca,Perfeito estado,Faixa de pedestre,Outras,60.0,Dupla,Faixa contínua,COM VÍTIMA,2022,12,11,6,
2022-12-11,,Não informado,FINALIZADA,BARRO,AV DR JOSE RUFINO,Não informado,EM FRENTE AO COLERGIO EMACULADA CONCEIÇÃO,BARRO,Não informado,COLISÃO LATERAL,Não informado,1.0,1.0,0.0,0.0,0.0,0.0,0.0,0.0,0.0,2.0,0.0,Longo da via,Bom,Não informado,Perfeito estado,Seca,Perfeito estado,Faixa de pedestre,Não informado,60.0,Dupla,Faixa contínua,COM VÍTIMA,2022,12,11,6,
2022-12-12,,Não informado,FINALIZADA,ENCRUZILHADA,AV NORTE MIGUEL ARRAES DE ALENCAR,Não informado,EM FRENTE AO SUPERMERCADO RECIBOM,ENCRUZILHADA,Não informado,COLISÃO COM CICLISTA,Não informado,0.0,1.0,0.0,1.0,0.0,0.0,0.0,0.0,0.0,1.0,0.0,Longo da via,Bom,Sem defeito,Perfeito estado,Seca,Perfeito estado,Faixa de pedestre,Não há placas,60.0,Dupla,Canteiro central,COM VÍTIMA,2022,12,12,0,
2022-12-12,,Não informado,FINALIZADA,APIPUCOS,RUA DE APIPUCOS,Não informado,POSTO BR APIPUCOS,APIPUCOS,Não informado,COLISÃO TRASEIRA,Não informado,1.0,1.0,0.0,0.0,0.0,0.0,0.0,0.0,0.0,1.0,0.0,Esquina,Bom,Sem defeito,Perfeito estado,Seca,Perfeito estado,Faixa de pedestre,Outras,60.0,Dupla,Faixa contínua,COM VÍTIMA,2022,12,12,0,
2022-12-12,,Não informado,FINALIZADA,MADALENA,RUA JOAO IVO DA SILVA,Não informado,NA DESCIDA DO TUNEL DA ABOLIÇÃO,MADALENA,Não informado,COLISÃO TRASEIRA,Não informado,1.0,1.0,0.0,0.0,0.0,0.0,0.0,0.0,0.0,1.0,0.0,Longo da via,Bom,Não existe,Perfeito estado,Seca,Perfeito estado,Não existe,Não informado,60.0,Única,Não informado,COM VÍTIMA,2022,12,12,0,