data,hora,natureza_acidente,situacao,bairro,endereco,detalhe_endereco_acidente,complemento,bairro_cruzamento,sentido_via,tipo,descricao,auto,moto,ciclom,ciclista,pedestre,onibus,caminhao,viatura,outros,vitimas,vitimasfatais,acidente_verificado,tempo_clima,situacao_semaforo,sinalizacao,condicao_via,conservacao_via,ponto_controle,situacao_placa,velocidade_max_via,mao_direcao,divisao_via1,natureza,ano,mes,dia,dia_semana,hora_ocorrencia
2022-12-12,,Não informado,FINALIZADA,IPUTINGA,RUA SANTA LUCIA,Não informado,Não informado,IPUTINGA,SUBURBIO,Não informado,Não informado,1.0,0.0,0.0,0.0,0.0,0.0,0.0,1.0,0.0,0.0,0.0,Longo da via,Bom,Não existe,Não existente,Seca,Perfeito estado,Não existe,Não há placas,60.0,Dupla,Faixa contínua,SEM VÍTIMA,2022,12,12,0,
2022-12-12,,Não informado,FINALIZADA,BOA VIAGEM,RUA RIBEIRO DE BRITO,Não informado,ACIDENTE COM VÍTIMA,BOA VIAGEM,CIDADE,COLISÃO LATERAL,Não informado,1.0,1.0,0.0,0.0,0.0,0.0,0.0,0.0,0.0,1.0,0.0,Longo da via,Bom,Não existe,Perfeito estado,Seca,Perfeito estado,Não existe,Não há placas,60.0,Única,Faixa contínua,COM VÍTIMA,2022,12,12,0,
2022-12-12,,Não informado,FINALIZADA,CAMPO GRANDE,EST DE BELEM,Não informado,E/F A CLINICA CENTRAL,CAMPO GRANDE,Não informado,COLISÃO FRONTAL,Não informado,1.0,1.0,0.0,0.0,0.0,0.0,0.0,0.0,0.0,1.0,0.0,Cruzamento,Bom,Sem defeito,Incompleta,Seca,Perfeito estado,Faixa de pedestre,R-6a,60.0,Dupla,Faixa contínua,COM VÍTIMA,2022,12,12,0,
2022-12-12,,Não informado,FINALIZADA,BOA VIAGEM,RUA SA E SOUZA,RUA ANTONIO VICENTE,PROX AO SURMERCAO RECIBOM  E AO COLEGIO SANTOS  DUMONT,BOA VIAGEM,Não informado,COLISÃO LATERAL,Não informado,1.0,1.0,0.0,0.0,0.0,0.0,0.0,0.0,0.0,1.0,0.0,Cruzamento,Bom,Não existe,Incompleta,Seca,Perfeito estado,Outros,"Placas ""Pare""",30.0,Dupla,Faixa seccionada,COM VÍTIMA,2022,12,12,0,
2022-12-12,,Não informado,FINALIZADA,AFOGADOS,PRC DA PAZ,Não informado,NO GIRADOURO DA PRAÇA DO LARGO DA PAZ,AFOGADOS,Não informado,COLISÃO TRASEIRA,Não informado,2.0,1.0,0.0,0.0,0.0,0.0,0.0,0.0,0.0,1.0,0.0,Longo da via,Bom,Não existe,Incompleta,Seca,Perfeito estado,Faixa de pedestre,Outras,60.0,Única,Não existe,COM VÍTIMA,2022,12,12,0,
2022-12-12,,Não informado,FINALIZADA,AREIAS,AV RECIFE,Não informado,PROX AO MERCADINHO ECONOMICO,AREIAS,Não informado,COLISÃO TRASEIRA,Não informado,1.0,1.0,0.0,0.0,0.0,0.0,0.0,0.0,0.0,2.0,0.0,Longo da via,Bom,Não existe,Perfeito estado,Seca,Perfeito estado,Não existe,Não há placas,60.0,Dupla,Canteiro central,COM VÍTIMA,2022,12,12,0,
2022-12-12,,Não informado,FINALIZADA,JIQUIÁ,RUA ANTONIO CARNEIRO,Não informado,MERCADINHO VITÓRIA POR TRÁS DO COLÉGIO VISÃO,JIQUIÁ,Não informado,COLISÃO FRONTAL,Não informado,1.0,0.0,0.0,0.0,0.0,0.0,0.0,1.0,0.0,1.0,0.0,Cruzamento,Bom,Não existe,Não existente,Seca,Perfeito estado,Não existe,"Placas ""Pare""",60.0,Dupla,Não existe,COM VÍTIMA,2022,12,12,0,
2022-12-13,,Não informado,FINALIZADA,DOIS IRMÃOS,RUA DOIS IRMAOS,AV DA RECUPERACAO,SOB O SEMÁFORO 416,DOIS IRMÃOS,SUBURBIO,CHOQUE,Não informado,1.0,0.0,0.0,0.0,0.0,0.0,0.0,0.0,0.0,0.0,0.0,Cruzamento,Bom,Sem defeito,Perfeito estado,Seca,Perfeito estado,Faixa de pedestre,Não informado,60.0,Dupla,Faixa contínua,SEM VÍTIMA,2022,12,13,1,
2022-12-13,,Não informado,FINALIZADA,SÃO JOSÉ,RUA VIDAL DE NEGREIROS,RUA SAO JOAO,PROX. AO FORTE 5 PONTAS,SÃO JOSÉ,Não informado,COLISÃO FRONTAL,Não informado,1.0,1.0,0.0,0.0,0.0,0.0,0.0,0.0,0.0,1.0,0.0,Cruzamento,Bom,Não existe,Incompleta,Seca,Perfeito estado,Não existe,Outras,40.0,Única,Não existe,COM VÍTIMA,2022,12,13,1,
2022-12-13,,Não informado,FINALIZADA,ESPINHEIRO,AV GOVERNADOR AGAMENON MAGALHAES,Não informado,EM FRENTE AO MINISTÉRIO PÚBLICO FEDERAL,ESPINHEIRO,CIDADE,Não informado,Não informado,1.0,0.0,0.0,0.0,0.0,0.0,0.0,1.0,0.0,0.0,0.0,Longo da via,Bom,Sem defeito,Perfeito estado,Seca,Perfeito estado,Faixa de pedestre,Não há placas,60.0,Dupla,Canteiro central,SEM VÍTIMA,2022,12,13,1,
2022-12-13,,Não informado,FINALIZADA,BOA VIAGEM,RUA ZEFERINO GALVAO,Não informado,"EM FRENTE AO EDF. VALEIRO, PROX AO HOTEL RADISSON",BOA VIAGEM,Não informado,COLISÃO FRONTAL,Não informado,1.0,0.0,0.0,1.0,0.0,0.0,0.0,0.0,0.0,1.0,0.0,Longo da via,Bom,Não existe,Não existente,Seca,Perfeito estado,Não existe,Não há placas,60.0,Única,Não existe,COM VÍTIMA,2022,12,13,1,
2022-12-13,,Não informado,FINALIZADA,BOA VISTA,RUA DA GLORIA,Não informado,Não informado,BOA VISTA,CIDADE,CHOQUE,Não informado,2.0,0.0,0.0,0.0,0.0,0.0,0.0,0.0,0.0,0.0,0.0,Longo da via,Bom,Sem defeito,Perfeito estado,Seca,Perfeito estado,Não existe,Não há placas,60.0,Única,Não existe,SEM VÍTIMA,2022,12,13,1,
2022-12-13,,Não informado,FINALIZADA,PINA,AV ANTONIO DE GOES,Não informado,SOBRE A PONTE PAULO GUERRA,PINA,Não informado,COLISÃO TRANSVERSAL,Não informado,1.0,1.0,0.0,0.0,0.0,0.0,0.0,0.0,0.0,1.0,0.0,Ponte,Bom,Sem defeito,Perfeito estado,Seca,Perfeito estado,Não existe,Não há placas,60.0,Única,Faixa seccionada,COM VÍTIMA,2022,12,13,1,
2022-12-13,,Não informado,FINALIZADA,AREIAS,AV RECIFE,Não informado,EM FRENTE AO MACRO,AREIAS,Não informado,ATROPELAMENTO DE PESSOA,Não informado,1.0,0.0,0.0,0.0,1.0,0.0,0.0,0.0,0.0,1.0,1.0,Longo da via,Bom,Não existe,Não existente,Seca,Perfeito estado,Não existe,Não há placas,60.0,Dupla,Canteiro central,VÍTIMA FATAL,2022,12,13,1,
2022-12-13,,Não informado,FINALIZADA,BOA VISTA,AV GOVERNADOR AGAMENON MAGALHAES,RUA DOM BOSCO,RUA DOM BOSCO,BOA VISTA,OLINDA,ATROPELAMENTO DE PESSOA,Não informado,0.0,0.0,0.0,0.0,1.0,0.0,0.0,0.0,0.0,1.0,0.0,Longo da via,Bom,Sem defeito,Perfeito estado,Seca,Perfeito estado,Agente,Outras,60.0,Dupla,Faixa contínua,COM VÍTIMA,2022,12,13,1,
2022-12-13,,Não informado,FINALIZADA,BOA VIAGEM,AV BOA VIAGEM,Não informado,EM FRENTE AO ED. SÃO SIMÃO,BOA VIAGEM,Não informado,COLISÃO TRASEIRA,Não informado,1.0,1.0,0.0,0.0,0.0,0.0,0.0,0.0,0.0,1.0,0.0,Longo da via,Bom,Sem defeito,Perfeito estado,Seca,Perfeito estado,Não existe,Não há placas,60.0,Única,Faixa seccionada,COM VÍTIMA,2022,12,13,1,
2022-12-14,,Não informado,FINALIZADA,ARRUDA,RUA DAS MOCAS,RUA EXP JAMIL DAGLI,PROX A PIZZARIA APLANTTICA,ARRUDA,Não informado,COLISÃO LATERAL,Não informado,1.0,1.0,0.0,0.0,0.0,0.0,0.0,0.0,0.0,1.0,0.0,Esquina,Bom,Não existe,Incompleta,Seca,Perfeito estado,Faixa de pedestre,Outras,60.0,Dupla,Não existe,COM VÍTIMA,2022,12,14,2,
2022-12-14,,Não informado,FINALIZADA,IMBIRIBEIRA,AV MARECHAL MASCARENHAS DE MORAES,Não informado,Não informado,IMBIRIBEIRA,Não informado,COLISÃO FRONTAL,Não informado,1.0,1.0,0.0,0.0,0.0,0.0,0.0,0.0,0.0,1.0,0.0,Cruzamento,Bom,Sem defeito,Perfeito estado,Seca,Perfeito estado,Faixa de retenção,Não há placas,60.0,Única,Canteiro central,COM VÍTIMA,2022,12,14,2,
2022-12-14,,Não informado,FINALIZADA,IPSEP,RUA ITANAGE,RUA BLUMENAU,EM FRENTE AO ODONTO UP,IPSEP,CIDADE,TOMBAMENTO,Não informado,1.0,1.0,0.0,0.0,0.0,0.0,0.0,0.0,0.0,1.0,0.0,Longo da via,Bom,Não existe,Perfeito estado,Seca,Perfeito estado,Não existe,Não há placas,40.0,Dupla,Faixa seccionada,COM VÍTIMA,2022,12,14,2,
2022-12-14,,Não informado,FINALIZADA,TEJIPIÓ,AV DR JOSE RUFINO,Não informado,LADO OPOSTO AO CARTORIO DE TEJIPIÓ,TEJIPIÓ,Não informado,COLISÃO LATERAL,Não informado,0.0,1.0,0.0,0.0,0.0,1.0,0.0,0.0,0.0,1.0,0.0,Longo da via,Bom,Sem defeito,Não existente,Seca,Perfeito estado,Faixa de retenção,Não há placas,50.0,Dupla,Faixa contínua,COM VÍTIMA,2022,12,14,2,
2022-12-14,,Não informado,FINALIZADA,TORRE,RUA LAGOA DO RANCHO,Não informado,PROXIMO A UPINHA DA TORRE,TORRE,Não informado,Não informado,Não informado,0.0,0.0,0.0,0.0,0.0,0.0,1.0,0.0,1.0,0.0,0.0,Longo da via,Bom,Não existe,Perfeito estado,Seca,Perfeito estado,Não existe,Não há placas,20.0,Dupla,Faixa seccionada,SEM VÍTIMA,2022,12,14,2,
2022-12-14,,Não informado,FINALIZADA,PINA,AV HERCULANO BANDEIRA,Não informado,EM FRENTE A OFICINA GUERRA MANUTENÇÃO AUTOMOTIVA,PINA,Não informado,QUEDA,Não informado,1.0,1.0,0.0,0.0,0.0,0.0,0.0,0.0,0.0,1.0,0.0,Não informado,Não informado,Não informado,Não informado,Não informado,Não informado,Não informado,Não informado,60.0,Não informado,Não informado,COM VÍTIMA,2022,12,14,2,
2022-12-14,,Não informado,FINALIZADA,SANTO ANTÔNIO,RUA PRIMEIRO DE MARCO,Não informado,PRAÇA DO DIÁRIO,SANTO ANTÔNIO,Não informado,ATROPELAMENTO DE PESSOA,Não informado,0.0,1.0,0.0,0.0,1.0,0.0,0.0,0.0,0.0,1.0,0.0,Longo da via,Bom,Sem defeito,Perfeito estado,Seca,Perfeito estado,Não existe,Não há placas,60.0,Única,Não existe,COM VÍTIMA,2022,12,14,2,
2022-12-15,,Não informado,FINALIZADA,SAN MARTIN,RUA DELMIRO GOUVEIA,Não informado,EM FRENTE À CHESF,SAN MARTIN,Não informado,COLISÃO LATERAL,Não informado,0.0,0.0,0.0,0.0,0.0,0.0,0.0,0.0,0.0,1.0,0.0,Longo da via,Bom,Sem defeito,Perfeito estado,Seca,Perfeito estado,Não existe,Não há placas,60.0,Dupla,Não existe,COM VÍTIMA,2022,12,15,3,
2022-12-15,,Não informado,FINALIZADA,BOA VIAGEM,RUA CAMBOIM,RUA DEZ DE JULHO,PROX. A ESTAÇÃO AEROPORTO,BOA VIAGEM,Não informado,COLISÃO LATERAL,Não informado,1.0,1.0,0.0,0.0,0.0,0.0,0.0,0.0,0.0,1.0,0.0,Cruzamento,Bom,Não existe,Perfeito estado,Seca,Perfeito estado,Faixa de pedestre,"Placas ""Pare""",30.0,Única,Faixa seccionada,COM VÍTIMA,2022,12,15,3,
2022-12-15,,Não informado,FINALIZADA,CASA AMARELA,RUA BELA VISTA,Não informado,EM FRENTE AO RESTAURANTE REI DA PICANHA,CASA AMARELA,Não informado,COLISÃO LATERAL,Não informado,0.0,1.0,0.0,0.0,0.0,0.0,1.0,0.0,0.0,1.0,0.0,Longo da via,Bom,Não informado,Perfeito estado,Seca,Perfeito estado,Não existe,Não há placas,60.0,Única,Não existe,COM VÍTIMA,2022,12,15,3,
2022-12-15,,Não informado,FINALIZADA,AFOGADOS,RUA VINTE E UM DE ABRIL,Não informado,CLUBE FERROVIÁRIO,AFOGADOS,Não informado,COLISÃO LATERAL,Não informado,1.0,1.0,0.0,0.0,0.0,0.0,0.0,0.0,0.0,1.0,0.0,Esquina,Bom,Não existe,Perfeito estado,Seca,Perfeito estado,Não existe,Outras,60.0,Dupla,Não informado,COM VÍTIMA,2022,12,15,3,
2022-12-15,,Não informado,FINALIZADA,PINA,AV ANTONIO DE GOES,Não informado,Não informado,PINA,Não informado,COLISÃO TRASEIRA,Não informado,1.0,1.0,0.0,0.0,0.0,0.0,0.0,0.0,0.0,1.0,0.0,Longo da via,Bom,Sem defeito,Perfeito estado,Seca,Perfeito estado,Agente,R-19,60.0,Única,Canteiro central,COM VÍTIMA,2022,12,15,3,
2022-12-15,,Não informado,FINALIZADA,MADALENA,RUA JOSE BONIFACIO,Não informado,MADALENA CENTER,MADALENA,Não informado,COLISÃO LATERAL,Não informado,1.0,1.0,0.0,0.0,0.0,0.0,0.0,0.0,0.0,1.0,0.0,Cruzamento,Bom,Não existe,Perfeito estado,Seca,Perfeito estado,Não existe,"Placas ""Pare""",60.0,Única,Faixa seccionada,COM VÍTIMA,2022,12,15,3,
2022-12-15,,Não informado,FINALIZADA,PINA,AV REPUBLICA DO LIBANO,Não informado,EM FRENTE AO RIO MAR ( ACESSO DA ENTRADA DO SHOPPING),PINA,Não informado,COLISÃO LATERAL,Não informado,1.0,1.0,0.0,0.0,0.0,0.0,0.0,0.0,0.0,0.0,0.0,Longo da via,Bom,Não existe,Perfeito estado,Seca,Perfeito estado,Não existe,Outras,60.0,Única,Não informado,SEM VÍTIMA,2022,12,15,3,
2022-12-15,,Não informado,FINALIZADA,APIPUCOS,AV DEZESSETE DE AGOSTO,Não informado,PROX AO SEMÁFORO 540,APIPUCOS,CIDADE,COLISÃO FRONTAL,Não informado,1.0,1.0,0.0,0.0,0.0,0.0,0.0,0.0,0.0,1.0,0.0,Longo da via,Bom,Sem defeito,Ilegível,Seca,Mal conservada,Faixa de retenção,Não há placas,60.0,Dupla,Faixa contínua,COM VÍTIMA,2022,12,15,3,
2022-12-15,,Não informado,CANCELADA,TEJIPIÓ,RUA FALCAO DE LACERDA,RUA JOAO PAULO II,OCORRENCIA COM VITIMA,TEJIPIÓ,Não informado,COLISÃO TRANSVERSAL,Não informado,1.0,0.0,0.0,0.0,0.0,0.0,0.0,0.0,0.0,0.0,0.0,Não informado,Não informado,Não informado,Não informado,Não informado,Não informado,Não informado,Não informado,60.0,Não informado,Não informado,SEM VÍTIMA,2022,12,15,3,
2022-12-15,,Não informado,FINALIZADA,IPUTINGA,RUA LEAL DE BARROS,Não informado,E/F AO COLEGIO EXPOENTE,IPUTINGA,Não informado,COLISÃO FRONTAL,Não informado,1.0,1.0,0.0,0.0,0.0,0.0,0.0,0.0,0.0,1.0,0.0,Cruzamento,Bom,Não existe,Perfeito estado,Seca,Perfeito estado,Não existe,"Placas ""Pare""",60.0,Dupla,Faixa seccionada,COM VÍTIMA,2022,12,15,3,
2022-12-15,,Não informado,CANCELADA,NOVA DESCOBERTA,RUA NOVA DESCOBERTA,Não informado,EM FRENTE AO SUPERMERCADO MEU ATACAREJO,NOVA DESCOBERTA,Não informado,COLISÃO FRONTAL,Não informado,1.0,1.0,0.0,0.0,0.0,0.0,0.0,0.0,0.0,1.0,0.0,Não informado,Não informado,Não informado,Não informado,Não informado,Não informado,Não informado,Não informado,60.0,Não informado,Não informado,COM VÍTIMA,2022,12,15,3,
2022-12-16,,Não informado,FINALIZADA,SANTO AMARO,RUA TREZE DE MAIO,Não informado,EM FRENTE A ANTIGA GARAGEM DA CTU,SANTO AMARO,Não informado,COLISÃO TRANSVERSAL,Não informado,1.0,0.0,0.0,0.0,0.0,1.0,0.0,0.0,0.0,3.0,0.0,Longo da via,Bom,Sem defeito,Perfeito estado,Seca,Perfeito estado,Faixa de retenção,R-6a,60.0,Dupla,Canteiro central,COM VÍTIMA,2022,12,16,4,
2022-12-16,,Não informado,FINALIZADA,PARNAMIRIM,AV PARNAMIRIM,RUA TITO ROSAS,AO LADO  MCDONALDS,PARNAMIRIM,CIDADE,COLISÃO TRASEIRA,Não informado,1.0,0.0,0.0,0.0,0.0,0.0,0.0,1.0,0.0,0.0,0.0,Cruzamento,Bom,Sem defeito,Perfeito estado,Seca,Perfeito estado,Faixa de pedestre,R-6a,60.0,Única,Faixa contínua,SEM VÍTIMA,2022,12,16,4,
2022-12-16,,Não informado,FINALIZADA,VÁRZEA,AV CAXANGA,Não informado,EM FRENTE AO GOLF CLUBE E DISTRIBUIDORA NOVA,VÁRZEA,Não informado,QUEDA,Não informado,0.0,1.0,0.0,0.0,0.0,0.0,0.0,0.0,0.0,1.0,0.0,Longo da via,Bom,Não existe,Ilegível,Molhada,Não informado,Não existe,R-19,60.0,Dupla,Canteiro central,COM VÍTIMA,2022,12,16,4,
2022-12-16,,Não informado,FINALIZADA,APIPUCOS,RUA DOIS IRMAOS,Não informado,EM FRENTE AO 11ºBPM,APIPUCOS,Não informado,COLISÃO LATERAL,Não informado,1.0,1.0,0.0,0.0,0.0,0.0,0.0,0.0,0.0,1.0,0.0,Esquina,Bom,Sem defeito,Perfeito estado,Seca,Perfeito estado,Outros,Outras,60.0,Dupla,Faixa,COM VÍTIMA,2022,12,16,4,
2022-12-16,,Não informado,FINALIZADA,IPSEP,RUA JEAN EMILE FAVRE,Não informado,SCB - MATERIAIS ELETRICOS,IPSEP,Não informado,ATROPELAMENTO DE PESSOA,Não informado,0.0,1.0,0.0,0.0,1.0,0.0,0.0,0.0,0.0,1.0,0.0,Longo da via,Bom,Não existe,Não informado,Seca,Perfeito estado,Não existe,R-6a,30.0,Dupla,Outros,COM VÍTIMA,2022,12,16,4,
2022-12-16,,Não informado,FINALIZADA,CAMPO GRANDE,AV GOVERNADOR AGAMENON MAGALHAES,Não informado,SOB VIADUTO AV. NORTE,CAMPO GRANDE,SUBURBIO,Não informado,Não informado,1.0,0.0,0.0,0.0,0.0,0.0,0.0,1.0,0.0,0.0,0.0,Longo da via,Bom,Não existe,Não existente,Seca,Perfeito estado,Não existe,Não há placas,60.0,Única,Não existe,SEM VÍTIMA,2022,12,16,4,
2022-12-16,,Não informado,FINALIZADA,MADALENA,RUA MENEZES DRUMOND,Não informado,NA FRENTE DO EDIFICIO PRINCE,MADALENA,Não informado,COLISÃO FRONTAL,Não informado,1.0,1.0,0.0,0.0,0.0,0.0,0.0,0.0,0.0,1.0,0.0,Cruzamento,Bom,Não existe,Perfeito estado,Seca,Perfeito estado,Faixa de pedestre,"Placas ""Pare""",60.0,Dupla,Não existe,COM VÍTIMA,2022,12,16,4,
2022-12-16,,Não informado,CANCELADA,PARNAMIRIM,RUA TITO ROSAS,Não informado,MC DONALDS,PARNAMIRIM,Não informado,COLISÃO FRONTAL,Não informado,0.0,2.0,0.0,0.0,0.0,0.0,0.0,0.0,0.0,2.0,0.0,Não informado,Não informado,Não informado,Não informado,Não informado,Não informado,Não informado,Não informado,60.0,Não informado,Não informado,COM VÍTIMA,2022,12,16,4,
2022-12-16,,Não informado,FINALIZADA,BOA VIAGEM,AV ENGENHEIRO DOMINGOS FERREIRA,Não informado,AO LADO DO CARREFOUR,BOA VIAGEM,Não informado,COLISÃO FRONTAL,Não informado,1.0,1.0,0.0,0.0,0.0,0.0,0.0,0.0,0.0,1.0,0.0,Longo da via,Bom,Não existe,Perfeito estado,Seca,Perfeito estado,Não existe,Não há placas,60.0,Dupla,Canteiro central,COM VÍTIMA,2022,12,16,4,
2022-12-16,,Não informado,FINALIZADA,BOA VISTA,RUA HENRIQUE DIAS,Não informado,HOTEL DAS FRONTEIRAS,BOA VISTA,CIDADE,CHOQUE,Não informado,1.0,0.0,0.0,0.0,0.0,0.0,1.0,0.0,0.0,0.0,0.0,Longo da via,Bom,Não existe,Perfeito estado,Seca,Perfeito estado,Não existe,R-6a,60.0,Única,Faixa seccionada,SEM VÍTIMA,2022,12,16,4,
2022-12-17,,Não informado,FINALIZADA,ÁGUA FRIA,AV BEBERIBE,Não informado,EM FRENTE AO MERCADO DE AGUA FRIA,ÁGUA FRIA,Não informado,COLISÃO TRANSVERSAL,Não informado,0.0,2.0,0.0,0.0,0.0,0.0,0.0,0.0,0.0,2.0,0.0,Longo da via,Bom,Não existe,Ilegível,Seca,Mal conservada,Não existe,"Placas ""Pare""",30.0,Dupla,Outros,COM VÍTIMA,2022,12,17,5,
2022-12-17,,Não informado,FINALIZADA,AFOGADOS,RUA VINTE E UM DE ABRIL,Não informado,PRÓX. À MASTERBOI,AFOGADOS,Não informado,COLISÃO COM CICLISTA,Não informado,1.0,0.0,0.0,1.0,0.0,0.0,0.0,0.0,0.0,1.0,0.0,Longo da via,Bom,Sem defeito,Perfeito estado,Seca,Perfeito estado,Faixa de pedestre,Não há placas,60.0,Única,Não existe,COM VÍTIMA,2022,12,17,5,
2022-12-17,,Não informado,FINALIZADA,CASA AMARELA,RUA DA HARMONIA,Não informado,APÓS O MARTELINHO DE OURO / PRÓX. À AD CLINIC,CASA AMARELA,Não informado,COLISÃO FRONTAL,Não informado,1.0,1.0,0.0,0.0,0.0,0.0,0.0,0.0,0.0,1.0,0.0,Cruzamento,Bom,Não existe,Perfeito estado,Seca,Perfeito estado,Não existe,Outras,30.0,Dupla,Faixa seccionada,COM VÍTIMA,2022,12,17,5,
2022-12-17,,Não informado,FINALIZADA,DERBY,AV GOVERNADOR AGAMENON MAGALHAES,Não informado,"EM FRENTE A PRAÇA DO DERBY, EM FRENTE A CLINICA ALTERNATIVA / SENTIDO OLINDA",DERBY,Não informado,QUEDA,Não informado,0.0,1.0,0.0,0.0,0.0,0.0,0.0,0.0,0.0,2.0,0.0,Longo da via,Bom,Não existe,Perfeito estado,Seca,Mal conservada,Não existe,Outras,60.0,Única,Faixa seccionada,COM VÍTIMA,2022,12,17,5,
2022-12-17,,Não informado,FINALIZADA,SÃO JOSÉ,RUA IMPERIAL,RUA BOM SUCESSO,COLISAO SOBE  O VIADUTO PAPA JOAO PAULO II (VIA DUTO JOANA BEZERA),SÃO JOSÉ,SUBURBIO,COLISÃO FRONTAL,Não informado,1.0,1.0,0.0,0.0,0.0,0.0,0.0,0.0,0.0,1.0,0.0,Cruzamento,Bom,Não existe,Incompleta,Seca,Perfeito estado,Não existe,R-6a,60.0,Única,Faixa seccionada,COM VÍTIMA,2022,12,17,5,
2022-12-17,,Não informado,FINALIZADA,SAN MARTIN,RUA COMENDADOR JOSE VITA,RUA MOSSORO,PROX AO BAR SAN BOTEQUIM,SAN MARTIN,Não informado,COLISÃO LATERAL,Não informado,1.0,1.0,0.0,0.0,0.0,0.0,0.0,0.0,0.0,1.0,0.0,Cruzamento,Bom,Não existe,Não existente,Seca,Perfeito estado,Não existe,Não há placas,30.0,Dupla,Não existe,COM VÍTIMA,2022,12,17,5,
2022-12-17,,Não informado,FINALIZADA,ÁGUA FRIA,RUA DR PEREIRA DA SILVA,Não informado,NA RUA DO ITALIANO BEBEIDAS,ÁGUA FRIA,Não informado,COLISÃO TRASEIRA,Não informado,1.0,0.0,0.0,0.0,0.0,0.0,1.0,0.0,0.0,0.0,0.0,Não informado,Não informado,Não informado,Não informado,Não informado,Não informado,Não informado,Não informado,60.0,Não informado,Não informado,SEM VÍTIMA,2022,12,17,5,
2022-12-17,,Não informado,FINALIZADA,VASCO DA GAMA,RUA VASCO DA GAMA,Não informado,NA SUBIDA DO VASCO DA GAMA PROXIMO A  NOVA DESCOBERTA,VASCO DA GAMA,Não informado,COLISÃO FRONTAL,Não informado,1.0,1.0,0.0,0.0,0.0,0.0,0.0,0.0,0.0,2.0,0.0,Não informado,Não informado,Não informado,Não informado,Não informado,Não informado,Não informado,Não informado,60.0,Não informado,Não informado,COM VÍTIMA,2022,12,17,5,
2022-12-18,,Não informado,FINALIZADA,SÃO JOSÉ,RUA IMPERIAL,Não informado,SEMAFORO 511,SÃO JOSÉ,SUBURBIO,Não informado,Não informado,1.0,1.0,0.0,0.0,0.0,0.0,0.0,0.0,0.0,1.0,0.0,Cruzamento,Bom,Sem defeito,Perfeito estado,Seca,Perfeito estado,Faixa de pedestre,Não há placas,60.0,Única,Faixa seccionada,COM VÍTIMA,2022,12,18,6,
2022-12-18,,Não informado,FINALIZADA,BOA VIAGEM,RUA DES JOAO PAES,Não informado,EM FRENTE AO MASCOTE PET CENTER,BOA VIAGEM,Não informado,COLISÃO LATERAL,Não informado,1.0,1.0,0.0,0.0,0.0,0.0,0.0,0.0,0.0,1.0,0.0,Cruzamento,Bom,Não existe,Perfeito estado,Seca,Perfeito estado,Faixa de pedestre,"Placas ""Pare""",60.0,Única,Não existe,COM VÍTIMA,2022,12,18,6,
2022-12-18,,Não informado,FINALIZADA,MADALENA,RUA DEMOCRITO DE SOUZA FILHO,Não informado,NA FRENTE DO EDIFICIO BOSQUE DE BOULOGNE,MADALENA,Não informado,COLISÃO LATERAL,Não informado,1.0,1.0,0.0,0.0,0.0,0.0,0.0,0.0,0.0,1.0,0.0,Cruzamento,Bom,Não existe,Perfeito estado,Seca,Perfeito estado,Não existe,Não há placas,30.0,Única,Não existe,COM VÍTIMA,2022,12,18,6,
2022-12-19,,Não informado,FINALIZADA,SANTO AMARO,AV GOVERNADOR AGAMENON MAGALHAES,Não informado,"APOS O CIRCULO MILITAR, NA SUBIDA DO VIADUTO SENT. OLINDA",SANTO AMARO,SUBURBIO,COLISÃO TRASEIRA,Não informado,1.0,1.0,0.0,0.0,0.0,0.0,0.0,0.0,0.0,2.0,0.0,Longo da via,Bom,Não existe,Perfeito estado,Seca,Perfeito estado,Não existe,Não há placas,60.0,Dupla,Faixa contínua,COM VÍTIMA,2022,12,19,0,
2022-12-19,,Não informado,FINALIZADA,SANTO ANTÔNIO,RUA IMPERADOR PEDRO SEGUNDO,RUA PRIMEIRO DE MARCO,ESQUINA COM A PRIMEIDO DE MARÇO,SANTO ANTÔNIO,CIDADE,QUEDA,Não informado,0.0,1.0,0.0,0.0,0.0,0.0,0.0,0.0,0.0,1.0,0.0,Cruzamento,Bom,Sem defeito,Perfeito estado,Oleosa,Perfeito estado,Faixa de pedestre,Não há placas,40.0,Única,Faixa seccionada,COM VÍTIMA,2022,12,19,0,
2022-12-19,,Não informado,FINALIZADA,MADALENA,AV VISCONDE DE ALBUQUERQUE,Não informado,EM FRENTE AO Nº 137,MADALENA,CIDADE,COLISÃO TRASEIRA,Não informado,0.0,0.0,0.0,0.0,0.0,1.0,0.0,1.0,0.0,0.0,0.0,Longo da via,Bom,Não existe,Perfeito estado,Seca,Perfeito estado,Não existe,Outras,60.0,Única,Faixa seccionada,SEM VÍTIMA,2022,12,19,0,