data,hora,natureza_acidente,situacao,bairro,endereco,detalhe_endereco_acidente,complemento,bairro_cruzamento,sentido_via,tipo,descricao,auto,moto,ciclom,ciclista,pedestre,onibus,caminhao,viatura,outros,vitimas,vitimasfatais,acidente_verificado,tempo_clima,situacao_semaforo,sinalizacao,condicao_via,conservacao_via,ponto_controle,situacao_placa,velocidade_max_via,mao_direcao,divisao_via1,natureza,ano,mes,dia,dia_semana,hora_ocorrencia
2022-12-19,,Não informado,FINALIZADA,TORRE,RUA JOSE BONIFACIO,RUA MARCOS ANDRE,EM FRENTE AO CARREFOUR,TORRE,SUBURBIO,COLISÃO LATERAL,Não informado,1.0,1.0,0.0,0.0,0.0,0.0,0.0,0.0,0.0,1.0,0.0,Longo da via,Bom,Sem defeito,Perfeito estado,Seca,Perfeito estado,Não existe,R-6a,60.0,Dupla,Faixa seccionada,COM VÍTIMA,2022,12,19,0,
2022-12-19,,Não informado,FINALIZADA,CASA AMARELA,RUA CONS NABUCO,RUA ANTONIO DE CASTRO,PRÓXIMO AO BOMPREÇO,CASA AMARELA,CIDADE,COLISÃO LATERAL,Não informado,1.0,1.0,0.0,0.0,0.0,0.0,0.0,0.0,0.0,2.0,0.0,Longo da via,Bom,Não existe,Perfeito estado,Seca,Perfeito estado,Não informado,R-6a,60.0,Dupla,Não existe,COM VÍTIMA,2022,12,19,0,
2022-12-19,,Não informado,FINALIZADA,CASA AMARELA,AV NORTE MIGUEL ARRAES DE ALENCAR,Não informado,LADO OPOSTO AO NÚMERO 5623 PRÓXIMO A ASSOCIAÇÃO DAS COSTUREIRAS DE CASA AMARAELA,CASA AMARELA,CIDADE,COLISÃO LATERAL,Não informado,1.0,1.0,0.0,0.0,0.0,0.0,0.0,0.0,0.0,1.0,0.0,Longo da via,Bom,Não existe,Perfeito estado,Seca,Perfeito estado,Não existe,Não há placas,60.0,Dupla,Canteiro central,COM VÍTIMA,2022,12,19,0,
2022-11-30,,Não informado,FINALIZADA,DERBY,AV GOVERNADOR AGAMENON MAGALHAES,Não informado,SOB O SEMÁFORO,DERBY,OLINDA,COLISÃO TRASEIRA,Não informado,0.0,2.0,0.0,0.0,0.0,0.0,0.0,0.0,0.0,1.0,0.0,Longo da via,Chuvoso,Sem defeito,Perfeito estado,Molhada,Perfeito estado,Agente,Não informado,60.0,Única,Faixa contínua,COM VÍTIMA,2022,11,30,2,
2022-12-02,,Não informado,FINALIZADA,BOA VIAGEM,AVENIDA CELSO FURTADO (VIA MANGUE),Não informado,"DESCIDA DO VIADUTO,  19 BPM",BOA VIAGEM,CIDADE,ATROPELAMENTO DE PESSOA,Não informado,1.0,0.0,0.0,0.0,2.0,0.0,0.0,0.0,0.0,2.0,0.0,Viaduto,Bom,Não existe,Perfeito estado,Seca,Perfeito estado,Não existe,Não há placas,60.0,Única,Não existe,COM VÍTIMA,2022,12,2,4,
2022-12-03,,Não informado,FINALIZADA,AFOGADOS,RUA SANTOS ARAUJO,Não informado,PADRE CÍCERO AUTOPEÇAS,AFOGADOS,CIDADE,COLISÃO LATERAL,Não informado,0.0,1.0,0.0,0.0,0.0,0.0,0.0,0.0,0.0,1.0,0.0,Longo da via,Bom,Sem defeito,Perfeito estado,Seca,Perfeito estado,Agente,Outras,60.0,Única,Faixa seccionada,COM VÍTIMA,2022,12,3,5,
2022-12-19,,Não informado,FINALIZADA,CORDEIRO,RUA GOMES TABORDA,RUA FREI TEOFILO DE VIRGOLETTA,PROX DESMOTO PEÇAS E ASSESSÓRIO,CORDEIRO,CIDADE,COLISÃO LATERAL,Não informado,0.0,1.0,0.0,0.0,0.0,0.0,0.0,0.0,1.0,1.0,0.0,Esquina,Bom,Não existe,Não existente,Seca,Mal conservada,Não existe,Não há placas,60.0,Dupla,Não existe,COM VÍTIMA,2022,12,19,0,
2022-12-19,,Não informado,CANCELADA,PRADO,RUA CARLOS GOMES,Não informado,PROX AO POSTO DE SAUDE ROMERO MARQUES,PRADO,Não informado,COLISÃO LATERAL,Não informado,1.0,1.0,0.0,0.0,0.0,0.0,0.0,0.0,0.0,1.0,0.0,Não informado,Não informado,Não informado,Não informado,Não informado,Não informado,Não informado,Não informado,60.0,Não informado,Não informado,COM VÍTIMA,2022,12,19,0,
2022-12-19,,Não informado,FINALIZADA,ILHA DO LEITE,AV LINS PETIT,Não informado,NA FRENTE DO HOSPITAL HGMI,ILHA DO LEITE,SUBURBIO,COLISÃO LATERAL,Não informado,1.0,1.0,0.0,0.0,0.0,0.0,0.0,0.0,0.0,1.0,0.0,Longo da via,Bom,Não existe,Não existente,Seca,Perfeito estado,Não existe,Outras,40.0,Única,Não existe,COM VÍTIMA,2022,12,19,0,
2022-12-19,,Não informado,FINALIZADA,IPUTINGA,AV MAURICIO DE NASSAU,AV PROFESSOR JOAQUIM CAVALCANTI,Não informado,IPUTINGA,CIDADE,Não informado,Não informado,1.0,0.0,0.0,0.0,0.0,0.0,1.0,0.0,0.0,0.0,0.0,Outros,Bom,Não existe,Perfeito estado,Seca,Perfeito estado,Não existe,Outras,60.0,Dupla,Não informado,SEM VÍTIMA,2022,12,19,0,
2022-12-19,,Não informado,FINALIZADA,TORRE,RUA REAL DA TORRE,RUA CONDE DE IRAJA,AO LADO DO EXTRA,TORRE,SUBURBIO,COLISÃO FRONTAL,Não informado,1.0,1.0,0.0,0.0,0.0,0.0,0.0,1.0,0.0,0.0,0.0,Longo da via,Bom,Sem defeito,Perfeito estado,Seca,Perfeito estado,Faixa de pedestre,Não informado,60.0,Única,Não informado,SEM VÍTIMA,2022,12,19,0,
2022-12-19,,Não informado,FINALIZADA,ILHA JOANA BEZERRA,AV BEIRA RIO,Não informado,PRÓXIMO AO FORUM / ACADEMIA DA CIDADE,ILHA JOANA BEZERRA,SUBURBIO,COLISÃO LATERAL,Não informado,1.0,1.0,0.0,0.0,0.0,0.0,0.0,0.0,0.0,1.0,0.0,Longo da via,Bom,Não existe,Perfeito estado,Seca,Perfeito estado,Não existe,R-6a,60.0,Dupla,Faixa contínua,COM VÍTIMA,2022,12,19,0,
2022-12-19,,Não informado,FINALIZADA,BOA VIAGEM,RUA DR GASPAR REGUEIRA COSTA,Não informado,"RUA ""E 3"", PRÓXIMO A LOJA C&A / ESTACIONAMENTO DO SHOPPING RECIFE",BOA VIAGEM,Não informado,COLISÃO LATERAL,Não informado,2.0,0.0,0.0,0.0,0.0,0.0,0.0,0.0,0.0,0.0,0.0,Não informado,Não informado,Não informado,Não informado,Não informado,Não informado,Não informado,Não informado,60.0,Não informado,Não informado,SEM VÍTIMA,2022,12,19,0,
2022-12-19,,Não informado,FINALIZADA,SAN MARTIN,AV CONSUL VILARES FRAGOSO,RUA OUREM,COM A RUA ORÉM,SAN MARTIN,CIDADE,COLISÃO LATERAL,Não informado,1.0,1.0,0.0,0.0,0.0,0.0,0.0,0.0,0.0,2.0,0.0,Esquina,Bom,Não existe,Perfeito estado,Seca,Perfeito estado,Não existe,Não há placas,60.0,Dupla,Não existe,COM VÍTIMA,2022,12,19,0,
2022-12-19,,Não informado,FINALIZADA,CAMPO GRANDE,RUA ODORICO MENDES,RUA VISCONDE DE CAIRU,"COM A RUA VISCONDE DE CAIRÚ, APOIS O CLUBE DAS PAZ",CAMPO GRANDE,Não informado,COLISÃO LATERAL,Não informado,1.0,1.0,0.0,0.0,0.0,0.0,0.0,0.0,0.0,2.0,0.0,Cruzamento,Bom,Não existe,Perfeito estado,Seca,Perfeito estado,Não existe,R-1,60.0,Dupla,Não existe,COM VÍTIMA,2022,12,19,0,
2022-12-20,,Não informado,CANCELADA,BOA VIAGEM,AV ENGENHEIRO DOMINGOS FERREIRA,Não informado,EM FRENTE A CARRILHO VEÍCULOS,BOA VIAGEM,Não informado,CHOQUE,Não informado,1.0,0.0,0.0,0.0,0.0,0.0,0.0,0.0,0.0,0.0,0.0,Não informado,Não informado,Não informado,Não informado,Não informado,Não informado,Não informado,Não informado,60.0,Não informado,Não informado,SEM VÍTIMA,2022,12,20,1,
2022-12-20,,Não informado,FINALIZADA,JARDIM SÃO PAULO,RUA OSORIO BORBA,AV SAO PAULO,ENFRENTE AO MERCADINHO RENDE MAIS,JARDIM SÃO PAULO,CIDADE,ATROPELAMENTO DE PESSOA,Não informado,1.0,0.0,0.0,0.0,1.0,0.0,0.0,0.0,0.0,1.0,0.0,Cruzamento,Bom,Não existe,Incompleta,Seca,Perfeito estado,Não existe,R-6c,30.0,Única,Não existe,COM VÍTIMA,2022,12,20,1,
2022-12-20,,Não informado,FINALIZADA,SAN MARTIN,AV ENGENHEIRO ABDIAS DE CARVALHO,Não informado,PROXIMO AO COMPAZ DA ABDIAS DE CARVALHO,SAN MARTIN,CIDADE,COLISÃO LATERAL,Não informado,1.0,1.0,0.0,0.0,0.0,0.0,0.0,0.0,0.0,2.0,0.0,Longo da via,Bom,Sem defeito,Perfeito estado,Seca,Perfeito estado,Não existe,Não há placas,60.0,Dupla,Faixa contínua,COM VÍTIMA,2022,12,20,1,
2022-12-20,,Não informado,FINALIZADA,CAXANGÁ,AV CAXANGA,Não informado,UNISSAU / HABITACIONAL MARCOS FREIRE,CAXANGÁ,SUBURBIO,COLISÃO LATERAL,Não informado,0.0,1.0,0.0,0.0,0.0,0.0,1.0,0.0,0.0,1.0,0.0,Longo da via,Bom,Sem defeito,Ilegível,Seca,Perfeito estado,Não informado,Não há placas,60.0,Dupla,Canteiro central,COM VÍTIMA,2022,12,20,1,
2022-12-20,,Não informado,FINALIZADA,CASA AMARELA,RUA CONS PERETTI,RUA OSCAR DE BARROS,PRÓX. AO DISTRITO SANITÁRIO III,CASA AMARELA,SUBURBIO,COLISÃO LATERAL,Não informado,1.0,0.0,0.0,0.0,0.0,0.0,1.0,0.0,0.0,1.0,0.0,Cruzamento,Bom,Não existe,Perfeito estado,Seca,Perfeito estado,Faixa de pedestre,"Placas ""Pare""",60.0,Única,Faixa contínua,COM VÍTIMA,2022,12,20,1,
2022-12-20,,Não informado,FINALIZADA,COELHOS,RUA DOS COELHOS,Não informado,EM FRENTE AO Nº 186,COELHOS,SUBURBIO,Não informado,Não informado,2.0,0.0,0.0,0.0,0.0,0.0,0.0,0.0,0.0,0.0,0.0,Longo da via,Bom,Não existe,Perfeito estado,Seca,Perfeito estado,Não existe,Não há placas,60.0,Única,Não existe,SEM VÍTIMA,2022,12,20,1,
2022-12-20,,Não informado,FINALIZADA,AREIAS,AV DR JOSE RUFINO,Não informado,EM FRENTE A ESCOLA PRESIDENTE HUMBERTO CASTELO BRANCO,AREIAS,CIDADE,COLISÃO LATERAL,Não informado,1.0,1.0,0.0,0.0,0.0,0.0,0.0,0.0,0.0,1.0,0.0,Longo da via,Bom,Sem defeito,Perfeito estado,Seca,Perfeito estado,Faixa de pedestre,Não há placas,40.0,Dupla,Faixa contínua,COM VÍTIMA,2022,12,20,1,
2022-12-20,,Não informado,FINALIZADA,BOA VIAGEM,RUA BRUNO VELOSO,Não informado,EM FRENTE ACADEMIA BODY TECH/ NA ENTRADA DO SHOPPING RECIFE,BOA VIAGEM,SUBURBIO,ATROPELAMENTO DE PESSOA,Não informado,1.0,0.0,0.0,0.0,1.0,0.0,0.0,0.0,0.0,1.0,0.0,Longo da via,Bom,Não existe,Perfeito estado,Seca,Perfeito estado,Faixa de pedestre,R-6a,60.0,Única,Não existe,COM VÍTIMA,2022,12,20,1,
2022-12-16,,Não informado,FINALIZADA,SANTO AMARO,AV CRUZ CABUGA,Não informado,Não informado,SANTO AMARO,SUBURBIO,ATROPELAMENTO DE PESSOA,Não informado,1.0,0.0,0.0,0.0,1.0,0.0,0.0,0.0,0.0,1.0,0.0,Longo da via,Bom,Sem defeito,Perfeito estado,Seca,Perfeito estado,Faixa de pedestre,Não há placas,40.0,Dupla,Não informado,COM VÍTIMA,2022,12,16,4,
2022-12-20,,Não informado,FINALIZADA,CASA AMARELA,RUA BELA VISTA,RUA ENGENHEIRO DOMBER,EM FRENTE AO Nº 212,CASA AMARELA,SUBURBIO,COLISÃO TRANSVERSAL,Não informado,1.0,0.0,0.0,0.0,0.0,1.0,0.0,0.0,0.0,0.0,0.0,Cruzamento,Bom,Não existe,Incompleta,Seca,Perfeito estado,Não existe,Não há placas,60.0,Dupla,Faixa seccionada,SEM VÍTIMA,2022,12,20,1,
2022-12-20,,Não informado,FINALIZADA,SÃO JOSÉ,RUA SANTA RITA,Não informado,PROX A TORRE DE GEMEAS,SÃO JOSÉ,CIDADE,QUEDA,Não informado,0.0,1.0,0.0,0.0,0.0,0.0,0.0,0.0,0.0,1.0,0.0,Longo da via,Bom,Sem defeito,Perfeito estado,Seca,Perfeito estado,Não existe,Não informado,60.0,Dupla,Faixa seccionada,COM VÍTIMA,2022,12,20,1,
2022-12-20,,Não informado,FINALIZADA,ESTÂNCIA,AV ESTANCIA,RUA MORAIS E SILVA,PROX A ESTAÇAO SANTA LUZIA,ESTÂNCIA,Não informado,COLISÃO LATERAL,Não informado,1.0,1.0,0.0,0.0,0.0,0.0,0.0,0.0,0.0,1.0,0.0,Não informado,Não informado,Não informado,Não informado,Não informado,Não informado,Não informado,Não informado,60.0,Não informado,Não informado,COM VÍTIMA,2022,12,20,1,
2022-12-20,,Não informado,FINALIZADA,SANCHO,RUA DO SANCHO,RUA APRIGIO GUIMARAES,AO LADO DA IGREJA SALÃO DO REINO DAS TESTEMUNHA DE JEOVA,SANCHO,Não informado,COLISÃO TRASEIRA,Não informado,2.0,0.0,0.0,0.0,0.0,0.0,0.0,0.0,0.0,1.0,0.0,Longo da via,Bom,Não existe,Não existente,Seca,Perfeito estado,Não existe,Não há placas,60.0,Dupla,Não existe,COM VÍTIMA,2022,12,20,1,
2022-12-20,,Não informado,CANCELADA,PORTO DA MADEIRA,RUA NOVA ESPERANCA,RUA DR TRINDADE HENRIQUE,(RUA VILA NOVA ESPERANÇA) PRÓXIMO AO SEST SENAT,PORTO DA MADEIRA,Não informado,COLISÃO FRONTAL,Não informado,0.0,0.0,0.0,0.0,0.0,0.0,0.0,0.0,0.0,0.0,0.0,Não informado,Não informado,Não informado,Não informado,Não informado,Não informado,Não informado,Não informado,60.0,Não informado,Não informado,SEM VÍTIMA,2022,12,20,1,
2022-12-20,,Não informado,FINALIZADA,VASCO DA GAMA,RUA VASCO DA GAMA,Não informado,SUBIDA DO VISGUEIRO,VASCO DA GAMA,Não informado,ATROPELAMENTO DE PESSOA,Não informado,0.0,0.0,0.0,0.0,1.0,1.0,0.0,0.0,0.0,1.0,0.0,Longo da via,Bom,Não existe,Não existente,Seca,Perfeito estado,Não existe,Não há placas,60.0,Dupla,Não existe,COM VÍTIMA,2022,12,20,1,
2022-12-21,,Não informado,FINALIZADA,PRADO,AV ENGENHEIRO ABDIAS DE CARVALHO,RUA JOAO IVO DA SILVA,PRÓXIMO AO HABIBBS,PRADO,SUBURBIO,COLISÃO FRONTAL,Não informado,0.0,1.0,0.0,0.0,0.0,0.0,1.0,0.0,0.0,1.0,0.0,Cruzamento,Bom,Sem defeito,Perfeito estado,Seca,Perfeito estado,Faixa de pedestre,Não há placas,60.0,Dupla,Faixa contínua,COM VÍTIMA,2022,12,21,2,
2022-12-21,,Não informado,FINALIZADA,CAMPO GRANDE,EST DE BELEM,RUA TENENTE FORTUNA,Não informado,CAMPO GRANDE,Não informado,COLISÃO TRANSVERSAL,Não informado,1.0,1.0,0.0,0.0,0.0,0.0,0.0,0.0,0.0,1.0,0.0,Não informado,Não informado,Não informado,Não informado,Não informado,Não informado,Não informado,Não informado,60.0,Não informado,Não informado,COM VÍTIMA,2022,12,21,2,
2022-12-21,,Não informado,FINALIZADA,IPUTINGA,RUA RIBEIRO PESSOA,AV CAXANGA,AO LADO DA UPA,IPUTINGA,CIDADE,COLISÃO FRONTAL,Não informado,2.0,1.0,0.0,0.0,0.0,0.0,0.0,0.0,0.0,1.0,0.0,Cruzamento,Bom,Sem defeito,Perfeito estado,Seca,Perfeito estado,Agente,Outras,60.0,Única,Não existe,COM VÍTIMA,2022,12,21,2,
2022-12-21,,Não informado,FINALIZADA,CORDEIRO,RUA SOUZA BANDEIRA,Não informado,PROX A FARMACIA DROGASIL,CORDEIRO,CIDADE,COLISÃO COM CICLISTA,Não informado,1.0,0.0,0.0,1.0,0.0,0.0,0.0,0.0,0.0,1.0,0.0,Longo da via,Bom,Não existe,Perfeito estado,Seca,Perfeito estado,Não existe,Outras,60.0,Única,Faixa seccionada,COM VÍTIMA,2022,12,21,2,
2022-12-21,,Não informado,FINALIZADA,SAN MARTIN,AV JOAO CABRAL DE MELO NETO,Não informado,NA PONTE APÓS A ROTATORIA SENTIDO AV. RECIFE,SAN MARTIN,CIDADE,ATROPELAMENTO DE PESSOA,Não informado,1.0,0.0,0.0,0.0,1.0,0.0,0.0,0.0,0.0,1.0,0.0,Ponte,Bom,Não existe,Não existente,Seca,Perfeito estado,Não existe,Não há placas,60.0,Dupla,Canteiro central,COM VÍTIMA,2022,12,21,2,
2022-12-21,,Não informado,FINALIZADA,TORRE,RUA JOSE BONIFACIO,Não informado,ESTACIONAMENTO DO CARREFOUR,TORRE,Não informado,COLISÃO FRONTAL,Não informado,1.0,1.0,0.0,0.0,0.0,0.0,0.0,0.0,0.0,1.0,0.0,Outros,Bom,Não informado,Perfeito estado,Seca,Perfeito estado,Não existe,Não há placas,60.0,Única,Faixa seccionada,COM VÍTIMA,2022,12,21,2,
2022-12-21,,Não informado,FINALIZADA,ESPINHEIRO,RUA MARQUES DO PARANA,RUA ALFREDO DE CARVALHO,PROXIMO A SIMONE BARROS E AO MARTELINHO DE OURO,ESPINHEIRO,CIDADE,COLISÃO LATERAL,Não informado,1.0,1.0,0.0,0.0,0.0,0.0,0.0,0.0,0.0,1.0,0.0,Cruzamento,Bom,Não existe,Perfeito estado,Seca,Perfeito estado,Faixa de retenção,"Placas ""Pare""",30.0,Única,Não existe,COM VÍTIMA,2022,12,21,2,
2022-12-21,,Não informado,FINALIZADA,BARRO,AV DR JOSE RUFINO,Não informado,EM FRENTE A ENTRADA DE JARDIM UCHOA,BARRO,CIDADE,COLISÃO LATERAL,Não informado,1.0,1.0,0.0,0.0,0.0,0.0,0.0,0.0,0.0,2.0,0.0,Esquina,Bom,Sem defeito,Incompleta,Seca,Mal conservada,Faixa de pedestre,Não há placas,60.0,Dupla,Não existe,COM VÍTIMA,2022,12,21,2,
2022-12-22,,Não informado,FINALIZADA,CASA AMARELA,AV NORTE MIGUEL ARRAES DE ALENCAR,RUA BONITO DE SANTA FE,"PROX. A MATERNIDADE BARROS LIMA, SENT. CIDADE",CASA AMARELA,CIDADE,COLISÃO COM CICLISTA,Não informado,0.0,0.0,0.0,1.0,0.0,1.0,0.0,0.0,0.0,1.0,0.0,Longo da via,Nublado,Sem defeito,Perfeito estado,Seca,Não informado,Não informado,Outras,60.0,Única,Canteiro central,COM VÍTIMA,2022,12,22,3,
2022-12-22,,Não informado,FINALIZADA,IPSEP,RUA MANOEL BEKMANN,RUA ALEXANDRE ALMEIDA,PROX. A PRAÇA DO IPSEP,IPSEP,Não informado,COLISÃO FRONTAL,Não informado,1.0,1.0,0.0,0.0,0.0,0.0,0.0,0.0,0.0,1.0,0.0,Longo da via,Bom,Não existe,Não existente,Seca,Não informado,Não existe,Não há placas,60.0,Dupla,Não existe,COM VÍTIMA,2022,12,22,3,
2022-12-22,,Não informado,FINALIZADA,ILHA DO LEITE,RUA FRANCISCO ALVES,Não informado,PROX. AO HOSPITAL ESPERANÇA,ILHA DO LEITE,CIDADE,COLISÃO LATERAL,Não informado,1.0,1.0,0.0,0.0,0.0,0.0,0.0,0.0,0.0,1.0,0.0,Longo da via,Bom,Não existe,Perfeito estado,Seca,Perfeito estado,Não existe,Não há placas,40.0,Dupla,Faixa contínua,COM VÍTIMA,2022,12,22,3,
2022-12-22,,Não informado,FINALIZADA,DERBY,PRC DO DERBY,AV GOVERNADOR AGAMENON MAGALHAES,PRÓX. AO BRADESCO,DERBY,Não informado,COLISÃO LATERAL,Não informado,0.0,1.0,0.0,0.0,0.0,1.0,0.0,0.0,0.0,1.0,0.0,Cruzamento,Bom,Sem defeito,Perfeito estado,Seca,Perfeito estado,Agente,Outras,60.0,Única,Faixa seccionada,COM VÍTIMA,2022,12,22,3,
2022-12-22,,Não informado,FINALIZADA,BAIRRO DO RECIFE,RUA DA AURORA,RUA PRINCESA IZABEL,EM FRENTE A DELEGACIA DA POLÍCIA CIVIL.,BAIRRO DO RECIFE,Não informado,COLISÃO FRONTAL,Não informado,1.0,1.0,0.0,0.0,0.0,0.0,0.0,0.0,0.0,1.0,0.0,Cruzamento,Bom,Sem defeito,Perfeito estado,Seca,Perfeito estado,Faixa de retenção,Não há placas,60.0,Única,Não existe,COM VÍTIMA,2022,12,22,3,
2022-12-22,,Não informado,FINALIZADA,CAMPO GRANDE,EST DE BELEM,Não informado,EM FRENTE AO RESTAURANTE PASSIRA,CAMPO GRANDE,Não informado,COLISÃO FRONTAL,Não informado,1.0,1.0,0.0,0.0,0.0,0.0,0.0,0.0,0.0,1.0,0.0,Cruzamento,Bom,Sem defeito,Perfeito estado,Seca,Perfeito estado,Não informado,R-6a,60.0,Dupla,Faixa contínua,COM VÍTIMA,2022,12,22,3,
2022-12-22,,Não informado,FINALIZADA,AREIAS,RUA IPOJUCA,Não informado,AO LADO DA ESCOLA MUNICIPAL DE AREIAS,AREIAS,Não informado,COLISÃO FRONTAL,Não informado,1.0,1.0,0.0,0.0,0.0,0.0,0.0,0.0,0.0,1.0,0.0,Cruzamento,Bom,Não existe,Incompleta,Seca,Mal conservada,Não existe,"Placas ""Pare""",30.0,Dupla,Não existe,COM VÍTIMA,2022,12,22,3,
2022-12-22,,Não informado,FINALIZADA,BOA VIAGEM,RUA ANTONIO FALCAO,Não informado,EM FRENTE A PARQUE DO TRIGO DELICATESSEN,BOA VIAGEM,Não informado,COLISÃO LATERAL,Não informado,1.0,1.0,0.0,0.0,0.0,0.0,0.0,0.0,0.0,1.0,0.0,Cruzamento,Bom,Não existe,Perfeito estado,Seca,Perfeito estado,Não existe,R-6a,60.0,Única,Faixa seccionada,COM VÍTIMA,2022,12,22,3,
2022-12-22,,Não informado,FINALIZADA,SANTO AMARO,RUA DO PRINCIPE,Não informado,UNIVERSIDADE CATÓLICA,SANTO AMARO,Não informado,COLISÃO FRONTAL,Não informado,1.0,1.0,0.0,0.0,0.0,0.0,0.0,0.0,0.0,1.0,0.0,Longo da via,Bom,Não existe,Perfeito estado,Seca,Perfeito estado,Não existe,Não há placas,60.0,Única,Faixa seccionada,COM VÍTIMA,2022,12,22,3,
2022-12-23,,Não informado,FINALIZADA,CASA AMARELA,RUA MAJOR NEREU GUERRA,RUA DR CARLOS MAVIGNIER,PROX. AO COLEGIO PADRE MACHADO,CASA AMARELA,Não informado,COLISÃO FRONTAL,Não informado,1.0,1.0,0.0,0.0,0.0,0.0,0.0,0.0,0.0,1.0,0.0,Cruzamento,Bom,Não existe,Não existente,Seca,Perfeito estado,Não existe,Não há placas,60.0,Dupla,Não existe,COM VÍTIMA,2022,12,23,4,
2022-12-23,,Não informado,CANCELADA,AREIAS,RUA CAMBUCA,Não informado,BOI QUENTE,AREIAS,Não informado,ATROPELAMENTO DE PESSOA,Não informado,0.0,0.0,0.0,0.0,1.0,1.0,0.0,0.0,0.0,1.0,0.0,Não informado,Não informado,Não informado,Não informado,Não informado,Não informado,Não informado,Não informado,60.0,Não informado,Não informado,COM VÍTIMA,2022,12,23,4,
2022-12-23,,Não informado,FINALIZADA,AFOGADOS,RUA COSME VIANA,Não informado,POR TRÁS DO NOVO ATACAREJO- SENTIDO IMBIRIBEIRA,AFOGADOS,Não informado,COLISÃO LATERAL,Não informado,1.0,1.0,0.0,0.0,0.0,0.0,0.0,0.0,0.0,1.0,0.0,Longo da via,Bom,Não existe,Perfeito estado,Seca,Perfeito estado,Não existe,Outras,60.0,Única,Não existe,COM VÍTIMA,2022,12,23,4,
2022-12-23,,Não informado,FINALIZADA,IPSEP,AV RECIFE,Não informado,NA ENTRADA DO IBURA DE BAIXO,IPSEP,Não informado,COLISÃO LATERAL,Não informado,1.0,1.0,0.0,0.0,0.0,0.0,0.0,0.0,0.0,1.0,0.0,Cruzamento,Bom,Sem defeito,Perfeito estado,Seca,Perfeito estado,Outros,Não há placas,60.0,Dupla,Canteiro central,COM VÍTIMA,2022,12,23,4,
2022-12-23,,Não informado,FINALIZADA,BONGI,EST DO BONGI,Não informado,AV. MANOEL GONÇALVES DA LIZ,BONGI,Não informado,QUEDA,Não informado,0.0,1.0,0.0,0.0,0.0,0.0,0.0,0.0,0.0,1.0,0.0,Esquina,Bom,Não existe,Perfeito estado,Seca,Perfeito estado,Faixa de pedestre,Outras,60.0,Dupla,Faixa contínua,COM VÍTIMA,2022,12,23,4,
2022-12-23,,Não informado,FINALIZADA,SÃO JOSÉ,RUA IMPERIAL,RUA BOM SUCESSO,PROXIMO AO COLEGIO JOAQUIM NABUCO,SÃO JOSÉ,SUBURBIO,COLISÃO TRANSVERSAL,Não informado,1.0,1.0,0.0,0.0,0.0,0.0,0.0,0.0,0.0,1.0,0.0,Cruzamento,Bom,Não existe,Não existente,Seca,Perfeito estado,Não existe,Não há placas,60.0,Única,Faixa seccionada,COM VÍTIMA,2022,12,23,4,
2022-12-24,,Não informado,FINALIZADA,VÁRZEA,AV AFONSO OLINDENSE,RUA DONA MARIA LACERDA,ESQUINA C/A RUA DONA MARIA LACERDA - ENTRADA PARA O 12º BATALHÃO DA PMPE,VÁRZEA,Não informado,COLISÃO LATERAL,Não informado,1.0,1.0,0.0,0.0,0.0,0.0,0.0,0.0,0.0,1.0,0.0,Longo da via,Bom,Não existe,Perfeito estado,Seca,Perfeito estado,Não existe,Não há placas,60.0,Dupla,Faixa contínua,COM VÍTIMA,2022,12,24,5,
2022-12-24,,Não informado,FINALIZADA,SANTO AMARO,AV GOVERNADOR AGAMENON MAGALHAES,AV DR JAYME DA FONTE,AV JAYME DA FONTE - PRÓXMO AO CAMPO DO 11 - SENTIDO OLINDA,SANTO AMARO,Não informado,COLISÃO TRASEIRA,Não informado,2.0,0.0,0.0,0.0,0.0,0.0,0.0,0.0,0.0,0.0,0.0,Não informado,Não informado,Não informado,Não informado,Não informado,Não informado,Não informado,Não informado,60.0,Não informado,Não informado,SEM VÍTIMA,2022,12,24,5,
2022-12-24,,Não informado,FINALIZADA,BOA VIAGEM,AV FERNANDO SIMOES BARBOSA,RUA JORGE COUCEIRO DA COSTA EIRAS,Não informado,BOA VIAGEM,SUBURBIO,CHOQUE,Não informado,1.0,0.0,0.0,0.0,0.0,0.0,0.0,0.0,0.0,0.0,0.0,Não informado,Chuvoso,Não existe,Perfeito estado,Molhada,Perfeito estado,Não existe,Não há placas,60.0,Única,Faixa seccionada,SEM VÍTIMA,2022,12,24,5,
2022-12-24,,Não informado,FINALIZADA,BOA VIAGEM,AV ENGENHEIRO DOMINGOS FERREIRA,Não informado,COM A RUA ANTONIO FALCÃO,BOA VIAGEM,Não informado,COLISÃO LATERAL,Não informado,2.0,0.0,0.0,0.0,0.0,0.0,0.0,0.0,0.0,1.0,0.0,Cruzamento,Bom,Sem defeito,Perfeito estado,Seca,Perfeito estado,Faixa de pedestre,R-6a,60.0,Única,Faixa seccionada,COM VÍTIMA,2022,12,24,5,