data,hora,natureza_acidente,situacao,bairro,endereco,detalhe_endereco_acidente,complemento,bairro_cruzamento,sentido_via,tipo,descricao,auto,moto,ciclom,ciclista,pedestre,onibus,caminhao,viatura,outros,vitimas,vitimasfatais,acidente_verificado,tempo_clima,situacao_semaforo,sinalizacao,condicao_via,conservacao_via,ponto_controle,situacao_placa,velocidade_max_via,mao_direcao,divisao_via1,natureza,ano,mes,dia,dia_semana,hora_ocorrencia
2022-12-24,,Não informado,FINALIZADA,BEBERIBE,AV BEBERIBE,Não informado,OFICINA SÃO MARCOS,BEBERIBE,Não informado,COLISÃO LATERAL,Não informado,1.0,1.0,0.0,0.0,0.0,0.0,0.0,0.0,0.0,1.0,0.0,Esquina,Bom,Não existe,Perfeito estado,Seca,Perfeito estado,Faixa de pedestre,Outras,60.0,Dupla,Faixa contínua,COM VÍTIMA,2022,12,24,5,
2022-12-24,,Não informado,FINALIZADA,ILHA JOANA BEZERRA,VDO PAPA JOAO PAULO II,Não informado,"NA DESCIDA DO VIADUTO APOS A PASSARELA, SENT. BOA VIAGEM",ILHA JOANA BEZERRA,Não informado,COLISÃO TRASEIRA,Não informado,1.0,1.0,0.0,0.0,0.0,0.0,0.0,0.0,0.0,1.0,0.0,Longo da via,Bom,Não existe,Ilegível,Seca,Mal conservada,Não existe,Não há placas,60.0,Dupla,Faixa contínua,COM VÍTIMA,2022,12,24,5,
2022-12-24,,Não informado,FINALIZADA,SANTO AMARO,AV JOAO DE BARROS,Não informado,PG ALTO POSTO,SANTO AMARO,Não informado,COLISÃO LATERAL,Não informado,1.0,1.0,0.0,0.0,0.0,0.0,0.0,0.0,0.0,2.0,0.0,Cruzamento,Nublado,Sem defeito,Perfeito estado,Seca,Perfeito estado,Faixa de pedestre,Outras,60.0,Única,Faixa seccionada,COM VÍTIMA,2022,12,24,5,
2022-12-24,,Não informado,FINALIZADA,BOA VIAGEM,RUA RIBEIRO DE BRITO,Não informado,E/F AO POSTO BR,BOA VIAGEM,Não informado,COLISÃO FRONTAL,Não informado,1.0,1.0,0.0,0.0,0.0,0.0,0.0,0.0,0.0,1.0,0.0,Cruzamento,Bom,Não existe,Perfeito estado,Seca,Perfeito estado,Faixa de pedestre,"Placas ""Pare""",60.0,Dupla,Faixa contínua,COM VÍTIMA,2022,12,24,5,
2022-12-24,,Não informado,FINALIZADA,MACAXEIRA,AV NORTE MIGUEL ARRAES DE ALENCAR,Não informado,PATIO URBANO DA MACAXEIRA,MACAXEIRA,Não informado,COLISÃO LATERAL,Não informado,0.0,2.0,0.0,0.0,0.0,0.0,0.0,0.0,0.0,2.0,0.0,Esquina,Bom,Sem defeito,Perfeito estado,Seca,Perfeito estado,Faixa de pedestre,R-6a,60.0,Dupla,Faixa seccionada,COM VÍTIMA,2022,12,24,5,
2022-12-24,,Não informado,FINALIZADA,BOA VIAGEM,AV CONSELHEIRO AGUIAR,Não informado,E/F AO MERCADO DE BOA VIAGEM SUPER BONPREÇO,BOA VIAGEM,Não informado,QUEDA,Não informado,0.0,1.0,0.0,0.0,0.0,0.0,0.0,0.0,0.0,1.0,0.0,Longo da via,Bom,Não existe,Perfeito estado,Seca,Perfeito estado,Não existe,R-6a,60.0,Única,Faixa seccionada,COM VÍTIMA,2022,12,24,5,
2022-12-25,,Não informado,FINALIZADA,IBURA,RUA RIO XINGU,Não informado,EM FRENTE AO Nº 115,IBURA,SUBURBIO,COLISÃO FRONTAL,Não informado,0.0,1.0,0.0,0.0,0.0,0.0,0.0,1.0,0.0,0.0,0.0,Longo da via,Bom,Não existe,Não existente,Seca,Mal conservada,Não existe,Não há placas,60.0,Dupla,Não existe,SEM VÍTIMA,2022,12,25,6,
2022-12-25,,Não informado,FINALIZADA,AREIAS,AV RECIFE,Não informado,EM FRENTE AO BOMPREÇO,AREIAS,CAXANGA,COLISÃO TRASEIRA,Não informado,1.0,1.0,0.0,0.0,0.0,0.0,0.0,0.0,0.0,1.0,0.0,Longo da via,Bom,Sem defeito,Perfeito estado,Seca,Perfeito estado,Faixa de pedestre,Não há placas,60.0,Dupla,Faixa contínua,COM VÍTIMA,2022,12,25,6,
2022-12-25,,Não informado,FINALIZADA,IBURA,RUA VALE DO ITAJAI,Não informado,EM FRENTE A PRAÇA DA UR-5,IBURA,Não informado,COLISÃO TRANSVERSAL,Não informado,1.0,1.0,0.0,0.0,0.0,0.0,0.0,0.0,0.0,2.0,0.0,Longo da via,Bom,Não existe,Incompleta,Seca,Perfeito estado,Não existe,Não há placas,60.0,Inglesa,Não existe,COM VÍTIMA,2022,12,25,6,
2022-12-25,,Não informado,FINALIZADA,Não informado,RUA LOURDES MARIA WANDERLEY PONTES,Não informado,APÓS A IGREJA ASSEMBLEIA DE DEUS,Não informado,Não informado,Não informado,Não informado,0.0,1.0,0.0,0.0,0.0,0.0,0.0,1.0,0.0,0.0,0.0,Longo da via,Bom,Não existe,Não existente,Seca,Mal conservada,Não existe,Não há placas,60.0,Dupla,Não existe,SEM VÍTIMA,2022,12,25,6,
2022-12-26,,Não informado,FINALIZADA,IMBIRIBEIRA,AV MARECHAL MASCARENHAS DE MORAES,Não informado,LADO OPOSTO AO DER,IMBIRIBEIRA,SUBURBIO,CHOQUE,Não informado,1.0,0.0,0.0,0.0,0.0,0.0,0.0,0.0,0.0,0.0,0.0,Longo da via,Bom,Não existe,Perfeito estado,Seca,Perfeito estado,Não existe,Outras,60.0,Única,Faixa seccionada,SEM VÍTIMA,2022,12,26,0,
2022-12-26,,Não informado,FINALIZADA,SÃO JOSÉ,AV SUL,Não informado,"PROX A EMPRESA DE ONIBUS MIL E DOIS, AO LADO DA PRAÇA SÉRGIO LORETO",SÃO JOSÉ,Não informado,COLISÃO LATERAL,Não informado,1.0,1.0,0.0,0.0,0.0,0.0,0.0,0.0,0.0,1.0,0.0,Longo da via,Bom,Sem defeito,Perfeito estado,Seca,Perfeito estado,Outros,Não há placas,60.0,Única,Faixa contínua,COM VÍTIMA,2022,12,26,0,
2022-12-26,,Não informado,FINALIZADA,CASA AMARELA,AV NORTE MIGUEL ARRAES DE ALENCAR,RUA BELA VISTA,EM FRENTE AO RESTAURANTE O REI DA PICANHA,CASA AMARELA,CIDADE,COLISÃO LATERAL,Não informado,1.0,1.0,0.0,0.0,0.0,0.0,0.0,0.0,0.0,1.0,0.0,Cruzamento,Bom,Sem defeito,Perfeito estado,Seca,Mal conservada,Faixa de pedestre,Outras,60.0,Dupla,Canteiro central,COM VÍTIMA,2022,12,26,0,
2022-12-26,,Não informado,FINALIZADA,TAMARINEIRA,AV CONS ROSA E SILVA,RUA CONEGO BARATA,PROX. A CASA JOSE ARAUJO,TAMARINEIRA,Não informado,COLISÃO TRASEIRA,Não informado,1.0,0.0,0.0,0.0,0.0,1.0,0.0,0.0,0.0,2.0,0.0,Cruzamento,Bom,Sem defeito,Perfeito estado,Seca,Perfeito estado,Outros,R-4a,60.0,Única,Canteiro central,COM VÍTIMA,2022,12,26,0,
2022-12-26,,Não informado,FINALIZADA,BEBERIBE,AV BEBERIBE,Não informado,EM FRENTE A PIZZARIA DO CHICÃO,BEBERIBE,SUBURBIO,COLISÃO FRONTAL,Não informado,1.0,1.0,0.0,0.0,0.0,0.0,0.0,0.0,0.0,1.0,0.0,Longo da via,Bom,Não existe,Perfeito estado,Seca,Perfeito estado,Não existe,Não há placas,60.0,Dupla,Faixa contínua,COM VÍTIMA,2022,12,26,0,
2022-12-26,,Não informado,FINALIZADA,TOTÓ,AV LIBERDADE,Não informado,EM FRENTE AO PARQUE DAS FLORES,TOTÓ,Não informado,ATROPELAMENTO DE PESSOA,Não informado,0.0,0.0,0.0,0.0,1.0,1.0,0.0,0.0,0.0,1.0,0.0,Longo da via,Bom,Não existe,Perfeito estado,Seca,Perfeito estado,Não existe,R-6a,60.0,Dupla,Não existe,COM VÍTIMA,2022,12,26,0,
2022-12-27,,Não informado,CANCELADA,BOA VIAGEM,AV HERCULANO BANDEIRA,Não informado,AV. DOMINGOS FERREIRA,BOA VIAGEM,Não informado,COLISÃO TRASEIRA,Não informado,0.0,2.0,0.0,0.0,0.0,0.0,0.0,0.0,0.0,1.0,0.0,Não informado,Não informado,Não informado,Não informado,Não informado,Não informado,Não informado,Não informado,60.0,Não informado,Não informado,COM VÍTIMA,2022,12,27,1,
2022-12-27,,Não informado,CANCELADA,IMBIRIBEIRA,RUA ARQUITETO LUIZ NUNES,RUA PROCURADOR GALBA DE ALMEIDA MATOS,EM FRENTE À GURI CONSTRUÇÃO / PRÓX. AO ARMAZÉM DA PIZZA,IMBIRIBEIRA,Não informado,COLISÃO FRONTAL,Não informado,1.0,1.0,0.0,0.0,0.0,0.0,0.0,0.0,0.0,1.0,0.0,Não informado,Não informado,Não informado,Não informado,Não informado,Não informado,Não informado,Não informado,60.0,Não informado,Não informado,COM VÍTIMA,2022,12,27,1,
2022-12-27,,Não informado,FINALIZADA,BOA VIAGEM,AV ENGENHEIRO DOMINGOS FERREIRA,Não informado,POSTO BR,BOA VIAGEM,SUBURBIO,COLISÃO TRASEIRA,Não informado,1.0,0.0,0.0,0.0,0.0,0.0,0.0,1.0,0.0,0.0,0.0,Não informado,Bom,Sem defeito,Perfeito estado,Seca,Perfeito estado,Não existe,Não há placas,60.0,Única,Canteiro central,SEM VÍTIMA,2022,12,27,1,
2022-12-27,,Não informado,FINALIZADA,MADALENA,AV VISCONDE DE ALBUQUERQUE,RUA LOPES DE CARVALHO,BAR MADALENA,MADALENA,Não informado,COLISÃO LATERAL,Não informado,1.0,1.0,0.0,0.0,0.0,0.0,0.0,0.0,0.0,1.0,0.0,Cruzamento,Bom,Não existe,Perfeito estado,Seca,Perfeito estado,Não existe,"Placas ""Pare""",60.0,Única,Não existe,COM VÍTIMA,2022,12,27,1,
2022-12-27,,Não informado,FINALIZADA,TORRE,RUA JOSE BONIFACIO,Não informado,CARREFOUR,TORRE,Não informado,COLISÃO LATERAL,Não informado,1.0,0.0,0.0,0.0,0.0,0.0,0.0,1.0,0.0,1.0,0.0,Longo da via,Bom,Sem defeito,Perfeito estado,Seca,Perfeito estado,Faixa de pedestre,Outras,60.0,Única,Canteiro central,COM VÍTIMA,2022,12,27,1,
2022-12-27,,Não informado,FINALIZADA,LINHA DO TIRO,RUA URIEL DE HOLANDA,Não informado,PRÓXIMO A UPINHA LINHA DO TIRO,LINHA DO TIRO,Não informado,Não informado,Não informado,1.0,0.0,0.0,0.0,0.0,0.0,1.0,0.0,0.0,0.0,0.0,Longo da via,Bom,Não informado,Perfeito estado,Seca,Perfeito estado,Não existe,Não há placas,60.0,Dupla,Não informado,SEM VÍTIMA,2022,12,27,1,
2022-12-27,,Não informado,FINALIZADA,CASA AMARELA,RUA PAULA BATISTA,Não informado,PROX A PRAÇA DO TRABALHO  E AO CENTRO ESPIRITA MOACIR,CASA AMARELA,Não informado,COLISÃO LATERAL,Não informado,2.0,0.0,0.0,0.0,0.0,0.0,0.0,0.0,0.0,1.0,0.0,Cruzamento,Bom,Não existe,Não existente,Seca,Perfeito estado,Não existe,Não há placas,60.0,Dupla,Não existe,COM VÍTIMA,2022,12,27,1,
2022-12-27,,Não informado,CANCELADA,CAMPO GRANDE,RUA ODORICO MENDES,Não informado,NA FRENTE DO CLUBE DAS PAES,CAMPO GRANDE,Não informado,COLISÃO FRONTAL,Não informado,1.0,1.0,0.0,0.0,0.0,0.0,0.0,0.0,0.0,1.0,0.0,Não informado,Não informado,Não informado,Não informado,Não informado,Não informado,Não informado,Não informado,60.0,Não informado,Não informado,COM VÍTIMA,2022,12,27,1,
2022-12-27,,Não informado,FINALIZADA,CASA FORTE,AV FLOR DE SANTANA,Não informado,EM FRENTE AO EDIFICIO MARIO SOPHIA,CASA FORTE,Não informado,COLISÃO LATERAL,Não informado,1.0,1.0,0.0,0.0,0.0,0.0,0.0,0.0,0.0,1.0,0.0,Longo da via,Bom,Não existe,Incompleta,Seca,Perfeito estado,Não existe,Não há placas,60.0,Dupla,Não existe,COM VÍTIMA,2022,12,27,1,
2022-12-27,,Não informado,FINALIZADA,ALTO JOSÉ BONIFÁCIO,RUA CORREGO DO EUCLIDES,Não informado,PRÓXIMO A ESCOLA MUN. CORREGO DO EUCLIDES,ALTO JOSÉ BONIFÁCIO,CIDADE,CHOQUE,Não informado,2.0,0.0,0.0,0.0,0.0,0.0,0.0,0.0,0.0,0.0,0.0,Longo da via,Chuvoso,Não existe,Não existente,Molhada,Mal conservada,Não existe,Não há placas,60.0,Dupla,Não existe,SEM VÍTIMA,2022,12,27,1,
2022-12-27,,Não informado,FINALIZADA,JORDÃO,RUA DR ALVARO FERRAZ,RUA JOSE MARTORANO,PROX AO TERMINAL DE JORDÃO DE BAIXO,JORDÃO,Não informado,COLISÃO FRONTAL,Não informado,1.0,1.0,0.0,0.0,0.0,0.0,0.0,0.0,0.0,0.0,0.0,Não informado,Não informado,Não informado,Não informado,Não informado,Não informado,Não informado,Não informado,60.0,Não informado,Não informado,SEM VÍTIMA,2022,12,27,1,
2022-12-27,,Não informado,FINALIZADA,IMBIRIBEIRA,VIADUTO TANCREDO NEVES,Não informado,DESCIDA DO VIATUTO - SENTIDO RUA ERNESTO DE PAULA SANTOS - PRÓXIMO A ENTRADA DO ATACADÃO,IMBIRIBEIRA,Não informado,COLISÃO TRASEIRA,Não informado,1.0,1.0,0.0,0.0,0.0,0.0,0.0,0.0,0.0,1.0,0.0,Longo da via,Bom,Não existe,Perfeito estado,Seca,Perfeito estado,Não existe,Não há placas,60.0,Única,Faixa seccionada,COM VÍTIMA,2022,12,27,1,
2022-12-28,,Não informado,FINALIZADA,Não informado,RUA SANTA RITA,Não informado,EM FRENTE A SANTA RITA PESCADOS,Não informado,CIDADE,COLISÃO TRASEIRA,Não informado,2.0,0.0,0.0,0.0,0.0,0.0,0.0,0.0,0.0,0.0,0.0,Longo da via,Bom,Não existe,Perfeito estado,Seca,Perfeito estado,Não existe,Não há placas,60.0,Única,Não existe,SEM VÍTIMA,2022,12,28,2,
2022-12-28,,Não informado,FINALIZADA,BOMBA DO HEMETÉRIO,RUA CHA DE ALEGRIA,Não informado,E/F AO ARMAZEM CARVALHO,BOMBA DO HEMETÉRIO,Não informado,COLISÃO COM CICLISTA,Não informado,0.0,0.0,0.0,1.0,0.0,1.0,0.0,0.0,0.0,1.0,0.0,Esquina,Bom,Não existe,Perfeito estado,Seca,Perfeito estado,Não existe,"Placas ""Pare""",60.0,Dupla,Não existe,COM VÍTIMA,2022,12,28,2,
2022-12-29,,Não informado,FINALIZADA,BOA VIAGEM,RUA CORONEL ANIZIO RODRIGUES COELHO,RUA RIBEIRO DE BRITO,PRÓXIMO AO VIADUTO,BOA VIAGEM,Não informado,COLISÃO FRONTAL,Não informado,0.0,0.0,0.0,0.0,0.0,0.0,0.0,0.0,0.0,1.0,0.0,Cruzamento,Chuvoso,Sem defeito,Perfeito estado,Molhada,Perfeito estado,Faixa de pedestre,Não informado,60.0,Única,Faixa seccionada,COM VÍTIMA,2022,12,29,3,
2022-12-29,,Não informado,FINALIZADA,LINHA DO TIRO,RUA URIEL DE HOLANDA,Não informado,SEMÁFORO 641,LINHA DO TIRO,Não informado,Não informado,Não informado,1.0,0.0,0.0,0.0,0.0,0.0,1.0,0.0,0.0,0.0,0.0,Longo da via,Bom,Sem defeito,Ilegível,Seca,Mal conservada,Não existe,Não informado,30.0,Dupla,Não existe,SEM VÍTIMA,2022,12,29,3,
2022-12-29,,Não informado,CANCELADA,BOA VIAGEM,AV CONSELHEIRO AGUIAR,Não informado,EM FRENTE AO EMPRESARIAL ALACOQUE BEZERRA,BOA VIAGEM,Não informado,COLISÃO LATERAL,Não informado,1.0,1.0,0.0,0.0,0.0,0.0,0.0,0.0,0.0,1.0,0.0,Não informado,Não informado,Não informado,Não informado,Não informado,Não informado,Não informado,Não informado,60.0,Não informado,Não informado,COM VÍTIMA,2022,12,29,3,
2022-12-29,,Não informado,FINALIZADA,ENGENHO DO MEIO,RUA JOSE DOS SANTOS,Não informado,EM FRENTE AO TERMINAL DO ENGENHO DO MEIO,ENGENHO DO MEIO,Não informado,COLISÃO LATERAL,Não informado,2.0,0.0,0.0,0.0,0.0,0.0,0.0,0.0,0.0,1.0,0.0,Não informado,Não informado,Não informado,Não informado,Não informado,Não informado,Não informado,Não informado,60.0,Não informado,Não informado,COM VÍTIMA,2022,12,29,3,
2022-12-29,,Não informado,FINALIZADA,SANTO AMARO,RUA DOS PALMARES,Não informado,EM FRENTE AO PROCAPE,SANTO AMARO,Não informado,COLISÃO LATERAL,Não informado,1.0,1.0,0.0,0.0,0.0,0.0,0.0,0.0,0.0,2.0,0.0,Cruzamento,Bom,Sem defeito,Perfeito estado,Seca,Perfeito estado,Faixa de pedestre,Não informado,60.0,Única,Faixa seccionada,COM VÍTIMA,2022,12,29,3,
2022-12-29,,Não informado,FINALIZADA,MACAXEIRA,AV NORTE MIGUEL ARRAES DE ALENCAR,Não informado,EM FRENTE A FABRICA DA MACAXEIRA,MACAXEIRA,Não informado,COLISÃO FRONTAL,Não informado,1.0,1.0,0.0,0.0,0.0,0.0,0.0,0.0,0.0,1.0,0.0,Longo da via,Bom,Sem defeito,Perfeito estado,Seca,Perfeito estado,Não informado,Não informado,20.0,Dupla,Faixa contínua,COM VÍTIMA,2022,12,29,3,
2022-12-29,,Não informado,FINALIZADA,VÁRZEA,AV PROFESSOR ARTUR DE SA,Não informado,PROXIMO AO HOSPITAL DAS CLINICAS,VÁRZEA,Não informado,COLISÃO LATERAL,Não informado,1.0,1.0,0.0,0.0,0.0,0.0,0.0,0.0,0.0,1.0,0.0,Longo da via,Bom,Não existe,Perfeito estado,Seca,Perfeito estado,Não existe,Não há placas,60.0,Dupla,Faixa contínua,COM VÍTIMA,2022,12,29,3,
2022-12-29,,Não informado,FINALIZADA,MADALENA,AV CAXANGA,Não informado,EM FRENTE À FACULDADE SANTA HELENA,MADALENA,SUBURBIO,COLISÃO TRASEIRA,Não informado,1.0,1.0,0.0,0.0,0.0,0.0,0.0,0.0,0.0,1.0,0.0,Longo da via,Bom,Não existe,Perfeito estado,Seca,Perfeito estado,Não existe,Outras,60.0,Dupla,Canteiro central,COM VÍTIMA,2022,12,29,3,
2022-12-29,,Não informado,CANCELADA,AREIAS,AV RECIFE,Não informado,CLINICA OK DOUTOR,AREIAS,Não informado,QUEDA,Não informado,0.0,1.0,0.0,0.0,0.0,0.0,0.0,0.0,0.0,1.0,0.0,Não informado,Não informado,Não informado,Não informado,Não informado,Não informado,Não informado,Não informado,60.0,Não informado,Não informado,COM VÍTIMA,2022,12,29,3,
2022-12-29,,Não informado,FINALIZADA,CORDEIRO,AV CAXANGA,Não informado,EM FRENTE  A EXPOSIÇÃO DE ANIMAIS (LADO OPOSTO),CORDEIRO,CIDADE,COLISÃO TRASEIRA,Não informado,1.0,1.0,0.0,0.0,0.0,0.0,0.0,0.0,0.0,1.0,0.0,Não informado,Não informado,Não informado,Não informado,Não informado,Não informado,Não informado,Não informado,60.0,Não informado,Não informado,COM VÍTIMA,2022,12,29,3,
2022-12-29,,Não informado,FINALIZADA,IBURA,AV DOM HELDER CAMARA,Não informado,APÓS O SEMÁFORO Nº 016,IBURA,SUBURBIO,COLISÃO TRASEIRA,Não informado,2.0,0.0,0.0,0.0,0.0,0.0,0.0,0.0,0.0,0.0,0.0,Longo da via,Bom,Não existe,Perfeito estado,Seca,Perfeito estado,Outros,Não informado,60.0,Única,Faixa contínua,SEM VÍTIMA,2022,12,29,3,
2022-12-30,,Não informado,FINALIZADA,BEBERIBE,AV BEBERIBE,RUA DR EDUARDO WANDERLEY,PROX. A CASA DE FESTA ESTRELINHA KIDS,BEBERIBE,CIDADE,COLISÃO LATERAL,Não informado,1.0,1.0,0.0,0.0,0.0,0.0,0.0,0.0,0.0,2.0,0.0,Esquina,Bom,Sem defeito,Perfeito estado,Seca,Perfeito estado,Faixa de pedestre,R-19,60.0,Dupla,Faixa contínua,COM VÍTIMA,2022,12,30,4,
2022-12-30,,Não informado,FINALIZADA,SÃO JOSÉ,AV DANTAS BARRETO,RUA DO PEIXOTO,Não informado,SÃO JOSÉ,SUBURBIO,CHOQUE,Não informado,1.0,0.0,0.0,0.0,0.0,0.0,0.0,0.0,0.0,0.0,0.0,Longo da via,Bom,Sem defeito,Perfeito estado,Seca,Perfeito estado,Não existe,Não há placas,60.0,Dupla,Canteiro central,SEM VÍTIMA,2022,12,30,4,
2022-12-30,,Não informado,CANCELADA,ILHA DO RETIRO,RUA SPORT CLUBE DO RECIFE,Não informado,DE FRENTE AO CLUBE DO SPORT,ILHA DO RETIRO,Não informado,COLISÃO TRASEIRA,Não informado,1.0,1.0,0.0,0.0,0.0,0.0,0.0,0.0,0.0,1.0,0.0,Não informado,Não informado,Não informado,Não informado,Não informado,Não informado,Não informado,Não informado,60.0,Não informado,Não informado,COM VÍTIMA,2022,12,30,4,
2022-12-30,,Não informado,FINALIZADA,CASA AMARELA,RUA PADRE LEMOS,Não informado,EM FRENTE AS CASAS BAHIA,CASA AMARELA,SUBURBIO,ATROPELAMENTO DE PESSOA,Não informado,1.0,0.0,0.0,0.0,1.0,0.0,0.0,0.0,0.0,1.0,0.0,Longo da via,Bom,Não existe,Perfeito estado,Seca,Mal conservada,Não existe,Outras,60.0,Dupla,Não existe,COM VÍTIMA,2022,12,30,4,
2022-12-30,,Não informado,FINALIZADA,DERBY,RUA JORNALISTA PAULO BITTENCOURT,Não informado,MEDCENTER,DERBY,SUBURBIO,COLISÃO TRASEIRA,Não informado,1.0,0.0,0.0,0.0,0.0,0.0,0.0,1.0,0.0,0.0,0.0,Longo da via,Bom,Não existe,Perfeito estado,Seca,Perfeito estado,Não informado,Não informado,60.0,Não informado,Não informado,SEM VÍTIMA,2022,12,30,4,
2022-12-30,,Não informado,CANCELADA,CAMPO GRANDE,AV GOVERNADOR AGAMENON MAGALHAES,Não informado,EM FRENTE AO POSTO DE GASOLINA BR,CAMPO GRANDE,CIDADE,COLISÃO LATERAL,Não informado,0.0,1.0,0.0,0.0,0.0,0.0,0.0,1.0,0.0,0.0,0.0,Não informado,Não informado,Não informado,Não informado,Não informado,Não informado,Não informado,Não informado,60.0,Não informado,Não informado,SEM VÍTIMA,2022,12,30,4,
2022-12-30,,Não informado,FINALIZADA,PAISSANDU,PTE JOSE DE BARROS LIMA,Não informado,"SINISTRO COM UM CAMINHÃO  PLACA RHT5182 /NISSAN MRCH PLACA ISY1015, HOUVE ACORDO ENTRE AS PARTES , E SE COMPROMETERAM A FAZER  BATE PRONTO INFORMADO PO VINICIUS",PAISSANDU,SUBURBIO,COLISÃO LATERAL,Não informado,1.0,0.0,0.0,0.0,0.0,0.0,1.0,0.0,0.0,0.0,0.0,Não informado,Não informado,Não informado,Não informado,Não informado,Não informado,Não informado,Não informado,60.0,Não informado,Não informado,SEM VÍTIMA,2022,12,30,4,
2022-12-30,,Não informado,FINALIZADA,IBURA,AV DOIS RIOS,Não informado,PROX A FARMACIA PAGUE MENOS,IBURA,SUBURBIO,COLISÃO LATERAL,Não informado,1.0,1.0,0.0,0.0,0.0,0.0,0.0,0.0,0.0,1.0,0.0,Longo da via,Bom,Sem defeito,Ilegível,Seca,Perfeito estado,Faixa de pedestre,Não há placas,40.0,Dupla,Faixa contínua,COM VÍTIMA,2022,12,30,4,
2022-12-30,,Não informado,CANCELADA,IBURA,AV DOIS RIOS,Não informado,PRÓXIMO AO POSTO BR,IBURA,Não informado,COLISÃO FRONTAL,Não informado,1.0,1.0,0.0,0.0,0.0,0.0,0.0,0.0,0.0,1.0,0.0,Não informado,Não informado,Não informado,Não informado,Não informado,Não informado,Não informado,Não informado,60.0,Não informado,Não informado,COM VÍTIMA,2022,12,30,4,
2022-12-31,,Não informado,FINALIZADA,IMBIRIBEIRA,AV MARECHAL MASCARENHAS DE MORAES,Não informado,"EM FRENTE AO AEROPORTO, PARTE DESATIVADA",IMBIRIBEIRA,SUBURBIO,COLISÃO FRONTAL,Não informado,1.0,1.0,0.0,0.0,0.0,0.0,0.0,0.0,0.0,1.0,0.0,Longo da via,Bom,Não existe,Perfeito estado,Seca,Perfeito estado,Não existe,Não informado,60.0,Única,Faixa seccionada,COM VÍTIMA,2022,12,31,5,
2022-12-31,,Não informado,FINALIZADA,DERBY,PRC PROFESSOR AGEU MAGALHAES,Não informado,EM FRENTE AO  QUARTEL DO DERBY,DERBY,Não informado,COLISÃO FRONTAL,Não informado,0.0,1.0,0.0,0.0,0.0,1.0,0.0,0.0,0.0,2.0,0.0,Longo da via,Bom,Sem defeito,Perfeito estado,Seca,Perfeito estado,Faixa de pedestre,Não há placas,60.0,Única,Não informado,COM VÍTIMA,2022,12,31,5,
2022-12-31,,Não informado,FINALIZADA,BOA VISTA,AV GOVERNADOR AGAMENON MAGALHAES,RUA DR LEOPOLDO LINS,EM FRENTE A CAIXA ENONOMICA FEDERAL,BOA VISTA,SUBURBIO,Não informado,Não informado,1.0,0.0,0.0,0.0,0.0,0.0,0.0,1.0,0.0,0.0,0.0,Cruzamento,Bom,Sem defeito,Perfeito estado,Seca,Perfeito estado,Não existe,Não há placas,60.0,Única,Canteiro central,SEM VÍTIMA,2022,12,31,5,
2022-12-31,,Não informado,FINALIZADA,CABANGA,AV SATURNINO DE BRITO,Não informado,EM FRENTE A COMPESA/ SENTIDO BOA VIAGEM,CABANGA,SUBURBIO,COLISÃO LATERAL,Não informado,1.0,1.0,0.0,0.0,0.0,0.0,0.0,0.0,0.0,1.0,0.0,Longo da via,Bom,Sem defeito,Perfeito estado,Seca,Perfeito estado,Faixa de pedestre,R-19,60.0,Única,Faixa seccionada,COM VÍTIMA,2022,12,31,5,
2022-12-31,,Não informado,FINALIZADA,CABANGA,VIADUTO CAPITAO TEMUDO,Não informado,PROX AO CABAGA IATE CLUB,CABANGA,SUBURBIO,COLISÃO TRANSVERSAL,Não informado,0.0,2.0,0.0,0.0,0.0,0.0,0.0,0.0,0.0,3.0,0.0,Longo da via,Chuvoso,Não existe,Perfeito estado,Molhada,Perfeito estado,Não existe,Não há placas,60.0,Dupla,Faixa seccionada,COM VÍTIMA,2022,12,31,5,
2022-12-31,,Não informado,CANCELADA,LINHA DO TIRO,RUA ALTO DO TIRO,Não informado,"AO DO CAMPO DO CAFÉ ,",LINHA DO TIRO,Não informado,COLISÃO LATERAL,Não informado,1.0,1.0,0.0,0.0,0.0,0.0,0.0,0.0,0.0,0.0,0.0,Não informado,Não informado,Não informado,Não informado,Não informado,Não informado,Não informado,Não informado,60.0,Não informado,Não informado,SEM VÍTIMA,2022,12,31,5,